0.000000 0.000000
0.005001 0.007377
0.010002 -0.008609
0.015003 -0.004366
0.020004 0.005529
0.025005 0.005419
0.030006 -0.004823
0.035007 -0.007018
0.040008 0.007541
0.045009 0.004432
0.050010 -0.005609
0.055011 -0.005811
0.060012 0.005291
0.065013 0.007065
0.070014 -0.007073
0.075015 -0.005317
0.080016 0.005584
0.085017 0.006443
0.090018 -0.005701
0.095019 -0.007457
0.100020 0.007285
0.105021 0.004797
0.110022 -0.006689
0.115023 -0.005555
0.120024 0.005053
0.125025 0.007047
0.130026 -0.007036
0.135027 -0.007055
0.140028 0.008162
0.145029 0.005291
0.150030 -0.007475
0.155031 -0.004604
0.160032 0.005730
0.165033 0.006425
0.170034 -0.005647
0.175035 -0.006159
0.180036 0.006370
0.185037 0.005528
0.190038 -0.006012
0.195039 -0.007183
0.200040 0.008546
0.205041 0.006004
0.210042 -0.008482
0.215043 -0.004824
0.220044 0.005181
0.225045 0.006004
0.230046 -0.006324
0.235047 -0.005793
0.240048 0.006955
0.245049 0.004522
0.250050 -0.006031
0.255051 -0.005482
0.260052 0.004925
0.265053 0.006132
0.270054 -0.006744
0.275055 -0.005556
0.280056 0.006863
0.285057 0.004156
0.290058 -0.005885
0.295059 -0.006708
0.300060 0.007101
0.305061 0.007174
0.310062 -0.007494
0.315063 -0.005263
0.320064 0.006881
0.325065 0.005436
0.330066 -0.007147
0.335067 -0.005684
0.340068 0.006534
0.345069 0.006150
0.350070 -0.007129
0.355071 -0.006233
0.360072 0.007558
0.365073 0.005747
0.370074 -0.005739
0.375075 -0.006397
0.380076 0.006058
0.385077 0.006479
0.390078 -0.008117
0.395079 -0.005520
0.400080 0.007393
0.405081 0.005729
0.410082 -0.006324
0.415083 -0.006434
0.420084 0.006405
0.425085 0.004960
0.430086 -0.005611
0.435087 -0.006398
0.440088 0.006515
0.445089 0.006643
0.450090 -0.007989
0.455091 -0.003636
0.460092 0.003991
0.465093 0.006515
0.470094 -0.004605
0.475095 -0.009050
0.480096 0.008838
0.485097 0.005216
0.490098 -0.007440
0.495099 -0.005300
0.500100 0.007027
0.505101 0.006350
0.510102 -0.006983
0.515103 -0.005447
0.520104 0.004009
0.525105 0.007191
0.530106 -0.005648
0.535107 -0.006544
0.540108 0.008051
0.545109 0.004558
0.550110 -0.006910
0.555111 -0.005667
0.560112 0.006478
0.565113 0.006295
0.570114 -0.006874
0.575115 -0.006252
0.580116 0.007081
0.585117 0.005198
0.590118 -0.007276
0.595119 -0.006600
0.600120 0.007026
0.605121 0.006459
0.610122 -0.008941
0.615123 -0.004496
0.620124 0.006240
0.625125 0.005088
0.630126 -0.004716
0.635127 -0.007880
0.640128 0.006057
0.645129 0.006441
0.650130 -0.007130
0.655131 -0.006838
0.660132 0.007849
0.665133 0.006843
0.670134 -0.009179
0.675135 -0.005466
0.680136 0.007447
0.685137 0.004319
0.690138 -0.008063
0.695139 -0.004844
0.700140 0.007556
0.705141 0.004776
0.710142 -0.006216
0.715143 -0.005393
0.720144 0.006642
0.725145 0.005087
0.730146 -0.006490
0.735147 -0.004844
0.740148 0.006276
0.745149 0.005051
0.750150 -0.006564
0.755151 -0.004296
0.760152 0.005819
0.765153 0.005563
0.770154 -0.006198
0.775155 -0.006911
0.780156 0.007556
0.785157 0.005581
0.790158 -0.006509
0.795159 -0.005686
0.800160 0.006440
0.805161 0.006056
0.810162 -0.006655
0.815163 -0.005210
0.820164 0.005160
0.825165 0.006696
0.830166 -0.006527
0.835167 -0.007094
0.840168 0.007611
0.845169 0.005782
0.850170 -0.006546
0.855171 -0.005467
0.860172 0.007172
0.865173 0.005635
0.870174 -0.007369
0.875175 -0.005266
0.880176 0.007647
0.885177 0.005050
0.890178 -0.007168
0.895179 -0.005229
0.900180 0.007153
0.905181 0.006294
0.910182 -0.008979
0.915183 -0.005979
0.920184 0.009366
0.925185 0.004757
0.930186 -0.007296
0.935187 -0.004681
0.940188 0.007793
0.945189 0.004062
0.950190 -0.007223
0.955191 -0.003876
0.960192 0.005946
0.965193 0.006129
0.970194 -0.008375
0.975195 -0.004297
0.980196 0.008287
0.985197 0.003477
0.990198 -0.006455
0.995199 -0.004150
1.000200 0.006769
1.005201 0.004025
1.010202 -0.005156
1.015203 -0.005028
1.020204 0.006988
1.025205 0.005342
1.030206 -0.008010
1.035207 -0.005760
1.040208 0.008012
1.045209 0.005817
1.050210 -0.009180
1.055211 -0.003821
1.060212 0.007665
1.065213 0.004500
1.070214 -0.005907
1.075215 -0.005998
1.080216 0.006677
1.085217 0.007207
1.090218 -0.007845
1.095219 -0.006730
1.100220 0.007756
1.105221 0.005689
1.110222 -0.006949
1.115223 -0.006547
1.120224 0.007061
1.125225 0.004829
1.130226 -0.006785
1.135228 -0.003932
1.140229 0.005872
1.145230 0.005671
1.150231 -0.007096
1.155232 -0.005194
1.160233 0.007884
1.165234 0.005561
1.170235 -0.007882
1.175236 -0.005175
1.180237 0.008560
1.185238 0.003128
1.190239 -0.007279
1.195240 -0.005230
1.200241 0.007682
1.205242 0.006713
1.210243 -0.008029
1.215244 -0.004206
1.220245 0.007207
1.225246 0.005396
1.230247 -0.007206
1.235248 -0.004828
1.240249 0.008359
1.245250 0.003969
1.250251 -0.006127
1.255252 -0.005212
1.260253 0.005359
1.265254 0.007060
1.270255 -0.007243
1.275256 -0.006420
1.280257 0.008615
1.285258 0.004024
1.290259 -0.007352
1.295260 -0.003146
1.300261 0.006164
1.305262 0.004646
1.310263 -0.006804
1.315264 -0.005597
1.320265 0.007115
1.325266 0.007243
1.330267 -0.006950
1.335268 -0.006347
1.340269 0.007956
1.345270 0.004207
1.350271 -0.006146
1.355272 -0.004170
1.360273 0.006328
1.365274 0.005286
1.370275 -0.007097
1.375276 -0.005067
1.380277 0.008230
1.385278 0.005889
1.390279 -0.008011
1.395280 -0.005597
1.400281 0.006822
1.405282 0.006090
1.410283 -0.007609
1.415284 -0.004701
1.420285 0.007590
1.425286 0.004096
1.430287 -0.005524
1.435288 -0.005725
1.440289 0.007315
1.445290 0.005468
1.450291 -0.007664
1.455292 -0.003659
1.460293 0.006511
1.465294 0.005523
1.470295 -0.006256
1.475296 -0.006073
1.480297 0.008321
1.485298 0.005870
1.490299 -0.008725
1.495300 -0.005140
1.500301 0.007407
1.505302 0.004773
1.510303 -0.006622
1.515304 -0.005616
1.520305 0.008230
1.525306 0.005669
1.530307 -0.007792
1.535308 -0.003970
1.540309 0.006967
1.545310 0.005651
1.550311 -0.006787
1.555312 -0.005232
1.560313 0.006913
1.565314 0.005486
1.570315 -0.005909
1.575316 -0.005909
1.580317 0.007205
1.585318 0.005065
1.590319 -0.007006
1.595320 -0.004555
1.600321 0.007242
1.605322 0.005138
1.610323 -0.007592
1.615324 -0.003257
1.620325 0.007918
1.625326 0.003693
1.630327 -0.006915
1.635328 -0.005031
1.640329 0.007369
1.645330 0.006181
1.650331 -0.008396
1.655332 -0.005360
1.660333 0.007150
1.665334 0.004608
1.670335 -0.005342
1.675336 -0.006129
1.680337 0.006491
1.685338 0.005138
1.690339 -0.007244
1.695340 -0.003623
1.700341 0.006967
1.705342 0.004461
1.710343 -0.006806
1.715344 -0.004519
1.720345 0.005705
1.725346 0.006400
1.730347 -0.006952
1.735348 -0.004922
1.740349 0.009107
1.745350 0.001278
1.750351 -0.005343
1.755352 -0.003056
1.760353 0.005394
1.765354 0.007259
1.770355 -0.007812
1.775356 -0.005306
1.780357 0.006930
1.785358 0.005009
1.790359 -0.005343
1.795360 -0.006806
1.800361 0.008210
1.805362 0.006052
1.810363 -0.009330
1.815364 -0.003880
1.820365 0.006930
1.825366 0.004131
1.830367 -0.006678
1.835368 -0.004904
1.840369 0.007734
1.845370 0.004223
1.850371 -0.007135
1.855372 -0.005288
1.860373 0.006545
1.865374 0.006271
1.870375 -0.007684
1.875376 -0.005855
1.880377 0.007679
1.885378 0.006289
1.890379 -0.007977
1.895380 -0.006441
1.900381 0.009088
1.905382 0.005594
1.910383 -0.007392
1.915384 -0.005197
1.920385 0.007862
1.925386 0.005576
1.930387 -0.009312
1.935388 -0.004411
1.940389 0.009197
1.945390 0.003966
1.950391 -0.007575
1.955392 -0.004319
1.960393 0.007277
1.965394 0.005265
1.970395 -0.008050
1.975396 -0.003752
1.980397 0.006856
1.985398 0.005210
1.990399 -0.006075
1.995400 -0.006404
2.000401 0.009105
2.005402 0.005191
2.010403 -0.007520
2.015404 -0.005142
2.020405 0.007916
2.025406 0.005411
2.030407 -0.006752
2.035408 -0.004758
2.040409 0.004716
2.045410 0.006947
2.050411 -0.007465
2.055412 -0.004448
2.060413 0.009014
2.065414 0.003819
2.070415 -0.007319
2.075416 -0.004722
2.080417 0.007861
2.085418 0.004697
2.090419 -0.005710
2.095420 -0.005143
2.100421 0.007093
2.105422 0.005392
2.110423 -0.008435
2.115424 -0.003204
2.120425 0.007642
2.125426 0.002703
2.130427 -0.006094
2.135428 -0.004027
2.140429 0.005429
2.145430 0.006380
2.150431 -0.008069
2.155432 -0.005271
2.160433 0.008958
2.165434 0.003343
2.170435 -0.006990
2.175436 -0.005216
2.180437 0.007587
2.185438 0.005556
2.190439 -0.008344
2.195440 -0.003863
2.200441 0.006745
2.205442 0.004203
2.210443 -0.007173
2.215444 -0.004156
2.220445 0.009452
2.225446 0.002996
2.230447 -0.007741
2.235448 -0.004229
2.240449 0.007111
2.245450 0.005702
2.250451 -0.009332
2.255452 -0.004448
2.260453 0.008885
2.265454 0.003800
2.270455 -0.008582
2.275456 -0.003278
2.280457 0.008354
2.285458 0.001953
2.290459 -0.007229
2.295460 -0.002857
2.300461 0.007879
2.305462 0.003727
2.310463 -0.008180
2.315464 -0.003790
2.320465 0.007787
2.325466 0.005976
2.330467 -0.008070
2.335468 -0.005162
2.340469 0.007129
2.345470 0.003946
2.350471 -0.006406
2.355472 -0.005052
2.360473 0.008866
2.365474 0.004641
2.370475 -0.008034
2.375476 -0.005235
2.380477 0.007476
2.385478 0.005354
2.390479 -0.009369
2.395480 -0.002785
2.400481 0.006763
2.405482 0.003836
2.410483 -0.006809
2.415484 -0.006223
2.420485 0.009195
2.425486 0.004184
2.430487 -0.007650
2.435488 -0.004120
2.440489 0.007512
2.445490 0.005153
2.450491 -0.009314
2.455492 -0.003334
2.460493 0.008262
2.465494 0.002702
2.470495 -0.008126
2.475496 -0.003370
2.480497 0.008244
2.485498 0.003123
2.490499 -0.006589
2.495500 -0.004541
2.500501 0.007750
2.505502 0.005226
2.510503 -0.008985
2.515504 -0.003444
2.520505 0.006762
2.525506 0.003891
2.530507 -0.006809
2.535508 -0.004468
2.540509 0.008097
2.545510 0.003817
2.550511 -0.007394
2.555512 -0.004870
2.560513 0.008371
2.565514 0.004969
2.570515 -0.008492
2.575516 -0.004834
2.580517 0.008371
2.585518 0.005134
2.590519 -0.010120
2.595520 -0.003920
2.600521 0.009322
2.605522 0.003726
2.610523 -0.007852
2.615524 -0.004377
2.620525 0.007420
2.625526 0.004512
2.630527 -0.007120
2.635528 -0.004871
2.640529 0.008133
2.645530 0.004969
2.650531 -0.008529
2.655532 -0.003847
2.660533 0.007731
2.665534 0.003250
2.670535 -0.008419
2.675536 -0.002768
2.680537 0.009541
2.685538 0.002555
2.690539 -0.007852
2.695540 -0.003957
2.700541 0.008645
2.705542 0.004457
2.710543 -0.008383
2.715544 -0.003847
2.720545 0.006505
2.725546 0.006267
2.730547 -0.007926
2.735548 -0.006554
2.740549 0.008883
2.745550 0.004603
2.750551 -0.009480
2.755552 -0.003920
2.760553 0.009358
2.765554 0.003121
2.770555 -0.008090
2.775556 -0.004524
2.780557 0.008992
2.785558 0.004530
2.790559 -0.009609
2.795560 -0.003061
2.800561 0.008187
2.805562 0.003670
2.810563 -0.008255
2.815564 -0.004780
2.820565 0.008425
2.825566 0.006029
2.830567 -0.008603
2.835568 -0.005585
2.840569 0.008882
2.845570 0.003853
2.850571 -0.008438
2.855572 -0.004543
2.860573 0.009394
2.865574 0.004474
2.870575 -0.009243
2.875576 -0.003793
2.880577 0.008589
2.885578 0.003706
2.890579 -0.008438
2.895580 -0.002641
2.900581 0.005919
2.905582 0.004931
2.910583 -0.006225
2.915584 -0.005860
2.920585 0.008772
2.925586 0.002993
2.930587 -0.007341
2.935588 -0.002988
2.940589 0.006907
2.945590 0.004108
2.950591 -0.007616
2.955592 -0.003921
2.960593 0.008260
2.965594 0.004949
2.970595 -0.008256
2.975596 -0.003519
2.980597 0.006943
2.985598 0.004218
2.990599 -0.005311
2.995600 -0.005970
3.000601 0.008552
3.005602 0.004382
3.010603 -0.007963
3.015604 -0.002239
3.020605 0.006229
3.025606 0.004675
3.030607 -0.007671
3.035608 -0.004232
3.040609 0.008132
3.045610 0.003907
3.050611 -0.008604
3.055612 -0.002769
3.060613 0.009448
3.065614 0.001364
3.070615 -0.007177
3.075616 -0.004324
3.080617 0.007711
3.085618 0.005479
3.090619 -0.008549
3.095620 -0.004105
3.100621 0.007052
3.105622 0.004144
3.110623 -0.007342
3.115624 -0.004397
3.120625 0.007692
3.125626 0.004729
3.130627 -0.008330
3.135628 -0.004123
3.140629 0.008533
3.145630 0.003412
3.150631 -0.008001
3.155632 -0.004946
3.160633 0.008479
3.165634 0.004693
3.170635 -0.008440
3.175636 -0.003355
3.180637 0.008039
3.185638 0.004089
3.190639 -0.007086
3.195640 -0.004581
3.200641 0.006631
3.205642 0.005003
3.210643 -0.008147
3.215644 -0.003172
3.220645 0.007765
3.225646 0.002936
3.230647 -0.005971
3.235648 -0.005111
3.240649 0.008935
3.245650 0.004107
3.250651 -0.008659
3.255652 -0.003301
3.260653 0.007618
3.265654 0.004582
3.270655 -0.008477
3.275656 -0.002843
3.280657 0.007088
3.285658 0.004491
3.290659 -0.007928
3.295660 -0.004892
3.300661 0.008606
3.305662 0.002863
3.310663 -0.005807
3.315664 -0.004691
3.320665 0.007454
3.325666 0.005753
3.330667 -0.008514
3.335668 -0.004490
3.340669 0.007801
3.345670 0.005076
3.350671 -0.008386
3.355672 -0.003594
3.360673 0.007636
3.365674 0.002753
3.370675 -0.008056
3.375676 -0.004033
3.380677 0.009337
3.385678 0.002040
3.390679 -0.008239
3.395680 -0.002496
3.400681 0.006466
3.405683 0.003759
3.410684 -0.006228
3.415685 -0.003484
3.420686 0.005825
3.425687 0.003521
3.430688 -0.006557
3.435689 -0.004216
3.440690 0.007581
3.445691 0.004417
3.450692 -0.009959
3.455693 -0.003301
3.460694 0.010105
3.465695 0.001747
3.470696 -0.008350
3.475697 -0.002405
3.480698 0.007965
3.485699 0.003612
3.490700 -0.007874
3.495701 -0.004216
3.500702 0.008312
3.505703 0.004472
3.510704 -0.009392
3.515705 -0.003503
3.520706 0.008312
3.525707 0.002551
3.530708 -0.007563
3.535709 -0.004802
3.540710 0.008898
3.545711 0.004435
3.550712 -0.009411
3.555713 -0.003101
3.560714 0.008385
3.565715 0.004380
3.570716 -0.009136
3.575717 -0.002936
3.580718 0.008221
3.585719 0.002240
3.590720 -0.005844
3.595721 -0.004985
3.600722 0.008660
3.605723 0.004014
3.610724 -0.009173
3.615725 -0.000705
3.620726 0.005294
3.625727 0.003246
3.630728 -0.006558
3.635729 -0.003979
3.640730 0.009610
3.645731 0.002477
3.650732 -0.008771
3.655733 -0.004509
3.660734 0.009885
3.665735 0.004197
3.670736 -0.009887
3.675737 -0.003376
3.680738 0.008531
3.685739 0.005074
3.690740 -0.009740
3.695741 -0.002772
3.700742 0.008714
3.705743 0.002075
3.710744 -0.006430
3.715745 -0.004345
3.720746 0.008129
3.725747 0.004068
3.730748 -0.008643
3.735749 -0.004071
3.740750 0.008293
3.745751 0.004909
3.750752 -0.009375
3.755753 -0.003248
3.760754 0.008055
3.765755 0.002824
3.770756 -0.007052
3.775757 -0.003595
3.780758 0.008147
3.785759 0.003007
3.790760 -0.007619
3.795761 -0.004291
3.800762 0.008439
3.805763 0.004251
3.810764 -0.009942
3.815765 -0.001017
3.820766 0.007579
3.825767 0.002111
3.830768 -0.006705
3.835769 -0.004272
3.840770 0.007762
3.845771 0.002733
3.850772 -0.007199
3.855773 -0.003449
3.860774 0.007470
3.865775 0.003574
3.870776 -0.008845
3.875777 -0.003779
3.880778 0.009390
3.885779 0.002056
3.890780 -0.009796
3.895781 0.000172
3.900782 0.007232
3.905783 0.002202
3.910784 -0.007400
3.915785 -0.003029
3.920786 0.007085
3.925787 0.002842
3.930788 -0.007419
3.935789 -0.004602
3.940790 0.010158
3.945791 0.000702
3.950792 -0.007126
3.955793 -0.000871
3.960794 0.005238
3.965795 0.005293
3.970796 -0.009065
3.975797 -0.003706
3.980798 0.009335
3.985799 0.002494
3.990800 -0.009047
3.995801 -0.002188
4.000802 0.009792
4.005803 0.001561
4.010804 -0.007913
4.015805 -0.003340
4.020806 0.007999
4.025807 0.003921
4.030808 -0.008590
4.035809 -0.003414
4.040810 0.007450
4.045811 0.004250
4.050812 -0.008352
4.055813 -0.004529
4.060814 0.008383
4.065815 0.002896
4.070816 -0.006779
4.075817 -0.003670
4.080818 0.007505
4.085819 0.004048
4.090820 -0.009450
4.095821 -0.001585
4.100822 0.007798
4.105823 0.002311
4.110824 -0.006578
4.115825 -0.005170
4.120826 0.007761
4.125827 0.005950
4.130828 -0.009285
4.135829 -0.005883
4.140830 0.011565
4.145831 0.002768
4.150832 -0.010291
4.155833 -0.000707
4.160834 0.007121
4.165835 0.003408
4.170836 -0.008535
4.175837 -0.003012
4.180838 0.009645
4.185839 0.001853
4.190840 -0.006889
4.195841 -0.003561
4.200842 0.007724
4.205843 0.004871
4.210844 -0.010383
4.215845 -0.003195
4.220846 0.010522
4.225847 0.001816
4.230848 -0.009194
4.235849 -0.002207
4.240850 0.008730
4.245851 0.002713
4.250852 -0.009011
4.255853 -0.003780
4.260854 0.008455
4.265855 0.003279
4.270856 -0.008792
4.275857 -0.002171
4.280858 0.008382
4.285859 0.001432
4.290860 -0.007621
4.295861 -0.003561
4.300862 0.008656
4.305863 0.003755
4.310864 -0.009579
4.315865 -0.001842
4.320866 0.007010
4.325867 0.003261
4.330868 -0.008609
4.335869 -0.003543
4.340870 0.009699
4.345871 0.000847
4.350872 -0.007768
4.355873 -0.002812
4.360874 0.007742
4.365875 0.003901
4.370876 -0.008829
4.375877 -0.003360
4.380878 0.009534
4.385879 0.001779
4.390880 -0.009542
4.395881 -0.001897
4.400882 0.007138
4.405883 0.003791
4.410884 -0.009103
4.415885 -0.003562
4.420886 0.009936
4.425887 0.000572
4.430888 -0.008262
4.435889 -0.003141
4.440890 0.008345
4.445891 0.003151
4.450892 -0.010146
4.455893 -0.001989
4.460894 0.008601
4.465895 0.003974
4.470896 -0.010274
4.475897 -0.002355
4.480898 0.009223
4.485899 0.000809
4.490900 -0.006781
4.495901 -0.004476
4.500902 0.009936
4.505903 0.002144
4.510904 -0.008756
4.515905 -0.002062
4.520906 0.005601
4.525907 0.005089
4.530908 -0.009013
4.535909 -0.003452
4.540910 0.007448
4.545911 0.002400
4.550912 -0.006909
4.555913 -0.004202
4.560914 0.008198
4.565915 0.003991
4.570916 -0.008208
4.575917 -0.005940
4.580918 0.008747
4.585919 0.004339
4.590920 -0.009159
4.595921 -0.003928
4.600922 0.007375
4.605923 0.002071
4.610924 -0.011738
4.615925 -0.005885
4.620926 0.002601
4.625927 -0.004312
4.630928 -0.013421
4.635929 -0.005721
4.640930 0.009021
4.645931 0.007484
4.650932 -0.001331
4.655933 0.004101
4.660934 0.015806
4.665935 0.006332
4.670936 -0.006763
4.675937 -0.002136
4.680938 0.007283
4.685939 0.000772
4.690940 -0.014390
4.695941 -0.007129
4.700942 0.003131
4.705943 -0.000198
4.710944 -0.003435
4.715945 0.004905
4.720946 0.019153
4.725947 0.010923
4.730948 -0.002447
4.735949 0.000132
4.740950 0.010612
4.745951 0.006405
4.750952 -0.011830
4.755953 -0.007678
4.760954 0.003844
4.765955 -0.002923
4.770956 -0.012105
4.775957 -0.007514
4.780958 0.005710
4.785959 0.003606
4.790960 -0.008849
4.795961 -0.001789
4.800962 0.011069
4.805963 0.006167
4.810964 -0.005008
4.815965 -0.000015
4.820966 0.011544
4.825967 0.000881
4.830968 -0.015287
4.835969 -0.012928
4.840970 -0.011940
4.845971 -0.023810
4.850972 -0.033431
4.855973 -0.028218
4.860974 -0.030358
4.865975 -0.057007
4.870976 -0.064030
4.875977 -0.042795
4.880978 -0.012453
4.885979 0.010995
4.890980 0.012861
4.895981 0.023011
4.900982 0.037296
4.905983 0.042380
4.910984 0.049020
4.915985 0.063286
4.920986 0.069943
4.925987 0.035229
4.930988 -0.020866
4.935989 -0.063427
4.940990 -0.080253
4.945991 -0.083070
4.950992 -0.085411
4.955993 -0.066609
4.960994 -0.040016
4.965995 -0.032352
4.970996 -0.014611
4.975997 0.033985
4.980998 0.092055
4.985999 0.130702
4.991000 0.142645
4.996001 0.143724
5.001002 0.128745
5.006003 0.081795
5.011004 0.019463
5.016005 -0.018873
5.021006 -0.036139
5.026007 -0.057263
5.031008 -0.062257
5.036009 -0.029664
5.041010 0.010208
5.046011 0.005782
5.051012 -0.031749
5.056013 -0.055069
5.061014 -0.045851
5.066015 -0.024470
5.071016 0.003642
5.076017 0.049531
5.081018 0.073235
5.086019 0.049549
5.091020 0.001904
5.096021 -0.018965
5.101022 -0.027360
5.106023 -0.074347
5.111024 -0.118736
5.116025 -0.101050
5.121026 -0.033341
5.126027 0.012750
5.131028 0.020560
5.136029 0.004483
5.141030 -0.036926
5.146031 -0.073414
5.151032 -0.075042
5.156033 -0.019642
5.161034 0.076911
5.166035 0.168049
5.171036 0.191899
5.176037 0.130829
5.181038 0.037313
5.186039 -0.029281
5.191040 0.025333
5.196041 0.145424
5.201042 0.162160
5.206043 0.049439
5.211044 -0.133387
5.216045 -0.265842
5.221046 -0.263373
5.226047 -0.138124
5.231048 0.033069
5.236049 0.141730
5.241050 0.134688
5.246051 0.033453
5.251052 -0.037932
5.256053 0.016334
5.261054 0.133316
5.266055 0.178858
5.271056 0.093005
5.276057 -0.061892
5.281058 -0.164352
5.286059 -0.146135
5.291060 -0.046089
5.296061 0.043494
5.301062 0.057230
5.306063 0.004921
5.311064 -0.036561
5.316065 -0.008723
5.321066 0.047719
5.326067 0.079836
5.331068 0.052603
5.336069 -0.018783
5.341070 -0.104873
5.346071 -0.188111
5.351072 -0.184471
5.356073 -0.104508
5.361074 -0.055399
5.366075 -0.083712
5.371076 -0.104069
5.376077 -0.038042
5.381078 0.083073
5.386079 0.195044
5.391080 0.220522
5.396081 0.198794
5.401082 0.196507
5.406083 0.183119
5.411084 0.100851
5.416085 -0.021673
5.421086 -0.117219
5.426087 -0.199414
5.431088 -0.202963
5.436089 -0.109812
5.441090 -0.037768
5.446091 -0.044773
5.451092 -0.087224
5.456093 -0.086785
5.461094 -0.038390
5.466095 0.045359
5.471096 0.117915
5.476097 0.128231
5.481098 0.095364
5.486099 0.029282
5.491100 -0.033562
5.496101 -0.074239
5.501102 -0.079817
5.506103 -0.036159
5.511104 -0.012565
5.516105 -0.000640
5.521106 0.022990
5.526107 -0.010517
5.531108 -0.069191
5.536109 -0.090956
5.541110 -0.062131
5.546111 0.008358
5.551112 0.052675
5.556113 0.050645
5.561114 0.017412
5.566115 -0.037238
5.571116 -0.055784
5.576117 -0.026868
5.581118 0.012199
5.586119 0.062935
5.591120 0.098747
5.596121 0.085395
5.601122 0.040786
5.606123 0.019735
5.611124 0.064362
5.616125 0.140082
5.621126 0.165432
5.626127 0.103996
5.631128 0.015290
5.636129 -0.050883
5.641130 -0.094632
5.646131 -0.111294
5.651132 -0.094248
5.656133 -0.079031
5.661134 -0.113764
5.666135 -0.151971
5.671137 -0.154166
5.676138 -0.122067
5.681139 -0.048085
5.686140 0.019935
5.691141 0.059679
5.696142 0.092400
5.701143 0.123548
5.706144 0.137997
5.711145 0.125706
5.716146 0.107928
5.721147 0.073323
5.726148 0.009217
5.731149 -0.062461
5.736150 -0.092182
5.741151 -0.091304
5.746152 -0.101162
5.751153 -0.098273
5.756154 -0.097175
5.761155 -0.088579
5.766156 -0.078648
5.771157 -0.067290
5.776158 0.015198
5.781159 0.116725
5.786160 0.135948
5.791161 0.073140
5.796162 0.002797
5.801163 -0.019224
5.806164 -0.021437
5.811165 -0.037367
5.816166 -0.015109
5.821167 0.068531
5.826168 0.158737
5.831169 0.238005
5.836170 0.295801
5.841171 0.298691
5.846172 0.235353
5.851173 0.108257
5.856174 -0.086824
5.861175 -0.294158
5.866176 -0.406257
5.871177 -0.380431
5.876178 -0.261236
5.881179 -0.159435
5.886180 -0.124812
5.891181 -0.110783
5.896182 -0.083056
5.901183 -0.002306
5.906184 0.145531
5.911185 0.296715
5.916186 0.379203
5.921187 0.346628
5.926188 0.219440
5.931189 0.111951
5.936190 0.061672
5.941191 0.046601
5.946192 0.055874
5.951193 0.029244
5.956194 -0.028900
5.961195 -0.123587
5.966196 -0.244958
5.971197 -0.286916
5.976198 -0.225224
5.981199 -0.114387
5.986200 -0.046349
5.991201 -0.061365
5.996202 -0.091781
6.001203 -0.076856
6.006204 -0.024565
6.011205 0.057081
6.016206 0.165503
6.021207 0.223080
6.026208 0.190780
6.031209 0.109134
6.036210 0.049161
6.041211 0.031237
6.046212 0.003290
6.051213 -0.042599
6.056214 -0.053189
6.061215 -0.023285
6.066216 -0.001209
6.071217 0.033724
6.076218 0.041406
6.081219 -0.028827
6.086220 -0.138439
6.091221 -0.237149
6.096222 -0.246550
6.101223 -0.163423
6.106224 -0.057634
6.111225 0.020062
6.116226 0.056129
6.121227 0.053130
6.126228 0.035388
6.131229 0.070048
6.136230 0.197071
6.141231 0.321717
6.146232 0.327789
6.151233 0.232389
6.156234 0.091374
6.161235 -0.030309
6.166236 -0.100048
6.171237 -0.122344
6.176238 -0.112669
6.181239 -0.139975
6.186240 -0.219262
6.191241 -0.265700
6.196242 -0.207977
6.201243 -0.081411
6.206244 0.026572
6.211245 0.056312
6.216246 0.030852
6.221247 -0.022957
6.226248 -0.094928
6.231249 -0.100597
6.236250 -0.043094
6.241251 0.022585
6.246252 0.062841
6.251253 0.090294
6.256254 0.161167
6.261255 0.210587
6.266256 0.192882
6.271257 0.122978
6.276258 0.031126
6.281259 -0.044064
6.286260 -0.111590
6.291261 -0.134855
6.296262 -0.102482
6.301263 -0.071937
6.306264 -0.059519
6.311265 -0.069505
6.316266 -0.088270
6.321267 -0.085582
6.326268 -0.075815
6.331269 -0.064256
6.336270 -0.049514
6.341271 -0.028883
6.346272 0.000509
6.351273 0.041954
6.356274 0.114272
6.361275 0.181579
6.366276 0.212031
6.371277 0.207751
6.376278 0.159027
6.381279 0.088995
6.386280 0.034107
6.391281 0.027760
6.396282 0.065090
6.401283 0.054994
6.406284 -0.057983
6.411285 -0.190383
6.416286 -0.242857
6.421287 -0.215660
6.426288 -0.149835
6.431289 -0.082510
6.436290 -0.033017
6.441291 -0.003260
6.446292 0.017061
6.451293 0.047239
6.456294 0.092342
6.461295 0.138652
6.466296 0.158258
6.471297 0.146077
6.476298 0.124623
6.481299 0.083453
6.486300 0.008062
6.491301 -0.063086
6.496302 -0.093850
6.501303 -0.090612
6.506304 -0.076493
6.511305 -0.048472
6.516306 -0.023104
6.521307 -0.029195
6.526308 -0.050850
6.531309 -0.062775
6.536310 -0.035651
6.541311 0.001056
6.546312 -0.015697
6.551313 -0.069232
6.556314 -0.100983
6.561315 -0.075395
6.566316 -0.006314
6.571317 0.075076
6.576318 0.125135
6.581319 0.089890
6.586320 0.016749
6.591321 -0.000279
6.596322 0.060206
6.601323 0.133932
6.606324 0.127988
6.611325 0.049671
6.616326 -0.021075
6.621327 -0.055862
6.626328 -0.062373
6.631329 -0.036676
6.636330 0.000562
6.641331 0.031399
6.646332 0.032204
6.651333 0.009012
6.656334 0.006287
6.661335 -0.000554
6.666336 -0.023873
6.671337 -0.037792
6.676338 -0.035981
6.681339 -0.041797
6.686340 -0.070915
6.691341 -0.097691
6.696342 -0.099996
6.701343 -0.080663
6.706344 -0.052296
6.711345 -0.003480
6.716346 0.051591
6.721347 0.075550
6.726348 0.064046
6.731349 0.054041
6.736350 0.079355
6.741351 0.096547
6.746352 0.072185
6.751353 0.029679
6.756354 -0.000280
6.761355 -0.007248
6.766356 -0.010193
6.771357 -0.009132
6.776358 -0.007669
6.781359 -0.011985
6.786360 -0.008144
6.791361 0.013785
6.796362 0.046579
6.801363 0.043799
6.806364 -0.020966
6.811365 -0.086773
6.816366 -0.082969
6.821367 -0.032397
6.826368 0.001128
6.831369 0.006195
6.836370 -0.000591
6.841371 -0.023654
6.846372 -0.050596
6.851373 -0.046883
6.856374 0.015193
6.861375 0.097827
6.866376 0.117836
6.871377 0.093510
6.876378 0.056400
6.881379 0.004018
6.886380 -0.056467
6.891381 -0.120628
6.896382 -0.135753
6.901383 -0.110843
6.906384 -0.077647
6.911385 -0.021405
6.916386 0.028307
6.921387 0.043981
6.926388 0.010309
6.931389 -0.044450
6.936390 -0.046975
6.941391 0.016089
6.946392 0.090822
6.951393 0.131315
6.956394 0.141814
6.961395 0.107465
6.966396 0.041676
6.971397 0.028947
6.976398 0.071507
6.981399 0.097259
6.986400 0.051425
6.991401 -0.046280
6.996402 -0.114501
7.001403 -0.126060
7.006404 -0.101131
7.011405 -0.057473
7.016406 -0.029636
7.021407 -0.049974
7.026408 -0.091346
7.031409 -0.095498
7.036410 -0.026746
7.041411 0.067081
7.046412 0.102472
7.051413 0.088535
7.056414 0.075403
7.061415 0.077597
7.066416 0.080195
7.071417 0.072714
7.076418 0.049577
7.081419 0.000505
7.086420 -0.073532
7.091421 -0.130432
7.096422 -0.119970
7.101423 -0.066308
7.106424 -0.027771
7.111425 -0.007433
7.116426 0.005828
7.121427 -0.014950
7.126428 -0.042952
7.131429 -0.024625
7.136430 0.051772
7.141431 0.131260
7.146432 0.146952
7.151433 0.102398
7.156434 0.039828
7.161435 0.014680
7.166436 -0.001361
7.171437 -0.023583
7.176438 -0.027222
7.181439 -0.060455
7.186440 -0.132865
7.191441 -0.176102
7.196442 -0.137748
7.201443 -0.031740
7.206444 0.075256
7.211445 0.128644
7.216446 0.158658
7.221447 0.156609
7.226448 0.110226
7.231449 0.077524
7.236450 0.057478
7.241451 0.036079
7.246452 -0.007415
7.251453 -0.052774
7.256454 -0.063400
7.261455 -0.076569
7.266456 -0.103199
7.271457 -0.103108
7.276458 -0.056724
7.281459 0.002096
7.286460 0.043266
7.291461 0.062526
7.296462 0.068543
7.301463 0.047711
7.306464 0.009101
7.311465 -0.012536
7.316466 -0.017365
7.321467 -0.013250
7.326468 -0.035179
7.331469 -0.074411
7.336470 -0.095060
7.341471 -0.089025
7.346472 -0.070131
7.351473 -0.058554
7.356474 -0.028485
7.361475 -0.003337
7.366476 -0.008275
7.371477 -0.031247
7.376478 -0.054603
7.381479 -0.053853
7.386480 -0.057347
7.391481 -0.046428
7.396482 -0.013305
7.401483 0.006576
7.406484 0.005040
7.411485 -0.014402
7.416486 -0.012262
7.421487 0.003467
7.426488 0.006759
7.431489 0.009375
7.436490 0.026274
7.441491 0.043302
7.446492 0.034048
7.451493 0.021885
7.456494 0.030993
7.461495 0.055703
7.466496 0.072475
7.471497 0.091789
7.476498 0.117394
7.481499 0.108780
7.486500 0.062598
7.491501 0.005277
7.496502 -0.028449
7.501503 -0.055701
7.506504 -0.085861
7.511505 -0.099652
7.516506 -0.096488
7.521507 -0.073863
7.526508 -0.058664
7.531509 -0.032016
7.536510 0.019799
7.541511 0.066548
7.546512 0.092904
7.551513 0.110974
7.556514 0.147152
7.561515 0.184939
7.566516 0.189310
7.571517 0.162223
7.576518 0.139214
7.581519 0.097275
7.586520 0.014861
7.591521 -0.054494
7.596522 -0.077247
7.601523 -0.081765
7.606524 -0.105889
7.611525 -0.130690
7.616526 -0.134549
7.621527 -0.116863
7.626528 -0.089081
7.631529 -0.060622
7.636530 -0.021353
7.641531 0.005039
7.646532 0.011422
7.651533 0.014495
7.656534 0.026511
7.661535 0.044636
7.666536 0.039534
7.671537 0.021225
7.676538 0.005606
7.681539 -0.005825
7.686540 -0.024536
7.691541 -0.041034
7.696542 -0.026895
7.701543 -0.010800
7.706544 -0.007051
7.711545 -0.013745
7.716546 -0.016251
7.721547 -0.016489
7.726548 -0.038290
7.731549 -0.052940
7.736550 -0.050398
7.741551 -0.045625
7.746552 -0.045295
7.751553 -0.036461
7.756554 -0.011423
7.761555 0.008550
7.766556 0.010653
7.771557 0.015537
7.776558 0.045331
7.781559 0.076515
7.786560 0.078545
7.791561 0.051348
7.796562 0.029602
7.801563 0.012866
7.806564 -0.016416
7.811565 -0.039772
7.816566 -0.045881
7.821567 -0.036059
7.826568 -0.034139
7.831569 -0.034212
7.836570 -0.007948
7.841571 0.022121
7.846572 0.020987
7.851573 0.007873
7.856574 0.009171
7.861575 0.010397
7.866576 0.007964
7.871577 0.015061
7.876578 0.042441
7.881579 0.063547
7.886580 0.053378
7.891581 0.035070
7.896582 0.019103
7.901583 0.004873
7.906584 -0.010637
7.911585 -0.026860
7.916586 -0.020897
7.921587 -0.013527
7.926588 -0.034304
7.931589 -0.055173
7.936590 -0.055118
7.941592 -0.031652
7.946593 -0.000705
7.951594 0.033972
7.956595 0.075893
7.961596 0.098462
7.966597 0.088769
7.971598 0.062980
7.976599 0.060255
7.981600 0.065540
7.986601 0.043336
7.991602 0.012939
7.996603 -0.009357
8.001604 -0.032622
8.006605 -0.069915
8.011606 -0.094057
8.016607 -0.080194
8.021608 -0.054478
8.026609 -0.037597
8.031610 -0.027171
8.036611 -0.020367
8.041612 -0.026732
8.046613 -0.057697
8.051614 -0.085864
8.056615 -0.078017
8.061616 -0.053417
8.066617 -0.036847
8.071618 -0.022764
8.076619 0.004561
8.081620 0.034081
8.086621 0.038069
8.091622 0.036331
8.096623 0.047817
8.101624 0.055810
8.106625 0.055554
8.111626 0.059285
8.116627 0.079404
8.121628 0.097401
8.126629 0.094090
8.131630 0.082476
8.136631 0.082787
8.141632 0.082604
8.146633 0.048768
8.151634 -0.001072
8.156635 -0.041310
8.161636 -0.066111
8.166637 -0.087583
8.171638 -0.104538
8.176639 -0.090802
8.181640 -0.083724
8.186641 -0.096637
8.191642 -0.100825
8.196643 -0.083651
8.201644 -0.059746
8.206645 -0.056216
8.211646 -0.050126
8.216647 -0.024740
8.221648 0.012041
8.226649 0.036330
8.231650 0.049993
8.236651 0.071868
8.241652 0.088438
8.246653 0.077611
8.251654 0.053779
8.256655 0.050231
8.261656 0.043884
8.266657 0.031703
8.271658 0.023966
8.276659 0.034428
8.281660 0.054199
8.286661 0.037976
8.291662 0.021424
8.296663 0.015077
8.301664 -0.003450
8.306665 -0.032221
8.311666 -0.062344
8.316667 -0.068983
8.321668 -0.072605
8.326669 -0.090895
8.331670 -0.105417
8.336671 -0.091388
8.341672 -0.055705
8.346673 -0.030264
8.351674 -0.001530
8.356675 0.033221
8.361676 0.052754
8.366677 0.051529
8.371678 0.044853
8.376679 0.063838
8.381680 0.079567
8.386681 0.068227
8.391682 0.050651
8.396683 0.034793
8.401684 0.019027
8.406685 -0.012468
8.411686 -0.038677
8.416687 -0.040579
8.421688 -0.037196
8.426689 -0.045390
8.431690 -0.055157
8.436691 -0.040781
8.441692 -0.025106
8.446693 -0.029368
8.451694 -0.036977
8.456695 -0.028563
8.461696 -0.024722
8.466697 -0.048774
8.471698 -0.057973
8.476699 -0.035148
8.481700 0.000938
8.486701 0.030733
8.491702 0.050870
8.496703 0.080883
8.501704 0.101149
8.506705 0.094217
8.511706 0.075744
8.516707 0.062721
8.521708 0.043133
8.526709 0.004230
8.531710 -0.026314
8.536711 -0.023534
8.541712 -0.005774
8.546713 -0.002244
8.551714 -0.002318
8.556715 0.004084
8.561716 0.005291
8.566717 -0.016474
8.571718 -0.040928
8.576719 -0.029423
8.581720 -0.011518
8.586721 -0.001952
8.591722 0.012753
8.596723 0.034573
8.601724 0.056484
8.606725 0.051765
8.611726 0.045053
8.616727 0.044779
8.621728 0.030641
8.626729 0.001907
8.631730 -0.033283
8.636731 -0.034764
8.641732 -0.027906
8.646733 -0.043543
8.651734 -0.055468
8.656735 -0.051061
8.661736 -0.037910
8.666737 -0.039538
8.671738 -0.031454
8.676739 -0.001422
8.681740 0.019429
8.686741 0.017709
8.691742 0.002437
8.696743 0.003736
8.701744 0.011710
8.706745 0.005455
8.711746 0.001102
8.716747 0.012881
8.721748 0.019044
8.726749 0.002218
8.731750 -0.007933
8.736751 0.004101
8.741752 0.020453
8.746753 0.011820
8.751754 -0.009525
8.756755 -0.019840
8.761756 -0.036685
8.766757 -0.058450
8.771758 -0.072058
8.776759 -0.058011
8.781760 -0.030101
8.786761 -0.016877
8.791762 -0.003251
8.796763 0.018221
8.801764 0.034225
8.806765 0.030365
8.811766 0.022062
8.816767 0.029176
8.821768 0.042053
8.826769 0.041796
8.831770 0.037023
8.836771 0.046149
8.841772 0.051618
8.846773 0.039675
8.851774 0.033529
8.856775 0.039766
8.861776 0.042674
8.866777 0.030109
8.871778 0.004613
8.876779 -0.005611
8.881780 -0.017134
8.886781 -0.045209
8.891782 -0.068309
8.896783 -0.065840
8.901784 -0.045392
8.906785 -0.039521
8.911786 -0.020810
8.916787 0.009331
8.921788 0.022482
8.926789 0.017342
8.931790 0.003204
8.936791 0.015934
8.941792 0.027786
8.946793 0.019885
8.951794 0.013757
8.956795 0.011014
8.961796 0.007411
8.966797 -0.014757
8.971798 -0.029370
8.976799 -0.016329
8.981800 -0.000216
8.986801 -0.009270
8.991802 -0.031986
8.996803 -0.044459
9.001804 -0.062951
9.006805 -0.086252
9.011806 -0.105950
9.016807 -0.099969
9.021808 -0.082411
9.026809 -0.080161
9.031810 -0.064140
9.036811 -0.029352
9.041812 0.009587
9.046813 0.031023
9.051814 0.035851
9.056815 0.042582
9.061816 0.046350
9.066817 0.032925
9.071818 0.023469
9.076819 0.039180
9.081820 0.044813
9.086821 0.031187
9.091822 0.005344
9.096823 -0.009106
9.101824 -0.014318
9.106825 -0.034711
9.111826 -0.041204
9.116827 -0.032572
9.121828 -0.020153
9.126829 -0.022457
9.131830 -0.030304
9.136831 -0.011044
9.141832 0.012330
9.146833 0.017982
9.151834 0.025791
9.156835 0.052806
9.161836 0.068882
9.166837 0.061493
9.171838 0.052367
9.176839 0.055476
9.181840 0.059664
9.186841 0.042709
9.191842 0.027126
9.196843 0.032083
9.201844 0.032430
9.206845 0.016518
9.211846 0.003148
9.216847 0.013134
9.221848 0.028352
9.226849 0.025535
9.231850 0.020853
9.236851 0.030821
9.241852 0.038667
9.246853 0.019243
9.251854 0.006330
9.256855 0.013098
9.261856 0.012842
9.266857 0.001740
9.271858 -0.019275
9.276859 -0.023756
9.281860 -0.020044
9.286861 -0.030981
9.291862 -0.033450
9.296863 -0.019111
9.301864 -0.010387
9.306865 -0.026025
9.311866 -0.050753
9.316867 -0.054374
9.321868 -0.047625
9.326869 -0.051173
9.331870 -0.046839
9.336871 -0.022458
9.341872 -0.000821
9.346873 -0.002687
9.351874 -0.008521
9.356875 0.007117
9.361876 0.023742
9.366877 0.021895
9.371878 0.021200
9.376879 0.028772
9.381880 0.033875
9.386881 0.015219
9.391882 -0.008832
9.396883 -0.005833
9.401884 -0.007168
9.406885 -0.020483
9.411886 -0.025129
9.416887 -0.013734
9.421888 0.006366
9.426889 0.007921
9.431890 -0.000803
9.436891 0.009841
9.441892 0.017468
9.446893 0.009695
9.451894 0.006732
9.456895 0.015767
9.461896 0.029521
9.466897 0.018547
9.471898 0.003934
9.476899 0.012475
9.481900 0.015493
9.486901 0.003531
9.491902 0.000074
9.496903 0.014231
9.501904 0.024784
9.506905 0.016023
9.511906 0.001812
9.516907 0.002635
9.521908 0.000769
9.526909 -0.018655
9.531910 -0.040328
9.536911 -0.046547
9.541912 -0.048961
9.546913 -0.069007
9.551914 -0.077457
9.556915 -0.059807
9.561916 -0.036250
9.566917 -0.024252
9.571918 -0.015966
9.576919 0.005305
9.581920 0.015255
9.586921 0.004025
9.591922 -0.002487
9.596923 0.007445
9.601924 0.013261
9.606925 0.003421
9.611926 -0.002249
9.616927 0.006018
9.621928 0.017559
9.626929 0.016699
9.631930 0.011011
9.636931 0.016644
9.641932 0.017266
9.646933 0.001519
9.651934 -0.004773
9.656935 0.012675
9.661936 0.028716
9.666937 0.026923
9.671938 0.018345
9.676939 0.022716
9.681940 0.028423
9.686941 0.012895
9.691942 0.001244
9.696943 0.001372
9.701944 -0.002451
9.706945 -0.018710
9.711946 -0.031751
9.716947 -0.012144
9.721948 0.008816
9.726949 0.013516
9.731950 0.018290
9.736951 0.028569
9.741952 0.039854
9.746953 0.032026
9.751954 0.022003
9.756955 0.024618
9.761956 0.026081
9.766957 0.010114
9.771958 -0.006786
9.776959 0.004463
9.781960 0.012035
9.786961 0.004408
9.791962 -0.001427
9.796963 0.002725
9.801964 0.013388
9.806965 0.002890
9.811966 -0.009840
9.816967 0.001682
9.821968 0.008870
9.826969 0.002140
9.831970 -0.005121
9.836971 -0.005158
9.841972 -0.004847
9.846973 -0.026941
9.851974 -0.047426
9.856975 -0.049054
9.861976 -0.046676
9.866977 -0.057979
9.871978 -0.067088
9.876979 -0.042854
9.881980 -0.021948
9.886981 -0.014761
9.891982 0.001902
9.896983 0.029501
9.901984 0.051979
9.906985 0.048468
9.911986 0.039323
9.916987 0.044901
9.921988 0.045358
9.926989 0.025422
9.931990 0.005120
9.936991 0.002212
9.941992 -0.005726
9.946993 -0.029630
9.951994 -0.039342
9.956995 -0.027856
9.961996 -0.014322
9.966997 -0.014633
9.971998 -0.023979
9.976999 -0.012310
9.982000 0.006254
9.987001 0.004443
9.992002 0.005925
9.997003 0.026172
10.002004 0.042230
10.007005 0.034549
10.012006 0.024416
10.017007 0.027123
10.022008 0.033012
10.027009 0.019368
10.032010 0.001956
10.037011 0.013552
10.042012 0.017941
10.047013 0.004425
10.052014 -0.009219
10.057015 -0.007921
10.062016 -0.003732
10.067017 -0.019809
10.072018 -0.031442
10.077019 -0.028717
10.082020 -0.025040
10.087021 -0.040129
10.092022 -0.050573
10.097023 -0.034002
10.102024 -0.019425
10.107025 -0.017706
10.112026 -0.014579
10.117027 0.002522
10.122028 0.019550
10.127029 0.018599
10.132030 0.017959
10.137031 0.031804
10.142032 0.038755
10.147033 0.028768
10.152034 0.012673
10.157035 0.010643
10.162036 0.011996
10.167037 -0.010171
10.172038 -0.023962
10.177039 -0.017414
10.182040 -0.009147
10.187041 -0.011086
10.192042 -0.020596
10.197043 -0.007665
10.202044 0.000766
10.207046 -0.009970
10.212047 -0.013793
10.217048 -0.007428
10.222049 -0.000350
10.227050 -0.019462
10.232051 -0.038722
10.237052 -0.032247
10.242053 -0.025736
10.247054 -0.029687
10.252055 -0.031132
10.257056 -0.011232
10.262057 0.007222
10.267058 0.002650
10.272059 0.004497
10.277060 0.023866
10.282061 0.038772
10.287062 0.039742
10.292063 0.036285
10.297064 0.040784
10.302065 0.044899
10.307066 0.027707
10.312067 0.012929
10.317068 0.021945
10.322069 0.024634
10.327070 0.014044
10.332071 0.003875
10.337072 0.005320
10.342073 0.010715
10.347074 -0.001960
10.352075 -0.016189
10.357076 -0.010336
10.362077 -0.002545
10.367078 -0.014543
10.372079 -0.020432
10.377080 -0.008361
10.382081 -0.001064
10.387082 -0.006514
10.392083 -0.011800
10.397084 0.003619
10.402085 0.018251
10.407086 0.012123
10.412087 0.004606
10.417088 0.011154
10.422089 0.017007
10.427090 0.005758
10.432091 -0.001942
10.437092 0.008392
10.442093 0.018799
10.447094 0.009983
10.452095 -0.000314
10.457096 0.003582
10.462097 0.003984
10.467098 -0.011782
10.472099 -0.030328
10.477100 -0.023414
10.482101 -0.013391
10.487102 -0.026560
10.492103 -0.030236
10.497104 -0.018330
10.502105 -0.011800
10.507106 -0.019134
10.512107 -0.028042
10.517108 -0.014105
10.522109 0.000326
10.527110 -0.002911
10.532111 -0.003588
10.537112 0.003435
10.542113 0.011629
10.547114 -0.000150
10.552115 -0.015605
10.557116 -0.002784
10.562117 0.005886
10.567118 -0.002125
10.572119 -0.007319
10.577120 0.002374
10.582121 0.011354
10.587122 0.002356
10.592123 -0.003021
10.597124 0.005319
10.602125 0.010129
10.607126 -0.003973
10.612127 -0.009679
10.617128 0.002026
10.622129 0.015799
10.627130 0.018451
10.632131 0.012506
10.637132 0.023078
10.642133 0.026096
10.647134 0.010147
10.652135 -0.003259
10.657136 0.002429
10.662137 0.008665
10.667138 -0.006113
10.672139 -0.016373
10.677140 -0.013593
10.682141 -0.006735
10.687142 -0.017690
10.692143 -0.029817
10.697144 -0.018715
10.702145 -0.016758
10.707146 -0.026854
10.712147 -0.027695
10.717148 -0.010137
10.722149 0.005794
10.727150 0.005318
10.732151 0.004861
10.737152 0.015981
10.742153 0.027467
10.747154 0.017371
10.752155 0.009781
10.757156 0.018542
10.762157 0.022584
10.767158 0.009927
10.772159 -0.001614
10.777160 0.008555
10.782161 0.013731
10.787162 0.001367
10.792163 -0.010997
10.797164 -0.003260
10.802165 0.006525
10.807166 -0.001870
10.812167 -0.001340
10.817168 0.010439
10.822169 0.019566
10.827170 0.010055
10.832171 -0.002785
10.837172 0.006196
10.842173 0.012341
10.847174 0.004293
10.852175 -0.001578
10.857176 0.014664
10.862177 0.030869
10.867178 0.026022
10.872179 0.020590
10.877180 0.031984
10.882181 0.036941
10.887182 0.013164
10.892183 0.002190
10.897184 0.003342
10.902185 -0.000005
10.907186 -0.014106
10.912187 -0.031829
10.917188 -0.028885
10.922189 -0.029433
10.927190 -0.035103
10.932191 -0.041560
10.937192 -0.028940
10.942193 -0.007687
10.947194 -0.013028
10.952195 -0.011144
10.957196 0.000233
10.962197 0.010146
10.967198 0.006963
10.972199 -0.003608
10.977200 0.010914
10.982201 0.022546
10.987202 0.014096
10.992203 0.009652
10.997204 0.019162
11.002205 0.021302
11.007206 0.004860
11.012207 -0.005163
11.017208 0.000799
11.022209 0.001750
11.027210 -0.012095
11.032211 -0.023087
11.037212 -0.019777
11.042213 -0.015570
11.047214 -0.026124
11.052215 -0.034281
11.057216 -0.023142
11.062217 -0.010211
11.067218 -0.015058
11.072219 -0.017454
11.077220 -0.000006
11.082221 0.014206
11.087222 0.014626
11.092223 0.015138
11.097224 0.030209
11.102225 0.042226
11.107226 0.035769
11.112227 0.026460
11.117228 0.029752
11.122229 0.031471
11.127230 0.015815
11.132231 0.001219
11.137232 0.003396
11.142233 0.007475
11.147234 -0.009535
11.152235 -0.022393
11.157236 -0.014675
11.162237 -0.004268
11.167238 -0.009169
11.172239 -0.016412
11.177240 -0.000171
11.182241 0.007694
11.187242 -0.002969
11.192243 -0.010029
11.197244 -0.003335
11.202245 0.006468
11.207246 -0.001012
11.212247 -0.010413
11.217248 -0.003463
11.222249 0.002536
11.227250 -0.012407
11.232251 -0.024972
11.237252 -0.016833
11.242253 -0.009426
11.247254 -0.016705
11.252255 -0.025484
11.257256 -0.015718
11.262257 -0.001506
11.267258 -0.003646
11.272259 0.000140
11.277260 0.020259
11.282261 0.036683
11.287262 0.036537
11.292263 0.031214
11.297264 0.043981
11.302265 0.054186
11.307266 0.038823
11.312267 0.026879
11.317268 0.024794
11.322269 0.015686
11.327270 -0.002915
11.332271 -0.023729
11.337272 -0.021497
11.342273 -0.014054
11.347274 -0.029929
11.352275 -0.036276
11.357276 -0.022485
11.362277 -0.016834
11.367278 -0.021406
11.372279 -0.024717
11.377280 -0.013359
11.382281 -0.001507
11.387282 -0.005677
11.392283 -0.005073
11.397284 0.006650
11.402285 0.022526
11.407286 0.015722
11.412287 0.007126
11.417288 0.023605
11.422289 0.029238
11.427290 0.020697
11.432291 0.010747
11.437292 0.013619
11.442293 0.011259
11.447294 -0.011420
11.452295 -0.029033
11.457296 -0.028558
11.462297 -0.022669
11.467298 -0.036423
11.472299 -0.044287
11.477300 -0.031375
11.482301 -0.023327
11.487302 -0.029107
11.492303 -0.032289
11.497304 -0.014420
11.502305 -0.000318
11.507306 -0.008458
11.512307 -0.013725
11.517308 -0.006025
11.522309 -0.001892
11.527310 -0.007305
11.532311 -0.013176
11.537312 -0.002148
11.542313 0.008223
11.547314 -0.000959
11.552315 -0.004580
11.557316 0.002663
11.562317 0.015228
11.567318 0.012813
11.572319 0.005808
11.577320 0.022251
11.582321 0.031286
11.587322 0.028030
11.592323 0.024208
11.597324 0.033005
11.602325 0.042735
11.607326 0.024939
11.612327 0.014167
11.617328 0.018392
11.622329 0.017806
11.627330 0.007088
11.632331 -0.008129
11.637332 0.001437
11.642333 0.008314
11.647334 -0.004581
11.652335 -0.006501
11.657336 0.002059
11.662337 0.011770
11.667338 0.002388
11.672339 -0.004947
11.677340 0.004107
11.682341 0.004253
11.687342 -0.007672
11.692343 -0.020621
11.697344 -0.013799
11.702345 -0.008623
11.707346 -0.017292
11.712347 -0.018628
11.717348 -0.004398
11.722349 0.009594
11.727350 0.006795
11.732351 0.006832
11.737352 0.022031
11.742353 0.031871
11.747354 0.016434
11.752355 0.000010
11.757356 0.004363
11.762357 0.004088
11.767358 -0.011714
11.772359 -0.020237
11.777360 -0.013397
11.782361 -0.006538
11.787362 -0.013324
11.792363 -0.022670
11.797364 -0.011751
11.802365 0.001857
11.807366 -0.006118
11.812367 -0.011824
11.817368 -0.002368
11.822369 0.002735
11.827370 -0.009044
11.832371 -0.016945
11.837372 -0.006996
11.842373 -0.001673
11.847374 -0.006008
11.852375 -0.009959
11.857376 0.001984
11.862377 0.016159
11.867378 0.009611
11.872379 0.004563
11.877380 0.019982
11.882381 0.029127
11.887382 0.017549
11.892383 0.012007
11.897384 0.016964
11.902385 0.019177
11.907386 0.006026
11.912387 -0.005844
11.917388 0.000064
11.922389 0.001307
11.927390 -0.012794
11.932391 -0.024189
11.937392 -0.017915
11.942393 -0.011934
11.947394 -0.020311
11.952395 -0.027353
11.957396 -0.014477
11.962397 -0.002149
11.967398 -0.010599
11.972399 -0.016836
11.977400 -0.002040
11.982401 0.009867
11.987402 0.000429
11.992403 -0.003320
11.997404 0.007050
12.002405 0.012062
12.007406 -0.000412
12.012407 -0.006064
12.017408 0.002606
12.022409 0.003191
12.027410 -0.008496
12.032411 -0.018025
12.037412 -0.007070
12.042413 -0.000632
12.047414 -0.002881
12.052415 0.001270
12.057416 0.016524
12.062417 0.031558
12.067418 0.024389
12.072419 0.019268
12.077420 0.031302
12.082421 0.037411
12.087422 0.023566
12.092423 0.010708
12.097424 0.015427
12.102425 0.020200
12.107426 0.005422
12.112427 -0.007034
12.117428 0.000337
12.122429 0.005532
12.127430 -0.009850
12.132431 -0.025470
12.137432 -0.014404
12.142433 -0.009558
12.147434 -0.024830
12.152435 -0.032621
12.157436 -0.021739
12.162437 -0.017313
12.167438 -0.032420
12.172439 -0.033097
12.177440 -0.020422
12.182441 -0.011094
12.187442 -0.011186
12.192443 -0.012887
12.197444 0.004233
12.202445 0.018572
12.207446 0.012628
12.212447 0.013725
12.217448 0.030223
12.222449 0.035325
12.227450 0.022065
12.232451 0.018810
12.237452 0.029509
12.242453 0.028467
12.247454 0.015920
12.252455 0.002531
12.257456 0.003684
12.262457 0.003556
12.267458 -0.017661
12.272459 -0.027336
12.277460 -0.021886
12.282461 -0.020788
12.287462 -0.031982
12.292463 -0.042700
12.297464 -0.031433
12.302465 -0.021118
12.307466 -0.031342
12.312467 -0.038347
12.317468 -0.026568
12.322469 -0.016673
12.327470 -0.024209
12.332471 -0.027757
12.337472 -0.013088
12.342473 0.000409
12.347474 -0.002060
12.352475 -0.003907
12.357476 0.012554
12.362477 0.025613
12.367478 0.016084
12.372479 0.008823
12.377480 0.019650
12.382481 0.024168
12.387482 0.012426
12.392483 0.002970
12.397484 0.012243
12.402485 0.019687
12.407486 0.007048
12.412487 0.000903
12.417488 0.012627
12.422489 0.021442
12.427490 0.009627
12.432491 0.002366
12.437492 0.013340
12.442493 0.019705
12.447494 0.009316
12.452495 0.000372
12.457496 0.010926
12.462497 0.014895
12.467498 0.003756
12.472499 -0.003121
12.477501 0.005475
12.482502 0.014145
12.487503 0.005695
12.492504 0.000116
12.497505 0.012663
12.502506 0.021662
12.507507 0.013797
12.512508 0.009919
12.517509 0.024862
12.522510 0.034099
12.527511 0.022997
12.532512 0.016778
12.537513 0.023948
12.542514 0.027331
12.547515 0.009645
12.552516 -0.003762
12.557517 -0.000286
12.562518 -0.000780
12.567519 -0.013821
12.572520 -0.029203
12.577521 -0.022234
12.582522 -0.019052
12.587523 -0.031672
12.592524 -0.031782
12.597525 -0.018375
12.602526 -0.004438
12.607527 -0.007932
12.612528 -0.012285
12.617529 0.002969
12.622530 0.009937
12.627531 0.001195
12.632532 -0.005262
12.637533 0.001121
12.642534 0.007925
12.647535 -0.006908
12.652536 -0.016345
12.657537 -0.007969
12.662538 -0.004640
12.667539 -0.015120
12.672540 -0.026259
12.677541 -0.015047
12.682542 -0.007347
12.687543 -0.016839
12.692544 -0.020095
12.697545 -0.008828
12.702546 0.005858
12.707547 -0.000744
12.712548 -0.006487
12.717549 0.006828
12.722550 0.015149
12.727551 0.006590
12.732552 -0.002080
12.737553 0.008053
12.742554 0.014838
12.747555 0.004560
12.752556 -0.004293
12.757557 0.003444
12.762558 0.006937
12.767559 -0.007548
12.772560 -0.012359
12.777561 -0.002939
12.782562 0.003352
12.787563 -0.006195
12.792564 -0.012688
12.797565 -0.001476
12.802566 0.006553
12.807567 -0.003379
12.812568 -0.012377
12.817569 0.004065
12.822570 0.009808
12.827571 -0.001678
12.832572 -0.003525
12.837573 0.005090
12.842574 0.017234
12.847575 0.005419
12.852576 -0.004147
12.857577 0.006041
12.862578 0.005400
12.867579 -0.006177
12.872580 -0.019108
12.877581 -0.016145
12.882582 -0.008720
12.887583 -0.021888
12.892584 -0.030759
12.897585 -0.016694
12.902586 -0.006086
12.907587 -0.012268
12.912588 -0.012140
12.917589 0.004888
12.922590 0.017746
12.927591 0.011710
12.932592 0.007010
12.937593 0.021916
12.942594 0.030512
12.947595 0.018038
12.952596 0.011180
12.957597 0.019556
12.962598 0.027732
12.967599 0.021019
12.972600 0.011472
12.977601 0.022080
12.982602 0.031957
12.987603 0.020708
12.992604 0.011929
12.997605 0.019209
13.002606 0.018642
13.007607 0.000114
13.012608 -0.011189
13.017609 -0.006379
13.022610 -0.002026
13.027611 -0.009726
13.032612 -0.014097
13.037613 -0.001368
13.042614 0.006241
13.047615 -0.000654
13.052616 -0.003215
13.057617 0.004997
13.062618 0.011929
13.067619 0.002766
13.072620 -0.009836
13.077621 -0.004660
13.082622 -0.000636
13.087623 -0.015140
13.092624 -0.025383
13.097625 -0.015817
13.102626 -0.010147
13.107627 -0.019694
13.112628 -0.023919
13.117629 -0.012909
13.122630 -0.003691
13.127631 -0.011519
13.132632 -0.014519
13.137633 -0.002594
13.142634 0.005637
13.147635 -0.002776
13.152636 -0.011665
13.157637 0.000241
13.162638 0.003698
13.167639 -0.008574
13.172640 -0.017957
13.177641 -0.010019
13.182642 -0.002319
13.187643 -0.017281
13.192644 -0.019219
13.197645 -0.010422
13.202646 -0.001807
13.207647 -0.009544
13.212648 -0.020042
13.217649 -0.005191
13.222650 -0.004514
13.227651 -0.013915
13.232652 -0.021670
13.237653 -0.016677
13.242654 -0.005466
13.247655 -0.015159
13.252656 -0.017409
13.257657 -0.001167
13.262658 0.010008
13.267659 0.003972
13.272660 0.002490
13.277661 0.018183
13.282662 0.028517
13.287663 0.018586
13.292664 0.010812
13.297665 0.023451
13.302666 0.029706
13.307667 0.017470
13.312668 0.008489
13.317669 0.018384
13.322670 0.022627
13.327671 0.004923
13.332672 -0.003600
13.337673 0.005032
13.342674 0.011068
13.347675 0.003350
13.352676 -0.005448
13.357677 0.005837
13.362678 0.015915
13.367679 0.000990
13.372680 -0.004405
13.377681 0.011379
13.382682 0.015659
13.387683 0.011726
13.392684 0.007556
13.397685 0.017652
13.402686 0.031388
13.407687 0.017305
13.412688 0.010665
13.417689 0.019079
13.422690 0.020725
13.427691 0.004739
13.432692 -0.012069
13.437693 -0.003930
13.442694 -0.003107
13.447695 -0.018507
13.452696 -0.027634
13.457697 -0.017337
13.462698 -0.012179
13.467699 -0.022293
13.472700 -0.026299
13.477701 -0.017885
13.482702 -0.004790
13.487703 -0.014977
13.492704 -0.020574
13.497705 -0.006198
13.502706 0.002361
13.507707 -0.006363
13.512708 -0.014337
13.517709 0.003002
13.522710 0.010299
13.527711 0.002672
13.532712 -0.001132
13.537713 0.007665
13.542714 0.016957
13.547715 0.002306
13.552716 -0.004004
13.557717 0.007263
13.562718 0.010134
13.567719 -0.000199
13.572720 -0.007424
13.577721 0.004227
13.582722 0.012055
13.587723 0.002379
13.592724 -0.000584
13.597725 0.008214
13.602726 0.014725
13.607727 0.005013
13.612728 -0.007150
13.617729 0.001172
13.622730 0.008762
13.627731 -0.002266
13.632732 -0.011229
13.637733 -0.000035
13.642734 0.006385
13.647735 -0.006107
13.652736 -0.012253
13.657737 -0.001370
13.662738 0.005653
13.667739 -0.006181
13.672740 -0.013734
13.677741 -0.004297
13.682742 0.001245
13.687743 -0.009638
13.692744 -0.016990
13.697745 -0.002175
13.702746 0.006732
13.707747 -0.003584
13.712748 -0.005193
13.717749 0.006768
13.722750 0.019443
13.727751 0.013956
13.732752 0.004226
13.737753 0.020047
13.742754 0.025186
13.747755 0.008433
13.752756 -0.000456
13.757757 0.003641
13.762758 0.008725
13.767759 -0.005340
13.772760 -0.014576
13.777761 -0.003840
13.782762 -0.000438
13.787763 -0.010680
13.792764 -0.016808
13.797765 -0.004499
13.802766 0.004207
13.807767 -0.004791
13.812768 -0.008285
13.817769 0.003256
13.822770 0.009859
13.827771 -0.001499
13.832772 -0.008596
13.837773 0.000696
13.842774 0.008487
13.847775 -0.002871
13.852776 -0.014503
13.857777 -0.001371
13.862778 0.002195
13.867779 -0.010370
13.872780 -0.014302
13.877781 -0.002871
13.882782 0.010334
13.887783 -0.001847
13.892784 -0.005596
13.897785 0.014724
13.902786 0.019772
13.907787 0.008414
13.912788 0.003567
13.917789 0.011413
13.922790 0.014486
13.927791 -0.001939
13.932792 -0.013699
13.937793 -0.004700
13.942794 0.000476
13.947795 -0.013278
13.952796 -0.019625
13.957797 -0.009181
13.962798 -0.002871
13.967799 -0.010700
13.972800 -0.020357
13.977801 -0.007444
13.982802 -0.002231
13.987803 -0.013919
13.992804 -0.017193
13.997805 -0.007462
14.002806 0.005231
14.007807 -0.003695
14.012808 -0.008651
14.017809 0.006200
14.022810 0.013992
14.027811 0.004481
14.032812 0.000859
14.037813 0.012583
14.042814 0.017796
14.047815 0.009712
14.052816 -0.000878
14.057817 0.008011
14.062818 0.014924
14.067819 0.000567
14.072820 -0.004244
14.077821 0.006511
14.082822 0.016351
14.087823 0.007151
14.092824 -0.000147
14.097825 0.013278
14.102826 0.020320
14.107827 0.008651
14.112828 0.000310
14.117829 0.011211
14.122830 0.012400
14.127831 -0.000751
14.132832 -0.008286
14.137833 -0.000495
14.142834 0.005980
14.147835 -0.006110
14.152836 -0.010298
14.157837 -0.000751
14.162838 0.005706
14.167839 -0.004208
14.172840 -0.011853
14.177841 0.000292
14.182842 0.005888
14.187843 -0.006329
14.192844 -0.011725
14.197845 -0.002013
14.202846 0.000401
14.207847 -0.008817
14.212848 -0.015968
14.217849 -0.008213
14.222850 -0.002104
14.227851 -0.012237
14.232852 -0.018675
14.237853 -0.008506
14.242854 0.002541
14.247855 -0.007555
14.252856 -0.009878
14.257857 0.007077
14.262858 0.014942
14.267859 0.011576
14.272860 0.006985
14.277861 0.016332
14.282862 0.024471
14.287863 0.008321
14.292864 -0.004684
14.297865 0.004608
14.302866 0.004864
14.307867 -0.012256
14.312868 -0.020047
14.317869 -0.014396
14.322870 -0.007793
14.327871 -0.017523
14.332872 -0.025040
14.337873 -0.007994
14.342874 -0.000459
14.347875 -0.008891
14.352876 -0.013097
14.357877 -0.001812
14.362878 0.012015
14.367879 0.000090
14.372880 -0.006367
14.377881 0.008192
14.382882 0.012765
14.387883 0.002266
14.392884 -0.003550
14.397885 0.003638
14.402886 0.006637
14.407887 -0.004355
14.412888 -0.014378
14.417889 -0.006477
14.422890 0.001077
14.427891 -0.013445
14.432892 -0.020176
14.437893 -0.007245
14.442894 0.000748
14.447895 -0.006824
14.452896 -0.010537
14.457897 0.008722
14.462898 0.014447
14.467899 0.007131
14.472900 0.005796
14.477901 0.012636
14.482902 0.021287
14.487903 0.006966
14.492904 0.000748
14.497905 0.011100
14.502906 0.015800
14.507907 0.003747
14.512908 -0.003990
14.517909 0.010972
14.522910 0.016422
14.527911 0.006929
14.532912 0.001406
14.537913 0.016678
14.542914 0.024707
14.547915 0.014648
14.552916 0.015452
14.557917 0.025896
14.562918 0.036230
14.567919 0.027085
14.572920 0.019714
14.577921 0.032133
14.582922 0.035023
14.587923 0.022037
14.592924 0.011282
14.597925 0.019202
14.602926 0.020043
14.607927 0.001735
14.612928 -0.006825
14.617929 -0.004008
14.622930 -0.000039
14.627931 -0.011964
14.632932 -0.024255
14.637933 -0.010520
14.642934 -0.005837
14.647935 -0.015933
14.652936 -0.016939
14.657937 -0.007209
14.662938 0.001771
14.667939 -0.006825
14.672940 -0.011946
14.677941 0.000034
14.682942 0.006545
14.687943 -0.004155
14.692944 -0.013757
14.697945 -0.003368
14.702946 -0.002802
14.707947 -0.018622
14.712948 -0.024676
14.717949 -0.023506
14.722950 -0.018220
14.727951 -0.032395
14.732952 -0.044905
14.737953 -0.029450
14.742954 -0.024676
14.747956 -0.034882
14.752957 -0.037443
14.757958 -0.021000
14.762959 -0.011855
14.767960 -0.020854
14.772961 -0.020342
14.777962 -0.006789
14.782963 0.000088
14.787964 -0.008691
14.792965 -0.014654
14.797966 -0.004247
14.802967 0.004038
14.807968 -0.009441
14.812969 -0.016611
14.817970 -0.001174
14.822971 0.005575
14.827972 -0.004156
14.832973 -0.006039
14.837974 0.008080
14.842975 0.017372
14.847976 0.010312
14.852977 0.005300
14.857978 0.016512
14.862979 0.024505
14.867980 0.013092
14.872981 0.005776
14.877982 0.014829
14.882983 0.020645
14.887984 0.010586
14.892985 0.001331
14.897986 0.011007
14.902987 0.018213
14.907988 0.007440
14.912989 -0.000553
14.917990 0.010238
14.922991 0.018725
14.927992 0.007696
14.932993 0.003160
14.937994 0.014994
14.942995 0.019822
14.947996 0.012268
14.952997 0.008574
14.957998 0.021011
14.962999 0.031656
14.968000 0.022401
14.973001 0.018450
14.978002 0.028784
14.983003 0.032350
14.988004 0.021431
14.993005 0.013512
14.998006 0.022382
15.003007 0.027577
15.008008 0.011866
15.013009 0.001038
15.018010 0.013969
15.023011 0.015835
15.028012 0.003964
15.033013 -0.002657
15.038014 0.003562
15.043015 0.011170
15.048016 -0.006242
15.053017 -0.016228
15.058018 -0.007632
15.063019 -0.005144
15.068020 -0.017673
15.073021 -0.028500
15.078022 -0.019721
15.083023 -0.015387
15.088024 -0.026726
15.093025 -0.033640
15.098026 -0.021550
15.103027 -0.017051
15.108028 -0.027293
15.113029 -0.026818
15.118030 -0.020252
15.123031 -0.012790
15.128032 -0.019264
15.133033 -0.029287
15.138034 -0.015826
15.143035 -0.011893
15.148036 -0.024257
15.153037 -0.030238
15.158038 -0.022118
15.163039 -0.012607
15.168040 -0.025702
15.173041 -0.033732
15.178042 -0.016795
15.183043 -0.006388
15.188044 -0.015259
15.193045 -0.017216
15.198046 -0.000152
15.203047 0.013346
15.208048 0.001897
15.213049 0.001659
15.218050 0.017718
15.223051 0.022509
15.228052 0.020424
15.233053 0.009103
15.238054 0.021394
15.243055 0.030795
15.248056 0.013858
15.253057 0.009798
15.258058 0.017315
15.263059 0.023296
15.268060 0.009688
15.273061 0.002244
15.278062 0.012742
15.283063 0.016053
15.288064 0.007036
15.293065 -0.001725
15.298066 0.010346
15.303067 0.018412
15.308068 0.006944
15.313069 0.002317
15.318070 0.013565
15.323071 0.018193
15.328072 0.007676
15.333073 0.002097
15.338074 0.009962
15.343075 0.014004
15.348076 0.003268
15.353077 -0.005511
15.358078 0.001585
15.363079 0.010401
15.368080 -0.002658
15.373081 -0.012955
15.378082 -0.001323
15.383083 0.002591
15.388084 -0.007395
15.393085 -0.014053
15.398086 -0.005822
15.403087 0.002280
15.408088 -0.008987
15.413089 -0.016175
15.418090 -0.000957
15.423091 0.006011
15.428092 -0.001963
15.433093 -0.003994
15.438094 0.005865
15.443095 0.016601
15.448096 0.004456
15.453097 0.000634
15.458098 0.015138
15.463099 0.018686
15.468100 0.010419
15.473101 0.002920
15.478102 0.015138
15.483103 0.019893
15.488104 0.009998
15.493105 0.001274
15.498106 0.006322
15.503107 0.014241
15.508108 -0.004817
15.513109 -0.011420
15.518110 -0.002220
15.523111 -0.001781
15.528112 -0.011109
15.533113 -0.022430
15.538114 -0.012682
15.543115 -0.005091
15.548116 -0.018297
15.553117 -0.025393
15.558118 -0.013285
15.563119 -0.010396
15.568120 -0.021790
15.573121 -0.024680
15.578122 -0.017053
15.583123 -0.011877
15.588124 -0.019010
15.593125 -0.022394
15.598126 -0.011457
15.603127 -0.000483
15.608128 -0.008841
15.613129 -0.013578
15.618130 0.001310
15.623131 0.006394
15.628132 -0.004324
15.633133 -0.010176
15.638134 -0.000355
15.643135 0.004913
15.648136 -0.005805
15.653137 -0.015481
15.658138 -0.004763
15.663139 0.001639
15.668140 -0.011658
15.673141 -0.017675
15.678142 -0.009079
15.683143 -0.001251
15.688144 -0.013816
15.693145 -0.019011
15.698146 -0.004068
15.703147 0.004821
15.708148 -0.002038
15.713149 -0.004982
15.718150 0.011698
15.723151 0.019233
15.728152 0.013216
15.733153 0.009869
15.738154 0.021812
15.743155 0.030299
15.748156 0.016874
15.753157 0.011497
15.758158 0.021209
15.763159 0.028360
15.768160 0.017715
15.773161 0.006778
15.778162 0.019526
15.783163 0.024464
15.788164 0.009155
15.793165 0.003687
15.798166 0.011753
15.803167 0.019324
15.808168 0.009503
15.813169 -0.001361
15.818170 0.009137
15.823171 0.016343
15.828172 0.005369
15.833173 -0.003300
15.838174 0.007491
15.843175 0.013087
15.848176 -0.000118
15.853177 -0.006263
15.858178 0.005040
15.863179 0.007033
15.868180 -0.005459
15.873181 -0.009482
15.878182 -0.001508
15.883183 0.004985
15.888184 -0.005971
15.893185 -0.012135
15.898186 -0.002953
15.903187 0.004180
15.908188 -0.003831
15.913189 -0.015098
15.918190 -0.002551
15.923191 0.003796
15.928192 -0.011970
15.933193 -0.017530
15.938194 -0.009391
15.943195 -0.005861
15.948196 -0.018445
15.953197 -0.028614
15.958198 -0.014823
15.963199 -0.012080
15.968200 -0.022249
15.973201 -0.022505
15.978202 -0.013635
15.983203 -0.001856
15.988204 -0.012409
15.993205 -0.015592
15.998206 -0.001179
16.003207 0.005588
16.008208 0.000412
16.013209 -0.008184
16.018210 0.006411
16.023211 0.012062
16.028212 -0.003393
16.033213 -0.006685
16.038214 0.000887
16.043215 0.003667
16.048216 -0.007727
16.053217 -0.015116
16.058218 -0.005441
16.063219 0.000668
16.068220 -0.009099
16.073221 -0.013946
16.078222 -0.000082
16.083223 0.007929
16.088224 -0.001399
16.093225 -0.006520
16.098226 0.005112
16.103227 0.015281
16.108228 0.001875
16.113229 -0.002204
16.118230 0.010434
16.123231 0.014147
16.128232 0.008166
16.133233 -0.002844
16.138234 0.010782
16.143235 0.017256
16.148236 0.001527
16.153237 -0.001198
16.158238 0.004600
16.163239 0.013196
16.168240 0.004782
16.173241 -0.005003
16.178242 0.006246
16.183243 0.014677
16.188244 0.000448
16.193245 -0.005460
16.198246 0.008440
16.203247 0.010251
16.208248 0.002039
16.213249 -0.005058
16.218250 0.005989
16.223251 0.012665
16.228252 0.001709
16.233253 -0.002113
16.238254 0.007599
16.243255 0.017841
16.248256 0.006337
16.253257 0.003557
16.258258 0.017731
16.263259 0.022871
16.268260 0.014659
16.273261 0.009098
16.278262 0.018609
16.283263 0.021206
16.288264 0.009592
16.293265 0.002148
16.298266 0.008001
16.303267 0.010744
16.308268 -0.000925
16.313269 -0.013380
16.318270 -0.005461
16.323271 0.003373
16.328272 -0.012923
16.333273 -0.020477
16.338274 -0.005680
16.343275 -0.002022
16.348276 -0.010618
16.353277 -0.013344
16.358278 -0.003613
16.363279 0.004233
16.368280 -0.009192
16.373281 -0.010253
16.378282 0.002788
16.383283 0.003300
16.388284 -0.003522
16.393285 -0.011679
16.398286 -0.000852
16.403287 0.004690
16.408288 -0.010125
16.413289 -0.014222
16.418290 -0.006906
16.423291 -0.001309
16.428292 -0.012155
16.433293 -0.021245
16.438294 -0.008314
16.443295 -0.003248
16.448296 -0.015228
16.453297 -0.016892
16.458298 -0.005882
16.463299 -0.000669
16.468300 -0.009558
16.473301 -0.017185
16.478302 -0.005918
16.483303 0.003226
16.488304 -0.010436
16.493305 -0.019106
16.498306 -0.003834
16.503307 -0.001163
16.508308 -0.013198
16.513309 -0.012814
16.518310 -0.003248
16.523311 0.003208
16.528312 -0.005718
16.533313 -0.007327
16.538314 0.003153
16.543315 0.007012
16.548316 0.002348
16.553317 -0.005864
16.558318 0.005787
16.563319 0.015041
16.568320 0.000885
16.573321 -0.003998
16.578322 0.006006
16.583323 0.012060
16.588324 0.002513
16.593325 -0.006193
16.598326 0.005146
16.603327 0.011932
16.608328 0.001488
16.613329 -0.002572
16.618330 0.011639
16.623331 0.018516
16.628332 0.006792
16.633333 0.003226
16.638334 0.013779
16.643335 0.019412
16.648336 0.009060
16.653337 0.002787
16.658338 0.013249
16.663339 0.019778
16.668340 0.007908
16.673341 0.001634
16.678342 0.013889
16.683343 0.017492
16.688344 0.006189
16.693345 -0.001329
16.698346 0.007871
16.703347 0.014273
16.708348 0.001872
16.713349 -0.005096
16.718350 0.005713
16.723351 0.010541
16.728352 -0.000926
16.733353 -0.006377
16.738354 0.004195
16.743355 0.010962
16.748356 -0.002024
16.753357 -0.007950
16.758358 0.003554
16.763359 0.007688
16.768360 -0.005152
16.773361 -0.014571
16.778362 -0.001366
16.783363 0.000335
16.788364 -0.013510
16.793365 -0.017186
16.798366 -0.008590
16.803367 -0.000963
16.808368 -0.012047
16.813369 -0.017278
16.818370 -0.004000
16.823371 0.003920
16.828372 -0.007548
16.833373 -0.011279
16.838374 0.001579
16.843375 0.005987
16.848376 -0.003872
16.853377 -0.013602
16.858378 -0.001805
16.863379 0.002566
16.868380 -0.010968
16.873381 -0.015925
16.878382 -0.007091
16.883383 0.000061
16.888384 -0.012066
16.893385 -0.018065
16.898386 -0.005683
16.903387 0.000646
16.908388 -0.009889
16.913389 -0.013694
16.918390 -0.000964
16.923391 0.005492
16.928392 -0.004567
16.933393 -0.009066
16.938394 0.008309
16.943395 0.014656
16.948396 0.004852
16.953397 0.000316
16.958398 0.009571
16.963399 0.016942
16.968400 0.002932
16.973401 -0.003671
16.978402 0.003261
16.983403 0.006407
16.988404 -0.003415
16.993405 -0.013438
16.998406 -0.003177
17.003407 0.001651
17.008408 -0.010164
17.013410 -0.013145
17.018411 -0.002318
17.023412 0.003462
17.028413 -0.004750
17.033414 -0.009359
17.038415 0.005273
17.043416 0.012899
17.048417 -0.000452
17.053418 -0.002793
17.058419 0.009753
17.063420 0.014893
17.068421 0.005309
17.073422 -0.001714
17.078423 0.009150
17.083424 0.013448
17.088425 0.000773
17.093426 -0.005866
17.098427 0.001157
17.103428 0.009168
17.108429 -0.000398
17.113430 -0.010549
17.118431 0.005327
17.123432 0.012167
17.128433 -0.000398
17.133434 -0.003489
17.138435 0.008839
17.143436 0.018294
17.148437 0.003809
17.153438 -0.001038
17.158439 0.011289
17.163440 0.015825
17.168441 0.007064
17.173442 -0.002044
17.178443 0.011216
17.183444 0.016593
17.188445 0.003242
17.193446 -0.000453
17.198447 0.009844
17.203448 0.016301
17.208449 0.003132
17.213450 -0.003654
17.218451 0.008948
17.223452 0.012789
17.228453 0.001833
17.233454 -0.003562
17.238455 0.007210
17.243456 0.011856
17.248457 0.001943
17.253458 -0.003526
17.258459 0.004887
17.263460 0.013374
17.268461 -0.000910
17.273462 -0.007641
17.278463 0.004650
17.283464 0.006735
17.288465 -0.003160
17.293466 -0.010952
17.298467 -0.000655
17.303468 0.006442
17.308469 -0.007641
17.313470 -0.014171
17.318471 -0.002008
17.323472 0.002857
17.328473 -0.011190
17.333474 -0.016165
17.338475 -0.004276
17.343476 -0.001405
17.348477 -0.010806
17.353478 -0.018890
17.358479 -0.007934
17.363480 -0.001880
17.368481 -0.017957
17.373482 -0.020847
17.378483 -0.011976
17.383484 -0.008648
17.388485 -0.018707
17.393486 -0.025804
17.398487 -0.013110
17.403488 -0.008190
17.408489 -0.019750
17.413490 -0.021890
17.418491 -0.008867
17.423492 -0.004514
17.428493 -0.012233
17.433494 -0.017976
17.438495 -0.006142
17.443496 0.002765
17.448497 -0.009855
17.453498 -0.012580
17.458499 -0.001094
17.463500 0.008709
17.468501 -0.002795
17.473502 -0.004679
17.478503 0.012678
17.483504 0.013849
17.488505 0.011233
17.493506 0.004246
17.498507 0.016226
17.503508 0.027182
17.508509 0.012678
17.513510 0.010593
17.518511 0.017890
17.523512 0.024639
17.528513 0.012385
17.533514 0.002070
17.538515 0.014763
17.543516 0.017214
17.548517 0.005014
17.553518 -0.001845
17.558519 0.010172
17.563520 0.012422
17.568521 0.001484
17.573522 -0.002210
17.578523 0.005270
17.583524 0.014049
17.588525 -0.000985
17.593526 -0.005393
17.598527 0.005672
17.603528 0.008983
17.608529 -0.000363
17.613530 -0.010148
17.618531 0.005617
17.623532 0.006971
17.628533 -0.003820
17.633534 -0.003912
17.638535 0.002325
17.643536 0.013372
17.648537 0.000313
17.653538 -0.005466
17.658539 0.008562
17.663540 0.008909
17.668541 -0.000583
17.673542 -0.007058
17.678543 0.002599
17.683544 0.008141
17.688545 -0.004552
17.693546 -0.011594
17.698547 0.000075
17.703548 0.005379
17.708549 -0.009051
17.713550 -0.013441
17.718551 -0.002559
17.723552 0.001776
17.728553 -0.009893
17.733554 -0.014630
17.738555 -0.002376
17.743556 0.001904
17.748557 -0.006436
17.753558 -0.010716
17.758559 0.002288
17.763560 0.009403
17.768561 -0.000766
17.773562 -0.004351
17.778563 0.006165
17.783564 0.013994
17.788565 0.003276
17.793566 -0.003949
17.798567 0.007391
17.803568 0.013683
17.808569 0.000148
17.813570 -0.005485
17.818571 0.005342
17.823572 0.007994
17.828573 -0.001462
17.833574 -0.010570
17.838575 -0.000309
17.843576 0.009622
17.848577 -0.004882
17.853578 -0.010771
17.858579 0.003349
17.863580 0.007958
17.868581 -0.003492
17.873582 -0.009253
17.878583 0.002964
17.883584 0.007390
17.888585 -0.005669
17.893586 -0.013021
17.898587 -0.002760
17.903588 0.002964
17.908589 -0.012125
17.913590 -0.017155
17.918591 -0.006291
17.923592 -0.003017
17.928593 -0.012564
17.933594 -0.018600
17.938595 -0.006602
17.943596 0.001629
17.948597 -0.009199
17.953598 -0.014046
17.958599 -0.001352
17.963600 0.005525
17.968601 -0.003858
17.973602 -0.009272
17.978603 0.002159
17.983604 0.009841
17.988605 0.000806
17.993606 -0.005248
17.998607 0.005415
18.003608 0.014688
18.008609 0.001812
18.013610 -0.005029
18.018611 0.009822
18.023612 0.011889
18.028613 -0.000292
18.033614 -0.004645
18.038615 0.005305
18.043616 0.009237
18.048617 -0.002944
18.053618 -0.008651
18.058619 0.003969
18.063620 0.011413
18.068621 -0.003310
18.073622 -0.005249
18.078623 0.007573
18.083624 0.013334
18.088625 0.006164
18.093626 -0.003255
18.098627 0.009694
18.103628 0.018528
18.108629 0.004335
18.113630 -0.001664
18.118631 0.012456
18.123632 0.015089
18.128633 0.000311
18.133634 -0.001536
18.138635 0.007280
18.143636 0.010755
18.148637 -0.000036
18.153638 -0.008688
18.158639 0.004317
18.163640 0.008121
18.168641 -0.004079
18.173642 -0.007480
18.178643 0.003073
18.183644 0.009456
18.188645 -0.005249
18.193646 -0.009913
18.198647 0.002140
18.203648 0.004024
18.208649 -0.006036
18.213650 -0.014028
18.218651 -0.004024
18.223652 0.001701
18.228653 -0.011120
18.233654 -0.017120
18.238655 -0.006310
18.243656 -0.000165
18.248657 -0.012072
18.253658 -0.014797
18.258659 -0.003457
18.263660 0.000859
18.268661 -0.007774
18.273662 -0.013480
18.278663 -0.001646
18.283664 0.003621
18.288665 -0.007609
18.293666 -0.013901
18.298667 -0.002396
18.303668 0.005907
18.308669 -0.005780
18.313670 -0.013334
18.318671 0.000054
18.323672 0.007663
18.328673 -0.005451
18.333674 -0.010901
18.338675 -0.002067
18.343676 0.003237
18.348677 -0.007006
18.353678 -0.013846
18.358679 -0.000915
18.363680 0.005285
18.368681 -0.006805
18.373682 -0.010261
18.378683 0.003547
18.383684 0.008614
18.388685 -0.000330
18.393686 -0.006658
18.398687 0.005450
18.403688 0.013845
18.408689 0.001078
18.413690 -0.003019
18.418691 0.006675
18.423692 0.012893
18.428693 0.002084
18.433694 -0.005378
18.438695 0.008248
18.443696 0.011906
18.448697 0.001243
18.453698 -0.002909
18.458699 0.006419
18.463700 0.013021
18.468701 0.000438
18.473702 -0.003092
18.478703 0.009253
18.483704 0.012235
18.488705 0.003693
18.493706 -0.000733
18.498707 0.010113
18.503708 0.015874
18.508709 0.005449
18.513710 -0.000751
18.518711 0.008229
18.523712 0.015911
18.528713 0.004297
18.533714 -0.005635
18.538715 0.006894
18.543716 0.014228
18.548717 -0.002379
18.553718 -0.007446
18.558719 0.007461
18.563720 0.009729
18.568721 -0.000569
18.573722 -0.007519
18.578723 0.002230
18.583724 0.011320
18.588725 -0.004538
18.593726 -0.010281
18.598727 0.002669
18.603728 0.006272
18.608729 -0.004245
18.613730 -0.010866
18.618731 0.001461
18.623732 0.006290
18.628733 -0.003715
18.633734 -0.006751
18.638735 0.002449
18.643736 0.009180
18.648737 -0.001429
18.653738 -0.007556
18.658739 0.003327
18.663740 0.006857
18.668741 -0.004849
18.673742 -0.012567
18.678743 -0.000094
18.683744 0.004881
18.688745 -0.010793
18.693746 -0.013098
18.698747 -0.003550
18.703748 0.000748
18.708749 -0.008964
18.713750 -0.015604
18.718751 -0.001118
18.723752 0.002650
18.728753 -0.009348
18.733754 -0.012147
18.738755 -0.003551
18.743756 0.002942
18.748757 -0.007373
18.753758 -0.012824
18.758759 0.000235
18.763760 0.005503
18.768761 0.000418
18.773762 -0.005910
18.778763 0.005631
18.783764 0.017190
18.788765 0.001644
18.793766 -0.003752
18.798767 0.008941
18.803768 0.014428
18.808769 0.001241
18.813770 -0.004776
18.818771 0.009051
18.823772 0.011813
18.828773 0.000839
18.833774 -0.005069
18.838775 0.006271
18.843776 0.011227
18.848777 -0.001283
18.853778 -0.006386
18.858779 0.001954
18.863780 0.005941
18.868781 -0.007410
18.873782 -0.012952
18.878783 -0.004667
18.883784 -0.001649
18.888785 -0.010447
18.893786 -0.019299
18.898787 -0.006715
18.903788 0.002320
18.908789 -0.011855
18.913790 -0.015385
18.918791 0.000107
18.923792 0.004057
18.928793 -0.007667
18.933794 -0.011105
18.938795 0.002192
18.943796 0.008191
18.948797 -0.004868
18.953798 -0.008087
18.958799 0.003527
18.963800 0.006160
18.968801 -0.005307
18.973802 -0.010173
18.978803 0.003124
18.983804 0.006252
18.988805 -0.006277
18.993806 -0.009770
18.998807 0.000362
19.003808 0.004971
19.008809 -0.007118
19.013810 -0.013044
19.018811 -0.001046
19.023812 0.003819
19.028813 -0.008289
19.033814 -0.009844
19.038815 0.001130
19.043816 0.006197
19.048817 -0.001284
19.053818 -0.008051
19.058819 0.005355
19.063820 0.011208
19.068821 -0.000205
19.073822 -0.003406
19.078823 0.007422
19.083824 0.015378
19.088825 0.003416
19.093826 -0.001467
19.098827 0.011647
19.103828 0.015707
19.108829 0.006763
19.113830 0.000398
19.118831 0.010366
19.123832 0.018268
19.128833 0.005995
19.133834 -0.000059
19.138835 0.011811
19.143836 0.018048
19.148837 0.006580
19.153838 -0.000626
19.158839 0.010897
19.163840 0.015652
19.168841 0.003507
19.173842 -0.001723
19.178843 0.008025
19.183844 0.012177
19.188845 0.005099
19.193846 -0.002400
19.198847 0.004861
19.203848 0.014573
19.208849 0.000014
19.213850 -0.006223
19.218851 0.003269
19.223852 0.006232
19.228853 -0.003388
19.233854 -0.011326
19.238855 0.001861
19.243856 0.004220
19.248857 -0.006241
19.253858 -0.009625
19.258859 -0.001230
19.263860 0.006891
19.268861 -0.006443
19.273862 -0.011491
19.278863 0.000453
19.283865 0.002684
19.288866 -0.008784
19.293867 -0.015350
19.298868 -0.002346
19.303869 0.001733
19.308870 -0.010192
19.313871 -0.015094
19.318872 -0.007339
19.323873 0.002098
19.328874 -0.011765
19.333875 -0.016887
19.338876 -0.000974
19.343877 -0.001560
19.348878 -0.010394
19.353879 -0.014564
19.358880 -0.003663
19.363881 0.002720
19.368882 -0.009662
19.373883 -0.012826
19.378884 -0.003023
19.383885 0.004330
19.388886 -0.007650
19.393887 -0.014729
19.398888 0.001476
19.403889 0.005299
19.408890 -0.005511
19.413891 -0.008620
19.418892 0.000964
19.423893 0.007603
19.428894 -0.002749
19.433895 -0.009205
19.438896 0.001641
19.443897 0.007493
19.448898 -0.003737
19.453899 -0.008455
19.458900 0.001933
19.463901 0.007859
19.468902 -0.001999
19.473903 -0.008949
19.478904 0.003762
19.483905 0.012486
19.488906 -0.001085
19.493907 -0.003901
19.498908 0.012669
19.503909 0.014041
19.508910 0.005463
19.513911 0.002354
19.518912 0.012907
19.523913 0.018869
19.528914 0.006249
19.533915 0.001713
19.538916 0.011023
19.543917 0.017150
19.548918 0.005316
19.553919 -0.001707
19.558920 0.009523
19.563921 0.013108
19.568922 0.000689
19.573923 -0.005804
19.578924 0.005097
19.583925 0.007200
19.588926 -0.005950
19.593927 -0.009188
19.598928 0.000561
19.603929 0.004420
19.608930 -0.005767
19.613931 -0.013486
19.618932 -0.002347
19.623933 0.003835
19.628934 -0.010011
19.633935 -0.015736
19.638936 -0.003865
19.643937 0.003524
19.648938 -0.011145
19.653939 -0.014711
19.658940 -0.000646
19.663941 0.001713
19.668942 -0.004853
19.673943 -0.013376
19.678944 -0.000080
19.683945 0.009065
19.688946 -0.004378
19.693947 -0.007725
19.698948 0.002499
19.703949 0.008992
19.708950 -0.000958
19.713951 -0.005384
19.718952 0.004932
19.723953 0.011626
19.728954 0.000999
19.733955 -0.005603
19.738956 0.006358
19.743957 0.012010
19.748958 0.000231
19.753959 -0.007634
19.758960 0.004419
19.763961 0.008425
19.768962 -0.002714
19.773963 -0.008567
19.778964 0.001365
19.783965 0.008791
19.788966 -0.004543
19.793967 -0.006811
19.798968 0.005041
19.803969 0.006614
19.808970 -0.000940
19.813971 -0.007725
19.818972 0.002115
19.823973 0.011003
19.828974 -0.002623
19.833975 -0.009006
19.838976 0.003596
19.843977 0.008095
19.848978 -0.003610
19.853979 -0.008347
19.858980 0.002992
19.863981 0.006083
19.868982 -0.002842
19.873983 -0.007360
19.878984 -0.000062
19.883985 0.009577
19.888986 -0.000245
19.893987 -0.007305
19.898988 0.005370
19.903989 0.009576
19.908990 -0.001215
19.913991 -0.006189
19.918992 0.004931
19.923993 0.010619
19.928994 -0.000154
19.933995 -0.005988
19.938996 0.005040
19.943997 0.012210
19.948998 -0.000831
19.953999 -0.008951
19.959000 0.004290
19.964001 0.009357
19.969002 -0.003885
19.974003 -0.007287
19.979004 0.004327
19.984005 0.008826
19.989006 -0.001233
19.994007 -0.007159
19.999008 0.004565
20.004009 0.010125
20.009010 -0.003611
20.014011 -0.004873
20.019012 0.005571
20.024013 0.010545
20.029014 0.003394
20.034015 -0.007031
20.039016 0.008826
20.044017 0.015246
20.049018 -0.000447
20.054019 -0.000337
20.059020 0.007399
20.064021 0.012466
20.069022 0.002059
20.074023 -0.007708
20.079024 0.005022
20.084025 0.008515
20.089026 -0.004215
20.094027 -0.009409
20.099028 0.000467
20.104029 0.007216
20.109030 -0.006666
20.114031 -0.011988
20.119032 0.000870
20.124033 0.001199
20.129034 -0.005861
20.134035 -0.011915
20.139036 -0.002240
20.144037 0.005332
20.149038 -0.009995
20.154039 -0.012482
20.159040 -0.002240
20.164041 0.002406
20.169042 -0.006959
20.174043 -0.013104
20.179044 -0.004380
20.184045 0.001253
20.189046 -0.006410
20.194047 -0.015080
20.199048 -0.004453
20.204049 0.001692
20.209050 -0.009794
20.214051 -0.014970
20.219052 -0.004563
20.224053 0.002881
20.229054 -0.008111
20.234055 -0.012647
20.239056 0.000394
20.244057 0.008789
20.249058 0.001674
20.254059 -0.002570
20.259060 0.011770
20.264061 0.016671
20.269062 0.007216
20.274063 0.002734
20.279064 0.013032
20.284065 0.021116
20.289066 0.006740
20.294067 0.001820
20.299068 0.010727
20.304069 0.016415
20.309070 0.006283
20.314071 -0.005094
20.319072 0.009300
20.324073 0.013855
20.329074 -0.000320
20.334075 -0.003356
20.339076 0.007727
20.344077 0.011605
20.349078 0.001582
20.354079 -0.001912
20.359080 0.007563
20.364081 0.014677
20.369082 0.001088
20.374083 -0.005478
20.379084 0.007416
20.384085 0.009081
20.389086 -0.000174
20.394087 -0.006759
20.399088 0.003484
20.404089 0.007818
20.409090 -0.004893
20.414091 -0.005423
20.419092 0.000960
20.424093 0.005496
20.429094 -0.002406
20.434095 -0.009740
20.439096 0.000045
20.444097 0.006191
20.449098 -0.002900
20.454099 -0.011843
20.459100 0.001984
20.464101 0.009153
20.469102 -0.003778
20.474103 -0.008624
20.479104 0.002185
20.484105 0.007983
20.489106 -0.004802
20.494107 -0.011880
20.499108 -0.001821
20.504109 0.003941
20.509110 -0.009649
20.514111 -0.013984
20.519112 -0.005058
20.524113 -0.000376
20.529114 -0.007235
20.534115 -0.014642
20.539116 -0.002809
20.544117 0.002404
20.549118 -0.006942
20.554119 -0.013618
20.559120 -0.002132
20.564121 0.006062
20.569122 -0.007546
20.574123 -0.012722
20.579124 -0.001437
20.584125 0.004873
20.589126 -0.006302
20.594127 -0.012576
20.599128 -0.001291
20.604129 0.004763
20.609130 -0.007765
20.614131 -0.013966
20.619132 -0.001273
20.624133 0.004507
20.629134 -0.008022
20.634135 -0.014990
20.639136 -0.001968
20.644137 0.002440
20.649138 -0.009759
20.654139 -0.011606
20.659140 0.001233
20.664141 0.005220
20.669142 -0.005059
20.674143 -0.008918
20.679144 0.003355
20.684145 0.010067
20.689146 -0.001218
20.694147 -0.005370
20.699148 0.004580
20.704149 0.013743
20.709150 0.004690
20.714151 -0.004144
20.719152 0.010981
20.724153 0.016816
20.729154 0.006665
20.734155 0.001178
20.739156 0.009609
20.744157 0.017236
20.749158 0.006573
20.754159 0.000446
20.759160 0.010524
20.764161 0.017419
20.769162 0.005970
20.774163 -0.000395
20.779164 0.009975
20.784165 0.014566
20.789166 0.005018
20.794167 -0.003230
20.799168 0.007835
20.804169 0.013377
20.809170 0.000300
20.814171 -0.004639
20.819172 0.003153
20.824173 0.010268
20.829174 -0.000688
20.834175 -0.008772
20.839176 0.005000
20.844177 0.008402
20.849178 -0.002407
20.854179 -0.007766
20.859180 0.003372
20.864181 0.008054
20.869182 -0.004621
20.874183 -0.006303
20.879184 0.000994
20.884185 0.006445
20.889186 -0.001511
20.894187 -0.012120
20.899188 0.000244
20.904189 0.009188
20.909190 -0.006523
20.914191 -0.012321
20.919192 0.001378
20.924193 0.003262
20.929194 -0.008572
20.934195 -0.011791
20.939196 -0.002993
20.944197 0.002402
20.949198 -0.005828
20.954199 -0.015668
20.959200 -0.002774
20.964201 0.004725
20.969202 -0.008846
20.974203 -0.011059
20.979204 -0.001768
20.984205 0.005383
20.989206 -0.005280
20.994207 -0.011370
20.999208 0.002146
21.004209 0.005530
21.009210 -0.003762
21.014211 -0.008572
21.019212 0.001634
21.024213 0.007084
21.029214 -0.004182
21.034215 -0.008956
21.039216 0.001817
21.044217 0.006371
21.049218 -0.005426
21.054219 -0.009285
21.059220 0.001707
21.064221 0.004780
21.069222 -0.005481
21.074223 -0.011938
21.079224 0.000006
21.084225 0.007431
21.089226 -0.006926
21.094227 -0.011517
21.099228 -0.000141
21.104229 0.006608
21.109230 -0.004347
21.114231 -0.011682
21.119232 0.003536
21.124233 0.007011
21.129234 -0.003268
21.134235 -0.005792
21.139236 0.003462
21.144237 0.010797
21.149238 -0.000781
21.154239 -0.005975
21.159240 0.005035
21.164241 0.010431
21.169242 0.000280
21.174243 -0.006396
21.179244 0.005529
21.184245 0.008528
21.189246 -0.000854
21.194247 -0.004714
21.199248 0.003864
21.204249 0.011711
21.209250 -0.000415
21.214251 -0.004640
21.219252 0.007193
21.224253 0.011509
21.229254 0.002145
21.234255 -0.004695
21.239256 0.007193
21.244257 0.013741
21.249258 0.002145
21.254259 -0.005317
21.259260 0.006571
21.264261 0.013229
21.269262 0.001651
21.274263 -0.003818
21.279264 0.003864
21.284265 0.013795
21.289266 0.002072
21.294267 -0.006214
21.299268 0.008089
21.304269 0.010723
21.309270 0.001761
21.314271 -0.004421
21.319272 0.002748
21.324273 0.013430
21.329274 0.002199
21.334275 -0.008793
21.339276 0.005620
21.344277 0.010704
21.349278 -0.002995
21.354279 -0.008756
21.359280 0.001577
21.364281 0.007412
21.369282 -0.006799
21.374283 -0.009616
21.379284 -0.001331
21.384285 0.004211
21.389286 -0.005483
21.394287 -0.013695
21.399288 0.002492
21.404289 0.003059
21.409290 -0.006562
21.414291 -0.010842
21.419292 -0.002154
21.424293 0.006479
21.429294 -0.006909
21.434295 -0.009068
21.439296 0.000516
21.444297 0.006552
21.449298 -0.002282
21.454299 -0.011518
21.459300 0.001851
21.464301 0.006936
21.469302 -0.003928
21.474303 -0.008135
21.479304 0.001851
21.484305 0.009643
21.489306 -0.001276
21.494307 -0.007330
21.499308 0.003205
21.504309 0.009679
21.509310 -0.000691
21.514311 -0.007513
21.519312 0.006168
21.524313 0.006698
21.529314 -0.003307
21.534315 -0.004642
21.539316 0.000900
21.544317 0.008893
21.549319 -0.001039
21.554320 -0.009928
21.559321 0.001321
21.564322 0.008691
21.569323 -0.006032
21.574324 -0.013147
21.579325 0.000717
21.584326 0.003149
21.589327 -0.006197
21.594328 -0.012818
21.599329 -0.004039
21.604330 0.005875
21.609331 -0.009690
21.614332 -0.015013
21.619333 -0.000088
21.624334 0.001119
21.629335 -0.008501
21.634336 -0.014281
21.639337 -0.002667
21.644338 0.004228
21.649339 -0.008995
21.654340 -0.011629
21.659341 -0.001204
21.664342 0.006075
21.669343 -0.002850
21.674344 -0.009983
21.679345 0.002491
21.684346 0.009550
21.689347 -0.000180
21.694348 -0.007496
21.699349 0.004448
21.704350 0.010593
21.709351 -0.001168
21.714352 -0.006673
21.719353 0.002509
21.724354 0.010227
21.729355 -0.000692
21.734356 -0.007624
21.739357 0.004539
21.744358 0.011196
21.749359 -0.000546
21.754360 -0.008502
21.759361 0.004795
21.764362 0.011800
21.769363 -0.003417
21.774364 -0.007551
21.779365 0.006514
21.784366 0.008508
21.789367 -0.001662
21.794368 -0.005576
21.799369 0.002764
21.804370 0.010227
21.809371 -0.000052
21.814372 -0.008594
21.819373 0.004502
21.824374 0.010227
21.829375 -0.002101
21.834376 -0.006253
21.839377 0.001557
21.844378 0.008123
21.849379 -0.003217
21.854380 -0.011813
21.859381 0.001356
21.864382 0.007867
21.869383 -0.003217
21.874384 -0.010679
21.879385 0.003587
21.884386 0.010062
21.889387 -0.002083
21.894388 -0.004442
21.899389 0.004977
21.904390 0.011250
21.909391 0.002307
21.914392 -0.002961
21.919393 0.008287
21.924394 0.013189
21.929395 0.002544
21.934396 -0.003016
21.939397 0.007702
21.944398 0.012037
21.949399 0.000880
21.954400 -0.003235
21.959401 0.005946
21.964402 0.011525
21.969403 0.001611
21.974404 -0.004333
21.979405 0.006330
21.984406 0.012055
21.989407 0.000989
21.994408 -0.006656
21.999409 0.007171
22.004410 0.012165
22.009411 -0.000638
22.014412 -0.004461
22.019413 0.004007
22.024414 0.010994
22.029415 -0.001498
22.034416 -0.008759
22.039417 0.005123
22.044418 0.006915
22.049419 -0.005156
22.054420 -0.010533
22.059421 -0.001882
22.064422 0.002526
22.069423 -0.009436
22.074424 -0.013917
22.079425 -0.005101
22.084426 0.000294
22.089427 -0.009765
22.094428 -0.016953
22.099429 -0.004663
22.104430 -0.000145
22.109431 -0.011320
22.114432 -0.014539
22.119433 -0.006766
22.124434 0.000038
22.129435 -0.006638
22.134436 -0.016752
22.139437 -0.002194
22.144438 0.004354
22.149439 -0.009235
22.154440 -0.010753
22.159441 -0.003748
22.164442 0.007866
22.169443 -0.001426
22.174444 -0.012820
22.179445 0.004354
22.184446 0.009530
22.189447 -0.000987
22.194448 -0.007114
22.199449 0.002324
22.204450 0.011908
22.209451 -0.000365
22.214452 -0.006236
22.219453 0.003421
22.224454 0.011121
22.229455 0.001226
22.234456 -0.007626
22.239457 0.006055
22.244458 0.011340
22.249459 0.000842
22.254460 -0.003474
22.259461 0.006292
22.264462 0.012749
22.269463 0.002214
22.274464 -0.003987
22.279465 0.007390
22.284466 0.013681
22.289467 0.001720
22.294468 -0.004499
22.299469 0.004372
22.304470 0.009694
22.309471 -0.000475
22.314472 -0.009291
22.319473 0.000439
22.324474 0.006731
22.329475 -0.004426
22.334476 -0.011303
22.339477 -0.002505
22.344478 0.005378
22.349479 -0.005523
22.354480 -0.012839
22.359481 -0.000439
22.364482 0.005067
22.369483 -0.004847
22.374484 -0.010827
22.379485 0.000000
22.384486 0.005835
22.389487 -0.005084
22.394488 -0.010443
22.399489 0.001043
22.404490 0.007718
22.409491 -0.006786
22.414492 -0.010224
22.419493 0.000567
22.424494 0.002689
22.429495 -0.002963
22.434496 -0.012419
22.439497 -0.002268
22.444498 0.008066
22.449499 -0.008048
22.454500 -0.012565
22.459501 -0.000695
22.464502 0.003786
22.469503 -0.006402
22.474504 -0.013041
22.479505 -0.001043
22.484506 0.003603
22.489507 -0.006475
22.494508 -0.011834
22.499509 -0.001829
22.504510 0.003877
22.509511 -0.006237
22.514512 -0.012438
22.519513 -0.002378
22.524514 0.006712
22.529515 -0.004024
22.534516 -0.008487
22.539517 0.004956
22.544518 0.010955
22.549519 0.001170
22.554520 -0.003567
22.559521 0.007059
22.564522 0.015326
22.569523 0.005724
22.574524 -0.002964
22.579525 0.009821
22.584526 0.015326
22.589527 0.002816
22.594528 -0.002488
22.599529 0.007626
22.604530 0.013552
22.609531 0.003419
22.614532 -0.003513
22.619533 0.004791
22.624534 0.014027
22.629535 0.002761
22.634536 -0.005122
22.639537 0.009162
22.644538 0.014174
22.649539 0.003675
22.654540 -0.002415
22.659541 0.009254
22.664542 0.015472
22.669543 0.003236
22.674544 0.000420
22.679545 0.008467
22.684546 0.017063
22.689547 0.007004
22.694548 -0.003934
22.699549 0.009967
22.704550 0.013186
22.709551 0.000639
22.714552 -0.005635
22.719553 0.001389
22.724554 0.008375
22.729555 -0.001574
22.734556 -0.011085
22.739557 -0.001940
22.744558 0.007168
22.749559 -0.006824
22.754560 -0.016023
22.759561 -0.002196
22.764562 0.004553
22.769563 -0.008232
22.774564 -0.017304
22.779565 -0.003806
22.784566 0.001864
22.789567 -0.010683
22.794568 -0.014359
22.799569 -0.005781
22.804570 0.002102
22.809571 -0.008378
22.814572 -0.015091
22.819573 -0.003349
22.824574 0.001132
22.829575 -0.005269
22.834576 -0.011433
22.839577 -0.004355
22.844578 0.006162
22.849579 -0.004739
22.854580 -0.012000
22.859581 0.000474
22.864582 0.004662
22.869583 -0.002526
22.874584 -0.009202
22.879585 0.000839
22.884586 0.008960
22.889587 -0.002691
22.894588 -0.006458
22.899589 0.003162
22.904590 0.008393
22.909591 0.000053
22.914592 -0.006074
22.919593 0.004259
22.924594 0.011959
22.929595 -0.001721
22.934596 -0.006276
22.939597 0.005850
22.944598 0.010496
22.949599 0.002138
22.954600 -0.006056
22.959601 0.007423
22.964602 0.012819
22.969603 0.000821
22.974604 -0.003587
22.979605 0.004223
22.984606 0.010971
22.989607 -0.002453
22.994608 -0.008398
22.999609 0.004369
23.004610 0.007789
23.009611 -0.001265
23.014612 -0.007831
23.019613 0.003820
23.024614 0.009947
23.029615 -0.001265
23.034616 -0.004356
23.039617 0.003728
23.044618 0.011648
23.049619 -0.000204
23.054620 -0.005581
23.059621 0.006271
23.064622 0.009234
23.069623 0.000235
23.074624 -0.006002
23.079625 0.007569
23.084626 0.010294
23.089627 -0.001247
23.094628 -0.006185
23.099629 0.000125
23.104630 0.009819
23.109631 -0.002417
23.114632 -0.011233
23.119633 0.002301
23.124634 0.005082
23.129635 -0.005655
23.134636 -0.011489
23.139637 -0.004521
23.144638 0.003947
23.149639 -0.006935
23.154640 -0.015605
23.159641 -0.004813
23.164642 0.001606
23.169643 -0.007155
23.174644 -0.014068
23.179645 -0.003606
23.184646 0.005575
23.189647 -0.007374
23.194648 -0.013812
23.199649 -0.001576
23.204650 0.005776
23.209651 -0.004997
23.214652 -0.013081
23.219653 0.001368
23.224654 0.005630
23.229655 -0.006588
23.234656 -0.011544
23.239657 0.000198
23.244658 0.006014
23.249659 -0.005509
23.254660 -0.009642
23.259661 0.000435
23.264662 0.008647
23.269663 -0.002546
23.274664 -0.009332
23.279665 0.002539
23.284666 0.009269
23.289667 -0.001430
23.294668 -0.006039
23.299669 0.004386
23.304670 0.010641
23.309671 0.002868
23.314672 -0.005966
23.319673 0.006050
23.324674 0.013512
23.329675 0.003361
23.334676 -0.005454
23.339677 0.005300
23.344678 0.013713
23.349679 -0.000480
23.354680 -0.002802
23.359681 0.006324
23.364682 0.010695
23.369683 0.002575
23.374684 -0.006863
23.379685 0.004843
23.384686 0.012817
23.389687 -0.002601
23.394688 -0.007064
23.399689 0.004861
23.404690 0.007586
23.409691 0.000782
23.414692 -0.006772
23.419693 0.002867
23.424694 0.011043
23.429695 0.001203
23.434696 -0.006296
23.439697 0.002830
23.444698 0.013055
23.449699 0.001001
23.454700 -0.006315
23.459701 0.003617
23.464702 0.010860
23.469703 0.000599
23.474704 -0.007046
23.479705 0.004403
23.484706 0.010165
23.489707 -0.000151
23.494708 -0.007339
23.499709 0.004275
23.504710 0.010256
23.509711 0.000050
23.514712 -0.007394
23.519713 0.004659
23.524714 0.011152
23.529715 -0.002602
23.534716 -0.005035
23.539717 0.003196
23.544718 0.009030
23.549719 -0.001395
23.554720 -0.008309
23.559721 0.004293
23.564722 0.007384
23.569723 -0.002492
23.574724 -0.009827
23.579725 -0.000206
23.584726 0.007713
23.589727 -0.005602
23.594728 -0.011180
23.599729 -0.001029
23.604730 0.003964
23.609731 -0.003992
23.614732 -0.009187
23.619733 -0.000152
23.624734 0.006835
23.629735 -0.002346
23.634736 -0.011235
23.639737 0.002409
23.644738 0.008371
23.649739 -0.005035
23.654740 -0.009114
23.659741 -0.000188
23.664742 0.006213
23.669743 -0.004413
23.674744 -0.010303
23.679745 -0.000499
23.684746 0.005353
23.689747 -0.004231
23.694748 -0.012333
23.699749 -0.000280
23.704750 0.005664
23.709751 -0.004743
23.714752 -0.010211
23.719753 -0.001359
23.724754 0.006816
23.729755 -0.002237
23.734756 -0.010083
23.739757 0.000726
23.744758 0.008334
23.749759 -0.001231
23.754760 -0.008840
23.759761 0.001531
23.764762 0.010968
23.769763 -0.002347
23.774764 -0.007999
23.779765 0.003542
23.784766 0.006578
23.789767 -0.000408
23.794768 -0.008090
23.799769 0.002061
23.804770 0.011059
23.809771 -0.002237
23.814772 -0.006444
23.819774 0.004146
23.824775 0.010035
23.829776 0.001036
23.834777 -0.006719
23.839778 0.004329
23.844779 0.010986
23.849780 0.001256
23.854781 -0.004725
23.859782 0.004932
23.864783 0.011608
23.869784 0.001731
23.874785 -0.006079
23.879786 0.005042
23.884787 0.011937
23.889788 0.001310
23.894789 -0.006408
23.899790 0.002133
23.904791 0.012284
23.909792 -0.001781
23.914793 -0.009188
23.919794 0.002627
23.924795 0.006450
23.929796 -0.002585
23.934797 -0.012755
23.939798 -0.002494
23.944799 0.006834
23.949800 -0.004488
23.954801 -0.011968
23.959802 -0.001982
23.964803 0.005444
23.969804 -0.003628
23.974805 -0.010011
23.979806 0.000341
23.984807 0.009065
23.989808 -0.003537
23.994809 -0.010633
23.999810 0.003871
24.004811 0.009504
24.009812 -0.001525
24.014813 -0.007469
24.019814 0.001237
24.024815 0.009632
24.029816 0.002115
24.034817 -0.009481
24.039818 0.002206
24.044819 0.011845
24.049820 -0.001781
24.054821 -0.007872
24.059822 0.000468
24.064823 0.009412
24.069824 -0.002641
24.074825 -0.010378
24.079826 0.002535
24.084827 0.005516
24.089828 -0.003263
24.094829 -0.010853
24.099830 0.000816
24.104831 0.007546
24.109832 -0.002348
24.114833 -0.008421
24.119834 -0.002184
24.124835 0.009192
24.129836 -0.002678
24.134837 -0.011256
24.139838 0.000175
24.144839 0.005388
24.149840 -0.004104
24.154841 -0.012628
24.159842 0.000907
24.164843 0.006613
24.169844 -0.004507
24.174845 -0.007360
24.179846 0.000303
24.184847 0.009338
24.189848 0.000541
24.194849 -0.006720
24.199850 0.003961
24.204851 0.009942
24.209852 0.001327
24.214853 -0.006300
24.219854 0.003010
24.224855 0.011734
24.229856 0.001785
24.234857 -0.006940
24.239858 0.004601
24.244859 0.010490
24.249860 -0.000209
24.254861 -0.006007
24.259862 0.002699
24.264863 0.010838
24.269864 -0.000923
24.274865 -0.008001
24.279866 0.003101
24.284867 0.008862
24.289868 -0.000904
24.294869 -0.007818
24.299870 0.002479
24.304871 0.009338
24.309872 -0.001307
24.314873 -0.008166
24.319874 0.002772
24.324875 0.009795
24.329876 -0.000758
24.334877 -0.009647
24.339878 0.001985
24.344879 0.008131
24.349880 -0.002660
24.354881 -0.009044
24.359882 -0.001618
24.364883 0.008771
24.369884 -0.003977
24.374885 -0.011696
24.379886 0.001034
24.384887 0.006612
24.389888 -0.003813
24.394889 -0.012062
24.399890 0.002204
24.404891 0.006411
24.409892 -0.004069
24.414893 -0.006319
24.419894 -0.001289
24.424895 0.007454
24.429896 -0.001307
24.434897 -0.010964
24.439898 0.001802
24.444899 0.006722
24.449900 -0.003045
24.454901 -0.009117
24.459902 -0.001289
24.464903 0.008825
24.469904 -0.002990
24.474905 -0.010306
24.479906 0.003064
24.484907 0.007746
24.489908 -0.002149
24.494909 -0.008624
24.499910 0.000704
24.504911 0.007984
24.509912 -0.000101
24.514913 -0.008093
24.519914 -0.000046
24.524915 0.010471
24.529916 0.001070
24.534917 -0.005953
24.539918 0.004728
24.544919 0.010946
24.549920 0.002935
24.554921 -0.004344
24.559922 0.004344
24.564923 0.013214
24.569924 0.001618
24.574925 -0.005570
24.579926 0.004984
24.584927 0.011330
24.589928 0.001874
24.594929 -0.007307
24.599930 0.003923
24.604931 0.010269
24.609932 -0.000686
24.614933 -0.006996
24.619934 0.002295
24.624935 0.008806
24.629936 -0.002387
24.634937 -0.009740
24.639938 -0.000193
24.644939 0.008312
24.649940 -0.003448
24.654941 -0.009777
24.659942 0.001929
24.664943 0.006959
24.669944 -0.003229
24.674945 -0.010307
24.679946 0.000758
24.684947 0.006776
24.689948 -0.003229
24.694949 -0.010014
24.699950 -0.000943
24.704951 0.007379
24.709952 -0.002973
24.714953 -0.011167
24.719954 0.000904
24.724955 0.007343
24.729956 -0.004674
24.734957 -0.008204
24.739958 0.000026
24.744959 0.008367
24.749960 -0.000632
24.754961 -0.011423
24.759962 0.004617
24.764963 0.009153
24.769964 -0.002735
24.774965 -0.005131
24.779966 0.003538
24.784967 0.010415
24.789968 -0.000742
24.794969 -0.007820
24.799970 0.003648
24.804971 0.010141
24.809972 -0.000760
24.814973 -0.007217
24.819974 0.001233
24.824975 0.008750
24.829976 -0.000651
24.834977 -0.010344
24.839978 0.000556
24.844979 0.006501
24.849980 -0.004217
24.854981 -0.009686
24.859982 0.000337
24.864983 0.004781
24.869984 -0.006851
24.874985 -0.010710
24.879986 -0.001108
24.884987 0.005238
24.889988 -0.001767
24.894989 -0.012027
24.899990 -0.000907
24.904991 0.008750
24.909992 -0.004565
24.914993 -0.009412
24.919994 -0.001547
24.924995 0.006464
24.929996 -0.001785
24.934997 -0.012357
24.939998 -0.000048
24.944999 0.007049
24.950000 -0.004108
0.000000 0.000000
0.005001 0.000364
0.010002 0.000206
0.015003 0.000324
0.020004 0.000561
0.025005 0.000640
0.030006 0.000443
0.035007 0.000718
0.040008 0.000561
0.045009 0.000127
0.050010 0.000442
0.055011 0.000718
0.060012 0.000245
0.065013 0.000166
0.070014 0.000837
0.075015 0.000048
0.080016 0.000127
0.085017 0.000363
0.090018 -0.000740
0.095019 0.000009
0.100020 0.000521
0.105021 0.000166
0.110022 -0.000188
0.115023 -0.000307
0.120024 0.000482
0.125025 -0.000307
0.130026 -0.000977
0.135027 -0.000819
0.140028 -0.000898
0.145029 -0.000189
0.150031 -0.000307
0.155032 -0.000189
0.160033 0.000284
0.165034 0.000403
0.170035 0.000481
0.175036 -0.000070
0.180037 -0.000110
0.185038 0.000284
0.190039 0.000363
0.195040 -0.000071
0.200041 0.000048
0.205042 0.000166
0.210043 0.000126
0.215044 0.000166
0.220045 -0.000307
0.225046 -0.000071
0.230047 0.000363
0.235048 -0.000228
0.240049 -0.000701
0.245050 0.000047
0.250051 0.000047
0.255052 -0.000307
0.260053 0.000087
0.265054 0.000047
0.270055 0.000442
0.275056 0.000402
0.280057 0.000166
0.285058 0.000441
0.290059 0.000126
0.295060 -0.000820
0.300061 -0.000820
0.305062 0.000165
0.310063 -0.000071
0.315064 -0.000347
0.320065 -0.000071
0.325066 -0.000032
0.330067 0.000008
0.335068 -0.000111
0.340069 -0.000268
0.345070 0.000284
0.350071 0.000796
0.355072 -0.000032
0.360073 -0.000387
0.365074 -0.000347
0.370075 -0.000150
0.375076 0.000047
0.380077 -0.000465
0.385078 -0.000308
0.390079 -0.000111
0.395080 -0.000150
0.400081 -0.000071
0.405082 0.000283
0.410083 0.000402
0.415084 -0.000032
0.420085 -0.000032
0.425086 0.000283
0.430087 0.000480
0.435088 -0.000072
0.440089 -0.000190
0.445090 0.000244
0.450092 -0.000111
0.455093 -0.000308
0.460094 0.000283
0.465095 0.000480
0.470096 0.000007
0.475097 0.000322
0.480098 0.000677
0.485099 0.000717
0.490100 0.000519
0.495101 -0.000072
0.500102 -0.000505
0.505103 -0.000308
0.510104 -0.000032
0.515105 -0.000032
0.520106 0.000519
0.525107 0.000046
0.530108 -0.000190
0.535109 0.000165
0.540110 -0.000072
0.545111 -0.000387
0.550112 -0.000506
0.555113 -0.000387
0.560114 -0.000900
0.565115 -0.000900
0.570116 -0.000860
0.575117 -0.000703
0.580118 -0.000230
0.585119 -0.000427
0.590120 0.000125
0.595121 0.000677
0.600122 0.000204
0.605123 -0.000269
0.610124 0.000282
0.615125 0.000164
0.620126 0.000204
0.625127 0.000992
0.630128 0.000164
0.635129 0.000282
0.640130 0.000637
0.645131 0.000243
0.650132 -0.000348
0.655133 -0.000309
0.660134 0.000479
0.665135 -0.000151
0.670136 0.000400
0.675137 0.000597
0.680138 -0.000191
0.685139 0.000203
0.690140 0.000440
0.695141 0.000440
0.700142 -0.000152
0.705143 -0.000349
0.710144 -0.000585
0.715145 -0.000427
0.720146 0.000282
0.725147 0.000045
0.730148 -0.000388
0.735149 -0.000270
0.740150 0.000006
0.745151 -0.000073
0.750153 -0.000231
0.755154 -0.000191
0.760155 -0.000231
0.765156 -0.000822
0.770157 -0.000625
0.775158 -0.000428
0.780159 -0.000152
0.785160 0.000321
0.790161 -0.000467
0.795162 -0.000152
0.800163 0.000045
0.805164 -0.000191
0.810165 -0.000349
0.815166 -0.000152
0.820167 0.000518
0.825168 0.000557
0.830169 0.000518
0.835170 0.000597
0.840171 0.000794
0.845172 0.000006
0.850173 -0.000113
0.855174 0.000084
0.860175 0.000084
0.865176 0.000597
0.870177 -0.000152
0.875178 -0.000546
0.880179 -0.000349
0.885180 -0.000428
0.890181 -0.000704
0.895182 -0.000665
0.900183 -0.000310
0.905184 -0.000113
0.910185 -0.000231
0.915186 -0.000901
0.920187 -0.000074
0.925188 0.000045
0.930189 -0.000468
0.935190 0.000439
0.940191 -0.000192
0.945192 -0.000034
0.950193 0.001148
0.955194 0.000202
0.960195 -0.000271
0.965196 0.000123
0.970197 0.000202
0.975198 0.000044
0.980199 -0.000153
0.985200 0.000281
0.990201 0.000281
0.995202 -0.000547
1.000203 -0.000350
1.005204 0.000478
1.010205 0.000360
1.015206 -0.000153
1.020207 -0.000586
1.025208 -0.000389
1.030209 0.000123
1.035210 -0.000153
1.040211 -0.000153
1.045212 0.000438
1.050214 0.000359
1.055215 0.000517
1.060216 0.000202
1.065217 0.000123
1.070218 0.000793
1.075219 -0.000350
1.080220 -0.000626
1.085221 -0.000114
1.090222 -0.000587
1.095223 -0.000193
1.100224 -0.000429
1.105225 -0.000508
1.110226 -0.000114
1.115227 -0.000114
1.120228 -0.000232
1.125229 -0.000193
1.130230 -0.000074
1.135231 -0.000390
1.140232 -0.000350
1.145233 0.000280
1.150234 -0.000075
1.155235 -0.000705
1.160236 0.000044
1.165237 -0.000272
1.170238 0.000280
1.175239 0.000753
1.180240 -0.000193
1.185241 0.000398
1.190242 -0.000272
1.195243 -0.000075
1.200244 0.000201
1.205245 -0.000430
1.210246 0.000162
1.215247 -0.000035
1.220248 -0.000351
1.225249 -0.000469
1.230250 0.000122
1.235251 0.000280
1.240252 -0.000154
1.245253 -0.000311
1.250254 -0.000548
1.255255 0.000083
1.260256 0.000674
1.265257 0.000201
1.270258 0.000477
1.275259 0.001462
1.280260 0.000831
1.285261 0.000556
1.290262 0.000358
1.295263 0.000319
1.300264 0.000240
1.305265 -0.000312
1.310266 0.000280
1.315267 0.000122
1.320268 -0.000075
1.325269 -0.000233
1.330270 -0.000036
1.335271 0.000792
1.340272 0.000831
1.345273 0.000319
1.350275 -0.000115
1.355276 0.000437
1.360277 0.000082
1.365278 -0.000430
1.370279 -0.000548
1.375280 -0.000746
1.380281 -0.001061
1.385282 -0.001416
1.390283 -0.000864
1.395284 -0.000943
1.400285 -0.000785
1.405286 0.000043
1.410287 0.000476
1.415288 0.000318
1.420289 0.000594
1.425290 0.000949
1.430291 0.000200
1.435292 0.000279
1.440293 0.000634
1.445294 0.000594
1.450295 0.000161
1.455296 0.000161
1.460297 0.000594
1.465298 0.000515
1.470299 0.000712
1.475300 0.000161
1.480301 0.000003
1.485302 0.000909
1.490303 0.000673
1.495304 0.000279
1.500305 0.000752
1.505306 0.000358
1.510307 -0.000588
1.515308 -0.000549
1.520309 -0.000313
1.525310 -0.000391
1.530311 -0.001259
1.535312 -0.001574
1.540313 -0.000746
1.545314 -0.000470
1.550315 -0.000194
1.555316 -0.000234
1.560317 -0.000116
1.565318 -0.000155
1.570319 -0.000470
1.575320 0.000002
1.580321 -0.000116
1.585322 -0.000037
1.590323 -0.000076
1.595324 -0.000392
1.600325 0.000042
1.605326 0.000239
1.610327 0.000357
1.615328 0.000554
1.620329 0.000830
1.625330 0.000909
1.630331 0.000712
1.635332 0.000278
1.640333 0.000278
1.645334 0.000751
1.650336 0.000042
1.655337 0.000160
1.660338 0.000751
1.665339 0.000633
1.670340 0.001066
1.675341 0.000712
1.680342 0.000436
1.685343 0.000593
1.690344 0.000554
1.695345 0.000633
1.700346 -0.000156
1.705347 -0.000747
1.710348 -0.000708
1.715349 -0.001181
1.720350 -0.001259
1.725351 -0.000905
1.730352 -0.000747
1.735353 -0.000786
1.740354 -0.000747
1.745355 0.000120
1.750356 0.000435
1.755357 -0.000117
1.760358 -0.000511
1.765359 -0.000195
1.770360 0.000238
1.775361 -0.000195
1.780362 0.000475
1.785363 0.000987
1.790364 0.000159
1.795365 0.000514
1.800366 0.000790
1.805367 0.000790
1.810368 0.000947
1.815369 0.000474
1.820370 0.000199
1.825371 0.000553
1.830372 0.000908
1.835373 0.000711
1.840374 0.000001
1.845375 0.000041
1.850376 0.000120
1.855377 -0.000393
1.860378 -0.000472
1.865379 -0.000038
1.870380 0.000001
1.875381 -0.000511
1.880382 -0.000905
1.885383 -0.000787
1.890384 -0.000117
1.895385 0.000041
1.900386 -0.000117
1.905387 -0.000235
1.910388 -0.000669
1.915389 -0.000038
1.920390 -0.000196
1.925391 -0.000235
1.930392 0.000277
1.935393 -0.000551
1.940394 0.000040
1.945395 0.000474
1.950397 0.000040
1.955398 0.000237
1.960399 0.000159
1.965400 0.000001
1.970401 0.000513
1.975402 0.000750
1.980403 0.000434
1.985404 0.000395
1.990405 -0.000078
1.995406 0.000434
2.000407 0.000553
2.005408 0.000395
2.010409 0.000355
2.015410 -0.000236
2.020411 0.000513
2.025412 0.000198
2.030413 -0.000433
2.035414 -0.000197
2.040415 -0.000709
2.045416 -0.000315
2.050417 -0.000039
2.055418 -0.000118
2.060419 0.000158
2.065420 -0.000157
2.070421 -0.000118
2.075422 0.000237
2.080423 -0.000276
2.085424 -0.000473
2.090425 -0.000276
2.095426 0.000040
2.100427 0.000631
2.105428 0.000552
2.110429 0.000316
2.115430 -0.000039
2.120431 -0.000079
2.125432 0.000276
2.130433 0.000473
2.135434 -0.000118
2.140435 -0.000394
2.145436 0.000473
2.150437 0.000039
2.155438 0.000039
2.160439 0.000631
2.165440 0.000434
2.170441 0.000552
2.175442 -0.000079
2.180443 -0.000237
2.185444 -0.000079
2.190445 -0.000355
2.195446 -0.000552
2.200447 -0.000513
2.205448 -0.000040
2.210449 -0.000394
2.215450 -0.000394
2.220451 -0.000118
2.225452 0.000118
2.230453 0.000512
2.235454 -0.000237
2.240455 0.000079
2.245456 0.000236
2.250458 -0.000395
2.255459 -0.000237
2.260460 -0.000079
2.265461 0.000551
2.270462 0.000157
2.275463 -0.000040
2.280464 0.000394
2.285465 -0.000198
2.290466 -0.000079
2.295467 0.000039
2.300468 -0.000079
2.305469 0.000394
2.310470 -0.000079
2.315471 -0.000079
2.320472 0.000394
2.325473 0.000078
2.330474 -0.000198
2.335475 -0.000434
2.340476 -0.000080
2.345477 -0.000040
2.350478 0.000039
2.355479 0.000157
2.360480 -0.000080
2.365481 0.000117
2.370482 -0.000080
2.375483 0.000157
2.380484 -0.000080
2.385485 -0.000237
2.390486 0.000669
2.395487 0.000314
2.400488 -0.000080
2.405489 -0.000435
2.410490 -0.000277
2.415491 0.000196
2.420492 -0.000513
2.425493 -0.000435
2.430494 0.000551
2.435495 0.000157
2.440496 -0.000356
2.445497 -0.000041
2.450498 0.000275
2.455499 0.000078
2.460500 -0.000277
2.465501 -0.000001
2.470502 0.000393
2.475503 0.000353
2.480504 0.000314
2.485505 0.000275
2.490506 0.000314
2.495507 0.000866
2.500508 0.000117
2.505509 -0.000514
2.510510 0.000314
2.515511 -0.000080
2.520512 -0.000750
2.525513 -0.000908
2.530514 -0.000553
2.535515 -0.000120
2.540516 -0.000750
2.545517 -0.000317
2.550519 -0.000080
2.555520 -0.000632
2.560521 0.000314
2.565522 0.000511
2.570523 -0.000238
2.575524 0.000077
2.580525 0.000353
2.585526 0.000156
2.590527 -0.000278
2.595528 -0.000238
2.600529 -0.000081
2.605530 -0.000278
2.610531 0.000235
2.615532 0.000708
2.620533 0.000432
2.625534 0.000274
2.630535 -0.000002
2.635536 0.000235
2.640537 0.000668
2.645538 0.000589
2.650539 0.000550
2.655540 0.000077
2.660541 0.000313
2.665542 -0.000002
2.670543 -0.000278
2.675544 0.000471
2.680545 -0.000239
2.685546 -0.000396
2.690547 -0.000475
2.695548 -0.000554
2.700549 0.000077
2.705550 -0.000672
2.710551 -0.000791
2.715552 -0.000121
2.720553 -0.000042
2.725554 -0.000278
2.730555 -0.000515
2.735556 -0.000121
2.740557 -0.000278
2.745558 -0.000475
2.750559 -0.000042
2.755560 0.000431
2.760561 0.000273
2.765562 -0.000397
2.770563 0.000037
2.775564 0.000746
2.780565 0.000470
2.785566 0.000273
2.790567 0.000194
2.795568 0.000273
2.800569 0.000589
2.805570 0.000667
2.810571 0.000628
2.815572 0.000510
2.820573 0.000510
2.825574 0.000273
2.830575 -0.000200
2.835576 0.000313
2.840577 0.000825
2.845578 0.000431
2.850580 0.000312
2.855581 0.000155
2.860582 -0.000318
2.865583 -0.000515
2.870584 -0.000555
2.875585 -0.000476
2.880586 0.000076
2.885587 0.000352
2.890588 -0.000082
2.895589 -0.000042
2.900590 0.000588
2.905591 0.000352
2.910592 0.000312
2.915593 0.000391
2.920594 -0.000003
2.925595 0.000430
2.930596 0.000509
2.935597 0.000430
2.940598 0.001022
2.945599 0.000864
2.950600 0.000273
2.955601 0.000273
2.960602 0.000824
2.965603 0.000667
2.970604 0.000115
2.975605 0.000115
2.980606 -0.000003
2.985607 0.000312
2.990608 0.000391
2.995609 -0.000319
3.000610 -0.000279
3.005611 0.000075
3.010612 -0.000122
3.015613 -0.000752
3.020614 -0.000240
3.025615 0.000430
3.030616 -0.000082
3.035617 -0.000082
3.040618 -0.000004
3.045619 -0.000083
3.050620 -0.000201
3.055621 -0.000122
3.060622 0.000430
3.065623 0.000390
3.070624 0.000075
3.075625 -0.000043
3.080626 0.000311
3.085627 0.000311
3.090628 -0.000043
3.095629 0.000154
3.100630 0.000627
3.105631 0.000706
3.110632 0.000390
3.115633 0.000469
3.120634 0.000193
3.125635 -0.000043
3.130636 0.000351
3.135637 0.000154
3.140638 -0.000122
3.145639 -0.000083
3.150641 0.000193
3.155642 0.000272
3.160643 -0.000083
3.165644 0.000035
3.170645 -0.000044
3.175646 -0.000359
3.180647 -0.000477
3.185648 -0.000280
3.190649 0.000193
3.195650 -0.000123
3.200651 -0.000280
3.205652 -0.000162
3.210653 -0.000083
3.215654 0.000153
3.220655 -0.000083
3.225656 -0.000517
3.230657 0.000114
3.235658 0.001060
3.240659 0.000350
3.245660 0.000114
3.250661 0.000744
3.255662 0.000390
3.260663 -0.000005
3.265664 0.000271
3.270665 0.000271
3.275666 -0.000083
3.280667 0.000350
3.285668 0.000823
3.290669 0.000626
3.295670 0.000350
3.300671 0.000350
3.305672 0.000271
3.310673 0.000626
3.315674 0.000586
3.320675 0.000192
3.325676 0.000192
3.330677 -0.000399
3.335678 0.000232
3.340679 0.000507
3.345680 -0.000005
3.350681 0.000153
3.355682 -0.000241
3.360683 -0.000320
3.365684 -0.000360
3.370685 -0.000163
3.375686 -0.000281
3.380687 -0.000399
3.385688 -0.000084
3.390689 -0.000163
3.395690 -0.000242
3.400691 -0.000005
3.405692 -0.000084
3.410693 -0.000399
3.415694 0.000271
3.420695 -0.000321
3.425696 -0.000202
3.430697 0.000744
3.435698 0.000034
3.440699 0.000428
3.445700 0.000665
3.450702 0.000231
3.455703 0.000625
3.460704 0.000468
3.465705 -0.000045
3.470706 0.000349
3.475707 0.001098
3.480708 0.000704
3.485709 0.000192
3.490710 0.000586
3.495711 0.000783
3.500712 0.000704
3.505713 0.000625
3.510714 0.000191
3.515715 0.000310
3.520716 0.000704
3.525717 0.000231
3.530718 -0.000124
3.535719 -0.000203
3.540720 -0.000282
3.545721 0.000270
3.550722 0.000467
3.555723 -0.000006
3.560724 -0.000045
3.565725 -0.000164
3.570726 -0.000361
3.575727 -0.000242
3.580728 0.000743
3.585729 0.000546
3.590730 -0.000558
3.595731 -0.000440
3.600732 -0.000518
3.605733 0.000191
3.610734 -0.000045
3.615735 -0.000479
3.620736 0.000349
3.625737 -0.000006
3.630738 0.000349
3.635739 -0.000124
3.640740 -0.000479
3.645741 0.000230
3.650742 -0.000479
3.655743 -0.000322
3.660744 -0.000085
3.665745 -0.000046
3.670746 -0.000006
3.675747 -0.000282
3.680748 -0.000085
3.685749 -0.000282
3.690750 0.000072
3.695751 -0.000282
3.700752 -0.000401
3.705753 0.000269
3.710754 -0.000006
3.715755 -0.000164
3.720756 -0.000046
3.725757 0.000545
3.730758 0.000151
3.735759 -0.000401
3.740760 -0.000164
3.745761 0.000388
3.750763 0.000506
3.755764 0.000190
3.760765 -0.000046
3.765766 -0.000046
3.770767 0.001215
3.775768 0.000703
3.780769 0.000033
3.785770 0.000506
3.790771 0.000151
3.795772 0.000348
3.800773 0.000151
3.805774 0.000033
3.810775 0.000348
3.815776 0.000308
3.820777 0.000111
3.825778 0.000072
3.830779 0.000348
3.835780 0.000348
3.840781 0.000072
3.845782 -0.000362
3.850783 -0.000046
3.855784 0.000229
3.860785 0.000229
3.865786 -0.000007
3.870787 -0.000125
3.875788 0.000190
3.880789 -0.000204
3.885790 -0.000323
3.890791 -0.000086
3.895792 0.000347
3.900793 0.000347
3.905794 -0.000047
3.910795 0.000623
3.915796 0.000505
3.920797 -0.000165
3.925798 -0.000244
3.930799 0.000584
3.935800 0.000505
3.940801 0.000111
3.945802 0.000466
3.950803 0.000268
3.955804 0.000426
3.960805 0.000150
3.965806 -0.000244
3.970807 -0.000047
3.975808 0.000189
3.980809 -0.000205
3.985810 -0.000559
3.990811 0.000032
3.995812 0.000032
4.000813 -0.000008
4.005814 0.000150
4.010815 -0.000087
4.015816 -0.000284
4.020817 -0.000402
4.025818 -0.000244
4.030819 -0.000126
4.035820 0.000071
4.040821 -0.000087
4.045822 -0.000441
4.050824 -0.000166
4.055825 0.000110
4.060826 0.000189
4.065827 -0.000047
4.070828 -0.000166
4.075829 -0.000323
4.080830 -0.000402
4.085831 0.000228
4.090832 0.000110
4.095833 0.000071
4.100834 0.000544
4.105835 -0.000008
4.110836 -0.000166
4.115837 -0.000363
4.120838 0.000110
4.125839 0.000425
4.130840 -0.000245
4.135841 0.000386
4.140842 0.000425
4.145843 0.000268
4.150844 0.000465
4.155845 0.000504
4.160846 0.000465
4.165847 -0.000363
4.170848 0.000031
4.175849 0.000267
4.180850 0.000346
4.185851 0.000386
4.190852 -0.000403
4.195853 0.000307
4.200854 0.000740
4.205855 0.000189
4.210856 -0.000009
4.215857 -0.000087
4.220858 0.000267
4.225859 -0.000087
4.230860 -0.000521
4.235861 -0.000088
4.240862 0.000385
4.245863 0.000267
4.250864 -0.000285
4.255865 -0.000088
4.260866 0.000070
4.265867 -0.000285
4.270868 -0.000166
4.275869 0.000306
4.280870 0.000346
4.285871 0.000267
4.290872 0.000267
4.295873 -0.000127
4.300874 0.000228
4.305875 0.000622
4.310876 0.000227
4.315877 0.000661
4.320878 0.000346
4.325879 -0.000206
4.330880 0.000503
4.335881 0.000779
4.340882 0.001134
4.345883 0.000976
4.350885 0.000503
4.355886 0.000424
4.360887 0.000227
4.365888 0.000661
4.370889 0.000464
4.375890 0.000503
4.380891 0.000543
4.385892 0.000030
4.390893 0.000030
4.395894 0.000109
4.400895 0.000188
4.405896 0.000227
4.410897 0.000464
4.415898 0.000188
4.420899 0.000266
4.425900 -0.000088
4.430901 -0.000364
4.435902 0.000385
4.440903 0.000069
4.445904 0.000385
4.450905 0.000345
4.455906 -0.000246
4.460907 0.000069
4.465908 0.000069
4.470909 0.000384
4.475910 0.000109
4.480911 -0.000246
4.485912 0.000581
4.490913 0.000108
4.495914 -0.000089
4.500915 0.000463
4.505916 0.000266
4.510917 0.000503
4.515918 -0.000089
4.520919 -0.000089
4.525920 0.000266
4.530921 0.000069
4.535922 0.000542
4.540923 0.000108
4.545924 -0.000089
4.550925 0.000069
4.555926 0.000108
4.560927 0.000226
4.565928 0.000266
4.570929 -0.000168
4.575930 -0.000325
4.580931 0.000581
4.585932 -0.000168
4.590933 -0.000444
4.595934 0.000423
4.600935 0.000069
4.605936 0.000147
4.610937 0.000305
4.615938 -0.000050
4.620939 0.000226
4.625940 -0.000089
4.630941 -0.000404
4.635942 0.000187
4.640943 -0.000680
4.645944 -0.000759
4.650946 -0.000010
4.655947 -0.000483
4.660948 -0.000168
4.665949 -0.000720
4.670950 -0.001035
4.675951 -0.000996
4.680952 -0.001824
4.685953 -0.001430
4.690954 -0.001784
4.695955 -0.001784
4.700956 -0.001745
4.705957 -0.002376
4.710958 -0.001114
4.715959 -0.000444
4.720960 0.000817
4.725961 0.002157
4.730962 0.002078
4.735963 0.003418
4.740964 0.003379
4.745965 0.001526
4.750966 0.000304
4.755967 -0.000957
4.760968 -0.003204
4.765969 -0.003716
4.770970 -0.001903
4.775971 -0.000445
4.780972 0.001014
4.785973 0.003576
4.790974 0.006493
4.795975 0.008582
4.800976 0.010158
4.805977 0.009685
4.810978 0.005783
4.815979 0.001565
4.820980 -0.002770
4.825981 -0.007658
4.830982 -0.010811
4.835983 -0.012624
4.840984 -0.012939
4.845985 -0.011639
4.850986 -0.008998
4.855987 -0.003519
4.860988 0.001565
4.865989 0.004403
4.870990 0.005822
4.875991 0.005822
4.880992 0.005743
4.885993 0.005231
4.890994 0.001999
4.895995 -0.004032
4.900996 -0.011205
4.905997 -0.021099
4.910998 -0.031702
4.915999 -0.042304
4.921000 -0.052395
4.926001 -0.059411
4.931002 -0.063865
4.936003 -0.063865
4.941004 -0.059056
4.946005 -0.047626
4.951007 -0.028864
4.956008 -0.005451
4.961009 0.021706
4.966010 0.053357
4.971011 0.089816
4.976012 0.129192
4.981013 0.163405
4.986014 0.178225
4.991015 0.163523
4.996016 0.116303
5.001017 0.045316
5.006018 -0.037693
5.011019 -0.120741
5.016020 -0.182584
5.021021 -0.210491
5.026022 -0.197129
5.031023 -0.140410
5.036024 -0.052592
5.041025 0.054657
5.046026 0.160645
5.051027 0.238530
5.056028 0.276448
5.061029 0.278537
5.066030 0.247320
5.071031 0.180668
5.076032 0.082563
5.081033 -0.040807
5.086034 -0.174544
5.091035 -0.298230
5.096036 -0.387506
5.101037 -0.415964
5.106038 -0.367601
5.111039 -0.237057
5.116040 -0.049834
5.121041 0.146652
5.126042 0.304354
5.131043 0.383855
5.136044 0.378100
5.141045 0.299151
5.146046 0.172075
5.151047 0.026159
5.156048 -0.115421
5.161049 -0.214906
5.166050 -0.258736
5.171051 -0.265909
5.176052 -0.244270
5.181053 -0.200519
5.186054 -0.135996
5.191055 -0.054879
5.196056 0.028603
5.201057 0.112715
5.206058 0.180865
5.211059 0.205775
5.216060 0.175149
5.221061 0.094781
5.226062 0.002628
5.231063 -0.057086
5.236064 -0.064063
5.241065 -0.020075
5.246066 0.063288
5.251068 0.165493
5.256069 0.246215
5.261070 0.270692
5.266071 0.228163
5.271072 0.122293
5.276073 -0.017750
5.281074 -0.153773
5.286075 -0.267053
5.291076 -0.338079
5.296077 -0.346593
5.301078 -0.291845
5.306079 -0.199219
5.311080 -0.094965
5.316081 0.015832
5.321082 0.130570
5.326083 0.232065
5.331084 0.292765
5.336085 0.298086
5.341086 0.243850
5.346087 0.143814
5.351088 0.014097
5.356089 -0.148925
5.361090 -0.309425
5.366091 -0.401933
5.371092 -0.396572
5.376093 -0.294013
5.381094 -0.117077
5.386095 0.074285
5.391096 0.218348
5.396097 0.287246
5.401098 0.285748
5.406099 0.249250
5.411100 0.202148
5.416101 0.151105
5.421102 0.105265
5.426103 0.064943
5.431104 0.013663
5.436105 -0.067138
5.441106 -0.166781
5.446107 -0.248883
5.451108 -0.281992
5.456109 -0.257160
5.461110 -0.184163
5.466111 -0.082392
5.471112 0.023990
5.476113 0.115000
5.481114 0.178578
5.486115 0.205695
5.491116 0.198167
5.496117 0.153470
5.501118 0.074166
5.506119 -0.009119
5.511120 -0.088778
5.516121 -0.152749
5.521122 -0.158267
5.526123 -0.108328
5.531124 -0.034503
5.536125 0.032740
5.541126 0.060016
5.546127 0.057848
5.551129 0.052448
5.556130 0.042870
5.561131 0.038258
5.566132 0.056507
5.571133 0.089459
5.576134 0.107077
5.581135 0.082009
5.586136 0.022847
5.591137 -0.032532
5.596138 -0.074313
5.601139 -0.102100
5.606140 -0.096701
5.611141 -0.056142
5.616142 -0.002103
5.621143 0.046772
5.626144 0.077437
5.631145 0.072786
5.636146 0.033292
5.641147 -0.026738
5.646148 -0.086059
5.651149 -0.118340
5.656150 -0.118222
5.661151 -0.095242
5.666152 -0.063513
5.671153 -0.036710
5.676154 -0.018855
5.681155 0.001680
5.686156 0.042396
5.691157 0.093360
5.696158 0.132973
5.701159 0.149922
5.706160 0.131120
5.711161 0.074835
5.716162 0.003020
5.721163 -0.069741
5.726164 -0.136668
5.731165 -0.164653
5.736166 -0.138008
5.741167 -0.081368
5.746168 -0.011406
5.751169 0.067307
5.756170 0.130608
5.761171 0.152247
5.766172 0.136441
5.771173 0.087960
5.776174 0.018510
5.781175 -0.049048
5.786176 -0.103441
5.791177 -0.130756
5.796178 -0.128864
5.801179 -0.112192
5.806180 -0.088621
5.811181 -0.055670
5.816182 -0.013417
5.821183 0.040898
5.826184 0.105618
5.831185 0.152325
5.836186 0.158356
5.841187 0.117048
5.846188 0.038809
5.851190 -0.047866
5.856191 -0.121652
5.861192 -0.151804
5.866193 -0.122952
5.871194 -0.058547
5.876195 0.014095
5.881196 0.072194
5.886197 0.108732
5.891198 0.126074
5.896199 0.118783
5.901200 0.089497
5.906201 0.054023
5.911202 0.029861
5.916203 0.005818
5.921204 -0.043097
5.926205 -0.109906
5.931206 -0.157835
5.936207 -0.140335
5.941208 -0.058745
5.946209 0.030019
5.951210 0.088314
5.956211 0.104829
5.961212 0.076489
5.966213 0.015947
5.971214 -0.060440
5.976215 -0.134304
5.981216 -0.181997
5.986217 -0.193704
5.991218 -0.173444
5.996219 -0.123268
6.001220 -0.045344
6.006221 0.042631
6.011222 0.112239
6.016223 0.149171
6.021224 0.155044
6.026225 0.144954
6.031226 0.130331
6.036227 0.103371
6.041228 0.060486
6.046229 0.007354
6.051230 -0.041363
6.056231 -0.068087
6.061232 -0.073093
6.066233 -0.064973
6.071234 -0.043019
6.076235 -0.008215
6.081236 0.024579
6.086237 0.045745
6.091238 0.048346
6.096239 0.025840
6.101240 -0.009043
6.106241 -0.032810
6.111242 -0.031707
6.116243 -0.009752
6.121244 0.017169
6.126245 0.034432
6.131246 0.032738
6.136247 0.007709
6.141248 -0.026031
6.146249 -0.054174
6.151251 -0.068481
6.156252 -0.046448
6.161253 0.018863
6.166254 0.096433
6.171255 0.137583
6.176256 0.130251
6.181257 0.103055
6.186258 0.068093
6.191259 0.020046
6.196260 -0.040457
6.201261 -0.099620
6.206262 -0.117830
6.211263 -0.078651
6.216264 -0.021735
6.221265 0.011098
6.226266 0.010270
6.231267 -0.005220
6.236268 -0.013458
6.241269 -0.000411
6.246270 0.038610
6.251271 0.078341
6.256272 0.084687
6.261273 0.044877
6.266274 -0.042665
6.271275 -0.158034
6.276276 -0.255745
6.281277 -0.311045
6.286278 -0.316445
6.291279 -0.267569
6.296280 -0.186334
6.301281 -0.096349
6.306282 -0.004826
6.311283 0.084016
6.316284 0.163793
6.321285 0.225912
6.326286 0.265249
6.331287 0.275772
6.336288 0.249364
6.341289 0.183737
6.346290 0.083386
6.351291 -0.034585
6.356292 -0.137459
6.361293 -0.192720
6.366294 -0.190867
6.371295 -0.144199
6.376296 -0.064304
6.381297 0.031751
6.386298 0.113696
6.391299 0.160403
6.396300 0.153505
6.401301 0.079917
6.406302 -0.021342
6.411303 -0.080898
6.416304 -0.085392
6.421305 -0.068128
6.426306 -0.045740
6.431307 -0.035137
6.436308 -0.052677
6.441309 -0.081017
6.446310 -0.090122
6.451312 -0.062413
6.456313 0.010545
6.461314 0.110109
6.466315 0.185077
6.471316 0.215506
6.476317 0.221260
6.481318 0.208253
6.486319 0.177588
6.491320 0.137029
6.496321 0.089652
6.501322 0.044797
6.506323 0.007510
6.511324 -0.032142
6.516325 -0.077903
6.521326 -0.119684
6.526327 -0.141402
6.531328 -0.129735
6.536329 -0.075775
6.541330 0.017127
6.546331 0.114247
6.551332 0.161979
6.556333 0.139473
6.561334 0.073018
6.566335 -0.007586
6.571336 -0.076524
6.576337 -0.107229
6.581338 -0.098281
6.586339 -0.069863
6.591340 -0.040814
6.596341 -0.026782
6.601342 -0.040459
6.606343 -0.075263
6.611344 -0.105692
6.616345 -0.100410
6.621346 -0.043612
6.626347 0.038569
6.631348 0.099190
6.636349 0.113340
6.641350 0.080546
6.646351 0.008534
6.651352 -0.075618
6.656353 -0.132928
6.661354 -0.140693
6.666355 -0.098360
6.671356 -0.032300
6.676357 0.012082
6.681358 0.010781
6.686359 -0.020239
6.691360 -0.053072
6.696361 -0.063675
6.701362 -0.042154
6.706363 -0.002226
6.711364 0.037268
6.716365 0.055596
6.721366 0.042865
6.726367 0.014446
6.731368 -0.022249
6.736369 -0.060088
6.741370 -0.073766
6.746371 -0.051023
6.751373 0.002425
6.756374 0.071756
6.761375 0.130761
6.766376 0.156894
6.771377 0.145345
6.776378 0.103998
6.781379 0.050235
6.786380 0.000059
6.791381 -0.034074
6.796382 -0.040854
6.801383 -0.030133
6.806384 -0.024221
6.811385 -0.033720
6.816386 -0.049210
6.821387 -0.052284
6.826388 -0.035809
6.831389 0.004474
6.836390 0.069036
6.841391 0.141403
6.846392 0.190239
6.851393 0.186218
6.856394 0.121262
6.861395 0.008731
6.866396 -0.117911
6.871397 -0.219051
6.876398 -0.274548
6.881399 -0.281564
6.886400 -0.251293
6.891401 -0.217357
6.896402 -0.205374
6.901403 -0.208764
6.906404 -0.203640
6.911405 -0.168206
6.916406 -0.103958
6.921407 -0.029384
6.926408 0.039632
6.931409 0.088113
6.936410 0.110383
6.941411 0.116729
6.946412 0.124651
6.951413 0.156223
6.956414 0.212074
6.961415 0.265482
6.966416 0.286254
6.971417 0.255589
6.976418 0.185154
6.981419 0.108727
6.986420 0.063439
6.991421 0.057881
6.996422 0.058985
7.001423 0.036281
7.006424 -0.014604
7.011425 -0.071086
7.016426 -0.093987
7.021427 -0.066435
7.026428 -0.018191
7.031429 0.000098
7.036430 -0.035100
7.041431 -0.105063
7.046432 -0.168561
7.051434 -0.191540
7.056435 -0.164856
7.061436 -0.107625
7.066437 -0.050118
7.071438 -0.006209
7.076439 0.019175
7.081440 0.025363
7.086441 0.020278
7.091442 0.010661
7.096443 0.000373
7.101444 -0.014880
7.106445 -0.039081
7.111446 -0.054020
7.116447 -0.030647
7.121448 0.033167
7.126449 0.124296
7.131450 0.222243
7.136451 0.289643
7.141452 0.306237
7.146453 0.276873
7.151454 0.208881
7.156455 0.106795
7.161456 -0.011688
7.166457 -0.121775
7.171458 -0.208647
7.176459 -0.266785
7.181460 -0.293311
7.186461 -0.276442
7.191462 -0.215111
7.196463 -0.117400
7.201464 0.000610
7.206465 0.091620
7.211466 0.128316
7.216467 0.132218
7.221468 0.129064
7.226469 0.130010
7.231470 0.135726
7.236471 0.137539
7.241472 0.120511
7.246473 0.088466
7.251474 0.053623
7.256475 0.012946
7.261476 -0.030095
7.266477 -0.069590
7.271478 -0.093633
7.276479 -0.081808
7.281480 -0.036599
7.286481 0.018070
7.291482 0.060954
7.296483 0.092802
7.301484 0.118264
7.306485 0.130680
7.311486 0.126029
7.316487 0.103641
7.321488 0.075183
7.326489 0.045779
7.331490 -0.001125
7.336491 -0.074753
7.341492 -0.168996
7.346493 -0.264697
7.351495 -0.327131
7.356496 -0.329693
7.361497 -0.273329
7.366498 -0.169390
7.371499 -0.044246
7.376500 0.060441
7.381501 0.124216
7.386502 0.143963
7.391503 0.124610
7.396504 0.083263
7.401505 0.032338
7.406506 -0.012477
7.411507 -0.035614
7.416508 -0.040147
7.421509 -0.026903
7.426510 0.007782
7.431511 0.051021
7.436512 0.085155
7.441513 0.101985
7.446514 0.102064
7.451515 0.089333
7.456516 0.070965
7.461517 0.052637
7.466518 0.036201
7.471519 0.023115
7.476520 0.002776
7.481521 -0.033052
7.486522 -0.079523
7.491523 -0.126980
7.496524 -0.160404
7.501525 -0.173017
7.506526 -0.168445
7.511527 -0.152324
7.516528 -0.130291
7.521529 -0.106799
7.526530 -0.084175
7.531531 -0.063363
7.536532 -0.043104
7.541533 -0.025800
7.546534 -0.013739
7.551535 -0.000101
7.556536 0.021814
7.561537 0.056184
7.566538 0.107542
7.571539 0.175061
7.576540 0.239229
7.581541 0.275728
7.586542 0.269421
7.591543 0.213215
7.596544 0.115543
7.601545 -0.005344
7.606546 -0.118939
7.611547 -0.200372
7.616548 -0.242152
7.621549 -0.245148
7.626550 -0.216020
7.631551 -0.154689
7.636552 -0.059304
7.641553 0.060204
7.646554 0.170961
7.651556 0.239347
7.656557 0.251763
7.661558 0.210180
7.666559 0.134187
7.671560 0.039865
7.676561 -0.057215
7.681562 -0.140027
7.686563 -0.201318
7.691564 -0.227884
7.696565 -0.210896
7.701566 -0.150196
7.706567 -0.051145
7.711568 0.066471
7.716569 0.161619
7.721570 0.204464
7.726571 0.200680
7.731572 0.161028
7.736573 0.107620
7.741574 0.058114
7.746575 0.009909
7.751576 -0.028639
7.756577 -0.061630
7.761578 -0.097892
7.766579 -0.123315
7.771580 -0.136086
7.776581 -0.138608
7.781582 -0.127138
7.786583 -0.097419
7.791584 -0.047046
7.796585 0.023310
7.801586 0.104506
7.806587 0.165088
7.811588 0.195004
7.816589 0.194846
7.821590 0.161540
7.826591 0.111719
7.831592 0.062056
7.836593 0.022364
7.841594 -0.002862
7.846595 -0.015120
7.851596 -0.021190
7.856597 -0.027260
7.861598 -0.035537
7.866599 -0.043105
7.871600 -0.052407
7.876601 -0.063483
7.881602 -0.064665
7.886603 -0.059541
7.891604 -0.060803
7.896605 -0.074165
7.901606 -0.093754
7.906607 -0.110979
7.911608 -0.121621
7.916609 -0.109875
7.921610 -0.071169
7.926611 -0.014450
7.931612 0.043885
7.936613 0.084956
7.941614 0.110891
7.946615 0.116961
7.951617 0.100012
7.956618 0.074510
7.961619 0.050664
7.966620 0.030168
7.971621 -0.000458
7.976622 -0.042987
7.981623 -0.081102
7.986624 -0.105027
7.991625 -0.106013
7.996626 -0.087645
8.001627 -0.064587
8.006628 -0.041490
8.011629 -0.028364
8.016630 -0.033252
8.021631 -0.048821
8.026632 -0.063523
8.031633 -0.067543
8.036634 -0.058832
8.041635 -0.035853
8.046636 0.007267
8.051637 0.065168
8.056638 0.119641
8.061639 0.160041
8.066640 0.187002
8.071641 0.205369
8.076642 0.218376
8.081643 0.215381
8.086644 0.184321
8.091645 0.128982
8.096646 0.061227
8.101647 -0.003493
8.106648 -0.054497
8.111649 -0.090050
8.116650 -0.117798
8.121651 -0.140305
8.126652 -0.146966
8.131653 -0.132658
8.136654 -0.090168
8.141655 -0.032503
8.146656 0.020353
8.151657 0.065641
8.156658 0.085506
8.161659 0.082826
8.166660 0.066508
8.171661 0.047983
8.176662 0.041676
8.181663 0.049126
8.186664 0.071593
8.191665 0.086807
8.196666 0.106042
8.201667 0.099578
8.206668 0.059334
8.211669 0.027132
8.216670 -0.033726
8.221671 -0.071762
8.226672 -0.074521
8.231673 -0.086464
8.236674 -0.059937
8.241675 -0.034751
8.246676 -0.035145
8.251678 -0.029154
8.256679 -0.045432
8.261680 -0.070343
8.266681 -0.076255
8.271682 -0.088001
8.276683 -0.099668
8.281684 -0.100023
8.286685 -0.113582
8.291686 -0.124421
8.296687 -0.132067
8.301688 -0.136127
8.306689 -0.112005
8.311690 -0.077122
8.316691 -0.020246
8.321692 0.030679
8.326693 0.064931
8.331694 0.107854
8.336695 0.116368
8.341696 0.112545
8.346697 0.096818
8.351698 0.048258
8.356699 0.005847
8.361700 -0.032268
8.366701 -0.060213
8.371702 -0.067584
8.376703 -0.060923
8.381704 -0.044368
8.386705 -0.021665
8.391706 0.010104
8.396707 0.035724
8.401708 0.050583
8.406709 0.055155
8.411710 0.036945
8.416711 0.013927
8.421712 0.002851
8.426713 0.002772
8.431714 0.021297
8.436715 0.050307
8.441716 0.079711
8.446717 0.101744
8.451718 0.106514
8.456719 0.093861
8.461720 0.067768
8.466721 0.043331
8.471722 0.028983
8.476723 0.025869
8.481724 0.026579
8.486725 0.018459
8.491726 0.006477
8.496727 -0.005702
8.501728 -0.012718
8.506729 -0.009210
8.511730 0.000683
8.516731 0.015779
8.521732 0.028825
8.526733 0.031230
8.531734 0.023347
8.536735 0.010182
8.541736 -0.003614
8.546737 -0.018513
8.551739 -0.038339
8.556740 -0.064313
8.561741 -0.089697
8.566742 -0.104872
8.571743 -0.107119
8.576744 -0.095531
8.581745 -0.070581
8.586746 -0.039245
8.591747 -0.008777
8.596748 0.016488
8.601749 0.033634
8.606750 0.036156
8.611751 0.020903
8.616752 -0.004087
8.621753 -0.029076
8.626754 -0.043660
8.631755 -0.042635
8.636756 -0.029628
8.641757 -0.006649
8.646758 0.019720
8.651759 0.040531
8.656760 0.046759
8.661761 0.034146
8.666762 0.016015
8.671763 0.003323
8.676764 -0.003890
8.681765 -0.004205
8.686766 -0.002432
8.691767 -0.006176
8.696768 -0.016188
8.701769 -0.034674
8.706770 -0.057811
8.711771 -0.077203
8.716772 -0.090998
8.721773 -0.097029
8.726774 -0.091511
8.731775 -0.069793
8.736776 -0.031087
8.741777 0.019601
8.746778 0.070684
8.751779 0.107419
8.756780 0.122515
8.761781 0.113528
8.766782 0.084558
8.771783 0.045852
8.776784 0.007895
8.781785 -0.022810
8.786786 -0.041532
8.791787 -0.046144
8.796788 -0.039128
8.801789 -0.023322
8.806790 -0.004876
8.811791 0.016527
8.816792 0.041910
8.821793 0.070092
8.826794 0.097486
8.831795 0.118573
8.836796 0.132920
8.841797 0.137059
8.846798 0.134930
8.851800 0.121805
8.856801 0.101585
8.861802 0.075689
8.866803 0.038008
8.871804 0.006554
8.876805 -0.030575
8.881806 -0.063881
8.886807 -0.078899
8.891808 -0.098054
8.896809 -0.108460
8.901810 -0.117289
8.906811 -0.137076
8.911812 -0.152487
8.916813 -0.160173
8.921814 -0.153749
8.926815 -0.127419
8.931816 -0.086112
8.936817 -0.042439
8.941818 -0.005231
8.946819 0.022872
8.951820 0.036746
8.956821 0.042304
8.961822 0.048886
8.966823 0.053576
8.971824 0.059095
8.976825 0.062366
8.981826 0.054956
8.986827 0.042777
8.991828 0.029257
8.996829 0.017590
9.001830 0.012781
9.006831 0.014358
9.011832 0.017078
9.016833 0.019640
9.021834 0.025631
9.026835 0.032252
9.031836 0.040609
9.036837 0.048255
9.041838 0.049280
9.046839 0.044353
9.051840 0.032213
9.056841 0.015580
9.061842 0.002770
9.066843 -0.001133
9.071844 0.001193
9.076845 0.007263
9.081846 0.015501
9.086847 0.019324
9.091848 0.018339
9.096849 0.015501
9.101850 0.010850
9.106851 0.003439
9.111852 -0.008582
9.116853 -0.025728
9.121854 -0.047840
9.126855 -0.071608
9.131856 -0.091710
9.136857 -0.106017
9.141858 -0.112403
9.146859 -0.107752
9.151861 -0.096873
9.156862 -0.083354
9.161863 -0.068179
9.166864 -0.056788
9.171865 -0.046697
9.176866 -0.035897
9.181867 -0.017530
9.186868 0.007420
9.191869 0.028980
9.196870 0.048491
9.201871 0.059172
9.206872 0.062010
9.211873 0.070800
9.216874 0.082191
9.221875 0.086251
9.226876 0.094016
9.231877 0.097405
9.236878 0.086369
9.241879 0.082585
9.246880 0.073835
9.251881 0.058463
9.256882 0.054127
9.261883 0.044667
9.266884 0.033237
9.271885 0.026457
9.276886 0.008090
9.281887 -0.019541
9.286888 -0.051506
9.291889 -0.091671
9.296890 -0.124267
9.301891 -0.134279
9.306892 -0.126632
9.311893 -0.103850
9.316894 -0.069519
9.321895 -0.033376
9.326896 0.001034
9.331897 0.031345
9.336898 0.051919
9.341899 0.062877
9.346900 0.069499
9.351901 0.072888
9.356902 0.070760
9.361903 0.059881
9.366904 0.043563
9.371905 0.024486
9.376906 0.003162
9.381907 -0.012880
9.386908 -0.022339
9.391909 -0.027542
9.396910 -0.029395
9.401911 -0.031247
9.406912 -0.033258
9.411913 -0.033888
9.416914 -0.033809
9.421915 -0.028725
9.426916 -0.018319
9.431917 -0.009490
9.436918 -0.004957
9.441919 -0.003854
9.446920 -0.003341
9.451922 -0.004445
9.456923 -0.007717
9.461924 -0.014141
9.466925 -0.024547
9.471926 -0.034086
9.476927 -0.040037
9.481928 -0.038894
9.486929 -0.026991
9.491930 -0.008899
9.496931 0.009192
9.501932 0.024722
9.506933 0.032842
9.511934 0.032132
9.516935 0.023500
9.521936 0.009586
9.526937 -0.003105
9.531938 -0.011934
9.536939 -0.015364
9.541940 -0.013432
9.546941 -0.009333
9.551942 -0.006416
9.556943 -0.004997
9.561944 -0.005667
9.566945 -0.005667
9.571946 -0.000031
9.576947 0.007261
9.581948 0.013094
9.586949 0.014355
9.591950 0.009429
9.596951 -0.000031
9.601952 -0.016743
9.606953 -0.038934
9.611954 -0.062111
9.616955 -0.084420
9.621956 -0.101132
9.626957 -0.107793
9.631958 -0.105152
9.636959 -0.094274
9.641960 -0.075197
9.646961 -0.051547
9.651962 -0.025218
9.656963 0.002018
9.661964 0.024406
9.666965 0.038359
9.671966 0.044271
9.676967 0.042971
9.681968 0.035403
9.686969 0.026377
9.691970 0.020504
9.696971 0.020228
9.701972 0.022199
9.706973 0.021923
9.711974 0.020701
9.716975 0.015064
9.721976 0.005684
9.726977 -0.002515
9.731978 -0.008270
9.736979 -0.005747
9.741980 0.008364
9.746981 0.030633
9.751983 0.057357
9.756984 0.081873
9.761985 0.094132
9.766986 0.096851
9.771987 0.090348
9.776988 0.072532
9.781989 0.055229
9.786990 0.033629
9.791991 0.010650
9.796992 -0.000505
9.801993 -0.012369
9.806994 -0.015956
9.811995 -0.003855
9.816996 0.007969
9.821997 0.032210
9.826998 0.062914
9.831999 0.080415
9.837000 0.084948
9.842001 0.069339
9.847002 0.032328
9.852003 -0.016074
9.857004 -0.061126
9.862005 -0.097586
9.867006 -0.118160
9.872007 -0.118358
9.877008 -0.103498
9.882009 -0.071729
9.887010 -0.034245
9.892011 0.003278
9.897012 0.039777
9.902013 0.068196
9.907014 0.086721
9.912015 0.094328
9.917016 0.090781
9.922017 0.076473
9.927018 0.057435
9.932019 0.036703
9.937020 0.019202
9.942021 0.006077
9.947022 -0.005945
9.952023 -0.015484
9.957024 -0.029082
9.962025 -0.044888
9.967026 -0.056673
9.972027 -0.064871
9.977028 -0.064714
9.982029 -0.054308
9.987030 -0.039606
9.992031 -0.022539
9.997032 -0.002437
10.002033 0.011871
10.007034 0.020227
10.012035 0.026573
10.017036 0.027440
10.022037 0.026375
10.027038 0.026139
10.032039 0.024878
10.037040 0.019832
10.042041 0.012422
10.047042 0.002962
10.052044 -0.008468
10.057045 -0.016469
10.062046 -0.021790
10.067047 -0.024668
10.072048 -0.024510
10.077049 -0.024392
10.082050 -0.026717
10.087051 -0.031093
10.092052 -0.038306
10.097053 -0.049145
10.102054 -0.060181
10.107055 -0.070548
10.112056 -0.080126
10.117057 -0.085801
10.122058 -0.087063
10.127059 -0.085920
10.132060 -0.083673
10.137061 -0.080559
10.142062 -0.074923
10.147063 -0.063768
10.152064 -0.046504
10.157065 -0.024274
10.162066 0.002923
10.167067 0.032681
10.172068 0.061967
10.177069 0.089361
10.182070 0.109896
10.187071 0.122273
10.192072 0.127239
10.197073 0.123297
10.202074 0.111236
10.207075 0.094248
10.212076 0.073594
10.217077 0.051009
10.222078 0.032523
10.227079 0.019950
10.232080 0.015102
10.237081 0.018255
10.242082 0.026020
10.247083 0.033627
10.252084 0.035164
10.257085 0.032996
10.262086 0.027320
10.267087 0.019792
10.272088 0.014904
10.277089 0.012264
10.282090 0.012145
10.287091 0.010805
10.292092 0.005563
10.297093 -0.002438
10.302094 -0.012844
10.307095 -0.024432
10.312096 -0.035232
10.317097 -0.041539
10.322098 -0.043312
10.327099 -0.041066
10.332100 -0.034010
10.337101 -0.026640
10.342102 -0.020333
10.347103 -0.017456
10.352105 -0.019309
10.357106 -0.019427
10.362107 -0.016944
10.367108 -0.014460
10.372109 -0.013199
10.377110 -0.015209
10.382111 -0.025260
10.387112 -0.041460
10.392113 -0.059039
10.397114 -0.075436
10.402115 -0.085960
10.407116 -0.089823
10.412117 -0.085724
10.417118 -0.076737
10.422119 -0.065701
10.427120 -0.052024
10.432121 -0.039608
10.437122 -0.031764
10.442123 -0.027271
10.447124 -0.026088
10.452125 -0.024512
10.457126 -0.018481
10.462127 -0.010204
10.467128 0.001108
10.472129 0.013997
10.477130 0.026176
10.482131 0.035951
10.487132 0.041943
10.492133 0.045175
10.497134 0.043795
10.502135 0.040129
10.507136 0.036424
10.512137 0.032601
10.517138 0.030591
10.522139 0.031655
10.527140 0.033310
10.532141 0.035518
10.537142 0.041115
10.542143 0.049707
10.547144 0.058654
10.552145 0.065394
10.557146 0.069178
10.562147 0.065119
10.567148 0.051796
10.572149 0.032088
10.577150 0.006350
10.582151 -0.020334
10.587152 -0.042249
10.592153 -0.055848
10.597154 -0.060578
10.602155 -0.056597
10.607156 -0.043944
10.612157 -0.025774
10.617158 -0.006303
10.622159 0.009858
10.627160 0.020303
10.632161 0.023732
10.637162 0.020973
10.642163 0.015179
10.647164 0.009385
10.652166 0.005167
10.657167 0.003551
10.662168 0.004576
10.667169 0.005364
10.672170 0.005758
10.677171 0.005955
10.682172 0.005916
10.687173 0.006862
10.692174 0.006428
10.697175 0.002881
10.702176 -0.002204
10.707177 -0.008510
10.712178 -0.015881
10.717179 -0.021084
10.722180 -0.022897
10.727181 -0.022266
10.732182 -0.020650
10.737183 -0.019586
10.742184 -0.019468
10.747185 -0.021084
10.752186 -0.023133
10.757187 -0.026326
10.762188 -0.029440
10.767189 -0.030583
10.772190 -0.030898
10.777191 -0.030701
10.782192 -0.031569
10.787193 -0.031805
10.792194 -0.031056
10.797195 -0.028061
10.802196 -0.022858
10.807197 -0.015014
10.812198 -0.002795
10.817199 0.010566
10.822200 0.025426
10.827201 0.040010
10.832202 0.052623
10.837203 0.063383
10.842204 0.068744
10.847205 0.069690
10.852206 0.071187
10.857207 0.072922
10.862208 0.076705
10.867209 0.083288
10.872210 0.087545
10.877211 0.088293
10.882212 0.083051
10.887213 0.071897
10.892214 0.057076
10.897215 0.040207
10.902216 0.023928
10.907217 0.008792
10.912218 -0.004333
10.917219 -0.016394
10.922220 -0.027706
10.927221 -0.040201
10.932222 -0.054943
10.937223 -0.071221
10.942224 -0.087933
10.947225 -0.099443
10.952227 -0.102044
10.957228 -0.098457
10.962229 -0.089313
10.967230 -0.077094
10.972231 -0.068068
10.977232 -0.058530
10.982233 -0.049858
10.987234 -0.042093
10.992235 -0.030190
10.997236 -0.018444
11.002237 -0.002717
11.007238 0.015887
11.012239 0.029840
11.017240 0.042492
11.022241 0.050572
11.027242 0.051242
11.032243 0.050257
11.037244 0.048720
11.042245 0.047143
11.047246 0.045251
11.052247 0.040758
11.057248 0.034333
11.062249 0.024518
11.067250 0.014113
11.072251 0.007530
11.077252 0.005954
11.082253 0.010565
11.087254 0.017148
11.092255 0.025425
11.097256 0.034254
11.102257 0.037644
11.107258 0.036264
11.112259 0.030352
11.117260 0.020143
11.122261 0.008594
11.127262 -0.002245
11.132263 -0.010128
11.137264 -0.014937
11.142265 -0.018208
11.147266 -0.022071
11.152267 -0.027077
11.157268 -0.033186
11.162269 -0.039650
11.167270 -0.041700
11.172271 -0.038665
11.177272 -0.031846
11.182273 -0.023214
11.187274 -0.015292
11.192275 -0.011626
11.197276 -0.012848
11.202277 -0.016908
11.207278 -0.023135
11.212279 -0.028141
11.217280 -0.031097
11.222281 -0.031610
11.227282 -0.030191
11.232283 -0.027865
11.237284 -0.025343
11.242285 -0.024279
11.247286 -0.023569
11.252288 -0.023924
11.257289 -0.024160
11.262290 -0.023372
11.267291 -0.023372
11.272292 -0.022544
11.277293 -0.019588
11.282294 -0.015529
11.287295 -0.009064
11.292296 -0.000432
11.297297 0.009973
11.302298 0.023020
11.307299 0.038628
11.312300 0.054434
11.317301 0.067677
11.322302 0.077295
11.327303 0.080527
11.332304 0.075994
11.337305 0.064090
11.342306 0.046669
11.347307 0.026567
11.352308 0.007569
11.357309 -0.007409
11.362310 -0.017105
11.367311 -0.018524
11.372312 -0.013400
11.377313 -0.003783
11.382314 0.008672
11.387315 0.020576
11.392316 0.031888
11.397317 0.040559
11.402318 0.044501
11.407319 0.044895
11.412320 0.041584
11.417321 0.033977
11.422322 0.023926
11.427323 0.013402
11.432324 0.002365
11.437325 -0.006464
11.442326 -0.011154
11.447327 -0.012415
11.452328 -0.008710
11.457329 -0.002010
11.462330 0.003272
11.467331 0.009697
11.472332 0.015175
11.477333 0.015018
11.482334 0.015294
11.487335 0.011746
11.492336 0.005755
11.497337 0.007056
11.502338 0.007765
11.507339 0.010958
11.512340 0.017540
11.517341 0.018171
11.522342 0.015766
11.527343 0.010682
11.532344 0.001498
11.537345 -0.011352
11.542346 -0.027197
11.547347 -0.045761
11.552349 -0.066888
11.557350 -0.086005
11.562351 -0.100352
11.567352 -0.109339
11.572353 -0.109930
11.577354 -0.103820
11.582355 -0.094715
11.587356 -0.083009
11.592357 -0.070238
11.597358 -0.057547
11.602359 -0.046037
11.607360 -0.032715
11.612361 -0.017028
11.617362 -0.001104
11.622363 0.016239
11.627364 0.030034
11.632365 0.039888
11.637366 0.045288
11.642367 0.044184
11.647368 0.041859
11.652369 0.038903
11.657370 0.038233
11.662371 0.040006
11.667372 0.040479
11.672373 0.042095
11.677374 0.043081
11.682375 0.042765
11.687376 0.041740
11.692377 0.039021
11.697378 0.037562
11.702379 0.037168
11.707380 0.038469
11.712381 0.041583
11.717382 0.044145
11.722383 0.046076
11.727384 0.045918
11.732385 0.043041
11.737386 0.037759
11.742387 0.030743
11.747388 0.021954
11.752389 0.012021
11.757390 0.003862
11.762391 -0.003075
11.767392 -0.008120
11.772393 -0.009737
11.777394 -0.010643
11.782395 -0.011471
11.787396 -0.012653
11.792397 -0.013678
11.797398 -0.013875
11.802399 -0.013757
11.807400 -0.011353
11.812401 -0.008515
11.817402 -0.006426
11.822403 -0.004061
11.827404 -0.003470
11.832405 -0.004849
11.837406 -0.007490
11.842407 -0.010328
11.847408 -0.012693
11.852410 -0.014624
11.857411 -0.015216
11.862412 -0.014270
11.867413 -0.012693
11.872414 -0.013127
11.877415 -0.015413
11.882416 -0.019039
11.887417 -0.026331
11.892418 -0.035988
11.897419 -0.045172
11.902420 -0.051754
11.907421 -0.053488
11.912422 -0.050532
11.917423 -0.043043
11.922424 -0.033111
11.927425 -0.024045
11.932426 -0.016674
11.937427 -0.012023
11.942428 -0.007136
11.947429 -0.002603
11.952430 -0.000632
11.957431 0.002797
11.962432 0.007054
11.967433 0.013202
11.972434 0.022071
11.977435 0.033186
11.982436 0.045208
11.987437 0.053840
11.992438 0.057387
11.997439 0.053564
12.002440 0.043868
12.007441 0.030230
12.012442 0.013202
12.017443 -0.004022
12.022444 -0.018843
12.027445 -0.030470
12.032446 -0.039417
12.037447 -0.045330
12.042448 -0.048680
12.047449 -0.050690
12.052450 -0.051873
12.057451 -0.049429
12.062452 -0.043556
12.067453 -0.035003
12.072454 -0.024597
12.077455 -0.014271
12.082456 -0.002131
12.087457 0.008945
12.092458 0.018957
12.097459 0.027707
12.102460 0.034841
12.107461 0.042369
12.112462 0.046784
12.117463 0.049149
12.122464 0.050962
12.127465 0.051395
12.132466 0.051356
12.137467 0.050646
12.142468 0.048479
12.147469 0.045680
12.152471 0.042960
12.157472 0.039807
12.162473 0.037639
12.167474 0.035668
12.172475 0.031924
12.177476 0.025381
12.182477 0.016788
12.187478 0.007250
12.192479 -0.001737
12.197480 -0.008832
12.202481 -0.015572
12.207482 -0.020459
12.212483 -0.023967
12.217484 -0.028224
12.222485 -0.031377
12.227486 -0.033506
12.232487 -0.034886
12.237488 -0.036107
12.242489 -0.039221
12.247490 -0.042808
12.252491 -0.045449
12.257492 -0.048208
12.262493 -0.048799
12.267494 -0.047065
12.272495 -0.043360
12.277496 -0.036659
12.282497 -0.028343
12.287498 -0.017149
12.292499 -0.004299
12.297500 0.005988
12.302501 0.015054
12.307502 0.022542
12.312503 0.026996
12.317504 0.029834
12.322505 0.029401
12.327506 0.026287
12.332507 0.023331
12.337508 0.020059
12.342509 0.017340
12.347510 0.015802
12.352511 0.015881
12.357512 0.018522
12.362513 0.021872
12.367514 0.025695
12.372515 0.030622
12.377516 0.035234
12.382517 0.037954
12.387518 0.038308
12.392519 0.037481
12.397520 0.036101
12.402521 0.033618
12.407522 0.030819
12.412523 0.028691
12.417524 0.027154
12.422525 0.025419
12.427526 0.023961
12.432527 0.019743
12.437528 0.011742
12.442529 0.003307
12.447531 -0.007414
12.452532 -0.018805
12.457533 -0.028816
12.462534 -0.039419
12.467535 -0.048209
12.472536 -0.054910
12.477537 -0.060310
12.482538 -0.063857
12.487539 -0.066301
12.492540 -0.067838
12.497541 -0.069336
12.502542 -0.070203
12.507543 -0.070361
12.512544 -0.071070
12.517545 -0.070242
12.522546 -0.067877
12.527547 -0.064764
12.532548 -0.059640
12.537549 -0.053136
12.542550 -0.044701
12.547551 -0.035517
12.552552 -0.026610
12.557553 -0.016125
12.562554 -0.004971
12.567555 0.005947
12.572556 0.016668
12.577557 0.026168
12.582558 0.034602
12.587559 0.042328
12.592560 0.048674
12.597561 0.053443
12.602562 0.056990
12.607563 0.060065
12.612564 0.062193
12.617565 0.064558
12.622566 0.068500
12.627567 0.071929
12.632568 0.074609
12.637569 0.075437
12.642570 0.074412
12.647571 0.070983
12.652572 0.064518
12.657573 0.056714
12.662574 0.046387
12.667575 0.033932
12.672576 0.019348
12.677577 0.005435
12.682578 -0.007967
12.687579 -0.020304
12.692580 -0.030394
12.697581 -0.039893
12.702582 -0.044860
12.707583 -0.049353
12.712584 -0.052309
12.717585 -0.051284
12.722586 -0.048919
12.727587 -0.043598
12.732588 -0.036898
12.737589 -0.028542
12.742590 -0.019516
12.747592 -0.011081
12.752593 -0.003434
12.757594 0.003542
12.762595 0.009297
12.767596 0.014066
12.772597 0.018441
12.777598 0.021476
12.782599 0.024354
12.787600 0.026679
12.792601 0.028453
12.797602 0.028689
12.802603 0.028098
12.807604 0.027704
12.812605 0.027034
12.817606 0.025694
12.822607 0.021870
12.827608 0.016510
12.832609 0.007720
12.837610 -0.002489
12.842611 -0.012461
12.847612 -0.021369
12.852613 -0.026532
12.857614 -0.028779
12.862615 -0.026256
12.867616 -0.019831
12.872617 -0.010648
12.877618 0.000270
12.882619 0.010834
12.887620 0.018047
12.892621 0.020648
12.897622 0.019860
12.902623 0.014657
12.907624 0.006458
12.912625 -0.003553
12.917626 -0.015496
12.922627 -0.028109
12.927628 -0.038357
12.932629 -0.047265
12.937630 -0.053374
12.942631 -0.054557
12.947632 -0.054360
12.952633 -0.050852
12.957634 -0.045176
12.962635 -0.040959
12.967636 -0.038791
12.972637 -0.037056
12.977638 -0.035283
12.982639 -0.033627
12.987640 -0.030514
12.992641 -0.024286
12.997642 -0.014156
13.002643 -0.003238
13.007644 0.009572
13.012645 0.024077
13.017646 0.036690
13.022647 0.046859
13.027648 0.052653
13.032649 0.053481
13.037650 0.048869
13.042651 0.039133
13.047653 0.027742
13.052654 0.016509
13.057655 0.005709
13.062656 -0.002765
13.067657 -0.008954
13.072658 -0.013132
13.077659 -0.015418
13.082660 -0.016521
13.087661 -0.018492
13.092662 -0.024089
13.097663 -0.030396
13.102664 -0.036229
13.107665 -0.042378
13.112666 -0.046201
13.117667 -0.046674
13.122668 -0.043088
13.127669 -0.035953
13.132670 -0.025784
13.137671 -0.011240
13.142672 0.004290
13.147673 0.017612
13.152674 0.030343
13.157675 0.041419
13.162676 0.049696
13.167677 0.055648
13.172678 0.058604
13.177679 0.060299
13.182680 0.061363
13.187681 0.059747
13.192682 0.057224
13.197683 0.056081
13.202684 0.057027
13.207685 0.059629
13.212686 0.061166
13.217687 0.061560
13.222688 0.061442
13.227689 0.057737
13.232690 0.050327
13.237691 0.041024
13.242692 0.029042
13.247693 0.016271
13.252694 0.002949
13.257695 -0.009703
13.262696 -0.019281
13.267697 -0.028820
13.272698 -0.037570
13.277699 -0.043207
13.282700 -0.046990
13.287701 -0.049237
13.292702 -0.049316
13.297703 -0.046991
13.302704 -0.042261
13.307705 -0.036940
13.312706 -0.032092
13.317707 -0.026495
13.322708 -0.022868
13.327709 -0.021174
13.332710 -0.019163
13.337711 -0.019124
13.342712 -0.020031
13.347714 -0.021174
13.352715 -0.022435
13.357716 -0.023144
13.362717 -0.024918
13.367718 -0.027125
13.372719 -0.029687
13.377720 -0.032920
13.382721 -0.035994
13.387722 -0.038122
13.392723 -0.039660
13.397724 -0.041039
13.402725 -0.040763
13.407726 -0.040409
13.412727 -0.039936
13.417728 -0.038004
13.422729 -0.033747
13.427730 -0.026653
13.432731 -0.017666
13.437732 -0.006866
13.442733 0.005707
13.447734 0.018438
13.452735 0.029711
13.457736 0.040511
13.462737 0.050720
13.467738 0.057184
13.472739 0.058563
13.477740 0.057144
13.482741 0.053124
13.487742 0.046739
13.492743 0.039013
13.497744 0.032510
13.502745 0.028765
13.507746 0.026440
13.512747 0.027504
13.517748 0.031130
13.522749 0.035190
13.527750 0.037200
13.532751 0.035071
13.537752 0.031012
13.542753 0.025257
13.547754 0.017571
13.552755 0.009215
13.557756 0.001884
13.562757 -0.005014
13.567758 -0.010217
13.572759 -0.012464
13.577760 -0.014395
13.582761 -0.014632
13.587762 -0.012937
13.592763 -0.010217
13.597764 -0.006591
13.602765 -0.002531
13.607766 0.000346
13.612767 -0.000206
13.617768 -0.002452
13.622769 -0.006946
13.627770 -0.013489
13.632771 -0.019914
13.637772 -0.026102
13.642773 -0.030319
13.647775 -0.031896
13.652776 -0.028388
13.657777 -0.023461
13.662778 -0.020663
13.667779 -0.016682
13.672780 -0.013883
13.677781 -0.013055
13.682782 -0.012701
13.687783 -0.013528
13.692784 -0.013923
13.697785 -0.014277
13.702786 -0.013726
13.707787 -0.011164
13.712788 -0.007498
13.717789 -0.004384
13.722790 -0.002335
13.727791 -0.000285
13.732792 0.001765
13.737793 0.005115
13.742794 0.008071
13.747795 0.011461
13.752796 0.015915
13.757797 0.018555
13.762798 0.020723
13.767799 0.022260
13.772800 0.023601
13.777801 0.025098
13.782802 0.024625
13.787803 0.022891
13.792804 0.020211
13.797805 0.016939
13.802806 0.012879
13.807807 0.005982
13.812808 -0.000758
13.817809 -0.005331
13.822810 -0.007459
13.827811 -0.006277
13.832812 -0.002453
13.837813 0.003656
13.842814 0.010041
13.847815 0.016663
13.852816 0.022221
13.857817 0.026202
13.862818 0.027975
13.867819 0.025374
13.872820 0.020841
13.877821 0.013510
13.882822 0.004720
13.887823 -0.003636
13.892824 -0.012426
13.897825 -0.019993
13.902826 -0.026812
13.907827 -0.032173
13.912828 -0.036390
13.917829 -0.040687
13.922830 -0.043800
13.927831 -0.045692
13.932832 -0.046954
13.937833 -0.046363
13.942834 -0.044195
13.947836 -0.041515
13.952837 -0.037336
13.957838 -0.032922
13.962839 -0.028468
13.967840 -0.024487
13.972841 -0.021097
13.977842 -0.017511
13.982843 -0.014988
13.987844 -0.013214
13.992845 -0.011756
13.997846 -0.011086
14.002847 -0.011323
14.007848 -0.011520
14.012849 -0.010652
14.017850 -0.007381
14.022851 -0.002139
14.027852 0.003616
14.032853 0.010514
14.037854 0.016820
14.042855 0.022220
14.047856 0.027975
14.052857 0.033138
14.057858 0.038538
14.062859 0.044726
14.067860 0.050284
14.072861 0.055250
14.077862 0.059586
14.082863 0.062699
14.087864 0.062778
14.092865 0.060256
14.097866 0.056590
14.102867 0.049574
14.107868 0.041967
14.112869 0.032901
14.117870 0.021471
14.122871 0.011617
14.127872 0.001921
14.132873 -0.007027
14.137874 -0.014870
14.142875 -0.021216
14.147876 -0.026774
14.152877 -0.031425
14.157878 -0.034775
14.162879 -0.038756
14.167880 -0.041713
14.172881 -0.044669
14.177882 -0.047152
14.182883 -0.048098
14.187884 -0.048610
14.192885 -0.049280
14.197886 -0.051330
14.202887 -0.053183
14.207888 -0.053971
14.212889 -0.053774
14.217890 -0.052197
14.222891 -0.047743
14.227892 -0.041003
14.232893 -0.033909
14.237894 -0.026301
14.242895 -0.019640
14.247897 -0.014083
14.252898 -0.008919
14.257899 -0.004111
14.262900 0.001211
14.267901 0.006847
14.272902 0.011577
14.277903 0.015834
14.282904 0.019775
14.287905 0.022495
14.292906 0.024505
14.297907 0.027382
14.302908 0.031284
14.307909 0.036014
14.312910 0.041493
14.317911 0.047287
14.322912 0.053002
14.327913 0.058323
14.332914 0.062738
14.337915 0.064906
14.342916 0.065694
14.347917 0.066088
14.352918 0.064906
14.357919 0.064038
14.362920 0.061831
14.367921 0.057889
14.372922 0.052726
14.377923 0.044173
14.382924 0.034950
14.387925 0.024820
14.392926 0.015400
14.397927 0.007832
14.402928 0.001880
14.407929 -0.001273
14.412930 -0.003559
14.417931 -0.004781
14.422932 -0.006476
14.427933 -0.010615
14.432934 -0.016685
14.437935 -0.022991
14.442936 -0.028076
14.447937 -0.032609
14.452938 -0.036393
14.457939 -0.038009
14.462940 -0.039231
14.467941 -0.039704
14.472942 -0.037693
14.477943 -0.036472
14.482944 -0.035999
14.487945 -0.035289
14.492946 -0.033831
14.497947 -0.030480
14.502948 -0.026736
14.507949 -0.022913
14.512950 -0.019089
14.517951 -0.015463
14.522952 -0.013138
14.527953 -0.012744
14.532954 -0.012152
14.537955 -0.011955
14.542956 -0.012862
14.547958 -0.013690
14.552959 -0.014557
14.557960 -0.014675
14.562961 -0.013926
14.567962 -0.012744
14.572963 -0.011877
14.577964 -0.010024
14.582965 -0.006359
14.587966 -0.004191
14.592967 -0.003363
14.597968 -0.002220
14.602969 -0.000801
14.607970 -0.000013
14.612971 0.000500
14.617972 0.002037
14.622973 0.004086
14.627974 0.006609
14.632975 0.008658
14.637976 0.012048
14.642977 0.016344
14.647978 0.018473
14.652979 0.018512
14.657980 0.017330
14.662981 0.014413
14.667982 0.009013
14.672983 0.003850
14.677984 -0.001511
14.682985 -0.006635
14.687986 -0.009670
14.692987 -0.011759
14.697988 -0.012074
14.702989 -0.009158
14.707990 -0.004428
14.712991 -0.000329
14.717992 0.004086
14.722993 0.007436
14.727994 0.008934
14.732995 0.009683
14.737996 0.007673
14.742997 0.005426
14.747998 0.003573
14.752999 0.001484
14.758000 0.001011
14.763001 0.002864
14.768002 0.007791
14.773003 0.014373
14.778004 0.021980
14.783005 0.029745
14.788006 0.036288
14.793007 0.040624
14.798008 0.041412
14.803009 0.040505
14.808010 0.037589
14.813011 0.033568
14.818012 0.030060
14.823013 0.026198
14.828014 0.024148
14.833015 0.023596
14.838016 0.022571
14.843017 0.022256
14.848019 0.022571
14.853020 0.020916
14.858021 0.018275
14.863022 0.014728
14.868023 0.009209
14.873024 0.003060
14.878025 -0.003995
14.883026 -0.011326
14.888027 -0.017475
14.893028 -0.022284
14.898029 -0.026738
14.903030 -0.028433
14.908031 -0.027290
14.913032 -0.026620
14.918033 -0.026935
14.923034 -0.027802
14.928035 -0.028078
14.933036 -0.030049
14.938037 -0.032768
14.943038 -0.034739
14.948039 -0.037577
14.953040 -0.039311
14.958041 -0.039982
14.963042 -0.040376
14.968043 -0.039666
14.973044 -0.039193
14.978045 -0.038799
14.983046 -0.037104
14.988047 -0.035055
14.993048 -0.030798
14.998049 -0.025437
15.003050 -0.020432
15.008051 -0.013652
15.013052 -0.006755
15.018053 -0.000960
15.023054 0.004834
15.028055 0.009958
15.033056 0.013032
15.038057 0.015909
15.043058 0.017643
15.048059 0.018077
15.053060 0.018865
15.058061 0.018944
15.063062 0.018905
15.068063 0.018038
15.073064 0.017880
15.078065 0.018786
15.083066 0.019102
15.088067 0.019496
15.093068 0.019772
15.098069 0.020718
15.103070 0.021191
15.108071 0.021427
15.113072 0.021703
15.118073 0.021703
15.123074 0.021033
15.128075 0.019220
15.133076 0.017210
15.138077 0.013386
15.143078 0.008223
15.148080 0.002153
15.153081 -0.003287
15.158082 -0.007465
15.163083 -0.010500
15.168084 -0.011643
15.173085 -0.012155
15.178086 -0.008687
15.183087 -0.004627
15.188088 -0.002025
15.193089 0.001995
15.198090 0.004478
15.203091 0.006370
15.208092 0.006725
15.213093 0.005227
15.218094 0.003769
15.223095 0.000852
15.228096 -0.002420
15.233097 -0.004706
15.238098 -0.006874
15.243099 -0.008608
15.248100 -0.009199
15.253101 -0.008726
15.258102 -0.007110
15.263103 -0.005140
15.268104 -0.002420
15.273105 0.000733
15.278106 0.004084
15.283107 0.007710
15.288108 0.009562
15.293109 0.011730
15.298110 0.011257
15.303111 0.009759
15.308112 0.009444
15.313113 0.006015
15.318114 0.003729
15.323115 0.001403
15.328116 -0.001277
15.333117 -0.002223
15.338118 -0.003090
15.343119 -0.001947
15.348120 -0.000095
15.353121 0.001521
15.358122 0.005266
15.363123 0.009404
15.368124 0.011966
15.373125 0.015829
15.378126 0.019692
15.383127 0.022096
15.388128 0.022648
15.393129 0.021426
15.398130 0.021071
15.403131 0.021347
15.408132 0.021978
15.413133 0.023002
15.418134 0.024658
15.423135 0.026826
15.428136 0.027535
15.433137 0.025880
15.438138 0.022175
15.443139 0.015947
15.448141 0.007118
15.453142 -0.003248
15.458143 -0.014718
15.463144 -0.026031
15.468145 -0.035372
15.473146 -0.043768
15.478147 -0.051848
15.483148 -0.056775
15.488149 -0.058824
15.493150 -0.059692
15.498151 -0.059731
15.503152 -0.058430
15.508153 -0.053897
15.513154 -0.047985
15.518155 -0.041797
15.523156 -0.033717
15.528157 -0.025282
15.533158 -0.018424
15.538159 -0.012157
15.543160 -0.006639
15.548161 -0.003485
15.553162 -0.002224
15.558163 -0.002224
15.563164 -0.004313
15.568165 -0.007112
15.573166 -0.009358
15.578167 -0.012748
15.583168 -0.014719
15.588169 -0.015901
15.593170 -0.017202
15.598171 -0.016138
15.603172 -0.014285
15.608173 -0.012157
15.613174 -0.010975
15.618175 -0.009319
15.623176 -0.007900
15.628177 -0.007348
15.633178 -0.005851
15.638179 -0.005811
15.643180 -0.005259
15.648181 -0.002737
15.653182 0.000535
15.658183 0.006092
15.663184 0.013266
15.668185 0.021661
15.673186 0.030806
15.678187 0.038137
15.683188 0.044246
15.688189 0.048818
15.693190 0.050474
15.698191 0.049843
15.703192 0.045941
15.708193 0.040659
15.713194 0.035732
15.718195 0.031475
15.723196 0.027849
15.728197 0.025051
15.733198 0.023592
15.738199 0.021937
15.743200 0.019257
15.748202 0.016419
15.753203 0.014251
15.758204 0.010979
15.763205 0.008457
15.768206 0.006683
15.773207 0.004712
15.778208 0.004633
15.783209 0.005225
15.788210 0.005934
15.793211 0.007313
15.798212 0.009205
15.803213 0.010664
15.808214 0.011294
15.813215 0.012240
15.818216 0.012634
15.823217 0.010861
15.828218 0.009048
15.833219 0.007707
15.838220 0.005382
15.843221 0.003017
15.848222 0.000179
15.853223 -0.001082
15.858224 -0.000609
15.863225 -0.000018
15.868226 0.001086
15.873227 0.001834
15.878228 0.000731
15.883229 -0.001674
15.888230 -0.004787
15.893231 -0.009399
15.898232 -0.013814
15.903233 -0.017795
15.908234 -0.022130
15.913235 -0.027412
15.918236 -0.031629
15.923237 -0.034783
15.928238 -0.038330
15.933239 -0.040143
15.938240 -0.041365
15.943241 -0.040498
15.948242 -0.037187
15.953243 -0.033443
15.958244 -0.027846
15.963245 -0.021618
15.968246 -0.016218
15.973247 -0.012237
15.978248 -0.008532
15.983249 -0.005379
15.988250 -0.004827
15.993251 -0.005103
15.998252 -0.005143
16.003253 -0.005813
16.008254 -0.006443
16.013255 -0.006365
16.018256 -0.005773
16.023257 -0.004118
16.028258 -0.001595
16.033259 0.002031
16.038260 0.006642
16.043261 0.011688
16.048263 0.015590
16.053264 0.017757
16.058265 0.018861
16.063266 0.017600
16.068267 0.015668
16.073268 0.013461
16.078269 0.011333
16.083270 0.011963
16.088271 0.013185
16.093272 0.015432
16.098273 0.018585
16.103274 0.021423
16.108275 0.023945
16.113276 0.024418
16.118277 0.024143
16.123278 0.023512
16.128279 0.021147
16.133280 0.018506
16.138281 0.016772
16.143282 0.014249
16.148283 0.011766
16.153284 0.009283
16.158285 0.005775
16.163286 0.003765
16.168287 0.001478
16.173288 -0.000808
16.178289 -0.002108
16.183290 -0.002936
16.188291 -0.003527
16.193292 -0.006089
16.198293 -0.009519
16.203294 -0.012475
16.208295 -0.014840
16.213296 -0.016850
16.218297 -0.017796
16.223298 -0.016141
16.228299 -0.012711
16.233300 -0.009046
16.238301 -0.005893
16.243302 -0.003015
16.248303 -0.002306
16.253304 -0.001912
16.258305 -0.001202
16.263306 -0.002227
16.268307 -0.001951
16.273308 -0.001912
16.278309 -0.003331
16.283310 -0.004592
16.288311 -0.005538
16.293312 -0.006839
16.298313 -0.007942
16.303314 -0.009046
16.308315 -0.009874
16.313316 -0.009125
16.318317 -0.010386
16.323318 -0.011608
16.328319 -0.011845
16.333320 -0.012121
16.338321 -0.010662
16.343322 -0.009795
16.348324 -0.008021
16.353325 -0.005341
16.358326 -0.002937
16.363327 -0.000138
16.368328 0.002699
16.373329 0.005183
16.378330 0.007390
16.383331 0.010346
16.388332 0.012593
16.393333 0.014012
16.398334 0.014839
16.403335 0.016179
16.408336 0.018032
16.413337 0.018465
16.418338 0.019530
16.423339 0.019333
16.428340 0.018268
16.433341 0.017795
16.438342 0.016100
16.443343 0.014484
16.448344 0.012671
16.453345 0.009676
16.458346 0.006838
16.463347 0.004236
16.468348 0.000807
16.473349 -0.002386
16.478350 -0.005026
16.483351 -0.007037
16.488352 -0.008929
16.493353 -0.009835
16.498354 -0.010151
16.503355 -0.011294
16.508356 -0.011254
16.513357 -0.012043
16.518358 -0.013067
16.523359 -0.013935
16.528360 -0.016339
16.533361 -0.016378
16.538362 -0.014841
16.543363 -0.012752
16.548364 -0.009559
16.553365 -0.005776
16.558366 -0.001401
16.563367 0.001713
16.568368 0.004945
16.573369 0.008335
16.578370 0.010069
16.583371 0.011291
16.588372 0.011567
16.593373 0.011055
16.598374 0.010660
16.603375 0.008453
16.608376 0.005655
16.613377 0.003250
16.618378 0.000136
16.623379 -0.002977
16.628380 -0.005815
16.633381 -0.006919
16.638382 -0.007116
16.643383 -0.007629
16.648385 -0.007274
16.653386 -0.007313
16.658387 -0.008141
16.663388 -0.008417
16.668389 -0.008456
16.673390 -0.008732
16.678391 -0.008969
16.683392 -0.009166
16.688393 -0.009284
16.693394 -0.010112
16.698395 -0.010348
16.703396 -0.010073
16.708397 -0.010506
16.713398 -0.009008
16.718399 -0.007038
16.723400 -0.005225
16.728401 -0.002190
16.733402 -0.000692
16.738403 -0.000337
16.743404 -0.000416
16.748405 -0.001795
16.753406 -0.002623
16.758407 -0.003333
16.763408 -0.004042
16.768409 -0.003017
16.773410 -0.002071
16.778411 -0.001244
16.783412 0.001082
16.788413 0.003880
16.793414 0.006797
16.798415 0.009714
16.803416 0.012394
16.808417 0.015113
16.813418 0.016848
16.818419 0.017321
16.823420 0.017794
16.828421 0.017478
16.833422 0.015389
16.838423 0.012394
16.843424 0.008649
16.848425 0.005654
16.853426 0.003604
16.858427 0.001830
16.863428 0.000490
16.868429 0.000293
16.873430 0.001515
16.878431 0.002146
16.883432 0.003289
16.888433 0.004589
16.893434 0.004865
16.898435 0.004471
16.903436 0.004037
16.908437 0.004313
16.913438 0.002540
16.918439 0.000135
16.923440 -0.001678
16.928441 -0.005186
16.933442 -0.008221
16.938443 -0.012044
16.943444 -0.016814
16.948446 -0.019730
16.953447 -0.022292
16.958448 -0.024184
16.963449 -0.024500
16.968450 -0.023396
16.973451 -0.021228
16.978452 -0.018351
16.983453 -0.014685
16.988454 -0.010980
16.993455 -0.007354
16.998456 -0.003925
17.003457 -0.000259
17.008458 0.002933
17.013459 0.005101
17.018460 0.006993
17.023461 0.008609
17.028462 0.009043
17.033463 0.009752
17.038464 0.009989
17.043465 0.008885
17.048466 0.009082
17.053467 0.009791
17.058468 0.009003
17.063469 0.007584
17.068470 0.007111
17.073471 0.005298
17.078472 0.002302
17.083473 -0.000693
17.088474 -0.004004
17.093475 -0.006211
17.098476 -0.009404
17.103477 -0.012360
17.108478 -0.013503
17.113479 -0.013898
17.118480 -0.012991
17.123481 -0.011730
17.128482 -0.009483
17.133483 -0.007000
17.138484 -0.004280
17.143485 -0.000260
17.148486 0.004391
17.153487 0.009830
17.158488 0.015822
17.163489 0.020236
17.168490 0.022956
17.173491 0.025321
17.178492 0.024453
17.183493 0.022010
17.188494 0.018265
17.193495 0.013654
17.198496 0.011722
17.203497 0.009515
17.208498 0.008372
17.213499 0.007938
17.218500 0.007110
17.223501 0.006007
17.228502 0.003484
17.233503 0.001237
17.238504 -0.002428
17.243505 -0.007040
17.248507 -0.012203
17.253508 -0.017327
17.258509 -0.020323
17.263510 -0.022097
17.268511 -0.023752
17.273512 -0.024146
17.278513 -0.021781
17.283514 -0.019062
17.288515 -0.015278
17.293516 -0.010390
17.298517 -0.005621
17.303518 -0.001167
17.308519 0.001750
17.313520 0.004351
17.318521 0.005652
17.323522 0.005652
17.328523 0.004745
17.333524 0.004036
17.338525 0.004666
17.343526 0.005454
17.348527 0.006873
17.353528 0.008411
17.358529 0.010263
17.363530 0.011524
17.368531 0.011918
17.373532 0.011682
17.378533 0.011327
17.383534 0.011918
17.388535 0.011761
17.393536 0.012037
17.398537 0.012864
17.403538 0.014283
17.408539 0.016530
17.413540 0.018895
17.418541 0.021654
17.423542 0.024886
17.428543 0.028039
17.433544 0.029970
17.438545 0.030877
17.443546 0.030877
17.448547 0.030325
17.453548 0.028670
17.458549 0.026778
17.463550 0.025792
17.468551 0.023033
17.473552 0.018895
17.478553 0.014204
17.483554 0.008725
17.488555 0.002971
17.493556 -0.003927
17.498557 -0.010391
17.503558 -0.015476
17.508559 -0.020521
17.513560 -0.025172
17.518561 -0.028759
17.523562 -0.031242
17.528563 -0.033686
17.533564 -0.035578
17.538565 -0.036760
17.543566 -0.036327
17.548568 -0.035184
17.553569 -0.034435
17.558570 -0.031912
17.563571 -0.029271
17.568572 -0.025803
17.573573 -0.021113
17.578574 -0.016816
17.583575 -0.011613
17.588576 -0.007041
17.593577 -0.003139
17.598578 0.001118
17.603579 0.004468
17.608580 0.007266
17.613581 0.009986
17.618582 0.011484
17.623583 0.012745
17.628584 0.014085
17.633585 0.013967
17.638586 0.013849
17.643587 0.014322
17.648588 0.013100
17.653589 0.010971
17.658590 0.008882
17.663591 0.005571
17.668592 0.002970
17.673593 0.000368
17.678594 -0.004007
17.683595 -0.008185
17.688596 -0.012481
17.693597 -0.016501
17.698598 -0.018906
17.703599 -0.020285
17.708600 -0.020995
17.713601 -0.020207
17.718602 -0.018393
17.723603 -0.016620
17.728604 -0.014846
17.733605 -0.014058
17.738606 -0.013900
17.743607 -0.014610
17.748608 -0.015792
17.753609 -0.015516
17.758610 -0.014964
17.763611 -0.013861
17.768612 -0.011023
17.773613 -0.007752
17.778614 -0.004007
17.783615 0.000723
17.788616 0.004901
17.793617 0.009236
17.798618 0.013533
17.803619 0.016647
17.808620 0.020430
17.813621 0.024411
17.818622 0.027840
17.823623 0.030836
17.828624 0.033713
17.833625 0.036039
17.838626 0.037773
17.843627 0.038128
17.848629 0.036709
17.853630 0.035250
17.858631 0.033358
17.863632 0.032610
17.868633 0.032255
17.873634 0.029811
17.878635 0.028156
17.883636 0.025830
17.888637 0.022440
17.893638 0.019957
17.898639 0.017395
17.903640 0.014281
17.908641 0.010537
17.913642 0.007226
17.918643 0.002654
17.923644 -0.001958
17.928645 -0.006806
17.933646 -0.013349
17.938647 -0.017606
17.943648 -0.022139
17.948649 -0.026317
17.953650 -0.028682
17.958651 -0.031323
17.963652 -0.032978
17.968653 -0.035067
17.973654 -0.037629
17.978655 -0.039797
17.983656 -0.041689
17.988657 -0.043857
17.993658 -0.046616
17.998659 -0.047720
18.003660 -0.048587
18.008661 -0.048981
18.013662 -0.047956
18.018663 -0.046459
18.023664 -0.042517
18.028665 -0.037787
18.033666 -0.031796
18.038667 -0.023952
18.043668 -0.016345
18.048669 -0.007989
18.053670 -0.000264
18.058671 0.007146
18.063672 0.013965
18.068673 0.018774
18.073674 0.021966
18.078675 0.024055
18.083676 0.025908
18.088677 0.026184
18.093678 0.026342
18.098679 0.027130
18.103680 0.027248
18.108681 0.026814
18.113682 0.026460
18.118683 0.025632
18.123684 0.024607
18.128685 0.023937
18.133686 0.021611
18.138687 0.019365
18.143688 0.016763
18.148690 0.013098
18.153691 0.010496
18.158692 0.007382
18.163693 0.003953
18.168694 0.001470
18.173695 0.000406
18.178696 -0.000698
18.183697 -0.002117
18.188698 -0.002590
18.193699 -0.003260
18.198700 -0.003812
18.203701 -0.003142
18.208702 -0.001565
18.213703 -0.001368
18.218704 -0.001605
18.223705 -0.001132
18.228706 -0.001171
18.233707 -0.001683
18.238708 -0.002787
18.243709 -0.002945
18.248710 -0.002511
18.253711 -0.003300
18.258712 -0.004088
18.263713 -0.004719
18.268714 -0.005192
18.273715 -0.005901
18.278716 -0.006177
18.283717 -0.005034
18.288718 -0.003930
18.293719 -0.002236
18.298720 0.000445
18.303721 0.004426
18.308722 0.008761
18.313723 0.012821
18.318724 0.016960
18.323725 0.020428
18.328726 0.022990
18.333727 0.023818
18.338728 0.024370
18.343729 0.024843
18.348730 0.023463
18.353731 0.021808
18.358732 0.020822
18.363733 0.018891
18.368734 0.017630
18.373735 0.017669
18.378736 0.016762
18.383737 0.015698
18.388738 0.014516
18.393739 0.013175
18.398740 0.011875
18.403741 0.009904
18.408742 0.008130
18.413743 0.005962
18.418744 0.003755
18.423745 0.001430
18.428746 -0.001842
18.433747 -0.003379
18.438748 -0.005744
18.443749 -0.009370
18.448751 -0.011814
18.453752 -0.014258
18.458753 -0.015598
18.463754 -0.017096
18.468755 -0.017490
18.473756 -0.017293
18.478757 -0.017017
18.483758 -0.014849
18.488759 -0.013312
18.493760 -0.011026
18.498761 -0.008385
18.503762 -0.005823
18.508763 -0.003498
18.513764 -0.001842
18.518765 0.000286
18.523766 0.000838
18.528767 0.001547
18.533768 0.002375
18.538769 0.001981
18.543770 0.001350
18.548771 -0.000502
18.553772 -0.002276
18.558773 -0.005548
18.563774 -0.010238
18.568775 -0.014258
18.573776 -0.017569
18.578777 -0.020328
18.583778 -0.023521
18.588779 -0.024940
18.593780 -0.025728
18.598781 -0.026911
18.603782 -0.027581
18.608783 -0.028803
18.613784 -0.029670
18.618785 -0.031010
18.623786 -0.032469
18.628787 -0.033651
18.633788 -0.035267
18.638789 -0.035425
18.643790 -0.035622
18.648791 -0.035977
18.653792 -0.035110
18.658793 -0.033099
18.663794 -0.029946
18.668795 -0.026556
18.673796 -0.023088
18.678797 -0.018989
18.683798 -0.014141
18.688799 -0.010712
18.693800 -0.006809
18.698801 -0.000897
18.703802 0.003872
18.708803 0.008405
18.713804 0.013962
18.718805 0.020466
18.723806 0.025945
18.728807 0.030517
18.733808 0.035680
18.738809 0.040055
18.743810 0.044194
18.748812 0.048135
18.753813 0.051131
18.758814 0.054166
18.763815 0.055703
18.768816 0.055861
18.773817 0.055309
18.778818 0.054718
18.783819 0.053851
18.788820 0.051052
18.793821 0.048569
18.798822 0.045573
18.803823 0.043011
18.808824 0.040607
18.813825 0.036429
18.818826 0.033118
18.823827 0.028073
18.828828 0.023816
18.833829 0.019165
18.838830 0.012701
18.843831 0.008050
18.848832 0.002847
18.853833 -0.001450
18.858834 -0.006140
18.863835 -0.010082
18.868836 -0.013353
18.873837 -0.018004
18.878838 -0.022498
18.883839 -0.027779
18.888840 -0.032154
18.893841 -0.036766
18.898842 -0.041220
18.903843 -0.044137
18.908844 -0.045713
18.913845 -0.046147
18.918846 -0.046462
18.923847 -0.045438
18.928848 -0.043427
18.933849 -0.040156
18.938850 -0.036845
18.943851 -0.031760
18.948852 -0.024272
18.953853 -0.017571
18.958854 -0.010319
18.963855 -0.002869
18.968856 0.003635
18.973857 0.009468
18.978858 0.014316
18.983859 0.018100
18.988860 0.021411
18.993861 0.023539
18.998862 0.024367
19.003863 0.025313
19.008864 0.025983
19.013865 0.024958
19.018866 0.022160
19.023867 0.020346
19.028868 0.017548
19.033869 0.012582
19.038870 0.009389
19.043871 0.006393
19.048873 0.003595
19.053874 0.001190
19.058875 -0.001687
19.063876 -0.003579
19.068877 -0.006062
19.073878 -0.008782
19.078879 -0.011659
19.083880 -0.014970
19.088881 -0.017099
19.093882 -0.018044
19.098883 -0.017926
19.103884 -0.017887
19.108885 -0.017099
19.113886 -0.015010
19.118887 -0.012842
19.123888 -0.011108
19.128889 -0.010004
19.133890 -0.009531
19.138891 -0.009216
19.143892 -0.009097
19.148893 -0.009452
19.153894 -0.008230
19.158895 -0.006930
19.163896 -0.006535
19.168897 -0.006141
19.173898 -0.006181
19.178899 -0.006181
19.183900 -0.007166
19.188901 -0.008191
19.193902 -0.008822
19.198903 -0.010280
19.203904 -0.012251
19.208905 -0.012606
19.213906 -0.013473
19.218907 -0.014971
19.223908 -0.014064
19.228909 -0.013197
19.233910 -0.011029
19.238911 -0.007245
19.243912 -0.003816
19.248913 -0.000269
19.253914 0.003003
19.258915 0.006235
19.263916 0.008876
19.268917 0.011083
19.273918 0.013487
19.278919 0.015616
19.283920 0.017113
19.288921 0.018769
19.293922 0.019991
19.298923 0.020345
19.303924 0.021843
19.308925 0.023617
19.313926 0.025154
19.318927 0.027479
19.323928 0.029647
19.328929 0.030554
19.333930 0.030396
19.338931 0.029923
19.343932 0.026770
19.348934 0.020503
19.353935 0.014472
19.358936 0.007890
19.363937 0.001741
19.368938 -0.003580
19.373939 -0.009138
19.378940 -0.012567
19.383941 -0.014971
19.388942 -0.017100
19.393943 -0.018440
19.398944 -0.019938
19.403945 -0.021120
19.408946 -0.022539
19.413947 -0.023879
19.418948 -0.023801
19.423949 -0.023603
19.428950 -0.024274
19.433951 -0.023682
19.438952 -0.021002
19.443953 -0.018322
19.448954 -0.015405
19.453955 -0.011424
19.458956 -0.007207
19.463957 -0.002792
19.468958 0.000992
19.473959 0.003475
19.478960 0.005879
19.483961 0.007653
19.488962 0.008599
19.493963 0.010057
19.498964 0.011200
19.503965 0.012974
19.508966 0.015693
19.513967 0.018413
19.518968 0.021212
19.523969 0.023103
19.528970 0.024049
19.533971 0.023892
19.538972 0.023300
19.543973 0.021881
19.548974 0.019477
19.553975 0.016954
19.558976 0.013683
19.563977 0.011357
19.568978 0.009347
19.573979 0.006667
19.578980 0.004617
19.583981 0.003001
19.588982 0.001779
19.593983 0.000163
19.598984 -0.001571
19.603985 -0.002399
19.608986 -0.002990
19.613987 -0.004370
19.618988 -0.005552
19.623989 -0.005710
19.628990 -0.006143
19.633991 -0.006774
19.638992 -0.006813
19.643993 -0.007799
19.648995 -0.009218
19.653996 -0.010361
19.658997 -0.011662
19.663998 -0.012647
19.668999 -0.013908
19.674000 -0.014618
19.679001 -0.014421
19.684002 -0.013790
19.689003 -0.012450
19.694004 -0.010795
19.699005 -0.008075
19.704006 -0.005079
19.709007 -0.001611
19.714008 0.002607
19.719009 0.005996
19.724010 0.008243
19.729011 0.008637
19.734012 0.008125
19.739013 0.006863
19.744014 0.004301
19.749015 0.001187
19.754016 -0.002202
19.759017 -0.004410
19.764018 -0.005829
19.769019 -0.006144
19.774020 -0.005671
19.779021 -0.005277
19.784022 -0.005198
19.789023 -0.006459
19.794024 -0.006814
19.799025 -0.007721
19.804026 -0.009297
19.809027 -0.010283
19.814028 -0.010795
19.819029 -0.009810
19.824030 -0.009179
19.829031 -0.007484
19.834032 -0.005001
19.839033 -0.002794
19.844034 0.000162
19.849035 0.002803
19.854036 0.005838
19.859037 0.008518
19.864038 0.009819
19.869039 0.009661
19.874040 0.007809
19.879041 0.005562
19.884042 0.002291
19.889043 -0.001572
19.894044 -0.004252
19.899045 -0.006184
19.904046 -0.008233
19.909047 -0.008943
19.914048 -0.007839
19.919049 -0.006302
19.924050 -0.005199
19.929051 -0.002794
19.934052 0.000044
19.939053 0.002014
19.944054 0.004695
19.949056 0.006429
19.954057 0.008084
19.959058 0.009070
19.964059 0.009227
19.969060 0.009700
19.974061 0.009385
19.979062 0.009700
19.984063 0.008360
19.989064 0.006744
19.994065 0.006941
19.999066 0.006626
20.004067 0.006074
20.009068 0.004891
20.014069 0.004182
20.019070 0.002369
20.024071 0.000162
20.029072 -0.000942
20.034073 -0.002795
20.039074 -0.003938
20.044075 -0.004568
20.049076 -0.004332
20.054077 -0.004017
20.059078 -0.003583
20.064079 -0.001652
20.069080 -0.000390
20.074081 -0.000666
20.079082 -0.001534
20.084083 -0.002598
20.089084 -0.004253
20.094085 -0.006579
20.099086 -0.008865
20.104087 -0.010166
20.109088 -0.010954
20.114089 -0.011466
20.119090 -0.010442
20.124091 -0.008865
20.129092 -0.007485
20.134093 -0.006855
20.139094 -0.005475
20.144095 -0.003110
20.149096 -0.002440
20.154097 -0.001731
20.159098 0.000161
20.164099 0.001383
20.169100 0.002526
20.174101 0.003511
20.179102 0.004457
20.184103 0.005837
20.189104 0.006310
20.194105 0.007768
20.199106 0.009345
20.204107 0.010448
20.209108 0.011867
20.214109 0.011473
20.219110 0.012182
20.224111 0.012261
20.229112 0.010921
20.234113 0.011906
20.239114 0.012813
20.244115 0.013995
20.249117 0.014705
20.254118 0.014863
20.259119 0.015217
20.264120 0.014114
20.269121 0.013325
20.274122 0.011315
20.279123 0.008595
20.284124 0.005915
20.289125 0.002762
20.294126 0.001737
20.299127 0.000239
20.304128 -0.000628
20.309129 0.000160
20.314130 0.000200
20.319131 0.000988
20.324132 0.001697
20.329133 0.002052
20.334134 0.002131
20.339135 0.000594
20.344136 -0.000155
20.349137 -0.000668
20.354138 -0.002284
20.359139 -0.003427
20.364140 -0.004254
20.369141 -0.004452
20.374142 -0.005122
20.379143 -0.005595
20.384144 -0.004727
20.389145 -0.004294
20.394146 -0.004806
20.399147 -0.005476
20.404148 -0.005871
20.409149 -0.005831
20.414150 -0.005674
20.419151 -0.005713
20.424152 -0.004373
20.429153 -0.003624
20.434154 -0.003506
20.439155 -0.002836
20.444156 -0.002205
20.449157 -0.001180
20.454158 -0.001496
20.459159 -0.001890
20.464160 -0.002284
20.469161 -0.002836
20.474162 -0.004413
20.479163 -0.006856
20.484164 -0.007369
20.489165 -0.008315
20.494166 -0.008867
20.499167 -0.008906
20.504168 -0.008670
20.509169 -0.007645
20.514170 -0.006541
20.519171 -0.004886
20.524172 -0.003624
20.529173 -0.001733
20.534174 0.000869
20.539175 0.003746
20.544176 0.006151
20.549178 0.008476
20.554179 0.010447
20.559180 0.010999
20.564181 0.011393
20.569182 0.010565
20.574183 0.010053
20.579184 0.009698
20.584185 0.008161
20.589186 0.006939
20.594187 0.005362
20.599188 0.004495
20.604189 0.003588
20.609190 0.002682
20.614191 0.003076
20.619192 0.002839
20.624193 0.002603
20.629194 0.003273
20.634195 0.003509
20.639196 0.003233
20.644197 0.002879
20.649198 0.001499
20.654199 0.000317
20.659200 0.000119
20.664201 -0.000038
20.669202 0.000632
20.674203 0.001026
20.679204 0.000789
20.684205 0.001144
20.689206 0.000711
20.694207 -0.000314
20.699208 -0.000038
20.704209 -0.000669
20.709210 -0.001812
20.714211 -0.001852
20.719212 -0.003152
20.724213 -0.003901
20.729214 -0.003980
20.734215 -0.004414
20.739216 -0.004926
20.744217 -0.004138
20.749218 -0.002364
20.754219 -0.002364
20.759220 -0.001300
20.764221 -0.000709
20.769222 -0.001576
20.774223 -0.002009
20.779224 -0.002719
20.784225 -0.002482
20.789226 -0.002601
20.794227 -0.002640
20.799228 -0.002561
20.804229 -0.002837
20.809230 -0.002995
20.814231 -0.004020
20.819232 -0.004493
20.824233 -0.004808
20.829234 -0.005636
20.834235 -0.005754
20.839236 -0.005833
20.844237 -0.005124
20.849239 -0.004414
20.854240 -0.005478
20.859241 -0.006148
20.864242 -0.006858
20.869243 -0.007331
20.874244 -0.007449
20.879245 -0.007449
20.884246 -0.006109
20.889247 -0.004611
20.894248 -0.003035
20.899249 -0.001025
20.904250 0.001104
20.909251 0.003390
20.914252 0.006110
20.919253 0.008317
20.924254 0.010169
20.929255 0.011588
20.934256 0.012258
20.939257 0.013322
20.944258 0.013677
20.949259 0.012810
20.954260 0.012061
20.959261 0.010760
20.964262 0.009617
20.969263 0.009105
20.974264 0.008829
20.979265 0.008277
20.984266 0.006188
20.989267 0.004060
20.994268 0.001537
20.999269 -0.002129
21.004270 -0.006386
21.009271 -0.011155
21.014272 -0.014466
21.019273 -0.017067
21.024274 -0.019432
21.029275 -0.019787
21.034276 -0.019984
21.039277 -0.020339
21.044278 -0.020418
21.049279 -0.019472
21.054280 -0.017777
21.059281 -0.016673
21.064282 -0.015648
21.069283 -0.014111
21.074284 -0.011589
21.079285 -0.010130
21.084286 -0.008633
21.089287 -0.006583
21.094288 -0.005440
21.099289 -0.003587
21.104290 -0.001853
21.109291 0.001142
21.114292 0.003862
21.119293 0.004926
21.124294 0.007646
21.129295 0.009538
21.134296 0.011587
21.139297 0.014228
21.144298 0.015489
21.149300 0.018091
21.154301 0.019667
21.159302 0.020062
21.164303 0.020456
21.169304 0.019864
21.174305 0.020613
21.179306 0.019825
21.184307 0.018051
21.189308 0.017421
21.194309 0.016593
21.199310 0.016632
21.204311 0.015883
21.209312 0.015450
21.214313 0.014977
21.219314 0.014070
21.224315 0.013715
21.229316 0.012533
21.234317 0.012021
21.239318 0.011311
21.244319 0.008907
21.249320 0.006187
21.254321 0.004334
21.259322 0.002521
21.264323 0.000393
21.269324 -0.001775
21.274325 -0.003549
21.279326 -0.004140
21.284327 -0.005598
21.289328 -0.006308
21.294329 -0.005362
21.299330 -0.004810
21.304331 -0.004574
21.309332 -0.004771
21.314333 -0.005165
21.319334 -0.005677
21.324335 -0.006623
21.329336 -0.007175
21.334337 -0.006899
21.339338 -0.007096
21.344339 -0.007845
21.349340 -0.007767
21.354341 -0.007964
21.359342 -0.008555
21.364343 -0.008752
21.369344 -0.010092
21.374345 -0.010999
21.379346 -0.011275
21.384347 -0.012457
21.389348 -0.013443
21.394349 -0.013679
21.399350 -0.013009
21.404351 -0.012260
21.409352 -0.011432
21.414353 -0.010999
21.419354 -0.010959
21.424355 -0.010605
21.429356 -0.009935
21.434357 -0.008516
21.439358 -0.008122
21.444359 -0.007846
21.449361 -0.005993
21.454362 -0.004298
21.459363 -0.001776
21.464364 0.000589
21.469365 0.002481
21.474366 0.004885
21.479367 0.006501
21.484368 0.007684
21.489369 0.008551
21.494370 0.009970
21.499371 0.011113
21.504372 0.011270
21.509373 0.010719
21.514374 0.009339
21.519375 0.008866
21.524376 0.007762
21.529377 0.006186
21.534378 0.005673
21.539379 0.004727
21.544380 0.003663
21.549381 0.002954
21.554382 0.001692
21.559383 0.000234
21.564384 -0.001540
21.569385 -0.003747
21.574386 -0.005639
21.579387 -0.007570
21.584388 -0.009147
21.589389 -0.009975
21.594390 -0.011709
21.599391 -0.011906
21.604392 -0.010211
21.609393 -0.009187
21.614394 -0.007492
21.619395 -0.005087
21.624396 -0.002998
21.629397 -0.001343
21.634398 0.001258
21.639399 0.003623
21.644400 0.004530
21.649401 0.005436
21.654402 0.005358
21.659403 0.004806
21.664404 0.004490
21.669405 0.003860
21.674406 0.002717
21.679407 0.000549
21.684408 -0.000437
21.689409 -0.001028
21.694410 -0.002210
21.699411 -0.002486
21.704412 -0.002723
21.709413 -0.002565
21.714414 -0.002920
21.719415 -0.003472
21.724416 -0.002959
21.729417 -0.003511
21.734418 -0.003275
21.739419 -0.002999
21.744420 -0.003551
21.749422 -0.002487
21.754423 -0.002014
21.759424 -0.002053
21.764425 -0.001974
21.769426 -0.002250
21.774427 -0.002487
21.779428 -0.003117
21.784429 -0.002171
21.789430 -0.001817
21.794431 -0.002408
21.799432 -0.001974
21.804433 -0.001817
21.809434 -0.000595
21.814435 0.000193
21.819436 0.000469
21.824437 0.001179
21.829438 0.001021
21.834439 0.001809
21.839440 0.002401
21.844441 0.002243
21.849442 0.002992
21.854443 0.002479
21.859444 0.002716
21.864445 0.003819
21.869446 0.004844
21.874447 0.006894
21.879448 0.007485
21.884449 0.008234
21.889450 0.008076
21.894451 0.007248
21.899452 0.006854
21.904453 0.005790
21.909454 0.005751
21.914455 0.005356
21.919456 0.005987
21.924457 0.005514
21.929458 0.004529
21.934459 0.004844
21.939460 0.004410
21.944461 0.004607
21.949462 0.004450
21.954463 0.004213
21.959464 0.003543
21.964465 0.002834
21.969466 0.002637
21.974467 0.002045
21.979468 0.002597
21.984469 0.003740
21.989470 0.005159
21.994471 0.006341
21.999472 0.007958
22.004473 0.010047
22.009474 0.010835
22.014475 0.010914
22.019476 0.010204
22.024477 0.008982
22.029478 0.007484
22.034479 0.005671
22.039480 0.003898
22.044481 0.002281
22.049483 0.000468
22.054484 -0.000990
22.059485 -0.002330
22.064486 -0.003907
22.069487 -0.005523
22.074488 -0.006981
22.079489 -0.007888
22.084490 -0.009386
22.089491 -0.010647
22.094492 -0.011514
22.099493 -0.012184
22.104494 -0.012815
22.109495 -0.013209
22.114496 -0.012618
22.119497 -0.012973
22.124498 -0.013406
22.129499 -0.013209
22.134500 -0.012854
22.139501 -0.012224
22.144502 -0.012184
22.149503 -0.011633
22.154504 -0.011160
22.159505 -0.010963
22.164506 -0.009583
22.169507 -0.008282
22.174508 -0.008440
22.179509 -0.008401
22.184510 -0.007415
22.189511 -0.007336
22.194512 -0.007928
22.199513 -0.008992
22.204514 -0.010411
22.209515 -0.011633
22.214516 -0.013091
22.219517 -0.013525
22.224518 -0.013407
22.229519 -0.013210
22.234520 -0.012027
22.239521 -0.011199
22.244522 -0.009229
22.249523 -0.006194
22.254524 -0.004341
22.259525 -0.003395
22.264526 -0.002016
22.269527 -0.000597
22.274528 -0.000479
22.279529 -0.000360
22.284530 -0.000479
22.289531 -0.000282
22.294532 0.000467
22.299533 0.001650
22.304534 0.003699
22.309535 0.006498
22.314536 0.009099
22.319537 0.011622
22.324538 0.014184
22.329539 0.015366
22.334540 0.016746
22.339541 0.016194
22.344542 0.014617
22.349544 0.014144
22.354545 0.013317
22.359546 0.012568
22.364547 0.011346
22.369548 0.011425
22.374549 0.011385
22.379550 0.010400
22.384551 0.010321
22.389552 0.010242
22.394553 0.009611
22.399554 0.008586
22.404555 0.007089
22.409556 0.005354
22.414557 0.003068
22.419558 -0.000124
22.424559 -0.003002
22.429560 -0.005682
22.434561 -0.007456
22.439562 -0.008835
22.444563 -0.010727
22.449564 -0.010767
22.454565 -0.009308
22.459566 -0.008126
22.464567 -0.006707
22.469568 -0.004539
22.474569 -0.003199
22.479570 -0.002766
22.484571 -0.002135
22.489572 -0.002529
22.494573 -0.002726
22.499574 -0.002214
22.504575 -0.001662
22.509576 0.000309
22.514577 0.003777
22.519578 0.006891
22.524579 0.010596
22.529580 0.015247
22.534581 0.018124
22.539582 0.019898
22.544583 0.021002
22.549584 0.020765
22.554585 0.018321
22.559586 0.015602
22.564587 0.014065
22.569588 0.012173
22.574589 0.010281
22.579590 0.008113
22.584591 0.006773
22.589592 0.005669
22.594593 0.004565
22.599594 0.004762
22.604595 0.004999
22.609596 0.004723
22.614597 0.004920
22.619598 0.005196
22.624599 0.003895
22.629600 0.003107
22.634601 0.002358
22.639602 0.000899
22.644603 -0.000165
22.649605 -0.002096
22.654606 -0.003279
22.659607 -0.003200
22.664608 -0.003988
22.669609 -0.005171
22.674610 -0.005052
22.679611 -0.006393
22.684612 -0.007417
22.689613 -0.007812
22.694614 -0.008718
22.699615 -0.008009
22.704616 -0.008679
22.709617 -0.009309
22.714618 -0.009034
22.719619 -0.009112
22.724620 -0.009231
22.729621 -0.010374
22.734622 -0.010768
22.739623 -0.011004
22.744624 -0.012384
22.749625 -0.013015
22.754626 -0.013133
22.759627 -0.013330
22.764628 -0.013172
22.769629 -0.013172
22.774630 -0.013133
22.779631 -0.012345
22.784632 -0.011911
22.789633 -0.011438
22.794634 -0.010374
22.799635 -0.009625
22.804636 -0.008561
22.809637 -0.007733
22.814638 -0.006866
22.819639 -0.005565
22.824640 -0.005368
22.829641 -0.004895
22.834642 -0.004028
22.839643 -0.003595
22.844644 -0.002649
22.849645 -0.001703
22.854646 -0.000875
22.859647 0.000701
22.864648 0.002633
22.869649 0.004209
22.874650 0.005392
22.879651 0.006101
22.884652 0.007560
22.889653 0.008624
22.894654 0.007993
22.899655 0.007835
22.904656 0.007678
22.909657 0.006653
22.914658 0.005628
22.919659 0.004406
22.924660 0.003500
22.929661 0.002790
22.934662 0.001805
22.939663 0.001726
22.944664 0.000938
22.949666 0.000228
22.954667 -0.000166
22.959668 -0.001506
22.964669 -0.001743
22.969670 -0.003280
22.974671 -0.004581
22.979672 -0.004975
22.984673 -0.005527
22.989674 -0.004857
22.994675 -0.006315
22.999676 -0.006315
23.004677 -0.004620
23.009678 -0.003635
23.014679 -0.002137
23.019680 -0.001546
23.024681 -0.000363
23.029682 0.000385
23.034683 0.001253
23.039684 0.002711
23.044685 0.003578
23.049686 0.004958
23.054687 0.006061
23.059688 0.007362
23.064689 0.008268
23.069690 0.009096
23.074691 0.010476
23.079692 0.011185
23.084693 0.011737
23.089694 0.012722
23.094695 0.013116
23.099696 0.012801
23.104697 0.013116
23.109698 0.012683
23.114699 0.012367
23.119700 0.012525
23.124701 0.010909
23.129702 0.010318
23.134703 0.010042
23.139704 0.008702
23.144705 0.007440
23.149706 0.006100
23.154707 0.005745
23.159708 0.004445
23.164709 0.002513
23.169710 0.001213
23.174711 0.000464
23.179712 0.000306
23.184713 -0.000128
23.189714 0.000464
23.194715 0.000424
23.199716 0.000306
23.204717 0.000700
23.209718 -0.000285
23.214719 -0.000246
23.219720 -0.001507
23.224721 -0.004030
23.229722 -0.004661
23.234723 -0.005370
23.239724 -0.006001
23.244725 -0.006158
23.249727 -0.005331
23.254728 -0.005252
23.259729 -0.005488
23.264730 -0.005173
23.269731 -0.005528
23.274732 -0.004543
23.279733 -0.004543
23.284734 -0.004503
23.289735 -0.004188
23.294736 -0.004779
23.299737 -0.004582
23.304738 -0.005567
23.309739 -0.005883
23.314740 -0.005883
23.319741 -0.006119
23.324742 -0.005883
23.329743 -0.006356
23.334744 -0.006474
23.339745 -0.006514
23.344746 -0.006159
23.349747 -0.006435
23.354748 -0.007578
23.359749 -0.007972
23.364750 -0.007775
23.369751 -0.007933
23.374752 -0.007341
23.379753 -0.005647
23.384754 -0.004346
23.389755 -0.003321
23.394756 -0.002178
23.399757 -0.000917
23.404758 0.000344
23.409759 0.001212
23.414760 0.002433
23.419761 0.003458
23.424762 0.003025
23.429763 0.003103
23.434764 0.003103
23.439765 0.003340
23.444766 0.004207
23.449767 0.004049
23.454768 0.004365
23.459769 0.004719
23.464770 0.004207
23.469771 0.003576
23.474772 0.003103
23.479773 0.002709
23.484774 0.001921
23.489775 0.001093
23.494776 0.000975
23.499777 0.000581
23.504778 0.000659
23.509779 0.001132
23.514780 0.001053
23.519781 0.001014
23.524782 0.000502
23.529783 0.000659
23.534784 0.000896
23.539785 0.000344
23.544786 0.000226
23.549788 0.000423
23.554789 0.000383
23.559790 0.000186
23.564791 0.000659
23.569792 0.001802
23.574793 0.002709
23.579794 0.002551
23.584795 0.002748
23.589796 0.003852
23.594797 0.003773
23.599798 0.002906
23.604799 0.002511
23.609800 0.001329
23.614801 -0.000287
23.619802 -0.001312
23.624803 -0.003086
23.629804 -0.004583
23.634805 -0.005648
23.639806 -0.006357
23.644807 -0.006042
23.649808 -0.006278
23.654809 -0.006397
23.659810 -0.006476
23.664811 -0.005766
23.669812 -0.005057
23.674813 -0.005175
23.679814 -0.004781
23.684815 -0.004190
23.689816 -0.003401
23.694817 -0.003717
23.699818 -0.003598
23.704819 -0.002534
23.709820 -0.002613
23.714821 -0.002850
23.719822 -0.002889
23.724823 -0.002652
23.729824 -0.002771
23.734825 -0.001904
23.739826 -0.000288
23.744827 -0.000485
23.749828 -0.000091
23.754829 0.001250
23.759830 0.002235
23.764831 0.003693
23.769832 0.004560
23.774833 0.005822
23.779834 0.006807
23.784835 0.007004
23.789836 0.007556
23.794837 0.007911
23.799838 0.007989
23.804839 0.007122
23.809840 0.006570
23.814841 0.006255
23.819842 0.005624
23.824843 0.005112
23.829844 0.004600
23.834845 0.005151
23.839846 0.004363
23.844847 0.003417
23.849849 0.004008
23.854850 0.003180
23.859851 0.002313
23.864852 0.001170
23.869853 0.000185
23.874854 -0.000406
23.879855 -0.001550
23.884856 -0.001471
23.889857 -0.001747
23.894858 -0.001077
23.899859 -0.000919
23.904860 -0.001628
23.909861 -0.000761
23.914862 -0.000722
23.919863 -0.000525
23.924864 -0.000052
23.929865 0.000145
23.934866 0.000460
23.939867 0.000855
23.944868 0.001288
23.949869 0.001603
23.954870 0.001525
23.959871 0.001761
23.964872 0.002076
23.969873 0.001840
23.974874 0.002668
23.979875 0.002668
23.984876 0.002116
23.989877 0.002392
23.994878 0.001446
23.999879 0.000697
24.004880 0.000697
24.009881 0.000618
24.014882 0.001445
24.019883 0.002273
24.024884 0.003298
24.029885 0.005072
24.034886 0.005505
24.039887 0.005545
24.044888 0.005860
24.049889 0.005347
24.054890 0.005150
24.059891 0.005426
24.064892 0.005466
24.069893 0.004756
24.074894 0.003928
24.079895 0.003692
24.084896 0.003179
24.089897 0.002549
24.094898 0.001603
24.099899 0.001248
24.104900 0.000775
24.109901 -0.000565
24.114902 -0.001156
24.119903 -0.001708
24.124904 -0.001629
24.129905 -0.002851
24.134906 -0.005177
24.139907 -0.005965
24.144908 -0.006911
24.149910 -0.007660
24.154911 -0.008133
24.159912 -0.008685
24.164913 -0.008724
24.169914 -0.008448
24.174915 -0.008646
24.179916 -0.008724
24.184917 -0.008843
24.189918 -0.009079
24.194919 -0.008685
24.199920 -0.008764
24.204921 -0.007897
24.209922 -0.006990
24.214923 -0.006911
24.219924 -0.006517
24.224925 -0.006163
24.229926 -0.005808
24.234927 -0.006320
24.239928 -0.005729
24.244929 -0.005611
24.249930 -0.006399
24.254931 -0.005887
24.259932 -0.005650
24.264933 -0.003837
24.269934 -0.002458
24.274935 -0.001591
24.279936 0.000617
24.284937 0.001681
24.289938 0.003021
24.294939 0.004282
24.299940 0.004558
24.304941 0.004479
24.309942 0.004519
24.314943 0.004637
24.319944 0.004164
24.324945 0.004203
24.329946 0.004085
24.334947 0.003533
24.339948 0.002824
24.344949 0.002351
24.349950 0.002429
24.354951 0.001286
24.359952 -0.000448
24.364953 -0.001552
24.369954 -0.002892
24.374955 -0.004981
24.379956 -0.006163
24.384957 -0.006833
24.389958 -0.007385
24.394959 -0.007346
24.399960 -0.007661
24.404961 -0.006676
24.409962 -0.004784
24.414963 -0.004074
24.419964 -0.002340
24.424965 -0.000448
24.429966 0.000340
24.434967 0.001798
24.439968 0.002823
24.444969 0.002587
24.449971 0.002823
24.454972 0.002705
24.459973 0.002271
24.464974 0.002547
24.469975 0.002626
24.474976 0.002863
24.479977 0.003572
24.484978 0.005227
24.489979 0.006843
24.494980 0.007908
24.499981 0.008932
24.504982 0.010154
24.509983 0.011021
24.514984 0.011337
24.519985 0.012204
24.524986 0.012046
24.529987 0.011494
24.534988 0.010864
24.539989 0.009996
24.544990 0.009129
24.549991 0.007395
24.554992 0.006804
24.559993 0.006134
24.564994 0.004596
24.569995 0.003177
24.574996 0.001680
24.579997 -0.000409
24.584998 -0.001828
24.589999 -0.002814
24.595000 -0.004863
