0.000000 0.000000
0.005001 -0.000399
0.010002 -0.000399
0.015002 -0.000399
0.020003 0.000152
0.025004 -0.000399
0.030005 0.000152
0.035005 0.000152
0.040006 0.000152
0.045007 0.000152
0.050008 0.000152
0.055008 0.000152
0.060009 0.000152
0.065010 0.000152
0.070011 0.000152
0.075012 0.000152
0.080012 0.000152
0.085013 0.000152
0.090014 0.000151
0.095015 0.000151
0.100015 0.000151
0.105016 -0.000400
0.110017 -0.000400
0.115018 -0.000400
0.120018 -0.000400
0.125019 -0.000400
0.130020 -0.000400
0.135021 -0.000400
0.140022 0.000151
0.145022 0.000151
0.150023 0.000151
0.155024 0.000151
0.160025 0.000151
0.165025 0.000151
0.170026 0.000151
0.175027 0.000151
0.180028 0.000151
0.185028 0.000151
0.190029 0.000151
0.195030 0.000151
0.200031 0.000151
0.205032 0.000151
0.210032 -0.000400
0.215033 -0.000400
0.220034 0.000151
0.225035 0.000151
0.230035 -0.000400
0.235036 -0.000400
0.240037 -0.000400
0.245038 0.000151
0.250039 -0.000400
0.255039 0.000151
0.260040 -0.000400
0.265041 0.000504
0.270042 -0.000400
0.275042 0.000151
0.280043 0.000151
0.285044 0.000151
0.290045 0.000151
0.295045 0.000151
0.300046 0.000151
0.305047 0.000151
0.310048 0.000151
0.315049 0.000151
0.320049 0.000151
0.325050 0.000151
0.330051 0.000151
0.335052 0.000151
0.340052 0.000151
0.345053 -0.000400
0.350054 -0.000400
0.355055 -0.000400
0.360055 0.000151
0.365056 -0.000400
0.370057 0.000151
0.375058 -0.000400
0.380059 0.000151
0.385059 -0.000400
0.390060 -0.000400
0.395061 0.000151
0.400062 0.000151
0.405062 0.000151
0.410063 0.000151
0.415064 0.000151
0.420065 0.000151
0.425065 0.000151
0.430066 0.000151
0.435067 0.000151
0.440068 0.000151
0.445069 -0.000400
0.450069 -0.000400
0.455070 -0.000400
0.460071 -0.000400
0.465072 -0.000401
0.470072 -0.000401
0.475073 -0.000401
0.480074 -0.000401
0.485075 -0.000401
0.490075 -0.000401
0.495076 0.000151
0.500077 0.000150
0.505078 0.000150
0.510079 0.000150
0.515079 0.000150
0.520080 0.000150
0.525081 0.000150
0.530082 0.000150
0.535082 0.000150
0.540083 0.000150
0.545084 0.000150
0.550085 0.000150
0.555085 0.000150
0.560086 -0.000401
0.565087 -0.000401
0.570088 -0.000401
0.575089 -0.000401
0.580089 -0.000401
0.585090 -0.000401
0.590091 -0.000401
0.595092 0.000150
0.600092 0.000150
0.605093 -0.000401
0.610094 -0.000401
0.615095 -0.000401
0.620096 0.000150
0.625096 0.000150
0.630097 0.000150
0.635098 0.000150
0.640099 0.000150
0.645099 0.000150
0.650100 0.000150
0.655101 0.000150
0.660102 0.000150
0.665102 0.000150
0.670103 0.000150
0.675104 0.000150
0.680105 -0.000401
0.685106 -0.000401
0.690106 -0.000401
0.695107 -0.000401
0.700108 -0.000401
0.705109 -0.000401
0.710109 -0.000401
0.715110 0.000150
0.720111 0.000150
0.725112 -0.000401
0.730112 0.000150
0.735113 0.000150
0.740114 0.000150
0.745115 0.000150
0.750116 0.000150
0.755116 0.000150
0.760117 0.000150
0.765118 0.000150
0.770119 0.000150
0.775119 0.000150
0.780120 0.000150
0.785121 -0.000401
0.790122 -0.000401
0.795122 -0.000401
0.800123 -0.000401
0.805124 -0.000401
0.810125 -0.000401
0.815126 -0.000401
0.820126 -0.000401
0.825127 0.000150
0.830128 0.000150
0.835129 0.000150
0.840129 0.000150
0.845130 0.000150
0.850131 0.000150
0.855132 0.000150
0.860132 0.000150
0.865133 0.000150
0.870134 0.000150
0.875135 0.000150
0.880136 0.000150
0.885136 0.000150
0.890137 0.000150
0.895138 -0.000402
0.900139 0.000150
0.905139 0.000149
0.910140 0.000149
0.915141 -0.000402
0.920142 -0.000402
0.925142 -0.000402
0.930143 -0.000402
0.935144 0.000149
0.940145 0.000149
0.945146 0.000149
0.950146 0.000149
0.955147 0.000149
0.960148 0.000149
0.965149 0.000149
0.970149 0.000149
0.975150 0.000149
0.980151 0.000149
0.985152 0.000149
0.990152 0.000149
0.995153 0.000149
1.000154 0.000149
1.005155 0.000149
1.010156 0.000149
1.015156 0.000149
1.020157 0.000149
1.025158 0.000149
1.030159 -0.000402
1.035159 0.000149
1.040160 0.000149
1.045161 0.000149
1.050162 0.000149
1.055163 0.000149
1.060163 0.000149
1.065164 0.000149
1.070165 0.000149
1.075166 0.000149
1.080166 0.000149
1.085167 0.000149
1.090168 0.000149
1.095169 0.000149
1.100169 0.000149
1.105170 0.000149
1.110171 0.000149
1.115172 0.000149
1.120173 0.000149
1.125173 0.000149
1.130174 0.000149
1.135175 0.000149
1.140176 -0.000402
1.145176 -0.000402
1.150177 -0.000402
1.155178 -0.000402
1.160179 0.000149
1.165179 0.000149
1.170180 0.000149
1.175181 -0.000050
1.180182 0.000149
1.185183 0.000149
1.190183 0.000149
1.195184 0.000149
1.200185 0.000149
1.205186 0.000149
1.210186 0.000149
1.215187 0.000149
1.220188 0.000149
1.225189 0.000149
1.230189 0.000149
1.235190 0.000149
1.240191 -0.000402
1.245192 -0.000402
1.250193 -0.000402
1.255193 -0.000402
1.260194 -0.000402
1.265195 -0.000402
1.270196 -0.000402
1.275196 -0.000403
1.280197 0.000149
1.285198 0.000149
1.290199 -0.000403
1.295199 0.000149
1.300200 0.000149
1.305201 0.000149
1.310202 0.000148
1.315203 0.000148
1.320203 0.000148
1.325204 0.000148
1.330205 0.000148
1.335206 0.000501
1.340206 0.000148
1.345207 0.000148
1.350208 0.000148
1.355209 0.000148
1.360209 0.000148
1.365210 -0.000403
1.370211 -0.000403
1.375212 -0.000403
1.380213 -0.000403
1.385213 0.000148
1.390214 -0.000403
1.395215 0.000148
1.400216 0.000148
1.405216 0.000148
1.410217 0.000148
1.415218 0.000148
1.420219 0.000148
1.425220 0.000148
1.430220 0.000148
1.435221 0.000148
1.440222 0.000148
1.445223 0.000148
1.450223 -0.000403
1.455224 0.000148
1.460225 0.000148
1.465226 0.000148
1.470226 -0.000403
1.475227 -0.000051
1.480228 0.000148
1.485229 -0.000403
1.490230 -0.000403
1.495230 -0.000403
1.500231 -0.000403
1.505232 -0.000403
1.510233 0.000148
1.515233 0.000148
1.520234 0.000148
1.525235 0.000148
1.530236 0.000148
1.535236 0.000148
1.540237 0.000148
1.545238 0.000148
1.550239 0.000148
1.555240 0.000148
1.560240 0.000148
1.565241 0.000148
1.570242 0.000148
1.575243 0.000148
1.580243 0.000148
1.585244 -0.000403
1.590245 -0.000403
1.595246 -0.000403
1.600246 -0.000403
1.605247 -0.000403
1.610248 -0.000403
1.615249 -0.000403
1.620250 0.000148
1.625250 0.000148
1.630251 -0.000403
1.635252 0.000148
1.640253 0.000500
1.645253 0.000148
1.650254 0.000148
1.655255 0.000148
1.660256 0.000148
1.665256 0.000500
1.670257 0.000500
1.675258 0.000148
1.680259 0.000148
1.685260 -0.000404
1.690260 -0.000051
1.695261 -0.000404
1.700262 -0.000404
1.705263 -0.000404
1.710263 -0.000404
1.715264 -0.000404
1.720265 -0.000404
1.725266 -0.000404
1.730266 -0.000404
1.735267 0.000147
1.740268 -0.000404
1.745269 0.000147
1.750270 0.000147
1.755270 0.000147
1.760271 0.000147
1.765272 0.000147
1.770273 0.000147
1.775273 0.000147
1.780274 0.000147
1.785275 0.000147
1.790276 0.000147
1.795276 -0.000404
1.800277 -0.000404
1.805278 0.000147
1.810279 -0.000404
1.815280 -0.000404
1.820280 -0.000404
1.825281 -0.000404
1.830282 0.000147
1.835283 -0.000404
1.840283 -0.000404
1.845284 0.000147
1.850285 0.000147
1.855286 -0.000404
1.860287 0.000147
1.865287 0.000147
1.870288 0.000147
1.875289 0.000147
1.880290 0.000147
1.885290 0.000147
1.890291 0.000147
1.895292 0.000147
1.900293 0.000147
1.905293 0.000147
1.910294 -0.000404
1.915295 0.000147
1.920296 0.000147
1.925297 0.000147
1.930297 -0.000404
1.935298 -0.000404
1.940299 -0.000404
1.945300 -0.000404
1.950300 -0.000404
1.955301 0.000147
1.960302 0.000147
1.965303 0.000147
1.970303 0.000147
1.975304 0.000147
1.980305 0.000147
1.985306 0.000147
1.990307 0.000147
1.995307 0.000147
2.000308 0.000147
2.005309 0.000147
2.010310 0.000147
2.015310 0.000147
2.020311 0.000147
2.025312 0.000147
2.030313 -0.000404
2.035313 -0.000404
2.040314 -0.000404
2.045315 -0.000404
2.050316 0.000147
2.055317 -0.000404
2.060317 -0.000404
2.065318 -0.000404
2.070319 -0.000404
2.075320 0.000147
2.080320 -0.000404
2.085321 0.000147
2.090322 0.000147
2.095323 0.000147
2.100323 0.000147
2.105324 0.000147
2.110325 0.000147
2.115326 0.000147
2.120327 0.000147
2.125327 0.000146
2.130328 0.000146
2.135329 0.000146
2.140330 0.000146
2.145330 -0.000405
2.150331 -0.000405
2.155332 -0.000405
2.160333 -0.000405
2.165333 -0.000405
2.170334 -0.000405
2.175335 0.000146
2.180336 0.000146
2.185337 0.000146
2.190337 0.000146
2.195338 -0.000405
2.200339 0.000146
2.205340 0.000146
2.210340 0.000146
2.215341 0.000146
2.220342 0.000146
2.225343 0.000146
2.230343 0.000146
2.235344 0.000146
2.240345 0.000146
2.245346 0.000146
2.250347 -0.000405
2.255347 0.000146
2.260348 -0.000405
2.265349 -0.000053
2.270350 -0.000405
2.275350 -0.000405
2.280351 -0.000405
2.285352 -0.000405
2.290353 -0.000053
2.295354 0.000146
2.300354 0.000146
2.305355 0.000146
2.310356 0.000146
2.315357 0.000146
2.320357 0.000146
2.325358 0.000146
2.330359 0.000146
2.335360 0.000146
2.340360 0.000146
2.345361 0.000146
2.350362 0.000146
2.355363 0.000146
2.360364 0.000146
2.365364 0.000146
2.370365 0.000146
2.375366 0.000146
2.380367 0.000498
2.385367 -0.000405
2.390368 -0.000405
2.395369 -0.000405
2.400370 -0.000405
2.405370 -0.000405
2.410371 -0.000053
2.415372 0.000146
2.420373 -0.000405
2.425374 0.000146
2.430374 0.000146
2.435375 0.000498
2.440376 0.000498
2.445377 0.000146
2.450377 0.000146
2.455378 0.000146
2.460379 0.000146
2.465380 0.000146
2.470380 0.000146
2.475381 0.000146
2.480382 0.000146
2.485383 -0.000405
2.490384 0.000146
2.495384 -0.000406
2.500385 -0.000406
2.505386 -0.000406
2.510387 -0.000406
2.515387 -0.000406
2.520388 -0.000406
2.525389 0.000146
2.530390 0.000145
2.535390 -0.000406
2.540391 0.000145
2.545392 0.000145
2.550393 -0.000406
2.555394 0.000498
2.560394 0.000145
2.565395 0.000145
2.570396 0.000145
2.575397 0.000145
2.580397 0.000145
2.585398 0.000145
2.590399 -0.000406
2.595400 -0.000053
2.600400 0.000145
2.605401 -0.000406
2.610402 -0.000406
2.615403 0.000145
2.620404 -0.000406
2.625404 -0.000406
2.630405 0.000145
2.635406 -0.000406
2.640407 0.000145
2.645407 -0.000406
2.650408 -0.000406
2.655409 0.000145
2.660410 0.000145
2.665411 0.000145
2.670411 0.000145
2.675412 0.000145
2.680413 0.000145
2.685414 0.000145
2.690414 0.000145
2.695415 0.000498
2.700416 0.000498
2.705417 -0.000406
2.710417 -0.000406
2.715418 -0.000406
2.720419 -0.000406
2.725420 -0.000406
2.730421 -0.000406
2.735421 -0.000054
2.740422 -0.000054
2.745423 -0.000406
2.750424 -0.000406
2.755424 0.000145
2.760425 0.000145
2.765426 0.000145
2.770427 0.000145
2.775427 0.000145
2.780428 0.000145
2.785429 0.000145
2.790430 0.000145
2.795431 0.000145
2.800431 0.000145
2.805432 0.000145
2.810433 0.000145
2.815434 0.000145
2.820434 0.000145
2.825435 -0.000406
2.830436 0.000145
2.835437 0.000145
2.840437 -0.000406
2.845438 0.000145
2.850439 0.000145
2.855440 -0.000406
2.860441 -0.000406
2.865441 -0.000054
2.870442 0.000145
2.875443 -0.000406
2.880444 0.000145
2.885444 0.000145
2.890445 0.000145
2.895446 0.000145
2.900447 0.000145
2.905447 0.000145
2.910448 0.000145
2.915449 0.000145
2.920450 0.000145
2.925451 0.000145
2.930451 0.000145
2.935452 0.000145
2.940453 -0.000407
2.945454 -0.000407
2.950454 -0.000407
2.955455 -0.000407
2.960456 0.000144
2.965457 -0.000407
2.970457 0.000144
2.975458 0.000144
2.980459 0.000144
2.985460 0.000144
2.990461 0.000144
2.995461 0.000144
3.000462 0.000144
3.005463 0.000144
3.010464 0.000144
3.015464 0.000144
3.020465 0.000144
3.025466 0.000144
3.030467 0.000144
3.035467 0.000144
3.040468 0.000144
3.045469 0.000144
3.050470 -0.000407
3.055471 -0.000407
3.060471 -0.000407
3.065472 -0.000407
3.070473 -0.000407
3.075474 -0.000407
3.080474 -0.000407
3.085475 0.000144
3.090476 -0.000407
3.095477 0.000144
3.100478 0.000144
3.105478 0.000144
3.110479 0.000144
3.115480 0.000144
3.120481 0.000144
3.125481 0.000144
3.130482 0.000144
3.135483 0.000144
3.140484 0.000144
3.145484 0.000144
3.150485 0.000144
3.155486 -0.000407
3.160487 -0.000407
3.165488 -0.000407
3.170488 -0.000407
3.175489 -0.000407
3.180490 -0.000407
3.185491 -0.000407
3.190491 -0.000407
3.195492 -0.000407
3.200493 0.000144
3.205494 -0.000407
3.210494 0.000144
3.215495 0.000144
3.220496 0.000144
3.225497 0.000144
3.230498 0.000144
3.235498 0.000144
3.240499 0.000144
3.245500 0.000144
3.250501 0.000144
3.255501 0.000144
3.260502 0.000144
3.265503 0.000144
3.270504 0.000144
3.275504 0.000144
3.280505 0.000144
3.285506 0.000144
3.290507 -0.000407
3.295508 -0.000407
3.300508 0.000144
3.305509 -0.000407
3.310510 -0.000408
3.315511 0.000144
3.320511 0.000144
3.325512 -0.000408
3.330513 0.000144
3.335514 0.000144
3.340514 0.000144
3.345515 0.000143
3.350516 0.000143
3.355517 0.000143
3.360518 0.000143
3.365518 0.000143
3.370519 -0.000408
3.375520 0.000143
3.380521 0.000143
3.385521 0.000143
3.390522 -0.000408
3.395523 -0.000408
3.400524 0.000143
3.405524 0.000143
3.410525 -0.000408
3.415526 -0.000408
3.420527 -0.000408
3.425528 0.000143
3.430528 0.000143
3.435529 0.000143
3.440530 0.000143
3.445531 0.000143
3.450531 0.000143
3.455532 0.000143
3.460533 0.000143
3.465534 0.000143
3.470535 0.000143
3.475535 0.000143
3.480536 0.000143
3.485537 0.000143
3.490538 0.000143
3.495538 -0.000408
3.500539 -0.000408
3.505540 -0.000408
3.510541 -0.000408
3.515541 -0.000408
3.520542 -0.000408
3.525543 -0.000408
3.530544 -0.000056
3.535545 0.000495
3.540545 0.000495
3.545546 0.000143
3.550547 -0.000408
3.555548 -0.000408
3.560548 0.000143
3.565549 0.000143
3.570550 0.000143
3.575551 0.000143
3.580551 0.000143
3.585552 0.000143
3.590553 0.000143
3.595554 0.000143
3.600555 0.000143
3.605555 0.000143
3.610556 0.000143
3.615557 0.000143
3.620558 0.000143
3.625558 -0.000408
3.630559 -0.000408
3.635560 -0.000408
3.640561 0.000143
3.645561 -0.000408
3.650562 -0.000408
3.655563 0.000143
3.660564 0.000143
3.665565 0.000143
3.670565 0.000143
3.675566 0.000143
3.680567 0.000143
3.685568 0.000143
3.690568 0.000143
3.695569 0.000143
3.700570 0.000143
3.705571 0.000143
3.710571 0.000143
3.715572 0.000143
3.720573 0.000143
3.725574 0.000143
3.730575 -0.000409
3.735575 -0.000409
3.740576 -0.000409
3.745577 -0.000409
3.750578 -0.000409
3.755578 0.000142
3.760579 -0.000409
3.765580 -0.000409
3.770581 0.000142
3.775581 0.000142
3.780582 0.000142
3.785583 0.000142
3.790584 0.000142
3.795585 0.000142
3.800585 0.000142
3.805586 0.000142
3.810587 0.000142
3.815588 0.000142
3.820588 0.000142
3.825589 0.000142
3.830590 0.000142
3.835591 -0.000409
3.840591 -0.000409
3.845592 -0.000409
3.850593 -0.000409
3.855594 -0.000409
3.860595 -0.000409
3.865595 -0.000409
3.870596 -0.000409
3.875597 -0.000409
3.880598 0.000142
3.885598 0.000142
3.890599 0.000142
3.895600 0.000142
3.900601 0.000142
3.905602 0.000142
3.910602 0.000142
3.915603 0.000142
3.920604 0.000142
3.925605 0.000142
3.930605 0.000142
3.935606 0.000142
3.940607 0.000142
3.945608 0.000142
3.950608 0.000142
3.955609 0.000494
3.960610 0.000142
3.965611 0.000142
3.970612 0.000142
3.975612 -0.000409
3.980613 -0.000409
3.985614 -0.000409
3.990615 0.000142
3.995615 0.000142
4.000616 0.000142
4.005617 0.000142
4.010618 0.000142
4.015618 0.000142
4.020619 0.000142
4.025620 0.000142
4.030621 0.000142
4.035622 0.000142
4.040622 0.000142
4.045623 0.000142
4.050624 0.000142
4.055625 0.000142
4.060625 0.000142
4.065626 0.000142
4.070627 -0.000409
4.075628 -0.000409
4.080628 -0.000409
4.085629 -0.000409
4.090630 -0.000409
4.095631 -0.000409
4.100632 0.000142
4.105632 0.000142
4.110633 0.000142
4.115634 -0.000409
4.120635 0.000142
4.125635 0.000142
4.130636 0.000142
4.135637 0.000142
4.140638 0.000142
4.145638 0.000142
4.150639 0.000142
4.155640 0.000142
4.160641 0.000141
4.165642 0.000141
4.170642 0.000141
4.175643 0.000141
4.180644 0.000141
4.185645 -0.000410
4.190645 0.000141
4.195646 -0.000410
4.200647 0.000141
4.205648 0.000141
4.210648 -0.000410
4.215649 -0.000410
4.220650 -0.000410
4.225651 0.000141
4.230652 -0.000410
4.235652 0.000141
4.240653 0.000141
4.245654 0.000141
4.250655 0.000141
4.255655 0.000141
4.260656 0.000141
4.265657 0.000141
4.270658 0.000141
4.275659 0.000141
4.280659 0.000141
4.285660 0.000141
4.290661 0.000141
4.295662 0.000494
4.300662 0.000494
4.305663 -0.000410
4.310664 -0.000058
4.315665 -0.000058
4.320665 0.000141
4.325666 0.000141
4.330667 -0.000410
4.335668 -0.000410
4.340669 0.000141
4.345669 0.000141
4.350670 0.000141
4.355671 0.000141
4.360672 0.000141
4.365672 0.000141
4.370673 0.000141
4.375674 0.000141
4.380675 0.000141
4.385675 0.000141
4.390676 0.000141
4.395677 0.000141
4.400678 0.000141
4.405679 0.000141
4.410679 -0.000410
4.415680 -0.000410
4.420681 -0.000410
4.425682 -0.000410
4.430682 -0.000410
4.435683 -0.000410
4.440684 0.000141
4.445685 -0.000410
4.450685 0.000141
4.455686 -0.000058
4.460687 0.000141
4.465688 0.000141
4.470689 0.000141
4.475689 0.000493
4.480690 0.000141
4.485691 0.000141
4.490692 0.000141
4.495692 0.000141
4.500693 0.000141
4.505694 0.000141
4.510695 0.000141
4.515695 0.000141
4.520696 0.000141
4.525697 0.000141
4.530698 -0.000411
4.535699 -0.000411
4.540699 -0.000411
4.545700 -0.000411
4.550701 -0.000411
4.555702 -0.000411
4.560702 -0.000411
4.565703 0.000140
4.570704 0.000140
4.575705 0.000140
4.580705 0.000140
4.585706 0.000140
4.590707 0.000140
4.595708 0.000140
4.600709 0.000140
4.605709 0.000140
4.610710 0.000140
4.615711 0.000140
4.620712 0.000140
4.625712 -0.000411
4.630713 0.000140
4.635714 -0.000411
4.640715 -0.000411
4.645715 -0.000411
4.650716 -0.000411
4.655717 0.000140
4.660718 -0.000411
4.665719 -0.000411
4.670719 -0.000411
4.675720 0.000140
4.680721 0.000140
4.685722 -0.000411
4.690722 -0.000411
4.695723 0.000140
4.700724 0.000140
4.705725 0.000140
4.710726 0.000140
4.715726 0.000140
4.720727 0.000140
4.725728 0.000140
4.730729 0.000140
4.735729 0.000140
4.740730 0.000140
4.745731 -0.000411
4.750732 -0.000411
4.755732 -0.000411
4.760733 -0.000411
4.765734 -0.000411
4.770735 -0.000411
4.775736 -0.000411
4.780736 0.000140
4.785737 -0.000411
4.790738 0.000140
4.795739 -0.000411
4.800739 0.000140
4.805740 0.000140
4.810741 0.000140
4.815742 0.000140
4.820742 0.000140
4.825743 0.000140
4.830744 0.000140
4.835745 0.000140
4.840746 0.000140
4.845746 0.000140
4.850747 0.000140
4.855748 0.000140
4.860749 0.000140
4.865749 -0.000411
4.870750 -0.000411
4.875751 -0.000411
4.880752 0.000140
4.885752 -0.000411
4.890753 -0.000411
4.895754 -0.000411
4.900755 -0.000411
4.905756 0.000492
4.910756 -0.000411
4.915757 0.000140
4.920758 0.000140
4.925759 0.000140
4.930759 0.000691
4.935760 0.000691
4.940761 0.000691
4.945762 -0.000412
4.950762 -0.000412
4.955763 -0.000764
4.960764 -0.000963
4.965765 -0.000963
4.970766 0.001594
4.975766 0.001287
4.980767 0.000338
4.985768 -0.000303
4.990769 0.000953
4.995769 0.002850
5.000770 0.000825
5.005771 -0.002988
5.010772 -0.003718
5.015772 -0.000085
5.020773 0.004413
5.025774 0.004529
5.030775 0.000806
5.035776 0.000030
5.040776 0.002978
5.045777 0.005842
5.050778 0.003292
5.055779 -0.000008
5.060779 -0.006269
5.065780 -0.009979
5.070781 -0.007031
5.075782 -0.003148
5.080783 -0.002347
5.085783 -0.002917
5.090784 -0.003033
5.095785 0.001081
5.100786 0.008085
5.105786 0.012718
5.110787 0.017313
5.115788 0.013615
5.120789 0.003407
5.125789 -0.000547
5.130790 0.000376
5.135791 -0.002616
5.140792 -0.009133
5.145793 -0.018188
5.150793 -0.016823
5.155794 -0.006339
5.160795 -0.000771
5.165796 0.003830
5.170796 0.013089
5.175797 0.016383
5.180798 0.002286
5.185799 -0.014977
5.190799 -0.019200
5.195800 -0.006487
5.200801 -0.002245
5.205802 -0.014240
5.210803 -0.018534
5.215803 -0.000713
5.220804 0.019837
5.225805 0.025232
5.230806 0.018824
5.235806 0.016165
5.240807 0.016543
5.245808 0.007066
5.250809 -0.002130
5.255809 0.000068
5.260810 -0.000509
5.265811 -0.013818
5.270812 -0.033317
5.275813 -0.039879
5.280813 -0.021981
5.285814 0.003535
5.290815 0.015409
5.295816 0.018536
5.300816 0.019241
5.305817 0.018408
5.310818 0.012641
5.315819 0.001228
5.320819 -0.010082
5.325820 -0.016945
5.330821 -0.017721
5.335822 -0.012844
5.340823 -0.003514
5.345823 0.006207
5.350824 0.014005
5.355825 0.015479
5.360826 0.009084
5.365826 0.006655
5.370827 0.016639
5.375828 0.025130
5.380829 0.016607
5.385829 -0.004219
5.390830 -0.011255
5.395831 -0.009102
5.400832 -0.014190
5.405833 -0.022443
5.410833 -0.023295
5.415834 -0.015567
5.420835 -0.006372
5.425836 -0.001573
5.430836 0.005008
5.435837 0.006809
5.440838 -0.004430
5.445839 -0.016087
5.450839 -0.016747
5.455840 -0.010224
5.460841 -0.003329
5.465842 -0.004520
5.470843 -0.007666
5.475843 0.003515
5.480844 0.019234
5.485845 0.027122
5.490846 0.029801
5.495846 0.019478
5.500847 0.004912
5.505848 -0.001662
5.510849 0.002586
5.515850 0.012922
5.520850 0.011576
5.525851 -0.004008
5.530852 -0.016151
5.535853 -0.023751
5.540853 -0.028640
5.545854 -0.019143
5.550855 0.002381
5.555856 0.016965
5.560856 0.010820
5.565857 -0.006648
5.570858 -0.012767
5.575859 0.000324
5.580860 0.011954
5.585860 0.013249
5.590861 0.009833
5.595862 0.003336
5.600863 -0.001823
5.605863 0.003617
5.610864 0.011025
5.615865 0.015793
5.620866 0.007001
5.625866 0.000888
5.630867 0.006539
5.635868 0.021322
5.640869 0.023668
5.645870 0.016036
5.650870 -0.008352
5.655871 -0.029979
5.660872 -0.028275
5.665873 -0.009551
5.670873 0.000214
5.675874 -0.000195
5.680875 -0.002502
5.685876 0.001266
5.690876 0.001964
5.695877 0.001387
5.700878 0.009173
5.705879 0.021412
5.710880 0.014581
5.715880 0.002739
5.720881 -0.004893
5.725882 -0.011832
5.730883 -0.022091
5.735883 -0.026071
5.740884 -0.017215
5.745885 0.000138
5.750886 0.009737
5.755886 0.016125
5.760887 0.016458
5.765888 0.014722
5.770889 0.008622
5.775890 -0.005681
5.780890 -0.016991
5.785891 -0.017920
5.790892 -0.006681
5.795893 0.000330
5.800893 -0.001823
5.805894 -0.005822
5.810895 0.001548
5.815896 0.012800
5.820896 0.018996
5.825897 0.025596
5.830898 0.037765
5.835899 0.040886
5.840900 0.029967
5.845900 0.007513
5.850901 -0.008674
5.855902 -0.021541
5.860903 -0.031134
5.865903 -0.037048
5.870904 -0.035574
5.875905 -0.032684
5.880906 -0.028705
5.885907 -0.013153
5.890907 0.009307
5.895908 0.021963
5.900909 0.017067
5.905910 0.005578
5.910910 0.000111
5.915911 -0.007309
5.920912 -0.021631
5.925913 -0.023335
5.930913 -0.005451
5.935914 0.011626
5.940915 0.015779
5.945916 0.017048
5.950917 0.024763
5.955917 0.032113
5.960918 0.028973
5.965919 0.022872
5.970920 0.020175
5.975920 0.013966
5.980921 0.005231
5.985922 -0.005842
5.990923 -0.022458
5.995923 -0.036068
6.000924 -0.038330
6.005925 -0.022707
6.010926 -0.004054
6.015927 0.007179
6.020927 0.012895
6.025928 0.014382
6.030929 0.004001
6.035930 -0.011218
6.040930 -0.018216
6.045931 -0.021984
6.050932 -0.029378
6.055933 -0.034441
6.060933 -0.027148
6.065934 -0.008091
6.070935 0.008678
6.075936 0.015580
6.080937 0.018489
6.085937 0.018572
6.090938 0.016784
6.095939 0.009319
6.100940 0.003841
6.105940 0.002764
6.110941 0.005186
6.115942 0.002693
6.120943 -0.006912
6.125943 -0.016428
6.130944 -0.017684
6.135945 -0.010129
6.140946 0.003443
6.145947 0.017592
6.150947 0.023500
6.155948 0.015016
6.160949 0.004129
6.165950 -0.000985
6.170950 -0.004733
6.175951 -0.014698
6.180952 -0.021311
6.185953 -0.019703
6.190953 -0.011878
6.195954 0.003706
6.200955 0.020085
6.205956 0.030555
6.210957 0.027402
6.215957 0.020456
6.220958 0.016047
6.225959 0.017175
6.230960 0.014644
6.235960 0.005827
6.240961 -0.001914
6.245962 -0.004715
6.250963 -0.008438
6.255963 -0.012340
6.260964 -0.012347
6.265965 -0.006490
6.270966 0.002283
6.275967 0.009915
6.280967 0.009832
6.285968 0.000950
6.290969 -0.009277
6.295970 -0.010642
6.300970 -0.006054
6.305971 -0.003119
6.310972 -0.002722
6.315973 -0.003119
6.320974 -0.000671
6.325974 0.005923
6.330975 0.013529
6.335976 0.015048
6.340977 0.010812
6.345977 0.004353
6.350978 -0.001620
6.355979 -0.007220
6.360980 -0.012603
6.365980 -0.016794
6.370981 -0.017915
6.375982 -0.014846
6.380983 -0.006599
6.385984 0.007704
6.390984 0.022397
6.395985 0.029728
6.400986 0.028049
6.405987 0.024614
6.410987 0.022814
6.415988 0.016822
6.420989 0.007608
6.425990 0.000969
6.430990 0.001142
6.435991 0.001276
6.440992 -0.004491
6.445993 -0.012462
6.450994 -0.018434
6.455994 -0.018351
6.460995 -0.014519
6.465996 -0.011033
6.470997 -0.014532
6.475997 -0.024624
6.480998 -0.035537
6.485999 -0.043938
6.491000 -0.048898
6.496000 -0.054319
6.501001 -0.054364
6.506002 -0.044118
6.511003 -0.026707
6.516004 -0.007048
6.521004 0.010606
6.526005 0.024665
6.531006 0.030016
6.536007 0.028337
6.541007 0.026376
6.546008 0.026203
6.551009 0.024486
6.556010 0.019084
6.561010 0.010331
6.566011 0.001206
6.571012 -0.006792
6.576013 -0.013642
6.581014 -0.018070
6.586014 -0.017563
6.591015 -0.013091
6.596016 -0.006125
6.601017 0.000821
6.606017 0.007261
6.611018 0.009754
6.616019 0.007152
6.621020 0.001904
6.626020 -0.002793
6.631021 -0.004184
6.636022 -0.002268
6.641023 0.001590
6.646024 0.006486
6.651024 0.011138
6.656025 0.014861
6.661026 0.016687
6.666027 0.015937
6.671027 0.015367
6.676028 0.017155
6.681029 0.024428
6.686030 0.035424
6.691030 0.043203
6.696031 0.044549
6.701032 0.041576
6.706033 0.035757
6.711034 0.030355
6.716034 0.023652
6.721035 0.012874
6.726036 -0.000570
6.731037 -0.011502
6.736037 -0.017961
6.741038 -0.022658
6.746039 -0.026804
6.751040 -0.031104
6.756041 -0.030995
6.761041 -0.026984
6.766042 -0.020281
6.771043 -0.010380
6.776044 0.003973
6.781044 0.020224
6.786045 0.035571
6.791046 0.047875
6.796047 0.056032
6.801047 0.058743
6.806048 0.054795
6.811049 0.047298
6.816050 0.039756
6.821051 0.030009
6.826051 0.018212
6.831052 0.006921
6.836053 -0.002012
6.841054 -0.010349
6.846054 -0.020800
6.851055 -0.032354
6.856056 -0.040095
6.861057 -0.042921
6.866057 -0.038077
6.871058 -0.025209
6.876059 -0.006460
6.881060 0.014116
6.886061 0.030591
6.891061 0.040786
6.896062 0.048296
6.901063 0.052128
6.906064 0.051045
6.911064 0.040285
6.916065 0.018377
6.921066 -0.015099
6.926067 -0.055469
6.931067 -0.099209
6.936068 -0.140592
6.941069 -0.177809
6.946070 -0.206254
6.951071 -0.219602
6.956071 -0.219397
6.961072 -0.211502
6.966073 -0.202441
6.971074 -0.194463
6.976074 -0.191426
6.981075 -0.194079
6.986076 -0.198917
6.991077 -0.198469
6.996077 -0.186717
7.001078 -0.161656
7.006079 -0.125291
7.011080 -0.079827
7.016081 -0.029826
7.021081 0.021143
7.026082 0.068651
7.031083 0.115480
7.036084 0.165666
7.041084 0.218993
7.046085 0.272948
7.051086 0.323149
7.056087 0.357765
7.061087 0.362169
7.066088 0.331553
7.071089 0.271332
7.076090 0.182558
7.081091 0.070004
7.086091 -0.047298
7.091092 -0.141020
7.096093 -0.197678
7.101094 -0.226238
7.106094 -0.244059
7.111095 -0.257394
7.116096 -0.264943
7.121097 -0.266218
7.126098 -0.257625
7.131098 -0.227130
7.136099 -0.167306
7.141100 -0.082408
7.146101 0.010616
7.151101 0.093406
7.156102 0.158074
7.161103 0.207491
7.166104 0.239658
7.171104 0.253127
7.176105 0.251845
7.181106 0.234909
7.186107 0.208066
7.191108 0.179070
7.196108 0.155630
7.201109 0.143096
7.206110 0.138668
7.211111 0.134060
7.216111 0.125551
7.221112 0.107012
7.226113 0.075825
7.231114 0.028925
7.236114 -0.031329
7.241115 -0.090347
7.246116 -0.130736
7.251117 -0.139207
7.256118 -0.115363
7.261118 -0.070686
7.266119 -0.021203
7.271120 0.023736
7.276121 0.057212
7.281121 0.078230
7.286122 0.088816
7.291123 0.092539
7.296124 0.092020
7.301124 0.094243
7.306125 0.097735
7.311126 0.099259
7.316127 0.094017
7.321128 0.080534
7.326128 0.056984
7.331129 0.026674
7.336130 0.003002
7.341131 -0.006648
7.346131 -0.001971
7.351132 0.011351
7.356133 0.026224
7.361134 0.035464
7.366134 0.038585
7.371135 0.035163
7.376136 0.027577
7.381137 0.021355
7.386138 0.016760
7.391138 0.008988
7.396139 -0.008929
7.401140 -0.034894
7.406141 -0.060840
7.411141 -0.081672
7.416142 -0.095956
7.421143 -0.103889
7.426144 -0.105010
7.431144 -0.098218
7.436145 -0.081704
7.441146 -0.058821
7.446147 -0.040020
7.451148 -0.033061
7.456148 -0.037105
7.461149 -0.051664
7.466150 -0.076098
7.471151 -0.106748
7.476151 -0.143568
7.481152 -0.183163
7.486153 -0.225860
7.491154 -0.265614
7.496154 -0.297622
7.501155 -0.318159
7.506156 -0.317838
7.511157 -0.287932
7.516158 -0.226786
7.521158 -0.138060
7.526159 -0.032712
7.531160 0.073360
7.536161 0.160401
7.541161 0.216702
7.546162 0.239200
7.551163 0.237002
7.556164 0.218708
7.561165 0.194985
7.566165 0.170551
7.571166 0.148226
7.576167 0.123445
7.581168 0.094603
7.586168 0.061171
7.591169 0.026683
7.596170 -0.003217
7.601171 -0.028728
7.606171 -0.053265
7.611172 -0.077993
7.616173 -0.100575
7.621174 -0.120017
7.626175 -0.134601
7.631175 -0.143098
7.636176 -0.144739
7.641177 -0.134697
7.646178 -0.109776
7.651178 -0.069624
7.656179 -0.010253
7.661180 0.068904
7.666181 0.164652
7.671181 0.268769
7.676182 0.366753
7.681183 0.444853
7.686184 0.495688
7.691185 0.518000
7.696185 0.513399
7.701186 0.481839
7.706187 0.427730
7.711188 0.357927
7.716188 0.276623
7.721189 0.193735
7.726190 0.114225
7.731191 0.041110
7.736191 -0.022899
7.741192 -0.073990
7.746193 -0.110798
7.751194 -0.135174
7.756195 -0.148662
7.761195 -0.151616
7.766196 -0.144895
7.771197 -0.132508
7.776198 -0.117962
7.781198 -0.105268
7.786199 -0.098040
7.791200 -0.094932
7.796201 -0.097354
7.801201 -0.103807
7.806202 -0.113982
7.811203 -0.128189
7.816204 -0.143472
7.821205 -0.156415
7.826205 -0.164752
7.831206 -0.166565
7.836207 -0.161394
7.841208 -0.149481
7.846208 -0.135037
7.851209 -0.121875
7.856210 -0.110655
7.861211 -0.101530
7.866211 -0.092450
7.871212 -0.080108
7.876213 -0.061794
7.881214 -0.041718
7.886215 -0.020232
7.891215 0.000459
7.896216 0.017338
7.901217 0.028045
7.906218 0.033178
7.911218 0.031371
7.916219 0.026437
7.921220 0.017933
7.926221 0.008527
7.931222 -0.000528
7.936222 -0.010178
7.941223 -0.020226
7.946224 -0.030472
7.951225 -0.040718
7.956225 -0.050061
7.961226 -0.058654
7.966227 -0.065152
7.971228 -0.069112
7.976228 -0.070028
7.981229 -0.069246
7.986230 -0.066061
7.991231 -0.060871
7.996232 -0.054975
8.001232 -0.050028
8.006233 -0.045017
8.011234 -0.037872
8.016235 -0.024428
8.021235 -0.003782
8.026236 0.020453
8.031237 0.045367
8.036238 0.067545
8.041238 0.081962
8.046239 0.089523
8.051240 0.091529
8.056241 0.089830
8.061242 0.083858
8.066242 0.075046
8.071243 0.066440
8.076244 0.060904
8.081245 0.059295
8.086245 0.060820
8.091246 0.061865
8.096247 0.060071
8.101248 0.055791
8.106248 0.050588
8.111249 0.044481
8.116250 0.036677
8.121251 0.027437
8.126252 0.018017
8.131252 0.009476
8.136253 -0.000437
8.141254 -0.011523
8.146255 -0.021270
8.151255 -0.027825
8.156256 -0.028082
8.161257 -0.022148
8.166258 -0.011037
8.171258 0.002278
8.176259 0.014626
8.181260 0.024750
8.186261 0.032651
8.191262 0.041436
8.196262 0.050600
8.201263 0.058379
8.206264 0.062967
8.211265 0.064165
8.216265 0.059526
8.221266 0.050613
8.226267 0.037534
8.231268 0.023860
8.236268 0.010737
8.241269 -0.001131
8.246270 -0.011434
8.251271 -0.020572
8.256272 -0.029646
8.261272 -0.038457
8.266273 -0.046300
8.271274 -0.053727
8.276275 -0.059084
8.281275 -0.063230
8.286276 -0.065767
8.291277 -0.066146
8.296278 -0.066569
8.301278 -0.069241
8.306279 -0.073810
8.311280 -0.077123
8.316281 -0.076777
8.321282 -0.072618
8.326282 -0.065948
8.331283 -0.058021
8.336284 -0.051152
8.341285 -0.046596
8.346285 -0.045763
8.351286 -0.045545
8.356287 -0.043892
8.361288 -0.040848
8.366289 -0.036106
8.371289 -0.031916
8.376290 -0.029179
8.381291 -0.029750
8.386292 -0.032415
8.391292 -0.037023
8.396293 -0.041367
8.401294 -0.042495
8.406295 -0.040317
8.411295 -0.035491
8.416296 -0.029519
8.421297 -0.023855
8.426298 -0.019600
8.431299 -0.017062
8.436299 -0.015338
8.441300 -0.013371
8.446301 -0.007789
8.451302 -0.001747
8.456302 0.006718
8.461303 0.013991
8.466304 0.020822
8.471305 0.025711
8.476305 0.028704
8.481306 0.031299
8.486307 0.034048
8.491308 0.036047
8.496309 0.035182
8.501309 0.032952
8.506310 0.027902
8.511311 0.022391
8.516312 0.019726
8.521312 0.022507
8.526313 0.030030
8.531314 0.040642
8.536315 0.052291
8.541315 0.063083
8.546316 0.072374
8.551317 0.079571
8.556318 0.084473
8.561319 0.087389
8.566319 0.087216
8.571320 0.084307
8.576321 0.077604
8.581322 0.069510
8.586322 0.062231
8.591323 0.058873
8.596324 0.058930
8.601325 0.061346
8.606325 0.065659
8.611326 0.068805
8.616327 0.069375
8.621328 0.065915
8.626329 0.060141
8.631329 0.054214
8.636330 0.050292
8.641331 0.047626
8.646332 0.044365
8.651332 0.037841
8.656333 0.027505
8.661334 0.013004
8.666335 -0.003657
8.671335 -0.021573
8.676336 -0.038939
8.681337 -0.054651
8.686338 -0.069415
8.691339 -0.081424
8.696339 -0.089068
8.701340 -0.092349
8.706341 -0.093669
8.711342 -0.092676
8.716342 -0.091529
8.721343 -0.090074
8.726344 -0.088312
8.731345 -0.085691
8.736346 -0.083115
8.741346 -0.079130
8.746347 -0.071927
8.751348 -0.062213
8.756349 -0.051044
8.761349 -0.039125
8.766350 -0.028264
8.771351 -0.019408
8.776352 -0.013109
8.781352 -0.008816
8.786353 -0.007079
8.791354 -0.005497
8.796355 -0.004817
8.801356 -0.004292
8.806356 -0.002818
8.811357 -0.001453
8.816358 0.001654
8.821359 0.006505
8.826359 0.013054
8.831360 0.020398
8.836361 0.028139
8.841362 0.034822
8.846362 0.040051
8.851363 0.043826
8.856364 0.045748
8.861365 0.046370
8.866366 0.046440
8.871366 0.046159
8.876367 0.045922
8.881368 0.043724
8.886369 0.039366
8.891369 0.033554
8.896370 0.025891
8.901371 0.016881
8.906372 0.007936
8.911372 0.001918
8.916373 -0.000972
8.921374 -0.001439
8.926375 0.000912
8.931376 0.004366
8.936376 0.008525
8.941377 0.012331
8.946378 0.015938
8.951379 0.019347
8.956379 0.022602
8.961380 0.025749
8.966381 0.028433
8.971382 0.029049
8.976382 0.027946
8.981383 0.023826
8.986384 0.017591
8.991385 0.008844
8.996386 -0.001159
9.001386 -0.011514
9.006387 -0.020216
9.011388 -0.025457
9.016389 -0.026688
9.021389 -0.024060
9.026390 -0.019780
9.031391 -0.014596
9.036392 -0.007803
9.041392 -0.001805
9.046393 0.005756
9.051394 0.011972
9.056395 0.017944
9.061396 0.020764
9.066396 0.019572
9.071397 0.013311
9.076398 0.001277
9.081399 -0.012917
9.086399 -0.028168
9.091400 -0.040862
9.096401 -0.050846
9.101402 -0.057061
9.106402 -0.058804
9.111403 -0.058234
9.116404 -0.054998
9.121405 -0.049404
9.126406 -0.042554
9.131406 -0.035704
9.136407 -0.031565
9.141408 -0.028681
9.146409 -0.026502
9.151409 -0.023773
9.156410 -0.020646
9.161411 -0.017871
9.166412 -0.014103
9.171413 -0.009541
9.176413 -0.004184
9.181414 0.000821
9.186415 0.004525
9.191416 0.006530
9.196416 0.005383
9.201417 0.001833
9.206418 -0.004472
9.211419 -0.012828
9.216419 -0.022684
9.221420 -0.032385
9.226421 -0.039729
9.231422 -0.043811
9.236423 -0.044433
9.241423 -0.040492
9.246424 -0.032892
9.251425 -0.022338
9.256426 -0.009734
9.261426 0.002915
9.266427 0.013251
9.271428 0.021274
9.276429 0.024626
9.281429 0.024760
9.286430 0.021479
9.291431 0.015885
9.296432 0.009785
9.301433 0.004082
9.306433 0.000782
9.311434 0.000192
9.316435 0.001961
9.321436 0.005338
9.326436 0.009773
9.331437 0.013457
9.336438 0.016591
9.341439 0.019571
9.346439 0.022198
9.351440 0.024120
9.356441 0.026748
9.361442 0.029926
9.366443 0.033611
9.371443 0.038705
9.376444 0.043556
9.381445 0.047260
9.386446 0.050720
9.391446 0.053187
9.396447 0.056160
9.401448 0.058935
9.406449 0.061511
9.411449 0.064087
9.416450 0.067214
9.421451 0.069591
9.426452 0.070315
9.431453 0.069386
9.436453 0.064996
9.441454 0.058954
9.446455 0.050905
9.451456 0.042107
9.456456 0.033309
9.461457 0.024754
9.466458 0.016795
9.471459 0.008177
9.476459 -0.001256
9.481460 -0.009894
9.486461 -0.017737
9.491462 -0.023530
9.496463 -0.026567
9.501463 -0.027753
9.506464 -0.028541
9.511465 -0.028579
9.516466 -0.028816
9.521466 -0.027842
9.526467 -0.026804
9.531468 -0.024401
9.536469 -0.021184
9.541470 -0.016910
9.546470 -0.013232
9.551471 -0.010656
9.556472 -0.010086
9.561473 -0.011521
9.566473 -0.015116
9.571474 -0.020121
9.576475 -0.026337
9.581476 -0.033411
9.586476 -0.039185
9.591477 -0.043305
9.596478 -0.046169
9.601479 -0.046169
9.606480 -0.044606
9.611480 -0.040729
9.616481 -0.036698
9.621482 -0.031963
9.626483 -0.027228
9.631483 -0.024805
9.636484 -0.023441
9.641485 -0.023287
9.646486 -0.023088
9.651486 -0.022492
9.656487 -0.020794
9.661488 -0.017641
9.666489 -0.014335
9.671490 -0.009926
9.676490 -0.006421
9.681491 -0.003070
9.686492 -0.000974
9.691493 -0.000289
9.696493 0.001147
9.701494 0.002980
9.706495 0.004614
9.711496 0.007151
9.716496 0.010592
9.721497 0.012028
9.726498 0.012515
9.731499 0.010048
9.736500 0.006235
9.741500 0.000372
9.746501 -0.005889
9.751502 -0.011445
9.756503 -0.016648
9.761503 -0.020749
9.766504 -0.023947
9.771505 -0.026747
9.776506 -0.027894
9.781506 -0.027343
9.786507 -0.024741
9.791508 -0.020794
9.796509 -0.014642
9.801510 -0.008138
9.806510 -0.000929
9.811511 0.004934
9.816512 0.009849
9.821513 0.011259
9.826513 0.010067
9.831514 0.005568
9.836515 0.000121
9.841516 -0.007530
9.846516 -0.015380
9.851517 -0.022525
9.856518 -0.028215
9.861519 -0.031701
9.866520 -0.033335
9.871520 -0.032919
9.876521 -0.031156
9.881522 -0.028798
9.886523 -0.026197
9.891523 -0.022647
9.896524 -0.019250
9.901525 -0.015104
9.906526 -0.011663
9.911526 -0.008773
9.916527 -0.006281
9.921528 -0.002929
9.926529 -0.000372
9.931530 0.004100
9.936530 0.011040
9.941531 0.020095
9.946532 0.031417
9.951533 0.043951
9.956533 0.056286
9.961534 0.068622
9.966535 0.078445
9.971536 0.085647
9.976537 0.089281
9.981537 0.090447
9.986538 0.088595
9.991539 0.084782
9.996540 0.079009
10.001540 0.072178
10.006541 0.065193
10.011542 0.058055
10.016543 0.052217
10.021543 0.046732
10.026544 0.042349
10.031545 0.038318
10.036546 0.034839
10.041547 0.032263
10.046547 0.029334
10.051548 0.026758
10.056549 0.023279
10.061550 0.018896
10.066550 0.013609
10.071551 0.006516
10.076552 -0.001834
10.081553 -0.010888
10.086553 -0.021000
10.091554 -0.031817
10.096555 -0.040627
10.101556 -0.047984
10.106557 -0.053181
10.111557 -0.054609
10.116558 -0.053219
10.121559 -0.049912
10.126560 -0.044889
10.131560 -0.037949
10.136561 -0.029997
10.141562 -0.021186
10.146563 -0.012067
10.151563 -0.002443
10.156564 0.006631
10.161565 0.015153
10.166566 0.023874
10.171567 0.030635
10.176567 0.036735
10.181568 0.040368
10.186569 0.042284
10.191570 0.040676
10.196570 0.036049
10.201571 0.028956
10.206572 0.019703
10.211573 0.008841
10.216573 -0.003827
10.221574 -0.017399
10.226575 -0.032272
10.231576 -0.046241
10.236577 -0.058955
10.241577 -0.068958
10.246578 -0.075744
10.251579 -0.078012
10.256580 -0.075917
10.261580 -0.069656
10.266581 -0.059935
10.271582 -0.049311
10.276583 -0.039039
10.281583 -0.031323
10.286584 -0.025966
10.291585 -0.024774
10.296586 -0.026844
10.301587 -0.030170
10.306587 -0.034245
10.311588 -0.037968
10.316589 -0.041185
10.321590 -0.041890
10.326590 -0.039929
10.331591 -0.035655
10.336592 -0.029773
10.341593 -0.022833
10.346593 -0.015188
10.351594 -0.006288
10.356595 0.001863
10.361596 0.011469
10.366597 0.021074
10.371597 0.030878
10.376598 0.041784
10.381599 0.051787
10.386600 0.059983
10.391600 0.066968
10.396601 0.073094
10.401602 0.076708
10.406603 0.078207
10.411604 0.077746
10.416604 0.075676
10.421605 0.074004
10.426606 0.071780
10.431607 0.070108
10.436607 0.068038
10.441608 0.066122
10.446609 0.063059
10.451610 0.058298
10.456610 0.054395
10.461611 0.048795
10.466612 0.043899
10.471613 0.039708
10.476614 0.035318
10.481614 0.031281
10.486615 0.028346
10.491616 0.025963
10.496617 0.023579
10.501617 0.020490
10.506618 0.016850
10.511619 0.011954
10.516620 0.005450
10.521620 -0.004315
10.526621 -0.016042
10.531622 -0.029730
10.536623 -0.044827
10.541624 -0.059725
10.546624 -0.073323
10.551625 -0.084563
10.556626 -0.093245
10.561627 -0.097917
10.566627 -0.099679
10.571628 -0.097231
10.576629 -0.091874
10.581630 -0.083761
10.586630 -0.073996
10.591631 -0.062775
10.596632 -0.050805
10.601633 -0.039937
10.606634 -0.029467
10.611634 -0.019393
10.616635 -0.010819
10.621636 -0.002444
10.626637 0.004630
10.631637 0.011352
10.636638 0.017523
10.641639 0.022239
10.646640 0.024597
10.651640 0.025148
10.656641 0.024245
10.661642 0.020829
10.666643 0.016863
10.671644 0.013294
10.676644 0.009724
10.681645 0.008161
10.686646 0.006950
10.691647 0.007193
10.696647 0.008539
10.701648 0.010237
10.706649 0.012486
10.711650 0.015088
10.716650 0.017337
10.721651 0.019035
10.726652 0.019080
10.731653 0.018023
10.736654 0.014761
10.741654 0.009295
10.746655 0.002528
10.751656 -0.004790
10.756657 -0.011556
10.761657 -0.017022
10.766658 -0.021540
10.771659 -0.023104
10.776660 -0.023719
10.781661 -0.022437
10.786661 -0.020957
10.791662 -0.019983
10.796663 -0.019714
10.801664 -0.019246
10.806664 -0.020232
10.811665 -0.020316
10.816666 -0.019694
10.821667 -0.019470
10.826667 -0.017836
10.831668 -0.015849
10.836669 -0.013356
10.841670 -0.011261
10.846671 -0.009012
10.851671 -0.006609
10.856672 -0.004052
10.861673 -0.000790
10.866674 0.002824
10.871674 0.008046
10.876675 0.012519
10.881676 0.018600
10.886677 0.022829
10.891677 0.027014
10.896678 0.029346
10.901679 0.029826
10.906680 0.029160
10.911681 0.026994
10.916681 0.022976
10.921682 0.018208
10.926683 0.012140
10.931684 0.006975
10.936684 0.001457
10.941685 -0.002407
10.946686 -0.004771
10.951687 -0.005636
10.956687 -0.005002
10.961688 -0.002119
10.966689 0.000457
10.971690 0.003629
10.976691 0.006141
10.981691 0.007794
10.986692 0.008038
10.991693 0.007775
10.996694 0.007910
11.001694 0.007339
11.006695 0.008775
11.011696 0.011114
11.016697 0.015811
11.021697 0.022116
11.026698 0.029479
11.031699 0.037547
11.036700 0.045922
11.041701 0.054451
11.046701 0.062032
11.051702 0.068311
11.056703 0.072938
11.061704 0.074456
11.066704 0.073066
11.071705 0.068766
11.076706 0.060852
11.081707 0.051330
11.086707 0.039494
11.091708 0.027505
11.096709 0.014458
11.101710 0.001655
11.106711 -0.011302
11.111711 -0.023111
11.116712 -0.033620
11.121713 -0.043181
11.126714 -0.050185
11.131714 -0.055888
11.136715 -0.059585
11.141716 -0.062180
11.146717 -0.063872
11.151717 -0.064109
11.156718 -0.063442
11.161719 -0.062975
11.166720 -0.061802
11.171721 -0.059572
11.176721 -0.058643
11.181722 -0.057053
11.186723 -0.055355
11.191724 -0.053702
11.196724 -0.051389
11.201725 -0.048416
11.206726 -0.044936
11.211727 -0.040598
11.216728 -0.035555
11.221728 -0.029256
11.226729 -0.022054
11.231730 -0.014300
11.236731 -0.006348
11.241731 0.001803
11.246732 0.009448
11.251733 0.015836
11.256734 0.021014
11.261734 0.024231
11.266735 0.025134
11.271736 0.024276
11.276737 0.021655
11.281738 0.016721
11.286738 0.010729
11.291739 0.004033
11.296740 -0.003170
11.301741 -0.010372
11.306741 -0.016120
11.311742 -0.021515
11.316743 -0.025501
11.321744 -0.027923
11.326744 -0.029685
11.331745 -0.030083
11.336746 -0.029820
11.341747 -0.029602
11.346748 -0.028878
11.351748 -0.027449
11.356749 -0.024412
11.361750 -0.019766
11.366751 -0.014217
11.371751 -0.006111
11.376752 0.003097
11.381753 0.014157
11.386754 0.025416
11.391754 0.036719
11.396755 0.048773
11.401756 0.059416
11.406757 0.069201
11.411758 0.077025
11.416758 0.081434
11.421759 0.083331
11.426760 0.081614
11.431761 0.076436
11.436761 0.067997
11.441762 0.057904
11.446763 0.044550
11.451764 0.030292
11.456764 0.014580
11.461765 -0.000780
11.466766 -0.015787
11.471767 -0.028635
11.476768 -0.040426
11.481768 -0.049352
11.486769 -0.056119
11.491770 -0.060175
11.496771 -0.061874
11.501771 -0.061214
11.506772 -0.057446
11.511773 -0.052928
11.516774 -0.045854
11.521774 -0.036928
11.526775 -0.025797
11.531776 -0.014820
11.536777 -0.003446
11.541778 0.005570
11.546778 0.012978
11.551779 0.018380
11.556780 0.020520
11.561781 0.021007
11.566781 0.019091
11.571782 0.015522
11.576783 0.011203
11.581784 0.006839
11.586785 0.002981
11.591785 -0.001273
11.596786 -0.004471
11.601787 -0.007316
11.606788 -0.009809
11.611788 -0.012302
11.616789 -0.014596
11.621790 -0.015833
11.626791 -0.017422
11.631791 -0.017204
11.636792 -0.016435
11.641793 -0.014212
11.646794 -0.010534
11.651795 -0.006106
11.656795 0.000129
11.661796 0.006563
11.666797 0.013547
11.671798 0.020180
11.676798 0.026613
11.681799 0.032893
11.686800 0.038071
11.691801 0.042543
11.696801 0.045010
11.701802 0.046420
11.706803 0.046926
11.711804 0.046176
11.716805 0.044722
11.721805 0.042915
11.726806 0.040403
11.731807 0.037538
11.736808 0.034322
11.741808 0.031855
11.746809 0.028484
11.751810 0.025863
11.756811 0.023242
11.761811 0.019366
11.766812 0.016040
11.771813 0.012009
11.776814 0.008882
11.781815 0.005050
11.786815 0.001923
11.791816 -0.001005
11.796817 -0.003934
11.801818 -0.006862
11.806818 -0.009438
11.811819 -0.011815
11.816820 -0.014193
11.821821 -0.016570
11.826821 -0.017999
11.831822 -0.018524
11.836823 -0.017947
11.841824 -0.016820
11.846825 -0.014634
11.851825 -0.012295
11.856826 -0.009450
11.861827 -0.007598
11.866828 -0.006342
11.871828 -0.005330
11.876829 -0.005663
11.881830 -0.006746
11.886831 -0.008932
11.891831 -0.011315
11.896832 -0.014404
11.901833 -0.018550
11.906834 -0.022145
11.911835 -0.025894
11.916835 -0.028694
11.921836 -0.030745
11.926837 -0.031494
11.931838 -0.030789
11.936838 -0.028982
11.941839 -0.026073
11.946840 -0.022812
11.951841 -0.018646
11.956841 -0.015231
11.961842 -0.012918
11.966843 -0.011002
11.971844 -0.011290
11.976845 -0.011777
11.981845 -0.013367
11.986846 -0.015154
11.991847 -0.016744
11.996848 -0.018134
12.001848 -0.018423
12.006849 -0.018314
12.011850 -0.017808
12.016851 -0.015449
12.021852 -0.013444
12.026852 -0.010336
12.031853 -0.006126
12.036854 -0.000814
12.041855 0.003948
12.046855 0.009612
12.051856 0.014726
12.056857 0.019993
12.061858 0.024511
12.066858 0.027375
12.071859 0.030393
12.076860 0.032309
12.081861 0.033321
12.086862 0.034885
12.091862 0.036647
12.096863 0.038256
12.101864 0.041363
12.106865 0.044317
12.111865 0.048021
12.116866 0.052122
12.121867 0.055519
12.126868 0.058562
12.131868 0.061254
12.136869 0.062689
12.141870 0.063221
12.146871 0.062452
12.151872 0.060229
12.156872 0.056506
12.161873 0.051482
12.166874 0.044959
12.171875 0.036583
12.176875 0.027811
12.181876 0.017033
12.186877 0.005703
12.191878 -0.007081
12.196878 -0.020217
12.201879 -0.033706
12.206880 -0.046644
12.211881 -0.058678
12.216882 -0.068508
12.221882 -0.076684
12.226883 -0.082855
12.231884 -0.087020
12.236885 -0.090083
12.241885 -0.091141
12.246886 -0.092198
12.251887 -0.091448
12.256888 -0.090698
12.261888 -0.089244
12.266889 -0.086732
12.271890 -0.083515
12.276891 -0.078491
12.281892 -0.071859
12.286892 -0.063420
12.291893 -0.053526
12.296894 -0.042729
12.301895 -0.031380
12.306895 -0.020935
12.311896 -0.011041
12.316897 -0.002404
12.321898 0.003876
12.326898 0.008701
12.331899 0.011367
12.336900 0.013129
12.341901 0.012931
12.346902 0.012777
12.351902 0.011213
12.356903 0.010598
12.361904 0.008772
12.366905 0.008599
12.371905 0.008272
12.376906 0.008497
12.381907 0.009624
12.386908 0.012207
12.391909 0.015296
12.396909 0.018890
12.401910 0.022287
12.406911 0.026542
12.411912 0.030201
12.416912 0.033661
12.421913 0.036724
12.426914 0.038685
12.431915 0.040248
12.436915 0.040709
12.441916 0.040069
12.446917 0.039229
12.451918 0.038390
12.456919 0.036999
12.461919 0.035256
12.466920 0.033161
12.471921 0.031616
12.476922 0.030271
12.481922 0.028572
12.486923 0.026522
12.491924 0.024471
12.496925 0.022972
12.501925 0.021120
12.506926 0.018364
12.511927 0.015256
12.516928 0.011995
12.521929 0.007830
12.526929 0.003158
12.531930 -0.001513
12.536931 -0.004884
12.541932 -0.008056
12.546932 -0.010677
12.551933 -0.012548
12.556934 -0.013515
12.561935 -0.013932
12.566935 -0.014547
12.571936 -0.015008
12.576937 -0.015470
12.581938 -0.015425
12.586939 -0.014675
12.591939 -0.014323
12.596940 -0.013618
12.601941 -0.011657
12.606942 -0.010247
12.611942 -0.008485
12.616943 -0.006524
12.621944 -0.004012
12.626945 -0.001302
12.631945 0.000505
12.636946 0.002312
12.641947 0.003767
12.646948 0.005375
12.651949 0.006785
12.656949 0.007996
12.661950 0.009560
12.666951 0.011476
12.671952 0.013193
12.676952 0.014910
12.681953 0.016076
12.686954 0.016691
12.691955 0.017659
12.696955 0.017371
12.701956 0.016531
12.706957 0.015692
12.711958 0.014147
12.716959 0.012052
12.721959 0.008899
12.726960 0.005195
12.731961 0.000434
12.736962 -0.005231
12.741962 -0.009992
12.746963 -0.016009
12.751964 -0.021475
12.756965 -0.025288
12.761965 -0.028549
12.766966 -0.029805
12.771967 -0.030158
12.776968 -0.028658
12.781969 -0.025704
12.786969 -0.022551
12.791970 -0.019200
12.796971 -0.014746
12.801972 -0.009191
12.806972 -0.004538
12.811973 -0.000040
12.816974 0.005009
12.821975 0.009508
12.826976 0.013654
12.831976 0.016698
12.836977 0.019543
12.841978 0.022189
12.846979 0.022984
12.851979 0.024483
12.856980 0.024682
12.861981 0.024682
12.866982 0.023029
12.871982 0.020824
12.876983 0.018421
12.881984 0.015467
12.886985 0.012161
12.891986 0.008303
12.896986 0.004644
12.901987 0.000985
12.906988 -0.002674
12.911989 -0.005583
12.916989 -0.008845
12.921990 -0.011754
12.926991 -0.015016
12.931992 -0.017021
12.936992 -0.019027
12.941993 -0.021231
12.946994 -0.023083
12.951995 -0.024230
12.956996 -0.025025
12.961996 -0.025820
12.966997 -0.025358
12.971998 -0.024192
12.976999 -0.022475
12.981999 -0.019854
12.987000 -0.017034
12.992001 -0.013664
12.997002 -0.009544
13.002002 -0.006128
13.007003 -0.001611
13.012004 0.002952
13.017005 0.008110
13.022006 0.012916
13.027006 0.017921
13.032007 0.023124
13.037008 0.027424
13.042009 0.031173
13.047009 0.033467
13.052010 0.034659
13.057011 0.033845
13.062012 0.031378
13.067012 0.027456
13.072013 0.022234
13.077014 0.016812
13.082015 0.010488
13.087016 0.004868
13.092016 -0.001303
13.097017 -0.006218
13.102018 -0.009524
13.107019 -0.012478
13.112019 -0.014375
13.117020 -0.014817
13.122021 -0.015458
13.127022 -0.015196
13.132022 -0.014228
13.137023 -0.013260
13.142024 -0.013196
13.147025 -0.013485
13.152026 -0.013575
13.157026 -0.014369
13.162027 -0.015670
13.167028 -0.016772
13.172029 -0.018381
13.177029 -0.019989
13.182030 -0.021751
13.187031 -0.022610
13.192032 -0.023821
13.197033 -0.025032
13.202033 -0.024987
13.207034 -0.024744
13.212035 -0.024699
13.217036 -0.023001
13.222036 -0.021303
13.227037 -0.019406
13.232038 -0.015856
13.237039 -0.012107
13.242039 -0.006904
13.247040 -0.002405
13.252041 0.002997
13.257042 0.009302
13.262043 0.015607
13.267043 0.021714
13.272044 0.027071
13.277045 0.032582
13.282046 0.038247
13.287046 0.042963
13.292047 0.047833
13.297048 0.051402
13.302049 0.054023
13.307049 0.055894
13.312050 0.057567
13.317051 0.056682
13.322052 0.054894
13.327053 0.051851
13.332053 0.046801
13.337054 0.041047
13.342055 0.034786
13.347056 0.027071
13.352056 0.018849
13.357057 0.010827
13.362058 0.003355
13.367059 -0.004117
13.372059 -0.010486
13.377060 -0.015600
13.382061 -0.019810
13.387062 -0.022764
13.392063 -0.024815
13.397063 -0.025609
13.402064 -0.025500
13.407065 -0.025392
13.412066 -0.024379
13.417066 -0.022111
13.422067 -0.020746
13.427068 -0.019381
13.432069 -0.017465
13.437069 -0.015350
13.442070 -0.013037
13.447071 -0.011076
13.452072 -0.008917
13.457073 -0.007815
13.462073 -0.007417
13.467074 -0.006469
13.472075 -0.005873
13.477076 -0.005982
13.482076 -0.005540
13.487077 -0.005098
13.492078 -0.003355
13.497079 -0.001964
13.502079 -0.000023
13.507080 0.001765
13.512081 0.003201
13.517082 0.003733
13.522083 0.003361
13.527083 0.002637
13.532084 0.001163
13.537085 -0.001214
13.542086 -0.004341
13.547086 -0.007667
13.552087 -0.010839
13.557088 -0.013857
13.562089 -0.016170
13.567089 -0.017977
13.572090 -0.019080
13.577091 -0.019477
13.582092 -0.019720
13.587093 -0.019259
13.592093 -0.019349
13.597094 -0.017984
13.602095 -0.016818
13.607096 -0.014748
13.612096 -0.013229
13.617097 -0.011160
13.622098 -0.008738
13.627099 -0.006315
13.632100 -0.004246
13.637100 -0.002176
13.642101 0.000445
13.647102 0.001810
13.652103 0.003726
13.657103 0.005289
13.662104 0.007404
13.667105 0.009916
13.672106 0.011172
13.677106 0.013530
13.682107 0.015183
13.687108 0.016484
13.692109 0.016881
13.697110 0.016926
13.702110 0.016420
13.707111 0.015010
13.712112 0.013049
13.717113 0.010185
13.722113 0.005866
13.727114 0.002450
13.732115 -0.000965
13.737116 -0.004028
13.742116 -0.007091
13.747117 -0.008898
13.752118 -0.011256
13.757119 -0.012711
13.762120 -0.013262
13.767120 -0.014364
13.772121 -0.014012
13.777122 -0.013659
13.782123 -0.012403
13.787123 -0.011147
13.792124 -0.009891
13.797125 -0.007732
13.802126 -0.005925
13.807126 -0.003214
13.812127 -0.000504
13.817128 0.001656
13.822129 0.004917
13.827130 0.007474
13.832130 0.010031
13.837131 0.012786
13.842132 0.013735
13.847133 0.015234
13.852133 0.015478
13.857134 0.015721
13.862135 0.015612
13.867136 0.014798
13.872136 0.014337
13.877137 0.013171
13.882138 0.011453
13.887139 0.009384
13.892140 0.008217
13.897140 0.006301
13.902141 0.004584
13.907142 0.002822
13.912143 0.001060
13.917143 -0.000549
13.922144 -0.002003
13.927145 -0.003105
13.932146 -0.003701
13.937146 -0.004297
13.942147 -0.004740
13.947148 -0.004829
13.952149 -0.004016
13.957150 -0.003753
13.962150 -0.002939
13.967151 -0.002676
13.972152 -0.001863
13.977153 -0.001401
13.982153 -0.000940
13.987154 -0.001183
13.992155 -0.001978
13.997156 -0.003478
14.002157 -0.004977
14.007157 -0.007181
14.012158 -0.010289
14.017159 -0.013397
14.022160 -0.017210
14.027160 -0.021023
14.032161 -0.025188
14.037162 -0.028802
14.042163 -0.031865
14.047163 -0.033826
14.052164 -0.034685
14.057165 -0.034089
14.062166 -0.032743
14.067167 -0.029789
14.072167 -0.025733
14.077168 -0.020971
14.082169 -0.014756
14.087170 -0.008739
14.092170 -0.002017
14.097171 0.004859
14.102172 0.011735
14.107173 0.018963
14.112173 0.025441
14.117174 0.031567
14.122175 0.037495
14.127176 0.042518
14.132177 0.046088
14.137177 0.048401
14.142178 0.050163
14.147179 0.050118
14.152180 0.049368
14.157180 0.047715
14.162181 0.045158
14.167182 0.042800
14.172183 0.040442
14.177183 0.037732
14.182184 0.035021
14.187185 0.033214
14.192186 0.031606
14.197187 0.029798
14.202187 0.028895
14.207188 0.027088
14.212189 0.025082
14.217190 0.023275
14.222190 0.020718
14.227191 0.018161
14.232192 0.014701
14.237193 0.011946
14.242193 0.008287
14.247194 0.004429
14.252195 0.000770
14.257196 -0.002338
14.262197 -0.005997
14.267197 -0.009457
14.272198 -0.012366
14.277199 -0.015275
14.282200 -0.017435
14.287200 -0.019594
14.292201 -0.021203
14.297202 -0.022613
14.302203 -0.024022
14.307203 -0.025785
14.312204 -0.026291
14.317205 -0.027701
14.322206 -0.028405
14.327207 -0.028559
14.332207 -0.029264
14.337208 -0.029264
14.342209 -0.029264
14.347210 -0.028361
14.352210 -0.027105
14.357211 -0.025099
14.362212 -0.023093
14.367213 -0.021440
14.372213 -0.019236
14.377214 -0.018287
14.382215 -0.016788
14.387216 -0.016544
14.392217 -0.016653
14.397217 -0.016564
14.402218 -0.017025
14.407219 -0.018390
14.412220 -0.019204
14.417220 -0.019665
14.422221 -0.020126
14.427222 -0.020786
14.432223 -0.020543
14.437224 -0.019947
14.442224 -0.018998
14.447225 -0.017698
14.452226 -0.015493
14.457227 -0.013488
14.462227 -0.012033
14.467228 -0.010226
14.472229 -0.008618
14.477230 -0.007208
14.482230 -0.005997
14.487231 -0.005138
14.492232 -0.004126
14.497233 -0.003466
14.502234 -0.003004
14.507234 -0.002344
14.512235 -0.001883
14.517236 -0.000871
14.522237 0.001045
14.527237 0.002058
14.532238 0.003423
14.537239 0.004986
14.542240 0.006550
14.547240 0.007562
14.552241 0.007472
14.557242 0.007934
14.562243 0.006940
14.567244 0.005748
14.572244 0.004403
14.577245 0.001602
14.582246 -0.000448
14.587247 -0.002499
14.592247 -0.004703
14.597248 -0.005805
14.602249 -0.006356
14.607250 -0.006356
14.612250 -0.005805
14.617251 -0.004703
14.622252 -0.003954
14.627253 -0.001749
14.632254 0.000808
14.637254 0.003364
14.642255 0.006120
14.647256 0.008324
14.652257 0.010528
14.657257 0.013284
14.662258 0.015488
14.667259 0.017693
14.672260 0.019544
14.677260 0.021595
14.682261 0.023998
14.687262 0.026049
14.692263 0.028650
14.697264 0.030150
14.702264 0.032200
14.707265 0.033700
14.712266 0.034648
14.717267 0.035244
14.722267 0.035840
14.727268 0.034981
14.732269 0.033924
14.737270 0.032713
14.742270 0.030951
14.747271 0.029188
14.752272 0.026875
14.757273 0.024209
14.762274 0.021896
14.767274 0.018679
14.772275 0.016366
14.777276 0.013502
14.782277 0.010637
14.787277 0.008324
14.792278 0.005658
14.797279 0.003698
14.802280 0.001935
14.807280 0.000526
14.812281 0.000372
14.817282 -0.000685
14.822283 -0.000134
14.827284 0.000968
14.832284 0.001673
14.837285 0.002378
14.842286 0.003787
14.847287 0.005197
14.852287 0.005505
14.857288 0.005966
14.862289 0.005524
14.867290 0.004530
14.872291 0.002634
14.877291 0.000538
14.882292 -0.001910
14.887293 -0.004909
14.892294 -0.007908
14.897294 -0.010356
14.902295 -0.014059
14.907296 -0.016860
14.912297 -0.020365
14.917297 -0.023120
14.922298 -0.026581
14.927299 -0.029490
14.932300 -0.033104
14.937301 -0.036519
14.942301 -0.040287
14.947302 -0.042953
14.952303 -0.045266
14.957304 -0.047028
14.962304 -0.048086
14.967305 -0.048592
14.972306 -0.047842
14.977307 -0.046740
14.982307 -0.044933
14.987308 -0.042223
14.992309 -0.040262
14.997310 -0.037397
15.002311 -0.034533
15.007311 -0.031316
15.012312 -0.028100
15.017313 -0.024332
15.022314 -0.021269
15.027314 -0.017853
15.032315 -0.014239
15.037316 -0.010779
15.042317 -0.007319
15.047317 -0.004012
15.052318 -0.000154
15.057319 0.002998
15.062320 0.006151
15.067321 0.009502
15.072321 0.012104
15.077322 0.014904
15.082323 0.018057
15.087324 0.019909
15.092324 0.022113
15.097325 0.024318
15.102326 0.025221
15.107327 0.027381
15.112327 0.028085
15.117328 0.028592
15.122329 0.029098
15.127330 0.029956
15.132331 0.029559
15.137331 0.029162
15.142332 0.028765
15.147333 0.028918
15.152334 0.028169
15.157334 0.027617
15.162335 0.026868
15.167336 0.025413
15.172337 0.024311
15.177337 0.022305
15.182338 0.020851
15.187339 0.018845
15.192340 0.016839
15.197341 0.014481
15.202341 0.013026
15.207342 0.010668
15.212343 0.008509
15.217344 0.006349
15.222344 0.004388
15.227345 0.003331
15.232346 0.001921
15.237347 0.001063
15.242348 0.000204
15.247348 -0.000655
15.252349 -0.000610
15.257350 -0.001116
15.262351 -0.001821
15.267351 -0.002173
15.272352 -0.002724
15.277353 -0.003474
15.282354 -0.004775
15.287354 -0.005723
15.292355 -0.007223
15.297356 -0.008921
15.302357 -0.010421
15.307358 -0.012471
15.312358 -0.014874
15.317359 -0.016726
15.322360 -0.018578
15.327361 -0.020782
15.332361 -0.022987
15.337362 -0.024992
15.342363 -0.026095
15.347364 -0.026293
15.352364 -0.026293
15.357365 -0.025941
15.362366 -0.025037
15.367367 -0.023230
15.372368 -0.021974
15.377368 -0.019616
15.382369 -0.017457
15.387370 -0.013843
15.392371 -0.010581
15.397371 -0.007319
15.402372 -0.003507
15.407373 -0.000598
15.412374 0.002863
15.417374 0.005618
15.422375 0.008374
15.427376 0.010777
15.432377 0.012827
15.437378 0.014327
15.442378 0.016025
15.447379 0.017524
15.452380 0.018473
15.457381 0.019773
15.462381 0.020523
15.467382 0.021074
15.472383 0.021978
15.477384 0.022881
15.482384 0.023234
15.487385 0.023035
15.492386 0.022836
15.497387 0.022638
15.502388 0.021535
15.507388 0.020984
15.512389 0.020081
15.517390 0.018825
15.522391 0.017569
15.527391 0.015960
15.532392 0.013647
15.537393 0.011686
15.542394 0.009572
15.547394 0.007258
15.552395 0.004945
15.557396 0.002279
15.562397 -0.000585
15.567398 -0.003449
15.572398 -0.006512
15.577399 -0.008672
15.582400 -0.010831
15.587401 -0.012638
15.592401 -0.013894
15.597402 -0.014798
15.602403 -0.015349
15.607404 -0.015349
15.612404 -0.015349
15.617405 -0.015701
15.622406 -0.014798
15.627407 -0.014445
15.632408 -0.012991
15.637408 -0.012087
15.642409 -0.010831
15.647410 -0.009575
15.652411 -0.008319
15.657411 -0.007262
15.662412 -0.005301
15.667413 -0.003892
15.672414 -0.002834
15.677415 -0.001976
15.682415 -0.000765
15.687416 -0.000457
15.692417 -0.000150
15.697418 -0.000194
15.702418 -0.000790
15.707419 -0.002290
15.712420 -0.003238
15.717421 -0.004539
15.722421 -0.005840
15.727422 -0.007493
15.732423 -0.009499
15.737424 -0.010601
15.742425 -0.011152
15.747425 -0.012056
15.752426 -0.012607
15.757427 -0.012056
15.762428 -0.011703
15.767428 -0.011152
15.772429 -0.009896
15.777430 -0.008640
15.782431 -0.007384
15.787431 -0.005424
15.792432 -0.004366
15.797433 -0.003860
15.802434 -0.003354
15.807435 -0.003399
15.812435 -0.003444
15.817436 -0.003841
15.822437 -0.004591
15.827438 -0.005693
15.832438 -0.006244
15.837439 -0.006795
15.842440 -0.007148
15.847441 -0.006949
15.852441 -0.006750
15.857442 -0.006353
15.862443 -0.006308
15.867444 -0.005360
15.872445 -0.004213
15.877445 -0.003969
15.882446 -0.003175
15.887447 -0.002028
15.892448 -0.000682
15.897448 0.001016
15.902449 0.002714
15.907450 0.004412
15.912451 0.005912
15.917451 0.007962
15.922452 0.009462
15.927453 0.011314
15.932454 0.013166
15.937455 0.014819
15.942455 0.017023
15.947456 0.018478
15.952457 0.020285
15.957458 0.021541
15.962458 0.023149
15.967459 0.024207
15.972460 0.025065
15.977461 0.025924
15.982461 0.026430
15.987462 0.026936
15.992463 0.027442
15.997464 0.027244
16.002465 0.026846
16.007465 0.026648
16.012466 0.025546
16.017467 0.024443
16.022468 0.023341
16.027468 0.022040
16.032469 0.019484
16.037470 0.017478
16.042471 0.015472
16.047472 0.012364
16.052472 0.009807
16.057473 0.007251
16.062474 0.004341
16.067475 0.001432
16.072475 -0.000926
16.077476 -0.002932
16.082477 -0.005290
16.087478 -0.007097
16.092478 -0.008904
16.097479 -0.009807
16.102480 -0.011614
16.107481 -0.012166
16.112482 -0.013069
16.117482 -0.014171
16.122483 -0.014722
16.127484 -0.015825
16.132485 -0.017125
16.137485 -0.017875
16.142486 -0.018977
16.147487 -0.019727
16.152488 -0.021182
16.157488 -0.021733
16.162489 -0.022989
16.167490 -0.024245
16.172491 -0.024950
16.177492 -0.026007
16.182492 -0.026315
16.187493 -0.027372
16.192494 -0.027327
16.197495 -0.027282
16.202495 -0.027237
16.207496 -0.026289
16.212497 -0.025892
16.217498 -0.025142
16.222498 -0.023489
16.227499 -0.021835
16.232500 -0.019279
16.237501 -0.016920
16.242502 -0.014011
16.247502 -0.011301
16.252503 -0.007687
16.257504 -0.004976
16.262505 -0.002817
16.267505 0.000246
16.272506 0.002406
16.277507 0.004014
16.282508 0.005270
16.287508 0.006526
16.292509 0.007583
16.297510 0.008487
16.302511 0.009192
16.307512 0.009897
16.312512 0.010800
16.317513 0.011704
16.322514 0.013158
16.327515 0.013709
16.332515 0.015363
16.337516 0.017016
16.342517 0.018868
16.347518 0.021072
16.352518 0.023475
16.357519 0.025327
16.362520 0.027179
16.367521 0.029229
16.372522 0.030530
16.377522 0.031479
16.382523 0.032228
16.387524 0.031523
16.392525 0.030620
16.397525 0.028813
16.402526 0.025904
16.407527 0.022796
16.412528 0.019137
16.417528 0.015478
16.422529 0.011268
16.427530 0.006859
16.432531 0.002649
16.437532 -0.001209
16.442532 -0.004515
16.447533 -0.006918
16.452534 -0.008770
16.457535 -0.010071
16.462535 -0.010468
16.467536 -0.010315
16.472537 -0.009059
16.477538 -0.008354
16.482539 -0.007098
16.487539 -0.005842
16.492540 -0.004035
16.497541 -0.003330
16.502542 -0.002426
16.507542 -0.001722
16.512543 -0.001920
16.517544 -0.002471
16.522545 -0.002119
16.527545 -0.003221
16.532546 -0.003772
16.537547 -0.003772
16.542548 -0.004477
16.547549 -0.004830
16.552549 -0.005534
16.557550 -0.004785
16.562551 -0.004939
16.567552 -0.004541
16.572552 -0.004144
16.577553 -0.002843
16.582554 -0.002093
16.587555 -0.001895
16.592555 -0.001145
16.597556 -0.000594
16.602557 -0.000043
16.607558 -0.000946
16.612559 -0.001498
16.617559 -0.002600
16.622560 -0.003702
16.627561 -0.005355
16.632562 -0.007361
16.637562 -0.009565
16.642563 -0.012122
16.647564 -0.014326
16.652565 -0.015980
16.657565 -0.017280
16.662566 -0.018030
16.667567 -0.018780
16.672568 -0.018428
16.677569 -0.018075
16.682569 -0.017172
16.687570 -0.015717
16.692571 -0.014064
16.697572 -0.012411
16.702572 -0.010206
16.707573 -0.008354
16.712574 -0.006150
16.717575 -0.004298
16.722575 -0.002446
16.727576 -0.000793
16.732577 -0.000043
16.737578 0.001059
16.742579 0.001258
16.747579 0.000707
16.752580 0.000707
16.757581 0.000508
16.762582 -0.000043
16.767582 -0.001145
16.772583 -0.001697
16.777584 -0.002600
16.782585 -0.003151
16.787585 -0.003856
16.792586 -0.004760
16.797587 -0.005464
16.802588 -0.005618
16.807589 -0.005772
16.812589 -0.005926
16.817590 -0.005529
16.822591 -0.005131
16.827592 -0.003830
16.832592 -0.002530
16.837593 -0.001427
16.842594 0.000226
16.847595 0.001879
16.852596 0.003334
16.857596 0.006243
16.862597 0.008953
16.867598 0.011664
16.872599 0.014374
16.877599 0.016886
16.882600 0.019398
16.887601 0.022263
16.892602 0.024576
16.897602 0.026889
16.902603 0.028651
16.907604 0.030215
16.912605 0.030875
16.917606 0.030631
16.922606 0.030939
16.927607 0.030144
16.932608 0.029548
16.937609 0.028952
16.942609 0.027100
16.947610 0.025248
16.952611 0.023595
16.957612 0.021391
16.962612 0.019584
16.967613 0.017578
16.972614 0.015418
16.977615 0.013810
16.982616 0.012202
16.987616 0.009690
16.992617 0.008280
16.997618 0.006319
17.002619 0.004909
17.007619 0.003500
17.012620 0.002442
17.017621 0.001033
17.022622 -0.000576
17.027622 -0.002184
17.032623 -0.003793
17.037624 -0.005401
17.042625 -0.007913
17.047626 -0.010072
17.052626 -0.012584
17.057627 -0.014898
17.062628 -0.017762
17.067629 -0.020075
17.072629 -0.022389
17.077630 -0.024349
17.082631 -0.025208
17.087632 -0.026618
17.092632 -0.027124
17.097633 -0.026727
17.102634 -0.026528
17.107635 -0.026131
17.112636 -0.025029
17.117636 -0.023574
17.122637 -0.022671
17.127638 -0.020864
17.132639 -0.019608
17.137639 -0.017999
17.142640 -0.016589
17.147641 -0.015180
17.152642 -0.013770
17.157642 -0.012360
17.162643 -0.011502
17.167644 -0.010995
17.172645 -0.010489
17.177646 -0.009983
17.182646 -0.009829
17.187647 -0.009675
17.192648 -0.009874
17.197649 -0.010073
17.202649 -0.010271
17.207650 -0.010823
17.212651 -0.011726
17.217652 -0.011726
17.222652 -0.013181
17.227653 -0.013732
17.232654 -0.014283
17.237655 -0.014834
17.242656 -0.015033
17.247656 -0.015782
17.252657 -0.015629
17.257658 -0.015475
17.262659 -0.014418
17.267659 -0.012809
17.272660 -0.011400
17.277661 -0.009791
17.282662 -0.007830
17.287663 -0.005318
17.292663 -0.003159
17.297664 -0.000096
17.302665 0.002064
17.307666 0.004774
17.312666 0.006581
17.317667 0.008939
17.322668 0.010394
17.327669 0.012047
17.332669 0.013149
17.337670 0.013899
17.342671 0.014649
17.347672 0.015597
17.352673 0.015994
17.357673 0.016039
17.362674 0.016635
17.367675 0.017032
17.372676 0.017077
17.377676 0.017673
17.382677 0.017519
17.387678 0.017917
17.392679 0.017962
17.397679 0.017808
17.402680 0.018205
17.407681 0.018955
17.412682 0.019705
17.417683 0.020102
17.422683 0.020300
17.427684 0.021050
17.432685 0.021800
17.437686 0.022550
17.442686 0.023652
17.447687 0.023850
17.452688 0.024049
17.457689 0.024248
17.462689 0.025350
17.467690 0.024799
17.472691 0.024446
17.477692 0.023895
17.482693 0.023344
17.487693 0.021890
17.492694 0.020236
17.497695 0.018583
17.502696 0.016930
17.507696 0.014725
17.512697 0.012169
17.517698 0.009413
17.522699 0.006305
17.527699 0.003197
17.532700 0.000089
17.537701 -0.002115
17.542702 -0.005223
17.547703 -0.007427
17.552703 -0.009433
17.557704 -0.011086
17.562705 -0.012387
17.567706 -0.013489
17.572706 -0.013688
17.577707 -0.013886
17.582708 -0.013534
17.587709 -0.012829
17.592709 -0.012477
17.597710 -0.011221
17.602711 -0.010516
17.607712 -0.009260
17.612713 -0.008555
17.617713 -0.008203
17.622714 -0.008049
17.627715 -0.008248
17.632716 -0.008094
17.637716 -0.008844
17.642717 -0.010144
17.647718 -0.010894
17.652719 -0.011996
17.657720 -0.013099
17.662720 -0.014201
17.667721 -0.015655
17.672722 -0.015655
17.677723 -0.016911
17.682723 -0.017264
17.687724 -0.017418
17.692725 -0.017219
17.697726 -0.017373
17.702726 -0.016975
17.707727 -0.017129
17.712728 -0.016380
17.717729 -0.015431
17.722730 -0.014681
17.727730 -0.013932
17.732731 -0.012278
17.737732 -0.011176
17.742733 -0.009523
17.747733 -0.008421
17.752734 -0.006966
17.757735 -0.004961
17.762736 -0.003307
17.767736 -0.001853
17.772737 -0.000046
17.777738 0.001960
17.782739 0.003415
17.787740 0.004318
17.792740 0.006125
17.797741 0.007029
17.802742 0.008285
17.807743 0.009188
17.812743 0.010444
17.817744 0.011700
17.822745 0.012052
17.827746 0.012757
17.832746 0.014013
17.837747 0.013814
17.842748 0.014167
17.847749 0.014872
17.852750 0.014673
17.857750 0.014673
17.862751 0.014122
17.867752 0.014122
17.872753 0.013218
17.877753 0.011962
17.882754 0.010707
17.887755 0.009451
17.892756 0.007842
17.897756 0.006234
17.902757 0.004625
17.907758 0.002466
17.912759 0.000505
17.917760 -0.001654
17.922760 -0.003263
17.927761 -0.005422
17.932762 -0.007031
17.937763 -0.008639
17.942763 -0.010799
17.947764 -0.012407
17.952765 -0.013464
17.957766 -0.014720
17.962766 -0.015778
17.967767 -0.016483
17.972768 -0.017540
17.977769 -0.017694
17.982770 -0.018399
17.987770 -0.018552
17.992771 -0.018706
17.997772 -0.017956
18.002773 -0.017758
18.007773 -0.017008
18.012774 -0.015906
18.017775 -0.015002
18.022776 -0.013900
18.027776 -0.012997
18.032777 -0.011741
18.037778 -0.010683
18.042779 -0.009626
18.047780 -0.008569
18.052780 -0.007159
18.057781 -0.006301
18.062782 -0.005442
18.067783 -0.003878
18.072783 -0.002667
18.077784 -0.001104
18.082785 0.000107
18.087786 0.001671
18.092787 0.003234
18.097787 0.004798
18.102788 0.006361
18.107789 0.007572
18.112790 0.009335
18.117790 0.010193
18.122791 0.011250
18.127792 0.012308
18.132793 0.013365
18.137793 0.013717
18.142794 0.014070
18.147795 0.014070
18.152796 0.014621
18.157797 0.014269
18.162797 0.013916
18.167798 0.013762
18.172799 0.013608
18.177800 0.013455
18.182800 0.013301
18.187801 0.012795
18.192802 0.012641
18.197803 0.012487
18.202803 0.011981
18.207804 0.011276
18.212805 0.010770
18.217806 0.010264
18.222807 0.009757
18.227807 0.008700
18.232808 0.007290
18.237809 0.006233
18.242810 0.004272
18.247810 0.002664
18.252811 0.000152
18.257812 -0.002008
18.262813 -0.004167
18.267813 -0.005974
18.272814 -0.007429
18.277815 -0.008884
18.282816 -0.010338
18.287817 -0.010889
18.292817 -0.011639
18.297818 -0.011287
18.302819 -0.010582
18.307820 -0.009877
18.312820 -0.008621
18.317821 -0.007365
18.322822 -0.005558
18.327823 -0.003751
18.332823 -0.002296
18.337824 -0.000842
18.342825 0.000260
18.347826 0.001363
18.352827 0.002465
18.357827 0.003016
18.362828 0.003214
18.367829 0.003061
18.372830 0.003259
18.377830 0.003458
18.382831 0.003105
18.387832 0.002401
18.392833 0.002048
18.397833 0.001696
18.402834 0.001343
18.407835 0.000440
18.412836 0.000638
18.417837 0.000286
18.422837 0.000837
18.427838 0.000485
18.432839 0.001036
18.437840 0.001785
18.442840 0.002336
18.447841 0.002888
18.452842 0.003439
18.457843 0.003990
18.462843 0.004541
18.467844 0.005444
18.472845 0.005797
18.477846 0.006149
18.482847 0.006854
18.487847 0.007206
18.492848 0.006809
18.497849 0.006610
18.502850 0.006213
18.507850 0.005265
18.512851 0.004515
18.517852 0.004118
18.522853 0.002817
18.527854 0.001868
18.532854 0.000766
18.537855 -0.000336
18.542856 -0.001438
18.547857 -0.002342
18.552857 -0.002694
18.557858 -0.003399
18.562859 -0.003905
18.567860 -0.004963
18.572860 -0.004918
18.577861 -0.004873
18.582862 -0.005379
18.587863 -0.005334
18.592864 -0.005488
18.597864 -0.005091
18.602865 -0.005245
18.607866 -0.005245
18.612867 -0.004694
18.617867 -0.003438
18.622868 -0.002733
18.627869 -0.002028
18.632870 -0.000419
18.637870 0.000990
18.642871 0.002048
18.647872 0.003105
18.652873 0.004713
18.657874 0.005418
18.662874 0.006123
18.667875 0.007379
18.672876 0.007731
18.677877 0.007180
18.682877 0.007180
18.687878 0.007180
18.692879 0.006828
18.697880 0.006277
18.702880 0.005373
18.707881 0.004822
18.712882 0.003918
18.717883 0.003015
18.722884 0.002464
18.727884 0.001362
18.732885 0.000811
18.737886 -0.000292
18.742887 -0.000843
18.747887 -0.001592
18.752888 -0.002144
18.757889 -0.002695
18.762890 -0.002893
18.767890 -0.003444
18.772891 -0.003444
18.777892 -0.003643
18.782893 -0.003291
18.787894 -0.003291
18.792894 -0.003489
18.797895 -0.003137
18.802896 -0.002983
18.807897 -0.002631
18.812897 -0.002477
18.817898 -0.001772
18.822899 -0.001420
18.827900 -0.001266
18.832900 -0.001465
18.837901 -0.001112
18.842902 -0.001663
18.847903 -0.002016
18.852904 -0.002016
18.857904 -0.002721
18.862905 -0.003073
18.867906 -0.003778
18.872907 -0.005034
18.877907 -0.005188
18.882908 -0.006245
18.887909 -0.006950
18.892910 -0.008206
18.897911 -0.008911
18.902911 -0.009814
18.907912 -0.010167
18.912913 -0.010519
18.917914 -0.011423
18.922914 -0.011775
18.927915 -0.012326
18.932916 -0.012326
18.937917 -0.012326
18.942917 -0.012877
18.947918 -0.012877
18.952919 -0.013429
18.957920 -0.013429
18.962921 -0.013429
18.967921 -0.013076
18.972922 -0.013076
18.977923 -0.013076
18.982924 -0.012173
18.987924 -0.011622
18.992925 -0.011070
18.997926 -0.010718
19.002927 -0.009616
19.007927 -0.009065
19.012928 -0.007610
19.017929 -0.006508
19.022930 -0.005053
19.027931 -0.003400
19.032931 -0.001946
19.037932 -0.000292
19.042933 0.001713
19.047934 0.003367
19.052934 0.005372
19.057935 0.007378
19.062936 0.009031
19.067937 0.010486
19.072937 0.011940
19.077938 0.013395
19.082939 0.014497
19.087940 0.015952
19.092941 0.016503
19.097941 0.017054
19.102942 0.017605
19.107943 0.018355
19.112944 0.018355
19.117944 0.018553
19.122945 0.018752
19.127946 0.018047
19.132947 0.017893
19.137947 0.017188
19.142948 0.017035
19.147949 0.016330
19.152950 0.015625
19.157951 0.014568
19.162951 0.013863
19.167952 0.013158
19.172953 0.011902
19.177954 0.011197
19.182954 0.010293
19.187955 0.009390
19.192956 0.008486
19.197957 0.008288
19.202957 0.007737
19.207958 0.007185
19.212959 0.006987
19.217960 0.006237
19.222961 0.006038
19.227961 0.005840
19.232962 0.005641
19.237963 0.005442
19.242964 0.005795
19.247964 0.004693
19.252965 0.004494
19.257966 0.003392
19.262967 0.002642
19.267967 0.001540
19.272968 0.000438
19.277969 -0.000665
19.282970 -0.002318
19.287971 -0.003619
19.292971 -0.004721
19.297972 -0.006022
19.302973 -0.007323
19.307974 -0.008623
19.312974 -0.009373
19.317975 -0.009770
19.322976 -0.010168
19.327977 -0.010565
19.332978 -0.010411
19.337978 -0.010809
19.342979 -0.010456
19.347980 -0.010302
19.352981 -0.009598
19.357981 -0.009796
19.362982 -0.009091
19.367983 -0.008739
19.372984 -0.008387
19.377984 -0.008387
19.382985 -0.008387
19.387986 -0.008387
19.392987 -0.008387
19.397988 -0.007836
19.402988 -0.008188
19.407989 -0.007989
19.412990 -0.008342
19.417991 -0.008694
19.422991 -0.008496
19.427992 -0.008297
19.432993 -0.008649
19.437994 -0.008451
19.442994 -0.007701
19.447995 -0.007855
19.452996 -0.007105
19.457997 -0.006355
19.462998 -0.005958
19.467998 -0.005759
19.472999 -0.005010
19.478000 -0.004061
19.483001 -0.003863
19.488001 -0.002562
19.493002 -0.002363
19.498003 -0.001261
19.503004 -0.000511
19.508004 0.000591
19.513005 0.001142
19.518006 0.002244
19.523007 0.003346
19.528008 0.003897
19.533008 0.004999
19.538009 0.005903
19.543010 0.007005
19.548011 0.007909
19.553011 0.009011
19.558012 0.009914
19.563013 0.010465
19.568014 0.011369
19.573014 0.012272
19.578015 0.012625
19.583016 0.013528
19.588017 0.013881
19.593018 0.014233
19.598018 0.013483
19.603019 0.012932
19.608020 0.012183
19.613021 0.011080
19.618021 0.009780
19.623022 0.008677
19.628023 0.007024
19.633024 0.005723
19.638024 0.004070
19.643025 0.002769
19.648026 0.001116
19.653027 0.000014
19.658028 -0.001640
19.663028 -0.002389
19.668029 -0.003492
19.673030 -0.004043
19.678031 -0.004241
19.683031 -0.004440
19.688032 -0.004440
19.693033 -0.003536
19.698034 -0.003536
19.703035 -0.003184
19.708035 -0.002281
19.713036 -0.001729
19.718037 -0.001377
19.723038 -0.000826
19.728038 -0.000275
19.733039 0.000629
19.738040 0.000276
19.743041 0.000827
19.748041 0.000827
19.753042 0.000475
19.758043 0.001026
19.763044 0.000673
19.768045 -0.000230
19.773045 -0.000583
19.778046 -0.001486
19.783047 -0.002191
19.788048 -0.003447
19.793048 -0.004703
19.798049 -0.005408
19.803050 -0.006664
19.808051 -0.008272
19.813051 -0.008977
19.818052 -0.010233
19.823053 -0.011290
19.828054 -0.011995
19.833055 -0.012700
19.838055 -0.013053
19.843056 -0.013757
19.848057 -0.013559
19.853058 -0.013911
19.858058 -0.013713
19.863059 -0.013162
19.868060 -0.012963
19.873061 -0.012412
19.878061 -0.012213
19.883062 -0.011662
19.888063 -0.011111
19.893064 -0.010560
19.898065 -0.009656
19.903065 -0.009105
19.908066 -0.008202
19.913067 -0.007298
19.918068 -0.007298
19.923068 -0.006042
19.928069 -0.005690
19.933070 -0.004082
19.938071 -0.003377
19.943071 -0.002672
19.948072 -0.001064
19.953073 0.000545
19.958074 0.001602
19.963075 0.003211
19.968075 0.004819
19.973076 0.005876
19.978077 0.007485
19.983078 0.009093
19.988078 0.010701
19.993079 0.011406
19.998080 0.012861
20.003081 0.014117
20.008081 0.014117
20.013082 0.015020
20.018083 0.015571
20.023084 0.015770
20.028085 0.015770
20.033085 0.015969
20.038086 0.016167
20.043087 0.016013
20.048088 0.015661
20.053088 0.015860
20.058089 0.015706
20.063090 0.015904
20.068091 0.015552
20.073091 0.015200
20.078092 0.014847
20.083093 0.014495
20.088094 0.014495
20.093095 0.014142
20.098095 0.013591
20.103096 0.012688
20.108097 0.012136
20.113098 0.011233
20.118098 0.010131
20.123099 0.009580
20.128100 0.009029
20.133101 0.007574
20.138102 0.007574
20.143102 0.006119
20.148103 0.005568
20.153104 0.005921
20.158105 0.005370
20.163105 0.004267
20.168106 0.004069
20.173107 0.002966
20.178108 0.002768
20.183108 0.002018
20.188109 0.000717
20.193110 -0.000033
20.198111 -0.001135
20.203112 -0.001884
20.208112 -0.003538
20.213113 -0.004089
20.218114 -0.005191
20.223115 -0.006646
20.228115 -0.007549
20.233116 -0.007902
20.238117 -0.008805
20.243118 -0.009510
20.248118 -0.010215
20.253119 -0.010369
20.258120 -0.010523
20.263121 -0.010676
20.268122 -0.011183
20.273122 -0.011336
20.278123 -0.011490
20.283124 -0.011996
20.288125 -0.012150
20.293125 -0.012304
20.298126 -0.012105
20.303127 -0.012810
20.308128 -0.012612
20.313128 -0.012964
20.318129 -0.012964
20.323130 -0.013316
20.328131 -0.013316
20.333132 -0.013669
20.338132 -0.013669
20.343133 -0.013118
20.348134 -0.012765
20.353135 -0.012765
20.358135 -0.012413
20.363136 -0.012061
20.368137 -0.011708
20.373138 -0.011356
20.378138 -0.011554
20.383139 -0.010850
20.388140 -0.010343
20.393141 -0.009638
20.398142 -0.009485
20.403142 -0.008979
20.408143 -0.008472
20.413144 -0.007767
20.418145 -0.007261
20.423145 -0.007107
20.428146 -0.006050
20.433147 -0.005345
20.438148 -0.004442
20.443148 -0.003737
20.448149 -0.002833
20.453150 -0.001379
20.458151 -0.000475
20.463152 0.000979
20.468152 0.002434
20.473153 0.003536
20.478154 0.004991
20.483155 0.006445
20.488155 0.007900
20.493156 0.008803
20.498157 0.010258
20.503158 0.011713
20.508159 0.012968
20.513159 0.014423
20.518160 0.015327
20.523161 0.016781
20.528162 0.017685
20.533162 0.018588
20.538163 0.018941
20.543164 0.019492
20.548165 0.019492
20.553165 0.019492
20.558166 0.019139
20.563167 0.018787
20.568168 0.017883
20.573169 0.016980
20.578169 0.015173
20.583170 0.013718
20.588171 0.011360
20.593172 0.009553
20.598172 0.007195
20.603173 0.005388
20.608174 0.003029
20.613175 0.000870
20.618175 -0.000937
20.623176 -0.003097
20.628177 -0.004705
20.633178 -0.006313
20.638179 -0.007371
20.643179 -0.008979
20.648180 -0.010036
20.653181 -0.010543
20.658182 -0.011049
20.663182 -0.011555
20.668183 -0.012061
20.673184 -0.012215
20.678185 -0.011818
20.683185 -0.011421
20.688186 -0.011574
20.693187 -0.010825
20.698188 -0.010075
20.703189 -0.009325
20.708189 -0.008223
20.713190 -0.007121
20.718191 -0.006019
20.723192 -0.004564
20.728192 -0.003462
20.733193 -0.001655
20.738194 0.000351
20.743195 0.001254
20.748195 0.003061
20.753196 0.004868
20.758197 0.006675
20.763198 0.007380
20.768199 0.008636
20.773199 0.009341
20.778200 0.010949
20.783201 0.011654
20.788202 0.012712
20.793202 0.012513
20.798203 0.013019
20.803204 0.012820
20.808205 0.012423
20.813205 0.012026
20.818206 0.010373
20.823207 0.009072
20.828208 0.008322
20.833209 0.006118
20.838209 0.003913
20.843210 0.002061
20.848211 -0.000143
20.853212 -0.002347
20.858212 -0.004904
20.863213 -0.006557
20.868214 -0.008762
20.873215 -0.010415
20.878215 -0.012068
20.883216 -0.013523
20.888217 -0.014625
20.893218 -0.015176
20.898219 -0.015529
20.903219 -0.015881
20.908220 -0.015330
20.913221 -0.014580
20.918222 -0.013831
20.923222 -0.013081
20.928223 -0.011780
20.933224 -0.010479
20.938225 -0.009178
20.943226 -0.007327
20.948226 -0.006026
20.953227 -0.004373
20.958228 -0.003072
20.963229 -0.001771
20.968229 -0.000316
20.973230 0.000786
20.978231 0.001888
20.983232 0.002439
20.988232 0.003695
20.993233 0.004599
20.998234 0.004951
21.003235 0.005656
21.008236 0.006361
21.013236 0.007066
21.018237 0.007418
21.023238 0.008123
21.028239 0.008277
21.033239 0.008981
21.038240 0.009135
21.043241 0.009289
21.048242 0.009443
21.053242 0.009597
21.058243 0.009750
21.063244 0.009001
21.068245 0.008603
21.073246 0.007853
21.078246 0.007104
21.083247 0.006553
21.088248 0.005803
21.093249 0.004701
21.098249 0.003599
21.103250 0.003047
21.108251 0.001945
21.113252 0.001042
21.118252 0.000138
21.123253 -0.000765
21.128254 -0.001470
21.133255 -0.001823
21.138256 -0.002528
21.143256 -0.002681
21.148257 -0.003386
21.153258 -0.003540
21.158259 -0.003694
21.163259 -0.003848
21.168260 -0.004001
21.173261 -0.004155
21.178262 -0.003957
21.183262 -0.004110
21.188263 -0.003912
21.193264 -0.003162
21.198265 -0.002963
21.203266 -0.003316
21.208266 -0.003117
21.213267 -0.002566
21.218268 -0.002566
21.223269 -0.002566
21.228269 -0.002566
21.233270 -0.002566
21.238271 -0.002015
21.243272 -0.002214
21.248272 -0.002214
21.253273 -0.002412
21.258274 -0.002060
21.263275 -0.002810
21.268276 -0.003361
21.273276 -0.003207
21.278277 -0.004309
21.283278 -0.004508
21.288279 -0.004707
21.293279 -0.004905
21.298280 -0.005655
21.303281 -0.005303
21.308282 -0.005854
21.313283 -0.006052
21.318283 -0.005700
21.323284 -0.005700
21.328285 -0.005348
21.333286 -0.004444
21.338286 -0.003893
21.343287 -0.002989
21.348288 -0.002086
21.353289 -0.000984
21.358289 0.000118
21.363290 0.001573
21.368291 0.003226
21.373292 0.004879
21.378293 0.006533
21.383293 0.007834
21.388294 0.008583
21.393295 0.010237
21.398296 0.011537
21.403296 0.012486
21.408297 0.012883
21.413298 0.013280
21.418299 0.013678
21.423299 0.013524
21.428300 0.013370
21.433301 0.012313
21.438302 0.011608
21.443303 0.011454
21.448303 0.010198
21.453304 0.008942
21.458305 0.007135
21.463306 0.006231
21.468306 0.004424
21.473307 0.002970
21.478308 0.001515
21.483309 0.000413
21.488309 -0.001042
21.493310 -0.003047
21.498311 -0.004150
21.503312 -0.005252
21.508313 -0.006354
21.513313 -0.006905
21.518314 -0.007104
21.523315 -0.007302
21.528316 -0.007501
21.533316 -0.008052
21.538317 -0.007700
21.543318 -0.007347
21.548319 -0.007546
21.553319 -0.007193
21.558320 -0.007392
21.563321 -0.007040
21.568322 -0.007591
21.573323 -0.007789
21.578323 -0.008341
21.583324 -0.008892
21.588325 -0.009443
21.593326 -0.009994
21.598326 -0.010897
21.603327 -0.011449
21.608328 -0.011449
21.613329 -0.011449
21.618329 -0.012000
21.623330 -0.011449
21.628331 -0.010545
21.633332 -0.009642
21.638333 -0.007835
21.643333 -0.006579
21.648334 -0.004772
21.653335 -0.002964
21.658336 -0.001157
21.663336 0.000451
21.668337 0.002059
21.673338 0.004219
21.678339 0.004924
21.683339 0.005628
21.688340 0.006686
21.693341 0.007038
21.698342 0.007192
21.703343 0.007544
21.708343 0.007346
21.713344 0.007147
21.718345 0.007499
21.723346 0.006948
21.728346 0.006397
21.733347 0.005846
21.738348 0.005846
21.743349 0.005846
21.748350 0.006397
21.753350 0.006045
21.758351 0.006596
21.763352 0.007499
21.768353 0.008050
21.773353 0.008602
21.778354 0.009153
21.783355 0.009704
21.788356 0.010607
21.793356 0.011158
21.798357 0.011709
21.803358 0.011357
21.808359 0.011357
21.813360 0.011908
21.818360 0.011555
21.823361 0.010652
21.828362 0.010300
21.833363 0.009947
21.838363 0.009044
21.843364 0.008140
21.848365 0.007236
21.853366 0.006333
21.858366 0.005077
21.863367 0.003622
21.868368 0.002719
21.873369 0.001463
21.878370 0.000559
21.883370 -0.000344
21.888371 -0.001248
21.893372 -0.001600
21.898373 -0.001953
21.903373 -0.002856
21.908374 -0.002856
21.913375 -0.003561
21.918376 -0.003914
21.923376 -0.004817
21.928377 -0.005170
21.933378 -0.005874
21.938379 -0.006579
21.943380 -0.007284
21.948380 -0.007989
21.953381 -0.008694
21.958382 -0.009399
21.963383 -0.010104
21.968383 -0.010257
21.973384 -0.010610
21.978385 -0.010764
21.983386 -0.010565
21.988386 -0.010918
21.993387 -0.010366
21.998388 -0.009815
22.003389 -0.009264
22.008390 -0.008361
22.013390 -0.007457
22.018391 -0.006554
22.023392 -0.006201
22.028393 -0.005497
22.033393 -0.004792
22.038394 -0.003536
22.043395 -0.003183
22.048396 -0.002478
22.053396 -0.001774
22.058397 -0.001972
22.063398 -0.001620
22.068399 -0.001818
22.073400 -0.001466
22.078400 -0.001665
22.083401 -0.001863
22.088402 -0.001511
22.093403 -0.002062
22.098403 -0.002261
22.103404 -0.002812
22.108405 -0.003363
22.113406 -0.003562
22.118407 -0.004113
22.123407 -0.004664
22.128408 -0.004862
22.133409 -0.005414
22.138410 -0.005965
22.143410 -0.005965
22.148411 -0.005612
22.153412 -0.005612
22.158413 -0.005061
22.163413 -0.005061
22.168414 -0.004158
22.173415 -0.003607
22.178416 -0.003056
22.183417 -0.002857
22.188417 -0.001755
22.193418 -0.001755
22.198419 -0.000653
22.203420 -0.000102
22.208420 0.000450
22.213421 0.001001
22.218422 0.002103
22.223423 0.002301
22.228423 0.003404
22.233424 0.003602
22.238425 0.004352
22.243426 0.005454
22.248427 0.006204
22.253427 0.006954
22.258428 0.007703
22.263429 0.008453
22.268430 0.009203
22.273430 0.009952
22.278431 0.010151
22.283432 0.010350
22.288433 0.011100
22.293433 0.010747
22.298434 0.010395
22.303435 0.009844
22.308436 0.009292
22.313437 0.008741
22.318437 0.008543
22.323438 0.007793
22.328439 0.007043
22.333440 0.006293
22.338440 0.005345
22.343441 0.004948
22.348442 0.003999
22.353443 0.003051
22.358443 0.003006
22.363444 0.002058
22.368445 0.001462
22.373446 0.000866
22.378447 0.000468
22.383447 -0.000128
22.388448 -0.000525
22.393449 -0.001473
22.398450 -0.002223
22.403450 -0.002620
22.408451 -0.002819
22.413452 -0.003018
22.418453 -0.003216
22.423453 -0.003216
22.428454 -0.002864
22.433455 -0.002864
22.438456 -0.002313
22.443457 -0.002114
22.448457 -0.001916
22.453458 -0.001365
22.458459 -0.000967
22.463460 -0.000218
22.468460 -0.000371
22.473461 0.000378
22.478462 0.000776
22.483463 0.001173
22.488463 0.001019
22.493464 0.001416
22.498465 0.000910
22.503466 0.001109
22.508467 0.001506
22.513467 0.000801
22.518468 0.000647
22.523469 0.000846
22.528470 -0.000057
22.533470 0.000494
22.538471 -0.000410
22.543472 -0.000410
22.548473 -0.000961
22.553474 -0.000609
22.558474 -0.001160
22.563475 -0.001358
22.568476 -0.001909
22.573477 -0.002108
22.578477 -0.002659
22.583478 -0.002858
22.588479 -0.002858
22.593480 -0.002858
22.598480 -0.002858
22.603481 -0.003210
22.608482 -0.002659
22.613483 -0.002659
22.618484 -0.002461
22.623484 -0.001910
22.628485 -0.000807
22.633486 -0.000609
22.638487 -0.000410
22.643487 -0.000211
22.648488 0.000340
22.653489 0.000538
22.658490 0.000737
22.663490 0.000583
22.668491 0.000231
22.673492 0.000077
22.678493 -0.000276
22.683494 -0.000628
22.688494 -0.001333
22.693495 -0.001685
22.698496 -0.002038
22.703497 -0.002941
22.708497 -0.002941
22.713498 -0.003492
22.718499 -0.004044
22.723500 -0.004595
22.728500 -0.004793
22.733501 -0.004793
22.738502 -0.004992
22.743503 -0.005191
22.748504 -0.004133
22.753504 -0.004332
22.758505 -0.003826
22.763506 -0.002769
22.768507 -0.002615
22.773507 -0.001558
22.778508 -0.000500
22.783509 0.000557
22.788510 0.000711
22.793510 0.001967
22.798511 0.003024
22.803512 0.003928
22.808513 0.004632
22.813514 0.005536
22.818514 0.006439
22.823515 0.007343
22.828516 0.008445
22.833517 0.009547
22.838517 0.009746
22.843518 0.010496
22.848519 0.011245
22.853520 0.011995
22.858520 0.012392
22.863521 0.012239
22.868522 0.012085
22.873523 0.011028
22.878524 0.010874
22.883524 0.011072
22.888525 0.009816
22.893526 0.009663
22.898527 0.008407
22.903527 0.007503
22.908528 0.007151
22.913529 0.005344
22.918530 0.004440
22.923530 0.002985
22.928531 0.001531
22.933532 0.000076
22.938533 -0.000827
22.943534 -0.002282
22.948534 -0.003737
22.953535 -0.005191
22.958536 -0.006844
22.963537 -0.007947
22.968537 -0.008696
22.973538 -0.009799
22.978539 -0.010548
22.983540 -0.011298
22.988541 -0.011695
22.993541 -0.011542
22.998542 -0.011939
23.003543 -0.011785
23.008544 -0.011631
23.013544 -0.010927
23.018545 -0.010773
23.023546 -0.010068
23.028547 -0.009716
23.033547 -0.008812
23.038548 -0.007909
23.043549 -0.007005
23.048550 -0.005903
23.053551 -0.004801
23.058551 -0.004051
23.063552 -0.002949
23.068553 -0.002199
23.073554 -0.000898
23.078554 -0.000149
23.083555 0.000954
23.088556 0.001703
23.093557 0.001902
23.098557 0.002453
23.103558 0.003004
23.108559 0.003555
23.113560 0.003555
23.118561 0.003555
23.123561 0.003357
23.128562 0.003158
23.133563 0.003158
23.138564 0.002959
23.143564 0.002408
23.148565 0.002209
23.153566 0.002209
23.158567 0.001658
23.163567 0.001460
23.168568 0.000909
23.173569 0.000909
23.178570 0.000357
23.183571 0.000710
23.188571 0.000159
23.193572 0.000159
23.198573 0.000159
23.203574 -0.000392
23.208574 -0.000392
23.213575 -0.000591
23.218576 -0.000591
23.223577 -0.000943
23.228577 -0.001495
23.233578 -0.001495
23.238579 -0.001495
23.243580 -0.001847
23.248581 -0.001296
23.253581 -0.001648
23.258582 -0.001450
23.263583 -0.001251
23.268584 -0.001604
23.273584 -0.001405
23.278585 -0.001559
23.283586 -0.001360
23.288587 -0.002065
23.293587 -0.001866
23.298588 -0.002219
23.303589 -0.002571
23.308590 -0.002571
23.313591 -0.002924
23.318591 -0.003475
23.323592 -0.003475
23.328593 -0.002924
23.333594 -0.002924
23.338594 -0.002571
23.343595 -0.002571
23.348596 -0.002219
23.353597 -0.001668
23.358598 -0.000764
23.363598 -0.000412
23.368599 0.000139
23.373600 0.001594
23.378601 0.002145
23.383601 0.002696
23.388602 0.003247
23.393603 0.003247
23.398604 0.003798
23.403604 0.003798
23.408605 0.004349
23.413606 0.003997
23.418607 0.003997
23.423608 0.003644
23.428608 0.003644
23.433609 0.003292
23.438610 0.002939
23.443611 0.003490
23.448611 0.003138
23.453612 0.003138
23.458613 0.002785
23.463614 0.002234
23.468614 0.001882
23.473615 0.000978
23.478616 0.000626
23.483617 0.000273
23.488618 -0.000630
23.493618 -0.000983
23.498619 -0.001534
23.503620 -0.002437
23.508621 -0.003341
23.513621 -0.003892
23.518622 -0.004443
23.523623 -0.005346
23.528624 -0.005898
23.533624 -0.006449
23.538625 -0.006647
23.543626 -0.007198
23.548627 -0.007397
23.553628 -0.007596
23.558628 -0.007243
23.563629 -0.007442
23.568630 -0.007641
23.573631 -0.007288
23.578631 -0.006936
23.583632 -0.006583
23.588633 -0.005878
23.593634 -0.005526
23.598634 -0.004270
23.603635 -0.003918
23.608636 -0.002662
23.613637 -0.001406
23.618638 -0.000502
23.623638 0.001305
23.628639 0.002561
23.633640 0.004368
23.638641 0.005624
23.643641 0.006527
23.648642 0.007783
23.653643 0.009039
23.658644 0.009943
23.663644 0.010647
23.668645 0.011551
23.673646 0.011352
23.678647 0.011352
23.683648 0.011154
23.688648 0.011154
23.693649 0.010955
23.698650 0.010404
23.703651 0.009853
23.708651 0.009302
23.713652 0.008398
23.718653 0.007847
23.723654 0.006943
23.728654 0.005489
23.733655 0.004585
23.738656 0.003682
23.743657 0.002426
23.748658 0.001522
23.753658 0.000817
23.758659 -0.000439
23.763660 -0.001143
23.768661 -0.001848
23.773661 -0.002906
23.778662 -0.003963
23.783663 -0.004668
23.788664 -0.005373
23.793665 -0.006078
23.798665 -0.006231
23.803666 -0.006936
23.808667 -0.006738
23.813668 -0.007090
23.818668 -0.006891
23.823669 -0.006340
23.828670 -0.005789
23.833671 -0.005789
23.838671 -0.005238
23.843672 -0.004136
23.848673 -0.003233
23.853674 -0.002682
23.858675 -0.001778
23.863675 -0.000323
23.868676 0.000779
23.873677 0.001682
23.878678 0.002784
23.883678 0.003688
23.888679 0.004790
23.893680 0.005143
23.898681 0.005694
23.903681 0.006046
23.908682 0.006046
23.913683 0.006398
23.918684 0.005847
23.923685 0.006200
23.928685 0.005450
23.933686 0.005802
23.938687 0.005053
23.943688 0.004502
23.948688 0.003752
23.953689 0.003002
23.958690 0.002803
23.963691 0.002054
23.968691 0.000951
23.973692 0.000753
23.978693 -0.000349
23.983694 -0.000900
23.988695 -0.001452
23.993695 -0.002003
23.998696 -0.002554
24.003697 -0.003105
24.008698 -0.003105
24.013698 -0.003656
24.018699 -0.003656
24.023700 -0.003656
24.028701 -0.003656
24.033701 -0.003304
24.038702 -0.002753
24.043703 -0.002753
24.048704 -0.002201
24.053705 -0.001650
24.058705 -0.001298
24.063706 -0.000747
24.068707 -0.000196
24.073708 0.000708
24.078708 0.000708
24.083709 0.001259
24.088710 0.001611
24.093711 0.001060
24.098711 0.001060
24.103712 0.001412
24.108713 0.001412
24.113714 0.000861
24.118715 0.000861
24.123715 0.000861
24.128716 0.000310
24.133717 0.000310
24.138718 -0.000042
24.143718 0.000509
24.148719 0.000156
24.153720 0.000156
24.158721 0.000355
24.163722 0.000554
24.168722 0.000201
24.173723 0.000400
24.178724 0.000599
24.183725 0.000246
24.188725 0.000445
24.193726 0.000092
24.198727 0.000291
24.203728 -0.000062
24.208728 -0.000414
24.213729 -0.000766
24.218730 -0.001119
24.223731 -0.001471
24.228732 -0.001824
24.233732 -0.002727
24.238733 -0.003080
24.243734 -0.003631
24.248735 -0.003983
24.253735 -0.004534
24.258736 -0.004887
24.263737 -0.005239
24.268738 -0.005790
24.273738 -0.005790
24.278739 -0.006143
24.283740 -0.006143
24.288741 -0.006143
24.293742 -0.006495
24.298742 -0.006495
24.303743 -0.006495
24.308744 -0.005944
24.313745 -0.005592
24.318745 -0.005041
24.323746 -0.005041
24.328747 -0.004137
24.333748 -0.003785
24.338748 -0.003234
24.343749 -0.002881
24.348750 -0.002177
24.353751 -0.001273
24.358752 -0.000921
24.363752 -0.000216
24.368753 0.000688
24.373754 0.001393
24.378755 0.001745
24.383755 0.002649
24.388756 0.003353
24.393757 0.003706
24.398758 0.004257
24.403758 0.004257
24.408759 0.004609
24.413760 0.004609
24.418761 0.004808
24.423762 0.004456
24.428762 0.004103
24.433763 0.003751
24.438764 0.003398
24.443765 0.002693
24.448765 0.002892
24.453766 0.002539
24.458767 0.002187
24.463768 0.001284
24.468768 0.000931
24.473769 0.000579
24.478770 0.000226
24.483771 0.000777
24.488772 0.000425
24.493772 0.000425
24.498773 0.000425
24.503774 0.000777
24.508775 0.001328
24.513775 0.001328
24.518776 0.002232
24.523777 0.002232
24.528778 0.002584
24.533778 0.002937
24.538779 0.002937
24.543780 0.002738
24.548781 0.003090
24.553782 0.003443
24.558782 0.003244
24.563783 0.003597
24.568784 0.003199
24.573785 0.003552
24.578785 0.003353
24.583786 0.003154
24.588787 0.002757
24.593788 0.002558
24.598789 0.002360
24.603789 0.001610
24.608790 0.001059
24.613791 0.000860
24.618792 0.000309
24.623792 0.000110
24.628793 0.000110
24.633794 -0.000793
24.638795 -0.001344
24.643795 -0.001895
24.648796 -0.002248
24.653797 -0.002799
24.658798 -0.003151
24.663799 -0.004055
24.668799 -0.004407
24.673800 -0.004760
24.678801 -0.005311
24.683802 -0.005663
24.688802 -0.005663
24.693803 -0.006016
24.698804 -0.006567
24.703805 -0.006016
24.708805 -0.006368
24.713806 -0.006016
24.718807 -0.006016
24.723808 -0.006016
24.728809 -0.005663
24.733809 -0.005663
24.738810 -0.005311
24.743811 -0.004760
24.748812 -0.004209
24.753812 -0.003856
24.758813 -0.002953
24.763814 -0.002402
24.768815 -0.001498
24.773815 -0.000396
24.778816 0.000507
24.783817 0.001058
24.788818 0.001962
24.793819 0.003064
24.798819 0.003615
24.803820 0.004717
24.808821 0.005621
24.813822 0.006172
24.818822 0.006371
24.823823 0.006922
24.828824 0.008024
24.833825 0.008222
24.838825 0.008421
24.843826 0.008421
24.848827 0.008620
24.853828 0.007915
24.858829 0.008466
24.863829 0.008664
24.868830 0.008312
24.873831 0.007960
24.878832 0.007607
24.883832 0.007255
24.888833 0.006351
24.893834 0.006351
24.898835 0.004897
24.903835 0.004345
24.908836 0.003794
24.913837 0.002692
24.918838 0.002141
24.923839 0.001590
24.928839 0.000488
24.933840 0.000840
24.938841 -0.000262
24.943842 -0.000262
24.948842 -0.000813
24.953843 -0.001364
24.958844 -0.001915
24.963845 -0.001915
24.968846 -0.002819
24.973846 -0.003171
24.978847 -0.003722
24.983848 -0.004075
24.988849 -0.004427
24.993849 -0.004780
24.998850 -0.006036
25.003851 -0.006388
25.008852 -0.006741
25.013852 -0.007445
25.018853 -0.007798
25.023854 -0.008150
25.028855 -0.008855
25.033856 -0.008657
25.038856 -0.009009
25.043857 -0.008810
25.048858 -0.008810
25.053859 -0.008259
25.058859 -0.008061
25.063860 -0.007510
25.068861 -0.006959
25.073862 -0.006055
25.078862 -0.005504
25.083863 -0.004600
25.088864 -0.003697
25.093865 -0.002441
25.098866 -0.001538
25.103866 -0.000282
25.108867 0.000071
25.113868 0.001327
25.118869 0.001679
25.123869 0.002384
25.128870 0.002736
25.133871 0.003441
25.138872 0.003243
25.143872 0.003595
25.148873 0.003948
25.153874 0.003948
25.158875 0.003749
25.163876 0.003749
25.168876 0.003749
25.173877 0.003198
25.178878 0.003198
25.183879 0.002647
25.188879 0.002448
25.193880 0.001897
25.198881 0.001897
25.203882 0.001346
25.208882 0.000795
25.213883 0.000244
25.218884 0.000045
25.223885 -0.000859
25.228886 -0.000506
25.233886 -0.001057
25.238887 -0.001057
25.243888 -0.001608
25.248889 -0.001256
25.253889 -0.001256
25.258890 -0.000904
25.263891 -0.000904
25.268892 -0.000904
25.273892 -0.000551
25.278893 -0.000199
25.283894 0.000352
25.288895 0.000154
25.293896 0.000506
25.298896 0.000506
25.303897 0.000858
25.308898 0.001211
25.313899 0.001563
25.318899 0.001365
25.323900 0.001717
25.328901 0.002069
25.333902 0.001871
25.338902 0.002774
25.343903 0.003127
25.348904 0.003127
25.353905 0.002928
25.358906 0.003479
25.363906 0.003479
25.368907 0.003127
25.373908 0.003678
25.378909 0.003325
25.383909 0.002973
25.388910 0.003171
25.393911 0.002819
25.398912 0.002467
25.403913 0.002114
25.408913 0.001960
25.413914 0.001608
25.418915 0.001255
25.423916 0.000903
25.428916 0.000198
25.433917 -0.000154
25.438918 -0.000507
25.443919 -0.000308
25.448919 -0.001212
25.453920 -0.000661
25.458921 -0.001013
25.463922 -0.000814
25.468923 -0.000263
25.473923 0.000288
25.478924 0.000486
25.483925 0.000685
25.488926 0.001236
25.493926 0.001787
25.498927 0.002338
25.503928 0.002889
25.508929 0.002889
25.513929 0.003440
25.518930 0.003991
25.523931 0.003639
25.528932 0.004543
25.533933 0.004190
25.538933 0.004190
25.543934 0.004190
25.548935 0.004741
25.553936 0.004389
25.558936 0.003485
25.563937 0.003485
25.568938 0.002031
25.573939 0.001678
25.578939 0.000775
25.583940 0.000223
25.588941 -0.000680
25.593942 -0.001033
25.598943 -0.001936
25.603943 -0.002289
25.608944 -0.002840
25.613945 -0.003391
25.618946 -0.003942
25.623946 -0.003589
25.628947 -0.004140
25.633948 -0.004339
25.638949 -0.004538
25.643949 -0.004736
25.648950 -0.005486
25.653951 -0.005685
25.658952 -0.005531
25.663953 -0.005377
25.668953 -0.005576
25.673954 -0.004871
25.678955 -0.005070
25.683956 -0.004365
25.688956 -0.004564
25.693957 -0.004211
25.698958 -0.003859
25.703959 -0.002955
25.708959 -0.002603
25.713960 -0.001699
25.718961 -0.001699
25.723962 -0.000796
25.728963 0.000108
25.733963 0.000659
25.738964 0.001210
25.743965 0.001960
25.748966 0.002511
25.753966 0.002709
25.758967 0.003811
25.763968 0.004010
25.768969 0.004209
25.773970 0.004606
25.778970 0.004805
25.783971 0.004651
25.788972 0.004497
25.793973 0.003792
25.798973 0.003638
25.803974 0.002933
25.808975 0.001678
25.813976 0.000620
25.818976 -0.000085
25.823977 -0.001341
25.828978 -0.002046
25.833979 -0.002949
25.838980 -0.004205
25.843980 -0.004557
25.848981 -0.005262
25.853982 -0.005813
25.858983 -0.006717
25.863983 -0.007268
25.868984 -0.007268
25.873985 -0.008018
25.878986 -0.007665
25.883986 -0.008063
25.888987 -0.008261
25.893988 -0.008108
25.898989 -0.007954
25.903990 -0.008153
25.908990 -0.007095
25.913991 -0.006941
25.918992 -0.006237
25.923993 -0.006083
25.928993 -0.005026
25.933994 -0.004872
25.938995 -0.004167
25.943996 -0.003815
25.948996 -0.003661
25.953997 -0.002956
25.958998 -0.002052
25.963999 -0.001348
25.969000 -0.001546
25.974000 -0.001194
25.979001 0.000062
25.984002 0.000415
25.989003 0.000415
25.994003 0.000767
25.999004 0.001671
26.004005 0.002023
26.009006 0.002574
26.014006 0.002926
26.019007 0.003478
26.024008 0.004029
26.029009 0.004029
26.034010 0.004227
26.039010 0.004227
26.044011 0.004426
26.049012 0.004977
26.054013 0.004624
26.059013 0.004272
26.064014 0.004823
26.069015 0.004471
26.074016 0.004118
26.079016 0.003766
26.084017 0.003215
26.089018 0.002862
26.094019 0.002862
26.099020 0.002510
26.104020 0.002157
26.109021 0.002157
26.114022 0.001606
26.119023 0.001805
26.124023 0.001254
26.129024 0.001805
26.134025 0.001452
26.139026 0.002003
26.144026 0.002003
26.149027 0.002202
26.154028 0.002202
26.159029 0.003304
26.164030 0.003855
26.169030 0.004406
26.174031 0.004054
26.179032 0.005156
26.184033 0.004804
26.189033 0.005355
26.194034 0.005553
26.199035 0.006104
26.204036 0.005752
26.209037 0.005951
26.214037 0.005598
26.219038 0.005797
26.224039 0.005444
26.229040 0.004739
26.234040 0.004387
26.239041 0.004233
26.244042 0.003528
26.249043 0.003176
26.254043 0.001920
26.259044 0.001567
26.264045 0.000312
26.269046 -0.000041
26.274047 -0.000393
26.279047 -0.001297
26.284048 -0.001649
26.289049 -0.002200
26.294050 -0.002200
26.299050 -0.002200
26.304051 -0.002752
26.309052 -0.002399
26.314053 -0.002598
26.319053 -0.002598
26.324054 -0.002797
26.329055 -0.002995
26.334056 -0.002290
26.339057 -0.002489
26.344057 -0.002335
26.349058 -0.002181
26.354059 -0.001477
26.359060 -0.001675
26.364060 -0.001874
26.369061 -0.001169
26.374062 -0.001368
26.379063 -0.001566
26.384063 -0.001765
26.389064 -0.001413
26.394065 -0.001964
26.399066 -0.001964
26.404067 -0.001964
26.409067 -0.001964
26.414068 -0.002515
26.419069 -0.002515
26.424070 -0.002515
26.429070 -0.002867
26.434071 -0.002867
26.439072 -0.003418
26.444073 -0.003066
26.449073 -0.003066
26.454074 -0.002714
26.459075 -0.002714
26.464076 -0.002912
26.469077 -0.002912
26.474077 -0.002560
26.479078 -0.002560
26.484079 -0.003111
26.489080 -0.002759
26.494080 -0.002759
26.499081 -0.002759
26.504082 -0.002208
26.509083 -0.002208
26.514083 -0.002560
26.519084 -0.002009
26.524085 -0.001810
26.529086 -0.002163
26.534087 -0.001612
26.539087 -0.001413
26.544088 -0.001214
26.549089 -0.001016
26.554090 -0.000817
26.559090 -0.001170
26.564091 -0.000067
26.569092 -0.000420
26.574093 0.000131
26.579093 0.000682
26.584094 0.000881
26.589095 0.001785
26.594096 0.002336
26.599097 0.002887
26.604097 0.003438
26.609098 0.004341
26.614099 0.004341
26.619100 0.004892
26.624100 0.005796
26.629101 0.005796
26.634102 0.005796
26.639103 0.006347
26.644104 0.006347
26.649104 0.006347
26.654105 0.006347
26.659106 0.005796
26.664107 0.005245
26.669107 0.004694
26.674108 0.003591
26.679109 0.003040
26.684110 0.001586
26.689110 0.001035
26.694111 0.000285
26.699112 -0.000817
26.704113 -0.002272
26.709114 -0.003022
26.714114 -0.003573
26.719115 -0.004323
26.724116 -0.005425
26.729117 -0.006175
26.734117 -0.006726
26.739118 -0.007475
26.744119 -0.007674
26.749120 -0.007873
26.754120 -0.008071
26.759121 -0.008270
26.764122 -0.007565
26.769123 -0.007764
26.774124 -0.007411
26.779124 -0.007059
26.784125 -0.006354
26.789126 -0.006002
26.794127 -0.005649
26.799127 -0.004746
26.804128 -0.004746
26.809129 -0.003842
26.814130 -0.003291
26.819130 -0.002740
26.824131 -0.002189
26.829132 -0.001439
26.834133 -0.000888
26.839134 -0.000139
26.844134 0.000611
26.849135 0.001361
26.854136 0.002111
26.859137 0.002860
26.864137 0.003258
26.869138 0.004007
26.874139 0.005308
26.879140 0.005705
26.884140 0.006455
26.889141 0.006654
26.894142 0.007404
26.899143 0.007250
26.904144 0.007999
26.909144 0.007295
26.914145 0.006590
26.919146 0.006788
26.924147 0.006083
26.929147 0.005731
26.934148 0.005026
26.939149 0.004674
26.944150 0.004321
26.949150 0.003969
26.954151 0.003065
26.959152 0.002162
26.964153 0.002162
26.969154 0.001809
26.974154 0.001258
26.979155 0.001258
26.984156 0.000707
26.989157 0.000707
26.994157 0.001059
26.999158 0.000861
27.004159 0.000310
27.009160 0.000111
27.014161 -0.000088
27.019161 0.000066
27.024162 -0.000133
27.029163 0.000220
27.034164 0.000374
27.039164 0.000175
27.044165 0.000329
27.049166 0.000681
27.054167 0.001386
27.059167 0.001540
27.064168 0.001892
27.069169 0.002046
27.074170 0.002398
27.079171 0.002751
27.084171 0.002552
27.089172 0.002905
27.094173 0.002706
27.099174 0.002706
27.104174 0.002155
27.109175 0.002155
27.114176 0.001604
27.119177 0.001251
27.124177 0.000700
27.129178 0.000348
27.134179 -0.000556
27.139180 -0.000908
27.144181 -0.001613
27.149181 -0.001966
27.154182 -0.002318
27.159183 -0.002670
27.164184 -0.003023
27.169184 -0.003375
27.174185 -0.003728
27.179186 -0.003728
27.184187 -0.004080
27.189187 -0.004080
27.194188 -0.003882
27.199189 -0.003882
27.204190 -0.003882
27.209191 -0.003882
27.214191 -0.003882
27.219192 -0.003882
27.224193 -0.002978
27.229194 -0.003177
27.234194 -0.003177
27.239195 -0.002824
27.244196 -0.002824
27.249197 -0.002472
27.254197 -0.002671
27.259198 -0.002318
27.264199 -0.002318
27.269200 -0.002517
27.274201 -0.003068
27.279201 -0.003068
27.284202 -0.003267
27.289203 -0.003267
27.294204 -0.003818
27.299204 -0.004170
27.304205 -0.004721
27.309206 -0.004721
27.314207 -0.004721
27.319207 -0.005074
27.324208 -0.005074
27.329209 -0.005074
27.334210 -0.005426
27.339211 -0.004875
27.344211 -0.004324
27.349212 -0.003773
27.354213 -0.003574
27.359214 -0.003574
27.364214 -0.003023
27.369215 -0.002472
27.374216 -0.001370
27.379217 -0.000819
27.384217 -0.000268
27.389218 0.000283
27.394219 0.000834
27.399220 0.000834
27.404221 0.001385
27.409221 0.001385
27.414222 0.002289
27.419223 0.002289
27.424224 0.002840
27.429224 0.002840
27.434225 0.003743
27.439226 0.003743
27.444227 0.003743
27.449228 0.003743
27.454228 0.004096
27.459229 0.004647
27.464230 0.004647
27.469231 0.004647
27.474231 0.005198
27.479232 0.005198
27.484233 0.005198
27.489234 0.005550
27.494234 0.006101
27.499235 0.006101
27.504236 0.006101
27.509237 0.005550
27.514238 0.005903
27.519238 0.005550
27.524239 0.004999
27.529240 0.005351
27.534241 0.004800
27.539241 0.004800
27.544242 0.004800
27.549243 0.003897
27.554244 0.003346
27.559244 0.003346
27.564245 0.002442
27.569246 0.001891
27.574247 0.000987
27.579248 0.000987
27.584248 0.000084
27.589249 -0.001018
27.594250 -0.001371
27.599251 -0.001922
27.604251 -0.002473
27.609252 -0.003024
27.614253 -0.003575
27.619254 -0.004126
27.624254 -0.004677
27.629255 -0.004325
27.634256 -0.004876
27.639257 -0.004524
27.644258 -0.004524
27.649258 -0.004171
27.654259 -0.003819
27.659260 -0.003466
27.664261 -0.003466
27.669261 -0.003114
27.674262 -0.002210
27.679263 -0.001659
27.684264 -0.000756
27.689264 -0.000756
27.694265 -0.000205
27.699266 0.000346
27.704267 0.000897
27.709268 0.001096
27.714268 0.001647
27.719269 0.001846
27.724270 0.002044
27.729271 0.002243
27.734271 0.002442
27.739272 0.002640
27.744273 0.002288
27.749274 0.001935
27.754274 0.002134
27.759275 0.001429
27.764276 0.001077
27.769277 0.000724
27.774278 -0.000179
27.779278 0.000019
27.784279 -0.000884
27.789280 -0.000884
27.794281 -0.001237
27.799281 -0.001788
27.804282 -0.002140
27.809283 -0.002691
27.814284 -0.002691
27.819285 -0.003242
27.824285 -0.003242
27.829286 -0.003441
27.834287 -0.003441
27.839288 -0.003441
27.844288 -0.003640
27.849289 -0.004191
27.854290 -0.004191
27.859291 -0.003838
27.864291 -0.004037
27.869292 -0.004037
27.874293 -0.003685
27.879294 -0.003685
27.884295 -0.003332
27.889295 -0.003332
27.894296 -0.002980
27.899297 -0.002429
27.904298 -0.002076
27.909298 -0.001724
27.914299 -0.001371
27.919300 -0.000820
27.924301 -0.000468
27.929301 0.000436
27.934302 0.000788
27.939303 0.001140
27.944304 0.001493
27.949305 0.002396
27.954305 0.002749
27.959306 0.002550
27.964307 0.002902
27.969308 0.003255
27.974308 0.003607
27.979309 0.003409
27.984310 0.003761
27.989311 0.003761
27.994311 0.003562
27.999312 0.003562
28.004313 0.003562
28.009314 0.003562
28.014315 0.003562
28.019315 0.003562
28.024316 0.003761
28.029317 0.003409
28.034318 0.003409
28.039318 0.003607
28.044319 0.003806
28.049320 0.003453
28.054321 0.003300
28.059321 0.003498
28.064322 0.003146
28.069323 0.003344
28.074324 0.002992
28.079325 0.002287
28.084325 0.002486
28.089326 0.002133
28.094327 0.001428
28.099328 0.001627
28.104328 0.001275
28.109329 0.000922
28.114330 0.000570
28.119331 0.000570
28.124331 0.000217
28.129332 -0.000334
28.134333 -0.000686
28.139334 -0.000686
28.144335 -0.001237
28.149335 -0.001789
28.154336 -0.001987
28.159337 -0.002538
28.164338 -0.002737
28.169338 -0.003288
28.174339 -0.003487
28.179340 -0.003685
28.184341 -0.003884
28.189341 -0.004435
28.194342 -0.004634
28.199343 -0.004833
28.204344 -0.004480
28.209345 -0.004480
28.214345 -0.004128
28.219346 -0.004326
28.224347 -0.003775
28.229348 -0.003423
28.234348 -0.003423
28.239349 -0.002872
28.244350 -0.002519
28.249351 -0.002519
28.254352 -0.001968
28.259352 -0.001968
28.264353 -0.001065
28.269354 -0.000514
28.274355 -0.000514
28.279355 0.000037
28.284356 0.000588
28.289357 0.001139
28.294358 0.001691
28.299358 0.001691
28.304359 0.002242
28.309360 0.002440
28.314361 0.002440
28.319362 0.002991
28.324362 0.002639
28.329363 0.003190
28.334364 0.003190
28.339365 0.003389
28.344365 0.003389
28.349366 0.003940
28.354367 0.004491
28.359368 0.004491
28.364368 0.004491
28.369369 0.004491
28.374370 0.004491
28.379371 0.005394
28.384372 0.004843
28.389372 0.004843
28.394373 0.005196
28.399374 0.005195
28.404375 0.004997
28.409375 0.004997
28.414376 0.004997
28.419377 0.004798
28.424378 0.004798
28.429378 0.004798
28.434379 0.004247
28.439380 0.004247
28.444381 0.003696
28.449382 0.003145
28.454382 0.003145
28.459383 0.002594
28.464384 0.001690
28.469385 0.001690
28.474385 0.001139
28.479386 0.000236
28.484387 -0.000117
28.489388 -0.000668
28.494388 -0.001572
28.499389 -0.002123
28.504390 -0.002475
28.509391 -0.003379
28.514392 -0.004282
28.519392 -0.004635
28.524393 -0.005538
28.529394 -0.006442
28.534395 -0.006794
28.539395 -0.007698
28.544396 -0.008249
28.549397 -0.008601
28.554398 -0.009505
28.559398 -0.009505
28.564399 -0.010408
28.569400 -0.010408
28.574401 -0.010408
28.579402 -0.010408
28.584402 -0.010408
28.589403 -0.010408
28.594404 -0.010056
28.599405 -0.009505
28.604405 -0.009152
28.609406 -0.009152
28.614407 -0.008249
28.619408 -0.007897
28.624409 -0.007345
28.629409 -0.006993
28.634410 -0.006090
28.639411 -0.005186
28.644412 -0.004834
28.649412 -0.003930
28.654413 -0.003027
28.659414 -0.002475
28.664415 -0.001572
28.669415 -0.000668
28.674416 0.000235
28.679417 0.000786
28.684418 0.001690
28.689419 0.002241
28.694419 0.002593
28.699420 0.003144
28.704421 0.003497
28.709422 0.004048
28.714422 0.004599
28.719423 0.004951
28.724424 0.005502
28.729425 0.005502
28.734425 0.005502
28.739426 0.006053
28.744427 0.006053
28.749428 0.006053
28.754429 0.006053
28.759429 0.006604
28.764430 0.006053
28.769431 0.006053
28.774432 0.005502
28.779432 0.005150
28.784433 0.005150
28.789434 0.004599
28.794435 0.004599
28.799435 0.004599
28.804436 0.004047
28.809437 0.004047
28.814438 0.004047
28.819439 0.003496
28.824439 0.003496
28.829440 0.003496
28.834441 0.002945
28.839442 0.002945
28.844442 0.003298
28.849443 0.002747
28.854444 0.002746
28.859445 0.002746
28.864445 0.002195
28.869446 0.002548
28.874447 0.002195
28.879448 0.002195
28.884449 0.002195
28.889449 0.002195
28.894450 0.001843
28.899451 0.001843
28.904452 0.001292
28.909452 0.000939
28.914453 0.000587
28.919454 0.000587
28.924455 0.000234
28.929455 -0.000317
28.934456 -0.000669
28.939457 -0.001573
28.944458 -0.002124
28.949459 -0.002476
28.954459 -0.003027
28.959460 -0.003380
28.964461 -0.003931
28.969462 -0.003931
28.974462 -0.004482
28.979463 -0.004482
28.984464 -0.004482
28.989465 -0.004482
28.994465 -0.004482
28.999466 -0.004482
29.004467 -0.004130
29.009468 -0.004130
29.014469 -0.003579
29.019469 -0.003579
29.024470 -0.002675
29.029471 -0.002675
29.034472 -0.002124
29.039472 -0.001220
29.044473 -0.000669
29.049474 -0.000118
29.054475 -0.000118
29.059476 0.000080
29.064476 0.000631
29.069477 0.000631
29.074478 0.001182
29.079479 0.001381
29.084479 0.001580
29.089480 0.001580
29.094481 0.001778
29.099482 0.001778
29.104482 0.001977
29.109483 0.001977
29.114484 0.001625
29.119485 0.001272
29.124486 0.001823
29.129486 0.001471
29.134487 0.001471
29.139488 0.001471
29.144489 0.001471
29.149489 0.000920
29.154490 0.000920
29.159491 0.000920
29.164492 0.001272
29.169492 0.000721
29.174493 0.000721
29.179494 0.000522
29.184495 -0.000029
29.189496 -0.000029
29.194496 -0.000580
29.199497 -0.000779
29.204498 -0.000779
29.209499 -0.000779
29.214499 -0.000977
29.219500 -0.000977
29.224501 -0.000977
29.229502 -0.001176
29.234502 -0.001176
29.239503 -0.001176
29.244504 -0.000824
29.249505 -0.000471
29.254506 -0.000471
29.259506 -0.000119
29.264507 -0.000119
29.269508 0.000234
29.274509 0.000586
29.279509 0.000586
29.284510 0.000938
29.289511 0.000938
29.294512 0.001842
29.299512 0.001842
29.304513 0.001842
29.309514 0.002194
29.314515 0.002194
29.319516 0.002194
29.324516 0.002194
29.329517 0.002547
29.334518 0.002547
29.339519 0.002547
29.344519 0.002547
29.349520 0.002899
29.354521 0.002348
29.359522 0.002348
29.364522 0.002348
29.369523 0.001797
29.374524 0.001797
29.379525 0.001797
29.384526 0.000893
29.389526 0.000893
29.394527 0.000893
29.399528 0.000541
29.404529 0.000541
29.409529 0.000188
29.414530 -0.000164
29.419531 -0.000164
29.424532 0.000035
29.429533 0.000035
29.434533 -0.000318
29.439534 0.000233
29.444535 -0.000119
29.449536 -0.000119
29.454536 -0.000472
29.459537 0.000079
29.464538 -0.000273
29.469539 -0.000273
29.474539 -0.000273
29.479540 -0.000626
29.484541 -0.000626
29.489542 -0.000978
29.494543 -0.000978
29.499543 -0.001331
29.504544 -0.001331
29.509545 -0.002234
29.514546 -0.001683
29.519546 -0.002234
29.524547 -0.002587
29.529548 -0.003138
29.534549 -0.003138
29.539549 -0.003138
29.544550 -0.003689
29.549551 -0.003336
29.554552 -0.003336
29.559553 -0.002984
29.564553 -0.003535
29.569554 -0.003183
29.574555 -0.002830
29.579556 -0.002830
29.584556 -0.003029
29.589557 -0.002125
29.594558 -0.001773
29.599559 -0.001421
29.604559 -0.001068
29.609560 -0.000716
29.614561 -0.000363
29.619562 -0.000011
29.624563 -0.000011
29.629563 0.000342
29.634564 0.000893
29.639565 0.001245
29.644566 0.001245
29.649566 0.001796
29.654567 0.001796
29.659568 0.001796
29.664569 0.002347
29.669569 0.001995
29.674570 0.002193
29.679571 0.002193
29.684572 0.002392
29.689573 0.002040
29.694573 0.002238
29.699574 0.002437
29.704575 0.002635
29.709576 0.002283
29.714576 0.002482
29.719577 0.002680
29.724578 0.002879
29.729579 0.003078
29.734579 0.002725
29.739580 0.003276
29.744581 0.002924
29.749582 0.002924
29.754583 0.002020
29.759583 0.002020
29.764584 0.002020
29.769585 0.002020
29.774586 0.001469
29.779586 0.001117
29.784587 0.000918
29.789588 0.000918
29.794589 0.000367
29.799589 0.000367
29.804590 0.000168
29.809591 0.000168
29.814592 -0.000030
29.819593 -0.000030
29.824593 -0.000229
29.829594 -0.000428
29.834595 -0.000979
29.839596 -0.000626
29.844596 -0.000825
29.849597 -0.000825
29.854598 -0.001024
29.859599 -0.001222
29.864600 -0.000870
29.869600 -0.001069
29.874601 -0.001620
29.879602 -0.001267
29.884603 -0.001466
29.889603 -0.001466
29.894604 -0.001114
29.899605 -0.001665
29.904606 -0.001665
29.909606 -0.002216
29.914607 -0.002568
29.919608 -0.002568
29.924609 -0.002568
29.929610 -0.003472
29.934610 -0.002921
29.939611 -0.003273
29.944612 -0.003273
29.949613 -0.003273
29.954613 -0.003626
29.959614 -0.003427
29.964615 -0.003427
29.969616 -0.003780
29.974616 -0.003780
29.979617 -0.004132
29.984618 -0.003581
29.989619 -0.003933
29.994620 -0.003933
29.999620 -0.003933
30.004621 -0.004286
30.009622 -0.003735
30.014623 -0.004087
30.019623 -0.004087
30.024624 -0.003536
30.029625 -0.003536
30.034626 -0.002985
30.039626 -0.002434
30.044627 -0.002434
30.049628 -0.002235
30.054629 -0.001332
30.059630 -0.000781
30.064630 -0.000781
30.069631 -0.000230
30.074632 0.000321
30.079633 0.000872
30.084633 0.000872
30.089634 0.001423
30.094635 0.001975
30.099636 0.001975
30.104636 0.002526
30.109637 0.002878
30.114638 0.002878
30.119639 0.002878
30.124640 0.002878
30.129640 0.002878
30.134641 0.002878
30.139642 0.002878
30.144643 0.002878
30.149643 0.002878
30.154644 0.002878
30.159645 0.002878
30.164646 0.002679
30.169646 0.002679
30.174647 0.002679
30.179648 0.001577
30.184649 0.001577
30.189650 0.001026
30.194650 0.000475
30.199651 -0.000076
30.204652 -0.000627
30.209653 -0.001178
30.214653 -0.002082
30.219654 -0.002082
30.224655 -0.002633
30.229656 -0.002633
30.234657 -0.003184
30.239657 -0.003184
30.244658 -0.003184
30.249659 -0.003184
30.254660 -0.003184
30.259660 -0.003184
30.264661 -0.002633
30.269662 -0.002281
30.274663 -0.002281
30.279663 -0.001928
30.284664 -0.001025
30.289665 -0.000672
30.294666 0.000231
30.299667 0.000583
30.304667 0.000583
30.309668 0.001487
30.314669 0.002192
30.319670 0.002544
30.324670 0.002544
30.329671 0.003448
30.334672 0.003800
30.339673 0.004153
30.344673 0.004153
30.349674 0.004505
30.354675 0.004505
30.359676 0.004505
30.364677 0.004505
30.369677 0.004505
30.374678 0.004505
30.379679 0.004505
30.384680 0.004152
30.389680 0.004152
30.394681 0.004152
30.399682 0.003800
30.404683 0.003800
30.409683 0.003800
30.414684 0.003448
30.419685 0.003448
30.424686 0.003095
30.429687 0.003095
30.434687 0.003095
30.439688 0.002743
30.444689 0.002743
30.449690 0.002390
30.454690 0.002390
30.459691 0.002038
30.464692 0.002038
30.469693 0.001685
30.474693 0.001333
30.479694 0.001333
30.484695 0.000980
30.489696 0.000628
30.494697 0.000827
30.499697 -0.000077
30.504698 0.000122
30.509699 -0.000429
30.514700 -0.000782
30.519700 -0.001134
30.524701 -0.001487
30.529702 -0.001487
30.534703 -0.001839
30.539703 -0.002192
30.544704 -0.002544
30.549705 -0.002544
30.554706 -0.002897
30.559707 -0.002897
30.564707 -0.002346
30.569708 -0.002698
30.574709 -0.002698
30.579710 -0.002698
30.584710 -0.002147
30.589711 -0.001795
30.594712 -0.001795
30.599713 -0.001795
30.604713 -0.002346
30.609714 -0.001993
30.614715 -0.001993
30.619716 -0.001993
30.624717 -0.001641
30.629717 -0.001840
30.634718 -0.001487
30.639719 -0.001487
30.644720 -0.001686
30.649720 -0.001333
30.654721 -0.000981
30.659722 -0.000629
30.664723 -0.000629
30.669724 -0.000276
30.674724 -0.000475
30.679725 -0.000122
30.684726 -0.000122
30.689727 0.000230
30.694727 0.000230
30.699728 0.000031
30.704729 0.000031
30.709730 0.000031
30.714730 0.000384
30.719731 -0.000167
30.724732 -0.000167
30.729733 -0.000718
30.734734 -0.001071
30.739734 -0.001071
30.744735 -0.001071
30.749736 -0.001071
30.754737 -0.001071
30.759737 -0.001974
30.764738 -0.001423
30.769739 -0.001423
30.774740 -0.001423
30.779740 -0.001776
30.784741 -0.001423
30.789742 -0.001776
30.794743 -0.001776
30.799744 -0.001776
30.804744 -0.001225
30.809745 -0.001225
30.814746 -0.001225
30.819747 -0.001577
30.824747 -0.001577
30.829748 -0.001225
30.834749 -0.001225
30.839750 -0.000674
30.844750 -0.000674
30.849751 -0.000674
30.854752 -0.000674
30.859753 -0.000674
30.864754 -0.000674
30.869754 -0.000674
30.874755 0.000230
30.879756 0.000230
30.884757 0.000230
30.889757 0.000230
30.894758 0.000230
30.899759 0.000230
30.904760 0.000781
30.909760 0.000781
30.914761 0.000781
30.919762 0.000781
30.924763 0.000428
30.929764 0.000979
30.934764 0.000979
30.939765 0.000979
30.944766 0.000627
30.949767 0.000627
30.954767 0.000627
30.959768 -0.000277
30.964769 -0.000277
30.969770 -0.000277
30.974770 -0.001180
30.979771 -0.001180
30.984772 -0.001731
30.989773 -0.001731
30.994774 -0.002283
30.999774 -0.002283
31.004775 -0.002283
31.009776 -0.002834
31.014777 -0.002834
31.019777 -0.002834
31.024778 -0.002834
31.029779 -0.002481
31.034780 -0.002481
31.039780 -0.002481
31.044781 -0.002129
31.049782 -0.002129
31.054783 -0.002129
31.059784 -0.001225
31.064784 -0.001225
31.069785 -0.000322
31.074786 -0.000322
31.079787 0.000030
31.084787 0.000582
31.089788 0.000582
31.094789 0.001133
31.099790 0.001133
31.104791 0.002036
31.109791 0.002036
31.114792 0.002036
31.119793 0.002587
31.124794 0.002587
31.129794 0.002587
31.134795 0.002587
31.139796 0.002940
31.144797 0.002587
31.149797 0.002587
31.154798 0.002587
31.159799 0.002587
31.164800 0.002235
31.169801 0.002235
31.174801 0.001882
31.179802 0.001882
31.184803 0.001882
31.189804 0.001530
31.194804 0.001530
31.199805 0.001530
31.204806 0.001530
31.209807 0.001177
31.214807 0.001177
31.219808 0.001177
31.224809 0.001177
31.229810 0.001177
31.234811 0.001177
31.239811 0.001376
31.244812 0.001177
31.249813 0.001177
31.254814 0.001376
31.259814 0.001376
31.264815 0.001376
31.269816 0.001376
31.274817 0.001023
31.279817 0.001023
31.284818 0.001023
31.289819 0.001574
31.294820 0.001222
31.299821 0.000671
31.304821 0.000671
31.309822 0.000671
31.314823 0.000120
31.319824 -0.000233
31.324824 -0.000233
31.329825 -0.000784
31.334826 -0.000784
31.339827 -0.000784
31.344827 -0.000784
31.349828 -0.001335
31.354829 -0.001688
31.359830 -0.001136
31.364831 -0.001688
31.369831 -0.001688
31.374832 -0.001136
31.379833 -0.001136
31.384834 -0.000938
31.389834 -0.000585
31.394835 -0.000585
31.399836 -0.000585
31.404837 -0.000233
31.409837 -0.000233
31.414838 0.000119
31.419839 0.000119
31.424840 -0.000079
31.429841 0.000273
31.434841 0.000273
31.439842 0.000273
31.444843 0.000074
31.449844 0.000427
31.454844 0.000427
31.459845 0.000228
31.464846 0.000228
31.469847 -0.000323
31.474848 -0.000323
31.479848 0.000029
31.484849 0.000029
31.489850 -0.000169
31.494851 -0.000169
31.499851 -0.000169
31.504852 -0.000169
31.509853 -0.000720
31.514854 -0.000368
31.519854 -0.000368
31.524855 -0.000368
31.529856 -0.000919
31.534857 -0.000368
31.539858 -0.000919
31.544858 -0.000919
31.549859 -0.000919
31.554860 -0.000919
31.559861 -0.000919
31.564861 -0.000919
31.569862 -0.000368
31.574863 -0.000368
31.579864 -0.000368
31.584864 0.000183
31.589865 0.000183
31.594866 0.000183
31.599867 0.000734
31.604868 0.000734
31.609868 0.001285
31.614869 0.001285
31.619870 0.001285
31.624871 0.001285
31.629871 0.001836
31.634872 0.001836
31.639873 0.001836
31.644874 0.001836
31.649874 0.001836
31.654875 0.001836
31.659876 0.002035
31.664877 0.002035
31.669878 0.002035
31.674878 0.001484
31.679879 0.001484
31.684880 0.001484
31.689881 0.001484
31.694881 0.001131
31.699882 0.000580
31.704883 0.000580
31.709884 0.000580
31.714884 0.000228
31.719885 -0.000676
31.724886 -0.000676
31.729887 -0.000676
31.734888 -0.001028
31.739888 -0.001028
31.744889 -0.001932
31.749890 -0.002284
31.754891 -0.002284
31.759891 -0.002284
31.764892 -0.002637
31.769893 -0.002989
31.774894 -0.003342
31.779894 -0.003342
31.784895 -0.004245
31.789896 -0.004245
31.794897 -0.004245
31.799898 -0.004598
31.804898 -0.004598
31.809899 -0.004598
31.814900 -0.004598
31.819901 -0.004047
31.824901 -0.004047
31.829902 -0.004047
31.834903 -0.004047
31.839904 -0.003496
31.844904 -0.003496
31.849905 -0.002592
31.854906 -0.002592
31.859907 -0.002041
31.864908 -0.002041
31.869908 -0.001138
31.874909 -0.001138
31.879910 -0.000234
31.884911 -0.000234
31.889911 -0.000234
31.894912 0.000118
31.899913 0.000471
31.904914 0.000471
31.909915 0.000471
31.914915 0.000823
31.919916 0.000823
31.924917 0.001175
31.929918 0.001175
31.934918 0.001175
31.939919 0.001175
31.944920 0.001175
31.949921 0.000624
31.954921 0.000977
31.959922 0.001175
31.964923 0.000624
31.969924 0.000624
31.974925 0.001175
31.979925 0.001175
31.984926 0.001175
31.989927 0.000823
31.994928 0.000823
31.999928 0.000823
32.004929 0.000823
32.009930 0.000823
32.014931 0.000823
32.019931 0.000470
32.024932 0.000823
32.029933 0.000823
32.034934 0.000823
32.039935 0.000823
32.044935 0.000823
32.049936 0.000823
32.054937 0.000823
32.059938 0.000823
32.064938 0.000823
32.069939 0.000823
32.074940 0.000823
32.079941 0.000823
32.084941 0.001175
32.089942 0.000624
32.094943 0.000624
32.099944 0.000624
32.104945 0.000624
32.109945 0.000073
32.114946 0.000073
32.119947 -0.000478
32.124948 -0.000478
32.129948 -0.000677
32.134949 -0.000677
32.139950 -0.000677
32.144951 -0.000677
32.149951 -0.000677
32.154952 -0.000677
32.159953 -0.000677
32.164954 -0.000677
32.169955 -0.000677
32.174955 -0.000677
32.179956 -0.000677
32.184957 -0.000126
32.189958 0.000226
32.194958 0.000777
32.199959 0.000777
32.204960 0.001329
32.209961 0.001681
32.214961 0.002232
32.219962 0.002232
32.224963 0.002232
32.229964 0.002584
32.234965 0.003135
32.239965 0.003135
32.244966 0.003135
32.249967 0.003488
32.254968 0.003488
32.259968 0.003488
32.264969 0.003488
32.269970 0.003488
32.274971 0.003488
32.279972 0.003488
32.284972 0.003488
32.289973 0.003488
32.294974 0.003488
32.299975 0.003488
32.304975 0.002937
32.309976 0.002937
32.314977 0.002937
32.319978 0.002584
32.324978 0.002584
32.329979 0.002033
32.334980 0.002033
32.339981 0.002033
32.344982 0.002033
32.349982 0.001130
32.354983 0.001130
32.359984 0.001129
32.364985 0.001129
32.369985 0.000578
32.374986 0.001129
32.379987 0.001129
32.384988 0.000226
32.389988 0.000226
32.394989 0.000226
32.399990 0.000226
32.404991 -0.000127
32.409992 -0.000127
32.414992 -0.000127
32.419993 -0.000479
32.424994 -0.000479
32.429995 -0.001383
32.434995 -0.000832
32.439996 -0.001184
32.444997 -0.001184
32.449998 -0.002088
32.454998 -0.001536
32.459999 -0.001889
32.465000 -0.001889
0.000000 0.000000
0.005001 -0.000049
0.010002 -0.000575
0.015003 0.002463
0.020004 -0.002443
0.025005 -0.000969
0.030006 0.005026
0.035007 -0.000969
0.040008 -0.001267
0.045009 -0.000679
0.050010 0.001850
0.055011 -0.000542
0.060012 -0.002238
0.065013 0.003862
0.070014 0.001114
0.075015 -0.003307
0.080016 0.001402
0.085017 0.000252
0.090018 0.000097
0.095019 0.004332
0.100020 -0.003789
0.105021 -0.001466
0.110022 0.004284
0.115023 0.001478
0.120024 -0.004491
0.125025 0.001675
0.130026 0.001652
0.135027 -0.000988
0.140028 0.001855
0.145029 -0.003489
0.150030 0.004686
0.155031 -0.001604
0.160032 -0.001651
0.165033 0.003818
0.170034 -0.001805
0.175035 0.003742
0.180036 -0.001359
0.185037 -0.002213
0.190038 0.002631
0.195039 -0.001050
0.200040 0.002358
0.205041 0.000946
0.210042 -0.001719
0.215043 0.001085
0.220044 -0.001535
0.225045 0.000960
0.230046 0.002202
0.235047 -0.001034
0.240048 -0.001709
0.245049 0.000172
0.250050 0.000660
0.255051 0.000785
0.260052 -0.000673
0.265053 0.000885
0.270054 0.001699
0.275055 -0.003314
0.280056 0.000072
0.285057 0.000022
0.290058 0.001695
0.295059 -0.000232
0.300060 -0.001385
0.305061 0.001552
0.310062 -0.001778
0.315063 0.001526
0.320064 -0.001109
0.325065 0.000126
0.330066 0.002067
0.335067 -0.000103
0.340068 -0.001925
0.345069 -0.003241
0.350070 0.004412
0.355071 -0.000005
0.360072 -0.001466
0.365073 0.000701
0.370074 -0.001185
0.375075 0.001762
0.380076 -0.003290
0.385077 0.001112
0.390078 0.002326
0.395079 -0.002130
0.400080 0.000073
0.405081 -0.000212
0.410082 -0.000278
0.415083 0.001481
0.420084 0.001150
0.425085 -0.004853
0.430086 0.002548
0.435087 0.001680
0.440088 -0.002426
0.445089 0.002719
0.450090 -0.002006
0.455091 0.000502
0.460092 -0.000116
0.465093 -0.001284
0.470094 0.001191
0.475095 0.000212
0.480096 -0.000112
0.485097 -0.003025
0.490098 0.002585
0.495099 0.001484
0.500100 -0.002850
0.505101 0.001229
0.510102 -0.000479
0.515103 0.000513
0.520104 0.000401
0.525105 -0.001115
0.530106 -0.000047
0.535107 0.002421
0.540108 -0.001084
0.545109 -0.001822
0.550110 0.003162
0.555111 -0.000617
0.560112 -0.000658
0.565113 -0.000567
0.570114 0.000106
0.575115 0.001129
0.580116 0.001674
0.585117 -0.001502
0.590118 -0.001440
0.595119 0.001456
0.600120 -0.002146
0.605121 0.002664
0.610122 -0.001300
0.615123 -0.001857
0.620124 0.001441
0.625125 -0.000724
0.630126 0.002771
0.635127 -0.001277
0.640128 -0.000944
0.645129 0.000778
0.650130 -0.000921
0.655131 0.002513
0.660132 -0.000983
0.665133 -0.001638
0.670134 0.002702
0.675135 -0.000820
0.680136 -0.001721
0.685137 0.000720
0.690138 0.002747
0.695139 -0.003002
0.700140 -0.001462
0.705141 0.003397
0.710142 -0.000918
0.715143 -0.000301
0.720144 0.000618
0.725145 0.001568
0.730146 -0.001220
0.735147 -0.000338
0.740148 -0.001158
0.745149 0.000925
0.750150 0.000961
0.755151 -0.000396
0.760152 0.002882
0.765153 -0.004188
0.770154 0.001708
0.775155 0.002235
0.780156 -0.002890
0.785157 0.001710
0.790158 0.000886
0.795159 -0.000822
0.800160 0.000742
0.805161 0.001703
0.810162 -0.002720
0.815163 -0.000128
0.820164 0.001799
0.825165 0.000699
0.830166 -0.000499
0.835167 -0.000680
0.840168 0.002252
0.845169 -0.002466
0.850170 0.001002
0.855171 0.001021
0.860172 -0.001379
0.865173 0.001119
0.870174 -0.000739
0.875175 0.001283
0.880176 -0.001843
0.885177 0.000577
0.890178 0.001282
0.895179 -0.001224
0.900180 0.001474
0.905181 0.000084
0.910182 -0.000317
0.915183 0.000189
0.920184 -0.000677
0.925185 0.000575
0.930186 0.001484
0.935187 -0.000690
0.940188 0.002776
0.945189 -0.001705
0.950190 -0.000392
0.955191 0.002192
0.960192 -0.002952
0.965193 0.002384
0.970194 0.000671
0.975195 -0.000039
0.980196 -0.000900
0.985197 -0.000555
0.990198 0.003269
0.995199 -0.000426
1.000200 -0.002559
1.005201 0.001215
1.010202 0.001615
1.015203 -0.000108
1.020204 -0.000441
1.025205 0.000500
1.030206 0.003748
1.035207 -0.002038
1.040208 -0.002170
1.045209 0.003276
1.050210 0.002224
1.055211 -0.002383
1.060212 0.001254
1.065213 0.001213
1.070214 -0.002082
1.075215 0.004700
1.080216 -0.002858
1.085217 -0.000218
1.090218 0.003323
1.095219 -0.002903
1.100220 0.001482
1.105221 -0.000626
1.110222 -0.000444
1.115223 0.002664
1.120224 0.000727
1.125225 -0.002818
1.130226 -0.000025
1.135228 0.002240
1.140229 -0.002215
1.145230 0.001057
1.150231 0.000705
1.155232 -0.001888
1.160233 0.001435
1.165234 0.000866
1.170235 -0.001603
1.175236 0.001450
1.180237 0.001352
1.185238 -0.001358
1.190239 0.002261
1.195240 -0.001579
1.200241 -0.000765
1.205242 0.002324
1.210243 -0.000442
1.215244 0.000756
1.220245 -0.000122
1.225246 0.000322
1.230247 0.000061
1.235248 0.000412
1.240249 -0.000344
1.245250 -0.000744
1.250251 0.002149
1.255252 0.000117
1.260253 -0.000877
1.265254 0.000134
1.270255 -0.000283
1.275256 0.001998
1.280257 -0.001556
1.285258 0.001552
1.290259 0.002853
1.295260 -0.004152
1.300261 0.002185
1.305262 -0.001415
1.310263 0.000307
1.315264 0.003005
1.320265 -0.002402
1.325266 0.001533
1.330267 -0.001689
1.335268 -0.000285
1.340269 0.004035
1.345270 -0.000776
1.350271 -0.003974
1.355272 0.004339
1.360273 -0.000883
1.365274 -0.001864
1.370275 0.005772
1.375276 -0.004807
1.380277 0.001508
1.385278 0.003219
1.390279 -0.002268
1.395280 0.001825
1.400281 0.000135
1.405282 -0.002047
1.410283 0.001083
1.415284 0.001937
1.420285 -0.003247
1.425286 0.002480
1.430287 0.001246
1.435288 -0.001418
1.440289 -0.000250
1.445290 0.000221
1.450291 0.003366
1.455292 -0.003557
1.460293 0.001764
1.465294 0.001035
1.470295 -0.002672
1.475296 0.002780
1.480297 -0.001403
1.485298 0.002452
1.490299 0.000272
1.495300 -0.001302
1.500301 0.001444
1.505302 -0.001472
1.510303 0.001400
1.515304 -0.000146
1.520305 -0.001615
1.525306 0.001132
1.530307 0.002132
1.535308 -0.000335
1.540309 -0.000272
1.545310 0.000008
1.550311 -0.000086
1.555312 0.000557
1.560313 -0.001370
1.565314 0.001632
1.570315 0.001575
1.575316 -0.001624
1.580317 0.000758
1.585318 0.001116
1.590319 -0.001346
1.595320 0.003412
1.600321 -0.000992
1.605322 -0.002478
1.610323 0.004165
1.615324 -0.001353
1.620325 0.000367
1.625326 0.002173
1.630327 0.001031
1.635328 -0.002287
1.640329 -0.000741
1.645330 0.002624
1.650331 -0.001885
1.655332 0.002986
1.660333 0.001189
1.665334 -0.002660
1.670335 0.000998
1.675336 0.002105
1.680337 -0.002918
1.685338 0.000445
1.690339 0.003962
1.695340 -0.001849
1.700341 0.000662
1.705342 -0.000098
1.710343 0.001656
1.715344 -0.001213
1.720345 0.000780
1.725346 0.001338
1.730347 -0.003622
1.735348 0.004411
1.740349 -0.000863
1.745350 0.000578
1.750351 0.000855
1.755352 -0.001848
1.760353 0.002323
1.765354 -0.002275
1.770355 0.002490
1.775356 0.001299
1.780357 -0.001665
1.785358 0.001098
1.790359 0.000200
1.795360 -0.001208
1.800361 -0.000292
1.805362 0.002383
1.810363 -0.002647
1.815364 0.003342
1.820365 -0.000656
1.825366 -0.002571
1.830367 0.005387
1.835368 -0.003508
1.840369 -0.000121
1.845370 0.000371
1.850371 0.001772
1.855372 -0.000616
1.860373 -0.001102
1.865374 0.003350
1.870375 -0.003887
1.875376 0.003749
1.880377 0.000897
1.885378 -0.002938
1.890379 0.003195
1.895380 0.000350
1.900381 -0.002508
1.905382 0.002260
1.910383 0.001102
1.915384 -0.002303
1.920385 0.003423
1.925386 -0.003619
1.930387 0.000215
1.935388 0.002816
1.940389 -0.004576
1.945390 0.002647
1.950391 0.002120
1.955392 -0.002832
1.960393 0.000669
1.965394 0.000629
1.970395 -0.000243
1.975396 0.001568
1.980397 -0.001590
1.985398 0.001273
1.990399 -0.000238
1.995400 0.000845
2.000401 -0.000368
2.005402 -0.000740
2.010403 0.004726
2.015404 -0.002992
2.020405 0.001973
2.025406 -0.001562
2.030407 -0.000785
2.035408 0.003934
2.040409 -0.003353
2.045410 0.000771
2.050411 -0.000486
2.055412 0.001227
2.060413 0.000055
2.065414 -0.002019
2.070415 0.002668
2.075416 -0.001254
2.080417 -0.001789
2.085418 0.002545
2.090419 0.000417
2.095420 -0.001091
2.100421 -0.000290
2.105422 0.000869
2.110423 0.002453
2.115424 0.000090
2.120425 -0.001702
2.125426 -0.001875
2.130427 0.003444
2.135428 0.000087
2.140429 -0.002481
2.145430 0.002985
2.150431 -0.001931
2.155432 -0.000267
2.160433 -0.001091
2.165434 0.001700
2.170435 0.001635
2.175436 -0.003386
2.180437 0.002223
2.185438 -0.002273
2.190439 0.000606
2.195440 0.000720
2.200441 -0.002890
2.205442 0.002643
2.210443 0.000260
2.215444 0.001365
2.220445 -0.001934
2.225446 -0.000693
2.230447 0.003814
2.235448 -0.003861
2.240449 0.002942
2.245450 0.000747
2.250451 -0.002714
2.255452 0.005066
2.260453 -0.004398
2.265454 -0.001458
2.270455 0.002296
2.275456 0.000968
2.280457 -0.000010
2.285458 -0.004306
2.290459 0.003765
2.295460 0.000519
2.300461 -0.001047
2.305462 0.001225
2.310463 -0.002988
2.315464 0.001592
2.320465 -0.000043
2.325466 -0.001952
2.330467 0.003499
2.335468 -0.002946
2.340469 -0.002773
2.345470 0.003601
2.350471 -0.001990
2.355472 -0.000178
2.360473 0.001186
2.365474 -0.001360
2.370475 -0.001578
2.375476 0.001674
2.380477 0.000781
2.385478 -0.001895
2.390479 0.000299
2.395480 -0.000594
2.400481 0.000091
2.405482 -0.003422
2.410483 0.001353
2.415484 0.004007
2.420485 -0.003058
2.425486 -0.001803
2.430487 0.002658
2.435488 -0.000370
2.440489 -0.001303
2.445490 0.001425
2.450491 -0.003352
2.455492 0.002353
2.460493 0.001888
2.465494 -0.002849
2.470495 0.001450
2.475496 -0.000244
2.480497 -0.000698
2.485498 0.000145
2.490499 0.000197
2.495500 0.000256
2.500501 -0.000079
2.505502 -0.001064
2.510503 0.000241
2.515504 0.000532
2.520505 -0.001937
2.525506 0.000591
2.530507 0.000775
2.535508 0.000416
2.540509 -0.000231
2.545510 -0.001923
2.550511 0.004793
2.555512 -0.001960
2.560513 -0.001541
2.565514 0.004500
2.570515 -0.003820
2.575516 -0.000216
2.580517 0.003000
2.585518 0.001852
2.590519 -0.002500
2.595520 0.001781
2.600521 0.000527
2.605522 -0.002928
2.610523 0.004644
2.615524 -0.002276
2.620525 0.000320
2.625526 0.002721
2.630527 -0.002771
2.635528 0.001558
2.640529 0.001363
2.645530 -0.002152
2.650531 0.001160
2.655532 0.001275
2.660533 -0.002345
2.665534 0.001360
2.670535 0.002540
2.675536 0.001051
2.680537 -0.001430
2.685538 -0.001277
2.690539 0.002558
2.695540 -0.000562
2.700541 -0.000297
2.705542 0.000107
2.710543 0.000773
2.715544 0.001243
2.720545 -0.002526
2.725546 0.002761
2.730547 -0.000086
2.735548 -0.001011
2.740549 0.001497
2.745550 -0.002483
2.750551 0.002141
2.755552 -0.000840
2.760553 0.000151
2.765554 0.001071
2.770555 0.000025
2.775556 0.000798
2.780557 -0.003225
2.785558 0.001803
2.790559 -0.001305
2.795560 0.001104
2.800561 0.001625
2.805562 -0.001000
2.810563 0.000942
2.815564 -0.001927
2.820565 0.003176
2.825566 -0.003049
2.830567 -0.000468
2.835568 0.005593
2.840569 -0.003115
2.845570 -0.001196
2.850571 0.001857
2.855572 0.000810
2.860573 -0.001006
2.865574 -0.000004
2.870575 0.001372
2.875576 -0.001262
2.880577 0.001215
2.885578 0.000406
2.890579 -0.001053
2.895580 -0.000477
2.900581 -0.000162
2.905582 0.002098
2.910583 -0.000602
2.915584 0.001847
2.920585 -0.000565
2.925586 -0.003445
2.930587 0.003928
2.935588 0.001002
2.940589 -0.002856
2.945590 0.000593
2.950591 0.002821
2.955592 -0.000875
2.960593 -0.002150
2.965594 0.002572
2.970595 -0.001127
2.975596 0.000262
2.980597 0.000112
2.985598 -0.002492
2.990599 0.002572
2.995600 -0.000438
3.000601 0.002837
3.005602 0.000228
3.010603 -0.003091
3.015604 0.004443
3.020605 -0.001319
3.025606 -0.000107
3.030607 0.002786
3.035608 -0.002112
3.040609 0.000558
3.045610 0.000060
3.050611 0.000122
3.055612 0.002321
3.060613 -0.000418
3.065614 -0.000881
3.070615 0.003559
3.075616 -0.001974
3.080617 -0.000925
3.085618 0.005312
3.090619 -0.002486
3.095620 0.002641
3.100621 -0.001391
3.105622 -0.002781
3.110623 0.006485
3.115624 -0.000995
3.120625 -0.000868
3.125626 0.001107
3.130627 -0.000589
3.135628 0.002588
3.140629 -0.000588
3.145630 -0.004183
3.150631 0.006398
3.155632 -0.000392
3.160633 -0.004592
3.165634 0.005318
3.170635 -0.000412
3.175636 -0.000958
3.180637 -0.000320
3.185638 0.001949
3.190639 0.001348
3.195640 -0.002481
3.200641 0.000634
3.205642 0.000767
3.210643 0.000210
3.215644 0.000749
3.220645 -0.001573
3.225646 -0.000423
3.230647 0.000497
3.235648 0.000081
3.240649 0.001271
3.245650 -0.000989
3.250651 0.001606
3.255652 -0.000224
3.260653 -0.001213
3.265654 0.001132
3.270655 0.002012
3.275656 0.000212
3.280657 -0.001947
3.285658 0.003163
3.290659 -0.000441
3.295660 0.000431
3.300661 -0.000594
3.305662 -0.002104
3.310663 0.003752
3.315664 -0.000557
3.320665 0.000515
3.325666 0.000644
3.330667 -0.001353
3.335668 0.003305
3.340669 -0.001294
3.345670 -0.000197
3.350671 0.001463
3.355672 -0.001311
3.360673 0.002977
3.365674 -0.001096
3.370675 0.001778
3.375676 0.001903
3.380677 -0.003733
3.385678 0.002714
3.390679 0.002503
3.395680 -0.001869
3.400681 0.000296
3.405683 0.001000
3.410684 -0.000748
3.415685 0.001233
3.420686 0.001420
3.425687 -0.002247
3.430688 0.001275
3.435689 0.002759
3.440690 -0.003195
3.445691 0.002966
3.450692 0.001106
3.455693 -0.001925
3.460694 0.001368
3.465695 -0.000395
3.470696 0.004038
3.475697 -0.001794
3.480698 0.000090
3.485699 0.000108
3.490700 0.001001
3.495701 0.002986
3.500702 -0.006793
3.505703 0.003565
3.510704 0.000388
3.515705 -0.000316
3.520706 0.003824
3.525707 -0.004096
3.530708 0.003862
3.535709 0.000358
3.540710 -0.002006
3.545711 0.000745
3.550712 0.000314
3.555713 0.002781
3.560714 -0.002115
3.565715 0.003621
3.570716 0.001081
3.575717 -0.003760
3.580718 0.002207
3.585719 0.002355
3.590720 0.001913
3.595721 -0.004978
3.600722 0.002975
3.605723 0.003138
3.610724 -0.003887
3.615725 0.002518
3.620726 -0.000584
3.625727 0.001130
3.630728 0.000352
3.635729 0.000743
3.640730 0.000529
3.645731 -0.001056
3.650732 0.001436
3.655733 0.000625
3.660734 0.001267
3.665735 0.000121
3.670736 0.002011
3.675737 -0.001894
3.680738 -0.001368
3.685739 0.002947
3.690740 0.000384
3.695741 -0.000850
3.700742 0.000866
3.705743 0.000607
3.710744 -0.001757
3.715745 0.003914
3.720746 -0.001999
3.725747 0.000145
3.730748 0.003724
3.735749 -0.002337
3.740750 0.002172
3.745751 -0.002321
3.750752 0.002114
3.755753 0.001222
3.760754 -0.002023
3.765755 0.002247
3.770756 0.000426
3.775757 0.000833
3.780758 -0.003666
3.785759 0.002309
3.790760 0.001899
3.795761 -0.001905
3.800762 0.002062
3.805763 -0.001532
3.810764 0.001861
3.815765 0.001017
3.820766 -0.001764
3.825767 0.001050
3.830768 -0.000026
3.835769 0.002136
3.840770 -0.000459
3.845771 -0.001314
3.850772 0.002187
3.855773 -0.001351
3.860774 0.001615
3.865775 0.000822
3.870776 -0.002162
3.875777 0.001940
3.880778 -0.001186
3.885779 0.000422
3.890780 0.001972
3.895781 -0.000536
3.900782 -0.001580
3.905783 0.000188
3.910784 0.003210
3.915785 -0.003451
3.920786 0.001259
3.925787 0.000811
3.930788 -0.001115
3.935789 0.005183
3.940790 -0.004099
3.945791 -0.000593
3.950792 0.002351
3.955793 -0.001027
3.960794 0.000651
3.965795 0.000965
3.970796 -0.001291
3.975797 -0.000293
3.980798 0.002534
3.985799 -0.002551
3.990800 0.001777
3.995801 0.000817
4.000802 -0.001345
4.005803 -0.000386
4.010804 0.001021
4.015805 0.002035
4.020806 -0.002526
4.025807 0.001195
4.030808 0.001385
4.035809 -0.000591
4.040810 -0.001083
4.045811 0.000283
4.050812 0.000860
4.055813 -0.000430
4.060814 0.001136
4.065815 -0.001134
4.070816 -0.000481
4.075817 0.001528
4.080818 -0.000171
4.085819 0.000045
4.090820 -0.000032
4.095821 0.001072
4.100822 -0.001134
4.105823 -0.002360
4.110824 0.002527
4.115825 0.001828
4.120826 -0.002372
4.125827 -0.000232
4.130828 0.001521
4.135829 -0.000861
4.140830 0.003291
4.145831 -0.001582
4.150832 -0.002331
4.155833 0.004641
4.160834 -0.000207
4.165835 0.000305
4.170836 -0.000002
4.175837 -0.002117
4.180838 0.001859
4.185839 0.001597
4.190840 -0.001402
4.195841 0.002141
4.200842 -0.000833
4.205843 -0.001557
4.210844 0.003574
4.215845 -0.001050
4.220846 -0.001532
4.225847 0.000946
4.230848 0.001862
4.235849 -0.000910
4.240850 -0.000290
4.245851 0.001508
4.250852 -0.000162
4.255853 -0.000094
4.260854 -0.000607
4.265855 0.000346
4.270856 -0.002085
4.275857 0.002076
4.280858 0.001760
4.285859 -0.003157
4.290860 0.003286
4.295861 0.000609
4.300862 -0.002102
4.305863 0.001580
4.310864 -0.000597
4.315865 0.001519
4.320866 -0.000111
4.325867 -0.001008
4.330868 0.002085
4.335869 -0.000624
4.340870 -0.000204
4.345871 -0.000661
4.350872 0.002097
4.355873 0.001694
4.360874 -0.001599
4.365875 0.000081
4.370876 0.001879
4.375877 0.000070
4.380878 -0.002947
4.385879 0.003751
4.390880 0.002084
4.395881 -0.002782
4.400882 0.001589
4.405883 0.001798
4.410884 -0.001935
4.415885 0.001430
4.420886 0.001410
4.425887 -0.000712
4.430888 0.002523
4.435889 -0.000601
4.440890 -0.000288
4.445891 -0.000387
4.450892 0.001876
4.455893 0.001889
4.460894 -0.002862
4.465895 0.000296
4.470896 0.002427
4.475897 0.000104
4.480898 -0.000632
4.485899 0.000311
4.490900 -0.000711
4.495901 0.001510
4.500902 -0.001101
4.505903 0.000222
4.510904 0.001371
4.515905 -0.000449
4.520906 0.001679
4.525907 -0.002026
4.530908 0.002232
4.535909 0.001546
4.540910 -0.000272
4.545911 0.000407
4.550912 -0.002807
4.555913 0.002108
4.560914 0.000685
4.565915 -0.000716
4.570916 0.001442
4.575917 -0.001845
4.580918 -0.000460
4.585919 0.002170
4.590920 0.000795
4.595921 -0.000454
4.600922 0.000472
4.605923 0.000708
4.610924 -0.000610
4.615925 0.004741
4.620926 -0.003138
4.625927 -0.002941
4.630928 0.004894
4.635929 -0.002163
4.640930 0.003245
4.645931 -0.000383
4.650932 0.002057
4.655933 0.001043
4.660934 -0.000974
4.665935 0.006846
4.670936 -0.002867
4.675937 -0.001064
4.680938 -0.002432
4.685939 0.002989
4.690940 0.003177
4.695941 -0.004300
4.700942 0.003502
4.705943 -0.002414
4.710944 -0.000762
4.715945 0.003358
4.720946 0.000574
4.725947 0.001381
4.730948 0.001109
4.735949 0.000225
4.740950 -0.001431
4.745951 0.000854
4.750952 0.001244
4.755953 -0.001337
4.760954 -0.001236
4.765955 0.002018
4.770956 0.001967
4.775957 -0.000519
4.780958 0.001358
4.785959 -0.000141
4.790960 -0.001454
4.795961 0.002858
4.800962 -0.001613
4.805963 -0.001788
4.810964 0.002626
4.815965 -0.001964
4.820966 0.000689
4.825967 0.002202
4.830968 -0.001280
4.835969 0.001083
4.840970 0.000858
4.845971 -0.001351
4.850972 -0.003416
4.855973 0.000071
4.860974 0.002305
4.865975 -0.004476
4.870976 -0.005221
4.875977 -0.000510
4.880978 0.001185
4.885979 0.004042
4.890980 0.009306
4.895981 0.005583
4.900982 0.004880
4.905983 0.004740
4.910984 0.006884
4.915985 0.010022
4.920986 0.004305
4.925987 0.005230
4.930988 -0.003310
4.935989 -0.009146
4.940990 -0.011720
4.945991 -0.011147
4.950992 -0.001172
4.955993 -0.005714
4.960994 -0.006151
4.965995 -0.003109
4.970996 -0.004728
4.975997 0.003098
4.980998 0.009618
4.985999 0.014772
4.991000 0.016816
4.996001 0.008649
5.001002 0.007906
5.006003 0.005019
5.011004 0.004539
5.016005 -0.000245
5.021006 -0.006439
5.026007 -0.003902
5.031008 -0.012994
5.036009 -0.006182
5.041010 -0.000893
5.046011 -0.002061
5.051012 -0.006740
5.056013 -0.020378
5.061014 -0.019900
5.066015 -0.013390
5.071016 0.000856
5.076017 0.003270
5.081018 0.006613
5.086019 0.014762
5.091020 0.007997
5.096021 0.009164
5.101022 0.012191
5.106023 0.011348
5.111024 0.002002
5.116025 -0.012006
5.121026 -0.008922
5.126027 0.003120
5.131028 0.008036
5.136029 0.000995
5.141030 -0.007028
5.146031 -0.011116
5.151032 -0.015385
5.156033 -0.005424
5.161034 0.013558
5.166035 0.029557
5.171036 0.037169
5.176037 0.020467
5.181038 -0.000443
5.186039 -0.015391
5.191040 -0.008129
5.196041 0.021082
5.201042 0.023782
5.206043 0.002283
5.211044 -0.028334
5.216045 -0.049882
5.221046 -0.046373
5.226047 -0.013618
5.231048 0.027859
5.236049 0.032812
5.241050 0.011873
5.246051 -0.005600
5.251052 -0.008577
5.256053 0.009211
5.261054 0.032775
5.266055 0.036518
5.271056 0.017028
5.276057 -0.019894
5.281058 -0.052495
5.286059 -0.046711
5.291060 -0.000006
5.296061 0.042161
5.301062 0.027780
5.306063 -0.012795
5.311064 -0.033774
5.316065 -0.031895
5.321066 -0.004985
5.326067 0.014546
5.331068 0.009382
5.336069 -0.010238
5.341070 -0.036580
5.346071 -0.036149
5.351072 -0.014155
5.356073 0.016452
5.361074 0.038396
5.366075 0.014055
5.371076 -0.016406
5.376077 -0.014666
5.381078 0.018042
5.386079 0.060038
5.391080 0.058547
5.396081 0.018051
5.401082 -0.011584
5.406083 -0.001691
5.411084 0.028971
5.416085 0.037178
5.421086 0.013916
5.426087 -0.017563
5.431088 -0.040356
5.436089 -0.036275
5.441090 -0.006061
5.446091 0.004742
5.451092 -0.010289
5.456093 -0.031489
5.461094 -0.054095
5.466095 -0.043621
5.471096 -0.009543
5.476097 0.010119
5.481098 0.021270
5.486099 0.013699
5.491100 0.000099
5.496101 0.000874
5.501102 0.020108
5.506103 0.055868
5.511104 0.058079
5.516105 0.024478
5.521106 -0.015663
5.526107 -0.026451
5.531108 -0.014470
5.536109 -0.024428
5.541110 -0.032970
5.546111 -0.043763
5.551112 -0.043904
5.556113 -0.026260
5.561114 -0.003837
5.566115 0.021042
5.571116 0.031318
5.576117 0.028194
5.581118 0.023053
5.586119 0.034838
5.591120 0.041776
5.596121 0.035385
5.601122 -0.001562
5.606123 -0.036719
5.611124 -0.033230
5.616125 -0.014788
5.621126 0.005889
5.626127 0.001446
5.631128 -0.014912
5.636129 -0.028032
5.641130 -0.015161
5.646131 0.007004
5.651132 0.028875
5.656133 0.036175
5.661134 0.005252
5.666135 -0.009184
5.671137 -0.006673
5.676138 0.001319
5.681139 -0.000649
5.686140 -0.004046
5.691141 -0.003757
5.696142 -0.013364
5.701143 -0.009012
5.706144 -0.007223
5.711145 0.002246
5.716146 0.016463
5.721147 0.012274
5.726148 0.007380
5.731149 0.004527
5.736150 0.003677
5.741151 0.000355
5.746152 -0.007189
5.751153 -0.010240
5.756154 -0.021287
5.761155 -0.032598
5.766156 -0.022288
5.771157 -0.013211
5.776158 -0.007196
5.781159 0.001647
5.786160 0.003126
5.791161 0.011278
5.796162 0.013076
5.801163 0.023466
5.806164 0.047120
5.811165 0.040851
5.816166 0.025846
5.821167 0.021369
5.826168 0.034406
5.831169 0.049326
5.836170 0.040051
5.841171 0.021798
5.846172 -0.010649
5.851173 -0.036345
5.856174 -0.058272
5.861175 -0.086908
5.866176 -0.094164
5.871177 -0.080684
5.876178 -0.044274
5.881179 -0.004790
5.886180 0.015074
5.891181 0.020956
5.896182 0.029385
5.901183 0.037414
5.906184 0.050858
5.911185 0.066728
5.916186 0.054909
5.921187 0.028813
5.926188 0.003563
5.931189 -0.005686
5.936190 -0.011036
5.941191 -0.017113
5.946192 -0.013783
5.951193 -0.013335
5.956194 -0.015880
5.961195 -0.030405
5.966196 -0.037056
5.971197 -0.025371
5.976198 -0.009265
5.981199 0.001208
5.986200 0.000409
5.991201 -0.010875
5.996202 -0.021828
6.001203 -0.011425
6.006204 0.011282
6.011205 0.034411
6.016206 0.043470
6.021207 0.034660
6.026208 0.019492
6.031209 0.009853
6.036210 0.012888
6.041211 0.017286
6.046212 0.027394
6.051213 0.019881
6.056214 0.000000
6.061215 -0.002166
6.066216 -0.006998
6.071217 -0.014540
6.076218 -0.026788
6.081219 -0.037465
6.086220 -0.047985
6.091221 -0.060529
6.096222 -0.054047
6.101223 -0.024159
6.106224 0.022826
6.111225 0.053662
6.116226 0.060677
6.121227 0.045566
6.126228 0.023677
6.131229 0.018906
6.136230 0.026582
6.141231 0.038129
6.146232 0.023269
6.151233 -0.021325
6.156234 -0.061083
6.161235 -0.069710
6.166236 -0.043574
6.171237 -0.013454
6.176238 0.001528
6.181239 0.006590
6.186240 -0.004276
6.191241 -0.003813
6.196242 0.012691
6.201243 0.031499
6.206244 0.035033
6.211245 0.007282
6.216246 -0.013868
6.221247 -0.024847
6.226248 -0.024344
6.231249 -0.019485
6.236250 0.001772
6.241251 0.030013
6.246252 0.032258
6.251253 0.033841
6.256254 0.033714
6.261255 0.041783
6.266256 0.036140
6.271257 0.006384
6.276258 -0.015059
6.281259 -0.023424
6.286260 -0.029654
6.291261 -0.032528
6.296262 -0.028175
6.301263 -0.034358
6.306264 -0.039699
6.311265 -0.043445
6.316266 -0.028385
6.321267 0.003621
6.326268 0.032946
6.331269 0.054554
6.336270 0.045302
6.341271 0.028211
6.346272 0.020880
6.351273 0.027977
6.356274 0.036625
6.361275 0.032109
6.366276 0.018601
6.371277 -0.005366
6.376278 -0.033441
6.381279 -0.050190
6.386280 -0.040204
6.391281 -0.022570
6.396282 -0.008397
6.401283 -0.002129
6.406284 -0.004944
6.411285 -0.007454
6.416286 -0.007282
6.421287 0.008604
6.426288 0.028496
6.431289 0.035363
6.436290 0.017490
6.441291 -0.018015
6.446292 -0.037824
6.451293 -0.038507
6.456294 -0.031642
6.461295 -0.015709
6.466296 0.008295
6.471297 0.025992
6.476298 0.044354
6.481299 0.046498
6.486300 0.037931
6.491301 0.041519
6.496302 0.030306
6.501303 0.019156
6.506304 0.001468
6.511305 -0.017807
6.516306 -0.025543
6.521307 -0.036659
6.526308 -0.030537
6.531309 -0.023076
6.536310 -0.018084
6.541311 0.002768
6.546312 0.032041
6.551313 0.041931
6.556314 0.028579
6.561315 0.014503
6.566316 0.004325
6.571317 0.012664
6.576318 0.021732
6.581319 0.008463
6.586320 -0.020543
6.591321 -0.040814
6.596322 -0.034816
6.601323 -0.015365
6.606324 0.007314
6.611325 0.003109
6.616326 -0.014447
6.621327 -0.013201
6.626328 0.001381
6.631329 0.039725
6.636330 0.071464
6.641331 0.082048
6.646332 0.068898
6.651333 0.031693
6.656334 0.011995
6.661335 -0.001313
6.666336 -0.013649
6.671337 -0.032941
6.676338 -0.065272
6.681339 -0.086156
6.686340 -0.088891
6.691341 -0.074023
6.696342 -0.051215
6.701343 -0.029471
6.706344 -0.022921
6.711345 -0.018906
6.716346 0.001640
6.721347 0.023181
6.726348 0.035386
6.731349 0.038981
6.736350 0.038253
6.741351 0.042234
6.746352 0.046502
6.751353 0.044812
6.756354 0.026325
6.761355 0.005953
6.766356 0.000515
6.771357 -0.000513
6.776358 0.014843
6.781359 0.016222
6.786360 0.000868
6.791361 0.001813
6.796362 -0.005383
6.801363 -0.014879
6.806364 -0.025114
6.811365 -0.031241
6.816366 -0.027721
6.821367 -0.030488
6.826368 -0.020265
6.831369 -0.009622
6.836370 -0.000980
6.841371 0.002552
6.846372 -0.006310
6.851373 -0.003084
6.856374 0.004779
6.861375 0.027243
6.866376 0.047725
6.871377 0.037603
6.876378 0.022411
6.881379 0.011341
6.886380 0.010210
6.891381 0.018369
6.896382 0.009370
6.901383 0.000638
6.906384 -0.003727
6.911385 -0.015340
6.916386 -0.010646
6.921387 -0.020479
6.926388 -0.045538
6.931389 -0.074721
6.936390 -0.099487
6.941391 -0.085042
6.946392 -0.053916
6.951393 -0.015378
6.956394 0.001796
6.961395 0.001334
6.966396 0.009135
6.971397 0.014003
6.976398 0.027169
6.981399 0.024920
6.986400 0.001078
6.991401 -0.038820
6.996402 -0.076025
7.001403 -0.093498
7.006404 -0.099327
7.011405 -0.098794
7.016406 -0.133984
7.021407 -0.180797
7.026408 -0.220002
7.031409 -0.247105
7.036410 -0.248675
7.041411 -0.251714
7.046412 -0.260892
7.051413 -0.301460
7.056414 -0.343851
7.061415 -0.358231
7.066416 -0.346643
7.071417 -0.308792
7.076418 -0.265183
7.081419 -0.214774
7.086420 -0.164239
7.091421 -0.095129
7.096422 -0.006863
7.101423 0.106622
7.106424 0.216209
7.111425 0.279273
7.116426 0.321967
7.121427 0.344424
7.126428 0.390866
7.131429 0.448605
7.136430 0.491651
7.141431 0.518000
7.146432 0.484913
7.151433 0.426353
7.156434 0.354867
7.161435 0.284332
7.166436 0.202189
7.171437 0.105471
7.176438 0.007339
7.181439 -0.102338
7.186440 -0.165070
7.191441 -0.194095
7.196442 -0.193727
7.201443 -0.159711
7.206444 -0.131434
7.211445 -0.102080
7.216446 -0.066345
7.221447 -0.020748
7.226448 0.042898
7.231449 0.123899
7.236450 0.201374
7.241451 0.278655
7.246452 0.336667
7.251453 0.367535
7.256454 0.388110
7.261455 0.382108
7.266456 0.354302
7.271457 0.293485
7.276458 0.205313
7.281459 0.095485
7.286460 -0.035406
7.291461 -0.170393
7.296462 -0.297993
7.301463 -0.389260
7.306464 -0.437787
7.311465 -0.429107
7.316466 -0.380569
7.321467 -0.306803
7.326468 -0.211750
7.331469 -0.143527
7.336470 -0.078962
7.341471 -0.016166
7.346472 0.040249
7.351473 0.101086
7.356474 0.139272
7.361475 0.166232
7.366476 0.173352
7.371477 0.158542
7.376478 0.136022
7.381479 0.107390
7.386480 0.076045
7.391481 0.037540
7.396482 -0.012099
7.401483 -0.071603
7.406484 -0.116194
7.411485 -0.141159
7.416486 -0.157578
7.421487 -0.161465
7.426488 -0.163375
7.431489 -0.158170
7.436490 -0.136831
7.441491 -0.100694
7.446492 -0.055328
7.451493 -0.016384
7.456494 0.017098
7.461495 0.040826
7.466496 0.059029
7.471497 0.080936
7.476498 0.103119
7.481499 0.120665
7.486500 0.125653
7.491501 0.120908
7.496502 0.099836
7.501503 0.069267
7.506504 0.033040
7.511505 -0.013544
7.516506 -0.059392
7.521507 -0.097317
7.526508 -0.107529
7.531509 -0.100757
7.536510 -0.082226
7.541511 -0.053491
7.546512 -0.034799
7.551513 -0.012037
7.556514 0.018530
7.561515 0.037603
7.566516 0.057306
7.571517 0.081279
7.576518 0.095463
7.581519 0.114689
7.586520 0.117817
7.591521 0.119811
7.596522 0.119212
7.601523 0.103035
7.606524 0.091069
7.611525 0.052015
7.616526 0.017113
7.621527 -0.020371
7.626528 -0.059641
7.631529 -0.073408
7.636530 -0.091955
7.641531 -0.092280
7.646532 -0.072245
7.651533 -0.031478
7.656534 0.007502
7.661535 0.027114
7.666536 0.044359
7.671537 0.032619
7.676538 0.022868
7.681539 0.026128
7.686540 0.041373
7.691541 0.071982
7.696542 0.078777
7.701543 0.073745
7.706544 0.051772
7.711545 0.010484
7.716546 -0.032403
7.721547 -0.069402
7.726548 -0.093089
7.731549 -0.107044
7.736550 -0.116707
7.741551 -0.125359
7.746552 -0.127565
7.751553 -0.145398
7.756554 -0.173423
7.761555 -0.193313
7.766556 -0.206662
7.771557 -0.204251
7.776558 -0.187292
7.781559 -0.152601
7.786560 -0.111971
7.791561 -0.087645
7.796562 -0.053487
7.801563 0.000539
7.806564 0.056031
7.811565 0.124849
7.816566 0.180166
7.821567 0.228212
7.826568 0.268428
7.831569 0.275371
7.836570 0.261225
7.841571 0.221759
7.846572 0.173234
7.851573 0.102853
7.856574 0.028982
7.861575 -0.032732
7.866576 -0.082613
7.871577 -0.111686
7.876578 -0.137092
7.881579 -0.142784
7.886580 -0.145580
7.891581 -0.149107
7.896582 -0.146727
7.901583 -0.141036
7.906584 -0.123322
7.911585 -0.102953
7.916586 -0.092314
7.921587 -0.086800
7.926588 -0.076449
7.931589 -0.067743
7.936590 -0.048263
7.941592 -0.015647
7.946593 0.034724
7.951594 0.095773
7.956595 0.145939
7.961596 0.189396
7.966597 0.216805
7.971598 0.227971
7.976599 0.225130
7.981600 0.207262
7.986601 0.178994
7.991602 0.134529
7.996603 0.086533
8.001604 0.040560
8.006605 -0.009512
8.011606 -0.043590
8.016607 -0.070926
8.021608 -0.092338
8.026609 -0.097648
8.031610 -0.113583
8.036611 -0.120486
8.041612 -0.131877
8.046613 -0.142214
8.051614 -0.132818
8.056615 -0.130987
8.061616 -0.094211
8.066617 -0.047676
8.071618 -0.000709
8.076619 0.052432
8.081620 0.084702
8.086621 0.113181
8.091622 0.115552
8.096623 0.110026
8.101624 0.095815
8.106625 0.083092
8.111626 0.091035
8.116627 0.104020
8.121628 0.134180
8.126629 0.151719
8.131630 0.159063
8.136631 0.153715
8.141632 0.131947
8.146633 0.103815
8.151634 0.069151
8.156635 0.047445
8.161636 0.020534
8.166637 0.003034
8.171638 -0.010613
8.176639 -0.032511
8.181640 -0.049878
8.186641 -0.073146
8.191642 -0.090920
8.196643 -0.108422
8.201644 -0.117178
8.206645 -0.118558
8.211646 -0.121268
8.216647 -0.118305
8.221648 -0.106488
8.226649 -0.091177
8.231650 -0.080704
8.236651 -0.065660
8.241652 -0.047276
8.246653 -0.026985
8.251654 -0.013486
8.256655 0.005532
8.261656 0.017506
8.266657 0.024592
8.271658 0.033901
8.276659 0.022316
8.281660 0.011503
8.286661 -0.007749
8.291662 -0.033701
8.296663 -0.065181
8.301664 -0.101625
8.306665 -0.139192
8.311666 -0.173128
8.316667 -0.188381
8.321668 -0.199757
8.326669 -0.193910
8.331670 -0.178929
8.336671 -0.163605
8.341672 -0.145605
8.346673 -0.129860
8.351674 -0.121029
8.356675 -0.130756
8.361676 -0.130673
8.366677 -0.115922
8.371678 -0.084253
8.376679 -0.021873
8.381680 0.048717
8.386681 0.118758
8.391682 0.171426
8.396683 0.207834
8.401684 0.242243
8.406685 0.259136
8.411686 0.266235
8.416687 0.264806
8.421688 0.241691
8.426689 0.214866
8.431690 0.185420
8.436691 0.138647
8.441692 0.101765
8.446693 0.072288
8.451694 0.035809
8.456695 0.005626
8.461696 -0.022552
8.466697 -0.044661
8.471698 -0.063240
8.476699 -0.080343
8.481700 -0.083351
8.486701 -0.069326
8.491702 -0.054269
8.496703 -0.038758
8.501704 -0.013430
8.506705 0.010239
8.511706 0.034774
8.516707 0.055757
8.521708 0.069353
8.526709 0.075630
8.531710 0.083940
8.536711 0.092908
8.541712 0.087408
8.546713 0.086338
8.551714 0.078152
8.556715 0.062943
8.561716 0.041628
8.566717 0.002961
8.571718 -0.033280
8.576719 -0.076850
8.581720 -0.115254
8.586721 -0.144936
8.591722 -0.173263
8.596723 -0.183950
8.601724 -0.180209
8.606725 -0.161320
8.611726 -0.139950
8.616727 -0.114575
8.621728 -0.093532
8.626729 -0.081953
8.631730 -0.065190
8.636731 -0.046355
8.641732 -0.017120
8.646733 0.005023
8.651734 0.023448
8.656735 0.050137
8.661736 0.077163
8.666737 0.108368
8.671738 0.136593
8.676739 0.158630
8.681740 0.165136
8.686741 0.164480
8.691742 0.153120
8.696743 0.130797
8.701744 0.118338
8.706745 0.101225
8.711746 0.085547
8.716747 0.065845
8.721748 0.042459
8.726749 0.021987
8.731750 -0.001745
8.736751 -0.016831
8.741752 -0.032794
8.746753 -0.046506
8.751754 -0.069842
8.756755 -0.086275
8.761756 -0.084832
8.766757 -0.086602
8.771758 -0.074140
8.776759 -0.053493
8.781760 -0.026652
8.786761 0.003248
8.791762 0.032773
8.796763 0.058242
8.801764 0.075456
8.806765 0.084265
8.811766 0.068140
8.816767 0.039690
8.821768 -0.004667
8.826769 -0.053906
8.831770 -0.088144
8.836771 -0.115552
8.841772 -0.116553
8.846773 -0.094907
8.851774 -0.059127
8.856775 -0.017117
8.861776 0.010814
8.866777 0.029256
8.871778 0.038078
8.876779 0.039017
8.881780 0.033345
8.886781 0.032139
8.891782 0.032177
8.896783 0.025328
8.901784 0.021573
8.906785 0.015789
8.911786 0.015988
8.916787 0.010600
8.921788 0.011306
8.926789 0.019530
8.931790 0.018374
8.936791 0.023020
8.941792 0.023482
8.946793 0.022908
8.951794 0.013561
8.956795 -0.003887
8.961796 -0.024998
8.966797 -0.045824
8.971798 -0.054924
8.976799 -0.062685
8.981800 -0.052423
8.986801 -0.042002
8.991802 -0.033215
8.996803 -0.016534
9.001804 -0.007426
9.006805 0.023242
9.011806 0.055773
9.016807 0.078759
9.021808 0.099287
9.026809 0.107936
9.031810 0.110964
9.036811 0.099684
9.041812 0.089078
9.046813 0.063596
9.051814 0.030049
9.056815 0.004568
9.061816 -0.022040
9.066817 -0.038771
9.071818 -0.046319
9.076819 -0.042434
9.081820 -0.048789
9.086821 -0.036747
9.091822 -0.014684
9.096823 -0.010564
9.101824 -0.002976
9.106825 0.001392
9.111826 0.012255
9.116827 0.012106
9.121828 0.009212
9.126829 -0.004890
9.131830 -0.023235
9.136831 -0.029782
9.141832 -0.049474
9.146833 -0.044547
9.151834 -0.047597
9.156835 -0.062350
9.161836 -0.056142
9.166837 -0.059972
9.171838 -0.052840
9.176839 -0.039924
9.181840 -0.026696
9.186841 -0.006752
9.191842 0.010699
9.196843 0.025275
9.201844 0.015731
9.206845 -0.002086
9.211846 -0.029211
9.216847 -0.059510
9.221848 -0.084214
9.226849 -0.107642
9.231850 -0.112417
9.236851 -0.123700
9.241852 -0.113830
9.246853 -0.092104
9.251854 -0.073052
9.256855 -0.032767
9.261856 0.000407
9.266857 0.030023
9.271858 0.048072
9.276859 0.062619
9.281860 0.072124
9.286861 0.075336
9.291862 0.075087
9.296863 0.065969
9.301864 0.054743
9.306865 0.030968
9.311866 0.009446
9.316867 -0.019910
9.321868 -0.044859
9.326869 -0.053736
9.331870 -0.067360
9.336871 -0.076082
9.341872 -0.079034
9.346873 -0.084488
9.351874 -0.089471
9.356875 -0.090409
9.361876 -0.088316
9.366877 -0.084105
9.371878 -0.077387
9.376879 -0.067954
9.381880 -0.053562
9.386881 -0.039420
9.391882 -0.029127
9.396883 -0.009376
9.401884 0.001339
9.406885 0.002398
9.411886 0.010465
9.416887 0.010681
9.421888 0.011838
9.426889 0.015984
9.431890 0.021491
9.436891 0.027309
9.441892 0.034796
9.446893 0.055137
9.451894 0.071014
9.456895 0.082156
9.461896 0.100295
9.466897 0.114843
9.471898 0.121067
9.476899 0.124011
9.481900 0.122384
9.486901 0.116715
9.491902 0.106943
9.496903 0.095698
9.501904 0.084259
9.506905 0.072831
9.511906 0.069556
9.516907 0.064113
9.521908 0.060675
9.526909 0.063655
9.531910 0.057184
9.536911 0.050971
9.541912 0.038010
9.546913 0.018795
9.551914 0.002293
9.556915 -0.028224
9.561916 -0.052626
9.566917 -0.071176
9.571918 -0.095598
9.576919 -0.111552
9.581920 -0.117656
9.586921 -0.120553
9.591922 -0.119517
9.596923 -0.103989
9.601924 -0.088981
9.606925 -0.074425
9.611926 -0.051799
9.616927 -0.028853
9.621928 -0.004337
9.626929 0.025015
9.631930 0.049382
9.636931 0.067448
9.641932 0.078049
9.646933 0.072527
9.651934 0.067136
9.656935 0.055103
9.661936 0.033735
9.666937 0.015800
9.671938 -0.002595
9.676939 -0.021635
9.681940 -0.028143
9.686941 -0.024653
9.691942 -0.029339
9.696943 -0.037840
9.701944 -0.050326
9.706945 -0.063950
9.711946 -0.077962
9.716947 -0.088815
9.721948 -0.093975
9.726949 -0.093519
9.731950 -0.079567
9.736951 -0.067725
9.741952 -0.047687
9.746953 -0.009851
9.751954 0.024886
9.756955 0.061661
9.761956 0.091749
9.766957 0.114642
9.771958 0.128621
9.776959 0.119005
9.781960 0.110851
9.786961 0.088710
9.791962 0.054876
9.796963 0.018150
9.801964 -0.029037
9.806965 -0.060343
9.811966 -0.090547
9.816967 -0.107905
9.821968 -0.101240
9.826969 -0.087111
9.831970 -0.055015
9.836971 -0.016273
9.841972 0.020754
9.846973 0.068595
9.851974 0.107973
9.856975 0.139245
9.861976 0.174760
9.866977 0.190431
9.871978 0.192649
9.876979 0.181975
9.881980 0.158834
9.886981 0.135646
9.891982 0.103905
9.896983 0.068867
9.901984 0.038771
9.906985 0.008121
9.911986 -0.023753
9.916987 -0.045579
9.921988 -0.061952
9.926989 -0.068809
9.931990 -0.062174
9.936991 -0.061660
9.941992 -0.060022
9.946993 -0.049697
9.951994 -0.049561
9.956995 -0.047871
9.961996 -0.034684
9.966997 -0.028783
9.971998 -0.013459
9.976999 0.006935
9.982000 0.021848
9.987001 0.045569
9.992002 0.058873
9.997003 0.064433
10.002004 0.061576
10.007005 0.043589
10.012006 0.017803
10.017007 -0.020241
10.022008 -0.053502
10.027009 -0.093304
10.032010 -0.133197
10.037011 -0.161181
10.042012 -0.191849
10.047013 -0.202807
10.052014 -0.204169
10.057015 -0.201647
10.062016 -0.189507
10.067017 -0.172123
10.072018 -0.150841
10.077019 -0.128082
10.082020 -0.103642
10.087021 -0.080268
10.092022 -0.057420
10.097023 -0.040651
10.102024 -0.022628
10.107025 -0.004596
10.112026 0.008097
10.117027 0.011604
10.122028 0.024383
10.127029 0.033886
10.132030 0.037405
10.137031 0.053424
10.142032 0.069825
10.147033 0.093573
10.152034 0.114375
10.157035 0.133666
10.162036 0.144595
10.167037 0.164106
10.172038 0.184173
10.177039 0.186057
10.182040 0.196012
10.187041 0.198179
10.192042 0.189757
10.197043 0.171853
10.202044 0.150966
10.207046 0.125373
10.212047 0.089581
10.217048 0.057406
10.222049 0.025575
10.227050 -0.008886
10.232051 -0.041036
10.237052 -0.067025
10.242053 -0.081285
10.247054 -0.085960
10.252055 -0.086050
10.257056 -0.065991
10.262057 -0.045854
10.267058 -0.018482
10.272059 0.025759
10.277060 0.063520
10.282061 0.106462
10.287062 0.140549
10.292063 0.165424
10.297064 0.174914
10.302065 0.176849
10.307066 0.167142
10.312067 0.143927
10.317068 0.121715
10.322069 0.081791
10.327070 0.044963
10.332071 0.001032
10.337072 -0.045072
10.342073 -0.081120
10.347074 -0.116522
10.352075 -0.143417
10.357076 -0.159331
10.362077 -0.168350
10.367078 -0.171361
10.372079 -0.165929
10.377080 -0.160927
10.382081 -0.147410
10.387082 -0.133037
10.392083 -0.121443
10.397084 -0.110477
10.402085 -0.105272
10.407086 -0.100711
10.412087 -0.094190
10.417088 -0.095578
10.422089 -0.096025
10.427090 -0.083184
10.432091 -0.073809
10.437092 -0.051391
10.442093 -0.029245
10.447094 -0.011819
10.452095 0.012470
10.457096 0.026342
10.462097 0.038907
10.467098 0.046466
10.472099 0.053871
10.477100 0.051878
10.482101 0.044463
10.487102 0.043986
10.492103 0.037979
10.497104 0.021698
10.502105 0.005662
10.507106 0.003716
10.512107 -0.010345
10.517108 -0.019026
10.522109 -0.015776
10.527110 -0.015261
10.532111 -0.007959
10.537112 -0.006937
10.542113 0.000510
10.547114 0.007614
10.552115 0.011598
10.557116 0.024377
10.562117 0.031711
10.567118 0.041409
10.572119 0.054436
10.577120 0.060410
10.582121 0.061367
10.587122 0.056931
10.592123 0.049244
10.597124 0.037187
10.602125 0.020157
10.607126 0.006311
10.612127 -0.001465
10.617128 -0.007425
10.622129 -0.015801
10.627130 -0.012343
10.632131 -0.009989
10.637132 -0.017792
10.642133 -0.016505
10.647134 -0.026067
10.652135 -0.031986
10.657136 -0.038725
10.662137 -0.054451
10.667138 -0.064334
10.672139 -0.083685
10.677140 -0.099957
10.682141 -0.120739
10.687142 -0.130133
10.692143 -0.133151
10.697144 -0.138476
10.702145 -0.126965
10.707146 -0.112725
10.712147 -0.087836
10.717148 -0.062119
10.722149 -0.033199
10.727150 -0.006827
10.732151 0.018549
10.737152 0.044682
10.742153 0.058439
10.747154 0.077200
10.752155 0.084147
10.757156 0.085753
10.762157 0.079794
10.767158 0.065823
10.772159 0.053561
10.777160 0.025257
10.782161 -0.003736
10.787162 -0.033952
10.792163 -0.063831
10.797164 -0.092304
10.802165 -0.117727
10.807166 -0.125936
10.812167 -0.130773
10.817168 -0.135547
10.822169 -0.124656
10.827170 -0.104989
10.832171 -0.084405
10.837172 -0.053240
10.842173 -0.014682
10.847174 0.024128
10.852175 0.063521
10.857176 0.099975
10.862177 0.130857
10.867178 0.162254
10.872179 0.185618
10.877180 0.203847
10.882181 0.213548
10.887182 0.214333
10.892183 0.214450
10.897184 0.205211
10.902185 0.189859
10.907186 0.169177
10.912187 0.149930
10.917188 0.117352
10.922189 0.083324
10.927190 0.053808
10.932191 0.016385
10.937192 -0.012245
10.942193 -0.040235
10.947194 -0.064032
10.952195 -0.081152
10.957196 -0.089024
10.962197 -0.088733
10.967198 -0.077579
10.972199 -0.050519
10.977200 -0.025232
10.982201 0.007726
10.987202 0.038815
10.992203 0.065614
10.997204 0.084143
11.002205 0.088438
11.007206 0.096963
11.012207 0.087706
11.017208 0.084530
11.022209 0.076214
11.027210 0.059949
11.032211 0.054669
11.037212 0.037776
11.042213 0.035469
11.047214 0.027103
11.052215 0.019492
11.057216 0.015395
11.062217 0.007821
11.067218 0.001670
11.072219 -0.010097
11.077220 -0.016114
11.082221 -0.031471
11.087222 -0.036369
11.092223 -0.047126
11.097224 -0.062181
11.102225 -0.063614
11.107226 -0.078770
11.112227 -0.085376
11.117228 -0.087953
11.122229 -0.098541
11.127230 -0.098657
11.132231 -0.099825
11.137232 -0.093908
11.142233 -0.085591
11.147234 -0.080380
11.152235 -0.068709
11.157236 -0.066336
11.162237 -0.057895
11.167238 -0.052202
11.172239 -0.048481
11.177240 -0.050014
11.182241 -0.059832
11.187242 -0.059182
11.192243 -0.065082
11.197244 -0.063859
11.202245 -0.070598
11.207246 -0.068000
11.212247 -0.054989
11.217248 -0.058165
11.222249 -0.048208
11.227250 -0.045941
11.232251 -0.047463
11.237252 -0.050733
11.242253 -0.060350
11.247254 -0.066335
11.252255 -0.078981
11.257256 -0.084940
11.262257 -0.086093
11.267258 -0.081522
11.272259 -0.062806
11.277260 -0.049227
11.282261 -0.026871
11.287262 0.013489
11.292263 0.044147
11.297264 0.082789
11.302265 0.124305
11.307266 0.159073
11.312267 0.199692
11.317268 0.219117
11.322269 0.233465
11.327270 0.244374
11.332271 0.236934
11.337272 0.231500
11.342273 0.209447
11.347274 0.182975
11.352275 0.158117
11.357276 0.120652
11.362277 0.093285
11.367278 0.065147
11.372279 0.043603
11.377280 0.026543
11.382281 0.012175
11.387282 0.016086
11.392283 0.013558
11.397284 0.013076
11.402285 0.018814
11.407286 0.025736
11.412287 0.023554
11.417288 0.019963
11.422289 0.020235
11.427290 0.006725
11.432291 0.000725
11.437292 -0.006309
11.442293 -0.017544
11.447294 -0.019763
11.452295 -0.021418
11.457296 -0.022751
11.462297 -0.017200
11.467298 -0.018550
11.472299 -0.020090
11.477300 -0.023886
11.482301 -0.038401
11.487302 -0.048466
11.492303 -0.066418
11.497304 -0.088270
11.502305 -0.110522
11.507306 -0.124643
11.512307 -0.140007
11.517308 -0.154853
11.522309 -0.151826
11.527310 -0.147119
11.532311 -0.128204
11.537312 -0.105323
11.542313 -0.085987
11.547314 -0.053123
11.552315 -0.028680
11.557316 -0.004969
11.562317 0.012713
11.567318 0.021897
11.572319 0.038962
11.577320 0.038844
11.582321 0.042660
11.587322 0.043581
11.592323 0.036847
11.597324 0.034444
11.602325 0.024302
11.607326 0.020391
11.612327 0.014292
11.617328 0.013124
11.622329 0.012325
11.627330 0.011585
11.632331 0.014313
11.637332 0.013724
11.642333 0.017514
11.647334 0.010806
11.652335 0.004105
11.657336 -0.006998
11.662337 -0.027392
11.667338 -0.045800
11.672339 -0.069941
11.677340 -0.088258
11.682341 -0.106957
11.687342 -0.115332
11.692343 -0.113229
11.697344 -0.110024
11.702345 -0.090599
11.707346 -0.072651
11.712347 -0.046241
11.717348 -0.018500
11.722349 0.001481
11.727350 0.029363
11.732351 0.041360
11.737352 0.046240
11.742353 0.055035
11.747354 0.052487
11.752355 0.047319
11.757356 0.038933
11.762357 0.026804
11.767358 0.016594
11.772359 0.002266
11.777360 -0.007804
11.782361 -0.012662
11.787362 -0.017681
11.792363 -0.019676
11.797364 -0.023248
11.802365 -0.020513
11.807366 -0.007521
11.812367 -0.003503
11.817368 0.002958
11.822369 0.013909
11.827370 0.017479
11.832371 0.026122
11.837372 0.030701
11.842373 0.026573
11.847374 0.019424
11.852375 0.011811
11.857376 -0.002107
11.862377 -0.016145
11.867378 -0.024128
11.872379 -0.033688
11.877380 -0.037601
11.882381 -0.040425
11.887382 -0.038545
11.892383 -0.031050
11.897384 -0.027378
11.902385 -0.020198
11.907386 -0.007770
11.912387 -0.000892
11.917388 0.005001
11.922389 0.010497
11.927390 0.012283
11.932391 0.014064
11.937392 0.010119
11.942393 0.006840
11.947394 0.001408
11.952395 0.002407
11.957396 0.001178
11.962397 -0.003687
11.967398 0.006177
11.972399 0.014870
11.977400 0.025592
11.982401 0.037709
11.987402 0.056722
11.992403 0.072141
11.997404 0.081744
12.002405 0.095090
12.007406 0.099405
12.012407 0.102888
12.017408 0.098883
12.022409 0.092104
12.027410 0.088709
12.032411 0.076665
12.037412 0.062263
12.042413 0.052084
12.047414 0.039217
12.052415 0.024674
12.057416 0.010252
12.062417 -0.004366
12.067418 -0.016785
12.072419 -0.030348
12.077420 -0.035554
12.082421 -0.041012
12.087422 -0.047961
12.092423 -0.044535
12.097424 -0.046342
12.102425 -0.038774
12.107426 -0.028911
12.112427 -0.025962
12.117428 -0.011193
12.122429 -0.001809
12.127430 0.012933
12.132431 0.032091
12.137432 0.044739
12.142433 0.064849
12.147434 0.083012
12.152435 0.090642
12.157436 0.095285
12.162437 0.093359
12.167438 0.083572
12.172439 0.065666
12.177440 0.037094
12.182441 0.011460
12.187442 -0.020966
12.192443 -0.054900
12.197444 -0.085059
12.202445 -0.112239
12.207446 -0.128444
12.212447 -0.135906
12.217448 -0.134202
12.222449 -0.128655
12.227450 -0.109021
12.232451 -0.083443
12.237452 -0.055851
12.242453 -0.028173
12.247454 -0.002393
12.252455 0.024052
12.257456 0.038031
12.262457 0.049154
12.267458 0.051028
12.272459 0.044406
12.277460 0.039506
12.282461 0.020851
12.287462 0.003518
12.292463 -0.001129
12.297464 -0.015304
12.302465 -0.017740
12.307466 -0.013565
12.312467 -0.017588
12.317468 -0.007748
12.322469 -0.004052
12.327470 0.003269
12.332471 0.012804
12.337472 0.011185
12.342473 0.019892
12.347474 0.026438
12.352475 0.024372
12.357476 0.026501
12.362477 0.030643
12.367478 0.032329
12.372479 0.033592
12.377480 0.039102
12.382481 0.041596
12.387482 0.044645
12.392483 0.054696
12.397484 0.052799
12.402485 0.048982
12.407486 0.050363
12.412487 0.047545
12.417488 0.037426
12.422489 0.030682
12.427490 0.027790
12.432491 0.011454
12.437492 0.000252
12.442493 -0.007752
12.447494 -0.018637
12.452495 -0.023632
12.457496 -0.029365
12.462497 -0.034080
12.467498 -0.032862
12.472499 -0.031880
12.477501 -0.034888
12.482502 -0.032669
12.487503 -0.030636
12.492504 -0.031204
12.497505 -0.034169
12.502506 -0.034820
12.507507 -0.034842
12.512508 -0.040454
12.517509 -0.042508
12.522510 -0.048904
12.527511 -0.052375
12.532512 -0.060036
12.537513 -0.065085
12.542514 -0.061936
12.547515 -0.067931
12.552516 -0.065431
12.557517 -0.064077
12.562518 -0.063613
12.567519 -0.060535
12.572520 -0.064166
12.577521 -0.064816
12.582522 -0.060390
12.587523 -0.062107
12.592524 -0.065804
12.597525 -0.060980
12.602526 -0.059186
12.607527 -0.060355
12.612528 -0.053487
12.617529 -0.049574
12.622530 -0.048415
12.627531 -0.033359
12.632532 -0.023654
12.637533 -0.012053
12.642534 0.003830
12.647535 0.017829
12.652536 0.036333
12.657537 0.047277
12.662538 0.060997
12.667539 0.070879
12.672540 0.079384
12.677541 0.081262
12.682542 0.076474
12.687543 0.076932
12.692544 0.066082
12.697545 0.055501
12.702546 0.044273
12.707547 0.029495
12.712548 0.017923
12.717549 0.002958
12.722550 -0.006229
12.727551 -0.011751
12.732552 -0.017022
12.737553 -0.014109
12.742554 -0.015972
12.747555 -0.017816
12.752556 -0.004163
12.757557 -0.002826
12.762558 0.003170
12.767559 0.018653
12.772560 0.018108
12.777561 0.029640
12.782562 0.038912
12.787563 0.045666
12.792564 0.051946
12.797565 0.056409
12.802566 0.065357
12.807567 0.062275
12.812568 0.070686
12.817569 0.072754
12.822570 0.066745
12.827571 0.075013
12.832572 0.074108
12.837573 0.069140
12.842574 0.075871
12.847575 0.073539
12.852576 0.066773
12.857577 0.067757
12.862578 0.056023
12.867579 0.046925
12.872580 0.039609
12.877581 0.020855
12.882582 0.002951
12.887583 -0.014856
12.892584 -0.030644
12.897585 -0.050719
12.902586 -0.071835
12.907587 -0.079411
12.912588 -0.089382
12.917589 -0.097469
12.922590 -0.096758
12.927591 -0.098682
12.932592 -0.091539
12.937593 -0.086931
12.942594 -0.084581
12.947595 -0.074492
12.952596 -0.067126
12.957597 -0.058525
12.962598 -0.049324
12.967599 -0.038306
12.972600 -0.021722
12.977601 -0.008112
12.982602 0.010871
12.987603 0.031321
12.992604 0.039813
12.997605 0.057902
13.002606 0.068898
13.007607 0.072592
13.012608 0.081009
13.017609 0.073736
13.022610 0.068465
13.027611 0.061684
13.032612 0.045591
13.037613 0.035188
13.042614 0.019290
13.047615 -0.001987
13.052616 -0.014232
13.057617 -0.033155
13.062618 -0.050576
13.067619 -0.058838
13.072620 -0.072348
13.077621 -0.075821
13.082622 -0.077615
13.087623 -0.080307
13.092624 -0.071946
13.097625 -0.065796
13.102626 -0.065255
13.107627 -0.054429
13.112628 -0.040417
13.117629 -0.039873
13.122630 -0.032879
13.127631 -0.017360
13.132632 -0.011029
13.137633 -0.003062
13.142634 0.012773
13.147635 0.022737
13.152636 0.034176
13.157637 0.048139
13.162638 0.053967
13.167639 0.060359
13.172640 0.066431
13.177641 0.064520
13.182642 0.060543
13.187643 0.055091
13.192644 0.041717
13.197645 0.026229
13.202646 0.009934
13.207647 -0.008885
13.212648 -0.030667
13.217649 -0.047418
13.222650 -0.061994
13.227651 -0.074223
13.232652 -0.080913
13.237653 -0.082994
13.242654 -0.076028
13.247655 -0.064257
13.252656 -0.043057
13.257657 -0.027445
13.262658 -0.004307
13.267659 0.019476
13.272660 0.038844
13.277661 0.062846
13.282662 0.069819
13.287663 0.086555
13.292664 0.096022
13.297665 0.093825
13.302666 0.097827
13.307667 0.093533
13.312668 0.086603
13.317669 0.073662
13.322670 0.065003
13.327671 0.052628
13.332672 0.030231
13.337673 0.018907
13.342674 0.007052
13.347675 -0.003920
13.352676 -0.012535
13.357677 -0.022834
13.362678 -0.022011
13.367679 -0.023472
13.372680 -0.026840
13.377681 -0.026297
13.382682 -0.024437
13.387683 -0.020622
13.392684 -0.022408
13.397685 -0.020506
13.402686 -0.010948
13.407687 -0.010370
13.412688 -0.004996
13.417689 0.006988
13.422690 0.006518
13.427691 0.017499
13.432692 0.026530
13.437693 0.026539
13.442694 0.033843
13.447695 0.030451
13.452696 0.024969
13.457697 0.017182
13.462698 0.008131
13.467699 -0.006089
13.472700 -0.023910
13.477701 -0.035903
13.482702 -0.054457
13.487703 -0.057799
13.492704 -0.064549
13.497705 -0.075485
13.502706 -0.069931
13.507707 -0.062719
13.512708 -0.049917
13.517709 -0.043507
13.522710 -0.025705
13.527711 -0.007176
13.532712 0.001470
13.537713 0.015864
13.542714 0.022791
13.547715 0.029339
13.552716 0.028075
13.557717 0.024852
13.562718 0.020049
13.567719 0.012013
13.572720 0.003008
13.577721 -0.007031
13.582722 -0.013613
13.587723 -0.027600
13.592724 -0.030481
13.597725 -0.036312
13.602726 -0.044718
13.607727 -0.042243
13.612728 -0.044300
13.617729 -0.038188
13.622730 -0.036797
13.627731 -0.034159
13.632732 -0.023324
13.637733 -0.022945
13.642734 -0.017118
13.647735 -0.014210
13.652736 -0.014897
13.657737 -0.005835
13.662738 -0.007778
13.667739 -0.006898
13.672740 -0.004330
13.677741 -0.008253
13.682742 -0.001878
13.687743 -0.003163
13.692744 0.001816
13.697745 0.001964
13.702746 0.001787
13.707747 0.011323
13.712748 0.005110
13.717749 0.009481
13.722750 0.008291
13.727751 0.009665
13.732752 0.010211
13.737753 0.003285
13.742754 0.005824
13.747755 0.000932
13.752756 0.003960
13.757757 -0.000800
13.762758 0.001857
13.767759 0.010618
13.772760 0.009243
13.777761 0.023946
13.782762 0.031125
13.787763 0.039865
13.792764 0.057395
13.797765 0.061408
13.802766 0.067795
13.807767 0.077562
13.812768 0.075918
13.817769 0.068468
13.822770 0.066931
13.827771 0.059886
13.832772 0.046659
13.837773 0.037987
13.842774 0.025661
13.847775 0.015992
13.852776 0.008773
13.857777 0.002458
13.862778 -0.003724
13.867779 -0.005022
13.872780 -0.000955
13.877781 -0.004238
13.882782 -0.002553
13.887783 0.002911
13.892784 0.008058
13.897785 0.003824
13.902786 0.001002
13.907787 0.005587
13.912788 -0.006477
13.917789 -0.012270
13.922790 -0.015655
13.927791 -0.026594
13.932792 -0.027730
13.937793 -0.034237
13.942794 -0.037914
13.947795 -0.032314
13.952796 -0.031471
13.957797 -0.026481
13.962798 -0.018481
13.967799 -0.012424
13.972800 -0.001545
13.977801 0.007566
13.982802 0.013017
13.987803 0.022963
13.992804 0.024062
13.997805 0.024996
14.002806 0.025526
14.007807 0.019251
14.012808 0.011232
14.017809 -0.000031
14.022810 -0.008330
14.027811 -0.023432
14.032812 -0.029526
14.037813 -0.041576
14.042814 -0.053129
14.047815 -0.052983
14.052816 -0.057456
14.057817 -0.056322
14.062818 -0.060170
14.067819 -0.052935
14.072820 -0.052982
14.077821 -0.049962
14.082822 -0.040203
14.087823 -0.038321
14.092824 -0.026281
14.097825 -0.026690
14.102826 -0.015368
14.107827 -0.001871
14.112828 0.002462
14.117829 0.012272
14.122830 0.022717
14.127831 0.032407
14.132832 0.037470
14.137833 0.051572
14.142834 0.058110
14.147835 0.062913
14.152836 0.070252
14.157837 0.073514
14.162838 0.076435
14.167839 0.074197
14.172840 0.074656
14.177841 0.067503
14.182842 0.056486
14.187843 0.048929
14.192844 0.037813
14.197845 0.021824
14.202846 0.007167
14.207847 -0.003699
14.212848 -0.022827
14.217849 -0.034954
14.222850 -0.041692
14.227851 -0.053290
14.232852 -0.053075
14.237853 -0.058641
14.242854 -0.059314
14.247855 -0.052536
14.252856 -0.047654
14.257857 -0.036140
14.262858 -0.030713
14.267859 -0.013273
14.272860 -0.000750
14.277861 0.006032
14.282862 0.018275
14.287863 0.023149
14.292864 0.032886
14.297865 0.036364
14.302866 0.036039
14.307867 0.033771
14.312868 0.034176
14.317869 0.031461
14.322870 0.024417
14.327871 0.026132
14.332872 0.021299
14.337873 0.020705
14.342874 0.015819
14.347875 0.012902
14.352876 0.013982
14.357877 0.004898
14.362878 0.006882
14.367879 0.000761
14.372880 -0.006532
14.377881 -0.011693
14.382882 -0.020639
14.387883 -0.024300
14.392884 -0.032859
14.397885 -0.041395
14.402886 -0.046516
14.407887 -0.050167
14.412888 -0.056037
14.417889 -0.059720
14.422890 -0.062924
14.427891 -0.060897
14.432892 -0.060996
14.437893 -0.059905
14.442894 -0.056765
14.447895 -0.050803
14.452896 -0.042520
14.457897 -0.042686
14.462898 -0.036884
14.467899 -0.032452
14.472900 -0.021550
14.477901 -0.020484
14.482902 -0.019508
14.487903 -0.008841
14.492904 -0.010493
14.497905 -0.009417
14.502906 -0.003574
14.507907 -0.002474
14.512908 -0.007658
14.517909 -0.004925
14.522910 -0.009171
14.527911 -0.010336
14.532912 -0.008888
14.537913 -0.016580
14.542914 -0.015551
14.547915 -0.011008
14.552916 -0.009659
14.557917 -0.010726
14.562918 -0.000246
14.567919 0.006996
14.572920 0.014561
14.577921 0.027216
14.582922 0.039197
14.587923 0.053451
14.592924 0.058361
14.597925 0.073377
14.602926 0.082174
14.607927 0.083912
14.612928 0.090598
14.617929 0.085865
14.622930 0.088417
14.627931 0.081751
14.632932 0.069709
14.637933 0.063406
14.642934 0.047349
14.647935 0.037100
14.652936 0.022294
14.657937 0.011018
14.662938 0.002376
14.667939 -0.011905
14.672940 -0.017741
14.677941 -0.022988
14.682942 -0.026415
14.687943 -0.029743
14.692944 -0.025061
14.697945 -0.025091
14.702946 -0.027677
14.707947 -0.013739
14.712948 -0.009210
14.717949 -0.005769
14.722950 0.003642
14.727951 0.007082
14.732952 0.017937
14.737953 0.021780
14.742954 0.027660
14.747956 0.041951
14.752957 0.039517
14.757958 0.044144
14.762959 0.052084
14.767960 0.052299
14.772961 0.053805
14.777962 0.055149
14.782963 0.050307
14.787964 0.049185
14.792965 0.049171
14.797966 0.037369
14.802967 0.033420
14.807968 0.024572
14.812969 0.018920
14.817970 0.010337
14.822971 -0.003011
14.827972 -0.007794
14.832973 -0.017739
14.837974 -0.025437
14.842975 -0.034093
14.847976 -0.037247
14.852977 -0.045523
14.857978 -0.051179
14.862979 -0.052736
14.867980 -0.057472
14.872981 -0.059143
14.877982 -0.063994
14.882983 -0.063345
14.887984 -0.066192
14.892985 -0.062278
14.897986 -0.068080
14.902987 -0.070493
14.907988 -0.058192
14.912989 -0.065129
14.917990 -0.060730
14.922991 -0.053889
14.927992 -0.050088
14.932993 -0.041184
14.937994 -0.040753
14.942995 -0.035549
14.947996 -0.026787
14.952997 -0.024138
14.957998 -0.023707
14.962999 -0.019322
14.968000 -0.017773
14.973001 -0.015170
14.978002 -0.017569
14.983003 -0.017866
14.988004 -0.014386
14.993005 -0.017253
14.998006 -0.014055
15.003007 -0.013467
15.008008 -0.008650
15.013009 -0.005056
15.018010 -0.004533
15.023011 0.005305
15.028012 0.009717
15.033013 0.011890
15.038014 0.015883
15.043015 0.021262
15.048016 0.024036
15.053017 0.021112
15.058018 0.026809
15.063019 0.027295
15.068020 0.020676
15.073021 0.026921
15.078022 0.023866
15.083023 0.022579
15.088024 0.025644
15.093025 0.025523
15.098026 0.028219
15.103027 0.026535
15.108028 0.035029
15.113029 0.032618
15.118030 0.036102
15.123031 0.039733
15.128032 0.037386
15.133033 0.042981
15.138034 0.037520
15.143035 0.038316
15.148036 0.034992
15.153037 0.031367
15.158038 0.025990
15.163039 0.021897
15.168040 0.016922
15.173041 0.010581
15.178042 0.007874
15.183043 -0.003984
15.188044 -0.006530
15.193045 -0.009040
15.198046 -0.014071
15.203047 -0.016702
15.208048 -0.016096
15.213049 -0.010464
15.218050 -0.007717
15.223051 -0.002121
15.228052 0.010963
15.233053 0.019815
15.238054 0.031223
15.243055 0.046657
15.248056 0.052894
15.253057 0.065982
15.258058 0.071616
15.263059 0.076736
15.268060 0.085667
15.273061 0.079538
15.278062 0.082958
15.283063 0.078555
15.288064 0.067942
15.293065 0.063531
15.298066 0.048297
15.303067 0.038852
15.308068 0.028089
15.313069 0.012820
15.318070 0.000108
15.323071 -0.015569
15.328072 -0.027187
15.333073 -0.037296
15.338074 -0.046427
15.343075 -0.055846
15.348076 -0.060494
15.353077 -0.058412
15.358078 -0.063277
15.363079 -0.063856
15.368080 -0.056451
15.373081 -0.053311
15.378082 -0.052018
15.383083 -0.043694
15.388084 -0.037596
15.393085 -0.034445
15.398086 -0.024760
15.403087 -0.022674
15.408088 -0.015298
15.413089 -0.007342
15.418090 -0.007841
15.423091 -0.003894
15.428092 0.000406
15.433093 0.002066
15.438094 -0.002871
15.443095 -0.004320
15.448096 -0.009458
15.453097 -0.017696
15.458098 -0.021963
15.463099 -0.031638
15.468100 -0.039865
15.473101 -0.048425
15.478102 -0.053878
15.483103 -0.061329
15.488104 -0.064038
15.493105 -0.058442
15.498106 -0.065957
15.503107 -0.059203
15.508108 -0.048142
15.513109 -0.044351
15.518110 -0.030858
15.523111 -0.022459
15.528112 -0.006708
15.533113 0.007974
15.538114 0.014056
15.543115 0.028321
15.548116 0.037836
15.553117 0.043300
15.558118 0.052943
15.563119 0.050806
15.568120 0.054182
15.573121 0.056073
15.578122 0.046525
15.583123 0.045156
15.588124 0.040532
15.593125 0.035880
15.598126 0.024161
15.603127 0.014244
15.608128 0.011022
15.613129 -0.000910
15.618130 -0.009515
15.623131 -0.018146
15.628132 -0.026840
15.633133 -0.031725
15.638134 -0.041650
15.643135 -0.043450
15.648136 -0.047855
15.653137 -0.055640
15.658138 -0.050365
15.663139 -0.057429
15.668140 -0.058344
15.673141 -0.050700
15.678142 -0.049047
15.683143 -0.047374
15.688144 -0.041464
15.693145 -0.029954
15.698146 -0.029060
15.703147 -0.015638
15.708148 -0.006349
15.713149 -0.001816
15.718150 0.011732
15.723151 0.012047
15.728152 0.022042
15.733153 0.023802
15.738154 0.024198
15.743155 0.031827
15.748156 0.022710
15.753157 0.021948
15.758158 0.020615
15.763159 0.014795
15.768160 0.008721
15.773161 0.006259
15.778162 0.000684
15.783163 -0.006865
15.788164 -0.005756
15.793165 -0.015619
15.798166 -0.010466
15.803167 -0.013910
15.808168 -0.016440
15.813169 -0.005205
15.818170 -0.011297
15.823171 -0.004330
15.828172 0.000418
15.833173 0.005850
15.838174 0.008985
15.843175 0.011796
15.848176 0.021707
15.853177 0.023383
15.858178 0.028442
15.863179 0.032568
15.868180 0.040023
15.873181 0.042973
15.878182 0.046054
15.883183 0.049318
15.888184 0.051731
15.893185 0.054902
15.898186 0.050627
15.903187 0.048373
15.908188 0.047115
15.913189 0.043865
15.918190 0.036295
15.923191 0.032192
15.928192 0.029153
15.933193 0.022738
15.938194 0.016508
15.943195 0.018377
15.948196 0.014842
15.953197 0.006930
15.958198 0.012814
15.963199 0.011694
15.968200 0.013039
15.973201 0.015534
15.978202 0.011618
15.983203 0.016416
15.988204 0.019479
15.993205 0.017331
15.998206 0.017453
16.003207 0.016709
16.008208 0.015219
16.013209 0.015772
16.018210 0.009253
16.023211 0.006697
16.028212 0.005217
16.033213 -0.001959
16.038214 -0.002573
16.043215 -0.008355
16.048216 -0.011411
16.053217 -0.015735
16.058218 -0.018304
16.063219 -0.020295
16.068220 -0.029176
16.073221 -0.025233
16.078222 -0.037391
16.083223 -0.041113
16.088224 -0.039828
16.093225 -0.052467
16.098226 -0.049745
16.103227 -0.058758
16.108228 -0.056641
16.113229 -0.057067
16.118230 -0.061849
16.123231 -0.053166
16.128232 -0.052745
16.133233 -0.042680
16.138234 -0.039431
16.143235 -0.034472
16.148236 -0.023454
16.153237 -0.020393
16.158238 -0.016713
16.163239 -0.010320
16.168240 -0.009534
16.173241 -0.012579
16.178242 -0.012468
16.183243 -0.018532
16.188244 -0.018292
16.193245 -0.021868
16.198246 -0.031507
16.203247 -0.029025
16.208248 -0.033480
16.213249 -0.034025
16.218250 -0.027308
16.223251 -0.031867
16.228252 -0.020313
16.233253 -0.014578
16.238254 -0.015473
16.243255 0.002090
16.248256 0.006713
16.253257 0.011475
16.258258 0.019257
16.263259 0.026724
16.268260 0.032586
16.273261 0.035722
16.278262 0.044449
16.283263 0.043857
16.288264 0.049498
16.293265 0.053832
16.298266 0.052758
16.303267 0.056266
16.308268 0.058101
16.313269 0.057462
16.318270 0.053645
16.323271 0.055809
16.328272 0.050164
16.333273 0.044774
16.338274 0.043980
16.343275 0.031304
16.348276 0.027325
16.353277 0.023201
16.358278 0.012077
16.363279 0.010285
16.368280 0.002394
16.373281 0.002573
16.378282 0.003661
16.383283 -0.000618
16.388284 0.009878
16.393285 0.012047
16.398286 0.015637
16.403287 0.021983
16.408288 0.030847
16.413289 0.033597
16.418290 0.031491
16.423291 0.043601
16.428292 0.037227
16.433293 0.038200
16.438294 0.039864
16.443295 0.029281
16.448296 0.031798
16.453297 0.022110
16.458298 0.014101
16.463299 0.010762
16.468300 0.003367
16.473301 -0.000190
16.478302 -0.012196
16.483303 -0.020272
16.488304 -0.016503
16.493305 -0.023866
16.498306 -0.033788
16.503307 -0.033827
16.508308 -0.038705
16.513309 -0.043780
16.518310 -0.044301
16.523311 -0.050399
16.528312 -0.049572
16.533313 -0.048574
16.538314 -0.056389
16.543315 -0.048457
16.548316 -0.043915
16.553317 -0.043486
16.558318 -0.037581
16.563319 -0.031972
16.568320 -0.023218
16.573321 -0.016543
16.578322 -0.006791
16.583323 -0.003111
16.588324 0.004293
16.593325 0.014232
16.598326 0.014707
16.603327 0.018314
16.608328 0.025285
16.613329 0.028468
16.618330 0.026447
16.623331 0.026826
16.628332 0.028212
16.633333 0.025463
16.638334 0.020303
16.643335 0.018165
16.648336 0.015017
16.653337 0.010295
16.658338 0.008706
16.663339 0.001560
16.668340 -0.000442
16.673341 -0.001673
16.678342 -0.007315
16.683343 -0.005750
16.688344 -0.012761
16.693345 -0.016355
16.698346 -0.016533
16.703347 -0.021040
16.708348 -0.019409
16.713349 -0.022692
16.718350 -0.025005
16.723351 -0.026457
16.728352 -0.024575
16.733353 -0.023619
16.738354 -0.024204
16.743355 -0.022720
16.748356 -0.021518
16.753357 -0.012905
16.758358 -0.017739
16.763359 -0.014817
16.768360 -0.005837
16.773361 -0.013222
16.778362 -0.010035
16.783363 -0.005051
16.788364 -0.008152
16.793365 -0.006807
16.798366 -0.005827
16.803367 -0.009298
16.808368 -0.007881
16.813369 -0.006747
16.818370 -0.008181
16.823371 -0.009130
16.828372 -0.007844
16.833373 -0.007530
16.838374 -0.006568
16.843375 -0.005167
16.848376 -0.006453
16.853377 -0.001945
16.858378 -0.004200
16.863379 -0.001871
16.868380 0.002097
16.873381 -0.002431
16.878382 -0.000236
16.883383 -0.000711
16.888384 0.001076
16.893385 0.001587
16.898386 -0.000400
16.903387 0.001054
16.908388 0.001294
16.913389 0.003164
16.918390 0.004331
16.923391 0.007343
16.928392 0.008050
16.933393 0.010441
16.938394 0.015528
16.943395 0.017769
16.948396 0.021042
16.953397 0.019587
16.958398 0.021714
16.963399 0.023234
16.968400 0.022134
16.973401 0.023952
16.978402 0.020438
16.983403 0.021047
16.988404 0.021647
16.993405 0.020377
16.998406 0.020126
17.003407 0.019207
17.008408 0.021747
17.013410 0.021739
17.018411 0.016233
17.023412 0.017506
17.028413 0.019862
17.033414 0.015631
17.038415 0.018352
17.043416 0.016658
17.048417 0.015020
17.053418 0.017006
17.058419 0.015183
17.063420 0.017621
17.068421 0.017004
17.073422 0.017515
17.078423 0.016431
17.083424 0.013819
17.088425 0.015658
17.093426 0.012985
17.098427 0.011064
17.103428 0.007112
17.108429 0.000935
17.113430 -0.000176
17.118431 -0.006977
17.123432 -0.015229
17.128433 -0.019400
17.133434 -0.027244
17.138435 -0.032538
17.143436 -0.039805
17.148437 -0.043429
17.153438 -0.047518
17.158439 -0.055698
17.163440 -0.052158
17.168441 -0.055515
17.173442 -0.055754
17.178443 -0.052199
17.183444 -0.055360
17.188445 -0.050679
17.193446 -0.043415
17.198447 -0.038789
17.203448 -0.038018
17.208449 -0.030567
17.213450 -0.024512
17.218451 -0.023747
17.223452 -0.015431
17.228453 -0.011948
17.233454 -0.005968
17.238455 -0.002388
17.243456 -0.004072
17.248457 0.004727
17.253458 0.006046
17.258459 0.007915
17.263460 0.010341
17.268461 0.011369
17.273462 0.015102
17.278463 0.015228
17.283464 0.020040
17.288465 0.021443
17.293466 0.023321
17.298467 0.025044
17.303468 0.029804
17.308469 0.033950
17.313470 0.034495
17.318471 0.038438
17.323472 0.040890
17.328473 0.042097
17.333474 0.041864
17.338475 0.045046
17.343476 0.041098
17.348477 0.041138
17.353478 0.041328
17.358479 0.032794
17.363480 0.032973
17.368481 0.023781
17.373482 0.017284
17.378483 0.015467
17.383484 0.002903
17.388485 0.000066
17.393486 -0.006781
17.398487 -0.014365
17.403488 -0.012120
17.408489 -0.020337
17.413490 -0.020638
17.418491 -0.016753
17.423492 -0.019494
17.428493 -0.016017
17.433494 -0.013697
17.438495 -0.010621
17.443496 -0.007636
17.448497 -0.003009
17.453498 0.000468
17.458499 0.003964
17.463500 0.006376
17.468501 0.009538
17.473502 0.012623
17.478503 0.009144
17.483504 0.013673
17.488505 0.008702
17.493506 0.007445
17.498507 0.008168
17.503508 0.002133
17.508509 0.000681
17.513510 -0.005449
17.518511 -0.004043
17.523512 -0.012032
17.528513 -0.014640
17.533514 -0.012088
17.538515 -0.019007
17.543516 -0.021784
17.548517 -0.023289
17.553518 -0.018423
17.558519 -0.023888
17.563520 -0.022830
17.568521 -0.017900
17.573522 -0.020927
17.578523 -0.015573
17.583524 -0.015132
17.588525 -0.012180
17.593526 -0.008651
17.598527 -0.006295
17.603528 -0.002459
17.608529 -0.001738
17.613530 -0.000248
17.618531 0.004684
17.623532 0.008036
17.628533 0.004953
17.633534 0.007871
17.638535 0.007978
17.643536 0.008603
17.648537 0.011185
17.653538 0.008861
17.658539 0.009634
17.663540 0.007901
17.668541 0.008260
17.673542 0.007238
17.678543 0.004436
17.683544 0.004804
17.688545 0.006700
17.693546 0.005428
17.698547 0.003379
17.703548 0.004349
17.708549 0.005976
17.713550 0.010090
17.718551 0.005148
17.723552 0.007120
17.728553 0.015057
17.733554 0.013589
17.738555 0.012145
17.743556 0.014542
17.748557 0.018632
17.753558 0.014439
17.758559 0.013088
17.763560 0.012359
17.768561 0.008903
17.773562 0.006717
17.778563 -0.001239
17.783564 -0.003566
17.788565 -0.002809
17.793566 -0.012905
17.798567 -0.016587
17.803568 -0.015494
17.808569 -0.020307
17.813570 -0.018893
17.818571 -0.022912
17.823572 -0.021420
17.828573 -0.017547
17.833574 -0.020364
17.838575 -0.020363
17.843576 -0.016363
17.848577 -0.008872
17.853578 -0.014851
17.858579 -0.007624
17.863580 0.000001
17.868581 -0.001749
17.873582 0.006117
17.878583 0.006497
17.883584 0.011060
17.888585 0.013888
17.893586 0.016019
17.898587 0.015222
17.903588 0.014019
17.908589 0.015218
17.913590 0.012623
17.918591 0.008508
17.923592 0.001470
17.928593 0.006174
17.933594 -0.002959
17.938595 -0.009606
17.943596 -0.008025
17.948597 -0.014568
17.953598 -0.013170
17.958599 -0.019061
17.963600 -0.016897
17.968601 -0.015263
17.973602 -0.017579
17.978603 -0.013857
17.983604 -0.015882
17.988605 -0.009432
17.993606 -0.007248
17.998607 -0.009358
18.003608 -0.007903
18.008609 -0.004567
18.013610 -0.001096
18.018611 -0.005205
18.023612 0.000851
18.028613 -0.001186
18.033614 0.002635
18.038615 0.010976
18.043616 0.001747
18.048617 0.013558
18.053618 0.013904
18.058619 0.014455
18.063620 0.023573
18.068621 0.020629
18.073622 0.028267
18.078623 0.023009
18.083624 0.023721
18.088625 0.027529
18.093626 0.020509
18.098627 0.017861
18.103628 0.015430
18.108629 0.010557
18.113630 0.004529
18.118631 -0.000021
18.123632 -0.008304
18.128633 -0.009644
18.133634 -0.014558
18.138635 -0.019251
18.143636 -0.017605
18.148637 -0.022652
18.153638 -0.020261
18.158639 -0.018212
18.163640 -0.020750
18.168641 -0.017097
18.173642 -0.015461
18.178643 -0.015187
18.183644 -0.013609
18.188645 -0.012587
18.193646 -0.010027
18.198647 -0.009703
18.203648 -0.009643
18.208649 -0.009056
18.213650 -0.008123
18.218651 -0.010553
18.223652 -0.008766
18.228653 -0.000109
18.233654 -0.005659
18.238655 -0.004578
18.243656 0.002025
18.248657 -0.001828
18.253658 0.006358
18.258659 0.008457
18.263660 0.006160
18.268661 0.012378
18.273662 0.012206
18.278663 0.012779
18.283664 0.014470
18.288665 0.016270
18.293666 0.014815
18.298667 0.012535
18.303668 0.009168
18.308669 0.007967
18.313670 0.008525
18.318671 -0.001967
18.323672 -0.004366
18.328673 -0.003827
18.333674 -0.009839
18.338675 -0.014797
18.343676 -0.018124
18.348677 -0.015988
18.353678 -0.019343
18.358679 -0.022204
18.363680 -0.016521
18.368681 -0.019165
18.373682 -0.017685
18.378683 -0.010086
18.383684 -0.011227
18.388685 -0.005512
18.393686 0.000235
18.398687 0.000848
18.403688 0.003980
18.408689 0.008845
18.413690 0.014784
18.418691 0.017596
18.423692 0.017133
18.428693 0.020307
18.433694 0.023295
18.438695 0.022309
18.443696 0.018394
18.448697 0.014755
18.453698 0.015654
18.458699 0.008749
18.463700 0.004197
18.468701 -0.001200
18.473702 -0.006324
18.478703 -0.009122
18.483704 -0.017325
18.488705 -0.016546
18.493706 -0.020953
18.498707 -0.022385
18.503708 -0.019688
18.508709 -0.023749
18.513710 -0.018663
18.518711 -0.017528
18.523712 -0.016793
18.528713 -0.010889
18.533714 -0.011143
18.538715 -0.008586
18.543716 -0.007919
18.548717 -0.006115
18.553718 -0.003096
18.558719 -0.005519
18.563720 -0.005920
18.568721 -0.006335
18.573722 -0.007041
18.578723 -0.008278
18.583724 -0.012964
18.588725 -0.009533
18.593726 -0.007783
18.598727 -0.017827
18.603728 -0.015289
18.608729 -0.013771
18.613730 -0.016873
18.618731 -0.014373
18.623732 -0.017390
18.628733 -0.017736
18.633734 -0.012944
18.638735 -0.017448
18.643736 -0.019835
18.648737 -0.007697
18.653738 -0.011615
18.658739 -0.013160
18.663740 -0.004967
18.668741 -0.003937
18.673742 -0.000699
18.678743 0.000415
18.683744 0.004831
18.688745 0.008862
18.693746 0.012850
18.698747 0.013487
18.703748 0.019458
18.708749 0.023711
18.713750 0.024853
18.718751 0.030497
18.723752 0.028118
18.728753 0.033748
18.733754 0.033201
18.738755 0.031483
18.743756 0.032396
18.748757 0.029722
18.753758 0.029082
18.758759 0.025355
18.763760 0.023934
18.768761 0.019022
18.773762 0.017875
18.778763 0.014932
18.783764 0.011933
18.788765 0.007484
18.793766 0.008261
18.798767 0.009938
18.803768 0.000341
18.808769 0.008828
18.813770 0.006772
18.818771 0.004697
18.823772 0.015248
18.828773 0.010709
18.833774 0.016027
18.838775 0.020250
18.843776 0.020138
18.848777 0.021659
18.853778 0.022946
18.858779 0.025457
18.863780 0.022189
18.868781 0.023083
18.873782 0.019044
18.878783 0.014349
18.883784 0.015447
18.888785 0.008306
18.893786 0.004773
18.898787 0.003634
18.903788 -0.006084
18.908789 -0.006154
18.913790 -0.010437
18.918791 -0.018722
18.923792 -0.018493
18.928793 -0.020874
18.933794 -0.024249
18.938795 -0.028274
18.943796 -0.026477
18.948797 -0.031301
18.953798 -0.031036
18.958799 -0.030960
18.963800 -0.032596
18.968801 -0.029413
18.973802 -0.033327
18.978803 -0.028905
18.983804 -0.029005
18.988805 -0.025837
18.993806 -0.026324
18.998807 -0.022417
19.003808 -0.016212
19.008809 -0.018099
19.013810 -0.013535
19.018811 -0.013861
19.023812 -0.008675
19.028813 -0.007624
19.033814 -0.005223
19.038815 -0.003737
19.043816 -0.001130
19.048817 -0.002866
19.053818 -0.003350
19.058819 0.006094
19.063820 -0.002116
19.068821 0.004363
19.073822 0.005566
19.078823 -0.000189
19.083824 0.009201
19.088825 0.006257
19.093826 0.006392
19.098827 0.008867
19.103828 0.008441
19.108829 0.010235
19.113830 0.012369
19.118831 0.010917
19.123832 0.006964
19.128833 0.011541
19.133834 0.010707
19.138835 0.005222
19.143836 0.008906
19.148837 0.008486
19.153838 0.004289
19.158839 0.002599
19.163840 0.002399
19.168841 -0.000092
19.173842 -0.007123
19.178843 -0.007737
19.183844 -0.008539
19.188845 -0.016055
19.193846 -0.016762
19.198847 -0.019032
19.203848 -0.025665
19.208849 -0.019692
19.213850 -0.020614
19.218851 -0.021480
19.223852 -0.020657
19.228853 -0.019447
19.233854 -0.008636
19.238855 -0.011868
19.243856 -0.006516
19.248857 -0.001726
19.253858 -0.000168
19.258859 0.005290
19.263860 0.006307
19.268861 0.013994
19.273862 0.014131
19.278863 0.016107
19.283865 0.016871
19.288866 0.020133
19.293867 0.023046
19.298868 0.018379
19.303869 0.022968
19.308870 0.022188
19.313871 0.017369
19.318872 0.019998
19.323873 0.015567
19.328874 0.012810
19.333875 0.013583
19.338876 0.006010
19.343877 0.008367
19.348878 0.005195
19.353879 0.000789
19.358880 0.002657
19.363881 -0.006326
19.368882 -0.002576
19.373883 0.000877
19.378884 -0.004475
19.383885 -0.006567
19.388886 -0.001860
19.393887 0.001698
19.398888 -0.002476
19.403889 0.002670
19.408890 0.003842
19.413891 0.007380
19.418892 0.010264
19.423893 0.008058
19.428894 0.013152
19.433895 0.014335
19.438896 0.014478
19.443897 0.013340
19.448898 0.015298
19.453899 0.013556
19.458900 0.012452
19.463901 0.013346
19.468902 0.008106
19.473903 0.005583
19.478904 0.003997
19.483905 0.002885
19.488906 -0.002030
19.493907 -0.000082
19.498908 -0.002322
19.503909 -0.008343
19.508910 -0.003576
19.513911 -0.002908
19.518912 -0.003282
19.523913 -0.001796
19.528914 0.000853
19.533915 0.001475
19.538916 0.002151
19.543917 0.004362
19.548918 0.006763
19.553919 0.008082
19.558920 0.005770
19.563921 0.010762
19.568922 0.011700
19.573923 0.007971
19.578924 0.010254
19.583925 0.005963
19.588926 0.007628
19.593927 0.006963
19.598928 0.002324
19.603929 0.003816
19.608930 -0.002322
19.613931 -0.000623
19.618932 -0.005887
19.623933 -0.009611
19.628934 -0.002845
19.633935 -0.010768
19.638936 -0.011635
19.643937 -0.009854
19.648938 -0.011274
19.653939 -0.009790
19.658940 -0.011834
19.663941 -0.009739
19.668942 -0.008544
19.673943 -0.008507
19.678944 -0.007250
19.683945 -0.005257
19.688946 -0.009084
19.693947 -0.008090
19.698948 -0.001279
19.703949 -0.011046
19.708950 -0.005020
19.713951 -0.003456
19.718952 -0.013668
19.723953 -0.002861
19.728954 -0.010491
19.733955 -0.014019
19.738956 -0.008428
19.743957 -0.015083
19.748958 -0.015879
19.753959 -0.019095
19.758960 -0.017754
19.763961 -0.022308
19.768962 -0.024692
19.773963 -0.025410
19.778964 -0.027233
19.783965 -0.024650
19.788966 -0.029793
19.793967 -0.023139
19.798968 -0.029942
19.803969 -0.025439
19.808970 -0.018479
19.813971 -0.024338
19.818972 -0.011996
19.823973 -0.015158
19.828974 -0.010704
19.833975 -0.004353
19.838976 -0.004153
19.843977 -0.000462
19.848978 0.003209
19.853979 0.006819
19.858980 0.006428
19.863981 0.010477
19.868982 0.010428
19.873983 0.011935
19.878984 0.010674
19.883985 0.011361
19.888986 0.011144
19.893987 0.009180
19.898988 0.010426
19.903989 0.004655
19.908990 0.004647
19.913991 0.006433
19.918992 0.001578
19.923993 -0.001356
19.928994 -0.001260
19.933995 -0.002997
19.938996 -0.005714
19.943997 -0.004329
19.948998 -0.008687
19.953999 -0.007512
19.959000 -0.004826
19.964001 -0.013136
19.969002 -0.005633
19.974003 -0.005613
19.979004 -0.006027
19.984005 0.000185
19.989006 -0.002823
19.994007 0.002177
19.999008 0.002483
20.004009 0.007681
20.009010 0.010932
20.014011 0.009149
20.019012 0.014861
20.024013 0.013535
20.029014 0.013013
20.034015 0.018982
20.039016 0.016989
20.044017 0.012954
20.049018 0.017999
20.054019 0.016855
20.059020 0.011441
20.064021 0.012518
20.069022 0.015239
20.074023 0.013803
20.079024 0.011155
20.084025 0.011582
20.089026 0.013886
20.094027 0.017451
20.099028 0.014035
20.104029 0.015745
20.109030 0.020982
20.114031 0.018721
20.119032 0.020698
20.124033 0.023723
20.129034 0.025342
20.134035 0.024140
20.139036 0.027877
20.144037 0.028390
20.149038 0.024926
20.154039 0.027907
20.159040 0.023246
20.164041 0.021699
20.169042 0.022569
20.174043 0.016949
20.179044 0.011149
20.184045 0.006704
20.189046 0.005355
20.194047 0.001336
20.199048 -0.005787
20.204049 -0.007704
20.209050 -0.011421
20.214051 -0.016098
20.219052 -0.017699
20.224053 -0.019472
20.229054 -0.015647
20.234055 -0.021441
20.239056 -0.021955
20.244057 -0.015387
20.249058 -0.019113
20.254059 -0.015009
20.259060 -0.018336
20.264061 -0.016813
20.269062 -0.013675
20.274063 -0.020899
20.279064 -0.015663
20.284065 -0.019559
20.289066 -0.022409
20.294067 -0.019903
20.299068 -0.026345
20.304069 -0.025176
20.309070 -0.025583
20.314071 -0.028860
20.319072 -0.032435
20.324073 -0.036602
20.329074 -0.032062
20.334075 -0.036490
20.339076 -0.041079
20.344077 -0.038281
20.349078 -0.041178
20.354079 -0.041524
20.359080 -0.039481
20.364081 -0.040101
20.369082 -0.040601
20.374083 -0.034564
20.379084 -0.036691
20.384085 -0.035473
20.389086 -0.026591
20.394087 -0.028047
20.399088 -0.023723
20.404089 -0.017199
20.409090 -0.015480
20.414091 -0.007786
20.419092 -0.004003
20.424093 -0.001204
20.429094 0.008448
20.434095 0.008236
20.439096 0.011225
20.444097 0.016796
20.449098 0.020904
20.454099 0.023436
20.459100 0.023793
20.464101 0.030590
20.469102 0.029269
20.474103 0.032608
20.479104 0.035350
20.484105 0.031003
20.489106 0.034863
20.494107 0.033521
20.499108 0.031172
20.504109 0.032616
20.509110 0.027519
20.514111 0.030125
20.519112 0.028520
20.524113 0.024240
20.529114 0.028225
20.534115 0.022684
20.539116 0.019939
20.544117 0.020902
20.549118 0.020834
20.554119 0.021092
20.559120 0.017382
20.564121 0.015171
20.569122 0.018965
20.574123 0.017705
20.579124 0.014458
20.584125 0.017821
20.589126 0.018636
20.594127 0.017424
20.599128 0.019213
20.604129 0.019537
20.609130 0.016042
20.614131 0.020698
20.619132 0.017809
20.624133 0.015423
20.629134 0.022406
20.634135 0.016799
20.639136 0.014911
20.644137 0.016579
20.649138 0.015537
20.654139 0.016206
20.659140 0.014343
20.664141 0.009875
20.669142 0.012904
20.674143 0.013520
20.679144 0.008621
20.684145 0.012575
20.689146 0.009460
20.694147 0.009486
20.699148 0.009463
20.704149 0.007262
20.709150 0.010549
20.714151 0.007960
20.719152 0.006629
20.724153 0.006131
20.729154 0.005874
20.734155 0.002744
20.739156 0.002762
20.744157 0.001314
20.749158 -0.000307
20.754159 0.000859
20.759160 -0.001608
20.764161 -0.003822
20.769162 -0.004612
20.774163 -0.000491
20.779164 -0.008027
20.784165 -0.005334
20.789166 -0.002641
20.794167 -0.011638
20.799168 -0.007322
20.804169 -0.010960
20.809170 -0.010543
20.814171 -0.013805
20.819172 -0.017862
20.824173 -0.015569
20.829174 -0.019969
20.834175 -0.021730
20.839176 -0.023401
20.844177 -0.024584
20.849178 -0.026680
20.854179 -0.023249
20.859180 -0.028393
20.864181 -0.026161
20.869182 -0.022861
20.874183 -0.029706
20.879184 -0.020083
20.884185 -0.020953
20.889186 -0.020870
20.894187 -0.017945
20.899188 -0.017468
20.904189 -0.014491
20.909190 -0.017190
20.914191 -0.011823
20.919192 -0.015822
20.924193 -0.017558
20.929194 -0.011683
20.934195 -0.015987
20.939196 -0.017563
20.944197 -0.015086
20.949198 -0.016555
20.954199 -0.017984
20.959200 -0.017685
20.964201 -0.020345
20.969202 -0.016050
20.974203 -0.017551
20.979204 -0.021347
20.984205 -0.015774
20.989206 -0.016615
20.994207 -0.018257
20.999208 -0.018094
21.004209 -0.017063
21.009210 -0.017154
21.014211 -0.015232
21.019212 -0.014807
21.024213 -0.014208
21.029214 -0.012910
21.034215 -0.014425
21.039216 -0.009322
21.044217 -0.008545
21.049218 -0.006958
21.054219 -0.004424
21.059220 -0.004816
21.064221 -0.003768
21.069222 0.002239
21.074223 0.004031
21.079224 -0.001365
21.084225 0.005469
21.089226 0.004330
21.094227 0.003011
21.099228 0.006880
21.104229 0.002003
21.109230 0.001533
21.114231 0.004064
21.119232 0.002573
21.124233 -0.000045
21.129234 0.002277
21.134235 0.003382
21.139236 0.004734
21.144237 0.000722
21.149238 0.001206
21.154239 0.009427
21.159240 0.005863
21.164241 0.009110
21.169242 0.015932
21.174243 0.013421
21.179244 0.018303
21.184245 0.020754
21.189246 0.025977
21.194247 0.030367
21.199248 0.024382
21.204249 0.034966
21.209250 0.034550
21.214251 0.033055
21.219252 0.037700
21.224253 0.033055
21.229254 0.036541
21.234255 0.033927
21.239256 0.037266
21.244257 0.033441
21.249258 0.031266
21.254259 0.033013
21.259260 0.029250
21.264261 0.030414
21.269262 0.025043
21.274263 0.030089
21.279264 0.023389
21.284265 0.022106
21.289266 0.027643
21.294267 0.021109
21.299268 0.022424
21.304269 0.017897
21.309270 0.018429
21.314271 0.014496
21.319272 0.011995
21.324273 0.009626
21.329274 0.004396
21.334275 0.002483
21.339276 -0.006948
21.344277 -0.003587
21.349278 -0.012564
21.354279 -0.019925
21.359280 -0.017820
21.364281 -0.026435
21.369282 -0.026173
21.374283 -0.028916
21.379284 -0.034726
21.384285 -0.032683
21.389286 -0.034126
21.394287 -0.038128
21.399288 -0.034692
21.404289 -0.036948
21.409290 -0.037054
21.414291 -0.034626
21.419292 -0.034404
21.424293 -0.030071
21.429294 -0.027611
21.434295 -0.027052
21.439296 -0.026974
21.444297 -0.018181
21.449298 -0.017992
21.454299 -0.016301
21.459300 -0.011712
21.464301 -0.015020
21.469302 -0.006571
21.474303 -0.003699
21.479304 -0.005318
21.484305 -0.005719
21.489306 -0.000058
21.494307 0.002743
21.499308 -0.003396
21.504309 0.002922
21.509310 0.000891
21.514311 0.001177
21.519312 0.001897
21.524313 -0.002792
21.529314 0.003115
21.534315 -0.002297
21.539316 -0.002657
21.544317 -0.001750
21.549319 -0.003541
21.554320 -0.001049
21.559321 -0.005131
21.564322 -0.001406
21.569323 -0.000037
21.574324 -0.001833
21.579325 -0.001088
21.584326 0.000754
21.589327 0.006595
21.594328 0.004317
21.599329 0.003372
21.604330 0.009969
21.609331 0.008648
21.614332 0.008794
21.619333 0.009135
21.624334 0.006186
21.629335 0.008927
21.634336 0.008588
21.639337 0.006657
21.644338 0.004898
21.649339 0.004787
21.654340 0.003823
21.659341 0.001586
21.664342 -0.000606
21.669343 -0.002598
21.674344 -0.001287
21.679345 -0.003759
21.684346 -0.003520
21.689347 -0.004607
21.694348 -0.003663
21.699349 0.002049
21.704350 -0.001229
21.709351 0.002753
21.714352 0.010184
21.719353 0.009932
21.724354 0.012403
21.729355 0.016682
21.734356 0.019274
21.739357 0.019657
21.744358 0.022446
21.749359 0.019507
21.754360 0.017369
21.759361 0.022942
21.764362 0.015107
21.769363 0.011580
21.774364 0.014238
21.779365 0.005415
21.784366 0.001497
21.789367 0.002996
21.794368 -0.001628
21.799369 -0.005016
21.804370 -0.004293
21.809371 -0.006710
21.814372 -0.009859
21.819373 -0.009375
21.824374 -0.007783
21.829375 -0.008891
21.834376 -0.006280
21.839377 -0.006242
21.844378 -0.006233
21.849379 -0.003303
21.854380 -0.004059
21.859381 -0.000774
21.864382 -0.000173
21.869383 0.000893
21.874384 0.005588
21.879385 0.005092
21.884386 0.005778
21.889387 0.011903
21.894388 0.011934
21.899389 0.013118
21.904390 0.011888
21.909391 0.013936
21.914392 0.020971
21.919393 0.009942
21.924394 0.016335
21.929395 0.018404
21.934396 0.008250
21.939397 0.014782
21.944398 0.009998
21.949399 0.009360
21.954400 0.009327
21.959401 0.004735
21.964402 0.005059
21.969403 0.003506
21.974404 0.003082
21.979405 0.000070
21.984406 0.001053
21.989407 -0.001216
21.994408 -0.004552
21.999409 -0.002426
22.004410 -0.004027
22.009411 -0.001951
22.014412 -0.001163
22.019413 -0.004726
22.024414 -0.002295
22.029415 0.001698
22.034416 -0.001112
22.039417 0.000280
22.044418 0.004379
22.049419 0.001427
22.054420 0.002571
22.059421 0.003663
22.064422 0.004694
22.069423 0.002284
22.074424 0.002033
22.079425 0.005167
22.084426 -0.000957
22.089427 0.000369
22.094428 0.001338
22.099429 -0.002320
22.104430 -0.006241
22.109431 -0.005844
22.114432 -0.004993
22.119433 -0.013599
22.124434 -0.010370
22.129435 -0.008324
22.134436 -0.013328
22.139437 -0.014167
22.144438 -0.014979
22.149439 -0.008690
22.154440 -0.009714
22.159441 -0.014958
22.164442 -0.011184
22.169443 -0.009785
22.174444 -0.007892
22.179445 -0.009981
22.184446 -0.008465
22.189447 -0.002881
22.194448 -0.006899
22.199449 -0.006376
22.204450 -0.004249
22.209451 -0.003724
22.214452 -0.002584
22.219453 -0.006340
22.224454 -0.009732
22.229455 -0.010024
22.234456 -0.009000
22.239457 -0.013560
22.244458 -0.016847
22.249459 -0.014710
22.254460 -0.019816
22.259461 -0.023333
22.264462 -0.019801
22.269463 -0.023010
22.274464 -0.023918
22.279465 -0.019659
22.284466 -0.023184
22.289467 -0.021071
22.294468 -0.018210
22.299469 -0.019428
22.304470 -0.013010
22.309471 -0.010490
22.314472 -0.012308
22.319473 -0.006684
22.324474 -0.007277
22.329475 -0.002884
22.334476 0.005109
22.339477 -0.009336
22.344478 0.000745
22.349479 0.007754
22.354480 -0.003326
22.359481 0.005142
22.364482 0.002462
22.369483 0.002535
22.374484 0.002504
22.379485 0.003627
22.384486 0.002570
22.389487 -0.000530
22.394488 0.006296
22.399489 0.001906
22.404490 0.004210
22.409491 0.006742
22.414492 0.006251
22.419493 0.010318
22.424494 0.008139
22.429495 0.009289
22.434496 0.016521
22.439497 0.016168
22.444498 0.011918
22.449499 0.018802
22.454500 0.019678
22.459501 0.016869
22.464502 0.019848
22.469503 0.019416
22.474504 0.017805
22.479505 0.017899
22.484506 0.019692
22.489507 0.014280
22.494508 0.018587
22.499509 0.018931
22.504510 0.012393
22.509511 0.018391
22.514512 0.013810
22.519513 0.015588
22.524514 0.015813
22.529515 0.014363
22.534516 0.014665
22.539517 0.012245
22.544518 0.017798
22.549519 0.015900
22.554520 0.018499
22.559521 0.016100
22.564522 0.015581
22.569523 0.016764
22.574524 0.014572
22.579525 0.018392
22.584526 0.012273
22.589527 0.013946
22.594528 0.012806
22.599529 0.008455
22.604530 0.013025
22.609531 0.006486
22.614532 0.005323
22.619533 0.002703
22.624534 -0.001481
22.629535 0.001446
22.634536 -0.005490
22.639537 -0.007441
22.644538 -0.011331
22.649539 -0.015304
22.654540 -0.014911
22.659541 -0.019094
22.664542 -0.018627
22.669543 -0.023362
22.674544 -0.024650
22.679545 -0.023554
22.684546 -0.026475
22.689547 -0.021602
22.694548 -0.023869
22.699549 -0.024991
22.704550 -0.018875
22.709551 -0.017076
22.714552 -0.014783
22.719553 -0.012938
22.724554 -0.010199
22.729555 -0.006604
22.734556 -0.002779
22.739557 -0.004949
22.744558 -0.004212
22.749559 0.000488
22.754560 -0.002652
22.759561 -0.004282
22.764562 -0.005204
22.769563 -0.005863
22.774564 -0.005662
22.779565 -0.007830
22.784566 -0.013813
22.789567 -0.011297
22.794568 -0.007748
22.799569 -0.015404
22.804570 -0.015091
22.809571 -0.012201
22.814572 -0.012125
22.819573 -0.013263
22.824574 -0.013839
22.829575 -0.013052
22.834576 -0.013739
22.839577 -0.011236
22.844578 -0.014711
22.849579 -0.015356
22.854580 -0.012843
22.859581 -0.012597
22.864582 -0.012168
22.869583 -0.013181
22.874584 -0.009395
22.879585 -0.013177
22.884586 -0.010646
22.889587 -0.002216
22.894588 -0.007303
22.899589 -0.005343
22.904590 -0.001127
22.909591 -0.002970
22.914592 0.001544
22.919593 0.003563
22.924594 -0.001488
22.929595 0.004852
22.934596 0.007984
22.939597 0.000836
22.944598 0.006463
22.949599 0.009135
22.954600 0.008401
22.959601 0.010221
22.964602 0.011932
22.969603 0.013131
22.974604 0.011450
22.979605 0.016420
22.984606 0.015770
22.989607 0.016585
22.994608 0.018840
22.999609 0.016106
23.004610 0.018192
23.009611 0.016484
23.014612 0.017939
23.019613 0.018304
23.024614 0.013266
23.029615 0.016470
23.034616 0.015568
23.039617 0.010662
23.044618 0.011231
23.049619 0.011073
23.054620 0.010411
23.059621 0.008035
23.064622 0.009633
23.069623 0.010717
23.074624 0.006748
23.079625 0.008532
23.084626 0.010408
23.089627 0.007447
23.094628 0.011573
23.099629 0.008303
23.104630 0.004400
23.109631 0.013380
23.114632 0.005464
23.119633 0.005632
23.124634 0.008934
23.129635 0.004441
23.134636 0.007848
23.139637 0.003998
23.144638 0.003231
23.149639 0.005358
23.154640 0.004291
23.159641 -0.002172
23.164642 -0.000037
23.169643 -0.000158
23.174644 -0.004285
23.179645 -0.004612
23.184646 -0.009951
23.189647 -0.011450
23.194648 -0.012010
23.199649 -0.014187
23.204650 -0.019459
23.209651 -0.017918
23.214652 -0.021610
23.219653 -0.019380
23.224654 -0.021015
23.229655 -0.025027
23.234656 -0.016543
23.239657 -0.021701
23.244658 -0.017063
23.249659 -0.015351
23.254660 -0.014125
23.259661 -0.011954
23.264662 -0.009878
23.269663 -0.003979
23.274664 -0.009864
23.279665 -0.003980
23.284666 -0.004325
23.289667 -0.003033
23.294668 -0.000090
23.299669 -0.004144
23.304670 0.000191
23.309671 0.002273
23.314672 0.003288
23.319673 0.001809
23.324674 0.004452
23.329675 0.007522
23.334676 0.007286
23.339677 0.004781
23.344678 0.008018
23.349679 0.011511
23.354680 0.005552
23.359681 0.010466
23.364682 0.010649
23.369683 0.006105
23.374684 0.012607
23.379685 0.007308
23.384686 0.005062
23.389687 0.009426
23.394688 0.007570
23.399689 0.010466
23.404690 0.004973
23.409691 0.010153
23.414692 0.012211
23.419693 0.008345
23.424694 0.014956
23.429695 0.010294
23.434696 0.013875
23.439697 0.012856
23.444698 0.012850
23.449699 0.015520
23.454700 0.010654
23.459701 0.012605
23.464702 0.011862
23.469703 0.010363
23.474704 0.007415
23.479705 0.009541
23.484706 0.006620
23.489707 0.003172
23.494708 0.005189
23.499709 0.000561
23.504710 -0.000269
23.509711 -0.002300
23.514712 -0.003568
23.519713 -0.006706
23.524714 -0.009907
23.529715 -0.007877
23.534716 -0.013659
23.539717 -0.010912
23.544718 -0.012871
23.549719 -0.016455
23.554720 -0.010842
23.559721 -0.017525
23.564722 -0.015889
23.569723 -0.016630
23.574724 -0.014149
23.579725 -0.015280
23.584726 -0.021143
23.589727 -0.015059
23.594728 -0.019097
23.599729 -0.017490
23.604730 -0.021188
23.609731 -0.018888
23.614732 -0.015902
23.619733 -0.022508
23.624734 -0.017271
23.629735 -0.017008
23.634736 -0.015152
23.639737 -0.017854
23.644738 -0.014268
23.649739 -0.009836
23.654740 -0.014913
23.659741 -0.007978
23.664742 -0.007989
23.669743 -0.008922
23.674744 -0.003476
23.679745 -0.005598
23.684746 -0.005315
23.689747 -0.000203
23.694748 0.000485
23.699749 0.000871
23.704750 -0.000387
23.709751 0.003161
23.714752 0.007779
23.719753 0.002964
23.724754 0.008414
23.729755 0.010491
23.734756 0.007698
23.739757 0.012578
23.744758 0.010997
23.749759 0.012323
23.754760 0.013069
23.759761 0.009245
23.764762 0.012082
23.769763 0.010865
23.774764 0.008978
23.779765 0.008053
23.784766 0.002903
23.789767 0.004985
23.794768 0.003659
23.799769 -0.001051
23.804770 -0.002970
23.809771 -0.003865
23.814772 -0.001770
23.819774 -0.007682
23.824775 -0.008259
23.829776 -0.004935
23.834777 -0.010173
23.839778 -0.008376
23.844779 -0.008995
23.849780 -0.010110
23.854781 -0.006639
23.859782 -0.010926
23.864783 -0.009168
23.869784 -0.007187
23.874785 -0.004697
23.879786 -0.006213
23.884787 -0.007202
23.889788 0.002525
23.894789 -0.004767
23.899790 -0.004339
23.904791 0.001890
23.909792 0.000139
23.914793 0.001741
23.919794 -0.000730
23.924795 0.004720
23.929796 0.003953
23.934797 0.000982
23.939798 0.005778
23.944799 0.002299
23.949800 0.004880
23.954801 0.005320
23.959802 0.003517
23.964803 0.006495
23.969804 0.001896
23.974805 0.006025
23.979806 0.008090
23.984807 0.003294
23.989808 0.004648
23.994809 0.008419
23.999810 0.009589
24.004811 0.006548
24.009812 0.009648
24.014813 0.012098
24.019814 0.010873
24.024815 0.014358
24.029816 0.015222
24.034817 0.014980
24.039818 0.018131
24.044819 0.016311
24.049820 0.020356
24.054821 0.021063
24.059822 0.015279
24.064823 0.021985
24.069824 0.022252
24.074825 0.016723
24.079826 0.018247
24.084827 0.017716
24.089828 0.015706
24.094829 0.014535
24.099830 0.013597
24.104831 0.009814
24.109832 0.008790
24.114833 0.009122
24.119834 0.006952
24.124835 0.004093
24.129836 0.000597
24.134837 0.006070
24.139838 0.001144
24.144839 -0.002573
24.149840 0.000641
24.154841 -0.000208
24.159842 -0.000051
24.164843 -0.004519
24.169844 0.000823
24.174845 -0.002159
24.179846 -0.002585
24.184847 -0.000097
24.189848 -0.006409
24.194849 -0.002273
24.199850 -0.000874
24.204851 -0.005397
24.209852 -0.006849
24.214853 -0.002595
24.219854 -0.005910
24.224855 -0.004999
24.229856 -0.001931
24.234857 -0.005536
24.239858 -0.004074
24.244859 -0.006509
24.249860 -0.006518
24.254861 -0.004779
24.259862 -0.005176
24.264863 -0.008756
24.269864 -0.009640
24.274865 -0.006349
24.279866 -0.011404
24.284867 -0.010767
24.289868 -0.008265
24.294869 -0.011430
24.299870 -0.010244
24.304871 -0.011341
24.309872 -0.010414
24.314873 -0.010212
24.319874 -0.012780
24.324875 -0.010425
24.329876 -0.009685
24.334877 -0.009923
24.339878 -0.009926
24.344879 -0.008463
24.349880 -0.007734
24.354881 -0.009558
24.359882 -0.006169
24.364883 -0.005858
24.369884 -0.009185
24.374885 -0.002725
24.379886 -0.007617
24.384887 -0.010643
24.389888 -0.002684
24.394889 -0.006105
24.399890 -0.007434
24.404891 -0.008285
24.409892 -0.004853
24.414893 -0.006295
24.419894 -0.007808
24.424895 -0.005755
24.429896 -0.010456
24.434897 -0.006065
24.439898 -0.006701
24.444899 -0.010689
24.449900 -0.005660
24.454901 -0.006536
24.459902 -0.010727
24.464903 -0.005630
24.469904 -0.007438
24.474905 -0.007993
24.479906 -0.006128
24.484907 -0.006120
24.489908 -0.003142
24.494909 -0.008468
24.499910 -0.006358
24.504911 -0.004760
24.509912 -0.000024
24.514913 -0.002494
24.519914 -0.008854
24.524915 -0.000617
24.529916 -0.003259
24.534917 -0.000658
24.539918 -0.002811
24.544919 -0.006501
24.549920 -0.000293
24.554921 -0.003229
24.559922 -0.002393
24.564923 -0.002490
24.569924 -0.001467
24.574925 -0.001013
24.579926 -0.000017
24.584927 0.001788
24.589928 0.001049
24.594929 0.002106
24.599930 0.004138
24.604931 0.005308
24.609932 0.000326
24.614933 0.005372
24.619934 0.002280
24.624935 0.003407
24.629936 0.002904
24.634937 -0.003726
24.639938 0.004536
24.644939 -0.005418
24.649940 -0.000893
24.654941 0.001289
24.659942 -0.008648
24.664943 -0.004783
24.669944 -0.003267
24.674945 -0.005399
24.679946 -0.008797
24.684947 -0.004441
24.689948 -0.006078
24.694949 -0.002650
24.699950 -0.003699
24.704951 -0.007806
24.709952 -0.002487
24.714953 -0.000203
24.719954 -0.000472
24.724955 -0.001067
24.729956 0.001091
24.734957 0.001873
24.739958 0.006858
24.744959 0.004218
24.749960 0.010241
24.754961 0.013994
24.759962 0.007684
24.764963 0.015593
24.769964 0.016209
24.774965 0.017933
24.779966 0.020464
24.784967 0.015378
24.789968 0.020720
24.794969 0.023964
24.799970 0.014557
24.804971 0.019847
24.809972 0.021806
24.814973 0.013430
24.819974 0.017867
24.824975 0.013655
24.829976 0.016528
24.834977 0.015067
24.839978 0.007522
24.844979 0.014504
24.849980 0.012550
24.854981 0.012304
24.859982 0.010211
24.864983 0.014378
24.869984 0.011154
24.874985 0.008899
24.879986 0.018764
24.884987 0.010038
24.889988 0.016302
24.894989 0.016950
24.899990 0.012478
24.904991 0.016943
24.909992 0.016511
24.914993 0.018727
24.919994 0.014416
24.924995 0.018483
24.929996 0.016841
24.934997 0.014623
24.939998 0.016246
24.944999 0.013781
24.950000 0.015475
0.000000 0.000000
0.005001 0.000055
0.010001 -0.000800
0.015002 -0.000800
0.020003 -0.000800
0.025003 0.000055
0.030004 -0.000800
0.035005 0.000055
0.040005 0.000055
0.045006 0.000911
0.050007 0.000055
0.055007 0.000055
0.060008 0.000055
0.065009 0.000055
0.070009 0.000055
0.075010 -0.000800
0.080011 0.000055
0.085011 0.000055
0.090012 -0.000800
0.095013 -0.000800
0.100013 -0.000800
0.105014 0.000055
0.110015 0.000055
0.115015 0.000055
0.120016 0.000055
0.125017 0.000911
0.130017 0.000055
0.135018 0.000055
0.140019 0.000055
0.145019 0.000055
0.150020 -0.000800
0.155021 -0.000800
0.160021 -0.000800
0.165022 0.000055
0.170023 -0.000800
0.175023 -0.000800
0.180024 0.000055
0.185025 0.000055
0.190025 0.000055
0.195026 0.000055
0.200027 0.000055
0.205027 0.000055
0.210028 0.000055
0.215029 -0.000800
0.220029 0.000055
0.225030 0.000055
0.230030 -0.000800
0.235031 -0.000800
0.240032 0.000055
0.245032 0.000055
0.250033 0.000055
0.255034 0.000055
0.260034 0.000055
0.265035 0.000910
0.270036 0.000055
0.275036 0.000055
0.280037 0.000055
0.285038 0.000055
0.290038 0.000055
0.295039 -0.000800
0.300040 0.000055
0.305040 0.000055
0.310041 -0.000800
0.315042 -0.000800
0.320042 0.000055
0.325043 0.000055
0.330044 0.000055
0.335044 0.000055
0.340045 0.000055
0.345046 0.000055
0.350046 0.000055
0.355047 0.000055
0.360048 0.000055
0.365048 0.000055
0.370049 -0.000800
0.375050 -0.000800
0.380050 -0.000800
0.385051 0.000055
0.390052 0.000055
0.395052 0.000055
0.400053 0.000055
0.405054 0.000910
0.410054 0.000055
0.415055 0.000055
0.420056 0.000055
0.425056 0.000055
0.430057 0.000055
0.435058 -0.000800
0.440058 0.000055
0.445059 0.000055
0.450060 -0.000800
0.455060 -0.000800
0.460061 0.000055
0.465062 0.000055
0.470062 0.000055
0.475063 0.000055
0.480064 0.000055
0.485064 0.000910
0.490065 0.000055
0.495066 0.000055
0.500066 0.000055
0.505067 0.000055
0.510068 -0.000800
0.515068 -0.000800
0.520069 -0.000800
0.525070 0.000055
0.530070 -0.000800
0.535071 -0.000800
0.540072 0.000055
0.545072 0.000910
0.550073 0.000055
0.555074 0.000055
0.560074 0.000055
0.565075 0.000055
0.570076 0.000055
0.575076 -0.000800
0.580077 0.000055
0.585078 0.000055
0.590078 -0.000800
0.595079 -0.000800
0.600080 0.000055
0.605080 0.000055
0.610081 0.000055
0.615082 0.000055
0.620082 0.000910
0.625083 0.000910
0.630084 0.000055
0.635084 0.000055
0.640085 0.000055
0.645086 0.000055
0.650086 -0.000800
0.655087 -0.000800
0.660088 -0.000800
0.665088 0.000055
0.670089 -0.000800
0.675090 -0.000800
0.680090 0.000055
0.685091 0.000055
0.690091 0.000055
0.695092 0.000055
0.700093 0.000055
0.705093 0.000055
0.710094 0.000055
0.715095 -0.000800
0.720095 0.000055
0.725096 0.000055
0.730097 -0.000800
0.735097 -0.000800
0.740098 0.000055
0.745099 0.000055
0.750099 0.000055
0.755100 0.000055
0.760101 0.000910
0.765101 0.000910
0.770102 0.000055
0.775103 0.000055
0.780103 0.000055
0.785104 0.000055
0.790105 0.000055
0.795105 -0.000801
0.800106 0.000055
0.805107 0.000055
0.810107 0.000055
0.815108 -0.000801
0.820109 0.000055
0.825109 0.000910
0.830110 0.000055
0.835111 0.000055
0.840111 0.000055
0.845112 0.000910
0.850113 0.000055
0.855113 0.000055
0.860114 0.000055
0.865115 0.000055
0.870115 0.000055
0.875116 -0.000801
0.880117 0.000055
0.885117 0.000055
0.890118 0.000055
0.895119 0.000055
0.900119 0.000055
0.905120 0.000910
0.910121 0.000055
0.915121 0.000055
0.920122 0.000055
0.925123 0.000055
0.930123 0.000055
0.935124 -0.000801
0.940125 0.000055
0.945125 0.000055
0.950126 -0.000801
0.955127 -0.000801
0.960127 0.000055
0.965128 0.000055
0.970129 0.000055
0.975129 0.000055
0.980130 0.000910
0.985131 0.000910
0.990131 0.000055
0.995132 0.000055
1.000133 0.000055
1.005133 0.000055
1.010134 0.000055
1.015135 -0.000801
1.020135 0.000054
1.025136 0.000054
1.030137 -0.000801
1.035137 0.000054
1.040138 0.000054
1.045139 0.000910
1.050139 0.000054
1.055140 0.000054
1.060141 0.000054
1.065141 0.000054
1.070142 0.000054
1.075143 -0.000801
1.080143 0.000054
1.085144 0.000054
1.090145 -0.000801
1.095145 -0.000801
1.100146 0.000054
1.105147 0.000054
1.110147 0.000054
1.115148 0.000054
1.120149 0.000910
1.125149 0.000910
1.130150 0.000054
1.135151 0.000054
1.140151 0.000054
1.145152 0.000054
1.150152 -0.000801
1.155153 -0.000801
1.160154 0.000054
1.165154 0.000054
1.170155 -0.000801
1.175156 -0.000801
1.180156 0.000054
1.185157 0.000054
1.190158 0.000054
1.195158 0.000054
1.200159 0.000054
1.205160 0.000054
1.210160 0.000054
1.215161 0.000054
1.220162 0.000054
1.225162 0.000054
1.230163 0.000054
1.235164 -0.000801
1.240164 0.000054
1.245165 0.000054
1.250166 0.000054
1.255166 0.000054
1.260167 0.000054
1.265168 0.000909
1.270168 0.000054
1.275169 0.000054
1.280170 0.000054
1.285170 0.000054
1.290171 -0.000801
1.295172 -0.000801
1.300172 0.000054
1.305173 0.000054
1.310174 -0.000801
1.315174 -0.000801
1.320175 0.000054
1.325176 0.000054
1.330176 0.000054
1.335177 0.000054
1.340178 0.000909
1.345178 0.000909
1.350179 0.000054
1.355180 0.000054
1.360180 0.000054
1.365181 0.000054
1.370182 0.000054
1.375182 -0.000801
1.380183 0.000054
1.385184 0.000054
1.390184 0.000054
1.395185 0.000054
1.400186 0.000054
1.405186 0.000909
1.410187 0.000054
1.415188 0.000054
1.420188 0.000054
1.425189 0.000054
1.430190 0.000054
1.435190 -0.000801
1.440191 0.000054
1.445192 0.000054
1.450192 -0.000801
1.455193 -0.000801
1.460194 0.000054
1.465194 0.000054
1.470195 0.000054
1.475196 0.000054
1.480196 0.000909
1.485197 0.000909
1.490198 0.000054
1.495198 0.000054
1.500199 0.000054
1.505200 0.000054
1.510200 -0.000801
1.515201 -0.000801
1.520202 0.000054
1.525202 0.000054
1.530203 -0.000801
1.535204 -0.000801
1.540204 0.000054
1.545205 0.000054
1.550206 0.000054
1.555206 0.000054
1.560207 0.000054
1.565208 0.000054
1.570208 0.000054
1.575209 0.000054
1.580210 0.000054
1.585210 0.000054
1.590211 -0.000801
1.595212 -0.000801
1.600212 0.000054
1.605213 0.000054
1.610213 0.000054
1.615214 0.000054
1.620215 0.000054
1.625215 0.000909
1.630216 0.000054
1.635217 0.000054
1.640217 0.000054
1.645218 0.000054
1.650219 0.000054
1.655219 -0.000801
1.660220 0.000054
1.665221 0.000054
1.670221 -0.000801
1.675222 -0.000801
1.680223 0.000054
1.685223 0.000054
1.690224 0.000054
1.695225 0.000054
1.700225 0.000054
1.705226 0.000054
1.710227 0.000054
1.715227 0.000054
1.720228 0.000054
1.725229 0.000054
1.730229 -0.000801
1.735230 -0.000801
1.740231 0.000054
1.745231 0.000054
1.750232 0.000054
1.755233 0.000054
1.760233 0.000054
1.765234 0.000909
1.770235 0.000054
1.775235 0.000054
1.780236 0.000054
1.785237 0.000054
1.790237 0.000054
1.795238 -0.000801
1.800239 0.000054
1.805239 0.000054
1.810240 -0.000801
1.815241 -0.000801
1.820241 0.000054
1.825242 0.000054
1.830243 0.000054
1.835243 0.000054
1.840244 0.000909
1.845245 0.000909
1.850245 0.000054
1.855246 0.000054
1.860247 0.000054
1.865247 0.000054
1.870248 0.000054
1.875249 -0.000802
1.880249 0.000054
1.885250 0.000054
1.890251 -0.000802
1.895251 0.000054
1.900252 0.000054
1.905253 0.000909
1.910253 0.000909
1.915254 0.000054
1.920255 0.000909
1.925255 0.000054
1.930256 0.000054
1.935257 0.000054
1.940257 0.000054
1.945258 0.000054
1.950259 -0.000802
1.955259 -0.000802
1.960260 0.000054
1.965261 0.000054
1.970261 0.000054
1.975262 0.000054
1.980263 0.000909
1.985263 0.000909
1.990264 0.000054
1.995265 0.000054
2.000265 0.000054
2.005266 0.000054
2.010267 0.000054
2.015267 -0.000802
2.020268 0.000054
2.025269 0.000054
2.030269 -0.000802
2.035270 -0.000802
2.040271 0.000054
2.045271 0.000054
2.050272 0.000054
2.055273 0.000054
2.060273 0.000909
2.065274 0.000909
2.070274 0.000054
2.075275 0.000054
2.080276 0.000054
2.085276 0.000053
2.090277 -0.000802
2.095278 -0.000802
2.100278 0.000053
2.105279 0.000053
2.110280 0.000053
2.115280 -0.000199
2.120281 0.000053
2.125282 0.000909
2.130282 0.000053
2.135283 0.000053
2.140284 0.000053
2.145284 0.000053
2.150285 0.000053
2.155286 -0.000802
2.160286 0.000053
2.165287 0.000053
2.170288 -0.000802
2.175288 -0.000802
2.180289 0.000053
2.185290 0.000053
2.190290 0.000053
2.195291 0.000053
2.200292 0.000053
2.205292 0.000909
2.210293 0.000053
2.215294 0.000053
2.220294 0.000053
2.225295 0.000053
2.230296 0.000053
2.235296 -0.000802
2.240297 0.000053
2.245298 0.000053
2.250298 -0.000802
2.255299 0.000053
2.260300 0.000053
2.265300 0.000909
2.270301 0.000053
2.275302 0.000053
2.280302 0.000053
2.285303 0.000053
2.290304 0.000053
2.295304 -0.000802
2.300305 0.000053
2.305306 0.000053
2.310306 -0.000802
2.315307 -0.001054
2.320308 0.000053
2.325308 0.000053
2.330309 0.000053
2.335310 0.000053
2.340310 0.000908
2.345311 0.000908
2.350312 0.000053
2.355312 0.000053
2.360313 0.000053
2.365314 0.000053
2.370314 -0.000802
2.375315 -0.000802
2.380316 0.000053
2.385316 0.000053
2.390317 -0.000802
2.395318 -0.000802
2.400318 0.000053
2.405319 0.000053
2.410320 0.000053
2.415320 0.000053
2.420321 0.000053
2.425322 0.000053
2.430322 0.000053
2.435323 0.000053
2.440324 0.000053
2.445324 0.000053
2.450325 -0.000802
2.455326 -0.000802
2.460326 -0.000802
2.465327 0.000053
2.470328 0.000053
2.475328 0.000053
2.480329 0.000908
2.485330 0.000908
2.490330 0.000053
2.495331 0.000053
2.500332 0.000053
2.505332 0.000053
2.510333 -0.000802
2.515334 -0.000802
2.520334 0.000053
2.525335 0.000053
2.530335 -0.000802
2.535336 -0.000802
2.540337 0.000053
2.545337 0.000053
2.550338 0.000053
2.555339 0.000053
2.560339 0.000053
2.565340 0.000053
2.570341 0.000053
2.575341 0.000053
2.580342 0.000053
2.585343 0.000053
2.590343 -0.000802
2.595344 -0.000802
2.600345 0.000053
2.605345 0.000053
2.610346 0.000053
2.615347 0.000053
2.620347 0.000053
2.625348 0.000908
2.630349 0.000053
2.635349 0.000053
2.640350 0.000053
2.645351 0.000053
2.650351 0.000053
2.655352 -0.000802
2.660353 0.000053
2.665353 0.000053
2.670354 -0.000802
2.675355 -0.000802
2.680355 0.000053
2.685356 0.000053
2.690357 0.000053
2.695357 0.000053
2.700358 0.000053
2.705359 0.000908
2.710359 0.000053
2.715360 0.000053
2.720361 0.000053
2.725361 0.000053
2.730362 -0.000802
2.735363 -0.000802
2.740363 0.000053
2.745364 0.000053
2.750365 -0.000802
2.755365 0.000053
2.760366 0.000053
2.765367 0.000053
2.770367 0.000053
2.775368 0.000053
2.780369 0.000053
2.785369 0.000053
2.790370 0.000053
2.795371 -0.000802
2.800371 0.000053
2.805372 0.000053
2.810373 -0.000802
2.815373 -0.000802
2.820374 0.000053
2.825375 0.000053
2.830375 0.000053
2.835376 0.000053
2.840377 0.000908
2.845377 0.000908
2.850378 0.000053
2.855379 0.000053
2.860379 0.000053
2.865380 0.000053
2.870381 -0.000802
2.875381 -0.000802
2.880382 0.000053
2.885383 0.000053
2.890383 -0.000802
2.895384 0.000053
2.900385 0.000053
2.905385 0.000053
2.910386 0.000053
2.915387 0.000053
2.920387 0.000908
2.925388 0.000908
2.930389 0.000053
2.935389 0.000053
2.940390 0.000053
2.945391 0.000053
2.950391 -0.000803
2.955392 -0.000803
2.960393 0.000053
2.965393 0.000053
2.970394 0.000053
2.975395 0.000053
2.980395 0.000053
2.985396 0.000908
2.990396 0.000053
2.995397 0.000053
3.000398 0.000053
3.005398 0.000053
3.010399 0.000053
3.015400 -0.000803
3.020400 0.000053
3.025401 0.000053
3.030402 -0.000803
3.035402 -0.000803
3.040403 0.000053
3.045404 0.000053
3.050404 0.000053
3.055405 0.000053
3.060406 0.000908
3.065406 0.000908
3.070407 0.000053
3.075408 0.000053
3.080408 0.000053
3.085409 0.000053
3.090410 -0.000803
3.095410 -0.000803
3.100411 0.000053
3.105412 0.000053
3.110412 0.000053
3.115413 0.000053
3.120414 0.000053
3.125414 0.000908
3.130415 0.000053
3.135416 0.000053
3.140416 0.000053
3.145417 0.000053
3.150418 0.000052
3.155418 -0.000803
3.160419 0.000052
3.165420 0.000052
3.170420 -0.000803
3.175421 -0.000803
3.180422 0.000052
3.185422 0.000052
3.190423 0.000052
3.195424 0.000052
3.200424 0.000908
3.205425 0.000908
3.210426 0.000052
3.215426 0.000052
3.220427 0.000052
3.225428 0.000052
3.230428 -0.000803
3.235429 -0.000803
3.240430 0.000052
3.245430 0.000052
3.250431 -0.000803
3.255432 0.000052
3.260432 0.000052
3.265433 0.000052
3.270434 0.000052
3.275434 0.000052
3.280435 0.000052
3.285436 0.000052
3.290436 0.000052
3.295437 0.000052
3.300438 0.000052
3.305438 0.000052
3.310439 -0.000803
3.315440 -0.000803
3.320440 0.000052
3.325441 0.000052
3.330442 0.000052
3.335442 0.000052
3.340443 0.000908
3.345444 0.000908
3.350444 0.000052
3.355445 0.000052
3.360446 0.000052
3.365446 0.000052
3.370447 -0.000803
3.375448 -0.000803
3.380448 0.000052
3.385449 0.000052
3.390450 -0.000803
3.395450 -0.000803
3.400451 0.000052
3.405452 0.000052
3.410452 0.000052
3.415453 0.000052
3.420454 0.000907
3.425454 0.000907
3.430455 0.000052
3.435456 0.000052
3.440456 0.000052
3.445457 0.000052
3.450457 -0.000803
3.455458 -0.000803
3.460459 0.000052
3.465459 0.000052
3.470460 0.000052
3.475461 0.000052
3.480461 0.000052
3.485462 0.000907
3.490463 0.000052
3.495463 0.000052
3.500464 0.000052
3.505465 0.000052
3.510465 0.000052
3.515466 -0.000803
3.520467 0.000052
3.525467 0.000052
3.530468 -0.000803
3.535469 -0.000803
3.540469 0.000052
3.545470 0.000052
3.550471 0.000052
3.555471 -0.000200
3.560472 0.000907
3.565473 0.000907
3.570473 0.000052
3.575474 -0.000200
3.580475 0.000052
3.585475 0.000052
3.590476 -0.000803
3.595477 -0.001055
3.600477 0.000052
3.605478 0.000052
3.610479 -0.000803
3.615479 -0.000200
3.620480 0.000052
3.625481 0.000907
3.630481 0.000052
3.635482 -0.000200
3.640483 0.000052
3.645483 0.000052
3.650484 0.000052
3.655485 -0.000803
3.660485 0.000052
3.665486 0.000052
3.670487 -0.000803
3.675487 -0.000803
3.680488 0.000052
3.685489 0.000052
3.690489 0.000052
3.695490 0.000052
3.700491 0.000907
3.705491 0.000907
3.710492 0.000052
3.715493 0.000052
3.720493 0.000052
3.725494 0.000052
3.730495 -0.000803
3.735495 -0.001055
3.740496 0.000052
3.745497 0.000052
3.750497 -0.000803
3.755498 -0.000200
3.760499 0.000052
3.765499 0.000052
3.770500 0.000052
3.775501 -0.000200
3.780501 0.000052
3.785502 0.000052
3.790503 0.000052
3.795503 -0.000200
3.800504 0.000052
3.805505 0.000052
3.810505 -0.000803
3.815506 -0.001055
3.820507 0.000052
3.825507 0.000052
3.830508 0.000052
3.835509 -0.000200
3.840509 0.000907
3.845510 0.000907
3.850511 0.000052
3.855511 0.000052
3.860512 0.000052
3.865513 0.000052
3.870513 0.000052
3.875514 -0.000803
3.880515 0.000052
3.885515 0.000052
3.890516 -0.000803
3.895517 -0.001056
3.900517 0.000052
3.905518 0.000052
3.910518 0.000052
3.915519 -0.000200
3.920520 0.000907
3.925520 0.000907
3.930521 0.000052
3.935522 -0.000200
3.940522 0.000052
3.945523 0.000052
3.950524 0.000052
3.955524 -0.001056
3.960525 0.000052
3.965526 0.000052
3.970526 0.000052
3.975527 -0.000200
3.980528 0.000052
3.985528 0.000907
3.990529 0.000052
3.995530 -0.000200
4.000530 0.000052
4.005531 0.000052
4.010532 0.000052
4.015532 -0.000804
4.020533 0.000052
4.025534 0.000052
4.030534 -0.000804
4.035535 -0.001056
4.040536 0.000052
4.045536 0.000052
4.050537 0.000052
4.055538 -0.000200
4.060538 0.000907
4.065539 0.000907
4.070540 0.000052
4.075540 -0.000200
4.080541 0.000052
4.085542 0.000052
4.090542 0.000052
4.095543 -0.001056
4.100544 0.000052
4.105544 0.000052
4.110545 -0.000804
4.115546 -0.000200
4.120546 0.000052
4.125547 0.000052
4.130548 0.000052
4.135548 -0.000201
4.140549 0.000052
4.145550 0.000052
4.150550 0.000052
4.155551 -0.000201
4.160552 0.000052
4.165552 0.000052
4.170553 -0.000804
4.175554 -0.001056
4.180554 0.000052
4.185555 0.000052
4.190556 0.000052
4.195556 0.000052
4.200557 0.000907
4.205558 0.000907
4.210558 0.000051
4.215559 0.000051
4.220560 0.000051
4.225560 0.000051
4.230561 -0.000804
4.235562 -0.000804
4.240562 0.000051
4.245563 0.000051
4.250564 -0.000804
4.255564 -0.000804
4.260565 0.000051
4.265566 0.000051
4.270566 0.000051
4.275567 0.000051
4.280568 0.000051
4.285568 0.000051
4.290569 0.000051
4.295570 0.000051
4.300570 0.000051
4.305571 0.000051
4.310572 -0.000804
4.315572 -0.000804
4.320573 0.000051
4.325574 0.000051
4.330574 0.000051
4.335575 0.000051
4.340576 0.000907
4.345576 0.000907
4.350577 0.000051
4.355578 0.000051
4.360578 0.000051
4.365579 0.000051
4.370579 0.000051
4.375580 -0.000804
4.380581 0.000051
4.385581 0.000051
4.390582 -0.000804
4.395583 -0.000804
4.400583 0.000051
4.405584 0.000051
4.410585 0.000051
4.415585 0.000051
4.420586 0.000051
4.425587 0.000051
4.430587 0.000051
4.435588 0.000051
4.440589 0.000051
4.445589 0.000051
4.450590 -0.000804
4.455591 -0.000804
4.460591 0.000051
4.465592 0.000051
4.470593 0.000051
4.475593 0.000051
4.480594 0.000051
4.485595 0.000906
4.490595 0.000051
4.495596 0.000051
4.500597 0.000051
4.505597 0.000051
4.510598 0.000051
4.515599 -0.000804
4.520599 0.000051
4.525600 0.000051
4.530601 -0.000804
4.535601 -0.001056
4.540602 0.000051
4.545603 0.000051
4.550603 0.000051
4.555604 -0.000201
4.560605 0.000906
4.565605 0.000906
4.570606 0.000051
4.575607 -0.000201
4.580607 0.000051
4.585608 0.000051
4.590609 -0.000804
4.595609 -0.000804
4.600610 0.000051
4.605611 0.000051
4.610611 -0.000804
4.615612 0.000051
4.620613 0.000051
4.625613 0.000051
4.630614 0.000051
4.635615 -0.000201
4.640615 0.000051
4.645616 0.000051
4.650617 0.000051
4.655617 0.000051
4.660618 0.000051
4.665619 0.000051
4.670619 -0.000804
4.675620 -0.000804
4.680621 0.000051
4.685621 0.000051
4.690622 0.000051
4.695623 -0.000201
4.700623 0.000906
4.705624 0.000906
4.710625 0.000051
4.715625 -0.000201
4.720626 0.000051
4.725627 0.000051
4.730627 -0.000804
4.735628 -0.001056
4.740629 0.000051
4.745629 0.000051
4.750630 -0.000804
4.755631 -0.001056
4.760631 0.000051
4.765632 0.000051
4.770633 0.000051
4.775633 -0.000201
4.780634 0.000051
4.785635 0.000051
4.790635 0.000051
4.795636 -0.000201
4.800637 0.000051
4.805637 0.000051
4.810638 -0.000804
4.815639 -0.001056
4.820639 0.000051
4.825640 0.000051
4.830640 0.000051
4.835641 0.000051
4.840642 0.000051
4.845642 0.000906
4.850643 0.000051
4.855644 0.000051
4.860644 0.000051
4.865645 0.000051
4.870646 0.000051
4.875646 -0.000804
4.880647 0.000051
4.885648 0.000051
4.890648 -0.000804
4.895649 -0.000804
4.900650 0.000051
4.905650 0.000051
4.910651 0.000051
4.915652 0.000051
4.920652 0.000906
4.925653 0.000906
4.930654 0.000051
4.935654 0.000051
4.940655 0.000051
4.945656 0.000051
4.950656 -0.001561
4.955657 -0.002317
4.960658 0.000402
4.965658 0.002517
4.970659 0.002418
4.975660 0.003679
4.980660 0.001212
4.985661 -0.005333
4.990662 -0.006242
4.995662 -0.006899
5.000663 -0.006197
5.005664 0.000195
5.010664 0.004777
5.015665 0.007901
5.020666 0.012537
5.025666 0.009170
5.030667 -0.000291
5.035668 -0.008700
5.040668 -0.014443
5.045669 -0.014047
5.050670 -0.005999
5.055670 0.004318
5.060671 0.010259
5.065672 0.013032
5.070672 0.009314
5.075673 0.004336
5.080674 -0.001048
5.085674 -0.007943
5.090675 -0.009105
5.095676 -0.006242
5.100676 -0.001264
5.105677 0.000546
5.110678 0.002760
5.115678 0.003922
5.120679 0.000555
5.125680 0.000006
5.130680 0.000258
5.135681 -0.002866
5.140682 -0.003928
5.145682 -0.001417
5.150683 0.001149
5.155684 0.003012
5.160684 0.004678
5.165685 0.007856
5.170686 0.004840
5.175686 -0.005027
5.180687 -0.008655
5.185688 -0.010824
5.190688 -0.011383
5.195689 -0.000814
5.200690 0.012177
5.205690 0.020495
5.210691 0.018398
5.215692 0.004012
5.220692 -0.022419
5.225693 -0.057979
5.230694 -0.083384
5.235694 -0.069782
5.240695 -0.026868
5.245696 0.029263
5.250696 0.093378
5.255697 0.145935
5.260698 0.155757
5.265698 0.104003
5.270699 0.011539
5.275700 -0.075524
5.280700 -0.121482
5.285701 -0.123103
5.290701 -0.084699
5.295702 -0.018937
5.300703 0.033322
5.305703 0.044288
5.310704 0.048267
5.315705 0.030650
5.320705 0.005516
5.325706 -0.008222
5.330707 -0.019628
5.335707 -0.021582
5.340708 -0.016838
5.345709 -0.027984
5.350709 -0.026525
5.355710 -0.014327
5.360711 -0.010275
5.365711 0.013095
5.370712 0.063131
5.375713 0.094594
5.380713 0.088257
5.385714 0.042902
5.390715 -0.025363
5.395715 -0.088444
5.400716 -0.102388
5.405717 -0.076056
5.410717 -0.035374
5.415718 0.010133
5.420719 0.028498
5.425719 0.018712
5.430720 0.011393
5.435721 0.005136
5.440721 0.007756
5.445722 0.038031
5.450723 0.065948
5.455723 0.071872
5.460724 0.045117
5.465725 -0.034707
5.470725 -0.125731
5.475726 -0.186282
5.480727 -0.176371
5.485727 -0.076633
5.490728 0.043819
5.495729 0.144323
5.500729 0.194449
5.505730 0.142892
5.510731 0.055983
5.515731 -0.004270
5.520732 -0.069628
5.525733 -0.092819
5.530733 -0.053848
5.535734 0.002804
5.540735 0.044135
5.545735 0.046386
5.550736 0.017488
5.555737 -0.020016
5.560737 -0.042098
5.565738 -0.039650
5.570739 -0.004514
5.575739 0.021404
5.580740 0.030541
5.585741 0.024248
5.590741 -0.013265
5.595742 -0.046942
5.600743 -0.053406
5.605743 -0.015451
5.610744 0.034602
5.615745 0.055901
5.620745 0.082593
5.625746 0.081630
5.630747 0.044855
5.635747 0.009557
5.640748 -0.030882
5.645749 -0.069718
5.650749 -0.091864
5.655750 -0.072608
5.660751 -0.029145
5.665751 -0.001436
5.670752 0.013706
5.675753 0.019954
5.680753 -0.001426
5.685754 -0.015650
5.690755 -0.007323
5.695755 -0.004694
5.700756 0.003210
5.705757 0.010340
5.710757 0.025212
5.715758 0.045116
5.720759 0.043486
5.725759 0.035033
5.730760 0.018235
5.735761 -0.004946
5.740761 -0.006387
5.745762 0.005146
5.750762 -0.001948
5.755763 -0.022078
5.760764 -0.042918
5.765764 -0.061500
5.770765 -0.061761
5.775766 -0.039669
5.780766 -0.010123
5.785767 0.013635
5.790768 0.031955
5.795768 0.050680
5.800769 0.046863
5.805770 0.023267
5.810770 0.009233
5.815771 -0.018045
5.820772 -0.029973
5.825772 -0.017793
5.830773 -0.022681
5.835774 -0.033214
5.840774 -0.032836
5.845775 -0.006738
5.850776 0.029892
5.855776 0.054001
5.860777 0.061914
5.865778 0.058061
5.870778 0.037509
5.875779 0.004678
5.880780 -0.015992
5.885780 -0.029036
5.890781 -0.030720
5.895782 -0.010213
5.900782 0.017343
5.905783 0.034142
5.910784 0.035096
5.915784 0.020152
5.920785 0.001733
5.925786 -0.015030
5.930786 -0.037383
5.935787 -0.049113
5.940788 -0.038031
5.945788 -0.017127
5.950789 0.012536
5.955790 0.028705
5.960790 0.020711
5.965791 0.005065
5.970792 -0.008970
5.975792 -0.019584
5.980793 -0.031971
5.985794 -0.027164
5.990794 -0.011744
5.995795 -0.004821
6.000796 -0.001202
6.005796 0.012905
6.010797 0.018019
6.015798 0.007837
6.020798 0.002832
6.025799 0.006568
6.030800 0.008225
6.035800 -0.005387
6.040801 -0.023545
6.045802 -0.028371
6.050802 -0.009025
6.055803 0.022429
6.060804 0.057485
6.065804 0.078713
6.070805 0.057207
6.075806 0.005578
6.080806 -0.041901
6.085807 -0.074797
6.090808 -0.083727
6.095808 -0.060231
6.100809 -0.015381
6.105810 0.031801
6.110810 0.070890
6.115811 0.079425
6.120812 0.051805
6.125812 0.014148
6.130813 -0.011095
6.135814 -0.002363
6.140814 0.021430
6.145815 0.020467
6.150816 -0.005055
6.155816 -0.043162
6.160817 -0.081414
6.165818 -0.088805
6.170818 -0.075814
6.175819 -0.051705
6.180820 -0.015165
6.185820 0.031549
6.190821 0.079433
6.195822 0.097123
6.200822 0.068955
6.205823 0.020846
6.210823 -0.017514
6.215824 -0.037769
6.220825 -0.035483
6.225825 -0.017298
6.230826 -0.008674
6.235827 -0.006280
6.240827 -0.004516
6.245828 -0.007405
6.250829 -0.004641
6.255829 0.009493
6.260830 0.036348
6.265831 0.064094
6.270831 0.059718
6.275832 0.024582
6.280833 -0.017361
6.285833 -0.046925
6.290834 -0.042919
6.295835 -0.013598
6.300835 0.021367
6.305836 0.045367
6.310837 0.039372
6.315837 0.019233
6.320838 0.009520
6.325839 0.003947
6.330839 -0.000914
6.335840 -0.005730
6.340841 -0.024500
6.345841 -0.060042
6.350842 -0.096898
6.355843 -0.101048
6.360843 -0.068154
6.365844 -0.012501
6.370845 0.049760
6.375845 0.101470
6.380846 0.123446
6.385847 0.097357
6.390847 0.044324
6.395848 -0.006315
6.400849 -0.042721
6.405849 -0.060303
6.410850 -0.058557
6.415851 -0.043424
6.420851 -0.024618
6.425852 -0.021557
6.430853 -0.025023
6.435853 -0.017605
6.440854 0.006171
6.445855 0.037589
6.450855 0.058484
6.455856 0.070268
6.460857 0.065848
6.465857 0.035510
6.470858 -0.012194
6.475859 -0.051543
6.480859 -0.061149
6.485860 -0.056008
6.490861 -0.050220
6.495861 -0.041172
6.500862 -0.036968
6.505863 -0.037446
6.510863 -0.030919
6.515864 -0.014868
6.520865 0.005172
6.525865 0.021997
6.530866 0.031576
6.535867 0.032593
6.540867 0.025599
6.545868 0.011447
6.550869 -0.005280
6.555869 -0.006253
6.560870 0.007377
6.565871 0.026048
6.570871 0.048500
6.575872 0.067937
6.580873 0.075796
6.585873 0.064624
6.590874 0.031297
6.595875 -0.012707
6.600875 -0.049717
6.605876 -0.071323
6.610877 -0.071683
6.615877 -0.052508
6.620878 -0.021494
6.625879 0.009528
6.630879 0.025202
6.635880 0.023456
6.640881 0.020746
6.645881 0.027039
6.650882 0.038409
6.655883 0.044188
6.660883 0.027921
6.665884 -0.008980
6.670884 -0.051508
6.675885 -0.083962
6.680886 -0.089084
6.685886 -0.062599
6.690887 -0.015327
6.695888 0.037734
6.700888 0.071421
6.705889 0.065750
6.710890 0.023681
6.715890 -0.022834
6.720891 -0.040326
6.725892 -0.022088
6.730892 0.017901
6.735893 0.056242
6.740894 0.064902
6.745894 0.027164
6.750895 -0.044702
6.755896 -0.112905
6.760896 -0.138085
6.765897 -0.107449
6.770898 -0.039409
6.775898 0.035536
6.780899 0.078082
6.785900 0.079009
6.790900 0.049941
6.795901 0.015534
6.800902 -0.003425
6.805902 -0.004623
6.810903 0.011789
6.815904 0.041731
6.820904 0.070710
6.825905 0.084636
6.830906 0.072492
6.835906 0.035735
6.840907 -0.009377
6.845908 -0.042155
6.850908 -0.045288
6.855909 -0.024663
6.860910 0.002812
6.865910 0.019125
6.870911 0.019440
6.875912 0.008934
6.880912 -0.007162
6.885913 -0.016219
6.890914 -0.009278
6.895914 0.015578
6.900915 0.048941
6.905916 0.074661
6.910916 0.074220
6.915917 0.043081
6.920918 -0.007846
6.925918 -0.061708
6.930919 -0.098168
6.935920 -0.106243
6.940920 -0.098204
6.945921 -0.091209
6.950922 -0.085412
6.955922 -0.080010
6.960923 -0.081450
6.965924 -0.087779
6.970924 -0.087932
6.975925 -0.070278
6.980926 -0.038176
6.985926 -0.001626
6.990927 0.031324
6.995928 0.059304
7.000928 0.076670
7.005929 0.078732
7.010930 0.061205
7.015930 0.035404
7.020931 0.009630
7.025932 -0.006305
7.030932 -0.006899
7.035933 0.017812
7.040934 0.057773
7.045934 0.094475
7.050935 0.114686
7.055936 0.115226
7.060936 0.093377
7.065937 0.062876
7.070938 0.037166
7.075938 0.024607
7.080939 0.019062
7.085940 0.005739
7.090940 -0.022311
7.095941 -0.056439
7.100942 -0.091772
7.105942 -0.122082
7.110943 -0.147072
7.115944 -0.160404
7.120944 -0.156083
7.125945 -0.126761
7.130945 -0.070073
7.135946 0.008491
7.140947 0.094932
7.145947 0.181976
7.150948 0.260386
7.155949 0.309419
7.160949 0.315421
7.165950 0.310755
7.170951 0.313471
7.175951 0.317214
7.180952 0.308724
7.185953 0.278044
7.190953 0.209149
7.195954 0.093119
7.200955 -0.062954
7.205955 -0.237870
7.210956 -0.386111
7.215957 -0.477494
7.220957 -0.504835
7.225958 -0.469411
7.230959 -0.384645
7.235959 -0.265364
7.240960 -0.116690
7.245961 0.032849
7.250961 0.154822
7.255962 0.237959
7.260963 0.263048
7.265963 0.227426
7.270964 0.155011
7.275965 0.066932
7.280965 -0.016897
7.285966 -0.077365
7.290967 -0.123330
7.295967 -0.165262
7.300968 -0.196319
7.305969 -0.219373
7.310969 -0.241743
7.315970 -0.263392
7.320971 -0.271305
7.325971 -0.255317
7.330972 -0.206471
7.335973 -0.133462
7.340973 -0.042809
7.345974 0.065561
7.350975 0.172292
7.355975 0.266619
7.360976 0.330427
7.365977 0.360639
7.370977 0.361836
7.375978 0.340663
7.380979 0.294346
7.385979 0.225739
7.390980 0.139964
7.395981 0.040289
7.400981 -0.058179
7.405982 -0.125139
7.410983 -0.149418
7.415983 -0.126894
7.420984 -0.059835
7.425985 0.048537
7.430985 0.166271
7.435986 0.261310
7.440987 0.307384
7.445987 0.298949
7.450988 0.241181
7.455989 0.145944
7.460989 0.031495
7.465990 -0.087716
7.470991 -0.186113
7.475991 -0.232432
7.480992 -0.241192
7.485993 -0.227582
7.490993 -0.204932
7.495994 -0.180203
7.500995 -0.166330
7.505995 -0.178204
7.510996 -0.207480
7.515997 -0.242292
7.520997 -0.272081
7.525998 -0.298251
7.530999 -0.326024
7.535999 -0.341004
7.541000 -0.346657
7.546001 -0.328543
7.551001 -0.286420
7.556002 -0.218128
7.561003 -0.139572
7.566003 -0.066958
7.571004 -0.018299
7.576005 0.002632
7.581005 -0.009449
7.586006 -0.045080
7.591006 -0.091784
7.596007 -0.139299
7.601008 -0.168097
7.606008 -0.170932
7.611009 -0.140801
7.616010 -0.083536
7.621010 -0.012371
7.626011 0.060261
7.631012 0.122018
7.636012 0.166301
7.641013 0.193552
7.646014 0.203167
7.651014 0.206515
7.656015 0.211043
7.661016 0.227220
7.666016 0.269242
7.671017 0.325794
7.676018 0.382598
7.681018 0.437449
7.686019 0.477419
7.691020 0.502156
7.696020 0.518000
7.701021 0.513876
7.706022 0.476453
7.711022 0.404983
7.716023 0.320540
7.721024 0.217553
7.726024 0.110550
7.731025 0.026306
7.736026 -0.023216
7.741026 -0.035648
7.746027 -0.025636
7.751028 0.005206
7.756028 0.037102
7.761029 0.061643
7.766030 0.068206
7.771030 0.046628
7.776031 -0.000473
7.781032 -0.071538
7.786032 -0.152317
7.791033 -0.219403
7.796034 -0.255791
7.801034 -0.264397
7.806035 -0.260265
7.811036 -0.251992
7.816036 -0.247337
7.821037 -0.245753
7.826038 -0.239946
7.831038 -0.233140
7.836039 -0.222472
7.841040 -0.198832
7.846040 -0.166441
7.851041 -0.136824
7.856042 -0.121196
7.861042 -0.109043
7.866043 -0.094774
7.871044 -0.078642
7.876044 -0.051491
7.881045 -0.009999
7.886046 0.029332
7.891046 0.048192
7.896047 0.044168
7.901048 0.025515
7.906048 0.001083
7.911049 -0.029534
7.916050 -0.062212
7.921050 -0.088850
7.926051 -0.108745
7.931052 -0.122401
7.936052 -0.129162
7.941053 -0.121987
7.946054 -0.098211
7.951054 -0.067351
7.956055 -0.030513
7.961056 0.004047
7.966056 0.036483
7.971057 0.060564
7.976058 0.073933
7.981058 0.073320
7.986059 0.064921
7.991060 0.066443
7.996060 0.085780
8.001061 0.123329
8.006062 0.177821
8.011062 0.238479
8.016063 0.286524
8.021064 0.310379
8.026064 0.302699
8.031065 0.269487
8.036066 0.227318
8.041066 0.188544
8.046067 0.157304
8.051067 0.135023
8.056068 0.125777
8.061069 0.122168
8.066069 0.106478
8.071070 0.068120
8.076071 0.006680
8.081071 -0.075960
8.086072 -0.170142
8.091073 -0.245636
8.096073 -0.289855
8.101074 -0.303097
8.106075 -0.294617
8.111075 -0.277692
8.116076 -0.253781
8.121077 -0.224739
8.126077 -0.184129
8.131078 -0.130844
8.136079 -0.071068
8.141079 -0.016073
8.146080 0.020747
8.151081 0.029317
8.156081 0.010933
8.161082 -0.014986
8.166083 -0.031371
8.171083 -0.022461
8.176084 0.004824
8.181085 0.031083
8.186085 0.028355
8.191086 -0.000642
8.196087 -0.039964
8.201087 -0.071751
8.206088 -0.079159
8.211089 -0.064556
8.216089 -0.024701
8.221090 0.007996
8.226091 0.022797
8.231091 0.016135
8.236092 0.001849
8.241093 -0.003850
8.246093 0.001758
8.251094 0.028891
8.256095 0.067250
8.261095 0.094554
8.266096 0.098083
8.271097 0.093123
8.276097 0.086714
8.281098 0.079044
8.286099 0.063173
8.291099 0.047500
8.296100 0.034339
8.301101 0.025300
8.306101 0.027983
8.311102 0.042036
8.316103 0.066199
8.321103 0.110491
8.326104 0.168115
8.331105 0.224984
8.336105 0.273147
8.341106 0.309273
8.346107 0.322948
8.351107 0.308174
8.356108 0.268833
8.361109 0.226270
8.366109 0.182103
8.371110 0.143843
8.376111 0.117376
8.381111 0.088460
8.386112 0.045465
8.391113 -0.025402
8.396113 -0.123492
8.401114 -0.226821
8.406115 -0.317736
8.411115 -0.383706
8.416116 -0.417033
8.421117 -0.417312
8.426117 -0.386759
8.431118 -0.340964
8.436119 -0.292396
8.441119 -0.246835
8.446120 -0.205487
8.451121 -0.169055
8.456121 -0.138896
8.461122 -0.107973
8.466123 -0.075888
8.471123 -0.047224
8.476124 -0.031793
8.481125 -0.030353
8.486125 -0.040741
8.491126 -0.054965
8.496127 -0.066983
8.501127 -0.072465
8.506128 -0.064066
8.511128 -0.036753
8.516129 0.005504
8.521130 0.051182
8.526130 0.095501
8.531131 0.137749
8.536132 0.169572
8.541132 0.180861
8.546133 0.179060
8.551134 0.173937
8.556134 0.171785
8.561135 0.172613
8.566136 0.176826
8.571136 0.182660
8.576137 0.189106
8.581138 0.184487
8.586138 0.162513
8.591139 0.121264
8.596140 0.064414
8.601140 0.000010
8.606141 -0.066157
8.611142 -0.118092
8.616142 -0.143767
8.621143 -0.148008
8.626144 -0.132623
8.631144 -0.104301
8.636145 -0.069633
8.641146 -0.035910
8.646146 -0.006201
8.651147 0.023363
8.656148 0.051622
8.661148 0.079223
8.666149 0.095248
8.671150 0.095770
8.676150 0.085976
8.681151 0.076730
8.686152 0.064010
8.691152 0.053198
8.696153 0.047617
8.701154 0.045456
8.706154 0.041081
8.711155 0.031169
8.716156 0.018737
8.721156 0.001317
8.726157 -0.019632
8.731158 -0.040535
8.736158 -0.057361
8.741159 -0.069550
8.746160 -0.083639
8.751160 -0.099024
8.756161 -0.116111
8.761162 -0.131081
8.766162 -0.143486
8.771163 -0.148753
8.776164 -0.138778
8.781164 -0.110843
8.786165 -0.069576
8.791166 -0.026752
8.796166 0.009078
8.801167 0.027596
8.806168 0.023365
8.811168 -0.000600
8.816169 -0.033981
8.821170 -0.063293
8.826170 -0.080983
8.831171 -0.082217
8.836172 -0.063267
8.841172 -0.032839
8.846173 0.001064
8.851174 0.032500
8.856174 0.055933
8.861175 0.071012
8.866176 0.080510
8.871176 0.085785
8.876177 0.086991
8.881178 0.079951
8.886178 0.060236
8.891179 0.031060
8.896180 -0.004410
8.901180 -0.036864
8.906181 -0.058901
8.911182 -0.063376
8.916182 -0.047216
8.921183 -0.013142
8.926184 0.026469
8.931184 0.063964
8.936185 0.091997
8.941186 0.104079
8.946186 0.102422
8.951187 0.086272
8.956188 0.062019
8.961188 0.035147
8.966189 0.013505
8.971189 0.000614
8.976190 0.002765
8.981191 0.018303
8.986191 0.040692
8.991192 0.061281
8.996193 0.077503
9.001193 0.087343
9.006194 0.085462
9.011195 0.077891
9.016195 0.068601
9.021196 0.063578
9.026197 0.062218
9.031197 0.062713
9.036198 0.067431
9.041199 0.070788
9.046199 0.069015
9.051200 0.062866
9.056201 0.053449
9.061201 0.036489
9.066202 0.010877
9.071203 -0.020217
9.076203 -0.054426
9.081204 -0.086520
9.086205 -0.113329
9.091205 -0.133998
9.096206 -0.145864
9.101207 -0.146863
9.106207 -0.137752
9.111208 -0.118631
9.116209 -0.092470
9.121209 -0.065409
9.126210 -0.043083
9.131211 -0.028662
9.136211 -0.022090
9.141212 -0.022963
9.146213 -0.031030
9.151213 -0.046289
9.156214 -0.063358
9.161215 -0.078662
9.166215 -0.089735
9.171216 -0.094965
9.176217 -0.090428
9.181217 -0.074665
9.186218 -0.050295
9.191219 -0.022405
9.196219 0.004674
9.201220 0.021383
9.206221 0.023543
9.211221 0.011057
9.216222 -0.008326
9.221223 -0.029067
9.226223 -0.044876
9.231224 -0.053185
9.236225 -0.055048
9.241225 -0.050115
9.246226 -0.041707
9.251227 -0.031939
9.256227 -0.022171
9.261228 -0.011702
9.266229 -0.002240
9.271229 0.007474
9.276230 0.014522
9.281231 0.020167
9.286231 0.026370
9.291232 0.036804
9.296233 0.051415
9.301233 0.066629
9.306234 0.081537
9.311235 0.093169
9.316235 0.103737
9.321236 0.114099
9.326237 0.122948
9.331237 0.128476
9.336238 0.128872
9.341239 0.124893
9.346239 0.116439
9.351240 0.105574
9.356241 0.094960
9.361241 0.084544
9.366242 0.072211
9.371243 0.057960
9.376243 0.040585
9.381244 0.021247
9.386245 0.001811
9.391245 -0.013799
9.396246 -0.023972
9.401247 -0.032029
9.406247 -0.041896
9.411248 -0.056390
9.416249 -0.079787
9.421249 -0.109117
9.426250 -0.140706
9.431250 -0.166957
9.436251 -0.182891
9.441252 -0.185844
9.446252 -0.177579
9.451253 -0.163887
9.456254 -0.147835
9.461254 -0.135061
9.466255 -0.123448
9.471256 -0.107208
9.476256 -0.083019
9.481257 -0.054904
9.486258 -0.024575
9.491258 0.003440
9.496259 0.026477
9.501260 0.041115
9.506260 0.052989
9.511261 0.064314
9.516262 0.077755
9.521262 0.090845
9.526263 0.099253
9.531264 0.101972
9.536264 0.097137
9.541265 0.087316
9.546266 0.075225
9.551266 0.064944
9.556267 0.059543
9.561268 0.057112
9.566268 0.057049
9.571269 0.058750
9.576270 0.063224
9.581270 0.068409
9.586271 0.067914
9.591272 0.063449
9.596272 0.057832
9.601273 0.051765
9.606274 0.046201
9.611274 0.046724
9.616275 0.048902
9.621276 0.051378
9.626276 0.052441
9.631277 0.053854
9.636278 0.058436
9.641278 0.067448
9.646279 0.079529
9.651280 0.088441
9.656280 0.089000
9.661281 0.077531
9.666282 0.050109
9.671282 0.011867
9.676283 -0.030201
9.681284 -0.064320
9.686284 -0.084000
9.691285 -0.086926
9.696286 -0.072243
9.701286 -0.050214
9.706287 -0.029644
9.711288 -0.015159
9.716288 -0.007111
9.721289 -0.007210
9.726290 -0.016563
9.731290 -0.031147
9.736291 -0.047792
9.741292 -0.063483
9.746292 -0.075151
9.751293 -0.081839
9.756294 -0.082190
9.761294 -0.080885
9.766295 -0.081443
9.771296 -0.085575
9.776296 -0.091067
9.781297 -0.099727
9.786298 -0.113618
9.791298 -0.126501
9.796299 -0.135656
9.801300 -0.140130
9.806300 -0.140328
9.811301 -0.135899
9.816302 -0.122566
9.821302 -0.101438
9.826303 -0.073116
9.831304 -0.041275
9.836304 -0.011297
9.841305 0.014756
9.846306 0.028682
9.851306 0.032949
9.856307 0.029168
9.861308 0.021165
9.866308 0.009795
9.871309 -0.001017
9.876310 -0.005284
9.881310 -0.006580
9.886311 -0.006265
9.891311 -0.004239
9.896312 -0.000152
9.901313 0.003179
9.906313 0.007311
9.911314 0.013352
9.916315 0.024974
9.921315 0.044392
9.926316 0.074325
9.931317 0.112108
9.936317 0.154825
9.941318 0.196137
9.946319 0.226484
9.951319 0.242796
9.956320 0.247991
9.961321 0.243877
9.966321 0.231057
9.971322 0.212450
9.976323 0.192329
9.981323 0.170949
9.986324 0.145940
9.991325 0.118915
9.996325 0.092186
10.001326 0.068069
10.006327 0.045607
10.011327 0.025811
10.016328 0.010795
10.021329 -0.002709
10.026329 -0.018725
10.031330 -0.038809
10.036331 -0.062962
10.041331 -0.088871
10.046332 -0.113115
10.051333 -0.133631
10.056333 -0.147855
10.061334 -0.158153
10.066335 -0.166489
10.071335 -0.174573
10.076336 -0.182054
10.081337 -0.186717
10.086337 -0.189571
10.091338 -0.188905
10.096339 -0.182054
10.101339 -0.169018
10.106340 -0.152364
10.111341 -0.131487
10.116341 -0.107694
10.121342 -0.081587
10.126343 -0.053167
10.131343 -0.024143
10.136344 0.003269
10.141345 0.028215
10.146345 0.043699
10.151346 0.050478
10.156347 0.049559
10.161347 0.040944
10.166348 0.028052
10.171349 0.015062
10.176349 0.004187
10.181350 -0.002862
10.186351 -0.004726
10.191351 -0.002160
10.196352 0.004583
10.201353 0.015953
10.206353 0.031698
10.211354 0.050459
10.216355 0.074198
10.221355 0.100251
10.226356 0.125448
10.231357 0.144308
10.236357 0.157587
10.241358 0.161512
10.246359 0.158145
10.251359 0.150052
10.256360 0.138340
10.261361 0.123360
10.266361 0.106319
10.271362 0.086108
10.276363 0.062477
10.281363 0.038342
10.286364 0.013451
10.291365 -0.008929
10.296365 -0.028194
10.301366 -0.041680
10.306367 -0.052555
10.311367 -0.057146
10.316368 -0.057264
10.321369 -0.054212
10.326369 -0.050152
10.331370 -0.045336
10.336371 -0.042932
10.341371 -0.045759
10.346372 -0.053816
10.351372 -0.066249
10.356373 -0.079230
10.361374 -0.091753
10.366374 -0.101853
10.371375 -0.109280
10.376376 -0.111872
10.381376 -0.111998
10.386377 -0.106038
10.391378 -0.093795
10.396378 -0.073809
10.401379 -0.048198
10.406380 -0.020983
10.411380 0.008688
10.416381 0.036695
10.421382 0.060623
10.426382 0.078312
10.431383 0.090267
10.436384 0.096389
10.441384 0.093859
10.446385 0.081823
10.451386 0.062746
10.456386 0.038593
10.461387 0.009461
10.466388 -0.021075
10.471388 -0.048991
10.476389 -0.070012
10.481390 -0.084641
10.486390 -0.091671
10.491391 -0.088538
10.496392 -0.075746
10.501392 -0.054752
10.506393 -0.027772
10.511394 0.000415
10.516394 0.027242
10.521395 0.050495
10.526396 0.065043
10.531396 0.075414
10.536397 0.081005
10.541398 0.080609
10.546398 0.074829
10.551399 0.064522
10.556400 0.053359
10.561400 0.041439
10.566401 0.027909
10.571402 0.016035
10.576402 0.008284
10.581403 0.005412
10.586404 0.008022
10.591404 0.017124
10.596405 0.033571
10.601406 0.053340
10.606406 0.074721
10.611407 0.092429
10.616408 0.108273
10.621408 0.119436
10.626409 0.121137
10.631410 0.114835
10.636410 0.101287
10.641411 0.079186
10.646412 0.048883
10.651412 0.012396
10.656413 -0.026152
10.661414 -0.062936
10.666414 -0.097253
10.671415 -0.126034
10.676416 -0.151997
10.681416 -0.173080
10.686417 -0.189132
10.691418 -0.200304
10.696418 -0.202770
10.701419 -0.193012
10.706420 -0.178923
10.711420 -0.160153
10.716421 -0.135594
10.721422 -0.107561
10.726422 -0.079275
10.731423 -0.054509
10.736424 -0.032210
10.741424 -0.014286
10.746425 -0.003807
10.751426 0.002044
10.756426 0.005231
10.761427 0.005952
10.766428 0.009841
10.771428 0.017952
10.776429 0.027468
10.781430 0.042160
10.786430 0.056797
10.791431 0.071633
10.796432 0.082643
10.801432 0.091087
10.806433 0.095507
10.811433 0.093689
10.816434 0.092023
10.821435 0.089152
10.826435 0.082958
10.831436 0.075405
10.836437 0.072128
10.841437 0.072272
10.846438 0.075837
10.851439 0.081112
10.856439 0.087648
10.861440 0.090411
10.866441 0.089655
10.871441 0.082660
10.876442 0.071137
10.881443 0.052115
10.886443 0.030374
10.891444 0.009336
10.896445 -0.010146
10.901445 -0.023893
10.906446 -0.032508
10.911447 -0.035992
10.916447 -0.036154
10.921448 -0.033346
10.926449 -0.031086
10.931449 -0.032193
10.936450 -0.036767
10.941451 -0.039926
10.946451 -0.041420
10.951452 -0.038990
10.956453 -0.031527
10.961453 -0.021147
10.966454 -0.013990
10.971455 -0.013377
10.976455 -0.019661
10.981456 -0.033696
10.986457 -0.053168
10.991457 -0.076718
10.996458 -0.098459
11.001459 -0.117031
11.006459 -0.130976
11.011460 -0.137575
11.016461 -0.140753
11.021461 -0.138295
11.026462 -0.130805
11.031463 -0.118634
11.036463 -0.098964
11.041464 -0.074108
11.046465 -0.042456
11.051465 -0.008940
11.056466 0.023622
11.061467 0.054221
11.066467 0.077979
11.071468 0.094138
11.076469 0.098775
11.081469 0.096920
11.086470 0.087819
11.091471 0.073685
11.096471 0.059146
11.101472 0.046318
11.106473 0.034191
11.111473 0.024478
11.116474 0.019292
11.121475 0.016673
11.126475 0.019688
11.131476 0.026377
11.136477 0.043392
11.141477 0.051278
11.146478 0.067023
11.151479 0.082867
11.156479 0.095389
11.161480 0.103131
11.166481 0.105841
11.171481 0.101961
11.176482 0.090384
11.181483 0.075890
11.186483 0.058227
11.191484 0.036792
11.196485 0.016564
11.201485 -0.000847
11.206486 -0.016295
11.211487 -0.028673
11.216487 -0.036271
11.221488 -0.040898
11.226489 -0.045625
11.231489 -0.048037
11.236490 -0.047029
11.241491 -0.045220
11.246491 -0.040646
11.251492 -0.032706
11.256493 -0.019887
11.261493 -0.005609
11.266494 0.009425
11.271494 0.026223
11.276495 0.041113
11.281496 0.054346
11.286496 0.066176
11.291497 0.074035
11.296498 0.079887
11.301498 0.082371
11.306499 0.077564
11.311500 0.068985
11.316500 0.056985
11.321501 0.043374
11.326502 0.028601
11.331502 0.014981
11.336503 0.005078
11.341504 0.000253
11.346504 -0.001809
11.351505 -0.002565
11.356506 -0.004428
11.361506 -0.011324
11.366507 -0.024963
11.371508 -0.042779
11.376508 -0.063313
11.381509 -0.083245
11.386510 -0.099152
11.391510 -0.107965
11.396511 -0.108929
11.401512 -0.104257
11.406512 -0.092842
11.411513 -0.079464
11.416514 -0.064124
11.421514 -0.051350
11.426515 -0.042347
11.431516 -0.038476
11.436516 -0.037522
11.441517 -0.039737
11.446518 -0.042807
11.451518 -0.043311
11.456519 -0.040043
11.461520 -0.030788
11.466520 -0.017510
11.471521 0.000045
11.476522 0.018707
11.481522 0.037270
11.486523 0.052565
11.491524 0.063232
11.496524 0.068670
11.501525 0.070335
11.506526 0.064052
11.511526 0.052583
11.516527 0.037792
11.521528 0.020030
11.526528 -0.000450
11.531529 -0.023650
11.536530 -0.044787
11.541530 -0.063458
11.546531 -0.080167
11.551532 -0.090133
11.556532 -0.092752
11.561533 -0.089133
11.566534 -0.079780
11.571534 -0.068968
11.576535 -0.056599
11.581536 -0.044230
11.586536 -0.035281
11.591537 -0.028143
11.596538 -0.021202
11.601538 -0.015062
11.606539 -0.011083
11.611540 -0.010372
11.616540 -0.011218
11.621541 -0.013874
11.626542 -0.017231
11.631542 -0.019833
11.636543 -0.018608
11.641544 -0.012856
11.646544 -0.003079
11.651545 0.012432
11.656546 0.030104
11.661546 0.049685
11.666547 0.068455
11.671548 0.086063
11.676548 0.101655
11.681549 0.116338
11.686550 0.128149
11.691550 0.137341
11.696551 0.141851
11.701552 0.142688
11.706552 0.136782
11.711553 0.127707
11.716554 0.114410
11.721554 0.099205
11.726555 0.079778
11.731555 0.056984
11.736556 0.032182
11.741557 0.003510
11.746557 -0.025262
11.751558 -0.053781
11.756559 -0.077773
11.761559 -0.097137
11.766560 -0.109056
11.771561 -0.113278
11.776561 -0.110055
11.781562 -0.102556
11.786563 -0.092897
11.791563 -0.078358
11.796564 -0.061253
11.801565 -0.043545
11.806565 -0.026693
11.811566 -0.009687
11.816567 0.007723
11.821567 0.023928
11.826568 0.036963
11.831569 0.047685
11.836569 0.057903
11.841570 0.063691
11.846571 0.066158
11.851571 0.067364
11.856572 0.065852
11.861573 0.061117
11.866573 0.052204
11.871574 0.038862
11.876575 0.024161
11.881575 0.009361
11.886576 -0.004781
11.891577 -0.016656
11.896577 -0.023695
11.901578 -0.028620
11.906579 -0.031176
11.911579 -0.030915
11.916580 -0.030303
11.921581 -0.029340
11.926581 -0.029132
11.931582 -0.029934
11.936583 -0.029177
11.941583 -0.029781
11.946584 -0.031491
11.951585 -0.035920
11.956585 -0.042213
11.961586 -0.048506
11.966587 -0.058723
11.971587 -0.068941
11.976588 -0.078403
11.981589 -0.086253
11.986589 -0.090781
11.991590 -0.092240
11.996591 -0.086199
12.001591 -0.073163
12.006592 -0.054744
12.011593 -0.032652
12.016593 -0.003116
12.021594 0.026772
12.026595 0.053690
12.031595 0.076178
12.036596 0.093633
12.041597 0.102636
12.046597 0.101726
12.051598 0.093471
12.056599 0.081696
12.061599 0.066401
12.066600 0.049044
12.071601 0.032948
12.076601 0.019822
12.081602 0.010874
12.086603 0.003537
12.091603 0.000378
12.096604 0.001395
12.101605 0.004978
12.106605 0.008912
12.111606 0.014908
12.116607 0.021606
12.121607 0.026035
12.126608 0.028447
12.131609 0.027484
12.136609 0.025008
12.141610 0.021020
12.146611 0.014817
12.151611 0.007507
12.156612 -0.000757
12.161613 -0.008517
12.166613 -0.016124
12.171614 -0.023326
12.176615 -0.027909
12.181615 -0.030123
12.186616 -0.029214
12.191616 -0.027044
12.196617 -0.023362
12.201618 -0.020635
12.206618 -0.018762
12.211619 -0.016889
12.216620 -0.014666
12.221620 -0.013450
12.226621 -0.014098
12.231622 -0.017114
12.236622 -0.020283
12.241623 -0.024712
12.246624 -0.030501
12.251624 -0.035686
12.256625 -0.036091
12.261626 -0.034282
12.266626 -0.032472
12.271627 -0.027593
12.276628 -0.020751
12.281628 -0.013306
12.286629 -0.005609
12.291630 0.002088
12.296630 0.009785
12.301631 0.015267
12.306632 0.018787
12.311632 0.020444
12.316633 0.021596
12.321634 0.021740
12.326634 0.022487
12.331635 0.024440
12.336636 0.026997
12.341636 0.027591
12.346637 0.025871
12.351638 0.023198
12.356638 0.019317
12.361639 0.015590
12.366640 0.011512
12.371640 0.009145
12.376641 0.007029
12.381642 0.005012
12.386642 0.001033
12.391643 -0.003450
12.396644 -0.008536
12.401644 -0.013974
12.406645 -0.020870
12.411646 -0.027612
12.416646 -0.032492
12.421647 -0.036363
12.426648 -0.038370
12.431648 -0.037911
12.436649 -0.036093
12.441650 -0.032311
12.446650 -0.029890
12.451651 -0.028575
12.456652 -0.028368
12.461652 -0.027810
12.466653 -0.028359
12.471654 -0.029511
12.476654 -0.028098
12.481655 -0.027540
12.486656 -0.026982
12.491656 -0.024713
12.496657 -0.021589
12.501658 -0.018717
12.506658 -0.014639
12.511659 -0.009355
12.516660 -0.002612
12.521660 0.005841
12.526661 0.016608
12.531662 0.029338
12.536662 0.046091
12.541663 0.063097
12.546664 0.078140
12.551664 0.091571
12.556665 0.102788
12.561666 0.108721
12.566666 0.109621
12.571667 0.105741
12.576668 0.098692
12.581668 0.088123
12.586669 0.075745
12.591670 0.060603
12.596670 0.044758
12.601671 0.028716
12.606672 0.012827
12.611672 -0.001451
12.616673 -0.011803
12.621674 -0.016169
12.626674 -0.016763
12.631675 -0.012730
12.636676 -0.004574
12.641676 0.004536
12.646677 0.012990
12.651677 0.018724
12.656678 0.022946
12.661679 0.023594
12.666679 0.021776
12.671680 0.017239
12.676681 0.008524
12.681681 -0.002153
12.686682 -0.017610
12.691683 -0.035381
12.696683 -0.054106
12.701684 -0.074641
12.706685 -0.094167
12.711685 -0.112433
12.716686 -0.128079
12.721687 -0.138540
12.726687 -0.144823
12.731688 -0.146174
12.736689 -0.141033
12.741689 -0.129402
12.746690 -0.111784
12.751691 -0.090142
12.756691 -0.065584
12.761692 -0.038360
12.766693 -0.011038
12.771693 0.014673
12.776694 0.039024
12.781695 0.061161
12.786695 0.079373
12.791696 0.093057
12.796697 0.104778
12.801697 0.113681
12.806698 0.118407
12.811699 0.119560
12.816699 0.118497
12.821700 0.115571
12.826701 0.109828
12.831701 0.103580
12.836702 0.097584
12.841703 0.090130
12.846703 0.082829
12.851704 0.072359
12.856705 0.060431
12.861705 0.046189
12.866706 0.028527
12.871707 0.008649
12.876707 -0.010976
12.881708 -0.030349
12.886709 -0.049218
12.891709 -0.067583
12.896710 -0.082626
12.901711 -0.096058
12.906711 -0.107878
12.911712 -0.116376
12.916713 -0.120094
12.921713 -0.120490
12.926714 -0.115251
12.931715 -0.105231
12.936715 -0.088973
12.941716 -0.070752
12.946717 -0.050217
12.951717 -0.028575
12.956718 -0.008896
12.961719 0.008470
12.966719 0.022667
12.971720 0.034046
12.976721 0.041752
12.981721 0.046388
12.986722 0.046091
12.991723 0.043426
12.996723 0.040105
13.001724 0.035522
13.006725 0.029176
13.011725 0.022424
13.016726 0.017229
13.021727 0.013493
13.026727 0.010612
13.031728 0.009091
13.036729 0.009685
13.041729 0.010432
13.046730 0.009369
13.051731 0.006750
13.056731 0.000358
13.061732 -0.008951
13.066733 -0.021680
13.071733 -0.033905
13.076734 -0.043664
13.081735 -0.050101
13.086735 -0.054575
13.091736 -0.054017
13.096737 -0.049533
13.101737 -0.042232
13.106738 -0.036390
13.111738 -0.029944
13.116739 -0.024353
13.121740 -0.019870
13.126740 -0.015639
13.131741 -0.011660
13.136742 -0.005970
13.141742 -0.000533
13.146743 0.003545
13.151744 0.007119
13.156744 0.013007
13.161745 0.020956
13.166746 0.028401
13.171746 0.036800
13.176747 0.045550
13.181748 0.054049
13.186748 0.059477
13.191749 0.062943
13.196750 0.065806
13.201750 0.068920
13.206751 0.069974
13.211752 0.072638
13.216752 0.076662
13.221753 0.081443
13.226754 0.083909
13.231754 0.084314
13.236755 0.083009
13.241756 0.078886
13.246756 0.069127
13.251757 0.057406
13.256758 0.045433
13.261758 0.030642
13.266759 0.014240
13.271760 -0.001307
13.276760 -0.014541
13.281761 -0.027171
13.286762 -0.037236
13.291762 -0.047301
13.296763 -0.056762
13.301764 -0.064513
13.306764 -0.071661
13.311765 -0.079061
13.316766 -0.082788
13.321766 -0.084202
13.326767 -0.082797
13.331768 -0.077720
13.336768 -0.068970
13.341769 -0.057150
13.346770 -0.044825
13.351770 -0.031646
13.356771 -0.017458
13.361772 -0.005332
13.366772 0.003878
13.371773 0.011025
13.376774 0.016112
13.381774 0.017174
13.386775 0.015419
13.391776 0.010846
13.396776 0.006020
13.401777 0.000088
13.406778 -0.005242
13.411778 -0.009113
13.416779 -0.010670
13.421780 -0.011624
13.426780 -0.012227
13.431781 -0.012732
13.436782 -0.010922
13.441782 -0.010220
13.446783 -0.009518
13.451784 -0.009068
13.456784 -0.008366
13.461785 -0.008014
13.466786 -0.009977
13.471786 -0.012795
13.476787 -0.015964
13.481788 -0.019384
13.486788 -0.023057
13.491789 -0.026379
13.496790 -0.027640
13.501790 -0.030259
13.506791 -0.032024
13.511792 -0.033788
13.516792 -0.033942
13.521793 -0.031376
13.526794 -0.028306
13.531794 -0.022265
13.536795 -0.015117
13.541796 -0.006610
13.546796 0.003004
13.551797 0.013222
13.556798 0.024547
13.561798 0.035368
13.566799 0.044479
13.571799 0.053085
13.576800 0.059126
13.581801 0.063204
13.586801 0.064212
13.591802 0.062403
13.596803 0.060593
13.601803 0.055966
13.606804 0.049727
13.611805 0.042633
13.616805 0.035035
13.621806 0.028292
13.626807 0.020694
13.631807 0.013700
13.636808 0.009774
13.641809 0.007812
13.646809 0.007812
13.651810 0.009774
13.656811 0.014555
13.661811 0.021298
13.666812 0.028040
13.671813 0.035890
13.676813 0.043741
13.681814 0.051843
13.686815 0.057379
13.691815 0.060350
13.696816 0.061358
13.701817 0.058694
13.706817 0.052104
13.711818 0.042696
13.716819 0.031677
13.721819 0.018444
13.726820 0.003599
13.731821 -0.012858
13.736821 -0.028963
13.741822 -0.045671
13.746823 -0.060318
13.751823 -0.074713
13.756824 -0.085435
13.761825 -0.092835
13.766825 -0.098273
13.771826 -0.100388
13.776827 -0.100037
13.781827 -0.094906
13.786828 -0.089522
13.791829 -0.081573
13.796829 -0.071914
13.801830 -0.060796
13.806831 -0.049678
13.811831 -0.037354
13.816832 -0.024777
13.821833 -0.011094
13.826833 0.001132
13.831834 0.012754
13.836835 0.024880
13.841835 0.035800
13.846836 0.044154
13.851837 0.050195
13.856837 0.054777
13.861838 0.057046
13.866839 0.057352
13.871839 0.055443
13.876840 0.051824
13.881841 0.047098
13.886841 0.039554
13.891842 0.029543
13.896843 0.017921
13.901843 0.005795
13.906844 -0.007943
13.911845 -0.022689
13.916845 -0.035121
13.921846 -0.045240
13.926847 -0.053045
13.931847 -0.058635
13.936848 -0.059446
13.941849 -0.057537
13.946849 -0.051452
13.951850 -0.043503
13.956851 -0.032232
13.961851 -0.018242
13.966852 -0.004504
13.971853 0.011448
13.976853 0.026545
13.981854 0.041390
13.986855 0.053165
13.991855 0.061871
13.996856 0.068361
14.001857 0.069820
14.006857 0.067353
14.011858 0.061213
14.016859 0.054219
14.021859 0.045765
14.026860 0.035350
14.031860 0.026293
14.036861 0.018947
14.041862 0.014167
14.046862 0.011349
14.051863 0.009990
14.056864 0.010593
14.061864 0.012051
14.066865 0.012402
14.071866 0.012501
14.076866 0.011997
14.081867 0.009531
14.086868 0.004498
14.091868 -0.001389
14.096869 -0.008384
14.101870 -0.015982
14.106870 -0.025543
14.111871 -0.034248
14.116872 -0.042702
14.121872 -0.049795
14.126873 -0.054675
14.131874 -0.057591
14.136874 -0.055728
14.141875 -0.052505
14.146876 -0.047572
14.151876 -0.042287
14.156877 -0.035040
14.161878 -0.028045
14.166878 -0.023013
14.171879 -0.017981
14.176880 -0.014659
14.181880 -0.012192
14.186881 -0.012291
14.191882 -0.013849
14.196882 -0.015658
14.201883 -0.019529
14.206884 -0.023652
14.211884 -0.026920
14.216885 -0.027973
14.221886 -0.025606
14.226886 -0.022383
14.231887 -0.015487
14.236888 -0.005773
14.241888 0.006758
14.246889 0.020145
14.251890 0.033279
14.256890 0.047017
14.261891 0.059647
14.266892 0.070063
14.271892 0.078264
14.276893 0.084503
14.281894 0.087672
14.286894 0.087519
14.291895 0.086258
14.296896 0.083035
14.301896 0.076995
14.306897 0.068388
14.311898 0.057820
14.316898 0.048610
14.321899 0.039050
14.326900 0.029138
14.331900 0.019478
14.336901 0.010323
14.341902 -0.000291
14.346902 -0.010905
14.351903 -0.021519
14.356904 -0.031529
14.361904 -0.041792
14.366905 -0.050596
14.371906 -0.056484
14.376906 -0.060058
14.381907 -0.062425
14.386908 -0.062732
14.391908 -0.062687
14.396909 -0.060931
14.401910 -0.057213
14.406910 -0.053243
14.411911 -0.048418
14.416912 -0.040019
14.421912 -0.031971
14.426913 -0.024022
14.431914 -0.017180
14.436914 -0.010689
14.441915 -0.005909
14.446916 -0.002839
14.451916 -0.001732
14.456917 -0.002839
14.461918 -0.005054
14.466918 -0.008376
14.471919 -0.013057
14.476920 -0.017738
14.481920 -0.021312
14.486921 -0.024634
14.491921 -0.025993
14.496922 -0.025993
14.501923 -0.024634
14.506923 -0.023626
14.511924 -0.021762
14.516925 -0.019998
14.521925 -0.018233
14.526926 -0.019034
14.531927 -0.020088
14.536927 -0.021141
14.541928 -0.022950
14.546929 -0.024409
14.551929 -0.025516
14.556930 -0.026272
14.561931 -0.025066
14.566931 -0.021294
14.571932 -0.015559
14.576933 -0.005648
14.581933 0.006478
14.586934 0.019109
14.591935 0.031991
14.596935 0.044523
14.601936 0.056451
14.606937 0.065561
14.611937 0.072709
14.616938 0.077643
14.621939 0.079758
14.626939 0.079155
14.631940 0.075581
14.636941 0.071503
14.641941 0.066669
14.646942 0.058512
14.651943 0.048997
14.656943 0.040084
14.661944 0.030317
14.666945 0.020801
14.671945 0.012897
14.676946 0.006856
14.681947 0.002175
14.686947 -0.000643
14.691948 -0.002101
14.696949 -0.001093
14.701949 0.001275
14.706950 0.003039
14.711951 0.004804
14.716951 0.006568
14.721952 0.008333
14.726953 0.007279
14.731953 0.005119
14.736954 0.002706
14.741955 -0.000562
14.746955 -0.004685
14.751956 -0.008556
14.756957 -0.012175
14.761957 -0.015794
14.766958 -0.018305
14.771959 -0.020565
14.776959 -0.020007
14.781960 -0.017990
14.786961 -0.015118
14.791961 -0.011643
14.796962 -0.007817
14.801963 -0.002785
14.806963 0.002599
14.811964 0.006371
14.816965 0.011601
14.821965 0.014365
14.826966 0.016273
14.831967 0.016822
14.836967 0.016516
14.841968 0.014752
14.846969 0.011277
14.851969 0.006343
14.856970 0.001662
14.861971 -0.003019
14.866971 -0.008304
14.871972 -0.012985
14.876973 -0.017414
14.881973 -0.020988
14.886974 -0.024310
14.891975 -0.027884
14.896975 -0.029495
14.901976 -0.029144
14.906977 -0.027938
14.911977 -0.026129
14.916978 -0.021249
14.921979 -0.014912
14.926979 -0.008826
14.931980 -0.002137
14.936981 0.004903
14.941981 0.009980
14.946982 0.013347
14.951982 0.014499
14.956983 0.014445
14.961984 0.012329
14.966984 0.007900
14.971985 0.001409
14.976986 -0.005433
14.981986 -0.012625
14.986987 -0.021781
14.991988 -0.030936
14.996988 -0.039236
15.001989 -0.044971
15.006990 -0.049850
15.011990 -0.052164
15.016991 -0.050805
15.021992 -0.046375
15.026992 -0.039128
15.031993 -0.030774
15.036994 -0.021565
15.041994 -0.010996
15.046995 -0.002642
15.051996 0.005965
15.056996 0.013464
15.061997 0.019252
15.066998 0.022475
15.071998 0.024339
15.076999 0.023889
15.082000 0.022331
15.087000 0.018460
15.092001 0.015444
15.097002 0.012681
15.102002 0.010169
15.107003 0.007910
15.112004 0.005902
15.117004 0.005605
15.122005 0.005308
15.127006 0.006469
15.132006 0.007127
15.137007 0.010349
15.142008 0.013068
15.147008 0.015283
15.152009 0.018452
15.157010 0.021116
15.162010 0.024384
15.167011 0.025185
15.172012 0.025986
15.177012 0.026283
15.182013 0.024015
15.187014 0.020639
15.192014 0.015552
15.197015 0.009611
15.202016 0.001959
15.207016 -0.006900
15.212017 -0.016361
15.217018 -0.024463
15.222018 -0.032665
15.227019 -0.039506
15.232020 -0.045241
15.237020 -0.047906
15.242021 -0.051173
15.247022 -0.052731
15.252022 -0.053685
15.257023 -0.053433
15.262024 -0.052326
15.267024 -0.051119
15.272025 -0.049310
15.277026 -0.045790
15.282026 -0.041667
15.287027 -0.037796
15.292028 -0.032215
15.297028 -0.027236
15.302029 -0.021151
15.307030 -0.014813
15.312030 -0.008223
15.317031 -0.001381
15.322032 0.005712
15.327032 0.011699
15.332033 0.017686
15.337034 0.022817
15.342034 0.028200
15.347035 0.032729
15.352036 0.037509
15.357036 0.043144
15.362037 0.048177
15.367038 0.053209
15.372038 0.056531
15.377039 0.060708
15.382040 0.064282
15.387040 0.066749
15.392041 0.067757
15.397042 0.067055
15.402042 0.064894
15.407043 0.061878
15.412043 0.057152
15.417044 0.052930
15.422045 0.047853
15.427045 0.041668
15.432046 0.035232
15.437047 0.029398
15.442047 0.024771
15.447048 0.019387
15.452049 0.014706
15.457049 0.011231
15.462050 0.007855
15.467051 0.004578
15.472051 0.001904
15.477052 -0.000166
15.482053 -0.001985
15.487053 -0.004659
15.492054 -0.007080
15.497055 -0.008494
15.502055 -0.010510
15.507056 -0.012122
15.512057 -0.014084
15.517057 -0.014786
15.522058 -0.015237
15.527059 -0.014930
15.532059 -0.013517
15.537060 -0.010141
15.542061 -0.005910
15.547061 -0.002786
15.552062 0.001193
15.557063 0.005523
15.562063 0.008746
15.567064 0.010610
15.572065 0.010259
15.577065 0.008800
15.582066 0.005631
15.587067 0.000500
15.592067 -0.005739
15.597068 -0.011725
15.602069 -0.017460
15.607069 -0.023194
15.612070 -0.029181
15.617071 -0.034312
15.622071 -0.036878
15.627072 -0.037985
15.632073 -0.038741
15.637073 -0.038895
15.642074 -0.037589
15.647075 -0.035933
15.652075 -0.035384
15.657076 -0.033979
15.662077 -0.032575
15.667077 -0.031171
15.672078 -0.030118
15.677079 -0.025742
15.682079 -0.021115
15.687080 -0.017190
15.692081 -0.013013
15.697081 -0.006972
15.702082 -0.001535
15.707083 0.003299
15.712083 0.007279
15.717084 0.011258
15.722085 0.013274
15.727085 0.013931
15.732086 0.013229
15.737087 0.011672
15.742087 0.008755
15.747088 0.004479
15.752089 -0.001508
15.757089 -0.006891
15.762090 -0.013382
15.767091 -0.020728
15.772091 -0.028677
15.777092 -0.036023
15.782093 -0.040803
15.787093 -0.044728
15.792094 -0.045836
15.797095 -0.045232
15.802095 -0.041208
15.807096 -0.035474
15.812097 -0.029487
15.817097 -0.021790
15.822098 -0.013841
15.827099 -0.006747
15.832099 0.000095
15.837100 0.006585
15.842101 0.011366
15.847101 0.014183
15.852102 0.015291
15.857103 0.017253
15.862103 0.017757
15.867104 0.017757
15.872104 0.017757
15.877105 0.018360
15.882106 0.017856
15.887106 0.016848
15.892107 0.015840
15.897108 0.015435
15.902108 0.015282
15.907109 0.015128
15.912110 0.016083
15.917110 0.017541
15.922111 0.020107
15.927112 0.021817
15.932112 0.022924
15.937113 0.025139
15.942114 0.025643
15.947114 0.025292
15.952115 0.024338
15.957116 0.021925
15.962116 0.018657
15.967117 0.014534
15.972118 0.009556
15.977118 0.006792
15.982119 0.004029
15.987120 0.001769
15.992120 0.002327
15.997121 0.003993
16.002122 0.008224
16.007122 0.012455
16.012123 0.017893
16.017124 0.025041
16.022124 0.031180
16.027125 0.036816
16.032126 0.041092
16.037126 0.044612
16.042127 0.046772
16.047128 0.046718
16.052128 0.045053
16.057129 0.042532
16.062130 0.037545
16.067130 0.031954
16.072131 0.024149
16.077132 0.016596
16.082132 0.009898
16.087133 0.002345
16.092134 -0.004956
16.097134 -0.011402
16.102135 -0.015633
16.107136 -0.020720
16.112136 -0.024096
16.117137 -0.025860
16.122138 -0.027625
16.127138 -0.028030
16.132139 -0.029038
16.137140 -0.030397
16.142140 -0.030649
16.147141 -0.032108
16.152142 -0.032207
16.157142 -0.032909
16.162143 -0.032504
16.167144 -0.031595
16.172144 -0.030685
16.177145 -0.028669
16.182146 -0.027507
16.187146 -0.025743
16.192147 -0.024834
16.197148 -0.023573
16.202148 -0.023420
16.207149 -0.022916
16.212150 -0.024627
16.217150 -0.025482
16.222151 -0.026589
16.227152 -0.028200
16.232152 -0.028705
16.237153 -0.027246
16.242154 -0.025788
16.247154 -0.023222
16.252155 -0.020657
16.257156 -0.016731
16.262156 -0.012554
16.267157 -0.008629
16.272158 -0.005307
16.277158 -0.000878
16.282159 0.002948
16.287160 0.006522
16.292160 0.009241
16.297161 0.013067
16.302162 0.016037
16.307162 0.017901
16.312163 0.020016
16.317164 0.021529
16.322164 0.023041
16.327165 0.023699
16.332165 0.023501
16.337166 0.023302
16.342167 0.022501
16.347167 0.020593
16.352168 0.018432
16.357169 0.016272
16.362169 0.014714
16.367170 0.012302
16.372171 0.009385
16.377171 0.007071
16.382172 0.005361
16.387173 0.002543
16.392173 0.000076
16.397174 -0.000932
16.402175 -0.001085
16.407175 -0.000635
16.412176 0.001274
16.417177 0.004037
16.422177 0.007656
16.427178 0.011275
16.432179 0.014894
16.437179 0.019620
16.442180 0.023743
16.447181 0.025904
16.452181 0.028569
16.457182 0.030126
16.462183 0.031332
16.467183 0.031431
16.472184 0.030675
16.477185 0.029064
16.482185 0.027704
16.487186 0.024634
16.492187 0.020709
16.497187 0.018144
16.502188 0.014723
16.507189 0.009843
16.512189 0.004964
16.517190 0.001192
16.522191 -0.003183
16.527191 -0.008665
16.532192 -0.013041
16.537193 -0.017416
16.542193 -0.021539
16.547194 -0.024807
16.552195 -0.027471
16.557195 -0.029029
16.562196 -0.030586
16.567197 -0.031540
16.572197 -0.032747
16.577198 -0.031036
16.582199 -0.030685
16.587199 -0.029731
16.592200 -0.028426
16.597201 -0.025059
16.602201 -0.021944
16.607202 -0.020792
16.612203 -0.019892
16.617203 -0.019847
16.622204 -0.020405
16.627205 -0.022673
16.632205 -0.024438
16.637206 -0.025446
16.642207 -0.026202
16.647207 -0.026202
16.652208 -0.025950
16.657209 -0.024087
16.662209 -0.020261
16.667210 -0.016183
16.672211 -0.010997
16.677211 -0.003849
16.682212 0.003299
16.687213 0.008484
16.692213 0.013066
16.697214 0.017396
16.702215 0.020016
16.707215 0.021529
16.712216 0.023041
16.717217 0.023446
16.722217 0.024103
16.727218 0.023401
16.732219 0.023302
16.737219 0.022951
16.742220 0.022348
16.747221 0.020385
16.752221 0.017667
16.757222 0.015803
16.762223 0.013435
16.767223 0.009960
16.772224 0.005126
16.777225 0.001399
16.782225 -0.001725
16.787226 -0.005704
16.792226 -0.008576
16.797227 -0.010088
16.802228 -0.010493
16.807228 -0.010394
16.812229 -0.010043
16.817230 -0.008333
16.822230 -0.005011
16.827231 -0.003399
16.832232 -0.001788
16.837232 0.000075
16.842233 0.001084
16.847234 0.000130
16.852234 -0.001428
16.857235 -0.003237
16.862236 -0.006505
16.867236 -0.010628
16.872237 -0.015003
16.877238 -0.019126
16.882238 -0.022646
16.887239 -0.025311
16.892240 -0.027121
16.897240 -0.028075
16.902241 -0.028426
16.907242 -0.027319
16.912242 -0.024249
16.917243 -0.019721
16.922244 -0.015444
16.927244 -0.011420
16.932245 -0.006541
16.937246 -0.000807
16.942246 0.005531
16.947247 0.011014
16.952248 0.016748
16.957248 0.021879
16.962249 0.027011
16.967250 0.030684
16.972250 0.034357
16.977251 0.037427
16.982252 0.040496
16.987252 0.041604
16.992253 0.043566
16.997254 0.044925
17.002254 0.047140
17.007255 0.047392
17.012256 0.048499
17.017256 0.048499
17.022257 0.047644
17.027258 0.046789
17.032258 0.044574
17.037259 0.041252
17.042260 0.038786
17.047260 0.035212
17.052261 0.030783
17.057262 0.026606
17.062262 0.021825
17.067263 0.017045
17.072264 0.011661
17.077264 0.006530
17.082265 0.001651
17.087266 -0.003228
17.092266 -0.008360
17.097267 -0.012888
17.102268 -0.016561
17.107268 -0.019883
17.112269 -0.022602
17.117270 -0.023610
17.122270 -0.024015
17.127271 -0.024420
17.132272 -0.023619
17.137272 -0.021459
17.142273 -0.019802
17.147274 -0.017894
17.152274 -0.017093
17.157275 -0.014932
17.162276 -0.013627
17.167276 -0.012069
17.172277 -0.011115
17.177278 -0.009657
17.182278 -0.007694
17.187279 -0.006335
17.192280 -0.004723
17.197280 -0.002860
17.202281 -0.000492
17.207282 -0.000087
17.212282 -0.000285
17.217283 -0.000483
17.222284 -0.002139
17.227284 -0.004903
17.232285 -0.007667
17.237286 -0.010431
17.242286 -0.014050
17.247287 -0.017921
17.252287 -0.022647
17.257288 -0.025410
17.262289 -0.027571
17.267289 -0.029732
17.272290 -0.030434
17.277291 -0.030884
17.282291 -0.029876
17.287292 -0.029371
17.292293 -0.027157
17.297293 -0.024339
17.302294 -0.021521
17.307295 -0.018956
17.312295 -0.015283
17.317296 -0.009899
17.322297 -0.005623
17.327297 -0.002805
17.332298 -0.000240
17.337299 0.003181
17.342299 0.004892
17.347300 0.005747
17.352301 0.005495
17.357301 0.006953
17.362302 0.007808
17.367303 0.007304
17.372303 0.007052
17.377304 0.006800
17.382305 0.006548
17.387305 0.005189
17.392306 0.002371
17.397307 0.000156
17.402307 -0.002058
17.407308 -0.006235
17.412309 -0.010413
17.417309 -0.013734
17.422310 -0.017056
17.427311 -0.021837
17.432311 -0.025159
17.437312 -0.028228
17.442313 -0.029336
17.447313 -0.030947
17.452314 -0.031451
17.457315 -0.030497
17.462315 -0.027832
17.467316 -0.023709
17.472317 -0.019838
17.477317 -0.014257
17.482318 -0.008072
17.487319 -0.002743
17.492319 0.002334
17.497320 0.009626
17.502321 0.015208
17.507321 0.021041
17.512322 0.025416
17.517323 0.030296
17.522323 0.032861
17.527324 0.033969
17.532325 0.034473
17.537325 0.033519
17.542326 0.032816
17.547327 0.030404
17.552327 0.028846
17.557328 0.026434
17.562329 0.025984
17.567329 0.023571
17.572330 0.022014
17.577331 0.021312
17.582331 0.020609
17.587332 0.017945
17.592333 0.016135
17.597333 0.014074
17.602334 0.012012
17.607335 0.007988
17.612335 0.004567
17.617336 0.000291
17.622337 -0.003733
17.627337 -0.008864
17.632338 -0.013141
17.637339 -0.015454
17.642339 -0.018020
17.647340 -0.020334
17.652341 -0.021189
17.657341 -0.020685
17.662342 -0.020433
17.667343 -0.019073
17.672343 -0.016255
17.677344 -0.012078
17.682345 -0.006191
17.687345 -0.001158
17.692346 0.004729
17.697347 0.010014
17.702347 0.016405
17.707348 0.020835
17.712348 0.024156
17.717349 0.027982
17.722350 0.030701
17.727350 0.033420
17.732351 0.034176
17.737352 0.035788
17.742352 0.036040
17.747353 0.036292
17.752354 0.035788
17.757354 0.036139
17.762355 0.036238
17.767356 0.035833
17.772356 0.035427
17.777357 0.034770
17.782358 0.034716
17.787358 0.032700
17.792359 0.029828
17.797360 0.027559
17.802360 0.022977
17.807361 0.018395
17.812362 0.012102
17.817362 0.007168
17.822363 0.000777
17.827364 -0.005966
17.832364 -0.011854
17.837365 -0.017237
17.842366 -0.021513
17.847366 -0.027500
17.852367 -0.031524
17.857368 -0.034693
17.862368 -0.036754
17.867369 -0.038816
17.872370 -0.040022
17.877370 -0.039518
17.882371 -0.039266
17.887372 -0.039869
17.892372 -0.038411
17.897373 -0.036952
17.902374 -0.035998
17.907374 -0.034792
17.912375 -0.034090
17.917376 -0.031173
17.922376 -0.028508
17.927377 -0.027302
17.932378 -0.026096
17.937378 -0.023530
17.942379 -0.020460
17.947380 -0.018246
17.952380 -0.014924
17.957381 -0.010846
17.962382 -0.007019
17.967382 -0.003797
17.972383 0.000029
17.977384 0.003000
17.982384 0.005971
17.987385 0.008087
17.992386 0.009095
17.997386 0.010103
18.002387 0.011112
18.007388 0.009050
18.012388 0.007241
18.017389 0.005179
18.022390 0.002262
18.027390 -0.000655
18.032391 -0.003571
18.037392 -0.005381
18.042392 -0.006335
18.047393 -0.008649
18.052394 -0.009855
18.057394 -0.010458
18.062395 -0.009099
18.067396 -0.009099
18.072396 -0.007640
18.077397 -0.005327
18.082398 -0.003013
18.087398 -0.001807
18.092399 -0.001708
18.097400 -0.000754
18.102400 -0.001510
18.107401 -0.002266
18.112402 -0.004130
18.117402 -0.005489
18.122403 -0.006245
18.127404 -0.007353
18.132404 -0.008712
18.137405 -0.008964
18.142406 -0.009216
18.147406 -0.010071
18.152407 -0.010071
18.157408 -0.009216
18.162408 -0.007506
18.167409 -0.006650
18.172409 -0.004085
18.177410 -0.001771
18.182411 0.000795
18.187411 0.003360
18.192412 0.005926
18.197413 0.009599
18.202413 0.013020
18.207414 0.016693
18.212415 0.020114
18.217415 0.023535
18.222416 0.027208
18.227417 0.029773
18.232417 0.031484
18.237418 0.034049
18.242419 0.035760
18.247419 0.036867
18.252420 0.037119
18.257421 0.037371
18.262421 0.038479
18.267422 0.038731
18.272423 0.038127
18.277423 0.039487
18.282424 0.039991
18.287425 0.040495
18.292425 0.040747
18.297426 0.041251
18.302427 0.041503
18.307427 0.040648
18.312428 0.039541
18.317429 0.039289
18.322429 0.037929
18.327430 0.035211
18.332431 0.031385
18.337431 0.026703
18.342432 0.020915
18.347433 0.013164
18.352433 0.004557
18.357434 -0.004049
18.362435 -0.013259
18.367435 -0.022468
18.372436 -0.031425
18.377437 -0.038168
18.382437 -0.044911
18.387438 -0.050898
18.392439 -0.055174
18.397439 -0.057235
18.402440 -0.057334
18.407441 -0.058036
18.412441 -0.057028
18.417442 -0.054309
18.422443 -0.051942
18.427443 -0.048719
18.432444 -0.044893
18.437445 -0.039960
18.442445 -0.035026
18.447446 -0.031200
18.452447 -0.027374
18.457447 -0.022945
18.462448 -0.018516
18.467449 -0.016049
18.472449 -0.013582
18.477450 -0.010261
18.482451 -0.008046
18.487451 -0.006335
18.492452 -0.004877
18.497453 -0.003671
18.502453 -0.002717
18.507454 -0.003725
18.512455 -0.004382
18.517455 -0.005039
18.522456 -0.006552
18.527457 -0.008568
18.532457 -0.011440
18.537458 -0.014060
18.542459 -0.016680
18.547459 -0.019299
18.552460 -0.022522
18.557461 -0.023783
18.562461 -0.023936
18.567462 -0.024089
18.572463 -0.022882
18.577463 -0.018606
18.582464 -0.013223
18.587465 -0.007587
18.592465 -0.001700
18.597466 0.006150
18.602467 0.013397
18.607467 0.020644
18.612468 0.027036
18.617469 0.032825
18.622469 0.038361
18.627470 0.041584
18.632470 0.044555
18.637471 0.046670
18.642472 0.048183
18.647472 0.048336
18.652473 0.047030
18.657474 0.046328
18.662474 0.044771
18.667475 0.042106
18.672476 0.038586
18.677476 0.035669
18.682477 0.032753
18.687478 0.027873
18.692478 0.022742
18.697479 0.018466
18.702480 0.013082
18.707480 0.005737
18.712481 -0.000754
18.717482 -0.006390
18.722482 -0.012277
18.727483 -0.017058
18.732484 -0.021235
18.737484 -0.025412
18.742485 -0.027626
18.747486 -0.030093
18.752486 -0.029742
18.757487 -0.027428
18.762488 -0.024260
18.767488 -0.020839
18.772489 -0.015707
18.777490 -0.010576
18.782490 -0.004941
18.787491 0.000443
18.792492 0.004116
18.797492 0.008896
18.802493 0.011966
18.807494 0.012470
18.812494 0.012974
18.817495 0.013478
18.822496 0.012524
18.827496 0.010463
18.832497 0.008653
18.837498 0.007447
18.842498 0.005385
18.847499 0.004179
18.852500 0.002469
18.857500 0.002721
18.862501 0.002973
18.867502 0.001865
18.872502 0.001613
18.877503 0.002469
18.882504 0.002216
18.887504 0.000002
18.892505 -0.001358
18.897506 -0.002969
18.902506 -0.004076
18.907507 -0.005436
18.912508 -0.005940
18.917508 -0.005589
18.922509 -0.004986
18.927510 -0.004635
18.932510 -0.003428
18.937511 -0.001115
18.942512 0.000947
18.947512 0.002405
18.952513 0.004467
18.957514 0.006528
18.962514 0.008842
18.967515 0.009445
18.972516 0.010048
18.977516 0.009796
18.982517 0.009796
18.987518 0.006978
18.992518 0.004764
18.997519 0.001946
19.002520 -0.000872
19.007520 -0.003437
19.012521 -0.007110
19.017522 -0.008218
19.022522 -0.010180
19.027523 -0.011891
19.032524 -0.012143
19.037524 -0.011540
19.042525 -0.010684
19.047526 -0.010081
19.052526 -0.007768
19.057527 -0.005454
19.062528 -0.003744
19.067528 -0.002285
19.072529 -0.001430
19.077530 0.000280
19.082530 0.001136
19.087531 0.000533
19.092531 -0.000323
19.097532 -0.000323
19.102533 -0.000926
19.107533 -0.002636
19.112534 -0.003492
19.117535 -0.004347
19.122535 -0.004950
19.127536 -0.006912
19.132537 -0.007417
19.137537 -0.007669
19.142538 -0.008173
19.147539 -0.009784
19.152539 -0.011396
19.157540 -0.011045
19.162541 -0.011801
19.167541 -0.012557
19.172542 -0.013565
19.177543 -0.013214
19.182543 -0.012863
19.187544 -0.012764
19.192545 -0.013268
19.197545 -0.012413
19.202546 -0.011810
19.207547 -0.011810
19.212547 -0.012665
19.217548 -0.013016
19.222549 -0.013367
19.227549 -0.012611
19.232550 -0.012710
19.237551 -0.011954
19.242551 -0.009838
19.247552 -0.008830
19.252553 -0.006715
19.257553 -0.003492
19.262554 -0.000269
19.267555 0.002702
19.272555 0.006780
19.277556 0.010003
19.282557 0.014081
19.287557 0.017052
19.292558 0.019168
19.297559 0.021886
19.302559 0.024002
19.307560 0.023903
19.312561 0.023804
19.317561 0.023453
19.322562 0.023102
19.327563 0.020788
19.332563 0.018222
19.337564 0.016764
19.342565 0.014198
19.347565 0.011381
19.352566 0.009418
19.357567 0.008311
19.362567 0.007203
19.367568 0.006699
19.372569 0.005943
19.377569 0.006897
19.382570 0.007248
19.387571 0.008203
19.392571 0.008302
19.397572 0.008653
19.402573 0.007896
19.407573 0.007392
19.412574 0.005781
19.417575 0.004169
19.422575 0.002810
19.427576 0.000343
19.432577 -0.002123
19.437577 -0.003231
19.442578 -0.003483
19.447579 -0.004590
19.452579 -0.004842
19.457580 -0.003987
19.462581 -0.002880
19.467581 -0.002628
19.472582 -0.001520
19.477583 -0.000413
19.482583 0.000091
19.487584 0.000343
19.492585 0.000343
19.497585 0.000595
19.502586 0.000847
19.507587 -0.000008
19.512587 -0.000863
19.517588 -0.001115
19.522589 -0.002826
19.527589 -0.003933
19.532590 -0.005895
19.537591 -0.006148
19.542591 -0.006400
19.547592 -0.006652
19.552592 -0.006301
19.557593 -0.005094
19.562594 -0.003888
19.567594 -0.003789
19.572595 -0.001727
19.577596 -0.000773
19.582596 0.001540
19.587597 0.002747
19.592598 0.003098
19.597598 0.004556
19.602599 0.004907
19.607600 0.004403
19.612600 0.003044
19.617601 0.002540
19.622602 0.002287
19.627602 0.000928
19.632603 -0.000431
19.637604 -0.001539
19.642604 -0.001791
19.647605 -0.002646
19.652606 -0.003501
19.657606 -0.002394
19.662607 -0.002142
19.667608 -0.001890
19.672608 -0.001386
19.677609 -0.000881
19.682610 0.000730
19.687610 0.001234
19.692611 0.000883
19.697612 0.002495
19.702612 0.002395
19.707613 0.002044
19.712614 0.001693
19.717614 0.001342
19.722615 0.000136
19.727616 -0.002430
19.732616 -0.004743
19.737617 -0.007309
19.742618 -0.009875
19.747618 -0.012440
19.752619 -0.014403
19.757620 -0.016113
19.762620 -0.017572
19.767621 -0.019282
19.772622 -0.019282
19.777622 -0.017923
19.782623 -0.015960
19.787624 -0.013746
19.792624 -0.011531
19.797625 -0.008461
19.802626 -0.005392
19.807626 -0.003177
19.812627 -0.000962
19.817628 0.002360
19.822628 0.005429
19.827629 0.006537
19.832630 0.008751
19.837630 0.010966
19.842631 0.013180
19.847632 0.014540
19.852632 0.014792
19.857633 0.015647
19.862634 0.016754
19.867634 0.015899
19.872635 0.014792
19.877636 0.014288
19.882636 0.013180
19.887637 0.011821
19.892638 0.009354
19.897638 0.008598
19.902639 0.008094
19.907640 0.006483
19.912640 0.006329
19.917641 0.006681
19.922642 0.007887
19.927642 0.008238
19.932643 0.009444
19.937644 0.011758
19.942644 0.013216
19.947645 0.014927
19.952646 0.017492
19.957646 0.020058
19.962647 0.022021
19.967648 0.023731
19.972648 0.024586
19.977649 0.026549
19.982650 0.026801
19.987650 0.027053
19.992651 0.025946
19.997652 0.024235
20.002652 0.022525
20.007653 0.018852
20.012653 0.016034
20.017654 0.012361
20.022655 0.008688
20.027655 0.003908
20.032656 -0.000621
20.037657 -0.004546
20.042657 -0.009074
20.047658 -0.013854
20.052659 -0.018031
20.057659 -0.020849
20.062660 -0.024774
20.067661 -0.029554
20.072661 -0.034335
20.077662 -0.038008
20.082663 -0.041681
20.087663 -0.045354
20.092664 -0.048171
20.097665 -0.050134
20.102665 -0.051844
20.107666 -0.051844
20.112667 -0.051844
20.117667 -0.049882
20.122668 -0.047064
20.127669 -0.044246
20.132669 -0.041429
20.137670 -0.036900
20.142671 -0.032975
20.147671 -0.028195
20.152672 -0.023163
20.157673 -0.019238
20.162673 -0.014808
20.167674 -0.011487
20.172675 -0.008165
20.177675 -0.004591
20.182676 -0.001017
20.187677 0.000343
20.192677 0.001954
20.197678 0.004421
20.202679 0.006635
20.207679 0.007139
20.212680 0.008499
20.217681 0.010713
20.222681 0.012073
20.227682 0.012928
20.232683 0.014891
20.237683 0.017456
20.242684 0.020274
20.247685 0.021984
20.252685 0.023695
20.257686 0.026261
20.262687 0.028826
20.267687 0.028574
20.272688 0.029177
20.277689 0.028673
20.282689 0.027314
20.287690 0.025099
20.292691 0.021525
20.297691 0.018806
20.302692 0.015485
20.307693 0.011055
20.312693 0.007733
20.317694 0.005267
20.322695 0.002197
20.327695 -0.000018
20.332696 -0.002232
20.337697 -0.003340
20.342697 -0.003592
20.347698 -0.004447
20.352699 -0.003340
20.357699 -0.001377
20.362700 0.000837
20.367701 0.003052
20.372701 0.005267
20.377702 0.008336
20.382703 0.011406
20.387703 0.013369
20.392704 0.015331
20.397705 0.018149
20.402705 0.020112
20.407706 0.020967
20.412707 0.021822
20.417707 0.023280
20.422708 0.024136
20.427709 0.024136
20.432709 0.023028
20.437710 0.022776
20.442711 0.021066
20.447711 0.018248
20.452712 0.016538
20.457713 0.013972
20.462713 0.010299
20.467714 0.006878
20.472714 0.003457
20.477715 -0.000216
20.482716 -0.004492
20.487716 -0.009020
20.492717 -0.012693
20.497718 -0.015259
20.502718 -0.017825
20.507719 -0.019787
20.512720 -0.021498
20.517720 -0.021498
20.522721 -0.022101
20.527722 -0.022101
20.532722 -0.021849
20.537723 -0.020741
20.542724 -0.018527
20.547724 -0.017419
20.552725 -0.016312
20.557726 -0.014098
20.562726 -0.012135
20.567727 -0.010776
20.572728 -0.008813
20.577728 -0.006851
20.582729 -0.004033
20.587730 -0.002322
20.592730 0.000495
20.597731 0.003061
20.602732 0.004771
20.607732 0.006230
20.612733 0.008543
20.617734 0.010857
20.622734 0.013423
20.627735 0.013774
20.632736 0.015232
20.637736 0.016438
20.642737 0.017042
20.647738 0.016537
20.652738 0.014926
20.657739 0.013567
20.662740 0.011955
20.667740 0.008633
20.672741 0.005059
20.677742 0.001737
20.682742 -0.001585
20.687743 -0.004906
20.692744 -0.009084
20.697744 -0.011550
20.702745 -0.013765
20.707746 -0.015727
20.712746 -0.017438
20.717747 -0.018293
20.722748 -0.017789
20.727748 -0.018140
20.732749 -0.016781
20.737750 -0.015169
20.742750 -0.013558
20.747751 -0.012198
20.752752 -0.009732
20.757752 -0.008372
20.762753 -0.005906
20.767754 -0.005402
20.772754 -0.005149
20.777755 -0.004897
20.782756 -0.004393
20.787756 -0.006104
20.792757 -0.006707
20.797758 -0.006455
20.802758 -0.006203
20.807759 -0.006806
20.812760 -0.007157
20.817760 -0.006905
20.822761 -0.007256
20.827762 -0.007607
20.832762 -0.007103
20.837763 -0.006599
20.842764 -0.006347
20.847764 -0.006095
20.852765 -0.006095
20.857766 -0.006095
20.862766 -0.006950
20.867767 -0.007805
20.872768 -0.008660
20.877768 -0.008912
20.882769 -0.008660
20.887770 -0.008660
20.892770 -0.008660
20.897771 -0.006950
20.902772 -0.006095
20.907772 -0.004987
20.912773 -0.004384
20.917774 -0.002422
20.922774 -0.000963
20.927775 0.000747
20.932775 0.003313
20.937776 0.005878
20.942777 0.008444
20.947777 0.010758
20.952778 0.013323
20.957779 0.015034
20.962779 0.017852
20.967780 0.019814
20.972781 0.020669
20.977781 0.022632
20.982782 0.024846
20.987783 0.025351
20.992783 0.024747
20.997784 0.024999
21.002785 0.025504
21.007785 0.023793
21.012786 0.022083
21.017787 0.020372
21.022787 0.018410
21.027788 0.016447
21.032789 0.014233
21.037789 0.012018
21.042790 0.009551
21.047791 0.007085
21.052791 0.004618
21.057792 0.002754
21.062793 0.000288
21.067793 -0.002431
21.072794 -0.004898
21.077795 -0.006509
21.082795 -0.007869
21.087796 -0.009831
21.092797 -0.010938
21.097797 -0.012046
21.102798 -0.012046
21.107799 -0.012901
21.112799 -0.013756
21.117800 -0.012901
21.122801 -0.012649
21.127801 -0.012901
21.132802 -0.011190
21.137803 -0.009732
21.142803 -0.008022
21.147804 -0.006563
21.152805 -0.005105
21.157805 -0.002539
21.162806 -0.000829
21.167807 0.000630
21.172807 0.001737
21.177808 0.002592
21.182809 0.003699
21.187809 0.002844
21.192810 0.003096
21.197811 0.003348
21.202811 0.003852
21.207812 0.002394
21.212813 0.001791
21.217813 0.001440
21.222814 0.000837
21.227815 -0.000622
21.232815 -0.001477
21.237816 -0.001477
21.242817 -0.002332
21.247817 -0.002584
21.252818 -0.002584
21.257819 -0.002836
21.262819 -0.001981
21.267820 -0.001981
21.272821 -0.001126
21.277821 -0.000271
21.282822 0.000837
21.287823 0.000837
21.292823 0.001944
21.297824 0.003051
21.302825 0.004158
21.307825 0.005014
21.312826 0.005869
21.317827 0.006724
21.322827 0.007831
21.327828 0.008687
21.332829 0.008687
21.337829 0.009542
21.342830 0.009542
21.347831 0.008687
21.352831 0.006976
21.357832 0.006373
21.362833 0.004663
21.367833 0.001242
21.372834 -0.001576
21.377835 -0.003890
21.382835 -0.006455
21.387836 -0.009021
21.392836 -0.011335
21.397837 -0.012190
21.402838 -0.012793
21.407838 -0.013648
21.412839 -0.013648
21.417840 -0.013396
21.422840 -0.012541
21.427841 -0.011686
21.432842 -0.010831
21.437842 -0.009120
21.442843 -0.006302
21.447844 -0.004592
21.452844 -0.001774
21.457845 0.001044
21.462846 0.003006
21.467846 0.004113
21.472847 0.005221
21.477848 0.006328
21.482848 0.006580
21.487849 0.005977
21.492850 0.006229
21.497850 0.006481
21.502851 0.006733
21.507852 0.006130
21.512852 0.005275
21.517853 0.005275
21.522854 0.004419
21.527854 0.003564
21.532855 0.002205
21.537856 0.001350
21.542856 0.000242
21.547857 -0.001720
21.552858 -0.004538
21.557858 -0.006501
21.562859 -0.008211
21.567860 -0.009921
21.572860 -0.011632
21.577861 -0.012235
21.582862 -0.011983
21.587862 -0.011731
21.592863 -0.011227
21.597864 -0.009264
21.602864 -0.007905
21.607865 -0.006194
21.612866 -0.004484
21.617866 -0.001918
21.622867 -0.000460
21.627868 0.001854
21.632868 0.003312
21.637869 0.005626
21.642870 0.005977
21.647870 0.006580
21.652871 0.006931
21.657872 0.006427
21.662872 0.007030
21.667873 0.005671
21.672874 0.005419
21.677874 0.004311
21.682875 0.004059
21.687876 0.003807
21.692876 0.003303
21.697877 0.002799
21.702878 0.003402
21.707878 0.002646
21.712879 0.002745
21.717880 0.002844
21.722880 0.002943
21.727881 0.001934
21.732882 0.002033
21.737882 0.002384
21.742883 0.002988
21.747884 0.002483
21.752884 0.002231
21.757885 0.002483
21.762886 0.002736
21.767886 0.002384
21.772887 0.002033
21.777888 0.001682
21.782888 0.001835
21.787889 0.001988
21.792890 0.001034
21.797890 0.002295
21.802891 0.003303
21.807892 0.003204
21.812892 0.004212
21.817893 0.005824
21.822894 0.006580
21.827894 0.007336
21.832895 0.007840
21.837896 0.009199
21.842896 0.009704
21.847897 0.010208
21.852897 0.010460
21.857898 0.010712
21.862899 0.009857
21.867899 0.009253
21.872900 0.008146
21.877901 0.007291
21.882901 0.006184
21.887902 0.003114
21.892903 0.000899
21.897903 -0.000712
21.902904 -0.002324
21.907905 -0.005646
21.912905 -0.007509
21.917906 -0.009121
21.922907 -0.010480
21.927907 -0.012947
21.932908 -0.015161
21.937909 -0.016269
21.942909 -0.017376
21.947910 -0.018483
21.952911 -0.019086
21.957911 -0.019086
21.962912 -0.018834
21.967913 -0.018582
21.972913 -0.018330
21.977914 -0.016368
21.982915 -0.014153
21.987915 -0.011335
21.992916 -0.008517
21.997917 -0.004592
22.002917 -0.000919
22.007918 0.001646
22.012919 0.004212
22.017919 0.006778
22.022920 0.009343
22.027921 0.010198
22.032921 0.011909
22.037922 0.012512
22.042923 0.013367
22.047923 0.013970
22.052924 0.013718
22.057925 0.013718
22.062925 0.013466
22.067926 0.013214
22.072927 0.011855
22.077927 0.011351
22.082928 0.011099
22.087929 0.009487
22.092929 0.008128
22.097930 0.007624
22.102931 0.006516
22.107931 0.003446
22.112932 0.001232
22.117933 -0.000731
22.122933 -0.003296
22.127934 -0.006114
22.132935 -0.009535
22.137935 -0.012101
22.142936 -0.014162
22.147937 -0.017331
22.152937 -0.019393
22.157938 -0.020599
22.162939 -0.019843
22.167939 -0.020194
22.172940 -0.018834
22.177941 -0.015513
22.182941 -0.013298
22.187942 -0.010228
22.192943 -0.007410
22.197943 -0.004593
22.202944 -0.001523
22.207945 0.000188
22.212945 0.001043
22.217946 0.003005
22.222947 0.003005
22.227947 0.003005
22.232948 0.002150
22.237949 0.001295
22.242949 0.000440
22.247950 -0.001271
22.252951 -0.002981
22.257951 -0.004440
22.262952 -0.005295
22.267953 -0.007005
22.272953 -0.007257
22.277954 -0.007257
22.282955 -0.006402
22.287955 -0.006654
22.292956 -0.005799
22.297957 -0.005196
22.302957 -0.004341
22.307958 -0.003485
22.312958 -0.002882
22.317959 -0.001172
22.322960 -0.000065
22.327960 0.000791
22.332961 0.001646
22.337962 0.003356
22.342962 0.004464
22.347963 0.005319
22.352964 0.006174
22.357964 0.007885
22.362965 0.008992
22.367966 0.010702
22.372966 0.011558
22.377967 0.012413
22.382968 0.013268
22.387968 0.013871
22.392969 0.014726
22.397970 0.015582
22.402970 0.016437
22.407971 0.016437
22.412972 0.017292
22.417972 0.018399
22.422973 0.018651
22.427974 0.018651
22.432974 0.018903
22.437975 0.019155
22.442976 0.020011
22.447976 0.019408
22.452977 0.019155
22.457978 0.020011
22.462978 0.020011
22.467979 0.019155
22.472980 0.018903
22.477980 0.018903
22.482981 0.017796
22.487982 0.016941
22.492982 0.016086
22.497983 0.014627
22.502984 0.014024
22.507984 0.011710
22.512985 0.010252
22.517986 0.007938
22.522986 0.006480
22.527987 0.004166
22.532988 0.001601
22.537988 -0.000110
22.542989 -0.001820
22.547990 -0.003783
22.552990 -0.005142
22.557991 -0.005394
22.562992 -0.005898
22.567992 -0.008113
22.572993 -0.009472
22.577994 -0.010832
22.582994 -0.011336
22.587995 -0.012443
22.592996 -0.013550
22.597996 -0.013550
22.602997 -0.013550
22.607998 -0.014154
22.612998 -0.014757
22.617999 -0.015360
22.623000 -0.015711
22.628000 -0.016314
22.633001 -0.017773
22.638002 -0.017773
22.643002 -0.017520
22.648003 -0.019483
22.653004 -0.020590
22.658004 -0.020842
22.663005 -0.021950
22.668006 -0.022454
22.673006 -0.022958
22.678007 -0.022859
22.683008 -0.023363
22.688008 -0.023867
22.693009 -0.023516
22.698010 -0.021455
22.703010 -0.019996
22.708011 -0.018790
22.713012 -0.017332
22.718012 -0.015270
22.723013 -0.013560
22.728014 -0.012353
22.733014 -0.010040
22.738015 -0.007726
22.743016 -0.005413
22.748016 -0.004809
22.753017 -0.003099
22.758018 -0.001388
22.763018 -0.000533
22.768019 -0.000281
22.773019 -0.000029
22.778020 0.000475
22.783021 0.000979
22.788021 0.001483
22.793022 0.001132
22.798023 0.001888
22.803023 0.001537
22.808024 0.001186
22.813025 0.001690
22.818025 0.002195
22.823026 0.002447
22.828027 0.001843
22.833027 0.001240
22.838028 0.001240
22.843029 0.001492
22.848029 0.000889
22.853030 0.000889
22.858031 0.001141
22.863031 0.001393
22.868032 0.000790
22.873033 0.000187
22.878033 0.001294
22.883034 0.001546
22.888035 0.001798
22.893035 0.002906
22.898036 0.004013
22.903037 0.004868
22.908037 0.005723
22.913038 0.007434
22.918039 0.009144
22.923039 0.010855
22.928040 0.011458
22.933041 0.012313
22.938041 0.014024
22.943042 0.014879
22.948043 0.014879
22.953043 0.015734
22.958044 0.017697
22.963045 0.018552
22.968045 0.019056
22.973046 0.019911
22.978047 0.021271
22.983047 0.022378
22.988048 0.022630
22.993049 0.022630
22.998049 0.022882
23.003050 0.022882
23.008051 0.022882
23.013051 0.022027
23.018052 0.021172
23.023053 0.020316
23.028053 0.018606
23.033054 0.017499
23.038055 0.016643
23.043055 0.014681
23.048056 0.012970
23.053057 0.011611
23.058057 0.009900
23.063058 0.009045
23.068059 0.007083
23.073059 0.005120
23.078060 0.004265
23.083061 0.002302
23.088061 0.000340
23.093062 -0.001272
23.098063 -0.002379
23.103063 -0.003738
23.108064 -0.005098
23.113065 -0.007312
23.118065 -0.007564
23.123066 -0.008068
23.128067 -0.010283
23.133067 -0.012246
23.138068 -0.013353
23.143069 -0.015315
23.148069 -0.017278
23.153070 -0.019241
23.158071 -0.019241
23.163071 -0.020096
23.168072 -0.021203
23.173073 -0.022914
23.178073 -0.022661
23.183074 -0.022661
23.188075 -0.023517
23.193075 -0.023517
23.198076 -0.022409
23.203077 -0.022409
23.208077 -0.023265
23.213078 -0.023013
23.218079 -0.022760
23.223079 -0.022256
23.228080 -0.022004
23.233080 -0.021500
23.238081 -0.021248
23.243082 -0.019889
23.248082 -0.019385
23.253083 -0.017422
23.258084 -0.014352
23.263084 -0.011534
23.268085 -0.008717
23.273086 -0.005647
23.278086 -0.001974
23.283087 0.001699
23.288088 0.005372
23.293088 0.007938
23.298089 0.011611
23.303090 0.015032
23.308090 0.016742
23.313091 0.019308
23.318092 0.021018
23.323092 0.021873
23.328093 0.021873
23.333094 0.021873
23.338094 0.021873
23.343095 0.021621
23.348096 0.020514
23.353096 0.020262
23.358097 0.019758
23.363098 0.019506
23.368098 0.019002
23.373099 0.017642
23.378100 0.017138
23.383100 0.016382
23.388101 0.015626
23.393102 0.014014
23.398102 0.013258
23.403103 0.011899
23.408104 0.009684
23.413104 0.007469
23.418105 0.005507
23.423106 0.003292
23.428106 0.000726
23.433107 -0.002091
23.438108 -0.003802
23.443108 -0.005260
23.448109 -0.006971
23.453110 -0.008681
23.458110 -0.009284
23.463111 -0.009887
23.468112 -0.011346
23.473112 -0.011949
23.478113 -0.012552
23.483114 -0.013155
23.488114 -0.013506
23.493115 -0.013254
23.498116 -0.013002
23.503116 -0.013353
23.508117 -0.013704
23.513118 -0.015163
23.518118 -0.015514
23.523119 -0.015865
23.528120 -0.016216
23.533120 -0.015964
23.538121 -0.014857
23.543122 -0.012642
23.548122 -0.011535
23.553123 -0.010427
23.558124 -0.007610
23.563124 -0.004792
23.568125 -0.003081
23.573126 -0.000264
23.578126 0.002554
23.583127 0.005120
23.588128 0.007082
23.593128 0.008793
23.598129 0.011358
23.603130 0.012466
23.608130 0.013321
23.613131 0.013924
23.618132 0.015031
23.623132 0.015887
23.628133 0.016139
23.633134 0.016139
23.638134 0.015283
23.643135 0.015535
23.648136 0.014680
23.653136 0.013573
23.658137 0.012718
23.663138 0.011007
23.668138 0.009297
23.673139 0.007334
23.678140 0.005624
23.683140 0.003661
23.688141 0.001096
23.693141 -0.001722
23.698142 -0.003433
23.703143 -0.004288
23.708143 -0.007106
23.713144 -0.007961
23.718145 -0.008816
23.723145 -0.009671
23.728146 -0.010779
23.733147 -0.011634
23.738147 -0.010779
23.743148 -0.009671
23.748149 -0.009671
23.753149 -0.007961
23.758150 -0.007106
23.763151 -0.006251
23.768151 -0.005647
23.773152 -0.005044
23.778153 -0.003334
23.783153 -0.002731
23.788154 -0.002380
23.793155 -0.001173
23.798155 0.000285
23.803156 0.000636
23.808157 0.000987
23.813157 0.000483
23.818158 0.001942
23.823159 0.002293
23.828159 0.001788
23.833160 0.001032
23.838161 0.001635
23.843161 0.001986
23.848162 0.001482
23.853163 0.000978
23.858163 0.000726
23.863164 0.000474
23.868165 -0.000633
23.873165 -0.001489
23.878166 -0.002596
23.883167 -0.003451
23.888167 -0.005162
23.893168 -0.006872
23.898169 -0.007475
23.903169 -0.008078
23.908170 -0.009537
23.913171 -0.010995
23.918171 -0.011346
23.923172 -0.011094
23.928173 -0.011445
23.933173 -0.011193
23.938174 -0.010086
23.943175 -0.007871
23.948175 -0.006764
23.953176 -0.004801
23.958177 -0.002839
23.963177 0.000231
23.968178 0.001338
23.973179 0.003301
23.978179 0.006371
23.983180 0.008585
23.988181 0.009692
23.993181 0.010800
23.998182 0.012762
24.003183 0.014725
24.008183 0.014977
24.013184 0.014977
24.018185 0.015832
24.023185 0.016084
24.028186 0.015832
24.033187 0.015832
24.038187 0.015832
24.043188 0.014977
24.048189 0.014374
24.053189 0.013518
24.058190 0.013518
24.063191 0.012060
24.068191 0.011205
24.073192 0.009494
24.078193 0.009494
24.083193 0.008891
24.088194 0.007181
24.093195 0.006326
24.098195 0.006326
24.103196 0.006326
24.108197 0.004867
24.113197 0.004012
24.118198 0.004012
24.123199 0.003409
24.128199 0.002553
24.133200 0.001095
24.138201 0.001347
24.143201 0.000744
24.148202 0.000141
24.153202 -0.000462
24.158203 0.000042
24.163204 0.000294
24.168204 -0.000057
24.173205 0.000798
24.178206 0.001050
24.183206 0.000195
24.188207 -0.000912
24.193208 -0.001165
24.198208 -0.001417
24.203209 -0.003379
24.208210 -0.004738
24.213210 -0.006098
24.218211 -0.007457
24.223212 -0.007961
24.228212 -0.010428
24.233213 -0.013498
24.238214 -0.014857
24.243214 -0.015361
24.248215 -0.017828
24.253216 -0.020043
24.258216 -0.019440
24.263217 -0.019944
24.268218 -0.021303
24.273218 -0.021555
24.278219 -0.021807
24.283220 -0.021204
24.288220 -0.020601
24.293221 -0.018890
24.298222 -0.017432
24.303222 -0.017180
24.308223 -0.016577
24.313224 -0.015470
24.318224 -0.012904
24.323225 -0.011545
24.328226 -0.010689
24.333226 -0.009582
24.338227 -0.007367
24.343228 -0.005405
24.348228 -0.005153
24.353229 -0.004046
24.358230 -0.002083
24.363230 -0.000121
24.368231 0.000735
24.373232 0.001590
24.378232 0.004408
24.383233 0.006118
24.388234 0.007829
24.393234 0.010394
24.398235 0.012105
24.403236 0.013815
24.408236 0.015526
24.413237 0.016381
24.418238 0.017488
24.423238 0.018595
24.428239 0.019451
24.433240 0.019451
24.438240 0.019451
24.443241 0.019451
24.448242 0.018343
24.453242 0.017488
24.458243 0.017236
24.463244 0.015273
24.468244 0.013311
24.473245 0.011600
24.478246 0.010493
24.483246 0.008783
24.488247 0.005965
24.493248 0.003147
24.498248 0.001689
24.503249 -0.000022
24.508250 -0.001732
24.513250 -0.003190
24.518251 -0.003794
24.523252 -0.005252
24.528252 -0.006710
24.533253 -0.008169
24.538254 -0.008520
24.543254 -0.008268
24.548255 -0.008871
24.553256 -0.008619
24.558256 -0.006404
24.563257 -0.005549
24.568258 -0.004442
24.573258 -0.003587
24.578259 -0.001876
24.583260 -0.000166
24.588260 0.001545
24.593261 0.002148
24.598262 0.003003
24.603262 0.003858
24.608263 0.004462
24.613263 0.004209
24.618264 0.004209
24.623265 0.003957
24.628265 0.003705
24.633266 0.003705
24.638267 0.003453
24.643267 0.003453
24.648268 0.002598
24.653269 0.001491
24.658269 0.001743
24.663270 0.000887
24.668271 0.000284
24.673271 -0.000571
24.678272 -0.000319
24.683273 -0.000067
24.688273 -0.001273
24.693274 -0.001876
24.698275 -0.001624
24.703275 -0.001372
24.708276 -0.001723
24.713277 -0.001471
24.718277 -0.001219
24.723278 -0.000112
24.728279 -0.000715
24.733279 0.000392
24.738280 0.001500
24.743281 0.002607
24.748281 0.003462
24.753282 0.004317
24.758283 0.005776
24.763283 0.007486
24.768284 0.008693
24.773285 0.009044
24.778285 0.010502
24.783286 0.010853
24.788287 0.011204
24.793287 0.011555
24.798288 0.011906
24.803289 0.012257
24.808289 0.011753
24.813290 0.012104
24.818291 0.012455
24.823291 0.011951
24.828292 0.011447
24.833293 0.010943
24.838293 0.010691
24.843294 0.010439
24.848295 0.009331
24.853295 0.008476
24.858296 0.007621
24.863297 0.005911
24.868297 0.003345
24.873298 0.001886
24.878299 -0.000427
24.883299 -0.001886
24.888300 -0.005054
24.893301 -0.007368
24.898301 -0.008826
24.903302 -0.010033
24.908303 -0.011491
24.913303 -0.013202
24.918304 -0.014660
24.923305 -0.016118
24.928305 -0.017829
24.933306 -0.018684
24.938307 -0.019791
24.943307 -0.020647
24.948308 -0.021754
24.953309 -0.023113
24.958309 -0.025076
24.963310 -0.026183
24.968311 -0.028398
24.973311 -0.029757
24.978312 -0.030261
24.983313 -0.031368
24.988313 -0.033583
24.993314 -0.034942
24.998315 -0.035195
25.003315 -0.034339
25.008316 -0.033736
25.013317 -0.033736
25.018317 -0.032026
25.023318 -0.030063
25.028319 -0.028353
25.033319 -0.025535
25.038320 -0.022465
25.043321 -0.019395
25.048321 -0.017433
25.053322 -0.014363
25.058323 -0.010438
25.063323 -0.007116
25.068324 -0.004046
25.073324 -0.000976
25.078325 0.003201
25.083326 0.006523
25.088326 0.009592
25.093327 0.012914
25.098328 0.017091
25.103328 0.020413
25.108329 0.023483
25.113330 0.026553
25.118330 0.029623
25.123331 0.031585
25.128332 0.033548
25.133332 0.034655
25.138333 0.036618
25.143334 0.036618
25.148334 0.036618
25.153335 0.036618
25.158336 0.036618
25.163336 0.035762
25.168337 0.034655
25.173338 0.033548
25.178338 0.033296
25.183339 0.032188
25.188340 0.030226
25.193340 0.028011
25.198341 0.026904
25.203342 0.024689
25.208342 0.022727
25.213343 0.019657
25.218344 0.017694
25.223344 0.015732
25.228345 0.012059
25.233346 0.010096
25.238346 0.008134
25.243347 0.005316
25.248348 0.003354
25.253348 0.001391
25.258349 0.001391
25.263350 0.000536
25.268350 -0.000319
25.273351 -0.000571
25.278352 -0.000571
25.283352 -0.000824
25.288353 -0.001076
25.293354 -0.001328
25.298354 -0.000472
25.303355 -0.000725
25.308356 -0.002687
25.313356 -0.002939
25.318357 -0.004046
25.323358 -0.005154
25.328358 -0.006864
25.333359 -0.008827
25.338360 -0.009079
25.343360 -0.009079
25.348361 -0.009934
25.353362 -0.012752
25.358362 -0.013355
25.363363 -0.013958
25.368364 -0.014813
25.373364 -0.014561
25.378365 -0.011996
25.383366 -0.010888
25.388366 -0.016623
25.393367 -0.020647
25.398368 -0.019540
25.403368 -0.014156
25.408369 -0.011338
25.413370 -0.012194
25.418370 -0.015966
25.423371 -0.017172
25.428372 -0.016065
25.433372 -0.011537
25.438373 -0.009322
25.443374 -0.008566
25.448374 -0.008314
25.453375 -0.004893
25.458376 -0.003182
25.463376 -0.002930
25.468377 -0.002930
25.473378 -0.001472
25.478378 0.001697
25.483379 0.004011
25.488380 0.003759
25.493380 0.002399
25.498381 0.003002
25.503382 0.002498
25.508382 0.001994
25.513383 0.000635
25.518384 -0.000725
25.523384 -0.001229
25.528385 -0.001481
25.533385 -0.001130
25.538386 -0.001634
25.543387 -0.003597
25.548387 -0.006666
25.553388 -0.009484
25.558389 -0.008881
25.563389 -0.007171
25.568390 -0.005712
25.573391 -0.004857
25.578391 -0.006567
25.583392 -0.009133
25.588393 -0.009988
25.593393 -0.008278
25.598394 -0.003147
25.603395 0.001382
25.608395 0.002237
25.613396 0.001634
25.618397 0.001031
25.623397 0.000679
25.628398 0.001787
25.633399 0.004857
25.638399 0.008782
25.643400 0.011851
25.648401 0.011500
25.653401 0.010897
25.658402 0.010546
25.663403 0.010798
25.668403 0.012761
25.673404 0.013616
25.678405 0.012761
25.683405 0.011302
25.688406 0.009844
25.693407 0.008989
25.698407 0.008133
25.703408 0.006171
25.708409 0.004460
25.713409 0.002498
25.718410 0.001643
25.723411 0.000787
25.728411 -0.000923
25.733412 -0.002886
25.738413 -0.003741
25.743413 -0.004596
25.748414 -0.006306
25.753415 -0.007162
25.758415 -0.008017
25.763416 -0.007765
25.768417 -0.007765
25.773417 -0.007765
25.778418 -0.006658
25.783419 -0.005802
25.788419 -0.004947
25.793420 -0.004092
25.798421 -0.002129
25.803421 -0.001022
25.808422 -0.001022
25.813423 -0.000419
25.818423 0.000688
25.823424 0.001544
25.828425 0.002399
25.833425 0.003857
25.838426 0.004712
25.843427 0.004712
25.848427 0.004712
25.853428 0.004712
25.858429 0.005568
25.863429 0.005568
25.868430 0.004712
25.873431 0.003605
25.878431 0.002750
25.883432 0.001895
25.888433 0.000787
25.893433 -0.000068
25.898434 -0.000068
25.903435 -0.001175
25.908435 -0.002030
25.913436 -0.002886
25.918437 -0.002886
25.923437 -0.002886
25.928438 -0.002886
25.933439 -0.003138
25.938439 -0.003138
25.943440 -0.003138
25.948441 -0.003138
25.953441 -0.004245
25.958442 -0.003390
25.963443 -0.002535
25.968443 -0.002787
25.973444 -0.001931
25.978445 -0.000221
25.983445 0.000382
25.988446 0.000382
25.993446 0.000130
25.998447 0.000985
26.003448 0.001840
26.008448 0.001840
26.013449 0.001588
26.018450 0.002444
26.023450 0.002696
26.028451 0.001840
26.033452 0.001840
26.038452 0.001840
26.043453 0.002092
26.048454 0.002092
26.053454 0.003200
26.058455 0.004307
26.063456 0.004307
26.068456 0.005414
26.073457 0.005414
26.078458 0.007125
26.083458 0.008232
26.088459 0.008232
26.093460 0.008232
26.098460 0.009087
26.103461 0.009339
26.108462 0.009339
26.113462 0.008232
26.118463 0.008232
26.123464 0.007377
26.128464 0.006522
26.133465 0.004811
26.138466 0.003956
26.143466 0.003101
26.148467 0.000535
26.153468 -0.001175
26.158468 -0.002031
26.163469 -0.002886
26.168470 -0.004596
26.173470 -0.005704
26.178471 -0.005704
26.183472 -0.006559
26.188472 -0.007414
26.193473 -0.008521
26.198474 -0.008521
26.203474 -0.007918
26.208475 -0.009026
26.213476 -0.008422
26.218476 -0.007819
26.223477 -0.006964
26.228478 -0.006361
26.233478 -0.006361
26.238479 -0.005758
26.243480 -0.004903
26.248480 -0.005155
26.253481 -0.004551
26.258482 -0.003696
26.263482 -0.003093
26.268483 -0.003093
26.273484 -0.002490
26.278484 -0.001887
26.283485 -0.001887
26.288486 -0.002139
26.293486 -0.002139
26.298487 -0.002391
26.303488 -0.002391
26.308488 -0.003246
26.313489 -0.004354
26.318490 -0.004101
26.323490 -0.004101
26.328491 -0.004101
26.333492 -0.005209
26.338492 -0.004957
26.343493 -0.004101
26.348494 -0.004957
26.353494 -0.005209
26.358495 -0.004354
26.363496 -0.004102
26.368496 -0.004102
26.373497 -0.003849
26.378498 -0.002742
26.383498 -0.001383
26.388499 -0.001131
26.393500 0.000229
26.398500 0.001588
26.403501 0.002947
26.408502 0.003704
26.413502 0.005063
26.418503 0.006674
26.423504 0.008286
26.428504 0.009042
26.433505 0.010401
26.438506 0.012013
26.443506 0.013372
26.448507 0.013876
26.453507 0.014381
26.458508 0.015488
26.463509 0.015740
26.468509 0.014885
26.473510 0.014029
26.478511 0.013426
26.483511 0.012571
26.488512 0.011464
26.493513 0.009501
26.498513 0.007791
26.503514 0.006935
26.508515 0.004973
26.513515 0.003866
26.518516 0.003010
26.523517 0.001903
26.528517 0.000544
26.533518 -0.000564
26.538519 -0.000816
26.543519 -0.002175
26.548520 -0.003534
26.553521 -0.003786
26.558521 -0.004291
26.563522 -0.004795
26.568523 -0.005299
26.573523 -0.005803
26.578524 -0.005452
26.583525 -0.005101
26.588525 -0.005605
26.593526 -0.006109
26.598527 -0.006613
26.603527 -0.006865
26.608528 -0.008225
26.613529 -0.008477
26.618529 -0.008729
26.623530 -0.008981
26.628531 -0.009233
26.633531 -0.009485
26.638532 -0.008882
26.643533 -0.008882
26.648533 -0.009134
26.653534 -0.009386
26.658535 -0.008531
26.663535 -0.007676
26.668536 -0.007676
26.673537 -0.007424
26.678537 -0.006568
26.683538 -0.005461
26.688539 -0.005461
26.693539 -0.005461
26.698540 -0.004354
26.703541 -0.002995
26.708541 -0.003598
26.713542 -0.004201
26.718543 -0.003094
26.723543 -0.002589
26.728544 -0.002940
26.733545 -0.002688
26.738545 -0.002436
26.743546 -0.001077
26.748547 -0.000825
26.753547 0.000282
26.758548 0.002245
26.763549 0.003352
26.768549 0.004459
26.773550 0.005315
26.778551 0.007025
26.783551 0.008132
26.788552 0.008988
26.793553 0.009591
26.798553 0.010446
26.803554 0.010446
26.808555 0.010194
26.813555 0.009942
26.818556 0.009690
26.823557 0.008835
26.828557 0.007727
26.833558 0.006620
26.838559 0.005513
26.843559 0.004405
26.848560 0.002443
26.853561 0.001336
26.858561 0.000228
26.863562 -0.000879
26.868563 -0.001734
26.873563 -0.003445
26.878564 -0.003445
26.883565 -0.004300
26.888565 -0.006010
26.893566 -0.007469
26.898567 -0.008324
26.903567 -0.008927
26.908568 -0.010386
26.913568 -0.010737
26.918569 -0.010485
26.923570 -0.009981
26.928570 -0.009728
26.933571 -0.010080
26.938572 -0.008720
26.943572 -0.008468
26.948573 -0.007964
26.953574 -0.006857
26.958574 -0.005749
26.963575 -0.003787
26.968576 -0.002680
26.973576 -0.000969
26.978577 0.000741
26.983578 0.002452
26.988578 0.003307
26.993579 0.003910
26.998580 0.005369
27.003580 0.006827
27.008581 0.006575
27.013582 0.007781
27.018582 0.008132
27.023583 0.009591
27.028584 0.009086
27.033584 0.009438
27.038585 0.010041
27.043586 0.010392
27.048586 0.010743
27.053587 0.010239
27.058588 0.010842
27.063588 0.010590
27.068589 0.010338
27.073590 0.009230
27.078590 0.010086
27.083591 0.008978
27.088592 0.008123
27.093592 0.007268
27.098593 0.007268
27.103594 0.006665
27.108594 0.006062
27.113595 0.005458
27.118596 0.005710
27.123596 0.005359
27.128597 0.004756
27.133598 0.003298
27.138598 0.003550
27.143599 0.002947
27.148600 0.001236
27.153600 0.000633
27.158601 0.000633
27.163602 0.000030
27.168602 -0.001681
27.173603 -0.002536
27.178604 -0.002536
27.183604 -0.003139
27.188605 -0.003139
27.193606 -0.003994
27.198606 -0.003994
27.203607 -0.003742
27.208608 -0.003742
27.213608 -0.004345
27.218609 -0.003490
27.223610 -0.003238
27.228610 -0.003238
27.233611 -0.003238
27.238612 -0.001528
27.243612 -0.000420
27.248613 -0.000420
27.253614 0.000183
27.258614 0.001893
27.263615 0.001893
27.268616 0.002496
27.273616 0.002496
27.278617 0.003100
27.283618 0.003100
27.288618 0.001992
27.293619 0.001740
27.298620 0.001488
27.303620 0.000633
27.308621 -0.000474
27.313622 -0.001582
27.318622 -0.001834
27.323623 -0.001834
27.328624 -0.002941
27.333624 -0.003796
27.338625 -0.004048
27.343626 -0.003796
27.348626 -0.004652
27.353627 -0.004652
27.358628 -0.004652
27.363628 -0.004399
27.368629 -0.005003
27.373629 -0.005003
27.378630 -0.004498
27.383631 -0.004246
27.388631 -0.004850
27.393632 -0.005201
27.398633 -0.004949
27.403633 -0.005048
27.408634 -0.006506
27.413635 -0.006857
27.418635 -0.007208
27.423636 -0.007811
27.428637 -0.009270
27.433637 -0.009873
27.438638 -0.009873
27.443639 -0.009621
27.448639 -0.010728
27.453640 -0.011583
27.458641 -0.010980
27.463641 -0.011232
27.468642 -0.010629
27.473643 -0.011133
27.478643 -0.010782
27.483644 -0.011286
27.488645 -0.011791
27.493645 -0.012547
27.498646 -0.012196
27.503647 -0.012700
27.508647 -0.012349
27.513648 -0.013105
27.518649 -0.012754
27.523649 -0.013006
27.528650 -0.012655
27.533651 -0.012907
27.538651 -0.012304
27.543652 -0.010593
27.548653 -0.009990
27.553653 -0.009135
27.558654 -0.006569
27.563655 -0.004859
27.568655 -0.004004
27.573656 -0.002293
27.578657 0.000525
27.583657 0.002487
27.588658 0.004450
27.593659 0.006412
27.598659 0.009482
27.603660 0.011444
27.608661 0.013659
27.613661 0.016477
27.618662 0.019547
27.623663 0.022364
27.628663 0.023724
27.633664 0.025686
27.638665 0.028504
27.643665 0.030467
27.648666 0.031574
27.653667 0.032429
27.658667 0.032681
27.663668 0.033788
27.668669 0.033185
27.673669 0.031475
27.678670 0.030872
27.683671 0.029161
27.688671 0.027703
27.693672 0.025137
27.698673 0.023679
27.703673 0.021113
27.708674 0.018547
27.713675 0.015982
27.718675 0.013416
27.723676 0.011958
27.728677 0.008285
27.733677 0.006574
27.738678 0.004612
27.743679 0.002901
27.748679 0.001191
27.753680 -0.000772
27.758681 -0.001627
27.763681 -0.002482
27.768682 -0.004193
27.773683 -0.006155
27.778683 -0.006155
27.783684 -0.007011
27.788685 -0.008118
27.793685 -0.009225
27.798686 -0.008370
27.803687 -0.009477
27.808687 -0.009729
27.813688 -0.011089
27.818689 -0.011341
27.823689 -0.011593
27.828690 -0.012952
27.833690 -0.014059
27.838691 -0.014312
27.843692 -0.013708
27.848692 -0.014564
27.853693 -0.014816
27.858694 -0.015068
27.863694 -0.015671
27.868695 -0.016778
27.873696 -0.016778
27.878696 -0.016526
27.883697 -0.016526
27.888698 -0.016526
27.893698 -0.016526
27.898699 -0.016274
27.903700 -0.016022
27.908700 -0.016022
27.913701 -0.016022
27.918702 -0.014915
27.923702 -0.013808
27.928703 -0.012700
27.933704 -0.012700
27.938704 -0.011593
27.943705 -0.010486
27.948706 -0.009630
27.953706 -0.009378
27.958707 -0.008271
27.963708 -0.006309
27.968708 -0.005453
27.973709 -0.004598
27.978710 -0.002636
27.983710 -0.001780
27.988711 -0.000925
27.993712 -0.000070
27.998712 0.001641
28.003713 0.002496
28.008714 0.003099
28.013714 0.003954
28.018715 0.004809
28.023716 0.005413
28.028716 0.005413
28.033717 0.005413
28.038718 0.006268
28.043718 0.006520
28.048719 0.006520
28.053720 0.005665
28.058720 0.005917
28.063721 0.005917
28.068722 0.004458
28.073722 0.003603
28.078723 0.002748
28.083724 0.002145
28.088724 0.001289
28.093725 0.000434
28.098726 -0.000421
28.103726 -0.000421
28.108727 -0.001528
28.113728 -0.002636
28.118728 -0.001780
28.123729 -0.002033
28.128730 -0.002285
28.133730 -0.002537
28.138731 -0.002789
28.143732 -0.001934
28.148732 -0.003041
28.153733 -0.003293
28.158734 -0.002438
28.163734 -0.001835
28.168735 -0.001835
28.173736 -0.000979
28.178736 -0.000124
28.183737 0.001586
28.188738 0.001586
28.193738 0.002442
28.198739 0.004152
28.203740 0.005259
28.208740 0.006115
28.213741 0.007222
28.218742 0.008077
28.223742 0.009184
28.228743 0.010040
28.233744 0.010895
28.238744 0.012002
28.243745 0.012857
28.248746 0.012857
28.253746 0.013713
28.258747 0.014568
28.263748 0.015423
28.268748 0.015423
28.273749 0.016278
28.278750 0.016278
28.283750 0.016881
28.288751 0.016026
28.293751 0.015774
28.298752 0.015774
28.303753 0.014667
28.308753 0.013559
28.313754 0.012452
28.318755 0.011597
28.323755 0.010742
28.328756 0.008779
28.333757 0.007672
28.338757 0.005961
28.343758 0.005358
28.348759 0.003648
28.353759 0.002792
28.358760 0.002189
28.363761 0.001586
28.368761 -0.000124
28.373762 -0.000727
28.378763 -0.001079
28.383763 -0.001682
28.388764 -0.002033
28.393765 -0.002636
28.398765 -0.003239
28.403766 -0.003590
28.408767 -0.004193
28.413767 -0.005652
28.418768 -0.005400
28.423769 -0.005751
28.428769 -0.006606
28.433770 -0.007209
28.438771 -0.006957
28.443771 -0.007812
28.448772 -0.008668
28.453773 -0.009523
28.458773 -0.009523
28.463774 -0.010378
28.468775 -0.011485
28.473775 -0.011737
28.478776 -0.011989
28.483777 -0.012242
28.488777 -0.013349
28.493778 -0.014708
28.498779 -0.014708
28.503779 -0.014960
28.508780 -0.015212
28.513781 -0.015464
28.518781 -0.014861
28.523782 -0.015717
28.528783 -0.015969
28.533783 -0.016221
28.538784 -0.015618
28.543785 -0.013907
28.548785 -0.013304
28.553786 -0.012701
28.558787 -0.010990
28.563787 -0.009280
28.568788 -0.008425
28.573789 -0.006714
28.578789 -0.005004
28.583790 -0.003293
28.588791 -0.002438
28.593791 -0.000728
28.598792 0.000983
28.603793 0.001838
28.608793 0.002693
28.613794 0.003296
28.618795 0.004152
28.623795 0.005007
28.628796 0.005610
28.633797 0.005610
28.638797 0.006213
28.643798 0.006213
28.648799 0.006816
28.653799 0.006816
28.658800 0.007419
28.663801 0.007419
28.668801 0.007419
28.673802 0.008023
28.678803 0.008023
28.683803 0.008878
28.688804 0.008878
28.693805 0.008878
28.698805 0.009130
28.703806 0.009985
28.708807 0.009382
28.713807 0.009634
28.718808 0.009634
28.723809 0.010138
28.728809 0.009535
28.733810 0.009787
28.738811 0.010039
28.743811 0.009436
28.748812 0.009688
28.753812 0.009085
28.758813 0.009337
28.763814 0.009589
28.768814 0.008986
28.773815 0.008986
28.778816 0.009238
28.783816 0.009490
28.788817 0.007527
28.793818 0.006672
28.798818 0.006672
28.803819 0.005565
28.808820 0.003602
28.813820 0.002495
28.818821 0.001640
28.823822 0.001388
28.828822 -0.000575
28.833823 -0.001682
28.838824 -0.002789
28.843824 -0.003041
28.848825 -0.004149
28.853826 -0.005256
28.858826 -0.005508
28.863827 -0.006363
28.868828 -0.008326
28.873828 -0.009433
28.878829 -0.010288
28.883830 -0.010036
28.888830 -0.011144
28.893831 -0.011999
28.898832 -0.010892
28.903832 -0.010892
28.908833 -0.011495
28.913834 -0.011495
28.918834 -0.011243
28.923835 -0.011243
28.928836 -0.010991
28.933836 -0.010991
28.938837 -0.009883
28.943838 -0.008776
28.948838 -0.008524
28.953839 -0.008272
28.958840 -0.007417
28.963840 -0.006913
28.968841 -0.007768
28.973842 -0.006661
28.978842 -0.006408
28.983843 -0.005301
28.988844 -0.005301
28.993844 -0.004194
28.998845 -0.003339
29.003846 -0.002231
29.008846 -0.002231
29.013847 -0.002231
29.018848 -0.001376
29.023848 -0.000521
29.028849 -0.000521
29.033850 0.000334
29.038850 0.000937
29.043851 0.001793
29.048852 0.001541
29.053852 0.002396
29.058853 0.002999
29.063854 0.003854
29.068854 0.004457
29.073855 0.004457
29.078856 0.005060
29.083856 0.005916
29.088857 0.005664
29.093858 0.005412
29.098858 0.006267
29.103859 0.006015
29.108860 0.005763
29.113860 0.005511
29.118861 0.006366
29.123862 0.006366
29.128862 0.006114
29.133863 0.006114
29.138864 0.006114
29.143864 0.006114
29.148865 0.006114
29.153866 0.006114
29.158866 0.007221
29.163867 0.007221
29.168868 0.007221
29.173868 0.007473
29.178869 0.008328
29.183870 0.008580
29.188870 0.007725
29.193871 0.007725
29.198872 0.007725
29.203872 0.007725
29.208873 0.006870
29.213873 0.006015
29.218874 0.006267
29.223875 0.006267
29.228875 0.005411
29.233876 0.004556
29.238877 0.004556
29.243877 0.003701
29.248878 0.002846
29.253879 0.002846
29.258879 0.002846
29.263880 0.002846
29.268881 0.002846
29.273881 0.001990
29.278882 0.001990
29.283883 0.002846
29.288883 0.001738
29.293884 0.000631
29.298885 0.000631
29.303885 0.000379
29.308886 -0.000728
29.313887 -0.000728
29.318887 -0.000980
29.323888 -0.000980
29.328889 -0.002088
29.333889 -0.002340
29.338890 -0.002340
29.343891 -0.002340
29.348891 -0.003447
29.353892 -0.004302
29.358893 -0.004302
29.363893 -0.004906
29.368894 -0.006616
29.373895 -0.007471
29.378895 -0.008074
29.383896 -0.008930
29.388897 -0.010640
29.393897 -0.011243
29.398898 -0.011243
29.403899 -0.011243
29.408899 -0.012098
29.413900 -0.013809
29.418901 -0.013809
29.423901 -0.014412
29.428902 -0.015519
29.433903 -0.015519
29.438903 -0.014664
29.443904 -0.014664
29.448905 -0.013809
29.453905 -0.014061
29.458906 -0.012954
29.463907 -0.012098
29.468907 -0.011243
29.473908 -0.010388
29.478909 -0.008678
29.483909 -0.006715
29.488910 -0.005005
29.493911 -0.004149
29.498911 -0.002187
29.503912 -0.000476
29.508913 -0.000224
29.513913 0.000631
29.518914 0.002593
29.523915 0.003701
29.528915 0.003701
29.533916 0.003953
29.538917 0.005915
29.543917 0.006167
29.548918 0.006167
29.553919 0.007275
29.558919 0.008382
29.563920 0.008634
29.568921 0.008634
29.573921 0.008886
29.578922 0.009993
29.583923 0.010245
29.588923 0.010245
29.593924 0.009390
29.598925 0.010497
29.603925 0.009642
29.608926 0.008787
29.613927 0.008535
29.618927 0.008535
29.623928 0.007680
29.628929 0.006572
29.633929 0.005465
29.638930 0.004358
29.643931 0.004358
29.648931 0.003250
29.653932 0.002143
29.658933 0.001891
29.663933 0.001891
29.668934 0.001891
29.673934 0.001639
29.678935 0.001639
29.683936 0.001639
29.688936 0.000784
29.693937 -0.000071
29.698938 0.000784
29.703938 -0.000071
29.708939 -0.000927
29.713940 -0.000927
29.718940 -0.000675
29.723941 -0.000423
29.728942 -0.001530
29.733942 -0.001530
29.738943 -0.001278
29.743944 -0.001278
29.748944 -0.002133
29.753945 -0.002385
29.758946 -0.002385
29.763946 -0.002385
29.768947 -0.003492
29.773948 -0.003745
29.778948 -0.003997
29.783949 -0.005104
29.788950 -0.005608
29.793950 -0.005860
29.798951 -0.005509
29.803952 -0.005761
29.808952 -0.006013
29.813953 -0.007373
29.818954 -0.006769
29.823954 -0.007022
29.828955 -0.006418
29.833956 -0.006670
29.838956 -0.005212
29.843957 -0.004357
29.848958 -0.003502
29.853958 -0.002898
29.858959 -0.001188
29.863960 0.000774
29.868960 0.000774
29.873961 0.002485
29.878962 0.003592
29.883962 0.005555
29.888963 0.005807
29.893964 0.007166
29.898964 0.009129
29.903965 0.010488
29.908966 0.010740
29.913966 0.011244
29.918967 0.012352
29.923968 0.013711
29.928968 0.013360
29.933969 0.013612
29.938970 0.014971
29.943970 0.014368
29.948971 0.014620
29.953972 0.014017
29.958972 0.014017
29.963973 0.013414
29.968974 0.012811
29.973974 0.011703
29.978975 0.011100
29.983976 0.010245
29.988976 0.009390
29.993977 0.007427
29.998978 0.007427
30.003978 0.006320
30.008979 0.004609
30.013980 0.003502
30.018980 0.002395
30.023981 0.002395
30.028982 0.000432
30.033982 -0.000675
30.038983 -0.001782
30.043984 -0.001782
30.048984 -0.003745
30.053985 -0.004852
30.058986 -0.005707
30.063986 -0.005707
30.068987 -0.006815
30.073988 -0.007922
30.078988 -0.007067
30.083989 -0.007922
30.088990 -0.008777
30.093990 -0.008777
30.098991 -0.009029
30.103992 -0.008777
30.108992 -0.009884
30.113993 -0.009885
30.118994 -0.009029
30.123994 -0.009029
30.128995 -0.009029
30.133995 -0.009029
30.138996 -0.009029
30.143997 -0.009029
30.148997 -0.010137
30.153998 -0.010137
30.158999 -0.010389
30.163999 -0.010389
30.169000 -0.010641
30.174001 -0.010641
30.179001 -0.010038
30.184002 -0.010893
30.189003 -0.010893
30.194003 -0.012000
30.199004 -0.011145
30.204005 -0.012000
30.209005 -0.012000
30.214006 -0.012252
30.219007 -0.011397
30.224007 -0.011145
30.229008 -0.011145
30.234009 -0.011145
30.239009 -0.011145
30.244010 -0.010038
30.249011 -0.010893
30.254011 -0.010641
30.259012 -0.008678
30.264013 -0.007571
30.269013 -0.007571
30.274014 -0.007319
30.279015 -0.006464
30.284015 -0.006212
30.289016 -0.005960
30.294017 -0.005104
30.299017 -0.003997
30.304018 -0.003142
30.309019 -0.002035
30.314019 -0.001179
30.319020 0.000783
30.324021 0.001890
30.329021 0.001890
30.334022 0.002746
30.339023 0.003601
30.344023 0.004708
30.349024 0.005563
30.354025 0.005563
30.359025 0.007526
30.364026 0.008381
30.369027 0.008381
30.374027 0.009236
30.379028 0.010344
30.384029 0.011199
30.389029 0.012054
30.394030 0.012054
30.399031 0.013765
30.404031 0.013765
30.409032 0.014620
30.414033 0.014620
30.419033 0.015475
30.424034 0.015475
30.429035 0.015475
30.434035 0.015475
30.439036 0.015475
30.444037 0.015727
30.449037 0.014620
30.454038 0.013765
30.459039 0.013764
30.464039 0.013764
30.469040 0.012657
30.474041 0.011550
30.479041 0.011550
30.484042 0.010695
30.489043 0.009587
30.494043 0.008228
30.499044 0.008228
30.504045 0.007121
30.509045 0.005761
30.514046 0.004654
30.519047 0.004150
30.524047 0.003043
30.529048 0.001080
30.534049 0.000576
30.539049 -0.000531
30.544050 -0.001639
30.549051 -0.002746
30.554051 -0.003853
30.559052 -0.003853
30.564053 -0.004961
30.569053 -0.005213
30.574054 -0.006068
30.579055 -0.005213
30.584055 -0.006068
30.589056 -0.006923
30.594056 -0.006923
30.599057 -0.006671
30.604058 -0.006419
30.609058 -0.006167
30.614059 -0.006167
30.619060 -0.005915
30.624060 -0.004556
30.629061 -0.004304
30.634062 -0.004051
30.639062 -0.002944
30.644063 -0.002440
30.649064 -0.003043
30.654064 -0.002791
30.659065 -0.002539
30.664066 -0.002287
30.669066 -0.002035
30.674067 -0.001783
30.679068 -0.001531
30.684068 -0.001279
30.689069 -0.000171
30.694070 -0.001027
30.699070 0.000081
30.704071 0.000333
30.709072 -0.000523
30.714072 -0.001378
30.719073 -0.000270
30.724074 -0.001126
30.729074 -0.001981
30.734075 -0.001981
30.739076 -0.001981
30.744076 -0.002836
30.749077 -0.002836
30.754078 -0.002836
30.759078 -0.001981
30.764079 -0.001981
30.769080 -0.001981
30.774080 -0.001981
30.779081 -0.001981
30.784082 -0.001126
30.789082 -0.001126
30.794083 -0.000271
30.799084 0.000585
30.804084 0.001440
30.809085 0.001188
30.814086 0.001791
30.819086 0.003501
30.824087 0.003501
30.829088 0.004105
30.834088 0.003853
30.839089 0.004456
30.844090 0.004204
30.849090 0.003951
30.854091 0.003699
30.859092 0.003447
30.864092 0.004050
30.869093 0.002943
30.874094 0.002439
30.879094 0.002439
30.884095 0.001332
30.889096 0.000224
30.894096 -0.000028
30.899097 -0.000028
30.904098 -0.000883
30.909098 -0.001990
30.914099 -0.002845
30.919100 -0.003701
30.924100 -0.004304
30.929101 -0.005159
30.934102 -0.006014
30.939102 -0.005762
30.944103 -0.006617
30.949104 -0.006365
30.954104 -0.006365
30.959105 -0.006365
30.964106 -0.006113
30.969106 -0.005861
30.974107 -0.005861
30.979108 -0.005861
30.984108 -0.005609
30.989109 -0.005609
30.994110 -0.005609
30.999110 -0.005609
31.004111 -0.004502
31.009112 -0.004754
31.014112 -0.004754
31.019113 -0.003899
31.024114 -0.003044
31.029114 -0.003044
31.034115 -0.003296
31.039116 -0.002440
31.044116 -0.001585
31.049117 -0.002692
31.054117 -0.002945
31.059118 -0.002089
31.064119 -0.002089
31.069119 -0.002341
31.074120 -0.002341
31.079121 -0.001738
31.084121 -0.000883
31.089122 -0.001135
31.094123 -0.001135
31.099123 -0.000280
31.104124 -0.000280
31.109125 -0.001387
31.114125 -0.000532
31.119126 -0.000532
31.124127 -0.000532
31.129127 -0.000532
31.134128 -0.000532
31.139129 0.000323
31.144129 0.000575
31.149130 0.000575
31.154131 0.000575
31.159131 0.001683
31.164132 0.001935
31.169133 0.001935
31.174133 0.002187
31.179134 0.002439
31.184135 0.002691
31.189135 0.001836
31.194136 0.001232
31.199137 0.002340
31.204137 0.001737
31.209138 0.001989
31.214139 0.002241
31.219139 0.002493
31.224140 0.002745
31.229141 0.002997
31.234141 0.002997
31.239142 0.004356
31.244143 0.004608
31.249143 0.004608
31.254144 0.005716
31.259145 0.006823
31.264145 0.007075
31.269146 0.007075
31.274147 0.007075
31.279147 0.007327
31.284148 0.007327
31.289149 0.007579
31.294149 0.007327
31.299150 0.008434
31.304151 0.008434
31.309151 0.008434
31.314152 0.008182
31.319153 0.009037
31.324153 0.009893
31.329154 0.009037
31.334155 0.008785
31.339155 0.009389
31.344156 0.009389
31.349157 0.008281
31.354157 0.008281
31.359158 0.008029
31.364159 0.008029
31.369159 0.006067
31.374160 0.005211
31.379161 0.004959
31.384161 0.004104
31.389162 0.002142
31.394163 0.001034
31.399163 0.000179
31.404164 0.000179
31.409165 -0.001531
31.414165 -0.002387
31.419166 -0.002639
31.424167 -0.003242
31.429167 -0.004349
31.434168 -0.004349
31.439169 -0.004349
31.444169 -0.005204
31.449170 -0.006312
31.454171 -0.007167
31.459171 -0.007419
31.464172 -0.007419
31.469173 -0.008526
31.474173 -0.008778
31.479174 -0.007923
31.484175 -0.008175
31.489175 -0.008427
31.494176 -0.008427
31.499177 -0.007824
31.504177 -0.007221
31.509178 -0.007473
31.514178 -0.007725
31.519179 -0.007122
31.524180 -0.006267
31.529180 -0.005664
31.534181 -0.005061
31.539182 -0.004205
31.544182 -0.003350
31.549183 -0.003602
31.554184 -0.003854
31.559184 -0.002999
31.564185 -0.002999
31.569186 -0.003854
31.574186 -0.003854
31.579187 -0.002747
31.584188 -0.002747
31.589188 -0.003350
31.594189 -0.002495
31.599190 -0.002243
31.604190 -0.001991
31.609191 -0.001739
31.614192 -0.001739
31.619192 -0.001487
31.624193 -0.001235
31.629194 -0.000983
31.634194 -0.001586
31.639195 -0.000478
31.644196 -0.000226
31.649196 -0.001082
31.654197 -0.001685
31.659198 -0.000577
31.664198 -0.000325
31.669199 -0.000929
31.674200 -0.000929
31.679200 0.000179
31.684201 -0.000424
31.689202 -0.000424
31.694202 -0.001280
31.699203 -0.001028
31.704204 -0.001028
31.709204 -0.001883
31.714205 -0.001883
31.719206 -0.001883
31.724206 -0.001631
31.729207 -0.001883
31.734208 -0.002990
31.739208 -0.002135
31.744209 -0.002135
31.749210 -0.002387
31.754210 -0.003242
31.759211 -0.002639
31.764212 -0.002639
31.769212 -0.003746
31.774213 -0.003998
31.779214 -0.003998
31.784214 -0.004251
31.789215 -0.004251
31.794216 -0.003647
31.799216 -0.002792
31.804217 -0.003044
31.809218 -0.003044
31.814218 -0.003296
31.819219 -0.002441
31.824220 -0.002441
31.829220 -0.002441
31.834221 -0.001838
31.839222 -0.000983
31.844222 0.000125
31.849223 -0.000128
31.854224 -0.000128
31.859224 0.001835
31.864225 0.001835
31.869226 0.002690
31.874226 0.002690
31.879227 0.003545
31.884228 0.003797
31.889228 0.003797
31.894229 0.003797
31.899230 0.004653
31.904230 0.004653
31.909231 0.004653
31.914232 0.004905
31.919232 0.005760
31.924233 0.005760
31.929234 0.004905
31.934234 0.005157
31.939235 0.006012
31.944236 0.006264
31.949236 0.006264
31.954237 0.006264
31.959238 0.007119
31.964238 0.007371
31.969239 0.007371
31.974239 0.007119
31.979240 0.007119
31.984241 0.007119
31.989241 0.006264
31.994242 0.006264
31.999243 0.006867
32.004243 0.007119
32.009244 0.006012
32.014245 0.006012
32.019245 0.006867
32.024246 0.006012
32.029247 0.005157
32.034247 0.004905
32.039248 0.005157
32.044249 0.004301
32.049249 0.003446
32.054250 0.003446
32.059251 0.003446
32.064251 0.003698
32.069252 0.002843
32.074253 0.003095
32.079253 0.003095
32.084254 0.002492
32.089255 0.001889
32.094255 0.001889
32.099256 0.001286
32.104257 0.001538
32.109257 0.000079
32.114258 0.000079
32.119259 0.000331
32.124259 -0.000524
32.129260 -0.001127
32.134261 -0.001127
32.139261 -0.000272
32.144262 -0.001127
32.149263 -0.001379
32.154263 -0.002234
32.159264 -0.002234
32.164265 -0.002486
32.169265 -0.003594
32.174266 -0.003846
32.179267 -0.002991
32.184267 -0.003243
32.189268 -0.003495
32.194269 -0.002892
32.199269 -0.002036
32.204270 -0.001433
32.209271 -0.001685
32.214271 -0.001685
32.219272 -0.001082
32.224273 -0.001082
32.229273 -0.001334
32.234274 -0.001334
32.239275 -0.000731
32.244275 -0.000731
32.249276 -0.001838
32.254277 -0.000983
32.259277 -0.000983
32.264278 -0.000380
32.269279 -0.000380
32.274279 -0.000632
32.279280 -0.000632
32.284281 -0.000632
32.289281 -0.000884
32.294282 -0.001739
32.299283 -0.001739
32.304283 -0.001992
32.309284 -0.002847
32.314285 -0.002847
32.319285 -0.002847
32.324286 -0.003450
32.329287 -0.003450
32.334287 -0.003450
32.339288 -0.003198
32.344289 -0.002946
32.349289 -0.002694
32.354290 -0.003297
32.359291 -0.003045
32.364291 -0.002793
32.369292 -0.003648
32.374293 -0.003396
32.379293 -0.003144
32.384294 -0.002892
32.389295 -0.002640
32.394295 -0.002388
32.399296 -0.002388
32.404297 -0.002136
32.409297 -0.002136
32.414298 -0.002991
32.419299 -0.002991
32.424299 -0.002991
32.429300 -0.004098
32.434300 -0.004098
32.439301 -0.004350
32.444302 -0.004602
32.449302 -0.004854
32.454303 -0.005106
32.459304 -0.004251
32.464304 -0.004503
32.469305 -0.004755
32.474306 -0.005611
32.479306 -0.005007
32.484307 -0.005863
32.489308 -0.006115
32.494308 -0.006115
32.499309 -0.006115
32.504310 -0.005260
32.509310 -0.005260
32.514311 -0.005260
32.519312 -0.004152
32.524312 -0.003297
32.529313 -0.003297
32.534314 -0.003297
32.539314 -0.002442
32.544315 -0.002190
32.549316 -0.001335
32.554316 -0.001335
32.559317 -0.000227
32.564318 0.000880
32.569318 0.000880
32.574319 0.000880
32.579320 0.001987
32.584320 0.002239
32.589321 0.002239
32.594322 0.002239
32.599322 0.003095
32.604323 0.003347
32.609324 0.002491
32.614324 0.002491
32.619325 0.002491
32.624326 0.002491
32.629326 0.002491
32.634327 0.002491
32.639328 0.003347
32.644328 0.004202
32.649329 0.003095
32.654330 0.003950
32.659330 0.004805
32.664331 0.005660
32.669332 0.005408
32.674332 0.006263
32.679333 0.007119
32.684334 0.007974
32.689334 0.007722
32.694335 0.007722
32.699336 0.008577
32.704336 0.008577
32.709337 0.008325
32.714338 0.008325
32.719338 0.009180
32.724339 0.009180
32.729340 0.009180
32.734340 0.008325
32.739341 0.009180
32.744342 0.009432
32.749342 0.008577
32.754343 0.008577
32.759344 0.008577
32.764344 0.007974
32.769345 0.007119
32.774346 0.007119
32.779346 0.006515
32.784347 0.006515
32.789348 0.004805
32.794348 0.005057
32.799349 0.004202
32.804350 0.004454
32.809350 0.002743
32.814351 0.001888
32.819352 0.002140
32.824352 0.000430
32.829353 -0.000426
32.834354 -0.001281
32.839354 -0.001884
32.844355 -0.002739
32.849356 -0.003594
32.854356 -0.004702
32.859357 -0.004702
32.864358 -0.005557
32.869358 -0.005809
32.874359 -0.005809
32.879360 -0.006061
32.884360 -0.006061
32.889361 -0.007168
32.894361 -0.007420
32.899362 -0.006565
32.904363 -0.006817
32.909363 -0.005962
32.914364 -0.006214
32.919365 -0.004504
32.924365 -0.004756
32.929366 -0.004756
32.934367 -0.004153
32.939367 -0.003297
32.944368 -0.003297
32.949369 -0.003550
32.954369 -0.002694
32.959370 -0.001839
32.964371 -0.000984
32.969371 -0.001236
32.974372 -0.000381
32.979373 0.000475
32.984373 0.001330
32.989374 0.000475
32.994375 0.001330
32.999375 0.001330
33.004376 0.001330
33.009377 0.001330
33.014377 0.001330
33.019378 0.001330
33.024379 0.001582
33.029379 0.000727
33.034380 0.000727
33.039381 0.001582
33.044381 0.000979
33.049382 0.000123
33.054383 0.000123
33.059383 0.000123
33.064384 0.000375
33.069385 -0.000480
33.074385 -0.000480
33.079386 -0.000480
33.084387 -0.001335
33.089387 -0.002190
33.094388 -0.003045
33.099389 -0.003649
33.104389 -0.004504
33.109390 -0.005359
33.114391 -0.006214
33.119391 -0.006214
33.124392 -0.006214
33.129393 -0.007070
33.134393 -0.007070
33.139394 -0.006818
33.144395 -0.006818
33.149395 -0.007421
33.154396 -0.007421
33.159397 -0.007421
33.164397 -0.006313
33.169398 -0.006313
33.174399 -0.005206
33.179399 -0.004351
33.184400 -0.003244
33.189401 -0.003244
33.194401 -0.003244
33.199402 -0.002388
33.204403 -0.001281
33.209403 -0.001281
33.214404 -0.000426
33.219405 -0.000426
33.224405 0.000681
33.229406 0.000681
33.234407 0.001285
33.239407 0.002392
33.244408 0.002392
33.249409 0.002392
33.254409 0.002140
33.259410 0.002995
33.264411 0.002995
33.269411 0.002743
33.274412 0.002743
33.279413 0.003346
33.284413 0.002491
33.289414 0.002239
33.294415 0.002239
33.299415 0.002842
33.304416 0.002842
33.309417 0.002590
33.314417 0.002338
33.319418 0.003193
33.324419 0.003193
33.329419 0.002941
33.334420 0.001834
33.339421 0.002689
33.344421 0.001834
33.349422 0.001581
33.354422 0.001581
33.359423 0.001581
33.364424 0.001581
33.369424 0.001329
33.374425 0.001329
33.379426 0.002185
33.384426 0.002185
33.389427 0.002185
33.394428 0.003040
33.399428 0.003895
33.404429 0.003040
33.409430 0.003040
33.414430 0.002788
33.419431 0.003040
33.424432 0.003040
33.429432 0.002185
33.434433 0.001329
33.439434 0.001329
33.444434 0.001581
33.449435 -0.000129
33.454436 -0.000129
33.459436 -0.000984
33.464437 -0.000732
33.469438 -0.001587
33.474438 -0.002443
33.479439 -0.002443
33.484440 -0.002443
33.489440 -0.003298
33.494441 -0.003298
33.499442 -0.003298
33.504442 -0.004153
33.509443 -0.005008
33.514444 -0.005008
33.519444 -0.005008
33.524445 -0.005008
33.529446 -0.005008
33.534446 -0.005008
33.539447 -0.003901
33.544448 -0.003901
33.549448 -0.003046
33.554449 -0.003046
33.559450 -0.002191
33.564450 -0.001083
33.569451 -0.001083
33.574452 -0.001083
33.579452 -0.000228
33.584453 0.000024
33.589454 0.000024
33.594454 0.000879
33.599455 0.000879
33.604456 0.001986
33.609456 0.001986
33.614457 0.001986
33.619458 0.003949
33.624458 0.003949
33.629459 0.004201
33.634460 0.004201
33.639460 0.005308
33.644461 0.005308
33.649462 0.005308
33.654462 0.005560
33.659463 0.005560
33.664464 0.005812
33.669464 0.004957
33.674465 0.004957
33.679466 0.005209
33.684466 0.005209
33.689467 0.004606
33.694468 0.004606
33.699468 0.005461
33.704469 0.004606
33.709470 0.004606
33.714470 0.004606
33.719471 0.004606
33.724472 0.004003
33.729472 0.002896
33.734473 0.002896
33.739474 0.002896
33.744474 0.002896
33.749475 0.001788
33.754476 0.001788
33.759476 0.001788
33.764477 0.001788
33.769478 0.000681
33.774478 0.000429
33.779479 0.001284
33.784480 0.001284
33.789480 0.001032
33.794481 -0.000075
33.799482 0.000780
33.804482 -0.000327
33.809483 -0.000579
33.814483 -0.000580
33.819484 -0.000832
33.824485 0.000024
33.829485 -0.001084
33.834486 -0.001336
33.839487 -0.001336
33.844487 -0.000733
33.849488 -0.001840
33.854489 -0.001840
33.859489 -0.001840
33.864490 -0.002092
33.869491 -0.002947
33.874491 -0.003802
33.879492 -0.002947
33.884493 -0.003802
33.889493 -0.004658
33.894494 -0.004658
33.899495 -0.004658
33.904495 -0.004406
33.909496 -0.005261
33.914497 -0.005513
33.919497 -0.004406
33.924498 -0.004406
33.929499 -0.005261
33.934499 -0.005261
33.939500 -0.004406
33.944501 -0.004406
33.949501 -0.005261
33.954502 -0.005261
33.959503 -0.004406
33.964503 -0.004406
33.969504 -0.004406
33.974505 -0.003550
33.979505 -0.002695
33.984506 -0.001840
33.989507 -0.002092
33.994507 -0.002092
33.999508 -0.001237
34.004509 -0.001237
34.009509 -0.001489
34.014510 -0.000634
34.019511 -0.000634
34.024511 -0.000634
34.029512 -0.000634
34.034513 -0.000634
34.039513 0.000221
34.044514 0.000221
34.049515 0.000221
34.054515 0.000221
34.059516 0.000474
34.064517 0.000474
34.069517 -0.001237
34.074518 -0.001237
34.079519 -0.000130
34.084519 -0.000985
34.089520 -0.000985
34.094521 -0.000733
34.099521 -0.000481
34.104522 -0.000481
34.109523 -0.000481
34.114523 -0.000481
34.119524 0.000627
34.124525 0.000879
34.129525 0.000879
34.134526 0.000879
34.139527 0.001131
34.144527 0.001131
34.149528 0.001383
34.154529 0.001383
34.159529 0.001635
34.164530 0.001635
34.169531 0.001635
34.174531 0.001887
34.179532 0.002742
34.184533 0.002994
34.189533 0.002994
34.194534 0.002139
34.199535 0.003246
34.204535 0.003498
34.209536 0.002391
34.214537 0.001788
34.219537 0.001788
34.224538 0.001185
34.229539 0.000329
34.234539 -0.000526
34.239540 -0.000526
34.244541 -0.000274
34.249541 -0.001381
34.254542 -0.001381
34.259543 -0.001381
34.264543 -0.001381
34.269544 -0.001633
34.274544 -0.001633
34.279545 -0.001030
34.284546 -0.001030
34.289546 -0.001282
34.294547 -0.001534
34.299548 -0.000679
34.304548 -0.000076
34.309549 -0.000328
34.314550 -0.000328
34.319550 0.000275
34.324551 0.001130
34.329552 0.000878
34.334552 0.001482
34.339553 0.001482
34.344554 0.001482
34.349554 0.001229
34.354555 0.000977
34.359556 0.001833
34.364556 0.001833
34.369557 0.000977
34.374558 0.000977
34.379558 0.001833
34.384559 0.000977
34.389560 0.000977
34.394560 0.000977
34.399561 0.000977
34.404562 0.000977
34.409562 0.000122
34.414563 0.000977
34.419564 0.001229
34.424564 0.000374
34.429565 -0.000481
34.434566 -0.000481
34.439566 -0.000229
34.444567 -0.000229
34.449568 -0.001084
34.454568 -0.001084
34.459569 -0.000832
34.464570 -0.000832
34.469570 -0.001939
34.474571 -0.001084
34.479572 -0.001084
34.484572 -0.000229
34.489573 -0.000229
34.494574 -0.000229
34.499574 -0.000229
34.504575 -0.000229
34.509576 -0.000229
34.514576 -0.000229
34.519577 0.000626
34.524578 0.000626
34.529578 -0.000229
34.534579 0.000374
34.539580 0.000626
34.544580 0.001481
34.549581 0.001229
34.554582 0.001229
34.559582 0.002084
34.564583 0.002084
34.569584 0.002084
34.574584 0.002084
34.579585 0.002940
34.584586 0.002084
34.589586 0.001832
34.594587 0.001832
34.599588 0.001832
34.604588 0.001832
34.609589 0.001832
34.614590 0.001832
34.619590 0.002688
34.624591 0.002688
34.629592 0.001832
34.634592 0.002688
34.639593 0.002688
34.644594 0.002688
34.649594 0.002688
34.654595 0.002688
34.659596 0.002688
34.664596 0.002688
34.669597 0.001832
34.674598 0.001832
34.679598 0.002084
34.684599 0.002084
34.689600 0.001229
34.694600 0.000374
34.699601 0.000374
34.704602 0.000626
34.709602 -0.000229
34.714603 -0.001084
34.719604 -0.001084
34.724604 -0.000832
34.729605 -0.001688
34.734605 -0.001688
34.739606 -0.002291
34.744607 -0.002291
34.749607 -0.003146
34.754608 -0.003749
34.759609 -0.003749
34.764609 -0.003749
34.769610 -0.004604
34.774611 -0.004604
34.779611 -0.004352
34.784612 -0.004352
34.789613 -0.005208
34.794613 -0.005208
34.799614 -0.005811
34.804615 -0.005811
34.809615 -0.006666
34.814616 -0.006666
34.819617 -0.006666
34.824617 -0.006414
34.829618 -0.006666
34.834619 -0.006666
34.839619 -0.005559
34.844620 -0.005559
34.849621 -0.005559
34.854621 -0.005811
34.859622 -0.004704
34.864623 -0.003848
34.869623 -0.003848
34.874624 -0.003245
34.879625 -0.002390
34.884625 -0.001535
34.889626 -0.000680
34.894627 -0.000076
34.899627 0.001634
34.904628 0.002489
34.909629 0.002489
34.914629 0.002237
34.919630 0.003092
34.924631 0.003696
34.929631 0.003444
34.934632 0.004047
34.939633 0.004902
34.944633 0.004902
34.949634 0.004650
34.954635 0.005253
34.959635 0.006108
34.964636 0.005856
34.969637 0.005604
34.974637 0.005604
34.979638 0.006207
34.984639 0.006207
34.989639 0.005352
34.994640 0.005100
34.999641 0.005100
35.004641 0.005100
35.009642 0.004245
35.014643 0.004245
35.019643 0.004245
35.024644 0.003389
35.029645 0.002534
35.034645 0.001679
35.039646 0.001931
35.044647 0.001931
35.049647 0.000221
35.054648 0.000473
35.059649 0.000473
35.064649 -0.000131
35.069650 -0.000131
35.074651 -0.000734
35.079651 -0.000482
35.084652 -0.000230
35.089653 -0.001085
35.094653 -0.001085
35.099654 -0.001688
35.104655 -0.001436
35.109655 -0.002291
35.114656 -0.003146
35.119657 -0.002894
35.124657 -0.002642
35.129658 -0.003498
35.134659 -0.003498
35.139659 -0.002390
35.144660 -0.002390
35.149661 -0.003245
35.154661 -0.002993
35.159662 -0.002993
35.164663 -0.002741
35.169663 -0.003597
35.174664 -0.003597
35.179665 -0.003597
35.184665 -0.003597
35.189666 -0.003597
35.194666 -0.002741
35.199667 -0.001634
35.204668 -0.001886
35.209668 -0.001886
35.214669 -0.002138
35.219670 -0.001283
35.224670 -0.001283
35.229671 -0.002390
35.234672 -0.001535
35.239672 -0.000680
35.244673 -0.000932
35.249674 -0.000932
35.254674 0.000526
35.259675 0.000526
35.264676 0.001382
35.269676 0.001130
35.274677 0.001985
35.279678 0.001985
35.284678 0.001733
35.289679 0.001733
35.294680 0.001481
35.299680 0.001481
35.304681 0.001481
35.309682 0.001481
35.314682 0.001481
35.319683 0.001481
35.324684 0.001481
35.329684 0.001229
35.334685 0.001229
35.339686 0.001229
35.344686 0.001229
35.349687 0.000373
35.354688 0.000121
35.359688 0.001229
35.364689 0.000373
35.369690 0.000121
35.374690 -0.000734
35.379691 0.000121
35.384692 -0.000734
35.389692 -0.000734
35.394693 -0.000734
35.399694 -0.000482
35.404694 -0.000482
35.409695 -0.000482
35.414696 -0.000482
35.419696 0.000373
35.424697 0.000625
35.429698 0.000625
35.434698 0.000625
35.439699 0.000625
35.444700 0.001481
35.449700 0.000625
35.454701 0.000625
35.459702 0.001733
35.464702 0.001733
35.469703 0.001480
35.474704 0.001480
35.479704 0.001480
35.484705 0.002336
35.489706 0.002336
35.494706 0.002336
35.499707 0.003191
35.504708 0.003191
35.509708 0.002336
35.514709 0.002084
35.519710 0.002084
35.524710 0.001228
35.529711 0.001228
35.534712 0.000373
35.539712 0.001228
35.544713 0.000373
35.549714 -0.000482
35.554714 -0.000482
35.559715 -0.000482
35.564716 -0.001085
35.569716 -0.001085
35.574717 -0.001941
35.579718 -0.001085
35.584718 -0.001688
35.589719 -0.002544
35.594720 -0.003399
35.599720 -0.003147
35.604721 -0.002895
35.609722 -0.003750
35.614722 -0.003498
35.619723 -0.003498
35.624724 -0.003246
35.629724 -0.003246
35.634725 -0.002994
35.639726 -0.001887
35.644726 -0.001887
35.649727 -0.002742
35.654727 -0.002742
35.659728 -0.001634
35.664729 -0.001634
35.669729 -0.002490
35.674730 -0.001887
35.679731 -0.001031
35.684731 -0.001031
35.689732 -0.001031
35.694733 -0.000428
35.699733 -0.000428
35.704734 -0.000680
35.709735 -0.000932
35.714735 -0.000932
35.719736 -0.000329
35.724737 -0.000581
35.729737 -0.001689
35.734738 -0.001941
35.739739 -0.001338
35.744739 -0.001590
35.749740 -0.002697
35.754741 -0.002094
35.759741 -0.002346
35.764742 -0.002346
35.769743 -0.003453
35.774743 -0.003705
35.779744 -0.003705
35.784745 -0.003957
35.789745 -0.004813
35.794746 -0.005065
35.799747 -0.004813
35.804747 -0.004813
35.809748 -0.005065
35.814749 -0.004813
35.819749 -0.003957
35.824750 -0.002850
35.829751 -0.002850
35.834751 -0.002850
35.839752 -0.001743
35.844753 -0.001743
35.849753 -0.001491
35.854754 -0.001239
35.859755 -0.000987
35.864755 -0.000131
35.869756 -0.000734
35.874757 0.000121
35.879757 0.000373
35.884758 0.001480
35.889759 0.001480
35.894759 0.001732
35.899760 0.002839
35.904761 0.002839
35.909761 0.003092
35.914762 0.003092
35.919763 0.003344
35.924763 0.003344
35.929764 0.003596
35.934765 0.003596
35.939765 0.003848
35.944766 0.003848
35.949767 0.003848
35.954767 0.003848
35.959768 0.004955
35.964769 0.004955
35.969769 0.004955
35.974770 0.004955
35.979771 0.004955
35.984771 0.004955
35.989772 0.004955
35.994773 0.004955
35.999773 0.004955
36.004774 0.004352
36.009775 0.003244
36.014775 0.003244
36.019776 0.003497
36.024777 0.002641
36.029777 0.002641
36.034778 0.001786
36.039779 0.001786
36.044779 0.002038
36.049780 0.000931
36.054781 0.001786
36.059781 0.001786
36.064782 0.001786
36.069783 0.001534
36.074783 0.001534
36.079784 0.002389
36.084785 0.001534
36.089785 0.001030
36.094786 0.000778
36.099787 0.000778
36.104787 0.000778
36.109788 0.000526
36.114788 0.000274
36.119789 0.000877
36.124790 0.000877
36.129790 0.000625
36.134791 0.001228
36.139792 0.002083
36.144792 0.001831
36.149793 0.001579
36.154794 0.001579
36.159794 0.001327
36.164795 0.001327
36.169796 0.001075
36.174796 0.001075
36.179797 0.000823
36.184798 0.000823
36.189798 0.000571
36.194799 0.000571
36.199800 0.000571
36.204800 0.000318
36.209801 -0.000537
36.214802 -0.000537
36.219802 0.000318
36.224803 -0.000537
36.229804 -0.000537
36.234804 -0.001392
36.239805 -0.001392
36.244806 -0.001140
36.249806 -0.001995
36.254807 -0.001995
36.259808 -0.002598
36.264808 -0.002346
36.269809 -0.003202
36.274810 -0.002949
36.279810 -0.002697
36.284811 -0.002697
36.289812 -0.003301
36.294812 -0.002193
36.299813 -0.002193
36.304814 -0.002796
36.309814 -0.002544
36.314815 -0.002544
36.319816 -0.002292
36.324816 -0.002040
36.329817 -0.002895
36.334818 -0.001788
36.339818 -0.001788
36.344819 -0.000681
36.349820 -0.001536
36.354820 -0.000681
36.359821 0.000426
36.364822 0.000426
36.369822 -0.000429
36.374823 -0.000429
36.379824 0.000426
36.384824 0.000426
36.389825 -0.000429
36.394826 -0.000429
36.399826 0.000426
36.404827 0.000426
36.409828 0.000174
36.414828 0.000174
36.419829 0.000777
36.424830 0.000777
36.429830 0.000525
36.434831 0.000525
36.439832 0.000273
36.444832 -0.000582
36.449833 -0.000834
36.454834 -0.001086
36.459834 -0.001086
36.464835 -0.001086
36.469836 -0.002193
36.474836 -0.002193
36.479837 -0.002446
36.484838 -0.002446
36.489838 -0.002446
36.494839 -0.002446
36.499840 -0.002446
36.504840 -0.002446
36.509841 -0.003553
36.514842 -0.003553
36.519842 -0.004156
36.524843 -0.004156
36.529844 -0.005011
36.534844 -0.005011
36.539845 -0.003904
36.544846 -0.003904
36.549846 -0.003904
36.554847 -0.003652
36.559848 -0.002545
36.564848 -0.002545
36.569849 -0.003400
36.574849 -0.002293
36.579850 -0.002040
36.584851 -0.001185
36.589851 -0.001185
36.594852 -0.001185
36.599853 -0.000078
36.604853 0.000777
36.609854 0.000777
36.614855 0.001632
36.619855 0.002740
36.624856 0.002740
36.629857 0.002740
36.634857 0.002740
36.639858 0.003595
36.644859 0.003595
36.649859 0.002740
36.654860 0.002740
36.659861 0.003595
36.664861 0.003595
36.669862 0.002740
36.674863 0.002740
36.679863 0.003595
36.684864 0.003343
36.689865 0.002488
36.694865 0.002236
36.699866 0.003091
36.704867 0.003091
36.709867 0.002839
36.714868 0.002587
36.719869 0.002587
36.724869 0.002335
36.729870 0.001227
36.734871 0.001227
36.739871 0.002082
36.744872 0.002082
36.749873 0.000975
36.754873 0.000975
36.759874 0.001830
36.764875 0.001830
36.769875 0.001830
36.774876 0.001830
36.779877 0.002686
36.784877 0.002686
36.789878 0.002686
36.794879 0.002686
36.799879 0.002686
36.804880 0.002082
36.809881 0.001227
36.814881 0.001227
36.819882 0.001227
36.824883 0.001479
36.829883 0.000624
36.834884 0.000624
36.839885 0.000876
36.844885 0.000876
36.849886 0.000021
36.854887 0.000876
36.859887 0.001128
36.864888 0.001128
36.869889 0.000021
36.874889 0.000021
36.879890 0.000021
36.884891 -0.000582
36.889891 -0.001690
36.894892 -0.001690
36.899893 -0.001690
36.904893 -0.002545
36.909894 -0.003400
36.914895 -0.003400
36.919895 -0.002545
36.924896 -0.003400
36.929897 -0.003652
36.934897 -0.003652
36.939898 -0.003652
36.944899 -0.003652
36.949899 -0.004760
36.954900 -0.004760
36.959901 -0.004760
36.964901 -0.004760
36.969902 -0.004760
36.974903 -0.004760
36.979903 -0.003904
36.984904 -0.003904
36.989905 -0.004156
36.994905 -0.004156
36.999906 -0.003301
37.004907 -0.003301
37.009907 -0.003301
37.014908 -0.003301
37.019909 -0.002446
37.024909 -0.002194
37.029910 -0.002446
37.034910 -0.002194
37.039911 -0.001339
37.044912 -0.001339
37.049912 -0.001087
37.054913 -0.000231
37.059914 0.000624
37.064914 0.000876
37.069915 0.000021
37.074916 0.000021
37.079916 0.001128
37.084917 0.000525
37.089918 0.000525
37.094918 0.000525
37.099919 0.000777
37.104920 0.000777
37.109920 0.000777
37.114921 0.001884
37.119922 0.001884
37.124922 0.002136
37.129923 0.002136
37.134924 0.002136
37.139924 0.002991
37.144925 0.002136
37.149926 0.001281
37.154926 0.001281
37.159927 0.001281
37.164928 0.001281
37.169928 0.001281
37.174929 0.001029
37.179930 0.002136
37.184930 0.002136
37.189931 0.001029
37.194932 0.001884
37.199932 0.001632
37.204933 0.002487
37.209934 0.001632
37.214934 0.002235
37.219935 0.002235
37.224936 0.002235
37.229936 0.001128
37.234937 0.000876
37.239938 0.001731
37.244938 0.001731
37.249939 0.000624
37.254940 0.000624
37.259940 0.001479
37.264941 0.001479
37.269942 0.001227
37.274942 0.001227
37.279943 0.002082
37.284944 0.002082
37.289944 0.001227
37.294945 0.001227
37.299946 0.002334
37.304946 0.001479
37.309947 0.001479
37.314948 0.001479
37.319948 0.001731
37.324949 0.000876
37.329950 0.000876
37.334950 0.001128
37.339951 0.001128
37.344952 0.001380
37.349952 0.001380
37.354953 0.001380
37.359954 0.001632
37.364954 0.001632
37.369955 0.000777
37.374956 0.000777
37.379956 0.001029
37.384957 0.001029
37.389958 -0.000682
37.394958 -0.000682
37.399959 -0.000682
37.404960 -0.001537
37.409960 -0.001537
37.414961 -0.001789
37.419962 -0.001537
37.424962 -0.001789
37.429963 -0.001789
37.434964 -0.001789
37.439964 -0.002041
37.444965 -0.002041
37.449966 -0.002293
37.454966 -0.002293
37.459967 -0.002545
37.464968 -0.002545
37.469968 -0.002798
37.474969 -0.003050
37.479970 -0.002194
37.484970 -0.002446
37.489971 -0.002699
37.494971 -0.001843
37.499972 -0.002095
37.504973 -0.002095
37.509973 -0.002095
37.514974 -0.002347
37.519975 -0.001492
37.524975 -0.001492
37.529976 -0.001492
37.534977 -0.001492
37.539977 -0.000637
37.544978 -0.000385
37.549979 0.000470
37.554979 0.000470
37.559980 0.001325
37.564981 0.001578
37.569981 0.001578
37.574982 0.001578
37.579983 0.002685
37.584983 0.001830
37.589984 0.001830
37.594985 0.001830
37.599985 0.001830
37.604986 0.001830
37.609987 0.000974
37.614987 0.000974
37.619988 0.002082
37.624989 0.002082
37.629989 0.001226
37.634990 0.001226
37.639991 0.002082
37.644991 0.002082
37.649992 0.002082
37.654993 0.002082
37.659993 0.002082
37.664994 0.002082
37.669995 0.001226
37.674995 0.001226
37.679996 0.001478
37.684997 0.001478
37.689997 0.000623
37.694998 0.000623
37.699999 0.000623
37.704999 0.000875
37.710000 0.000875
0.000000 0.000000
0.005001 0.003183
0.010003 0.002562
0.015004 0.001552
0.020006 0.000784
0.025007 0.000606
0.030009 0.000958
0.035010 0.001577
0.040012 0.002223
0.045013 0.002712
0.050015 0.002885
0.055016 0.002656
0.060018 0.002119
0.065019 0.001546
0.070021 0.001246
0.075022 0.001366
0.080024 0.001767
0.085025 0.002127
0.090027 0.002233
0.095028 0.002169
0.100030 0.002127
0.105031 0.002110
0.110033 0.001976
0.115034 0.001743
0.120036 0.001617
0.125037 0.001707
0.130039 0.001911
0.135040 0.002100
0.140042 0.002247
0.145043 0.002363
0.150045 0.002454
0.155046 0.002580
0.160048 0.002785
0.165049 0.002968
0.170051 0.002910
0.175052 0.002490
0.180054 0.001857
0.185055 0.001385
0.190057 0.001437
0.195058 0.002035
0.200060 0.002728
0.205061 0.002917
0.210063 0.002439
0.215064 0.001762
0.220066 0.001472
0.225067 0.001650
0.230069 0.001897
0.235070 0.001861
0.240072 0.001580
0.245073 0.001299
0.250075 0.001160
0.255076 0.001145
0.260078 0.001209
0.265079 0.001325
0.270081 0.001425
0.275082 0.001376
0.280084 0.001093
0.285085 0.000702
0.290087 0.000533
0.295088 0.000840
0.300090 0.001477
0.305091 0.001947
0.310093 0.001851
0.315094 0.001237
0.320096 0.000458
0.325097 -0.000156
0.330099 -0.000410
0.335100 -0.000194
0.340102 0.000435
0.345103 0.001161
0.350105 0.001592
0.355106 0.001569
0.360108 0.001226
0.365109 0.000813
0.370111 0.000547
0.375112 0.000562
0.380114 0.000826
0.385115 0.001131
0.390117 0.001311
0.395118 0.001424
0.400120 0.001571
0.405121 0.001607
0.410123 0.001236
0.415124 0.000429
0.420126 -0.000406
0.425127 -0.000741
0.430129 -0.000349
0.435130 0.000557
0.440132 0.001494
0.445133 0.002016
0.450135 0.001962
0.455136 0.001513
0.460138 0.001026
0.465139 0.000792
0.470141 0.000881
0.475142 0.001088
0.480144 0.001062
0.485145 0.000608
0.490147 -0.000054
0.495148 -0.000414
0.500150 -0.000122
0.505151 0.000648
0.510153 0.001301
0.515154 0.001283
0.520156 0.000538
0.525157 -0.000370
0.530159 -0.000642
0.535160 0.000049
0.540162 0.001173
0.545163 0.001772
0.550165 0.001377
0.555166 0.000471
0.560168 -0.000024
0.565169 0.000331
0.570171 0.001116
0.575172 0.001531
0.580174 0.001153
0.585175 0.000248
0.590177 -0.000527
0.595178 -0.000691
0.600180 -0.000312
0.605181 0.000124
0.610183 0.000213
0.615184 0.000018
0.620186 -0.000089
0.625187 0.000080
0.630189 0.000344
0.635190 0.000450
0.640192 0.000403
0.645193 0.000418
0.650195 0.000637
0.655196 0.000972
0.660198 0.001183
0.665199 0.001122
0.670201 0.000928
0.675202 0.000964
0.680204 0.001406
0.685205 0.001930
0.690207 0.001978
0.695208 0.001356
0.700210 0.000424
0.705211 -0.000244
0.710213 -0.000284
0.715214 0.000246
0.720216 0.000898
0.725217 0.001173
0.730219 0.000984
0.735220 0.000685
0.740222 0.000590
0.745223 0.000654
0.750225 0.000696
0.755226 0.000694
0.760228 0.000683
0.765229 0.000563
0.770231 0.000270
0.775232 0.000003
0.780234 0.000020
0.785235 0.000280
0.790237 0.000524
0.795238 0.000614
0.800240 0.000604
0.805241 0.000570
0.810243 0.000550
0.815244 0.000563
0.820246 0.000538
0.825247 0.000344
0.830249 0.000017
0.835250 -0.000148
0.840252 0.000074
0.845253 0.000476
0.850255 0.000585
0.855256 0.000229
0.860258 -0.000248
0.865259 -0.000385
0.870261 -0.000093
0.875262 0.000311
0.880264 0.000424
0.885265 0.000104
0.890267 -0.000407
0.895268 -0.000680
0.900270 -0.000448
0.905271 0.000170
0.910273 0.000783
0.915274 0.001016
0.920276 0.000735
0.925277 0.000076
0.930279 -0.000646
0.935280 -0.001096
0.940282 -0.001103
0.945283 -0.000774
0.950285 -0.000369
0.955286 -0.000051
0.960288 0.000152
0.965289 0.000194
0.970291 -0.000016
0.975292 -0.000416
0.980294 -0.000732
0.985295 -0.000726
0.990296 -0.000406
0.995298 0.000030
1.000299 0.000363
1.005301 0.000446
1.010302 0.000292
1.015304 0.000054
1.020305 -0.000159
1.025307 -0.000364
1.030308 -0.000502
1.035310 -0.000318
1.040311 0.000369
1.045313 0.001350
1.050314 0.002142
1.055316 0.002372
1.060317 0.001986
1.065319 0.001238
1.070320 0.000522
1.075322 0.000110
1.080323 -0.000059
1.085325 -0.000221
1.090326 -0.000424
1.095328 -0.000480
1.100329 -0.000305
1.105331 -0.000080
1.110332 0.000010
1.115334 -0.000031
1.120335 -0.000182
1.125337 -0.000555
1.130338 -0.001150
1.135340 -0.001635
1.140341 -0.001595
1.145343 -0.001001
1.150344 -0.000255
1.155346 0.000161
1.160347 0.000014
1.165349 -0.000567
1.170350 -0.001169
1.175352 -0.001349
1.180353 -0.000968
1.185355 -0.000325
1.190356 0.000083
1.195358 -0.000007
1.200359 -0.000414
1.205361 -0.000729
1.210362 -0.000705
1.215364 -0.000433
1.220365 -0.000180
1.225367 -0.000105
1.230368 -0.000137
1.235370 -0.000093
1.240371 0.000042
1.245373 0.000057
1.250374 -0.000229
1.255376 -0.000742
1.260377 -0.001248
1.265379 -0.001568
1.270380 -0.001606
1.275382 -0.001339
1.280383 -0.000891
1.285385 -0.000533
1.290386 -0.000448
1.295388 -0.000528
1.300389 -0.000521
1.305391 -0.000414
1.310392 -0.000515
1.315394 -0.001018
1.320395 -0.001622
1.325397 -0.001749
1.330398 -0.001132
1.335400 -0.000153
1.340401 0.000408
1.345403 0.000043
1.350404 -0.000959
1.355406 -0.001724
1.360407 -0.001612
1.365409 -0.000784
1.370410 0.000075
1.375412 0.000478
1.380413 0.000450
1.385415 0.000276
1.390416 0.000159
1.395418 0.000118
1.400419 0.000043
1.405421 -0.000192
1.410422 -0.000527
1.415424 -0.000636
1.420425 -0.000205
1.425427 0.000621
1.430428 0.001227
1.435430 0.001107
1.440431 0.000382
1.445433 -0.000356
1.450434 -0.000607
1.455436 -0.000325
1.460437 0.000124
1.465439 0.000243
1.470440 -0.000181
1.475442 -0.000812
1.480443 -0.001058
1.485445 -0.000684
1.490446 -0.000004
1.495448 0.000541
1.500449 0.000776
1.505451 0.000791
1.510452 0.000777
1.515454 0.000934
1.520455 0.001360
1.525457 0.001904
1.530458 0.002212
1.535460 0.002011
1.540461 0.001334
1.545463 0.000478
1.550464 -0.000229
1.555466 -0.000665
1.560467 -0.000979
1.565469 -0.001424
1.570470 -0.002054
1.575472 -0.002590
1.580473 -0.002627
1.585475 -0.001944
1.590476 -0.000639
1.595478 0.000935
1.600479 0.002311
1.605481 0.003106
1.610482 0.003243
1.615484 0.002947
1.620485 0.002464
1.625487 0.001816
1.630488 0.000824
1.635490 -0.000675
1.640491 -0.002622
1.645493 -0.004604
1.650494 -0.005948
1.655496 -0.006097
1.660497 -0.005003
1.665499 -0.003075
1.670500 -0.000700
1.675502 0.002036
1.680503 0.005085
1.685505 0.008038
1.690506 0.010148
1.695508 0.010693
1.700509 0.009308
1.705511 0.006163
1.710512 0.001962
1.715514 -0.002330
1.720515 -0.005923
1.725517 -0.008367
1.730518 -0.009337
1.735520 -0.008524
1.740521 -0.005939
1.745523 -0.002165
1.750524 0.001926
1.755526 0.005714
1.760527 0.008909
1.765529 0.011110
1.770530 0.011559
1.775532 0.009541
1.780533 0.005101
1.785535 -0.000633
1.790536 -0.005903
1.795538 -0.009365
1.800539 -0.010899
1.805541 -0.011373
1.810542 -0.011559
1.815544 -0.011386
1.820545 -0.010212
1.825547 -0.007604
1.830548 -0.003722
1.835550 0.000833
1.840551 0.005301
1.845553 0.008922
1.850554 0.011020
1.855556 0.011047
1.860557 0.008613
1.865559 0.003734
1.870560 -0.002774
1.875562 -0.009258
1.880563 -0.013927
1.885565 -0.015723
1.890566 -0.014561
1.895568 -0.010923
1.900569 -0.005545
1.905571 0.000541
1.910572 0.006061
1.915574 0.009876
1.920575 0.011356
1.925577 0.010485
1.930578 0.007790
1.935580 0.004172
1.940581 0.000620
1.945583 -0.002056
1.950584 -0.003318
1.955586 -0.002946
1.960587 -0.001198
1.965588 0.001153
1.970590 0.003134
1.975591 0.003984
1.980593 0.003284
1.985594 0.000935
1.990596 -0.002666
1.995597 -0.006442
2.000599 -0.008884
2.005600 -0.008753
2.010602 -0.005742
2.015603 -0.000682
2.020605 0.004873
2.025606 0.009445
2.030608 0.012263
2.035609 0.013263
2.040611 0.012631
2.045612 0.010465
2.050614 0.006858
2.055615 0.002074
2.060617 -0.003487
2.065618 -0.009420
2.070620 -0.015229
2.075621 -0.020042
2.080623 -0.022531
2.085624 -0.021274
2.090626 -0.015391
2.095627 -0.005130
2.100629 0.007925
2.105630 0.021209
2.110632 0.032007
2.115633 0.038209
2.120635 0.038592
2.125636 0.032824
2.130638 0.021613
2.135639 0.006830
2.140641 -0.008827
2.145642 -0.022629
2.150644 -0.032439
2.155645 -0.036852
2.160647 -0.035137
2.165648 -0.027377
2.170650 -0.014865
2.175651 -0.000296
2.180653 0.012822
2.185654 0.021487
2.190656 0.024369
2.195657 0.021900
2.200659 0.015475
2.205660 0.006745
2.210662 -0.002504
2.215663 -0.010326
2.220665 -0.015098
2.225666 -0.016226
2.230668 -0.014325
2.235669 -0.010656
2.240671 -0.006437
2.245672 -0.002496
2.250674 0.000766
2.255675 0.003245
2.260677 0.004928
2.265678 0.005751
2.270680 0.005648
2.275681 0.004699
2.280683 0.003211
2.285684 0.001634
2.290686 0.000435
2.295687 0.000009
2.300689 0.000592
2.305690 0.002151
2.310692 0.004347
2.315693 0.006634
2.320695 0.008403
2.325696 0.009102
2.330698 0.008353
2.335699 0.006057
2.340701 0.002443
2.345702 -0.001925
2.350704 -0.006211
2.355705 -0.009529
2.360707 -0.011306
2.365708 -0.011500
2.370710 -0.010398
2.375711 -0.008254
2.380713 -0.005262
2.385714 -0.001826
2.390716 0.001407
2.395717 0.003880
2.400719 0.005342
2.405720 0.005684
2.410722 0.004726
2.415723 0.002238
2.420725 -0.001864
2.425726 -0.007318
2.430728 -0.013360
2.435729 -0.018768
2.440731 -0.022240
2.445732 -0.022910
2.450734 -0.020601
2.455735 -0.015739
2.460737 -0.009091
2.465738 -0.001579
2.470740 0.005708
2.475741 0.011409
2.480743 0.014122
2.485744 0.013172
2.490746 0.009304
2.495747 0.004412
2.500749 0.000342
2.505750 -0.002124
2.510752 -0.003171
2.515753 -0.003097
2.520755 -0.001758
2.525756 0.001241
2.530758 0.005996
2.535759 0.011907
2.540761 0.017677
2.545762 0.021762
2.550764 0.023015
2.555765 0.021047
2.560767 0.016108
2.565768 0.008864
2.570770 0.000428
2.575771 -0.007631
2.580773 -0.013640
2.585774 -0.016376
2.590776 -0.015399
2.595777 -0.011110
2.600779 -0.004697
2.605780 0.002131
2.610782 0.007697
2.615783 0.010908
2.620785 0.011449
2.625786 0.009679
2.630788 0.006402
2.635789 0.002472
2.640791 -0.001576
2.645792 -0.005529
2.650794 -0.009118
2.655795 -0.011821
2.660797 -0.013034
2.665798 -0.012275
2.670800 -0.009221
2.675801 -0.003895
2.680803 0.002947
2.685804 0.009738
2.690806 0.014605
2.695807 0.016118
2.700809 0.013817
2.705810 0.008425
2.710812 0.001755
2.715813 -0.003802
2.720815 -0.006181
2.725816 -0.004486
2.730818 0.000719
2.735819 0.007686
2.740821 0.014070
2.745822 0.017694
2.750824 0.017389
2.755825 0.013478
2.760827 0.007546
2.765828 0.001632
2.770830 -0.002665
2.775831 -0.004748
2.780833 -0.005101
2.785834 -0.004824
2.790836 -0.004895
2.795837 -0.005711
2.800839 -0.007216
2.805840 -0.009293
2.810842 -0.011852
2.815843 -0.014661
2.820845 -0.017397
2.825846 -0.019958
2.830848 -0.022552
2.835849 -0.025295
2.840851 -0.027649
2.845852 -0.028316
2.850854 -0.025863
2.855855 -0.019741
2.860857 -0.010902
2.865858 -0.001524
2.870860 0.005952
2.875861 0.009768
2.880863 0.009283
2.885864 0.004975
2.890866 -0.001686
2.895867 -0.008551
2.900869 -0.013405
2.905870 -0.014657
2.910872 -0.011692
2.915873 -0.004783
2.920875 0.005109
2.925876 0.016478
2.930878 0.027519
2.935879 0.036496
2.940881 0.042043
2.945882 0.043316
2.950883 0.040114
2.955885 0.032965
2.960886 0.023074
2.965888 0.012175
2.970889 0.002281
2.975891 -0.004766
2.980892 -0.007817
2.985894 -0.006618
2.990895 -0.001655
2.995897 0.006005
3.000898 0.014633
3.005900 0.021857
3.010901 0.025202
3.015903 0.022983
3.020904 0.014982
3.025906 0.002647
3.030907 -0.011212
3.035909 -0.023207
3.040910 -0.030414
3.045912 -0.031239
3.050913 -0.025841
3.055915 -0.016132
3.060916 -0.005357
3.065918 0.002802
3.070919 0.005454
3.075921 0.001448
3.080922 -0.008433
3.085924 -0.021943
3.090925 -0.036070
3.095927 -0.047711
3.100928 -0.054278
3.105930 -0.054207
3.110931 -0.047210
3.115933 -0.034252
3.120934 -0.017276
3.125936 0.001240
3.130937 0.018739
3.135939 0.032846
3.140940 0.041484
3.145942 0.043140
3.150943 0.037463
3.155945 0.025756
3.160946 0.010866
3.165948 -0.003511
3.170949 -0.013716
3.175951 -0.016928
3.180952 -0.011872
3.185954 0.000731
3.190955 0.018271
3.195957 0.037001
3.200958 0.053117
3.205960 0.063710
3.210961 0.067238
3.215963 0.063403
3.220964 0.052799
3.225966 0.036881
3.230967 0.018157
3.235969 -0.000083
3.240970 -0.014762
3.245972 -0.023996
3.250973 -0.027330
3.255975 -0.025299
3.260976 -0.018939
3.265978 -0.009633
3.270979 0.000793
3.275981 0.010070
3.280982 0.015889
3.285984 0.016645
3.290985 0.012015
3.295987 0.002808
3.300988 -0.009697
3.305990 -0.024174
3.310991 -0.039041
3.315993 -0.052165
3.320994 -0.061132
3.325996 -0.063894
3.330997 -0.059253
3.335999 -0.047071
3.341000 -0.028585
3.346002 -0.006690
3.351003 0.014385
3.356005 0.030183
3.361006 0.037317
3.366008 0.034344
3.371009 0.022136
3.376011 0.003751
3.381012 -0.016141
3.386014 -0.032136
3.391015 -0.039121
3.396017 -0.033615
3.401018 -0.015239
3.406020 0.012549
3.411021 0.043306
3.416023 0.069822
3.421024 0.086503
3.426026 0.090832
3.431027 0.083563
3.436029 0.067870
3.441030 0.048002
3.446032 0.028053
3.451033 0.011211
3.456035 -0.000601
3.461036 -0.006926
3.466038 -0.008708
3.471039 -0.007710
3.476041 -0.005612
3.481042 -0.003379
3.486044 -0.001247
3.491045 0.000839
3.496047 0.002645
3.501048 0.003243
3.506050 0.001069
3.511051 -0.005387
3.516053 -0.016589
3.521054 -0.031265
3.526056 -0.046525
3.531057 -0.058793
3.536059 -0.065189
3.541060 -0.064672
3.546062 -0.058303
3.551063 -0.048494
3.556065 -0.037908
3.561066 -0.028719
3.566068 -0.022282
3.571069 -0.018843
3.576071 -0.017436
3.581072 -0.016380
3.586074 -0.014255
3.591075 -0.010697
3.596077 -0.006497
3.601078 -0.003014
3.606080 -0.001236
3.611081 -0.001049
3.616083 -0.001315
3.621084 -0.000769
3.626086 0.001082
3.631087 0.003907
3.636089 0.007263
3.641090 0.011126
3.646092 0.015709
3.651093 0.020984
3.656095 0.026472
3.661096 0.031323
3.666098 0.034460
3.671099 0.034721
3.676101 0.031112
3.681102 0.023232
3.686104 0.011763
3.691105 -0.001396
3.696107 -0.013699
3.701108 -0.022985
3.706110 -0.028148
3.711111 -0.028982
3.716113 -0.025639
3.721114 -0.018475
3.726116 -0.008385
3.731117 0.002984
3.736119 0.013558
3.741120 0.021529
3.746122 0.025965
3.751123 0.027005
3.756125 0.025517
3.761126 0.022393
3.766128 0.018028
3.771129 0.012507
3.776131 0.006287
3.781132 0.000555
3.786134 -0.003180
3.791135 -0.003824
3.796137 -0.001081
3.801138 0.004787
3.806140 0.013487
3.811141 0.024868
3.816143 0.038413
3.821144 0.052439
3.826146 0.063877
3.831147 0.069096
3.836149 0.065321
3.841150 0.051773
3.846152 0.030070
3.851153 0.003879
3.856155 -0.022129
3.861156 -0.043658
3.866158 -0.057912
3.871159 -0.063992
3.876161 -0.062582
3.881162 -0.055249
3.886164 -0.043787
3.891165 -0.029886
3.896167 -0.015235
3.901168 -0.001833
3.906170 0.008048
3.911171 0.012444
3.916173 0.010473
3.921174 0.002738
3.926176 -0.008765
3.931177 -0.021104
3.936178 -0.031147
3.941180 -0.036458
3.946181 -0.036054
3.951183 -0.030645
3.956184 -0.022232
3.961186 -0.013218
3.966187 -0.005376
3.971189 0.000788
3.976190 0.005807
3.981192 0.010357
3.986193 0.014549
3.991195 0.018001
3.996196 0.020229
4.001198 0.020698
4.006199 0.018691
4.011201 0.013624
4.016202 0.005745
4.021204 -0.003519
4.026205 -0.011926
4.031207 -0.017029
4.036208 -0.016762
4.041210 -0.010196
4.046211 0.001702
4.051213 0.015953
4.056214 0.028301
4.061216 0.034450
4.066217 0.031507
4.071219 0.019173
4.076220 -0.000052
4.081222 -0.021940
4.086223 -0.042022
4.091225 -0.056497
4.096226 -0.062619
4.101228 -0.059177
4.106229 -0.047036
4.111231 -0.029157
4.116232 -0.009760
4.121234 0.007080
4.126235 0.018827
4.131237 0.025218
4.136238 0.027933
4.141240 0.029462
4.146241 0.031933
4.151243 0.036321
4.156244 0.042024
4.161246 0.046883
4.166247 0.047965
4.171249 0.042878
4.176250 0.030862
4.181252 0.013147
4.186253 -0.007246
4.191255 -0.026034
4.196256 -0.038539
4.201258 -0.040895
4.206259 -0.031283
4.211261 -0.010737
4.216262 0.016800
4.221264 0.045287
4.226265 0.068088
4.231267 0.079603
4.236268 0.076404
4.241270 0.057849
4.246271 0.026525
4.251273 -0.011752
4.256274 -0.049177
4.261276 -0.078410
4.266277 -0.094786
4.271279 -0.096902
4.276280 -0.085768
4.281282 -0.063661
4.286283 -0.033371
4.291285 0.002120
4.296286 0.039597
4.301288 0.075306
4.306289 0.104768
4.311291 0.123161
4.316292 0.126267
4.321294 0.111697
4.326295 0.080160
4.331297 0.036371
4.336298 -0.011251
4.341300 -0.052533
4.346301 -0.078544
4.351303 -0.084186
4.356304 -0.069254
4.361306 -0.037823
4.366307 0.003359
4.371309 0.046592
4.376310 0.084532
4.381312 0.111092
4.386313 0.122205
4.391315 0.116419
4.396316 0.094888
4.401318 0.060674
4.406319 0.018025
4.411321 -0.027704
4.416322 -0.069919
4.421324 -0.101554
4.426325 -0.117072
4.431327 -0.114614
4.436328 -0.096835
4.441330 -0.069899
4.446331 -0.041301
4.451333 -0.017669
4.456334 -0.003550
4.461336 -0.001338
4.466337 -0.011682
4.471339 -0.033765
4.476340 -0.065559
4.481342 -0.104371
4.486343 -0.147341
4.491345 -0.191278
4.496346 -0.231972
4.501348 -0.264006
4.506349 -0.281890
4.511351 -0.282196
4.516352 -0.265463
4.521354 -0.236629
4.526355 -0.203590
4.531357 -0.174628
4.536358 -0.156049
4.541360 -0.150876
4.546361 -0.158503
4.551363 -0.174905
4.556364 -0.193361
4.561366 -0.205839
4.566367 -0.204945
4.571369 -0.186029
4.576370 -0.148714
4.581372 -0.096973
4.586373 -0.037525
4.591375 0.022567
4.596376 0.077909
4.601378 0.125833
4.606379 0.166601
4.611381 0.202754
4.616382 0.237421
4.621384 0.272039
4.626385 0.304899
4.631387 0.331700
4.636388 0.347724
4.641390 0.350045
4.646391 0.338581
4.651393 0.315816
4.656394 0.285677
4.661396 0.252287
4.666397 0.219193
4.671399 0.189107
4.676400 0.163642
4.681402 0.142877
4.686403 0.125255
4.691405 0.108194
4.696406 0.089061
4.701408 0.065989
4.706409 0.038479
4.711411 0.007878
4.716412 -0.022529
4.721414 -0.048044
4.726415 -0.063663
4.731417 -0.065460
4.736418 -0.051845
4.741420 -0.024140
4.746421 0.013909
4.751423 0.057504
4.756424 0.102313
4.761426 0.145533
4.766427 0.186299
4.771429 0.225342
4.776430 0.263875
4.781432 0.302237
4.786433 0.339220
4.791435 0.372409
4.796436 0.399061
4.801438 0.416959
4.806439 0.425092
4.811441 0.423986
4.816442 0.415208
4.821444 0.399876
4.826445 0.376946
4.831447 0.342687
4.836448 0.292192
4.841450 0.222427
4.846451 0.135058
4.851453 0.037070
4.856454 -0.061633
4.861456 -0.152377
4.866457 -0.230913
4.871459 -0.297709
4.876460 -0.355564
4.881462 -0.406528
4.886463 -0.450221
4.891465 -0.484360
4.896466 -0.506738
4.901468 -0.517148
4.906469 -0.518000
4.911471 -0.513457
4.916472 -0.507723
4.921473 -0.503371
4.926475 -0.500270
4.931476 -0.495408
4.936478 -0.483813
4.941479 -0.460419
4.946481 -0.422089
4.951482 -0.368940
4.956484 -0.304461
4.961485 -0.234315
4.966487 -0.164151
4.971488 -0.097758
4.976490 -0.037022
4.981491 0.016327
4.986493 0.059167
4.991494 0.087407
4.996496 0.098113
5.001497 0.091549
5.006499 0.071879
5.011500 0.046339
5.016502 0.023341
5.021503 0.010236
5.026505 0.011596
5.031506 0.028354
5.036508 0.057564
5.041509 0.092675
5.046511 0.124801
5.051512 0.145226
5.056514 0.148172
5.061515 0.132375
5.066517 0.101011
5.071518 0.060606
5.076520 0.019537
5.081521 -0.013852
5.086523 -0.033270
5.091524 -0.035826
5.096526 -0.022183
5.101527 0.004241
5.106529 0.038476
5.111530 0.075224
5.116532 0.109833
5.121533 0.138875
5.126535 0.160440
5.131536 0.174220
5.136538 0.181254
5.141539 0.183304
5.146541 0.182268
5.151542 0.180075
5.156544 0.178838
5.161545 0.180560
5.166547 0.186197
5.171548 0.194767
5.176550 0.203369
5.181551 0.208328
5.186553 0.206811
5.191554 0.197798
5.196556 0.181859
5.201557 0.160203
5.206559 0.134047
5.211560 0.104738
5.216562 0.073917
5.221563 0.042968
5.226565 0.012196
5.231566 -0.019092
5.236568 -0.051382
5.241569 -0.083672
5.246571 -0.113261
5.251572 -0.136832
5.256574 -0.152161
5.261575 -0.159409
5.266577 -0.161141
5.271578 -0.161054
5.276580 -0.162176
5.281581 -0.165494
5.286583 -0.169595
5.291584 -0.171400
5.296586 -0.167597
5.301587 -0.155993
5.306589 -0.136071
5.311590 -0.108781
5.316592 -0.076312
5.321593 -0.042387
5.326595 -0.012448
5.331596 0.007324
5.336598 0.012168
5.341599 0.000825
5.346601 -0.023674
5.351602 -0.054801
5.356604 -0.084461
5.361605 -0.105302
5.366607 -0.112609
5.371608 -0.105264
5.376610 -0.085645
5.381611 -0.058623
5.386613 -0.029936
5.391614 -0.004414
5.396616 0.015250
5.401617 0.028702
5.406619 0.037274
5.411620 0.043053
5.416622 0.048108
5.421623 0.054016
5.426625 0.061667
5.431626 0.071325
5.436628 0.082794
5.441629 0.095632
5.446631 0.109424
5.451632 0.124006
5.456634 0.139277
5.461635 0.154552
5.466637 0.168027
5.471638 0.176937
5.476640 0.178460
5.481641 0.170974
5.486643 0.155000
5.491644 0.133145
5.496646 0.108832
5.501647 0.084526
5.506649 0.060714
5.511650 0.036334
5.516652 0.010140
5.521653 -0.018111
5.526655 -0.047330
5.531656 -0.075595
5.536658 -0.101155
5.541659 -0.123420
5.546661 -0.143206
5.551662 -0.162036
5.556664 -0.181154
5.561665 -0.201016
5.566667 -0.221185
5.571668 -0.240283
5.576670 -0.256140
5.581671 -0.266543
5.586673 -0.270225
5.591674 -0.267207
5.596676 -0.258082
5.601677 -0.242895
5.606679 -0.220544
5.611680 -0.189179
5.616682 -0.147408
5.621683 -0.095606
5.626685 -0.036623
5.631686 0.024468
5.636688 0.081459
5.641689 0.128631
5.646691 0.162515
5.651692 0.183090
5.656694 0.193709
5.661695 0.199655
5.666697 0.206043
5.671698 0.216124
5.676700 0.230632
5.681701 0.248152
5.686703 0.265992
5.691704 0.281100
5.696706 0.290773
5.701707 0.293130
5.706709 0.287447
5.711710 0.274345
5.716712 0.255692
5.721713 0.233971
5.726715 0.211268
5.731716 0.188419
5.736718 0.164866
5.741719 0.139279
5.746721 0.110650
5.751722 0.079337
5.756724 0.047475
5.761725 0.018361
5.766727 -0.005078
5.771728 -0.021844
5.776730 -0.033430
5.781731 -0.043009
5.786733 -0.053839
5.791734 -0.067877
5.796736 -0.085310
5.801737 -0.104930
5.806739 -0.124861
5.811740 -0.143220
5.816742 -0.158629
5.821743 -0.170599
5.826745 -0.179682
5.831746 -0.187188
5.836748 -0.194504
5.841749 -0.202327
5.846751 -0.210151
5.851752 -0.216301
5.856754 -0.218723
5.861755 -0.216225
5.866757 -0.209203
5.871758 -0.199209
5.876760 -0.187843
5.881761 -0.175956
5.886763 -0.163462
5.891764 -0.149376
5.896765 -0.131930
5.901767 -0.109042
5.906768 -0.079231
5.911770 -0.042598
5.916771 -0.001314
5.921773 0.040781
5.926774 0.079414
5.931776 0.111377
5.936777 0.135447
5.941779 0.152287
5.946780 0.163656
5.951782 0.171720
5.956783 0.178764
5.961785 0.187008
5.966786 0.198053
5.971788 0.211978
5.976789 0.226778
5.981791 0.238736
5.986792 0.243685
5.991794 0.238422
5.996795 0.221487
6.001797 0.193076
6.006798 0.154491
6.011800 0.107650
6.016801 0.054806
6.021803 -0.001631
6.026804 -0.059207
6.031806 -0.115455
6.036807 -0.168025
6.041809 -0.214976
6.046810 -0.254987
6.051812 -0.287308
6.056813 -0.311667
6.061815 -0.328380
6.066816 -0.338507
6.071818 -0.343830
6.076819 -0.346616
6.081821 -0.349178
6.086822 -0.353102
6.091824 -0.358352
6.096825 -0.362930
6.101827 -0.363537
6.106828 -0.356847
6.111830 -0.340560
6.116831 -0.313817
6.121833 -0.277073
6.126834 -0.231634
6.131836 -0.179247
6.136837 -0.122134
6.141839 -0.063412
6.146840 -0.007133
6.151842 0.042607
6.156843 0.083058
6.161845 0.113727
6.166846 0.136280
6.171848 0.153699
6.176849 0.169185
6.181851 0.185096
6.186852 0.202254
6.191854 0.219975
6.196855 0.236776
6.201857 0.251238
6.206858 0.262526
6.211860 0.270410
6.216861 0.274907
6.221863 0.275812
6.226864 0.272556
6.231866 0.264517
6.236867 0.251417
6.241869 0.233432
6.246870 0.211127
6.251872 0.185472
6.256873 0.157897
6.261875 0.130224
6.266876 0.104488
6.271878 0.082671
6.276879 0.066137
6.281881 0.055016
6.286882 0.048201
6.291884 0.044160
6.296885 0.041834
6.301887 0.040914
6.306888 0.041651
6.311890 0.044569
6.316891 0.050107
6.321893 0.058194
6.326894 0.068043
6.331896 0.078321
6.336897 0.087444
6.341899 0.093854
6.346900 0.096445
6.351902 0.095101
6.356903 0.090946
6.361905 0.086028
6.366906 0.082646
6.371908 0.082642
6.376909 0.086845
6.381911 0.094804
6.386912 0.104849
6.391914 0.114436
6.396915 0.120569
6.401917 0.120186
6.406918 0.110529
6.411920 0.089616
6.416921 0.056846
6.421923 0.013558
6.426924 -0.036783
6.431926 -0.089105
6.436927 -0.138040
6.441929 -0.179616
6.446930 -0.212329
6.451932 -0.237021
6.456933 -0.256022
6.461935 -0.272314
6.466936 -0.288764
6.471938 -0.307210
6.476939 -0.327704
6.481941 -0.348442
6.486942 -0.366348
6.491944 -0.377946
6.496945 -0.380398
6.501947 -0.372498
6.506948 -0.355029
6.511950 -0.330064
6.516951 -0.299766
6.521953 -0.265608
6.526954 -0.228323
6.531956 -0.188200
6.536957 -0.145455
6.541959 -0.100639
6.546960 -0.054840
6.551962 -0.009561
6.556963 0.033545
6.561965 0.072870
6.566966 0.107080
6.571968 0.135419
6.576969 0.157981
6.581971 0.175684
6.586972 0.189834
6.591974 0.201423
6.596975 0.210630
6.601977 0.216963
6.606978 0.219850
6.611980 0.219094
6.616981 0.214790
6.621983 0.207040
6.626984 0.196057
6.631986 0.182675
6.636987 0.168410
6.641989 0.154614
6.646990 0.141519
6.651992 0.128210
6.656993 0.113580
6.661995 0.097382
6.666996 0.080726
6.671998 0.065855
6.676999 0.055269
6.682001 0.050504
6.687002 0.051274
6.692004 0.055582
6.697005 0.060672
6.702007 0.064148
6.707008 0.064707
6.712010 0.062320
6.717011 0.057936
6.722013 0.053006
6.727014 0.049190
6.732016 0.048200
6.737017 0.051404
6.742019 0.059096
6.747020 0.069999
6.752022 0.081626
6.757023 0.091407
6.762025 0.097814
6.767026 0.100762
6.772028 0.101079
6.777029 0.099482
6.782031 0.095757
6.787032 0.088716
6.792034 0.076858
6.797035 0.059140
6.802037 0.035392
6.807038 0.006412
6.812040 -0.026110
6.817041 -0.059928
6.822043 -0.092819
6.827044 -0.122964
6.832046 -0.148785
6.837047 -0.168621
6.842049 -0.180759
6.847050 -0.183847
6.852052 -0.177270
6.857053 -0.161319
6.862055 -0.137260
6.867056 -0.107244
6.872058 -0.073897
6.877059 -0.039676
6.882060 -0.006314
6.887062 0.025368
6.892063 0.055276
6.897065 0.083577
6.902066 0.110163
6.907068 0.134385
6.912069 0.155202
6.917071 0.171552
6.922072 0.182660
6.927074 0.188244
6.932075 0.188636
6.937077 0.184647
6.942078 0.177089
6.947080 0.166259
6.952081 0.151759
6.957083 0.132768
6.962084 0.108594
6.967086 0.079254
6.972087 0.045675
6.977089 0.009277
6.982090 -0.028656
6.987092 -0.067100
6.992093 -0.104880
6.997095 -0.140467
7.002096 -0.172478
7.007098 -0.200274
7.012099 -0.223845
7.017101 -0.243156
7.022102 -0.257766
7.027104 -0.267104
7.032105 -0.270930
7.037107 -0.269534
7.042108 -0.263629
7.047110 -0.254111
7.052111 -0.241938
7.057113 -0.228223
7.062114 -0.214298
7.067116 -0.201318
7.072117 -0.189545
7.077119 -0.177992
7.082120 -0.164901
7.087122 -0.148581
7.092123 -0.127947
7.097125 -0.102654
7.102126 -0.073198
7.107128 -0.041057
7.112129 -0.008484
7.117131 0.022210
7.122132 0.049491
7.127134 0.072914
7.132135 0.092648
7.137137 0.108570
7.142138 0.119643
7.147140 0.124167
7.152141 0.120807
7.157143 0.109598
7.162144 0.092207
7.167146 0.071334
7.172147 0.049729
7.177149 0.029326
7.182150 0.010917
7.187152 -0.005437
7.192153 -0.019604
7.197155 -0.030931
7.202156 -0.038457
7.207158 -0.041314
7.212159 -0.038809
7.217161 -0.030424
7.222162 -0.016197
7.227164 0.002692
7.232165 0.023810
7.237167 0.044075
7.242168 0.060656
7.247170 0.071750
7.252171 0.077084
7.257173 0.077997
7.262174 0.076959
7.267176 0.076754
7.272177 0.079840
7.277179 0.087927
7.282180 0.101518
7.287182 0.119474
7.292183 0.139042
7.297185 0.156511
7.302186 0.168236
7.307188 0.171649
7.312189 0.165843
7.317191 0.151468
7.322192 0.130112
7.327194 0.103719
7.332195 0.074395
7.337197 0.044424
7.342198 0.016231
7.347200 -0.007763
7.352201 -0.025412
7.357203 -0.035361
7.362204 -0.037645
7.367206 -0.033821
7.372207 -0.026415
7.377209 -0.018195
7.382210 -0.011718
7.387212 -0.009001
7.392213 -0.011092
7.397215 -0.017741
7.402216 -0.027477
7.407218 -0.038057
7.412219 -0.047131
7.417221 -0.052976
7.422222 -0.054999
7.427224 -0.053628
7.432225 -0.049691
7.437227 -0.043917
7.442228 -0.036969
7.447230 -0.029751
7.452231 -0.023483
7.457233 -0.019454
7.462234 -0.018657
7.467236 -0.021403
7.472237 -0.027163
7.477239 -0.034923
7.482240 -0.043938
7.487242 -0.054047
7.492243 -0.065012
7.497245 -0.075654
7.502246 -0.083994
7.507248 -0.088322
7.512249 -0.088043
7.517251 -0.083671
7.522252 -0.076404
7.527254 -0.067688
7.532255 -0.058836
7.537257 -0.050746
7.542258 -0.043870
7.547260 -0.038353
7.552261 -0.034123
7.557263 -0.030906
7.562264 -0.028339
7.567266 -0.026132
7.572267 -0.024121
7.577269 -0.022172
7.582270 -0.020055
7.587272 -0.017396
7.592273 -0.013856
7.597275 -0.009513
7.602276 -0.004997
7.607278 -0.001035
7.612279 0.002166
7.617281 0.004831
7.622282 0.006819
7.627284 0.007119
7.632285 0.004409
7.637287 -0.001907
7.642288 -0.011240
7.647290 -0.022178
7.652291 -0.033029
7.657293 -0.042215
7.662294 -0.048565
7.667296 -0.051496
7.672297 -0.051037
7.677299 -0.047753
7.682300 -0.042633
7.687302 -0.036786
7.692303 -0.030915
7.697305 -0.024932
7.702306 -0.017972
7.707308 -0.008670
7.712309 0.004518
7.717311 0.022971
7.722312 0.047465
7.727314 0.077746
7.732315 0.112249
7.737317 0.148144
7.742318 0.181869
7.747320 0.210145
7.752321 0.230990
7.757323 0.244080
7.762324 0.250307
7.767326 0.251057
7.772327 0.247788
7.777329 0.241927
7.782330 0.234705
7.787332 0.226882
7.792333 0.218587
7.797335 0.209378
7.802336 0.198403
7.807338 0.184647
7.812339 0.167314
7.817341 0.146133
7.822342 0.121356
7.827344 0.093552
7.832345 0.063481
7.837347 0.032102
7.842348 0.000544
7.847350 -0.029952
7.852351 -0.058063
7.857353 -0.082600
7.862354 -0.102918
7.867355 -0.119058
7.872357 -0.131342
7.877358 -0.139955
7.882360 -0.145173
7.887361 -0.147943
7.892363 -0.149937
7.897364 -0.152855
7.902366 -0.157643
7.907367 -0.164261
7.912369 -0.171931
7.917370 -0.179501
7.922372 -0.185745
7.927373 -0.189566
7.932375 -0.190119
7.937376 -0.186938
7.942378 -0.180135
7.947379 -0.170433
7.952381 -0.158914
7.957382 -0.146765
7.962384 -0.135197
7.967385 -0.125284
7.972387 -0.117580
7.977388 -0.111987
7.982390 -0.108127
7.987391 -0.105784
7.992393 -0.104858
7.997394 -0.105035
8.002396 -0.105620
8.007397 -0.105609
8.012399 -0.103788
8.017400 -0.098931
8.022402 -0.090197
8.027403 -0.077464
8.032405 -0.061380
8.037406 -0.043277
8.042408 -0.024903
8.047409 -0.007767
8.052411 0.007646
8.057412 0.021950
8.062414 0.035972
8.067415 0.049816
8.072417 0.062801
8.077418 0.074039
8.082420 0.082807
8.087421 0.088479
8.092423 0.090587
8.097424 0.089227
8.102426 0.085340
8.107427 0.080503
8.112429 0.076449
8.117430 0.074627
8.122432 0.075863
8.127433 0.080170
8.132435 0.086865
8.137436 0.094943
8.142438 0.103439
8.147439 0.111627
8.152441 0.119033
8.157442 0.125354
8.162444 0.130379
8.167445 0.134114
8.172447 0.136945
8.177448 0.139483
8.182450 0.142059
8.187451 0.144403
8.192453 0.145942
8.197454 0.146278
8.202456 0.145277
8.207457 0.142843
8.212459 0.138855
8.217460 0.133271
8.222462 0.126074
8.227463 0.117121
8.232465 0.106164
8.237466 0.092985
8.242468 0.077481
8.247469 0.059806
8.252471 0.040541
8.257472 0.020578
8.262474 0.000697
8.267475 -0.018619
8.272477 -0.036957
8.277478 -0.053801
8.282480 -0.068790
8.287481 -0.082026
8.292483 -0.093856
8.297484 -0.104373
8.302486 -0.113185
8.307487 -0.119611
8.312489 -0.122956
8.317490 -0.122715
8.322492 -0.118781
8.327493 -0.111611
8.332495 -0.102242
8.337496 -0.092152
8.342498 -0.083078
8.347499 -0.076774
8.352501 -0.074661
8.357502 -0.077440
8.362504 -0.084756
8.367505 -0.095071
8.372507 -0.105987
8.377508 -0.115120
8.382510 -0.120985
8.387511 -0.123158
8.392513 -0.121735
8.397514 -0.116846
8.402516 -0.108749
8.407517 -0.098151
8.412519 -0.086151
8.417520 -0.073804
8.422522 -0.061743
8.427523 -0.050083
8.432525 -0.038548
8.437526 -0.026750
8.442528 -0.014443
8.447529 -0.001436
8.452531 0.012784
8.457532 0.029057
8.462534 0.047945
8.467535 0.069204
8.472537 0.091950
8.477538 0.115090
8.482540 0.137372
8.487541 0.157228
8.492543 0.172957
8.497544 0.183122
8.502546 0.186756
8.507547 0.183481
8.512549 0.173821
8.517550 0.159432
8.522552 0.142730
8.527553 0.126002
8.532555 0.110546
8.537556 0.096331
8.542558 0.082263
8.547559 0.066895
8.552561 0.049106
8.557562 0.028365
8.562564 0.004669
8.567565 -0.021456
8.572567 -0.048875
8.577568 -0.075975
8.582570 -0.101080
8.587571 -0.122897
8.592573 -0.140702
8.597574 -0.154262
8.602576 -0.163701
8.607577 -0.169335
8.612579 -0.171464
8.617580 -0.170254
8.622582 -0.165869
8.627583 -0.158606
8.632585 -0.148836
8.637586 -0.136866
8.642588 -0.122851
8.647589 -0.106687
8.652591 -0.087988
8.657592 -0.066413
8.662594 -0.042278
8.667595 -0.016792
8.672597 0.008399
8.677598 0.031877
8.682600 0.052679
8.687601 0.070124
8.692603 0.083759
8.697604 0.093548
8.702606 0.099954
8.707607 0.103637
8.712609 0.105035
8.717610 0.104258
8.722612 0.101388
8.727613 0.096943
8.732615 0.092037
8.737616 0.087922
8.742618 0.085205
8.747619 0.083608
8.752621 0.082597
8.757622 0.082184
8.762624 0.083054
8.767625 0.086099
8.772627 0.091903
8.777628 0.100400
8.782630 0.110729
8.787631 0.121485
8.792633 0.131406
8.797634 0.139952
8.802636 0.147212
8.807637 0.153371
8.812639 0.158417
8.817640 0.162223
8.822642 0.164650
8.827643 0.165493
8.832645 0.164436
8.837646 0.161079
8.842647 0.155029
8.847649 0.146042
8.852650 0.134148
8.857652 0.119555
8.862653 0.102393
8.867655 0.082705
8.872656 0.060756
8.877658 0.037305
8.882659 0.013432
8.887661 -0.009917
8.892662 -0.032247
8.897664 -0.053505
8.902665 -0.073865
8.907667 -0.093419
8.912668 -0.111961
8.917670 -0.129083
8.922671 -0.144501
8.927673 -0.158213
8.932674 -0.170271
8.937676 -0.180442
8.942677 -0.188138
8.947679 -0.192646
8.952680 -0.193421
8.957682 -0.190354
8.962683 -0.183953
8.967685 -0.175226
8.972686 -0.165255
8.977688 -0.154845
8.982689 -0.144515
8.987691 -0.134614
8.992692 -0.125379
8.997694 -0.117103
9.002695 -0.110332
9.007697 -0.105748
9.012698 -0.103803
9.017700 -0.104572
9.022701 -0.107869
9.027703 -0.113241
9.032704 -0.119838
9.037706 -0.126586
9.042707 -0.132763
9.047709 -0.138369
9.052710 -0.143783
9.057712 -0.149003
9.062713 -0.153323
9.067715 -0.155746
9.072716 -0.155646
9.077718 -0.152994
9.082719 -0.148023
9.087721 -0.140613
9.092722 -0.129910
9.097724 -0.114667
9.102725 -0.094183
9.107727 -0.068886
9.112728 -0.039918
9.117730 -0.008341
9.122731 0.025031
9.127733 0.059254
9.132734 0.093142
9.137736 0.125600
9.142737 0.155872
9.147739 0.183427
9.152740 0.207780
9.157742 0.228495
9.162743 0.245241
9.167745 0.257812
9.172746 0.266201
9.177748 0.270694
9.182749 0.271745
9.187751 0.269651
9.192752 0.264386
9.197754 0.255772
9.202755 0.243806
9.207757 0.228895
9.212758 0.211827
9.217760 0.193509
9.222761 0.174690
9.227763 0.155922
9.232764 0.137670
9.237766 0.120160
9.242767 0.102975
9.247769 0.085092
9.252770 0.065640
9.257772 0.044594
9.262773 0.022642
9.267775 0.000531
9.272776 -0.021236
9.277778 -0.042277
9.282779 -0.062306
9.287781 -0.081274
9.292782 -0.099297
9.297784 -0.116388
9.302785 -0.132427
9.307787 -0.147428
9.312788 -0.161721
9.317790 -0.175780
9.322791 -0.189847
9.327793 -0.203651
9.332794 -0.216433
9.337796 -0.227338
9.342797 -0.235871
9.347799 -0.241913
9.352800 -0.245314
9.357802 -0.245763
9.362803 -0.243158
9.367805 -0.237826
9.372806 -0.230258
9.377808 -0.220850
9.382809 -0.210030
9.387811 -0.198336
9.392812 -0.186110
9.397814 -0.173252
9.402815 -0.159467
9.407817 -0.144697
9.412818 -0.129236
9.417820 -0.113515
9.422821 -0.097848
9.427823 -0.082279
9.432824 -0.066522
9.437826 -0.050067
9.442827 -0.032411
9.447829 -0.013393
9.452830 0.006502
9.457832 0.026116
9.462833 0.044070
9.467835 0.059480
9.472836 0.072361
9.477838 0.083327
9.482839 0.092900
9.487841 0.101160
9.492842 0.108046
9.497844 0.113792
9.502845 0.118888
9.507847 0.123673
9.512848 0.128137
9.517850 0.132136
9.522851 0.135622
9.527853 0.138652
9.532854 0.141306
9.537856 0.143687
9.542857 0.145852
9.547859 0.147639
9.552860 0.148591
9.557862 0.148133
9.562863 0.145825
9.567865 0.141572
9.572866 0.135655
9.577868 0.128494
9.582869 0.120255
9.587871 0.110796
9.592872 0.100101
9.597874 0.088669
9.602875 0.077339
9.607877 0.066819
9.612878 0.057456
9.617880 0.049273
9.622881 0.042026
9.627883 0.035324
9.632884 0.028987
9.637886 0.023322
9.642887 0.018938
9.647889 0.016269
9.652890 0.015288
9.657892 0.015526
9.662893 0.016175
9.667895 0.016359
9.672896 0.015667
9.677898 0.014584
9.682899 0.014364
9.687901 0.016465
9.692902 0.021992
9.697904 0.031369
9.702905 0.044216
9.707907 0.059521
9.712908 0.076069
9.717910 0.092776
9.722911 0.108667
9.727913 0.122702
9.732914 0.133843
9.737916 0.141314
9.742917 0.144786
9.747919 0.144489
9.752920 0.141226
9.757922 0.135990
9.762923 0.129203
9.767925 0.120355
9.772926 0.108554
9.777928 0.093399
9.782929 0.075173
9.787931 0.054354
9.792932 0.031251
9.797934 0.006140
9.802935 -0.020442
9.807937 -0.047642
9.812938 -0.074508
9.817940 -0.100364
9.822941 -0.125073
9.827942 -0.148877
9.832944 -0.171899
9.837945 -0.193765
9.842947 -0.213640
9.847948 -0.230552
9.852950 -0.243703
9.857951 -0.252690
9.862953 -0.257589
9.867954 -0.258741
9.872956 -0.256362
9.877957 -0.250410
9.882959 -0.240964
9.887960 -0.228623
9.892962 -0.214323
9.897963 -0.198735
9.902965 -0.181913
9.907966 -0.163453
9.912968 -0.142903
9.917969 -0.120144
9.922971 -0.095589
9.927972 -0.070135
9.932974 -0.044898
9.937975 -0.021012
9.942977 0.000427
9.947978 0.018513
9.952980 0.032856
9.957981 0.043671
9.962983 0.051396
9.967984 0.056308
9.972986 0.058680
9.977987 0.059195
9.982989 0.058949
9.987990 0.058950
9.992992 0.059619
9.997993 0.060716
10.002995 0.061687
10.007996 0.062106
10.012998 0.061838
10.017999 0.060799
10.023001 0.058692
10.028002 0.055231
10.033004 0.050697
10.038005 0.045958
10.043007 0.041659
10.048008 0.037554
10.053010 0.032924
10.058011 0.027527
10.063013 0.021859
10.068014 0.016604
10.073016 0.012103
10.078017 0.008303
10.083019 0.004945
10.088020 0.001756
10.093022 -0.001381
10.098023 -0.004439
10.103025 -0.007459
10.108026 -0.010635
10.113028 -0.014059
10.118029 -0.017471
10.123031 -0.020396
10.128032 -0.022471
10.133034 -0.023488
10.138035 -0.023129
10.143037 -0.020789
10.148038 -0.015687
10.153040 -0.007200
10.158041 0.004756
10.163043 0.019530
10.168044 0.035938
10.173046 0.052784
10.178047 0.069202
10.183049 0.084482
10.188050 0.097756
10.193052 0.108112
10.198053 0.115058
10.203055 0.118712
10.208056 0.119510
10.213058 0.117850
10.218059 0.114016
10.223061 0.108304
10.228062 0.101076
10.233064 0.092608
10.238065 0.082805
10.243067 0.071114
10.248068 0.056903
10.253070 0.040079
10.258071 0.021354
10.263073 0.001938
10.268074 -0.016990
10.273076 -0.034569
10.278077 -0.050185
10.283079 -0.063350
10.288080 -0.073719
10.293082 -0.081169
10.298083 -0.085847
10.303085 -0.088129
10.308086 -0.088455
10.313088 -0.087123
10.318089 -0.084308
10.323091 -0.080283
10.328092 -0.075478
10.333094 -0.070264
10.338095 -0.064799
10.343097 -0.059160
10.348098 -0.053534
10.353100 -0.048157
10.358101 -0.043088
10.363103 -0.038156
10.368104 -0.033104
10.373106 -0.027723
10.378107 -0.021847
10.383109 -0.015376
10.388110 -0.008356
10.393112 -0.000968
10.398113 0.006578
10.403115 0.014106
10.408116 0.021480
10.413118 0.028644
10.418119 0.035613
10.423121 0.042367
10.428122 0.048814
10.433124 0.054886
10.438125 0.060603
10.443127 0.065901
10.448128 0.070464
10.453130 0.073737
10.458131 0.075082
10.463133 0.073966
10.468134 0.070201
10.473136 0.064140
10.478137 0.056581
10.483139 0.048353
10.488140 0.039969
10.493142 0.031659
10.498143 0.023642
10.503145 0.016257
10.508146 0.009906
10.513148 0.005059
10.518149 0.002287
10.523151 0.002014
10.528152 0.004135
10.533154 0.007965
10.538155 0.012623
10.543157 0.017371
10.548158 0.021555
10.553160 0.024404
10.558161 0.025053
10.563163 0.022862
10.568164 0.017741
10.573166 0.010210
10.578167 0.001048
10.583169 -0.009246
10.588170 -0.020642
10.593172 -0.033146
10.598173 -0.046207
10.603175 -0.058651
10.608176 -0.069216
10.613178 -0.077128
10.618179 -0.082342
10.623181 -0.085400
10.628182 -0.086978
10.633184 -0.087386
10.638185 -0.086479
10.643187 -0.084020
10.648188 -0.080001
10.653190 -0.074619
10.658191 -0.068113
10.663193 -0.060639
10.668194 -0.052147
10.673196 -0.042292
10.678197 -0.030620
10.683199 -0.016969
10.688200 -0.001758
10.693202 0.014054
10.698203 0.029204
10.703205 0.042472
10.708206 0.053150
10.713208 0.061376
10.718209 0.067848
10.723211 0.073061
10.728212 0.076847
10.733214 0.078680
10.738215 0.078275
10.743217 0.075769
10.748218 0.071428
10.753220 0.065391
10.758221 0.057723
10.763223 0.048574
10.768224 0.038181
10.773226 0.026773
10.778227 0.014629
10.783229 0.002269
10.788230 -0.009529
10.793232 -0.020049
10.798233 -0.029056
10.803235 -0.036908
10.808236 -0.044185
10.813237 -0.051213
10.818239 -0.057923
10.823240 -0.064140
10.828242 -0.069919
10.833243 -0.075562
10.838245 -0.081372
10.843246 -0.087419
10.848248 -0.093446
10.853249 -0.098920
10.858251 -0.103268
10.863252 -0.106118
10.868254 -0.107276
10.873255 -0.106437
10.878257 -0.103083
10.883258 -0.096857
10.888260 -0.088097
10.893261 -0.077893
10.898263 -0.067546
10.903264 -0.057955
10.908266 -0.049443
10.913267 -0.041939
10.918269 -0.035214
10.923270 -0.029026
10.928272 -0.023197
10.933273 -0.017667
10.938275 -0.012547
10.943276 -0.007961
10.948278 -0.003690
10.953279 0.000932
10.958281 0.006481
10.963282 0.012805
10.968284 0.019135
10.973285 0.024760
10.978287 0.029382
10.983288 0.032907
10.988290 0.035243
10.993291 0.036467
10.998293 0.036971
11.003294 0.037268
11.008296 0.037677
11.013297 0.038245
11.018299 0.038880
11.023300 0.039433
11.028302 0.039696
11.033303 0.039478
11.038305 0.038634
11.043306 0.036934
11.048308 0.033979
11.053309 0.029406
11.058311 0.023123
11.063312 0.015279
11.068314 0.006057
11.073315 -0.004326
11.078317 -0.015433
11.083318 -0.026480
11.088320 -0.036422
11.093321 -0.044202
11.098323 -0.049116
11.103324 -0.051103
11.108326 -0.050624
11.113327 -0.048137
11.118329 -0.043770
11.123330 -0.037624
11.128332 -0.030235
11.133333 -0.022447
11.138335 -0.014812
11.143336 -0.007228
11.148338 0.000844
11.153339 0.009932
11.158341 0.020190
11.163342 0.031239
11.168344 0.042357
11.173345 0.052955
11.178347 0.062875
11.183348 0.072197
11.188350 0.080887
11.193351 0.088704
11.198353 0.095339
11.203354 0.100562
11.208356 0.104406
11.213357 0.107304
11.218359 0.109867
11.223360 0.112302
11.228362 0.114081
11.233363 0.114329
11.238365 0.112566
11.243366 0.109022
11.248368 0.104352
11.253369 0.099123
11.258371 0.093434
11.263372 0.086823
11.268374 0.078628
11.273375 0.068700
11.278377 0.057735
11.283378 0.046717
11.288380 0.036010
11.293381 0.025153
11.298383 0.013570
11.303384 0.001338
11.308386 -0.010724
11.313387 -0.021557
11.318389 -0.030406
11.323390 -0.037097
11.328392 -0.041931
11.333393 -0.045311
11.338395 -0.047531
11.343396 -0.048895
11.348398 -0.049757
11.353399 -0.050198
11.358401 -0.049813
11.363402 -0.048071
11.368404 -0.044861
11.373405 -0.040491
11.378407 -0.035229
11.383408 -0.029102
11.388410 -0.022193
11.393411 -0.014895
11.398413 -0.007745
11.403414 -0.001027
11.408416 0.005429
11.413417 0.012066
11.418419 0.019092
11.423420 0.026096
11.428422 0.032248
11.433423 0.036971
11.438425 0.040406
11.443426 0.043138
11.448428 0.045545
11.453429 0.047456
11.458431 0.048300
11.463432 0.047440
11.468434 0.044502
11.473435 0.039634
11.478437 0.033425
11.483438 0.026339
11.488440 0.018239
11.493441 0.008674
11.498443 -0.002325
11.503444 -0.013876
11.508446 -0.024687
11.513447 -0.033732
11.518449 -0.040602
11.523450 -0.045499
11.528452 -0.049025
11.533453 -0.051829
11.538455 -0.054304
11.543456 -0.056582
11.548458 -0.058737
11.553459 -0.060869
11.558461 -0.063017
11.563462 -0.065145
11.568464 -0.067244
11.573465 -0.069384
11.578467 -0.071636
11.583468 -0.073949
11.588470 -0.076073
11.593471 -0.077572
11.598473 -0.077992
11.603474 -0.077117
11.608476 -0.075114
11.613477 -0.072370
11.618479 -0.069187
11.623480 -0.065660
11.628482 -0.061821
11.633483 -0.057768
11.638485 -0.053684
11.643486 -0.049877
11.648488 -0.046797
11.653489 -0.044821
11.658491 -0.043989
11.663492 -0.044071
11.668494 -0.044869
11.673495 -0.046263
11.678497 -0.047985
11.683498 -0.049566
11.688500 -0.050582
11.693501 -0.050806
11.698503 -0.050129
11.703504 -0.048497
11.708506 -0.046018
11.713507 -0.042959
11.718509 -0.039542
11.723510 -0.035802
11.728512 -0.031628
11.733513 -0.026826
11.738515 -0.021236
11.743516 -0.014885
11.748518 -0.007915
11.753519 -0.000296
11.758521 0.008200
11.763522 0.017568
11.768524 0.027224
11.773525 0.036262
11.778527 0.044008
11.783528 0.050273
11.788529 0.055252
11.793531 0.059340
11.798532 0.062929
11.803534 0.066140
11.808535 0.068711
11.813537 0.070244
11.818538 0.070642
11.823540 0.070288
11.828541 0.069834
11.833543 0.069847
11.838544 0.070590
11.843546 0.072037
11.848547 0.074079
11.853549 0.076772
11.858550 0.080262
11.863552 0.084471
11.868553 0.088951
11.873555 0.093052
11.878556 0.096132
11.883558 0.097623
11.888559 0.097140
11.893561 0.094671
11.898562 0.090615
11.903564 0.085494
11.908565 0.079615
11.913567 0.073067
11.918568 0.065957
11.923570 0.058499
11.928571 0.050824
11.933573 0.042816
11.938574 0.034224
11.943576 0.024899
11.948577 0.014916
11.953579 0.004553
11.958580 -0.005862
11.963582 -0.016141
11.968583 -0.026244
11.973585 -0.036019
11.978586 -0.045014
11.983588 -0.052672
11.988589 -0.058674
11.993591 -0.063087
11.998592 -0.066295
12.003594 -0.068818
12.008595 -0.071012
12.013597 -0.072839
12.018598 -0.073971
12.023600 -0.074222
12.028601 -0.073814
12.033603 -0.073139
12.038604 -0.072343
12.043606 -0.071291
12.048607 -0.069898
12.053609 -0.068322
12.058610 -0.066732
12.063612 -0.064973
12.068613 -0.062558
12.073615 -0.059062
12.078616 -0.054529
12.083618 -0.049430
12.088619 -0.044173
12.093621 -0.038647
12.098622 -0.032312
12.103624 -0.024771
12.108625 -0.016126
12.113627 -0.006755
12.118628 0.003141
12.123630 0.013602
12.128631 0.024574
12.133633 0.035635
12.138634 0.046032
12.143636 0.054915
12.148637 0.061640
12.153639 0.066009
12.158640 0.068266
12.163642 0.068784
12.168643 0.067791
12.173645 0.065439
12.178646 0.061917
12.183648 0.057300
12.188649 0.051399
12.193651 0.044012
12.198652 0.035309
12.203654 0.025790
12.208655 0.015830
12.213657 0.005446
12.218658 -0.005411
12.223660 -0.016458
12.228661 -0.027095
12.233663 -0.036801
12.238664 -0.045505
12.243666 -0.053604
12.248667 -0.061635
12.253669 -0.069871
12.258670 -0.078114
12.263672 -0.085783
12.268673 -0.092086
12.273675 -0.096212
12.278676 -0.097604
12.283678 -0.096256
12.288679 -0.092659
12.293681 -0.087314
12.298682 -0.080309
12.303684 -0.071434
12.308685 -0.060629
12.313687 -0.048290
12.318688 -0.035228
12.323690 -0.022366
12.328691 -0.010274
12.333693 0.001204
12.338694 0.012826
12.343696 0.025216
12.348697 0.038162
12.353699 0.050675
12.358700 0.061715
12.363702 0.070797
12.368703 0.077987
12.373705 0.083411
12.378706 0.086830
12.383708 0.087749
12.388709 0.085975
12.393711 0.081946
12.398712 0.076388
12.403714 0.069648
12.408715 0.061491
12.413717 0.051598
12.418718 0.040165
12.423720 0.027930
12.428721 0.015710
12.433723 0.004039
12.438724 -0.006857
12.443726 -0.016903
12.448727 -0.025942
12.453729 -0.033520
12.458730 -0.039013
12.463732 -0.042164
12.468733 -0.043369
12.473735 -0.043219
12.478736 -0.041848
12.483738 -0.038909
12.488739 -0.034076
12.493741 -0.027366
12.498742 -0.019085
12.503744 -0.009790
12.508745 -0.000258
12.513747 0.008799
12.518748 0.017115
12.523750 0.024780
12.528751 0.031769
12.533753 0.037704
12.538754 0.042079
12.543756 0.044563
12.548757 0.045089
12.553759 0.043825
12.558760 0.041145
12.563762 0.037541
12.568763 0.033467
12.573765 0.029258
12.578766 0.025116
12.583768 0.021085
12.588769 0.017019
12.593771 0.012715
12.598772 0.008201
12.603774 0.003842
12.608775 0.000072
12.613777 -0.003009
12.618778 -0.005728
12.623780 -0.008496
12.628781 -0.011395
12.633783 -0.014066
12.638784 -0.015986
12.643786 -0.016861
12.648787 -0.016725
12.653789 -0.015693
12.658790 -0.013766
12.663792 -0.010938
12.668793 -0.007351
12.673795 -0.003154
12.678796 0.001644
12.683798 0.006939
12.688799 0.012208
12.693801 0.016685
12.698802 0.019873
12.703804 0.021740
12.708805 0.022462
12.713807 0.022158
12.718808 0.020803
12.723810 0.018201
12.728811 0.014003
12.733813 0.007890
12.738814 -0.000146
12.743816 -0.009670
12.748817 -0.019965
12.753819 -0.030423
12.758820 -0.040899
12.763822 -0.051747
12.768823 -0.063395
12.773824 -0.075756
12.778826 -0.088102
12.783827 -0.099584
12.788829 -0.109750
12.793830 -0.118402
12.798832 -0.125155
12.803833 -0.129493
12.808835 -0.131235
12.813836 -0.130631
12.818838 -0.127953
12.823839 -0.123146
12.828841 -0.115936
12.833842 -0.106146
12.838844 -0.093895
12.843845 -0.079515
12.848847 -0.063262
12.853848 -0.045094
12.858850 -0.024809
12.863851 -0.002475
12.868853 0.021383
12.873854 0.046084
12.878856 0.071093
12.883857 0.095859
12.888859 0.119569
12.893860 0.141388
12.898862 0.160925
12.903863 0.178194
12.908865 0.193128
12.913866 0.205295
12.918868 0.214152
12.923869 0.219456
12.928871 0.221436
12.933872 0.220710
12.938874 0.218034
12.943875 0.213915
12.948877 0.208314
12.953878 0.200791
12.958880 0.190953
12.963881 0.178696
12.968883 0.164113
12.973884 0.147341
12.978886 0.128529
12.983887 0.107909
12.988889 0.085904
12.993890 0.063157
12.998892 0.040353
13.003893 0.017978
13.008895 -0.003696
13.013896 -0.024392
13.018898 -0.043780
13.023899 -0.061663
13.028901 -0.078027
13.033902 -0.092756
13.038904 -0.105446
13.043905 -0.115694
13.048907 -0.123489
13.053908 -0.129211
13.058910 -0.133306
13.063911 -0.136051
13.068913 -0.137522
13.073914 -0.137680
13.078916 -0.136502
13.083917 -0.134161
13.088919 -0.131089
13.093920 -0.127801
13.098922 -0.124593
13.103923 -0.121445
13.108925 -0.118233
13.113926 -0.114945
13.118928 -0.111649
13.123929 -0.108294
13.128931 -0.104632
13.133932 -0.100385
13.138934 -0.095536
13.143935 -0.090497
13.148937 -0.085896
13.153938 -0.082080
13.158940 -0.078851
13.163941 -0.075794
13.168943 -0.072769
13.173944 -0.069932
13.178946 -0.067389
13.183947 -0.064915
13.188949 -0.061994
13.193950 -0.058090
13.198952 -0.052982
13.203953 -0.046932
13.208955 -0.040453
13.213956 -0.033843
13.218958 -0.026953
13.223959 -0.019490
13.228961 -0.011508
13.233962 -0.003516
13.238964 0.003841
13.243965 0.010113
13.248967 0.015144
13.253968 0.019002
13.258970 0.021857
13.263971 0.023878
13.268973 0.025309
13.273974 0.026590
13.278976 0.028179
13.283977 0.030116
13.288979 0.031930
13.293980 0.033079
13.298982 0.033421
13.303983 0.033246
13.308985 0.033032
13.313986 0.033208
13.318988 0.034015
13.323989 0.035511
13.328991 0.037747
13.333992 0.040939
13.338994 0.045415
13.343995 0.051324
13.348997 0.058387
13.353998 0.066019
13.359000 0.073656
13.364001 0.080915
13.369003 0.087544
13.374004 0.093407
13.379006 0.098531
13.384007 0.102972
13.389009 0.106618
13.394010 0.109237
13.399012 0.110736
13.404013 0.111269
13.409015 0.111079
13.414016 0.110313
13.419018 0.108957
13.424019 0.106837
13.429021 0.103719
13.434022 0.099510
13.439024 0.094339
13.444025 0.088331
13.449027 0.081371
13.454028 0.073219
13.459030 0.063828
13.464031 0.053463
13.469033 0.042562
13.474034 0.031540
13.479036 0.020654
13.484037 0.009965
13.489039 -0.000557
13.494040 -0.010818
13.499042 -0.020492
13.504043 -0.029241
13.509045 -0.037000
13.514046 -0.044002
13.519048 -0.050552
13.524049 -0.056795
13.529051 -0.062589
13.534052 -0.067498
13.539054 -0.071012
13.544055 -0.072959
13.549057 -0.073674
13.554058 -0.073660
13.559060 -0.073103
13.564061 -0.071798
13.569063 -0.069497
13.574064 -0.066167
13.579066 -0.061945
13.584067 -0.057023
13.589069 -0.051621
13.594070 -0.045960
13.599072 -0.040189
13.604073 -0.034367
13.609075 -0.028473
13.614076 -0.022426
13.619078 -0.016269
13.624079 -0.010436
13.629081 -0.005684
13.634082 -0.002583
13.639084 -0.001099
13.644085 -0.000794
13.649087 -0.001337
13.654088 -0.002740
13.659090 -0.005169
13.664091 -0.008704
13.669093 -0.013227
13.674094 -0.018447
13.679096 -0.024050
13.684097 -0.029885
13.689099 -0.035900
13.694100 -0.041848
13.699102 -0.047214
13.704103 -0.051550
13.709105 -0.054781
13.714106 -0.057030
13.719108 -0.058304
13.724109 -0.058474
13.729111 -0.057458
13.734112 -0.055265
13.739114 -0.051934
13.744115 -0.047610
13.749117 -0.042591
13.754118 -0.037111
13.759119 -0.031151
13.764121 -0.024622
13.769122 -0.017650
13.774124 -0.010525
13.779125 -0.003467
13.784127 0.003402
13.789128 0.009933
13.794130 0.016008
13.799131 0.021676
13.804133 0.027020
13.809134 0.031869
13.814136 0.035810
13.819137 0.038526
13.824139 0.040034
13.829140 0.040618
13.834142 0.040618
13.839143 0.040185
13.844145 0.039181
13.849146 0.037376
13.854148 0.034811
13.859149 0.031873
13.864151 0.028930
13.869152 0.025987
13.874154 0.022774
13.879155 0.019098
13.884157 0.015017
13.889158 0.010714
13.894160 0.006309
13.899161 0.001825
13.904163 -0.002725
13.909164 -0.007214
13.914166 -0.011330
13.919167 -0.014626
13.924169 -0.016751
13.929170 -0.017712
13.934172 -0.017913
13.939173 -0.017876
13.944175 -0.017907
13.949176 -0.017983
13.954178 -0.017892
13.959179 -0.017444
13.964181 -0.016532
13.969182 -0.015065
13.974184 -0.012894
13.979185 -0.009846
13.984187 -0.005838
13.989188 -0.000937
13.994190 0.004705
13.999191 0.010909
14.004193 0.017456
14.009194 0.024100
14.014196 0.030666
14.019197 0.037096
14.024199 0.043336
14.029200 0.049203
14.034202 0.054399
14.039203 0.058651
14.044205 0.061839
14.049206 0.064071
14.054208 0.065603
14.059209 0.066597
14.064211 0.066942
14.069212 0.066405
14.074214 0.064984
14.079215 0.063014
14.084217 0.060857
14.089218 0.058609
14.094220 0.056177
14.099221 0.053527
14.104223 0.050743
14.109224 0.047896
14.114226 0.045001
14.119227 0.042084
14.124229 0.039247
14.129230 0.036690
14.134232 0.034648
14.139233 0.033139
14.144235 0.031696
14.149236 0.029543
14.154238 0.026174
14.159239 0.021703
14.164241 0.016594
14.169242 0.011200
14.174244 0.005655
14.179245 0.000084
14.184247 -0.005277
14.189248 -0.010193
14.194250 -0.014585
14.199251 -0.018566
14.204253 -0.022315
14.209254 -0.025874
14.214256 -0.029038
14.219257 -0.031533
14.224259 -0.033434
14.229260 -0.035326
14.234262 -0.037904
14.239263 -0.041386
14.244265 -0.045424
14.249266 -0.049504
14.254268 -0.053314
14.259269 -0.056803
14.264271 -0.060060
14.269272 -0.063148
14.274274 -0.065941
14.279275 -0.068193
14.284277 -0.069851
14.289278 -0.071189
14.294280 -0.072482
14.299281 -0.073577
14.304283 -0.073908
14.309284 -0.072955
14.314286 -0.070677
14.319287 -0.067511
14.324289 -0.063982
14.329290 -0.060217
14.334292 -0.055785
14.339293 -0.050055
14.344295 -0.042809
14.349296 -0.034497
14.354298 -0.025831
14.359299 -0.017199
14.364301 -0.008592
14.369302 0.000064
14.374304 0.008711
14.379305 0.017187
14.384307 0.025177
14.389308 0.032160
14.394310 0.037638
14.399311 0.041503
14.404313 0.044113
14.409314 0.046029
14.414316 0.047717
14.419317 0.049312
14.424319 0.050480
14.429320 0.050545
14.434322 0.048934
14.439323 0.045589
14.444325 0.040999
14.449326 0.035952
14.454328 0.031195
14.459329 0.027035
14.464331 0.023049
14.469332 0.018362
14.474334 0.012510
14.479335 0.006022
14.484337 0.000051
14.489338 -0.004532
14.494340 -0.007650
14.499341 -0.009879
14.504343 -0.011980
14.509344 -0.014423
14.514346 -0.017120
14.519347 -0.019648
14.524349 -0.021738
14.529350 -0.023490
14.534352 -0.025133
14.539353 -0.026734
14.544355 -0.028169
14.549356 -0.029250
14.554358 -0.029855
14.559359 -0.030038
14.564361 -0.030008
14.569362 -0.029896
14.574364 -0.029478
14.579365 -0.028192
14.584367 -0.025532
14.589368 -0.021451
14.594370 -0.016333
14.599371 -0.010596
14.604373 -0.004449
14.609374 0.002014
14.614376 0.008644
14.619377 0.015230
14.624379 0.021559
14.629380 0.027441
14.634382 0.032736
14.639383 0.037352
14.644385 0.041229
14.649386 0.044322
14.654388 0.046589
14.659389 0.047945
14.664391 0.048290
14.669392 0.047609
14.674394 0.046063
14.679395 0.043855
14.684397 0.040962
14.689398 0.037113
14.694400 0.032167
14.699401 0.026384
14.704403 0.020160
14.709404 0.013573
14.714406 0.006441
14.719407 -0.001139
14.724409 -0.008528
14.729410 -0.014936
14.734412 -0.020066
14.739413 -0.024389
14.744414 -0.028782
14.749416 -0.033790
14.754417 -0.039159
14.759419 -0.044106
14.764420 -0.048030
14.769422 -0.050927
14.774423 -0.053207
14.779425 -0.055282
14.784426 -0.057331
14.789428 -0.059181
14.794429 -0.060306
14.799431 -0.060144
14.804432 -0.058595
14.809434 -0.056078
14.814435 -0.052957
14.819437 -0.049092
14.824438 -0.044137
14.829440 -0.038103
14.834441 -0.031432
14.839443 -0.024601
14.844444 -0.017803
14.849446 -0.010902
14.854447 -0.003629
14.859449 0.004082
14.864450 0.011876
14.869452 0.019214
14.874453 0.025921
14.879455 0.032303
14.884456 0.038597
14.889458 0.044495
14.894459 0.049413
14.899461 0.053093
14.904462 0.055741
14.909464 0.057677
14.914465 0.058993
14.919467 0.059466
14.924468 0.058647
14.929470 0.056106
14.934471 0.051783
14.939473 0.046102
14.944474 0.039659
14.949476 0.032839
14.954477 0.025818
14.959479 0.018805
14.964480 0.012053
14.969482 0.005663
14.974483 -0.000428
14.979485 -0.006226
14.984486 -0.011586
14.989488 -0.016336
14.994489 -0.020384
14.999491 -0.023740
15.004492 -0.026620
15.009494 -0.029431
15.014495 -0.032430
15.019497 -0.035380
15.024498 -0.037750
15.029500 -0.039247
15.034501 -0.040030
15.039503 -0.040392
15.044504 -0.040370
15.049506 -0.039721
15.054507 -0.038224
15.059509 -0.036001
15.064510 -0.033583
15.069512 -0.031589
15.074513 -0.030203
15.079515 -0.028952
15.084516 -0.027110
15.089518 -0.024319
15.094519 -0.020774
15.099521 -0.016913
15.104522 -0.013100
15.109524 -0.009548
15.114525 -0.006320
15.119527 -0.003318
15.124528 -0.000346
15.129530 0.002812
15.134531 0.006361
15.139533 0.010429
15.144534 0.014929
15.149536 0.019563
15.154537 0.024047
15.159539 0.028336
15.164540 0.032638
15.169542 0.037209
15.174543 0.042104
15.179545 0.047052
15.184546 0.051556
15.189548 0.055129
15.194549 0.057447
15.199551 0.058308
15.204552 0.057518
15.209554 0.054882
15.214555 0.050332
15.219557 0.043979
15.224558 0.036043
15.229560 0.026827
15.234561 0.016828
15.239563 0.006714
15.244564 -0.002965
15.249566 -0.012013
15.254567 -0.020476
15.259569 -0.028405
15.264570 -0.035818
15.269572 -0.042739
15.274573 -0.049094
15.279575 -0.054659
15.284576 -0.059204
15.289578 -0.062589
15.294579 -0.064671
15.299581 -0.065274
15.304582 -0.064326
15.309584 -0.061910
15.314585 -0.058075
15.319587 -0.052662
15.324588 -0.045417
15.329590 -0.036271
15.334591 -0.025464
15.339593 -0.013464
15.344594 -0.000874
15.349596 0.011713
15.354597 0.023930
15.359599 0.035642
15.364600 0.046644
15.369602 0.056453
15.374603 0.064540
15.379605 0.070708
15.384606 0.075173
15.389608 0.078241
15.394609 0.079900
15.399611 0.079745
15.404612 0.077380
15.409614 0.072925
15.414615 0.067128
15.419617 0.060933
15.424618 0.054870
15.429620 0.048834
15.434621 0.042475
15.439623 0.035706
15.444624 0.028757
15.449626 0.021832
15.454627 0.014933
15.459629 0.007975
15.464630 0.000855
15.469632 -0.006589
15.474633 -0.014343
15.479635 -0.021852
15.484636 -0.028206
15.489638 -0.032883
15.494639 -0.036203
15.499641 -0.038921
15.504642 -0.041478
15.509644 -0.043658
15.514645 -0.044884
15.519647 -0.044811
15.524648 -0.043682
15.529650 -0.042102
15.534651 -0.040453
15.539653 -0.038561
15.544654 -0.035955
15.549656 -0.032368
15.554657 -0.027946
15.559659 -0.023125
15.564660 -0.018490
15.569662 -0.014601
15.574663 -0.011673
15.579665 -0.009367
15.584666 -0.007036
15.589668 -0.004235
15.594669 -0.000932
15.599671 0.002657
15.604672 0.006189
15.609674 0.009195
15.614675 0.011250
15.619677 0.012216
15.624678 0.012213
15.629680 0.011418
15.634681 0.010024
15.639683 0.008286
15.644684 0.006400
15.649686 0.004332
15.654687 0.001893
15.659689 -0.001049
15.664690 -0.004539
15.669692 -0.008594
15.674693 -0.013069
15.679695 -0.017469
15.684696 -0.021091
15.689698 -0.023468
15.694699 -0.024661
15.699701 -0.025151
15.704702 -0.025458
15.709704 -0.025785
15.714705 -0.025933
15.719706 -0.025540
15.724708 -0.024464
15.729709 -0.022972
15.734711 -0.021634
15.739712 -0.021047
15.744714 -0.021572
15.749715 -0.023189
15.754717 -0.025492
15.759718 -0.027870
15.764720 -0.029867
15.769721 -0.031493
15.774723 -0.033137
15.779724 -0.035086
15.784726 -0.037149
15.789727 -0.038772
15.794729 -0.039524
15.799730 -0.039452
15.804732 -0.038979
15.809733 -0.038493
15.814735 -0.038010
15.819736 -0.037216
15.824738 -0.035840
15.829739 -0.033912
15.834741 -0.031586
15.839742 -0.028773
15.844744 -0.025136
15.849745 -0.020409
15.854747 -0.014601
15.859748 -0.007903
15.864750 -0.000550
15.869751 0.007239
15.874753 0.015285
15.879754 0.023442
15.884756 0.031568
15.889757 0.039592
15.894759 0.047537
15.899760 0.055412
15.904762 0.063083
15.909763 0.070375
15.914765 0.077319
15.919766 0.084147
15.924768 0.090935
15.929769 0.097364
15.934771 0.102986
15.939772 0.107645
15.944774 0.111451
15.949775 0.114383
15.954777 0.116112
15.959778 0.116226
15.964780 0.114512
15.969781 0.111025
15.974783 0.106011
15.979784 0.099783
15.984786 0.092514
15.989787 0.084086
15.994789 0.074257
15.999790 0.063036
16.004792 0.050826
16.009793 0.038181
16.014795 0.025499
16.019796 0.012964
16.024798 0.000670
16.029799 -0.011253
16.034801 -0.022588
16.039802 -0.033075
16.044804 -0.042519
16.049805 -0.050829
16.054807 -0.057979
16.059808 -0.063968
16.064810 -0.068812
16.069811 -0.072508
16.074813 -0.075013
16.079814 -0.076350
16.084816 -0.076737
16.089817 -0.076436
16.094819 -0.075346
16.099820 -0.072919
16.104822 -0.068687
16.109823 -0.062843
16.114825 -0.056190
16.119826 -0.049522
16.124828 -0.043130
16.129829 -0.036807
16.134831 -0.030257
16.139832 -0.023591
16.144834 -0.017480
16.149835 -0.012771
16.154837 -0.009863
16.159838 -0.008457
16.164840 -0.007898
16.169841 -0.007703
16.174843 -0.007817
16.179844 -0.008560
16.184846 -0.010425
16.189847 -0.013762
16.194849 -0.018484
16.199850 -0.024091
16.204852 -0.030015
16.209853 -0.035874
16.214855 -0.041425
16.219856 -0.046554
16.224858 -0.051429
16.229859 -0.056415
16.234861 -0.061597
16.239862 -0.066519
16.244864 -0.070554
16.249865 -0.073384
16.254867 -0.074944
16.259868 -0.075057
16.264870 -0.073363
16.269871 -0.069576
16.274873 -0.063659
16.279874 -0.055802
16.284876 -0.046350
16.289877 -0.035733
16.294879 -0.024413
16.299880 -0.012850
16.304882 -0.001503
16.309883 0.009296
16.314885 0.019532
16.319886 0.029435
16.324888 0.039056
16.329889 0.048020
16.334891 0.055899
16.339892 0.062702
16.344894 0.068788
16.349895 0.074321
16.354897 0.078981
16.359898 0.082225
16.364900 0.083745
16.369901 0.083695
16.374903 0.082581
16.379904 0.080896
16.384906 0.078714
16.389907 0.075575
16.394909 0.070873
16.399910 0.064438
16.404912 0.056718
16.409913 0.048430
16.414915 0.040093
16.419916 0.031842
16.424918 0.023543
16.429919 0.015007
16.434921 0.006204
16.439922 -0.002647
16.444924 -0.011169
16.449925 -0.018983
16.454927 -0.025841
16.459928 -0.031735
16.464930 -0.036994
16.469931 -0.042127
16.474933 -0.047359
16.479934 -0.052313
16.484936 -0.056323
16.489937 -0.059034
16.494939 -0.060617
16.499940 -0.061451
16.504942 -0.061747
16.509943 -0.061424
16.514945 -0.060218
16.519946 -0.057948
16.524948 -0.054702
16.529949 -0.050726
16.534951 -0.046163
16.539952 -0.041027
16.544954 -0.035441
16.549955 -0.029741
16.554957 -0.024195
16.559958 -0.018728
16.564960 -0.013053
16.569961 -0.007058
16.574963 -0.000949
16.579964 0.005002
16.584966 0.010764
16.589967 0.016637
16.594969 0.023108
16.599970 0.030577
16.604972 0.038988
16.609973 0.047681
16.614975 0.055830
16.619976 0.063091
16.624978 0.069688
16.629979 0.075877
16.634981 0.081459
16.639982 0.085775
16.644984 0.088080
16.649985 0.088172
16.654987 0.086928
16.659988 0.086030
16.664990 0.086442
16.669991 0.086560
16.674993 0.082011
16.679994 0.068512
16.684996 0.046491
16.689997 0.023047
16.694999 0.006928
16.700000 0.000471
