0.000000 0.000000
0.005001 -0.000399
0.010002 -0.000399
0.015002 -0.000399
0.020003 0.000152
0.025004 -0.000399
0.030005 0.000152
0.035005 0.000152
0.040006 0.000152
0.045007 0.000152
0.050008 0.000152
0.055008 0.000152
0.060009 0.000152
0.065010 0.000152
0.070011 0.000152
0.075012 0.000152
0.080012 0.000152
0.085013 0.000152
0.090014 0.000151
0.095015 0.000151
0.100015 0.000151
0.105016 -0.000400
0.110017 -0.000400
0.115018 -0.000400
0.120018 -0.000400
0.125019 -0.000400
0.130020 -0.000400
0.135021 -0.000400
0.140022 0.000151
0.145022 0.000151
0.150023 0.000151
0.155024 0.000151
0.160025 0.000151
0.165025 0.000151
0.170026 0.000151
0.175027 0.000151
0.180028 0.000151
0.185028 0.000151
0.190029 0.000151
0.195030 0.000151
0.200031 0.000151
0.205032 0.000151
0.210032 -0.000400
0.215033 -0.000400
0.220034 0.000151
0.225035 0.000151
0.230035 -0.000400
0.235036 -0.000400
0.240037 -0.000400
0.245038 0.000151
0.250039 -0.000400
0.255039 0.000151
0.260040 -0.000400
0.265041 0.000504
0.270042 -0.000400
0.275042 0.000151
0.280043 0.000151
0.285044 0.000151
0.290045 0.000151
0.295045 0.000151
0.300046 0.000151
0.305047 0.000151
0.310048 0.000151
0.315049 0.000151
0.320049 0.000151
0.325050 0.000151
0.330051 0.000151
0.335052 0.000151
0.340052 0.000151
0.345053 -0.000400
0.350054 -0.000400
0.355055 -0.000400
0.360055 0.000151
0.365056 -0.000400
0.370057 0.000151
0.375058 -0.000400
0.380059 0.000151
0.385059 -0.000400
0.390060 -0.000400
0.395061 0.000151
0.400062 0.000151
0.405062 0.000151
0.410063 0.000151
0.415064 0.000151
0.420065 0.000151
0.425065 0.000151
0.430066 0.000151
0.435067 0.000151
0.440068 0.000151
0.445069 -0.000400
0.450069 -0.000400
0.455070 -0.000400
0.460071 -0.000400
0.465072 -0.000401
0.470072 -0.000401
0.475073 -0.000401
0.480074 -0.000401
0.485075 -0.000401
0.490075 -0.000401
0.495076 0.000151
0.500077 0.000150
0.505078 0.000150
0.510079 0.000150
0.515079 0.000150
0.520080 0.000150
0.525081 0.000150
0.530082 0.000150
0.535082 0.000150
0.540083 0.000150
0.545084 0.000150
0.550085 0.000150
0.555085 0.000150
0.560086 -0.000401
0.565087 -0.000401
0.570088 -0.000401
0.575089 -0.000401
0.580089 -0.000401
0.585090 -0.000401
0.590091 -0.000401
0.595092 0.000150
0.600092 0.000150
0.605093 -0.000401
0.610094 -0.000401
0.615095 -0.000401
0.620096 0.000150
0.625096 0.000150
0.630097 0.000150
0.635098 0.000150
0.640099 0.000150
0.645099 0.000150
0.650100 0.000150
0.655101 0.000150
0.660102 0.000150
0.665102 0.000150
0.670103 0.000150
0.675104 0.000150
0.680105 -0.000401
0.685106 -0.000401
0.690106 -0.000401
0.695107 -0.000401
0.700108 -0.000401
0.705109 -0.000401
0.710109 -0.000401
0.715110 0.000150
0.720111 0.000150
0.725112 -0.000401
0.730112 0.000150
0.735113 0.000150
0.740114 0.000150
0.745115 0.000150
0.750116 0.000150
0.755116 0.000150
0.760117 0.000150
0.765118 0.000150
0.770119 0.000150
0.775119 0.000150
0.780120 0.000150
0.785121 -0.000401
0.790122 -0.000401
0.795122 -0.000401
0.800123 -0.000401
0.805124 -0.000401
0.810125 -0.000401
0.815126 -0.000401
0.820126 -0.000401
0.825127 0.000150
0.830128 0.000150
0.835129 0.000150
0.840129 0.000150
0.845130 0.000150
0.850131 0.000150
0.855132 0.000150
0.860132 0.000150
0.865133 0.000150
0.870134 0.000150
0.875135 0.000150
0.880136 0.000150
0.885136 0.000150
0.890137 0.000150
0.895138 -0.000402
0.900139 0.000150
0.905139 0.000149
0.910140 0.000149
0.915141 -0.000402
0.920142 -0.000402
0.925142 -0.000402
0.930143 -0.000402
0.935144 0.000149
0.940145 0.000149
0.945146 0.000149
0.950146 0.000149
0.955147 0.000149
0.960148 0.000149
0.965149 0.000149
0.970149 0.000149
0.975150 0.000149
0.980151 0.000149
0.985152 0.000149
0.990152 0.000149
0.995153 0.000149
1.000154 0.000149
1.005155 0.000149
1.010156 0.000149
1.015156 0.000149
1.020157 0.000149
1.025158 0.000149
1.030159 -0.000402
1.035159 0.000149
1.040160 0.000149
1.045161 0.000149
1.050162 0.000149
1.055163 0.000149
1.060163 0.000149
1.065164 0.000149
1.070165 0.000149
1.075166 0.000149
1.080166 0.000149
1.085167 0.000149
1.090168 0.000149
1.095169 0.000149
1.100169 0.000149
1.105170 0.000149
1.110171 0.000149
1.115172 0.000149
1.120173 0.000149
1.125173 0.000149
1.130174 0.000149
1.135175 0.000149
1.140176 -0.000402
1.145176 -0.000402
1.150177 -0.000402
1.155178 -0.000402
1.160179 0.000149
1.165179 0.000149
1.170180 0.000149
1.175181 -0.000050
1.180182 0.000149
1.185183 0.000149
1.190183 0.000149
1.195184 0.000149
1.200185 0.000149
1.205186 0.000149
1.210186 0.000149
1.215187 0.000149
1.220188 0.000149
1.225189 0.000149
1.230189 0.000149
1.235190 0.000149
1.240191 -0.000402
1.245192 -0.000402
1.250193 -0.000402
1.255193 -0.000402
1.260194 -0.000402
1.265195 -0.000402
1.270196 -0.000402
1.275196 -0.000403
1.280197 0.000149
1.285198 0.000149
1.290199 -0.000403
1.295199 0.000149
1.300200 0.000149
1.305201 0.000149
1.310202 0.000148
1.315203 0.000148
1.320203 0.000148
1.325204 0.000148
1.330205 0.000148
1.335206 0.000501
1.340206 0.000148
1.345207 0.000148
1.350208 0.000148
1.355209 0.000148
1.360209 0.000148
1.365210 -0.000403
1.370211 -0.000403
1.375212 -0.000403
1.380213 -0.000403
1.385213 0.000148
1.390214 -0.000403
1.395215 0.000148
1.400216 0.000148
1.405216 0.000148
1.410217 0.000148
1.415218 0.000148
1.420219 0.000148
1.425220 0.000148
1.430220 0.000148
1.435221 0.000148
1.440222 0.000148
1.445223 0.000148
1.450223 -0.000403
1.455224 0.000148
1.460225 0.000148
1.465226 0.000148
1.470226 -0.000403
1.475227 -0.000051
1.480228 0.000148
1.485229 -0.000403
1.490230 -0.000403
1.495230 -0.000403
1.500231 -0.000403
1.505232 -0.000403
1.510233 0.000148
1.515233 0.000148
1.520234 0.000148
1.525235 0.000148
1.530236 0.000148
1.535236 0.000148
1.540237 0.000148
1.545238 0.000148
1.550239 0.000148
1.555240 0.000148
1.560240 0.000148
1.565241 0.000148
1.570242 0.000148
1.575243 0.000148
1.580243 0.000148
1.585244 -0.000403
1.590245 -0.000403
1.595246 -0.000403
1.600246 -0.000403
1.605247 -0.000403
1.610248 -0.000403
1.615249 -0.000403
1.620250 0.000148
1.625250 0.000148
1.630251 -0.000403
1.635252 0.000148
1.640253 0.000500
1.645253 0.000148
1.650254 0.000148
1.655255 0.000148
1.660256 0.000148
1.665256 0.000500
1.670257 0.000500
1.675258 0.000148
1.680259 0.000148
1.685260 -0.000404
1.690260 -0.000051
1.695261 -0.000404
1.700262 -0.000404
1.705263 -0.000404
1.710263 -0.000404
1.715264 -0.000404
1.720265 -0.000404
1.725266 -0.000404
1.730266 -0.000404
1.735267 0.000147
1.740268 -0.000404
1.745269 0.000147
1.750270 0.000147
1.755270 0.000147
1.760271 0.000147
1.765272 0.000147
1.770273 0.000147
1.775273 0.000147
1.780274 0.000147
1.785275 0.000147
1.790276 0.000147
1.795276 -0.000404
1.800277 -0.000404
1.805278 0.000147
1.810279 -0.000404
1.815280 -0.000404
1.820280 -0.000404
1.825281 -0.000404
1.830282 0.000147
1.835283 -0.000404
1.840283 -0.000404
1.845284 0.000147
1.850285 0.000147
1.855286 -0.000404
1.860287 0.000147
1.865287 0.000147
1.870288 0.000147
1.875289 0.000147
1.880290 0.000147
1.885290 0.000147
1.890291 0.000147
1.895292 0.000147
1.900293 0.000147
1.905293 0.000147
1.910294 -0.000404
1.915295 0.000147
1.920296 0.000147
1.925297 0.000147
1.930297 -0.000404
1.935298 -0.000404
1.940299 -0.000404
1.945300 -0.000404
1.950300 -0.000404
1.955301 0.000147
1.960302 0.000147
1.965303 0.000147
1.970303 0.000147
1.975304 0.000147
1.980305 0.000147
1.985306 0.000147
1.990307 0.000147
1.995307 0.000147
2.000308 0.000147
2.005309 0.000147
2.010310 0.000147
2.015310 0.000147
2.020311 0.000147
2.025312 0.000147
2.030313 -0.000404
2.035313 -0.000404
2.040314 -0.000404
2.045315 -0.000404
2.050316 0.000147
2.055317 -0.000404
2.060317 -0.000404
2.065318 -0.000404
2.070319 -0.000404
2.075320 0.000147
2.080320 -0.000404
2.085321 0.000147
2.090322 0.000147
2.095323 0.000147
2.100323 0.000147
2.105324 0.000147
2.110325 0.000147
2.115326 0.000147
2.120327 0.000147
2.125327 0.000146
2.130328 0.000146
2.135329 0.000146
2.140330 0.000146
2.145330 -0.000405
2.150331 -0.000405
2.155332 -0.000405
2.160333 -0.000405
2.165333 -0.000405
2.170334 -0.000405
2.175335 0.000146
2.180336 0.000146
2.185337 0.000146
2.190337 0.000146
2.195338 -0.000405
2.200339 0.000146
2.205340 0.000146
2.210340 0.000146
2.215341 0.000146
2.220342 0.000146
2.225343 0.000146
2.230343 0.000146
2.235344 0.000146
2.240345 0.000146
2.245346 0.000146
2.250347 -0.000405
2.255347 0.000146
2.260348 -0.000405
2.265349 -0.000053
2.270350 -0.000405
2.275350 -0.000405
2.280351 -0.000405
2.285352 -0.000405
2.290353 -0.000053
2.295354 0.000146
2.300354 0.000146
2.305355 0.000146
2.310356 0.000146
2.315357 0.000146
2.320357 0.000146
2.325358 0.000146
2.330359 0.000146
2.335360 0.000146
2.340360 0.000146
2.345361 0.000146
2.350362 0.000146
2.355363 0.000146
2.360364 0.000146
2.365364 0.000146
2.370365 0.000146
2.375366 0.000146
2.380367 0.000498
2.385367 -0.000405
2.390368 -0.000405
2.395369 -0.000405
2.400370 -0.000405
2.405370 -0.000405
2.410371 -0.000053
2.415372 0.000146
2.420373 -0.000405
2.425374 0.000146
2.430374 0.000146
2.435375 0.000498
2.440376 0.000498
2.445377 0.000146
2.450377 0.000146
2.455378 0.000146
2.460379 0.000146
2.465380 0.000146
2.470380 0.000146
2.475381 0.000146
2.480382 0.000146
2.485383 -0.000405
2.490384 0.000146
2.495384 -0.000406
2.500385 -0.000406
2.505386 -0.000406
2.510387 -0.000406
2.515387 -0.000406
2.520388 -0.000406
2.525389 0.000146
2.530390 0.000145
2.535390 -0.000406
2.540391 0.000145
2.545392 0.000145
2.550393 -0.000406
2.555394 0.000498
2.560394 0.000145
2.565395 0.000145
2.570396 0.000145
2.575397 0.000145
2.580397 0.000145
2.585398 0.000145
2.590399 -0.000406
2.595400 -0.000053
2.600400 0.000145
2.605401 -0.000406
2.610402 -0.000406
2.615403 0.000145
2.620404 -0.000406
2.625404 -0.000406
2.630405 0.000145
2.635406 -0.000406
2.640407 0.000145
2.645407 -0.000406
2.650408 -0.000406
2.655409 0.000145
2.660410 0.000145
2.665411 0.000145
2.670411 0.000145
2.675412 0.000145
2.680413 0.000145
2.685414 0.000145
2.690414 0.000145
2.695415 0.000498
2.700416 0.000498
2.705417 -0.000406
2.710417 -0.000406
2.715418 -0.000406
2.720419 -0.000406
2.725420 -0.000406
2.730421 -0.000406
2.735421 -0.000054
2.740422 -0.000054
2.745423 -0.000406
2.750424 -0.000406
2.755424 0.000145
2.760425 0.000145
2.765426 0.000145
2.770427 0.000145
2.775427 0.000145
2.780428 0.000145
2.785429 0.000145
2.790430 0.000145
2.795431 0.000145
2.800431 0.000145
2.805432 0.000145
2.810433 0.000145
2.815434 0.000145
2.820434 0.000145
2.825435 -0.000406
2.830436 0.000145
2.835437 0.000145
2.840437 -0.000406
2.845438 0.000145
2.850439 0.000145
2.855440 -0.000406
2.860441 -0.000406
2.865441 -0.000054
2.870442 0.000145
2.875443 -0.000406
2.880444 0.000145
2.885444 0.000145
2.890445 0.000145
2.895446 0.000145
2.900447 0.000145
2.905447 0.000145
2.910448 0.000145
2.915449 0.000145
2.920450 0.000145
2.925451 0.000145
2.930451 0.000145
2.935452 0.000145
2.940453 -0.000407
2.945454 -0.000407
2.950454 -0.000407
2.955455 -0.000407
2.960456 0.000144
2.965457 -0.000407
2.970457 0.000144
2.975458 0.000144
2.980459 0.000144
2.985460 0.000144
2.990461 0.000144
2.995461 0.000144
3.000462 0.000144
3.005463 0.000144
3.010464 0.000144
3.015464 0.000144
3.020465 0.000144
3.025466 0.000144
3.030467 0.000144
3.035467 0.000144
3.040468 0.000144
3.045469 0.000144
3.050470 -0.000407
3.055471 -0.000407
3.060471 -0.000407
3.065472 -0.000407
3.070473 -0.000407
3.075474 -0.000407
3.080474 -0.000407
3.085475 0.000144
3.090476 -0.000407
3.095477 0.000144
3.100478 0.000144
3.105478 0.000144
3.110479 0.000144
3.115480 0.000144
3.120481 0.000144
3.125481 0.000144
3.130482 0.000144
3.135483 0.000144
3.140484 0.000144
3.145484 0.000144
3.150485 0.000144
3.155486 -0.000407
3.160487 -0.000407
3.165488 -0.000407
3.170488 -0.000407
3.175489 -0.000407
3.180490 -0.000407
3.185491 -0.000407
3.190491 -0.000407
3.195492 -0.000407
3.200493 0.000144
3.205494 -0.000407
3.210494 0.000144
3.215495 0.000144
3.220496 0.000144
3.225497 0.000144
3.230498 0.000144
3.235498 0.000144
3.240499 0.000144
3.245500 0.000144
3.250501 0.000144
3.255501 0.000144
3.260502 0.000144
3.265503 0.000144
3.270504 0.000144
3.275504 0.000144
3.280505 0.000144
3.285506 0.000144
3.290507 -0.000407
3.295508 -0.000407
3.300508 0.000144
3.305509 -0.000407
3.310510 -0.000408
3.315511 0.000144
3.320511 0.000144
3.325512 -0.000408
3.330513 0.000144
3.335514 0.000144
3.340514 0.000144
3.345515 0.000143
3.350516 0.000143
3.355517 0.000143
3.360518 0.000143
3.365518 0.000143
3.370519 -0.000408
3.375520 0.000143
3.380521 0.000143
3.385521 0.000143
3.390522 -0.000408
3.395523 -0.000408
3.400524 0.000143
3.405524 0.000143
3.410525 -0.000408
3.415526 -0.000408
3.420527 -0.000408
3.425528 0.000143
3.430528 0.000143
3.435529 0.000143
3.440530 0.000143
3.445531 0.000143
3.450531 0.000143
3.455532 0.000143
3.460533 0.000143
3.465534 0.000143
3.470535 0.000143
3.475535 0.000143
3.480536 0.000143
3.485537 0.000143
3.490538 0.000143
3.495538 -0.000408
3.500539 -0.000408
3.505540 -0.000408
3.510541 -0.000408
3.515541 -0.000408
3.520542 -0.000408
3.525543 -0.000408
3.530544 -0.000056
3.535545 0.000495
3.540545 0.000495
3.545546 0.000143
3.550547 -0.000408
3.555548 -0.000408
3.560548 0.000143
3.565549 0.000143
3.570550 0.000143
3.575551 0.000143
3.580551 0.000143
3.585552 0.000143
3.590553 0.000143
3.595554 0.000143
3.600555 0.000143
3.605555 0.000143
3.610556 0.000143
3.615557 0.000143
3.620558 0.000143
3.625558 -0.000408
3.630559 -0.000408
3.635560 -0.000408
3.640561 0.000143
3.645561 -0.000408
3.650562 -0.000408
3.655563 0.000143
3.660564 0.000143
3.665565 0.000143
3.670565 0.000143
3.675566 0.000143
3.680567 0.000143
3.685568 0.000143
3.690568 0.000143
3.695569 0.000143
3.700570 0.000143
3.705571 0.000143
3.710571 0.000143
3.715572 0.000143
3.720573 0.000143
3.725574 0.000143
3.730575 -0.000409
3.735575 -0.000409
3.740576 -0.000409
3.745577 -0.000409
3.750578 -0.000409
3.755578 0.000142
3.760579 -0.000409
3.765580 -0.000409
3.770581 0.000142
3.775581 0.000142
3.780582 0.000142
3.785583 0.000142
3.790584 0.000142
3.795585 0.000142
3.800585 0.000142
3.805586 0.000142
3.810587 0.000142
3.815588 0.000142
3.820588 0.000142
3.825589 0.000142
3.830590 0.000142
3.835591 -0.000409
3.840591 -0.000409
3.845592 -0.000409
3.850593 -0.000409
3.855594 -0.000409
3.860595 -0.000409
3.865595 -0.000409
3.870596 -0.000409
3.875597 -0.000409
3.880598 0.000142
3.885598 0.000142
3.890599 0.000142
3.895600 0.000142
3.900601 0.000142
3.905602 0.000142
3.910602 0.000142
3.915603 0.000142
3.920604 0.000142
3.925605 0.000142
3.930605 0.000142
3.935606 0.000142
3.940607 0.000142
3.945608 0.000142
3.950608 0.000142
3.955609 0.000494
3.960610 0.000142
3.965611 0.000142
3.970612 0.000142
3.975612 -0.000409
3.980613 -0.000409
3.985614 -0.000409
3.990615 0.000142
3.995615 0.000142
4.000616 0.000142
4.005617 0.000142
4.010618 0.000142
4.015618 0.000142
4.020619 0.000142
4.025620 0.000142
4.030621 0.000142
4.035622 0.000142
4.040622 0.000142
4.045623 0.000142
4.050624 0.000142
4.055625 0.000142
4.060625 0.000142
4.065626 0.000142
4.070627 -0.000409
4.075628 -0.000409
4.080628 -0.000409
4.085629 -0.000409
4.090630 -0.000409
4.095631 -0.000409
4.100632 0.000142
4.105632 0.000142
4.110633 0.000142
4.115634 -0.000409
4.120635 0.000142
4.125635 0.000142
4.130636 0.000142
4.135637 0.000142
4.140638 0.000142
4.145638 0.000142
4.150639 0.000142
4.155640 0.000142
4.160641 0.000141
4.165642 0.000141
4.170642 0.000141
4.175643 0.000141
4.180644 0.000141
4.185645 -0.000410
4.190645 0.000141
4.195646 -0.000410
4.200647 0.000141
4.205648 0.000141
4.210648 -0.000410
4.215649 -0.000410
4.220650 -0.000410
4.225651 0.000141
4.230652 -0.000410
4.235652 0.000141
4.240653 0.000141
4.245654 0.000141
4.250655 0.000141
4.255655 0.000141
4.260656 0.000141
4.265657 0.000141
4.270658 0.000141
4.275659 0.000141
4.280659 0.000141
4.285660 0.000141
4.290661 0.000141
4.295662 0.000494
4.300662 0.000494
4.305663 -0.000410
4.310664 -0.000058
4.315665 -0.000058
4.320665 0.000141
4.325666 0.000141
4.330667 -0.000410
4.335668 -0.000410
4.340669 0.000141
4.345669 0.000141
4.350670 0.000141
4.355671 0.000141
4.360672 0.000141
4.365672 0.000141
4.370673 0.000141
4.375674 0.000141
4.380675 0.000141
4.385675 0.000141
4.390676 0.000141
4.395677 0.000141
4.400678 0.000141
4.405679 0.000141
4.410679 -0.000410
4.415680 -0.000410
4.420681 -0.000410
4.425682 -0.000410
4.430682 -0.000410
4.435683 -0.000410
4.440684 0.000141
4.445685 -0.000410
4.450685 0.000141
4.455686 -0.000058
4.460687 0.000141
4.465688 0.000141
4.470689 0.000141
4.475689 0.000493
4.480690 0.000141
4.485691 0.000141
4.490692 0.000141
4.495692 0.000141
4.500693 0.000141
4.505694 0.000141
4.510695 0.000141
4.515695 0.000141
4.520696 0.000141
4.525697 0.000141
4.530698 -0.000411
4.535699 -0.000411
4.540699 -0.000411
4.545700 -0.000411
4.550701 -0.000411
4.555702 -0.000411
4.560702 -0.000411
4.565703 0.000140
4.570704 0.000140
4.575705 0.000140
4.580705 0.000140
4.585706 0.000140
4.590707 0.000140
4.595708 0.000140
4.600709 0.000140
4.605709 0.000140
4.610710 0.000140
4.615711 0.000140
4.620712 0.000140
4.625712 -0.000411
4.630713 0.000140
4.635714 -0.000411
4.640715 -0.000411
4.645715 -0.000411
4.650716 -0.000411
4.655717 0.000140
4.660718 -0.000411
4.665719 -0.000411
4.670719 -0.000411
4.675720 0.000140
4.680721 0.000140
4.685722 -0.000411
4.690722 -0.000411
4.695723 0.000140
4.700724 0.000140
4.705725 0.000140
4.710726 0.000140
4.715726 0.000140
4.720727 0.000140
4.725728 0.000140
4.730729 0.000140
4.735729 0.000140
4.740730 0.000140
4.745731 -0.000411
4.750732 -0.000411
4.755732 -0.000411
4.760733 -0.000411
4.765734 -0.000411
4.770735 -0.000411
4.775736 -0.000411
4.780736 0.000140
4.785737 -0.000411
4.790738 0.000140
4.795739 -0.000411
4.800739 0.000140
4.805740 0.000140
4.810741 0.000140
4.815742 0.000140
4.820742 0.000140
4.825743 0.000140
4.830744 0.000140
4.835745 0.000140
4.840746 0.000140
4.845746 0.000140
4.850747 0.000140
4.855748 0.000140
4.860749 0.000140
4.865749 -0.000411
4.870750 -0.000411
4.875751 -0.000411
4.880752 0.000140
4.885752 -0.000411
4.890753 -0.000411
4.895754 -0.000411
4.900755 -0.000411
4.905756 0.000492
4.910756 -0.000411
4.915757 0.000140
4.920758 0.000140
4.925759 0.000140
4.930759 0.000691
4.935760 0.000691
4.940761 0.000691
4.945762 -0.000412
4.950762 -0.000412
4.955763 -0.000764
4.960764 -0.000963
4.965765 -0.000963
4.970766 0.001594
4.975766 0.001287
4.980767 0.000338
4.985768 -0.000303
4.990769 0.000953
4.995769 0.002850
5.000770 0.000825
5.005771 -0.002988
5.010772 -0.003718
5.015772 -0.000085
5.020773 0.004413
5.025774 0.004529
5.030775 0.000806
5.035776 0.000030
5.040776 0.002978
5.045777 0.005842
5.050778 0.003292
5.055779 -0.000008
5.060779 -0.006269
5.065780 -0.009979
5.070781 -0.007031
5.075782 -0.003148
5.080783 -0.002347
5.085783 -0.002917
5.090784 -0.003033
5.095785 0.001081
5.100786 0.008085
5.105786 0.012718
5.110787 0.017313
5.115788 0.013615
5.120789 0.003407
5.125789 -0.000547
5.130790 0.000376
5.135791 -0.002616
5.140792 -0.009133
5.145793 -0.018188
5.150793 -0.016823
5.155794 -0.006339
5.160795 -0.000771
5.165796 0.003830
5.170796 0.013089
5.175797 0.016383
5.180798 0.002286
5.185799 -0.014977
5.190799 -0.019200
5.195800 -0.006487
5.200801 -0.002245
5.205802 -0.014240
5.210803 -0.018534
5.215803 -0.000713
5.220804 0.019837
5.225805 0.025232
5.230806 0.018824
5.235806 0.016165
5.240807 0.016543
5.245808 0.007066
5.250809 -0.002130
5.255809 0.000068
5.260810 -0.000509
5.265811 -0.013818
5.270812 -0.033317
5.275813 -0.039879
5.280813 -0.021981
5.285814 0.003535
5.290815 0.015409
5.295816 0.018536
5.300816 0.019241
5.305817 0.018408
5.310818 0.012641
5.315819 0.001228
5.320819 -0.010082
5.325820 -0.016945
5.330821 -0.017721
5.335822 -0.012844
5.340823 -0.003514
5.345823 0.006207
5.350824 0.014005
5.355825 0.015479
5.360826 0.009084
5.365826 0.006655
5.370827 0.016639
5.375828 0.025130
5.380829 0.016607
5.385829 -0.004219
5.390830 -0.011255
5.395831 -0.009102
5.400832 -0.014190
5.405833 -0.022443
5.410833 -0.023295
5.415834 -0.015567
5.420835 -0.006372
5.425836 -0.001573
5.430836 0.005008
5.435837 0.006809
5.440838 -0.004430
5.445839 -0.016087
5.450839 -0.016747
5.455840 -0.010224
5.460841 -0.003329
5.465842 -0.004520
5.470843 -0.007666
5.475843 0.003515
5.480844 0.019234
5.485845 0.027122
5.490846 0.029801
5.495846 0.019478
5.500847 0.004912
5.505848 -0.001662
5.510849 0.002586
5.515850 0.012922
5.520850 0.011576
5.525851 -0.004008
5.530852 -0.016151
5.535853 -0.023751
5.540853 -0.028640
5.545854 -0.019143
5.550855 0.002381
5.555856 0.016965
5.560856 0.010820
5.565857 -0.006648
5.570858 -0.012767
5.575859 0.000324
5.580860 0.011954
5.585860 0.013249
5.590861 0.009833
5.595862 0.003336
5.600863 -0.001823
5.605863 0.003617
5.610864 0.011025
5.615865 0.015793
5.620866 0.007001
5.625866 0.000888
5.630867 0.006539
5.635868 0.021322
5.640869 0.023668
5.645870 0.016036
5.650870 -0.008352
5.655871 -0.029979
5.660872 -0.028275
5.665873 -0.009551
5.670873 0.000214
5.675874 -0.000195
5.680875 -0.002502
5.685876 0.001266
5.690876 0.001964
5.695877 0.001387
5.700878 0.009173
5.705879 0.021412
5.710880 0.014581
5.715880 0.002739
5.720881 -0.004893
5.725882 -0.011832
5.730883 -0.022091
5.735883 -0.026071
5.740884 -0.017215
5.745885 0.000138
5.750886 0.009737
5.755886 0.016125
5.760887 0.016458
5.765888 0.014722
5.770889 0.008622
5.775890 -0.005681
5.780890 -0.016991
5.785891 -0.017920
5.790892 -0.006681
5.795893 0.000330
5.800893 -0.001823
5.805894 -0.005822
5.810895 0.001548
5.815896 0.012800
5.820896 0.018996
5.825897 0.025596
5.830898 0.037765
5.835899 0.040886
5.840900 0.029967
5.845900 0.007513
5.850901 -0.008674
5.855902 -0.021541
5.860903 -0.031134
5.865903 -0.037048
5.870904 -0.035574
5.875905 -0.032684
5.880906 -0.028705
5.885907 -0.013153
5.890907 0.009307
5.895908 0.021963
5.900909 0.017067
5.905910 0.005578
5.910910 0.000111
5.915911 -0.007309
5.920912 -0.021631
5.925913 -0.023335
5.930913 -0.005451
5.935914 0.011626
5.940915 0.015779
5.945916 0.017048
5.950917 0.024763
5.955917 0.032113
5.960918 0.028973
5.965919 0.022872
5.970920 0.020175
5.975920 0.013966
5.980921 0.005231
5.985922 -0.005842
5.990923 -0.022458
5.995923 -0.036068
6.000924 -0.038330
6.005925 -0.022707
6.010926 -0.004054
6.015927 0.007179
6.020927 0.012895
6.025928 0.014382
6.030929 0.004001
6.035930 -0.011218
6.040930 -0.018216
6.045931 -0.021984
6.050932 -0.029378
6.055933 -0.034441
6.060933 -0.027148
6.065934 -0.008091
6.070935 0.008678
6.075936 0.015580
6.080937 0.018489
6.085937 0.018572
6.090938 0.016784
6.095939 0.009319
6.100940 0.003841
6.105940 0.002764
6.110941 0.005186
6.115942 0.002693
6.120943 -0.006912
6.125943 -0.016428
6.130944 -0.017684
6.135945 -0.010129
6.140946 0.003443
6.145947 0.017592
6.150947 0.023500
6.155948 0.015016
6.160949 0.004129
6.165950 -0.000985
6.170950 -0.004733
6.175951 -0.014698
6.180952 -0.021311
6.185953 -0.019703
6.190953 -0.011878
6.195954 0.003706
6.200955 0.020085
6.205956 0.030555
6.210957 0.027402
6.215957 0.020456
6.220958 0.016047
6.225959 0.017175
6.230960 0.014644
6.235960 0.005827
6.240961 -0.001914
6.245962 -0.004715
6.250963 -0.008438
6.255963 -0.012340
6.260964 -0.012347
6.265965 -0.006490
6.270966 0.002283
6.275967 0.009915
6.280967 0.009832
6.285968 0.000950
6.290969 -0.009277
6.295970 -0.010642
6.300970 -0.006054
6.305971 -0.003119
6.310972 -0.002722
6.315973 -0.003119
6.320974 -0.000671
6.325974 0.005923
6.330975 0.013529
6.335976 0.015048
6.340977 0.010812
6.345977 0.004353
6.350978 -0.001620
6.355979 -0.007220
6.360980 -0.012603
6.365980 -0.016794
6.370981 -0.017915
6.375982 -0.014846
6.380983 -0.006599
6.385984 0.007704
6.390984 0.022397
6.395985 0.029728
6.400986 0.028049
6.405987 0.024614
6.410987 0.022814
6.415988 0.016822
6.420989 0.007608
6.425990 0.000969
6.430990 0.001142
6.435991 0.001276
6.440992 -0.004491
6.445993 -0.012462
6.450994 -0.018434
6.455994 -0.018351
6.460995 -0.014519
6.465996 -0.011033
6.470997 -0.014532
6.475997 -0.024624
6.480998 -0.035537
6.485999 -0.043938
6.491000 -0.048898
6.496000 -0.054319
6.501001 -0.054364
6.506002 -0.044118
6.511003 -0.026707
6.516004 -0.007048
6.521004 0.010606
6.526005 0.024665
6.531006 0.030016
6.536007 0.028337
6.541007 0.026376
6.546008 0.026203
6.551009 0.024486
6.556010 0.019084
6.561010 0.010331
6.566011 0.001206
6.571012 -0.006792
6.576013 -0.013642
6.581014 -0.018070
6.586014 -0.017563
6.591015 -0.013091
6.596016 -0.006125
6.601017 0.000821
6.606017 0.007261
6.611018 0.009754
6.616019 0.007152
6.621020 0.001904
6.626020 -0.002793
6.631021 -0.004184
6.636022 -0.002268
6.641023 0.001590
6.646024 0.006486
6.651024 0.011138
6.656025 0.014861
6.661026 0.016687
6.666027 0.015937
6.671027 0.015367
6.676028 0.017155
6.681029 0.024428
6.686030 0.035424
6.691030 0.043203
6.696031 0.044549
6.701032 0.041576
6.706033 0.035757
6.711034 0.030355
6.716034 0.023652
6.721035 0.012874
6.726036 -0.000570
6.731037 -0.011502
6.736037 -0.017961
6.741038 -0.022658
6.746039 -0.026804
6.751040 -0.031104
6.756041 -0.030995
6.761041 -0.026984
6.766042 -0.020281
6.771043 -0.010380
6.776044 0.003973
6.781044 0.020224
6.786045 0.035571
6.791046 0.047875
6.796047 0.056032
6.801047 0.058743
6.806048 0.054795
6.811049 0.047298
6.816050 0.039756
6.821051 0.030009
6.826051 0.018212
6.831052 0.006921
6.836053 -0.002012
6.841054 -0.010349
6.846054 -0.020800
6.851055 -0.032354
6.856056 -0.040095
6.861057 -0.042921
6.866057 -0.038077
6.871058 -0.025209
6.876059 -0.006460
6.881060 0.014116
6.886061 0.030591
6.891061 0.040786
6.896062 0.048296
6.901063 0.052128
6.906064 0.051045
6.911064 0.040285
6.916065 0.018377
6.921066 -0.015099
6.926067 -0.055469
6.931067 -0.099209
6.936068 -0.140592
6.941069 -0.177809
6.946070 -0.206254
6.951071 -0.219602
6.956071 -0.219397
6.961072 -0.211502
6.966073 -0.202441
6.971074 -0.194463
6.976074 -0.191426
6.981075 -0.194079
6.986076 -0.198917
6.991077 -0.198469
6.996077 -0.186717
7.001078 -0.161656
7.006079 -0.125291
7.011080 -0.079827
7.016081 -0.029826
7.021081 0.021143
7.026082 0.068651
7.031083 0.115480
7.036084 0.165666
7.041084 0.218993
7.046085 0.272948
7.051086 0.323149
7.056087 0.357765
7.061087 0.362169
7.066088 0.331553
7.071089 0.271332
7.076090 0.182558
7.081091 0.070004
7.086091 -0.047298
7.091092 -0.141020
7.096093 -0.197678
7.101094 -0.226238
7.106094 -0.244059
7.111095 -0.257394
7.116096 -0.264943
7.121097 -0.266218
7.126098 -0.257625
7.131098 -0.227130
7.136099 -0.167306
7.141100 -0.082408
7.146101 0.010616
7.151101 0.093406
7.156102 0.158074
7.161103 0.207491
7.166104 0.239658
7.171104 0.253127
7.176105 0.251845
7.181106 0.234909
7.186107 0.208066
7.191108 0.179070
7.196108 0.155630
7.201109 0.143096
7.206110 0.138668
7.211111 0.134060
7.216111 0.125551
7.221112 0.107012
7.226113 0.075825
7.231114 0.028925
7.236114 -0.031329
7.241115 -0.090347
7.246116 -0.130736
7.251117 -0.139207
7.256118 -0.115363
7.261118 -0.070686
7.266119 -0.021203
7.271120 0.023736
7.276121 0.057212
7.281121 0.078230
7.286122 0.088816
7.291123 0.092539
7.296124 0.092020
7.301124 0.094243
7.306125 0.097735
7.311126 0.099259
7.316127 0.094017
7.321128 0.080534
7.326128 0.056984
7.331129 0.026674
7.336130 0.003002
7.341131 -0.006648
7.346131 -0.001971
7.351132 0.011351
7.356133 0.026224
7.361134 0.035464
7.366134 0.038585
7.371135 0.035163
7.376136 0.027577
7.381137 0.021355
7.386138 0.016760
7.391138 0.008988
7.396139 -0.008929
7.401140 -0.034894
7.406141 -0.060840
7.411141 -0.081672
7.416142 -0.095956
7.421143 -0.103889
7.426144 -0.105010
7.431144 -0.098218
7.436145 -0.081704
7.441146 -0.058821
7.446147 -0.040020
7.451148 -0.033061
7.456148 -0.037105
7.461149 -0.051664
7.466150 -0.076098
7.471151 -0.106748
7.476151 -0.143568
7.481152 -0.183163
7.486153 -0.225860
7.491154 -0.265614
7.496154 -0.297622
7.501155 -0.318159
7.506156 -0.317838
7.511157 -0.287932
7.516158 -0.226786
7.521158 -0.138060
7.526159 -0.032712
7.531160 0.073360
7.536161 0.160401
7.541161 0.216702
7.546162 0.239200
7.551163 0.237002
7.556164 0.218708
7.561165 0.194985
7.566165 0.170551
7.571166 0.148226
7.576167 0.123445
7.581168 0.094603
7.586168 0.061171
7.591169 0.026683
7.596170 -0.003217
7.601171 -0.028728
7.606171 -0.053265
7.611172 -0.077993
7.616173 -0.100575
7.621174 -0.120017
7.626175 -0.134601
7.631175 -0.143098
7.636176 -0.144739
7.641177 -0.134697
7.646178 -0.109776
7.651178 -0.069624
7.656179 -0.010253
7.661180 0.068904
7.666181 0.164652
7.671181 0.268769
7.676182 0.366753
7.681183 0.444853
7.686184 0.495688
7.691185 0.518000
7.696185 0.513399
7.701186 0.481839
7.706187 0.427730
7.711188 0.357927
7.716188 0.276623
7.721189 0.193735
7.726190 0.114225
7.731191 0.041110
7.736191 -0.022899
7.741192 -0.073990
7.746193 -0.110798
7.751194 -0.135174
7.756195 -0.148662
7.761195 -0.151616
7.766196 -0.144895
7.771197 -0.132508
7.776198 -0.117962
7.781198 -0.105268
7.786199 -0.098040
7.791200 -0.094932
7.796201 -0.097354
7.801201 -0.103807
7.806202 -0.113982
7.811203 -0.128189
7.816204 -0.143472
7.821205 -0.156415
7.826205 -0.164752
7.831206 -0.166565
7.836207 -0.161394
7.841208 -0.149481
7.846208 -0.135037
7.851209 -0.121875
7.856210 -0.110655
7.861211 -0.101530
7.866211 -0.092450
7.871212 -0.080108
7.876213 -0.061794
7.881214 -0.041718
7.886215 -0.020232
7.891215 0.000459
7.896216 0.017338
7.901217 0.028045
7.906218 0.033178
7.911218 0.031371
7.916219 0.026437
7.921220 0.017933
7.926221 0.008527
7.931222 -0.000528
7.936222 -0.010178
7.941223 -0.020226
7.946224 -0.030472
7.951225 -0.040718
7.956225 -0.050061
7.961226 -0.058654
7.966227 -0.065152
7.971228 -0.069112
7.976228 -0.070028
7.981229 -0.069246
7.986230 -0.066061
7.991231 -0.060871
7.996232 -0.054975
8.001232 -0.050028
8.006233 -0.045017
8.011234 -0.037872
8.016235 -0.024428
8.021235 -0.003782
8.026236 0.020453
8.031237 0.045367
8.036238 0.067545
8.041238 0.081962
8.046239 0.089523
8.051240 0.091529
8.056241 0.089830
8.061242 0.083858
8.066242 0.075046
8.071243 0.066440
8.076244 0.060904
8.081245 0.059295
8.086245 0.060820
8.091246 0.061865
8.096247 0.060071
8.101248 0.055791
8.106248 0.050588
8.111249 0.044481
8.116250 0.036677
8.121251 0.027437
8.126252 0.018017
8.131252 0.009476
8.136253 -0.000437
8.141254 -0.011523
8.146255 -0.021270
8.151255 -0.027825
8.156256 -0.028082
8.161257 -0.022148
8.166258 -0.011037
8.171258 0.002278
8.176259 0.014626
8.181260 0.024750
8.186261 0.032651
8.191262 0.041436
8.196262 0.050600
8.201263 0.058379
8.206264 0.062967
8.211265 0.064165
8.216265 0.059526
8.221266 0.050613
8.226267 0.037534
8.231268 0.023860
8.236268 0.010737
8.241269 -0.001131
8.246270 -0.011434
8.251271 -0.020572
8.256272 -0.029646
8.261272 -0.038457
8.266273 -0.046300
8.271274 -0.053727
8.276275 -0.059084
8.281275 -0.063230
8.286276 -0.065767
8.291277 -0.066146
8.296278 -0.066569
8.301278 -0.069241
8.306279 -0.073810
8.311280 -0.077123
8.316281 -0.076777
8.321282 -0.072618
8.326282 -0.065948
8.331283 -0.058021
8.336284 -0.051152
8.341285 -0.046596
8.346285 -0.045763
8.351286 -0.045545
8.356287 -0.043892
8.361288 -0.040848
8.366289 -0.036106
8.371289 -0.031916
8.376290 -0.029179
8.381291 -0.029750
8.386292 -0.032415
8.391292 -0.037023
8.396293 -0.041367
8.401294 -0.042495
8.406295 -0.040317
8.411295 -0.035491
8.416296 -0.029519
8.421297 -0.023855
8.426298 -0.019600
8.431299 -0.017062
8.436299 -0.015338
8.441300 -0.013371
8.446301 -0.007789
8.451302 -0.001747
8.456302 0.006718
8.461303 0.013991
8.466304 0.020822
8.471305 0.025711
8.476305 0.028704
8.481306 0.031299
8.486307 0.034048
8.491308 0.036047
8.496309 0.035182
8.501309 0.032952
8.506310 0.027902
8.511311 0.022391
8.516312 0.019726
8.521312 0.022507
8.526313 0.030030
8.531314 0.040642
8.536315 0.052291
8.541315 0.063083
8.546316 0.072374
8.551317 0.079571
8.556318 0.084473
8.561319 0.087389
8.566319 0.087216
8.571320 0.084307
8.576321 0.077604
8.581322 0.069510
8.586322 0.062231
8.591323 0.058873
8.596324 0.058930
8.601325 0.061346
8.606325 0.065659
8.611326 0.068805
8.616327 0.069375
8.621328 0.065915
8.626329 0.060141
8.631329 0.054214
8.636330 0.050292
8.641331 0.047626
8.646332 0.044365
8.651332 0.037841
8.656333 0.027505
8.661334 0.013004
8.666335 -0.003657
8.671335 -0.021573
8.676336 -0.038939
8.681337 -0.054651
8.686338 -0.069415
8.691339 -0.081424
8.696339 -0.089068
8.701340 -0.092349
8.706341 -0.093669
8.711342 -0.092676
8.716342 -0.091529
8.721343 -0.090074
8.726344 -0.088312
8.731345 -0.085691
8.736346 -0.083115
8.741346 -0.079130
8.746347 -0.071927
8.751348 -0.062213
8.756349 -0.051044
8.761349 -0.039125
8.766350 -0.028264
8.771351 -0.019408
8.776352 -0.013109
8.781352 -0.008816
8.786353 -0.007079
8.791354 -0.005497
8.796355 -0.004817
8.801356 -0.004292
8.806356 -0.002818
8.811357 -0.001453
8.816358 0.001654
8.821359 0.006505
8.826359 0.013054
8.831360 0.020398
8.836361 0.028139
8.841362 0.034822
8.846362 0.040051
8.851363 0.043826
8.856364 0.045748
8.861365 0.046370
8.866366 0.046440
8.871366 0.046159
8.876367 0.045922
8.881368 0.043724
8.886369 0.039366
8.891369 0.033554
8.896370 0.025891
8.901371 0.016881
8.906372 0.007936
8.911372 0.001918
8.916373 -0.000972
8.921374 -0.001439
8.926375 0.000912
8.931376 0.004366
8.936376 0.008525
8.941377 0.012331
8.946378 0.015938
8.951379 0.019347
8.956379 0.022602
8.961380 0.025749
8.966381 0.028433
8.971382 0.029049
8.976382 0.027946
8.981383 0.023826
8.986384 0.017591
8.991385 0.008844
8.996386 -0.001159
9.001386 -0.011514
9.006387 -0.020216
9.011388 -0.025457
9.016389 -0.026688
9.021389 -0.024060
9.026390 -0.019780
9.031391 -0.014596
9.036392 -0.007803
9.041392 -0.001805
9.046393 0.005756
9.051394 0.011972
9.056395 0.017944
9.061396 0.020764
9.066396 0.019572
9.071397 0.013311
9.076398 0.001277
9.081399 -0.012917
9.086399 -0.028168
9.091400 -0.040862
9.096401 -0.050846
9.101402 -0.057061
9.106402 -0.058804
9.111403 -0.058234
9.116404 -0.054998
9.121405 -0.049404
9.126406 -0.042554
9.131406 -0.035704
9.136407 -0.031565
9.141408 -0.028681
9.146409 -0.026502
9.151409 -0.023773
9.156410 -0.020646
9.161411 -0.017871
9.166412 -0.014103
9.171413 -0.009541
9.176413 -0.004184
9.181414 0.000821
9.186415 0.004525
9.191416 0.006530
9.196416 0.005383
9.201417 0.001833
9.206418 -0.004472
9.211419 -0.012828
9.216419 -0.022684
9.221420 -0.032385
9.226421 -0.039729
9.231422 -0.043811
9.236423 -0.044433
9.241423 -0.040492
9.246424 -0.032892
9.251425 -0.022338
9.256426 -0.009734
9.261426 0.002915
9.266427 0.013251
9.271428 0.021274
9.276429 0.024626
9.281429 0.024760
9.286430 0.021479
9.291431 0.015885
9.296432 0.009785
9.301433 0.004082
9.306433 0.000782
9.311434 0.000192
9.316435 0.001961
9.321436 0.005338
9.326436 0.009773
9.331437 0.013457
9.336438 0.016591
9.341439 0.019571
9.346439 0.022198
9.351440 0.024120
9.356441 0.026748
9.361442 0.029926
9.366443 0.033611
9.371443 0.038705
9.376444 0.043556
9.381445 0.047260
9.386446 0.050720
9.391446 0.053187
9.396447 0.056160
9.401448 0.058935
9.406449 0.061511
9.411449 0.064087
9.416450 0.067214
9.421451 0.069591
9.426452 0.070315
9.431453 0.069386
9.436453 0.064996
9.441454 0.058954
9.446455 0.050905
9.451456 0.042107
9.456456 0.033309
9.461457 0.024754
9.466458 0.016795
9.471459 0.008177
9.476459 -0.001256
9.481460 -0.009894
9.486461 -0.017737
9.491462 -0.023530
9.496463 -0.026567
9.501463 -0.027753
9.506464 -0.028541
9.511465 -0.028579
9.516466 -0.028816
9.521466 -0.027842
9.526467 -0.026804
9.531468 -0.024401
9.536469 -0.021184
9.541470 -0.016910
9.546470 -0.013232
9.551471 -0.010656
9.556472 -0.010086
9.561473 -0.011521
9.566473 -0.015116
9.571474 -0.020121
9.576475 -0.026337
9.581476 -0.033411
9.586476 -0.039185
9.591477 -0.043305
9.596478 -0.046169
9.601479 -0.046169
9.606480 -0.044606
9.611480 -0.040729
9.616481 -0.036698
9.621482 -0.031963
9.626483 -0.027228
9.631483 -0.024805
9.636484 -0.023441
9.641485 -0.023287
9.646486 -0.023088
9.651486 -0.022492
9.656487 -0.020794
9.661488 -0.017641
9.666489 -0.014335
9.671490 -0.009926
9.676490 -0.006421
9.681491 -0.003070
9.686492 -0.000974
9.691493 -0.000289
9.696493 0.001147
9.701494 0.002980
9.706495 0.004614
9.711496 0.007151
9.716496 0.010592
9.721497 0.012028
9.726498 0.012515
9.731499 0.010048
9.736500 0.006235
9.741500 0.000372
9.746501 -0.005889
9.751502 -0.011445
9.756503 -0.016648
9.761503 -0.020749
9.766504 -0.023947
9.771505 -0.026747
9.776506 -0.027894
9.781506 -0.027343
9.786507 -0.024741
9.791508 -0.020794
9.796509 -0.014642
9.801510 -0.008138
9.806510 -0.000929
9.811511 0.004934
9.816512 0.009849
9.821513 0.011259
9.826513 0.010067
9.831514 0.005568
9.836515 0.000121
9.841516 -0.007530
9.846516 -0.015380
9.851517 -0.022525
9.856518 -0.028215
9.861519 -0.031701
9.866520 -0.033335
9.871520 -0.032919
9.876521 -0.031156
9.881522 -0.028798
9.886523 -0.026197
9.891523 -0.022647
9.896524 -0.019250
9.901525 -0.015104
9.906526 -0.011663
9.911526 -0.008773
9.916527 -0.006281
9.921528 -0.002929
9.926529 -0.000372
9.931530 0.004100
9.936530 0.011040
9.941531 0.020095
9.946532 0.031417
9.951533 0.043951
9.956533 0.056286
9.961534 0.068622
9.966535 0.078445
9.971536 0.085647
9.976537 0.089281
9.981537 0.090447
9.986538 0.088595
9.991539 0.084782
9.996540 0.079009
10.001540 0.072178
10.006541 0.065193
10.011542 0.058055
10.016543 0.052217
10.021543 0.046732
10.026544 0.042349
10.031545 0.038318
10.036546 0.034839
10.041547 0.032263
10.046547 0.029334
10.051548 0.026758
10.056549 0.023279
10.061550 0.018896
10.066550 0.013609
10.071551 0.006516
10.076552 -0.001834
10.081553 -0.010888
10.086553 -0.021000
10.091554 -0.031817
10.096555 -0.040627
10.101556 -0.047984
10.106557 -0.053181
10.111557 -0.054609
10.116558 -0.053219
10.121559 -0.049912
10.126560 -0.044889
10.131560 -0.037949
10.136561 -0.029997
10.141562 -0.021186
10.146563 -0.012067
10.151563 -0.002443
10.156564 0.006631
10.161565 0.015153
10.166566 0.023874
10.171567 0.030635
10.176567 0.036735
10.181568 0.040368
10.186569 0.042284
10.191570 0.040676
10.196570 0.036049
10.201571 0.028956
10.206572 0.019703
10.211573 0.008841
10.216573 -0.003827
10.221574 -0.017399
10.226575 -0.032272
10.231576 -0.046241
10.236577 -0.058955
10.241577 -0.068958
10.246578 -0.075744
10.251579 -0.078012
10.256580 -0.075917
10.261580 -0.069656
10.266581 -0.059935
10.271582 -0.049311
10.276583 -0.039039
10.281583 -0.031323
10.286584 -0.025966
10.291585 -0.024774
10.296586 -0.026844
10.301587 -0.030170
10.306587 -0.034245
10.311588 -0.037968
10.316589 -0.041185
10.321590 -0.041890
10.326590 -0.039929
10.331591 -0.035655
10.336592 -0.029773
10.341593 -0.022833
10.346593 -0.015188
10.351594 -0.006288
10.356595 0.001863
10.361596 0.011469
10.366597 0.021074
10.371597 0.030878
10.376598 0.041784
10.381599 0.051787
10.386600 0.059983
10.391600 0.066968
10.396601 0.073094
10.401602 0.076708
10.406603 0.078207
10.411604 0.077746
10.416604 0.075676
10.421605 0.074004
10.426606 0.071780
10.431607 0.070108
10.436607 0.068038
10.441608 0.066122
10.446609 0.063059
10.451610 0.058298
10.456610 0.054395
10.461611 0.048795
10.466612 0.043899
10.471613 0.039708
10.476614 0.035318
10.481614 0.031281
10.486615 0.028346
10.491616 0.025963
10.496617 0.023579
10.501617 0.020490
10.506618 0.016850
10.511619 0.011954
10.516620 0.005450
10.521620 -0.004315
10.526621 -0.016042
10.531622 -0.029730
10.536623 -0.044827
10.541624 -0.059725
10.546624 -0.073323
10.551625 -0.084563
10.556626 -0.093245
10.561627 -0.097917
10.566627 -0.099679
10.571628 -0.097231
10.576629 -0.091874
10.581630 -0.083761
10.586630 -0.073996
10.591631 -0.062775
10.596632 -0.050805
10.601633 -0.039937
10.606634 -0.029467
10.611634 -0.019393
10.616635 -0.010819
10.621636 -0.002444
10.626637 0.004630
10.631637 0.011352
10.636638 0.017523
10.641639 0.022239
10.646640 0.024597
10.651640 0.025148
10.656641 0.024245
10.661642 0.020829
10.666643 0.016863
10.671644 0.013294
10.676644 0.009724
10.681645 0.008161
10.686646 0.006950
10.691647 0.007193
10.696647 0.008539
10.701648 0.010237
10.706649 0.012486
10.711650 0.015088
10.716650 0.017337
10.721651 0.019035
10.726652 0.019080
10.731653 0.018023
10.736654 0.014761
10.741654 0.009295
10.746655 0.002528
10.751656 -0.004790
10.756657 -0.011556
10.761657 -0.017022
10.766658 -0.021540
10.771659 -0.023104
10.776660 -0.023719
10.781661 -0.022437
10.786661 -0.020957
10.791662 -0.019983
10.796663 -0.019714
10.801664 -0.019246
10.806664 -0.020232
10.811665 -0.020316
10.816666 -0.019694
10.821667 -0.019470
10.826667 -0.017836
10.831668 -0.015849
10.836669 -0.013356
10.841670 -0.011261
10.846671 -0.009012
10.851671 -0.006609
10.856672 -0.004052
10.861673 -0.000790
10.866674 0.002824
10.871674 0.008046
10.876675 0.012519
10.881676 0.018600
10.886677 0.022829
10.891677 0.027014
10.896678 0.029346
10.901679 0.029826
10.906680 0.029160
10.911681 0.026994
10.916681 0.022976
10.921682 0.018208
10.926683 0.012140
10.931684 0.006975
10.936684 0.001457
10.941685 -0.002407
10.946686 -0.004771
10.951687 -0.005636
10.956687 -0.005002
10.961688 -0.002119
10.966689 0.000457
10.971690 0.003629
10.976691 0.006141
10.981691 0.007794
10.986692 0.008038
10.991693 0.007775
10.996694 0.007910
11.001694 0.007339
11.006695 0.008775
11.011696 0.011114
11.016697 0.015811
11.021697 0.022116
11.026698 0.029479
11.031699 0.037547
11.036700 0.045922
11.041701 0.054451
11.046701 0.062032
11.051702 0.068311
11.056703 0.072938
11.061704 0.074456
11.066704 0.073066
11.071705 0.068766
11.076706 0.060852
11.081707 0.051330
11.086707 0.039494
11.091708 0.027505
11.096709 0.014458
11.101710 0.001655
11.106711 -0.011302
11.111711 -0.023111
11.116712 -0.033620
11.121713 -0.043181
11.126714 -0.050185
11.131714 -0.055888
11.136715 -0.059585
11.141716 -0.062180
11.146717 -0.063872
11.151717 -0.064109
11.156718 -0.063442
11.161719 -0.062975
11.166720 -0.061802
11.171721 -0.059572
11.176721 -0.058643
11.181722 -0.057053
11.186723 -0.055355
11.191724 -0.053702
11.196724 -0.051389
11.201725 -0.048416
11.206726 -0.044936
11.211727 -0.040598
11.216728 -0.035555
11.221728 -0.029256
11.226729 -0.022054
11.231730 -0.014300
11.236731 -0.006348
11.241731 0.001803
11.246732 0.009448
11.251733 0.015836
11.256734 0.021014
11.261734 0.024231
11.266735 0.025134
11.271736 0.024276
11.276737 0.021655
11.281738 0.016721
11.286738 0.010729
11.291739 0.004033
11.296740 -0.003170
11.301741 -0.010372
11.306741 -0.016120
11.311742 -0.021515
11.316743 -0.025501
11.321744 -0.027923
11.326744 -0.029685
11.331745 -0.030083
11.336746 -0.029820
11.341747 -0.029602
11.346748 -0.028878
11.351748 -0.027449
11.356749 -0.024412
11.361750 -0.019766
11.366751 -0.014217
11.371751 -0.006111
11.376752 0.003097
11.381753 0.014157
11.386754 0.025416
11.391754 0.036719
11.396755 0.048773
11.401756 0.059416
11.406757 0.069201
11.411758 0.077025
11.416758 0.081434
11.421759 0.083331
11.426760 0.081614
11.431761 0.076436
11.436761 0.067997
11.441762 0.057904
11.446763 0.044550
11.451764 0.030292
11.456764 0.014580
11.461765 -0.000780
11.466766 -0.015787
11.471767 -0.028635
11.476768 -0.040426
11.481768 -0.049352
11.486769 -0.056119
11.491770 -0.060175
11.496771 -0.061874
11.501771 -0.061214
11.506772 -0.057446
11.511773 -0.052928
11.516774 -0.045854
11.521774 -0.036928
11.526775 -0.025797
11.531776 -0.014820
11.536777 -0.003446
11.541778 0.005570
11.546778 0.012978
11.551779 0.018380
11.556780 0.020520
11.561781 0.021007
11.566781 0.019091
11.571782 0.015522
11.576783 0.011203
11.581784 0.006839
11.586785 0.002981
11.591785 -0.001273
11.596786 -0.004471
11.601787 -0.007316
11.606788 -0.009809
11.611788 -0.012302
11.616789 -0.014596
11.621790 -0.015833
11.626791 -0.017422
11.631791 -0.017204
11.636792 -0.016435
11.641793 -0.014212
11.646794 -0.010534
11.651795 -0.006106
11.656795 0.000129
11.661796 0.006563
11.666797 0.013547
11.671798 0.020180
11.676798 0.026613
11.681799 0.032893
11.686800 0.038071
11.691801 0.042543
11.696801 0.045010
11.701802 0.046420
11.706803 0.046926
11.711804 0.046176
11.716805 0.044722
11.721805 0.042915
11.726806 0.040403
11.731807 0.037538
11.736808 0.034322
11.741808 0.031855
11.746809 0.028484
11.751810 0.025863
11.756811 0.023242
11.761811 0.019366
11.766812 0.016040
11.771813 0.012009
11.776814 0.008882
11.781815 0.005050
11.786815 0.001923
11.791816 -0.001005
11.796817 -0.003934
11.801818 -0.006862
11.806818 -0.009438
11.811819 -0.011815
11.816820 -0.014193
11.821821 -0.016570
11.826821 -0.017999
11.831822 -0.018524
11.836823 -0.017947
11.841824 -0.016820
11.846825 -0.014634
11.851825 -0.012295
11.856826 -0.009450
11.861827 -0.007598
11.866828 -0.006342
11.871828 -0.005330
11.876829 -0.005663
11.881830 -0.006746
11.886831 -0.008932
11.891831 -0.011315
11.896832 -0.014404
11.901833 -0.018550
11.906834 -0.022145
11.911835 -0.025894
11.916835 -0.028694
11.921836 -0.030745
11.926837 -0.031494
11.931838 -0.030789
11.936838 -0.028982
11.941839 -0.026073
11.946840 -0.022812
11.951841 -0.018646
11.956841 -0.015231
11.961842 -0.012918
11.966843 -0.011002
11.971844 -0.011290
11.976845 -0.011777
11.981845 -0.013367
11.986846 -0.015154
11.991847 -0.016744
11.996848 -0.018134
12.001848 -0.018423
12.006849 -0.018314
12.011850 -0.017808
12.016851 -0.015449
12.021852 -0.013444
12.026852 -0.010336
12.031853 -0.006126
12.036854 -0.000814
12.041855 0.003948
12.046855 0.009612
12.051856 0.014726
12.056857 0.019993
12.061858 0.024511
12.066858 0.027375
12.071859 0.030393
12.076860 0.032309
12.081861 0.033321
12.086862 0.034885
12.091862 0.036647
12.096863 0.038256
12.101864 0.041363
12.106865 0.044317
12.111865 0.048021
12.116866 0.052122
12.121867 0.055519
12.126868 0.058562
12.131868 0.061254
12.136869 0.062689
12.141870 0.063221
12.146871 0.062452
12.151872 0.060229
12.156872 0.056506
12.161873 0.051482
12.166874 0.044959
12.171875 0.036583
12.176875 0.027811
12.181876 0.017033
12.186877 0.005703
12.191878 -0.007081
12.196878 -0.020217
12.201879 -0.033706
12.206880 -0.046644
12.211881 -0.058678
12.216882 -0.068508
12.221882 -0.076684
12.226883 -0.082855
12.231884 -0.087020
12.236885 -0.090083
12.241885 -0.091141
12.246886 -0.092198
12.251887 -0.091448
12.256888 -0.090698
12.261888 -0.089244
12.266889 -0.086732
12.271890 -0.083515
12.276891 -0.078491
12.281892 -0.071859
12.286892 -0.063420
12.291893 -0.053526
12.296894 -0.042729
12.301895 -0.031380
12.306895 -0.020935
12.311896 -0.011041
12.316897 -0.002404
12.321898 0.003876
12.326898 0.008701
12.331899 0.011367
12.336900 0.013129
12.341901 0.012931
12.346902 0.012777
12.351902 0.011213
12.356903 0.010598
12.361904 0.008772
12.366905 0.008599
12.371905 0.008272
12.376906 0.008497
12.381907 0.009624
12.386908 0.012207
12.391909 0.015296
12.396909 0.018890
12.401910 0.022287
12.406911 0.026542
12.411912 0.030201
12.416912 0.033661
12.421913 0.036724
12.426914 0.038685
12.431915 0.040248
12.436915 0.040709
12.441916 0.040069
12.446917 0.039229
12.451918 0.038390
12.456919 0.036999
12.461919 0.035256
12.466920 0.033161
12.471921 0.031616
12.476922 0.030271
12.481922 0.028572
12.486923 0.026522
12.491924 0.024471
12.496925 0.022972
12.501925 0.021120
12.506926 0.018364
12.511927 0.015256
12.516928 0.011995
12.521929 0.007830
12.526929 0.003158
12.531930 -0.001513
12.536931 -0.004884
12.541932 -0.008056
12.546932 -0.010677
12.551933 -0.012548
12.556934 -0.013515
12.561935 -0.013932
12.566935 -0.014547
12.571936 -0.015008
12.576937 -0.015470
12.581938 -0.015425
12.586939 -0.014675
12.591939 -0.014323
12.596940 -0.013618
12.601941 -0.011657
12.606942 -0.010247
12.611942 -0.008485
12.616943 -0.006524
12.621944 -0.004012
12.626945 -0.001302
12.631945 0.000505
12.636946 0.002312
12.641947 0.003767
12.646948 0.005375
12.651949 0.006785
12.656949 0.007996
12.661950 0.009560
12.666951 0.011476
12.671952 0.013193
12.676952 0.014910
12.681953 0.016076
12.686954 0.016691
12.691955 0.017659
12.696955 0.017371
12.701956 0.016531
12.706957 0.015692
12.711958 0.014147
12.716959 0.012052
12.721959 0.008899
12.726960 0.005195
12.731961 0.000434
12.736962 -0.005231
12.741962 -0.009992
12.746963 -0.016009
12.751964 -0.021475
12.756965 -0.025288
12.761965 -0.028549
12.766966 -0.029805
12.771967 -0.030158
12.776968 -0.028658
12.781969 -0.025704
12.786969 -0.022551
12.791970 -0.019200
12.796971 -0.014746
12.801972 -0.009191
12.806972 -0.004538
12.811973 -0.000040
12.816974 0.005009
12.821975 0.009508
12.826976 0.013654
12.831976 0.016698
12.836977 0.019543
12.841978 0.022189
12.846979 0.022984
12.851979 0.024483
12.856980 0.024682
12.861981 0.024682
12.866982 0.023029
12.871982 0.020824
12.876983 0.018421
12.881984 0.015467
12.886985 0.012161
12.891986 0.008303
12.896986 0.004644
12.901987 0.000985
12.906988 -0.002674
12.911989 -0.005583
12.916989 -0.008845
12.921990 -0.011754
12.926991 -0.015016
12.931992 -0.017021
12.936992 -0.019027
12.941993 -0.021231
12.946994 -0.023083
12.951995 -0.024230
12.956996 -0.025025
12.961996 -0.025820
12.966997 -0.025358
12.971998 -0.024192
12.976999 -0.022475
12.981999 -0.019854
12.987000 -0.017034
12.992001 -0.013664
12.997002 -0.009544
13.002002 -0.006128
13.007003 -0.001611
13.012004 0.002952
13.017005 0.008110
13.022006 0.012916
13.027006 0.017921
13.032007 0.023124
13.037008 0.027424
13.042009 0.031173
13.047009 0.033467
13.052010 0.034659
13.057011 0.033845
13.062012 0.031378
13.067012 0.027456
13.072013 0.022234
13.077014 0.016812
13.082015 0.010488
13.087016 0.004868
13.092016 -0.001303
13.097017 -0.006218
13.102018 -0.009524
13.107019 -0.012478
13.112019 -0.014375
13.117020 -0.014817
13.122021 -0.015458
13.127022 -0.015196
13.132022 -0.014228
13.137023 -0.013260
13.142024 -0.013196
13.147025 -0.013485
13.152026 -0.013575
13.157026 -0.014369
13.162027 -0.015670
13.167028 -0.016772
13.172029 -0.018381
13.177029 -0.019989
13.182030 -0.021751
13.187031 -0.022610
13.192032 -0.023821
13.197033 -0.025032
13.202033 -0.024987
13.207034 -0.024744
13.212035 -0.024699
13.217036 -0.023001
13.222036 -0.021303
13.227037 -0.019406
13.232038 -0.015856
13.237039 -0.012107
13.242039 -0.006904
13.247040 -0.002405
13.252041 0.002997
13.257042 0.009302
13.262043 0.015607
13.267043 0.021714
13.272044 0.027071
13.277045 0.032582
13.282046 0.038247
13.287046 0.042963
13.292047 0.047833
13.297048 0.051402
13.302049 0.054023
13.307049 0.055894
13.312050 0.057567
13.317051 0.056682
13.322052 0.054894
13.327053 0.051851
13.332053 0.046801
13.337054 0.041047
13.342055 0.034786
13.347056 0.027071
13.352056 0.018849
13.357057 0.010827
13.362058 0.003355
13.367059 -0.004117
13.372059 -0.010486
13.377060 -0.015600
13.382061 -0.019810
13.387062 -0.022764
13.392063 -0.024815
13.397063 -0.025609
13.402064 -0.025500
13.407065 -0.025392
13.412066 -0.024379
13.417066 -0.022111
13.422067 -0.020746
13.427068 -0.019381
13.432069 -0.017465
13.437069 -0.015350
13.442070 -0.013037
13.447071 -0.011076
13.452072 -0.008917
13.457073 -0.007815
13.462073 -0.007417
13.467074 -0.006469
13.472075 -0.005873
13.477076 -0.005982
13.482076 -0.005540
13.487077 -0.005098
13.492078 -0.003355
13.497079 -0.001964
13.502079 -0.000023
13.507080 0.001765
13.512081 0.003201
13.517082 0.003733
13.522083 0.003361
13.527083 0.002637
13.532084 0.001163
13.537085 -0.001214
13.542086 -0.004341
13.547086 -0.007667
13.552087 -0.010839
13.557088 -0.013857
13.562089 -0.016170
13.567089 -0.017977
13.572090 -0.019080
13.577091 -0.019477
13.582092 -0.019720
13.587093 -0.019259
13.592093 -0.019349
13.597094 -0.017984
13.602095 -0.016818
13.607096 -0.014748
13.612096 -0.013229
13.617097 -0.011160
13.622098 -0.008738
13.627099 -0.006315
13.632100 -0.004246
13.637100 -0.002176
13.642101 0.000445
13.647102 0.001810
13.652103 0.003726
13.657103 0.005289
13.662104 0.007404
13.667105 0.009916
13.672106 0.011172
13.677106 0.013530
13.682107 0.015183
13.687108 0.016484
13.692109 0.016881
13.697110 0.016926
13.702110 0.016420
13.707111 0.015010
13.712112 0.013049
13.717113 0.010185
13.722113 0.005866
13.727114 0.002450
13.732115 -0.000965
13.737116 -0.004028
13.742116 -0.007091
13.747117 -0.008898
13.752118 -0.011256
13.757119 -0.012711
13.762120 -0.013262
13.767120 -0.014364
13.772121 -0.014012
13.777122 -0.013659
13.782123 -0.012403
13.787123 -0.011147
13.792124 -0.009891
13.797125 -0.007732
13.802126 -0.005925
13.807126 -0.003214
13.812127 -0.000504
13.817128 0.001656
13.822129 0.004917
13.827130 0.007474
13.832130 0.010031
13.837131 0.012786
13.842132 0.013735
13.847133 0.015234
13.852133 0.015478
13.857134 0.015721
13.862135 0.015612
13.867136 0.014798
13.872136 0.014337
13.877137 0.013171
13.882138 0.011453
13.887139 0.009384
13.892140 0.008217
13.897140 0.006301
13.902141 0.004584
13.907142 0.002822
13.912143 0.001060
13.917143 -0.000549
13.922144 -0.002003
13.927145 -0.003105
13.932146 -0.003701
13.937146 -0.004297
13.942147 -0.004740
13.947148 -0.004829
13.952149 -0.004016
13.957150 -0.003753
13.962150 -0.002939
13.967151 -0.002676
13.972152 -0.001863
13.977153 -0.001401
13.982153 -0.000940
13.987154 -0.001183
13.992155 -0.001978
13.997156 -0.003478
14.002157 -0.004977
14.007157 -0.007181
14.012158 -0.010289
14.017159 -0.013397
14.022160 -0.017210
14.027160 -0.021023
14.032161 -0.025188
14.037162 -0.028802
14.042163 -0.031865
14.047163 -0.033826
14.052164 -0.034685
14.057165 -0.034089
14.062166 -0.032743
14.067167 -0.029789
14.072167 -0.025733
14.077168 -0.020971
14.082169 -0.014756
14.087170 -0.008739
14.092170 -0.002017
14.097171 0.004859
14.102172 0.011735
14.107173 0.018963
14.112173 0.025441
14.117174 0.031567
14.122175 0.037495
14.127176 0.042518
14.132177 0.046088
14.137177 0.048401
14.142178 0.050163
14.147179 0.050118
14.152180 0.049368
14.157180 0.047715
14.162181 0.045158
14.167182 0.042800
14.172183 0.040442
14.177183 0.037732
14.182184 0.035021
14.187185 0.033214
14.192186 0.031606
14.197187 0.029798
14.202187 0.028895
14.207188 0.027088
14.212189 0.025082
14.217190 0.023275
14.222190 0.020718
14.227191 0.018161
14.232192 0.014701
14.237193 0.011946
14.242193 0.008287
14.247194 0.004429
14.252195 0.000770
14.257196 -0.002338
14.262197 -0.005997
14.267197 -0.009457
14.272198 -0.012366
14.277199 -0.015275
14.282200 -0.017435
14.287200 -0.019594
14.292201 -0.021203
14.297202 -0.022613
14.302203 -0.024022
14.307203 -0.025785
14.312204 -0.026291
14.317205 -0.027701
14.322206 -0.028405
14.327207 -0.028559
14.332207 -0.029264
14.337208 -0.029264
14.342209 -0.029264
14.347210 -0.028361
14.352210 -0.027105
14.357211 -0.025099
14.362212 -0.023093
14.367213 -0.021440
14.372213 -0.019236
14.377214 -0.018287
14.382215 -0.016788
14.387216 -0.016544
14.392217 -0.016653
14.397217 -0.016564
14.402218 -0.017025
14.407219 -0.018390
14.412220 -0.019204
14.417220 -0.019665
14.422221 -0.020126
14.427222 -0.020786
14.432223 -0.020543
14.437224 -0.019947
14.442224 -0.018998
14.447225 -0.017698
14.452226 -0.015493
14.457227 -0.013488
14.462227 -0.012033
14.467228 -0.010226
14.472229 -0.008618
14.477230 -0.007208
14.482230 -0.005997
14.487231 -0.005138
14.492232 -0.004126
14.497233 -0.003466
14.502234 -0.003004
14.507234 -0.002344
14.512235 -0.001883
14.517236 -0.000871
14.522237 0.001045
14.527237 0.002058
14.532238 0.003423
14.537239 0.004986
14.542240 0.006550
14.547240 0.007562
14.552241 0.007472
14.557242 0.007934
14.562243 0.006940
14.567244 0.005748
14.572244 0.004403
14.577245 0.001602
14.582246 -0.000448
14.587247 -0.002499
14.592247 -0.004703
14.597248 -0.005805
14.602249 -0.006356
14.607250 -0.006356
14.612250 -0.005805
14.617251 -0.004703
14.622252 -0.003954
14.627253 -0.001749
14.632254 0.000808
14.637254 0.003364
14.642255 0.006120
14.647256 0.008324
14.652257 0.010528
14.657257 0.013284
14.662258 0.015488
14.667259 0.017693
14.672260 0.019544
14.677260 0.021595
14.682261 0.023998
14.687262 0.026049
14.692263 0.028650
14.697264 0.030150
14.702264 0.032200
14.707265 0.033700
14.712266 0.034648
14.717267 0.035244
14.722267 0.035840
14.727268 0.034981
14.732269 0.033924
14.737270 0.032713
14.742270 0.030951
14.747271 0.029188
14.752272 0.026875
14.757273 0.024209
14.762274 0.021896
14.767274 0.018679
14.772275 0.016366
14.777276 0.013502
14.782277 0.010637
14.787277 0.008324
14.792278 0.005658
14.797279 0.003698
14.802280 0.001935
14.807280 0.000526
14.812281 0.000372
14.817282 -0.000685
14.822283 -0.000134
14.827284 0.000968
14.832284 0.001673
14.837285 0.002378
14.842286 0.003787
14.847287 0.005197
14.852287 0.005505
14.857288 0.005966
14.862289 0.005524
14.867290 0.004530
14.872291 0.002634
14.877291 0.000538
14.882292 -0.001910
14.887293 -0.004909
14.892294 -0.007908
14.897294 -0.010356
14.902295 -0.014059
14.907296 -0.016860
14.912297 -0.020365
14.917297 -0.023120
14.922298 -0.026581
14.927299 -0.029490
14.932300 -0.033104
14.937301 -0.036519
14.942301 -0.040287
14.947302 -0.042953
14.952303 -0.045266
14.957304 -0.047028
14.962304 -0.048086
14.967305 -0.048592
14.972306 -0.047842
14.977307 -0.046740
14.982307 -0.044933
14.987308 -0.042223
14.992309 -0.040262
14.997310 -0.037397
15.002311 -0.034533
15.007311 -0.031316
15.012312 -0.028100
15.017313 -0.024332
15.022314 -0.021269
15.027314 -0.017853
15.032315 -0.014239
15.037316 -0.010779
15.042317 -0.007319
15.047317 -0.004012
15.052318 -0.000154
15.057319 0.002998
15.062320 0.006151
15.067321 0.009502
15.072321 0.012104
15.077322 0.014904
15.082323 0.018057
15.087324 0.019909
15.092324 0.022113
15.097325 0.024318
15.102326 0.025221
15.107327 0.027381
15.112327 0.028085
15.117328 0.028592
15.122329 0.029098
15.127330 0.029956
15.132331 0.029559
15.137331 0.029162
15.142332 0.028765
15.147333 0.028918
15.152334 0.028169
15.157334 0.027617
15.162335 0.026868
15.167336 0.025413
15.172337 0.024311
15.177337 0.022305
15.182338 0.020851
15.187339 0.018845
15.192340 0.016839
15.197341 0.014481
15.202341 0.013026
15.207342 0.010668
15.212343 0.008509
15.217344 0.006349
15.222344 0.004388
15.227345 0.003331
15.232346 0.001921
15.237347 0.001063
15.242348 0.000204
15.247348 -0.000655
15.252349 -0.000610
15.257350 -0.001116
15.262351 -0.001821
15.267351 -0.002173
15.272352 -0.002724
15.277353 -0.003474
15.282354 -0.004775
15.287354 -0.005723
15.292355 -0.007223
15.297356 -0.008921
15.302357 -0.010421
15.307358 -0.012471
15.312358 -0.014874
15.317359 -0.016726
15.322360 -0.018578
15.327361 -0.020782
15.332361 -0.022987
15.337362 -0.024992
15.342363 -0.026095
15.347364 -0.026293
15.352364 -0.026293
15.357365 -0.025941
15.362366 -0.025037
15.367367 -0.023230
15.372368 -0.021974
15.377368 -0.019616
15.382369 -0.017457
15.387370 -0.013843
15.392371 -0.010581
15.397371 -0.007319
15.402372 -0.003507
15.407373 -0.000598
15.412374 0.002863
15.417374 0.005618
15.422375 0.008374
15.427376 0.010777
15.432377 0.012827
15.437378 0.014327
15.442378 0.016025
15.447379 0.017524
15.452380 0.018473
15.457381 0.019773
15.462381 0.020523
15.467382 0.021074
15.472383 0.021978
15.477384 0.022881
15.482384 0.023234
15.487385 0.023035
15.492386 0.022836
15.497387 0.022638
15.502388 0.021535
15.507388 0.020984
15.512389 0.020081
15.517390 0.018825
15.522391 0.017569
15.527391 0.015960
15.532392 0.013647
15.537393 0.011686
15.542394 0.009572
15.547394 0.007258
15.552395 0.004945
15.557396 0.002279
15.562397 -0.000585
15.567398 -0.003449
15.572398 -0.006512
15.577399 -0.008672
15.582400 -0.010831
15.587401 -0.012638
15.592401 -0.013894
15.597402 -0.014798
15.602403 -0.015349
15.607404 -0.015349
15.612404 -0.015349
15.617405 -0.015701
15.622406 -0.014798
15.627407 -0.014445
15.632408 -0.012991
15.637408 -0.012087
15.642409 -0.010831
15.647410 -0.009575
15.652411 -0.008319
15.657411 -0.007262
15.662412 -0.005301
15.667413 -0.003892
15.672414 -0.002834
15.677415 -0.001976
15.682415 -0.000765
15.687416 -0.000457
15.692417 -0.000150
15.697418 -0.000194
15.702418 -0.000790
15.707419 -0.002290
15.712420 -0.003238
15.717421 -0.004539
15.722421 -0.005840
15.727422 -0.007493
15.732423 -0.009499
15.737424 -0.010601
15.742425 -0.011152
15.747425 -0.012056
15.752426 -0.012607
15.757427 -0.012056
15.762428 -0.011703
15.767428 -0.011152
15.772429 -0.009896
15.777430 -0.008640
15.782431 -0.007384
15.787431 -0.005424
15.792432 -0.004366
15.797433 -0.003860
15.802434 -0.003354
15.807435 -0.003399
15.812435 -0.003444
15.817436 -0.003841
15.822437 -0.004591
15.827438 -0.005693
15.832438 -0.006244
15.837439 -0.006795
15.842440 -0.007148
15.847441 -0.006949
15.852441 -0.006750
15.857442 -0.006353
15.862443 -0.006308
15.867444 -0.005360
15.872445 -0.004213
15.877445 -0.003969
15.882446 -0.003175
15.887447 -0.002028
15.892448 -0.000682
15.897448 0.001016
15.902449 0.002714
15.907450 0.004412
15.912451 0.005912
15.917451 0.007962
15.922452 0.009462
15.927453 0.011314
15.932454 0.013166
15.937455 0.014819
15.942455 0.017023
15.947456 0.018478
15.952457 0.020285
15.957458 0.021541
15.962458 0.023149
15.967459 0.024207
15.972460 0.025065
15.977461 0.025924
15.982461 0.026430
15.987462 0.026936
15.992463 0.027442
15.997464 0.027244
16.002465 0.026846
16.007465 0.026648
16.012466 0.025546
16.017467 0.024443
16.022468 0.023341
16.027468 0.022040
16.032469 0.019484
16.037470 0.017478
16.042471 0.015472
16.047472 0.012364
16.052472 0.009807
16.057473 0.007251
16.062474 0.004341
16.067475 0.001432
16.072475 -0.000926
16.077476 -0.002932
16.082477 -0.005290
16.087478 -0.007097
16.092478 -0.008904
16.097479 -0.009807
16.102480 -0.011614
16.107481 -0.012166
16.112482 -0.013069
16.117482 -0.014171
16.122483 -0.014722
16.127484 -0.015825
16.132485 -0.017125
16.137485 -0.017875
16.142486 -0.018977
16.147487 -0.019727
16.152488 -0.021182
16.157488 -0.021733
16.162489 -0.022989
16.167490 -0.024245
16.172491 -0.024950
16.177492 -0.026007
16.182492 -0.026315
16.187493 -0.027372
16.192494 -0.027327
16.197495 -0.027282
16.202495 -0.027237
16.207496 -0.026289
16.212497 -0.025892
16.217498 -0.025142
16.222498 -0.023489
16.227499 -0.021835
16.232500 -0.019279
16.237501 -0.016920
16.242502 -0.014011
16.247502 -0.011301
16.252503 -0.007687
16.257504 -0.004976
16.262505 -0.002817
16.267505 0.000246
16.272506 0.002406
16.277507 0.004014
16.282508 0.005270
16.287508 0.006526
16.292509 0.007583
16.297510 0.008487
16.302511 0.009192
16.307512 0.009897
16.312512 0.010800
16.317513 0.011704
16.322514 0.013158
16.327515 0.013709
16.332515 0.015363
16.337516 0.017016
16.342517 0.018868
16.347518 0.021072
16.352518 0.023475
16.357519 0.025327
16.362520 0.027179
16.367521 0.029229
16.372522 0.030530
16.377522 0.031479
16.382523 0.032228
16.387524 0.031523
16.392525 0.030620
16.397525 0.028813
16.402526 0.025904
16.407527 0.022796
16.412528 0.019137
16.417528 0.015478
16.422529 0.011268
16.427530 0.006859
16.432531 0.002649
16.437532 -0.001209
16.442532 -0.004515
16.447533 -0.006918
16.452534 -0.008770
16.457535 -0.010071
16.462535 -0.010468
16.467536 -0.010315
16.472537 -0.009059
16.477538 -0.008354
16.482539 -0.007098
16.487539 -0.005842
16.492540 -0.004035
16.497541 -0.003330
16.502542 -0.002426
16.507542 -0.001722
16.512543 -0.001920
16.517544 -0.002471
16.522545 -0.002119
16.527545 -0.003221
16.532546 -0.003772
16.537547 -0.003772
16.542548 -0.004477
16.547549 -0.004830
16.552549 -0.005534
16.557550 -0.004785
16.562551 -0.004939
16.567552 -0.004541
16.572552 -0.004144
16.577553 -0.002843
16.582554 -0.002093
16.587555 -0.001895
16.592555 -0.001145
16.597556 -0.000594
16.602557 -0.000043
16.607558 -0.000946
16.612559 -0.001498
16.617559 -0.002600
16.622560 -0.003702
16.627561 -0.005355
16.632562 -0.007361
16.637562 -0.009565
16.642563 -0.012122
16.647564 -0.014326
16.652565 -0.015980
16.657565 -0.017280
16.662566 -0.018030
16.667567 -0.018780
16.672568 -0.018428
16.677569 -0.018075
16.682569 -0.017172
16.687570 -0.015717
16.692571 -0.014064
16.697572 -0.012411
16.702572 -0.010206
16.707573 -0.008354
16.712574 -0.006150
16.717575 -0.004298
16.722575 -0.002446
16.727576 -0.000793
16.732577 -0.000043
16.737578 0.001059
16.742579 0.001258
16.747579 0.000707
16.752580 0.000707
16.757581 0.000508
16.762582 -0.000043
16.767582 -0.001145
16.772583 -0.001697
16.777584 -0.002600
16.782585 -0.003151
16.787585 -0.003856
16.792586 -0.004760
16.797587 -0.005464
16.802588 -0.005618
16.807589 -0.005772
16.812589 -0.005926
16.817590 -0.005529
16.822591 -0.005131
16.827592 -0.003830
16.832592 -0.002530
16.837593 -0.001427
16.842594 0.000226
16.847595 0.001879
16.852596 0.003334
16.857596 0.006243
16.862597 0.008953
16.867598 0.011664
16.872599 0.014374
16.877599 0.016886
16.882600 0.019398
16.887601 0.022263
16.892602 0.024576
16.897602 0.026889
16.902603 0.028651
16.907604 0.030215
16.912605 0.030875
16.917606 0.030631
16.922606 0.030939
16.927607 0.030144
16.932608 0.029548
16.937609 0.028952
16.942609 0.027100
16.947610 0.025248
16.952611 0.023595
16.957612 0.021391
16.962612 0.019584
16.967613 0.017578
16.972614 0.015418
16.977615 0.013810
16.982616 0.012202
16.987616 0.009690
16.992617 0.008280
16.997618 0.006319
17.002619 0.004909
17.007619 0.003500
17.012620 0.002442
17.017621 0.001033
17.022622 -0.000576
17.027622 -0.002184
17.032623 -0.003793
17.037624 -0.005401
17.042625 -0.007913
17.047626 -0.010072
17.052626 -0.012584
17.057627 -0.014898
17.062628 -0.017762
17.067629 -0.020075
17.072629 -0.022389
17.077630 -0.024349
17.082631 -0.025208
17.087632 -0.026618
17.092632 -0.027124
17.097633 -0.026727
17.102634 -0.026528
17.107635 -0.026131
17.112636 -0.025029
17.117636 -0.023574
17.122637 -0.022671
17.127638 -0.020864
17.132639 -0.019608
17.137639 -0.017999
17.142640 -0.016589
17.147641 -0.015180
17.152642 -0.013770
17.157642 -0.012360
17.162643 -0.011502
17.167644 -0.010995
17.172645 -0.010489
17.177646 -0.009983
17.182646 -0.009829
17.187647 -0.009675
17.192648 -0.009874
17.197649 -0.010073
17.202649 -0.010271
17.207650 -0.010823
17.212651 -0.011726
17.217652 -0.011726
17.222652 -0.013181
17.227653 -0.013732
17.232654 -0.014283
17.237655 -0.014834
17.242656 -0.015033
17.247656 -0.015782
17.252657 -0.015629
17.257658 -0.015475
17.262659 -0.014418
17.267659 -0.012809
17.272660 -0.011400
17.277661 -0.009791
17.282662 -0.007830
17.287663 -0.005318
17.292663 -0.003159
17.297664 -0.000096
17.302665 0.002064
17.307666 0.004774
17.312666 0.006581
17.317667 0.008939
17.322668 0.010394
17.327669 0.012047
17.332669 0.013149
17.337670 0.013899
17.342671 0.014649
17.347672 0.015597
17.352673 0.015994
17.357673 0.016039
17.362674 0.016635
17.367675 0.017032
17.372676 0.017077
17.377676 0.017673
17.382677 0.017519
17.387678 0.017917
17.392679 0.017962
17.397679 0.017808
17.402680 0.018205
17.407681 0.018955
17.412682 0.019705
17.417683 0.020102
17.422683 0.020300
17.427684 0.021050
17.432685 0.021800
17.437686 0.022550
17.442686 0.023652
17.447687 0.023850
17.452688 0.024049
17.457689 0.024248
17.462689 0.025350
17.467690 0.024799
17.472691 0.024446
17.477692 0.023895
17.482693 0.023344
17.487693 0.021890
17.492694 0.020236
17.497695 0.018583
17.502696 0.016930
17.507696 0.014725
17.512697 0.012169
17.517698 0.009413
17.522699 0.006305
17.527699 0.003197
17.532700 0.000089
17.537701 -0.002115
17.542702 -0.005223
17.547703 -0.007427
17.552703 -0.009433
17.557704 -0.011086
17.562705 -0.012387
17.567706 -0.013489
17.572706 -0.013688
17.577707 -0.013886
17.582708 -0.013534
17.587709 -0.012829
17.592709 -0.012477
17.597710 -0.011221
17.602711 -0.010516
17.607712 -0.009260
17.612713 -0.008555
17.617713 -0.008203
17.622714 -0.008049
17.627715 -0.008248
17.632716 -0.008094
17.637716 -0.008844
17.642717 -0.010144
17.647718 -0.010894
17.652719 -0.011996
17.657720 -0.013099
17.662720 -0.014201
17.667721 -0.015655
17.672722 -0.015655
17.677723 -0.016911
17.682723 -0.017264
17.687724 -0.017418
17.692725 -0.017219
17.697726 -0.017373
17.702726 -0.016975
17.707727 -0.017129
17.712728 -0.016380
17.717729 -0.015431
17.722730 -0.014681
17.727730 -0.013932
17.732731 -0.012278
17.737732 -0.011176
17.742733 -0.009523
17.747733 -0.008421
17.752734 -0.006966
17.757735 -0.004961
17.762736 -0.003307
17.767736 -0.001853
17.772737 -0.000046
17.777738 0.001960
17.782739 0.003415
17.787740 0.004318
17.792740 0.006125
17.797741 0.007029
17.802742 0.008285
17.807743 0.009188
17.812743 0.010444
17.817744 0.011700
17.822745 0.012052
17.827746 0.012757
17.832746 0.014013
17.837747 0.013814
17.842748 0.014167
17.847749 0.014872
17.852750 0.014673
17.857750 0.014673
17.862751 0.014122
17.867752 0.014122
17.872753 0.013218
17.877753 0.011962
17.882754 0.010707
17.887755 0.009451
17.892756 0.007842
17.897756 0.006234
17.902757 0.004625
17.907758 0.002466
17.912759 0.000505
17.917760 -0.001654
17.922760 -0.003263
17.927761 -0.005422
17.932762 -0.007031
17.937763 -0.008639
17.942763 -0.010799
17.947764 -0.012407
17.952765 -0.013464
17.957766 -0.014720
17.962766 -0.015778
17.967767 -0.016483
17.972768 -0.017540
17.977769 -0.017694
17.982770 -0.018399
17.987770 -0.018552
17.992771 -0.018706
17.997772 -0.017956
18.002773 -0.017758
18.007773 -0.017008
18.012774 -0.015906
18.017775 -0.015002
18.022776 -0.013900
18.027776 -0.012997
18.032777 -0.011741
18.037778 -0.010683
18.042779 -0.009626
18.047780 -0.008569
18.052780 -0.007159
18.057781 -0.006301
18.062782 -0.005442
18.067783 -0.003878
18.072783 -0.002667
18.077784 -0.001104
18.082785 0.000107
18.087786 0.001671
18.092787 0.003234
18.097787 0.004798
18.102788 0.006361
18.107789 0.007572
18.112790 0.009335
18.117790 0.010193
18.122791 0.011250
18.127792 0.012308
18.132793 0.013365
18.137793 0.013717
18.142794 0.014070
18.147795 0.014070
18.152796 0.014621
18.157797 0.014269
18.162797 0.013916
18.167798 0.013762
18.172799 0.013608
18.177800 0.013455
18.182800 0.013301
18.187801 0.012795
18.192802 0.012641
18.197803 0.012487
18.202803 0.011981
18.207804 0.011276
18.212805 0.010770
18.217806 0.010264
18.222807 0.009757
18.227807 0.008700
18.232808 0.007290
18.237809 0.006233
18.242810 0.004272
18.247810 0.002664
18.252811 0.000152
18.257812 -0.002008
18.262813 -0.004167
18.267813 -0.005974
18.272814 -0.007429
18.277815 -0.008884
18.282816 -0.010338
18.287817 -0.010889
18.292817 -0.011639
18.297818 -0.011287
18.302819 -0.010582
18.307820 -0.009877
18.312820 -0.008621
18.317821 -0.007365
18.322822 -0.005558
18.327823 -0.003751
18.332823 -0.002296
18.337824 -0.000842
18.342825 0.000260
18.347826 0.001363
18.352827 0.002465
18.357827 0.003016
18.362828 0.003214
18.367829 0.003061
18.372830 0.003259
18.377830 0.003458
18.382831 0.003105
18.387832 0.002401
18.392833 0.002048
18.397833 0.001696
18.402834 0.001343
18.407835 0.000440
18.412836 0.000638
18.417837 0.000286
18.422837 0.000837
18.427838 0.000485
18.432839 0.001036
18.437840 0.001785
18.442840 0.002336
18.447841 0.002888
18.452842 0.003439
18.457843 0.003990
18.462843 0.004541
18.467844 0.005444
18.472845 0.005797
18.477846 0.006149
18.482847 0.006854
18.487847 0.007206
18.492848 0.006809
18.497849 0.006610
18.502850 0.006213
18.507850 0.005265
18.512851 0.004515
18.517852 0.004118
18.522853 0.002817
18.527854 0.001868
18.532854 0.000766
18.537855 -0.000336
18.542856 -0.001438
18.547857 -0.002342
18.552857 -0.002694
18.557858 -0.003399
18.562859 -0.003905
18.567860 -0.004963
18.572860 -0.004918
18.577861 -0.004873
18.582862 -0.005379
18.587863 -0.005334
18.592864 -0.005488
18.597864 -0.005091
18.602865 -0.005245
18.607866 -0.005245
18.612867 -0.004694
18.617867 -0.003438
18.622868 -0.002733
18.627869 -0.002028
18.632870 -0.000419
18.637870 0.000990
18.642871 0.002048
18.647872 0.003105
18.652873 0.004713
18.657874 0.005418
18.662874 0.006123
18.667875 0.007379
18.672876 0.007731
18.677877 0.007180
18.682877 0.007180
18.687878 0.007180
18.692879 0.006828
18.697880 0.006277
18.702880 0.005373
18.707881 0.004822
18.712882 0.003918
18.717883 0.003015
18.722884 0.002464
18.727884 0.001362
18.732885 0.000811
18.737886 -0.000292
18.742887 -0.000843
18.747887 -0.001592
18.752888 -0.002144
18.757889 -0.002695
18.762890 -0.002893
18.767890 -0.003444
18.772891 -0.003444
18.777892 -0.003643
18.782893 -0.003291
18.787894 -0.003291
18.792894 -0.003489
18.797895 -0.003137
18.802896 -0.002983
18.807897 -0.002631
18.812897 -0.002477
18.817898 -0.001772
18.822899 -0.001420
18.827900 -0.001266
18.832900 -0.001465
18.837901 -0.001112
18.842902 -0.001663
18.847903 -0.002016
18.852904 -0.002016
18.857904 -0.002721
18.862905 -0.003073
18.867906 -0.003778
18.872907 -0.005034
18.877907 -0.005188
18.882908 -0.006245
18.887909 -0.006950
18.892910 -0.008206
18.897911 -0.008911
18.902911 -0.009814
18.907912 -0.010167
18.912913 -0.010519
18.917914 -0.011423
18.922914 -0.011775
18.927915 -0.012326
18.932916 -0.012326
18.937917 -0.012326
18.942917 -0.012877
18.947918 -0.012877
18.952919 -0.013429
18.957920 -0.013429
18.962921 -0.013429
18.967921 -0.013076
18.972922 -0.013076
18.977923 -0.013076
18.982924 -0.012173
18.987924 -0.011622
18.992925 -0.011070
18.997926 -0.010718
19.002927 -0.009616
19.007927 -0.009065
19.012928 -0.007610
19.017929 -0.006508
19.022930 -0.005053
19.027931 -0.003400
19.032931 -0.001946
19.037932 -0.000292
19.042933 0.001713
19.047934 0.003367
19.052934 0.005372
19.057935 0.007378
19.062936 0.009031
19.067937 0.010486
19.072937 0.011940
19.077938 0.013395
19.082939 0.014497
19.087940 0.015952
19.092941 0.016503
19.097941 0.017054
19.102942 0.017605
19.107943 0.018355
19.112944 0.018355
19.117944 0.018553
19.122945 0.018752
19.127946 0.018047
19.132947 0.017893
19.137947 0.017188
19.142948 0.017035
19.147949 0.016330
19.152950 0.015625
19.157951 0.014568
19.162951 0.013863
19.167952 0.013158
19.172953 0.011902
19.177954 0.011197
19.182954 0.010293
19.187955 0.009390
19.192956 0.008486
19.197957 0.008288
19.202957 0.007737
19.207958 0.007185
19.212959 0.006987
19.217960 0.006237
19.222961 0.006038
19.227961 0.005840
19.232962 0.005641
19.237963 0.005442
19.242964 0.005795
19.247964 0.004693
19.252965 0.004494
19.257966 0.003392
19.262967 0.002642
19.267967 0.001540
19.272968 0.000438
19.277969 -0.000665
19.282970 -0.002318
19.287971 -0.003619
19.292971 -0.004721
19.297972 -0.006022
19.302973 -0.007323
19.307974 -0.008623
19.312974 -0.009373
19.317975 -0.009770
19.322976 -0.010168
19.327977 -0.010565
19.332978 -0.010411
19.337978 -0.010809
19.342979 -0.010456
19.347980 -0.010302
19.352981 -0.009598
19.357981 -0.009796
19.362982 -0.009091
19.367983 -0.008739
19.372984 -0.008387
19.377984 -0.008387
19.382985 -0.008387
19.387986 -0.008387
19.392987 -0.008387
19.397988 -0.007836
19.402988 -0.008188
19.407989 -0.007989
19.412990 -0.008342
19.417991 -0.008694
19.422991 -0.008496
19.427992 -0.008297
19.432993 -0.008649
19.437994 -0.008451
19.442994 -0.007701
19.447995 -0.007855
19.452996 -0.007105
19.457997 -0.006355
19.462998 -0.005958
19.467998 -0.005759
19.472999 -0.005010
19.478000 -0.004061
19.483001 -0.003863
19.488001 -0.002562
19.493002 -0.002363
19.498003 -0.001261
19.503004 -0.000511
19.508004 0.000591
19.513005 0.001142
19.518006 0.002244
19.523007 0.003346
19.528008 0.003897
19.533008 0.004999
19.538009 0.005903
19.543010 0.007005
19.548011 0.007909
19.553011 0.009011
19.558012 0.009914
19.563013 0.010465
19.568014 0.011369
19.573014 0.012272
19.578015 0.012625
19.583016 0.013528
19.588017 0.013881
19.593018 0.014233
19.598018 0.013483
19.603019 0.012932
19.608020 0.012183
19.613021 0.011080
19.618021 0.009780
19.623022 0.008677
19.628023 0.007024
19.633024 0.005723
19.638024 0.004070
19.643025 0.002769
19.648026 0.001116
19.653027 0.000014
19.658028 -0.001640
19.663028 -0.002389
19.668029 -0.003492
19.673030 -0.004043
19.678031 -0.004241
19.683031 -0.004440
19.688032 -0.004440
19.693033 -0.003536
19.698034 -0.003536
19.703035 -0.003184
19.708035 -0.002281
19.713036 -0.001729
19.718037 -0.001377
19.723038 -0.000826
19.728038 -0.000275
19.733039 0.000629
19.738040 0.000276
19.743041 0.000827
19.748041 0.000827
19.753042 0.000475
19.758043 0.001026
19.763044 0.000673
19.768045 -0.000230
19.773045 -0.000583
19.778046 -0.001486
19.783047 -0.002191
19.788048 -0.003447
19.793048 -0.004703
19.798049 -0.005408
19.803050 -0.006664
19.808051 -0.008272
19.813051 -0.008977
19.818052 -0.010233
19.823053 -0.011290
19.828054 -0.011995
19.833055 -0.012700
19.838055 -0.013053
19.843056 -0.013757
19.848057 -0.013559
19.853058 -0.013911
19.858058 -0.013713
19.863059 -0.013162
19.868060 -0.012963
19.873061 -0.012412
19.878061 -0.012213
19.883062 -0.011662
19.888063 -0.011111
19.893064 -0.010560
19.898065 -0.009656
19.903065 -0.009105
19.908066 -0.008202
19.913067 -0.007298
19.918068 -0.007298
19.923068 -0.006042
19.928069 -0.005690
19.933070 -0.004082
19.938071 -0.003377
19.943071 -0.002672
19.948072 -0.001064
19.953073 0.000545
19.958074 0.001602
19.963075 0.003211
19.968075 0.004819
19.973076 0.005876
19.978077 0.007485
19.983078 0.009093
19.988078 0.010701
19.993079 0.011406
19.998080 0.012861
20.003081 0.014117
20.008081 0.014117
20.013082 0.015020
20.018083 0.015571
20.023084 0.015770
20.028085 0.015770
20.033085 0.015969
20.038086 0.016167
20.043087 0.016013
20.048088 0.015661
20.053088 0.015860
20.058089 0.015706
20.063090 0.015904
20.068091 0.015552
20.073091 0.015200
20.078092 0.014847
20.083093 0.014495
20.088094 0.014495
20.093095 0.014142
20.098095 0.013591
20.103096 0.012688
20.108097 0.012136
20.113098 0.011233
20.118098 0.010131
20.123099 0.009580
20.128100 0.009029
20.133101 0.007574
20.138102 0.007574
20.143102 0.006119
20.148103 0.005568
20.153104 0.005921
20.158105 0.005370
20.163105 0.004267
20.168106 0.004069
20.173107 0.002966
20.178108 0.002768
20.183108 0.002018
20.188109 0.000717
20.193110 -0.000033
20.198111 -0.001135
20.203112 -0.001884
20.208112 -0.003538
20.213113 -0.004089
20.218114 -0.005191
20.223115 -0.006646
20.228115 -0.007549
20.233116 -0.007902
20.238117 -0.008805
20.243118 -0.009510
20.248118 -0.010215
20.253119 -0.010369
20.258120 -0.010523
20.263121 -0.010676
20.268122 -0.011183
20.273122 -0.011336
20.278123 -0.011490
20.283124 -0.011996
20.288125 -0.012150
20.293125 -0.012304
20.298126 -0.012105
20.303127 -0.012810
20.308128 -0.012612
20.313128 -0.012964
20.318129 -0.012964
20.323130 -0.013316
20.328131 -0.013316
20.333132 -0.013669
20.338132 -0.013669
20.343133 -0.013118
20.348134 -0.012765
20.353135 -0.012765
20.358135 -0.012413
20.363136 -0.012061
20.368137 -0.011708
20.373138 -0.011356
20.378138 -0.011554
20.383139 -0.010850
20.388140 -0.010343
20.393141 -0.009638
20.398142 -0.009485
20.403142 -0.008979
20.408143 -0.008472
20.413144 -0.007767
20.418145 -0.007261
20.423145 -0.007107
20.428146 -0.006050
20.433147 -0.005345
20.438148 -0.004442
20.443148 -0.003737
20.448149 -0.002833
20.453150 -0.001379
20.458151 -0.000475
20.463152 0.000979
20.468152 0.002434
20.473153 0.003536
20.478154 0.004991
20.483155 0.006445
20.488155 0.007900
20.493156 0.008803
20.498157 0.010258
20.503158 0.011713
20.508159 0.012968
20.513159 0.014423
20.518160 0.015327
20.523161 0.016781
20.528162 0.017685
20.533162 0.018588
20.538163 0.018941
20.543164 0.019492
20.548165 0.019492
20.553165 0.019492
20.558166 0.019139
20.563167 0.018787
20.568168 0.017883
20.573169 0.016980
20.578169 0.015173
20.583170 0.013718
20.588171 0.011360
20.593172 0.009553
20.598172 0.007195
20.603173 0.005388
20.608174 0.003029
20.613175 0.000870
20.618175 -0.000937
20.623176 -0.003097
20.628177 -0.004705
20.633178 -0.006313
20.638179 -0.007371
20.643179 -0.008979
20.648180 -0.010036
20.653181 -0.010543
20.658182 -0.011049
20.663182 -0.011555
20.668183 -0.012061
20.673184 -0.012215
20.678185 -0.011818
20.683185 -0.011421
20.688186 -0.011574
20.693187 -0.010825
20.698188 -0.010075
20.703189 -0.009325
20.708189 -0.008223
20.713190 -0.007121
20.718191 -0.006019
20.723192 -0.004564
20.728192 -0.003462
20.733193 -0.001655
20.738194 0.000351
20.743195 0.001254
20.748195 0.003061
20.753196 0.004868
20.758197 0.006675
20.763198 0.007380
20.768199 0.008636
20.773199 0.009341
20.778200 0.010949
20.783201 0.011654
20.788202 0.012712
20.793202 0.012513
20.798203 0.013019
20.803204 0.012820
20.808205 0.012423
20.813205 0.012026
20.818206 0.010373
20.823207 0.009072
20.828208 0.008322
20.833209 0.006118
20.838209 0.003913
20.843210 0.002061
20.848211 -0.000143
20.853212 -0.002347
20.858212 -0.004904
20.863213 -0.006557
20.868214 -0.008762
20.873215 -0.010415
20.878215 -0.012068
20.883216 -0.013523
20.888217 -0.014625
20.893218 -0.015176
20.898219 -0.015529
20.903219 -0.015881
20.908220 -0.015330
20.913221 -0.014580
20.918222 -0.013831
20.923222 -0.013081
20.928223 -0.011780
20.933224 -0.010479
20.938225 -0.009178
20.943226 -0.007327
20.948226 -0.006026
20.953227 -0.004373
20.958228 -0.003072
20.963229 -0.001771
20.968229 -0.000316
20.973230 0.000786
20.978231 0.001888
20.983232 0.002439
20.988232 0.003695
20.993233 0.004599
20.998234 0.004951
21.003235 0.005656
21.008236 0.006361
21.013236 0.007066
21.018237 0.007418
21.023238 0.008123
21.028239 0.008277
21.033239 0.008981
21.038240 0.009135
21.043241 0.009289
21.048242 0.009443
21.053242 0.009597
21.058243 0.009750
21.063244 0.009001
21.068245 0.008603
21.073246 0.007853
21.078246 0.007104
21.083247 0.006553
21.088248 0.005803
21.093249 0.004701
21.098249 0.003599
21.103250 0.003047
21.108251 0.001945
21.113252 0.001042
21.118252 0.000138
21.123253 -0.000765
21.128254 -0.001470
21.133255 -0.001823
21.138256 -0.002528
21.143256 -0.002681
21.148257 -0.003386
21.153258 -0.003540
21.158259 -0.003694
21.163259 -0.003848
21.168260 -0.004001
21.173261 -0.004155
21.178262 -0.003957
21.183262 -0.004110
21.188263 -0.003912
21.193264 -0.003162
21.198265 -0.002963
21.203266 -0.003316
21.208266 -0.003117
21.213267 -0.002566
21.218268 -0.002566
21.223269 -0.002566
21.228269 -0.002566
21.233270 -0.002566
21.238271 -0.002015
21.243272 -0.002214
21.248272 -0.002214
21.253273 -0.002412
21.258274 -0.002060
21.263275 -0.002810
21.268276 -0.003361
21.273276 -0.003207
21.278277 -0.004309
21.283278 -0.004508
21.288279 -0.004707
21.293279 -0.004905
21.298280 -0.005655
21.303281 -0.005303
21.308282 -0.005854
21.313283 -0.006052
21.318283 -0.005700
21.323284 -0.005700
21.328285 -0.005348
21.333286 -0.004444
21.338286 -0.003893
21.343287 -0.002989
21.348288 -0.002086
21.353289 -0.000984
21.358289 0.000118
21.363290 0.001573
21.368291 0.003226
21.373292 0.004879
21.378293 0.006533
21.383293 0.007834
21.388294 0.008583
21.393295 0.010237
21.398296 0.011537
21.403296 0.012486
21.408297 0.012883
21.413298 0.013280
21.418299 0.013678
21.423299 0.013524
21.428300 0.013370
21.433301 0.012313
21.438302 0.011608
21.443303 0.011454
21.448303 0.010198
21.453304 0.008942
21.458305 0.007135
21.463306 0.006231
21.468306 0.004424
21.473307 0.002970
21.478308 0.001515
21.483309 0.000413
21.488309 -0.001042
21.493310 -0.003047
21.498311 -0.004150
21.503312 -0.005252
21.508313 -0.006354
21.513313 -0.006905
21.518314 -0.007104
21.523315 -0.007302
21.528316 -0.007501
21.533316 -0.008052
21.538317 -0.007700
21.543318 -0.007347
21.548319 -0.007546
21.553319 -0.007193
21.558320 -0.007392
21.563321 -0.007040
21.568322 -0.007591
21.573323 -0.007789
21.578323 -0.008341
21.583324 -0.008892
21.588325 -0.009443
21.593326 -0.009994
21.598326 -0.010897
21.603327 -0.011449
21.608328 -0.011449
21.613329 -0.011449
21.618329 -0.012000
21.623330 -0.011449
21.628331 -0.010545
21.633332 -0.009642
21.638333 -0.007835
21.643333 -0.006579
21.648334 -0.004772
21.653335 -0.002964
21.658336 -0.001157
21.663336 0.000451
21.668337 0.002059
21.673338 0.004219
21.678339 0.004924
21.683339 0.005628
21.688340 0.006686
21.693341 0.007038
21.698342 0.007192
21.703343 0.007544
21.708343 0.007346
21.713344 0.007147
21.718345 0.007499
21.723346 0.006948
21.728346 0.006397
21.733347 0.005846
21.738348 0.005846
21.743349 0.005846
21.748350 0.006397
21.753350 0.006045
21.758351 0.006596
21.763352 0.007499
21.768353 0.008050
21.773353 0.008602
21.778354 0.009153
21.783355 0.009704
21.788356 0.010607
21.793356 0.011158
21.798357 0.011709
21.803358 0.011357
21.808359 0.011357
21.813360 0.011908
21.818360 0.011555
21.823361 0.010652
21.828362 0.010300
21.833363 0.009947
21.838363 0.009044
21.843364 0.008140
21.848365 0.007236
21.853366 0.006333
21.858366 0.005077
21.863367 0.003622
21.868368 0.002719
21.873369 0.001463
21.878370 0.000559
21.883370 -0.000344
21.888371 -0.001248
21.893372 -0.001600
21.898373 -0.001953
21.903373 -0.002856
21.908374 -0.002856
21.913375 -0.003561
21.918376 -0.003914
21.923376 -0.004817
21.928377 -0.005170
21.933378 -0.005874
21.938379 -0.006579
21.943380 -0.007284
21.948380 -0.007989
21.953381 -0.008694
21.958382 -0.009399
21.963383 -0.010104
21.968383 -0.010257
21.973384 -0.010610
21.978385 -0.010764
21.983386 -0.010565
21.988386 -0.010918
21.993387 -0.010366
21.998388 -0.009815
22.003389 -0.009264
22.008390 -0.008361
22.013390 -0.007457
22.018391 -0.006554
22.023392 -0.006201
22.028393 -0.005497
22.033393 -0.004792
22.038394 -0.003536
22.043395 -0.003183
22.048396 -0.002478
22.053396 -0.001774
22.058397 -0.001972
22.063398 -0.001620
22.068399 -0.001818
22.073400 -0.001466
22.078400 -0.001665
22.083401 -0.001863
22.088402 -0.001511
22.093403 -0.002062
22.098403 -0.002261
22.103404 -0.002812
22.108405 -0.003363
22.113406 -0.003562
22.118407 -0.004113
22.123407 -0.004664
22.128408 -0.004862
22.133409 -0.005414
22.138410 -0.005965
22.143410 -0.005965
22.148411 -0.005612
22.153412 -0.005612
22.158413 -0.005061
22.163413 -0.005061
22.168414 -0.004158
22.173415 -0.003607
22.178416 -0.003056
22.183417 -0.002857
22.188417 -0.001755
22.193418 -0.001755
22.198419 -0.000653
22.203420 -0.000102
22.208420 0.000450
22.213421 0.001001
22.218422 0.002103
22.223423 0.002301
22.228423 0.003404
22.233424 0.003602
22.238425 0.004352
22.243426 0.005454
22.248427 0.006204
22.253427 0.006954
22.258428 0.007703
22.263429 0.008453
22.268430 0.009203
22.273430 0.009952
22.278431 0.010151
22.283432 0.010350
22.288433 0.011100
22.293433 0.010747
22.298434 0.010395
22.303435 0.009844
22.308436 0.009292
22.313437 0.008741
22.318437 0.008543
22.323438 0.007793
22.328439 0.007043
22.333440 0.006293
22.338440 0.005345
22.343441 0.004948
22.348442 0.003999
22.353443 0.003051
22.358443 0.003006
22.363444 0.002058
22.368445 0.001462
22.373446 0.000866
22.378447 0.000468
22.383447 -0.000128
22.388448 -0.000525
22.393449 -0.001473
22.398450 -0.002223
22.403450 -0.002620
22.408451 -0.002819
22.413452 -0.003018
22.418453 -0.003216
22.423453 -0.003216
22.428454 -0.002864
22.433455 -0.002864
22.438456 -0.002313
22.443457 -0.002114
22.448457 -0.001916
22.453458 -0.001365
22.458459 -0.000967
22.463460 -0.000218
22.468460 -0.000371
22.473461 0.000378
22.478462 0.000776
22.483463 0.001173
22.488463 0.001019
22.493464 0.001416
22.498465 0.000910
22.503466 0.001109
22.508467 0.001506
22.513467 0.000801
22.518468 0.000647
22.523469 0.000846
22.528470 -0.000057
22.533470 0.000494
22.538471 -0.000410
22.543472 -0.000410
22.548473 -0.000961
22.553474 -0.000609
22.558474 -0.001160
22.563475 -0.001358
22.568476 -0.001909
22.573477 -0.002108
22.578477 -0.002659
22.583478 -0.002858
22.588479 -0.002858
22.593480 -0.002858
22.598480 -0.002858
22.603481 -0.003210
22.608482 -0.002659
22.613483 -0.002659
22.618484 -0.002461
22.623484 -0.001910
22.628485 -0.000807
22.633486 -0.000609
22.638487 -0.000410
22.643487 -0.000211
22.648488 0.000340
22.653489 0.000538
22.658490 0.000737
22.663490 0.000583
22.668491 0.000231
22.673492 0.000077
22.678493 -0.000276
22.683494 -0.000628
22.688494 -0.001333
22.693495 -0.001685
22.698496 -0.002038
22.703497 -0.002941
22.708497 -0.002941
22.713498 -0.003492
22.718499 -0.004044
22.723500 -0.004595
22.728500 -0.004793
22.733501 -0.004793
22.738502 -0.004992
22.743503 -0.005191
22.748504 -0.004133
22.753504 -0.004332
22.758505 -0.003826
22.763506 -0.002769
22.768507 -0.002615
22.773507 -0.001558
22.778508 -0.000500
22.783509 0.000557
22.788510 0.000711
22.793510 0.001967
22.798511 0.003024
22.803512 0.003928
22.808513 0.004632
22.813514 0.005536
22.818514 0.006439
22.823515 0.007343
22.828516 0.008445
22.833517 0.009547
22.838517 0.009746
22.843518 0.010496
22.848519 0.011245
22.853520 0.011995
22.858520 0.012392
22.863521 0.012239
22.868522 0.012085
22.873523 0.011028
22.878524 0.010874
22.883524 0.011072
22.888525 0.009816
22.893526 0.009663
22.898527 0.008407
22.903527 0.007503
22.908528 0.007151
22.913529 0.005344
22.918530 0.004440
22.923530 0.002985
22.928531 0.001531
22.933532 0.000076
22.938533 -0.000827
22.943534 -0.002282
22.948534 -0.003737
22.953535 -0.005191
22.958536 -0.006844
22.963537 -0.007947
22.968537 -0.008696
22.973538 -0.009799
22.978539 -0.010548
22.983540 -0.011298
22.988541 -0.011695
22.993541 -0.011542
22.998542 -0.011939
23.003543 -0.011785
23.008544 -0.011631
23.013544 -0.010927
23.018545 -0.010773
23.023546 -0.010068
23.028547 -0.009716
23.033547 -0.008812
23.038548 -0.007909
23.043549 -0.007005
23.048550 -0.005903
23.053551 -0.004801
23.058551 -0.004051
23.063552 -0.002949
23.068553 -0.002199
23.073554 -0.000898
23.078554 -0.000149
23.083555 0.000954
23.088556 0.001703
23.093557 0.001902
23.098557 0.002453
23.103558 0.003004
23.108559 0.003555
23.113560 0.003555
23.118561 0.003555
23.123561 0.003357
23.128562 0.003158
23.133563 0.003158
23.138564 0.002959
23.143564 0.002408
23.148565 0.002209
23.153566 0.002209
23.158567 0.001658
23.163567 0.001460
23.168568 0.000909
23.173569 0.000909
23.178570 0.000357
23.183571 0.000710
23.188571 0.000159
23.193572 0.000159
23.198573 0.000159
23.203574 -0.000392
23.208574 -0.000392
23.213575 -0.000591
23.218576 -0.000591
23.223577 -0.000943
23.228577 -0.001495
23.233578 -0.001495
23.238579 -0.001495
23.243580 -0.001847
23.248581 -0.001296
23.253581 -0.001648
23.258582 -0.001450
23.263583 -0.001251
23.268584 -0.001604
23.273584 -0.001405
23.278585 -0.001559
23.283586 -0.001360
23.288587 -0.002065
23.293587 -0.001866
23.298588 -0.002219
23.303589 -0.002571
23.308590 -0.002571
23.313591 -0.002924
23.318591 -0.003475
23.323592 -0.003475
23.328593 -0.002924
23.333594 -0.002924
23.338594 -0.002571
23.343595 -0.002571
23.348596 -0.002219
23.353597 -0.001668
23.358598 -0.000764
23.363598 -0.000412
23.368599 0.000139
23.373600 0.001594
23.378601 0.002145
23.383601 0.002696
23.388602 0.003247
23.393603 0.003247
23.398604 0.003798
23.403604 0.003798
23.408605 0.004349
23.413606 0.003997
23.418607 0.003997
23.423608 0.003644
23.428608 0.003644
23.433609 0.003292
23.438610 0.002939
23.443611 0.003490
23.448611 0.003138
23.453612 0.003138
23.458613 0.002785
23.463614 0.002234
23.468614 0.001882
23.473615 0.000978
23.478616 0.000626
23.483617 0.000273
23.488618 -0.000630
23.493618 -0.000983
23.498619 -0.001534
23.503620 -0.002437
23.508621 -0.003341
23.513621 -0.003892
23.518622 -0.004443
23.523623 -0.005346
23.528624 -0.005898
23.533624 -0.006449
23.538625 -0.006647
23.543626 -0.007198
23.548627 -0.007397
23.553628 -0.007596
23.558628 -0.007243
23.563629 -0.007442
23.568630 -0.007641
23.573631 -0.007288
23.578631 -0.006936
23.583632 -0.006583
23.588633 -0.005878
23.593634 -0.005526
23.598634 -0.004270
23.603635 -0.003918
23.608636 -0.002662
23.613637 -0.001406
23.618638 -0.000502
23.623638 0.001305
23.628639 0.002561
23.633640 0.004368
23.638641 0.005624
23.643641 0.006527
23.648642 0.007783
23.653643 0.009039
23.658644 0.009943
23.663644 0.010647
23.668645 0.011551
23.673646 0.011352
23.678647 0.011352
23.683648 0.011154
23.688648 0.011154
23.693649 0.010955
23.698650 0.010404
23.703651 0.009853
23.708651 0.009302
23.713652 0.008398
23.718653 0.007847
23.723654 0.006943
23.728654 0.005489
23.733655 0.004585
23.738656 0.003682
23.743657 0.002426
23.748658 0.001522
23.753658 0.000817
23.758659 -0.000439
23.763660 -0.001143
23.768661 -0.001848
23.773661 -0.002906
23.778662 -0.003963
23.783663 -0.004668
23.788664 -0.005373
23.793665 -0.006078
23.798665 -0.006231
23.803666 -0.006936
23.808667 -0.006738
23.813668 -0.007090
23.818668 -0.006891
23.823669 -0.006340
23.828670 -0.005789
23.833671 -0.005789
23.838671 -0.005238
23.843672 -0.004136
23.848673 -0.003233
23.853674 -0.002682
23.858675 -0.001778
23.863675 -0.000323
23.868676 0.000779
23.873677 0.001682
23.878678 0.002784
23.883678 0.003688
23.888679 0.004790
23.893680 0.005143
23.898681 0.005694
23.903681 0.006046
23.908682 0.006046
23.913683 0.006398
23.918684 0.005847
23.923685 0.006200
23.928685 0.005450
23.933686 0.005802
23.938687 0.005053
23.943688 0.004502
23.948688 0.003752
23.953689 0.003002
23.958690 0.002803
23.963691 0.002054
23.968691 0.000951
23.973692 0.000753
23.978693 -0.000349
23.983694 -0.000900
23.988695 -0.001452
23.993695 -0.002003
23.998696 -0.002554
24.003697 -0.003105
24.008698 -0.003105
24.013698 -0.003656
24.018699 -0.003656
24.023700 -0.003656
24.028701 -0.003656
24.033701 -0.003304
24.038702 -0.002753
24.043703 -0.002753
24.048704 -0.002201
24.053705 -0.001650
24.058705 -0.001298
24.063706 -0.000747
24.068707 -0.000196
24.073708 0.000708
24.078708 0.000708
24.083709 0.001259
24.088710 0.001611
24.093711 0.001060
24.098711 0.001060
24.103712 0.001412
24.108713 0.001412
24.113714 0.000861
24.118715 0.000861
24.123715 0.000861
24.128716 0.000310
24.133717 0.000310
24.138718 -0.000042
24.143718 0.000509
24.148719 0.000156
24.153720 0.000156
24.158721 0.000355
24.163722 0.000554
24.168722 0.000201
24.173723 0.000400
24.178724 0.000599
24.183725 0.000246
24.188725 0.000445
24.193726 0.000092
24.198727 0.000291
24.203728 -0.000062
24.208728 -0.000414
24.213729 -0.000766
24.218730 -0.001119
24.223731 -0.001471
24.228732 -0.001824
24.233732 -0.002727
24.238733 -0.003080
24.243734 -0.003631
24.248735 -0.003983
24.253735 -0.004534
24.258736 -0.004887
24.263737 -0.005239
24.268738 -0.005790
24.273738 -0.005790
24.278739 -0.006143
24.283740 -0.006143
24.288741 -0.006143
24.293742 -0.006495
24.298742 -0.006495
24.303743 -0.006495
24.308744 -0.005944
24.313745 -0.005592
24.318745 -0.005041
24.323746 -0.005041
24.328747 -0.004137
24.333748 -0.003785
24.338748 -0.003234
24.343749 -0.002881
24.348750 -0.002177
24.353751 -0.001273
24.358752 -0.000921
24.363752 -0.000216
24.368753 0.000688
24.373754 0.001393
24.378755 0.001745
24.383755 0.002649
24.388756 0.003353
24.393757 0.003706
24.398758 0.004257
24.403758 0.004257
24.408759 0.004609
24.413760 0.004609
24.418761 0.004808
24.423762 0.004456
24.428762 0.004103
24.433763 0.003751
24.438764 0.003398
24.443765 0.002693
24.448765 0.002892
24.453766 0.002539
24.458767 0.002187
24.463768 0.001284
24.468768 0.000931
24.473769 0.000579
24.478770 0.000226
24.483771 0.000777
24.488772 0.000425
24.493772 0.000425
24.498773 0.000425
24.503774 0.000777
24.508775 0.001328
24.513775 0.001328
24.518776 0.002232
24.523777 0.002232
24.528778 0.002584
24.533778 0.002937
24.538779 0.002937
24.543780 0.002738
24.548781 0.003090
24.553782 0.003443
24.558782 0.003244
24.563783 0.003597
24.568784 0.003199
24.573785 0.003552
24.578785 0.003353
24.583786 0.003154
24.588787 0.002757
24.593788 0.002558
24.598789 0.002360
24.603789 0.001610
24.608790 0.001059
24.613791 0.000860
24.618792 0.000309
24.623792 0.000110
24.628793 0.000110
24.633794 -0.000793
24.638795 -0.001344
24.643795 -0.001895
24.648796 -0.002248
24.653797 -0.002799
24.658798 -0.003151
24.663799 -0.004055
24.668799 -0.004407
24.673800 -0.004760
24.678801 -0.005311
24.683802 -0.005663
24.688802 -0.005663
24.693803 -0.006016
24.698804 -0.006567
24.703805 -0.006016
24.708805 -0.006368
24.713806 -0.006016
24.718807 -0.006016
24.723808 -0.006016
24.728809 -0.005663
24.733809 -0.005663
24.738810 -0.005311
24.743811 -0.004760
24.748812 -0.004209
24.753812 -0.003856
24.758813 -0.002953
24.763814 -0.002402
24.768815 -0.001498
24.773815 -0.000396
24.778816 0.000507
24.783817 0.001058
24.788818 0.001962
24.793819 0.003064
24.798819 0.003615
24.803820 0.004717
24.808821 0.005621
24.813822 0.006172
24.818822 0.006371
24.823823 0.006922
24.828824 0.008024
24.833825 0.008222
24.838825 0.008421
24.843826 0.008421
24.848827 0.008620
24.853828 0.007915
24.858829 0.008466
24.863829 0.008664
24.868830 0.008312
24.873831 0.007960
24.878832 0.007607
24.883832 0.007255
24.888833 0.006351
24.893834 0.006351
24.898835 0.004897
24.903835 0.004345
24.908836 0.003794
24.913837 0.002692
24.918838 0.002141
24.923839 0.001590
24.928839 0.000488
24.933840 0.000840
24.938841 -0.000262
24.943842 -0.000262
24.948842 -0.000813
24.953843 -0.001364
24.958844 -0.001915
24.963845 -0.001915
24.968846 -0.002819
24.973846 -0.003171
24.978847 -0.003722
24.983848 -0.004075
24.988849 -0.004427
24.993849 -0.004780
24.998850 -0.006036
25.003851 -0.006388
25.008852 -0.006741
25.013852 -0.007445
25.018853 -0.007798
25.023854 -0.008150
25.028855 -0.008855
25.033856 -0.008657
25.038856 -0.009009
25.043857 -0.008810
25.048858 -0.008810
25.053859 -0.008259
25.058859 -0.008061
25.063860 -0.007510
25.068861 -0.006959
25.073862 -0.006055
25.078862 -0.005504
25.083863 -0.004600
25.088864 -0.003697
25.093865 -0.002441
25.098866 -0.001538
25.103866 -0.000282
25.108867 0.000071
25.113868 0.001327
25.118869 0.001679
25.123869 0.002384
25.128870 0.002736
25.133871 0.003441
25.138872 0.003243
25.143872 0.003595
25.148873 0.003948
25.153874 0.003948
25.158875 0.003749
25.163876 0.003749
25.168876 0.003749
25.173877 0.003198
25.178878 0.003198
25.183879 0.002647
25.188879 0.002448
25.193880 0.001897
25.198881 0.001897
25.203882 0.001346
25.208882 0.000795
25.213883 0.000244
25.218884 0.000045
25.223885 -0.000859
25.228886 -0.000506
25.233886 -0.001057
25.238887 -0.001057
25.243888 -0.001608
25.248889 -0.001256
25.253889 -0.001256
25.258890 -0.000904
25.263891 -0.000904
25.268892 -0.000904
25.273892 -0.000551
25.278893 -0.000199
25.283894 0.000352
25.288895 0.000154
25.293896 0.000506
25.298896 0.000506
25.303897 0.000858
25.308898 0.001211
25.313899 0.001563
25.318899 0.001365
25.323900 0.001717
25.328901 0.002069
25.333902 0.001871
25.338902 0.002774
25.343903 0.003127
25.348904 0.003127
25.353905 0.002928
25.358906 0.003479
25.363906 0.003479
25.368907 0.003127
25.373908 0.003678
25.378909 0.003325
25.383909 0.002973
25.388910 0.003171
25.393911 0.002819
25.398912 0.002467
25.403913 0.002114
25.408913 0.001960
25.413914 0.001608
25.418915 0.001255
25.423916 0.000903
25.428916 0.000198
25.433917 -0.000154
25.438918 -0.000507
25.443919 -0.000308
25.448919 -0.001212
25.453920 -0.000661
25.458921 -0.001013
25.463922 -0.000814
25.468923 -0.000263
25.473923 0.000288
25.478924 0.000486
25.483925 0.000685
25.488926 0.001236
25.493926 0.001787
25.498927 0.002338
25.503928 0.002889
25.508929 0.002889
25.513929 0.003440
25.518930 0.003991
25.523931 0.003639
25.528932 0.004543
25.533933 0.004190
25.538933 0.004190
25.543934 0.004190
25.548935 0.004741
25.553936 0.004389
25.558936 0.003485
25.563937 0.003485
25.568938 0.002031
25.573939 0.001678
25.578939 0.000775
25.583940 0.000223
25.588941 -0.000680
25.593942 -0.001033
25.598943 -0.001936
25.603943 -0.002289
25.608944 -0.002840
25.613945 -0.003391
25.618946 -0.003942
25.623946 -0.003589
25.628947 -0.004140
25.633948 -0.004339
25.638949 -0.004538
25.643949 -0.004736
25.648950 -0.005486
25.653951 -0.005685
25.658952 -0.005531
25.663953 -0.005377
25.668953 -0.005576
25.673954 -0.004871
25.678955 -0.005070
25.683956 -0.004365
25.688956 -0.004564
25.693957 -0.004211
25.698958 -0.003859
25.703959 -0.002955
25.708959 -0.002603
25.713960 -0.001699
25.718961 -0.001699
25.723962 -0.000796
25.728963 0.000108
25.733963 0.000659
25.738964 0.001210
25.743965 0.001960
25.748966 0.002511
25.753966 0.002709
25.758967 0.003811
25.763968 0.004010
25.768969 0.004209
25.773970 0.004606
25.778970 0.004805
25.783971 0.004651
25.788972 0.004497
25.793973 0.003792
25.798973 0.003638
25.803974 0.002933
25.808975 0.001678
25.813976 0.000620
25.818976 -0.000085
25.823977 -0.001341
25.828978 -0.002046
25.833979 -0.002949
25.838980 -0.004205
25.843980 -0.004557
25.848981 -0.005262
25.853982 -0.005813
25.858983 -0.006717
25.863983 -0.007268
25.868984 -0.007268
25.873985 -0.008018
25.878986 -0.007665
25.883986 -0.008063
25.888987 -0.008261
25.893988 -0.008108
25.898989 -0.007954
25.903990 -0.008153
25.908990 -0.007095
25.913991 -0.006941
25.918992 -0.006237
25.923993 -0.006083
25.928993 -0.005026
25.933994 -0.004872
25.938995 -0.004167
25.943996 -0.003815
25.948996 -0.003661
25.953997 -0.002956
25.958998 -0.002052
25.963999 -0.001348
25.969000 -0.001546
25.974000 -0.001194
25.979001 0.000062
25.984002 0.000415
25.989003 0.000415
25.994003 0.000767
25.999004 0.001671
26.004005 0.002023
26.009006 0.002574
26.014006 0.002926
26.019007 0.003478
26.024008 0.004029
26.029009 0.004029
26.034010 0.004227
26.039010 0.004227
26.044011 0.004426
26.049012 0.004977
26.054013 0.004624
26.059013 0.004272
26.064014 0.004823
26.069015 0.004471
26.074016 0.004118
26.079016 0.003766
26.084017 0.003215
26.089018 0.002862
26.094019 0.002862
26.099020 0.002510
26.104020 0.002157
26.109021 0.002157
26.114022 0.001606
26.119023 0.001805
26.124023 0.001254
26.129024 0.001805
26.134025 0.001452
26.139026 0.002003
26.144026 0.002003
26.149027 0.002202
26.154028 0.002202
26.159029 0.003304
26.164030 0.003855
26.169030 0.004406
26.174031 0.004054
26.179032 0.005156
26.184033 0.004804
26.189033 0.005355
26.194034 0.005553
26.199035 0.006104
26.204036 0.005752
26.209037 0.005951
26.214037 0.005598
26.219038 0.005797
26.224039 0.005444
26.229040 0.004739
26.234040 0.004387
26.239041 0.004233
26.244042 0.003528
26.249043 0.003176
26.254043 0.001920
26.259044 0.001567
26.264045 0.000312
26.269046 -0.000041
26.274047 -0.000393
26.279047 -0.001297
26.284048 -0.001649
26.289049 -0.002200
26.294050 -0.002200
26.299050 -0.002200
26.304051 -0.002752
26.309052 -0.002399
26.314053 -0.002598
26.319053 -0.002598
26.324054 -0.002797
26.329055 -0.002995
26.334056 -0.002290
26.339057 -0.002489
26.344057 -0.002335
26.349058 -0.002181
26.354059 -0.001477
26.359060 -0.001675
26.364060 -0.001874
26.369061 -0.001169
26.374062 -0.001368
26.379063 -0.001566
26.384063 -0.001765
26.389064 -0.001413
26.394065 -0.001964
26.399066 -0.001964
26.404067 -0.001964
26.409067 -0.001964
26.414068 -0.002515
26.419069 -0.002515
26.424070 -0.002515
26.429070 -0.002867
26.434071 -0.002867
26.439072 -0.003418
26.444073 -0.003066
26.449073 -0.003066
26.454074 -0.002714
26.459075 -0.002714
26.464076 -0.002912
26.469077 -0.002912
26.474077 -0.002560
26.479078 -0.002560
26.484079 -0.003111
26.489080 -0.002759
26.494080 -0.002759
26.499081 -0.002759
26.504082 -0.002208
26.509083 -0.002208
26.514083 -0.002560
26.519084 -0.002009
26.524085 -0.001810
26.529086 -0.002163
26.534087 -0.001612
26.539087 -0.001413
26.544088 -0.001214
26.549089 -0.001016
26.554090 -0.000817
26.559090 -0.001170
26.564091 -0.000067
26.569092 -0.000420
26.574093 0.000131
26.579093 0.000682
26.584094 0.000881
26.589095 0.001785
26.594096 0.002336
26.599097 0.002887
26.604097 0.003438
26.609098 0.004341
26.614099 0.004341
26.619100 0.004892
26.624100 0.005796
26.629101 0.005796
26.634102 0.005796
26.639103 0.006347
26.644104 0.006347
26.649104 0.006347
26.654105 0.006347
26.659106 0.005796
26.664107 0.005245
26.669107 0.004694
26.674108 0.003591
26.679109 0.003040
26.684110 0.001586
26.689110 0.001035
26.694111 0.000285
26.699112 -0.000817
26.704113 -0.002272
26.709114 -0.003022
26.714114 -0.003573
26.719115 -0.004323
26.724116 -0.005425
26.729117 -0.006175
26.734117 -0.006726
26.739118 -0.007475
26.744119 -0.007674
26.749120 -0.007873
26.754120 -0.008071
26.759121 -0.008270
26.764122 -0.007565
26.769123 -0.007764
26.774124 -0.007411
26.779124 -0.007059
26.784125 -0.006354
26.789126 -0.006002
26.794127 -0.005649
26.799127 -0.004746
26.804128 -0.004746
26.809129 -0.003842
26.814130 -0.003291
26.819130 -0.002740
26.824131 -0.002189
26.829132 -0.001439
26.834133 -0.000888
26.839134 -0.000139
26.844134 0.000611
26.849135 0.001361
26.854136 0.002111
26.859137 0.002860
26.864137 0.003258
26.869138 0.004007
26.874139 0.005308
26.879140 0.005705
26.884140 0.006455
26.889141 0.006654
26.894142 0.007404
26.899143 0.007250
26.904144 0.007999
26.909144 0.007295
26.914145 0.006590
26.919146 0.006788
26.924147 0.006083
26.929147 0.005731
26.934148 0.005026
26.939149 0.004674
26.944150 0.004321
26.949150 0.003969
26.954151 0.003065
26.959152 0.002162
26.964153 0.002162
26.969154 0.001809
26.974154 0.001258
26.979155 0.001258
26.984156 0.000707
26.989157 0.000707
26.994157 0.001059
26.999158 0.000861
27.004159 0.000310
27.009160 0.000111
27.014161 -0.000088
27.019161 0.000066
27.024162 -0.000133
27.029163 0.000220
27.034164 0.000374
27.039164 0.000175
27.044165 0.000329
27.049166 0.000681
27.054167 0.001386
27.059167 0.001540
27.064168 0.001892
27.069169 0.002046
27.074170 0.002398
27.079171 0.002751
27.084171 0.002552
27.089172 0.002905
27.094173 0.002706
27.099174 0.002706
27.104174 0.002155
27.109175 0.002155
27.114176 0.001604
27.119177 0.001251
27.124177 0.000700
27.129178 0.000348
27.134179 -0.000556
27.139180 -0.000908
27.144181 -0.001613
27.149181 -0.001966
27.154182 -0.002318
27.159183 -0.002670
27.164184 -0.003023
27.169184 -0.003375
27.174185 -0.003728
27.179186 -0.003728
27.184187 -0.004080
27.189187 -0.004080
27.194188 -0.003882
27.199189 -0.003882
27.204190 -0.003882
27.209191 -0.003882
27.214191 -0.003882
27.219192 -0.003882
27.224193 -0.002978
27.229194 -0.003177
27.234194 -0.003177
27.239195 -0.002824
27.244196 -0.002824
27.249197 -0.002472
27.254197 -0.002671
27.259198 -0.002318
27.264199 -0.002318
27.269200 -0.002517
27.274201 -0.003068
27.279201 -0.003068
27.284202 -0.003267
27.289203 -0.003267
27.294204 -0.003818
27.299204 -0.004170
27.304205 -0.004721
27.309206 -0.004721
27.314207 -0.004721
27.319207 -0.005074
27.324208 -0.005074
27.329209 -0.005074
27.334210 -0.005426
27.339211 -0.004875
27.344211 -0.004324
27.349212 -0.003773
27.354213 -0.003574
27.359214 -0.003574
27.364214 -0.003023
27.369215 -0.002472
27.374216 -0.001370
27.379217 -0.000819
27.384217 -0.000268
27.389218 0.000283
27.394219 0.000834
27.399220 0.000834
27.404221 0.001385
27.409221 0.001385
27.414222 0.002289
27.419223 0.002289
27.424224 0.002840
27.429224 0.002840
27.434225 0.003743
27.439226 0.003743
27.444227 0.003743
27.449228 0.003743
27.454228 0.004096
27.459229 0.004647
27.464230 0.004647
27.469231 0.004647
27.474231 0.005198
27.479232 0.005198
27.484233 0.005198
27.489234 0.005550
27.494234 0.006101
27.499235 0.006101
27.504236 0.006101
27.509237 0.005550
27.514238 0.005903
27.519238 0.005550
27.524239 0.004999
27.529240 0.005351
27.534241 0.004800
27.539241 0.004800
27.544242 0.004800
27.549243 0.003897
27.554244 0.003346
27.559244 0.003346
27.564245 0.002442
27.569246 0.001891
27.574247 0.000987
27.579248 0.000987
27.584248 0.000084
27.589249 -0.001018
27.594250 -0.001371
27.599251 -0.001922
27.604251 -0.002473
27.609252 -0.003024
27.614253 -0.003575
27.619254 -0.004126
27.624254 -0.004677
27.629255 -0.004325
27.634256 -0.004876
27.639257 -0.004524
27.644258 -0.004524
27.649258 -0.004171
27.654259 -0.003819
27.659260 -0.003466
27.664261 -0.003466
27.669261 -0.003114
27.674262 -0.002210
27.679263 -0.001659
27.684264 -0.000756
27.689264 -0.000756
27.694265 -0.000205
27.699266 0.000346
27.704267 0.000897
27.709268 0.001096
27.714268 0.001647
27.719269 0.001846
27.724270 0.002044
27.729271 0.002243
27.734271 0.002442
27.739272 0.002640
27.744273 0.002288
27.749274 0.001935
27.754274 0.002134
27.759275 0.001429
27.764276 0.001077
27.769277 0.000724
27.774278 -0.000179
27.779278 0.000019
27.784279 -0.000884
27.789280 -0.000884
27.794281 -0.001237
27.799281 -0.001788
27.804282 -0.002140
27.809283 -0.002691
27.814284 -0.002691
27.819285 -0.003242
27.824285 -0.003242
27.829286 -0.003441
27.834287 -0.003441
27.839288 -0.003441
27.844288 -0.003640
27.849289 -0.004191
27.854290 -0.004191
27.859291 -0.003838
27.864291 -0.004037
27.869292 -0.004037
27.874293 -0.003685
27.879294 -0.003685
27.884295 -0.003332
27.889295 -0.003332
27.894296 -0.002980
27.899297 -0.002429
27.904298 -0.002076
27.909298 -0.001724
27.914299 -0.001371
27.919300 -0.000820
27.924301 -0.000468
27.929301 0.000436
27.934302 0.000788
27.939303 0.001140
27.944304 0.001493
27.949305 0.002396
27.954305 0.002749
27.959306 0.002550
27.964307 0.002902
27.969308 0.003255
27.974308 0.003607
27.979309 0.003409
27.984310 0.003761
27.989311 0.003761
27.994311 0.003562
27.999312 0.003562
28.004313 0.003562
28.009314 0.003562
28.014315 0.003562
28.019315 0.003562
28.024316 0.003761
28.029317 0.003409
28.034318 0.003409
28.039318 0.003607
28.044319 0.003806
28.049320 0.003453
28.054321 0.003300
28.059321 0.003498
28.064322 0.003146
28.069323 0.003344
28.074324 0.002992
28.079325 0.002287
28.084325 0.002486
28.089326 0.002133
28.094327 0.001428
28.099328 0.001627
28.104328 0.001275
28.109329 0.000922
28.114330 0.000570
28.119331 0.000570
28.124331 0.000217
28.129332 -0.000334
28.134333 -0.000686
28.139334 -0.000686
28.144335 -0.001237
28.149335 -0.001789
28.154336 -0.001987
28.159337 -0.002538
28.164338 -0.002737
28.169338 -0.003288
28.174339 -0.003487
28.179340 -0.003685
28.184341 -0.003884
28.189341 -0.004435
28.194342 -0.004634
28.199343 -0.004833
28.204344 -0.004480
28.209345 -0.004480
28.214345 -0.004128
28.219346 -0.004326
28.224347 -0.003775
28.229348 -0.003423
28.234348 -0.003423
28.239349 -0.002872
28.244350 -0.002519
28.249351 -0.002519
28.254352 -0.001968
28.259352 -0.001968
28.264353 -0.001065
28.269354 -0.000514
28.274355 -0.000514
28.279355 0.000037
28.284356 0.000588
28.289357 0.001139
28.294358 0.001691
28.299358 0.001691
28.304359 0.002242
28.309360 0.002440
28.314361 0.002440
28.319362 0.002991
28.324362 0.002639
28.329363 0.003190
28.334364 0.003190
28.339365 0.003389
28.344365 0.003389
28.349366 0.003940
28.354367 0.004491
28.359368 0.004491
28.364368 0.004491
28.369369 0.004491
28.374370 0.004491
28.379371 0.005394
28.384372 0.004843
28.389372 0.004843
28.394373 0.005196
28.399374 0.005195
28.404375 0.004997
28.409375 0.004997
28.414376 0.004997
28.419377 0.004798
28.424378 0.004798
28.429378 0.004798
28.434379 0.004247
28.439380 0.004247
28.444381 0.003696
28.449382 0.003145
28.454382 0.003145
28.459383 0.002594
28.464384 0.001690
28.469385 0.001690
28.474385 0.001139
28.479386 0.000236
28.484387 -0.000117
28.489388 -0.000668
28.494388 -0.001572
28.499389 -0.002123
28.504390 -0.002475
28.509391 -0.003379
28.514392 -0.004282
28.519392 -0.004635
28.524393 -0.005538
28.529394 -0.006442
28.534395 -0.006794
28.539395 -0.007698
28.544396 -0.008249
28.549397 -0.008601
28.554398 -0.009505
28.559398 -0.009505
28.564399 -0.010408
28.569400 -0.010408
28.574401 -0.010408
28.579402 -0.010408
28.584402 -0.010408
28.589403 -0.010408
28.594404 -0.010056
28.599405 -0.009505
28.604405 -0.009152
28.609406 -0.009152
28.614407 -0.008249
28.619408 -0.007897
28.624409 -0.007345
28.629409 -0.006993
28.634410 -0.006090
28.639411 -0.005186
28.644412 -0.004834
28.649412 -0.003930
28.654413 -0.003027
28.659414 -0.002475
28.664415 -0.001572
28.669415 -0.000668
28.674416 0.000235
28.679417 0.000786
28.684418 0.001690
28.689419 0.002241
28.694419 0.002593
28.699420 0.003144
28.704421 0.003497
28.709422 0.004048
28.714422 0.004599
28.719423 0.004951
28.724424 0.005502
28.729425 0.005502
28.734425 0.005502
28.739426 0.006053
28.744427 0.006053
28.749428 0.006053
28.754429 0.006053
28.759429 0.006604
28.764430 0.006053
28.769431 0.006053
28.774432 0.005502
28.779432 0.005150
28.784433 0.005150
28.789434 0.004599
28.794435 0.004599
28.799435 0.004599
28.804436 0.004047
28.809437 0.004047
28.814438 0.004047
28.819439 0.003496
28.824439 0.003496
28.829440 0.003496
28.834441 0.002945
28.839442 0.002945
28.844442 0.003298
28.849443 0.002747
28.854444 0.002746
28.859445 0.002746
28.864445 0.002195
28.869446 0.002548
28.874447 0.002195
28.879448 0.002195
28.884449 0.002195
28.889449 0.002195
28.894450 0.001843
28.899451 0.001843
28.904452 0.001292
28.909452 0.000939
28.914453 0.000587
28.919454 0.000587
28.924455 0.000234
28.929455 -0.000317
28.934456 -0.000669
28.939457 -0.001573
28.944458 -0.002124
28.949459 -0.002476
28.954459 -0.003027
28.959460 -0.003380
28.964461 -0.003931
28.969462 -0.003931
28.974462 -0.004482
28.979463 -0.004482
28.984464 -0.004482
28.989465 -0.004482
28.994465 -0.004482
28.999466 -0.004482
29.004467 -0.004130
29.009468 -0.004130
29.014469 -0.003579
29.019469 -0.003579
29.024470 -0.002675
29.029471 -0.002675
29.034472 -0.002124
29.039472 -0.001220
29.044473 -0.000669
29.049474 -0.000118
29.054475 -0.000118
29.059476 0.000080
29.064476 0.000631
29.069477 0.000631
29.074478 0.001182
29.079479 0.001381
29.084479 0.001580
29.089480 0.001580
29.094481 0.001778
29.099482 0.001778
29.104482 0.001977
29.109483 0.001977
29.114484 0.001625
29.119485 0.001272
29.124486 0.001823
29.129486 0.001471
29.134487 0.001471
29.139488 0.001471
29.144489 0.001471
29.149489 0.000920
29.154490 0.000920
29.159491 0.000920
29.164492 0.001272
29.169492 0.000721
29.174493 0.000721
29.179494 0.000522
29.184495 -0.000029
29.189496 -0.000029
29.194496 -0.000580
29.199497 -0.000779
29.204498 -0.000779
29.209499 -0.000779
29.214499 -0.000977
29.219500 -0.000977
29.224501 -0.000977
29.229502 -0.001176
29.234502 -0.001176
29.239503 -0.001176
29.244504 -0.000824
29.249505 -0.000471
29.254506 -0.000471
29.259506 -0.000119
29.264507 -0.000119
29.269508 0.000234
29.274509 0.000586
29.279509 0.000586
29.284510 0.000938
29.289511 0.000938
29.294512 0.001842
29.299512 0.001842
29.304513 0.001842
29.309514 0.002194
29.314515 0.002194
29.319516 0.002194
29.324516 0.002194
29.329517 0.002547
29.334518 0.002547
29.339519 0.002547
29.344519 0.002547
29.349520 0.002899
29.354521 0.002348
29.359522 0.002348
29.364522 0.002348
29.369523 0.001797
29.374524 0.001797
29.379525 0.001797
29.384526 0.000893
29.389526 0.000893
29.394527 0.000893
29.399528 0.000541
29.404529 0.000541
29.409529 0.000188
29.414530 -0.000164
29.419531 -0.000164
29.424532 0.000035
29.429533 0.000035
29.434533 -0.000318
29.439534 0.000233
29.444535 -0.000119
29.449536 -0.000119
29.454536 -0.000472
29.459537 0.000079
29.464538 -0.000273
29.469539 -0.000273
29.474539 -0.000273
29.479540 -0.000626
29.484541 -0.000626
29.489542 -0.000978
29.494543 -0.000978
29.499543 -0.001331
29.504544 -0.001331
29.509545 -0.002234
29.514546 -0.001683
29.519546 -0.002234
29.524547 -0.002587
29.529548 -0.003138
29.534549 -0.003138
29.539549 -0.003138
29.544550 -0.003689
29.549551 -0.003336
29.554552 -0.003336
29.559553 -0.002984
29.564553 -0.003535
29.569554 -0.003183
29.574555 -0.002830
29.579556 -0.002830
29.584556 -0.003029
29.589557 -0.002125
29.594558 -0.001773
29.599559 -0.001421
29.604559 -0.001068
29.609560 -0.000716
29.614561 -0.000363
29.619562 -0.000011
29.624563 -0.000011
29.629563 0.000342
29.634564 0.000893
29.639565 0.001245
29.644566 0.001245
29.649566 0.001796
29.654567 0.001796
29.659568 0.001796
29.664569 0.002347
29.669569 0.001995
29.674570 0.002193
29.679571 0.002193
29.684572 0.002392
29.689573 0.002040
29.694573 0.002238
29.699574 0.002437
29.704575 0.002635
29.709576 0.002283
29.714576 0.002482
29.719577 0.002680
29.724578 0.002879
29.729579 0.003078
29.734579 0.002725
29.739580 0.003276
29.744581 0.002924
29.749582 0.002924
29.754583 0.002020
29.759583 0.002020
29.764584 0.002020
29.769585 0.002020
29.774586 0.001469
29.779586 0.001117
29.784587 0.000918
29.789588 0.000918
29.794589 0.000367
29.799589 0.000367
29.804590 0.000168
29.809591 0.000168
29.814592 -0.000030
29.819593 -0.000030
29.824593 -0.000229
29.829594 -0.000428
29.834595 -0.000979
29.839596 -0.000626
29.844596 -0.000825
29.849597 -0.000825
29.854598 -0.001024
29.859599 -0.001222
29.864600 -0.000870
29.869600 -0.001069
29.874601 -0.001620
29.879602 -0.001267
29.884603 -0.001466
29.889603 -0.001466
29.894604 -0.001114
29.899605 -0.001665
29.904606 -0.001665
29.909606 -0.002216
29.914607 -0.002568
29.919608 -0.002568
29.924609 -0.002568
29.929610 -0.003472
29.934610 -0.002921
29.939611 -0.003273
29.944612 -0.003273
29.949613 -0.003273
29.954613 -0.003626
29.959614 -0.003427
29.964615 -0.003427
29.969616 -0.003780
29.974616 -0.003780
29.979617 -0.004132
29.984618 -0.003581
29.989619 -0.003933
29.994620 -0.003933
29.999620 -0.003933
30.004621 -0.004286
30.009622 -0.003735
30.014623 -0.004087
30.019623 -0.004087
30.024624 -0.003536
30.029625 -0.003536
30.034626 -0.002985
30.039626 -0.002434
30.044627 -0.002434
30.049628 -0.002235
30.054629 -0.001332
30.059630 -0.000781
30.064630 -0.000781
30.069631 -0.000230
30.074632 0.000321
30.079633 0.000872
30.084633 0.000872
30.089634 0.001423
30.094635 0.001975
30.099636 0.001975
30.104636 0.002526
30.109637 0.002878
30.114638 0.002878
30.119639 0.002878
30.124640 0.002878
30.129640 0.002878
30.134641 0.002878
30.139642 0.002878
30.144643 0.002878
30.149643 0.002878
30.154644 0.002878
30.159645 0.002878
30.164646 0.002679
30.169646 0.002679
30.174647 0.002679
30.179648 0.001577
30.184649 0.001577
30.189650 0.001026
30.194650 0.000475
30.199651 -0.000076
30.204652 -0.000627
30.209653 -0.001178
30.214653 -0.002082
30.219654 -0.002082
30.224655 -0.002633
30.229656 -0.002633
30.234657 -0.003184
30.239657 -0.003184
30.244658 -0.003184
30.249659 -0.003184
30.254660 -0.003184
30.259660 -0.003184
30.264661 -0.002633
30.269662 -0.002281
30.274663 -0.002281
30.279663 -0.001928
30.284664 -0.001025
30.289665 -0.000672
30.294666 0.000231
30.299667 0.000583
30.304667 0.000583
30.309668 0.001487
30.314669 0.002192
30.319670 0.002544
30.324670 0.002544
30.329671 0.003448
30.334672 0.003800
30.339673 0.004153
30.344673 0.004153
30.349674 0.004505
30.354675 0.004505
30.359676 0.004505
30.364677 0.004505
30.369677 0.004505
30.374678 0.004505
30.379679 0.004505
30.384680 0.004152
30.389680 0.004152
30.394681 0.004152
30.399682 0.003800
30.404683 0.003800
30.409683 0.003800
30.414684 0.003448
30.419685 0.003448
30.424686 0.003095
30.429687 0.003095
30.434687 0.003095
30.439688 0.002743
30.444689 0.002743
30.449690 0.002390
30.454690 0.002390
30.459691 0.002038
30.464692 0.002038
30.469693 0.001685
30.474693 0.001333
30.479694 0.001333
30.484695 0.000980
30.489696 0.000628
30.494697 0.000827
30.499697 -0.000077
30.504698 0.000122
30.509699 -0.000429
30.514700 -0.000782
30.519700 -0.001134
30.524701 -0.001487
30.529702 -0.001487
30.534703 -0.001839
30.539703 -0.002192
30.544704 -0.002544
30.549705 -0.002544
30.554706 -0.002897
30.559707 -0.002897
30.564707 -0.002346
30.569708 -0.002698
30.574709 -0.002698
30.579710 -0.002698
30.584710 -0.002147
30.589711 -0.001795
30.594712 -0.001795
30.599713 -0.001795
30.604713 -0.002346
30.609714 -0.001993
30.614715 -0.001993
30.619716 -0.001993
30.624717 -0.001641
30.629717 -0.001840
30.634718 -0.001487
30.639719 -0.001487
30.644720 -0.001686
30.649720 -0.001333
30.654721 -0.000981
30.659722 -0.000629
30.664723 -0.000629
30.669724 -0.000276
30.674724 -0.000475
30.679725 -0.000122
30.684726 -0.000122
30.689727 0.000230
30.694727 0.000230
30.699728 0.000031
30.704729 0.000031
30.709730 0.000031
30.714730 0.000384
30.719731 -0.000167
30.724732 -0.000167
30.729733 -0.000718
30.734734 -0.001071
30.739734 -0.001071
30.744735 -0.001071
30.749736 -0.001071
30.754737 -0.001071
30.759737 -0.001974
30.764738 -0.001423
30.769739 -0.001423
30.774740 -0.001423
30.779740 -0.001776
30.784741 -0.001423
30.789742 -0.001776
30.794743 -0.001776
30.799744 -0.001776
30.804744 -0.001225
30.809745 -0.001225
30.814746 -0.001225
30.819747 -0.001577
30.824747 -0.001577
30.829748 -0.001225
30.834749 -0.001225
30.839750 -0.000674
30.844750 -0.000674
30.849751 -0.000674
30.854752 -0.000674
30.859753 -0.000674
30.864754 -0.000674
30.869754 -0.000674
30.874755 0.000230
30.879756 0.000230
30.884757 0.000230
30.889757 0.000230
30.894758 0.000230
30.899759 0.000230
30.904760 0.000781
30.909760 0.000781
30.914761 0.000781
30.919762 0.000781
30.924763 0.000428
30.929764 0.000979
30.934764 0.000979
30.939765 0.000979
30.944766 0.000627
30.949767 0.000627
30.954767 0.000627
30.959768 -0.000277
30.964769 -0.000277
30.969770 -0.000277
30.974770 -0.001180
30.979771 -0.001180
30.984772 -0.001731
30.989773 -0.001731
30.994774 -0.002283
30.999774 -0.002283
31.004775 -0.002283
31.009776 -0.002834
31.014777 -0.002834
31.019777 -0.002834
31.024778 -0.002834
31.029779 -0.002481
31.034780 -0.002481
31.039780 -0.002481
31.044781 -0.002129
31.049782 -0.002129
31.054783 -0.002129
31.059784 -0.001225
31.064784 -0.001225
31.069785 -0.000322
31.074786 -0.000322
31.079787 0.000030
31.084787 0.000582
31.089788 0.000582
31.094789 0.001133
31.099790 0.001133
31.104791 0.002036
31.109791 0.002036
31.114792 0.002036
31.119793 0.002587
31.124794 0.002587
31.129794 0.002587
31.134795 0.002587
31.139796 0.002940
31.144797 0.002587
31.149797 0.002587
31.154798 0.002587
31.159799 0.002587
31.164800 0.002235
31.169801 0.002235
31.174801 0.001882
31.179802 0.001882
31.184803 0.001882
31.189804 0.001530
31.194804 0.001530
31.199805 0.001530
31.204806 0.001530
31.209807 0.001177
31.214807 0.001177
31.219808 0.001177
31.224809 0.001177
31.229810 0.001177
31.234811 0.001177
31.239811 0.001376
31.244812 0.001177
31.249813 0.001177
31.254814 0.001376
31.259814 0.001376
31.264815 0.001376
31.269816 0.001376
31.274817 0.001023
31.279817 0.001023
31.284818 0.001023
31.289819 0.001574
31.294820 0.001222
31.299821 0.000671
31.304821 0.000671
31.309822 0.000671
31.314823 0.000120
31.319824 -0.000233
31.324824 -0.000233
31.329825 -0.000784
31.334826 -0.000784
31.339827 -0.000784
31.344827 -0.000784
31.349828 -0.001335
31.354829 -0.001688
31.359830 -0.001136
31.364831 -0.001688
31.369831 -0.001688
31.374832 -0.001136
31.379833 -0.001136
31.384834 -0.000938
31.389834 -0.000585
31.394835 -0.000585
31.399836 -0.000585
31.404837 -0.000233
31.409837 -0.000233
31.414838 0.000119
31.419839 0.000119
31.424840 -0.000079
31.429841 0.000273
31.434841 0.000273
31.439842 0.000273
31.444843 0.000074
31.449844 0.000427
31.454844 0.000427
31.459845 0.000228
31.464846 0.000228
31.469847 -0.000323
31.474848 -0.000323
31.479848 0.000029
31.484849 0.000029
31.489850 -0.000169
31.494851 -0.000169
31.499851 -0.000169
31.504852 -0.000169
31.509853 -0.000720
31.514854 -0.000368
31.519854 -0.000368
31.524855 -0.000368
31.529856 -0.000919
31.534857 -0.000368
31.539858 -0.000919
31.544858 -0.000919
31.549859 -0.000919
31.554860 -0.000919
31.559861 -0.000919
31.564861 -0.000919
31.569862 -0.000368
31.574863 -0.000368
31.579864 -0.000368
31.584864 0.000183
31.589865 0.000183
31.594866 0.000183
31.599867 0.000734
31.604868 0.000734
31.609868 0.001285
31.614869 0.001285
31.619870 0.001285
31.624871 0.001285
31.629871 0.001836
31.634872 0.001836
31.639873 0.001836
31.644874 0.001836
31.649874 0.001836
31.654875 0.001836
31.659876 0.002035
31.664877 0.002035
31.669878 0.002035
31.674878 0.001484
31.679879 0.001484
31.684880 0.001484
31.689881 0.001484
31.694881 0.001131
31.699882 0.000580
31.704883 0.000580
31.709884 0.000580
31.714884 0.000228
31.719885 -0.000676
31.724886 -0.000676
31.729887 -0.000676
31.734888 -0.001028
31.739888 -0.001028
31.744889 -0.001932
31.749890 -0.002284
31.754891 -0.002284
31.759891 -0.002284
31.764892 -0.002637
31.769893 -0.002989
31.774894 -0.003342
31.779894 -0.003342
31.784895 -0.004245
31.789896 -0.004245
31.794897 -0.004245
31.799898 -0.004598
31.804898 -0.004598
31.809899 -0.004598
31.814900 -0.004598
31.819901 -0.004047
31.824901 -0.004047
31.829902 -0.004047
31.834903 -0.004047
31.839904 -0.003496
31.844904 -0.003496
31.849905 -0.002592
31.854906 -0.002592
31.859907 -0.002041
31.864908 -0.002041
31.869908 -0.001138
31.874909 -0.001138
31.879910 -0.000234
31.884911 -0.000234
31.889911 -0.000234
31.894912 0.000118
31.899913 0.000471
31.904914 0.000471
31.909915 0.000471
31.914915 0.000823
31.919916 0.000823
31.924917 0.001175
31.929918 0.001175
31.934918 0.001175
31.939919 0.001175
31.944920 0.001175
31.949921 0.000624
31.954921 0.000977
31.959922 0.001175
31.964923 0.000624
31.969924 0.000624
31.974925 0.001175
31.979925 0.001175
31.984926 0.001175
31.989927 0.000823
31.994928 0.000823
31.999928 0.000823
32.004929 0.000823
32.009930 0.000823
32.014931 0.000823
32.019931 0.000470
32.024932 0.000823
32.029933 0.000823
32.034934 0.000823
32.039935 0.000823
32.044935 0.000823
32.049936 0.000823
32.054937 0.000823
32.059938 0.000823
32.064938 0.000823
32.069939 0.000823
32.074940 0.000823
32.079941 0.000823
32.084941 0.001175
32.089942 0.000624
32.094943 0.000624
32.099944 0.000624
32.104945 0.000624
32.109945 0.000073
32.114946 0.000073
32.119947 -0.000478
32.124948 -0.000478
32.129948 -0.000677
32.134949 -0.000677
32.139950 -0.000677
32.144951 -0.000677
32.149951 -0.000677
32.154952 -0.000677
32.159953 -0.000677
32.164954 -0.000677
32.169955 -0.000677
32.174955 -0.000677
32.179956 -0.000677
32.184957 -0.000126
32.189958 0.000226
32.194958 0.000777
32.199959 0.000777
32.204960 0.001329
32.209961 0.001681
32.214961 0.002232
32.219962 0.002232
32.224963 0.002232
32.229964 0.002584
32.234965 0.003135
32.239965 0.003135
32.244966 0.003135
32.249967 0.003488
32.254968 0.003488
32.259968 0.003488
32.264969 0.003488
32.269970 0.003488
32.274971 0.003488
32.279972 0.003488
32.284972 0.003488
32.289973 0.003488
32.294974 0.003488
32.299975 0.003488
32.304975 0.002937
32.309976 0.002937
32.314977 0.002937
32.319978 0.002584
32.324978 0.002584
32.329979 0.002033
32.334980 0.002033
32.339981 0.002033
32.344982 0.002033
32.349982 0.001130
32.354983 0.001130
32.359984 0.001129
32.364985 0.001129
32.369985 0.000578
32.374986 0.001129
32.379987 0.001129
32.384988 0.000226
32.389988 0.000226
32.394989 0.000226
32.399990 0.000226
32.404991 -0.000127
32.409992 -0.000127
32.414992 -0.000127
32.419993 -0.000479
32.424994 -0.000479
32.429995 -0.001383
32.434995 -0.000832
32.439996 -0.001184
32.444997 -0.001184
32.449998 -0.002088
32.454998 -0.001536
32.459999 -0.001889
32.465000 -0.001889
