0.000000 0.000000
0.005001 0.000544
0.010001 -0.007846
0.015002 -0.007846
0.020003 -0.007846
0.025003 0.000544
0.030004 -0.007846
0.035005 0.000544
0.040005 0.000544
0.045006 0.008933
0.050007 0.000544
0.055007 0.000544
0.060008 0.000543
0.065009 0.000543
0.070009 0.000543
0.075010 -0.007846
0.080011 0.000543
0.085011 0.000543
0.090012 -0.007847
0.095013 -0.007847
0.100013 -0.007847
0.105014 0.000543
0.110015 0.000543
0.115015 0.000543
0.120016 0.000543
0.125017 0.008933
0.130017 0.000543
0.135018 0.000543
0.140019 0.000543
0.145019 0.000543
0.150020 -0.007847
0.155021 -0.007847
0.160021 -0.007847
0.165022 0.000543
0.170023 -0.007847
0.175023 -0.007847
0.180024 0.000542
0.185025 0.000542
0.190025 0.000542
0.195026 0.000542
0.200027 0.000542
0.205027 0.000542
0.210028 0.000542
0.215029 -0.007848
0.220029 0.000542
0.225030 0.000542
0.230030 -0.007848
0.235031 -0.007848
0.240032 0.000542
0.245032 0.000542
0.250033 0.000542
0.255034 0.000542
0.260034 0.000542
0.265035 0.008931
0.270036 0.000542
0.275036 0.000542
0.280037 0.000541
0.285038 0.000541
0.290038 0.000541
0.295039 -0.007848
0.300040 0.000541
0.305040 0.000541
0.310041 -0.007849
0.315042 -0.007849
0.320042 0.000541
0.325043 0.000541
0.330044 0.000541
0.335044 0.000541
0.340045 0.000541
0.345046 0.000541
0.350046 0.000541
0.355047 0.000541
0.360048 0.000541
0.365048 0.000541
0.370049 -0.007849
0.375050 -0.007849
0.380050 -0.007849
0.385051 0.000540
0.390052 0.000540
0.395052 0.000540
0.400053 0.000540
0.405054 0.008930
0.410054 0.000540
0.415055 0.000540
0.420056 0.000540
0.425056 0.000540
0.430057 0.000540
0.435058 -0.007850
0.440058 0.000540
0.445059 0.000540
0.450060 -0.007850
0.455060 -0.007850
0.460061 0.000540
0.465062 0.000540
0.470062 0.000540
0.475063 0.000540
0.480064 0.000540
0.485064 0.008929
0.490065 0.000540
0.495066 0.000539
0.500066 0.000539
0.505067 0.000539
0.510068 -0.007850
0.515068 -0.007850
0.520069 -0.007851
0.525070 0.000539
0.530070 -0.007851
0.535071 -0.007851
0.540072 0.000539
0.545072 0.008929
0.550073 0.000539
0.555074 0.000539
0.560074 0.000539
0.565075 0.000539
0.570076 0.000539
0.575076 -0.007851
0.580077 0.000539
0.585078 0.000539
0.590078 -0.007851
0.595079 -0.007851
0.600080 0.000539
0.605080 0.000538
0.610081 0.000538
0.615082 0.000538
0.620082 0.008928
0.625083 0.008928
0.630084 0.000538
0.635084 0.000538
0.640085 0.000538
0.645086 0.000538
0.650086 -0.007852
0.655087 -0.007852
0.660088 -0.007852
0.665088 0.000538
0.670089 -0.007852
0.675090 -0.007852
0.680090 0.000538
0.685091 0.000538
0.690091 0.000538
0.695092 0.000538
0.700093 0.000538
0.705093 0.000538
0.710094 0.000537
0.715095 -0.007852
0.720095 0.000537
0.725096 0.000537
0.730097 -0.007852
0.735097 -0.007852
0.740098 0.000537
0.745099 0.000537
0.750099 0.000537
0.755100 0.000537
0.760101 0.008927
0.765101 0.008927
0.770102 0.000537
0.775103 0.000537
0.780103 0.000537
0.785104 0.000537
0.790105 0.000537
0.795105 -0.007853
0.800106 0.000537
0.805107 0.000537
0.810107 0.000537
0.815108 -0.007853
0.820109 0.000536
0.825109 0.008926
0.830110 0.000536
0.835111 0.000536
0.840111 0.000536
0.845112 0.008926
0.850113 0.000536
0.855113 0.000536
0.860114 0.000536
0.865115 0.000536
0.870115 0.000536
0.875116 -0.007854
0.880117 0.000536
0.885117 0.000536
0.890118 0.000536
0.895119 0.000536
0.900119 0.000536
0.905120 0.008925
0.910121 0.000536
0.915121 0.000536
0.920122 0.000536
0.925123 0.000536
0.930123 0.000535
0.935124 -0.007854
0.940125 0.000535
0.945125 0.000535
0.950126 -0.007854
0.955127 -0.007855
0.960127 0.000535
0.965128 0.000535
0.970129 0.000535
0.975129 0.000535
0.980130 0.008925
0.985131 0.008925
0.990131 0.000535
0.995132 0.000535
1.000133 0.000535
1.005133 0.000535
1.010134 0.000535
1.015135 -0.007855
1.020135 0.000535
1.025136 0.000535
1.030137 -0.007855
1.035137 0.000534
1.040138 0.000534
1.045139 0.008924
1.050139 0.000534
1.055140 0.000534
1.060141 0.000534
1.065141 0.000534
1.070142 0.000534
1.075143 -0.007856
1.080143 0.000534
1.085144 0.000534
1.090145 -0.007856
1.095145 -0.007856
1.100146 0.000534
1.105147 0.000534
1.110147 0.000534
1.115148 0.000534
1.120149 0.008923
1.125149 0.008923
1.130150 0.000534
1.135151 0.000534
1.140151 0.000534
1.145152 0.000533
1.150152 -0.007856
1.155153 -0.007856
1.160154 0.000533
1.165154 0.000533
1.170155 -0.007857
1.175156 -0.007857
1.180156 0.000533
1.185157 0.000533
1.190158 0.000533
1.195158 0.000533
1.200159 0.000533
1.205160 0.000533
1.210160 0.000533
1.215161 0.000533
1.220162 0.000533
1.225162 0.000533
1.230163 0.000533
1.235164 -0.007857
1.240164 0.000533
1.245165 0.000533
1.250166 0.000533
1.255166 0.000532
1.260167 0.000532
1.265168 0.008922
1.270168 0.000532
1.275169 0.000532
1.280170 0.000532
1.285170 0.000532
1.290171 -0.007858
1.295172 -0.007858
1.300172 0.000532
1.305173 0.000532
1.310174 -0.007858
1.315174 -0.007858
1.320175 0.000532
1.325176 0.000532
1.330176 0.000532
1.335177 0.000532
1.340178 0.008921
1.345178 0.008921
1.350179 0.000532
1.355180 0.000532
1.360180 0.000531
1.365181 0.000531
1.370182 0.000531
1.375182 -0.007858
1.380183 0.000531
1.385184 0.000531
1.390184 0.000531
1.395185 0.000531
1.400186 0.000531
1.405186 0.008921
1.410187 0.000531
1.415188 0.000531
1.420188 0.000531
1.425189 0.000531
1.430190 0.000531
1.435190 -0.007859
1.440191 0.000531
1.445192 0.000531
1.450192 -0.007859
1.455193 -0.007859
1.460194 0.000531
1.465194 0.000531
1.470195 0.000530
1.475196 0.000530
1.480196 0.008920
1.485197 0.008920
1.490198 0.000530
1.495198 0.000530
1.500199 0.000530
1.505200 0.000530
1.510200 -0.007860
1.515201 -0.007860
1.520202 0.000530
1.525202 0.000530
1.530203 -0.007860
1.535204 -0.007860
1.540204 0.000530
1.545205 0.000530
1.550206 0.000530
1.555206 0.000530
1.560207 0.000530
1.565208 0.000530
1.570208 0.000530
1.575209 0.000530
1.580210 0.000529
1.585210 0.000529
1.590211 -0.007860
1.595212 -0.007860
1.600212 0.000529
1.605213 0.000529
1.610213 0.000529
1.615214 0.000529
1.620215 0.000529
1.625215 0.008919
1.630216 0.000529
1.635217 0.000529
1.640217 0.000529
1.645218 0.000529
1.650219 0.000529
1.655219 -0.007861
1.660220 0.000529
1.665221 0.000529
1.670221 -0.007861
1.675222 -0.007861
1.680223 0.000529
1.685223 0.000528
1.690224 0.000528
1.695225 0.000528
1.700225 0.000528
1.705226 0.000528
1.710227 0.000528
1.715227 0.000528
1.720228 0.000528
1.725229 0.000528
1.730229 -0.007862
1.735230 -0.007862
1.740231 0.000528
1.745231 0.000528
1.750232 0.000528
1.755233 0.000528
1.760233 0.000528
1.765234 0.008918
1.770235 0.000528
1.775235 0.000528
1.780236 0.000528
1.785237 0.000528
1.790237 0.000528
1.795238 -0.007862
1.800239 0.000527
1.805239 0.000527
1.810240 -0.007862
1.815241 -0.007862
1.820241 0.000527
1.825242 0.000527
1.830243 0.000527
1.835243 0.000527
1.840244 0.008917
1.845245 0.008917
1.850245 0.000527
1.855246 0.000527
1.860247 0.000527
1.865247 0.000527
1.870248 0.000527
1.875249 -0.007863
1.880249 0.000527
1.885250 0.000527
1.890251 -0.007863
1.895251 0.000527
1.900252 0.000527
1.905253 0.008916
1.910253 0.008916
1.915254 0.000526
1.920255 0.008916
1.925255 0.000526
1.930256 0.000526
1.935257 0.000526
1.940257 0.000526
1.945258 0.000526
1.950259 -0.007864
1.955259 -0.007864
1.960260 0.000526
1.965261 0.000526
1.970261 0.000526
1.975262 0.000526
1.980263 0.008916
1.985263 0.008916
1.990264 0.000526
1.995265 0.000526
2.000265 0.000526
2.005266 0.000526
2.010267 0.000526
2.015267 -0.007864
2.020268 0.000525
2.025269 0.000525
2.030269 -0.007864
2.035270 -0.007864
2.040271 0.000525
2.045271 0.000525
2.050272 0.000525
2.055273 0.000525
2.060273 0.008915
2.065274 0.008915
2.070274 0.000525
2.075275 0.000525
2.080276 0.000525
2.085276 0.000525
2.090277 -0.007865
2.095278 -0.007865
2.100278 0.000525
2.105279 0.000525
2.110280 0.000525
2.115280 -0.001948
2.120281 0.000524
2.125282 0.008914
2.130282 0.000524
2.135283 0.000524
2.140284 0.000524
2.145284 0.000524
2.150285 0.000524
2.155286 -0.007866
2.160286 0.000524
2.165287 0.000524
2.170288 -0.007866
2.175288 -0.007866
2.180289 0.000524
2.185290 0.000524
2.190290 0.000524
2.195291 0.000524
2.200292 0.000524
2.205292 0.008913
2.210293 0.000524
2.215294 0.000524
2.220294 0.000524
2.225295 0.000524
2.230296 0.000523
2.235296 -0.007866
2.240297 0.000523
2.245298 0.000523
2.250298 -0.007866
2.255299 0.000523
2.260300 0.000523
2.265300 0.008913
2.270301 0.000523
2.275302 0.000523
2.280302 0.000523
2.285303 0.000523
2.290304 0.000523
2.295304 -0.007867
2.300305 0.000523
2.305306 0.000523
2.310306 -0.007867
2.315307 -0.010340
2.320308 0.000523
2.325308 0.000523
2.330309 0.000523
2.335310 0.000523
2.340310 0.008912
2.345311 0.008912
2.350312 0.000522
2.355312 0.000522
2.360313 0.000522
2.365314 0.000522
2.370314 -0.007868
2.375315 -0.007868
2.380316 0.000522
2.385316 0.000522
2.390317 -0.007868
2.395318 -0.007868
2.400318 0.000522
2.405319 0.000522
2.410320 0.000522
2.415320 0.000522
2.420321 0.000522
2.425322 0.000522
2.430322 0.000522
2.435323 0.000522
2.440324 0.000522
2.445324 0.000521
2.450325 -0.007868
2.455326 -0.007868
2.460326 -0.007868
2.465327 0.000521
2.470328 0.000521
2.475328 0.000521
2.480329 0.008911
2.485330 0.008911
2.490330 0.000521
2.495331 0.000521
2.500332 0.000521
2.505332 0.000521
2.510333 -0.007869
2.515334 -0.007869
2.520334 0.000521
2.525335 0.000521
2.530335 -0.007869
2.535336 -0.007869
2.540337 0.000521
2.545337 0.000521
2.550338 0.000521
2.555339 0.000520
2.560339 0.000520
2.565340 0.000520
2.570341 0.000520
2.575341 0.000520
2.580342 0.000520
2.585343 0.000520
2.590343 -0.007870
2.595344 -0.007870
2.600345 0.000520
2.605345 0.000520
2.610346 0.000520
2.615347 0.000520
2.620347 0.000520
2.625348 0.008910
2.630349 0.000520
2.635349 0.000520
2.640350 0.000520
2.645351 0.000520
2.650351 0.000520
2.655352 -0.007870
2.660353 0.000520
2.665353 0.000519
2.670354 -0.007870
2.675355 -0.007870
2.680355 0.000519
2.685356 0.000519
2.690357 0.000519
2.695357 0.000519
2.700358 0.000519
2.705359 0.008909
2.710359 0.000519
2.715360 0.000519
2.720361 0.000519
2.725361 0.000519
2.730362 -0.007871
2.735363 -0.007871
2.740363 0.000519
2.745364 0.000519
2.750365 -0.007871
2.755365 0.000519
2.760366 0.000519
2.765367 0.000519
2.770367 0.000518
2.775368 0.000518
2.780369 0.000518
2.785369 0.000518
2.790370 0.000518
2.795371 -0.007872
2.800371 0.000518
2.805372 0.000518
2.810373 -0.007872
2.815373 -0.007872
2.820374 0.000518
2.825375 0.000518
2.830375 0.000518
2.835376 0.000518
2.840377 0.008908
2.845377 0.008908
2.850378 0.000518
2.855379 0.000518
2.860379 0.000518
2.865380 0.000518
2.870381 -0.007872
2.875381 -0.007872
2.880382 0.000517
2.885383 0.000517
2.890383 -0.007872
2.895384 0.000517
2.900385 0.000517
2.905385 0.000517
2.910386 0.000517
2.915387 0.000517
2.920387 0.008907
2.925388 0.008907
2.930389 0.000517
2.935389 0.000517
2.940390 0.000517
2.945391 0.000517
2.950391 -0.007873
2.955392 -0.007873
2.960393 0.000517
2.965393 0.000517
2.970394 0.000517
2.975395 0.000517
2.980395 0.000517
2.985396 0.008906
2.990396 0.000516
2.995397 0.000516
3.000398 0.000516
3.005398 0.000516
3.010399 0.000516
3.015400 -0.007874
3.020400 0.000516
3.025401 0.000516
3.030402 -0.007874
3.035402 -0.007874
3.040403 0.000516
3.045404 0.000516
3.050404 0.000516
3.055405 0.000516
3.060406 0.008906
3.065406 0.008906
3.070407 0.000516
3.075408 0.000516
3.080408 0.000516
3.085409 0.000516
3.090410 -0.007874
3.095410 -0.007874
3.100411 0.000515
3.105412 0.000515
3.110412 0.000515
3.115413 0.000515
3.120414 0.000515
3.125414 0.008905
3.130415 0.000515
3.135416 0.000515
3.140416 0.000515
3.145417 0.000515
3.150418 0.000515
3.155418 -0.007875
3.160419 0.000515
3.165420 0.000515
3.170420 -0.007875
3.175421 -0.007875
3.180422 0.000515
3.185422 0.000515
3.190423 0.000515
3.195424 0.000515
3.200424 0.008904
3.205425 0.008904
3.210426 0.000514
3.215426 0.000514
3.220427 0.000514
3.225428 0.000514
3.230428 -0.007876
3.235429 -0.007876
3.240430 0.000514
3.245430 0.000514
3.250431 -0.007876
3.255432 0.000514
3.260432 0.000514
3.265433 0.000514
3.270434 0.000514
3.275434 0.000514
3.280435 0.000514
3.285436 0.000514
3.290436 0.000514
3.295437 0.000514
3.300438 0.000514
3.305438 0.000514
3.310439 -0.007876
3.315440 -0.007876
3.320440 0.000513
3.325441 0.000513
3.330442 0.000513
3.335442 0.000513
3.340443 0.008903
3.345444 0.008903
3.350444 0.000513
3.355445 0.000513
3.360446 0.000513
3.365446 0.000513
3.370447 -0.007877
3.375448 -0.007877
3.380448 0.000513
3.385449 0.000513
3.390450 -0.007877
3.395450 -0.007877
3.400451 0.000513
3.405452 0.000513
3.410452 0.000513
3.415453 0.000513
3.420454 0.008902
3.425454 0.008902
3.430455 0.000512
3.435456 0.000512
3.440456 0.000512
3.445457 0.000512
3.450457 -0.007878
3.455458 -0.007878
3.460459 0.000512
3.465459 0.000512
3.470460 0.000512
3.475461 0.000512
3.480461 0.000512
3.485462 0.008902
3.490463 0.000512
3.495463 0.000512
3.500464 0.000512
3.505465 0.000512
3.510465 0.000512
3.515466 -0.007878
3.520467 0.000512
3.525467 0.000512
3.530468 -0.007878
3.535469 -0.007878
3.540469 0.000511
3.545470 0.000511
3.550471 0.000511
3.555471 -0.001962
3.560472 0.008901
3.565473 0.008901
3.570473 0.000511
3.575474 -0.001962
3.580475 0.000511
3.585475 0.000511
3.590476 -0.007879
3.595477 -0.010352
3.600477 0.000511
3.605478 0.000511
3.610479 -0.007879
3.615479 -0.001962
3.620480 0.000511
3.625481 0.008900
3.630481 0.000511
3.635482 -0.001962
3.640483 0.000510
3.645483 0.000510
3.650484 0.000510
3.655485 -0.007879
3.660485 0.000510
3.665486 0.000510
3.670487 -0.007880
3.675487 -0.007880
3.680488 0.000510
3.685489 0.000510
3.690489 0.000510
3.695490 0.000510
3.700491 0.008900
3.705491 0.008900
3.710492 0.000510
3.715493 0.000510
3.720493 0.000510
3.725494 0.000510
3.730495 -0.007880
3.735495 -0.010353
3.740496 0.000510
3.745497 0.000509
3.750497 -0.007880
3.755498 -0.001963
3.760499 0.000509
3.765499 0.000509
3.770500 0.000509
3.775501 -0.001964
3.780501 0.000509
3.785502 0.000509
3.790503 0.000509
3.795503 -0.001964
3.800504 0.000509
3.805505 0.000509
3.810505 -0.007881
3.815506 -0.010354
3.820507 0.000509
3.825507 0.000509
3.830508 0.000509
3.835509 -0.001964
3.840509 0.008898
3.845510 0.008898
3.850511 0.000509
3.855511 0.000508
3.860512 0.000508
3.865513 0.000508
3.870513 0.000508
3.875514 -0.007881
3.880515 0.000508
3.885515 0.000508
3.890516 -0.007882
3.895517 -0.010354
3.900517 0.000508
3.905518 0.000508
3.910518 0.000508
3.915519 -0.001965
3.920520 0.008898
3.925520 0.008898
3.930521 0.000508
3.935522 -0.001965
3.940522 0.000508
3.945523 0.000508
3.950524 0.000508
3.955524 -0.010355
3.960525 0.000508
3.965526 0.000507
3.970526 0.000507
3.975527 -0.001965
3.980528 0.000507
3.985528 0.008897
3.990529 0.000507
3.995530 -0.001966
4.000530 0.000507
4.005531 0.000507
4.010532 0.000507
4.015532 -0.007883
4.020533 0.000507
4.025534 0.000507
4.030534 -0.007883
4.035535 -0.010356
4.040536 0.000507
4.045536 0.000507
4.050537 0.000507
4.055538 -0.001966
4.060538 0.008896
4.065539 0.008896
4.070540 0.000506
4.075540 -0.001966
4.080541 0.000506
4.085542 0.000506
4.090542 0.000506
4.095543 -0.010356
4.100544 0.000506
4.105544 0.000506
4.110545 -0.007884
4.115546 -0.001967
4.120546 0.000506
4.125547 0.000506
4.130548 0.000506
4.135548 -0.001967
4.140549 0.000506
4.145550 0.000506
4.150550 0.000506
4.155551 -0.001967
4.160552 0.000506
4.165552 0.000506
4.170553 -0.007884
4.175554 -0.010357
4.180554 0.000505
4.185555 0.000505
4.190556 0.000505
4.195556 0.000505
4.200557 0.008895
4.205558 0.008895
4.210558 0.000505
4.215559 0.000505
4.220560 0.000505
4.225560 0.000505
4.230561 -0.007885
4.235562 -0.007885
4.240562 0.000505
4.245563 0.000505
4.250564 -0.007885
4.255564 -0.007885
4.260565 0.000505
4.265566 0.000505
4.270566 0.000505
4.275567 0.000505
4.280568 0.000505
4.285568 0.000505
4.290569 0.000504
4.295570 0.000504
4.300570 0.000504
4.305571 0.000504
4.310572 -0.007885
4.315572 -0.007886
4.320573 0.000504
4.325574 0.000504
4.330574 0.000504
4.335575 0.000504
4.340576 0.008894
4.345576 0.008894
4.350577 0.000504
4.355578 0.000504
4.360578 0.000504
4.365579 0.000504
4.370579 0.000504
4.375580 -0.007886
4.380581 0.000504
4.385581 0.000504
4.390582 -0.007886
4.395583 -0.007886
4.400583 0.000503
4.405584 0.000503
4.410585 0.000503
4.415585 0.000503
4.420586 0.000503
4.425587 0.000503
4.430587 0.000503
4.435588 0.000503
4.440589 0.000503
4.445589 0.000503
4.450590 -0.007887
4.455591 -0.007887
4.460591 0.000503
4.465592 0.000503
4.470593 0.000503
4.475593 0.000503
4.480594 0.000503
4.485595 0.008892
4.490595 0.000503
4.495596 0.000503
4.500597 0.000503
4.505597 0.000502
4.510598 0.000502
4.515599 -0.007887
4.520599 0.000502
4.525600 0.000502
4.530601 -0.007888
4.535601 -0.010360
4.540602 0.000502
4.545603 0.000502
4.550603 0.000502
4.555604 -0.001971
4.560605 0.008892
4.565605 0.008892
4.570606 0.000502
4.575607 -0.001971
4.580607 0.000502
4.585608 0.000502
4.590609 -0.007888
4.595609 -0.007888
4.600610 0.000502
4.605611 0.000502
4.610611 -0.007888
4.615612 0.000501
4.620613 0.000501
4.625613 0.000501
4.630614 0.000501
4.635615 -0.001972
4.640615 0.000501
4.645616 0.000501
4.650617 0.000501
4.655617 0.000501
4.660618 0.000501
4.665619 0.000501
4.670619 -0.007889
4.675620 -0.007889
4.680621 0.000501
4.685621 0.000501
4.690622 0.000501
4.695623 -0.001972
4.700623 0.008890
4.705624 0.008890
4.710625 0.000501
4.715625 -0.001972
4.720626 0.000500
4.725627 0.000500
4.730627 -0.007889
4.735628 -0.010362
4.740629 0.000500
4.745629 0.000500
4.750630 -0.007890
4.755631 -0.010362
4.760631 0.000500
4.765632 0.000500
4.770633 0.000500
4.775633 -0.001973
4.780634 0.000500
4.785635 0.000500
4.790635 0.000500
4.795636 -0.001973
4.800637 0.000500
4.805637 0.000500
4.810638 -0.007890
4.815639 -0.010363
4.820639 0.000500
4.825640 0.000500
4.830640 0.000499
4.835641 0.000499
4.840642 0.000499
4.845642 0.008889
4.850643 0.000499
4.855644 0.000499
4.860644 0.000499
4.865645 0.000499
4.870646 0.000499
4.875646 -0.007891
4.880647 0.000499
4.885648 0.000499
4.890648 -0.007891
4.895649 -0.007891
4.900650 0.000499
4.905650 0.000499
4.910651 0.000499
4.915652 0.000499
4.920652 0.008888
4.925653 0.008888
4.930654 0.000499
4.935654 0.000499
4.940655 0.000498
4.945656 0.000498
4.950656 -0.015310
4.955657 -0.022728
4.960658 0.003942
4.965658 0.024696
4.970659 0.023725
4.975660 0.036089
4.980660 0.011891
4.985661 -0.052313
4.990662 -0.061234
4.995662 -0.067681
5.000663 -0.060793
5.005664 0.001910
5.010664 0.046862
5.015665 0.077507
5.020666 0.122990
5.025666 0.089961
5.030667 -0.002857
5.035668 -0.085343
5.040668 -0.141688
5.045669 -0.137803
5.050670 -0.058850
5.055670 0.042357
5.060671 0.100644
5.065672 0.127846
5.070672 0.091373
5.075673 0.042535
5.080674 -0.010276
5.085674 -0.077925
5.090675 -0.089318
5.095676 -0.061234
5.100676 -0.012397
5.105677 0.005353
5.110678 0.027079
5.115678 0.038471
5.120679 0.005442
5.125680 0.000056
5.130680 0.002528
5.135681 -0.028117
5.140682 -0.038538
5.145682 -0.013899
5.150683 0.011270
5.155684 0.029551
5.160684 0.045889
5.165685 0.077065
5.170686 0.047480
5.175686 -0.049312
5.180687 -0.084903
5.185688 -0.106187
5.190688 -0.111663
5.195689 -0.007983
5.200690 0.119455
5.205690 0.201058
5.210691 0.180482
5.215692 0.039358
5.220692 -0.219933
5.225693 -0.568775
5.230694 -0.818001
5.235694 -0.684563
5.240695 -0.263572
5.245696 0.287066
5.250696 0.916042
5.255697 1.431624
5.260698 1.527981
5.265698 1.020268
5.270699 0.113195
5.275700 -0.740892
5.280700 -1.191740
5.285701 -1.207643
5.290701 -0.830901
5.295702 -0.185770
5.300703 0.326893
5.305703 0.434464
5.310704 0.473504
5.315705 0.300679
5.320705 0.054110
5.325706 -0.080657
5.330707 -0.192554
5.335707 -0.211722
5.340708 -0.165185
5.345709 -0.274520
5.350709 -0.260213
5.355710 -0.140546
5.360711 -0.100802
5.365711 0.128462
5.370712 0.619311
5.375713 0.927969
5.380713 0.865796
5.385714 0.420870
5.390715 -0.248815
5.395715 -0.867632
5.400716 -1.004431
5.405717 -0.746112
5.410717 -0.347020
5.415718 0.099407
5.420719 0.279567
5.425719 0.183568
5.430720 0.111766
5.435721 0.050386
5.440721 0.076086
5.445722 0.373088
5.450723 0.646953
5.455723 0.705067
5.460724 0.442600
5.465725 -0.340479
5.470725 -1.233423
5.475726 -1.827428
5.480727 -1.730199
5.485727 -0.751772
5.490728 0.429868
5.495729 1.415809
5.500729 1.907545
5.505730 1.401775
5.510731 0.549194
5.515731 -0.041892
5.520732 -0.683053
5.525733 -0.910554
5.530733 -0.528247
5.535734 0.027510
5.540735 0.432960
5.545735 0.455043
5.550736 0.171559
5.555737 -0.196352
5.560737 -0.412985
5.565738 -0.388965
5.570739 -0.044281
5.575739 0.209969
5.580740 0.299605
5.585741 0.237874
5.590741 -0.130127
5.595742 -0.460504
5.600743 -0.523911
5.605743 -0.151579
5.610744 0.339443
5.615745 0.548390
5.620745 0.810237
5.625746 0.800787
5.630747 0.440026
5.635747 0.093751
5.640748 -0.302952
5.645749 -0.683936
5.650749 -0.901188
5.655750 -0.712287
5.660751 -0.285910
5.665751 -0.014083
5.670752 0.134461
5.675753 0.195751
5.680753 -0.013994
5.685754 -0.153527
5.690755 -0.071835
5.695755 -0.046046
5.700756 0.031494
5.705757 0.101436
5.710757 0.247328
5.715758 0.442587
5.720759 0.426601
5.725759 0.343674
5.730760 0.178882
5.735761 -0.048524
5.740761 -0.062653
5.745762 0.050478
5.750762 -0.019113
5.755763 -0.216583
5.760764 -0.421030
5.765764 -0.603311
5.770765 -0.605873
5.775766 -0.389151
5.780766 -0.099305
5.785767 0.133756
5.790768 0.313474
5.795768 0.497167
5.800769 0.459723
5.805770 0.228254
5.810770 0.090573
5.815771 -0.177018
5.820772 -0.294034
5.825772 -0.174545
5.830773 -0.222500
5.835774 -0.325829
5.840774 -0.322122
5.845775 -0.066103
5.850776 0.293245
5.855776 0.529750
5.860777 0.607378
5.865778 0.569583
5.870778 0.367965
5.875779 0.045888
5.880780 -0.156879
5.885780 -0.284847
5.890781 -0.301364
5.895782 -0.100188
5.900782 0.170138
5.905783 0.334931
5.910784 0.344292
5.915784 0.197691
5.920785 0.017001
5.925786 -0.147439
5.930786 -0.366724
5.935787 -0.481797
5.940788 -0.373082
5.945788 -0.168015
5.950789 0.122981
5.955790 0.281594
5.960790 0.203172
5.965791 0.049683
5.970792 -0.087998
5.975792 -0.192119
5.980793 -0.313640
5.985794 -0.266483
5.990794 -0.115204
5.995795 -0.047293
6.000796 -0.011791
6.005796 0.126598
6.010797 0.176763
6.015798 0.076884
6.020798 0.027784
6.025799 0.064436
6.030800 0.080685
6.035800 -0.052848
6.040801 -0.230981
6.045802 -0.278322
6.050802 -0.088539
6.055803 0.220030
6.060804 0.563926
6.065804 0.772174
6.070805 0.561196
6.075806 0.054717
6.080806 -0.411052
6.085807 -0.733754
6.090808 -0.821364
6.095808 -0.590865
6.100809 -0.150885
6.105810 0.311970
6.110810 0.695432
6.115811 0.779157
6.120812 0.508211
6.125812 0.138793
6.130813 -0.108842
6.135814 -0.023180
6.140814 0.210232
6.145815 0.200781
6.150816 -0.049589
6.155816 -0.423422
6.160817 -0.798668
6.165818 -0.871173
6.170818 -0.743735
6.175819 -0.507231
6.180820 -0.148765
6.185820 0.309496
6.190821 0.779240
6.195822 0.952779
6.200822 0.676447
6.205823 0.204498
6.210823 -0.171808
6.215824 -0.370517
6.220825 -0.348088
6.225825 -0.169698
6.230826 -0.085096
6.235827 -0.061607
6.240827 -0.044297
6.245828 -0.072643
6.250829 -0.045526
6.255829 0.093131
6.260830 0.356574
6.265831 0.628759
6.270831 0.585838
6.275832 0.241149
6.280833 -0.170307
6.285833 -0.460332
6.290834 -0.421035
6.295835 -0.133399
6.300835 0.209611
6.305836 0.445055
6.310837 0.386237
6.315837 0.188678
6.320838 0.093387
6.325839 0.038723
6.330839 -0.008965
6.335840 -0.056211
6.340841 -0.240345
6.345841 -0.589009
6.350842 -0.950568
6.355843 -0.991283
6.360843 -0.668586
6.365844 -0.122631
6.370845 0.488148
6.375845 0.995425
6.380846 1.211002
6.385847 0.955072
6.390847 0.434816
6.395848 -0.061950
6.400849 -0.419093
6.405849 -0.591572
6.410850 -0.574441
6.415851 -0.425987
6.420851 -0.241501
6.425852 -0.211475
6.430853 -0.245475
6.435853 -0.172703
6.440854 0.060536
6.445855 0.368753
6.450855 0.573730
6.455856 0.689334
6.460857 0.645972
6.465857 0.348356
6.470858 -0.119619
6.475859 -0.505638
6.480859 -0.599868
6.485860 -0.549440
6.490861 -0.492654
6.495861 -0.403900
6.500862 -0.362660
6.505863 -0.367343
6.510863 -0.303317
6.515864 -0.145854
6.520865 0.050733
6.525865 0.215793
6.530866 0.309761
6.535867 0.319742
6.540867 0.251122
6.545868 0.112291
6.550869 -0.051798
6.555869 -0.061337
6.560870 0.072369
6.565871 0.255532
6.570871 0.475787
6.575872 0.666457
6.580873 0.743556
6.585873 0.633959
6.590874 0.307020
6.595875 -0.124660
6.600875 -0.487720
6.605876 -0.699675
6.610877 -0.703208
6.615877 -0.515100
6.620878 -0.210857
6.625879 0.093474
6.630879 0.247231
6.635880 0.230099
6.640881 0.203518
6.645881 0.265249
6.650882 0.376789
6.655883 0.433485
6.660883 0.273901
6.665884 -0.088098
6.670884 -0.505293
6.675885 -0.823663
6.680886 -0.873913
6.685886 -0.614092
6.690887 -0.150355
6.695888 0.370168
6.700888 0.700640
6.705889 0.645004
6.710890 0.232314
6.715890 -0.224005
6.720891 -0.395602
6.725892 -0.216681
6.730892 0.175607
6.735893 0.551734
6.740894 0.636693
6.745894 0.266482
6.750895 -0.438527
6.755896 -1.107593
6.760896 -1.354609
6.765897 -1.054079
6.770898 -0.386603
6.775898 0.348610
6.780899 0.765983
6.785900 0.775082
6.790900 0.489918
6.795901 0.152385
6.800902 -0.033603
6.805902 -0.045348
6.810903 0.115649
6.815904 0.409380
6.820904 0.693661
6.825905 0.830281
6.830906 0.711144
6.835906 0.350557
6.840907 -0.091985
6.845908 -0.413537
6.850908 -0.444272
6.855909 -0.241946
6.860910 0.027588
6.865910 0.187613
6.870911 0.190705
6.875912 0.087644
6.880912 -0.070260
6.885913 -0.159104
6.890914 -0.091014
6.895914 0.152820
6.900915 0.480110
6.905916 0.732423
6.910916 0.728097
6.915917 0.422620
6.920918 -0.076970
6.925918 -0.605353
6.930919 -0.963026
6.935920 -1.042246
6.940920 -0.963383
6.945921 -0.894764
6.950922 -0.837889
6.955922 -0.784899
6.960923 -0.799027
6.965924 -0.861110
6.970924 -0.862612
6.975925 -0.689430
6.980926 -0.374503
6.985926 -0.015948
6.990927 0.307284
6.995928 0.581768
7.000928 0.752131
7.005929 0.772360
7.010930 0.600416
7.015930 0.347311
7.020931 0.094467
7.025932 -0.061851
7.030932 -0.067684
7.035933 0.174732
7.040934 0.566752
7.045934 0.926804
7.050935 1.125066
7.055936 1.130364
7.060936 0.916025
7.065937 0.616818
7.070938 0.364594
7.075938 0.241399
7.080939 0.187002
7.085940 0.056304
7.090940 -0.218874
7.095941 -0.553662
7.100942 -0.900283
7.105942 -1.197627
7.110943 -1.442779
7.115944 -1.573566
7.120944 -1.531171
7.125945 -1.243530
7.130945 -0.687416
7.135946 0.083300
7.140947 0.931286
7.145947 1.785184
7.150948 2.554383
7.155949 3.035403
7.160949 3.094280
7.165950 3.048503
7.170951 3.075148
7.175951 3.111867
7.180952 3.028580
7.185953 2.727608
7.190953 2.051752
7.195954 0.913493
7.200955 -0.617584
7.205955 -2.333502
7.210956 -3.787753
7.215957 -4.684220
7.220957 -4.952430
7.225958 -4.604922
7.230959 -3.773368
7.235959 -2.603219
7.240960 -1.144727
7.245961 0.322244
7.250961 1.518801
7.255962 2.334373
7.260963 2.580501
7.265963 2.231046
7.270964 1.520656
7.275965 0.656600
7.280965 -0.165764
7.285966 -0.758955
7.290967 -1.209872
7.295967 -1.621223
7.300968 -1.925891
7.305969 -2.152049
7.310969 -2.371494
7.315970 -2.583880
7.320971 -2.661505
7.325971 -2.504661
7.330972 -2.025476
7.335973 -1.309265
7.340973 -0.419959
7.345974 0.643150
7.350975 1.690187
7.355975 2.615530
7.360976 3.241492
7.365977 3.537870
7.370977 3.549615
7.375978 3.341902
7.380979 2.887532
7.385979 2.214496
7.390980 1.373044
7.395981 0.395236
7.400981 -0.570738
7.405982 -1.227613
7.410983 -1.465793
7.415983 -1.244829
7.420984 -0.586977
7.425985 0.476147
7.430985 1.631116
7.435986 2.563447
7.440987 3.015440
7.445987 2.932692
7.450988 2.365983
7.455989 1.431709
7.460989 0.308970
7.465990 -0.860490
7.470991 -1.825771
7.475991 -2.280158
7.480992 -2.366098
7.485993 -2.232575
7.490993 -2.010383
7.495994 -1.767788
7.500995 -1.631698
7.505995 -1.748184
7.510996 -2.035379
7.515997 -2.376887
7.520997 -2.669117
7.525998 -2.925846
7.530999 -3.198293
7.535999 -3.345245
7.541000 -3.400703
7.546001 -3.223011
7.551001 -2.809785
7.556002 -2.139832
7.561003 -1.369201
7.566003 -0.656858
7.571004 -0.179517
7.576005 0.025817
7.581005 -0.092695
7.586006 -0.442236
7.591006 -0.900403
7.596007 -1.366519
7.601008 -1.649031
7.606008 -1.676847
7.611009 -1.381256
7.616010 -0.819488
7.621010 -0.121362
7.626011 0.591160
7.631012 1.196997
7.636012 1.631417
7.641013 1.898746
7.646014 1.993066
7.651014 2.025917
7.656015 2.070333
7.661016 2.229025
7.666016 2.641263
7.671017 3.196038
7.676018 3.753286
7.681018 4.291372
7.686019 4.683477
7.691020 4.926155
7.696020 5.081580
7.701021 5.041127
7.706022 4.674005
7.711022 3.972880
7.716023 3.144497
7.721024 2.134190
7.726024 1.084497
7.731025 0.258063
7.736026 -0.227747
7.741026 -0.349703
7.746027 -0.251494
7.751028 0.051074
7.756028 0.363973
7.761029 0.604720
7.766030 0.669103
7.771030 0.457416
7.776031 -0.004641
7.781032 -0.701791
7.786032 -1.494231
7.791033 -2.152346
7.796034 -2.509309
7.801034 -2.593738
7.806035 -2.553203
7.811036 -2.472040
7.816036 -2.426379
7.821037 -2.410834
7.826038 -2.353868
7.831038 -2.287102
7.836039 -2.182451
7.841040 -1.950540
7.846040 -1.632789
7.851041 -1.342239
7.856042 -1.188929
7.861042 -1.069708
7.866043 -0.929733
7.871044 -0.771477
7.876044 -0.505125
7.881045 -0.098090
7.886046 0.287750
7.891046 0.472766
7.896047 0.433290
7.901048 0.250306
7.906048 0.010625
7.911049 -0.289727
7.916050 -0.610303
7.921050 -0.871620
7.926051 -1.066790
7.931052 -1.200759
7.936052 -1.267078
7.941053 -1.196690
7.946054 -0.963452
7.951054 -0.660710
7.956055 -0.299330
7.961056 0.039705
7.966056 0.357897
7.971057 0.594134
7.976058 0.725278
7.981058 0.719271
7.986059 0.636876
7.991060 0.651801
7.996060 0.841500
8.001061 1.209858
8.006062 1.744420
8.011062 2.339475
8.016063 2.810799
8.021064 3.044820
8.026064 2.969476
8.031065 2.643669
8.036066 2.229992
8.041066 1.849613
8.046067 1.543156
8.051067 1.324575
8.056068 1.233876
8.061069 1.198471
8.066069 1.044551
8.071070 0.668260
8.076071 0.065535
8.081071 -0.745171
8.086072 -1.669096
8.091073 -2.409686
8.096073 -2.843475
8.101074 -2.973381
8.106075 -2.890188
8.111075 -2.724154
8.116076 -2.489594
8.121077 -2.204694
8.126077 -1.806309
8.131078 -1.283582
8.136079 -0.697180
8.141079 -0.157672
8.146080 0.203529
8.151081 0.287601
8.156081 0.107257
8.161082 -0.147009
8.166083 -0.307753
8.171083 -0.220338
8.176084 0.047326
8.181085 0.304927
8.186085 0.278162
8.191086 -0.006299
8.196087 -0.392050
8.201087 -0.703879
8.206088 -0.776551
8.211089 -0.633295
8.216089 -0.242321
8.221090 0.078444
8.226091 0.223637
8.231091 0.158288
8.236092 0.018135
8.241093 -0.037769
8.246093 0.017248
8.251094 0.283421
8.256095 0.659722
8.261095 0.927575
8.266096 0.962195
8.271097 0.913536
8.276097 0.850660
8.281098 0.775419
8.286099 0.619725
8.291099 0.465974
8.296100 0.336862
8.301101 0.248197
8.306101 0.274516
8.311102 0.412375
8.316103 0.649409
8.321103 1.083914
8.326104 1.649211
8.331105 2.207088
8.336105 2.679568
8.341106 3.033969
8.346107 3.168117
8.351107 3.023191
8.356108 2.637256
8.361109 2.219705
8.366109 1.786434
8.371110 1.411099
8.376111 1.151457
8.381111 0.867795
8.386112 0.446012
8.391113 -0.249190
8.396113 -1.211452
8.401114 -2.225114
8.406115 -3.116993
8.411115 -3.764155
8.416116 -4.091094
8.421117 -4.093835
8.426117 -3.794103
8.431118 -3.344854
8.436119 -2.868407
8.441119 -2.421454
8.446120 -2.015831
8.451121 -1.658426
8.456121 -1.362574
8.461122 -1.059213
8.466123 -0.744460
8.471123 -0.463266
8.476124 -0.311893
8.481125 -0.297760
8.486125 -0.399671
8.491126 -0.539205
8.496127 -0.657103
8.501127 -0.710886
8.506128 -0.628490
8.511128 -0.360547
8.516129 0.053996
8.521130 0.502098
8.526130 0.936865
8.531131 1.351319
8.536132 1.663505
8.541132 1.774247
8.546133 1.756580
8.551134 1.706325
8.556134 1.685214
8.561135 1.693336
8.566136 1.734666
8.571136 1.791892
8.576137 1.855126
8.581138 1.809821
8.586138 1.594249
8.591139 1.189598
8.596140 0.631898
8.601140 0.000103
8.606141 -0.649003
8.611142 -1.158485
8.616142 -1.410357
8.621143 -1.451954
8.626144 -1.301027
8.631144 -1.023193
8.636145 -0.683098
8.641146 -0.352274
8.646146 -0.060837
8.651147 0.229188
8.656148 0.506408
8.661148 0.777180
8.666149 0.934381
8.671150 0.939505
8.676150 0.843421
8.681151 0.752725
8.686152 0.627938
8.691152 0.521874
8.696153 0.467120
8.701154 0.445925
8.706154 0.403005
8.711155 0.305772
8.716156 0.183810
8.721156 0.012922
8.726157 -0.192585
8.731158 -0.397652
8.736158 -0.562712
8.741159 -0.682290
8.746160 -0.820501
8.751160 -0.971428
8.756161 -1.139045
8.761162 -1.285908
8.766162 -1.407602
8.771163 -1.459264
8.776164 -1.361411
8.781164 -1.087373
8.786165 -0.682543
8.791166 -0.262434
8.796166 0.089054
8.801167 0.270715
8.806168 0.229207
8.811168 -0.005885
8.816169 -0.333354
8.821170 -0.620906
8.826170 -0.794445
8.831171 -0.806547
8.836172 -0.620649
8.841172 -0.322150
8.846173 0.010438
8.851174 0.318828
8.856174 0.548707
8.861175 0.696630
8.866176 0.789800
8.871176 0.841551
8.876177 0.853384
8.881178 0.784324
8.886178 0.590918
8.891179 0.304694
8.896180 -0.043261
8.901180 -0.361632
8.906181 -0.577824
8.911182 -0.621715
8.916182 -0.463191
8.921183 -0.128923
8.926184 0.259658
8.931184 0.627485
8.936185 0.902494
8.941186 1.021011
8.946186 1.004762
8.951187 0.846327
8.956188 0.608410
8.961188 0.344794
8.966189 0.132487
8.971189 0.006021
8.976190 0.027127
8.981191 0.179555
8.986191 0.399191
8.991192 0.601165
8.996193 0.760308
9.001193 0.856838
9.006194 0.838383
9.011195 0.764114
9.016195 0.672976
9.021196 0.623698
9.026197 0.610363
9.031197 0.615219
9.036198 0.661494
9.041199 0.694434
9.046199 0.677035
9.051200 0.616715
9.056201 0.524339
9.061201 0.357955
9.066202 0.106703
9.071203 -0.198332
9.076203 -0.533923
9.081204 -0.848761
9.086205 -1.111757
9.091205 -1.314525
9.096206 -1.430921
9.101207 -1.440723
9.106207 -1.351349
9.111208 -1.163771
9.116209 -0.907132
9.121209 -0.641663
9.126210 -0.422646
9.131211 -0.281170
9.136211 -0.216703
9.141212 -0.225271
9.146213 -0.304402
9.151213 -0.454095
9.156214 -0.621539
9.161215 -0.771673
9.166215 -0.880299
9.171216 -0.931609
9.176217 -0.887098
9.181217 -0.732460
9.186218 -0.493393
9.191219 -0.219796
9.196219 0.045852
9.201220 0.209763
9.206221 0.230957
9.211221 0.108466
9.216222 -0.081675
9.221223 -0.285150
9.226223 -0.440230
9.231224 -0.521744
9.236225 -0.540025
9.241225 -0.491629
9.246226 -0.409144
9.251227 -0.313323
9.256227 -0.217502
9.261228 -0.114793
9.266229 -0.021975
9.271229 0.073315
9.276230 0.142465
9.281231 0.197839
9.286231 0.258688
9.291232 0.361045
9.296233 0.504380
9.301233 0.653632
9.306234 0.799881
9.311235 0.913983
9.316235 1.017663
9.321236 1.119312
9.326237 1.206124
9.331237 1.260347
9.336238 1.264232
9.341239 1.225197
9.346239 1.142271
9.351240 1.035676
9.356241 0.931555
9.361241 0.829376
9.366242 0.708386
9.371243 0.568584
9.376243 0.398137
9.381244 0.208438
9.386245 0.017767
9.391245 -0.135370
9.396246 -0.235165
9.401247 -0.314207
9.406247 -0.410999
9.411248 -0.553184
9.416249 -0.782711
9.421249 -1.070437
9.426250 -1.380328
9.431250 -1.637849
9.436251 -1.794162
9.441252 -1.823128
9.446252 -1.742055
9.451253 -1.607729
9.456254 -1.450266
9.461254 -1.324949
9.466255 -1.211026
9.471256 -1.051710
9.476256 -0.814412
9.481257 -0.538610
9.486258 -0.241083
9.491258 0.033748
9.496259 0.259741
9.501260 0.403339
9.506260 0.519825
9.511261 0.630923
9.516262 0.762776
9.521262 0.891185
9.526263 0.973670
9.531264 1.000341
9.536264 0.952916
9.541265 0.856565
9.546266 0.737958
9.551266 0.637103
9.556267 0.584112
9.561268 0.560266
9.566268 0.559647
9.571269 0.576337
9.576270 0.620228
9.581270 0.671097
9.586271 0.666241
9.591272 0.622438
9.596272 0.567333
9.601273 0.507811
9.606274 0.453236
9.611274 0.458360
9.616275 0.479733
9.621276 0.504021
9.626276 0.514442
9.631277 0.528308
9.636278 0.573260
9.641278 0.661662
9.646279 0.780179
9.651280 0.867610
9.656280 0.873086
9.661281 0.760575
9.666282 0.491572
9.671282 0.116415
9.676283 -0.296275
9.681284 -0.630984
9.686284 -0.824038
9.691285 -0.852740
9.696286 -0.708702
9.701286 -0.492600
9.706287 -0.290804
9.711288 -0.148708
9.716288 -0.069756
9.721289 -0.070727
9.726290 -0.162485
9.731290 -0.305552
9.736291 -0.468843
9.741292 -0.622773
9.746292 -0.737227
9.751293 -0.802844
9.756294 -0.806288
9.761294 -0.793482
9.766295 -0.798959
9.771296 -0.839495
9.776296 -0.893367
9.781297 -0.978325
9.786298 -1.114594
9.791298 -1.240971
9.796299 -1.330786
9.801300 -1.374677
9.806300 -1.376620
9.811301 -1.333169
9.816302 -1.202377
9.821302 -0.995105
9.826303 -0.717272
9.831304 -0.404907
9.836304 -0.110824
9.841305 0.144754
9.846306 0.281374
9.851306 0.323234
9.856307 0.286141
9.861308 0.207630
9.866308 0.096090
9.871309 -0.009974
9.876310 -0.051834
9.881310 -0.064549
9.886311 -0.061457
9.891311 -0.041585
9.896312 -0.001490
9.901313 0.031187
9.906313 0.071724
9.911314 0.130982
9.916315 0.244995
9.921315 0.435487
9.926316 0.729129
9.931317 1.099781
9.936317 1.518829
9.941318 1.924100
9.946319 2.221806
9.951319 2.381831
9.956320 2.432789
9.961321 2.392431
9.966321 2.266673
9.971322 2.084130
9.976323 1.886750
9.981323 1.677006
9.986324 1.431670
9.991325 1.166552
9.996325 0.904348
10.001326 0.667754
10.006327 0.447409
10.011327 0.253206
10.016328 0.105896
10.021329 -0.026576
10.026329 -0.183688
10.031330 -0.380716
10.036331 -0.617662
10.041331 -0.871828
10.046332 -1.109656
10.051333 -1.310921
10.056333 -1.450455
10.061334 -1.551484
10.066335 -1.633261
10.071335 -1.712565
10.076336 -1.785952
10.081337 -1.831697
10.086337 -1.859692
10.091338 -1.853155
10.096339 -1.785947
10.101339 -1.658069
10.106340 -1.494688
10.111341 -1.289890
10.116341 -1.056477
10.121342 -0.800369
10.126343 -0.521564
10.131343 -0.236841
10.136344 0.032072
10.141345 0.276788
10.146345 0.428686
10.151346 0.495185
10.156347 0.486175
10.161347 0.401658
10.166348 0.275192
10.171349 0.147754
10.176349 0.041071
10.181350 -0.028079
10.186351 -0.046360
10.191351 -0.021191
10.196352 0.044956
10.201353 0.156496
10.206353 0.310956
10.211354 0.495001
10.216355 0.727882
10.221355 0.983461
10.226356 1.230649
10.231357 1.415666
10.236357 1.545928
10.241358 1.584432
10.246359 1.551403
10.251359 1.472010
10.256360 1.357115
10.261361 1.210163
10.266361 1.042987
10.271362 0.844724
10.276363 0.612903
10.281363 0.376136
10.286364 0.131950
10.291365 -0.087596
10.296365 -0.276587
10.301366 -0.408881
10.306367 -0.515564
10.311367 -0.560606
10.316368 -0.561755
10.321369 -0.531819
10.326369 -0.491991
10.331370 -0.444745
10.336371 -0.421166
10.341371 -0.448898
10.346372 -0.527939
10.351372 -0.649901
10.356373 -0.777249
10.361374 -0.900093
10.366374 -0.999179
10.371375 -1.072036
10.376376 -1.097468
10.381376 -1.098702
10.386377 -1.040236
10.391378 -0.920128
10.396378 -0.724071
10.401379 -0.472818
10.406380 -0.205847
10.411380 0.085233
10.416381 0.359975
10.421382 0.594710
10.426382 0.768244
10.431383 0.885522
10.436384 0.945574
10.441384 0.920756
10.446385 0.802679
10.451386 0.615542
10.456386 0.378597
10.461387 0.092814
10.466388 -0.206745
10.471388 -0.480605
10.476389 -0.686816
10.481390 -0.830324
10.486390 -0.899296
10.491391 -0.868561
10.496392 -0.743067
10.501392 -0.537118
10.506393 -0.272441
10.511394 0.004070
10.516394 0.267245
10.521395 0.495360
10.526396 0.638075
10.531396 0.739813
10.536397 0.794656
10.541398 0.790771
10.546398 0.734074
10.551399 0.632956
10.556400 0.523448
10.561400 0.406521
10.566401 0.273786
10.571402 0.157301
10.576402 0.081262
10.581403 0.053090
10.586404 0.078700
10.591404 0.167985
10.596405 0.329333
10.601406 0.523269
10.606406 0.733013
10.611407 0.906726
10.616408 1.062157
10.621408 1.171665
10.626409 1.188356
10.631410 1.126535
10.636410 0.993621
10.641411 0.776810
10.646412 0.479545
10.651412 0.121609
10.656413 -0.256550
10.661414 -0.617400
10.666414 -0.954052
10.671415 -1.236390
10.676416 -1.491087
10.681416 -1.697917
10.686417 -1.855381
10.691418 -1.964978
10.696418 -1.989176
10.701419 -1.893445
10.706420 -1.755234
10.711420 -1.571100
10.716421 -1.330180
10.721422 -1.055170
10.726422 -0.777688
10.731423 -0.534737
10.736424 -0.315983
10.741424 -0.140149
10.746425 -0.037351
10.751426 0.020054
10.756426 0.051319
10.761427 0.058386
10.766428 0.096539
10.771428 0.176110
10.776429 0.269458
10.781430 0.413586
10.786430 0.557183
10.791431 0.702723
10.796432 0.810730
10.801432 0.893567
10.806433 0.936928
10.811433 0.919088
10.816434 0.902750
10.821435 0.874577
10.826435 0.813817
10.831436 0.739721
10.836437 0.707574
10.841437 0.708987
10.846438 0.743958
10.851439 0.795709
10.856439 0.859824
10.861440 0.886936
10.866441 0.879517
10.871441 0.810897
10.876442 0.697856
10.881443 0.511249
10.886443 0.297971
10.891444 0.091581
10.896445 -0.099530
10.901445 -0.234386
10.906446 -0.318904
10.911447 -0.353082
10.916447 -0.354673
10.921448 -0.327120
10.926449 -0.304954
10.931449 -0.315817
10.936450 -0.360680
10.941451 -0.391677
10.946451 -0.406335
10.951452 -0.382489
10.956453 -0.309275
10.961453 -0.207448
10.966454 -0.137238
10.971455 -0.131232
10.976455 -0.192874
10.981456 -0.330554
10.986457 -0.521577
10.991457 -0.752606
10.996458 -0.965883
11.001459 -1.148075
11.006459 -1.284873
11.011460 -1.349608
11.016461 -1.380784
11.021461 -1.356675
11.026462 -1.283199
11.031463 -1.163799
11.036463 -0.970835
11.041464 -0.727001
11.046465 -0.416490
11.051465 -0.087698
11.056466 0.231733
11.061467 0.531912
11.066467 0.764972
11.071468 0.923496
11.076469 0.968978
11.081469 0.950786
11.086470 0.861502
11.091471 0.722850
11.096471 0.580224
11.101472 0.454377
11.106473 0.335418
11.111473 0.240128
11.116474 0.189259
11.121475 0.163559
11.126475 0.193144
11.131476 0.258760
11.136477 0.425674
11.141477 0.503035
11.146478 0.657495
11.151479 0.812926
11.156479 0.935770
11.161480 1.011719
11.166481 1.038301
11.171481 1.000237
11.176482 0.886665
11.181483 0.744480
11.186483 0.571208
11.191484 0.360934
11.196485 0.162493
11.201485 -0.008306
11.206486 -0.159852
11.211487 -0.281284
11.216487 -0.355820
11.221488 -0.401213
11.226489 -0.447578
11.231489 -0.471246
11.236490 -0.461354
11.241491 -0.443604
11.246491 -0.398741
11.251492 -0.320849
11.256493 -0.195092
11.261493 -0.055028
11.266494 0.092455
11.271494 0.257247
11.276495 0.403317
11.281496 0.533138
11.286496 0.649183
11.291497 0.726282
11.296498 0.783687
11.301498 0.808064
11.306499 0.760906
11.311500 0.676746
11.316500 0.559027
11.321501 0.425499
11.326502 0.280578
11.331502 0.146961
11.336503 0.049817
11.341504 0.002482
11.346504 -0.017742
11.351505 -0.025161
11.356506 -0.043442
11.361506 -0.111090
11.366507 -0.244886
11.371508 -0.419659
11.376508 -0.621103
11.381509 -0.816630
11.386510 -0.972681
11.391510 -1.059141
11.396511 -1.068591
11.401512 -1.022757
11.406512 -0.910776
11.411513 -0.779543
11.416514 -0.629057
11.421514 -0.503741
11.426515 -0.415428
11.431516 -0.377453
11.436516 -0.368092
11.441517 -0.389817
11.446518 -0.419932
11.451518 -0.424878
11.456519 -0.392821
11.461520 -0.302035
11.466520 -0.171773
11.471521 0.000438
11.476522 0.183512
11.481522 0.365614
11.486523 0.515659
11.491524 0.620310
11.496524 0.673652
11.501525 0.689991
11.506526 0.628348
11.511526 0.515837
11.516527 0.370738
11.521528 0.196495
11.526528 -0.004419
11.531529 -0.232003
11.536530 -0.439364
11.541530 -0.622527
11.546531 -0.786438
11.551532 -0.884201
11.556532 -0.909901
11.561533 -0.874399
11.566534 -0.782642
11.571534 -0.676578
11.576535 -0.555236
11.581536 -0.433894
11.586536 -0.346111
11.591537 -0.276079
11.596538 -0.207990
11.601538 -0.147760
11.606539 -0.108725
11.611540 -0.101747
11.616540 -0.110048
11.621541 -0.136099
11.626542 -0.169039
11.631542 -0.194560
11.636543 -0.182548
11.641544 -0.126114
11.646544 -0.030203
11.651545 0.121962
11.656546 0.295323
11.661546 0.487406
11.666547 0.671540
11.671548 0.844281
11.676548 0.997239
11.681549 1.141278
11.686550 1.257144
11.691550 1.347310
11.696551 1.391554
11.701552 1.399765
11.706552 1.341829
11.711553 1.252807
11.716554 1.122366
11.721554 0.973204
11.726555 0.782623
11.731555 0.559012
11.736556 0.315709
11.741557 0.034431
11.746557 -0.247819
11.751558 -0.527595
11.756559 -0.762950
11.761559 -0.952912
11.766560 -1.069839
11.771561 -1.111257
11.776561 -1.079641
11.781562 -1.006075
11.786563 -0.911315
11.791563 -0.768689
11.796564 -0.600893
11.801565 -0.427181
11.806565 -0.261858
11.811566 -0.095034
11.816567 0.075765
11.821567 0.234729
11.826568 0.362608
11.831569 0.467790
11.836569 0.568026
11.841570 0.624812
11.846571 0.649010
11.851571 0.660844
11.856572 0.646006
11.861573 0.599553
11.866573 0.512122
11.871574 0.381240
11.876575 0.237023
11.881575 0.091835
11.886576 -0.046906
11.891577 -0.163392
11.896577 -0.232453
11.901578 -0.280760
11.906579 -0.305840
11.911579 -0.303278
11.916580 -0.297272
11.921581 -0.287821
11.926581 -0.285790
11.931582 -0.293649
11.936583 -0.286231
11.941583 -0.292148
11.946584 -0.308927
11.951585 -0.352378
11.956585 -0.414109
11.961586 -0.475841
11.966587 -0.576078
11.971587 -0.676314
11.976588 -0.769131
11.981589 -0.846141
11.986589 -0.890563
11.991590 -0.904870
11.996591 -0.845611
12.001591 -0.717733
12.006592 -0.537043
12.011593 -0.320321
12.016593 -0.030564
12.021594 0.262637
12.026595 0.526695
12.031595 0.747302
12.036596 0.918541
12.041597 1.006854
12.046597 0.997934
12.051598 0.916951
12.056599 0.801436
12.061599 0.651391
12.066600 0.481123
12.071601 0.323219
12.076601 0.194458
12.081602 0.106675
12.086603 0.034700
12.091603 0.003703
12.096604 0.013684
12.101605 0.048834
12.106605 0.087428
12.111606 0.146245
12.116607 0.211951
12.121607 0.255402
12.126608 0.279069
12.131609 0.269619
12.136609 0.245332
12.141610 0.206207
12.146611 0.145358
12.151611 0.073646
12.156612 -0.007428
12.161613 -0.083555
12.166613 -0.158181
12.171614 -0.228833
12.176615 -0.273785
12.181615 -0.295510
12.186616 -0.286590
12.191616 -0.265306
12.196617 -0.229185
12.201618 -0.202425
12.206618 -0.184055
12.211619 -0.165684
12.216620 -0.143870
12.221620 -0.131947
12.226621 -0.138305
12.231622 -0.167889
12.236622 -0.198976
12.241623 -0.242426
12.246624 -0.299212
12.251624 -0.350081
12.256625 -0.354056
12.261626 -0.336305
12.266626 -0.318554
12.271627 -0.270688
12.276628 -0.203570
12.281628 -0.130535
12.286629 -0.055027
12.291630 0.020481
12.296630 0.095989
12.301631 0.149772
12.306632 0.184302
12.311632 0.200551
12.316633 0.211855
12.321634 0.213267
12.326634 0.220596
12.331635 0.239759
12.336636 0.264840
12.341636 0.270667
12.346637 0.253798
12.351638 0.227568
12.356638 0.189505
12.361639 0.152942
12.366640 0.112936
12.371640 0.089709
12.376641 0.068955
12.381642 0.049172
12.386642 0.010137
12.391643 -0.033843
12.396644 -0.083741
12.401644 -0.137083
12.406645 -0.204731
12.411646 -0.270878
12.416646 -0.318744
12.421647 -0.356719
12.426648 -0.376412
12.431648 -0.371908
12.436649 -0.354068
12.441650 -0.316975
12.446650 -0.293218
12.451651 -0.280324
12.456652 -0.278292
12.461652 -0.272816
12.466653 -0.278203
12.471654 -0.289507
12.476654 -0.275641
12.481655 -0.270165
12.486656 -0.264689
12.491656 -0.242434
12.496657 -0.211789
12.501658 -0.183616
12.506658 -0.143610
12.511659 -0.091770
12.516660 -0.025623
12.521660 0.057304
12.526661 0.162927
12.531662 0.287802
12.536662 0.452153
12.541663 0.618977
12.546664 0.766549
12.551664 0.898313
12.556665 1.008351
12.561666 1.066549
12.566666 1.075380
12.571667 1.037316
12.576668 0.968166
12.581668 0.864486
12.586669 0.743055
12.591670 0.594511
12.596670 0.439080
12.601671 0.281706
12.606672 0.125833
12.611672 -0.014231
12.616673 -0.115790
12.621674 -0.158621
12.626674 -0.164449
12.631675 -0.124884
12.636676 -0.044871
12.641676 0.044503
12.646677 0.127429
12.651677 0.183685
12.656678 0.225103
12.661679 0.231461
12.666679 0.213621
12.671680 0.169110
12.676681 0.083621
12.681681 -0.021120
12.686682 -0.172755
12.691683 -0.347087
12.696683 -0.530780
12.701684 -0.732224
12.706685 -0.923777
12.711685 -1.102965
12.716686 -1.256454
12.721687 -1.359074
12.726687 -1.420716
12.731688 -1.433963
12.736689 -1.383535
12.741689 -1.269433
12.746690 -1.096603
12.751691 -0.884296
12.756691 -0.643376
12.761692 -0.376316
12.766693 -0.108284
12.771693 0.143940
12.776694 0.382828
12.781695 0.599991
12.786695 0.778649
12.791696 0.912885
12.796697 1.027869
12.801697 1.115211
12.806698 1.161575
12.811699 1.172879
12.816699 1.162457
12.821700 1.133754
12.826701 1.077410
12.831701 1.016119
12.836702 0.957301
12.841703 0.884177
12.846703 0.812554
12.851704 0.709845
12.856705 0.592829
12.861705 0.453116
12.866706 0.279845
12.871707 0.084848
12.876707 -0.107676
12.881708 -0.297727
12.886709 -0.482832
12.891709 -0.662992
12.896710 -0.810564
12.901711 -0.942328
12.906711 -1.058283
12.911712 -1.141651
12.916713 -1.178123
12.921713 -1.182009
12.926714 -1.130610
12.931715 -1.032316
12.936715 -0.872821
12.941716 -0.694074
12.946717 -0.492630
12.951717 -0.280323
12.956718 -0.087269
12.961719 0.083088
12.966719 0.222360
12.971720 0.333989
12.976721 0.409586
12.981721 0.455068
12.986722 0.452154
12.991723 0.426014
12.996723 0.393426
13.001724 0.348474
13.006725 0.286212
13.011725 0.219976
13.016726 0.169018
13.021727 0.132366
13.026727 0.104104
13.031728 0.089178
13.036729 0.095006
13.041729 0.102335
13.046730 0.091913
13.051731 0.066214
13.056731 0.003511
13.061732 -0.087806
13.066733 -0.212681
13.071733 -0.332611
13.076734 -0.428343
13.081735 -0.491486
13.086735 -0.535378
13.091736 -0.529902
13.096737 -0.485921
13.101737 -0.414298
13.106738 -0.356982
13.111738 -0.293749
13.116739 -0.238906
13.121740 -0.194925
13.126740 -0.153418
13.131741 -0.114383
13.136742 -0.058568
13.141742 -0.005226
13.146743 0.034780
13.151744 0.069840
13.156744 0.127598
13.161745 0.205578
13.166746 0.278613
13.171746 0.361010
13.176747 0.446850
13.181748 0.530217
13.186748 0.583470
13.191749 0.617470
13.196750 0.645553
13.201750 0.676109
13.206751 0.686441
13.211752 0.712582
13.216752 0.752058
13.221753 0.798952
13.226754 0.823150
13.231754 0.827125
13.236755 0.814320
13.241756 0.773872
13.246756 0.678140
13.251757 0.563156
13.256758 0.445700
13.261758 0.300600
13.266759 0.139693
13.271760 -0.012825
13.276760 -0.142646
13.281761 -0.266550
13.286762 -0.365285
13.291762 -0.464019
13.296763 -0.556837
13.301764 -0.632875
13.306764 -0.702997
13.311765 -0.775591
13.316766 -0.812153
13.321766 -0.826019
13.326767 -0.812243
13.331768 -0.762434
13.336768 -0.676594
13.341769 -0.560639
13.346770 -0.439738
13.351770 -0.310447
13.356771 -0.171265
13.361772 -0.052307
13.366772 0.038038
13.371773 0.108160
13.376774 0.158057
13.381774 0.168479
13.386775 0.151258
13.391776 0.106395
13.396776 0.059060
13.401777 0.000861
13.406778 -0.051420
13.411778 -0.089394
13.416779 -0.104672
13.421780 -0.114034
13.426780 -0.119951
13.431781 -0.124896
13.436782 -0.107145
13.441782 -0.100257
13.446783 -0.093369
13.451784 -0.088954
13.456784 -0.082066
13.461785 -0.078621
13.466786 -0.097874
13.471786 -0.125516
13.476787 -0.156602
13.481788 -0.190162
13.486788 -0.226194
13.491789 -0.258782
13.496790 -0.271146
13.501790 -0.296845
13.506791 -0.314155
13.511792 -0.331465
13.516792 -0.332967
13.521793 -0.307797
13.526794 -0.277682
13.531794 -0.218424
13.536795 -0.148302
13.541796 -0.064846
13.546796 0.029474
13.551797 0.129710
13.556798 0.240809
13.561798 0.346962
13.566799 0.436335
13.571799 0.520763
13.576800 0.580022
13.581801 0.620028
13.586801 0.629920
13.591802 0.612169
13.596803 0.594418
13.601803 0.549025
13.606804 0.487824
13.611805 0.418232
13.616805 0.343696
13.621806 0.277549
13.626807 0.203012
13.631807 0.134392
13.636808 0.095887
13.641809 0.076635
13.646809 0.076635
13.651810 0.095887
13.656811 0.142782
13.661811 0.208929
13.666812 0.275075
13.671813 0.352085
13.676813 0.429094
13.681814 0.508577
13.686815 0.562890
13.691815 0.592033
13.696816 0.601925
13.701817 0.575784
13.706817 0.511139
13.711818 0.418851
13.716819 0.310755
13.721819 0.180934
13.726820 0.035305
13.731821 -0.126133
13.736821 -0.284126
13.741822 -0.448037
13.746823 -0.591724
13.751823 -0.732938
13.756824 -0.838119
13.761825 -0.910714
13.766825 -0.964056
13.771826 -0.984809
13.776827 -0.981365
13.781827 -0.931027
13.786828 -0.878215
13.791829 -0.800235
13.796829 -0.705474
13.801830 -0.596407
13.806831 -0.487340
13.811831 -0.366439
13.816832 -0.243065
13.821833 -0.108829
13.826833 0.011101
13.831834 0.125113
13.836835 0.244072
13.841835 0.351196
13.846836 0.433151
13.851837 0.492410
13.856837 0.537362
13.861838 0.559617
13.866839 0.562620
13.871839 0.543898
13.876840 0.508397
13.881841 0.462032
13.886841 0.388026
13.891842 0.289821
13.896843 0.175808
13.901843 0.056850
13.906844 -0.077917
13.911845 -0.222575
13.916845 -0.344537
13.921846 -0.443802
13.926847 -0.520370
13.931847 -0.575213
13.936848 -0.583162
13.941849 -0.564440
13.946849 -0.504740
13.951850 -0.426760
13.956851 -0.316191
13.961851 -0.178952
13.966852 -0.044185
13.971853 0.112307
13.976853 0.260409
13.981854 0.406038
13.986855 0.521552
13.991855 0.606952
13.996856 0.670626
14.001857 0.684932
14.006857 0.660734
14.011858 0.600504
14.016859 0.531885
14.021859 0.448958
14.026860 0.346779
14.031860 0.257936
14.036861 0.185872
14.041862 0.138977
14.046862 0.111335
14.051863 0.097999
14.056864 0.103916
14.061864 0.118223
14.066865 0.121667
14.071866 0.122638
14.076866 0.117693
14.081867 0.093495
14.086868 0.044127
14.091868 -0.013630
14.096869 -0.082250
14.101870 -0.156787
14.106870 -0.250576
14.111871 -0.335975
14.116872 -0.418902
14.121872 -0.488493
14.126873 -0.536359
14.131874 -0.564972
14.136874 -0.546691
14.141875 -0.515075
14.146876 -0.466679
14.151876 -0.414838
14.156877 -0.343746
14.161878 -0.275126
14.166878 -0.225759
14.171879 -0.176392
14.176880 -0.143804
14.181880 -0.119606
14.186881 -0.120577
14.191882 -0.135855
14.196882 -0.153606
14.201883 -0.191581
14.206884 -0.232028
14.211884 -0.264086
14.216885 -0.274418
14.221886 -0.251191
14.226886 -0.219575
14.231887 -0.151926
14.236888 -0.056636
14.241888 0.066297
14.246889 0.197620
14.251890 0.326469
14.256890 0.461236
14.261891 0.585140
14.266892 0.687319
14.271892 0.767772
14.276893 0.828974
14.281894 0.860060
14.286894 0.858558
14.291895 0.846194
14.296896 0.814578
14.301896 0.755319
14.306897 0.670891
14.311898 0.567210
14.316898 0.476865
14.321899 0.383076
14.326900 0.285843
14.331900 0.191082
14.336901 0.101268
14.341902 -0.002854
14.346902 -0.106975
14.351903 -0.211097
14.356904 -0.309301
14.361904 -0.409979
14.366905 -0.496350
14.371906 -0.554107
14.376906 -0.589167
14.381907 -0.612394
14.386908 -0.615397
14.391908 -0.614956
14.396909 -0.597736
14.401910 -0.561263
14.406910 -0.522317
14.411911 -0.474982
14.416912 -0.392585
14.421912 -0.313633
14.426913 -0.235653
14.431914 -0.168534
14.436914 -0.104860
14.441915 -0.057966
14.446916 -0.027851
14.451916 -0.016988
14.456917 -0.027851
14.461918 -0.049576
14.466918 -0.082164
14.471919 -0.128087
14.476920 -0.174011
14.481920 -0.209071
14.486921 -0.241659
14.491921 -0.254995
14.496922 -0.254995
14.501923 -0.241660
14.506923 -0.231768
14.511924 -0.213487
14.516925 -0.196177
14.521925 -0.178868
14.526926 -0.186727
14.531927 -0.197060
14.536927 -0.207392
14.541928 -0.225143
14.546929 -0.239450
14.551929 -0.250312
14.556930 -0.257731
14.561931 -0.245897
14.566931 -0.208894
14.571932 -0.152638
14.576933 -0.055405
14.581933 0.063553
14.586934 0.187457
14.591935 0.313834
14.596935 0.436767
14.601936 0.553783
14.606937 0.643157
14.611937 0.713278
14.616938 0.761674
14.621939 0.782428
14.626939 0.776511
14.631940 0.741450
14.636941 0.701444
14.641941 0.654019
14.646942 0.574006
14.651943 0.480658
14.656943 0.393227
14.661944 0.297406
14.666945 0.204058
14.671945 0.126518
14.676946 0.067259
14.681947 0.021336
14.686947 -0.006306
14.691948 -0.020613
14.696949 -0.010722
14.701949 0.012505
14.706950 0.029815
14.711951 0.047124
14.716951 0.064434
14.721952 0.081744
14.726953 0.071412
14.731953 0.050217
14.736954 0.026549
14.741955 -0.005509
14.746955 -0.045956
14.751956 -0.083931
14.756957 -0.119433
14.761957 -0.154934
14.766958 -0.179573
14.771959 -0.201740
14.776959 -0.196264
14.781960 -0.176481
14.786961 -0.148309
14.791961 -0.114219
14.796962 -0.076686
14.801963 -0.027319
14.806963 0.025493
14.811964 0.062496
14.816965 0.113806
14.821965 0.140918
14.826966 0.159640
14.831967 0.165026
14.836967 0.162023
14.841968 0.144713
14.846969 0.110624
14.851969 0.062228
14.856970 0.016304
14.861971 -0.029619
14.866971 -0.081459
14.871972 -0.127382
14.876973 -0.170833
14.881973 -0.205894
14.886974 -0.238481
14.891975 -0.273542
14.896975 -0.289350
14.901976 -0.285906
14.906977 -0.274073
14.911977 -0.256322
14.916978 -0.208456
14.921979 -0.146283
14.926979 -0.086584
14.931980 -0.020967
14.936981 0.048094
14.941981 0.097902
14.946982 0.130931
14.951982 0.142234
14.956983 0.141704
14.961984 0.120950
14.966984 0.077500
14.971985 0.013825
14.976986 -0.053293
14.981986 -0.123855
14.986987 -0.213670
14.991988 -0.303485
14.996988 -0.384910
15.001989 -0.441165
15.006990 -0.489031
15.011990 -0.511728
15.016991 -0.498393
15.021992 -0.454942
15.026992 -0.383850
15.031993 -0.301894
15.036994 -0.211549
15.041994 -0.107869
15.046995 -0.025914
15.051996 0.058514
15.056996 0.132079
15.061997 0.188865
15.066998 0.220482
15.071998 0.238763
15.076999 0.234347
15.082000 0.219069
15.087000 0.181095
15.092001 0.151510
15.097002 0.124398
15.102002 0.099759
15.107003 0.077593
15.112004 0.057899
15.117004 0.054985
15.122005 0.052071
15.127006 0.063464
15.132006 0.069911
15.137007 0.101528
15.142008 0.128199
15.147008 0.149924
15.152009 0.181010
15.157010 0.207151
15.162010 0.239208
15.167011 0.247068
15.172012 0.254927
15.177012 0.257841
15.182013 0.235585
15.187014 0.202467
15.192014 0.152570
15.197015 0.094282
15.202016 0.019215
15.207016 -0.067686
15.212017 -0.160504
15.217018 -0.239986
15.222018 -0.320440
15.227019 -0.387558
15.232020 -0.443814
15.237020 -0.469954
15.242021 -0.502012
15.247022 -0.517290
15.252022 -0.526651
15.257023 -0.524178
15.262024 -0.513316
15.267024 -0.501482
15.272025 -0.483731
15.277026 -0.449201
15.282026 -0.408753
15.287027 -0.370779
15.292028 -0.316025
15.297028 -0.267188
15.302029 -0.207488
15.307030 -0.145316
15.312030 -0.080670
15.317031 -0.013552
15.322032 0.056039
15.327032 0.114767
15.332033 0.173496
15.337034 0.223834
15.342034 0.276646
15.347035 0.321067
15.352036 0.367962
15.357036 0.423246
15.362037 0.472613
15.367038 0.521981
15.372038 0.554568
15.377039 0.595546
15.382040 0.630607
15.387040 0.654805
15.392041 0.664696
15.397042 0.657808
15.402042 0.636613
15.407043 0.607028
15.412043 0.560664
15.417044 0.519245
15.422045 0.469436
15.427045 0.408765
15.432046 0.345622
15.437047 0.288395
15.442047 0.243002
15.447048 0.190190
15.452049 0.144267
15.457049 0.110177
15.462050 0.077059
15.467051 0.044912
15.472051 0.018682
15.477052 -0.001631
15.482053 -0.019471
15.487053 -0.045701
15.492054 -0.069458
15.497055 -0.083323
15.502055 -0.103106
15.507056 -0.118914
15.512057 -0.138167
15.517057 -0.145055
15.522058 -0.149471
15.527059 -0.146468
15.532059 -0.132602
15.537060 -0.099484
15.542061 -0.057976
15.547061 -0.027331
15.552062 0.011704
15.557063 0.054183
15.562063 0.085800
15.567064 0.104081
15.572065 0.100637
15.577065 0.086330
15.582066 0.055244
15.587067 0.004905
15.592067 -0.056296
15.597068 -0.115025
15.602069 -0.171281
15.607069 -0.227536
15.612070 -0.286265
15.617071 -0.336603
15.622071 -0.361773
15.627072 -0.372636
15.632073 -0.380054
15.637073 -0.381556
15.642074 -0.368750
15.647075 -0.352501
15.652075 -0.347115
15.657076 -0.333338
15.662077 -0.319562
15.667077 -0.305785
15.672078 -0.295453
15.677079 -0.252533
15.682079 -0.207140
15.687080 -0.168635
15.692081 -0.127658
15.697081 -0.068399
15.702082 -0.015057
15.707083 0.032367
15.712083 0.071402
15.717084 0.110437
15.722085 0.130220
15.727085 0.136667
15.732086 0.129779
15.737087 0.114501
15.742087 0.085887
15.747088 0.043938
15.752089 -0.014790
15.757089 -0.067602
15.762090 -0.131276
15.767091 -0.203340
15.772091 -0.281321
15.777092 -0.353384
15.782093 -0.400279
15.787093 -0.438784
15.792094 -0.449646
15.797095 -0.443730
15.802095 -0.404254
15.807096 -0.347998
15.812097 -0.289270
15.817097 -0.213762
15.822098 -0.135781
15.827099 -0.066190
15.832099 0.000928
15.837100 0.064602
15.842101 0.111497
15.847101 0.139139
15.852102 0.150001
15.857103 0.169254
15.862103 0.174199
15.867104 0.174199
15.872104 0.174199
15.877105 0.180116
15.882106 0.175171
15.887106 0.165279
15.892107 0.155388
15.897108 0.151413
15.902108 0.149912
15.907109 0.148410
15.912110 0.157771
15.917110 0.172078
15.922111 0.197247
15.927112 0.214027
15.932112 0.224889
15.937113 0.246614
15.942114 0.251560
15.947114 0.248116
15.952115 0.238755
15.957116 0.215087
15.962116 0.183029
15.967117 0.142582
15.972118 0.093745
15.977118 0.066633
15.982119 0.039521
15.987120 0.017355
15.992120 0.022830
15.997121 0.039169
16.002122 0.080677
16.007122 0.122185
16.012123 0.175526
16.017124 0.245648
16.022124 0.305878
16.027125 0.361162
16.032126 0.403111
16.037126 0.437641
16.042127 0.458836
16.047128 0.458306
16.052128 0.441967
16.057129 0.417239
16.062130 0.368312
16.067130 0.313469
16.072131 0.236900
16.077132 0.162805
16.082132 0.097099
16.087133 0.023003
16.092134 -0.048620
16.097134 -0.111853
16.102135 -0.153361
16.107136 -0.203259
16.112136 -0.236377
16.117137 -0.253687
16.122138 -0.270997
16.127138 -0.274971
16.132139 -0.284862
16.137140 -0.298198
16.142140 -0.300671
16.147141 -0.314978
16.152142 -0.315949
16.157142 -0.322837
16.162143 -0.318863
16.167144 -0.309943
16.172144 -0.301023
16.177145 -0.281240
16.182146 -0.269847
16.187146 -0.252538
16.192147 -0.243618
16.197148 -0.231254
16.202148 -0.229752
16.207149 -0.224806
16.212150 -0.241586
16.217150 -0.249976
16.222151 -0.260838
16.227152 -0.276647
16.232152 -0.281593
16.237153 -0.267286
16.242154 -0.252979
16.247154 -0.227810
16.252155 -0.202641
16.257156 -0.164136
16.262156 -0.123158
16.267157 -0.084654
16.272158 -0.052066
16.277158 -0.008615
16.282159 0.028918
16.287160 0.063979
16.292160 0.090649
16.297161 0.128183
16.302162 0.157327
16.307162 0.175608
16.312163 0.196362
16.317164 0.211198
16.322164 0.226035
16.327165 0.232483
16.332165 0.230540
16.337166 0.228597
16.342167 0.220738
16.347167 0.202016
16.352168 0.180821
16.357169 0.159626
16.362169 0.144348
16.367170 0.120680
16.372171 0.092066
16.377171 0.069370
16.382172 0.052590
16.387173 0.024948
16.392173 0.000750
16.397174 -0.009142
16.402175 -0.010643
16.407175 -0.006228
16.412176 0.012494
16.417177 0.039606
16.422177 0.075108
16.427178 0.110609
16.432179 0.146111
16.437179 0.192475
16.442180 0.232923
16.447181 0.254117
16.452181 0.280258
16.457182 0.295536
16.462183 0.307370
16.467183 0.308341
16.472184 0.300923
16.477185 0.285114
16.482185 0.271779
16.487186 0.241664
16.492187 0.203159
16.497187 0.177989
16.502188 0.144430
16.507189 0.096564
16.512189 0.048699
16.517190 0.011695
16.522191 -0.031225
16.527191 -0.085008
16.532192 -0.127928
16.537193 -0.170848
16.542193 -0.211295
16.547194 -0.243353
16.552195 -0.269494
16.557195 -0.284772
16.562196 -0.300050
16.567197 -0.309411
16.572197 -0.321245
16.577198 -0.304465
16.582199 -0.301021
16.587199 -0.291660
16.592200 -0.278855
16.597201 -0.245827
16.602201 -0.215271
16.607202 -0.203967
16.612203 -0.195136
16.617203 -0.194695
16.622204 -0.200171
16.627205 -0.222427
16.632205 -0.239737
16.637206 -0.249628
16.642207 -0.257046
16.647207 -0.257046
16.652208 -0.254574
16.657209 -0.236293
16.662209 -0.198759
16.667210 -0.158753
16.672211 -0.107884
16.677211 -0.037763
16.682212 0.032358
16.687213 0.083227
16.692213 0.128179
16.697214 0.170658
16.702215 0.196358
16.707215 0.211195
16.712216 0.226032
16.717217 0.230006
16.722217 0.236453
16.727218 0.229565
16.732219 0.228594
16.737219 0.225150
16.742220 0.219233
16.747221 0.199980
16.752221 0.173309
16.757222 0.155028
16.762223 0.131801
16.767223 0.097712
16.772224 0.050287
16.777225 0.013725
16.782225 -0.016921
16.787226 -0.055956
16.792226 -0.084128
16.797227 -0.098965
16.802228 -0.102940
16.807228 -0.101968
16.812229 -0.098524
16.817230 -0.081745
16.822230 -0.049157
16.827231 -0.033349
16.832232 -0.017541
16.837232 0.000740
16.842233 0.010632
16.847234 0.001271
16.852234 -0.014007
16.857235 -0.031758
16.862236 -0.063816
16.867236 -0.104263
16.872237 -0.147183
16.877238 -0.187631
16.882238 -0.222161
16.887239 -0.248302
16.892240 -0.266053
16.897240 -0.275414
16.902241 -0.278858
16.907242 -0.267996
16.912242 -0.237881
16.917243 -0.193459
16.922244 -0.151510
16.927244 -0.112034
16.932245 -0.064168
16.937246 -0.007913
16.942246 0.054260
16.947247 0.108042
16.952248 0.164298
16.957248 0.214637
16.962249 0.264975
16.967250 0.301007
16.972250 0.337039
16.977251 0.367154
16.982252 0.397269
16.987252 0.408132
16.992253 0.427384
16.997254 0.440719
17.002254 0.462444
17.007255 0.464917
17.012256 0.475780
17.017256 0.475780
17.022257 0.467390
17.027258 0.459000
17.032258 0.437275
17.037259 0.404687
17.042260 0.380489
17.047260 0.345428
17.052261 0.301978
17.057262 0.261000
17.062262 0.214105
17.067263 0.167211
17.072264 0.114399
17.077264 0.064061
17.082265 0.016195
17.087266 -0.031671
17.092266 -0.082010
17.097267 -0.126432
17.102268 -0.162464
17.107268 -0.195051
17.112269 -0.221722
17.117270 -0.231614
17.122270 -0.235588
17.127271 -0.239563
17.132272 -0.231703
17.137272 -0.210508
17.142273 -0.194259
17.147274 -0.175537
17.152274 -0.167677
17.157275 -0.146483
17.162276 -0.133677
17.167276 -0.118399
17.172277 -0.109038
17.177278 -0.094732
17.182278 -0.075479
17.187279 -0.062144
17.192280 -0.046336
17.197280 -0.028055
17.202281 -0.004828
17.207282 -0.000854
17.212282 -0.002796
17.217283 -0.004739
17.222284 -0.020988
17.227284 -0.048100
17.232285 -0.075212
17.237286 -0.102324
17.242286 -0.137826
17.247287 -0.175800
17.252287 -0.222165
17.257288 -0.249277
17.262289 -0.270472
17.267289 -0.291667
17.272290 -0.298555
17.277291 -0.302970
17.282291 -0.293079
17.287292 -0.288134
17.292293 -0.266408
17.297293 -0.238766
17.302294 -0.211124
17.307295 -0.185955
17.312295 -0.149923
17.317296 -0.097111
17.322297 -0.055163
17.327297 -0.027521
17.332298 -0.002351
17.337299 0.031208
17.342299 0.047987
17.347300 0.056377
17.352301 0.053904
17.357301 0.068211
17.362302 0.076601
17.367303 0.071655
17.372303 0.069182
17.377304 0.066709
17.382305 0.064236
17.387305 0.050901
17.392306 0.023259
17.397307 0.001533
17.402307 -0.020192
17.407308 -0.061170
17.412309 -0.102147
17.417309 -0.134735
17.422310 -0.167323
17.427311 -0.214218
17.432311 -0.246805
17.437312 -0.276921
17.442313 -0.287783
17.447313 -0.303592
17.452314 -0.308537
17.457315 -0.299176
17.462315 -0.273036
17.467316 -0.232588
17.472317 -0.194614
17.477317 -0.139860
17.482318 -0.079189
17.487319 -0.026908
17.492319 0.022901
17.497320 0.094434
17.502321 0.149188
17.507321 0.206415
17.512322 0.249335
17.517323 0.297201
17.522323 0.322370
17.527324 0.333233
17.532325 0.338178
17.537325 0.328817
17.542326 0.321929
17.547327 0.298261
17.552327 0.282983
17.557328 0.259315
17.562329 0.254900
17.567329 0.231232
17.572330 0.215954
17.577331 0.209066
17.582331 0.202177
17.587332 0.176037
17.592333 0.158286
17.597333 0.138062
17.602334 0.117839
17.607335 0.078362
17.612335 0.044803
17.617336 0.002854
17.622337 -0.036622
17.627337 -0.086960
17.632338 -0.128909
17.637339 -0.151606
17.642339 -0.176775
17.647340 -0.199472
17.652341 -0.207862
17.657341 -0.202916
17.662342 -0.200443
17.667343 -0.187108
17.672343 -0.159466
17.677344 -0.118488
17.682345 -0.060731
17.687345 -0.011364
17.692346 0.046393
17.697347 0.098234
17.702347 0.160936
17.707348 0.204387
17.712348 0.236974
17.717349 0.274508
17.722350 0.301179
17.727350 0.327850
17.732351 0.335268
17.737352 0.351076
17.742352 0.353549
17.747353 0.356022
17.752354 0.351076
17.757354 0.354520
17.762355 0.355491
17.767356 0.351517
17.772356 0.347543
17.777357 0.341095
17.782358 0.340565
17.787358 0.320782
17.792359 0.292610
17.797360 0.270354
17.802360 0.225402
17.807361 0.180450
17.812362 0.118719
17.817362 0.070322
17.822363 0.007620
17.827364 -0.058527
17.832364 -0.116285
17.837365 -0.169096
17.842366 -0.211045
17.847366 -0.269774
17.852367 -0.309250
17.857368 -0.340336
17.862368 -0.360560
17.867369 -0.380783
17.872370 -0.392617
17.877370 -0.387672
17.882371 -0.385199
17.887372 -0.391116
17.892372 -0.376809
17.897373 -0.362502
17.902374 -0.353142
17.907374 -0.341308
17.912375 -0.334420
17.917376 -0.305806
17.922376 -0.279666
17.927377 -0.267832
17.932378 -0.255998
17.937378 -0.230829
17.942379 -0.200714
17.947380 -0.178988
17.952380 -0.146401
17.957381 -0.106394
17.962382 -0.068861
17.967382 -0.037244
17.972383 0.000289
17.977384 0.029433
17.982384 0.058576
17.987385 0.079330
17.992386 0.089221
17.997386 0.099113
18.002387 0.109004
18.007388 0.088780
18.012388 0.071029
18.017389 0.050806
18.022390 0.022192
18.027390 -0.006421
18.032391 -0.035035
18.037392 -0.052786
18.042392 -0.062147
18.047393 -0.084843
18.052394 -0.096677
18.057394 -0.102594
18.062395 -0.089259
18.067396 -0.089259
18.072396 -0.074952
18.077397 -0.052256
18.082398 -0.029559
18.087398 -0.017725
18.092399 -0.016754
18.097400 -0.007393
18.102400 -0.014812
18.107401 -0.022230
18.112402 -0.040511
18.117402 -0.053847
18.122403 -0.061265
18.127404 -0.072128
18.132404 -0.085464
18.137405 -0.087936
18.142406 -0.090409
18.147406 -0.098799
18.152407 -0.098799
18.157408 -0.090409
18.162408 -0.073630
18.167409 -0.065240
18.172409 -0.040071
18.177410 -0.017375
18.182411 0.007795
18.187411 0.032964
18.192412 0.058133
18.197413 0.094165
18.202413 0.127724
18.207414 0.163756
18.212415 0.197315
18.217415 0.230874
18.222416 0.266906
18.227417 0.292075
18.232417 0.308855
18.237418 0.334024
18.242419 0.350804
18.247419 0.361666
18.252420 0.364139
18.257421 0.366612
18.262421 0.377474
18.267422 0.379947
18.272423 0.374030
18.277423 0.387366
18.282424 0.392311
18.287425 0.397257
18.292425 0.399730
18.297426 0.404675
18.302427 0.407148
18.307427 0.398758
18.312428 0.387896
18.317429 0.385423
18.322429 0.372087
18.327430 0.345416
18.332431 0.307883
18.337431 0.261959
18.342432 0.205174
18.347433 0.129135
18.352433 0.044707
18.357434 -0.039721
18.362435 -0.130066
18.367435 -0.220411
18.372436 -0.308283
18.377437 -0.374430
18.382437 -0.440577
18.387438 -0.499306
18.392439 -0.541254
18.397439 -0.561478
18.402440 -0.562450
18.407441 -0.569338
18.412441 -0.559447
18.417442 -0.532776
18.422443 -0.509549
18.427443 -0.477933
18.432444 -0.440399
18.437445 -0.392003
18.442445 -0.343607
18.447446 -0.306074
18.452447 -0.268540
18.457447 -0.225090
18.462448 -0.181639
18.467449 -0.157441
18.472449 -0.133243
18.477450 -0.100656
18.482451 -0.078930
18.487451 -0.062151
18.492452 -0.047844
18.497453 -0.036010
18.502453 -0.026649
18.507454 -0.036541
18.512455 -0.042988
18.517455 -0.049435
18.522456 -0.064272
18.527457 -0.084055
18.532457 -0.112227
18.537458 -0.137927
18.542459 -0.163627
18.547459 -0.189326
18.552460 -0.220943
18.557461 -0.233307
18.562461 -0.234809
18.567462 -0.236310
18.572463 -0.224476
18.577463 -0.182528
18.582464 -0.129716
18.587465 -0.074432
18.592465 -0.016675
18.597466 0.060335
18.602467 0.131427
18.607467 0.202520
18.612468 0.265223
18.617469 0.322008
18.622469 0.376321
18.627470 0.407938
18.632470 0.437082
18.637471 0.457836
18.642472 0.472672
18.647472 0.474174
18.652473 0.461369
18.657474 0.454480
18.662474 0.439202
18.667475 0.413062
18.672476 0.378531
18.677476 0.349918
18.682477 0.321304
18.687478 0.273438
18.692478 0.223100
18.697479 0.181151
18.702480 0.128339
18.707480 0.056275
18.712481 -0.007399
18.717482 -0.062683
18.722482 -0.120440
18.727483 -0.167335
18.732484 -0.208313
18.737484 -0.249290
18.742485 -0.271016
18.747486 -0.295214
18.752486 -0.291770
18.757487 -0.269073
18.762488 -0.237987
18.767488 -0.204428
18.772489 -0.154089
18.777490 -0.103751
18.782490 -0.048466
18.787491 0.004345
18.792492 0.040377
18.797492 0.087271
18.802493 0.117386
18.807494 0.122332
18.812494 0.127278
18.817495 0.132223
18.822496 0.122862
18.827496 0.102638
18.832497 0.084888
18.837498 0.073054
18.842498 0.052830
18.847499 0.040996
18.852500 0.024216
18.857500 0.026689
18.862501 0.029162
18.867502 0.018299
18.872502 0.015826
18.877503 0.024216
18.882504 0.021743
18.887504 0.000018
18.892505 -0.013317
18.897506 -0.029126
18.902506 -0.039988
18.907507 -0.053324
18.912508 -0.058270
18.917508 -0.054826
18.922509 -0.048909
18.927510 -0.045465
18.932510 -0.033631
18.937511 -0.010934
18.942512 0.009289
18.947512 0.023596
18.952513 0.043820
18.957514 0.064043
18.962514 0.086740
18.967515 0.092657
18.972516 0.098573
18.977516 0.096101
18.982517 0.096101
18.987518 0.068458
18.992518 0.046733
18.997519 0.019091
19.002520 -0.008551
19.007520 -0.033721
19.012521 -0.069753
19.017522 -0.080615
19.022522 -0.099868
19.027523 -0.116647
19.032524 -0.119120
19.037524 -0.113203
19.042525 -0.104814
19.047526 -0.098897
19.052526 -0.076200
19.057527 -0.053504
19.062528 -0.036724
19.067528 -0.022418
19.072529 -0.014028
19.077530 0.002752
19.082530 0.011141
19.087531 0.005224
19.092531 -0.003165
19.097532 -0.003166
19.102533 -0.009083
19.107533 -0.025862
19.112534 -0.034252
19.117535 -0.042642
19.122535 -0.048559
19.127536 -0.067811
19.132537 -0.072757
19.137537 -0.075230
19.142538 -0.080175
19.147539 -0.095984
19.152539 -0.111792
19.157540 -0.108348
19.162541 -0.115767
19.167541 -0.123185
19.172542 -0.133076
19.177543 -0.129632
19.182543 -0.126188
19.187544 -0.125217
19.192545 -0.130163
19.197545 -0.121773
19.202546 -0.115856
19.207547 -0.115856
19.212547 -0.124246
19.217548 -0.127690
19.222549 -0.131134
19.227549 -0.123716
19.232550 -0.124687
19.237551 -0.117269
19.242551 -0.096515
19.247552 -0.086624
19.252553 -0.065870
19.257553 -0.034253
19.262554 -0.002637
19.267555 0.026507
19.272555 0.066513
19.277556 0.098130
19.282557 0.138136
19.287557 0.167280
19.292558 0.188034
19.297559 0.214704
19.302559 0.235458
19.307560 0.234487
19.312561 0.233516
19.317561 0.230071
19.322562 0.226627
19.327563 0.203931
19.332563 0.178761
19.337564 0.164455
19.342565 0.139285
19.347565 0.111643
19.352566 0.092391
19.357567 0.081528
19.362567 0.070665
19.367568 0.065720
19.372569 0.058301
19.377569 0.067662
19.382570 0.071106
19.387571 0.080467
19.392571 0.081438
19.397572 0.084882
19.402573 0.077464
19.407573 0.072518
19.412574 0.056710
19.417575 0.040901
19.422575 0.027566
19.427576 0.003368
19.432577 -0.020830
19.437577 -0.031693
19.442578 -0.034166
19.447579 -0.045028
19.452579 -0.047501
19.457580 -0.039112
19.462581 -0.028249
19.467581 -0.025776
19.472582 -0.014914
19.477583 -0.004051
19.482583 0.000895
19.487584 0.003367
19.492585 0.003367
19.497585 0.005840
19.502586 0.008313
19.507587 -0.000077
19.512587 -0.008467
19.517588 -0.010940
19.522589 -0.027719
19.527589 -0.038582
19.532590 -0.057834
19.537591 -0.060307
19.542591 -0.062780
19.547592 -0.065253
19.552592 -0.061809
19.557593 -0.049975
19.562594 -0.038141
19.567594 -0.037170
19.572595 -0.016946
19.577596 -0.007585
19.582596 0.015111
19.587597 0.026945
19.592598 0.030389
19.597598 0.044696
19.602599 0.048140
19.607600 0.043194
19.612600 0.029859
19.617601 0.024913
19.622602 0.022440
19.627602 0.009105
19.632603 -0.004231
19.637604 -0.015094
19.642604 -0.017566
19.647605 -0.025956
19.652606 -0.034346
19.657606 -0.023484
19.662607 -0.021011
19.667608 -0.018538
19.672608 -0.013592
19.677609 -0.008647
19.682610 0.007161
19.687610 0.012107
19.692611 0.008663
19.697612 0.024471
19.702612 0.023500
19.707613 0.020056
19.712614 0.016611
19.717614 0.013167
19.722615 0.001333
19.727616 -0.023836
19.732616 -0.046533
19.737617 -0.071702
19.742618 -0.096871
19.747618 -0.122041
19.752619 -0.141293
19.757620 -0.158073
19.762620 -0.172379
19.767621 -0.189159
19.772622 -0.189159
19.777622 -0.175824
19.782623 -0.156571
19.787624 -0.134846
19.792624 -0.113121
19.797625 -0.083006
19.802626 -0.052891
19.807626 -0.031166
19.812627 -0.009441
19.817628 0.023147
19.822628 0.053262
19.827629 0.064124
19.832630 0.085850
19.837630 0.107575
19.842631 0.129300
19.847632 0.142635
19.852632 0.145108
19.857633 0.153498
19.862634 0.164360
19.867634 0.155971
19.872635 0.145108
19.877636 0.140162
19.882636 0.129300
19.887637 0.115964
19.892638 0.091766
19.897638 0.084347
19.902639 0.079402
19.907640 0.063593
19.912640 0.062092
19.917641 0.065536
19.922642 0.077370
19.927642 0.080814
19.932643 0.092648
19.937644 0.115344
19.942644 0.129651
19.947645 0.146430
19.952646 0.171600
19.957646 0.196769
19.962647 0.216021
19.967648 0.232801
19.972648 0.241191
19.977649 0.260443
19.982650 0.262916
19.987650 0.265388
19.992651 0.254526
19.997652 0.237746
20.002652 0.220967
20.007653 0.184935
20.012653 0.157292
20.017654 0.121260
20.022655 0.085228
20.027655 0.038334
20.032656 -0.006088
20.037657 -0.044593
20.042657 -0.089015
20.047658 -0.135909
20.052659 -0.176887
20.057659 -0.204529
20.062660 -0.243034
20.067661 -0.289928
20.072661 -0.336823
20.077662 -0.372855
20.082663 -0.408887
20.087663 -0.444919
20.092664 -0.472561
20.097665 -0.491814
20.102665 -0.508593
20.107666 -0.508593
20.112667 -0.508593
20.117667 -0.489341
20.122668 -0.461699
20.127669 -0.434057
20.132669 -0.406415
20.137670 -0.361993
20.142671 -0.323488
20.147671 -0.276594
20.152672 -0.227226
20.157673 -0.188722
20.162673 -0.145271
20.167674 -0.112684
20.172675 -0.080096
20.177675 -0.045035
20.182676 -0.009975
20.187677 0.003361
20.192677 0.019169
20.197678 0.043367
20.202679 0.065092
20.207679 0.070038
20.212680 0.083373
20.217681 0.105098
20.222681 0.118434
20.227682 0.126824
20.232683 0.146076
20.237683 0.171245
20.242684 0.198887
20.247685 0.215667
20.252685 0.232446
20.257686 0.257616
20.262687 0.282785
20.267687 0.280312
20.272688 0.286229
20.277689 0.281283
20.282689 0.267948
20.287690 0.246222
20.292691 0.211162
20.297691 0.184491
20.302692 0.151903
20.307693 0.108453
20.312693 0.075865
20.317694 0.051667
20.322695 0.021552
20.327695 -0.000174
20.332696 -0.021899
20.337697 -0.032762
20.342697 -0.035235
20.347698 -0.043624
20.352699 -0.032762
20.357699 -0.013509
20.362700 0.008216
20.367701 0.029941
20.372701 0.051666
20.377702 0.081781
20.382703 0.111896
20.387703 0.131148
20.392704 0.150401
20.397705 0.178043
20.402705 0.197295
20.407706 0.205685
20.412707 0.214075
20.417707 0.228381
20.422708 0.236771
20.427709 0.236771
20.432709 0.225908
20.437710 0.223435
20.442711 0.206656
20.447711 0.179014
20.452712 0.162234
20.457713 0.137065
20.462713 0.101033
20.467714 0.067473
20.472714 0.033914
20.477715 -0.002118
20.482716 -0.044067
20.487716 -0.088488
20.492717 -0.124520
20.497718 -0.149690
20.502718 -0.174859
20.507719 -0.194112
20.512720 -0.210891
20.517720 -0.210891
20.522721 -0.216808
20.527722 -0.216808
20.532722 -0.214336
20.537723 -0.203473
20.542724 -0.181748
20.547724 -0.170885
20.552725 -0.160023
20.557726 -0.138297
20.562726 -0.119045
20.567727 -0.105710
20.572728 -0.086457
20.577728 -0.067205
20.582729 -0.039563
20.587730 -0.022783
20.592730 0.004859
20.597731 0.030028
20.602732 0.046807
20.607732 0.061114
20.612733 0.083811
20.617734 0.106507
20.622734 0.131676
20.627735 0.135120
20.632736 0.149427
20.637736 0.161261
20.642737 0.167178
20.647738 0.162232
20.652738 0.146424
20.657739 0.133088
20.662740 0.117280
20.667740 0.084692
20.672741 0.049631
20.677742 0.017044
20.682742 -0.015544
20.687743 -0.048132
20.692744 -0.089110
20.697744 -0.113308
20.702745 -0.135033
20.707746 -0.154286
20.712746 -0.171065
20.717747 -0.179455
20.722748 -0.174509
20.727748 -0.177954
20.732749 -0.164618
20.737750 -0.148810
20.742750 -0.133002
20.747751 -0.119666
20.752752 -0.095468
20.757752 -0.082133
20.762753 -0.057935
20.767754 -0.052989
20.772754 -0.050517
20.777755 -0.048044
20.782756 -0.043098
20.787756 -0.059878
20.792757 -0.065795
20.797758 -0.063322
20.802758 -0.060849
20.807759 -0.066766
20.812760 -0.070210
20.817760 -0.067738
20.822761 -0.071182
20.827762 -0.074626
20.832762 -0.069680
20.837763 -0.064735
20.842764 -0.062262
20.847764 -0.059789
20.852765 -0.059789
20.857766 -0.059789
20.862766 -0.068179
20.867767 -0.076569
20.872768 -0.084959
20.877768 -0.087431
20.882769 -0.084959
20.887770 -0.084959
20.892770 -0.084959
20.897771 -0.068179
20.902772 -0.059790
20.907772 -0.048927
20.912773 -0.043010
20.917774 -0.023758
20.922774 -0.009451
20.927775 0.007328
20.932775 0.032498
20.937776 0.057667
20.942777 0.082836
20.947777 0.105533
20.952778 0.130702
20.957779 0.147482
20.962779 0.175124
20.967780 0.194376
20.972781 0.202766
20.977781 0.222018
20.982782 0.243743
20.987783 0.248689
20.992783 0.242772
20.997784 0.245245
21.002785 0.250190
21.007785 0.233411
21.012786 0.216631
21.017787 0.199851
21.022787 0.180599
21.027788 0.161347
21.032789 0.139621
21.037789 0.117896
21.042790 0.093698
21.047791 0.069500
21.052791 0.045302
21.057792 0.027021
21.062793 0.002823
21.067793 -0.023848
21.072794 -0.048046
21.077795 -0.063855
21.082795 -0.077190
21.087796 -0.096443
21.092797 -0.107305
21.097797 -0.118168
21.102798 -0.118168
21.107799 -0.126558
21.112799 -0.134948
21.117800 -0.126558
21.122801 -0.124085
21.127801 -0.126558
21.132802 -0.109779
21.137803 -0.095472
21.142803 -0.078692
21.147804 -0.064386
21.152805 -0.050079
21.157805 -0.024910
21.162806 -0.008130
21.167807 0.006176
21.172807 0.017039
21.177808 0.025429
21.182809 0.036291
21.187809 0.027901
21.192810 0.030374
21.197811 0.032847
21.202811 0.037793
21.207812 0.023486
21.212813 0.017569
21.217813 0.014125
21.222814 0.008208
21.227815 -0.006099
21.232815 -0.014489
21.237816 -0.014489
21.242817 -0.022879
21.247817 -0.025352
21.252818 -0.025352
21.257819 -0.027825
21.262819 -0.019435
21.267820 -0.019435
21.272821 -0.011045
21.277821 -0.002655
21.282822 0.008207
21.287823 0.008207
21.292823 0.019070
21.297824 0.029932
21.302825 0.040795
21.307825 0.049185
21.312826 0.057574
21.317827 0.065964
21.322827 0.076827
21.327828 0.085216
21.332829 0.085216
21.337829 0.093606
21.342830 0.093606
21.347831 0.085216
21.352831 0.068437
21.357832 0.062520
21.362833 0.045740
21.367833 0.012181
21.372834 -0.015461
21.377835 -0.038158
21.382835 -0.063327
21.387836 -0.088497
21.392836 -0.111193
21.397837 -0.119583
21.402838 -0.125500
21.407838 -0.133890
21.412839 -0.133890
21.417840 -0.131417
21.422840 -0.123027
21.427841 -0.114638
21.432842 -0.106248
21.437842 -0.089468
21.442843 -0.061826
21.447844 -0.045047
21.452844 -0.017405
21.457845 0.010237
21.462846 0.029490
21.467846 0.040352
21.472847 0.051215
21.477848 0.062077
21.482848 0.064550
21.487849 0.058633
21.492850 0.061106
21.497850 0.063579
21.502851 0.066052
21.507852 0.060135
21.512852 0.051745
21.517853 0.051745
21.522854 0.043355
21.527854 0.034965
21.532855 0.021630
21.537856 0.013240
21.542856 0.002377
21.547857 -0.016875
21.552858 -0.044518
21.557858 -0.063770
21.562859 -0.080550
21.567860 -0.097329
21.572860 -0.114109
21.577861 -0.120026
21.582862 -0.117553
21.587862 -0.115080
21.592863 -0.110135
21.597864 -0.090882
21.602864 -0.077547
21.607865 -0.060767
21.612866 -0.043988
21.617866 -0.018819
21.622867 -0.004512
21.627868 0.018185
21.632868 0.032491
21.637869 0.055188
21.642870 0.058632
21.647870 0.064549
21.652871 0.067993
21.657872 0.063047
21.662872 0.068964
21.667873 0.055628
21.672874 0.053156
21.677874 0.042293
21.682875 0.039820
21.687876 0.037347
21.692876 0.032401
21.697877 0.027456
21.702878 0.033373
21.707878 0.025954
21.712879 0.026925
21.717880 0.027897
21.722880 0.028868
21.727881 0.018976
21.732882 0.019948
21.737882 0.023392
21.742883 0.029309
21.747884 0.024363
21.752884 0.021890
21.757885 0.024363
21.762886 0.026836
21.767886 0.023391
21.772887 0.019947
21.777888 0.016503
21.782888 0.018005
21.787889 0.019506
21.792890 0.010145
21.797890 0.022509
21.802891 0.032400
21.807892 0.031429
21.812892 0.041320
21.817893 0.057129
21.822894 0.064547
21.827894 0.071966
21.832895 0.076911
21.837896 0.090247
21.842896 0.095192
21.847897 0.100138
21.852897 0.102611
21.857898 0.105083
21.862899 0.096694
21.867899 0.090777
21.872900 0.079914
21.877901 0.071524
21.882901 0.060661
21.887902 0.030546
21.892903 0.008821
21.897903 -0.006987
21.902904 -0.022796
21.907905 -0.055383
21.912905 -0.073665
21.917906 -0.089473
21.922907 -0.102808
21.927907 -0.127006
21.932908 -0.148732
21.937909 -0.159594
21.942909 -0.170457
21.947910 -0.181320
21.952911 -0.187237
21.957911 -0.187237
21.962912 -0.184764
21.967913 -0.182291
21.972913 -0.179818
21.977914 -0.160566
21.982915 -0.138841
21.987915 -0.111199
21.992916 -0.083557
21.997917 -0.045052
22.002917 -0.009020
22.007918 0.016149
22.012919 0.041319
22.017919 0.066488
22.022920 0.091657
22.027921 0.100047
22.032921 0.116826
22.037922 0.122743
22.042923 0.131133
22.047923 0.137050
22.052924 0.134577
22.057925 0.134577
22.062925 0.132104
22.067926 0.129631
22.072927 0.116296
22.077927 0.111350
22.082928 0.108877
22.087929 0.093069
22.092929 0.079733
22.097930 0.074788
22.102931 0.063925
22.107931 0.033810
22.112932 0.012085
22.117933 -0.007168
22.122933 -0.032337
22.127934 -0.059979
22.132935 -0.093538
22.137935 -0.118708
22.142936 -0.138932
22.147937 -0.170018
22.152937 -0.190242
22.157938 -0.202076
22.162939 -0.194657
22.167939 -0.198101
22.172940 -0.184766
22.177941 -0.152178
22.182941 -0.130453
22.187942 -0.100338
22.192943 -0.072696
22.197943 -0.045054
22.202944 -0.014939
22.207945 0.001841
22.212945 0.010230
22.217946 0.029483
22.222947 0.029483
22.227947 0.029483
22.232948 0.021093
22.237949 0.012703
22.242949 0.004313
22.247950 -0.012466
22.252951 -0.029246
22.257951 -0.043553
22.262952 -0.051943
22.267953 -0.068722
22.272953 -0.071195
22.277954 -0.071195
22.282955 -0.062805
22.287955 -0.065278
22.292956 -0.056889
22.297957 -0.050972
22.302957 -0.042582
22.307958 -0.034192
22.312958 -0.028275
22.317959 -0.011496
22.322960 -0.000633
22.327960 0.007757
22.332961 0.016146
22.337962 0.032926
22.342962 0.043788
22.347963 0.052178
22.352964 0.060568
22.357964 0.077347
22.362965 0.088210
22.367966 0.104989
22.372966 0.113379
22.377967 0.121769
22.382968 0.130159
22.387968 0.136075
22.392969 0.144465
22.397970 0.152855
22.402970 0.161245
22.407971 0.161245
22.412972 0.169634
22.417972 0.180497
22.422973 0.182970
22.427974 0.182970
22.432974 0.185442
22.437975 0.187915
22.442976 0.196305
22.447976 0.190388
22.452977 0.187915
22.457978 0.196305
22.462978 0.196305
22.467979 0.187915
22.472980 0.185442
22.477980 0.185442
22.482981 0.174579
22.487982 0.166190
22.492982 0.157800
22.497983 0.143493
22.502984 0.137576
22.507984 0.114879
22.512985 0.100573
22.517986 0.077876
22.522986 0.063569
22.527987 0.040873
22.532988 0.015703
22.537988 -0.001076
22.542989 -0.017856
22.547990 -0.037108
22.552990 -0.050444
22.557991 -0.052917
22.562992 -0.057862
22.567992 -0.079588
22.572993 -0.092923
22.577994 -0.106259
22.582994 -0.111204
22.587995 -0.122067
22.592996 -0.132930
22.597996 -0.132930
22.602997 -0.132930
22.607998 -0.138847
22.612998 -0.144764
22.617999 -0.150681
22.623000 -0.154125
22.628000 -0.160042
22.633001 -0.174349
22.638002 -0.174349
22.643002 -0.171876
22.648003 -0.191128
22.653004 -0.201991
22.658004 -0.204464
22.663005 -0.215327
22.668006 -0.220272
22.673006 -0.225218
22.678007 -0.224247
22.683008 -0.229192
22.688008 -0.234138
22.693009 -0.230694
22.698010 -0.210470
22.703010 -0.196164
22.708011 -0.184330
22.713012 -0.170023
22.718012 -0.149800
22.723013 -0.133020
22.728014 -0.121186
22.733014 -0.098490
22.738015 -0.075793
22.743016 -0.053097
22.748016 -0.047180
22.753017 -0.030400
22.758018 -0.013621
22.763018 -0.005231
22.768019 -0.002758
22.773019 -0.000286
22.778020 0.004660
22.783021 0.009606
22.788021 0.014551
22.793022 0.011107
22.798023 0.018526
22.803023 0.015081
22.808024 0.011637
22.813025 0.016583
22.818025 0.021528
22.823026 0.024001
22.828027 0.018084
22.833027 0.012167
22.838028 0.012167
22.843029 0.014640
22.848029 0.008723
22.853030 0.008723
22.858031 0.011196
22.863031 0.013669
22.868032 0.007752
22.873033 0.001835
22.878033 0.012697
22.883034 0.015170
22.888035 0.017643
22.893035 0.028505
22.898036 0.039368
22.903037 0.047758
22.908037 0.056147
22.913038 0.072927
22.918039 0.089706
22.923039 0.106486
22.928040 0.112403
22.933041 0.120792
22.938041 0.137572
22.943042 0.145962
22.948043 0.145962
22.953043 0.154351
22.958044 0.173604
22.963045 0.181993
22.968045 0.186939
22.973046 0.195329
22.978047 0.208664
22.983047 0.219527
22.988048 0.222000
22.993049 0.221999
22.998049 0.224472
23.003050 0.224472
23.008051 0.224472
23.013051 0.216082
23.018052 0.207693
23.023053 0.199303
23.028053 0.182523
23.033054 0.171660
23.038055 0.163271
23.043055 0.144018
23.048056 0.127239
23.053057 0.113903
23.058057 0.097123
23.063058 0.088734
23.068059 0.069481
23.073059 0.050229
23.078060 0.041839
23.083061 0.022587
23.088061 0.003334
23.093062 -0.012474
23.098063 -0.023337
23.103063 -0.036672
23.108064 -0.050008
23.113065 -0.071733
23.118065 -0.074206
23.123066 -0.079152
23.128067 -0.100877
23.133067 -0.120129
23.138068 -0.130992
23.143069 -0.150244
23.148069 -0.169497
23.153070 -0.188749
23.158071 -0.188749
23.163071 -0.197139
23.168072 -0.208002
23.173073 -0.224781
23.178073 -0.222309
23.183074 -0.222309
23.188075 -0.230699
23.193075 -0.230699
23.198076 -0.219836
23.203077 -0.219836
23.208077 -0.228226
23.213078 -0.225753
23.218079 -0.223280
23.223079 -0.218335
23.228080 -0.215862
23.233080 -0.210916
23.238081 -0.208443
23.243082 -0.195108
23.248082 -0.190162
23.253083 -0.170910
23.258084 -0.140795
23.263084 -0.113153
23.268085 -0.085511
23.273086 -0.055396
23.278086 -0.019364
23.283087 0.016668
23.288088 0.052700
23.293088 0.077869
23.298089 0.113901
23.303090 0.147460
23.308090 0.164239
23.313091 0.189409
23.318092 0.206188
23.323092 0.214578
23.328093 0.214578
23.333094 0.214578
23.338094 0.214578
23.343095 0.212105
23.348096 0.201242
23.353096 0.198769
23.358097 0.193824
23.363098 0.191351
23.368098 0.186405
23.373099 0.173070
23.378100 0.168124
23.383100 0.160705
23.388101 0.153287
23.393102 0.137478
23.398102 0.130060
23.403103 0.116724
23.408104 0.094999
23.413104 0.073274
23.418105 0.054022
23.423106 0.032296
23.428106 0.007127
23.433107 -0.020515
23.438108 -0.037295
23.443108 -0.051602
23.448109 -0.068381
23.453110 -0.085161
23.458110 -0.091078
23.463111 -0.096995
23.468112 -0.111302
23.473112 -0.117219
23.478113 -0.123136
23.483114 -0.129053
23.488114 -0.132497
23.493115 -0.130024
23.498116 -0.127551
23.503116 -0.130995
23.508117 -0.134440
23.513118 -0.148746
23.518118 -0.152190
23.523119 -0.155635
23.528120 -0.159079
23.533120 -0.156606
23.538121 -0.145743
23.543122 -0.124018
23.548122 -0.113156
23.553123 -0.102293
23.558124 -0.074651
23.563124 -0.047009
23.568125 -0.030229
23.573126 -0.002587
23.578126 0.025055
23.583127 0.050224
23.588128 0.069476
23.593128 0.086256
23.598129 0.111425
23.603130 0.122288
23.608130 0.130678
23.613131 0.136594
23.618132 0.147457
23.623132 0.155847
23.628133 0.158320
23.633134 0.158319
23.638134 0.149930
23.643135 0.152402
23.648136 0.144013
23.653136 0.133150
23.658137 0.124760
23.663138 0.107981
23.668138 0.091201
23.673139 0.071948
23.678140 0.055169
23.683140 0.035916
23.688141 0.010747
23.693141 -0.016895
23.698142 -0.033675
23.703143 -0.042065
23.708143 -0.069707
23.713144 -0.078097
23.718145 -0.086486
23.723145 -0.094876
23.728146 -0.105739
23.733147 -0.114129
23.738147 -0.105739
23.743148 -0.094876
23.748149 -0.094876
23.753149 -0.078097
23.758150 -0.069707
23.763151 -0.061317
23.768151 -0.055401
23.773152 -0.049484
23.778153 -0.032704
23.783153 -0.026787
23.788154 -0.023343
23.793155 -0.011509
23.798155 0.002797
23.803156 0.006241
23.808157 0.009685
23.813157 0.004740
23.818158 0.019046
23.823159 0.022490
23.828159 0.017545
23.833160 0.010126
23.838161 0.016043
23.843161 0.019487
23.848162 0.014541
23.853163 0.009596
23.858163 0.007123
23.863164 0.004650
23.868165 -0.006213
23.873165 -0.014602
23.878166 -0.025465
23.883167 -0.033855
23.888167 -0.050634
23.893168 -0.067414
23.898169 -0.073331
23.903169 -0.079248
23.908170 -0.093555
23.913171 -0.107862
23.918171 -0.111306
23.923172 -0.108833
23.928173 -0.112277
23.933173 -0.109804
23.938174 -0.098942
23.943175 -0.077217
23.948175 -0.066354
23.953176 -0.047102
23.958177 -0.027849
23.963177 0.002266
23.968178 0.013128
23.973179 0.032380
23.978179 0.062495
23.983180 0.084221
23.988181 0.095083
23.993181 0.105946
23.998182 0.125198
24.003183 0.144450
24.008183 0.146923
24.013184 0.146923
24.018185 0.155313
24.023185 0.157786
24.028186 0.155313
24.033187 0.155313
24.038187 0.155313
24.043188 0.146923
24.048189 0.141006
24.053189 0.132616
24.058190 0.132616
24.063191 0.118309
24.068191 0.109919
24.073192 0.093140
24.078193 0.093140
24.083193 0.087223
24.088194 0.070443
24.093195 0.062053
24.098195 0.062053
24.103196 0.062053
24.108197 0.047746
24.113197 0.039357
24.118198 0.039357
24.123199 0.033440
24.128199 0.025050
24.133200 0.010743
24.138201 0.013216
24.143201 0.007299
24.148202 0.001382
24.153202 -0.004535
24.158203 0.000410
24.163204 0.002883
24.168204 -0.000561
24.173205 0.007829
24.178206 0.010302
24.183206 0.001912
24.188207 -0.008951
24.193208 -0.011424
24.198208 -0.013897
24.203209 -0.033149
24.208210 -0.046485
24.213210 -0.059820
24.218211 -0.073156
24.223212 -0.078101
24.228212 -0.102299
24.233213 -0.132414
24.238214 -0.145750
24.243214 -0.150696
24.248215 -0.174894
24.253216 -0.196619
24.258216 -0.190702
24.263217 -0.195648
24.268218 -0.208983
24.273218 -0.211456
24.278219 -0.213929
24.283220 -0.208012
24.288220 -0.202095
24.293221 -0.185316
24.298222 -0.171009
24.303222 -0.168536
24.308223 -0.162619
24.313224 -0.151757
24.318224 -0.126588
24.323225 -0.113252
24.328226 -0.104862
24.333226 -0.094000
24.338227 -0.072275
24.343228 -0.053022
24.348228 -0.050550
24.353229 -0.039687
24.358230 -0.020435
24.363230 -0.001182
24.368231 0.007207
24.373232 0.015597
24.378232 0.043239
24.383233 0.060019
24.388234 0.076798
24.393234 0.101968
24.398235 0.118747
24.403236 0.135527
24.408236 0.152306
24.413237 0.160696
24.418238 0.171558
24.423238 0.182421
24.428239 0.190811
24.433240 0.190811
24.438240 0.190811
24.443241 0.190811
24.448242 0.179948
24.453242 0.171558
24.458243 0.169085
24.463244 0.149833
24.468244 0.130580
24.473245 0.113801
24.478246 0.102938
24.483246 0.086158
24.488247 0.058516
24.493248 0.030874
24.498248 0.016567
24.503249 -0.000212
24.508250 -0.016992
24.513250 -0.031299
24.518251 -0.037216
24.523252 -0.051522
24.528252 -0.065829
24.533253 -0.080136
24.538254 -0.083580
24.543254 -0.081107
24.548255 -0.087024
24.553256 -0.084552
24.558256 -0.062826
24.563257 -0.054437
24.568258 -0.043574
24.573258 -0.035184
24.578259 -0.018405
24.583260 -0.001625
24.588260 0.015154
24.593261 0.021071
24.598262 0.029461
24.603262 0.037851
24.608263 0.043767
24.613263 0.041295
24.618264 0.041295
24.623265 0.038822
24.628265 0.036349
24.633266 0.036349
24.638267 0.033876
24.643267 0.033876
24.648268 0.025486
24.653269 0.014623
24.658269 0.017096
24.663270 0.008706
24.668271 0.002789
24.673271 -0.005601
24.678272 -0.003128
24.683273 -0.000655
24.688273 -0.012489
24.693274 -0.018406
24.698275 -0.015933
24.703275 -0.013460
24.708276 -0.016904
24.713277 -0.014432
24.718277 -0.011959
24.723278 -0.001096
24.728279 -0.007013
24.733279 0.003849
24.738280 0.014712
24.743281 0.025574
24.748281 0.033964
24.753282 0.042354
24.758283 0.056660
24.763283 0.073440
24.768284 0.085274
24.773285 0.088718
24.778285 0.103025
24.783286 0.106469
24.788287 0.109913
24.793287 0.113357
24.798288 0.116801
24.803289 0.120245
24.808289 0.115299
24.813290 0.118743
24.818291 0.122187
24.823291 0.117242
24.828292 0.112296
24.833293 0.107350
24.838293 0.104877
24.843294 0.102404
24.848295 0.091542
24.853295 0.083152
24.858296 0.074762
24.863297 0.057983
24.868297 0.032813
24.873298 0.018506
24.878299 -0.004190
24.883299 -0.018497
24.888300 -0.049583
24.893301 -0.072280
24.898301 -0.086587
24.903302 -0.098420
24.908303 -0.112727
24.913303 -0.129507
24.918304 -0.143814
24.923305 -0.158120
24.928305 -0.174900
24.933306 -0.183290
24.938307 -0.194152
24.943307 -0.202542
24.948308 -0.213405
24.953309 -0.226740
24.958309 -0.245993
24.963310 -0.256856
24.968311 -0.278581
24.973311 -0.291916
24.978312 -0.296862
24.983313 -0.307725
24.988313 -0.329450
24.993314 -0.342785
24.998315 -0.345258
25.003315 -0.336868
25.008316 -0.330952
25.013317 -0.330952
25.018317 -0.314172
25.023318 -0.294920
25.028319 -0.278140
25.033319 -0.250498
25.038320 -0.220383
25.043321 -0.190268
25.048321 -0.171016
25.053322 -0.140901
25.058323 -0.102396
25.063323 -0.069808
25.068324 -0.039694
25.073324 -0.009579
25.078325 0.031399
25.083326 0.063987
25.088326 0.094102
25.093327 0.126689
25.098328 0.167667
25.103328 0.200255
25.108329 0.230370
25.113330 0.260485
25.118330 0.290600
25.123331 0.309852
25.128332 0.329104
25.133332 0.339967
25.138333 0.359219
25.143334 0.359219
25.148334 0.359219
25.153335 0.359219
25.158336 0.359219
25.163336 0.350829
25.168337 0.339967
25.173338 0.329104
25.178338 0.326631
25.183339 0.315768
25.188340 0.296516
25.193340 0.274791
25.198341 0.263928
25.203342 0.242203
25.208342 0.222950
25.213343 0.192835
25.218344 0.173583
25.223344 0.154330
25.228345 0.118298
25.233346 0.099046
25.238346 0.079794
25.243347 0.052151
25.248348 0.032899
25.253348 0.013647
25.258349 0.013646
25.263350 0.005257
25.268350 -0.003133
25.273351 -0.005606
25.278352 -0.005606
25.283352 -0.008079
25.288353 -0.010552
25.293354 -0.013025
25.298354 -0.004635
25.303355 -0.007108
25.308356 -0.026360
25.313356 -0.028833
25.318357 -0.039696
25.323358 -0.050559
25.328358 -0.067338
25.333359 -0.086591
25.338360 -0.089063
25.343360 -0.089063
25.348361 -0.097453
25.353362 -0.125096
25.358362 -0.131013
25.363363 -0.136929
25.368364 -0.145319
25.373364 -0.142847
25.378365 -0.117677
25.383366 -0.106815
25.388366 -0.163070
25.393367 -0.202546
25.398368 -0.191684
25.403368 -0.138872
25.408369 -0.111230
25.413370 -0.119620
25.418370 -0.156623
25.423371 -0.168457
25.428372 -0.157595
25.433372 -0.113173
25.438373 -0.091448
25.443374 -0.084029
25.448374 -0.081557
25.453375 -0.047998
25.458376 -0.031218
25.463376 -0.028745
25.468377 -0.028745
25.473378 -0.014439
25.478378 0.016647
25.483379 0.039344
25.488380 0.036871
25.493380 0.023536
25.498381 0.029453
25.503382 0.024507
25.508382 0.019561
25.513383 0.006226
25.518384 -0.007110
25.523384 -0.012056
25.528385 -0.014528
25.533385 -0.011084
25.538386 -0.016030
25.543387 -0.035283
25.548387 -0.065398
25.553388 -0.093040
25.558389 -0.087123
25.563389 -0.070343
25.568390 -0.056037
25.573391 -0.047647
25.578391 -0.064427
25.583392 -0.089596
25.588393 -0.097986
25.593393 -0.081206
25.598394 -0.030868
25.603395 0.013554
25.608395 0.021944
25.613396 0.016027
25.618397 0.010110
25.623397 0.006666
25.628398 0.017528
25.633399 0.047643
25.638399 0.086148
25.643400 0.116263
25.648401 0.112819
25.653401 0.106902
25.658402 0.103457
25.663403 0.105930
25.668403 0.125183
25.673404 0.133572
25.678405 0.125183
25.683405 0.110876
25.688406 0.096569
25.693407 0.088179
25.698407 0.079789
25.703408 0.060537
25.708409 0.043757
25.713409 0.024505
25.718410 0.016115
25.723411 0.007725
25.728411 -0.009054
25.733412 -0.028307
25.738413 -0.036697
25.743413 -0.045087
25.748414 -0.061866
25.753415 -0.070256
25.758415 -0.078646
25.763416 -0.076173
25.768417 -0.076173
25.773417 -0.076173
25.778418 -0.065310
25.783419 -0.056921
25.788419 -0.048531
25.793420 -0.040141
25.798421 -0.020889
25.803421 -0.010026
25.808422 -0.010026
25.813423 -0.004109
25.818423 0.006753
25.823424 0.015143
25.828425 0.023533
25.833425 0.037839
25.838426 0.046229
25.843427 0.046229
25.848427 0.046229
25.853428 0.046229
25.858429 0.054619
25.863429 0.054618
25.868430 0.046229
25.873431 0.035366
25.878431 0.026976
25.883432 0.018586
25.888433 0.007724
25.893433 -0.000666
25.898434 -0.000666
25.903435 -0.011529
25.908435 -0.019919
25.913436 -0.028309
25.918437 -0.028309
25.923437 -0.028309
25.928438 -0.028309
25.933439 -0.030782
25.938439 -0.030782
25.943440 -0.030782
25.948441 -0.030782
25.953441 -0.041644
25.958442 -0.033255
25.963443 -0.024865
25.968443 -0.027338
25.973444 -0.018948
25.978445 -0.002168
25.983445 0.003748
25.988446 0.003748
25.993446 0.001276
25.998447 0.009665
26.003448 0.018055
26.008448 0.018055
26.013449 0.015582
26.018450 0.023972
26.023450 0.026445
26.028451 0.018055
26.033452 0.018055
26.038452 0.018055
26.043453 0.020527
26.048454 0.020527
26.053454 0.031390
26.058455 0.042253
26.063456 0.042252
26.068456 0.053115
26.073457 0.053115
26.078458 0.069894
26.083458 0.080757
26.088459 0.080757
26.093460 0.080757
26.098460 0.089147
26.103461 0.091619
26.108462 0.091619
26.113462 0.080757
26.118463 0.080757
26.123464 0.072367
26.128464 0.063977
26.133465 0.047197
26.138466 0.038808
26.143466 0.030418
26.148467 0.005248
26.153468 -0.011531
26.158468 -0.019921
26.163469 -0.028311
26.168470 -0.045090
26.173470 -0.055953
26.178471 -0.055953
26.183472 -0.064343
26.188472 -0.072733
26.193473 -0.083595
26.198474 -0.083595
26.203474 -0.077679
26.208475 -0.088541
26.213476 -0.082624
26.218476 -0.076707
26.223477 -0.068318
26.228478 -0.062401
26.233478 -0.062401
26.238479 -0.056484
26.243480 -0.048094
26.248480 -0.050567
26.253481 -0.044650
26.258482 -0.036260
26.263482 -0.030344
26.268483 -0.030344
26.273484 -0.024427
26.278484 -0.018510
26.283485 -0.018510
26.288486 -0.020983
26.293486 -0.020983
26.298487 -0.023456
26.303488 -0.023456
26.308488 -0.031846
26.313489 -0.042708
26.318490 -0.040235
26.323490 -0.040235
26.328491 -0.040235
26.333492 -0.051098
26.338492 -0.048625
26.343493 -0.040236
26.348494 -0.048625
26.353494 -0.051098
26.358495 -0.042709
26.363496 -0.040236
26.368496 -0.040236
26.373497 -0.037763
26.378498 -0.026900
26.383498 -0.013565
26.388499 -0.011092
26.393500 0.002243
26.398500 0.015578
26.403501 0.028914
26.408502 0.036332
26.413502 0.049668
26.418503 0.065476
26.423504 0.081284
26.428504 0.088703
26.433505 0.102038
26.438506 0.117846
26.443506 0.131182
26.448507 0.136127
26.453507 0.141073
26.458508 0.151935
26.463509 0.154408
26.468509 0.146018
26.473510 0.137629
26.478511 0.131712
26.483511 0.123322
26.488512 0.112459
26.493513 0.093207
26.498513 0.076427
26.503514 0.068037
26.508515 0.048785
26.513515 0.037922
26.518516 0.029532
26.523517 0.018670
26.528517 0.005334
26.533518 -0.005528
26.538519 -0.008001
26.543519 -0.021337
26.548520 -0.034672
26.553521 -0.037145
26.558521 -0.042091
26.563522 -0.047037
26.568523 -0.051982
26.573523 -0.056928
26.578524 -0.053484
26.583525 -0.050040
26.588525 -0.054986
26.593526 -0.059931
26.598527 -0.064877
26.603527 -0.067350
26.608528 -0.080685
26.613529 -0.083158
26.618529 -0.085631
26.623530 -0.088104
26.628531 -0.090577
26.633531 -0.093050
26.638532 -0.087133
26.643533 -0.087133
26.648533 -0.089606
26.653534 -0.092079
26.658535 -0.083689
26.663535 -0.075299
26.668536 -0.075299
26.673537 -0.072826
26.678537 -0.064437
26.683538 -0.053574
26.688539 -0.053574
26.693539 -0.053574
26.698540 -0.042712
26.703541 -0.029376
26.708541 -0.035293
26.713542 -0.041210
26.718543 -0.030348
26.723543 -0.025402
26.728544 -0.028846
26.733545 -0.026373
26.738545 -0.023901
26.743546 -0.010565
26.748547 -0.008093
26.753547 0.002770
26.758548 0.022022
26.763549 0.032885
26.768549 0.043747
26.773550 0.052137
26.778551 0.068917
26.783551 0.079779
26.788552 0.088169
26.793553 0.094086
26.798553 0.102476
26.803554 0.102476
26.808555 0.100003
26.813555 0.097530
26.818556 0.095057
26.823557 0.086667
26.828557 0.075805
26.833558 0.064942
26.838559 0.054079
26.843559 0.043217
26.848560 0.023964
26.853561 0.013101
26.858561 0.002239
26.863562 -0.008624
26.868563 -0.017014
26.873563 -0.033793
26.878564 -0.033793
26.883565 -0.042183
26.888565 -0.058963
26.893566 -0.073270
26.898567 -0.081659
26.903567 -0.087576
26.908568 -0.101883
26.913568 -0.105327
26.918569 -0.102854
26.923570 -0.097909
26.928570 -0.095436
26.933571 -0.098880
26.938572 -0.085545
26.943572 -0.083072
26.948573 -0.078126
26.953574 -0.067264
26.958574 -0.056401
26.963575 -0.037149
26.968576 -0.026286
26.973576 -0.009507
26.978577 0.007273
26.983578 0.024052
26.988578 0.032442
26.993579 0.038359
26.998580 0.052665
27.003580 0.066972
27.008581 0.064499
27.013582 0.076333
27.018582 0.079777
27.023583 0.094084
27.028584 0.089138
27.033584 0.092582
27.038585 0.098499
27.043586 0.101943
27.048586 0.105387
27.053587 0.100441
27.058588 0.106358
27.063588 0.103886
27.068589 0.101413
27.073590 0.090550
27.078590 0.098940
27.083591 0.088077
27.088592 0.079687
27.093592 0.071297
27.098593 0.071297
27.103594 0.065380
27.108594 0.059463
27.113595 0.053546
27.118596 0.056019
27.123596 0.052575
27.128597 0.046658
27.133598 0.032351
27.138598 0.034824
27.143599 0.028907
27.148600 0.012127
27.153600 0.006210
27.158601 0.006210
27.163602 0.000293
27.168602 -0.016486
27.173603 -0.024876
27.178604 -0.024876
27.183604 -0.030793
27.188605 -0.030793
27.193606 -0.039183
27.198606 -0.039183
27.203607 -0.036710
27.208608 -0.036710
27.213608 -0.042627
27.218609 -0.034237
27.223610 -0.031765
27.228610 -0.031765
27.233611 -0.031765
27.238612 -0.014985
27.243612 -0.004123
27.248613 -0.004123
27.253614 0.001794
27.258614 0.018574
27.263615 0.018574
27.268616 0.024491
27.273616 0.024490
27.278617 0.030407
27.283618 0.030407
27.288618 0.019545
27.293619 0.017072
27.298620 0.014599
27.303620 0.006209
27.308621 -0.004654
27.313622 -0.015516
27.318622 -0.017989
27.323623 -0.017989
27.328624 -0.028852
27.333624 -0.037242
27.338625 -0.039715
27.343626 -0.037242
27.348626 -0.045632
27.353627 -0.045632
27.358628 -0.045632
27.363628 -0.043159
27.368629 -0.049076
27.373629 -0.049076
27.378630 -0.044130
27.383631 -0.041657
27.388631 -0.047574
27.393632 -0.051019
27.398633 -0.048546
27.403633 -0.049517
27.408634 -0.063824
27.413635 -0.067268
27.418635 -0.070712
27.423636 -0.076629
27.428637 -0.090936
27.433637 -0.096853
27.438638 -0.096853
27.443639 -0.094380
27.448639 -0.105243
27.453640 -0.113633
27.458641 -0.107716
27.463641 -0.110189
27.468642 -0.104272
27.473643 -0.109218
27.478643 -0.105773
27.483644 -0.110719
27.488645 -0.115665
27.493645 -0.123083
27.498646 -0.119639
27.503647 -0.124585
27.508647 -0.121141
27.513648 -0.128560
27.518649 -0.125116
27.523649 -0.127588
27.528650 -0.124144
27.533651 -0.126617
27.538651 -0.120700
27.543652 -0.103921
27.548653 -0.098004
27.553653 -0.089614
27.558654 -0.064445
27.563655 -0.047665
27.568655 -0.039276
27.573656 -0.022496
27.578657 0.005146
27.583657 0.024398
27.588658 0.043651
27.593659 0.062903
27.598659 0.093018
27.603660 0.112270
27.608661 0.133995
27.613661 0.161638
27.618662 0.191753
27.623663 0.219395
27.628663 0.232730
27.633664 0.251982
27.638665 0.279625
27.643665 0.298877
27.648666 0.309739
27.653667 0.318129
27.658667 0.320602
27.663668 0.331465
27.668669 0.325548
27.673669 0.308768
27.678670 0.302851
27.683671 0.286071
27.688671 0.271765
27.693672 0.246595
27.698673 0.232288
27.703673 0.207119
27.708674 0.181950
27.713675 0.156780
27.718675 0.131611
27.723676 0.117304
27.728677 0.081272
27.733677 0.064493
27.738678 0.045240
27.743679 0.028461
27.748679 0.011681
27.753680 -0.007572
27.758681 -0.015961
27.763681 -0.024351
27.768682 -0.041131
27.773683 -0.060383
27.778683 -0.060383
27.783684 -0.068773
27.788685 -0.079636
27.793685 -0.090498
27.798686 -0.082109
27.803687 -0.092971
27.808687 -0.095444
27.813688 -0.108780
27.818689 -0.111253
27.823689 -0.113725
27.828690 -0.127061
27.833690 -0.137924
27.838691 -0.140396
27.843692 -0.134480
27.848692 -0.142869
27.853693 -0.145342
27.858694 -0.147815
27.863694 -0.153732
27.868695 -0.164595
27.873696 -0.164595
27.878696 -0.162122
27.883697 -0.162122
27.888698 -0.162122
27.893698 -0.162122
27.898699 -0.159649
27.903700 -0.157177
27.908700 -0.157177
27.913701 -0.157177
27.918702 -0.146314
27.923702 -0.135452
27.928703 -0.124589
27.933704 -0.124589
27.938704 -0.113726
27.943705 -0.102864
27.948706 -0.094474
27.953706 -0.092001
27.958707 -0.081139
27.963708 -0.061887
27.968708 -0.053497
27.973709 -0.045107
27.978710 -0.025855
27.983710 -0.017465
27.988711 -0.009075
27.993712 -0.000686
27.998712 0.016094
28.003713 0.024484
28.008714 0.030401
28.013714 0.038790
28.018715 0.047180
28.023716 0.053097
28.028716 0.053097
28.033717 0.053097
28.038718 0.061487
28.043718 0.063959
28.048719 0.063959
28.053720 0.055570
28.058720 0.058042
28.063721 0.058042
28.068722 0.043736
28.073722 0.035346
28.078723 0.026956
28.083724 0.021039
28.088724 0.012649
28.093725 0.004259
28.098726 -0.004131
28.103726 -0.004131
28.108727 -0.014993
28.113728 -0.025856
28.118728 -0.017466
28.123729 -0.019939
28.128730 -0.022412
28.133730 -0.024885
28.138731 -0.027358
28.143732 -0.018968
28.148732 -0.029831
28.153733 -0.032304
28.158734 -0.023914
28.163734 -0.017997
28.168735 -0.017997
28.173736 -0.009607
28.178736 -0.001217
28.183737 0.015562
28.188738 0.015562
28.193738 0.023952
28.198739 0.040731
28.203740 0.051594
28.208740 0.059983
28.213741 0.070846
28.218742 0.079236
28.223742 0.090098
28.228743 0.098488
28.233744 0.106878
28.238744 0.117740
28.243745 0.126130
28.248746 0.126130
28.253746 0.134520
28.258747 0.142910
28.263748 0.151299
28.268748 0.151299
28.273749 0.159689
28.278750 0.159689
28.283750 0.165606
28.288751 0.157216
28.293751 0.154743
28.298752 0.154743
28.303753 0.143880
28.308753 0.133018
28.313754 0.122155
28.318755 0.113765
28.323755 0.105375
28.328756 0.086123
28.333757 0.075260
28.338757 0.058481
28.343758 0.052564
28.348759 0.035784
28.353759 0.027394
28.358760 0.021477
28.363761 0.015560
28.368761 -0.001219
28.373762 -0.007136
28.378763 -0.010580
28.383763 -0.016497
28.388764 -0.019942
28.393765 -0.025859
28.398765 -0.031776
28.403766 -0.035220
28.408767 -0.041137
28.413767 -0.055443
28.418768 -0.052971
28.423769 -0.056415
28.428769 -0.064805
28.433770 -0.070722
28.438771 -0.068249
28.443771 -0.076639
28.448772 -0.085029
28.453773 -0.093418
28.458773 -0.093418
28.463774 -0.101808
28.468775 -0.112671
28.473775 -0.115144
28.478776 -0.117617
28.483777 -0.120089
28.488777 -0.130952
28.493778 -0.144288
28.498779 -0.144288
28.503779 -0.146761
28.508780 -0.149233
28.513781 -0.151706
28.518781 -0.145789
28.523782 -0.154179
28.528783 -0.156652
28.533783 -0.159125
28.538784 -0.153208
28.543785 -0.136429
28.548785 -0.130512
28.553786 -0.124595
28.558787 -0.107815
28.563787 -0.091036
28.568788 -0.082646
28.573789 -0.065867
28.578789 -0.049087
28.583790 -0.032308
28.588791 -0.023918
28.593791 -0.007138
28.598792 0.009641
28.603793 0.018031
28.608793 0.026421
28.613794 0.032338
28.618795 0.040727
28.623795 0.049117
28.628796 0.055034
28.633797 0.055034
28.638797 0.060951
28.643798 0.060951
28.648799 0.066868
28.653799 0.066868
28.658800 0.072785
28.663801 0.072784
28.668801 0.072784
28.673802 0.078701
28.678803 0.078701
28.683803 0.087091
28.688804 0.087091
28.693805 0.087091
28.698805 0.089564
28.703806 0.097953
28.708807 0.092036
28.713807 0.094509
28.718808 0.094509
28.723809 0.099455
28.728809 0.093538
28.733810 0.096011
28.738811 0.098483
28.743811 0.092566
28.748812 0.095039
28.753812 0.089122
28.758813 0.091595
28.763814 0.094068
28.768814 0.088151
28.773815 0.088151
28.778816 0.090623
28.783816 0.093096
28.788817 0.073844
28.793818 0.065454
28.798818 0.065454
28.803819 0.054591
28.808820 0.035339
28.813820 0.024476
28.818821 0.016086
28.823822 0.013614
28.828822 -0.005639
28.833823 -0.016502
28.838824 -0.027364
28.843824 -0.029837
28.848825 -0.040700
28.853826 -0.051562
28.858826 -0.054035
28.863827 -0.062425
28.868828 -0.081678
28.873828 -0.092540
28.878829 -0.100930
28.883830 -0.098457
28.888830 -0.109320
28.893831 -0.117710
28.898832 -0.106847
28.903832 -0.106847
28.908833 -0.112764
28.913834 -0.112764
28.918834 -0.110291
28.923835 -0.110291
28.928836 -0.107819
28.933836 -0.107819
28.938837 -0.096956
28.943838 -0.086094
28.948838 -0.083621
28.953839 -0.081148
28.958840 -0.072758
28.963840 -0.067813
28.968841 -0.076203
28.973842 -0.065340
28.978842 -0.062867
28.983843 -0.052005
28.988844 -0.052005
28.993844 -0.041142
28.998845 -0.032752
29.003846 -0.021890
29.008846 -0.021890
29.013847 -0.021890
29.018848 -0.013500
29.023848 -0.005110
29.028849 -0.005110
29.033850 0.003279
29.038850 0.009196
29.043851 0.017586
29.048852 0.015113
29.053852 0.023503
29.058853 0.029420
29.063854 0.037809
29.068854 0.043726
29.073855 0.043726
29.078856 0.049643
29.083856 0.058033
29.088857 0.055560
29.093858 0.053087
29.098858 0.061477
29.103859 0.059004
29.108860 0.056531
29.113860 0.054058
29.118861 0.062448
29.123862 0.062448
29.128862 0.059975
29.133863 0.059975
29.138864 0.059975
29.143864 0.059975
29.148865 0.059975
29.153866 0.059975
29.158866 0.070837
29.163867 0.070837
29.168868 0.070837
29.173868 0.073310
29.178869 0.081700
29.183870 0.084173
29.188870 0.075783
29.193871 0.075783
29.198872 0.075783
29.203872 0.075783
29.208873 0.067393
29.213873 0.059003
29.218874 0.061476
29.223875 0.061476
29.228875 0.053086
29.233876 0.044696
29.238877 0.044696
29.243877 0.036306
29.248878 0.027916
29.253879 0.027916
29.258879 0.027916
29.263880 0.027916
29.268881 0.027916
29.273881 0.019526
29.278882 0.019526
29.283883 0.027916
29.288883 0.017053
29.293884 0.006191
29.298885 0.006191
29.303885 0.003718
29.308886 -0.007145
29.313887 -0.007145
29.318887 -0.009618
29.323888 -0.009618
29.328889 -0.020481
29.333889 -0.022953
29.338890 -0.022953
29.343891 -0.022953
29.348891 -0.033816
29.353892 -0.042206
29.358893 -0.042206
29.363893 -0.048123
29.368894 -0.064903
29.373895 -0.073292
29.378895 -0.079209
29.383896 -0.087599
29.388897 -0.104379
29.393897 -0.110296
29.398898 -0.110296
29.403899 -0.110296
29.408899 -0.118686
29.413900 -0.135465
29.418901 -0.135465
29.423901 -0.141382
29.428902 -0.152245
29.433903 -0.152245
29.438903 -0.143855
29.443904 -0.143855
29.448905 -0.135466
29.453905 -0.137939
29.458906 -0.127076
29.463907 -0.118686
29.468907 -0.110297
29.473908 -0.101907
29.478909 -0.085127
29.483909 -0.065875
29.488910 -0.049095
29.493911 -0.040706
29.498911 -0.021453
29.503912 -0.004674
29.508913 -0.002201
29.513913 0.006189
29.518914 0.025441
29.523915 0.036304
29.528915 0.036304
29.533916 0.038776
29.538917 0.058029
29.543917 0.060501
29.548918 0.060501
29.553919 0.071364
29.558919 0.082227
29.563920 0.084699
29.568921 0.084699
29.573921 0.087172
29.578922 0.098035
29.583923 0.100507
29.588923 0.100507
29.593924 0.092118
29.598925 0.102980
29.603925 0.094590
29.608926 0.086200
29.613927 0.083728
29.618927 0.083728
29.623928 0.075338
29.628929 0.064475
29.633929 0.053612
29.638930 0.042750
29.643931 0.042750
29.648931 0.031887
29.653932 0.021024
29.658933 0.018551
29.663933 0.018551
29.668934 0.018551
29.673934 0.016079
29.678935 0.016078
29.683936 0.016078
29.688936 0.007689
29.693937 -0.000701
29.698938 0.007689
29.703938 -0.000701
29.708939 -0.009091
29.713940 -0.009091
29.718940 -0.006618
29.723941 -0.004146
29.728942 -0.015008
29.733942 -0.015008
29.738943 -0.012536
29.743944 -0.012536
29.748944 -0.020925
29.753945 -0.023398
29.758946 -0.023398
29.763946 -0.023398
29.768947 -0.034261
29.773948 -0.036734
29.778948 -0.039207
29.783949 -0.050069
29.788950 -0.055015
29.793950 -0.057488
29.798951 -0.054044
29.803952 -0.056517
29.808952 -0.058990
29.813953 -0.072325
29.818954 -0.066408
29.823954 -0.068881
29.828955 -0.062964
29.833956 -0.065437
29.838956 -0.051130
29.843957 -0.042741
29.848958 -0.034351
29.853958 -0.028434
29.858959 -0.011655
29.863960 0.007598
29.868960 0.007598
29.873961 0.024377
29.878962 0.035240
29.883962 0.054492
29.888963 0.056965
29.893964 0.070300
29.898964 0.089553
29.903965 0.102888
29.908966 0.105361
29.913966 0.110306
29.918967 0.121169
29.923968 0.134504
29.928968 0.131060
29.933969 0.133533
29.938970 0.146868
29.943970 0.140951
29.948971 0.143424
29.953972 0.137507
29.958972 0.137507
29.963973 0.131590
29.968974 0.125673
29.973974 0.114811
29.978975 0.108894
29.983976 0.100504
29.988976 0.092114
29.993977 0.072861
29.998978 0.072861
30.003978 0.061999
30.008979 0.045219
30.013980 0.034356
30.018980 0.023494
30.023981 0.023494
30.028982 0.004241
30.033982 -0.006621
30.038983 -0.017484
30.043984 -0.017484
30.048984 -0.036736
30.053985 -0.047599
30.058986 -0.055989
30.063986 -0.055989
30.068987 -0.066852
30.073988 -0.077714
30.078988 -0.069325
30.083989 -0.077714
30.088990 -0.086104
30.093990 -0.086104
30.098991 -0.088577
30.103992 -0.086104
30.108992 -0.096967
30.113993 -0.096967
30.118994 -0.088577
30.123994 -0.088577
30.128995 -0.088577
30.133995 -0.088577
30.138996 -0.088577
30.143997 -0.088577
30.148997 -0.099440
30.153998 -0.099440
30.158999 -0.101913
30.163999 -0.101913
30.169000 -0.104386
30.174001 -0.104386
30.179001 -0.098469
30.184002 -0.106859
30.189003 -0.106859
30.194003 -0.117722
30.199004 -0.109332
30.204005 -0.117722
30.209005 -0.117722
30.214006 -0.120195
30.219007 -0.111805
30.224007 -0.109332
30.229008 -0.109332
30.234009 -0.109332
30.239009 -0.109332
30.244010 -0.098470
30.249011 -0.106860
30.254011 -0.104387
30.259012 -0.085134
30.264013 -0.074272
30.269013 -0.074272
30.274014 -0.071799
30.279015 -0.063409
30.284015 -0.060937
30.289016 -0.058464
30.294017 -0.050074
30.299017 -0.039212
30.304018 -0.030822
30.309019 -0.019959
30.314019 -0.011570
30.319020 0.007683
30.324021 0.018545
30.329021 0.018545
30.334022 0.026935
30.339023 0.035325
30.344023 0.046187
30.349024 0.054577
30.354025 0.054577
30.359025 0.073829
30.364026 0.082219
30.369027 0.082219
30.374027 0.090609
30.379028 0.101471
30.384029 0.109861
30.389029 0.118251
30.394030 0.118251
30.399031 0.135030
30.404031 0.135030
30.409032 0.143420
30.414033 0.143420
30.419033 0.151810
30.424034 0.151810
30.429035 0.151810
30.434035 0.151809
30.439036 0.151809
30.444037 0.154282
30.449037 0.143420
30.454038 0.135030
30.459039 0.135030
30.464039 0.135030
30.469040 0.124167
30.474041 0.113304
30.479041 0.113304
30.484042 0.104914
30.489043 0.094052
30.494043 0.080716
30.499044 0.080716
30.504045 0.069854
30.509045 0.056518
30.514046 0.045656
30.519047 0.040710
30.524047 0.029847
30.529048 0.010595
30.534049 0.005649
30.539049 -0.005214
30.544050 -0.016076
30.549051 -0.026939
30.554051 -0.037802
30.559052 -0.037802
30.564053 -0.048664
30.569053 -0.051137
30.574054 -0.059527
30.579055 -0.051137
30.584055 -0.059527
30.589056 -0.067917
30.594056 -0.067917
30.599057 -0.065444
30.604058 -0.062971
30.609058 -0.060499
30.614059 -0.060499
30.619060 -0.058026
30.624060 -0.044690
30.629061 -0.042218
30.634062 -0.039745
30.639062 -0.028882
30.644063 -0.023937
30.649064 -0.029854
30.654064 -0.027381
30.659065 -0.024908
30.664066 -0.022435
30.669066 -0.019963
30.674067 -0.017490
30.679068 -0.015017
30.684068 -0.012544
30.689069 -0.001682
30.694070 -0.010072
30.699070 0.000791
30.704071 0.003264
30.709072 -0.005126
30.714072 -0.013516
30.719073 -0.002653
30.724074 -0.011043
30.729074 -0.019433
30.734075 -0.019433
30.739076 -0.019433
30.744076 -0.027823
30.749077 -0.027823
30.754078 -0.027823
30.759078 -0.019433
30.764079 -0.019433
30.769080 -0.019433
30.774080 -0.019433
30.779081 -0.019433
30.784082 -0.011044
30.789082 -0.011044
30.794083 -0.002654
30.799084 0.005736
30.804084 0.014126
30.809085 0.011653
30.814086 0.017570
30.819086 0.034349
30.824087 0.034349
30.829088 0.040266
30.834088 0.037793
30.839089 0.043710
30.844090 0.041237
30.849090 0.038764
30.854091 0.036291
30.859092 0.033818
30.864092 0.039735
30.869093 0.028873
30.874094 0.023927
30.879094 0.023927
30.884095 0.013064
30.889096 0.002202
30.894096 -0.000271
30.899097 -0.000271
30.904098 -0.008661
30.909098 -0.019524
30.914099 -0.027914
30.919100 -0.036303
30.924100 -0.042220
30.929101 -0.050610
30.934102 -0.059000
30.939102 -0.056527
30.944103 -0.064917
30.949104 -0.062444
30.954104 -0.062444
30.959105 -0.062444
30.964106 -0.059972
30.969106 -0.057499
30.974107 -0.057499
30.979108 -0.057499
30.984108 -0.055026
30.989109 -0.055026
30.994110 -0.055026
30.999110 -0.055026
31.004111 -0.044164
31.009112 -0.046637
31.014112 -0.046637
31.019113 -0.038247
31.024114 -0.029857
31.029114 -0.029857
31.034115 -0.032330
31.039116 -0.023940
31.044116 -0.015551
31.049117 -0.026413
31.054117 -0.028886
31.059118 -0.020496
31.064119 -0.020497
31.069119 -0.022969
31.074120 -0.022969
31.079121 -0.017053
31.084121 -0.008663
31.089122 -0.011136
31.094123 -0.011136
31.099123 -0.002746
31.104124 -0.002746
31.109125 -0.013609
31.114125 -0.005219
31.119126 -0.005219
31.124127 -0.005219
31.129127 -0.005219
31.134128 -0.005219
31.139129 0.003171
31.144129 0.005643
31.149130 0.005643
31.154131 0.005643
31.159131 0.016506
31.164132 0.018979
31.169133 0.018979
31.174133 0.021451
31.179134 0.023924
31.184135 0.026397
31.189135 0.018007
31.194136 0.012090
31.199137 0.022953
31.204137 0.017036
31.209138 0.019508
31.214139 0.021981
31.219139 0.024454
31.224140 0.026927
31.229141 0.029400
31.234141 0.029400
31.239142 0.042735
31.244143 0.045208
31.249143 0.045208
31.254144 0.056070
31.259145 0.066933
31.264145 0.069406
31.269146 0.069406
31.274147 0.069406
31.279147 0.071878
31.284148 0.071878
31.289149 0.074351
31.294149 0.071878
31.299150 0.082741
31.304151 0.082741
31.309151 0.082741
31.314152 0.080268
31.319153 0.088658
31.324153 0.097047
31.329154 0.088657
31.334155 0.086185
31.339155 0.092101
31.344156 0.092101
31.349157 0.081239
31.354157 0.081239
31.359158 0.078766
31.364159 0.078766
31.369159 0.059513
31.374160 0.051123
31.379161 0.048651
31.384161 0.040261
31.389162 0.021008
31.394163 0.010146
31.399163 0.001756
31.404164 0.001756
31.409165 -0.015024
31.414165 -0.023414
31.419166 -0.025886
31.424167 -0.031803
31.429167 -0.042666
31.434168 -0.042666
31.439169 -0.042666
31.444169 -0.051056
31.449170 -0.061919
31.454171 -0.070308
31.459171 -0.072781
31.464172 -0.072781
31.469173 -0.083644
31.474173 -0.086117
31.479174 -0.077727
31.484175 -0.080200
31.489175 -0.082673
31.494176 -0.082673
31.499177 -0.076756
31.504177 -0.070839
31.509178 -0.073312
31.514178 -0.075785
31.519179 -0.069868
31.524180 -0.061478
31.529180 -0.055561
31.534181 -0.049645
31.539182 -0.041255
31.544182 -0.032865
31.549183 -0.035338
31.554184 -0.037811
31.559184 -0.029421
31.564185 -0.029421
31.569186 -0.037811
31.574186 -0.037811
31.579187 -0.026948
31.584188 -0.026949
31.589188 -0.032866
31.594189 -0.024476
31.599190 -0.022003
31.604190 -0.019530
31.609191 -0.017057
31.614192 -0.017057
31.619192 -0.014585
31.624193 -0.012112
31.629194 -0.009639
31.634194 -0.015556
31.639195 -0.004694
31.644196 -0.002221
31.649196 -0.010611
31.654197 -0.016528
31.659198 -0.005665
31.664198 -0.003192
31.669199 -0.009109
31.674200 -0.009109
31.679200 0.001753
31.684201 -0.004164
31.689202 -0.004164
31.694202 -0.012554
31.699203 -0.010081
31.704204 -0.010081
31.709204 -0.018471
31.714205 -0.018471
31.719206 -0.018471
31.724206 -0.015998
31.729207 -0.018471
31.734208 -0.029333
31.739208 -0.020944
31.744209 -0.020944
31.749210 -0.023417
31.754210 -0.031806
31.759211 -0.025890
31.764212 -0.025890
31.769212 -0.036752
31.774213 -0.039225
31.779214 -0.039225
31.784214 -0.041698
31.789215 -0.041698
31.794216 -0.035781
31.799216 -0.027392
31.804217 -0.029864
31.809218 -0.029864
31.814218 -0.032337
31.819219 -0.023948
31.824220 -0.023948
31.829220 -0.023948
31.834221 -0.018031
31.839222 -0.009641
31.844222 0.001222
31.849223 -0.001251
31.854224 -0.001251
31.859224 0.018001
31.864225 0.018001
31.869226 0.026391
31.874226 0.026391
31.879227 0.034780
31.884228 0.037253
31.889228 0.037253
31.894229 0.037253
31.899230 0.045643
31.904230 0.045643
31.909231 0.045643
31.914232 0.048115
31.919232 0.056505
31.924233 0.056505
31.929234 0.048115
31.934234 0.050588
31.939235 0.058978
31.944236 0.061451
31.949236 0.061451
31.954237 0.061450
31.959238 0.069840
31.964238 0.072313
31.969239 0.072313
31.974239 0.069840
31.979240 0.069840
31.984241 0.069840
31.989241 0.061450
31.994242 0.061450
31.999243 0.067367
32.004243 0.069840
32.009244 0.058977
32.014245 0.058977
32.019245 0.067367
32.024246 0.058977
32.029247 0.050587
32.034247 0.048114
32.039248 0.050587
32.044249 0.042197
32.049249 0.033807
32.054250 0.033807
32.059251 0.033807
32.064251 0.036280
32.069252 0.027890
32.074253 0.030363
32.079253 0.030363
32.084254 0.024446
32.089255 0.018529
32.094255 0.018529
32.099256 0.012612
32.104257 0.015085
32.109257 0.000778
32.114258 0.000778
32.119259 0.003251
32.124259 -0.005139
32.129260 -0.011056
32.134261 -0.011056
32.139261 -0.002666
32.144262 -0.011056
32.149263 -0.013529
32.154263 -0.021919
32.159264 -0.021919
32.164265 -0.024392
32.169265 -0.035254
32.174266 -0.037727
32.179267 -0.029338
32.184267 -0.031810
32.189268 -0.034283
32.194269 -0.028366
32.199269 -0.019977
32.204270 -0.014060
32.209271 -0.016533
32.214271 -0.016533
32.219272 -0.010616
32.224273 -0.010616
32.229273 -0.013089
32.234274 -0.013089
32.239275 -0.007172
32.244275 -0.007172
32.249276 -0.018035
32.254277 -0.009645
32.259277 -0.009645
32.264278 -0.003728
32.269279 -0.003728
32.274279 -0.006201
32.279280 -0.006201
32.284281 -0.006201
32.289281 -0.008674
32.294282 -0.017064
32.299283 -0.017064
32.304283 -0.019537
32.309284 -0.027927
32.314285 -0.027927
32.319285 -0.027927
32.324286 -0.033844
32.329287 -0.033844
32.334287 -0.033844
32.339288 -0.031371
32.344289 -0.028898
32.349289 -0.026425
32.354290 -0.032342
32.359291 -0.029870
32.364291 -0.027397
32.369292 -0.035787
32.374293 -0.033314
32.379293 -0.030841
32.384294 -0.028368
32.389295 -0.025895
32.394295 -0.023423
32.399296 -0.023423
32.404297 -0.020950
32.409297 -0.020950
32.414298 -0.029340
32.419299 -0.029340
32.424299 -0.029340
32.429300 -0.040203
32.434300 -0.040203
32.439301 -0.042675
32.444302 -0.045148
32.449302 -0.047621
32.454303 -0.050094
32.459304 -0.041704
32.464304 -0.044177
32.469305 -0.046650
32.474306 -0.055040
32.479306 -0.049123
32.484307 -0.057513
32.489308 -0.059986
32.494308 -0.059986
32.499309 -0.059986
32.504310 -0.051596
32.509310 -0.051596
32.514311 -0.051596
32.519312 -0.040734
32.524312 -0.032344
32.529313 -0.032344
32.534314 -0.032344
32.539314 -0.023954
32.544315 -0.021481
32.549316 -0.013092
32.554316 -0.013092
32.559317 -0.002229
32.564318 0.008633
32.569318 0.008633
32.574319 0.008633
32.579320 0.019496
32.584320 0.021969
32.589321 0.021969
32.594322 0.021969
32.599322 0.030358
32.604323 0.032831
32.609324 0.024441
32.614324 0.024441
32.619325 0.024441
32.624326 0.024441
32.629326 0.024441
32.634327 0.024441
32.639328 0.032831
32.644328 0.041220
32.649329 0.030358
32.654330 0.038748
32.659330 0.047137
32.664331 0.055527
32.669332 0.053054
32.674332 0.061444
32.679333 0.069834
32.684334 0.078223
32.689334 0.075750
32.694335 0.075750
32.699336 0.084140
32.704336 0.084140
32.709337 0.081667
32.714338 0.081667
32.719338 0.090057
32.724339 0.090057
32.729340 0.090057
32.734340 0.081667
32.739341 0.090057
32.744342 0.092529
32.749342 0.084140
32.754343 0.084140
32.759344 0.084140
32.764344 0.078223
32.769345 0.069833
32.774346 0.069833
32.779346 0.063916
32.784347 0.063916
32.789348 0.047136
32.794348 0.049609
32.799349 0.041219
32.804350 0.043692
32.809350 0.026912
32.814351 0.018522
32.819352 0.020995
32.824352 0.004216
32.829353 -0.004174
32.834354 -0.012564
32.839354 -0.018481
32.844355 -0.026871
32.849356 -0.035261
32.854356 -0.046123
32.859357 -0.046123
32.864358 -0.054513
32.869358 -0.056986
32.874359 -0.056986
32.879360 -0.059459
32.884360 -0.059459
32.889361 -0.070322
32.894361 -0.072795
32.899362 -0.064405
32.904363 -0.066878
32.909363 -0.058488
32.914364 -0.060961
32.919365 -0.044181
32.924365 -0.046654
32.929366 -0.046654
32.934367 -0.040737
32.939367 -0.032348
32.944368 -0.032348
32.949369 -0.034821
32.954369 -0.026431
32.959370 -0.018041
32.964371 -0.009651
32.969371 -0.012124
32.974372 -0.003735
32.979373 0.004655
32.984373 0.013045
32.989374 0.004655
32.994375 0.013045
32.999375 0.013045
33.004376 0.013045
33.009377 0.013045
33.014377 0.013045
33.019378 0.013045
33.024379 0.015517
33.029379 0.007128
33.034380 0.007127
33.039381 0.015517
33.044381 0.009600
33.049382 0.001210
33.054383 0.001210
33.059383 0.001210
33.064384 0.003683
33.069385 -0.004707
33.074385 -0.004707
33.079386 -0.004707
33.084387 -0.013097
33.089387 -0.021486
33.094388 -0.029876
33.099389 -0.035793
33.104389 -0.044183
33.109390 -0.052573
33.114391 -0.060963
33.119391 -0.060963
33.124392 -0.060963
33.129393 -0.069353
33.134393 -0.069353
33.139394 -0.066880
33.144395 -0.066880
33.149395 -0.072797
33.154396 -0.072797
33.159397 -0.072797
33.164397 -0.061935
33.169398 -0.061935
33.174399 -0.051072
33.179399 -0.042682
33.184400 -0.031820
33.189401 -0.031820
33.194401 -0.031820
33.199402 -0.023430
33.204403 -0.012568
33.209403 -0.012568
33.214404 -0.004178
33.219405 -0.004178
33.224405 0.006685
33.229406 0.006685
33.234407 0.012602
33.239407 0.023464
33.244408 0.023464
33.249409 0.023464
33.254409 0.020991
33.259410 0.029381
33.264411 0.029381
33.269411 0.026908
33.274412 0.026908
33.279413 0.032825
33.284413 0.024435
33.289414 0.021962
33.294415 0.021962
33.299415 0.027879
33.304416 0.027879
33.309417 0.025406
33.314417 0.022933
33.319418 0.031323
33.324419 0.031323
33.329419 0.028850
33.334420 0.017987
33.339421 0.026377
33.344421 0.017987
33.349422 0.015514
33.354422 0.015514
33.359423 0.015514
33.364424 0.015514
33.369424 0.013041
33.374425 0.013041
33.379426 0.021431
33.384426 0.021431
33.389427 0.021431
33.394428 0.029821
33.399428 0.038210
33.404429 0.029821
33.409430 0.029821
33.414430 0.027348
33.419431 0.029820
33.424432 0.029820
33.429432 0.021431
33.434433 0.013041
33.439434 0.013041
33.444434 0.015513
33.449435 -0.001266
33.454436 -0.001266
33.459436 -0.009656
33.464437 -0.007183
33.469438 -0.015573
33.474438 -0.023963
33.479439 -0.023963
33.484440 -0.023963
33.489440 -0.032353
33.494441 -0.032353
33.499442 -0.032353
33.504442 -0.040743
33.509443 -0.049133
33.514444 -0.049133
33.519444 -0.049133
33.524445 -0.049133
33.529446 -0.049133
33.534446 -0.049133
33.539447 -0.038270
33.544448 -0.038270
33.549448 -0.029880
33.554449 -0.029881
33.559450 -0.021491
33.564450 -0.010628
33.569451 -0.010628
33.574452 -0.010628
33.579452 -0.002239
33.584453 0.000234
33.589454 0.000234
33.594454 0.008624
33.599455 0.008624
33.604456 0.019486
33.609456 0.019486
33.614457 0.019486
33.619458 0.038739
33.624458 0.038739
33.629459 0.041211
33.634460 0.041211
33.639460 0.052074
33.644461 0.052074
33.649462 0.052074
33.654462 0.054547
33.659463 0.054547
33.664464 0.057019
33.669464 0.048630
33.674465 0.048629
33.679466 0.051102
33.684466 0.051102
33.689467 0.045185
33.694468 0.045185
33.699468 0.053575
33.704469 0.045185
33.709470 0.045185
33.714470 0.045185
33.719471 0.045185
33.724472 0.039268
33.729472 0.028405
33.734473 0.028405
33.739474 0.028405
33.744474 0.028405
33.749475 0.017542
33.754476 0.017542
33.759476 0.017542
33.764477 0.017542
33.769478 0.006680
33.774478 0.004207
33.779479 0.012597
33.784480 0.012596
33.789480 0.010124
33.794481 -0.000739
33.799482 0.007651
33.804482 -0.003212
33.809483 -0.005685
33.814483 -0.005685
33.819484 -0.008158
33.824485 0.000232
33.829485 -0.010631
33.834486 -0.013104
33.839487 -0.013104
33.844487 -0.007187
33.849488 -0.018049
33.854489 -0.018049
33.859489 -0.018049
33.864490 -0.020522
33.869491 -0.028912
33.874491 -0.037302
33.879492 -0.028912
33.884493 -0.037302
33.889493 -0.045692
33.894494 -0.045692
33.899495 -0.045692
33.904495 -0.043219
33.909496 -0.051609
33.914497 -0.054082
33.919497 -0.043219
33.924498 -0.043219
33.929499 -0.051609
33.934499 -0.051609
33.939500 -0.043220
33.944501 -0.043220
33.949501 -0.051609
33.954502 -0.051609
33.959503 -0.043220
33.964503 -0.043220
33.969504 -0.043220
33.974505 -0.034830
33.979505 -0.026440
33.984506 -0.018051
33.989507 -0.020524
33.994507 -0.020524
33.999508 -0.012134
34.004509 -0.012134
34.009509 -0.014607
34.014510 -0.006217
34.019511 -0.006217
34.024511 -0.006217
34.029512 -0.006217
34.034513 -0.006217
34.039513 0.002173
34.044514 0.002173
34.049515 0.002172
34.054515 0.002172
34.059516 0.004645
34.064517 0.004645
34.069517 -0.012134
34.074518 -0.012135
34.079519 -0.001272
34.084519 -0.009662
34.089520 -0.009662
34.094521 -0.007189
34.099521 -0.004716
34.104522 -0.004716
34.109523 -0.004716
34.114523 -0.004716
34.119524 0.006146
34.124525 0.008619
34.129525 0.008619
34.134526 0.008619
34.139527 0.011092
34.144527 0.011092
34.149528 0.013564
34.154529 0.013564
34.159529 0.016037
34.164530 0.016037
34.169531 0.016037
34.174531 0.018510
34.179532 0.026900
34.184533 0.029372
34.189533 0.029372
34.194534 0.020983
34.199535 0.031845
34.204535 0.034318
34.209536 0.023455
34.214537 0.017538
34.219537 0.017538
34.224538 0.011621
34.229539 0.003231
34.234539 -0.005159
34.239540 -0.005159
34.244541 -0.002686
34.249541 -0.013548
34.254542 -0.013548
34.259543 -0.013549
34.264543 -0.013549
34.269544 -0.016021
34.274544 -0.016021
34.279545 -0.010105
34.284546 -0.010105
34.289546 -0.012578
34.294547 -0.015050
34.299548 -0.006661
34.304548 -0.000744
34.309549 -0.003217
34.314550 -0.003217
34.319550 0.002700
34.324551 0.011090
34.329552 0.008617
34.334552 0.014534
34.339553 0.014534
34.344554 0.014534
34.349554 0.012061
34.354555 0.009588
34.359556 0.017978
34.364556 0.017978
34.369557 0.009588
34.374558 0.009588
34.379558 0.017978
34.384559 0.009588
34.389560 0.009588
34.394560 0.009588
34.399561 0.009588
34.404562 0.009588
34.409562 0.001198
34.414563 0.009588
34.419564 0.012060
34.424564 0.003671
34.429565 -0.004719
34.434566 -0.004719
34.439566 -0.002247
34.444567 -0.002247
34.449568 -0.010636
34.454568 -0.010636
34.459569 -0.008164
34.464570 -0.008164
34.469570 -0.019026
34.474571 -0.010637
34.479572 -0.010637
34.484572 -0.002247
34.489573 -0.002247
34.494574 -0.002247
34.499574 -0.002247
34.504575 -0.002247
34.509576 -0.002247
34.514576 -0.002247
34.519577 0.006143
34.524578 0.006142
34.529578 -0.002247
34.534579 0.003670
34.539580 0.006142
34.544580 0.014532
34.549581 0.012059
34.554582 0.012059
34.559582 0.020449
34.564583 0.020449
34.569584 0.020449
34.574584 0.020449
34.579585 0.028838
34.584586 0.020449
34.589586 0.017976
34.594587 0.017976
34.599588 0.017976
34.604588 0.017976
34.609589 0.017976
34.614590 0.017976
34.619590 0.026365
34.624591 0.026365
34.629592 0.017975
34.634592 0.026365
34.639593 0.026365
34.644594 0.026365
34.649594 0.026365
34.654595 0.026365
34.659596 0.026365
34.664596 0.026365
34.669597 0.017975
34.674598 0.017975
34.679598 0.020448
34.684599 0.020448
34.689600 0.012058
34.694600 0.003668
34.699601 0.003668
34.704602 0.006141
34.709602 -0.002249
34.714603 -0.010639
34.719604 -0.010639
34.724604 -0.008166
34.729605 -0.016556
34.734605 -0.016556
34.739606 -0.022473
34.744607 -0.022473
34.749607 -0.030863
34.754608 -0.036780
34.759609 -0.036780
34.764609 -0.036780
34.769610 -0.045170
34.774611 -0.045170
34.779611 -0.042697
34.784612 -0.042697
34.789613 -0.051087
34.794613 -0.051087
34.799614 -0.057004
34.804615 -0.057004
34.809615 -0.065394
34.814616 -0.065394
34.819617 -0.065394
34.824617 -0.062921
34.829618 -0.065394
34.834619 -0.065394
34.839619 -0.054531
34.844620 -0.054532
34.849621 -0.054532
34.854621 -0.057004
34.859622 -0.046142
34.864623 -0.037752
34.869623 -0.037752
34.874624 -0.031835
34.879625 -0.023446
34.884625 -0.015056
34.889626 -0.006666
34.894627 -0.000749
34.899627 0.016030
34.904628 0.024420
34.909629 0.024420
34.914629 0.021947
34.919630 0.030337
34.924631 0.036254
34.929631 0.033781
34.934632 0.039698
34.939633 0.048088
34.944633 0.048087
34.949634 0.045615
34.954635 0.051531
34.959635 0.059921
34.964636 0.057448
34.969637 0.054975
34.974637 0.054975
34.979638 0.060892
34.984639 0.060892
34.989639 0.052502
34.994640 0.050030
34.999641 0.050030
35.004641 0.050029
35.009642 0.041640
35.014643 0.041640
35.019643 0.041640
35.024644 0.033250
35.029645 0.024860
35.034645 0.016470
35.039646 0.018943
35.044647 0.018943
35.049647 0.002163
35.054648 0.004636
35.059649 0.004636
35.064649 -0.001281
35.069650 -0.001281
35.074651 -0.007198
35.079651 -0.004725
35.084652 -0.002253
35.089653 -0.010642
35.094653 -0.010642
35.099654 -0.016559
35.104655 -0.014087
35.109655 -0.022476
35.114656 -0.030866
35.119657 -0.028393
35.124657 -0.025921
35.129658 -0.034310
35.134659 -0.034311
35.139659 -0.023448
35.144660 -0.023448
35.149661 -0.031838
35.154661 -0.029365
35.159662 -0.029365
35.164663 -0.026892
35.169663 -0.035282
35.174664 -0.035282
35.179665 -0.035282
35.184665 -0.035282
35.189666 -0.035282
35.194666 -0.026893
35.199667 -0.016030
35.204668 -0.018503
35.209668 -0.018503
35.214669 -0.020976
35.219670 -0.012586
35.224670 -0.012586
35.229671 -0.023449
35.234672 -0.015059
35.239672 -0.006669
35.244673 -0.009142
35.249674 -0.009142
35.254674 0.005164
35.259675 0.005164
35.264676 0.013554
35.269676 0.011081
35.274677 0.019471
35.279678 0.019471
35.284678 0.016998
35.289679 0.016998
35.294680 0.014525
35.299680 0.014525
35.304681 0.014525
35.309682 0.014525
35.314682 0.014525
35.319683 0.014525
35.324684 0.014525
35.329684 0.012052
35.334685 0.012052
35.339686 0.012052
35.344686 0.012052
35.349687 0.003662
35.354688 0.001189
35.359688 0.012052
35.364689 0.003662
35.369690 0.001189
35.374690 -0.007201
35.379691 0.001189
35.384692 -0.007201
35.389692 -0.007201
35.394693 -0.007201
35.399694 -0.004728
35.404694 -0.004728
35.409695 -0.004728
35.414696 -0.004728
35.419696 0.003661
35.424697 0.006134
35.429698 0.006134
35.434698 0.006134
35.439699 0.006134
35.444700 0.014524
35.449700 0.006134
35.454701 0.006134
35.459702 0.016996
35.464702 0.016996
35.469703 0.014524
35.474704 0.014523
35.479704 0.014523
35.484705 0.022913
35.489706 0.022913
35.494706 0.022913
35.499707 0.031303
35.504708 0.031303
35.509708 0.022913
35.514709 0.020440
35.519710 0.020440
35.524710 0.012050
35.529711 0.012050
35.534712 0.003660
35.539712 0.012050
35.544713 0.003660
35.549714 -0.004730
35.554714 -0.004730
35.559715 -0.004730
35.564716 -0.010647
35.569716 -0.010647
35.574717 -0.019037
35.579718 -0.010647
35.584718 -0.016564
35.589719 -0.024954
35.594720 -0.033343
35.599720 -0.030871
35.604721 -0.028398
35.609722 -0.036788
35.614722 -0.034315
35.619723 -0.034315
35.624724 -0.031842
35.629724 -0.031842
35.634725 -0.029369
35.639726 -0.018507
35.644726 -0.018507
35.649727 -0.026897
35.654727 -0.026897
35.659728 -0.016034
35.664729 -0.016034
35.669729 -0.024424
35.674730 -0.018507
35.679731 -0.010118
35.684731 -0.010118
35.689732 -0.010118
35.694733 -0.004201
35.699733 -0.004201
35.704734 -0.006674
35.709735 -0.009147
35.714735 -0.009147
35.719736 -0.003230
35.724737 -0.005703
35.729737 -0.016565
35.734738 -0.019038
35.739739 -0.013121
35.744739 -0.015594
35.749740 -0.026457
35.754741 -0.020540
35.759741 -0.023013
35.764742 -0.023013
35.769743 -0.033875
35.774743 -0.036348
35.779744 -0.036348
35.784745 -0.038821
35.789745 -0.047211
35.794746 -0.049684
35.799747 -0.047211
35.804747 -0.047211
35.809748 -0.049684
35.814749 -0.047211
35.819749 -0.038821
35.824750 -0.027959
35.829751 -0.027959
35.834751 -0.027959
35.839752 -0.017096
35.844753 -0.017097
35.849753 -0.014624
35.854754 -0.012151
35.859755 -0.009678
35.864755 -0.001288
35.869756 -0.007205
35.874757 0.001184
35.879757 0.003657
35.884758 0.014520
35.889759 0.014520
35.894759 0.016992
35.899760 0.027855
35.904761 0.027855
35.909761 0.030328
35.914762 0.030328
35.919763 0.032800
35.924763 0.032800
35.929764 0.035273
35.934765 0.035273
35.939765 0.037746
35.944766 0.037746
35.949767 0.037746
35.954767 0.037746
35.959768 0.048608
35.964769 0.048608
35.969769 0.048608
35.974770 0.048608
35.979771 0.048608
35.984771 0.048608
35.989772 0.048608
35.994773 0.048608
35.999773 0.048608
36.004774 0.042691
36.009775 0.031828
36.014775 0.031828
36.019776 0.034301
36.024777 0.025911
36.029777 0.025911
36.034778 0.017521
36.039779 0.017521
36.044779 0.019994
36.049780 0.009131
36.054781 0.017521
36.059781 0.017521
36.064782 0.017521
36.069783 0.015048
36.074783 0.015048
36.079784 0.023438
36.084785 0.015048
36.089785 0.010102
36.094786 0.007629
36.099787 0.007629
36.104787 0.007629
36.109788 0.005157
36.114788 0.002684
36.119789 0.008601
36.124790 0.008601
36.129790 0.006128
36.134791 0.012045
36.139792 0.020434
36.144792 0.017961
36.149793 0.015489
36.154794 0.015488
36.159794 0.013016
36.164795 0.013016
36.169796 0.010543
36.174796 0.010543
36.179797 0.008070
36.184798 0.008070
36.189798 0.005597
36.194799 0.005597
36.199800 0.005597
36.204800 0.003124
36.209801 -0.005266
36.214802 -0.005266
36.219802 0.003124
36.224803 -0.005266
36.229804 -0.005266
36.234804 -0.013656
36.239805 -0.013656
36.244806 -0.011183
36.249806 -0.019573
36.254807 -0.019573
36.259808 -0.025490
36.264808 -0.023017
36.269809 -0.031407
36.274810 -0.028934
36.279810 -0.026462
36.284811 -0.026462
36.289812 -0.032379
36.294812 -0.021516
36.299813 -0.021516
36.304814 -0.027433
36.309814 -0.024960
36.314815 -0.024960
36.319816 -0.022488
36.324816 -0.020015
36.329817 -0.028405
36.334818 -0.017542
36.339818 -0.017542
36.344819 -0.006680
36.349820 -0.015069
36.354820 -0.006680
36.359821 0.004183
36.364822 0.004183
36.369822 -0.004207
36.374823 -0.004207
36.379824 0.004183
36.384824 0.004183
36.389825 -0.004207
36.394826 -0.004207
36.399826 0.004183
36.404827 0.004183
36.409828 0.001710
36.414828 0.001710
36.419829 0.007626
36.424830 0.007626
36.429830 0.005154
36.434831 0.005154
36.439832 0.002681
36.444832 -0.005709
36.449833 -0.008182
36.454834 -0.010655
36.459834 -0.010655
36.464835 -0.010655
36.469836 -0.021518
36.474836 -0.021518
36.479837 -0.023991
36.484838 -0.023991
36.489838 -0.023991
36.494839 -0.023991
36.499840 -0.023991
36.504840 -0.023991
36.509841 -0.034853
36.514842 -0.034854
36.519842 -0.040771
36.524843 -0.040771
36.529844 -0.049160
36.534844 -0.049160
36.539845 -0.038298
36.544846 -0.038298
36.549846 -0.038298
36.554847 -0.035825
36.559848 -0.024963
36.564848 -0.024963
36.569849 -0.033352
36.574849 -0.022490
36.579850 -0.020017
36.584851 -0.011627
36.589851 -0.011627
36.594852 -0.011627
36.599853 -0.000765
36.604853 0.007625
36.609854 0.007625
36.614855 0.016014
36.619855 0.026877
36.624856 0.026877
36.629857 0.026877
36.634857 0.026877
36.639858 0.035267
36.644859 0.035267
36.649859 0.026877
36.654860 0.026877
36.659861 0.035266
36.664861 0.035266
36.669862 0.026877
36.674863 0.026877
36.679863 0.035266
36.684864 0.032793
36.689865 0.024404
36.694865 0.021931
36.699866 0.030320
36.704867 0.030320
36.709867 0.027848
36.714868 0.025375
36.719869 0.025375
36.724869 0.022902
36.729870 0.012039
36.734871 0.012039
36.739871 0.020429
36.744872 0.020429
36.749873 0.009566
36.754873 0.009566
36.759874 0.017956
36.764875 0.017956
36.769875 0.017956
36.774876 0.017956
36.779877 0.026345
36.784877 0.026345
36.789878 0.026345
36.794879 0.026345
36.799879 0.026345
36.804880 0.020428
36.809881 0.012038
36.814881 0.012038
36.819882 0.012038
36.824883 0.014511
36.829883 0.006121
36.834884 0.006121
36.839885 0.008594
36.844885 0.008594
36.849886 0.000204
36.854887 0.008594
36.859887 0.011067
36.864888 0.011067
36.869889 0.000204
36.874889 0.000204
36.879890 0.000204
36.884891 -0.005713
36.889891 -0.016576
36.894892 -0.016576
36.899893 -0.016576
36.904893 -0.024966
36.909894 -0.033356
36.914895 -0.033356
36.919895 -0.024966
36.924896 -0.033356
36.929897 -0.035829
36.934897 -0.035829
36.939898 -0.035829
36.944899 -0.035829
36.949899 -0.046691
36.954900 -0.046691
36.959901 -0.046692
36.964901 -0.046692
36.969902 -0.046692
36.974903 -0.046692
36.979903 -0.038302
36.984904 -0.038302
36.989905 -0.040775
36.994905 -0.040775
36.999906 -0.032385
37.004907 -0.032385
37.009907 -0.032385
37.014908 -0.032385
37.019909 -0.023996
37.024909 -0.021523
37.029910 -0.023996
37.034910 -0.021523
37.039911 -0.013133
37.044912 -0.013133
37.049912 -0.010660
37.054913 -0.002271
37.059914 0.006119
37.064914 0.008592
37.069915 0.000202
37.074916 0.000202
37.079916 0.011065
37.084917 0.005148
37.089918 0.005147
37.094918 0.005147
37.099919 0.007620
37.104920 0.007620
37.109920 0.007620
37.114921 0.018483
37.119922 0.018483
37.124922 0.020955
37.129923 0.020955
37.134924 0.020955
37.139924 0.029345
37.144925 0.020955
37.149926 0.012565
37.154926 0.012565
37.159927 0.012565
37.164928 0.012565
37.169928 0.012565
37.174929 0.010092
37.179930 0.020955
37.184930 0.020955
37.189931 0.010092
37.194932 0.018482
37.199932 0.016009
37.204933 0.024399
37.209934 0.016009
37.214934 0.021926
37.219935 0.021926
37.224936 0.021926
37.229936 0.011063
37.234937 0.008590
37.239938 0.016980
37.244938 0.016980
37.249939 0.006117
37.254940 0.006117
37.259940 0.014507
37.264941 0.014507
37.269942 0.012034
37.274942 0.012034
37.279943 0.020424
37.284944 0.020424
37.289944 0.012034
37.294945 0.012034
37.299946 0.022896
37.304946 0.014507
37.309947 0.014507
37.314948 0.014506
37.319948 0.016979
37.324949 0.008589
37.329950 0.008589
37.334950 0.011062
37.339951 0.011062
37.344952 0.013535
37.349952 0.013535
37.354953 0.013535
37.359954 0.016008
37.364954 0.016008
37.369955 0.007618
37.374956 0.007618
37.379956 0.010090
37.384957 0.010090
37.389958 -0.006689
37.394958 -0.006689
37.399959 -0.006689
37.404960 -0.015079
37.409960 -0.015079
37.414961 -0.017552
37.419962 -0.015079
37.424962 -0.017552
37.429963 -0.017552
37.434964 -0.017552
37.439964 -0.020025
37.444965 -0.020025
37.449966 -0.022498
37.454966 -0.022498
37.459967 -0.024971
37.464968 -0.024971
37.469968 -0.027444
37.474969 -0.029917
37.479970 -0.021527
37.484970 -0.024000
37.489971 -0.026473
37.494971 -0.018083
37.499972 -0.020556
37.504973 -0.020556
37.509973 -0.020556
37.514974 -0.023029
37.519975 -0.014639
37.524975 -0.014639
37.529976 -0.014639
37.534977 -0.014639
37.539977 -0.006250
37.544978 -0.003777
37.549979 0.004613
37.554979 0.004613
37.559980 0.013003
37.564981 0.015475
37.569981 0.015475
37.574982 0.015475
37.579983 0.026338
37.584983 0.017948
37.589984 0.017948
37.594985 0.017948
37.599985 0.017948
37.604986 0.017948
37.609987 0.009558
37.614987 0.009558
37.619988 0.020421
37.624989 0.020421
37.629989 0.012031
37.634990 0.012031
37.639991 0.020420
37.644991 0.020420
37.649992 0.020420
37.654993 0.020420
37.659993 0.020420
37.664994 0.020420
37.669995 0.012030
37.674995 0.012030
37.679996 0.014503
37.684997 0.014503
37.689997 0.006113
37.694998 0.006113
37.699999 0.006113
37.704999 0.008586
37.710000 0.008586
