0.000000 0.000000
0.005001 -0.000076
0.010002 -0.000059
0.015003 -0.000031
0.020004 0.000011
0.025005 0.000066
0.030006 0.000128
0.035007 0.000184
0.040008 0.000212
0.045009 0.000187
0.050010 0.000107
0.055011 -0.000005
0.060012 -0.000108
0.065013 -0.000164
0.070014 -0.000159
0.075015 -0.000105
0.080016 -0.000025
0.085017 0.000050
0.090018 0.000094
0.095019 0.000087
0.100020 0.000029
0.105021 -0.000065
0.110022 -0.000163
0.115023 -0.000237
0.120024 -0.000269
0.125025 -0.000263
0.130026 -0.000233
0.135027 -0.000192
0.140028 -0.000145
0.145029 -0.000094
0.150031 -0.000044
0.155032 -0.000007
0.160033 0.000009
0.165034 0.000006
0.170035 -0.000009
0.175036 -0.000023
0.180037 -0.000024
0.185038 0.000002
0.190039 0.000067
0.195040 0.000171
0.200041 0.000296
0.205042 0.000405
0.210043 0.000458
0.215044 0.000431
0.220045 0.000330
0.225046 0.000184
0.230047 0.000035
0.235048 -0.000082
0.240049 -0.000146
0.245050 -0.000155
0.250051 -0.000121
0.255052 -0.000061
0.260053 0.000005
0.265054 0.000059
0.270055 0.000084
0.275056 0.000066
0.280057 0.000004
0.285058 -0.000088
0.290059 -0.000188
0.295060 -0.000280
0.300061 -0.000351
0.305062 -0.000395
0.310063 -0.000405
0.315064 -0.000380
0.320065 -0.000331
0.325066 -0.000283
0.330067 -0.000258
0.335068 -0.000264
0.340069 -0.000282
0.345070 -0.000275
0.350071 -0.000209
0.355072 -0.000086
0.360073 0.000063
0.365074 0.000186
0.370075 0.000247
0.375076 0.000235
0.380077 0.000170
0.385078 0.000085
0.390079 0.000014
0.395080 -0.000030
0.400081 -0.000051
0.405082 -0.000063
0.410083 -0.000080
0.415084 -0.000111
0.420085 -0.000147
0.425086 -0.000172
0.430087 -0.000162
0.435088 -0.000107
0.440089 -0.000016
0.445090 0.000083
0.450092 0.000158
0.455093 0.000187
0.460094 0.000164
0.465095 0.000099
0.470096 0.000014
0.475097 -0.000072
0.480098 -0.000141
0.485099 -0.000183
0.490100 -0.000184
0.495101 -0.000141
0.500102 -0.000064
0.505103 0.000030
0.510104 0.000119
0.515105 0.000192
0.520106 0.000238
0.525107 0.000248
0.530108 0.000217
0.535109 0.000143
0.540110 0.000034
0.545111 -0.000091
0.550112 -0.000206
0.555113 -0.000284
0.560114 -0.000301
0.565115 -0.000253
0.570116 -0.000153
0.575117 -0.000031
0.580118 0.000077
0.585119 0.000139
0.590120 0.000146
0.595121 0.000108
0.600122 0.000047
0.605123 -0.000019
0.610124 -0.000078
0.615125 -0.000118
0.620126 -0.000128
0.625127 -0.000110
0.630128 -0.000075
0.635129 -0.000041
0.640130 -0.000027
0.645131 -0.000041
0.650132 -0.000079
0.655133 -0.000121
0.660134 -0.000148
0.665135 -0.000146
0.670136 -0.000117
0.675137 -0.000071
0.680138 -0.000028
0.685139 -0.000007
0.690140 -0.000017
0.695141 -0.000048
0.700142 -0.000085
0.705143 -0.000118
0.710144 -0.000152
0.715145 -0.000197
0.720146 -0.000257
0.725147 -0.000328
0.730148 -0.000393
0.735149 -0.000431
0.740150 -0.000421
0.745151 -0.000360
0.750153 -0.000270
0.755154 -0.000184
0.760155 -0.000135
0.765156 -0.000131
0.770157 -0.000154
0.775158 -0.000172
0.780159 -0.000160
0.785160 -0.000122
0.790161 -0.000086
0.795162 -0.000084
0.800163 -0.000126
0.805164 -0.000192
0.810165 -0.000244
0.815166 -0.000245
0.820167 -0.000183
0.825168 -0.000073
0.830169 0.000052
0.835170 0.000163
0.840171 0.000242
0.845172 0.000283
0.850173 0.000288
0.855174 0.000264
0.860175 0.000227
0.865176 0.000193
0.870177 0.000175
0.875178 0.000179
0.880179 0.000204
0.885180 0.000243
0.890181 0.000275
0.895182 0.000280
0.900183 0.000242
0.905184 0.000152
0.910185 0.000019
0.915186 -0.000133
0.920187 -0.000262
0.925188 -0.000329
0.930189 -0.000325
0.935190 -0.000272
0.940191 -0.000207
0.945192 -0.000163
0.950193 -0.000149
0.955194 -0.000149
0.960195 -0.000132
0.965196 -0.000081
0.970197 -0.000000
0.975198 0.000086
0.980199 0.000152
0.985200 0.000191
0.990201 0.000212
0.995202 0.000227
1.000203 0.000240
1.005204 0.000244
1.010205 0.000224
1.015206 0.000171
1.020207 0.000086
1.025208 -0.000014
1.030209 -0.000101
1.035210 -0.000155
1.040211 -0.000173
1.045212 -0.000166
1.050214 -0.000148
1.055215 -0.000127
1.060216 -0.000094
1.065217 -0.000041
1.070218 0.000029
1.075219 0.000088
1.080220 0.000103
1.085221 0.000061
1.090222 -0.000019
1.095223 -0.000094
1.100224 -0.000123
1.105225 -0.000090
1.110226 -0.000006
1.115227 0.000093
1.120228 0.000167
1.125229 0.000190
1.130230 0.000165
1.135231 0.000111
1.140232 0.000054
1.145233 0.000016
1.150234 0.000007
1.155235 0.000029
1.160236 0.000076
1.165237 0.000138
1.170238 0.000203
1.175239 0.000257
1.180240 0.000286
1.185241 0.000288
1.190242 0.000268
1.195243 0.000238
1.200244 0.000206
1.205245 0.000176
1.210246 0.000145
1.215247 0.000108
1.220248 0.000056
1.225249 -0.000016
1.230250 -0.000103
1.235251 -0.000185
1.240252 -0.000237
1.245253 -0.000237
1.250254 -0.000178
1.255255 -0.000081
1.260256 0.000017
1.265257 0.000076
1.270258 0.000088
1.275259 0.000077
1.280260 0.000083
1.285261 0.000127
1.290262 0.000204
1.295263 0.000288
1.300264 0.000350
1.305265 0.000377
1.310266 0.000371
1.315267 0.000338
1.320268 0.000280
1.325269 0.000197
1.330270 0.000095
1.335271 -0.000007
1.340272 -0.000088
1.345273 -0.000137
1.350275 -0.000153
1.355276 -0.000144
1.360277 -0.000114
1.365278 -0.000064
1.370279 0.000004
1.375280 0.000080
1.380281 0.000138
1.385282 0.000145
1.390283 0.000082
1.395284 -0.000046
1.400285 -0.000201
1.405286 -0.000332
1.410287 -0.000390
1.415288 -0.000346
1.420289 -0.000205
1.425290 -0.000001
1.430291 0.000213
1.435292 0.000384
1.440293 0.000481
1.445294 0.000499
1.450295 0.000456
1.455296 0.000380
1.460297 0.000302
1.465298 0.000243
1.470299 0.000212
1.475300 0.000203
1.480301 0.000205
1.485302 0.000205
1.490303 0.000193
1.495304 0.000171
1.500305 0.000146
1.505306 0.000122
1.510307 0.000098
1.515308 0.000072
1.520309 0.000043
1.525310 0.000016
1.530311 -0.000013
1.535312 -0.000047
1.540313 -0.000093
1.545314 -0.000143
1.550315 -0.000181
1.555316 -0.000185
1.560317 -0.000140
1.565318 -0.000051
1.570319 0.000051
1.575320 0.000123
1.580321 0.000133
1.585322 0.000075
1.590323 -0.000027
1.595324 -0.000132
1.600325 -0.000200
1.605326 -0.000213
1.610327 -0.000173
1.615328 -0.000104
1.620329 -0.000033
1.625330 0.000016
1.630331 0.000035
1.635332 0.000030
1.640333 0.000014
1.645334 0.000000
1.650336 -0.000009
1.655337 -0.000020
1.660338 -0.000031
1.665339 -0.000037
1.670340 -0.000025
1.675341 0.000012
1.680342 0.000072
1.685343 0.000146
1.690344 0.000223
1.695345 0.000286
1.700346 0.000317
1.705347 0.000302
1.710348 0.000235
1.715349 0.000130
1.720350 0.000019
1.725351 -0.000066
1.730352 -0.000110
1.735353 -0.000124
1.740354 -0.000133
1.745355 -0.000150
1.750356 -0.000166
1.755357 -0.000162
1.760358 -0.000128
1.765359 -0.000072
1.770360 -0.000015
1.775361 0.000017
1.780362 0.000018
1.785363 -0.000000
1.790364 -0.000009
1.795365 0.000022
1.800366 0.000103
1.805367 0.000220
1.810368 0.000336
1.815369 0.000402
1.820370 0.000390
1.825371 0.000316
1.830372 0.000236
1.835373 0.000212
1.840374 0.000271
1.845375 0.000389
1.850376 0.000507
1.855377 0.000562
1.860378 0.000523
1.865379 0.000406
1.870380 0.000258
1.875381 0.000133
1.880382 0.000056
1.885383 0.000025
1.890384 0.000016
1.895385 0.000005
1.900386 -0.000016
1.905387 -0.000045
1.910388 -0.000063
1.915389 -0.000057
1.920390 -0.000017
1.925391 0.000047
1.930392 0.000116
1.935393 0.000164
1.940394 0.000165
1.945395 0.000112
1.950397 0.000024
1.955398 -0.000063
1.960399 -0.000115
1.965400 -0.000120
1.970401 -0.000085
1.975402 -0.000029
1.980403 0.000030
1.985404 0.000075
1.990405 0.000099
1.995406 0.000099
2.000407 0.000078
2.005408 0.000037
2.010409 -0.000017
2.015410 -0.000075
2.020411 -0.000123
2.025412 -0.000153
2.030413 -0.000158
2.035414 -0.000130
2.040415 -0.000068
2.045416 0.000020
2.050417 0.000114
2.055418 0.000195
2.060419 0.000245
2.065420 0.000257
2.070421 0.000234
2.075422 0.000190
2.080423 0.000139
2.085424 0.000090
2.090425 0.000045
2.095426 0.000002
2.100427 -0.000043
2.105428 -0.000093
2.110429 -0.000140
2.115430 -0.000169
2.120431 -0.000166
2.125432 -0.000131
2.130433 -0.000088
2.135434 -0.000065
2.140435 -0.000087
2.145436 -0.000152
2.150437 -0.000238
2.155438 -0.000311
2.160439 -0.000350
2.165440 -0.000352
2.170441 -0.000334
2.175442 -0.000314
2.180443 -0.000301
2.185444 -0.000298
2.190445 -0.000304
2.195446 -0.000317
2.200447 -0.000333
2.205448 -0.000344
2.210449 -0.000344
2.215450 -0.000330
2.220451 -0.000301
2.225452 -0.000263
2.230453 -0.000219
2.235454 -0.000167
2.240455 -0.000103
2.245456 -0.000026
2.250458 0.000054
2.255459 0.000127
2.260460 0.000195
2.265461 0.000263
2.270462 0.000328
2.275463 0.000379
2.280464 0.000401
2.285465 0.000384
2.290466 0.000331
2.295467 0.000258
2.300468 0.000188
2.305469 0.000144
2.310470 0.000132
2.315471 0.000145
2.320472 0.000166
2.325473 0.000175
2.330474 0.000155
2.335475 0.000096
2.340476 0.000004
2.345477 -0.000088
2.350478 -0.000141
2.355479 -0.000124
2.360480 -0.000036
2.365481 0.000088
2.370482 0.000198
2.375483 0.000244
2.380484 0.000208
2.385485 0.000108
2.390486 -0.000016
2.395487 -0.000116
2.400488 -0.000155
2.405489 -0.000119
2.410490 -0.000023
2.415491 0.000088
2.420492 0.000160
2.425493 0.000163
2.430494 0.000102
2.435495 0.000020
2.440496 -0.000036
2.445497 -0.000040
2.450498 -0.000001
2.455499 0.000052
2.460500 0.000094
2.465501 0.000120
2.470502 0.000139
2.475503 0.000159
2.480504 0.000177
2.485505 0.000181
2.490506 0.000159
2.495507 0.000107
2.500508 0.000034
2.505509 -0.000040
2.510510 -0.000090
2.515511 -0.000103
2.520512 -0.000078
2.525513 -0.000023
2.530514 0.000049
2.535515 0.000119
2.540516 0.000160
2.545517 0.000148
2.550519 0.000071
2.555520 -0.000061
2.560521 -0.000212
2.565522 -0.000328
2.570523 -0.000370
2.575524 -0.000325
2.580525 -0.000219
2.585526 -0.000091
2.590527 0.000014
2.595528 0.000061
2.600529 0.000031
2.605530 -0.000075
2.610531 -0.000226
2.615532 -0.000371
2.620533 -0.000456
2.625534 -0.000449
2.630535 -0.000353
2.635536 -0.000201
2.640537 -0.000036
2.645538 0.000105
2.650539 0.000203
2.655540 0.000252
2.660541 0.000257
2.665542 0.000231
2.670543 0.000193
2.675544 0.000163
2.680545 0.000149
2.685546 0.000145
2.690547 0.000135
2.695548 0.000104
2.700549 0.000045
2.705550 -0.000036
2.710551 -0.000119
2.715552 -0.000180
2.720553 -0.000202
2.725554 -0.000183
2.730555 -0.000138
2.735556 -0.000087
2.740557 -0.000054
2.745558 -0.000055
2.750559 -0.000094
2.755560 -0.000159
2.760561 -0.000227
2.765562 -0.000278
2.770563 -0.000294
2.775564 -0.000262
2.780565 -0.000178
2.785566 -0.000055
2.790567 0.000079
2.795568 0.000182
2.800569 0.000216
2.805570 0.000167
2.810571 0.000053
2.815572 -0.000073
2.820573 -0.000154
2.825574 -0.000152
2.830575 -0.000079
2.835576 0.000017
2.840577 0.000079
2.845578 0.000072
2.850580 0.000007
2.855581 -0.000067
2.860582 -0.000093
2.865583 -0.000045
2.870584 0.000060
2.875585 0.000179
2.880586 0.000262
2.885587 0.000277
2.890588 0.000221
2.895589 0.000117
2.900590 0.000006
2.905591 -0.000073
2.910592 -0.000104
2.915593 -0.000088
2.920594 -0.000044
2.925595 0.000008
2.930596 0.000048
2.935597 0.000065
2.940598 0.000058
2.945599 0.000031
2.950600 -0.000010
2.955601 -0.000061
2.960602 -0.000113
2.965603 -0.000154
2.970604 -0.000181
2.975605 -0.000192
2.980606 -0.000188
2.985607 -0.000166
2.990608 -0.000123
2.995609 -0.000067
3.000610 -0.000014
3.005611 0.000020
3.010612 0.000026
3.015613 0.000005
3.020614 -0.000032
3.025615 -0.000072
3.030616 -0.000100
3.035617 -0.000108
3.040618 -0.000091
3.045619 -0.000058
3.050620 -0.000026
3.055621 -0.000015
3.060622 -0.000031
3.065623 -0.000063
3.070624 -0.000094
3.075625 -0.000110
3.080626 -0.000112
3.085627 -0.000108
3.090628 -0.000109
3.095629 -0.000118
3.100630 -0.000138
3.105631 -0.000166
3.110632 -0.000195
3.115633 -0.000212
3.120634 -0.000199
3.125635 -0.000142
3.130636 -0.000039
3.135637 0.000091
3.140638 0.000213
3.145639 0.000290
3.150641 0.000300
3.155642 0.000242
3.160643 0.000131
3.165644 -0.000005
3.170645 -0.000128
3.175646 -0.000210
3.180647 -0.000233
3.185648 -0.000203
3.190649 -0.000144
3.195650 -0.000089
3.200651 -0.000065
3.205652 -0.000084
3.210653 -0.000136
3.215654 -0.000203
3.220655 -0.000262
3.225656 -0.000297
3.230657 -0.000300
3.235658 -0.000278
3.240659 -0.000243
3.245660 -0.000209
3.250661 -0.000177
3.255662 -0.000143
3.260663 -0.000101
3.265664 -0.000053
3.270665 -0.000005
3.275666 0.000034
3.280667 0.000060
3.285668 0.000073
3.290669 0.000078
3.295670 0.000084
3.300671 0.000086
3.305672 0.000074
3.310673 0.000042
3.315674 -0.000007
3.320675 -0.000064
3.325676 -0.000120
3.330677 -0.000166
3.335678 -0.000199
3.340679 -0.000213
3.345680 -0.000208
3.350681 -0.000181
3.355682 -0.000135
3.360683 -0.000076
3.365684 -0.000013
3.370685 0.000041
3.375686 0.000067
3.380687 0.000050
3.385688 -0.000015
3.390689 -0.000104
3.395690 -0.000176
3.400691 -0.000193
3.405692 -0.000150
3.410693 -0.000071
3.415694 0.000001
3.420695 0.000036
3.425696 0.000025
3.430697 -0.000019
3.435698 -0.000072
3.440699 -0.000117
3.445700 -0.000144
3.450702 -0.000153
3.455703 -0.000147
3.460704 -0.000135
3.465705 -0.000129
3.470706 -0.000144
3.475707 -0.000184
3.480708 -0.000239
3.485709 -0.000291
3.490710 -0.000324
3.495711 -0.000332
3.500712 -0.000319
3.505713 -0.000297
3.510714 -0.000280
3.515715 -0.000268
3.520716 -0.000259
3.525717 -0.000243
3.530718 -0.000213
3.535719 -0.000160
3.540720 -0.000087
3.545721 -0.000011
3.550722 0.000039
3.555723 0.000043
3.560724 0.000005
3.565725 -0.000053
3.570726 -0.000100
3.575727 -0.000115
3.580728 -0.000095
3.585729 -0.000054
3.590730 -0.000014
3.595731 0.000013
3.600732 0.000024
3.605733 0.000027
3.610734 0.000028
3.615735 0.000028
3.620736 0.000021
3.625737 0.000006
3.630738 -0.000017
3.635739 -0.000040
3.640740 -0.000056
3.645741 -0.000061
3.650742 -0.000060
3.655743 -0.000069
3.660744 -0.000107
3.665745 -0.000184
3.670746 -0.000285
3.675747 -0.000371
3.680748 -0.000397
3.685749 -0.000337
3.690750 -0.000206
3.695751 -0.000054
3.700752 0.000062
3.705753 0.000106
3.710754 0.000078
3.715755 0.000011
3.720756 -0.000055
3.725757 -0.000088
3.730758 -0.000083
3.735759 -0.000049
3.740760 0.000000
3.745761 0.000053
3.750763 0.000103
3.755764 0.000141
3.760765 0.000160
3.765766 0.000155
3.770767 0.000125
3.775768 0.000070
3.780769 -0.000002
3.785770 -0.000077
3.790771 -0.000138
3.795772 -0.000182
3.800773 -0.000212
3.805774 -0.000240
3.810775 -0.000271
3.815776 -0.000299
3.820777 -0.000316
3.825778 -0.000310
3.830779 -0.000283
3.835780 -0.000246
3.840781 -0.000209
3.845782 -0.000173
3.850783 -0.000132
3.855784 -0.000082
3.860785 -0.000036
3.865786 -0.000018
3.870787 -0.000045
3.875788 -0.000111
3.880789 -0.000189
3.885790 -0.000242
3.890791 -0.000245
3.895792 -0.000206
3.900793 -0.000153
3.905794 -0.000119
3.910795 -0.000122
3.915796 -0.000159
3.920797 -0.000209
3.925798 -0.000251
3.930799 -0.000276
3.935800 -0.000289
3.940801 -0.000302
3.945802 -0.000318
3.950803 -0.000325
3.955804 -0.000299
3.960805 -0.000229
3.965806 -0.000124
3.970807 -0.000010
3.975808 0.000083
3.980809 0.000138
3.985810 0.000157
3.990811 0.000156
3.995812 0.000145
4.000813 0.000126
4.005814 0.000091
4.010815 0.000036
4.015816 -0.000032
4.020817 -0.000100
4.025818 -0.000152
4.030819 -0.000177
4.035820 -0.000176
4.040821 -0.000158
4.045822 -0.000132
4.050824 -0.000095
4.055825 -0.000039
4.060826 0.000030
4.065827 0.000089
4.070828 0.000099
4.075829 0.000036
4.080830 -0.000094
4.085831 -0.000252
4.090832 -0.000379
4.095833 -0.000434
4.100834 -0.000410
4.105835 -0.000339
4.110836 -0.000260
4.115837 -0.000200
4.120838 -0.000159
4.125839 -0.000121
4.130840 -0.000072
4.135841 -0.000014
4.140842 0.000038
4.145843 0.000060
4.150844 0.000041
4.155845 -0.000017
4.160846 -0.000096
4.165847 -0.000172
4.170848 -0.000217
4.175849 -0.000210
4.180850 -0.000147
4.185851 -0.000044
4.190852 0.000064
4.195853 0.000149
4.200854 0.000200
4.205855 0.000220
4.210856 0.000228
4.215857 0.000236
4.220858 0.000248
4.225859 0.000254
4.230860 0.000235
4.235861 0.000184
4.240862 0.000112
4.245863 0.000040
4.250864 -0.000012
4.255865 -0.000038
4.260866 -0.000043
4.265867 -0.000047
4.270868 -0.000064
4.275869 -0.000101
4.280870 -0.000148
4.285871 -0.000189
4.290872 -0.000209
4.295873 -0.000205
4.300874 -0.000180
4.305875 -0.000149
4.310876 -0.000123
4.315877 -0.000104
4.320878 -0.000085
4.325879 -0.000059
4.330880 -0.000029
4.335881 -0.000014
4.340882 -0.000033
4.345883 -0.000091
4.350885 -0.000173
4.355886 -0.000246
4.360887 -0.000278
4.365888 -0.000253
4.370889 -0.000184
4.375890 -0.000103
4.380891 -0.000041
4.385892 -0.000015
4.390893 -0.000022
4.395894 -0.000046
4.400895 -0.000071
4.405896 -0.000092
4.410897 -0.000108
4.415898 -0.000118
4.420899 -0.000111
4.425900 -0.000075
4.430901 -0.000008
4.435902 0.000071
4.440903 0.000132
4.445904 0.000149
4.450905 0.000113
4.455906 0.000033
4.460907 -0.000069
4.465908 -0.000163
4.470909 -0.000226
4.475910 -0.000249
4.480911 -0.000237
4.485912 -0.000207
4.490913 -0.000170
4.495914 -0.000138
4.500915 -0.000116
4.505916 -0.000109
4.510917 -0.000117
4.515918 -0.000140
4.520919 -0.000174
4.525920 -0.000210
4.530921 -0.000237
4.535922 -0.000251
4.540923 -0.000251
4.545924 -0.000238
4.550925 -0.000213
4.555926 -0.000183
4.560927 -0.000158
4.565928 -0.000144
4.570929 -0.000137
4.575930 -0.000126
4.580931 -0.000100
4.585932 -0.000055
4.590933 0.000007
4.595934 0.000064
4.600935 0.000088
4.605936 0.000060
4.610937 -0.000011
4.615938 -0.000092
4.620939 -0.000141
4.625940 -0.000136
4.630941 -0.000077
4.635942 0.000009
4.640943 0.000083
4.645944 0.000115
4.650946 0.000100
4.655947 0.000055
4.660948 0.000002
4.665949 -0.000042
4.670950 -0.000079
4.675951 -0.000119
4.680952 -0.000166
4.685953 -0.000213
4.690954 -0.000242
4.695955 -0.000239
4.700956 -0.000212
4.705957 -0.000181
4.710958 -0.000169
4.715959 -0.000189
4.720960 -0.000236
4.725961 -0.000296
4.730962 -0.000347
4.735963 -0.000368
4.740964 -0.000349
4.745965 -0.000291
4.750966 -0.000203
4.755967 -0.000103
4.760968 -0.000016
4.765969 0.000027
4.770970 0.000009
4.775971 -0.000067
4.780972 -0.000168
4.785973 -0.000250
4.790974 -0.000269
4.795975 -0.000195
4.800976 -0.000033
4.805977 0.000181
4.810978 0.000385
4.815979 0.000519
4.820980 0.000546
4.825981 0.000458
4.830982 0.000278
4.835983 0.000047
4.840984 -0.000193
4.845985 -0.000403
4.850986 -0.000542
4.855987 -0.000573
4.860988 -0.000471
4.865989 -0.000244
4.870990 0.000059
4.875991 0.000363
4.880992 0.000584
4.885993 0.000666
4.890994 0.000594
4.895995 0.000388
4.900996 0.000094
4.905997 -0.000231
4.910998 -0.000525
4.915999 -0.000745
4.921000 -0.000882
4.926001 -0.000964
4.931002 -0.001034
4.936003 -0.001117
4.941004 -0.001208
4.946005 -0.001275
4.951007 -0.001285
4.956008 -0.001228
4.961009 -0.001127
4.966010 -0.001012
4.971011 -0.000877
4.976012 -0.000643
4.981013 -0.000190
4.986014 0.000564
4.991015 0.001560
4.996016 0.002576
5.001017 0.003285
5.006018 0.003360
5.011019 0.002571
5.016020 0.000841
5.021021 -0.001709
5.026022 -0.004718
5.031023 -0.007582
5.036024 -0.009553
5.041025 -0.009940
5.046026 -0.008370
5.051027 -0.004951
5.056028 -0.000277
5.061029 0.004749
5.066030 0.009165
5.071031 0.012154
5.076032 0.013149
5.081033 0.011883
5.086034 0.008420
5.091035 0.003176
5.096036 -0.003083
5.101037 -0.009315
5.106038 -0.014334
5.111039 -0.016992
5.116040 -0.016440
5.121041 -0.012406
5.126042 -0.005400
5.131043 0.003320
5.136044 0.012051
5.141045 0.019076
5.146046 0.023030
5.151047 0.023087
5.156048 0.019054
5.161049 0.011458
5.166050 0.001579
5.171051 -0.008695
5.176052 -0.017274
5.181053 -0.022412
5.186054 -0.023145
5.191055 -0.019493
5.196056 -0.012395
5.201057 -0.003464
5.206058 0.005378
5.211059 0.012299
5.216060 0.015933
5.221061 0.015661
5.226062 0.011763
5.231063 0.005350
5.236064 -0.001931
5.241065 -0.008338
5.246066 -0.012431
5.251068 -0.013327
5.256069 -0.010815
5.261070 -0.005414
5.266071 0.001666
5.271072 0.008692
5.276073 0.013767
5.281074 0.015310
5.286075 0.012531
5.291076 0.005748
5.296077 -0.003557
5.301078 -0.013007
5.306079 -0.019919
5.311080 -0.022095
5.316081 -0.018543
5.321082 -0.009822
5.326083 0.002126
5.331084 0.014562
5.336085 0.024688
5.341086 0.030346
5.346087 0.030471
5.351088 0.025170
5.356089 0.015437
5.361090 0.002792
5.366091 -0.010865
5.371092 -0.023248
5.376093 -0.031830
5.381094 -0.034374
5.386095 -0.029683
5.391096 -0.018219
5.396097 -0.002245
5.401098 0.014666
5.406099 0.028624
5.411100 0.036517
5.416101 0.036783
5.421102 0.029668
5.426103 0.017037
5.431104 0.001839
5.436105 -0.012670
5.441106 -0.023773
5.446107 -0.029862
5.451108 -0.030583
5.456109 -0.026662
5.461110 -0.019644
5.466111 -0.011539
5.471112 -0.004310
5.476113 0.000753
5.481114 0.003475
5.486115 0.004707
5.491116 0.005679
5.496117 0.007134
5.501118 0.008823
5.506119 0.009715
5.511120 0.008782
5.516121 0.005782
5.521122 0.001543
5.526123 -0.002387
5.531124 -0.004509
5.536125 -0.004170
5.541126 -0.001944
5.546127 0.000689
5.551129 0.002213
5.556130 0.001954
5.561131 0.000402
5.566132 -0.001144
5.571133 -0.001353
5.576134 0.000379
5.581135 0.003577
5.586136 0.006957
5.591137 0.009192
5.596138 0.009634
5.601139 0.008506
5.606140 0.006511
5.611141 0.004227
5.616142 0.001776
5.621143 -0.001070
5.626144 -0.004456
5.631145 -0.008029
5.636146 -0.010873
5.641147 -0.011874
5.646148 -0.010306
5.651149 -0.006222
5.656150 -0.000502
5.661151 0.005409
5.666152 0.009935
5.671153 0.011882
5.676154 0.010900
5.681155 0.007657
5.686156 0.003595
5.691157 0.000322
5.696158 -0.001099
5.701159 -0.000602
5.706160 0.000924
5.711161 0.002136
5.716162 0.001845
5.721163 -0.000571
5.726164 -0.005028
5.731165 -0.010769
5.736166 -0.016498
5.741167 -0.020692
5.746168 -0.022025
5.751169 -0.019759
5.756170 -0.013985
5.761171 -0.005687
5.766172 0.003401
5.771173 0.011170
5.776174 0.015676
5.781175 0.015722
5.786176 0.011307
5.791177 0.003757
5.796178 -0.004624
5.801179 -0.011317
5.806180 -0.014456
5.811181 -0.013422
5.816182 -0.008878
5.821183 -0.002304
5.826184 0.004688
5.831185 0.010899
5.836186 0.015756
5.841187 0.019215
5.846188 0.021474
5.851190 0.022657
5.856191 0.022564
5.861192 0.020655
5.866193 0.016323
5.871194 0.009362
5.876195 0.000386
5.881196 -0.009066
5.886197 -0.016845
5.891198 -0.020845
5.896199 -0.019764
5.901200 -0.013664
5.906201 -0.004061
5.911202 0.006481
5.916203 0.015084
5.921204 0.019311
5.926205 0.017839
5.931206 0.010937
5.936207 0.000597
5.941208 -0.010027
5.946209 -0.017817
5.951210 -0.020949
5.956211 -0.019398
5.961212 -0.014452
5.966213 -0.007764
5.971214 -0.000708
5.976215 0.005639
5.981216 0.010237
5.986217 0.012010
5.991218 0.010166
5.996219 0.004714
6.001220 -0.003210
6.006221 -0.011458
6.011222 -0.017486
6.016223 -0.019232
6.021224 -0.015890
6.026225 -0.008270
6.031226 0.001422
6.036227 0.010324
6.041228 0.015908
6.046229 0.016830
6.051230 0.013286
6.056231 0.006728
6.061232 -0.000857
6.066233 -0.007689
6.071234 -0.012614
6.076235 -0.015103
6.081236 -0.015067
6.086237 -0.012694
6.091238 -0.008446
6.096239 -0.003106
6.101240 0.002282
6.106241 0.006658
6.111242 0.009254
6.116243 0.009792
6.121244 0.008492
6.126245 0.005929
6.131246 0.002834
6.136247 -0.000095
6.141248 -0.002367
6.146249 -0.003822
6.151251 -0.004642
6.156252 -0.005149
6.161253 -0.005526
6.166254 -0.005676
6.171255 -0.005377
6.176256 -0.004558
6.181257 -0.003393
6.186258 -0.002166
6.191259 -0.001142
6.196260 -0.000653
6.201261 -0.001212
6.206262 -0.003322
6.211263 -0.006996
6.216264 -0.011450
6.221265 -0.015354
6.226266 -0.017498
6.231267 -0.017337
6.236268 -0.015057
6.241269 -0.011250
6.246270 -0.006543
6.251271 -0.001451
6.256272 0.003541
6.261273 0.007861
6.266274 0.010852
6.271275 0.011930
6.276276 0.010762
6.281277 0.007369
6.286278 0.002176
6.291279 -0.003969
6.296280 -0.009864
6.301281 -0.014155
6.306282 -0.015646
6.311283 -0.013569
6.316284 -0.007796
6.321285 0.000998
6.326286 0.011274
6.331287 0.020849
6.336288 0.027487
6.341289 0.029660
6.346290 0.027099
6.351291 0.020813
6.356292 0.012597
6.361293 0.004330
6.366294 -0.002559
6.371295 -0.007279
6.376296 -0.009578
6.381297 -0.009508
6.386298 -0.007250
6.391299 -0.003136
6.396300 0.002136
6.401301 0.007263
6.406302 0.010428
6.411303 0.009859
6.416304 0.004635
6.421305 -0.004733
6.426306 -0.016283
6.431307 -0.027128
6.436308 -0.034314
6.441309 -0.035741
6.446310 -0.030895
6.451312 -0.021092
6.456313 -0.009045
6.461314 0.002123
6.466315 0.009968
6.471316 0.013404
6.476317 0.012787
6.481318 0.009507
6.486319 0.005322
6.491320 0.001698
6.496321 -0.000606
6.501322 -0.001577
6.506323 -0.001709
6.511324 -0.001613
6.516325 -0.001633
6.521326 -0.001605
6.526327 -0.000920
6.531328 0.001094
6.536329 0.004707
6.541330 0.009522
6.546331 0.014559
6.551332 0.018601
6.556333 0.020665
6.561334 0.020425
6.566335 0.018357
6.571336 0.015485
6.576337 0.012850
6.581338 0.011060
6.586339 0.010209
6.591340 0.010136
6.596341 0.010736
6.601342 0.011976
6.606343 0.013583
6.611344 0.014710
6.616345 0.013952
6.621346 0.009813
6.626347 0.001416
6.631348 -0.010922
6.636349 -0.025493
6.641350 -0.039499
6.646351 -0.049839
6.651352 -0.054189
6.656353 -0.051936
6.661354 -0.044476
6.666355 -0.034670
6.671356 -0.025700
6.676357 -0.019859
6.681358 -0.017768
6.686359 -0.018292
6.691360 -0.019103
6.696361 -0.017673
6.701362 -0.012330
6.706363 -0.002990
6.711364 0.008777
6.716365 0.020481
6.721366 0.029915
6.726367 0.036142
6.731368 0.039641
6.736369 0.041560
6.741370 0.042689
6.746371 0.042911
6.751373 0.041465
6.756374 0.037722
6.761375 0.031871
6.766376 0.025017
6.771377 0.018652
6.776378 0.013880
6.781379 0.010899
6.786380 0.009041
6.791381 0.007300
6.796382 0.005036
6.801383 0.002420
6.806384 0.000346
6.811385 -0.000182
6.816386 0.001208
6.821387 0.003848
6.826388 0.006185
6.831389 0.006407
6.836390 0.003274
6.841391 -0.003205
6.846392 -0.011605
6.851393 -0.019635
6.856394 -0.025194
6.861395 -0.027398
6.866396 -0.026983
6.871397 -0.025887
6.876398 -0.026250
6.881399 -0.029338
6.886400 -0.034921
6.891401 -0.041378
6.896402 -0.046420
6.901403 -0.048000
6.906404 -0.045041
6.911405 -0.037756
6.916406 -0.027572
6.921407 -0.016675
6.926408 -0.007260
6.931409 -0.000745
6.936410 0.002740
6.941411 0.004329
6.946412 0.005851
6.951413 0.008968
6.956414 0.014417
6.961415 0.021697
6.966416 0.029310
6.971417 0.035465
6.976418 0.038923
6.981419 0.039538
6.986420 0.038110
6.991421 0.035561
6.996422 0.031974
7.001423 0.026230
7.006424 0.016671
7.011425 0.002492
7.016426 -0.015067
7.021427 -0.032653
7.026428 -0.046127
7.031429 -0.052558
7.036430 -0.051626
7.041431 -0.045577
7.046432 -0.037834
7.051434 -0.031182
7.056435 -0.026590
7.061436 -0.023187
7.066437 -0.019208
7.071438 -0.013238
7.076439 -0.005033
7.081440 0.004446
7.086441 0.013686
7.091442 0.021490
7.096443 0.027513
7.101444 0.032143
7.106445 0.035897
7.111446 0.038838
7.116447 0.040488
7.121448 0.040267
7.126449 0.038024
7.131450 0.034193
7.136451 0.029473
7.141452 0.024366
7.146453 0.018974
7.151454 0.013149
7.156455 0.006763
7.161456 -0.000152
7.166457 -0.007430
7.171458 -0.014829
7.176459 -0.022022
7.181460 -0.028541
7.186461 -0.033782
7.191462 -0.037101
7.196463 -0.037950
7.201464 -0.036078
7.206465 -0.031776
7.211466 -0.026019
7.216467 -0.020250
7.221468 -0.015795
7.226469 -0.013246
7.231470 -0.012268
7.236471 -0.011974
7.241472 -0.011592
7.246473 -0.010935
7.251474 -0.010377
7.256475 -0.010381
7.261476 -0.010926
7.266477 -0.011214
7.271478 -0.009855
7.276479 -0.005480
7.281480 0.002451
7.286481 0.013082
7.291482 0.024239
7.296483 0.033297
7.301484 0.038463
7.306485 0.039687
7.311486 0.038602
7.316487 0.037579
7.321488 0.038609
7.326489 0.042641
7.331490 0.049501
7.336491 0.058123
7.341492 0.066876
7.346493 0.073953
7.351495 0.077844
7.356496 0.077776
7.361497 0.073906
7.366498 0.067166
7.371499 0.058882
7.376500 0.050345
7.381501 0.042482
7.386502 0.035662
7.391503 0.029609
7.396504 0.023381
7.401505 0.015447
7.406506 0.003951
7.411507 -0.012766
7.416508 -0.035449
7.421509 -0.063286
7.426510 -0.093687
7.431511 -0.122711
7.436512 -0.146062
7.441513 -0.160273
7.446514 -0.163598
7.451515 -0.156275
7.456516 -0.140167
7.461517 -0.118025
7.466518 -0.092733
7.471519 -0.066761
7.476520 -0.041894
7.481521 -0.019191
7.486522 0.000935
7.491523 0.018622
7.496524 0.034451
7.501525 0.049267
7.506526 0.063833
7.511527 0.078343
7.516528 0.092061
7.521529 0.103395
7.526530 0.110591
7.531531 0.112750
7.536532 0.110550
7.541533 0.106149
7.546534 0.102258
7.551535 0.100994
7.556536 0.103212
7.561537 0.108606
7.566538 0.116304
7.571539 0.125441
7.576540 0.135350
7.581541 0.145420
7.586542 0.154917
7.591543 0.162987
7.596544 0.168825
7.601545 0.171827
7.606546 0.171624
7.611547 0.167976
7.616548 0.160633
7.621549 0.149328
7.626550 0.133951
7.631551 0.114862
7.636552 0.093091
7.641553 0.070199
7.646554 0.047809
7.651556 0.027050
7.656557 0.008270
7.661558 -0.008845
7.666559 -0.024888
7.671560 -0.040376
7.676561 -0.055555
7.681562 -0.070347
7.686563 -0.084316
7.691564 -0.096648
7.696565 -0.106193
7.701566 -0.111606
7.706567 -0.111561
7.711568 -0.104990
7.716569 -0.091378
7.721570 -0.071104
7.726571 -0.045737
7.731572 -0.018085
7.736573 0.008151
7.741574 0.029063
7.746575 0.041335
7.751576 0.042842
7.756577 0.032830
7.761578 0.011629
7.766579 -0.019867
7.771580 -0.060598
7.776581 -0.109394
7.781582 -0.164749
7.786583 -0.224579
7.791584 -0.286180
7.796585 -0.346434
7.801586 -0.402102
7.806587 -0.450036
7.811588 -0.487228
7.816589 -0.510784
7.821590 -0.518000
7.826591 -0.506722
7.831592 -0.476001
7.836593 -0.426843
7.841594 -0.362716
7.846595 -0.289427
7.851596 -0.214171
7.856597 -0.143889
7.861598 -0.083566
7.866599 -0.035218
7.871600 0.001948
7.876601 0.030398
7.881602 0.052807
7.886603 0.070940
7.891604 0.085267
7.896605 0.095294
7.901606 0.100337
7.906607 0.100321
7.911608 0.096228
7.916609 0.090017
7.921610 0.084073
7.926611 0.080508
7.931612 0.080610
7.936613 0.084700
7.941614 0.092377
7.946615 0.102979
7.951617 0.115989
7.956618 0.131194
7.961619 0.148597
7.966620 0.168103
7.971621 0.189093
7.976622 0.210083
7.981623 0.228742
7.986624 0.242399
7.991625 0.248849
7.996626 0.247100
8.001627 0.237729
8.006628 0.222758
8.011629 0.205089
8.016630 0.187599
8.021631 0.172130
8.026632 0.158711
8.031633 0.145390
8.036634 0.128821
8.041635 0.105490
8.046636 0.073158
8.051637 0.032002
8.056638 -0.015008
8.061639 -0.062689
8.066640 -0.104930
8.071641 -0.136156
8.076642 -0.152465
8.081643 -0.152172
8.086644 -0.135728
8.091645 -0.105185
8.096646 -0.063425
8.101647 -0.013484
8.106648 0.041679
8.111649 0.098890
8.116650 0.154217
8.121651 0.202735
8.126652 0.239034
8.131653 0.258470
8.136654 0.258636
8.141655 0.240330
8.146656 0.207479
8.151657 0.165950
8.156658 0.121630
8.161659 0.078523
8.166660 0.037618
8.171661 -0.002941
8.176662 -0.046457
8.181663 -0.095727
8.186664 -0.151460
8.191665 -0.211642
8.196666 -0.271839
8.201667 -0.326010
8.206668 -0.367550
8.211669 -0.390515
8.216670 -0.390879
8.221671 -0.367287
8.226672 -0.320989
8.231673 -0.255187
8.236674 -0.174327
8.241675 -0.083696
8.246676 0.010741
8.251678 0.102514
8.256679 0.184953
8.261680 0.251705
8.266681 0.297542
8.271682 0.319449
8.276683 0.317556
8.281684 0.295305
8.286685 0.258653
8.291686 0.214623
8.296687 0.169641
8.301688 0.128127
8.306689 0.091832
8.311690 0.060132
8.316691 0.030964
8.321692 0.001819
8.326693 -0.029354
8.331694 -0.063210
8.336695 -0.098160
8.341696 -0.130092
8.346697 -0.153157
8.351698 -0.161511
8.356699 -0.151317
8.361700 -0.122116
8.366701 -0.077095
8.371702 -0.022360
8.376703 0.034370
8.381704 0.085226
8.386705 0.123549
8.391706 0.144941
8.396707 0.147802
8.401708 0.133223
8.406709 0.104357
8.411710 0.065563
8.416711 0.021626
8.421712 -0.022878
8.426713 -0.064138
8.431714 -0.099624
8.436715 -0.128363
8.441716 -0.150757
8.446717 -0.167894
8.451718 -0.180656
8.456719 -0.189107
8.461720 -0.192457
8.466721 -0.189553
8.471722 -0.179531
8.476723 -0.162285
8.481724 -0.138559
8.486725 -0.109747
8.491726 -0.077525
8.496727 -0.043496
8.501728 -0.008995
8.506729 0.024830
8.511730 0.056711
8.516731 0.084932
8.521732 0.107290
8.526733 0.121509
8.531734 0.126050
8.536735 0.120968
8.541736 0.108330
8.546737 0.091867
8.551739 0.075887
8.556740 0.063896
8.561741 0.057562
8.566742 0.056460
8.571743 0.058661
8.576744 0.061783
8.581745 0.064010
8.586746 0.064670
8.591747 0.064244
8.596748 0.063911
8.601749 0.064883
8.606750 0.067846
8.611751 0.072747
8.616752 0.078927
8.621753 0.085414
8.626754 0.091122
8.631755 0.094872
8.636756 0.095327
8.641757 0.091046
8.646758 0.080768
8.651759 0.063835
8.656760 0.040511
8.661761 0.012035
8.666762 -0.019580
8.671763 -0.051871
8.676764 -0.082279
8.681765 -0.108549
8.686766 -0.129153
8.691767 -0.143661
8.696768 -0.152930
8.701769 -0.158927
8.706770 -0.164164
8.711771 -0.170837
8.716772 -0.179939
8.721773 -0.190663
8.726774 -0.200349
8.731775 -0.205093
8.736776 -0.200873
8.741777 -0.184882
8.746778 -0.156595
8.751779 -0.118200
8.756780 -0.074222
8.761781 -0.030439
8.766782 0.007555
8.771783 0.035721
8.776784 0.052472
8.781785 0.058856
8.786786 0.057965
8.791787 0.053748
8.796788 0.049687
8.801789 0.047797
8.806790 0.048301
8.811791 0.049966
8.816792 0.050838
8.821793 0.049038
8.826794 0.043369
8.831795 0.033664
8.836796 0.020876
8.841797 0.006951
8.846798 -0.005550
8.851800 -0.014017
8.856801 -0.016401
8.861802 -0.011577
8.866803 0.000623
8.871804 0.019502
8.876805 0.043478
8.881806 0.070046
8.886807 0.096081
8.891808 0.118549
8.896809 0.135304
8.901810 0.145480
8.906811 0.149281
8.911812 0.147390
8.916813 0.140453
8.921814 0.128891
8.926815 0.112974
8.931816 0.092968
8.936817 0.069257
8.941818 0.042513
8.946819 0.013947
8.951820 -0.014531
8.956821 -0.040514
8.961822 -0.061719
8.966823 -0.076737
8.971824 -0.085460
8.976825 -0.088902
8.981826 -0.088532
8.986827 -0.085547
8.991828 -0.080477
8.996829 -0.073275
9.001830 -0.063724
9.006831 -0.051902
9.011832 -0.038515
9.016833 -0.024994
9.021834 -0.013360
9.026835 -0.005836
9.031836 -0.004304
9.036837 -0.009759
9.041838 -0.021923
9.046839 -0.039113
9.051840 -0.058365
9.056841 -0.075821
9.061842 -0.087385
9.066843 -0.089622
9.071844 -0.080679
9.076845 -0.060954
9.081846 -0.033201
9.086847 -0.001944
9.091848 0.027708
9.096849 0.051510
9.101850 0.067318
9.106851 0.075679
9.111852 0.079526
9.116853 0.083044
9.121854 0.090081
9.126855 0.102691
9.131856 0.120380
9.136857 0.140356
9.141858 0.158597
9.146859 0.171254
9.151861 0.175809
9.156862 0.171665
9.161863 0.160132
9.166864 0.143934
9.171865 0.126434
9.176866 0.110748
9.181867 0.098968
9.186868 0.091685
9.191869 0.087947
9.196870 0.085617
9.201871 0.082008
9.206872 0.074677
9.211873 0.062160
9.216874 0.044371
9.221875 0.022467
9.226876 -0.001750
9.231877 -0.026579
9.236878 -0.050898
9.241879 -0.074072
9.246880 -0.095461
9.251881 -0.114008
9.256882 -0.128294
9.261883 -0.137034
9.266884 -0.139588
9.271885 -0.136107
9.276886 -0.127271
9.281887 -0.114003
9.286888 -0.097430
9.291889 -0.079079
9.296890 -0.060943
9.301891 -0.045183
9.306892 -0.033552
9.311893 -0.026909
9.316894 -0.025106
9.321895 -0.027280
9.326896 -0.032281
9.331897 -0.039005
9.336898 -0.046518
9.341899 -0.054045
9.346900 -0.060947
9.351901 -0.066775
9.356902 -0.071405
9.361903 -0.075192
9.366904 -0.079015
9.371905 -0.084148
9.376906 -0.091940
9.381907 -0.103395
9.386908 -0.118772
9.391909 -0.137331
9.396910 -0.157294
9.401911 -0.176062
9.406912 -0.190636
9.411913 -0.198195
9.416914 -0.196692
9.421915 -0.185358
9.426916 -0.164945
9.431917 -0.137578
9.436918 -0.106181
9.441919 -0.073638
9.446920 -0.042003
9.451922 -0.012133
9.456923 0.016081
9.461924 0.043062
9.466925 0.068846
9.471926 0.092721
9.476927 0.113354
9.481928 0.129272
9.486929 0.139424
9.491930 0.143560
9.496931 0.142312
9.501932 0.137022
9.506933 0.129433
9.511934 0.121320
9.516935 0.114130
9.521936 0.108688
9.526937 0.105075
9.531938 0.102733
9.536939 0.100770
9.541940 0.098360
9.546941 0.095092
9.551942 0.091148
9.556943 0.087275
9.561944 0.084541
9.566945 0.083958
9.571946 0.086047
9.576947 0.090491
9.581948 0.096009
9.586949 0.100561
9.591950 0.101860
9.596951 0.098016
9.601952 0.088081
9.606953 0.072304
9.611954 0.052032
9.616955 0.029291
9.621956 0.006207
9.626957 -0.015585
9.631958 -0.035355
9.636959 -0.053350
9.641960 -0.070441
9.646961 -0.087457
9.651962 -0.104470
9.656963 -0.120387
9.661964 -0.133098
9.666965 -0.140133
9.671966 -0.139568
9.676967 -0.130770
9.681968 -0.114684
9.686969 -0.093570
9.691970 -0.070311
9.696971 -0.047547
9.701972 -0.026936
9.706973 -0.008788
9.711974 0.007837
9.716975 0.024577
9.721976 0.042969
9.726977 0.063680
9.731978 0.086015
9.736979 0.107893
9.741980 0.126283
9.746981 0.137989
9.751983 0.140537
9.756984 0.132884
9.761985 0.115754
9.766986 0.091552
9.771987 0.063920
9.776988 0.037044
9.781989 0.014761
9.786990 -0.000370
9.791991 -0.007675
9.796992 -0.008331
9.801993 -0.004739
9.806994 0.000338
9.811995 0.004493
9.816996 0.006087
9.821997 0.004415
9.826998 -0.000289
9.831999 -0.007017
9.837000 -0.014390
9.842001 -0.021167
9.847002 -0.026646
9.852003 -0.030724
9.857004 -0.033701
9.862005 -0.036058
9.867006 -0.038386
9.872007 -0.041384
9.877008 -0.045756
9.882009 -0.051981
9.887010 -0.060085
9.892011 -0.069528
9.897012 -0.079278
9.902013 -0.088026
9.907014 -0.094470
9.912015 -0.097566
9.917016 -0.096652
9.922017 -0.091464
9.927018 -0.082062
9.932019 -0.068767
9.937020 -0.052125
9.942021 -0.032896
9.947022 -0.012039
9.952023 0.009306
9.957024 0.029865
9.962025 0.048403
9.967026 0.064040
9.972027 0.076559
9.977028 0.086493
9.982029 0.094842
9.987030 0.102525
9.992031 0.109884
9.997032 0.116529
10.002033 0.121609
10.007034 0.124258
10.012035 0.123929
10.017036 0.120489
10.022037 0.114148
10.027038 0.105343
10.032039 0.094659
10.037040 0.082719
10.042041 0.070070
10.047042 0.057080
10.052044 0.043924
10.057045 0.030644
10.062046 0.017188
10.067047 0.003377
10.072048 -0.011142
10.077049 -0.026823
10.082050 -0.043946
10.087051 -0.062276
10.092052 -0.080876
10.097053 -0.098242
10.102054 -0.112680
10.107055 -0.122744
10.112056 -0.127525
10.117057 -0.126773
10.122058 -0.120874
10.127059 -0.110774
10.132060 -0.097850
10.137061 -0.083687
10.142062 -0.069780
10.147063 -0.057263
10.152064 -0.046789
10.157065 -0.038602
10.162066 -0.032691
10.167067 -0.028876
10.172068 -0.026785
10.177069 -0.025799
10.182070 -0.025085
10.187071 -0.023793
10.192072 -0.021335
10.197073 -0.017629
10.202074 -0.013187
10.207075 -0.008972
10.212076 -0.006096
10.217077 -0.005403
10.222078 -0.007088
10.227079 -0.010468
10.232080 -0.014045
10.237081 -0.015883
10.242082 -0.014204
10.247083 -0.007983
10.252084 0.002657
10.257085 0.016373
10.262086 0.030891
10.267087 0.043578
10.272088 0.052098
10.277089 0.054965
10.282090 0.051780
10.287091 0.043178
10.292092 0.030531
10.297093 0.015595
10.302094 0.000197
10.307095 -0.013974
10.312096 -0.025494
10.317097 -0.033341
10.322098 -0.037031
10.327099 -0.036710
10.332100 -0.033096
10.337101 -0.027308
10.342102 -0.020676
10.347103 -0.014614
10.352105 -0.010516
10.357106 -0.009590
10.362107 -0.012573
10.367108 -0.019442
10.372109 -0.029257
10.377110 -0.040282
10.382111 -0.050383
10.387112 -0.057562
10.392113 -0.060427
10.397114 -0.058430
10.402115 -0.051859
10.407116 -0.041643
10.412117 -0.029085
10.417118 -0.015597
10.422119 -0.002498
10.427120 0.009109
10.432121 0.018370
10.437122 0.024679
10.442123 0.027700
10.447124 0.027455
10.452125 0.024453
10.457126 0.019711
10.462127 0.014601
10.467128 0.010515
10.472129 0.008483
10.477130 0.008903
10.482131 0.011448
10.487132 0.015165
10.492133 0.018706
10.497134 0.020686
10.502135 0.020097
10.507136 0.016705
10.512137 0.011254
10.517138 0.005350
10.522139 0.000994
10.527140 -0.000073
10.532141 0.003036
10.537142 0.010072
10.542143 0.019759
10.547144 0.030226
10.552145 0.039574
10.557146 0.046406
10.562147 0.050159
10.567148 0.051174
10.572149 0.050526
10.577150 0.049694
10.582151 0.050170
10.587152 0.053089
10.592153 0.058944
10.597154 0.067453
10.602155 0.077613
10.607156 0.087939
10.612157 0.096832
10.617158 0.102965
10.622159 0.105547
10.627160 0.104403
10.632161 0.099898
10.637162 0.092807
10.642163 0.084195
10.647164 0.075294
10.652166 0.067321
10.657167 0.061252
10.662168 0.057584
10.667169 0.056205
10.672170 0.056409
10.677171 0.057059
10.682172 0.056836
10.687173 0.054498
10.692174 0.049060
10.697175 0.039859
10.702176 0.026535
10.707177 0.009000
10.712178 -0.012516
10.717179 -0.037370
10.722180 -0.064427
10.727181 -0.092122
10.732182 -0.118680
10.737183 -0.142412
10.742184 -0.161943
10.747185 -0.176305
10.752186 -0.184918
10.757187 -0.187530
10.762188 -0.184184
10.767189 -0.175221
10.772190 -0.161273
10.777191 -0.143235
10.782192 -0.122191
10.787193 -0.099294
10.792194 -0.075656
10.797195 -0.052253
10.802196 -0.029898
10.807197 -0.009264
10.812198 0.009057
10.817199 0.024513
10.822200 0.036619
10.827201 0.045017
10.832202 0.049537
10.837203 0.050183
10.842204 0.047057
10.847205 0.040282
10.852206 0.030006
10.857207 0.016505
10.862208 0.000374
10.867209 -0.017334
10.872210 -0.035112
10.877211 -0.051191
10.882212 -0.063854
10.887213 -0.071736
10.892214 -0.074029
10.897215 -0.070532
10.902216 -0.061592
10.907217 -0.047972
10.912218 -0.030682
10.917219 -0.010835
10.922220 0.010445
10.927221 0.032033
10.932222 0.052766
10.937223 0.071409
10.942224 0.086715
10.947225 0.097594
10.952227 0.103350
10.957228 0.103876
10.962229 0.099688
10.967230 0.091791
10.972231 0.081391
10.977232 0.069566
10.982233 0.057035
10.987234 0.044101
10.992235 0.030777
10.997236 0.016999
11.002237 0.002887
11.007238 -0.011021
11.012239 -0.023652
11.017240 -0.033493
11.022241 -0.038908
11.027242 -0.038560
11.032243 -0.031812
11.037244 -0.018982
11.042245 -0.001411
11.047246 0.018681
11.052247 0.038566
11.057248 0.055526
11.062249 0.067426
11.067250 0.073135
11.072251 0.072649
11.077252 0.066875
11.082253 0.057174
11.087254 0.044889
11.092255 0.031029
11.097256 0.016172
11.102257 0.000541
11.107258 -0.015833
11.112259 -0.032906
11.117260 -0.050430
11.122261 -0.067826
11.127262 -0.084178
11.132263 -0.098387
11.137264 -0.109435
11.142265 -0.116635
11.147266 -0.119761
11.152267 -0.118986
11.157268 -0.114686
11.162269 -0.107229
11.167270 -0.096844
11.172271 -0.083615
11.177272 -0.067587
11.182273 -0.048928
11.187274 -0.028099
11.192275 -0.005948
11.197276 0.016312
11.202277 0.037240
11.207278 0.055391
11.212279 0.069547
11.217280 0.078913
11.222281 0.083234
11.227282 0.082807
11.232283 0.078415
11.237284 0.071190
11.242285 0.062407
11.247286 0.053237
11.252288 0.044510
11.257289 0.036588
11.262290 0.029418
11.267291 0.022752
11.272292 0.016380
11.277293 0.010257
11.282294 0.004448
11.287295 -0.001007
11.292296 -0.006202
11.297297 -0.011342
11.302298 -0.016615
11.307299 -0.022063
11.312300 -0.027505
11.317301 -0.032524
11.322302 -0.036507
11.327303 -0.038733
11.332304 -0.038530
11.337305 -0.035477
11.342306 -0.029600
11.347307 -0.021473
11.352308 -0.012136
11.357309 -0.002851
11.362310 0.005259
11.367311 0.011549
11.372312 0.016059
11.377313 0.019510
11.382314 0.023075
11.387315 0.027983
11.392316 0.035085
11.397317 0.044547
11.402318 0.055773
11.407319 0.067570
11.412320 0.078477
11.417321 0.087121
11.422322 0.092526
11.427323 0.094282
11.432324 0.092554
11.437325 0.087937
11.442326 0.081251
11.447327 0.073345
11.452328 0.064945
11.457329 0.056553
11.462330 0.048397
11.467331 0.040481
11.472332 0.032740
11.477333 0.025230
11.482334 0.018216
11.487335 0.012053
11.492336 0.006938
11.497337 0.002741
11.502338 -0.001002
11.507339 -0.004951
11.512340 -0.009803
11.517341 -0.016162
11.522342 -0.024391
11.527343 -0.034446
11.532344 -0.045735
11.537345 -0.057165
11.542346 -0.067404
11.547347 -0.075273
11.552349 -0.080041
11.557350 -0.081490
11.562351 -0.079781
11.567352 -0.075263
11.572353 -0.068369
11.577354 -0.059584
11.582355 -0.049426
11.587356 -0.038366
11.592357 -0.026767
11.597358 -0.014894
11.602359 -0.003014
11.607360 0.008486
11.612361 0.019079
11.617362 0.028165
11.622363 0.035200
11.627364 0.039779
11.632365 0.041666
11.637366 0.040803
11.642367 0.037339
11.647368 0.031638
11.652369 0.024194
11.657370 0.015440
11.662371 0.005568
11.667372 -0.005508
11.672373 -0.017980
11.677374 -0.031893
11.682375 -0.046957
11.687376 -0.062551
11.692377 -0.077880
11.697378 -0.092195
11.702379 -0.104926
11.707380 -0.115704
11.712381 -0.124296
11.717382 -0.130524
11.722383 -0.134214
11.727384 -0.135194
11.732385 -0.133330
11.737386 -0.128619
11.742387 -0.121296
11.747388 -0.111921
11.752389 -0.101385
11.757390 -0.090804
11.762391 -0.081336
11.767392 -0.073992
11.772393 -0.069480
11.777394 -0.068119
11.782395 -0.069812
11.787396 -0.074063
11.792397 -0.080040
11.797398 -0.086693
11.802399 -0.092931
11.807400 -0.097783
11.812401 -0.100514
11.817402 -0.100644
11.822403 -0.097895
11.827404 -0.092132
11.832405 -0.083310
11.837406 -0.071460
11.842407 -0.056698
11.847408 -0.039233
11.852410 -0.019382
11.857411 0.002447
11.862412 0.025802
11.867413 0.050246
11.872414 0.075419
11.877415 0.101036
11.882416 0.126793
11.887417 0.152238
11.892418 0.176648
11.897419 0.199021
11.902420 0.218206
11.907421 0.233116
11.912422 0.242957
11.917423 0.247373
11.922424 0.246486
11.927425 0.240813
11.932426 0.231109
11.937427 0.218174
11.942428 0.202714
11.947429 0.185259
11.952430 0.166185
11.957431 0.145797
11.962432 0.124458
11.967433 0.102677
11.972434 0.081126
11.977435 0.060565
11.982436 0.041727
11.987437 0.025201
11.992438 0.011335
11.997439 0.000191
12.002440 -0.008421
12.007441 -0.014833
12.012442 -0.019377
12.017443 -0.022283
12.022444 -0.023678
12.027445 -0.023645
12.032446 -0.022264
12.037447 -0.019607
12.042448 -0.015703
12.047449 -0.010562
12.052450 -0.004249
12.057451 0.003022
12.062452 0.010880
12.067453 0.018883
12.072454 0.026625
12.077455 0.033813
12.082456 0.040252
12.087457 0.045802
12.092458 0.050327
12.097459 0.053685
12.102460 0.055735
12.107461 0.056360
12.112462 0.055501
12.117463 0.053232
12.122464 0.049828
12.127465 0.045782
12.132466 0.041706
12.137467 0.038136
12.142468 0.035345
12.147469 0.033261
12.152471 0.031548
12.157472 0.029796
12.162473 0.027726
12.167474 0.025303
12.172475 0.022736
12.177476 0.020375
12.182477 0.018549
12.187478 0.017423
12.192479 0.016888
12.197480 0.016556
12.202481 0.015848
12.207482 0.014124
12.212483 0.010817
12.217484 0.005501
12.222485 -0.002068
12.227486 -0.011918
12.232487 -0.023808
12.237488 -0.037189
12.242489 -0.051243
12.247490 -0.064993
12.252491 -0.077470
12.257492 -0.087884
12.262493 -0.095722
12.267494 -0.100785
12.272495 -0.103161
12.277496 -0.103186
12.282497 -0.101372
12.287498 -0.098318
12.292499 -0.094621
12.297500 -0.090796
12.302501 -0.087236
12.307502 -0.084202
12.312503 -0.081858
12.317504 -0.080323
12.322505 -0.079710
12.327506 -0.080118
12.332507 -0.081571
12.337508 -0.083945
12.342509 -0.086929
12.347510 -0.090031
12.352511 -0.092646
12.357512 -0.094166
12.362513 -0.094099
12.367514 -0.092160
12.372515 -0.088291
12.377516 -0.082638
12.382517 -0.075506
12.387518 -0.067318
12.392519 -0.058574
12.397520 -0.049817
12.402521 -0.041601
12.407522 -0.034473
12.412523 -0.028922
12.417524 -0.025319
12.422525 -0.023845
12.427526 -0.024482
12.432527 -0.027072
12.437528 -0.031407
12.442529 -0.037268
12.447531 -0.044408
12.452532 -0.052505
12.457533 -0.061159
12.462534 -0.069932
12.467535 -0.078368
12.472536 -0.085958
12.477537 -0.092061
12.482538 -0.095882
12.487539 -0.096553
12.492540 -0.093287
12.497541 -0.085529
12.502542 -0.073041
12.507543 -0.055913
12.512544 -0.034543
12.517545 -0.009611
12.522546 0.017949
12.527547 0.047015
12.532548 0.076398
12.537549 0.104988
12.542550 0.131864
12.547551 0.156339
12.552552 0.177946
12.557553 0.196388
12.562554 0.211471
12.567555 0.223025
12.572556 0.230848
12.577557 0.234688
12.582558 0.234291
12.587559 0.229489
12.592560 0.220277
12.597561 0.206854
12.602562 0.189618
12.607563 0.169136
12.612564 0.146110
12.617565 0.121341
12.622566 0.095686
12.627567 0.069978
12.632568 0.044941
12.637569 0.021133
12.642570 -0.001074
12.647571 -0.021478
12.652572 -0.040003
12.657573 -0.056661
12.662574 -0.071499
12.667575 -0.084554
12.672576 -0.095804
12.677577 -0.105150
12.682578 -0.112452
12.687579 -0.117612
12.692580 -0.120660
12.697581 -0.121782
12.702582 -0.121287
12.707583 -0.119545
12.712584 -0.116938
12.717585 -0.113843
12.722586 -0.110613
12.727587 -0.107563
12.732588 -0.104946
12.737589 -0.102921
12.742590 -0.101504
12.747592 -0.100518
12.752593 -0.099574
12.757594 -0.098101
12.762595 -0.095437
12.767596 -0.090962
12.772597 -0.084235
12.777598 -0.075066
12.782599 -0.063521
12.787600 -0.049863
12.792601 -0.034469
12.797602 -0.017744
12.802603 -0.000062
12.807604 0.018270
12.812605 0.036985
12.817606 0.055811
12.822607 0.074403
12.827608 0.092285
12.832609 0.108816
12.837610 0.123202
12.842611 0.134600
12.847612 0.142272
12.852613 0.145706
12.857614 0.144683
12.862615 0.139280
12.867616 0.129868
12.872617 0.117097
12.877618 0.101851
12.882619 0.085136
12.887620 0.067922
12.892621 0.050989
12.897622 0.034839
12.902623 0.019729
12.907624 0.005772
12.912625 -0.006931
12.917626 -0.018210
12.922627 -0.027810
12.927628 -0.035447
12.932629 -0.040902
12.937630 -0.044132
12.942631 -0.045323
12.947632 -0.044879
12.952633 -0.043348
12.957634 -0.041334
12.962635 -0.039404
12.967636 -0.038024
12.972637 -0.037535
12.977638 -0.038159
12.982639 -0.040021
12.987640 -0.043157
12.992641 -0.047493
12.997642 -0.052831
13.002643 -0.058854
13.007644 -0.065151
13.012645 -0.071240
13.017646 -0.076594
13.022647 -0.080664
13.027648 -0.082927
13.032649 -0.082951
13.037650 -0.080463
13.042651 -0.075390
13.047653 -0.067834
13.052654 -0.058002
13.057655 -0.046133
13.062656 -0.032454
13.067657 -0.017174
13.072658 -0.000502
13.077659 0.017314
13.082660 0.035943
13.087661 0.054942
13.092662 0.073752
13.097663 0.091734
13.102664 0.108234
13.107665 0.122693
13.112666 0.134756
13.117667 0.144349
13.122668 0.151689
13.127669 0.157216
13.132670 0.161452
13.137671 0.164842
13.142672 0.167592
13.147673 0.169596
13.152674 0.170445
13.157675 0.169534
13.162676 0.166212
13.167677 0.159932
13.172678 0.150385
13.177679 0.137582
13.182680 0.121863
13.187681 0.103846
13.192682 0.084320
13.197683 0.064131
13.202684 0.044063
13.207685 0.024765
13.212686 0.006694
13.217687 -0.009893
13.222688 -0.024910
13.227689 -0.038399
13.232690 -0.050455
13.237691 -0.061173
13.242692 -0.070606
13.247693 -0.078783
13.252694 -0.085735
13.257695 -0.091535
13.262696 -0.096312
13.267697 -0.100248
13.272698 -0.103539
13.277699 -0.106371
13.282700 -0.108883
13.287701 -0.111162
13.292702 -0.113243
13.297703 -0.115132
13.302704 -0.116826
13.307705 -0.118331
13.312706 -0.119659
13.317707 -0.120802
13.322708 -0.121713
13.327709 -0.122306
13.332710 -0.122470
13.337711 -0.122076
13.342712 -0.120980
13.347714 -0.119040
13.352715 -0.116119
13.357716 -0.112093
13.362717 -0.106856
13.367718 -0.100330
13.372719 -0.092485
13.377720 -0.083368
13.382721 -0.073110
13.387722 -0.061937
13.392723 -0.050171
13.397724 -0.038224
13.402725 -0.026585
13.407726 -0.015790
13.412727 -0.006374
13.417728 0.001202
13.422729 0.006626
13.427730 0.009797
13.432731 0.010823
13.437732 0.009980
13.442733 0.007639
13.447734 0.004220
13.452735 0.000163
13.457736 -0.004066
13.462737 -0.007991
13.467738 -0.011153
13.472739 -0.013161
13.477740 -0.013730
13.482741 -0.012688
13.487742 -0.009962
13.492743 -0.005556
13.497744 0.000453
13.502745 0.007927
13.507746 0.016670
13.512747 0.026450
13.517748 0.037016
13.522749 0.048111
13.527750 0.059463
13.532751 0.070762
13.537752 0.081643
13.542753 0.091708
13.547754 0.100583
13.552755 0.107984
13.557756 0.113761
13.562757 0.117892
13.567758 0.120449
13.572759 0.121535
13.577760 0.121218
13.582761 0.119508
13.587762 0.116345
13.592763 0.111640
13.597764 0.105325
13.602765 0.097429
13.607766 0.088144
13.612767 0.077854
13.617768 0.067101
13.622769 0.056487
13.627770 0.046563
13.632771 0.037730
13.637772 0.030199
13.642773 0.024019
13.647775 0.019140
13.652776 0.015494
13.657777 0.013037
13.662778 0.011748
13.667779 0.011596
13.672780 0.012495
13.677781 0.014278
13.682782 0.016678
13.687783 0.019332
13.692784 0.021806
13.697785 0.023623
13.702786 0.024301
13.707787 0.023410
13.712788 0.020631
13.717789 0.015814
13.722790 0.009017
13.727791 0.000519
13.732792 -0.009184
13.737793 -0.019423
13.742794 -0.029434
13.747795 -0.038460
13.752796 -0.045851
13.757797 -0.051136
13.762798 -0.054056
13.767799 -0.054541
13.772800 -0.052663
13.777801 -0.048573
13.782802 -0.042460
13.787803 -0.034534
13.792804 -0.025040
13.797805 -0.014282
13.802806 -0.002664
13.807807 0.009299
13.812808 0.020983
13.817809 0.031702
13.822810 0.040757
13.827811 0.047509
13.832812 0.051458
13.837813 0.052315
13.842814 0.050035
13.847815 0.044798
13.852816 0.036955
13.857817 0.026955
13.862818 0.015291
13.867819 0.002469
13.872820 -0.010993
13.877821 -0.024554
13.882822 -0.037663
13.887823 -0.049778
13.892824 -0.060409
13.897825 -0.069141
13.902826 -0.075671
13.907827 -0.079839
13.912828 -0.081658
13.917829 -0.081326
13.922830 -0.079211
13.927831 -0.075814
13.932832 -0.071710
13.937833 -0.067476
13.942834 -0.063624
13.947836 -0.060567
13.952837 -0.058590
13.957838 -0.057842
13.962839 -0.058351
13.967840 -0.060041
13.972841 -0.062760
13.977842 -0.066308
13.982843 -0.070451
13.987844 -0.074957
13.992845 -0.079607
13.997846 -0.084189
14.002847 -0.088465
14.007848 -0.092125
14.012849 -0.094763
14.017850 -0.095896
14.022851 -0.095045
14.027852 -0.091848
14.032853 -0.086161
14.037854 -0.078097
14.042855 -0.068004
14.047856 -0.056398
14.052857 -0.043895
14.057858 -0.031135
14.062859 -0.018716
14.067860 -0.007141
14.072861 0.003219
14.077862 0.012140
14.082863 0.019549
14.087864 0.025497
14.092865 0.030127
14.097866 0.033616
14.102867 0.036125
14.107868 0.037769
14.112869 0.038624
14.117870 0.038772
14.122871 0.038349
14.127872 0.037576
14.132873 0.036761
14.137874 0.036278
14.142875 0.036531
14.147876 0.037896
14.152877 0.040662
14.157878 0.044978
14.162879 0.050826
14.167880 0.058023
14.172881 0.066240
14.177882 0.075034
14.182883 0.083906
14.187884 0.092346
14.192885 0.099872
14.197886 0.106043
14.202887 0.110462
14.207888 0.112794
14.212889 0.112784
14.217890 0.110295
14.222891 0.105354
14.227892 0.098192
14.232893 0.089254
14.237894 0.079166
14.242895 0.068669
14.247897 0.058523
14.252898 0.049404
14.257899 0.041812
14.262900 0.036027
14.267901 0.032098
14.272902 0.029891
14.277903 0.029160
14.282904 0.029624
14.287905 0.031044
14.292906 0.033248
14.297907 0.036121
14.302908 0.039562
14.307909 0.043416
14.312910 0.047432
14.317911 0.051236
14.322912 0.054364
14.327913 0.056333
14.332914 0.056725
14.337915 0.055252
14.342916 0.051781
14.347917 0.046330
14.352918 0.039052
14.357919 0.030208
14.362920 0.020138
14.367921 0.009201
14.372922 -0.002297
14.377923 -0.014165
14.382924 -0.026349
14.387925 -0.038889
14.392926 -0.051834
14.397927 -0.065150
14.402928 -0.078664
14.407929 -0.092056
14.412930 -0.104903
14.417931 -0.116741
14.422932 -0.127136
14.427933 -0.135737
14.432934 -0.142307
14.437935 -0.146732
14.442936 -0.149014
14.447937 -0.149229
14.452938 -0.147483
14.457939 -0.143864
14.462940 -0.138417
14.467941 -0.131144
14.472942 -0.122016
14.477943 -0.111003
14.482944 -0.098102
14.487945 -0.083359
14.492946 -0.066889
14.497947 -0.048909
14.502948 -0.029761
14.507949 -0.009925
14.512950 0.010015
14.517951 0.029439
14.522952 0.047764
14.527953 0.064509
14.532954 0.079333
14.537955 0.092027
14.542956 0.102490
14.547958 0.110701
14.552959 0.116693
14.557960 0.120532
14.562961 0.122302
14.567962 0.122091
14.572963 0.120005
14.577964 0.116195
14.582965 0.110891
14.587966 0.104400
14.592967 0.097068
14.597968 0.089223
14.602969 0.081120
14.607970 0.072934
14.612971 0.064766
14.617972 0.056673
14.622973 0.048693
14.627974 0.040854
14.632975 0.033197
14.637976 0.025781
14.642977 0.018674
14.647978 0.011933
14.652979 0.005577
14.657980 -0.000413
14.662981 -0.006088
14.667982 -0.011502
14.672983 -0.016687
14.677984 -0.021629
14.682985 -0.026248
14.687986 -0.030398
14.692987 -0.033886
14.697988 -0.036486
14.702989 -0.037975
14.707990 -0.038178
14.712991 -0.037010
14.717992 -0.034515
14.722993 -0.030868
14.727994 -0.026358
14.732995 -0.021352
14.737996 -0.016255
14.742997 -0.011470
14.747998 -0.007351
14.752999 -0.004170
14.758000 -0.002078
14.763001 -0.001101
14.768002 -0.001173
14.773003 -0.002197
14.778004 -0.004098
14.783005 -0.006865
14.788006 -0.010557
14.793007 -0.015282
14.798008 -0.021153
14.803009 -0.028228
14.808010 -0.036453
14.813011 -0.045632
14.818012 -0.055417
14.823013 -0.065336
14.828014 -0.074860
14.833015 -0.083491
14.838016 -0.090856
14.843017 -0.096761
14.848019 -0.101191
14.853020 -0.104277
14.858021 -0.106225
14.863022 -0.107239
14.868023 -0.107442
14.873024 -0.106825
14.878025 -0.105224
14.883026 -0.102337
14.888027 -0.097782
14.893028 -0.091187
14.898029 -0.082289
14.903030 -0.071027
14.908031 -0.057584
14.913032 -0.042390
14.918033 -0.026068
14.923034 -0.009345
14.928035 0.007059
14.933036 0.022529
14.938037 0.036601
14.943038 0.048973
14.948039 0.059479
14.953040 0.068069
14.958041 0.074794
14.963042 0.079795
14.968043 0.083278
14.973044 0.085462
14.978045 0.086538
14.983046 0.086641
14.988047 0.085874
14.993048 0.084352
14.998049 0.082220
15.003050 0.079639
15.008051 0.076747
15.013052 0.073615
15.018053 0.070243
15.023054 0.066582
15.028055 0.062582
15.033056 0.058228
15.038057 0.053551
15.043058 0.048619
15.048059 0.043513
15.053060 0.038319
15.058061 0.033108
15.063062 0.027926
15.068063 0.022790
15.073064 0.017682
15.078065 0.012565
15.083066 0.007382
15.088067 0.002072
15.093068 -0.003407
15.098069 -0.009060
15.103070 -0.014843
15.108071 -0.020655
15.113072 -0.026348
15.118073 -0.031738
15.123074 -0.036622
15.128075 -0.040782
15.133076 -0.043985
15.138077 -0.045986
15.143078 -0.046546
15.148080 -0.045458
15.153081 -0.042570
15.158082 -0.037802
15.163083 -0.031154
15.168084 -0.022720
15.173085 -0.012695
15.178086 -0.001382
15.183087 0.010813
15.188088 0.023415
15.193089 0.035933
15.198090 0.047897
15.203091 0.058880
15.208092 0.068491
15.213093 0.076376
15.218094 0.082243
15.223095 0.085892
15.228096 0.087243
15.233097 0.086339
15.238098 0.083334
15.243099 0.078465
15.248100 0.072030
15.253101 0.064362
15.258102 0.055803
15.263103 0.046668
15.268104 0.037218
15.273105 0.027660
15.278106 0.018165
15.283107 0.008909
15.288108 0.000098
15.293109 -0.008032
15.298110 -0.015223
15.303111 -0.021226
15.308112 -0.025843
15.313113 -0.028954
15.318114 -0.030551
15.323115 -0.030750
15.328116 -0.029789
15.333117 -0.028006
15.338118 -0.025780
15.343119 -0.023477
15.348120 -0.021412
15.353121 -0.019831
15.358122 -0.018907
15.363123 -0.018758
15.368124 -0.019460
15.373125 -0.021064
15.378126 -0.023600
15.383127 -0.027072
15.388128 -0.031440
15.393129 -0.036605
15.398130 -0.042396
15.403131 -0.048581
15.408132 -0.054906
15.413133 -0.061125
15.418134 -0.067015
15.423135 -0.072354
15.428136 -0.076894
15.433137 -0.080360
15.438138 -0.082465
15.443139 -0.082959
15.448141 -0.081695
15.453142 -0.078675
15.458143 -0.074064
15.463144 -0.068159
15.468145 -0.061339
15.473146 -0.054014
15.478147 -0.046585
15.483148 -0.039398
15.488149 -0.032716
15.493150 -0.026712
15.498151 -0.021484
15.503152 -0.017062
15.508153 -0.013417
15.513154 -0.010461
15.518155 -0.008066
15.523156 -0.006071
15.528157 -0.004300
15.533158 -0.002570
15.538159 -0.000701
15.543160 0.001481
15.548161 0.004119
15.553162 0.007295
15.558163 0.010991
15.563164 0.015088
15.568165 0.019396
15.573166 0.023695
15.578167 0.027779
15.583168 0.031475
15.588169 0.034641
15.593170 0.037150
15.598171 0.038873
15.603172 0.039683
15.608173 0.039476
15.613174 0.038177
15.618175 0.035748
15.623176 0.032193
15.628177 0.027558
15.633178 0.021941
15.638179 0.015486
15.643180 0.008369
15.648181 0.000786
15.653182 -0.007065
15.658183 -0.014987
15.663184 -0.022791
15.668185 -0.030292
15.673186 -0.037317
15.678187 -0.043714
15.683188 -0.049342
15.688189 -0.054063
15.693190 -0.057739
15.698191 -0.060262
15.703192 -0.061580
15.708193 -0.061701
15.713194 -0.060687
15.718195 -0.058614
15.723196 -0.055542
15.728197 -0.051484
15.733198 -0.046398
15.738199 -0.040201
15.743200 -0.032793
15.748202 -0.024099
15.753203 -0.014112
15.758204 -0.002946
15.763205 0.009147
15.768206 0.021789
15.773207 0.034541
15.778208 0.046975
15.783209 0.058738
15.788210 0.069584
15.793211 0.079376
15.798212 0.088043
15.803213 0.095530
15.808214 0.101750
15.813215 0.106556
15.818216 0.109748
15.823217 0.111104
15.828218 0.110444
15.833219 0.107677
15.838220 0.102832
15.843221 0.096041
15.848222 0.087504
15.853223 0.077459
15.858224 0.066173
15.863225 0.053957
15.868226 0.041174
15.873227 0.028240
15.878228 0.015595
15.883229 0.003672
15.888230 -0.007135
15.893231 -0.016486
15.898232 -0.024114
15.903233 -0.029858
15.908234 -0.033702
15.913235 -0.035790
15.918236 -0.036399
15.923237 -0.035882
15.928238 -0.034606
15.933239 -0.032894
15.938240 -0.030999
15.943241 -0.029091
15.948242 -0.027253
15.953243 -0.025488
15.958244 -0.023734
15.963245 -0.021898
15.968246 -0.019892
15.973247 -0.017662
15.978248 -0.015207
15.983249 -0.012593
15.988250 -0.009945
15.993251 -0.007419
15.998252 -0.005168
16.003253 -0.003301
16.008254 -0.001863
16.013255 -0.000814
16.018256 -0.000029
16.023257 0.000689
16.028258 0.001558
16.033259 0.002776
16.038260 0.004483
16.043261 0.006757
16.048263 0.009604
16.053264 0.012949
16.058265 0.016626
16.063266 0.020391
16.068267 0.023960
16.073268 0.027068
16.078269 0.029529
16.083270 0.031261
16.088271 0.032275
16.093272 0.032644
16.098273 0.032471
16.103274 0.031864
16.108275 0.030917
16.113276 0.029685
16.118277 0.028169
16.123278 0.026328
16.128279 0.024098
16.133280 0.021428
16.138281 0.018315
16.143282 0.014831
16.148283 0.011132
16.153284 0.007440
16.158285 0.004002
16.163286 0.001037
16.168287 -0.001306
16.173288 -0.002979
16.178289 -0.004041
16.183290 -0.004642
16.188291 -0.004990
16.193292 -0.005327
16.198293 -0.005892
16.203294 -0.006895
16.208295 -0.008488
16.213296 -0.010750
16.218297 -0.013669
16.223298 -0.017162
16.228299 -0.021097
16.233300 -0.025332
16.238301 -0.029745
16.243302 -0.034229
16.248303 -0.038683
16.253304 -0.042994
16.258305 -0.047053
16.263306 -0.050767
16.268307 -0.054075
16.273308 -0.056952
16.278309 -0.059385
16.283310 -0.061348
16.288311 -0.062776
16.293312 -0.063568
16.298313 -0.063600
16.303314 -0.062741
16.308315 -0.060880
16.313316 -0.057943
16.318317 -0.053918
16.323318 -0.048861
16.328319 -0.042893
16.333320 -0.036191
16.338321 -0.028985
16.343322 -0.021547
16.348324 -0.014169
16.353325 -0.007123
16.358326 -0.000625
16.363327 0.005200
16.368328 0.010314
16.373329 0.014738
16.378330 0.018505
16.383331 0.021633
16.388332 0.024115
16.393333 0.025928
16.398334 0.027040
16.403335 0.027421
16.408336 0.027050
16.413337 0.025924
16.418338 0.024076
16.423339 0.021577
16.428340 0.018545
16.433341 0.015145
16.438342 0.011567
16.443343 0.008015
16.448344 0.004676
16.453345 0.001700
16.458346 -0.000832
16.463347 -0.002919
16.468348 -0.004636
16.473349 -0.006100
16.478350 -0.007442
16.483351 -0.008790
16.488352 -0.010253
16.493353 -0.011910
16.498354 -0.013792
16.503355 -0.015882
16.508356 -0.018114
16.513357 -0.020383
16.518358 -0.022568
16.523359 -0.024547
16.528360 -0.026211
16.533361 -0.027456
16.538362 -0.028163
16.543363 -0.028189
16.548364 -0.027368
16.553365 -0.025525
16.558366 -0.022498
16.563367 -0.018169
16.568368 -0.012478
16.573369 -0.005439
16.578370 0.002869
16.583371 0.012313
16.588372 0.022708
16.593373 0.033831
16.598374 0.045418
16.603375 0.057166
16.608376 0.068732
16.613377 0.079749
16.618378 0.089839
16.623379 0.098625
16.628380 0.105759
16.633381 0.110947
16.638382 0.113974
16.643383 0.114719
16.648385 0.113142
16.653386 0.109284
16.658387 0.103258
16.663388 0.095236
16.668389 0.085441
16.673390 0.074141
16.678391 0.061645
16.683392 0.048307
16.688393 0.034520
16.693394 0.020697
16.698395 0.007245
16.703396 -0.005460
16.708397 -0.017116
16.713398 -0.027517
16.718399 -0.036556
16.723400 -0.044217
16.728401 -0.050551
16.733402 -0.055663
16.738403 -0.059685
16.743404 -0.062762
16.748405 -0.065040
16.753406 -0.066655
16.758407 -0.067714
16.763408 -0.068279
16.768409 -0.068357
16.773410 -0.067910
16.778411 -0.066871
16.783412 -0.065156
16.788413 -0.062682
16.793414 -0.059377
16.798415 -0.055194
16.803416 -0.050117
16.808417 -0.044176
16.813418 -0.037458
16.818419 -0.030108
16.823420 -0.022320
16.828421 -0.014323
16.833422 -0.006371
16.838423 0.001272
16.843424 0.008353
16.848425 0.014645
16.853426 0.019946
16.858427 0.024088
16.863428 0.026951
16.868429 0.028474
16.873430 0.028669
16.878431 0.027613
16.883432 0.025448
16.888433 0.022363
16.893434 0.018576
16.898435 0.014308
16.903436 0.009769
16.908437 0.005145
16.913438 0.000597
16.918439 -0.003735
16.923440 -0.007739
16.928441 -0.011323
16.933442 -0.014425
16.938443 -0.017005
16.943444 -0.019022
16.948446 -0.020422
16.953447 -0.021144
16.958448 -0.021155
16.963449 -0.020462
16.968450 -0.019121
16.973451 -0.017220
16.978452 -0.014871
16.983453 -0.012201
16.988454 -0.009356
16.993455 -0.006501
16.998456 -0.003796
17.003457 -0.001371
17.008458 0.000685
17.013459 0.002322
17.018460 0.003507
17.023461 0.004225
17.028462 0.004494
17.033463 0.004376
17.038464 0.003973
17.043465 0.003408
17.048466 0.002802
17.053467 0.002252
17.058468 0.001823
17.063469 0.001557
17.068470 0.001487
17.073471 0.001638
17.078472 0.002021
17.083473 0.002630
17.088474 0.003436
17.093475 0.004388
17.098476 0.005406
17.103477 0.006377
17.108478 0.007175
17.113479 0.007684
17.118480 0.007815
17.123481 0.007513
17.128482 0.006753
17.133483 0.005528
17.138484 0.003853
17.143485 0.001770
17.148486 -0.000635
17.153487 -0.003241
17.158488 -0.005903
17.163489 -0.008467
17.168490 -0.010779
17.173491 -0.012682
17.178492 -0.014033
17.183493 -0.014723
17.188494 -0.014702
17.193495 -0.013983
17.198496 -0.012632
17.203497 -0.010742
17.208498 -0.008409
17.213499 -0.005701
17.218500 -0.002647
17.223501 0.000750
17.228502 0.004503
17.233503 0.008608
17.238504 0.013017
17.243505 0.017631
17.248507 0.022308
17.253508 0.026899
17.258509 0.031283
17.263510 0.035386
17.268511 0.039161
17.273512 0.042572
17.278513 0.045572
17.283514 0.048101
17.288515 0.050084
17.293516 0.051433
17.298517 0.052039
17.303518 0.051775
17.308519 0.050511
17.313520 0.048160
17.318521 0.044715
17.323522 0.040269
17.328523 0.035005
17.333524 0.029145
17.338525 0.022903
17.343526 0.016436
17.348527 0.009833
17.353528 0.003129
17.358529 -0.003657
17.363530 -0.010503
17.368531 -0.017376
17.373532 -0.024247
17.378533 -0.031092
17.383534 -0.037874
17.388535 -0.044524
17.393536 -0.050922
17.398537 -0.056893
17.403538 -0.062235
17.408539 -0.066754
17.413540 -0.070306
17.418541 -0.072809
17.423542 -0.074234
17.428543 -0.074595
17.433544 -0.073919
17.438545 -0.072232
17.443546 -0.069543
17.448547 -0.065836
17.453548 -0.061081
17.458549 -0.055256
17.463550 -0.048369
17.468551 -0.040473
17.473552 -0.031662
17.478553 -0.022061
17.483554 -0.011803
17.488555 -0.001041
17.493556 0.010030
17.498557 0.021161
17.503558 0.032059
17.508559 0.042439
17.513560 0.052086
17.518561 0.060901
17.523562 0.068897
17.528563 0.076143
17.533564 0.082696
17.538565 0.088545
17.543566 0.093601
17.548568 0.097713
17.553569 0.100707
17.558570 0.102424
17.563571 0.102765
17.568572 0.101713
17.573573 0.099341
17.578574 0.095799
17.583575 0.091286
17.588576 0.086013
17.593577 0.080175
17.598578 0.073928
17.603579 0.067386
17.608580 0.060619
17.613581 0.053646
17.618582 0.046435
17.623583 0.038916
17.628584 0.031023
17.633585 0.022724
17.638586 0.014044
17.643587 0.005072
17.648588 -0.004052
17.653589 -0.013153
17.658590 -0.022043
17.663591 -0.030542
17.668592 -0.038495
17.673593 -0.045799
17.678594 -0.052401
17.683595 -0.058289
17.688596 -0.063464
17.693597 -0.067904
17.698598 -0.071554
17.703599 -0.074332
17.708600 -0.076142
17.713601 -0.076893
17.718602 -0.076525
17.723603 -0.075032
17.728604 -0.072472
17.733605 -0.068968
17.738606 -0.064699
17.743607 -0.059880
17.748608 -0.054729
17.753609 -0.049441
17.758610 -0.044174
17.763611 -0.039049
17.768612 -0.034155
17.773613 -0.029560
17.778614 -0.025306
17.783615 -0.021421
17.788616 -0.017911
17.793617 -0.014778
17.798618 -0.012029
17.803619 -0.009686
17.808620 -0.007783
17.813621 -0.006350
17.818622 -0.005401
17.823623 -0.004925
17.828624 -0.004887
17.833625 -0.005238
17.838626 -0.005931
17.843627 -0.006942
17.848629 -0.008258
17.853630 -0.009857
17.858631 -0.011691
17.863632 -0.013687
17.868633 -0.015762
17.873634 -0.017833
17.878635 -0.019833
17.883636 -0.021714
17.888637 -0.023441
17.893638 -0.024974
17.898639 -0.026262
17.903640 -0.027238
17.908641 -0.027845
17.913642 -0.028054
17.918643 -0.027864
17.923644 -0.027291
17.928645 -0.026342
17.933646 -0.024991
17.938647 -0.023179
17.943648 -0.020838
17.948649 -0.017928
17.953650 -0.014446
17.958651 -0.010428
17.963652 -0.005939
17.968653 -0.001055
17.973654 0.004143
17.978655 0.009574
17.983656 0.015154
17.988657 0.020780
17.993658 0.026337
17.998659 0.031701
18.003660 0.036761
18.008661 0.041426
18.013662 0.045628
18.018663 0.049307
18.023664 0.052394
18.028665 0.054788
18.033666 0.056365
18.038667 0.057011
18.043668 0.056656
18.048669 0.055301
18.053670 0.053013
18.058671 0.049908
18.063672 0.046122
18.068673 0.041791
18.073674 0.037046
18.078675 0.032026
18.083676 0.026880
18.088677 0.021762
18.093678 0.016809
18.098679 0.012137
18.103680 0.007836
18.108681 0.003972
18.113682 0.000589
18.118683 -0.002280
18.123684 -0.004612
18.128685 -0.006404
18.133686 -0.007680
18.138687 -0.008513
18.143688 -0.009022
18.148690 -0.009367
18.153691 -0.009718
18.158692 -0.010219
18.163693 -0.010947
18.168694 -0.011888
18.173695 -0.012946
18.178696 -0.013968
18.183697 -0.014777
18.188698 -0.015210
18.193699 -0.015135
18.198700 -0.014458
18.203701 -0.013105
18.208702 -0.011018
18.213703 -0.008157
18.218704 -0.004498
18.223705 -0.000047
18.228706 0.005153
18.233707 0.011013
18.238708 0.017391
18.243709 0.024100
18.248710 0.030911
18.253711 0.037572
18.258712 0.043818
18.263713 0.049396
18.268714 0.054082
18.273715 0.057684
18.278716 0.060066
18.283717 0.061147
18.288718 0.060911
18.293719 0.059399
18.298720 0.056699
18.303721 0.052934
18.308722 0.048249
18.313723 0.042783
18.318724 0.036655
18.323725 0.029948
18.328726 0.022731
18.333727 0.015086
18.338728 0.007144
18.343729 -0.000912
18.348730 -0.008868
18.353731 -0.016528
18.358732 -0.023752
18.363733 -0.030476
18.368734 -0.036698
18.373735 -0.042446
18.378736 -0.047754
18.383737 -0.052638
18.388738 -0.057094
18.393739 -0.061114
18.398740 -0.064695
18.403741 -0.067838
18.408742 -0.070528
18.413743 -0.072718
18.418744 -0.074328
18.423745 -0.075261
18.428746 -0.075419
18.433747 -0.074724
18.438748 -0.073132
18.443749 -0.070625
18.448751 -0.067217
18.453752 -0.062950
18.458753 -0.057908
18.463754 -0.052230
18.468755 -0.046102
18.473756 -0.039745
18.478757 -0.033374
18.483758 -0.027176
18.488759 -0.021292
18.493760 -0.015827
18.498761 -0.010870
18.503762 -0.006511
18.508763 -0.002842
18.513764 0.000053
18.518765 0.002121
18.523766 0.003360
18.528767 0.003824
18.533768 0.003629
18.538769 0.002924
18.543770 0.001863
18.548771 0.000576
18.553772 -0.000835
18.558773 -0.002288
18.563774 -0.003709
18.568775 -0.005025
18.573776 -0.006154
18.578777 -0.007012
18.583778 -0.007522
18.588779 -0.007627
18.593780 -0.007295
18.598781 -0.006520
18.603782 -0.005326
18.608783 -0.003755
18.613784 -0.001865
18.618785 0.000280
18.623786 0.002622
18.628787 0.005114
18.633788 0.007728
18.638789 0.010443
18.643790 0.013238
18.648791 0.016081
18.653792 0.018932
18.658793 0.021746
18.663794 0.024479
18.668795 0.027093
18.673796 0.029560
18.678797 0.031868
18.683798 0.034012
18.688799 0.035983
18.693800 0.037773
18.698801 0.039377
18.703802 0.040801
18.708803 0.042060
18.713804 0.043180
18.718805 0.044184
18.723806 0.045094
18.728807 0.045920
18.733808 0.046657
18.738809 0.047287
18.743810 0.047772
18.748812 0.048059
18.753813 0.048079
18.758814 0.047765
18.763815 0.047064
18.768816 0.045943
18.773817 0.044388
18.778818 0.042389
18.783819 0.039934
18.788820 0.036989
18.793821 0.033520
18.798822 0.029518
18.803823 0.025026
18.808824 0.020146
18.813825 0.015009
18.818826 0.009746
18.823827 0.004465
18.828828 -0.000748
18.833829 -0.005818
18.838830 -0.010662
18.843831 -0.015184
18.848832 -0.019289
18.853833 -0.022886
18.858834 -0.025888
18.863835 -0.028219
18.868836 -0.029815
18.873837 -0.030647
18.878838 -0.030723
18.883839 -0.030072
18.888840 -0.028726
18.893841 -0.026710
18.898842 -0.024048
18.903843 -0.020785
18.908844 -0.017008
18.913845 -0.012863
18.918846 -0.008545
18.923847 -0.004268
18.928848 -0.000231
18.933849 0.003403
18.938850 0.006519
18.943851 0.009044
18.948852 0.010950
18.953853 0.012244
18.958854 0.012951
18.963855 0.013106
18.968856 0.012742
18.973857 0.011875
18.978858 0.010512
18.983859 0.008663
18.988860 0.006355
18.993861 0.003641
18.998862 0.000598
19.003863 -0.002675
19.008864 -0.006071
19.013865 -0.009482
19.018866 -0.012822
19.023867 -0.016020
19.028868 -0.019012
19.033869 -0.021735
19.038870 -0.024137
19.043871 -0.026192
19.048873 -0.027903
19.053874 -0.029293
19.058875 -0.030376
19.063876 -0.031143
19.068877 -0.031554
19.073878 -0.031560
19.078879 -0.031133
19.083880 -0.030283
19.088881 -0.029062
19.093882 -0.027562
19.098883 -0.025902
19.103884 -0.024212
19.108885 -0.022603
19.113886 -0.021147
19.118887 -0.019878
19.123888 -0.018795
19.128889 -0.017874
19.133890 -0.017079
19.138891 -0.016370
19.143892 -0.015713
19.148893 -0.015075
19.153894 -0.014426
19.158895 -0.013747
19.163896 -0.013016
19.168897 -0.012192
19.173898 -0.011195
19.178899 -0.009921
19.183900 -0.008267
19.188901 -0.006171
19.193902 -0.003633
19.198903 -0.000709
19.203904 0.002494
19.208905 0.005842
19.213906 0.009194
19.218907 0.012415
19.223908 0.015384
19.228909 0.018004
19.233910 0.020209
19.238911 0.021962
19.243912 0.023248
19.248913 0.024065
19.253914 0.024421
19.258915 0.024336
19.263916 0.023833
19.268917 0.022933
19.273918 0.021645
19.278919 0.019970
19.283920 0.017908
19.288921 0.015456
19.293922 0.012629
19.298923 0.009460
19.303924 0.006000
19.308925 0.002307
19.313926 -0.001558
19.318927 -0.005535
19.323928 -0.009566
19.328929 -0.013590
19.333930 -0.017539
19.338931 -0.021334
19.343932 -0.024894
19.348934 -0.028150
19.353935 -0.031052
19.358936 -0.033564
19.363937 -0.035656
19.368938 -0.037292
19.373939 -0.038414
19.378940 -0.038929
19.383941 -0.038721
19.388942 -0.037685
19.393943 -0.035764
19.398944 -0.032971
19.403945 -0.029395
19.408946 -0.025187
19.413947 -0.020526
19.418948 -0.015588
19.423949 -0.010522
19.428950 -0.005453
19.433951 -0.000485
19.438952 0.004290
19.443953 0.008785
19.448954 0.012906
19.453955 0.016569
19.458956 0.019707
19.463957 0.022296
19.468958 0.024355
19.473959 0.025939
19.478960 0.027138
19.483961 0.028060
19.488962 0.028816
19.493963 0.029502
19.498964 0.030195
19.503965 0.030947
19.508966 0.031786
19.513967 0.032713
19.518968 0.033714
19.523969 0.034770
19.528970 0.035852
19.533971 0.036922
19.538972 0.037928
19.543973 0.038817
19.548974 0.039542
19.553975 0.040073
19.558976 0.040411
19.563977 0.040584
19.568978 0.040640
19.573979 0.040624
19.578980 0.040565
19.583981 0.040472
19.588982 0.040328
19.593983 0.040095
19.598984 0.039727
19.603985 0.039185
19.608986 0.038447
19.613987 0.037527
19.618988 0.036469
19.623989 0.035352
19.628990 0.034262
19.633991 0.033263
19.638992 0.032368
19.643993 0.031535
19.648995 0.030673
19.653996 0.029671
19.658997 0.028417
19.663998 0.026817
19.668999 0.024806
19.674000 0.022339
19.679001 0.019388
19.684002 0.015939
19.689003 0.012002
19.694004 0.007621
19.699005 0.002871
19.704006 -0.002142
19.709007 -0.007290
19.714008 -0.012446
19.719009 -0.017498
19.724010 -0.022360
19.729011 -0.026968
19.734012 -0.031277
19.739013 -0.035257
19.744014 -0.038887
19.749015 -0.042151
19.754016 -0.045036
19.759017 -0.047517
19.764018 -0.049555
19.769019 -0.051096
19.774020 -0.052099
19.779021 -0.052559
19.784022 -0.052530
19.789023 -0.052116
19.794024 -0.051443
19.799025 -0.050628
19.804026 -0.049763
19.809027 -0.048903
19.814028 -0.048072
19.819029 -0.047273
19.824030 -0.046487
19.829031 -0.045671
19.834032 -0.044760
19.839033 -0.043680
19.844034 -0.042355
19.849035 -0.040722
19.854036 -0.038719
19.859037 -0.036291
19.864038 -0.033392
19.869039 -0.030006
19.874040 -0.026158
19.879041 -0.021921
19.884042 -0.017401
19.889043 -0.012711
19.894044 -0.007947
19.899045 -0.003188
19.904046 0.001484
19.909047 0.005979
19.914048 0.010203
19.919049 0.014076
19.924050 0.017542
19.929051 0.020566
19.934052 0.023124
19.939053 0.025182
19.944054 0.026691
19.949056 0.027591
19.954057 0.027828
19.959058 0.027370
19.964059 0.026216
19.969060 0.024405
19.974061 0.022021
19.979062 0.019194
19.984063 0.016082
19.989064 0.012856
19.994065 0.009674
19.999066 0.006668
20.004067 0.003937
20.009068 0.001527
20.014069 -0.000568
20.019070 -0.002408
20.024071 -0.004083
20.029072 -0.005682
20.034073 -0.007253
20.039074 -0.008792
20.044075 -0.010255
20.049076 -0.011583
20.054077 -0.012726
20.059078 -0.013650
20.064079 -0.014328
20.069080 -0.014741
20.074081 -0.014882
20.079082 -0.014750
20.084083 -0.014360
20.089084 -0.013733
20.094085 -0.012895
20.099086 -0.011865
20.104087 -0.010658
20.109088 -0.009286
20.114089 -0.007761
20.119090 -0.006092
20.124091 -0.004288
20.129092 -0.002365
20.134093 -0.000346
20.139094 0.001738
20.144095 0.003847
20.149096 0.005925
20.154097 0.007890
20.159098 0.009633
20.164099 0.011039
20.169100 0.012007
20.174101 0.012471
20.179102 0.012422
20.184103 0.011902
20.189104 0.010988
20.194105 0.009763
20.199106 0.008293
20.204107 0.006631
20.209108 0.004833
20.214109 0.002971
20.219110 0.001141
20.224111 -0.000551
20.229112 -0.002009
20.234113 -0.003161
20.239114 -0.003956
20.244115 -0.004375
20.249117 -0.004435
20.254118 -0.004186
20.259119 -0.003697
20.264120 -0.003034
20.269121 -0.002249
20.274122 -0.001381
20.279123 -0.000464
20.284124 0.000478
20.289125 0.001431
20.294126 0.002399
20.299127 0.003392
20.304128 0.004428
20.309129 0.005522
20.314130 0.006681
20.319131 0.007896
20.324132 0.009148
20.329133 0.010412
20.334134 0.011654
20.339135 0.012839
20.344136 0.013928
20.349137 0.014878
20.354138 0.015647
20.359139 0.016194
20.364140 0.016507
20.369141 0.016609
20.374142 0.016558
20.379143 0.016420
20.384144 0.016252
20.389145 0.016087
20.394146 0.015931
20.399147 0.015785
20.404148 0.015660
20.409149 0.015599
20.414150 0.015678
20.419151 0.015988
20.424152 0.016616
20.429153 0.017628
20.434154 0.019057
20.439155 0.020905
20.444156 0.023149
20.449157 0.025756
20.454158 0.028694
20.459159 0.031927
20.464160 0.035406
20.469161 0.039058
20.474162 0.042788
20.479163 0.046474
20.484164 0.049986
20.489165 0.053187
20.494166 0.055950
20.499167 0.058155
20.504168 0.059694
20.509169 0.060470
20.514170 0.060400
20.519171 0.059413
20.524172 0.057464
20.529173 0.054548
20.534174 0.050711
20.539175 0.046051
20.544176 0.040706
20.549178 0.034836
20.554179 0.028606
20.559180 0.022167
20.564181 0.015644
20.569182 0.009134
20.574183 0.002720
20.579184 -0.003507
20.584185 -0.009438
20.589186 -0.014931
20.594187 -0.019824
20.599188 -0.023964
20.604189 -0.027236
20.609190 -0.029597
20.614191 -0.031085
20.619192 -0.031829
20.624193 -0.032019
20.629194 -0.031870
20.634195 -0.031576
20.639196 -0.031270
20.644197 -0.031021
20.649198 -0.030851
20.654199 -0.030763
20.659200 -0.030758
20.664201 -0.030840
20.669202 -0.031010
20.674203 -0.031248
20.679204 -0.031519
20.684205 -0.031781
20.689206 -0.031998
20.694207 -0.032151
20.699208 -0.032235
20.704209 -0.032271
20.709210 -0.032297
20.714211 -0.032367
20.719212 -0.032525
20.724213 -0.032792
20.729214 -0.033167
20.734215 -0.033643
20.739216 -0.034230
20.744217 -0.034972
20.749218 -0.035939
20.754219 -0.037206
20.759220 -0.038824
20.764221 -0.040817
20.769222 -0.043187
20.774223 -0.045915
20.779224 -0.048962
20.784225 -0.052250
20.789226 -0.055659
20.794227 -0.059031
20.799228 -0.062186
20.804229 -0.064953
20.809230 -0.067197
20.814231 -0.068825
20.819232 -0.069784
20.824233 -0.070052
20.829234 -0.069627
20.834235 -0.068523
20.839236 -0.066764
20.844237 -0.064380
20.849239 -0.061400
20.854240 -0.057853
20.859241 -0.053767
20.864242 -0.049183
20.869243 -0.044163
20.874244 -0.038790
20.879245 -0.033162
20.884246 -0.027368
20.889247 -0.021483
20.894248 -0.015558
20.899249 -0.009620
20.904250 -0.003677
20.909251 0.002270
20.914252 0.008218
20.919253 0.014153
20.924254 0.020048
20.929255 0.025868
20.934256 0.031580
20.939257 0.037160
20.944258 0.042586
20.949259 0.047818
20.954260 0.052782
20.959261 0.057370
20.964262 0.061471
20.969263 0.064992
20.974264 0.067869
20.979265 0.070064
20.984266 0.071553
20.989267 0.072308
20.994268 0.072294
20.999269 0.071474
21.004270 0.069849
21.009271 0.067480
21.014272 0.064493
21.019273 0.061049
21.024274 0.057293
21.029275 0.053314
21.034276 0.049142
21.039277 0.044769
21.044278 0.040189
21.049279 0.035425
21.054280 0.030522
21.059281 0.025529
21.064282 0.020494
21.069283 0.015468
21.074284 0.010513
21.079285 0.005718
21.084286 0.001192
21.089287 -0.002952
21.094288 -0.006620
21.099289 -0.009750
21.104290 -0.012307
21.109291 -0.014271
21.114292 -0.015626
21.119293 -0.016370
21.124294 -0.016521
21.129295 -0.016108
21.134296 -0.015165
21.139297 -0.013712
21.144298 -0.011761
21.149300 -0.009331
21.154301 -0.006482
21.159302 -0.003331
21.164303 -0.000049
21.169304 0.003167
21.174305 0.006141
21.179306 0.008733
21.184307 0.010861
21.189308 0.012494
21.194309 0.013649
21.199310 0.014370
21.204311 0.014711
21.209312 0.014723
21.214313 0.014450
21.219314 0.013942
21.224315 0.013272
21.229316 0.012541
21.234317 0.011872
21.239318 0.011375
21.244319 0.011102
21.249320 0.011029
21.254321 0.011053
21.259322 0.011030
21.264323 0.010816
21.269324 0.010300
21.274325 0.009426
21.279326 0.008190
21.284327 0.006628
21.289328 0.004795
21.294329 0.002740
21.299330 0.000481
21.304331 -0.001995
21.309332 -0.004716
21.314333 -0.007690
21.319334 -0.010894
21.324335 -0.014283
21.329336 -0.017798
21.334337 -0.021379
21.339338 -0.024958
21.344339 -0.028458
21.349340 -0.031798
21.354341 -0.034891
21.359342 -0.037644
21.364343 -0.039970
21.369344 -0.041799
21.374345 -0.043093
21.379346 -0.043844
21.384347 -0.044057
21.389348 -0.043734
21.394349 -0.042859
21.399350 -0.041404
21.404351 -0.039359
21.409352 -0.036756
21.414353 -0.033669
21.419354 -0.030204
21.424355 -0.026468
21.429356 -0.022554
21.434357 -0.018529
21.439358 -0.014439
21.444359 -0.010314
21.449361 -0.006179
21.454362 -0.002056
21.459363 0.002032
21.464364 0.006063
21.469365 0.010014
21.474366 0.013859
21.479367 0.017564
21.484368 0.021092
21.489369 0.024414
21.494370 0.027527
21.499371 0.030452
21.504372 0.033226
21.509373 0.035883
21.514374 0.038444
21.519375 0.040918
21.524376 0.043305
21.529377 0.045582
21.534378 0.047682
21.539379 0.049486
21.544380 0.050838
21.549381 0.051572
21.554382 0.051540
21.559383 0.050643
21.564384 0.048842
21.569385 0.046156
21.574386 0.042646
21.579387 0.038400
21.584388 0.033514
21.589389 0.028086
21.594390 0.022205
21.599391 0.015964
21.604392 0.009474
21.609393 0.002866
21.614394 -0.003714
21.619395 -0.010121
21.624396 -0.016226
21.629397 -0.021931
21.634398 -0.027168
21.639399 -0.031905
21.644400 -0.036141
21.649401 -0.039901
21.654402 -0.043227
21.659403 -0.046155
21.664404 -0.048687
21.669405 -0.050778
21.674406 -0.052346
21.679407 -0.053314
21.684408 -0.053646
21.689409 -0.053369
21.694410 -0.052565
21.699411 -0.051352
21.704412 -0.049833
21.709413 -0.048068
21.714414 -0.046065
21.719415 -0.043783
21.724416 -0.041163
21.729417 -0.038151
21.734418 -0.034726
21.739419 -0.030919
21.744420 -0.026811
21.749422 -0.022522
21.754423 -0.018175
21.759424 -0.013879
21.764425 -0.009711
21.769426 -0.005709
21.774427 -0.001886
21.779428 0.001752
21.784429 0.005196
21.789430 0.008430
21.794431 0.011437
21.799432 0.014203
21.804433 0.016731
21.809434 0.019041
21.814435 0.021155
21.819436 0.023080
21.824437 0.024793
21.829438 0.026256
21.834439 0.027434
21.839440 0.028317
21.844441 0.028922
21.849442 0.029300
21.854443 0.029519
21.859444 0.029644
21.864445 0.029719
21.869446 0.029756
21.874447 0.029744
21.879448 0.029664
21.884449 0.029494
21.889450 0.029219
21.894451 0.028827
21.899452 0.028304
21.904453 0.027626
21.909454 0.026766
21.914455 0.025716
21.919456 0.024492
21.924457 0.023148
21.929458 0.021757
21.934459 0.020389
21.939460 0.019089
21.944461 0.017856
21.949462 0.016638
21.954463 0.015353
21.959464 0.013907
21.964465 0.012217
21.969466 0.010231
21.974467 0.007936
21.979468 0.005362
21.984469 0.002564
21.989470 -0.000389
21.994471 -0.003431
21.999472 -0.006495
22.004473 -0.009514
22.009474 -0.012412
22.014475 -0.015110
22.019476 -0.017547
22.024477 -0.019696
22.029478 -0.021563
22.034479 -0.023167
22.039480 -0.024505
22.044481 -0.025533
22.049483 -0.026170
22.054484 -0.026317
22.059485 -0.025894
22.064486 -0.024873
22.069487 -0.023292
22.074488 -0.021253
22.079489 -0.018893
22.084490 -0.016357
22.089491 -0.013768
22.094492 -0.011193
22.099493 -0.008636
22.104494 -0.006049
22.109495 -0.003380
22.114496 -0.000606
22.119497 0.002247
22.124498 0.005115
22.129499 0.007921
22.134500 0.010595
22.139501 0.013090
22.144502 0.015378
22.149503 0.017441
22.154504 0.019261
22.159505 0.020822
22.164506 0.022112
22.169507 0.023115
22.174508 0.023813
22.179509 0.024193
22.184510 0.024259
22.189511 0.024034
22.194512 0.023558
22.199513 0.022872
22.204514 0.022006
22.209515 0.020968
22.214516 0.019742
22.219517 0.018304
22.224518 0.016623
22.229519 0.014661
22.234520 0.012373
22.239521 0.009719
22.244522 0.006683
22.249523 0.003283
22.254524 -0.000432
22.259525 -0.004387
22.264526 -0.008506
22.269527 -0.012714
22.274528 -0.016937
22.279529 -0.021096
22.284530 -0.025097
22.289531 -0.028849
22.294532 -0.032280
22.299533 -0.035343
22.304534 -0.038011
22.309535 -0.040265
22.314536 -0.042081
22.319537 -0.043425
22.324538 -0.044262
22.329539 -0.044572
22.334540 -0.044362
22.339541 -0.043676
22.344542 -0.042577
22.349544 -0.041132
22.354545 -0.039388
22.359546 -0.037369
22.364547 -0.035090
22.369548 -0.032575
22.374549 -0.029874
22.379550 -0.027050
22.384551 -0.024159
22.389552 -0.021237
22.394553 -0.018297
22.399554 -0.015344
22.404555 -0.012384
22.409556 -0.009418
22.414557 -0.006449
22.419558 -0.003478
22.424559 -0.000510
22.429560 0.002441
22.434561 0.005358
22.439562 0.008232
22.444563 0.011075
22.449564 0.013917
22.454565 0.016784
22.459566 0.019672
22.464567 0.022538
22.469568 0.025310
22.474569 0.027914
22.479570 0.030290
22.484571 0.032395
22.489572 0.034192
22.494573 0.035643
22.499574 0.036712
22.504575 0.037382
22.509576 0.037677
22.514577 0.037653
22.519578 0.037385
22.524579 0.036940
22.529580 0.036366
22.534581 0.035684
22.539582 0.034887
22.544583 0.033937
22.549584 0.032778
22.554585 0.031354
22.559586 0.029631
22.564587 0.027623
22.569588 0.025391
22.574589 0.023019
22.579590 0.020580
22.584591 0.018110
22.589592 0.015624
22.594593 0.013135
22.599594 0.010667
22.604595 0.008241
22.609596 0.005855
22.614597 0.003486
22.619598 0.001093
22.624599 -0.001352
22.629600 -0.003857
22.634601 -0.006399
22.639602 -0.008929
22.644603 -0.011379
22.649605 -0.013660
22.654606 -0.015678
22.659607 -0.017358
22.664608 -0.018669
22.669609 -0.019637
22.674610 -0.020321
22.679611 -0.020779
22.684612 -0.021043
22.689613 -0.021113
22.694614 -0.020985
22.699615 -0.020664
22.704616 -0.020179
22.709617 -0.019562
22.714618 -0.018826
22.719619 -0.017961
22.724620 -0.016946
22.729621 -0.015779
22.734622 -0.014491
22.739623 -0.013135
22.744624 -0.011764
22.749625 -0.010409
22.754626 -0.009062
22.759627 -0.007685
22.764628 -0.006230
22.769629 -0.004667
22.774630 -0.002998
22.779631 -0.001256
22.784632 0.000510
22.789633 0.002249
22.794634 0.003918
22.799635 0.005490
22.804636 0.006945
22.809637 0.008268
22.814638 0.009457
22.819639 0.010535
22.824640 0.011549
22.829641 0.012550
22.834642 0.013570
22.839643 0.014603
22.844644 0.015602
22.849645 0.016474
22.854646 0.017108
22.859647 0.017413
22.864648 0.017356
22.869649 0.016972
22.874650 0.016339
22.879651 0.015540
22.884652 0.014634
22.889653 0.013654
22.894654 0.012614
22.899655 0.011520
22.904656 0.010379
22.909657 0.009189
22.914658 0.007946
22.919659 0.006642
22.924660 0.005274
22.929661 0.003839
22.934662 0.002326
22.939663 0.000726
22.944664 -0.000956
22.949666 -0.002690
22.954667 -0.004424
22.959668 -0.006108
22.964669 -0.007710
22.969670 -0.009230
22.974671 -0.010694
22.979672 -0.012136
22.984673 -0.013582
22.989674 -0.015036
22.994675 -0.016482
22.999676 -0.017882
23.004677 -0.019173
23.009678 -0.020273
23.014679 -0.021096
23.019680 -0.021574
23.024681 -0.021657
23.029682 -0.021330
23.034683 -0.020603
23.039684 -0.019511
23.044685 -0.018094
23.049686 -0.016387
23.054687 -0.014416
23.059688 -0.012208
23.064689 -0.009794
23.069690 -0.007217
23.074691 -0.004526
23.079692 -0.001768
23.084693 0.001029
23.089694 0.003852
23.094695 0.006694
23.099696 0.009530
23.104697 0.012300
23.109698 0.014925
23.114699 0.017332
23.119700 0.019472
23.124701 0.021333
23.129702 0.022938
23.134703 0.024327
23.139704 0.025545
23.144705 0.026636
23.149706 0.027634
23.154707 0.028560
23.159708 0.029407
23.164709 0.030141
23.169710 0.030706
23.174711 0.031036
23.179712 0.031076
23.184713 0.030796
23.189714 0.030196
23.194715 0.029294
23.199716 0.028104
23.204717 0.026627
23.209718 0.024860
23.214719 0.022799
23.219720 0.020448
23.224721 0.017807
23.229722 0.014885
23.234723 0.011702
23.239724 0.008297
23.244725 0.004728
23.249727 0.001071
23.254728 -0.002591
23.259729 -0.006184
23.264730 -0.009667
23.269731 -0.013020
23.274732 -0.016240
23.279733 -0.019321
23.284734 -0.022248
23.289735 -0.024990
23.294736 -0.027504
23.299737 -0.029742
23.304738 -0.031664
23.309739 -0.033247
23.314740 -0.034493
23.319741 -0.035425
23.324742 -0.036082
23.329743 -0.036518
23.334744 -0.036798
23.339745 -0.036999
23.344746 -0.037198
23.349747 -0.037458
23.354748 -0.037800
23.359749 -0.038192
23.364750 -0.038562
23.369751 -0.038823
23.374752 -0.038889
23.379753 -0.038694
23.384754 -0.038186
23.389755 -0.037335
23.394756 -0.036123
23.399757 -0.034550
23.404758 -0.032637
23.409759 -0.030424
23.414760 -0.027955
23.419761 -0.025267
23.424762 -0.022379
23.429763 -0.019293
23.434764 -0.015994
23.439765 -0.012476
23.444766 -0.008762
23.449767 -0.004918
23.454768 -0.001048
23.459769 0.002735
23.464770 0.006329
23.469771 0.009654
23.474772 0.012657
23.479773 0.015302
23.484774 0.017571
23.489775 0.019462
23.494776 0.021001
23.499777 0.022245
23.504778 0.023271
23.509779 0.024160
23.514780 0.024975
23.519781 0.025767
23.524782 0.026569
23.529783 0.027405
23.534784 0.028290
23.539785 0.029234
23.544786 0.030233
23.549788 0.031270
23.554789 0.032310
23.559790 0.033302
23.564791 0.034192
23.569792 0.034924
23.574793 0.035455
23.579794 0.035758
23.584795 0.035825
23.589796 0.035656
23.594797 0.035248
23.599798 0.034598
23.604799 0.033693
23.609800 0.032523
23.614801 0.031075
23.619802 0.029347
23.624803 0.027359
23.629804 0.025151
23.634805 0.022787
23.639806 0.020335
23.644807 0.017863
23.649808 0.015424
23.654809 0.013054
23.659810 0.010779
23.664811 0.008616
23.669812 0.006586
23.674813 0.004706
23.679814 0.002990
23.684815 0.001436
23.689816 0.000021
23.694817 -0.001303
23.699818 -0.002592
23.704819 -0.003895
23.709820 -0.005244
23.714821 -0.006660
23.719822 -0.008152
23.724823 -0.009723
23.729824 -0.011366
23.734825 -0.013058
23.739826 -0.014757
23.744827 -0.016405
23.749828 -0.017937
23.754829 -0.019305
23.759830 -0.020474
23.764831 -0.021419
23.769832 -0.022120
23.774833 -0.022567
23.779834 -0.022761
23.784835 -0.022714
23.789836 -0.022435
23.794837 -0.021924
23.799838 -0.021169
23.804839 -0.020148
23.809840 -0.018842
23.814841 -0.017242
23.819842 -0.015373
23.824843 -0.013285
23.829844 -0.011057
23.834845 -0.008780
23.839846 -0.006543
23.844847 -0.004421
23.849849 -0.002459
23.854850 -0.000685
23.859851 0.000882
23.864852 0.002217
23.869853 0.003296
23.874854 0.004099
23.879855 0.004619
23.884856 0.004858
23.889857 0.004825
23.894858 0.004529
23.899859 0.003978
23.904860 0.003182
23.909861 0.002149
23.914862 0.000886
23.919863 -0.000609
23.924864 -0.002338
23.929865 -0.004281
23.934866 -0.006389
23.939867 -0.008578
23.944868 -0.010753
23.949869 -0.012825
23.954870 -0.014738
23.959871 -0.016478
23.964872 -0.018080
23.969873 -0.019605
23.974874 -0.021112
23.979875 -0.022631
23.984876 -0.024156
23.989877 -0.025643
23.994878 -0.027028
23.999879 -0.028241
24.004880 -0.029221
24.009881 -0.029929
24.014882 -0.030351
24.019883 -0.030495
24.024884 -0.030378
24.029885 -0.030009
24.034886 -0.029385
24.039887 -0.028502
24.044888 -0.027376
24.049889 -0.026042
24.054890 -0.024545
24.059891 -0.022918
24.064892 -0.021176
24.069893 -0.019329
24.074894 -0.017396
24.079895 -0.015407
24.084896 -0.013383
24.089897 -0.011330
24.094898 -0.009234
24.099899 -0.007081
24.104900 -0.004881
24.109901 -0.002669
24.114902 -0.000483
24.119903 0.001657
24.124904 0.003764
24.129905 0.005872
24.134906 0.008020
24.139907 0.010238
24.144908 0.012537
24.149910 0.014915
24.154911 0.017360
24.159912 0.019851
24.164913 0.022362
24.169914 0.024864
24.174915 0.027337
24.179916 0.029780
24.184917 0.032207
24.189918 0.034634
24.194919 0.037054
24.199920 0.039432
24.204921 0.041707
24.209922 0.043806
24.214923 0.045662
24.219924 0.047230
24.224925 0.048503
24.229926 0.049501
24.234927 0.050257
24.239928 0.050793
24.244929 0.051110
24.249930 0.051185
24.254931 0.050991
24.259932 0.050515
24.264933 0.049772
24.269934 0.048789
24.274935 0.047595
24.279936 0.046206
24.284937 0.044617
24.289938 0.042807
24.294939 0.040743
24.299940 0.038389
24.304941 0.035719
24.309942 0.032726
24.314943 0.029415
24.319944 0.025798
24.324945 0.021911
24.329946 0.017810
24.334947 0.013581
24.339948 0.009319
24.344949 0.005106
24.349950 0.000988
24.354951 -0.003035
24.359952 -0.006996
24.364953 -0.010929
24.369954 -0.014845
24.374955 -0.018725
24.379956 -0.022517
24.384957 -0.026151
24.389958 -0.029547
24.394959 -0.032630
24.399960 -0.035338
24.404961 -0.037628
24.409962 -0.039470
24.414963 -0.040852
24.419964 -0.041771
24.424965 -0.042232
24.429966 -0.042246
24.434967 -0.041829
24.439968 -0.041008
24.444969 -0.039814
24.449971 -0.038280
24.454972 -0.036449
24.459973 -0.034368
24.464974 -0.032092
24.469975 -0.029664
24.474976 -0.027121
24.479977 -0.024490
24.484978 -0.021799
24.489979 -0.019078
24.494980 -0.016361
24.499981 -0.013689
24.504982 -0.011107
24.509983 -0.008667
24.514984 -0.006421
24.519985 -0.004417
24.524986 -0.002677
24.529987 -0.001181
24.534988 0.000134
24.539989 0.001352
24.544990 0.002548
24.549991 0.003748
24.554992 0.004887
24.559993 0.005784
24.564994 0.006167
24.569995 0.005794
24.574996 0.004636
24.579997 0.003007
24.584998 0.001480
24.589999 0.000523
24.595000 0.000164
0.000000 0.000000
0.005001 0.000065
0.010002 0.000082
0.015003 0.000032
0.020004 0.000023
0.025005 0.000097
0.030006 0.000109
0.035007 0.000003
0.040008 -0.000172
0.045009 -0.000111
0.050010 0.000053
0.055011 -0.000073
0.060012 -0.000086
0.065013 0.000105
0.070014 0.000154
0.075015 -0.000081
0.080016 -0.000171
0.085017 0.000069
0.090018 0.000074
0.095019 0.000051
0.100020 0.000089
0.105021 0.000039
0.110022 0.000163
0.115023 0.000014
0.120024 -0.000110
0.125025 0.000135
0.130026 0.000154
0.135027 -0.000017
0.140028 -0.000045
0.145029 0.000092
0.150030 0.000178
0.155031 -0.000027
0.160032 -0.000178
0.165033 0.000098
0.170034 0.000333
0.175035 0.000093
0.180036 -0.000108
0.185037 0.000017
0.190038 0.000071
0.195039 -0.000053
0.200040 -0.000125
0.205041 -0.000039
0.210042 0.000134
0.215043 0.000102
0.220044 -0.000073
0.225045 0.000021
0.230046 0.000197
0.235047 0.000002
0.240049 -0.000263
0.245050 -0.000059
0.250051 0.000157
0.255052 -0.000038
0.260053 -0.000063
0.265054 -0.000043
0.270055 0.000016
0.275056 0.000089
0.280057 -0.000075
0.285058 -0.000010
0.290059 0.000044
0.295060 -0.000037
0.300061 -0.000118
0.305062 0.000131
0.310063 0.000286
0.315064 -0.000000
0.320065 -0.000137
0.325066 -0.000018
0.330067 0.000232
0.335068 0.000063
0.340069 -0.000097
0.345070 0.000060
0.350071 0.000098
0.355072 0.000042
0.360073 -0.000093
0.365074 0.000093
0.370075 0.000244
0.375076 0.000010
0.380077 -0.000126
0.385078 -0.000102
0.390079 0.000186
0.395080 0.000083
0.400081 -0.000154
0.405082 0.000047
0.410083 0.000123
0.415084 0.000052
0.420085 -0.000139
0.425086 -0.000171
0.430087 0.000159
0.435088 0.000018
0.440089 -0.000196
0.445090 0.000021
0.450091 0.000068
0.455092 0.000042
0.460093 0.000021
0.465094 0.000061
0.470095 0.000262
0.475096 -0.000041
0.480097 -0.000275
0.485098 0.000090
0.490099 0.000164
0.495100 0.000043
0.500101 -0.000075
0.505102 -0.000038
0.510103 0.000140
0.515104 -0.000038
0.520105 -0.000111
0.525106 0.000096
0.530107 0.000194
0.535108 -0.000002
0.540109 -0.000044
0.545110 0.000007
0.550111 0.000086
0.555112 0.000156
0.560113 -0.000104
0.565114 -0.000006
0.570115 0.000170
0.575116 0.000034
0.580117 0.000067
0.585118 0.000148
0.590119 0.000186
0.595120 0.000025
0.600121 -0.000095
0.605122 0.000075
0.610123 0.000116
0.615124 -0.000008
0.620125 0.000045
0.625126 0.000084
0.630127 0.000233
0.635128 0.000120
0.640129 -0.000221
0.645130 0.000012
0.650131 0.000105
0.655132 0.000056
0.660133 0.000044
0.665134 0.000010
0.670135 0.000156
0.675136 -0.000069
0.680137 -0.000183
0.685138 0.000127
0.690139 0.000215
0.695140 0.000064
0.700141 -0.000060
0.705142 -0.000030
0.710143 0.000177
0.715145 0.000193
0.720146 0.000003
0.725147 0.000032
0.730148 0.000057
0.735149 -0.000033
0.740150 -0.000058
0.745151 0.000094
0.750152 0.000161
0.755153 0.000040
0.760154 -0.000124
0.765155 0.000027
0.770156 0.000201
0.775157 0.000007
0.780158 -0.000085
0.785159 -0.000002
0.790160 0.000220
0.795161 0.000129
0.800162 -0.000025
0.805163 -0.000012
0.810164 -0.000016
0.815165 -0.000036
0.820166 -0.000136
0.825167 0.000045
0.830168 0.000151
0.835169 0.000007
0.840170 -0.000116
0.845171 0.000029
0.850172 0.000199
0.855173 0.000012
0.860174 -0.000116
0.865175 0.000069
0.870176 0.000198
0.875177 -0.000100
0.880178 -0.000061
0.885179 0.000087
0.890180 0.000045
0.895181 -0.000007
0.900182 -0.000168
0.905183 0.000001
0.910184 0.000083
0.915185 -0.000087
0.920186 -0.000091
0.925187 -0.000019
0.930188 0.000080
0.935189 0.000098
0.940190 -0.000078
0.945191 0.000039
0.950192 0.000222
0.955193 -0.000032
0.960194 -0.000037
0.965195 0.000107
0.970196 0.000060
0.975197 -0.000005
0.980198 -0.000104
0.985199 -0.000030
0.990200 0.000050
0.995201 -0.000052
1.000202 -0.000106
1.005203 0.000071
1.010204 0.000098
1.015205 -0.000027
1.020206 -0.000065
1.025207 -0.000020
1.030208 0.000159
1.035209 -0.000001
1.040210 -0.000128
1.045211 0.000165
1.050212 0.000163
1.055213 -0.000012
1.060214 -0.000015
1.065215 -0.000106
1.070216 0.000027
1.075217 0.000068
1.080218 -0.000116
1.085219 -0.000001
1.090220 0.000016
1.095221 0.000047
1.100222 0.000063
1.105223 -0.000009
1.110224 0.000013
1.115225 -0.000025
1.120226 -0.000087
1.125227 0.000027
1.130228 0.000206
1.135229 0.000027
1.140230 -0.000114
1.145231 0.000045
1.150232 0.000189
1.155233 0.000025
1.160234 -0.000060
1.165235 0.000145
1.170236 0.000156
1.175237 0.000021
1.180238 0.000030
1.185239 0.000057
1.190241 0.000102
1.195242 0.000145
1.200243 0.000030
1.205244 0.000100
1.210245 0.000156
1.215246 -0.000029
1.220247 -0.000121
1.225248 -0.000028
1.230249 0.000104
1.235250 -0.000025
1.240251 -0.000137
1.245252 -0.000153
1.250253 0.000027
1.255254 0.000038
1.260255 -0.000148
1.265256 0.000045
1.270257 0.000152
1.275258 0.000001
1.280259 -0.000243
1.285260 -0.000054
1.290261 0.000288
1.295262 0.000038
1.300263 -0.000199
1.305264 -0.000071
1.310265 0.000061
1.315266 -0.000015
1.320267 -0.000175
1.325268 -0.000161
1.330269 0.000010
1.335270 -0.000026
1.340271 -0.000119
1.345272 0.000139
1.350273 0.000206
1.355274 -0.000057
1.360275 -0.000181
1.365276 -0.000026
1.370277 0.000139
1.375278 -0.000043
1.380279 -0.000170
1.385280 0.000098
1.390281 0.000155
1.395282 -0.000072
1.400283 -0.000135
1.405284 0.000062
1.410285 0.000078
1.415286 -0.000000
1.420287 -0.000037
1.425288 -0.000019
1.430289 0.000034
1.435290 -0.000133
1.440291 -0.000065
1.445292 -0.000048
1.450293 0.000027
1.455294 0.000050
1.460295 -0.000219
1.465296 0.000108
1.470297 0.000163
1.475298 -0.000187
1.480299 -0.000035
1.485300 0.000192
1.490301 0.000196
1.495302 -0.000024
1.500303 -0.000228
1.505304 -0.000014
1.510305 0.000094
1.515306 -0.000080
1.520307 0.000032
1.525308 0.000102
1.530309 0.000040
1.535310 0.000004
1.540311 -0.000073
1.545312 0.000024
1.550313 0.000139
1.555314 -0.000060
1.560315 -0.000106
1.565316 -0.000004
1.570317 0.000017
1.575318 -0.000012
1.580319 -0.000171
1.585320 -0.000054
1.590321 0.000215
1.595322 -0.000020
1.600323 -0.000140
1.605324 0.000026
1.610325 0.000077
1.615326 0.000145
1.620327 -0.000069
1.625328 -0.000074
1.630329 0.000165
1.635330 -0.000072
1.640331 -0.000208
1.645332 -0.000006
1.650333 0.000118
1.655334 0.000036
1.660335 0.000036
1.665336 0.000161
1.670338 0.000158
1.675339 -0.000011
1.680340 -0.000159
1.685341 0.000034
1.690342 0.000105
1.695343 0.000008
1.700344 -0.000079
1.705345 -0.000060
1.710346 0.000103
1.715347 0.000056
1.720348 -0.000004
1.725349 0.000145
1.730350 0.000315
1.735351 0.000148
1.740352 -0.000058
1.745353 0.000071
1.750354 0.000251
1.755355 0.000018
1.760356 -0.000108
1.765357 0.000096
1.770358 0.000158
1.775359 0.000023
1.780360 -0.000121
1.785361 0.000128
1.790362 0.000237
1.795363 0.000003
1.800364 -0.000033
1.805365 0.000053
1.810366 0.000279
1.815367 0.000030
1.820368 -0.000162
1.825369 0.000138
1.830370 0.000125
1.835371 0.000101
1.840372 -0.000031
1.845373 -0.000012
1.850374 0.000232
1.855375 -0.000019
1.860376 -0.000052
1.865377 0.000169
1.870378 0.000198
1.875379 0.000016
1.880380 -0.000144
1.885381 -0.000025
1.890382 0.000116
1.895383 0.000011
1.900384 -0.000176
1.905385 0.000005
1.910386 0.000121
1.915387 0.000007
1.920388 0.000006
1.925389 0.000049
1.930390 0.000196
1.935391 0.000007
1.940392 -0.000066
1.945393 0.000193
1.950394 0.000123
1.955395 0.000077
1.960396 0.000004
1.965397 -0.000024
1.970398 0.000253
1.975399 -0.000001
1.980400 -0.000212
1.985401 0.000151
1.990402 0.000065
1.995403 -0.000005
2.000404 0.000073
2.005405 -0.000026
2.010406 0.000157
2.015407 0.000039
2.020408 -0.000143
2.025409 0.000103
2.030410 0.000069
2.035411 -0.000021
2.040412 -0.000029
2.045413 0.000022
2.050414 0.000268
2.055415 -0.000008
2.060416 -0.000174
2.065417 0.000109
2.070418 0.000073
2.075419 0.000025
2.080420 0.000075
2.085421 0.000056
2.090422 0.000128
2.095423 0.000032
2.100424 -0.000194
2.105425 0.000063
2.110426 0.000176
2.115427 -0.000103
2.120428 -0.000104
2.125429 0.000056
2.130430 0.000259
2.135431 0.000049
2.140432 -0.000156
2.145434 0.000123
2.150435 0.000193
2.155436 0.000079
2.160437 0.000011
2.165438 0.000139
2.170439 0.000163
2.175440 0.000033
2.180441 0.000053
2.185442 0.000185
2.190443 0.000279
2.195444 0.000053
2.200445 -0.000029
2.205446 0.000105
2.210447 0.000215
2.215448 0.000051
2.220449 -0.000130
2.225450 -0.000008
2.230451 0.000130
2.235452 0.000051
2.240453 -0.000013
2.245454 0.000198
2.250455 0.000190
2.255456 -0.000041
2.260457 -0.000144
2.265458 -0.000002
2.270459 0.000168
2.275460 0.000021
2.280461 -0.000059
2.285462 -0.000045
2.290463 0.000058
2.295464 0.000051
2.300465 -0.000081
2.305466 0.000020
2.310467 0.000055
2.315468 -0.000069
2.320469 -0.000081
2.325470 0.000154
2.330471 0.000252
2.335472 0.000034
2.340473 -0.000057
2.345474 0.000085
2.350475 0.000222
2.355476 0.000047
2.360477 -0.000179
2.365478 -0.000056
2.370479 0.000092
2.375480 -0.000018
2.380481 -0.000066
2.385482 0.000128
2.390483 0.000165
2.395484 0.000039
2.400485 0.000036
2.405486 0.000203
2.410487 0.000294
2.415488 -0.000043
2.420489 -0.000093
2.425490 0.000070
2.430491 0.000088
2.435492 -0.000011
2.440493 -0.000166
2.445494 -0.000019
2.450495 0.000048
2.455496 -0.000082
2.460497 -0.000107
2.465498 0.000044
2.470499 0.000184
2.475500 0.000046
2.480501 -0.000171
2.485502 0.000010
2.490503 0.000175
2.495504 -0.000058
2.500505 -0.000003
2.505506 0.000067
2.510507 0.000088
2.515508 0.000123
2.520509 -0.000046
2.525510 -0.000008
2.530511 0.000052
2.535512 0.000008
2.540513 -0.000040
2.545514 0.000039
2.550515 0.000127
2.555516 0.000047
2.560517 -0.000033
2.565518 0.000036
2.570519 0.000147
2.575520 -0.000000
2.580521 -0.000157
2.585522 -0.000065
2.590523 0.000084
2.595524 -0.000015
2.600525 -0.000083
2.605526 0.000100
2.610527 0.000150
2.615528 0.000010
2.620530 -0.000087
2.625531 0.000051
2.630532 0.000084
2.635533 0.000132
2.640534 0.000022
2.645535 -0.000016
2.650536 0.000270
2.655537 -0.000056
2.660538 -0.000120
2.665539 0.000091
2.670540 0.000114
2.675541 0.000140
2.680542 -0.000027
2.685543 0.000037
2.690544 0.000077
2.695545 -0.000039
2.700546 -0.000171
2.705547 -0.000020
2.710548 0.000138
2.715549 0.000029
2.720550 -0.000073
2.725551 -0.000086
2.730552 0.000159
2.735553 0.000044
2.740554 -0.000163
2.745555 -0.000036
2.750556 0.000020
2.755557 -0.000018
2.760558 -0.000120
2.765559 -0.000003
2.770560 0.000138
2.775561 -0.000052
2.780562 -0.000188
2.785563 -0.000057
2.790564 0.000043
2.795565 -0.000019
2.800566 -0.000166
2.805567 -0.000092
2.810568 0.000133
2.815569 0.000047
2.820570 0.000002
2.825571 0.000053
2.830572 0.000029
2.835573 -0.000064
2.840574 -0.000090
2.845575 0.000076
2.850576 0.000080
2.855577 -0.000007
2.860578 -0.000088
2.865579 0.000025
2.870580 0.000214
2.875581 0.000002
2.880582 -0.000213
2.885583 0.000002
2.890584 0.000091
2.895585 -0.000045
2.900586 0.000010
2.905587 -0.000024
2.910588 0.000053
2.915589 0.000097
2.920590 -0.000152
2.925591 -0.000008
2.930592 0.000131
2.935593 -0.000098
2.940594 -0.000100
2.945595 -0.000011
2.950596 0.000049
2.955597 0.000046
2.960598 -0.000102
2.965599 0.000036
2.970600 0.000133
2.975601 -0.000057
2.980602 -0.000114
2.985603 0.000065
2.990604 0.000241
2.995605 0.000095
3.000606 -0.000113
3.005607 -0.000084
3.010608 0.000088
3.015609 -0.000005
3.020610 -0.000138
3.025611 0.000018
3.030612 0.000149
3.035613 0.000041
3.040614 -0.000073
3.045615 0.000128
3.050616 0.000134
3.055617 -0.000147
3.060618 -0.000071
3.065619 0.000006
3.070620 0.000010
3.075621 -0.000014
3.080622 -0.000114
3.085623 0.000042
3.090624 0.000079
3.095626 0.000001
3.100627 -0.000131
3.105628 -0.000089
3.110629 0.000183
3.115630 -0.000011
3.120631 -0.000151
3.125632 -0.000051
3.130633 0.000022
3.135634 -0.000070
3.140635 -0.000190
3.145636 0.000029
3.150637 0.000123
3.155638 -0.000049
3.160639 -0.000174
3.165640 -0.000012
3.170641 0.000158
3.175642 -0.000087
3.180643 -0.000186
3.185644 0.000148
3.190645 0.000178
3.195646 -0.000084
3.200647 -0.000121
3.205648 0.000027
3.210649 0.000084
3.215650 -0.000067
3.220651 -0.000136
3.225652 0.000065
3.230653 0.000224
3.235654 0.000068
3.240655 -0.000200
3.245656 -0.000087
3.250657 0.000196
3.255658 -0.000003
3.260659 -0.000189
3.265660 -0.000037
3.270661 0.000103
3.275662 -0.000004
3.280663 -0.000121
3.285664 0.000048
3.290665 0.000157
3.295666 0.000084
3.300667 -0.000094
3.305668 0.000016
3.310669 0.000249
3.315670 -0.000014
3.320671 -0.000212
3.325672 -0.000006
3.330673 0.000138
3.335674 0.000021
3.340675 0.000021
3.345676 0.000032
3.350677 0.000023
3.355678 -0.000031
3.360679 -0.000071
3.365680 0.000058
3.370681 0.000003
3.375682 -0.000029
3.380683 -0.000143
3.385684 -0.000131
3.390685 0.000130
3.395686 -0.000053
3.400687 -0.000169
3.405688 0.000008
3.410689 0.000052
3.415690 0.000067
3.420691 0.000035
3.425692 0.000050
3.430693 0.000104
3.435694 0.000005
3.440695 -0.000047
3.445696 0.000110
3.450697 0.000074
3.455698 -0.000049
3.460699 -0.000044
3.465700 -0.000004
3.470701 0.000216
3.475702 0.000157
3.480703 -0.000161
3.485704 0.000017
3.490705 0.000150
3.495706 0.000048
3.500707 0.000020
3.505708 -0.000006
3.510709 0.000148
3.515710 -0.000035
3.520711 -0.000163
3.525712 0.000060
3.530713 0.000084
3.535714 -0.000028
3.540715 -0.000178
3.545716 -0.000006
3.550717 0.000232
3.555718 0.000008
3.560719 -0.000178
3.565720 0.000025
3.570722 0.000152
3.575723 0.000012
3.580724 -0.000062
3.585725 0.000090
3.590726 0.000216
3.595727 0.000034
3.600728 -0.000043
3.605729 0.000032
3.610730 0.000144
3.615731 0.000064
3.620732 -0.000117
3.625733 0.000016
3.630734 0.000150
3.635735 -0.000055
3.640736 -0.000140
3.645737 0.000028
3.650738 0.000053
3.655739 0.000028
3.660740 -0.000043
3.665741 0.000075
3.670742 0.000203
3.675743 -0.000036
3.680744 -0.000173
3.685745 0.000022
3.690746 0.000185
3.695747 -0.000036
3.700748 -0.000110
3.705749 0.000056
3.710750 0.000147
3.715751 0.000039
3.720752 -0.000046
3.725753 0.000050
3.730754 0.000135
3.735755 0.000016
3.740756 -0.000189
3.745757 0.000050
3.750758 0.000069
3.755759 -0.000148
3.760760 0.000106
3.765761 0.000038
3.770762 0.000016
3.775763 0.000162
3.780764 -0.000098
3.785765 -0.000050
3.790766 0.000157
3.795767 0.000069
3.800768 -0.000121
3.805769 0.000005
3.810770 0.000249
3.815771 0.000090
3.820772 -0.000034
3.825773 0.000074
3.830774 0.000097
3.835775 -0.000120
3.840776 -0.000107
3.845777 0.000028
3.850778 0.000043
3.855779 0.000034
3.860780 -0.000042
3.865781 0.000169
3.870782 0.000195
3.875783 0.000031
3.880784 0.000091
3.885785 0.000146
3.890786 0.000179
3.895787 -0.000029
3.900788 -0.000132
3.905789 0.000179
3.910790 0.000320
3.915791 -0.000004
3.920792 -0.000098
3.925793 0.000087
3.930794 0.000115
3.935795 0.000085
3.940796 0.000011
3.945797 0.000042
3.950798 0.000171
3.955799 0.000031
3.960800 -0.000068
3.965801 0.000078
3.970802 0.000139
3.975803 0.000040
3.980804 -0.000055
3.985805 -0.000006
3.990806 0.000093
3.995807 -0.000030
4.000808 -0.000122
4.005809 0.000026
4.010810 0.000292
4.015811 0.000187
4.020812 -0.000096
4.025813 0.000059
4.030814 0.000184
4.035815 -0.000027
4.040816 -0.000135
4.045818 0.000095
4.050819 0.000179
4.055820 0.000026
4.060821 -0.000097
4.065822 -0.000043
4.070823 0.000210
4.075824 -0.000060
4.080825 -0.000186
4.085826 0.000062
4.090827 -0.000003
4.095828 -0.000032
4.100829 -0.000075
4.105830 0.000159
4.110831 0.000251
4.115832 -0.000119
4.120833 -0.000081
4.125834 0.000133
4.130835 0.000197
4.135836 0.000052
4.140837 -0.000071
4.145838 0.000053
4.150839 0.000168
4.155840 0.000109
4.160841 -0.000125
4.165842 0.000023
4.170843 0.000068
4.175844 -0.000093
4.180845 0.000043
4.185846 0.000081
4.190847 0.000192
4.195848 0.000179
4.200849 0.000025
4.205850 0.000137
4.210851 0.000259
4.215852 -0.000031
4.220853 -0.000143
4.225854 0.000083
4.230855 -0.000033
4.235856 0.000015
4.240857 0.000053
4.245858 0.000011
4.250859 0.000097
4.255860 0.000014
4.260861 -0.000040
4.265862 0.000098
4.270863 0.000194
4.275864 -0.000032
4.280865 -0.000113
4.285866 -0.000001
4.290867 0.000210
4.295868 -0.000038
4.300869 -0.000309
4.305870 -0.000004
4.310871 0.000006
4.315872 -0.000119
4.320873 -0.000102
4.325874 0.000018
4.330875 0.000204
4.335876 0.000100
4.340877 -0.000081
4.345878 0.000052
4.350879 0.000084
4.355880 -0.000042
4.360881 -0.000099
4.365882 -0.000041
4.370883 0.000226
4.375884 0.000034
4.380885 -0.000119
4.385886 0.000070
4.390887 0.000051
4.395888 -0.000041
4.400889 -0.000084
4.405890 0.000068
4.410891 0.000128
4.415892 -0.000042
4.420893 -0.000139
4.425894 0.000051
4.430895 0.000134
4.435896 -0.000034
4.440897 0.000038
4.445898 0.000103
4.450899 0.000096
4.455900 -0.000004
4.460901 -0.000066
4.465902 0.000002
4.470903 -0.000006
4.475904 0.000055
4.480905 -0.000068
4.485906 -0.000016
4.490907 0.000115
4.495908 -0.000110
4.500909 -0.000229
4.505910 0.000018
4.510911 0.000286
4.515912 0.000077
4.520914 -0.000077
4.525915 -0.000018
4.530916 0.000085
4.535917 0.000030
4.540918 -0.000187
4.545919 -0.000024
4.550920 0.000116
4.555921 0.000004
4.560922 -0.000045
4.565923 0.000011
4.570924 0.000103
4.575925 -0.000013
4.580926 -0.000146
4.585927 0.000068
4.590928 0.000203
4.595929 -0.000011
4.600930 -0.000115
4.605931 -0.000020
4.610932 0.000038
4.615933 -0.000043
4.620934 -0.000027
4.625935 0.000093
4.630936 0.000002
4.635937 -0.000046
4.640938 -0.000084
4.645939 0.000020
4.650940 0.000210
4.655941 -0.000070
4.660942 -0.000169
4.665943 0.000039
4.670944 0.000113
4.675945 0.000008
4.680946 -0.000090
4.685947 0.000130
4.690948 0.000169
4.695949 -0.000003
4.700950 -0.000040
4.705951 0.000003
4.710952 0.000086
4.715953 -0.000100
4.720954 -0.000185
4.725955 0.000025
4.730956 0.000173
4.735957 -0.000058
4.740958 -0.000270
4.745959 0.000002
4.750960 0.000095
4.755961 -0.000028
4.760962 -0.000171
4.765963 -0.000096
4.770964 0.000139
4.775965 -0.000037
4.780966 -0.000154
4.785967 0.000047
4.790968 0.000157
4.795969 0.000049
4.800970 -0.000131
4.805971 -0.000023
4.810972 0.000172
4.815973 -0.000051
4.820974 -0.000179
4.825975 0.000006
4.830976 0.000098
4.835977 -0.000025
4.840978 -0.000086
4.845979 -0.000081
4.850980 -0.000005
4.855981 0.000209
4.860982 0.000193
4.865983 0.000201
4.870984 0.000148
4.875985 0.000011
4.880986 -0.000119
4.885987 -0.000370
4.890988 -0.000519
4.895989 0.000525
4.900990 0.001622
4.905991 0.000854
4.910992 0.001079
4.915993 0.000753
4.920994 -0.000367
4.925995 -0.000397
4.930996 -0.000873
4.935997 0.000454
4.940998 0.001542
4.945999 0.001781
4.951000 0.002231
4.956001 0.002015
4.961002 0.001546
4.966003 -0.000291
4.971004 -0.000110
4.976005 0.001068
4.981006 0.001569
4.986007 0.001268
4.991008 0.000688
4.996009 0.002382
5.001011 0.001371
5.006012 0.002422
5.011013 0.006691
5.016014 0.006891
5.021015 0.007242
5.026016 0.004838
5.031017 0.001593
5.036018 0.003802
5.041019 0.000748
5.046020 -0.002799
5.051021 0.002020
5.056022 0.003412
5.061023 0.003231
5.066024 0.003984
5.071025 0.001928
5.076026 0.002640
5.081027 0.003041
5.086028 -0.001998
5.091029 -0.006925
5.096030 -0.008740
5.101031 -0.008919
5.106032 -0.005706
5.111033 -0.005036
5.116034 -0.004040
5.121035 0.006010
5.126036 0.014416
5.131037 0.013811
5.136038 0.009219
5.141039 0.003879
5.146040 -0.001226
5.151041 -0.009160
5.156042 -0.019544
5.161043 -0.020461
5.166044 -0.012894
5.171045 -0.005255
5.176046 0.001094
5.181047 0.007557
5.186048 0.016282
5.191049 0.016376
5.196050 0.004905
5.201051 -0.007336
5.206052 -0.014040
5.211053 -0.011849
5.216054 -0.007344
5.221055 -0.006430
5.226056 -0.004089
5.231057 -0.003934
5.236058 -0.007418
5.241059 -0.008023
5.246060 -0.006060
5.251061 0.000108
5.256062 0.005339
5.261063 0.008901
5.266064 0.012288
5.271065 0.004421
5.276066 -0.008431
5.281067 -0.016801
5.286068 -0.017774
5.291069 -0.007541
5.296070 0.006269
5.301071 0.016581
5.306072 0.024976
5.311073 0.028200
5.316074 0.017017
5.321075 0.002170
5.326076 -0.008021
5.331077 -0.018071
5.336078 -0.021206
5.341079 -0.020181
5.346080 -0.014278
5.351081 0.001657
5.356082 0.014145
5.361083 0.015193
5.366084 0.013651
5.371085 0.014340
5.376086 0.012784
5.381087 0.003649
5.386088 -0.010022
5.391089 -0.011530
5.396090 -0.002638
5.401091 0.000250
5.406092 -0.005338
5.411093 -0.010998
5.416094 -0.007625
5.421095 -0.006611
5.426096 -0.010092
5.431097 -0.002492
5.436098 0.013724
5.441099 0.025108
5.446100 0.023090
5.451101 0.012730
5.456102 0.000470
5.461103 -0.010640
5.466104 -0.017880
5.471105 -0.016488
5.476107 -0.004797
5.481108 0.005161
5.486109 0.014327
5.491110 0.022597
5.496111 0.018512
5.501112 0.008206
5.506113 0.000387
5.511114 -0.003882
5.516115 -0.007162
5.521116 -0.009034
5.526117 -0.002626
5.531118 0.010045
5.536119 0.015876
5.541120 0.010026
5.546121 0.003890
5.551122 0.000040
5.556123 -0.009038
5.561124 -0.017635
5.566125 -0.015731
5.571126 -0.003192
5.576127 0.010125
5.581128 0.011999
5.586129 0.005970
5.591130 -0.003865
5.596131 -0.017852
5.601132 -0.021451
5.606133 -0.010968
5.611134 0.007478
5.616135 0.022368
5.621136 0.026309
5.626137 0.031002
5.631138 0.027752
5.636139 0.003284
5.641140 -0.023441
5.646141 -0.024493
5.651142 -0.006742
5.656143 0.005031
5.661144 0.012894
5.666145 0.019038
5.671146 0.014776
5.676147 -0.001575
5.681148 -0.016852
5.686149 -0.013460
5.691150 -0.004302
5.696151 -0.007349
5.701152 -0.014454
5.706153 -0.011459
5.711154 0.004443
5.716155 0.015852
5.721156 0.014756
5.726157 0.011029
5.731158 0.006380
5.736159 0.000031
5.741160 -0.007116
5.746161 -0.010880
5.751162 -0.011161
5.756163 -0.010441
5.761164 -0.008556
5.766165 -0.006890
5.771166 -0.001476
5.776167 0.002819
5.781168 0.002503
5.786169 0.005405
5.791170 0.002889
5.796171 -0.004221
5.801172 -0.001506
5.806173 -0.000516
5.811174 -0.008859
5.816175 -0.017589
5.821176 -0.020110
5.826177 -0.015703
5.831178 -0.009264
5.836179 -0.001471
5.841180 0.007831
5.846181 0.017266
5.851182 0.015317
5.856183 0.006308
5.861184 0.008053
5.866185 0.011041
5.871186 0.005576
5.876187 -0.006653
5.881188 -0.015178
5.886189 -0.007695
5.891190 0.005457
5.896191 0.011378
5.901192 0.019166
5.906193 0.028095
5.911194 0.020895
5.916195 0.004371
5.921196 -0.006847
5.926197 -0.006889
5.931198 -0.006198
5.936199 -0.014153
5.941200 -0.013549
5.946201 -0.004151
5.951203 0.001966
5.956204 0.004712
5.961205 0.011227
5.966206 0.019320
5.971207 0.014170
5.976208 0.002815
5.981209 0.001487
5.986210 0.003308
5.991211 -0.003707
5.996212 -0.009666
6.001213 -0.008050
6.006214 -0.006163
6.011215 -0.002111
6.016216 0.006245
6.021217 0.011743
6.026218 0.009411
6.031219 0.003964
6.036220 -0.002409
6.041221 -0.011547
6.046222 -0.023123
6.051223 -0.034728
6.056224 -0.041884
6.061225 -0.040471
6.066226 -0.024172
6.071227 0.000356
6.076228 0.020239
6.081229 0.031088
6.086230 0.027585
6.091231 0.016655
6.096232 0.004889
6.101233 -0.005475
6.106234 -0.007955
6.111235 -0.008467
6.116236 -0.008459
6.121237 -0.008616
6.126238 -0.011009
6.131239 -0.004157
6.136240 0.010864
6.141241 0.024730
6.146242 0.033838
6.151243 0.033349
6.156244 0.029686
6.161245 0.027789
6.166246 0.025002
6.171247 0.023913
6.176248 0.021589
6.181249 0.018455
6.186250 0.020813
6.191251 0.024353
6.196252 0.024492
6.201253 0.026095
6.206254 0.023690
6.211255 0.010279
6.216256 -0.003910
6.221257 -0.015206
6.226258 -0.023043
6.231259 -0.026902
6.236260 -0.031475
6.241261 -0.032067
6.246262 -0.027582
6.251263 -0.018417
6.256264 -0.004618
6.261265 0.003434
6.266266 0.001578
6.271267 -0.004936
6.276268 -0.014795
6.281269 -0.025796
6.286270 -0.032005
6.291271 -0.031243
6.296272 -0.022632
6.301273 -0.013023
6.306274 -0.006314
6.311275 0.003285
6.316276 0.011304
6.321277 0.013861
6.326278 0.012168
6.331279 0.011413
6.336280 0.019064
6.341281 0.029426
6.346282 0.036066
6.351283 0.036426
6.356284 0.032153
6.361285 0.028771
6.366286 0.022643
6.371287 0.012482
6.376288 0.002671
6.381289 -0.001527
6.386290 0.000581
6.391291 -0.001690
6.396292 -0.008094
6.401293 -0.013096
6.406294 -0.020444
6.411295 -0.027655
6.416296 -0.028351
6.421297 -0.021662
6.426299 -0.013623
6.431300 -0.008965
6.436301 -0.008332
6.441302 -0.012766
6.446303 -0.019632
6.451304 -0.025731
6.456305 -0.029309
6.461306 -0.030347
6.466307 -0.029049
6.471308 -0.023604
6.476309 -0.014541
6.481310 -0.008592
6.486311 -0.007974
6.491312 -0.003841
6.496313 0.003686
6.501314 0.010606
6.506315 0.018838
6.511316 0.027927
6.516317 0.036580
6.521318 0.038919
6.526319 0.031199
6.531320 0.019231
6.536321 0.011376
6.541322 0.010286
6.546323 0.013988
6.551324 0.020989
6.556325 0.028547
6.561326 0.033309
6.566327 0.032363
6.571328 0.026666
6.576329 0.019931
6.581330 0.015302
6.586331 0.013762
6.591332 0.015010
6.596333 0.019791
6.601334 0.024960
6.606335 0.026957
6.611336 0.026048
6.616337 0.023135
6.621338 0.020457
6.626339 0.019044
6.631340 0.016784
6.636341 0.011412
6.641342 0.001307
6.646343 -0.009315
6.651344 -0.018569
6.656345 -0.028581
6.661346 -0.033941
6.666347 -0.032695
6.671348 -0.026569
6.676349 -0.017859
6.681350 -0.013314
6.686351 -0.015594
6.691352 -0.020082
6.696353 -0.021057
6.701354 -0.021116
6.706355 -0.025894
6.711356 -0.033880
6.716357 -0.040496
6.721358 -0.044108
6.726359 -0.044614
6.731360 -0.037710
6.736361 -0.023225
6.741362 -0.009558
6.746363 0.000527
6.751364 0.009067
6.756365 0.016613
6.761366 0.020724
6.766367 0.018633
6.771368 0.014818
6.776369 0.015597
6.781370 0.021826
6.786371 0.027549
6.791372 0.029682
6.796373 0.030872
6.801374 0.031406
6.806375 0.031113
6.811376 0.032307
6.816377 0.036072
6.821378 0.039131
6.826379 0.042256
6.831380 0.048691
6.836381 0.057929
6.841382 0.067316
6.846383 0.071582
6.851384 0.067671
6.856385 0.056453
6.861386 0.040700
6.866387 0.025315
6.871388 0.014807
6.876389 0.008143
6.881390 0.002092
6.886391 -0.006243
6.891392 -0.019529
6.896393 -0.036152
6.901395 -0.052247
6.906396 -0.061265
6.911397 -0.062718
6.916398 -0.062870
6.921399 -0.061158
6.926400 -0.056400
6.931401 -0.052309
6.936402 -0.051819
6.941403 -0.052331
6.946404 -0.050468
6.951405 -0.050134
6.956406 -0.055944
6.961407 -0.064993
6.966408 -0.072091
6.971409 -0.077796
6.976410 -0.083478
6.981411 -0.087577
6.986412 -0.089753
6.991413 -0.093318
6.996414 -0.103496
7.001415 -0.120835
7.006416 -0.141008
7.011417 -0.161414
7.016418 -0.180653
7.021419 -0.194934
7.026420 -0.205227
7.031421 -0.216056
7.036422 -0.230278
7.041423 -0.248972
7.046424 -0.267767
7.051425 -0.283395
7.056426 -0.294546
7.061427 -0.301175
7.066428 -0.304179
7.071429 -0.301850
7.076430 -0.292765
7.081431 -0.272872
7.086432 -0.242897
7.091433 -0.209879
7.096434 -0.175721
7.101435 -0.138240
7.106436 -0.092207
7.111437 -0.030671
7.116438 0.045918
7.121439 0.130842
7.126440 0.217901
7.131441 0.297378
7.136442 0.363934
7.141443 0.420969
7.146444 0.466378
7.151445 0.496182
7.156446 0.512729
7.161447 0.518000
7.166448 0.510781
7.171449 0.490525
7.176450 0.460692
7.181451 0.431266
7.186452 0.407940
7.191453 0.387431
7.196454 0.368211
7.201455 0.351505
7.206456 0.339361
7.211457 0.329977
7.216458 0.317973
7.221459 0.301328
7.226460 0.278826
7.231461 0.248960
7.236462 0.212953
7.241463 0.174391
7.246464 0.135330
7.251465 0.094081
7.256466 0.046427
7.261467 -0.010640
7.266468 -0.072003
7.271469 -0.130221
7.276470 -0.184898
7.281471 -0.237941
7.286472 -0.288877
7.291473 -0.334070
7.296474 -0.371272
7.301475 -0.398036
7.306476 -0.409247
7.311477 -0.405164
7.316478 -0.389787
7.321479 -0.366250
7.326480 -0.337355
7.331481 -0.307856
7.336482 -0.283842
7.341483 -0.268160
7.346484 -0.261024
7.351485 -0.260537
7.356486 -0.264107
7.361487 -0.268166
7.366488 -0.266201
7.371489 -0.254067
7.376491 -0.235487
7.381492 -0.217699
7.386493 -0.200963
7.391494 -0.178451
7.396495 -0.142139
7.401496 -0.086459
7.406497 -0.013526
7.411498 0.066841
7.416499 0.143044
7.421500 0.209982
7.426501 0.268025
7.431502 0.316466
7.436503 0.356835
7.441504 0.391477
7.446505 0.418924
7.451506 0.436345
7.456507 0.442216
7.461508 0.436564
7.466509 0.421489
7.471510 0.398215
7.476511 0.365870
7.481512 0.324077
7.486513 0.273314
7.491514 0.216255
7.496515 0.159906
7.501516 0.112657
7.506517 0.076652
7.511518 0.046665
7.516519 0.017464
7.521520 -0.011459
7.526521 -0.038548
7.531522 -0.063202
7.536523 -0.085596
7.541524 -0.103879
7.546525 -0.116182
7.551526 -0.124666
7.556527 -0.133632
7.561528 -0.145973
7.566529 -0.160382
7.571530 -0.176613
7.576531 -0.195631
7.581532 -0.216167
7.586533 -0.235779
7.591534 -0.247397
7.596535 -0.246011
7.601536 -0.232638
7.606537 -0.209711
7.611538 -0.182073
7.616539 -0.155340
7.621540 -0.133373
7.626541 -0.117015
7.631542 -0.102129
7.636543 -0.085142
7.641544 -0.067873
7.646545 -0.052525
7.651546 -0.039089
7.656547 -0.026502
7.661548 -0.013626
7.666549 0.000074
7.671550 0.017302
7.676551 0.038970
7.681552 0.062500
7.686553 0.087039
7.691554 0.109678
7.696555 0.127391
7.701556 0.138205
7.706557 0.141689
7.711558 0.142942
7.716559 0.142417
7.721560 0.138214
7.726561 0.134389
7.731562 0.132294
7.736563 0.128806
7.741564 0.122335
7.746565 0.113766
7.751566 0.105551
7.756567 0.099400
7.761568 0.095486
7.766569 0.093833
7.771570 0.093081
7.776571 0.089318
7.781572 0.080169
7.786573 0.066539
7.791574 0.050374
7.796575 0.033797
7.801576 0.017404
7.806577 0.000133
7.811578 -0.019041
7.816579 -0.038118
7.821580 -0.055025
7.826581 -0.070685
7.831582 -0.086703
7.836583 -0.104321
7.841584 -0.122255
7.846585 -0.137875
7.851586 -0.149044
7.856588 -0.153305
7.861589 -0.148276
7.866590 -0.134314
7.871591 -0.116326
7.876592 -0.099604
7.881593 -0.086486
7.886594 -0.076102
7.891595 -0.065737
7.896596 -0.055712
7.901597 -0.046666
7.906598 -0.036873
7.911599 -0.027192
7.916600 -0.018434
7.921601 -0.011621
7.926602 -0.007357
7.931603 -0.003630
7.936604 0.000097
7.941605 0.004719
7.946606 0.011650
7.951607 0.019638
7.956608 0.027489
7.961609 0.035102
7.966610 0.041135
7.971611 0.044425
7.976612 0.046116
7.981613 0.047765
7.986614 0.049442
7.991615 0.051364
7.996616 0.053289
8.001617 0.055030
8.006618 0.056546
8.011619 0.055678
8.016620 0.051460
8.021621 0.044312
8.026622 0.036541
8.031623 0.032570
8.036624 0.035193
8.041625 0.044720
8.046626 0.057102
8.051627 0.065987
8.056628 0.068205
8.061629 0.063593
8.066630 0.052827
8.071631 0.037749
8.076632 0.020564
8.081633 0.001923
8.086634 -0.017119
8.091635 -0.034999
8.096636 -0.049162
8.101637 -0.056763
8.106638 -0.058278
8.111639 -0.055538
8.116640 -0.051519
8.121641 -0.049288
8.126642 -0.050977
8.131643 -0.057082
8.136644 -0.065682
8.141645 -0.075462
8.146646 -0.085328
8.151647 -0.094933
8.156648 -0.103129
8.161649 -0.107070
8.166650 -0.105195
8.171651 -0.097879
8.176652 -0.087201
8.181653 -0.075005
8.186654 -0.061999
8.191655 -0.048540
8.196656 -0.035703
8.201657 -0.024769
8.206658 -0.014618
8.211659 -0.002175
8.216660 0.014760
8.221661 0.034879
8.226662 0.054260
8.231663 0.070005
8.236664 0.080178
8.241665 0.085419
8.246666 0.088132
8.251667 0.089159
8.256668 0.090005
8.261669 0.091874
8.266670 0.094189
8.271671 0.096237
8.276672 0.097924
8.281673 0.099751
8.286674 0.102223
8.291675 0.105173
8.296676 0.107469
8.301677 0.107428
8.306678 0.102495
8.311679 0.090883
8.316680 0.073991
8.321681 0.055529
8.326682 0.037601
8.331684 0.020223
8.336685 0.004329
8.341686 -0.009209
8.346687 -0.021141
8.351688 -0.033458
8.356689 -0.046896
8.361690 -0.060044
8.366691 -0.071250
8.371692 -0.078666
8.376693 -0.081601
8.381694 -0.080501
8.386695 -0.076463
8.391696 -0.071877
8.396697 -0.067971
8.401698 -0.064429
8.406699 -0.060973
8.411700 -0.057817
8.416701 -0.055558
8.421702 -0.055033
8.426703 -0.056849
8.431704 -0.060323
8.436705 -0.063364
8.441706 -0.063261
8.446707 -0.058712
8.451708 -0.050557
8.456709 -0.040823
8.461710 -0.032147
8.466711 -0.026833
8.471712 -0.026686
8.476713 -0.031195
8.481714 -0.037197
8.486715 -0.041907
8.491716 -0.043034
8.496717 -0.040016
8.501718 -0.034108
8.506719 -0.025998
8.511720 -0.016360
8.516721 -0.004877
8.521722 0.009062
8.526723 0.023878
8.531724 0.038072
8.536725 0.050589
8.541726 0.060915
8.546727 0.069892
8.551728 0.076754
8.556729 0.080801
8.561730 0.082630
8.566731 0.081463
8.571732 0.076302
8.576733 0.067102
8.581734 0.055063
8.586735 0.041251
8.591736 0.025873
8.596737 0.010079
8.601738 -0.004829
8.606739 -0.017435
8.611740 -0.026010
8.616741 -0.030723
8.621742 -0.032380
8.626743 -0.031268
8.631744 -0.028217
8.636745 -0.023917
8.641746 -0.019736
8.646747 -0.017416
8.651748 -0.018431
8.656749 -0.022820
8.661750 -0.028366
8.666751 -0.032906
8.671752 -0.033983
8.676753 -0.030680
8.681754 -0.023173
8.686755 -0.011629
8.691756 0.001511
8.696757 0.014465
8.701758 0.026062
8.706759 0.034994
8.711760 0.042169
8.716761 0.048711
8.721762 0.055281
8.726763 0.062037
8.731764 0.067292
8.736765 0.069792
8.741766 0.069644
8.746767 0.067840
8.751768 0.064385
8.756769 0.058274
8.761770 0.050318
8.766771 0.041197
8.771772 0.031372
8.776773 0.021176
8.781774 0.010307
8.786775 -0.000942
8.791776 -0.012489
8.796777 -0.023766
8.801778 -0.033138
8.806780 -0.039453
8.811781 -0.042947
8.816782 -0.043951
8.821783 -0.042574
8.826784 -0.039646
8.831785 -0.036266
8.836786 -0.033338
8.841787 -0.031098
8.846788 -0.029377
8.851789 -0.028277
8.856790 -0.028147
8.861791 -0.029497
8.866792 -0.032025
8.871793 -0.035354
8.876794 -0.039371
8.881795 -0.042355
8.886796 -0.043455
8.891797 -0.043577
8.896798 -0.043195
8.901799 -0.042447
8.906800 -0.041053
8.911801 -0.039106
8.916802 -0.036890
8.921803 -0.033910
8.926804 -0.029827
8.931805 -0.024563
8.936806 -0.017126
8.941807 -0.005804
8.946808 0.009264
8.951809 0.026189
8.956810 0.043022
8.961811 0.057806
8.966812 0.069052
8.971813 0.076143
8.976814 0.080120
8.981815 0.083143
8.986816 0.085546
8.991817 0.086516
8.996818 0.084921
9.001819 0.079875
9.006820 0.071809
9.011821 0.061436
9.016822 0.050009
9.021823 0.039369
9.026824 0.030222
9.031825 0.022077
9.036826 0.014716
9.041827 0.007686
9.046828 0.001335
9.051829 -0.003904
9.056830 -0.008790
9.061831 -0.013049
9.066832 -0.016598
9.071833 -0.020116
9.076834 -0.023984
9.081835 -0.029437
9.086836 -0.036953
9.091837 -0.045313
9.096838 -0.053101
9.101839 -0.058657
9.106840 -0.060924
9.111841 -0.060549
9.116842 -0.058720
9.121843 -0.056327
9.126844 -0.053960
9.131845 -0.051876
9.136846 -0.050434
9.141847 -0.048620
9.146848 -0.045885
9.151849 -0.043336
9.156850 -0.040849
9.161851 -0.037792
9.166852 -0.033170
9.171853 -0.026251
9.176854 -0.017326
9.181855 -0.007088
9.186856 0.003606
9.191857 0.013587
9.196858 0.021660
9.201859 0.028079
9.206860 0.032575
9.211861 0.034317
9.216862 0.032477
9.221863 0.026736
9.226864 0.018326
9.231865 0.008132
9.236866 -0.001474
9.241867 -0.008274
9.246868 -0.012086
9.251869 -0.013167
9.256870 -0.012464
9.261871 -0.010691
9.266872 -0.008407
9.271873 -0.006313
9.276874 -0.004551
9.281876 -0.002774
9.286877 -0.000681
9.291878 0.002009
9.296879 0.005061
9.301880 0.008134
9.306881 0.010825
9.311882 0.012227
9.316883 0.012066
9.321884 0.010716
9.326885 0.009267
9.331886 0.008965
9.336887 0.010252
9.341888 0.014032
9.346889 0.020948
9.351890 0.029939
9.356891 0.039877
9.361892 0.050005
9.366893 0.059116
9.371894 0.065966
9.376895 0.069240
9.381896 0.067766
9.386897 0.060944
9.391898 0.049446
9.396899 0.035550
9.401900 0.021885
9.406901 0.010828
9.411902 0.002402
9.416903 -0.004737
9.421904 -0.011099
9.426905 -0.017712
9.431906 -0.024816
9.436907 -0.032641
9.441908 -0.040985
9.446909 -0.048259
9.451910 -0.053873
9.456911 -0.056402
9.461912 -0.054270
9.466913 -0.048124
9.471914 -0.040365
9.476915 -0.032876
9.481916 -0.026454
9.486917 -0.021618
9.491918 -0.018685
9.496919 -0.018016
9.501920 -0.018489
9.506921 -0.019229
9.511922 -0.020436
9.516923 -0.021796
9.521924 -0.023353
9.526925 -0.024591
9.531926 -0.025091
9.536927 -0.025156
9.541928 -0.023840
9.546929 -0.021855
9.551930 -0.020823
9.556931 -0.020449
9.561932 -0.020528
9.566933 -0.019778
9.571934 -0.017577
9.576935 -0.013922
9.581936 -0.007553
9.586937 0.001195
9.591938 0.011214
9.596939 0.021619
9.601940 0.031073
9.606941 0.038303
9.611942 0.042605
9.616943 0.044279
9.621944 0.044559
9.626945 0.044482
9.631946 0.044165
9.636947 0.043943
9.641948 0.044471
9.646949 0.045654
9.651950 0.046899
9.656951 0.046978
9.661952 0.045229
9.666953 0.041996
9.671954 0.036707
9.676955 0.029729
9.681956 0.021954
9.686957 0.013510
9.691958 0.004941
9.696959 -0.003994
9.701960 -0.012167
9.706961 -0.018408
9.711962 -0.023477
9.716963 -0.026829
9.721964 -0.028849
9.726965 -0.030225
9.731966 -0.030840
9.736967 -0.031307
9.741968 -0.030509
9.746969 -0.027711
9.751970 -0.022934
9.756972 -0.015708
9.761973 -0.006891
9.766974 0.002426
9.771975 0.011543
9.776976 0.018785
9.781977 0.023419
9.786978 0.025947
9.791979 0.025550
9.796980 0.022430
9.801981 0.017453
9.806982 0.011126
9.811983 0.004247
9.816984 -0.002925
9.821985 -0.009134
9.826986 -0.013848
9.831987 -0.017531
9.836988 -0.020881
9.841989 -0.024119
9.846990 -0.026387
9.851991 -0.027615
9.856992 -0.027633
9.861993 -0.026802
9.866994 -0.025535
9.871995 -0.024051
9.876996 -0.022944
9.881997 -0.022094
9.886998 -0.021252
9.891999 -0.020623
9.897000 -0.020293
9.902001 -0.019101
9.907002 -0.016253
9.912003 -0.011815
9.917004 -0.006694
9.922005 -0.001637
9.927006 0.003010
9.932007 0.006506
9.937008 0.008791
9.942009 0.010089
9.947010 0.010902
9.952011 0.010435
9.957012 0.007950
9.962013 0.004419
9.967014 0.000242
9.972015 -0.003797
9.977016 -0.006771
9.982017 -0.008080
9.987018 -0.007230
9.992019 -0.004779
9.997020 -0.001335
10.002021 0.002821
10.007022 0.006741
10.012023 0.008797
10.017024 0.008214
10.022025 0.006164
10.027026 0.003603
10.032027 0.001206
10.037028 -0.000291
10.042029 0.000321
10.047030 0.003372
10.052031 0.006900
10.057032 0.010203
10.062033 0.012383
10.067034 0.012633
10.072035 0.011592
10.077036 0.009644
10.082037 0.008875
10.087038 0.010544
10.092039 0.014390
10.097040 0.020778
10.102041 0.028919
10.107042 0.037239
10.112043 0.044259
10.117044 0.048966
10.122045 0.051099
10.127046 0.051094
10.132047 0.048637
10.137048 0.043973
10.142049 0.038831
10.147050 0.033399
10.152051 0.027837
10.157052 0.022681
10.162053 0.018462
10.167054 0.015650
10.172055 0.013707
10.177056 0.012228
10.182057 0.011048
10.187058 0.010149
10.192059 0.008762
10.197060 0.006541
10.202061 0.003551
10.207062 -0.000084
10.212063 -0.004017
10.217064 -0.008336
10.222065 -0.011842
10.227066 -0.014098
10.232068 -0.015956
10.237069 -0.017427
10.242070 -0.018171
10.247071 -0.017844
10.252072 -0.017203
10.257073 -0.016819
10.262074 -0.016212
10.267075 -0.015490
10.272076 -0.014662
10.277077 -0.013403
10.282078 -0.011567
10.287079 -0.009001
10.292080 -0.006736
10.297081 -0.005705
10.302082 -0.005722
10.307083 -0.007115
10.312084 -0.010187
10.317085 -0.014407
10.322086 -0.018933
10.327087 -0.022662
10.332088 -0.025079
10.337089 -0.026180
10.342090 -0.025158
10.347091 -0.021987
10.352092 -0.017470
10.357093 -0.012190
10.362094 -0.006327
10.367095 -0.000547
10.372096 0.003764
10.377097 0.006318
10.382098 0.006903
10.387099 0.005237
10.392100 0.001099
10.397101 -0.005491
10.402102 -0.013310
10.407103 -0.021354
10.412104 -0.028811
10.417105 -0.034714
10.422106 -0.038391
10.427107 -0.039022
10.432108 -0.036304
10.437109 -0.031242
10.442110 -0.024453
10.447111 -0.016366
10.452112 -0.008468
10.457113 -0.001560
10.462114 0.004232
10.467115 0.008509
10.472116 0.011198
10.477117 0.012286
10.482118 0.012180
10.487119 0.011826
10.492120 0.011061
10.497121 0.009939
10.502122 0.008956
10.507123 0.008456
10.512124 0.009176
10.517125 0.011242
10.522126 0.015175
10.527127 0.021036
10.532128 0.028264
10.537129 0.036316
10.542130 0.044624
10.547131 0.052524
10.552132 0.058575
10.557133 0.061937
10.562134 0.063013
10.567135 0.062529
10.572136 0.060295
10.577137 0.056183
10.582138 0.050339
10.587139 0.042687
10.592140 0.033727
10.597141 0.023302
10.602142 0.012582
10.607143 0.003193
10.612144 -0.005057
10.617145 -0.012239
10.622146 -0.018935
10.627147 -0.025805
10.632148 -0.033176
10.637149 -0.041120
10.642150 -0.049274
10.647151 -0.057023
10.652152 -0.063559
10.657153 -0.068849
10.662154 -0.072427
10.667155 -0.074148
10.672156 -0.074332
10.677157 -0.072555
10.682158 -0.068629
10.687159 -0.062164
10.692160 -0.053217
10.697161 -0.041952
10.702162 -0.028494
10.707164 -0.013833
10.712165 0.000570
10.717166 0.013180
10.722167 0.023719
10.727168 0.031818
10.732169 0.036603
10.737170 0.037731
10.742171 0.035590
10.747172 0.031132
10.752173 0.025483
10.757174 0.019628
10.762175 0.014291
10.767176 0.010231
10.772177 0.007173
10.777178 0.005567
10.782179 0.005873
10.787180 0.007477
10.792181 0.010370
10.797182 0.014159
10.802183 0.018280
10.807184 0.022427
10.812185 0.025790
10.817186 0.027083
10.822187 0.026295
10.827188 0.023653
10.832189 0.019431
10.837190 0.015017
10.842191 0.011134
10.847192 0.008526
10.852193 0.006895
10.857194 0.005404
10.862195 0.004398
10.867196 0.003424
10.872197 0.001751
10.877198 -0.000648
10.882199 -0.003639
10.887200 -0.006732
10.892201 -0.009436
10.897202 -0.011718
10.902203 -0.012963
10.907204 -0.013080
10.912205 -0.013064
10.917206 -0.012680
10.922207 -0.011829
10.927208 -0.010885
10.932209 -0.009890
10.937210 -0.009504
10.942211 -0.009307
10.947212 -0.009094
10.952213 -0.009400
10.957214 -0.009631
10.962215 -0.009445
10.967216 -0.008667
10.972217 -0.007474
10.977218 -0.005653
10.982219 -0.002863
10.987220 0.000480
10.992221 0.004533
10.997222 0.009137
11.002223 0.014583
11.007224 0.020764
11.012225 0.026899
11.017226 0.033157
11.022227 0.038974
11.027228 0.044224
11.032229 0.048883
11.037230 0.052055
11.042231 0.054034
11.047232 0.055161
11.052233 0.054718
11.057234 0.052647
11.062235 0.049170
11.067236 0.044176
11.072237 0.037798
11.077238 0.030121
11.082239 0.022023
11.087240 0.014257
11.092241 0.006642
11.097242 -0.000222
11.102243 -0.006279
11.107244 -0.011406
11.112245 -0.015763
11.117246 -0.020677
11.122247 -0.025895
11.127248 -0.031532
11.132249 -0.037923
11.137250 -0.044739
11.142251 -0.051649
11.147252 -0.057974
11.152253 -0.063474
11.157254 -0.068168
11.162255 -0.072067
11.167256 -0.074922
11.172257 -0.077072
11.177258 -0.078724
11.182259 -0.079361
11.187261 -0.078613
11.192262 -0.076773
11.197263 -0.074282
11.202264 -0.070750
11.207265 -0.066174
11.212266 -0.061274
11.217267 -0.055776
11.222268 -0.049250
11.227269 -0.042007
11.232270 -0.033935
11.237271 -0.025557
11.242272 -0.017023
11.247273 -0.008221
11.252274 0.000061
11.257275 0.007589
11.262276 0.014881
11.267277 0.022068
11.272278 0.028796
11.277279 0.035454
11.282280 0.042089
11.287281 0.048641
11.292282 0.054445
11.297283 0.058860
11.302284 0.062196
11.307285 0.063827
11.312286 0.063925
11.317287 0.062532
11.322288 0.060159
11.327289 0.058293
11.332290 0.056555
11.337291 0.055190
11.342292 0.054499
11.347293 0.054100
11.352294 0.053719
11.357295 0.052642
11.362296 0.050897
11.367297 0.048851
11.372298 0.046177
11.377299 0.042654
11.382300 0.038692
11.387301 0.034688
11.392302 0.029959
11.397303 0.024271
11.402304 0.018355
11.407305 0.012579
11.412306 0.006946
11.417307 0.001781
11.422308 -0.002363
11.427309 -0.005278
11.432310 -0.007340
11.437311 -0.008960
11.442312 -0.009874
11.447313 -0.010259
11.452314 -0.010930
11.457315 -0.012269
11.462316 -0.014372
11.467317 -0.017476
11.472318 -0.022236
11.477319 -0.028723
11.482320 -0.036263
11.487321 -0.044591
11.492322 -0.053320
11.497323 -0.061348
11.502324 -0.067645
11.507325 -0.071344
11.512326 -0.071991
11.517327 -0.069843
11.522328 -0.065099
11.527329 -0.058181
11.532330 -0.050321
11.537331 -0.042897
11.542332 -0.036196
11.547333 -0.030408
11.552334 -0.026291
11.557335 -0.023564
11.562336 -0.021539
11.567337 -0.019694
11.572338 -0.017732
11.577339 -0.015710
11.582340 -0.013407
11.587341 -0.010637
11.592342 -0.007985
11.597343 -0.005945
11.602344 -0.003849
11.607345 -0.001245
11.612346 0.001616
11.617347 0.004901
11.622348 0.008670
11.627349 0.013482
11.632350 0.019058
11.637351 0.024424
11.642352 0.030057
11.647353 0.035663
11.652354 0.040825
11.657355 0.045403
11.662357 0.049278
11.667358 0.053003
11.672359 0.056003
11.677360 0.058096
11.682361 0.059929
11.687362 0.061532
11.692363 0.062576
11.697364 0.063128
11.702365 0.062815
11.707366 0.061604
11.712367 0.059317
11.717368 0.055508
11.722369 0.050987
11.727370 0.045609
11.732371 0.039499
11.737372 0.033077
11.742373 0.026274
11.747374 0.019607
11.752375 0.013087
11.757376 0.006504
11.762377 0.000406
11.767378 -0.004746
11.772379 -0.009637
11.777380 -0.014451
11.782381 -0.019295
11.787382 -0.024465
11.792383 -0.029886
11.797384 -0.035881
11.802385 -0.041934
11.807386 -0.047163
11.812387 -0.051973
11.817388 -0.056125
11.822389 -0.059064
11.827390 -0.060984
11.832391 -0.061961
11.837392 -0.062214
11.842393 -0.061453
11.847394 -0.059093
11.852395 -0.055442
11.857396 -0.050785
11.862397 -0.044723
11.867398 -0.037660
11.872399 -0.029917
11.877400 -0.021986
11.882401 -0.014299
11.887402 -0.007021
11.892403 -0.001113
11.897404 0.003415
11.902405 0.006555
11.907406 0.008840
11.912407 0.010911
11.917408 0.012413
11.922409 0.013812
11.927410 0.015417
11.932411 0.017009
11.937412 0.018470
11.942413 0.020007
11.947414 0.021642
11.952415 0.023286
11.957416 0.025004
11.962417 0.026613
11.967418 0.028013
11.972419 0.028722
11.977420 0.028133
11.982421 0.026368
11.987422 0.023606
11.992423 0.019418
11.997424 0.013895
12.002425 0.007717
12.007426 0.001432
12.012427 -0.004670
12.017428 -0.010483
12.022429 -0.015242
12.027430 -0.018669
12.032431 -0.020862
12.037432 -0.021650
12.042433 -0.020981
12.047434 -0.018341
12.052435 -0.014721
12.057436 -0.011081
12.062437 -0.007189
12.067438 -0.003475
12.072439 -0.000424
12.077440 0.001560
12.082441 0.002461
12.087442 0.002687
12.092443 0.002376
12.097444 0.001509
12.102445 0.000424
12.107446 0.000046
12.112447 0.000115
12.117448 0.000534
12.122449 0.001818
12.127450 0.003427
12.132451 0.004906
12.137453 0.005784
12.142454 0.005866
12.147455 0.005246
12.152456 0.003541
12.157457 0.000943
12.162458 -0.001861
12.167459 -0.004382
12.172460 -0.006161
12.177461 -0.006810
12.182462 -0.006096
12.187463 -0.003592
12.192464 -0.000145
12.197465 0.003639
12.202466 0.007679
12.207467 0.011273
12.212468 0.014127
12.217469 0.015303
12.222470 0.015274
12.227471 0.014568
12.232472 0.012536
12.237473 0.009833
12.242474 0.006732
12.247475 0.003128
12.252476 -0.000727
12.257477 -0.005160
12.262478 -0.010097
12.267479 -0.014426
12.272480 -0.018920
12.277481 -0.023484
12.282482 -0.026601
12.287483 -0.028820
12.292484 -0.029735
12.297485 -0.028948
12.302486 -0.026589
12.307487 -0.022038
12.312488 -0.016123
12.317489 -0.009515
12.322490 -0.002093
12.327491 0.005328
12.332492 0.012102
12.337493 0.017958
12.342494 0.023111
12.347495 0.027612
12.352496 0.030841
12.357497 0.032730
12.362498 0.033404
12.367499 0.033094
12.372500 0.031887
12.377501 0.029797
12.382502 0.027364
12.387503 0.024875
12.392504 0.022269
12.397505 0.019511
12.402506 0.017097
12.407507 0.014988
12.412508 0.012923
12.417509 0.011223
12.422510 0.009798
12.427511 0.008528
12.432512 0.006808
12.437513 0.003641
12.442514 -0.000869
12.447515 -0.006660
12.452516 -0.013756
12.457517 -0.021709
12.462518 -0.029773
12.467519 -0.036869
12.472520 -0.043159
12.477521 -0.048329
12.482522 -0.051336
12.487523 -0.052731
12.492524 -0.052807
12.497525 -0.051539
12.502526 -0.049014
12.507527 -0.044956
12.512528 -0.039940
12.517529 -0.034640
12.522530 -0.028966
12.527531 -0.023279
12.532532 -0.018076
12.537533 -0.013779
12.542534 -0.010155
12.547535 -0.006506
12.552536 -0.003419
12.557537 -0.000661
12.562538 0.002300
12.567539 0.005145
12.572540 0.007595
12.577541 0.009197
12.582542 0.010734
12.587543 0.012564
12.592544 0.014343
12.597545 0.016670
12.602546 0.020013
12.607547 0.024076
12.612549 0.028515
12.617550 0.032900
12.622551 0.036742
12.627552 0.040016
12.632553 0.042023
12.637554 0.042703
12.642555 0.042194
12.647556 0.040579
12.652557 0.038314
12.657558 0.034718
12.662559 0.030596
12.667560 0.026501
12.672561 0.021868
12.677562 0.017382
12.682563 0.012977
12.687564 0.009017
12.692565 0.005892
12.697566 0.002644
12.702567 -0.000399
12.707568 -0.002876
12.712569 -0.005604
12.717570 -0.008730
12.722571 -0.011839
12.727572 -0.015011
12.732573 -0.018411
12.737574 -0.021963
12.742575 -0.025445
12.747576 -0.028468
12.752577 -0.030961
12.757578 -0.033039
12.762579 -0.034336
12.767580 -0.034286
12.772581 -0.032900
12.777582 -0.030419
12.782583 -0.026787
12.787584 -0.021937
12.792585 -0.016487
12.797586 -0.010765
12.802587 -0.004646
12.807588 0.001639
12.812589 0.007890
12.817590 0.013639
12.822591 0.018957
12.827592 0.023956
12.832593 0.027885
12.837594 0.030827
12.842595 0.033254
12.847596 0.034971
12.852597 0.035870
12.857598 0.035982
12.862599 0.035568
12.867600 0.034934
12.872601 0.033622
12.877602 0.031359
12.882603 0.028744
12.887604 0.025835
12.892605 0.022368
12.897606 0.018153
12.902607 0.013535
12.907608 0.008856
12.912609 0.003880
12.917610 -0.001096
12.922611 -0.005669
12.927612 -0.009574
12.932613 -0.013059
12.937614 -0.016338
12.942615 -0.019167
12.947616 -0.021610
12.952617 -0.023705
12.957618 -0.026184
12.962619 -0.029029
12.967620 -0.031340
12.972621 -0.033709
12.977622 -0.035976
12.982623 -0.037476
12.987624 -0.038244
12.992625 -0.037982
12.997626 -0.036890
13.002627 -0.034797
13.007628 -0.031420
13.012629 -0.027565
13.017630 -0.023540
13.022631 -0.018973
13.027632 -0.014047
13.032633 -0.009310
13.037634 -0.005297
13.042635 -0.001864
13.047636 0.001248
13.052637 0.003707
13.057638 0.005449
13.062639 0.007037
13.067640 0.009123
13.072641 0.011400
13.077642 0.013946
13.082643 0.016951
13.087645 0.020299
13.092646 0.024040
13.097647 0.027365
13.102648 0.030639
13.107649 0.034068
13.112650 0.036926
13.117651 0.039112
13.122652 0.040340
13.127653 0.041003
13.132654 0.040944
13.137655 0.039529
13.142656 0.037229
13.147657 0.034034
13.152658 0.029517
13.157659 0.024120
13.162660 0.018089
13.167661 0.011829
13.172662 0.005685
13.177663 -0.000689
13.182664 -0.005986
13.187665 -0.009937
13.192666 -0.013357
13.197667 -0.015892
13.202668 -0.017903
13.207669 -0.019383
13.212670 -0.020819
13.217671 -0.022840
13.222672 -0.024745
13.227673 -0.026401
13.232674 -0.028205
13.237675 -0.030328
13.242676 -0.032275
13.247677 -0.033518
13.252678 -0.034229
13.257679 -0.034536
13.262680 -0.033952
13.267681 -0.032083
13.272682 -0.029423
13.277683 -0.026118
13.282684 -0.022102
13.287685 -0.017661
13.292686 -0.012943
13.297687 -0.008237
13.302688 -0.003480
13.307689 0.001311
13.312690 0.005305
13.317691 0.008352
13.322692 0.010538
13.327693 0.012085
13.332694 0.013063
13.337695 0.012889
13.342696 0.012144
13.347697 0.011168
13.352698 0.009463
13.357699 0.007243
13.362700 0.004901
13.367701 0.003004
13.372702 0.001043
13.377703 -0.001147
13.382704 -0.002535
13.387705 -0.003301
13.392706 -0.003828
13.397707 -0.003810
13.402708 -0.003076
13.407709 -0.002044
13.412710 -0.000820
13.417711 0.000664
13.422712 0.002079
13.427713 0.003247
13.432714 0.004224
13.437715 0.004784
13.442716 0.004755
13.447717 0.004539
13.452718 0.003897
13.457719 0.002545
13.462720 0.001142
13.467721 0.000129
13.472722 -0.000645
13.477723 -0.000991
13.482724 -0.000537
13.487725 0.000747
13.492726 0.002621
13.497727 0.004710
13.502728 0.006840
13.507729 0.008875
13.512730 0.010585
13.517731 0.011455
13.522732 0.011581
13.527733 0.011297
13.532734 0.010520
13.537735 0.009626
13.542736 0.009132
13.547737 0.009246
13.552738 0.009857
13.557739 0.010657
13.562741 0.011510
13.567742 0.012490
13.572743 0.012824
13.577744 0.012012
13.582745 0.010404
13.587746 0.007905
13.592747 0.004876
13.597748 0.001446
13.602749 -0.001968
13.607750 -0.004904
13.612751 -0.007951
13.617752 -0.010802
13.622753 -0.013029
13.627754 -0.014526
13.632755 -0.015432
13.637756 -0.016125
13.642757 -0.016306
13.647758 -0.015839
13.652759 -0.015089
13.657760 -0.014117
13.662761 -0.012832
13.667762 -0.011264
13.672763 -0.009579
13.677764 -0.007705
13.682765 -0.005519
13.687766 -0.003154
13.692767 -0.000691
13.697768 0.001821
13.702769 0.004608
13.707770 0.007933
13.712771 0.011455
13.717772 0.014900
13.722773 0.018353
13.727774 0.022012
13.732775 0.025074
13.737776 0.026888
13.742777 0.028283
13.747778 0.029099
13.752779 0.028953
13.757780 0.028002
13.762781 0.026331
13.767782 0.024367
13.772783 0.021491
13.777784 0.018056
13.782785 0.014707
13.787786 0.010835
13.792787 0.006869
13.797788 0.002816
13.802789 -0.001411
13.807790 -0.005291
13.812791 -0.009027
13.817792 -0.012601
13.822793 -0.015553
13.827794 -0.018124
13.832795 -0.020429
13.837796 -0.022378
13.842797 -0.024031
13.847798 -0.024894
13.852799 -0.025261
13.857800 -0.025308
13.862801 -0.024443
13.867802 -0.022769
13.872803 -0.020445
13.877804 -0.017690
13.882805 -0.014741
13.887806 -0.011324
13.892807 -0.007991
13.897808 -0.005214
13.902809 -0.002501
13.907810 -0.000097
13.912811 0.001911
13.917812 0.003460
13.922813 0.004662
13.927814 0.006084
13.932815 0.006979
13.937816 0.007322
13.942817 0.007289
13.947818 0.006788
13.952819 0.005845
13.957820 0.004122
13.962821 0.002072
13.967822 -0.000042
13.972823 -0.002288
13.977824 -0.004588
13.982825 -0.006637
13.987826 -0.007998
13.992827 -0.008991
13.997828 -0.009745
14.002829 -0.009896
14.007830 -0.009418
14.012831 -0.008623
14.017832 -0.007878
14.022833 -0.006986
14.027834 -0.006061
14.032835 -0.005383
14.037836 -0.005117
14.042838 -0.005266
14.047839 -0.005501
14.052840 -0.006026
14.057841 -0.007004
14.062842 -0.007901
14.067843 -0.008302
14.072844 -0.008357
14.077845 -0.008442
14.082846 -0.008056
14.087847 -0.007227
14.092848 -0.006170
14.097849 -0.004641
14.102850 -0.002916
14.107851 -0.000404
14.112852 0.002815
14.117853 0.006184
14.122854 0.010072
14.127855 0.014376
14.132856 0.018435
14.137857 0.021810
14.142858 0.024959
14.147859 0.027722
14.152860 0.029661
14.157861 0.030587
14.162862 0.030869
14.167863 0.030821
14.172864 0.029604
14.177865 0.027622
14.182866 0.025092
14.187867 0.021963
14.192868 0.018617
14.197869 0.014910
14.202870 0.011456
14.207871 0.008355
14.212872 0.005444
14.217873 0.002780
14.222874 0.000353
14.227875 -0.001593
14.232876 -0.003306
14.237877 -0.005191
14.242878 -0.006780
14.247879 -0.007708
14.252880 -0.008750
14.257881 -0.009897
14.262882 -0.010644
14.267883 -0.011443
14.272884 -0.012297
14.277885 -0.013155
14.282886 -0.014086
14.287887 -0.014526
14.292888 -0.015018
14.297889 -0.015599
14.302890 -0.015698
14.307891 -0.015484
14.312892 -0.014995
14.317893 -0.014491
14.322894 -0.013670
14.327895 -0.012294
14.332896 -0.010749
14.337897 -0.009209
14.342898 -0.007701
14.347899 -0.005768
14.352900 -0.003936
14.357901 -0.002721
14.362902 -0.001673
14.367903 -0.000957
14.372904 -0.000542
14.377905 -0.000853
14.382906 -0.001741
14.387907 -0.002422
14.392908 -0.003436
14.397909 -0.004950
14.402910 -0.006446
14.407911 -0.007596
14.412912 -0.008511
14.417913 -0.009177
14.422914 -0.009271
14.427915 -0.008361
14.432916 -0.006693
14.437917 -0.004558
14.442918 -0.001910
14.447919 0.001142
14.452920 0.004255
14.457921 0.006933
14.462922 0.009440
14.467923 0.011611
14.472924 0.013031
14.477925 0.013495
14.482926 0.013144
14.487927 0.012275
14.492928 0.010628
14.497929 0.008522
14.502930 0.006112
14.507931 0.003817
14.512932 0.001762
14.517934 -0.000572
14.522935 -0.002449
14.527936 -0.003616
14.532937 -0.004544
14.537938 -0.005158
14.542939 -0.005207
14.547940 -0.004768
14.552941 -0.004032
14.557942 -0.003358
14.562943 -0.002751
14.567944 -0.001344
14.572945 0.000206
14.577946 0.001488
14.582947 0.003080
14.587948 0.004983
14.592949 0.006774
14.597950 0.008275
14.602951 0.009892
14.607952 0.011238
14.612953 0.012305
14.617954 0.012921
14.622955 0.013066
14.627956 0.013314
14.632957 0.013182
14.637958 0.012422
14.642959 0.011464
14.647960 0.010570
14.652961 0.009435
14.657962 0.007935
14.662963 0.006096
14.667964 0.004430
14.672965 0.003017
14.677966 0.001212
14.682967 -0.000132
14.687968 -0.000991
14.692969 -0.002030
14.697970 -0.002811
14.702971 -0.003359
14.707972 -0.003520
14.712973 -0.003601
14.717974 -0.004133
14.722975 -0.004568
14.727976 -0.004943
14.732977 -0.005627
14.737978 -0.006654
14.742979 -0.007849
14.747980 -0.008748
14.752981 -0.009268
14.757982 -0.009863
14.762983 -0.009998
14.767984 -0.009290
14.772985 -0.008361
14.777986 -0.006981
14.782987 -0.005298
14.787988 -0.003320
14.792989 -0.001180
14.797990 0.000487
14.802991 0.002045
14.807992 0.003428
14.812993 0.004243
14.817994 0.004460
14.822995 0.004335
14.827996 0.004327
14.832997 0.004241
14.837998 0.003831
14.842999 0.003447
14.848000 0.003359
14.853001 0.003322
14.858002 0.003112
14.863003 0.002688
14.868004 0.002210
14.873005 0.001816
14.878006 0.001050
14.883007 0.000201
14.888008 -0.000426
14.893009 -0.001243
14.898010 -0.002142
14.903011 -0.003062
14.908012 -0.003935
14.913013 -0.004468
14.918014 -0.004949
14.923015 -0.005221
14.928016 -0.004882
14.933017 -0.004677
14.938018 -0.004596
14.943019 -0.004591
14.948020 -0.005164
14.953021 -0.005957
14.958022 -0.007336
14.963023 -0.009163
14.968024 -0.010938
14.973025 -0.012842
14.978026 -0.014821
14.983027 -0.016563
14.988028 -0.017682
14.993030 -0.018383
14.998031 -0.018729
15.003032 -0.018739
15.008033 -0.018051
15.013034 -0.016748
15.018035 -0.015594
15.023036 -0.014009
15.028037 -0.011956
15.033038 -0.010146
15.038039 -0.008197
15.043040 -0.006204
15.048041 -0.004176
15.053042 -0.002149
15.058043 -0.000653
15.063044 0.001135
15.068045 0.003542
15.073046 0.006047
15.078047 0.008862
15.083048 0.012085
15.088049 0.015536
15.093050 0.018828
15.098051 0.021856
15.103052 0.024872
15.108053 0.027433
15.113054 0.029206
15.118055 0.030073
15.123056 0.029942
15.128057 0.029059
15.133058 0.027039
15.138059 0.023548
15.143060 0.019195
15.148061 0.014541
15.153062 0.009119
15.158063 0.003315
15.163064 -0.002265
15.168065 -0.007621
15.173066 -0.012088
15.178067 -0.016256
15.183068 -0.019696
15.188069 -0.021784
15.193070 -0.023068
15.198071 -0.023344
15.203072 -0.022676
15.208073 -0.021023
15.213074 -0.018418
15.218075 -0.015049
15.223076 -0.010973
15.228077 -0.006115
15.233078 -0.000826
15.238079 0.004497
15.243080 0.009958
15.248081 0.015393
15.253082 0.020473
15.258083 0.024723
15.263084 0.028178
15.268085 0.031155
15.273086 0.033225
15.278087 0.034087
15.283088 0.034287
15.288089 0.033699
15.293090 0.032270
15.298091 0.030053
15.303092 0.026849
15.308093 0.023373
15.313094 0.019293
15.318095 0.014429
15.323096 0.009424
15.328097 0.004133
15.333098 -0.001161
15.338099 -0.006538
15.343100 -0.011941
15.348101 -0.016798
15.353102 -0.021336
15.358103 -0.025609
15.363104 -0.029472
15.368105 -0.032876
15.373106 -0.035573
15.378107 -0.038069
15.383108 -0.040221
15.388109 -0.041441
15.393110 -0.042432
15.398111 -0.043109
15.403112 -0.042995
15.408113 -0.042045
15.413114 -0.040291
15.418115 -0.038058
15.423116 -0.035386
15.428117 -0.031905
15.433118 -0.027876
15.438119 -0.023959
15.443120 -0.019848
15.448121 -0.015532
15.453122 -0.011353
15.458123 -0.007687
15.463124 -0.004589
15.468126 -0.001654
15.473127 0.000852
15.478128 0.002553
15.483129 0.003862
15.488130 0.005456
15.493131 0.006980
15.498132 0.007923
15.503133 0.009146
15.508134 0.010709
15.513135 0.012099
15.518136 0.013436
15.523137 0.014741
15.528138 0.016391
15.533139 0.018126
15.538140 0.019444
15.543141 0.021122
15.548142 0.022906
15.553143 0.024176
15.558144 0.025233
15.563145 0.026103
15.568146 0.026691
15.573147 0.026951
15.578148 0.026601
15.583149 0.026045
15.588150 0.025698
15.593151 0.025038
15.598152 0.023933
15.603153 0.022512
15.608154 0.021147
15.613155 0.019762
15.618156 0.017798
15.623157 0.015945
15.628158 0.014537
15.633159 0.012928
15.638160 0.011132
15.643161 0.009432
15.648162 0.007967
15.653163 0.006561
15.658164 0.004864
15.663165 0.003176
15.668166 0.001572
15.673167 -0.000018
15.678168 -0.001686
15.683169 -0.003735
15.688170 -0.005785
15.693171 -0.007415
15.698172 -0.009310
15.703173 -0.010903
15.708174 -0.011419
15.713175 -0.012078
15.718176 -0.012280
15.723177 -0.012037
15.728178 -0.011501
15.733179 -0.010303
15.738180 -0.009608
15.743181 -0.008653
15.748182 -0.007277
15.753183 -0.006395
15.758184 -0.005802
15.763185 -0.005524
15.768186 -0.005591
15.773187 -0.005781
15.778188 -0.006518
15.783189 -0.007614
15.788190 -0.008559
15.793191 -0.009732
15.798192 -0.011003
15.803193 -0.012142
15.808194 -0.013097
15.813195 -0.013863
15.818196 -0.014699
15.823197 -0.015516
15.828198 -0.015857
15.833199 -0.016171
15.838200 -0.016721
15.843201 -0.016983
15.848202 -0.017179
15.853203 -0.017211
15.858204 -0.017421
15.863205 -0.017511
15.868206 -0.016904
15.873207 -0.016416
15.878208 -0.015766
15.883209 -0.014647
15.888210 -0.013125
15.893211 -0.010988
15.898212 -0.008669
15.903213 -0.006113
15.908214 -0.002754
15.913215 0.000684
15.918216 0.003736
15.923217 0.006836
15.928218 0.009938
15.933219 0.012702
15.938220 0.014804
15.943222 0.016757
15.948223 0.018694
15.953224 0.020394
15.958225 0.021747
15.963226 0.022680
15.968227 0.023704
15.973228 0.024598
15.978229 0.024955
15.983230 0.024975
15.988231 0.025053
15.993232 0.025091
15.998233 0.024614
16.003234 0.023829
16.008235 0.023324
16.013236 0.022583
16.018237 0.021256
16.023238 0.020137
16.028239 0.019147
16.033240 0.018098
16.038241 0.016939
16.043242 0.015588
16.048243 0.014403
16.053244 0.013035
16.058245 0.011108
16.063246 0.009235
16.068247 0.007408
16.073248 0.005290
16.078249 0.003244
16.083250 0.001199
16.088251 -0.000645
16.093252 -0.002357
16.098253 -0.004502
16.103254 -0.006585
16.108255 -0.008564
16.113256 -0.010611
16.118257 -0.012819
16.123258 -0.015044
16.128259 -0.016827
16.133260 -0.018398
16.138261 -0.019923
16.143262 -0.021170
16.148263 -0.021821
16.153264 -0.021961
16.158265 -0.021997
16.163266 -0.021927
16.168267 -0.021165
16.173268 -0.020119
16.178269 -0.019382
16.183270 -0.018327
16.188271 -0.016968
16.193272 -0.015524
16.198273 -0.014107
16.203274 -0.012767
16.208275 -0.011048
16.213276 -0.009193
16.218277 -0.007606
16.223278 -0.006097
16.228279 -0.004548
16.233280 -0.003295
16.238281 -0.002299
16.243282 -0.001429
16.248283 -0.000593
16.253284 0.000115
16.258285 0.000327
16.263286 0.000462
16.268287 0.000642
16.273288 0.000610
16.278289 0.000352
16.283290 -0.000237
16.288291 -0.000748
16.293292 -0.001277
16.298293 -0.002102
16.303294 -0.003000
16.308295 -0.003787
16.313296 -0.004389
16.318297 -0.005146
16.323298 -0.005744
16.328299 -0.005830
16.333300 -0.005779
16.338301 -0.005798
16.343302 -0.005443
16.348303 -0.004654
16.353304 -0.003910
16.358305 -0.002938
16.363306 -0.001623
16.368307 0.000239
16.373308 0.002687
16.378309 0.005401
16.383310 0.008706
16.388311 0.012689
16.393312 0.016635
16.398313 0.020212
16.403314 0.023837
16.408315 0.026992
16.413316 0.029477
16.418318 0.031146
16.423319 0.031638
16.428320 0.031676
16.433321 0.030957
16.438322 0.029044
16.443323 0.026734
16.448324 0.024040
16.453325 0.020631
16.458326 0.016815
16.463327 0.012724
16.468328 0.008475
16.473329 0.004303
16.478330 -0.000010
16.483331 -0.004095
16.488332 -0.007477
16.493333 -0.010552
16.498334 -0.013398
16.503335 -0.015623
16.508336 -0.016917
16.513337 -0.017518
16.518338 -0.017922
16.523339 -0.017635
16.528340 -0.016337
16.533341 -0.014730
16.538342 -0.012875
16.543343 -0.010197
16.548344 -0.006941
16.553345 -0.003519
16.558346 -0.000001
16.563347 0.003545
16.568348 0.007399
16.573349 0.010961
16.578350 0.013895
16.583351 0.016486
16.588352 0.018342
16.593353 0.019708
16.598354 0.020149
16.603355 0.019767
16.608356 0.019214
16.613357 0.017866
16.618358 0.015803
16.623359 0.013703
16.628360 0.011666
16.633361 0.009436
16.638362 0.006938
16.643363 0.004374
16.648364 0.002100
16.653365 -0.000220
16.658366 -0.002815
16.663367 -0.005305
16.668368 -0.007804
16.673369 -0.010658
16.678370 -0.013637
16.683371 -0.016608
16.688372 -0.019472
16.693373 -0.022343
16.698374 -0.025408
16.703375 -0.028145
16.708376 -0.030345
16.713377 -0.031946
16.718378 -0.033272
16.723379 -0.034234
16.728380 -0.034143
16.733381 -0.033519
16.738382 -0.032667
16.743383 -0.031092
16.748384 -0.029014
16.753385 -0.026864
16.758386 -0.024444
16.763387 -0.021824
16.768388 -0.019014
16.773389 -0.016134
16.778390 -0.013431
16.783391 -0.010444
16.788392 -0.007267
16.793393 -0.004001
16.798394 -0.000750
16.803395 0.002617
16.808396 0.006442
16.813397 0.010194
16.818398 0.013807
16.823399 0.017372
16.828400 0.020880
16.833401 0.023928
16.838402 0.026267
16.843403 0.028316
16.848404 0.029850
16.853405 0.030514
16.858406 0.030182
16.863407 0.029459
16.868408 0.028497
16.873409 0.027022
16.878410 0.025090
16.883411 0.022908
16.888412 0.021018
16.893414 0.018988
16.898415 0.016698
16.903416 0.014442
16.908417 0.012324
16.913418 0.010302
16.918419 0.007763
16.923420 0.005260
16.928421 0.003148
16.933422 0.000833
16.938423 -0.001747
16.943424 -0.004262
16.948425 -0.006400
16.953426 -0.008496
16.958427 -0.010491
16.963428 -0.012189
16.968429 -0.013304
16.973430 -0.013783
16.978431 -0.014170
16.983432 -0.014065
16.988433 -0.013388
16.993434 -0.012493
16.998435 -0.011641
17.003436 -0.010663
17.008437 -0.009468
17.013438 -0.008549
17.018439 -0.007899
17.023440 -0.007339
17.028441 -0.006531
17.033442 -0.005665
17.038443 -0.004883
17.043444 -0.003855
17.048445 -0.002515
17.053446 -0.000660
17.058447 0.001238
17.063448 0.003378
17.068449 0.006228
17.073450 0.009029
17.078451 0.011480
17.083452 0.014064
17.088453 0.016352
17.093454 0.018050
17.098455 0.019243
17.103456 0.019306
17.108457 0.018949
17.113458 0.017973
17.118459 0.015627
17.123460 0.012841
17.128461 0.009889
17.133462 0.006636
17.138463 0.003106
17.143464 -0.000370
17.148465 -0.003462
17.153466 -0.006177
17.158467 -0.008683
17.163468 -0.010755
17.168469 -0.011827
17.173470 -0.012454
17.178471 -0.012743
17.183472 -0.012396
17.188473 -0.011639
17.193474 -0.010294
17.198475 -0.008890
17.203476 -0.007464
17.208477 -0.005511
17.213478 -0.003720
17.218479 -0.002270
17.223480 -0.000861
17.228481 0.000537
17.233482 0.001546
17.238483 0.001753
17.243484 0.001754
17.248485 0.001611
17.253486 0.000859
17.258487 -0.000378
17.263488 -0.001724
17.268489 -0.002864
17.273490 -0.003993
17.278491 -0.005402
17.283492 -0.006865
17.288493 -0.007707
17.293494 -0.008474
17.298495 -0.009591
17.303496 -0.010365
17.308497 -0.010870
17.313498 -0.011068
17.318499 -0.011329
17.323500 -0.011668
17.328501 -0.011392
17.333502 -0.010728
17.338503 -0.009990
17.343504 -0.008853
17.348505 -0.007179
17.353506 -0.005459
17.358507 -0.003662
17.363508 -0.001722
17.368509 0.000663
17.373511 0.003275
17.378512 0.005266
17.383513 0.007134
17.388514 0.009148
17.393515 0.011019
17.398516 0.012466
17.403517 0.013771
17.408518 0.015240
17.413519 0.016312
17.418520 0.016940
17.423521 0.017413
17.428522 0.017566
17.433523 0.017226
17.438524 0.016335
17.443525 0.015166
17.448526 0.014062
17.453527 0.012487
17.458528 0.010455
17.463529 0.008366
17.468530 0.006360
17.473531 0.004301
17.478532 0.002077
17.483533 0.000131
17.488534 -0.001599
17.493535 -0.003061
17.498536 -0.004233
17.503537 -0.004821
17.508538 -0.004613
17.513539 -0.004114
17.518540 -0.003583
17.523541 -0.002606
17.528542 -0.001080
17.533543 0.000188
17.538544 0.001205
17.543545 0.002069
17.548546 0.002973
17.553547 0.003587
17.558548 0.003535
17.563549 0.003093
17.568550 0.002423
17.573551 0.001388
17.578552 -0.000354
17.583553 -0.002086
17.588554 -0.003751
17.593555 -0.005697
17.598556 -0.007717
17.603557 -0.009454
17.608558 -0.010711
17.613559 -0.011935
17.618560 -0.012836
17.623561 -0.013598
17.628562 -0.013765
17.633563 -0.013501
17.638564 -0.013528
17.643565 -0.013280
17.648566 -0.012890
17.653567 -0.012385
17.658568 -0.011962
17.663569 -0.011807
17.668570 -0.011160
17.673571 -0.010406
17.678572 -0.010013
17.683573 -0.008882
17.688574 -0.007362
17.693575 -0.005974
17.698576 -0.004126
17.703577 -0.002619
17.708578 -0.001043
17.713579 0.000666
17.718580 0.001698
17.723581 0.002795
17.728582 0.003765
17.733583 0.004460
17.738584 0.005083
17.743585 0.005300
17.748586 0.005818
17.753587 0.006448
17.758588 0.006722
17.763589 0.007108
17.768590 0.007689
17.773591 0.008270
17.778592 0.008747
17.783593 0.009327
17.788594 0.010134
17.793595 0.010681
17.798596 0.010854
17.803597 0.011111
17.808598 0.011462
17.813599 0.011446
17.818600 0.011005
17.823601 0.010512
17.828602 0.010115
17.833603 0.009537
17.838604 0.008370
17.843605 0.007035
17.848607 0.005924
17.853608 0.004600
17.858609 0.003144
17.863610 0.001522
17.868611 -0.000117
17.873612 -0.001554
17.878613 -0.003658
17.883614 -0.005587
17.888615 -0.007027
17.893616 -0.008918
17.898617 -0.010695
17.903618 -0.012260
17.908619 -0.013347
17.913620 -0.014166
17.918621 -0.015047
17.923622 -0.015370
17.928623 -0.015271
17.933624 -0.014858
17.938625 -0.014200
17.943626 -0.013331
17.948627 -0.012138
17.953628 -0.010547
17.958629 -0.008910
17.963630 -0.007157
17.968631 -0.004839
17.973632 -0.002556
17.978633 -0.000472
17.983634 0.001644
17.988635 0.004052
17.993636 0.006388
17.998637 0.008319
18.003638 0.010201
18.008639 0.011803
18.013640 0.013055
18.018641 0.013901
18.023642 0.014168
18.028643 0.014173
18.033644 0.013728
18.038645 0.012540
18.043646 0.011129
18.048647 0.009712
18.053648 0.008010
18.058649 0.005956
18.063650 0.003856
18.068651 0.001981
18.073652 0.000072
18.078653 -0.001492
18.083654 -0.002758
18.088655 -0.003689
18.093656 -0.003895
18.098657 -0.004069
18.103658 -0.003874
18.108659 -0.003041
18.113660 -0.001898
18.118661 -0.000832
18.123662 0.000090
18.128663 0.001311
18.133664 0.002468
18.138665 0.003207
18.143666 0.003708
18.148667 0.004044
18.153668 0.004136
18.158669 0.003812
18.163670 0.003255
18.168671 0.002681
18.173672 0.001944
18.178673 0.000790
18.183674 -0.000591
18.188675 -0.001732
18.193676 -0.003120
18.198677 -0.004923
18.203678 -0.006650
18.208679 -0.008421
18.213680 -0.009998
18.218681 -0.011596
18.223682 -0.013279
18.228683 -0.014255
18.233684 -0.014937
18.238685 -0.015418
18.243686 -0.015321
18.248687 -0.014871
18.253688 -0.013955
18.258689 -0.012737
18.263690 -0.011156
18.268691 -0.009022
18.273692 -0.006551
18.278693 -0.004224
18.283694 -0.001982
18.288695 0.000735
18.293696 0.003055
18.298697 0.004730
18.303698 0.006084
18.308699 0.007416
18.313700 0.008690
18.318701 0.008945
18.323703 0.009097
18.328704 0.009517
18.333705 0.009596
18.338706 0.009482
18.343707 0.009447
18.348708 0.009857
18.353709 0.010427
18.358710 0.010752
18.363711 0.011351
18.368712 0.012196
18.373713 0.012894
18.378714 0.013482
18.383715 0.013734
18.388716 0.014171
18.393717 0.014377
18.398718 0.013737
18.403719 0.013201
18.408720 0.012611
18.413721 0.011572
18.418722 0.010239
18.423723 0.008689
18.428724 0.007095
18.433725 0.005468
18.438726 0.003365
18.443727 0.001252
18.448728 -0.000729
18.453729 -0.003019
18.458730 -0.005260
18.463731 -0.007538
18.468732 -0.009509
18.473733 -0.011089
18.478734 -0.012903
18.483735 -0.014343
18.488736 -0.015006
18.493737 -0.015607
18.498738 -0.016023
18.503739 -0.016194
18.508740 -0.015832
18.513741 -0.015034
18.518742 -0.014563
18.523743 -0.013772
18.528744 -0.012823
18.533745 -0.012051
18.538746 -0.011315
18.543747 -0.010876
18.548748 -0.010366
18.553749 -0.009873
18.558750 -0.009856
18.563751 -0.009757
18.568752 -0.009128
18.573753 -0.008707
18.578754 -0.008381
18.583755 -0.007470
18.588756 -0.006130
18.593757 -0.004712
18.598758 -0.002859
18.603759 -0.000703
18.608760 0.001489
18.613761 0.004040
18.618762 0.006334
18.623763 0.008311
18.628764 0.010353
18.633765 0.012078
18.638766 0.013119
18.643767 0.013590
18.648768 0.014017
18.653769 0.014091
18.658770 0.013520
18.663771 0.012585
18.668772 0.011736
18.673773 0.011064
18.678774 0.009888
18.683775 0.008616
18.688776 0.007903
18.693777 0.007159
18.698778 0.006231
18.703779 0.005581
18.708780 0.005179
18.713781 0.004825
18.718782 0.004467
18.723783 0.003979
18.728784 0.003859
18.733785 0.003759
18.738786 0.003225
18.743787 0.002827
18.748788 0.002571
18.753789 0.002412
18.758790 0.002121
18.763791 0.001554
18.768792 0.001322
18.773793 0.001114
18.778794 0.000471
18.783795 -0.000188
18.788796 -0.000541
18.793797 -0.001062
18.798799 -0.002079
18.803800 -0.003106
18.808801 -0.004038
18.813802 -0.004846
18.818803 -0.005807
18.823804 -0.006925
18.828805 -0.007589
18.833806 -0.008179
18.838807 -0.008780
18.843808 -0.009043
18.848809 -0.009285
18.853810 -0.009354
18.858811 -0.009478
18.863812 -0.009644
18.868813 -0.009382
18.873814 -0.009071
18.878815 -0.008952
18.883816 -0.008683
18.888817 -0.007912
18.893818 -0.007094
18.898819 -0.006597
18.903820 -0.005822
18.908821 -0.004638
18.913822 -0.003647
18.918823 -0.002704
18.923824 -0.001561
18.928825 -0.000395
18.933826 0.000832
18.938827 0.001890
18.943828 0.002764
18.948829 0.003954
18.953830 0.005226
18.958831 0.005990
18.963832 0.006910
18.968833 0.007925
18.973834 0.008689
18.978835 0.009233
18.983836 0.009432
18.988837 0.009841
18.993838 0.010036
18.998839 0.009822
19.003840 0.009758
19.008841 0.009618
19.013842 0.009266
19.018843 0.008641
19.023844 0.007853
19.028845 0.007168
19.033846 0.006328
19.038847 0.004928
19.043848 0.003652
19.048849 0.002648
19.053850 0.001419
19.058851 0.000200
19.063852 -0.000870
19.068853 -0.001713
19.073854 -0.002356
19.078855 -0.002979
19.083856 -0.003267
19.088857 -0.002911
19.093858 -0.002370
19.098859 -0.001863
19.103860 -0.001132
19.108861 -0.000059
19.113862 0.001023
19.118863 0.001826
19.123864 0.002811
19.128865 0.003791
19.133866 0.004612
19.138867 0.005270
19.143868 0.005634
19.148869 0.006139
19.153870 0.006477
19.158871 0.006459
19.163872 0.006347
19.168873 0.006094
19.173874 0.005919
19.178875 0.005361
19.183876 0.004417
19.188877 0.003613
19.193878 0.002782
19.198879 0.001700
19.203880 0.000528
19.208881 -0.000344
19.213882 -0.001083
19.218883 -0.002066
19.223884 -0.002961
19.228885 -0.003467
19.233886 -0.003963
19.238887 -0.004629
19.243888 -0.005114
19.248889 -0.005244
19.253890 -0.005465
19.258891 -0.006154
19.263892 -0.006715
19.268893 -0.006915
19.273895 -0.007279
19.278896 -0.007942
19.283897 -0.008510
19.288898 -0.009014
19.293899 -0.009591
19.298900 -0.010326
19.303901 -0.011044
19.308902 -0.011376
19.313903 -0.011852
19.318904 -0.012271
19.323905 -0.012327
19.328906 -0.012122
19.333907 -0.011635
19.338908 -0.011159
19.343909 -0.010467
19.348910 -0.009393
19.353911 -0.008174
19.358912 -0.006933
19.363913 -0.005639
19.368914 -0.004191
19.373915 -0.002631
19.378916 -0.001476
19.383917 -0.000303
19.388918 0.001071
19.393919 0.001895
19.398920 0.002472
19.403921 0.002911
19.408922 0.003496
19.413923 0.003950
19.418924 0.003590
19.423925 0.003401
19.428926 0.003350
19.433927 0.002804
19.438928 0.002242
19.443929 0.001628
19.448930 0.001044
19.453931 0.000690
19.458932 0.000061
19.463933 -0.000408
19.468934 -0.000412
19.473935 -0.000376
19.478936 -0.000313
19.483937 -0.000243
19.488938 0.000091
19.493939 0.000603
19.498940 0.000824
19.503941 0.001058
19.508942 0.001591
19.513943 0.001903
19.518944 0.002008
19.523945 0.002298
19.528946 0.002689
19.533947 0.002999
19.538948 0.003110
19.543949 0.003491
19.548950 0.004336
19.553951 0.005061
19.558952 0.005660
19.563953 0.006488
19.568954 0.007563
19.573955 0.008715
19.578956 0.009805
19.583957 0.010743
19.588958 0.011866
19.593959 0.012921
19.598960 0.013413
19.603961 0.013916
19.608962 0.014451
19.613963 0.014742
19.618964 0.014801
19.623965 0.014632
19.628966 0.014750
19.633967 0.014808
19.638968 0.014491
19.643969 0.014037
19.648970 0.013575
19.653971 0.013218
19.658972 0.012462
19.663973 0.011541
19.668974 0.010790
19.673975 0.009800
19.678976 0.008407
19.683977 0.006860
19.688978 0.005547
19.693979 0.004079
19.698980 0.002376
19.703981 0.000685
19.708982 -0.000812
19.713983 -0.002133
19.718984 -0.003629
19.723985 -0.005033
19.728986 -0.006244
19.733987 -0.007364
19.738988 -0.008685
19.743989 -0.010054
19.748991 -0.010967
19.753992 -0.011819
19.758993 -0.012998
19.763994 -0.014176
19.768995 -0.014981
19.773996 -0.015912
19.778997 -0.016970
19.783998 -0.017978
19.788999 -0.018751
19.794000 -0.019251
19.799001 -0.020000
19.804002 -0.020553
19.809003 -0.020719
19.814004 -0.020701
19.819005 -0.020469
19.824006 -0.020107
19.829007 -0.019118
19.834008 -0.017748
19.839009 -0.016601
19.844010 -0.014814
19.849011 -0.012620
19.854012 -0.010511
19.859013 -0.008254
19.864014 -0.006135
19.869015 -0.003859
19.874016 -0.001727
19.879017 0.000041
19.884018 0.001617
19.889019 0.003281
19.894020 0.004711
19.899021 0.005687
19.904022 0.006825
19.909023 0.007843
19.914024 0.008735
19.919025 0.009353
19.924026 0.009881
19.929027 0.010710
19.934028 0.011257
19.939029 0.011352
19.944030 0.011472
19.949031 0.011633
19.954032 0.011385
19.959033 0.011006
19.964034 0.010413
19.969035 0.009663
19.974036 0.009098
19.979037 0.008259
19.984038 0.007264
19.989039 0.006590
19.994040 0.005906
19.999041 0.005136
20.004042 0.004677
20.009043 0.004418
20.014044 0.004361
20.019045 0.004356
20.024046 0.004411
20.029047 0.004831
20.034048 0.005370
20.039049 0.005708
20.044050 0.005857
20.049051 0.005968
20.054052 0.006114
20.059053 0.005655
20.064054 0.004964
20.069055 0.004714
20.074056 0.003901
20.079057 0.002872
20.084058 0.002012
20.089059 0.001228
20.094060 0.000661
20.099061 -0.000348
20.104062 -0.001008
20.109063 -0.001315
20.114064 -0.001867
20.119065 -0.002279
20.124066 -0.002802
20.129067 -0.003277
20.134068 -0.003601
20.139069 -0.004270
20.144070 -0.004969
20.149071 -0.005201
20.154072 -0.005738
20.159073 -0.006620
20.164074 -0.007336
20.169075 -0.007919
20.174076 -0.008201
20.179077 -0.008703
20.184078 -0.009239
20.189079 -0.009362
20.194080 -0.009484
20.199081 -0.009525
20.204082 -0.009571
20.209083 -0.009377
20.214084 -0.008937
20.219085 -0.008598
20.224086 -0.008158
20.229088 -0.007527
20.234089 -0.006739
20.239090 -0.006045
20.244091 -0.005340
20.249092 -0.004503
20.254093 -0.003473
20.259094 -0.002648
20.264095 -0.002091
20.269096 -0.001013
20.274097 0.000230
20.279098 0.001136
20.284099 0.002278
20.289100 0.003744
20.294101 0.004927
20.299102 0.005967
20.304103 0.006809
20.309104 0.007785
20.314105 0.008774
20.319106 0.009055
20.324107 0.009234
20.329108 0.009425
20.334109 0.009252
20.339110 0.008654
20.344111 0.007789
20.349112 0.006954
20.354113 0.005849
20.359114 0.004428
20.364115 0.003043
20.369116 0.001907
20.374117 0.000994
20.379118 -0.000104
20.384119 -0.001136
20.389120 -0.001517
20.394121 -0.001748
20.399122 -0.002074
20.404123 -0.002344
20.409124 -0.002303
20.414125 -0.001970
20.419126 -0.001941
20.424127 -0.002012
20.429128 -0.001967
20.434129 -0.001870
20.439130 -0.001928
20.444131 -0.002068
20.449132 -0.001982
20.454133 -0.002066
20.459134 -0.002373
20.464135 -0.002522
20.469136 -0.002414
20.474137 -0.002319
20.479138 -0.002459
20.484139 -0.002739
20.489140 -0.002785
20.494141 -0.002821
20.499142 -0.003158
20.504143 -0.003265
20.509144 -0.003290
20.514145 -0.003395
20.519146 -0.003484
20.524147 -0.003835
20.529148 -0.003859
20.534149 -0.003850
20.539150 -0.004189
20.544151 -0.004203
20.549152 -0.003960
20.554153 -0.003544
20.559154 -0.003150
20.564155 -0.002718
20.569156 -0.001668
20.574157 -0.000342
20.579158 0.000786
20.584159 0.002140
20.589160 0.003781
20.594161 0.005385
20.599162 0.006889
20.604163 0.008000
20.609164 0.009147
20.614165 0.010239
20.619166 0.010692
20.624167 0.011050
20.629168 0.011429
20.634169 0.011321
20.639170 0.011017
20.644171 0.010502
20.649172 0.009857
20.654173 0.009536
20.659174 0.008924
20.664175 0.008275
20.669176 0.008086
20.674177 0.007632
20.679178 0.007018
20.684179 0.006439
20.689180 0.005959
20.694181 0.005672
20.699182 0.004946
20.704184 0.004079
20.709185 0.003459
20.714186 0.002631
20.719187 0.001570
20.724188 0.000371
20.729189 -0.000793
20.734190 -0.002079
20.739191 -0.003528
20.744192 -0.004879
20.749193 -0.006180
20.754194 -0.007485
20.759195 -0.008974
20.764196 -0.010529
20.769197 -0.011735
20.774198 -0.013002
20.779199 -0.014449
20.784200 -0.015752
20.789201 -0.016886
20.794202 -0.017910
20.799203 -0.018897
20.804204 -0.019499
20.809205 -0.019702
20.814206 -0.019615
20.819207 -0.019320
20.824208 -0.018665
20.829209 -0.017290
20.834210 -0.015724
20.839211 -0.013992
20.844212 -0.011902
20.849213 -0.009491
20.854214 -0.006881
20.859215 -0.004341
20.864216 -0.001725
20.869217 0.001123
20.874218 0.003971
20.879219 0.006325
20.884220 0.008503
20.889221 0.010760
20.894222 0.012676
20.899223 0.014148
20.904224 0.015279
20.909225 0.016555
20.914226 0.017419
20.919227 0.017695
20.924228 0.017898
20.929229 0.017893
20.934230 0.017887
20.939231 0.017406
20.944232 0.016672
20.949233 0.016029
20.954234 0.015135
20.959235 0.014017
20.964236 0.012752
20.969237 0.011571
20.974238 0.010176
20.979239 0.008585
20.984240 0.007132
20.989241 0.005800
20.994242 0.004546
20.999243 0.003162
21.004244 0.001809
21.009245 0.000800
21.014246 -0.000164
21.019247 -0.001451
21.024248 -0.002707
21.029249 -0.003712
21.034250 -0.004917
21.039251 -0.006207
21.044252 -0.007472
21.049253 -0.008632
21.054254 -0.009624
21.059255 -0.010917
21.064256 -0.011960
21.069257 -0.012637
21.074258 -0.013233
21.079259 -0.013555
21.084260 -0.013773
21.089261 -0.013160
21.094262 -0.012233
21.099263 -0.011393
21.104264 -0.010136
21.109265 -0.008569
21.114266 -0.006624
21.119267 -0.004905
21.124268 -0.003244
21.129269 -0.001281
21.134270 0.000538
21.139271 0.001889
21.144272 0.002747
21.149273 0.003931
21.154274 0.004940
21.159275 0.005247
21.164276 0.005616
21.169277 0.006083
21.174278 0.006452
21.179280 0.006464
21.184281 0.006647
21.189282 0.006964
21.194283 0.007115
21.199284 0.007308
21.204285 0.006931
21.209286 0.006859
21.214287 0.006782
21.219288 0.005885
21.224289 0.005121
21.229290 0.004369
21.234291 0.003668
21.239292 0.002740
21.244293 0.001644
21.249294 0.000907
21.254295 0.000307
21.259296 -0.000376
21.264297 -0.000952
21.269298 -0.001067
21.274299 -0.001346
21.279300 -0.001672
21.284301 -0.001978
21.289302 -0.002204
21.294303 -0.002202
21.299304 -0.002657
21.304305 -0.003059
21.309306 -0.003406
21.314307 -0.004006
21.319308 -0.004703
21.324309 -0.005877
21.329310 -0.006787
21.334311 -0.007689
21.339312 -0.008919
21.344313 -0.009746
21.349314 -0.010478
21.354315 -0.010773
21.359316 -0.010952
21.364317 -0.011076
21.369318 -0.010566
21.374319 -0.009773
21.379320 -0.008813
21.384321 -0.007935
21.389322 -0.006632
21.394323 -0.005215
21.399324 -0.003948
21.404325 -0.002622
21.409326 -0.001308
21.414327 0.000052
21.419328 0.001055
21.424329 0.002099
21.429330 0.003263
21.434331 0.004320
21.439332 0.005248
21.444333 0.005940
21.449334 0.006903
21.454335 0.007904
21.459336 0.008316
21.464337 0.008305
21.469338 0.008474
21.474339 0.008639
21.479340 0.008173
21.484341 0.007519
21.489342 0.007026
21.494343 0.006295
21.499344 0.005317
21.504345 0.004218
21.509346 0.003238
21.514347 0.002434
21.519348 0.001247
21.524349 0.000133
21.529350 -0.000504
21.534351 -0.001107
21.539352 -0.001733
21.544353 -0.002404
21.549354 -0.002767
21.554355 -0.002856
21.559356 -0.003025
21.564357 -0.003010
21.569358 -0.002688
21.574359 -0.002179
21.579360 -0.001484
21.584361 -0.000676
21.589362 0.000127
21.594363 0.001324
21.599364 0.002354
21.604365 0.003044
21.609366 0.004115
21.614367 0.005062
21.619368 0.005859
21.624369 0.006559
21.629370 0.007219
21.634371 0.007998
21.639372 0.008323
21.644373 0.008494
21.649374 0.008732
21.654376 0.008793
21.659377 0.008366
21.664378 0.007734
21.669379 0.007295
21.674380 0.006695
21.679381 0.005646
21.684382 0.004363
21.689383 0.003604
21.694384 0.002641
21.699385 0.001386
21.704386 0.000441
21.709387 -0.000655
21.714388 -0.001231
21.719389 -0.002022
21.724390 -0.002955
21.729391 -0.003263
21.734392 -0.003670
21.739393 -0.004237
21.744394 -0.005012
21.749395 -0.005245
21.754396 -0.005353
21.759397 -0.005862
21.764398 -0.006351
21.769399 -0.006752
21.774400 -0.006905
21.779401 -0.007512
21.784402 -0.008032
21.789403 -0.008339
21.794404 -0.009029
21.799405 -0.009509
21.804406 -0.010158
21.809407 -0.010613
21.814408 -0.010851
21.819409 -0.011378
21.824410 -0.011671
21.829411 -0.011790
21.834412 -0.011471
21.839413 -0.011075
21.844414 -0.010792
21.849415 -0.009835
21.854416 -0.008596
21.859417 -0.007404
21.864418 -0.005815
21.869419 -0.003949
21.874420 -0.002119
21.879421 -0.000158
21.884422 0.001756
21.889423 0.003812
21.894424 0.006082
21.899425 0.007865
21.904426 0.009733
21.909427 0.011721
21.914428 0.013260
21.919429 0.014736
21.924430 0.015694
21.929431 0.016683
21.934432 0.017786
21.939433 0.018190
21.944434 0.018480
21.949435 0.018660
21.954436 0.018557
21.959437 0.018117
21.964438 0.017302
21.969439 0.016412
21.974440 0.015420
21.979441 0.013827
21.984442 0.011879
21.989443 0.010118
21.994444 0.008031
21.999445 0.005844
22.004446 0.003480
22.009447 0.001010
22.014448 -0.001054
22.019449 -0.003418
22.024450 -0.005801
22.029451 -0.007646
22.034452 -0.009313
22.039453 -0.010906
22.044454 -0.012179
22.049455 -0.012896
22.054456 -0.013331
22.059457 -0.013789
22.064458 -0.013876
22.069459 -0.013608
22.074460 -0.013206
22.079461 -0.012820
22.084462 -0.012285
22.089463 -0.011427
22.094464 -0.010566
22.099465 -0.009702
22.104466 -0.009000
22.109467 -0.008212
22.114468 -0.007293
22.119469 -0.006496
22.124470 -0.005718
22.129472 -0.004828
22.134473 -0.003918
22.139474 -0.003311
22.144475 -0.002630
22.149476 -0.001763
22.154477 -0.001017
22.159478 -0.000459
22.164479 -0.000030
22.169480 0.000613
22.174481 0.000925
22.179482 0.000930
22.184483 0.001011
22.189484 0.001094
22.194485 0.001162
22.199486 0.001024
22.204487 0.000894
22.209488 0.001216
22.214489 0.001600
22.219490 0.001667
22.224491 0.001911
22.229492 0.002492
22.234493 0.003134
22.239494 0.003352
22.244495 0.003565
22.249496 0.003996
22.254497 0.004113
22.259498 0.004128
22.264499 0.004008
22.269500 0.004169
22.274501 0.004159
22.279502 0.003701
22.284503 0.003355
22.289504 0.003083
22.294505 0.002920
22.299506 0.002384
22.304507 0.001873
22.309508 0.001575
22.314509 0.001318
22.319510 0.001062
22.324511 0.000531
22.329512 0.000374
22.334513 0.000223
22.339514 -0.000386
22.344515 -0.000871
22.349516 -0.001210
22.354517 -0.001519
22.359518 -0.001758
22.364519 -0.002423
22.369520 -0.002847
22.374521 -0.002980
22.379522 -0.003624
22.384523 -0.003950
22.389524 -0.004137
22.394525 -0.004305
22.399526 -0.004426
22.404527 -0.004581
22.409528 -0.004140
22.414529 -0.003668
22.419530 -0.003537
22.424531 -0.003277
22.429532 -0.002575
22.434533 -0.001617
22.439534 -0.000939
22.444535 -0.000305
22.449536 0.000747
22.454537 0.001941
22.459538 0.002709
22.464539 0.003533
22.469540 0.004759
22.474541 0.005764
22.479542 0.006527
22.484543 0.007104
22.489544 0.007963
22.494545 0.008774
22.499546 0.008958
22.504547 0.009123
22.509548 0.008986
22.514549 0.008831
22.519550 0.008384
22.524551 0.007286
22.529552 0.006374
22.534553 0.005334
22.539554 0.004031
22.544555 0.002727
22.549556 0.001530
22.554557 0.000412
22.559558 -0.000868
22.564559 -0.002207
22.569560 -0.002926
22.574561 -0.003409
22.579562 -0.004328
22.584563 -0.004907
22.589564 -0.004921
22.594565 -0.004819
22.599566 -0.004564
22.604568 -0.004132
22.609569 -0.003500
22.614570 -0.002513
22.619571 -0.001683
22.624572 -0.000818
22.629573 0.000420
22.634574 0.001320
22.639575 0.002199
22.644576 0.003057
22.649577 0.003873
22.654578 0.004752
22.659579 0.005118
22.664580 0.005526
22.669581 0.006252
22.674582 0.006877
22.679583 0.007169
22.684584 0.007426
22.689585 0.007982
22.694586 0.008062
22.699587 0.007899
22.704588 0.007705
22.709589 0.007358
22.714590 0.006910
22.719591 0.005827
22.724592 0.004672
22.729593 0.003739
22.734594 0.002511
22.739595 0.000869
22.744596 -0.000821
22.749597 -0.002123
22.754598 -0.003415
22.759599 -0.005080
22.764600 -0.006604
22.769601 -0.007781
22.774602 -0.008965
22.779603 -0.010288
22.784604 -0.011441
22.789605 -0.012236
22.794606 -0.012866
22.799607 -0.013534
22.804608 -0.014127
22.809609 -0.014300
22.814610 -0.014362
22.819611 -0.014376
22.824612 -0.014218
22.829613 -0.013886
22.834614 -0.013108
22.839615 -0.012330
22.844616 -0.011616
22.849617 -0.010701
22.854618 -0.009676
22.859619 -0.008569
22.864620 -0.007535
22.869621 -0.006489
22.874622 -0.005352
22.879623 -0.004469
22.884624 -0.003793
22.889625 -0.002912
22.894626 -0.001982
22.899627 -0.001168
22.904628 -0.000455
22.909629 0.000405
22.914630 0.001593
22.919631 0.002408
22.924632 0.003137
22.929633 0.004145
22.934634 0.004881
22.939635 0.005495
22.944636 0.006083
22.949637 0.006458
22.954638 0.007001
22.959639 0.007366
22.964640 0.007270
22.969641 0.007621
22.974642 0.007882
22.979643 0.007752
22.984644 0.007622
22.989645 0.007241
22.994646 0.007232
22.999647 0.006823
23.004648 0.006066
23.009649 0.005811
23.014650 0.005142
23.019651 0.004393
23.024652 0.003730
23.029653 0.003003
23.034654 0.002597
23.039655 0.001905
23.044656 0.001126
23.049657 0.000891
23.054658 0.000663
23.059659 0.000265
23.064660 0.000088
23.069661 0.000196
23.074662 0.000643
23.079664 0.000963
23.084665 0.001149
23.089666 0.001841
23.094667 0.002595
23.099668 0.003020
23.104669 0.003499
23.109670 0.004177
23.114671 0.004949
23.119672 0.005396
23.124673 0.005511
23.129674 0.005962
23.134675 0.006317
23.139676 0.006503
23.144677 0.006686
23.149678 0.006657
23.154679 0.006794
23.159680 0.006608
23.164681 0.005983
23.169682 0.005743
23.174683 0.005395
23.179684 0.004437
23.184685 0.003597
23.189686 0.002842
23.194687 0.001952
23.199688 0.001105
23.204689 -0.000026
23.209690 -0.001024
23.214691 -0.001728
23.219692 -0.002878
23.224693 -0.004035
23.229694 -0.004753
23.234695 -0.005496
23.239696 -0.006271
23.244697 -0.006970
23.249698 -0.007280
23.254699 -0.007536
23.259700 -0.007799
23.264701 -0.007896
23.269702 -0.007717
23.274703 -0.007010
23.279704 -0.006639
23.284705 -0.006137
23.289706 -0.005220
23.294707 -0.004451
23.299708 -0.003543
23.304709 -0.002790
23.309710 -0.001995
23.314711 -0.001190
23.319712 -0.000723
23.324713 -0.000340
23.329714 0.000144
23.334715 0.000527
23.339716 0.000401
23.344717 0.000007
23.349718 -0.000296
23.354719 -0.000668
23.359720 -0.001267
23.364721 -0.002020
23.369722 -0.002743
23.374723 -0.003280
23.379724 -0.003827
23.384725 -0.004506
23.389726 -0.004963
23.394727 -0.005022
23.399728 -0.005316
23.404729 -0.005508
23.409730 -0.005162
23.414731 -0.004853
23.419732 -0.004553
23.424733 -0.004046
23.429734 -0.003427
23.434735 -0.002646
23.439736 -0.001852
23.444737 -0.001210
23.449738 -0.000413
23.454739 0.000476
23.459740 0.001193
23.464741 0.001640
23.469742 0.002225
23.474743 0.002958
23.479744 0.003250
23.484745 0.003438
23.489746 0.003730
23.494747 0.003956
23.499748 0.004083
23.504749 0.004108
23.509750 0.004217
23.514751 0.004552
23.519752 0.004587
23.524753 0.004612
23.529754 0.005175
23.534755 0.005394
23.539756 0.005455
23.544757 0.005561
23.549758 0.005638
23.554759 0.005913
23.559761 0.005740
23.564762 0.005251
23.569763 0.005023
23.574764 0.004852
23.579765 0.004133
23.584766 0.003390
23.589767 0.003019
23.594768 0.002495
23.599769 0.001785
23.604770 0.001193
23.609771 0.000932
23.614772 0.000674
23.619773 0.000347
23.624774 0.000039
23.629775 0.000024
23.634776 0.000264
23.639777 0.000289
23.644778 0.000419
23.649779 0.000618
23.654780 0.000654
23.659781 0.000744
23.664782 0.000828
23.669783 0.000840
23.674784 0.000956
23.679785 0.000804
23.684786 0.000314
23.689787 0.000163
23.694788 -0.000158
23.699789 -0.000740
23.704790 -0.001320
23.709791 -0.001815
23.714792 -0.002133
23.719793 -0.002954
23.724794 -0.003547
23.729795 -0.003828
23.734796 -0.004306
23.739797 -0.004907
23.744798 -0.005430
23.749799 -0.005575
23.754800 -0.005869
23.759801 -0.006215
23.764802 -0.006524
23.769803 -0.006446
23.774804 -0.006226
23.779805 -0.006320
23.784806 -0.006220
23.789807 -0.005986
23.794808 -0.005524
23.799809 -0.005239
23.804810 -0.004968
23.809811 -0.004422
23.814812 -0.003961
23.819813 -0.003528
23.824814 -0.003336
23.829815 -0.003143
23.834816 -0.002798
23.839817 -0.002477
23.844818 -0.002194
23.849819 -0.001895
23.854820 -0.001237
23.859821 -0.000980
23.864822 -0.000981
23.869823 -0.000426
23.874824 0.000135
23.879825 0.000515
23.884826 0.000923
23.889827 0.001409
23.894828 0.001947
23.899829 0.002365
23.904830 0.002572
23.909831 0.003227
23.914832 0.003806
23.919833 0.003859
23.924834 0.004063
23.929835 0.004183
23.934836 0.004475
23.939837 0.004440
23.944838 0.004186
23.949839 0.004291
23.954840 0.004342
23.959841 0.004262
23.964842 0.004006
23.969843 0.004013
23.974844 0.004100
23.979845 0.003758
23.984846 0.003348
23.989847 0.003326
23.994848 0.003237
23.999849 0.002790
24.004850 0.002318
24.009851 0.002109
24.014852 0.002030
24.019853 0.001582
24.024854 0.001145
24.029855 0.000987
24.034857 0.000986
24.039858 0.000789
24.044859 0.000515
24.049860 0.000714
24.054861 0.000933
24.059862 0.000936
24.064863 0.000830
24.069864 0.001059
24.074865 0.001237
24.079866 0.000894
24.084867 0.000753
24.089868 0.000557
24.094869 0.000547
24.099870 0.000573
24.104871 0.000103
24.109872 0.000072
24.114873 0.000300
24.119874 0.000043
24.124875 -0.000122
24.129876 -0.000029
24.134877 -0.000094
24.139878 -0.000125
24.144879 -0.000278
24.149880 -0.000420
24.154881 -0.000394
24.159882 -0.000720
24.164883 -0.001045
24.169884 -0.001200
24.174885 -0.001367
24.179886 -0.001643
24.184887 -0.002098
24.189888 -0.002385
24.194889 -0.002718
24.199890 -0.003388
24.204891 -0.004099
24.209892 -0.004552
24.214893 -0.004941
24.219894 -0.005419
24.224895 -0.005893
24.229896 -0.006246
24.234897 -0.006169
24.239898 -0.006320
24.244899 -0.006459
24.249900 -0.005908
24.254901 -0.005536
24.259902 -0.004976
24.264903 -0.004406
24.269904 -0.003749
24.274905 -0.002646
24.279906 -0.001863
24.284907 -0.000959
24.289908 0.000030
24.294909 0.001106
24.299910 0.002022
24.304911 0.002550
24.309912 0.003280
24.314913 0.003929
24.319914 0.004296
24.324915 0.004358
24.329916 0.004636
24.334917 0.004728
24.339918 0.004440
24.344919 0.004508
24.349920 0.004380
24.354921 0.004301
24.359922 0.004176
24.364923 0.003630
24.369924 0.003495
24.374925 0.003427
24.379926 0.003016
24.384927 0.002513
24.389928 0.002232
24.394929 0.002361
24.399930 0.002093
24.404931 0.001688
24.409932 0.001640
24.414933 0.001649
24.419934 0.001638
24.424935 0.001272
24.429936 0.001198
24.434937 0.001453
24.439938 0.001152
24.444939 0.000950
24.449940 0.000902
24.454941 0.000809
24.459942 0.000658
24.464943 0.000138
24.469944 -0.000063
24.474945 -0.000192
24.479946 -0.000689
24.484947 -0.001328
24.489948 -0.001883
24.494949 -0.002117
24.499950 -0.002697
24.504951 -0.003360
24.509953 -0.003795
24.514954 -0.004118
24.519955 -0.004568
24.524956 -0.005112
24.529957 -0.005131
24.534958 -0.005234
24.539959 -0.005368
24.544960 -0.005444
24.549961 -0.005250
24.554962 -0.004657
24.559963 -0.004423
24.564964 -0.003965
24.569965 -0.003332
24.574966 -0.002456
24.579967 -0.001574
24.584968 -0.001151
24.589969 -0.000109
24.594970 0.000923
24.599971 0.001514
24.604972 0.002233
24.609973 0.002855
24.614974 0.003669
24.619975 0.004193
24.624976 0.004260
24.629977 0.004799
24.634978 0.005266
24.639979 0.005113
24.644980 0.005043
24.649981 0.005004
24.654982 0.004913
24.659983 0.004655
24.664984 0.004015
24.669985 0.003878
24.674986 0.003873
24.679987 0.003288
24.684988 0.002808
24.689989 0.002488
24.694990 0.002186
24.699991 0.001835
24.704992 0.001028
24.709993 0.000608
24.714994 0.000365
24.719995 -0.000419
24.724996 -0.000867
24.729997 -0.001231
24.734998 -0.001622
24.739999 -0.001937
24.745000 -0.002468
