0.000000 0.000000
0.005001 -0.002524
0.010002 -0.001082
0.015003 0.002993
0.020004 0.001071
0.025005 -0.001803
0.030006 -0.001884
0.035007 0.003351
0.040008 -0.000469
0.045009 -0.002014
0.050010 0.001975
0.055011 0.000746
0.060012 -0.001270
0.065013 -0.001640
0.070014 0.002385
0.075015 0.000311
0.080016 -0.001314
0.085017 -0.000427
0.090018 -0.000498
0.095019 0.002332
0.100020 -0.000040
0.105021 -0.001964
0.110022 -0.000468
0.115023 0.002325
0.120024 -0.001018
0.125025 -0.002440
0.130026 0.001644
0.135027 0.000111
0.140028 0.000581
0.145029 -0.002652
0.150030 -0.000095
0.155031 0.003200
0.160032 -0.002428
0.165033 -0.001843
0.170034 0.002209
0.175035 0.001609
0.180036 -0.001535
0.185037 0.000071
0.190038 -0.001449
0.195039 0.002597
0.200040 0.001614
0.205041 -0.004315
0.210042 0.002672
0.215043 0.001158
0.220044 -0.001184
0.225045 -0.001348
0.230046 -0.000394
0.235047 0.003511
0.240048 -0.000891
0.245049 -0.002789
0.250050 0.001264
0.255051 0.002162
0.260052 -0.001530
0.265053 -0.001887
0.270054 0.001284
0.275055 0.000929
0.280056 0.000426
0.285057 -0.000708
0.290058 -0.003309
0.295059 0.003599
0.300060 0.001055
0.305061 -0.005063
0.310062 0.003435
0.315063 0.000745
0.320064 -0.001794
0.325065 0.000223
0.330066 -0.000113
0.335067 0.001552
0.340068 -0.000141
0.345069 -0.000858
0.350070 -0.001354
0.355071 0.001940
0.360072 0.000360
0.365073 -0.002022
0.370074 0.001270
0.375075 -0.000486
0.380076 -0.000055
0.385077 -0.001162
0.390078 0.000890
0.395079 0.001812
0.400080 -0.002791
0.405081 0.001180
0.410082 0.000295
0.415083 -0.000234
0.420084 0.000434
0.425085 -0.001908
0.430086 0.001013
0.435087 0.000815
0.440088 -0.000129
0.445089 -0.000328
0.450090 -0.000837
0.455091 0.000475
0.460092 0.000076
0.465093 -0.001502
0.470094 0.000752
0.475095 0.001849
0.480096 -0.000485
0.485097 -0.002888
0.490098 -0.000103
0.495099 0.003971
0.500100 -0.002019
0.505101 -0.002360
0.510102 0.002016
0.515103 0.001174
0.520104 -0.000244
0.525105 -0.002397
0.530106 0.000012
0.535107 0.002168
0.540108 0.000322
0.545109 -0.003532
0.550110 0.000364
0.555111 0.004022
0.560112 -0.002226
0.565113 -0.000773
0.570114 -0.000634
0.575115 0.001243
0.580116 -0.000176
0.585117 -0.003408
0.590118 0.002805
0.595119 -0.000085
0.600120 0.000393
0.605121 -0.001735
0.610122 -0.000867
0.615123 0.003785
0.620124 -0.001445
0.625125 -0.001949
0.630126 -0.000918
0.635127 0.002529
0.640128 -0.001026
0.645129 -0.002046
0.650130 0.001207
0.655131 0.000404
0.660132 0.000536
0.665133 -0.002293
0.670134 0.001082
0.675135 0.000705
0.680136 -0.000547
0.685137 -0.000508
0.690138 -0.001544
0.695139 0.002444
0.700140 0.000068
0.705141 -0.004025
0.710142 0.000704
0.715143 0.003485
0.720144 -0.001944
0.725145 -0.002659
0.730146 0.000603
0.735147 0.002218
0.740148 -0.001497
0.745149 -0.003237
0.750150 0.002021
0.755151 0.001761
0.760152 -0.002272
0.765153 -0.001153
0.770154 0.002369
0.775155 -0.000681
0.780156 -0.000905
0.785157 0.000315
0.790158 -0.001289
0.795159 0.001924
0.800160 -0.000214
0.805161 -0.001392
0.810162 0.001746
0.815163 -0.000355
0.820164 -0.001333
0.825165 -0.000862
0.830166 0.000770
0.835167 0.002515
0.840168 -0.002208
0.845169 -0.002174
0.850170 0.001951
0.855171 0.000367
0.860172 0.000259
0.865173 -0.002403
0.870174 -0.000655
0.875175 0.002862
0.880176 -0.001619
0.885177 -0.001489
0.890178 0.001311
0.895179 0.000330
0.900180 -0.001672
0.905181 0.000173
0.910182 -0.000259
0.915183 0.001493
0.920184 0.000016
0.925185 -0.003427
0.930186 0.003019
0.935187 0.000149
0.940188 -0.001597
0.945189 0.000308
0.950190 -0.000797
0.955191 0.001382
0.960192 -0.000027
0.965193 -0.002821
0.970194 0.000623
0.975195 0.003150
0.980196 -0.003266
0.985197 -0.000967
0.990198 0.001837
0.995199 0.000145
1.000200 -0.000082
1.005201 -0.002346
1.010202 0.000914
1.015203 0.001547
1.020204 0.000335
1.025205 -0.002416
1.030206 -0.000855
1.035207 0.002641
1.040208 -0.001513
1.045209 -0.000448
1.050210 0.000052
1.055211 -0.000046
1.060212 0.000801
1.065213 -0.001513
1.070214 -0.000333
1.075215 0.001085
1.080216 0.000089
1.085217 -0.001537
1.090218 -0.000749
1.095219 0.002327
1.100220 0.000305
1.105221 -0.003288
1.110222 0.001226
1.115223 0.002080
1.120224 -0.002079
1.125225 0.000465
1.130226 -0.000645
1.135228 0.000965
1.140229 0.001442
1.145230 -0.003522
1.150231 0.001947
1.155232 0.002109
1.160233 -0.001003
1.165234 -0.001760
1.170235 0.000076
1.175236 0.003960
1.180237 -0.000419
1.185238 -0.002277
1.190239 -0.000290
1.195240 0.003471
1.200241 -0.000895
1.205242 -0.003610
1.210243 0.003880
1.215244 -0.000136
1.220245 -0.001479
1.225246 -0.000012
1.230247 -0.000182
1.235248 0.001886
1.240249 -0.002048
1.245250 -0.000930
1.250251 0.001062
1.255252 0.001108
1.260253 0.000457
1.265254 -0.002357
1.270255 0.000231
1.275256 0.001593
1.280257 -0.001058
1.285258 -0.000980
1.290259 -0.000072
1.295260 0.002378
1.300261 0.001554
1.305262 -0.003955
1.310263 0.001341
1.315264 0.002110
1.320265 -0.001737
1.325266 -0.000616
1.330267 -0.001222
1.335268 0.003447
1.340269 -0.001456
1.345270 -0.001266
1.350271 0.002298
1.355272 -0.001471
1.360273 0.000688
1.365274 -0.002479
1.370275 0.002429
1.375276 0.001875
1.380277 -0.002403
1.385278 0.000197
1.390279 -0.001632
1.395280 0.002603
1.400281 -0.001640
1.405282 -0.002226
1.410283 0.002469
1.415284 0.000862
1.420285 -0.000148
1.425286 -0.003656
1.430287 0.001805
1.435288 0.002031
1.440289 -0.002321
1.445290 0.000043
1.450291 0.000169
1.455292 0.000873
1.460293 -0.000898
1.465294 -0.000777
1.470295 -0.000011
1.475296 0.001656
1.480297 0.000232
1.485298 -0.003721
1.490299 0.001507
1.495300 0.002500
1.500301 -0.001855
1.505302 -0.003697
1.510303 0.003096
1.515304 0.002544
1.520305 -0.003068
1.525306 0.001219
1.530307 -0.001520
1.535308 0.001478
1.540309 0.002092
1.545310 -0.004477
1.550311 0.000890
1.555312 0.003464
1.560313 -0.000712
1.565314 -0.002340
1.570315 0.000361
1.575316 0.003208
1.580317 -0.000699
1.585318 -0.001303
1.590319 0.001076
1.595320 0.000643
1.600321 0.000257
1.605322 -0.003110
1.610323 0.002309
1.615324 0.002527
1.620325 -0.003144
1.625326 -0.000427
1.630327 0.001333
1.635328 0.001831
1.640329 -0.001164
1.645330 -0.000412
1.650331 0.000267
1.655332 0.001969
1.660333 -0.000707
1.665334 -0.003691
1.670335 0.003438
1.675336 0.001516
1.680337 -0.001593
1.685338 -0.001559
1.690339 0.002151
1.695340 0.001146
1.700341 -0.003200
1.705342 0.000964
1.710343 0.000222
1.715344 0.002013
1.720345 -0.000463
1.725346 -0.003177
1.730347 0.003028
1.735348 0.000673
1.740349 -0.000627
1.745350 -0.001396
1.750351 0.000463
1.755352 0.002696
1.760353 -0.002567
1.765354 -0.000686
1.770355 0.000200
1.775356 0.001543
1.780357 0.000060
1.785358 -0.002994
1.790359 0.002343
1.795360 -0.000214
1.800361 -0.001924
1.805362 0.000546
1.810363 -0.000724
1.815364 0.001809
1.820365 0.000074
1.825366 -0.003789
1.830367 0.002017
1.835368 0.001946
1.840369 -0.001327
1.845370 -0.000993
1.850371 -0.000918
1.855372 0.003221
1.860373 -0.001336
1.865374 -0.002084
1.870375 0.001810
1.875376 0.000401
1.880377 -0.000052
1.885378 -0.002451
1.890379 0.001778
1.895380 0.001812
1.900381 -0.001181
1.905382 -0.002019
1.910383 0.000378
1.915384 0.002795
1.920385 -0.002651
1.925386 0.000082
1.930387 0.000931
1.935388 0.001254
1.940389 -0.000464
1.945390 -0.002617
1.950391 0.002816
1.955392 -0.000027
1.960393 -0.000002
1.965394 -0.000766
1.970395 -0.000791
1.975396 0.003302
1.980397 -0.001069
1.985398 -0.001796
1.990399 0.001748
1.995400 0.000809
2.000401 -0.000914
2.005402 -0.001340
2.010403 0.000911
2.015404 0.002459
2.020405 -0.001981
2.025406 -0.001393
2.030407 0.001674
2.035408 0.000419
2.040409 0.000020
2.045410 -0.000951
2.050411 0.000282
2.055412 0.001216
2.060413 -0.000963
2.065414 -0.001565
2.070415 0.000835
2.075416 0.002352
2.080417 -0.000181
2.085418 -0.003278
2.090419 -0.000133
2.095420 0.003296
2.100421 -0.001712
2.105422 -0.001783
2.110423 0.001973
2.115424 0.000749
2.120425 -0.000938
2.125426 -0.001090
2.130427 -0.000419
2.135428 0.000865
2.140429 0.000819
2.145430 -0.002471
2.150431 0.000778
2.155432 0.001683
2.160433 -0.001471
2.165434 -0.000082
2.170435 0.000138
2.175436 0.001292
2.180437 -0.001020
2.185438 -0.000862
2.190439 0.000487
2.195440 0.000239
2.200441 0.000677
2.205442 -0.001341
2.210443 -0.000204
2.215444 -0.000461
2.220445 0.000893
2.225446 -0.000537
2.230447 0.000063
2.235448 0.002259
2.240449 -0.001957
2.245450 -0.001247
2.250451 -0.000895
2.255452 0.001387
2.260453 0.000559
2.265454 -0.002128
2.270455 0.000351
2.275456 0.001704
2.280457 -0.001578
2.285458 -0.001204
2.290459 0.001642
2.295460 -0.000752
2.300461 0.001056
2.305462 -0.001944
2.310463 -0.000158
2.315464 0.002647
2.320465 -0.001856
2.325466 -0.001184
2.330467 0.000870
2.335468 0.001711
2.340469 -0.000908
2.345470 -0.000078
2.350471 -0.000068
2.355472 -0.000741
2.360473 -0.000382
2.365474 0.001030
2.370475 0.000733
2.375476 -0.001483
2.380477 0.000910
2.385478 -0.003110
2.390479 0.000946
2.395480 0.003339
2.400481 -0.003689
2.405482 -0.000093
2.410483 0.000388
2.415484 0.001730
2.420485 -0.001316
2.425486 -0.002491
2.430487 0.002730
2.435488 -0.000142
2.440489 0.000267
2.445490 -0.001341
2.450491 0.000231
2.455492 0.001970
2.460493 -0.001846
2.465494 -0.000672
2.470495 0.000388
2.475496 0.000698
2.480497 0.000798
2.485498 -0.002342
2.490499 0.000673
2.495500 0.001460
2.500501 -0.001632
2.505502 0.000528
2.510503 -0.000675
2.515504 0.002214
2.520505 -0.002267
2.525506 -0.002928
2.530507 0.002303
2.535508 -0.000251
2.540509 0.000119
2.545510 -0.003621
2.550511 0.002007
2.555512 0.002204
2.560513 -0.003213
2.565514 0.000784
2.570515 -0.001086
2.575516 -0.000072
2.580517 0.000766
2.585518 -0.002009
2.590519 -0.000543
2.595520 0.001657
2.600521 0.000004
2.605522 -0.001871
2.610523 -0.000291
2.615524 0.001906
2.620525 -0.000368
2.625526 -0.003419
2.630527 0.001300
2.635528 0.002309
2.640529 -0.002847
2.645530 -0.000743
2.650531 0.002149
2.655532 -0.000094
2.660533 -0.000085
2.665534 -0.001181
2.670535 -0.000899
2.675536 0.002998
2.680537 -0.001408
2.685538 -0.001221
2.690539 -0.000043
2.695540 0.000399
2.700541 0.001945
2.705542 -0.004443
2.710543 0.001526
2.715544 0.001565
2.720545 -0.001111
2.725546 -0.000331
2.730547 -0.001015
2.735548 0.003038
2.740549 -0.002355
2.745550 -0.000463
2.750551 0.000936
2.755552 0.001310
2.760553 0.000080
2.765554 -0.002191
2.770555 0.002399
2.775556 -0.000290
2.780557 -0.000209
2.785558 -0.000877
2.790559 -0.000511
2.795560 0.002795
2.800561 -0.002019
2.805562 -0.003354
2.810563 0.004176
2.815564 0.001589
2.820565 -0.003636
2.825566 -0.000231
2.830567 0.000514
2.835568 0.001318
2.840569 -0.001892
2.845570 -0.000586
2.850571 0.002078
2.855572 -0.000811
2.860573 -0.000353
2.865574 -0.001987
2.870575 0.001068
2.875576 0.001687
2.880577 -0.002104
2.885578 -0.001515
2.890579 0.000335
2.895580 0.000473
2.900581 -0.000779
2.905582 -0.000933
2.910583 0.000350
2.915584 0.001650
2.920585 -0.002316
2.925586 -0.000120
2.930587 0.000025
2.935588 -0.000249
2.940589 0.000273
2.945590 -0.003162
2.950591 0.002722
2.955592 -0.000132
2.960593 -0.000918
2.965594 -0.001069
2.970595 -0.001424
2.975596 0.004268
2.980597 -0.002738
2.985598 -0.002559
2.990599 0.003640
2.995600 0.001236
3.000601 -0.003456
3.005602 -0.001494
3.010603 0.001832
3.015604 0.001758
3.020605 -0.000050
3.025606 -0.003423
3.030607 0.001339
3.035608 0.001898
3.040609 -0.002162
3.045610 -0.001045
3.050611 0.001177
3.055612 0.000294
3.060613 -0.001569
3.065614 -0.000289
3.070615 -0.000187
3.075616 0.000280
3.080617 0.000670
3.085618 -0.000485
3.090619 -0.001240
3.095620 0.002026
3.100621 -0.000705
3.105622 -0.002793
3.110623 0.002857
3.115624 0.001121
3.120625 -0.002031
3.125626 -0.000596
3.130627 0.002154
3.135628 -0.001376
3.140629 -0.001062
3.145630 0.000734
3.150631 -0.000377
3.155632 0.002485
3.160633 -0.001791
3.165634 -0.001937
3.170635 0.002520
3.175636 0.000779
3.180637 -0.002015
3.185638 -0.000133
3.190639 0.001158
3.195640 -0.000310
3.200641 -0.000132
3.205642 -0.001520
3.210643 0.001136
3.215644 0.001557
3.220645 -0.002118
3.225646 -0.001009
3.230647 0.001040
3.235648 0.000800
3.240649 -0.001319
3.245650 -0.000332
3.250651 0.000998
3.255652 -0.000348
3.260653 0.000378
3.265654 -0.001251
3.270655 -0.000352
3.275656 0.001853
3.280657 -0.002486
3.285658 -0.000076
3.290659 0.000459
3.295660 -0.000291
3.300661 0.000331
3.305662 -0.003275
3.310663 0.001479
3.315664 0.001210
3.320665 -0.002483
3.325666 -0.001371
3.330667 0.002053
3.335668 -0.001094
3.340669 -0.001926
3.345670 0.001710
3.350671 -0.001977
3.355672 0.001926
3.360673 -0.001704
3.365674 -0.001207
3.370675 0.001536
3.375676 0.000051
3.380677 0.001078
3.385678 -0.003754
3.390679 0.001976
3.395680 0.001482
3.400681 -0.002393
3.405683 -0.000698
3.410684 0.001752
3.415685 0.001346
3.420686 -0.002238
3.425687 -0.000321
3.430688 0.000057
3.435689 0.001932
3.440690 -0.001214
3.445691 -0.002462
3.450692 0.002114
3.455693 0.001741
3.460694 -0.001319
3.465695 -0.002613
3.470696 0.002932
3.475697 0.000799
3.480698 -0.003211
3.485699 0.000416
3.490700 0.000407
3.495701 0.000273
3.500702 0.000253
3.505703 -0.000925
3.510704 -0.001386
3.515705 0.001298
3.520706 0.000466
3.525707 -0.001691
3.530708 0.000900
3.535709 -0.000172
3.540710 0.000213
3.545711 -0.000770
3.550712 -0.000375
3.555713 0.001006
3.560714 -0.000934
3.565715 -0.002406
3.570716 0.000713
3.575717 0.004888
3.580718 -0.004344
3.585719 -0.000826
3.590720 0.002745
3.595721 -0.002144
3.600722 0.001453
3.605723 -0.003145
3.610724 0.002111
3.615725 0.002501
3.620726 -0.004513
3.625727 0.000297
3.630728 0.000834
3.635729 0.000895
3.640730 -0.001571
3.645731 -0.001723
3.650732 0.002220
3.655733 0.000096
3.660734 -0.000876
3.665735 -0.001326
3.670736 0.000362
3.675737 0.002018
3.680738 -0.002195
3.685739 -0.001382
3.690740 0.000724
3.695741 0.001807
3.700742 -0.000145
3.705743 -0.002756
3.710744 0.001619
3.715745 0.001142
3.720746 -0.001298
3.725747 -0.001534
3.730748 0.001296
3.735749 0.001655
3.740750 -0.002182
3.745751 -0.000590
3.750752 0.001352
3.755753 0.000528
3.760754 -0.001536
3.765755 -0.000481
3.770756 0.000597
3.775757 0.001184
3.780758 -0.000925
3.785759 -0.002193
3.790760 0.002102
3.795761 0.000038
3.800762 -0.001721
3.805763 0.000018
3.810764 0.000834
3.815765 0.000873
3.820766 -0.001696
3.825767 -0.002065
3.830768 0.002576
3.835769 0.001201
3.840770 -0.002512
3.845771 -0.000073
3.850772 0.000339
3.855773 0.001431
3.860774 -0.001522
3.865775 -0.001957
3.870776 0.002078
3.875777 0.001199
3.880778 -0.000899
3.885779 -0.002447
3.890780 0.001864
3.895781 0.000165
3.900782 -0.000845
3.905783 -0.000557
3.910784 -0.001775
3.915785 0.004195
3.920786 -0.001809
3.925787 -0.001940
3.930788 0.003359
3.935789 -0.000671
3.940790 -0.000531
3.945791 -0.002288
3.950792 0.001225
3.955793 0.002156
3.960794 -0.002613
3.965795 0.000126
3.970796 0.000552
3.975797 0.001416
3.980798 0.000139
3.985799 -0.004029
3.990800 0.001417
3.995801 0.002536
4.000802 -0.000855
4.005803 -0.001142
4.010804 -0.001743
4.015805 0.003252
4.020806 -0.001467
4.025807 -0.002036
4.030808 0.002576
4.035809 -0.000409
4.040810 0.000420
4.045811 -0.002437
4.050812 0.001964
4.055813 0.000981
4.060814 -0.002824
4.065815 -0.000269
4.070816 0.000292
4.075817 0.001946
4.080818 -0.001562
4.085819 -0.001537
4.090820 0.000752
4.095821 0.001329
4.100822 -0.001490
4.105823 -0.001084
4.110824 0.001202
4.115825 -0.000279
4.120826 -0.000621
4.125827 -0.001459
4.130828 0.001789
4.135829 0.000155
4.140830 -0.002748
4.145831 0.001149
4.150832 -0.000691
4.155833 0.000960
4.160834 -0.000117
4.165835 -0.003364
4.170836 0.002696
4.175837 0.000942
4.180838 -0.001551
4.185839 -0.001664
4.190840 0.001399
4.195841 0.000909
4.200842 -0.001002
4.205843 0.000108
4.210844 -0.000733
4.215845 0.003797
4.220846 -0.002483
4.225847 -0.001953
4.230848 0.003429
4.235849 -0.000263
4.240850 -0.001142
4.245851 -0.001682
4.250852 0.003186
4.255853 0.000855
4.260854 -0.002603
4.265855 0.000113
4.270856 0.000057
4.275857 0.001903
4.280858 -0.001553
4.285859 -0.001017
4.290860 0.002966
4.295861 -0.000221
4.300862 -0.000857
4.305863 -0.001416
4.310864 0.000150
4.315865 0.001846
4.320866 -0.001668
4.325867 -0.001484
4.330868 0.001168
4.335869 0.000416
4.340870 0.000096
4.345871 -0.001626
4.350872 0.000260
4.355873 0.001494
4.360874 -0.000599
4.365875 -0.000330
4.370876 -0.002033
4.375877 0.004066
4.380878 -0.000819
4.385879 -0.005134
4.390880 0.004326
4.395881 0.000009
4.400882 -0.002209
4.405883 0.000431
4.410884 0.001463
4.415885 0.001052
4.420886 -0.002517
4.425887 0.000397
4.430888 0.001258
4.435889 0.000653
4.440890 0.000291
4.445891 -0.002810
4.450892 0.002016
4.455893 0.001108
4.460894 -0.002294
4.465895 0.000469
4.470896 -0.000021
4.475897 0.001902
4.480898 -0.000071
4.485899 -0.001717
4.490900 0.001114
4.495901 0.000971
4.500902 -0.000943
4.505903 -0.000515
4.510904 0.001815
4.515905 0.000064
4.520906 -0.001532
4.525907 -0.000048
4.530908 0.000306
4.535909 0.001076
4.540910 0.000042
4.545911 -0.001659
4.550912 0.000604
4.555913 0.000959
4.560914 0.000588
4.565915 -0.002259
4.570916 0.001306
4.575917 0.002527
4.580918 -0.003078
4.585919 0.000410
4.590920 0.000901
4.595921 0.001399
4.600922 -0.000716
4.605923 -0.002333
4.610924 0.001774
4.615925 0.001560
4.620926 -0.001499
4.625927 -0.001555
4.630928 0.001300
4.635929 0.000291
4.640930 -0.001016
4.645931 -0.000660
4.650932 0.001374
4.655933 0.000758
4.660934 -0.002157
4.665935 0.000114
4.670936 0.002199
4.675937 0.000265
4.680938 0.000080
4.685939 -0.001805
4.690940 -0.000294
4.695941 0.003008
4.700942 -0.001118
4.705943 -0.001060
4.710944 0.000366
4.715945 0.001894
4.720946 0.001049
4.725947 -0.001033
4.730948 0.001643
4.735949 0.001693
4.740950 -0.000779
4.745951 -0.000366
4.750952 0.000915
4.755953 0.000170
4.760954 -0.000332
4.765955 -0.002607
4.770956 0.000250
4.775957 0.001230
4.780958 -0.000108
4.785959 -0.000572
4.790960 -0.000242
4.795961 0.003457
4.800962 -0.001360
4.805963 0.000154
4.810964 0.001742
4.815965 0.000951
4.820966 -0.000033
4.825967 -0.003693
4.830968 0.003785
4.835969 0.000688
4.840970 -0.002924
4.845971 -0.001248
4.850972 -0.000259
4.855973 0.003502
4.860974 -0.003924
4.865975 -0.004179
4.870976 -0.000651
4.875977 -0.001947
4.880978 -0.001093
4.885979 0.000794
4.890980 0.002887
4.895981 -0.000865
4.900982 -0.004555
4.905983 -0.004042
4.910984 0.000876
4.915985 0.004061
4.920986 0.000460
4.925987 -0.001654
4.930988 -0.001769
4.935989 -0.005336
4.940990 -0.004375
4.945991 -0.002183
4.950992 0.001772
4.955993 0.005776
4.960994 -0.001909
4.965995 -0.003161
4.970996 0.000400
4.975997 0.002052
4.980998 0.005295
4.985999 0.004304
4.991000 0.005346
4.996001 0.001278
5.001002 -0.004784
5.006003 -0.004237
5.011004 -0.005866
5.016005 -0.005167
5.021006 -0.007743
5.026007 -0.007200
5.031008 -0.001286
5.036009 0.000080
5.041010 0.004736
5.046011 0.006374
5.051012 0.006785
5.056013 0.005348
5.061014 0.008644
5.066015 0.012292
5.071016 0.012924
5.076017 0.011678
5.081018 -0.002494
5.086019 -0.009533
5.091020 -0.016353
5.096021 -0.016771
5.101022 -0.008687
5.106023 -0.009927
5.111024 -0.008793
5.116025 -0.009104
5.121026 -0.006492
5.126027 0.001901
5.131028 0.005356
5.136029 0.006481
5.141030 0.000951
5.146031 -0.005840
5.151032 0.004130
5.156033 0.013373
5.161034 0.014051
5.166035 0.010840
5.171036 0.001327
5.176037 -0.011399
5.181038 -0.023732
5.186039 -0.024509
5.191040 -0.010824
5.196041 0.016377
5.201042 0.023793
5.206043 0.005971
5.211044 -0.007279
5.216045 -0.017594
5.221046 -0.013537
5.226047 0.012729
5.231048 0.041297
5.236049 0.035382
5.241050 0.002485
5.246051 -0.021463
5.251052 -0.025197
5.256053 -0.006047
5.261054 0.008790
5.266055 0.011732
5.271056 0.002656
5.276057 -0.025283
5.281058 -0.043941
5.286059 -0.031976
5.291060 0.002902
5.296061 0.025819
5.301062 0.020761
5.306063 0.005632
5.311064 0.003999
5.316065 0.019616
5.321066 0.037566
5.326067 0.045740
5.331068 0.029348
5.336069 -0.000177
5.341070 -0.020083
5.346071 -0.018095
5.351072 -0.009529
5.356073 -0.008953
5.361074 -0.017371
5.366075 -0.034113
5.371076 -0.031501
5.376077 -0.015816
5.381078 0.003659
5.386079 0.021600
5.391080 0.019626
5.396081 0.004475
5.401082 -0.004834
5.406083 0.011506
5.411084 0.030442
5.416085 0.025411
5.421086 0.001529
5.426087 -0.026779
5.431088 -0.035549
5.436089 -0.017773
5.441090 0.007349
5.446091 0.009577
5.451092 -0.008849
5.456093 -0.018142
5.461094 -0.007168
5.466095 0.020937
5.471096 0.045305
5.476097 0.041513
5.481098 0.015058
5.486099 -0.007913
5.491100 -0.017170
5.496101 -0.014433
5.501102 -0.010854
5.506103 -0.011211
5.511104 -0.014553
5.516105 -0.033630
5.521106 -0.044059
5.526107 -0.034232
5.531108 -0.015873
5.536109 -0.000740
5.541110 0.003582
5.546111 0.017962
5.551112 0.029171
5.556113 0.030000
5.561114 0.025594
5.566115 0.021037
5.571116 0.023931
5.576117 0.016621
5.581118 0.008392
5.586119 0.011345
5.591120 0.012001
5.596121 -0.006755
5.601122 -0.029332
5.606123 -0.036698
5.611124 -0.025516
5.616125 -0.003868
5.621126 0.000047
5.626127 -0.001547
5.631128 0.001939
5.636129 0.002178
5.641130 0.002856
5.646131 0.010856
5.651132 0.020792
5.656133 0.014740
5.661134 -0.005141
5.666135 -0.015481
5.671137 -0.008356
5.676138 -0.008316
5.681139 -0.016356
5.686140 -0.016999
5.691141 -0.008898
5.696142 -0.009872
5.701143 -0.015717
5.706144 -0.007152
5.711145 0.003752
5.716146 0.012245
5.721147 0.011497
5.726148 0.009112
5.731149 0.011042
5.736150 0.009317
5.741151 0.002451
5.746152 -0.010924
5.751153 -0.014866
5.756154 -0.017900
5.761155 -0.024146
5.766156 -0.015491
5.771157 -0.014898
5.776158 -0.021330
5.781159 -0.013248
5.786160 -0.010812
5.791161 -0.012037
5.796162 -0.007811
5.801163 -0.000398
5.806164 0.012792
5.811165 0.015607
5.816166 0.007223
5.821167 0.001863
5.826168 0.005365
5.831169 0.012007
5.836170 0.017399
5.841171 0.016987
5.846172 0.013086
5.851173 0.017358
5.856174 0.010066
5.861175 -0.001594
5.866176 -0.000881
5.871177 0.003313
5.876178 0.009174
5.881179 0.007803
5.886180 -0.000211
5.891181 -0.010352
5.896182 -0.020414
5.901183 -0.018274
5.906184 0.009920
5.911185 0.038013
5.916186 0.034452
5.921187 0.008977
5.926188 -0.013435
5.931189 -0.017784
5.936190 -0.016407
5.941191 -0.016188
5.946192 -0.003352
5.951193 0.012570
5.956194 0.005283
5.961195 -0.008621
5.966196 -0.009372
5.971197 0.001950
5.976198 0.018118
5.981199 0.025334
5.986200 0.027514
5.991201 0.020169
5.996202 0.000297
6.001203 -0.014976
6.006204 -0.015816
6.011205 -0.011104
6.016206 -0.006214
6.021207 -0.010084
6.026208 -0.024121
6.031209 -0.028589
6.036210 -0.029939
6.041211 -0.023781
6.046212 -0.012125
6.051213 -0.005052
6.056214 0.007588
6.061215 0.016617
6.066216 0.026374
6.071217 0.027899
6.076218 0.023455
6.081219 0.016971
6.086220 0.003351
6.091221 -0.000650
6.096222 -0.004933
6.101223 -0.005028
6.106224 -0.006751
6.111225 -0.009828
6.116226 -0.015454
6.121227 -0.027870
6.126228 -0.021263
6.131229 -0.005293
6.136230 0.017390
6.141231 0.035098
6.146232 0.032731
6.151233 0.022663
6.156234 0.002277
6.161235 -0.018858
6.166236 -0.017112
6.171237 -0.004410
6.176238 -0.001862
6.181239 -0.013723
6.186240 -0.032801
6.191241 -0.031698
6.196242 -0.013763
6.201243 0.004996
6.206244 0.018319
6.211245 0.014476
6.216246 0.003933
6.221247 -0.003426
6.226248 -0.009484
6.231249 -0.007262
6.236250 0.002935
6.241251 0.004399
6.246252 -0.001881
6.251253 -0.003609
6.256254 -0.005999
6.261255 -0.008636
6.266256 -0.010091
6.271257 -0.016149
6.276258 -0.020823
6.281259 -0.016134
6.286260 -0.008952
6.291261 -0.003383
6.296262 -0.005295
6.301263 -0.015425
6.306264 -0.026311
6.311265 -0.033458
6.316266 -0.023339
6.321267 -0.006779
6.326268 0.014633
6.331269 0.024126
6.336270 0.008035
6.341271 -0.006805
6.346272 -0.006243
6.351273 0.010934
6.356274 0.013803
6.361275 0.004075
6.366276 -0.005725
6.371277 -0.009854
6.376278 -0.009714
6.381279 -0.011831
6.386280 0.002745
6.391281 0.016612
6.396282 0.019806
6.401283 0.008291
6.406284 -0.011065
6.411285 -0.025727
6.416286 -0.029896
6.421287 -0.012747
6.426288 0.007786
6.431289 0.022745
6.436290 0.011387
6.441291 -0.015175
6.446292 -0.025208
6.451293 -0.021397
6.456294 -0.004383
6.461295 0.006924
6.466296 0.016698
6.471297 0.033562
6.476298 0.052520
6.481299 0.061759
6.486300 0.055206
6.491301 0.046994
6.496302 0.034820
6.501303 0.026029
6.506304 0.025385
6.511305 0.024259
6.516306 0.008325
6.521307 -0.016036
6.526308 -0.030352
6.531309 -0.025093
6.536310 -0.008079
6.541311 0.006568
6.546312 0.021808
6.551313 0.020088
6.556314 0.000827
6.561315 -0.012171
6.566316 -0.008360
6.571317 0.005392
6.576318 0.009161
6.581319 -0.004755
6.586320 -0.019281
6.591321 -0.022164
6.596322 -0.013273
6.601323 -0.002636
6.606324 -0.007860
6.611325 -0.031300
6.616326 -0.056660
6.621327 -0.061421
6.626328 -0.044289
6.631329 -0.014759
6.636330 -0.001297
6.641331 -0.011999
6.646332 -0.030715
6.651333 -0.040112
6.656334 -0.035261
6.661335 -0.034925
6.666336 -0.029525
6.671337 -0.026411
6.676338 -0.024301
6.681339 -0.014347
6.686340 -0.003751
6.691341 0.011347
6.696342 0.021476
6.701343 0.029021
6.706344 0.044904
6.711345 0.068886
6.716346 0.084826
6.721347 0.088667
6.726348 0.083821
6.731349 0.073712
6.736350 0.067071
6.741351 0.054484
6.746352 0.043351
6.751353 0.028025
6.756354 -0.004851
6.761355 -0.032109
6.766356 -0.041446
6.771357 -0.033230
6.776358 -0.028319
6.781359 -0.038847
6.786360 -0.047361
6.791361 -0.045519
6.796362 -0.040919
6.801363 -0.042857
6.806364 -0.041442
6.811365 -0.041194
6.816366 -0.035992
6.821367 -0.024511
6.826368 -0.016707
6.831369 -0.010830
6.836370 -0.018368
6.841371 -0.026320
6.846372 -0.019797
6.851373 0.003577
6.856374 0.033371
6.861375 0.058542
6.866376 0.073092
6.871377 0.073873
6.876378 0.071069
6.881379 0.059040
6.886380 0.041388
6.891381 0.021254
6.896382 -0.007399
6.901383 -0.039716
6.906384 -0.070533
6.911385 -0.092672
6.916386 -0.112668
6.921387 -0.130274
6.926388 -0.139821
6.931389 -0.139696
6.936390 -0.119537
6.941391 -0.086604
6.946392 -0.045677
6.951393 -0.017250
6.956394 -0.015239
6.961395 -0.023491
6.966396 -0.027618
6.971397 -0.008730
6.976398 0.020762
6.981399 0.045003
6.986400 0.054017
6.991401 0.048773
6.996402 0.042147
7.001403 0.043078
7.006404 0.057454
7.011405 0.062040
7.016406 0.052458
7.021407 0.033388
7.026408 0.016061
7.031409 0.015335
7.036410 0.020921
7.041411 0.017679
7.046412 0.003347
7.051413 -0.017168
7.056414 -0.034609
7.061415 -0.031025
7.066416 -0.012612
7.071417 0.011101
7.076418 0.020946
7.081419 0.021537
7.086420 0.038042
7.091421 0.075196
7.096422 0.133292
7.101423 0.196841
7.106424 0.259373
7.111425 0.316865
7.116426 0.366707
7.121427 0.409179
7.126428 0.454698
7.131429 0.495126
7.136430 0.515783
7.141431 0.518000
7.146432 0.492460
7.151433 0.450700
7.156434 0.387965
7.161435 0.317307
7.166436 0.257916
7.171437 0.185094
7.176438 0.111555
7.181439 0.051834
7.186440 0.003149
7.191441 -0.026029
7.196442 -0.049592
7.201443 -0.073714
7.206444 -0.104949
7.211445 -0.146367
7.216446 -0.186798
7.221447 -0.230233
7.226448 -0.259444
7.231449 -0.286511
7.236450 -0.321260
7.241451 -0.349752
7.246452 -0.387139
7.251453 -0.426733
7.256454 -0.460603
7.261455 -0.477244
7.266456 -0.481990
7.271457 -0.471901
7.276458 -0.439725
7.281459 -0.402774
7.286460 -0.346701
7.291461 -0.295911
7.296462 -0.262953
7.301463 -0.237635
7.306464 -0.218850
7.311465 -0.184838
7.316466 -0.152663
7.321467 -0.122532
7.326468 -0.092119
7.331469 -0.078903
7.336470 -0.078358
7.341471 -0.083253
7.346472 -0.087081
7.351473 -0.103522
7.356474 -0.136841
7.361475 -0.172668
7.366476 -0.198364
7.371477 -0.203918
7.376478 -0.186105
7.381479 -0.145740
7.386480 -0.090492
7.391481 -0.030094
7.396482 0.014949
7.401483 0.045654
7.406484 0.071819
7.411485 0.081009
7.416486 0.082990
7.421487 0.083119
7.426488 0.084566
7.431489 0.095792
7.436490 0.110558
7.441491 0.144032
7.446492 0.190589
7.451493 0.237061
7.456494 0.279113
7.461495 0.297996
7.466496 0.305585
7.471497 0.305763
7.476498 0.298383
7.481499 0.286965
7.486500 0.273733
7.491501 0.269655
7.496502 0.259148
7.501503 0.244764
7.506504 0.225959
7.511505 0.194923
7.516506 0.154719
7.521507 0.098827
7.526508 0.050277
7.531509 0.016080
7.536510 -0.010906
7.541511 -0.024240
7.546512 -0.027671
7.551513 -0.028325
7.556514 -0.033666
7.561515 -0.042173
7.566516 -0.050413
7.571517 -0.053220
7.576518 -0.050101
7.581519 -0.041467
7.586520 -0.028790
7.591521 -0.012316
7.596522 0.003546
7.601523 0.013928
7.606524 0.023415
7.611525 0.022124
7.616526 0.016321
7.621527 -0.000031
7.626528 -0.030159
7.631529 -0.056036
7.636530 -0.094408
7.641531 -0.135086
7.646532 -0.156686
7.651533 -0.174630
7.656534 -0.184573
7.661535 -0.186341
7.666536 -0.189218
7.671537 -0.185264
7.676538 -0.179680
7.681539 -0.163623
7.686540 -0.134865
7.691541 -0.103538
7.696542 -0.071000
7.701543 -0.044505
7.706544 -0.019139
7.711545 0.008327
7.716546 0.033837
7.721547 0.059223
7.726548 0.086096
7.731549 0.108135
7.736550 0.119279
7.741551 0.118522
7.746552 0.111382
7.751553 0.093638
7.756554 0.064492
7.761555 0.027277
7.766556 -0.013046
7.771557 -0.038280
7.776558 -0.058072
7.781559 -0.074247
7.786560 -0.079548
7.791561 -0.087494
7.796562 -0.090080
7.801563 -0.081845
7.806564 -0.066275
7.811565 -0.032785
7.816566 0.004857
7.821567 0.032707
7.826568 0.063902
7.831569 0.090813
7.836570 0.108298
7.841571 0.123217
7.846572 0.130474
7.851573 0.133476
7.856574 0.130895
7.861575 0.119002
7.866576 0.109375
7.871577 0.097121
7.876578 0.080625
7.881579 0.065733
7.886580 0.049559
7.891581 0.044646
7.896582 0.039247
7.901583 0.034801
7.906584 0.035180
7.911585 0.027812
7.916586 0.016075
7.921587 -0.009294
7.926588 -0.033956
7.931589 -0.051575
7.936590 -0.069027
7.941592 -0.077433
7.946593 -0.075281
7.951594 -0.068640
7.956595 -0.064147
7.961596 -0.061637
7.966597 -0.055888
7.971598 -0.043801
7.976599 -0.024546
7.981600 0.004204
7.986601 0.038580
7.991602 0.069189
7.996603 0.091068
8.001604 0.108539
8.006605 0.120787
8.011606 0.132437
8.016607 0.135209
8.021608 0.132422
8.026609 0.132567
8.031610 0.112675
8.036611 0.086083
8.041612 0.054205
8.046613 0.025315
8.051614 0.007141
8.056615 -0.013679
8.061616 -0.019019
8.066617 -0.022753
8.071618 -0.023337
8.076619 -0.020148
8.081620 -0.022542
8.086621 -0.019208
8.091622 -0.019881
8.096623 -0.028016
8.101624 -0.044664
8.106625 -0.056898
8.111626 -0.057605
8.116627 -0.059112
8.121628 -0.057117
8.126629 -0.050458
8.131630 -0.044836
8.136631 -0.041192
8.141632 -0.041050
8.146633 -0.035051
8.151634 -0.024742
8.156635 -0.017224
8.161636 -0.008242
8.166637 0.000937
8.171638 0.012151
8.176639 0.014339
8.181640 0.005507
8.186641 -0.010607
8.191642 -0.030722
8.196643 -0.049134
8.201644 -0.070219
8.206645 -0.087341
8.211646 -0.097510
8.216647 -0.104669
8.221648 -0.109304
8.226649 -0.096285
8.231650 -0.076435
8.236651 -0.056592
8.241652 -0.034181
8.246653 -0.010330
8.251654 0.017991
8.256655 0.031077
8.261656 0.049338
8.266657 0.060216
8.271658 0.065739
8.276659 0.074084
8.281660 0.063174
8.286661 0.058352
8.291662 0.048815
8.296663 0.035968
8.301664 0.026341
8.306665 0.023205
8.311666 0.029906
8.316667 0.037843
8.321668 0.046890
8.326669 0.046449
8.331670 0.045508
8.336671 0.040220
8.341672 0.030640
8.346673 0.023037
8.351674 0.015790
8.356675 0.002604
8.361676 -0.018925
8.366677 -0.038649
8.371678 -0.059148
8.376679 -0.072539
8.381680 -0.086755
8.386681 -0.098992
8.391682 -0.100047
8.396683 -0.103990
8.401684 -0.098522
8.406685 -0.086397
8.411686 -0.062961
8.416687 -0.035006
8.421688 -0.014197
8.426689 0.018190
8.431690 0.044747
8.436691 0.066335
8.441692 0.079500
8.446693 0.084776
8.451694 0.086011
8.456695 0.073471
8.461696 0.057604
8.466697 0.037486
8.471698 0.023715
8.476699 0.004629
8.481700 -0.019998
8.486701 -0.037780
8.491702 -0.055194
8.496703 -0.069220
8.501704 -0.077638
8.506705 -0.076109
8.511706 -0.072716
8.516707 -0.070869
8.521708 -0.072909
8.526709 -0.077234
8.531710 -0.077342
8.536711 -0.078282
8.541712 -0.075600
8.546713 -0.061715
8.551714 -0.039764
8.556715 -0.018545
8.561716 0.003662
8.566717 0.027872
8.571718 0.047989
8.576719 0.059524
8.581720 0.057301
8.586721 0.053447
8.591722 0.049911
8.596723 0.036295
8.601724 0.021895
8.606725 0.012866
8.611726 0.008631
8.616727 0.004234
8.621728 -0.002277
8.626729 -0.002078
8.631730 -0.004473
8.636731 -0.012912
8.641732 -0.017114
8.646733 -0.026033
8.651734 -0.032561
8.656735 -0.029421
8.661736 -0.025631
8.666737 -0.012763
8.671738 0.008732
8.676739 0.025038
8.681740 0.035176
8.686741 0.043431
8.691742 0.049458
8.696743 0.052198
8.701744 0.053872
8.706745 0.054529
8.711746 0.056701
8.716747 0.055797
8.721748 0.041654
8.726749 0.031077
8.731750 0.021398
8.736751 0.004840
8.741752 -0.008024
8.746753 -0.019086
8.751754 -0.026940
8.756755 -0.035464
8.761756 -0.032356
8.766757 -0.019120
8.771758 0.000423
8.776759 0.025723
8.781760 0.044453
8.786761 0.069220
8.791762 0.089297
8.796763 0.097320
8.801764 0.097712
8.806765 0.094491
8.811766 0.084229
8.816767 0.059567
8.821768 0.032808
8.826769 0.005584
8.831770 -0.013528
8.836771 -0.026427
8.841772 -0.029172
8.846773 -0.016473
8.851774 0.000147
8.856775 0.016735
8.861776 0.025149
8.866777 0.034940
8.871778 0.045827
8.876779 0.051058
8.881780 0.060293
8.886781 0.070139
8.891782 0.080881
8.896783 0.083731
8.901784 0.072610
8.906785 0.063803
8.911786 0.049835
8.916787 0.027449
8.921788 0.006863
8.926789 -0.008337
8.931790 -0.016306
8.936791 -0.016162
8.941792 -0.011068
8.946793 -0.002951
8.951794 0.011261
8.956795 0.013204
8.961796 0.008967
8.966797 0.008684
8.971798 0.002699
8.976799 -0.000781
8.981800 -0.008391
8.986801 -0.020425
8.991802 -0.032254
8.996803 -0.049914
9.001804 -0.064002
9.006805 -0.074166
9.011806 -0.078774
9.016807 -0.079362
9.021808 -0.090823
9.026809 -0.100200
9.031810 -0.103645
9.036811 -0.114322
9.041812 -0.124085
9.046813 -0.122888
9.051814 -0.119226
9.056815 -0.114153
9.061816 -0.101195
9.066817 -0.085444
9.071818 -0.064292
9.076819 -0.048513
9.081820 -0.037462
9.086821 -0.017598
9.091822 0.000824
9.096823 0.018201
9.101824 0.031392
9.106825 0.045468
9.111826 0.065824
9.116827 0.071839
9.121828 0.065914
9.126829 0.053570
9.131830 0.033143
9.136831 0.008057
9.141832 -0.024893
9.146833 -0.049550
9.151834 -0.066183
9.156835 -0.086683
9.161836 -0.100477
9.166837 -0.105433
9.171838 -0.105880
9.176839 -0.108216
9.181840 -0.102543
9.186841 -0.083317
9.191842 -0.063598
9.196843 -0.037147
9.201844 -0.003541
9.206845 0.031439
9.211846 0.068046
9.216847 0.096151
9.221848 0.118144
9.226849 0.134994
9.231850 0.143988
9.236851 0.146506
9.241852 0.142050
9.246853 0.132948
9.251854 0.122093
9.256855 0.106955
9.261856 0.079210
9.266857 0.058463
9.271858 0.037829
9.276859 0.014459
9.281860 0.003359
9.286861 -0.009871
9.291862 -0.016045
9.296863 -0.022943
9.301864 -0.033764
9.306865 -0.038163
9.311866 -0.038436
9.316867 -0.035305
9.321868 -0.026751
9.326869 -0.010505
9.331870 0.005713
9.336871 0.019648
9.341872 0.026731
9.346873 0.034655
9.351874 0.041784
9.356875 0.041649
9.361876 0.039116
9.366877 0.038609
9.371878 0.037030
9.376879 0.027272
9.381880 0.016076
9.386881 0.001477
9.391882 -0.008956
9.396883 -0.019493
9.401884 -0.033520
9.406885 -0.035860
9.411886 -0.032123
9.416887 -0.030548
9.421888 -0.029340
9.426889 -0.023699
9.431890 -0.018747
9.436891 -0.015648
9.441892 -0.017747
9.446893 -0.020470
9.451894 -0.015994
9.456895 -0.019936
9.461896 -0.029584
9.466897 -0.034005
9.471898 -0.035027
9.476899 -0.033897
9.481900 -0.031985
9.486901 -0.020928
9.491902 -0.002618
9.496903 0.013800
9.501904 0.027329
9.506905 0.043999
9.511906 0.060162
9.516907 0.063689
9.521908 0.063116
9.526909 0.054876
9.531910 0.038138
9.536911 0.011048
9.541912 -0.019235
9.546913 -0.041741
9.551914 -0.064112
9.556915 -0.074649
9.561916 -0.078266
9.566917 -0.070253
9.571918 -0.049733
9.576919 -0.028532
9.581920 -0.005106
9.586921 0.019563
9.591922 0.048181
9.596923 0.063939
9.601924 0.068603
9.606925 0.072148
9.611926 0.063134
9.616927 0.047153
9.621928 0.028357
9.626929 0.014317
9.631930 0.008240
9.636931 -0.002780
9.641932 -0.004702
9.646933 -0.002314
9.651934 0.005448
9.656935 0.019979
9.661936 0.023381
9.666937 0.037838
9.671938 0.044701
9.676939 0.042015
9.681940 0.042630
9.686941 0.032421
9.691942 0.029963
9.696943 0.017592
9.701944 -0.005734
9.706945 -0.017999
9.711946 -0.031216
9.716947 -0.052365
9.721948 -0.063388
9.726949 -0.067150
9.731950 -0.068516
9.736951 -0.059176
9.741952 -0.053630
9.746953 -0.033272
9.751954 -0.011344
9.756955 0.003931
9.761956 0.019901
9.766957 0.025010
9.771958 0.036786
9.776959 0.036159
9.781960 0.029963
9.786961 0.025746
9.791962 0.012491
9.796963 -0.004751
9.801964 -0.028122
9.806965 -0.045583
9.811966 -0.060860
9.816967 -0.074418
9.821968 -0.078566
9.826969 -0.076408
9.831970 -0.073355
9.836971 -0.065831
9.841972 -0.060288
9.846973 -0.058579
9.851974 -0.052125
9.856975 -0.053834
9.861976 -0.056159
9.866977 -0.056047
9.871978 -0.059291
9.876979 -0.057190
9.881980 -0.053515
9.886981 -0.046380
9.891982 -0.032465
9.896983 -0.016149
9.901984 -0.003347
9.906985 0.012827
9.911986 0.033226
9.916987 0.043993
9.921988 0.054819
9.926989 0.067879
9.931990 0.075195
9.936991 0.075437
9.941992 0.068741
9.946993 0.058974
9.951994 0.050709
9.956995 0.038715
9.961996 0.020741
9.966997 0.008627
9.971998 -0.000594
9.976999 -0.009777
9.982000 -0.015092
9.987001 -0.010936
9.992002 -0.002787
9.997003 0.004405
10.002004 0.017534
10.007005 0.032522
10.012006 0.045534
10.017007 0.061657
10.022008 0.075530
10.027009 0.083423
10.032010 0.093798
10.037011 0.096610
10.042012 0.092146
10.047013 0.089460
10.052014 0.086215
10.057015 0.077086
10.062016 0.063759
10.067017 0.056881
10.072018 0.046311
10.077019 0.034303
10.082020 0.024501
10.087021 0.010623
10.092022 0.006112
10.097023 -0.000505
10.102024 -0.010565
10.107025 -0.011555
10.112026 -0.019885
10.117027 -0.030787
10.122028 -0.041424
10.127029 -0.056787
10.132030 -0.064218
10.137031 -0.077326
10.142032 -0.097951
10.147033 -0.104369
10.152034 -0.114573
10.157035 -0.127548
10.162036 -0.129635
10.167037 -0.130513
10.172038 -0.117811
10.177039 -0.102038
10.182040 -0.082644
10.187041 -0.051002
10.192042 -0.021893
10.197043 0.009524
10.202044 0.031452
10.207046 0.052118
10.212047 0.075138
10.217048 0.078811
10.222049 0.074979
10.227050 0.069209
10.232051 0.058104
10.237052 0.042533
10.242053 0.024693
10.247054 0.012297
10.252055 0.004857
10.257056 -0.005480
10.262057 -0.015782
10.267058 -0.019224
10.272059 -0.022967
10.277060 -0.023318
10.282061 -0.022213
10.287062 -0.021520
10.292063 -0.013271
10.297064 -0.010713
10.302065 -0.010043
10.307066 -0.005030
10.312067 0.002428
10.317068 0.007031
10.322069 0.009145
10.327070 0.019338
10.332071 0.027213
10.337072 0.032160
10.342073 0.037766
10.347074 0.045831
10.352075 0.055339
10.357076 0.058684
10.362077 0.060486
10.367078 0.066008
10.372079 0.069259
10.377080 0.069244
10.382081 0.064843
10.387082 0.058003
10.392083 0.050861
10.397084 0.035025
10.402085 0.017769
10.407086 0.002318
10.412087 -0.011451
10.417088 -0.026676
10.422089 -0.043044
10.427090 -0.052234
10.432091 -0.058071
10.437092 -0.063465
10.442093 -0.066571
10.447094 -0.062493
10.452095 -0.055915
10.457096 -0.053655
10.462097 -0.044980
10.467098 -0.032183
10.472099 -0.024282
10.477100 -0.012331
10.482101 -0.006032
10.487102 0.000147
10.492103 0.014157
10.497104 0.020061
10.502105 0.018847
10.507106 0.022573
10.512107 0.029109
10.517108 0.022804
10.522109 0.021091
10.527110 0.020112
10.532111 0.012783
10.537112 0.007181
10.542113 -0.004382
10.547114 -0.011210
10.552115 -0.016821
10.557116 -0.025462
10.562117 -0.037610
10.567118 -0.043050
10.572119 -0.049064
10.577120 -0.059360
10.582121 -0.061585
10.587122 -0.064244
10.592123 -0.059590
10.597124 -0.053163
10.602125 -0.045166
10.607126 -0.034613
10.612127 -0.019282
10.617128 0.000744
10.622129 0.014537
10.627130 0.032145
10.632131 0.052665
10.637132 0.066324
10.642133 0.072189
10.647134 0.078065
10.652135 0.077464
10.657136 0.074311
10.662137 0.068142
10.667138 0.055331
10.672139 0.052504
10.677140 0.041824
10.682141 0.029497
10.687142 0.025836
10.692143 0.019788
10.697144 0.016578
10.702145 0.009632
10.707146 0.005341
10.712147 0.004370
10.717148 -0.004316
10.722149 -0.020344
10.727150 -0.030522
10.732151 -0.037690
10.737152 -0.052897
10.742153 -0.058644
10.747154 -0.060530
10.752155 -0.058283
10.757156 -0.049078
10.762157 -0.042130
10.767158 -0.024996
10.772159 -0.001600
10.777160 0.017655
10.782161 0.036632
10.787162 0.060995
10.792163 0.079305
10.797164 0.090310
10.802165 0.097449
10.807166 0.102150
10.812167 0.104989
10.817168 0.094975
10.822169 0.082980
10.827170 0.066710
10.832171 0.047898
10.837172 0.026753
10.842173 -0.002924
10.847174 -0.027375
10.852175 -0.047269
10.857176 -0.068079
10.862177 -0.089244
10.867178 -0.099142
10.872179 -0.105911
10.877180 -0.113215
10.882181 -0.116001
10.887182 -0.114831
10.892183 -0.103724
10.897184 -0.101386
10.902185 -0.095000
10.907186 -0.080509
10.912187 -0.071709
10.917188 -0.059265
10.922189 -0.048863
10.927190 -0.035322
10.932191 -0.020137
10.937192 -0.007091
10.942193 0.005815
10.947194 0.020516
10.952195 0.034540
10.957196 0.041112
10.962197 0.047160
10.967198 0.049460
10.972199 0.051087
10.977200 0.048668
10.982201 0.035526
10.987202 0.030913
10.992203 0.024503
10.997204 0.006662
11.002205 -0.005570
11.007206 -0.015515
11.012207 -0.023508
11.017208 -0.035052
11.022209 -0.044575
11.027210 -0.043686
11.032211 -0.047914
11.037212 -0.047793
11.042213 -0.043735
11.047214 -0.040597
11.052215 -0.027983
11.057216 -0.016641
11.062217 -0.007081
11.067218 0.009999
11.072219 0.025689
11.077220 0.040879
11.082221 0.054976
11.087222 0.064623
11.092223 0.077944
11.097224 0.082667
11.102225 0.082313
11.107226 0.085543
11.112227 0.083774
11.117228 0.079309
11.122229 0.072786
11.127230 0.069545
11.132231 0.068025
11.137232 0.061205
11.142233 0.054879
11.147234 0.052407
11.152235 0.045301
11.157236 0.035037
11.162237 0.026508
11.167238 0.013693
11.172239 0.002098
11.177240 -0.009669
11.182241 -0.022312
11.187242 -0.031110
11.192243 -0.034071
11.197244 -0.034748
11.202245 -0.039064
11.207246 -0.033084
11.212247 -0.025382
11.217248 -0.025068
11.222249 -0.021194
11.227250 -0.018091
11.232251 -0.020401
11.237252 -0.021424
11.242253 -0.026759
11.247254 -0.035395
11.252255 -0.036065
11.257256 -0.044134
11.262257 -0.052606
11.267258 -0.055384
11.272259 -0.055477
11.277260 -0.056436
11.282261 -0.063276
11.287262 -0.062026
11.292263 -0.063086
11.297264 -0.067750
11.302265 -0.070389
11.307266 -0.073449
11.312267 -0.073966
11.317268 -0.079687
11.322269 -0.087928
11.327270 -0.087597
11.332271 -0.087406
11.337272 -0.086996
11.342273 -0.085654
11.347274 -0.079352
11.352275 -0.064579
11.357276 -0.057579
11.362277 -0.042510
11.367278 -0.025584
11.372279 -0.006815
11.377280 0.013867
11.382281 0.025301
11.387282 0.048738
11.392283 0.067186
11.397284 0.077530
11.402285 0.089408
11.407286 0.097792
11.412287 0.103910
11.417288 0.108304
11.422289 0.105241
11.427290 0.102649
11.432291 0.104899
11.437292 0.093489
11.442293 0.086948
11.447294 0.086646
11.452295 0.084948
11.457296 0.084925
11.462297 0.086922
11.467298 0.095072
11.472299 0.102989
11.477300 0.110112
11.482301 0.109269
11.487302 0.112890
11.492303 0.114575
11.497304 0.106601
11.502305 0.100965
11.507306 0.091756
11.512307 0.082814
11.517308 0.073165
11.522309 0.059470
11.527310 0.050424
11.532311 0.045508
11.537312 0.034513
11.542313 0.026061
11.547314 0.023440
11.552315 0.020227
11.557316 0.014537
11.562317 0.011867
11.567318 0.009731
11.572319 0.003891
11.577320 -0.003612
11.582321 -0.016698
11.587322 -0.027340
11.592323 -0.039753
11.597324 -0.050440
11.602325 -0.063479
11.607326 -0.075059
11.612327 -0.075134
11.617328 -0.080645
11.622329 -0.081237
11.627330 -0.074724
11.632331 -0.068852
11.637332 -0.062929
11.642333 -0.061895
11.647334 -0.060333
11.652335 -0.057898
11.657336 -0.061060
11.662337 -0.070051
11.667338 -0.079621
11.672339 -0.085452
11.677340 -0.094345
11.682341 -0.102483
11.687342 -0.105314
11.692343 -0.104706
11.697344 -0.103018
11.702345 -0.102810
11.707346 -0.094459
11.712347 -0.084033
11.717348 -0.077402
11.722349 -0.068380
11.727350 -0.058387
11.732351 -0.047755
11.737352 -0.037701
11.742353 -0.034414
11.747354 -0.025407
11.752355 -0.017134
11.757356 -0.018340
11.762357 -0.013730
11.767358 -0.013356
11.772359 -0.011854
11.777360 -0.011993
11.782361 -0.012278
11.787362 -0.006473
11.792363 -0.003939
11.797364 0.006795
11.802365 0.014373
11.807366 0.025209
11.812367 0.040763
11.817368 0.046823
11.822369 0.058052
11.827370 0.067546
11.832371 0.072254
11.837372 0.075059
11.842373 0.070274
11.847374 0.063878
11.852375 0.056438
11.857376 0.038629
11.862377 0.022520
11.867378 0.012212
11.872379 -0.001753
11.877380 -0.012441
11.882381 -0.020813
11.887382 -0.022266
11.892383 -0.021495
11.897384 -0.020486
11.902385 -0.014975
11.907386 -0.006678
11.912387 0.003886
11.917388 0.012677
11.922389 0.019643
11.927390 0.027490
11.932391 0.037177
11.937392 0.042002
11.942393 0.046867
11.947394 0.052703
11.952395 0.061047
11.957396 0.067497
11.962397 0.067889
11.967398 0.073973
11.972399 0.079369
11.977400 0.077744
11.982401 0.072434
11.987402 0.069515
11.992403 0.064731
11.997404 0.047316
12.002405 0.034394
12.007406 0.026506
12.012407 0.012266
12.017408 0.000512
12.022409 -0.014042
12.027410 -0.021117
12.032411 -0.025518
12.037412 -0.033255
12.042413 -0.036923
12.047414 -0.038162
12.052415 -0.033140
12.057416 -0.034196
12.062417 -0.028879
12.067418 -0.020512
12.072419 -0.012710
12.077420 0.002221
12.082421 0.013089
12.087422 0.029075
12.092423 0.040031
12.097424 0.051613
12.102425 0.064005
12.107426 0.066930
12.112427 0.074204
12.117428 0.073510
12.122429 0.072422
12.127430 0.068448
12.132431 0.059688
12.137432 0.056309
12.142433 0.039957
12.147434 0.030546
12.152435 0.021114
12.157436 -0.000405
12.162437 -0.012892
12.167438 -0.029191
12.172439 -0.042377
12.177440 -0.055031
12.182441 -0.076962
12.187442 -0.089655
12.192443 -0.102795
12.197444 -0.125406
12.202445 -0.141958
12.207446 -0.151810
12.212447 -0.162552
12.217448 -0.173129
12.222449 -0.182816
12.227450 -0.179969
12.232451 -0.171187
12.237452 -0.164916
12.242453 -0.151807
12.247454 -0.131784
12.252455 -0.106955
12.257456 -0.083709
12.262457 -0.060412
12.267458 -0.032763
12.272459 -0.007410
12.277460 0.007836
12.282461 0.022454
12.287462 0.038333
12.292463 0.045338
12.297464 0.047027
12.302465 0.047144
12.307466 0.042154
12.312467 0.037081
12.317468 0.026690
12.322469 0.009762
12.327470 0.003289
12.332471 -0.005091
12.337472 -0.015714
12.342473 -0.020371
12.347474 -0.020106
12.352475 -0.018284
12.357476 -0.015946
12.362477 -0.005366
12.367478 0.002151
12.372479 0.015316
12.377480 0.031623
12.382481 0.042155
12.387482 0.059621
12.392483 0.078686
12.397484 0.092691
12.402485 0.101456
12.407486 0.114587
12.412487 0.129313
12.417488 0.138678
12.422489 0.147226
12.427490 0.157035
12.432491 0.167132
12.437492 0.168349
12.442493 0.166001
12.447494 0.164299
12.452495 0.158483
12.457496 0.144435
12.462497 0.125734
12.467498 0.110658
12.472499 0.089664
12.477501 0.066199
12.482502 0.045557
12.487503 0.029216
12.492504 0.017318
12.497505 -0.000731
12.502506 -0.008887
12.507507 -0.008020
12.512508 -0.009914
12.517509 -0.003846
12.522510 -0.002201
12.527511 0.000494
12.532512 0.007652
12.537513 0.005584
12.542514 0.002378
12.547515 -0.003857
12.552516 -0.007353
12.557517 -0.017285
12.562518 -0.033581
12.567519 -0.043428
12.572520 -0.055977
12.577521 -0.070507
12.582522 -0.084844
12.587523 -0.090758
12.592524 -0.096326
12.597525 -0.100582
12.602526 -0.100949
12.607527 -0.099698
12.612528 -0.091500
12.617529 -0.087128
12.622530 -0.082045
12.627531 -0.075743
12.632532 -0.065623
12.637533 -0.058814
12.642534 -0.057786
12.647535 -0.054298
12.652536 -0.054145
12.657537 -0.058030
12.662538 -0.066652
12.667539 -0.068799
12.672540 -0.073614
12.677541 -0.081326
12.682542 -0.083611
12.687543 -0.083497
12.692544 -0.080271
12.697545 -0.077996
12.702546 -0.074518
12.707547 -0.069099
12.712548 -0.055345
12.717549 -0.047949
12.722550 -0.040988
12.727551 -0.026743
12.732552 -0.016301
12.737553 -0.006420
12.742554 -0.000119
12.747555 0.009363
12.752556 0.016092
12.757557 0.019545
12.762558 0.022177
12.767559 0.027869
12.772560 0.034441
12.777561 0.036103
12.782562 0.041134
12.787563 0.046034
12.792564 0.050681
12.797565 0.055399
12.802566 0.054105
12.807567 0.054981
12.812568 0.060300
12.817569 0.054042
12.822570 0.049935
12.827571 0.047183
12.832572 0.044110
12.837573 0.040353
12.842574 0.030000
12.847575 0.030274
12.852576 0.030991
12.857577 0.028888
12.862578 0.025461
12.867579 0.029669
12.872580 0.032752
12.877581 0.028420
12.882582 0.031742
12.887583 0.029193
12.892584 0.030220
12.897585 0.028947
12.902586 0.023334
12.907587 0.026247
12.912588 0.023338
12.917589 0.023124
12.922590 0.022922
12.927591 0.020626
12.932592 0.027253
12.937593 0.028901
12.942594 0.025103
12.947595 0.030807
12.952596 0.037112
12.957597 0.034797
12.962598 0.037508
12.967599 0.036990
12.972600 0.036283
12.977601 0.036823
12.982602 0.027193
12.987603 0.023234
12.992604 0.017777
12.997605 0.007828
13.002606 -0.003681
13.007607 -0.011851
13.012608 -0.017846
13.017609 -0.027910
13.022610 -0.034093
13.027611 -0.039890
13.032612 -0.041174
13.037613 -0.044850
13.042614 -0.046520
13.047615 -0.045599
13.052616 -0.040296
13.057617 -0.034646
13.062618 -0.036960
13.067619 -0.024577
13.072620 -0.017695
13.077621 -0.012947
13.082622 -0.003881
13.087623 0.000660
13.092624 0.013932
13.097625 0.017079
13.102626 0.018993
13.107627 0.027387
13.112628 0.029908
13.117629 0.031706
13.122630 0.027723
13.127631 0.027649
13.132632 0.029439
13.137633 0.021432
13.142634 0.016889
13.147635 0.012608
13.152636 0.009716
13.157637 0.003566
13.162638 -0.005985
13.167639 -0.007070
13.172640 -0.010662
13.177641 -0.013478
13.182642 -0.017631
13.187643 -0.019297
13.192644 -0.012755
13.197645 -0.013507
13.202646 -0.013012
13.207647 -0.007980
13.212648 -0.005322
13.217649 -0.002227
13.222650 -0.002966
13.227651 -0.001070
13.232652 0.002123
13.237653 0.001364
13.242654 -0.000299
13.247655 0.000849
13.252656 0.005822
13.257657 0.004759
13.262658 0.005132
13.267659 0.008409
13.272660 0.012868
13.277661 0.015221
13.282662 0.016039
13.287663 0.022222
13.292664 0.024155
13.297665 0.027306
13.302666 0.028867
13.307667 0.030346
13.312668 0.035717
13.317669 0.034269
13.322670 0.029480
13.327671 0.027742
13.332672 0.025953
13.337673 0.019064
13.342674 0.010632
13.347675 0.003371
13.352676 -0.000053
13.357677 -0.007176
13.362678 -0.019813
13.367679 -0.024552
13.372680 -0.028347
13.377681 -0.036411
13.382682 -0.043371
13.387683 -0.047700
13.392684 -0.048455
13.397685 -0.051221
13.402686 -0.053378
13.407687 -0.048589
13.412688 -0.043412
13.417689 -0.039797
13.422690 -0.034682
13.427691 -0.023834
13.432692 -0.015462
13.437693 -0.013038
13.442694 -0.005796
13.447695 -0.001516
13.452696 0.005181
13.457697 0.005125
13.462698 -0.000500
13.467699 0.005752
13.472700 0.003724
13.477701 0.000456
13.482702 -0.003215
13.487703 -0.006888
13.492704 -0.004425
13.497705 -0.011194
13.502706 -0.018012
13.507707 -0.018928
13.512708 -0.020182
13.517709 -0.026340
13.522710 -0.032260
13.527711 -0.031481
13.532712 -0.032488
13.537713 -0.033879
13.542714 -0.035144
13.547715 -0.034220
13.552716 -0.026769
13.557717 -0.025322
13.562718 -0.021100
13.567719 -0.013864
13.572720 -0.008707
13.577721 0.000190
13.582722 -0.000955
13.587723 0.001412
13.592724 0.009595
13.597725 0.003471
13.602726 -0.000859
13.607727 -0.001375
13.612728 -0.007050
13.617729 -0.009878
13.622730 -0.014552
13.627731 -0.016895
13.632732 -0.014002
13.637733 -0.014640
13.642734 -0.013884
13.647735 -0.007763
13.652736 -0.000232
13.657737 0.004156
13.662738 0.007766
13.667739 0.011823
13.672740 0.017409
13.677741 0.021754
13.682742 0.017818
13.687743 0.018987
13.692744 0.023889
13.697745 0.020703
13.702746 0.017954
13.707747 0.021819
13.712748 0.022766
13.717749 0.020548
13.722750 0.024604
13.727751 0.023783
13.732752 0.027460
13.737753 0.029500
13.742754 0.025219
13.747755 0.030255
13.752756 0.027973
13.757757 0.027302
13.762758 0.025369
13.767759 0.022119
13.772760 0.023385
13.777761 0.015877
13.782762 0.013521
13.787763 0.012688
13.792764 0.009444
13.797765 0.007385
13.802766 0.005756
13.807767 0.007402
13.812768 0.006850
13.817769 0.008666
13.822770 0.008930
13.827771 0.008233
13.832772 0.013585
13.837773 0.012862
13.842774 0.010766
13.847775 0.010671
13.852776 0.009105
13.857777 0.007454
13.862778 0.001645
13.867779 0.000564
13.872780 0.001906
13.877781 -0.004913
13.882782 -0.008809
13.887783 -0.006055
13.892784 -0.008752
13.897785 -0.010865
13.902786 -0.014528
13.907787 -0.018659
13.912788 -0.015102
13.917789 -0.021179
13.922790 -0.025888
13.927791 -0.022622
13.932792 -0.022701
13.937793 -0.021756
13.942794 -0.023367
13.947795 -0.019403
13.952796 -0.010684
13.957797 -0.012174
13.962798 -0.010040
13.967799 -0.002358
13.972800 0.003508
13.977801 0.006705
13.982802 0.005213
13.987803 0.011546
13.992804 0.013516
13.997805 0.011442
14.002806 0.008664
14.007807 0.006169
14.012808 0.008390
14.017809 0.001398
14.022810 -0.000952
14.027811 -0.001858
14.032812 0.001051
14.037813 0.003643
14.042814 -0.000367
14.047815 0.004817
14.052816 0.011141
14.057817 0.013661
14.062818 0.011008
14.067819 0.017091
14.072820 0.022933
14.077821 0.018228
14.082822 0.019446
14.087823 0.021868
14.092824 0.020069
14.097825 0.018764
14.102826 0.016235
14.107827 0.015027
14.112828 0.017083
14.117829 0.014669
14.122830 0.015505
14.127831 0.016283
14.132832 0.018993
14.137833 0.021862
14.142834 0.019646
14.147835 0.022128
14.152836 0.025211
14.157837 0.024198
14.162838 0.018329
14.167839 0.017615
14.172840 0.015733
14.177841 0.007903
14.182842 0.002880
14.187843 -0.000500
14.192844 -0.005912
14.197845 -0.011418
14.202846 -0.015235
14.207847 -0.018851
14.212848 -0.017177
14.217849 -0.021383
14.222850 -0.023760
14.227851 -0.020048
14.232852 -0.020799
14.237853 -0.016676
14.242854 -0.016815
14.247855 -0.016832
14.252856 -0.012376
14.257857 -0.012346
14.262858 -0.013630
14.267859 -0.010905
14.272860 -0.008865
14.277861 -0.013764
14.282862 -0.015851
14.287863 -0.015427
14.292864 -0.013729
14.297865 -0.019484
14.302866 -0.024201
14.307867 -0.023312
14.312868 -0.024992
14.317869 -0.026676
14.322870 -0.035297
14.327871 -0.032095
14.332872 -0.030593
14.337873 -0.035908
14.342874 -0.032711
14.347875 -0.035715
14.352876 -0.030997
14.357877 -0.028201
14.362878 -0.029497
14.367879 -0.021168
14.372880 -0.016181
14.377881 -0.010968
14.382882 -0.008182
14.387883 0.000596
14.392884 0.012704
14.397885 0.014412
14.402886 0.018782
14.407887 0.028375
14.412888 0.034896
14.417889 0.033904
14.422890 0.034541
14.427891 0.035889
14.432892 0.035888
14.437893 0.032664
14.442894 0.025871
14.447895 0.027120
14.452896 0.022570
14.457897 0.015812
14.462898 0.013618
14.467899 0.005367
14.472900 0.006375
14.477901 0.005297
14.482902 -0.003609
14.487903 -0.001041
14.492904 -0.000083
14.497905 0.000042
14.502906 -0.001834
14.507907 0.000078
14.512908 0.006605
14.517909 0.000832
14.522910 0.006719
14.527911 0.010567
14.532912 0.007571
14.537913 0.015944
14.542914 0.015595
14.547915 0.013141
14.552916 0.018457
14.557917 0.020368
14.562918 0.015825
14.567919 0.018074
14.572920 0.019111
14.577921 0.014280
14.582922 0.014077
14.587923 0.011204
14.592924 0.010569
14.597925 0.007853
14.602926 0.003156
14.607927 0.002275
14.612928 0.000418
14.617929 -0.001353
14.622930 -0.006155
14.627931 -0.007878
14.632932 -0.009955
14.637933 -0.012514
14.642934 -0.016406
14.647935 -0.022395
14.652936 -0.019422
14.657937 -0.023123
14.662938 -0.028606
14.667939 -0.027017
14.672940 -0.025431
14.677941 -0.027830
14.682942 -0.032025
14.687943 -0.027189
14.692944 -0.027715
14.697945 -0.030047
14.702946 -0.029398
14.707947 -0.027861
14.712948 -0.024195
14.717949 -0.024125
14.722950 -0.023540
14.727951 -0.020641
14.732952 -0.016562
14.737953 -0.016506
14.742954 -0.014344
14.747956 -0.013567
14.752957 -0.011124
14.757958 -0.010616
14.762959 -0.012815
14.767960 -0.011569
14.772961 -0.011782
14.777962 -0.009838
14.782963 -0.016688
14.787964 -0.015738
14.792965 -0.013609
14.797966 -0.020635
14.802967 -0.021178
14.807968 -0.022325
14.812969 -0.021824
14.817970 -0.025357
14.822971 -0.028555
14.827972 -0.024756
14.832973 -0.024385
14.837974 -0.022485
14.842975 -0.019522
14.847976 -0.017305
14.852977 -0.007503
14.857978 -0.002120
14.862979 0.002112
14.867980 0.013923
14.872981 0.023170
14.877982 0.030520
14.882983 0.038734
14.887984 0.047525
14.892985 0.056218
14.897986 0.061183
14.902987 0.060763
14.907988 0.066671
14.912989 0.069115
14.917990 0.065353
14.922991 0.061241
14.927992 0.059041
14.932993 0.057932
14.937994 0.047675
14.942995 0.043884
14.947996 0.035868
14.952997 0.030679
14.957998 0.028345
14.962999 0.015241
14.968000 0.010135
14.973001 0.007242
14.978002 -0.000460
14.983003 -0.009434
14.988004 -0.009763
14.993005 -0.012020
14.998006 -0.020739
15.003007 -0.021509
15.008008 -0.017997
15.013009 -0.019348
15.018010 -0.019066
15.023011 -0.015933
15.028012 -0.011516
15.033013 -0.004209
15.038014 -0.003463
15.043015 -0.000843
15.048016 0.003953
15.053017 0.006392
15.058018 0.006424
15.063019 0.003443
15.068020 0.002582
15.073021 0.001525
15.078022 -0.001856
15.083023 -0.008496
15.088024 -0.008290
15.093025 -0.005370
15.098026 -0.013630
15.103027 -0.012951
15.108028 -0.008603
15.113029 -0.011851
15.118030 -0.009970
15.123031 -0.010442
15.128032 -0.006760
15.133033 -0.003010
15.138034 -0.004272
15.143035 -0.002345
15.148036 -0.002003
15.153037 0.001783
15.158038 0.000267
15.163039 -0.005130
15.168040 -0.001893
15.173041 -0.003666
15.178042 -0.008797
15.183043 -0.011184
15.188044 -0.012542
15.193045 -0.012188
15.198046 -0.015008
15.203047 -0.016888
15.208048 -0.016414
15.213049 -0.014884
15.218050 -0.013756
15.223051 -0.016322
15.228052 -0.016724
15.233053 -0.014143
15.238054 -0.016150
15.243055 -0.019129
15.248056 -0.020284
15.253057 -0.019639
15.258058 -0.021384
15.263059 -0.024145
15.268060 -0.022420
15.273061 -0.020893
15.278062 -0.018793
15.283063 -0.020011
15.288064 -0.012861
15.293065 -0.005865
15.298066 -0.006216
15.303067 0.000516
15.308068 0.004594
15.313069 0.010397
15.318070 0.014383
15.323071 0.013727
15.328072 0.013927
15.333073 0.017733
15.338074 0.018892
15.343075 0.012668
15.348076 0.015410
15.353077 0.017273
15.358078 0.014119
15.363079 0.013321
15.368080 0.014131
15.373081 0.014876
15.378082 0.011364
15.383083 0.005970
15.388084 0.006491
15.393085 0.007160
15.398086 -0.002468
15.403087 -0.007483
15.408088 -0.009895
15.413089 -0.011897
15.418090 -0.012775
15.423091 -0.017270
15.428092 -0.013884
15.433093 -0.010035
15.438094 -0.009076
15.443095 -0.003253
15.448096 0.001811
15.453097 0.006893
15.458098 0.014035
15.463099 0.018550
15.468100 0.024003
15.473101 0.029407
15.478102 0.030569
15.483103 0.030059
15.488104 0.030140
15.493105 0.030287
15.498106 0.026838
15.503107 0.017884
15.508108 0.012860
15.513109 0.013061
15.518110 0.005652
15.523111 -0.002750
15.528112 -0.003106
15.533113 -0.001105
15.538114 -0.006264
15.543115 -0.007605
15.548116 -0.002485
15.553117 -0.001338
15.558118 -0.000203
15.563119 -0.001864
15.568120 0.004800
15.573121 0.007263
15.578122 0.002698
15.583123 0.006446
15.588124 0.004659
15.593125 0.006354
15.598126 0.006282
15.603127 0.003946
15.608128 0.006886
15.613129 0.005510
15.618130 0.008386
15.623131 0.004048
15.628132 0.004193
15.633133 0.009328
15.638134 0.004181
15.643135 0.005166
15.648136 0.002843
15.653137 0.004280
15.658138 -0.001181
15.663139 -0.006610
15.668140 -0.000967
15.673141 -0.007431
15.678142 -0.008447
15.683143 -0.011047
15.688144 -0.011650
15.693145 -0.009063
15.698146 -0.011901
15.703147 -0.006557
15.708148 -0.005377
15.713149 -0.001110
15.718150 0.003137
15.723151 0.000722
15.728152 0.008634
15.733153 0.010431
15.738154 0.006328
15.743155 0.011524
15.748156 0.010555
15.753157 0.009622
15.758158 0.011983
15.763159 0.008167
15.768160 0.011041
15.773161 0.013033
15.778162 0.011573
15.783163 0.011450
15.788164 0.010245
15.793165 0.013636
15.798166 0.009933
15.803167 0.005212
15.808168 0.006376
15.813169 0.001446
15.818170 -0.002077
15.823171 -0.004962
15.828172 -0.011307
15.833173 -0.010051
15.838174 -0.016612
15.843175 -0.022795
15.848176 -0.021003
15.853177 -0.024494
15.858178 -0.022443
15.863179 -0.027075
15.868180 -0.023523
15.873181 -0.018303
15.878182 -0.024275
15.883183 -0.018254
15.888184 -0.016284
15.893185 -0.014429
15.898186 -0.012927
15.903187 -0.016163
15.908188 -0.012102
15.913189 -0.011551
15.918190 -0.010865
15.923191 -0.012311
15.928192 -0.013171
15.933193 -0.007228
15.938194 -0.008357
15.943195 -0.006189
15.948196 -0.006822
15.953197 -0.003008
15.958198 0.003746
15.963199 -0.002898
15.968200 0.002591
15.973201 0.005974
15.978202 0.002938
15.983203 0.004431
15.988204 0.002757
15.993205 0.005104
15.998206 0.005730
16.003207 0.001720
16.008208 0.001684
16.013209 0.002690
16.018210 0.000997
16.023211 -0.002340
16.028212 -0.003168
16.033213 -0.002149
16.038214 -0.003108
16.043215 -0.004882
16.048216 -0.008981
16.053217 -0.005900
16.058218 -0.005946
16.063219 -0.011452
16.068220 -0.008110
16.073221 -0.007723
16.078222 -0.008719
16.083223 -0.010088
16.088224 -0.009706
16.093225 -0.004737
16.098226 -0.004950
16.103227 -0.005763
16.108228 -0.001742
16.113229 0.003964
16.118230 0.004160
16.123231 0.003257
16.128232 0.009641
16.133233 0.015107
16.138234 0.016165
16.143235 0.018330
16.148236 0.020970
16.153237 0.026833
16.158238 0.029161
16.163239 0.026856
16.168240 0.032347
16.173241 0.033715
16.178242 0.033195
16.183243 0.030511
16.188244 0.027169
16.193245 0.029377
16.198246 0.022526
16.203247 0.016566
16.208248 0.012334
16.213249 0.006990
16.218250 0.001148
16.223251 -0.006845
16.228252 -0.009597
16.233253 -0.011068
16.238254 -0.015710
16.243255 -0.019121
16.248256 -0.017664
16.253257 -0.015888
16.258258 -0.015659
16.263259 -0.015010
16.268260 -0.008938
16.273261 -0.005249
16.278262 -0.005174
16.283263 -0.001072
16.288264 0.002048
16.293265 0.006042
16.298266 0.007021
16.303267 0.006369
16.308268 0.008317
16.313269 0.009173
16.318270 0.009626
16.323271 0.006197
16.328272 0.006409
16.333273 0.007797
16.338274 0.002653
16.343275 0.002810
16.348276 0.004257
16.353277 0.003619
16.358278 0.002875
16.363279 0.000801
16.368280 0.003359
16.373281 0.005662
16.378282 0.005654
16.383283 0.006167
16.388284 0.007305
16.393285 0.009244
16.398286 0.008841
16.403287 0.009607
16.408288 0.008955
16.413289 0.009580
16.418290 0.010250
16.423291 0.004067
16.428292 0.005174
16.433293 0.004309
16.438294 -0.004260
16.443295 -0.004641
16.448296 -0.005672
16.453297 -0.011332
16.458298 -0.015444
16.463299 -0.018845
16.468300 -0.020448
16.473301 -0.020600
16.478302 -0.024122
16.483303 -0.028733
16.488304 -0.024894
16.493305 -0.024998
16.498306 -0.027548
16.503307 -0.026374
16.508308 -0.028233
16.513309 -0.024106
16.518310 -0.024446
16.523311 -0.026517
16.528312 -0.024700
16.533313 -0.021839
16.538314 -0.020738
16.543315 -0.022590
16.548316 -0.018282
16.553317 -0.016179
16.558318 -0.013450
16.563319 -0.012216
16.568320 -0.009248
16.573321 -0.003938
16.578322 -0.002819
16.583323 -0.000161
16.588324 0.000707
16.593325 0.004113
16.598326 0.004753
16.603327 0.003269
16.608328 0.002982
16.613329 0.005150
16.618330 0.005178
16.623331 -0.002610
16.628332 0.000815
16.633333 0.002127
16.638334 -0.001804
16.643335 0.000971
16.648336 -0.000647
16.653337 0.004270
16.658338 0.008611
16.663339 0.005258
16.668340 0.011627
16.673341 0.019356
16.678342 0.019452
16.683343 0.022797
16.688344 0.029412
16.693345 0.032759
16.698346 0.034776
16.703347 0.033013
16.708348 0.035636
16.713349 0.040675
16.718350 0.036652
16.723351 0.034280
16.728352 0.035152
16.733353 0.037306
16.738354 0.032031
16.743355 0.028365
16.748356 0.031713
16.753357 0.026495
16.758358 0.023677
16.763359 0.018970
16.768360 0.017179
16.773361 0.015559
16.778362 0.007691
16.783363 0.002499
16.788364 0.001356
16.793365 0.004462
16.798366 -0.003784
16.803367 -0.006243
16.808368 -0.004420
16.813369 -0.003896
16.818370 -0.003416
16.823371 -0.010626
16.828372 -0.005149
16.833373 -0.003573
16.838374 -0.007967
16.843375 -0.011049
16.848376 -0.012206
16.853377 -0.010055
16.858378 -0.017612
16.863379 -0.022150
16.868380 -0.023134
16.873381 -0.023699
16.878382 -0.027955
16.883383 -0.032141
16.888384 -0.030610
16.893385 -0.029866
16.898386 -0.028067
16.903387 -0.030131
16.908388 -0.026380
16.913389 -0.020724
16.918390 -0.020697
16.923391 -0.017964
16.928392 -0.012451
16.933393 -0.006068
16.938394 -0.007499
16.943395 -0.004906
16.948396 0.001543
16.953397 0.002832
16.958398 0.003678
16.963399 0.002499
16.968400 0.008511
16.973401 0.008770
16.978402 0.004500
16.983403 0.009624
16.988404 0.007558
16.993405 0.004215
16.998406 0.006024
17.003407 0.000370
17.008408 -0.002807
17.013410 -0.000077
17.018411 -0.006695
17.023412 -0.012110
17.028413 -0.011818
17.033414 -0.014822
17.038415 -0.019744
17.043416 -0.024589
17.048417 -0.023434
17.053418 -0.020855
17.058419 -0.025261
17.063420 -0.025882
17.068421 -0.019576
17.073422 -0.018444
17.078423 -0.015064
17.083424 -0.010603
17.088425 -0.008442
17.093426 -0.001495
17.098427 0.001190
17.103428 0.003533
17.108429 0.007026
17.113430 0.009897
17.118431 0.014772
17.123432 0.013342
17.128433 0.012230
17.133434 0.019254
17.138435 0.018763
17.143436 0.014338
17.148437 0.018512
17.153438 0.019258
17.158439 0.017261
17.163440 0.013341
17.168441 0.015400
17.173442 0.019517
17.178443 0.013410
17.183444 0.013533
17.188445 0.014227
17.193446 0.015551
17.198447 0.017280
17.203448 0.013873
17.208449 0.016766
17.213450 0.019797
17.218451 0.018618
17.223452 0.017892
17.228453 0.019830
17.233454 0.020327
17.238455 0.019942
17.243456 0.019013
17.248457 0.017418
17.253458 0.016023
17.258459 0.015033
17.263460 0.011716
17.268461 0.006270
17.273462 0.007621
17.278463 0.002920
17.283464 -0.003645
17.288465 -0.005622
17.293466 -0.008180
17.298467 -0.012417
17.303468 -0.016899
17.308469 -0.018350
17.313470 -0.020931
17.318471 -0.022152
17.323472 -0.026898
17.328473 -0.025719
17.333474 -0.023829
17.338475 -0.025983
17.343476 -0.023425
17.348477 -0.023436
17.353478 -0.018050
17.358479 -0.013299
17.363480 -0.015374
17.368481 -0.008958
17.373482 -0.002876
17.378483 -0.002805
17.383484 0.001928
17.388485 0.003610
17.393486 0.007177
17.398487 0.009275
17.403488 0.006929
17.408489 0.009981
17.413490 0.010268
17.418491 0.008259
17.423492 0.005679
17.428493 0.006241
17.433494 0.006041
17.438495 0.001076
17.443496 -0.003404
17.448497 -0.004892
17.453498 -0.002334
17.458499 -0.006844
17.463500 -0.011966
17.468501 -0.010151
17.473502 -0.009147
17.478503 -0.008876
17.483504 -0.009202
17.488505 -0.005306
17.493506 -0.001302
17.498507 -0.001192
17.503508 0.003280
17.508509 0.008056
17.513510 0.010803
17.518511 0.013806
17.523512 0.015200
17.528513 0.017162
17.533514 0.022222
17.538515 0.021202
17.543516 0.018459
17.548517 0.022605
17.553518 0.022543
17.558519 0.020622
17.563520 0.015570
17.568521 0.015288
17.573522 0.016350
17.578523 0.009258
17.583524 0.006132
17.588525 0.000986
17.593526 0.001075
17.598527 -0.002954
17.603528 -0.010533
17.608529 -0.010307
17.613530 -0.013042
17.618531 -0.014989
17.623532 -0.021584
17.628533 -0.019487
17.633534 -0.016541
17.638535 -0.020046
17.643536 -0.019161
17.648537 -0.020024
17.653538 -0.016492
17.658539 -0.014860
17.663540 -0.013377
17.668541 -0.014814
17.673542 -0.011595
17.678543 -0.008143
17.683544 -0.013086
17.688545 -0.006921
17.693546 -0.005439
17.698547 -0.007082
17.703548 -0.003453
17.708549 -0.003427
17.713550 -0.000835
17.718551 0.001071
17.723552 0.000296
17.728553 0.002979
17.733554 0.004401
17.738555 0.005672
17.743556 0.003958
17.748557 0.005150
17.753558 0.009672
17.758559 0.003638
17.763560 0.006143
17.768561 0.005876
17.773562 0.003855
17.778563 0.006303
17.783564 0.000863
17.788565 0.000360
17.793566 0.001708
17.798567 0.000658
17.803568 -0.003845
17.808569 -0.001989
17.813570 -0.001659
17.818571 -0.006518
17.823572 -0.007760
17.828573 -0.010081
17.833574 -0.009209
17.838575 -0.010429
17.843576 -0.015901
17.848577 -0.016178
17.853578 -0.013962
17.858579 -0.016289
17.863580 -0.017235
17.868581 -0.015891
17.873582 -0.013087
17.878583 -0.010626
17.883584 -0.011506
17.888585 -0.008075
17.893586 -0.001861
17.898587 -0.000572
17.903588 -0.000704
17.908589 0.003147
17.913590 0.007301
17.918591 0.005154
17.923592 0.005388
17.928593 0.006707
17.933594 0.009144
17.938595 0.006669
17.943596 -0.000154
17.948597 0.004619
17.953598 0.000877
17.958599 -0.000493
17.963600 -0.001538
17.968601 -0.004515
17.973602 -0.002105
17.978603 -0.005446
17.983604 -0.002918
17.988605 -0.004708
17.993606 -0.003017
17.998607 -0.002173
18.003608 -0.006679
18.008609 -0.003162
18.013610 0.000073
18.018611 -0.003138
18.023612 -0.003711
18.028613 -0.000275
18.033614 -0.001677
18.038615 0.001710
18.043616 -0.001066
18.048617 0.000014
18.053618 0.006247
18.058619 0.003822
18.063620 0.004733
18.068621 0.009145
18.073622 0.013219
18.078623 0.012057
18.083624 0.013018
18.088625 0.015683
18.093626 0.020319
18.098627 0.018300
18.103628 0.015474
18.108629 0.018983
18.113630 0.018012
18.118631 0.017596
18.123632 0.012226
18.128633 0.013655
18.133634 0.014075
18.138635 0.008690
18.143636 0.008797
18.148637 0.008609
18.153638 0.008288
18.158639 0.007160
18.163640 0.005455
18.168641 0.004116
18.173642 0.009723
18.178643 0.008152
18.183644 0.005048
18.188645 0.010916
18.193646 0.012471
18.198647 0.011259
18.203648 0.011214
18.208649 0.016043
18.213650 0.017960
18.218651 0.016683
18.223652 0.014998
18.228653 0.016357
18.233654 0.019068
18.238655 0.012645
18.243656 0.008989
18.248657 0.008950
18.253658 0.006336
18.258659 -0.000807
18.263660 -0.008236
18.268661 -0.009415
18.273662 -0.013946
18.278663 -0.018071
18.283664 -0.024136
18.288665 -0.026729
18.293666 -0.023444
18.298667 -0.028797
18.303668 -0.028659
18.308669 -0.024140
18.313670 -0.022533
18.318671 -0.020685
18.323672 -0.018080
18.328673 -0.012893
18.333674 -0.007796
18.338675 -0.003646
18.343676 -0.003188
18.348677 0.000468
18.353678 0.008399
18.358679 0.008681
18.363680 0.006520
18.368681 0.009540
18.373682 0.011918
18.378683 0.011625
18.383684 0.009394
18.388685 0.008732
18.393686 0.009568
18.398687 0.007369
18.403688 0.004082
18.408689 0.004465
18.413690 0.003093
18.418691 -0.000764
18.423692 -0.002254
18.428693 -0.004448
18.433694 -0.004336
18.438695 -0.006496
18.443696 -0.010365
18.448697 -0.010379
18.453698 -0.008682
18.458699 -0.009835
18.463700 -0.012963
18.468701 -0.009736
18.473702 -0.007964
18.478703 -0.007068
18.483704 -0.004206
18.488705 -0.004356
18.493706 0.000916
18.498707 0.004051
18.503708 0.001720
18.508709 0.007237
18.513710 0.012568
18.518711 0.010322
18.523712 0.009137
18.528713 0.013919
18.533714 0.015456
18.538715 0.009647
18.543716 0.011238
18.548717 0.013625
18.553718 0.009752
18.558719 0.008574
18.563720 0.005760
18.568721 0.003911
18.573722 0.004269
18.578723 0.003142
18.583724 -0.002087
18.588725 -0.002000
18.593726 0.000977
18.598727 -0.003749
18.603728 -0.006035
18.608729 -0.005160
18.613730 -0.003087
18.618731 -0.006195
18.623732 -0.007534
18.628733 -0.005454
18.633734 -0.005280
18.638735 -0.003225
18.643736 -0.005849
18.648737 -0.005264
18.653738 -0.001150
18.658739 -0.000926
18.663740 -0.003441
18.668741 -0.002241
18.673742 0.002050
18.678743 0.000226
18.683744 -0.000239
18.688745 0.001328
18.693746 0.001085
18.698747 0.000732
18.703748 -0.002358
18.708749 -0.003767
18.713750 -0.001981
18.718751 -0.004131
18.723752 -0.009039
18.728753 -0.010223
18.733754 -0.009522
18.738755 -0.011833
18.743756 -0.014648
18.748757 -0.014017
18.753758 -0.012328
18.758759 -0.012748
18.763760 -0.013952
18.768761 -0.009714
18.773762 -0.007335
18.778763 -0.005752
18.783764 -0.003852
18.788765 -0.002056
18.793766 0.005389
18.798767 0.003390
18.803768 0.003562
18.808769 0.008587
18.813770 0.009228
18.818771 0.010234
18.823772 0.007179
18.828773 0.008296
18.833774 0.013346
18.838775 0.010767
18.843776 0.006191
18.848777 0.009333
18.853778 0.010432
18.858779 0.006861
18.863780 0.004172
18.868781 0.005268
18.873782 0.003214
18.878783 -0.000060
18.883784 -0.001248
18.888785 -0.005162
18.893786 -0.001143
18.898787 -0.005816
18.903788 -0.009486
18.908789 -0.005877
18.913790 -0.007187
18.918791 -0.005349
18.923792 -0.010999
18.928793 -0.007925
18.933794 -0.004726
18.938795 -0.009354
18.943796 -0.009836
18.948797 -0.009513
18.953798 -0.007133
18.958799 -0.010198
18.963800 -0.010264
18.968801 -0.012476
18.973802 -0.011248
18.978803 -0.009232
18.983804 -0.015492
18.988805 -0.011913
18.993806 -0.007324
18.998807 -0.009812
19.003808 -0.013241
19.008809 -0.009116
19.013810 -0.004125
19.018811 -0.004793
19.023812 -0.005894
19.028813 -0.005561
19.033814 -0.000745
19.038815 -0.002531
19.043816 -0.003602
19.048817 0.000322
19.053818 0.000474
19.058819 0.002112
19.063820 0.001329
19.068821 0.004254
19.073822 0.008765
19.078823 0.009051
19.083824 0.008120
19.088825 0.013693
19.093826 0.018565
19.098827 0.014445
19.103828 0.018600
19.108829 0.019396
19.113830 0.021173
19.118831 0.021184
19.123832 0.018431
19.128833 0.022514
19.133834 0.020152
19.138835 0.021036
19.143836 0.017204
19.148837 0.016749
19.153838 0.021057
19.158839 0.016039
19.163840 0.013827
19.168841 0.014593
19.173842 0.014538
19.178843 0.012803
19.183844 0.010719
19.188845 0.010816
19.193846 0.012453
19.198847 0.011016
19.203848 0.009571
19.208849 0.011132
19.213850 0.013519
19.218851 0.012429
19.223852 0.008937
19.228853 0.012713
19.233854 0.015814
19.238855 0.012454
19.243856 0.011407
19.248857 0.011639
19.253858 0.012891
19.258859 0.010335
19.263860 0.006127
19.268861 0.007402
19.273862 0.004233
19.278863 0.000901
19.283865 -0.002603
19.288866 -0.006387
19.293867 -0.007588
19.298868 -0.012019
19.303869 -0.017486
19.308870 -0.019662
19.313871 -0.017963
19.318872 -0.023505
19.323873 -0.025949
19.328874 -0.026343
19.333875 -0.026261
19.338876 -0.023464
19.343877 -0.030708
19.348878 -0.026577
19.353879 -0.023746
19.358880 -0.026286
19.363881 -0.021997
19.368882 -0.024110
19.373883 -0.019794
19.378884 -0.016752
19.383885 -0.020206
19.388886 -0.014236
19.393887 -0.012534
19.398888 -0.013530
19.403889 -0.009020
19.408890 -0.009999
19.413891 -0.005550
19.418892 -0.005982
19.423893 -0.009575
19.428894 -0.002596
19.433895 -0.002042
19.438896 -0.003059
19.443897 -0.001860
19.448898 -0.002115
19.453899 0.001265
19.458900 0.001910
19.463901 -0.001316
19.468902 0.001924
19.473903 0.004407
19.478904 0.002704
19.483905 0.001254
19.488906 0.004445
19.493907 0.006978
19.498908 0.001614
19.503909 0.002349
19.508910 0.005502
19.513911 0.005427
19.518912 0.003509
19.523913 0.001723
19.528914 0.003683
19.533915 0.006291
19.538916 0.005539
19.543917 0.003360
19.548918 0.007401
19.553919 0.008390
19.558920 0.008301
19.563921 0.009911
19.568922 0.009659
19.573923 0.014839
19.578924 0.014147
19.583925 0.010801
19.588926 0.013644
19.593927 0.015929
19.598928 0.013170
19.603929 0.008382
19.608930 0.012638
19.613931 0.011380
19.618932 0.006904
19.623933 0.007144
19.628934 0.002881
19.633935 0.005549
19.638936 0.004518
19.643937 -0.001257
19.648938 0.000252
19.653939 0.003290
19.658940 0.002248
19.663941 -0.002338
19.668942 0.001299
19.673943 0.002954
19.678944 0.002108
19.683945 0.003236
19.688946 0.001711
19.693947 0.005907
19.698948 0.004560
19.703949 0.003689
19.708950 0.007102
19.713951 0.005351
19.718952 0.007392
19.723953 0.007450
19.728954 0.007407
19.733955 0.009644
19.738956 0.009247
19.743957 0.007061
19.748958 0.007129
19.753959 0.011446
19.758960 0.007576
19.763961 0.005339
19.768962 0.008141
19.773963 0.007411
19.778964 0.006164
19.783965 0.001697
19.788966 0.002613
19.793967 0.004024
19.798968 -0.000072
19.803969 -0.004065
19.808970 -0.002339
19.813971 0.000560
19.818972 -0.004684
19.823973 -0.006944
19.828974 -0.005367
19.833975 -0.004387
19.838976 -0.007717
19.843977 -0.009843
19.848978 -0.007943
19.853979 -0.007992
19.858980 -0.009992
19.863981 -0.014272
19.868982 -0.012306
19.873983 -0.012576
19.878984 -0.013940
19.883985 -0.016318
19.888986 -0.017448
19.893987 -0.013415
19.898988 -0.018564
19.903989 -0.018805
19.908990 -0.016133
19.913991 -0.016540
19.918992 -0.015390
19.923993 -0.018475
19.928994 -0.016809
19.933995 -0.012052
19.938996 -0.014007
19.943997 -0.014516
19.948998 -0.011598
19.953999 -0.008759
19.959000 -0.008302
19.964001 -0.009802
19.969002 -0.004225
19.974003 -0.001877
19.979004 -0.003783
19.984005 -0.000352
19.989006 0.001896
19.994007 0.003159
19.999008 0.004249
20.004009 0.004682
20.009010 0.006457
20.014011 0.008743
20.019012 0.008197
20.024013 0.005114
20.029014 0.007602
20.034015 0.010112
20.039016 0.007047
20.044017 0.005207
20.049018 0.005066
20.054019 0.006496
20.059020 0.005321
20.064021 0.001842
20.069022 0.002462
20.074023 0.004607
20.079024 0.001426
20.084025 -0.001955
20.089026 0.001640
20.094027 0.000670
20.099028 -0.000829
20.104029 -0.001329
20.109030 -0.003291
20.114031 0.001630
20.119032 0.000235
20.124033 -0.003869
20.129034 -0.000338
20.134035 0.002631
20.139036 0.000650
20.144037 -0.000659
20.149038 0.001804
20.154039 0.004977
20.159040 0.004248
20.164041 0.000984
20.169042 0.007053
20.174043 0.008220
20.179044 0.002819
20.184045 0.006824
20.189046 0.004279
20.194047 0.002191
20.199048 0.004287
20.204049 -0.002289
20.209050 -0.001506
20.214051 -0.000378
20.219052 -0.004661
20.224053 -0.008708
20.229054 -0.010283
20.234055 -0.006440
20.239056 -0.010227
20.244057 -0.011663
20.249058 -0.009312
20.254059 -0.009086
20.259060 -0.007854
20.264061 -0.009148
20.269062 -0.006738
20.274063 -0.003364
20.279064 -0.002497
20.284065 -0.003630
20.289066 -0.001428
20.294067 0.002325
20.299068 0.000667
20.304069 0.000579
20.309070 0.002762
20.314071 0.003190
20.319072 0.003015
20.324073 0.004500
20.329074 0.003382
20.334075 0.007914
20.339076 0.008227
20.344077 0.004173
20.349078 0.011055
20.354079 0.010363
20.359080 0.009079
20.364081 0.010734
20.369082 0.011522
20.374083 0.011314
20.379084 0.010856
20.384085 0.009189
20.389086 0.008172
20.394087 0.011902
20.399088 0.006826
20.404089 0.005575
20.409090 0.005891
20.414091 0.005714
20.419092 0.005816
20.424093 0.002925
20.429094 0.004489
20.434095 0.003903
20.439096 0.004403
20.444097 0.001657
20.449098 0.000160
20.454099 0.004034
20.459100 0.001492
20.464101 -0.001272
20.469102 -0.000983
20.474103 0.000810
20.479104 -0.001376
20.484105 -0.006070
20.489106 -0.003104
20.494107 -0.002393
20.499108 -0.005745
20.504109 -0.008625
20.509110 -0.007564
20.514111 -0.004256
20.519112 -0.007202
20.524113 -0.011011
20.529114 -0.008755
20.534115 -0.006391
20.539116 -0.007635
20.544117 -0.010091
20.549118 -0.010919
20.554119 -0.005867
20.559120 -0.007756
20.564121 -0.011176
20.569122 -0.006325
20.574123 -0.004589
20.579124 -0.005762
20.584125 -0.006503
20.589126 -0.004164
20.594127 -0.001566
20.599128 -0.000151
20.604129 0.000633
20.609130 0.000377
20.614131 0.004050
20.619132 0.005043
20.624133 0.003194
20.629134 0.006766
20.634135 0.007799
20.639136 0.007216
20.644137 0.007560
20.649138 0.007655
20.654139 0.010738
20.659140 0.008726
20.664141 0.006565
20.669142 0.009824
20.674143 0.009506
20.679144 0.008515
20.684145 0.007276
20.689146 0.006711
20.694147 0.009991
20.699148 0.008146
20.704149 0.004766
20.709150 0.007866
20.714151 0.008630
20.719152 0.004558
20.724153 0.002905
20.729154 0.004945
20.734155 0.005404
20.739156 0.001881
20.744157 0.000168
20.749158 -0.001310
20.754159 0.000326
20.759160 -0.000280
20.764161 -0.005910
20.769162 -0.004135
20.774163 -0.002995
20.779164 -0.006409
20.784165 -0.010620
20.789166 -0.008844
20.794167 -0.007967
20.799168 -0.011534
20.804169 -0.014318
20.809170 -0.013748
20.814171 -0.011127
20.819172 -0.016420
20.824173 -0.016354
20.829174 -0.014142
20.834175 -0.013943
20.839176 -0.014559
20.844177 -0.017109
20.849178 -0.015235
20.854179 -0.011214
20.859180 -0.012236
20.864181 -0.015613
20.869182 -0.009875
20.874183 -0.010686
20.879184 -0.011124
20.884185 -0.009269
20.889186 -0.011848
20.894187 -0.005974
20.899188 -0.008608
20.904189 -0.011579
20.909190 -0.007582
20.914191 -0.007270
20.919192 -0.006564
20.924193 -0.008569
20.929194 -0.006175
20.934195 -0.002684
20.939196 -0.004791
20.944197 -0.005424
20.949198 -0.001561
20.954199 0.002291
20.959200 0.000512
20.964201 0.002172
20.969202 0.004181
20.974203 0.004996
20.979204 0.009347
20.984205 0.006873
20.989206 0.009567
20.994207 0.014441
20.999208 0.011452
21.004209 0.012595
21.009210 0.014688
21.014211 0.018649
21.019212 0.016935
21.024213 0.014539
21.029214 0.017946
21.034215 0.020114
21.039216 0.018821
21.044217 0.013576
21.049218 0.017216
21.054219 0.015879
21.059220 0.015100
21.064221 0.015161
21.069222 0.011014
21.074223 0.015472
21.079224 0.011995
21.084225 0.011273
21.089226 0.013305
21.094227 0.011541
21.099228 0.011719
21.104229 0.010635
21.109230 0.010597
21.114231 0.010983
21.119232 0.009397
21.124233 0.007384
21.129234 0.007902
21.134235 0.005262
21.139236 0.005308
21.144237 0.001768
21.149238 0.000454
21.154239 0.003544
21.159240 -0.001861
21.164241 -0.003070
21.169242 -0.003659
21.174243 -0.002085
21.179244 -0.003558
21.184245 -0.007083
21.189246 -0.003700
21.194247 -0.007116
21.199248 -0.005056
21.204249 -0.007059
21.209250 -0.010845
21.214251 -0.003558
21.219252 -0.009731
21.224253 -0.011483
21.229254 -0.008497
21.234255 -0.008687
21.239256 -0.010440
21.244257 -0.014019
21.249258 -0.009353
21.254259 -0.010581
21.259260 -0.010718
21.264261 -0.011795
21.269262 -0.013155
21.274263 -0.008975
21.279264 -0.010919
21.284265 -0.013354
21.289266 -0.011611
21.294267 -0.009955
21.299268 -0.011176
21.304269 -0.013737
21.309270 -0.009869
21.314271 -0.007502
21.319272 -0.012261
21.324273 -0.009650
21.329274 -0.009197
21.334275 -0.007577
21.339276 -0.006189
21.344277 -0.009642
21.349278 -0.005196
21.354279 -0.001813
21.359280 -0.003645
21.364281 -0.004298
21.369282 0.000522
21.374283 0.001991
21.379284 0.002537
21.384285 0.002416
21.389286 0.003629
21.394287 0.008384
21.399288 0.006303
21.404289 0.005895
21.409290 0.008179
21.414291 0.010346
21.419292 0.009307
21.424293 0.008980
21.429294 0.010262
21.434295 0.013032
21.439296 0.013455
21.444297 0.008874
21.449298 0.013931
21.454299 0.013350
21.459300 0.011429
21.464301 0.013517
21.469302 0.010183
21.474303 0.013042
21.479304 0.011894
21.484305 0.007472
21.489306 0.010170
21.494307 0.008383
21.499308 0.007931
21.504309 0.007858
21.509310 0.003138
21.514311 0.009804
21.519312 0.005709
21.524313 0.001371
21.529314 0.006813
21.534315 0.004360
21.539316 0.004634
21.544317 0.000888
21.549319 0.003464
21.554320 0.004249
21.559321 0.002322
21.564322 0.001250
21.569323 0.000214
21.574324 0.002634
21.579325 -0.000506
21.584326 -0.001618
21.589327 -0.003824
21.594328 0.000240
21.599329 -0.001214
21.604330 -0.003419
21.609331 -0.003129
21.614332 -0.001104
21.619333 0.002144
21.624334 -0.004741
21.629335 0.002218
21.634336 0.003620
21.639337 -0.000382
21.644338 0.002917
21.649339 0.003437
21.654340 0.005118
21.659341 0.003571
21.664342 0.002557
21.669343 0.004200
21.674344 0.003928
21.679345 0.000783
21.684346 0.000213
21.689347 -0.000225
21.694348 0.000067
21.699349 -0.001255
21.704350 -0.005147
21.709351 -0.005547
21.714352 -0.003007
21.719353 -0.005907
21.724354 -0.010629
21.729355 -0.006375
21.734356 -0.006093
21.739357 -0.009676
21.744358 -0.012162
21.749359 -0.010365
21.754360 -0.010361
21.759361 -0.013997
21.764362 -0.014858
21.769363 -0.017774
21.774364 -0.014611
21.779365 -0.016411
21.784366 -0.020939
21.789367 -0.017316
21.794368 -0.018328
21.799369 -0.019375
21.804370 -0.020040
21.809371 -0.021062
21.814372 -0.017080
21.819373 -0.019228
21.824374 -0.020915
21.829375 -0.018160
21.834376 -0.018241
21.839377 -0.016199
21.844378 -0.018542
21.849379 -0.017666
21.854380 -0.012513
21.859381 -0.015227
21.864382 -0.016517
21.869383 -0.012054
21.874384 -0.009168
21.879385 -0.009716
21.884386 -0.009710
21.889387 -0.007129
21.894388 -0.004410
21.899389 -0.003914
21.904390 -0.004168
21.909391 -0.002079
21.914392 0.001348
21.919393 0.001553
21.924394 0.002019
21.929395 0.003628
21.934396 0.008451
21.939397 0.008074
21.944398 0.006002
21.949399 0.013505
21.954400 0.013672
21.959401 0.015709
21.964402 0.016105
21.969403 0.016230
21.974404 0.022653
21.979405 0.020695
21.984406 0.019425
21.989407 0.021922
21.994408 0.023947
21.999409 0.022854
22.004410 0.022563
22.009411 0.021111
22.014412 0.023328
22.019413 0.024240
22.024414 0.018754
22.029415 0.019112
22.034416 0.023241
22.039417 0.019343
22.044418 0.014201
22.049419 0.020122
22.054420 0.019079
22.059421 0.016572
22.064422 0.014557
22.069423 0.015242
22.074424 0.016662
22.079425 0.012097
22.084426 0.014612
22.089427 0.011378
22.094428 0.011462
22.099429 0.011425
22.104430 0.005404
22.109431 0.008780
22.114432 0.008064
22.119433 0.004681
22.124434 0.001452
22.129435 0.002765
22.134436 0.005609
22.139437 -0.001675
22.144438 -0.002967
22.149439 -0.003433
22.154440 -0.002094
22.159441 -0.004997
22.164442 -0.012027
22.169443 -0.007127
22.174444 -0.008713
22.179445 -0.011508
22.184446 -0.013675
22.189447 -0.015004
22.194448 -0.012384
22.199449 -0.015260
22.204450 -0.019956
22.209451 -0.016631
22.214452 -0.013955
22.219453 -0.019476
22.224454 -0.017967
22.229455 -0.018860
22.234456 -0.019037
22.239457 -0.016276
22.244458 -0.018601
22.249459 -0.017773
22.254460 -0.015203
22.259461 -0.013758
22.264462 -0.018164
22.269463 -0.014137
22.274464 -0.009558
22.279465 -0.012419
22.284466 -0.011073
22.289467 -0.011645
22.294468 -0.005998
22.299469 -0.006714
22.304470 -0.009227
22.309471 -0.003282
22.314472 -0.001157
22.319473 -0.002110
22.324474 -0.003491
22.329475 0.002065
22.334476 0.004100
22.339477 0.003195
22.344478 0.003646
22.349479 0.005014
22.354480 0.007244
22.359481 0.006316
22.364482 0.007565
22.369483 0.006612
22.374484 0.009434
22.379485 0.010421
22.384486 0.005611
22.389487 0.009564
22.394488 0.010797
22.399489 0.009834
22.404490 0.008662
22.409491 0.007828
22.414492 0.012202
22.419493 0.008391
22.424494 0.007244
22.429495 0.008740
22.434496 0.007403
22.439497 0.008609
22.444498 0.004361
22.449499 0.003223
22.454500 0.006678
22.459501 0.003657
22.464502 0.001404
22.469503 0.001412
22.474504 0.002300
22.479505 0.002862
22.484506 -0.002213
22.489507 0.000876
22.494508 0.003198
22.499509 0.000013
22.504510 0.001397
22.509511 0.000813
22.514512 0.004770
22.519513 0.006260
22.524514 -0.000436
22.529515 0.003063
22.534516 0.008260
22.539517 0.004583
22.544518 0.003364
22.549519 0.003573
22.554520 0.005950
22.559521 0.004564
22.564522 0.001783
22.569523 0.003500
22.574524 0.004094
22.579525 0.000367
22.584526 -0.001283
22.589527 0.001659
22.594528 -0.000630
22.599529 0.000003
22.604530 -0.003937
22.609531 -0.005654
22.614532 -0.001476
22.619533 -0.004593
22.624534 -0.008285
22.629535 -0.008456
22.634536 -0.004461
22.639537 -0.009649
22.644538 -0.009793
22.649539 -0.008190
22.654540 -0.010570
22.659541 -0.007228
22.664542 -0.012228
22.669543 -0.010337
22.674544 -0.009052
22.679545 -0.009737
22.684546 -0.009409
22.689547 -0.011311
22.694548 -0.004551
22.699549 -0.007146
22.704550 -0.008985
22.709551 -0.005979
22.714552 -0.004692
22.719553 -0.001987
22.724554 -0.004445
22.729555 -0.003858
22.734556 0.001271
22.739557 -0.000998
22.744558 -0.003017
22.749559 0.001634
22.754560 0.003273
22.759561 0.001367
22.764562 -0.001787
22.769563 0.003812
22.774564 0.004028
22.779565 0.000868
22.784566 0.003645
22.789567 0.001064
22.794568 0.004663
22.799569 0.003724
22.804570 -0.001017
22.809571 0.003474
22.814572 0.005175
22.819573 0.002383
22.824574 0.002302
22.829575 0.001806
22.834576 0.004958
22.839577 0.003730
22.844578 0.000669
22.849579 0.004528
22.854580 0.002837
22.859581 0.005581
22.864582 0.000147
22.869583 0.000249
22.874584 0.005389
22.879585 -0.001475
22.884586 0.000461
22.889587 -0.002063
22.894588 0.000531
22.899589 -0.001778
22.904590 -0.005675
22.909591 -0.001734
22.914592 -0.003807
22.919593 -0.001782
22.924594 -0.008113
22.929595 -0.006283
22.934596 -0.002479
22.939597 -0.008099
22.944598 -0.008780
22.949599 -0.005749
22.954600 -0.003846
22.959601 -0.008024
22.964602 -0.006644
22.969603 -0.006339
22.974604 -0.005000
22.979605 -0.002909
22.984606 -0.006744
22.989607 -0.004019
22.994608 -0.000841
22.999609 -0.002103
23.004610 -0.001576
23.009611 0.000029
23.014612 0.001899
23.019613 0.003388
23.024614 0.003628
23.029615 0.003766
23.034616 0.006506
23.039617 0.009737
23.044618 0.006173
23.049619 0.006606
23.054620 0.011158
23.059621 0.010455
23.064622 0.008924
23.069623 0.009090
23.074624 0.011739
23.079625 0.008232
23.084626 0.005732
23.089627 0.005683
23.094628 0.005042
23.099629 0.004019
23.104630 -0.002754
23.109631 -0.000999
23.114632 -0.000558
23.119633 -0.003003
23.124634 -0.006799
23.129635 -0.009140
23.134636 -0.002973
23.139637 -0.008282
23.144638 -0.007820
23.149639 -0.004591
23.154640 -0.006283
23.159641 -0.003916
23.164642 -0.005800
23.169643 -0.002493
23.174644 -0.001019
23.179645 -0.002849
23.184646 -0.001935
23.189647 0.000759
23.194648 0.001980
23.199649 0.000001
23.204650 0.000580
23.209651 0.001750
23.214652 0.003876
23.219653 0.002553
23.224654 0.000046
23.229655 0.001660
23.234656 0.004029
23.239657 0.003585
23.244658 0.000085
23.249659 0.001853
23.254660 0.004605
23.259661 0.002108
23.264662 0.001044
23.269663 0.000458
23.274664 0.003236
23.279665 0.003674
23.284666 -0.000621
23.289667 0.001855
23.294668 0.003430
23.299669 0.003951
23.304670 0.001183
23.309671 0.002271
23.314672 0.006432
23.319673 0.004384
23.324674 0.002584
23.329675 0.004167
23.334676 0.008555
23.339677 0.004357
23.344678 0.006323
23.349679 0.005474
23.354680 0.007267
23.359681 0.011226
23.364682 0.004269
23.369683 0.009106
23.374684 0.007947
23.379685 0.011233
23.384686 0.007263
23.389687 0.003726
23.394688 0.013283
23.399689 0.002913
23.404690 0.003311
23.409691 0.006433
23.414692 0.003351
23.419693 0.002999
23.424694 -0.000172
23.429695 0.001153
23.434696 0.001097
23.439697 0.000267
23.444698 -0.005043
23.449699 -0.004338
23.454700 -0.000730
23.459701 -0.006237
23.464702 -0.007921
23.469703 -0.006002
23.474704 -0.006959
23.479705 -0.010046
23.484706 -0.010106
23.489707 -0.009887
23.494708 -0.011351
23.499709 -0.012577
23.504710 -0.014337
23.509711 -0.013128
23.514712 -0.015366
23.519713 -0.017001
23.524714 -0.017642
23.529715 -0.018018
23.534716 -0.015470
23.539717 -0.019438
23.544718 -0.018738
23.549719 -0.017791
23.554720 -0.016343
23.559721 -0.014214
23.564722 -0.018856
23.569723 -0.013506
23.574724 -0.012317
23.579725 -0.014177
23.584726 -0.010717
23.589727 -0.011225
23.594728 -0.008183
23.599729 -0.006127
23.604730 -0.006541
23.609731 -0.004769
23.614732 -0.001382
23.619733 -0.000381
23.624734 -0.000735
23.629735 0.002478
23.634736 0.004391
23.639737 0.005346
23.644738 0.006279
23.649739 0.004790
23.654740 0.007366
23.659741 0.009746
23.664742 0.005054
23.669743 0.007071
23.674744 0.010132
23.679745 0.004734
23.684746 0.005199
23.689747 0.007881
23.694748 0.006221
23.699749 0.007288
23.704750 0.006196
23.709751 0.006307
23.714752 0.009933
23.719753 0.007526
23.724754 0.007255
23.729755 0.008129
23.734756 0.010014
23.739757 0.011369
23.744758 0.007884
23.749759 0.009030
23.754760 0.011373
23.759761 0.012890
23.764762 0.008050
23.769763 0.009271
23.774764 0.014172
23.779765 0.008362
23.784766 0.009179
23.789767 0.008659
23.794768 0.008735
23.799769 0.008810
23.804770 0.001574
23.809771 0.004412
23.814772 0.005755
23.819774 0.000544
23.824775 -0.001532
23.829776 -0.002648
23.834777 -0.001074
23.839778 -0.003939
23.844779 -0.008213
23.849780 -0.007164
23.854781 -0.007146
23.859782 -0.007507
23.864783 -0.011136
23.869784 -0.011929
23.874785 -0.007540
23.879786 -0.009693
23.884787 -0.012513
23.889788 -0.010411
23.894789 -0.008252
23.899790 -0.009307
23.904791 -0.012886
23.909792 -0.010321
23.914793 -0.007705
23.919794 -0.011295
23.924795 -0.009183
23.929796 -0.009496
23.934797 -0.009915
23.939798 -0.007144
23.944799 -0.010031
23.949800 -0.009286
23.954801 -0.006482
23.959802 -0.005769
23.964803 -0.007190
23.969804 -0.005639
23.974805 -0.001687
23.979806 -0.002676
23.984807 -0.002289
23.989808 -0.000363
23.994809 0.003806
23.999810 0.004105
24.004811 0.001753
24.009812 0.006055
24.014813 0.006521
24.019814 0.008865
24.024815 0.007142
24.029816 0.006351
24.034817 0.011746
24.039818 0.008482
24.044819 0.008281
24.049820 0.008941
24.054821 0.012458
24.059822 0.009967
24.064823 0.006525
24.069824 0.011172
24.074825 0.009083
24.079826 0.009726
24.084827 0.007795
24.089828 0.007362
24.094829 0.009503
24.099830 0.006985
24.104831 0.005662
24.109832 0.004618
24.114833 0.005500
24.119834 0.007552
24.124835 0.003010
24.129836 0.001204
24.134837 0.008319
24.139838 0.003661
24.144839 0.001286
24.149840 0.002569
24.154841 0.004002
24.159842 0.005953
24.164843 -0.002913
24.169844 0.001153
24.174845 0.005518
24.179846 0.000140
24.184847 -0.002059
24.189848 0.000495
24.194849 -0.000551
24.199850 -0.004351
24.204851 -0.004315
24.209852 -0.007075
24.214853 -0.004996
24.219854 -0.007773
24.224855 -0.010472
24.229856 -0.009607
24.234857 -0.009401
24.239858 -0.009816
24.244859 -0.014077
24.249860 -0.010127
24.254861 -0.009458
24.259862 -0.013221
24.264863 -0.011673
24.269864 -0.012010
24.274865 -0.010634
24.279866 -0.007317
24.284867 -0.012049
24.289868 -0.010506
24.294869 -0.006276
24.299870 -0.007834
24.304871 -0.007091
24.309872 -0.007326
24.314873 -0.004398
24.319874 -0.006438
24.324875 -0.006864
24.329876 -0.004289
24.334877 -0.005772
24.339878 -0.002886
24.344879 -0.004134
24.349880 -0.006638
24.354881 -0.001512
24.359882 -0.002905
24.364883 -0.005147
24.369884 -0.002307
24.374885 -0.000955
24.379886 0.001310
24.384887 -0.005223
24.389888 0.000138
24.394889 0.005575
24.399890 0.000224
24.404891 0.002936
24.409892 0.002965
24.414893 0.008500
24.419894 0.007006
24.424895 0.005317
24.429896 0.009366
24.434897 0.009884
24.439898 0.011013
24.444899 0.008098
24.449900 0.009367
24.454901 0.011066
24.459902 0.011984
24.464903 0.009761
24.469904 0.010260
24.474905 0.012083
24.479906 0.010821
24.484907 0.010919
24.489908 0.009886
24.494909 0.013438
24.499910 0.010599
24.504911 0.009068
24.509912 0.011498
24.514913 0.010233
24.519914 0.011208
24.524915 0.006125
24.529916 0.009029
24.534917 0.009740
24.539918 0.004006
24.544919 0.006074
24.549920 0.003750
24.554921 0.005431
24.559922 0.001806
24.564923 -0.001411
24.569924 0.001241
24.574925 -0.000467
24.579926 -0.001870
24.584927 -0.005412
24.589928 -0.004499
24.594929 -0.003235
24.599930 -0.006051
24.604931 -0.010906
24.609932 -0.010538
24.614933 -0.008355
24.619934 -0.011840
24.624935 -0.016123
24.629936 -0.014831
24.634937 -0.013292
24.639938 -0.016975
24.644939 -0.017032
24.649940 -0.016796
24.654941 -0.016986
24.659942 -0.015741
24.664943 -0.017327
24.669944 -0.016782
24.674945 -0.009530
24.679946 -0.012885
24.684947 -0.014525
24.689948 -0.009437
24.694949 -0.008459
24.699950 -0.004917
24.704951 -0.008961
24.709952 -0.005519
24.714953 -0.001115
24.719954 -0.002934
24.724955 -0.003483
24.729956 -0.003464
24.734957 0.001367
24.739958 0.000496
24.744959 -0.001424
24.749960 -0.000667
24.754961 0.003421
24.759962 0.001984
24.764963 -0.001326
24.769964 0.003509
24.774965 0.004368
24.779966 0.002759
24.784967 0.001032
24.789968 0.002715
24.794969 0.005612
24.799970 0.004466
24.804971 0.001527
24.809972 0.002435
24.814973 0.005590
24.819974 0.003483
24.824975 0.002827
24.829976 0.004853
24.834977 0.007594
24.839978 0.006135
24.844979 0.004610
24.849980 0.008625
24.854981 0.010647
24.859982 0.010022
24.864983 0.007704
24.869984 0.011146
24.874985 0.013065
24.879986 0.010391
24.884987 0.011420
24.889988 0.011162
24.894989 0.011954
24.899990 0.011516
24.904991 0.010248
24.909992 0.010255
24.914993 0.010286
24.919994 0.011296
24.924995 0.007872
24.929996 0.008037
24.934997 0.010447
24.939998 0.008263
24.944999 0.007600
24.950000 0.005353
0.000000 0.000000
0.005001 -0.000076
0.010002 -0.000059
0.015003 -0.000031
0.020004 0.000011
0.025005 0.000066
0.030006 0.000128
0.035007 0.000184
0.040008 0.000212
0.045009 0.000187
0.050010 0.000107
0.055011 -0.000005
0.060012 -0.000108
0.065013 -0.000164
0.070014 -0.000159
0.075015 -0.000105
0.080016 -0.000025
0.085017 0.000050
0.090018 0.000094
0.095019 0.000087
0.100020 0.000029
0.105021 -0.000065
0.110022 -0.000163
0.115023 -0.000237
0.120024 -0.000269
0.125025 -0.000263
0.130026 -0.000233
0.135027 -0.000192
0.140028 -0.000145
0.145029 -0.000094
0.150031 -0.000044
0.155032 -0.000007
0.160033 0.000009
0.165034 0.000006
0.170035 -0.000009
0.175036 -0.000023
0.180037 -0.000024
0.185038 0.000002
0.190039 0.000067
0.195040 0.000171
0.200041 0.000296
0.205042 0.000405
0.210043 0.000458
0.215044 0.000431
0.220045 0.000330
0.225046 0.000184
0.230047 0.000035
0.235048 -0.000082
0.240049 -0.000146
0.245050 -0.000155
0.250051 -0.000121
0.255052 -0.000061
0.260053 0.000005
0.265054 0.000059
0.270055 0.000084
0.275056 0.000066
0.280057 0.000004
0.285058 -0.000088
0.290059 -0.000188
0.295060 -0.000280
0.300061 -0.000351
0.305062 -0.000395
0.310063 -0.000405
0.315064 -0.000380
0.320065 -0.000331
0.325066 -0.000283
0.330067 -0.000258
0.335068 -0.000264
0.340069 -0.000282
0.345070 -0.000275
0.350071 -0.000209
0.355072 -0.000086
0.360073 0.000063
0.365074 0.000186
0.370075 0.000247
0.375076 0.000235
0.380077 0.000170
0.385078 0.000085
0.390079 0.000014
0.395080 -0.000030
0.400081 -0.000051
0.405082 -0.000063
0.410083 -0.000080
0.415084 -0.000111
0.420085 -0.000147
0.425086 -0.000172
0.430087 -0.000162
0.435088 -0.000107
0.440089 -0.000016
0.445090 0.000083
0.450092 0.000158
0.455093 0.000187
0.460094 0.000164
0.465095 0.000099
0.470096 0.000014
0.475097 -0.000072
0.480098 -0.000141
0.485099 -0.000183
0.490100 -0.000184
0.495101 -0.000141
0.500102 -0.000064
0.505103 0.000030
0.510104 0.000119
0.515105 0.000192
0.520106 0.000238
0.525107 0.000248
0.530108 0.000217
0.535109 0.000143
0.540110 0.000034
0.545111 -0.000091
0.550112 -0.000206
0.555113 -0.000284
0.560114 -0.000301
0.565115 -0.000253
0.570116 -0.000153
0.575117 -0.000031
0.580118 0.000077
0.585119 0.000139
0.590120 0.000146
0.595121 0.000108
0.600122 0.000047
0.605123 -0.000019
0.610124 -0.000078
0.615125 -0.000118
0.620126 -0.000128
0.625127 -0.000110
0.630128 -0.000075
0.635129 -0.000041
0.640130 -0.000027
0.645131 -0.000041
0.650132 -0.000079
0.655133 -0.000121
0.660134 -0.000148
0.665135 -0.000146
0.670136 -0.000117
0.675137 -0.000071
0.680138 -0.000028
0.685139 -0.000007
0.690140 -0.000017
0.695141 -0.000048
0.700142 -0.000085
0.705143 -0.000118
0.710144 -0.000152
0.715145 -0.000197
0.720146 -0.000257
0.725147 -0.000328
0.730148 -0.000393
0.735149 -0.000431
0.740150 -0.000421
0.745151 -0.000360
0.750153 -0.000270
0.755154 -0.000184
0.760155 -0.000135
0.765156 -0.000131
0.770157 -0.000154
0.775158 -0.000172
0.780159 -0.000160
0.785160 -0.000122
0.790161 -0.000086
0.795162 -0.000084
0.800163 -0.000126
0.805164 -0.000192
0.810165 -0.000244
0.815166 -0.000245
0.820167 -0.000183
0.825168 -0.000073
0.830169 0.000052
0.835170 0.000163
0.840171 0.000242
0.845172 0.000283
0.850173 0.000288
0.855174 0.000264
0.860175 0.000227
0.865176 0.000193
0.870177 0.000175
0.875178 0.000179
0.880179 0.000204
0.885180 0.000243
0.890181 0.000275
0.895182 0.000280
0.900183 0.000242
0.905184 0.000152
0.910185 0.000019
0.915186 -0.000133
0.920187 -0.000262
0.925188 -0.000329
0.930189 -0.000325
0.935190 -0.000272
0.940191 -0.000207
0.945192 -0.000163
0.950193 -0.000149
0.955194 -0.000149
0.960195 -0.000132
0.965196 -0.000081
0.970197 -0.000000
0.975198 0.000086
0.980199 0.000152
0.985200 0.000191
0.990201 0.000212
0.995202 0.000227
1.000203 0.000240
1.005204 0.000244
1.010205 0.000224
1.015206 0.000171
1.020207 0.000086
1.025208 -0.000014
1.030209 -0.000101
1.035210 -0.000155
1.040211 -0.000173
1.045212 -0.000166
1.050214 -0.000148
1.055215 -0.000127
1.060216 -0.000094
1.065217 -0.000041
1.070218 0.000029
1.075219 0.000088
1.080220 0.000103
1.085221 0.000061
1.090222 -0.000019
1.095223 -0.000094
1.100224 -0.000123
1.105225 -0.000090
1.110226 -0.000006
1.115227 0.000093
1.120228 0.000167
1.125229 0.000190
1.130230 0.000165
1.135231 0.000111
1.140232 0.000054
1.145233 0.000016
1.150234 0.000007
1.155235 0.000029
1.160236 0.000076
1.165237 0.000138
1.170238 0.000203
1.175239 0.000257
1.180240 0.000286
1.185241 0.000288
1.190242 0.000268
1.195243 0.000238
1.200244 0.000206
1.205245 0.000176
1.210246 0.000145
1.215247 0.000108
1.220248 0.000056
1.225249 -0.000016
1.230250 -0.000103
1.235251 -0.000185
1.240252 -0.000237
1.245253 -0.000237
1.250254 -0.000178
1.255255 -0.000081
1.260256 0.000017
1.265257 0.000076
1.270258 0.000088
1.275259 0.000077
1.280260 0.000083
1.285261 0.000127
1.290262 0.000204
1.295263 0.000288
1.300264 0.000350
1.305265 0.000377
1.310266 0.000371
1.315267 0.000338
1.320268 0.000280
1.325269 0.000197
1.330270 0.000095
1.335271 -0.000007
1.340272 -0.000088
1.345273 -0.000137
1.350275 -0.000153
1.355276 -0.000144
1.360277 -0.000114
1.365278 -0.000064
1.370279 0.000004
1.375280 0.000080
1.380281 0.000138
1.385282 0.000145
1.390283 0.000082
1.395284 -0.000046
1.400285 -0.000201
1.405286 -0.000332
1.410287 -0.000390
1.415288 -0.000346
1.420289 -0.000205
1.425290 -0.000001
1.430291 0.000213
1.435292 0.000384
1.440293 0.000481
1.445294 0.000499
1.450295 0.000456
1.455296 0.000380
1.460297 0.000302
1.465298 0.000243
1.470299 0.000212
1.475300 0.000203
1.480301 0.000205
1.485302 0.000205
1.490303 0.000193
1.495304 0.000171
1.500305 0.000146
1.505306 0.000122
1.510307 0.000098
1.515308 0.000072
1.520309 0.000043
1.525310 0.000016
1.530311 -0.000013
1.535312 -0.000047
1.540313 -0.000093
1.545314 -0.000143
1.550315 -0.000181
1.555316 -0.000185
1.560317 -0.000140
1.565318 -0.000051
1.570319 0.000051
1.575320 0.000123
1.580321 0.000133
1.585322 0.000075
1.590323 -0.000027
1.595324 -0.000132
1.600325 -0.000200
1.605326 -0.000213
1.610327 -0.000173
1.615328 -0.000104
1.620329 -0.000033
1.625330 0.000016
1.630331 0.000035
1.635332 0.000030
1.640333 0.000014
1.645334 0.000000
1.650336 -0.000009
1.655337 -0.000020
1.660338 -0.000031
1.665339 -0.000037
1.670340 -0.000025
1.675341 0.000012
1.680342 0.000072
1.685343 0.000146
1.690344 0.000223
1.695345 0.000286
1.700346 0.000317
1.705347 0.000302
1.710348 0.000235
1.715349 0.000130
1.720350 0.000019
1.725351 -0.000066
1.730352 -0.000110
1.735353 -0.000124
1.740354 -0.000133
1.745355 -0.000150
1.750356 -0.000166
1.755357 -0.000162
1.760358 -0.000128
1.765359 -0.000072
1.770360 -0.000015
1.775361 0.000017
1.780362 0.000018
1.785363 -0.000000
1.790364 -0.000009
1.795365 0.000022
1.800366 0.000103
1.805367 0.000220
1.810368 0.000336
1.815369 0.000402
1.820370 0.000390
1.825371 0.000316
1.830372 0.000236
1.835373 0.000212
1.840374 0.000271
1.845375 0.000389
1.850376 0.000507
1.855377 0.000562
1.860378 0.000523
1.865379 0.000406
1.870380 0.000258
1.875381 0.000133
1.880382 0.000056
1.885383 0.000025
1.890384 0.000016
1.895385 0.000005
1.900386 -0.000016
1.905387 -0.000045
1.910388 -0.000063
1.915389 -0.000057
1.920390 -0.000017
1.925391 0.000047
1.930392 0.000116
1.935393 0.000164
1.940394 0.000165
1.945395 0.000112
1.950397 0.000024
1.955398 -0.000063
1.960399 -0.000115
1.965400 -0.000120
1.970401 -0.000085
1.975402 -0.000029
1.980403 0.000030
1.985404 0.000075
1.990405 0.000099
1.995406 0.000099
2.000407 0.000078
2.005408 0.000037
2.010409 -0.000017
2.015410 -0.000075
2.020411 -0.000123
2.025412 -0.000153
2.030413 -0.000158
2.035414 -0.000130
2.040415 -0.000068
2.045416 0.000020
2.050417 0.000114
2.055418 0.000195
2.060419 0.000245
2.065420 0.000257
2.070421 0.000234
2.075422 0.000190
2.080423 0.000139
2.085424 0.000090
2.090425 0.000045
2.095426 0.000002
2.100427 -0.000043
2.105428 -0.000093
2.110429 -0.000140
2.115430 -0.000169
2.120431 -0.000166
2.125432 -0.000131
2.130433 -0.000088
2.135434 -0.000065
2.140435 -0.000087
2.145436 -0.000152
2.150437 -0.000238
2.155438 -0.000311
2.160439 -0.000350
2.165440 -0.000352
2.170441 -0.000334
2.175442 -0.000314
2.180443 -0.000301
2.185444 -0.000298
2.190445 -0.000304
2.195446 -0.000317
2.200447 -0.000333
2.205448 -0.000344
2.210449 -0.000344
2.215450 -0.000330
2.220451 -0.000301
2.225452 -0.000263
2.230453 -0.000219
2.235454 -0.000167
2.240455 -0.000103
2.245456 -0.000026
2.250458 0.000054
2.255459 0.000127
2.260460 0.000195
2.265461 0.000263
2.270462 0.000328
2.275463 0.000379
2.280464 0.000401
2.285465 0.000384
2.290466 0.000331
2.295467 0.000258
2.300468 0.000188
2.305469 0.000144
2.310470 0.000132
2.315471 0.000145
2.320472 0.000166
2.325473 0.000175
2.330474 0.000155
2.335475 0.000096
2.340476 0.000004
2.345477 -0.000088
2.350478 -0.000141
2.355479 -0.000124
2.360480 -0.000036
2.365481 0.000088
2.370482 0.000198
2.375483 0.000244
2.380484 0.000208
2.385485 0.000108
2.390486 -0.000016
2.395487 -0.000116
2.400488 -0.000155
2.405489 -0.000119
2.410490 -0.000023
2.415491 0.000088
2.420492 0.000160
2.425493 0.000163
2.430494 0.000102
2.435495 0.000020
2.440496 -0.000036
2.445497 -0.000040
2.450498 -0.000001
2.455499 0.000052
2.460500 0.000094
2.465501 0.000120
2.470502 0.000139
2.475503 0.000159
2.480504 0.000177
2.485505 0.000181
2.490506 0.000159
2.495507 0.000107
2.500508 0.000034
2.505509 -0.000040
2.510510 -0.000090
2.515511 -0.000103
2.520512 -0.000078
2.525513 -0.000023
2.530514 0.000049
2.535515 0.000119
2.540516 0.000160
2.545517 0.000148
2.550519 0.000071
2.555520 -0.000061
2.560521 -0.000212
2.565522 -0.000328
2.570523 -0.000370
2.575524 -0.000325
2.580525 -0.000219
2.585526 -0.000091
2.590527 0.000014
2.595528 0.000061
2.600529 0.000031
2.605530 -0.000075
2.610531 -0.000226
2.615532 -0.000371
2.620533 -0.000456
2.625534 -0.000449
2.630535 -0.000353
2.635536 -0.000201
2.640537 -0.000036
2.645538 0.000105
2.650539 0.000203
2.655540 0.000252
2.660541 0.000257
2.665542 0.000231
2.670543 0.000193
2.675544 0.000163
2.680545 0.000149
2.685546 0.000145
2.690547 0.000135
2.695548 0.000104
2.700549 0.000045
2.705550 -0.000036
2.710551 -0.000119
2.715552 -0.000180
2.720553 -0.000202
2.725554 -0.000183
2.730555 -0.000138
2.735556 -0.000087
2.740557 -0.000054
2.745558 -0.000055
2.750559 -0.000094
2.755560 -0.000159
2.760561 -0.000227
2.765562 -0.000278
2.770563 -0.000294
2.775564 -0.000262
2.780565 -0.000178
2.785566 -0.000055
2.790567 0.000079
2.795568 0.000182
2.800569 0.000216
2.805570 0.000167
2.810571 0.000053
2.815572 -0.000073
2.820573 -0.000154
2.825574 -0.000152
2.830575 -0.000079
2.835576 0.000017
2.840577 0.000079
2.845578 0.000072
2.850580 0.000007
2.855581 -0.000067
2.860582 -0.000093
2.865583 -0.000045
2.870584 0.000060
2.875585 0.000179
2.880586 0.000262
2.885587 0.000277
2.890588 0.000221
2.895589 0.000117
2.900590 0.000006
2.905591 -0.000073
2.910592 -0.000104
2.915593 -0.000088
2.920594 -0.000044
2.925595 0.000008
2.930596 0.000048
2.935597 0.000065
2.940598 0.000058
2.945599 0.000031
2.950600 -0.000010
2.955601 -0.000061
2.960602 -0.000113
2.965603 -0.000154
2.970604 -0.000181
2.975605 -0.000192
2.980606 -0.000188
2.985607 -0.000166
2.990608 -0.000123
2.995609 -0.000067
3.000610 -0.000014
3.005611 0.000020
3.010612 0.000026
3.015613 0.000005
3.020614 -0.000032
3.025615 -0.000072
3.030616 -0.000100
3.035617 -0.000108
3.040618 -0.000091
3.045619 -0.000058
3.050620 -0.000026
3.055621 -0.000015
3.060622 -0.000031
3.065623 -0.000063
3.070624 -0.000094
3.075625 -0.000110
3.080626 -0.000112
3.085627 -0.000108
3.090628 -0.000109
3.095629 -0.000118
3.100630 -0.000138
3.105631 -0.000166
3.110632 -0.000195
3.115633 -0.000212
3.120634 -0.000199
3.125635 -0.000142
3.130636 -0.000039
3.135637 0.000091
3.140638 0.000213
3.145639 0.000290
3.150641 0.000300
3.155642 0.000242
3.160643 0.000131
3.165644 -0.000005
3.170645 -0.000128
3.175646 -0.000210
3.180647 -0.000233
3.185648 -0.000203
3.190649 -0.000144
3.195650 -0.000089
3.200651 -0.000065
3.205652 -0.000084
3.210653 -0.000136
3.215654 -0.000203
3.220655 -0.000262
3.225656 -0.000297
3.230657 -0.000300
3.235658 -0.000278
3.240659 -0.000243
3.245660 -0.000209
3.250661 -0.000177
3.255662 -0.000143
3.260663 -0.000101
3.265664 -0.000053
3.270665 -0.000005
3.275666 0.000034
3.280667 0.000060
3.285668 0.000073
3.290669 0.000078
3.295670 0.000084
3.300671 0.000086
3.305672 0.000074
3.310673 0.000042
3.315674 -0.000007
3.320675 -0.000064
3.325676 -0.000120
3.330677 -0.000166
3.335678 -0.000199
3.340679 -0.000213
3.345680 -0.000208
3.350681 -0.000181
3.355682 -0.000135
3.360683 -0.000076
3.365684 -0.000013
3.370685 0.000041
3.375686 0.000067
3.380687 0.000050
3.385688 -0.000015
3.390689 -0.000104
3.395690 -0.000176
3.400691 -0.000193
3.405692 -0.000150
3.410693 -0.000071
3.415694 0.000001
3.420695 0.000036
3.425696 0.000025
3.430697 -0.000019
3.435698 -0.000072
3.440699 -0.000117
3.445700 -0.000144
3.450702 -0.000153
3.455703 -0.000147
3.460704 -0.000135
3.465705 -0.000129
3.470706 -0.000144
3.475707 -0.000184
3.480708 -0.000239
3.485709 -0.000291
3.490710 -0.000324
3.495711 -0.000332
3.500712 -0.000319
3.505713 -0.000297
3.510714 -0.000280
3.515715 -0.000268
3.520716 -0.000259
3.525717 -0.000243
3.530718 -0.000213
3.535719 -0.000160
3.540720 -0.000087
3.545721 -0.000011
3.550722 0.000039
3.555723 0.000043
3.560724 0.000005
3.565725 -0.000053
3.570726 -0.000100
3.575727 -0.000115
3.580728 -0.000095
3.585729 -0.000054
3.590730 -0.000014
3.595731 0.000013
3.600732 0.000024
3.605733 0.000027
3.610734 0.000028
3.615735 0.000028
3.620736 0.000021
3.625737 0.000006
3.630738 -0.000017
3.635739 -0.000040
3.640740 -0.000056
3.645741 -0.000061
3.650742 -0.000060
3.655743 -0.000069
3.660744 -0.000107
3.665745 -0.000184
3.670746 -0.000285
3.675747 -0.000371
3.680748 -0.000397
3.685749 -0.000337
3.690750 -0.000206
3.695751 -0.000054
3.700752 0.000062
3.705753 0.000106
3.710754 0.000078
3.715755 0.000011
3.720756 -0.000055
3.725757 -0.000088
3.730758 -0.000083
3.735759 -0.000049
3.740760 0.000000
3.745761 0.000053
3.750763 0.000103
3.755764 0.000141
3.760765 0.000160
3.765766 0.000155
3.770767 0.000125
3.775768 0.000070
3.780769 -0.000002
3.785770 -0.000077
3.790771 -0.000138
3.795772 -0.000182
3.800773 -0.000212
3.805774 -0.000240
3.810775 -0.000271
3.815776 -0.000299
3.820777 -0.000316
3.825778 -0.000310
3.830779 -0.000283
3.835780 -0.000246
3.840781 -0.000209
3.845782 -0.000173
3.850783 -0.000132
3.855784 -0.000082
3.860785 -0.000036
3.865786 -0.000018
3.870787 -0.000045
3.875788 -0.000111
3.880789 -0.000189
3.885790 -0.000242
3.890791 -0.000245
3.895792 -0.000206
3.900793 -0.000153
3.905794 -0.000119
3.910795 -0.000122
3.915796 -0.000159
3.920797 -0.000209
3.925798 -0.000251
3.930799 -0.000276
3.935800 -0.000289
3.940801 -0.000302
3.945802 -0.000318
3.950803 -0.000325
3.955804 -0.000299
3.960805 -0.000229
3.965806 -0.000124
3.970807 -0.000010
3.975808 0.000083
3.980809 0.000138
3.985810 0.000157
3.990811 0.000156
3.995812 0.000145
4.000813 0.000126
4.005814 0.000091
4.010815 0.000036
4.015816 -0.000032
4.020817 -0.000100
4.025818 -0.000152
4.030819 -0.000177
4.035820 -0.000176
4.040821 -0.000158
4.045822 -0.000132
4.050824 -0.000095
4.055825 -0.000039
4.060826 0.000030
4.065827 0.000089
4.070828 0.000099
4.075829 0.000036
4.080830 -0.000094
4.085831 -0.000252
4.090832 -0.000379
4.095833 -0.000434
4.100834 -0.000410
4.105835 -0.000339
4.110836 -0.000260
4.115837 -0.000200
4.120838 -0.000159
4.125839 -0.000121
4.130840 -0.000072
4.135841 -0.000014
4.140842 0.000038
4.145843 0.000060
4.150844 0.000041
4.155845 -0.000017
4.160846 -0.000096
4.165847 -0.000172
4.170848 -0.000217
4.175849 -0.000210
4.180850 -0.000147
4.185851 -0.000044
4.190852 0.000064
4.195853 0.000149
4.200854 0.000200
4.205855 0.000220
4.210856 0.000228
4.215857 0.000236
4.220858 0.000248
4.225859 0.000254
4.230860 0.000235
4.235861 0.000184
4.240862 0.000112
4.245863 0.000040
4.250864 -0.000012
4.255865 -0.000038
4.260866 -0.000043
4.265867 -0.000047
4.270868 -0.000064
4.275869 -0.000101
4.280870 -0.000148
4.285871 -0.000189
4.290872 -0.000209
4.295873 -0.000205
4.300874 -0.000180
4.305875 -0.000149
4.310876 -0.000123
4.315877 -0.000104
4.320878 -0.000085
4.325879 -0.000059
4.330880 -0.000029
4.335881 -0.000014
4.340882 -0.000033
4.345883 -0.000091
4.350885 -0.000173
4.355886 -0.000246
4.360887 -0.000278
4.365888 -0.000253
4.370889 -0.000184
4.375890 -0.000103
4.380891 -0.000041
4.385892 -0.000015
4.390893 -0.000022
4.395894 -0.000046
4.400895 -0.000071
4.405896 -0.000092
4.410897 -0.000108
4.415898 -0.000118
4.420899 -0.000111
4.425900 -0.000075
4.430901 -0.000008
4.435902 0.000071
4.440903 0.000132
4.445904 0.000149
4.450905 0.000113
4.455906 0.000033
4.460907 -0.000069
4.465908 -0.000163
4.470909 -0.000226
4.475910 -0.000249
4.480911 -0.000237
4.485912 -0.000207
4.490913 -0.000170
4.495914 -0.000138
4.500915 -0.000116
4.505916 -0.000109
4.510917 -0.000117
4.515918 -0.000140
4.520919 -0.000174
4.525920 -0.000210
4.530921 -0.000237
4.535922 -0.000251
4.540923 -0.000251
4.545924 -0.000238
4.550925 -0.000213
4.555926 -0.000183
4.560927 -0.000158
4.565928 -0.000144
4.570929 -0.000137
4.575930 -0.000126
4.580931 -0.000100
4.585932 -0.000055
4.590933 0.000007
4.595934 0.000064
4.600935 0.000088
4.605936 0.000060
4.610937 -0.000011
4.615938 -0.000092
4.620939 -0.000141
4.625940 -0.000136
4.630941 -0.000077
4.635942 0.000009
4.640943 0.000083
4.645944 0.000115
4.650946 0.000100
4.655947 0.000055
4.660948 0.000002
4.665949 -0.000042
4.670950 -0.000079
4.675951 -0.000119
4.680952 -0.000166
4.685953 -0.000213
4.690954 -0.000242
4.695955 -0.000239
4.700956 -0.000212
4.705957 -0.000181
4.710958 -0.000169
4.715959 -0.000189
4.720960 -0.000236
4.725961 -0.000296
4.730962 -0.000347
4.735963 -0.000368
4.740964 -0.000349
4.745965 -0.000291
4.750966 -0.000203
4.755967 -0.000103
4.760968 -0.000016
4.765969 0.000027
4.770970 0.000009
4.775971 -0.000067
4.780972 -0.000168
4.785973 -0.000250
4.790974 -0.000269
4.795975 -0.000195
4.800976 -0.000033
4.805977 0.000181
4.810978 0.000385
4.815979 0.000519
4.820980 0.000546
4.825981 0.000458
4.830982 0.000278
4.835983 0.000047
4.840984 -0.000193
4.845985 -0.000403
4.850986 -0.000542
4.855987 -0.000573
4.860988 -0.000471
4.865989 -0.000244
4.870990 0.000059
4.875991 0.000363
4.880992 0.000584
4.885993 0.000666
4.890994 0.000594
4.895995 0.000388
4.900996 0.000094
4.905997 -0.000231
4.910998 -0.000525
4.915999 -0.000745
4.921000 -0.000882
4.926001 -0.000964
4.931002 -0.001034
4.936003 -0.001117
4.941004 -0.001208
4.946005 -0.001275
4.951007 -0.001285
4.956008 -0.001228
4.961009 -0.001127
4.966010 -0.001012
4.971011 -0.000877
4.976012 -0.000643
4.981013 -0.000190
4.986014 0.000564
4.991015 0.001560
4.996016 0.002576
5.001017 0.003285
5.006018 0.003360
5.011019 0.002571
5.016020 0.000841
5.021021 -0.001709
5.026022 -0.004718
5.031023 -0.007582
5.036024 -0.009553
5.041025 -0.009940
5.046026 -0.008370
5.051027 -0.004951
5.056028 -0.000277
5.061029 0.004749
5.066030 0.009165
5.071031 0.012154
5.076032 0.013149
5.081033 0.011883
5.086034 0.008420
5.091035 0.003176
5.096036 -0.003083
5.101037 -0.009315
5.106038 -0.014334
5.111039 -0.016992
5.116040 -0.016440
5.121041 -0.012406
5.126042 -0.005400
5.131043 0.003320
5.136044 0.012051
5.141045 0.019076
5.146046 0.023030
5.151047 0.023087
5.156048 0.019054
5.161049 0.011458
5.166050 0.001579
5.171051 -0.008695
5.176052 -0.017274
5.181053 -0.022412
5.186054 -0.023145
5.191055 -0.019493
5.196056 -0.012395
5.201057 -0.003464
5.206058 0.005378
5.211059 0.012299
5.216060 0.015933
5.221061 0.015661
5.226062 0.011763
5.231063 0.005350
5.236064 -0.001931
5.241065 -0.008338
5.246066 -0.012431
5.251068 -0.013327
5.256069 -0.010815
5.261070 -0.005414
5.266071 0.001666
5.271072 0.008692
5.276073 0.013767
5.281074 0.015310
5.286075 0.012531
5.291076 0.005748
5.296077 -0.003557
5.301078 -0.013007
5.306079 -0.019919
5.311080 -0.022095
5.316081 -0.018543
5.321082 -0.009822
5.326083 0.002126
5.331084 0.014562
5.336085 0.024688
5.341086 0.030346
5.346087 0.030471
5.351088 0.025170
5.356089 0.015437
5.361090 0.002792
5.366091 -0.010865
5.371092 -0.023248
5.376093 -0.031830
5.381094 -0.034374
5.386095 -0.029683
5.391096 -0.018219
5.396097 -0.002245
5.401098 0.014666
5.406099 0.028624
5.411100 0.036517
5.416101 0.036783
5.421102 0.029668
5.426103 0.017037
5.431104 0.001839
5.436105 -0.012670
5.441106 -0.023773
5.446107 -0.029862
5.451108 -0.030583
5.456109 -0.026662
5.461110 -0.019644
5.466111 -0.011539
5.471112 -0.004310
5.476113 0.000753
5.481114 0.003475
5.486115 0.004707
5.491116 0.005679
5.496117 0.007134
5.501118 0.008823
5.506119 0.009715
5.511120 0.008782
5.516121 0.005782
5.521122 0.001543
5.526123 -0.002387
5.531124 -0.004509
5.536125 -0.004170
5.541126 -0.001944
5.546127 0.000689
5.551129 0.002213
5.556130 0.001954
5.561131 0.000402
5.566132 -0.001144
5.571133 -0.001353
5.576134 0.000379
5.581135 0.003577
5.586136 0.006957
5.591137 0.009192
5.596138 0.009634
5.601139 0.008506
5.606140 0.006511
5.611141 0.004227
5.616142 0.001776
5.621143 -0.001070
5.626144 -0.004456
5.631145 -0.008029
5.636146 -0.010873
5.641147 -0.011874
5.646148 -0.010306
5.651149 -0.006222
5.656150 -0.000502
5.661151 0.005409
5.666152 0.009935
5.671153 0.011882
5.676154 0.010900
5.681155 0.007657
5.686156 0.003595
5.691157 0.000322
5.696158 -0.001099
5.701159 -0.000602
5.706160 0.000924
5.711161 0.002136
5.716162 0.001845
5.721163 -0.000571
5.726164 -0.005028
5.731165 -0.010769
5.736166 -0.016498
5.741167 -0.020692
5.746168 -0.022025
5.751169 -0.019759
5.756170 -0.013985
5.761171 -0.005687
5.766172 0.003401
5.771173 0.011170
5.776174 0.015676
5.781175 0.015722
5.786176 0.011307
5.791177 0.003757
5.796178 -0.004624
5.801179 -0.011317
5.806180 -0.014456
5.811181 -0.013422
5.816182 -0.008878
5.821183 -0.002304
5.826184 0.004688
5.831185 0.010899
5.836186 0.015756
5.841187 0.019215
5.846188 0.021474
5.851190 0.022657
5.856191 0.022564
5.861192 0.020655
5.866193 0.016323
5.871194 0.009362
5.876195 0.000386
5.881196 -0.009066
5.886197 -0.016845
5.891198 -0.020845
5.896199 -0.019764
5.901200 -0.013664
5.906201 -0.004061
5.911202 0.006481
5.916203 0.015084
5.921204 0.019311
5.926205 0.017839
5.931206 0.010937
5.936207 0.000597
5.941208 -0.010027
5.946209 -0.017817
5.951210 -0.020949
5.956211 -0.019398
5.961212 -0.014452
5.966213 -0.007764
5.971214 -0.000708
5.976215 0.005639
5.981216 0.010237
5.986217 0.012010
5.991218 0.010166
5.996219 0.004714
6.001220 -0.003210
6.006221 -0.011458
6.011222 -0.017486
6.016223 -0.019232
6.021224 -0.015890
6.026225 -0.008270
6.031226 0.001422
6.036227 0.010324
6.041228 0.015908
6.046229 0.016830
6.051230 0.013286
6.056231 0.006728
6.061232 -0.000857
6.066233 -0.007689
6.071234 -0.012614
6.076235 -0.015103
6.081236 -0.015067
6.086237 -0.012694
6.091238 -0.008446
6.096239 -0.003106
6.101240 0.002282
6.106241 0.006658
6.111242 0.009254
6.116243 0.009792
6.121244 0.008492
6.126245 0.005929
6.131246 0.002834
6.136247 -0.000095
6.141248 -0.002367
6.146249 -0.003822
6.151251 -0.004642
6.156252 -0.005149
6.161253 -0.005526
6.166254 -0.005676
6.171255 -0.005377
6.176256 -0.004558
6.181257 -0.003393
6.186258 -0.002166
6.191259 -0.001142
6.196260 -0.000653
6.201261 -0.001212
6.206262 -0.003322
6.211263 -0.006996
6.216264 -0.011450
6.221265 -0.015354
6.226266 -0.017498
6.231267 -0.017337
6.236268 -0.015057
6.241269 -0.011250
6.246270 -0.006543
6.251271 -0.001451
6.256272 0.003541
6.261273 0.007861
6.266274 0.010852
6.271275 0.011930
6.276276 0.010762
6.281277 0.007369
6.286278 0.002176
6.291279 -0.003969
6.296280 -0.009864
6.301281 -0.014155
6.306282 -0.015646
6.311283 -0.013569
6.316284 -0.007796
6.321285 0.000998
6.326286 0.011274
6.331287 0.020849
6.336288 0.027487
6.341289 0.029660
6.346290 0.027099
6.351291 0.020813
6.356292 0.012597
6.361293 0.004330
6.366294 -0.002559
6.371295 -0.007279
6.376296 -0.009578
6.381297 -0.009508
6.386298 -0.007250
6.391299 -0.003136
6.396300 0.002136
6.401301 0.007263
6.406302 0.010428
6.411303 0.009859
6.416304 0.004635
6.421305 -0.004733
6.426306 -0.016283
6.431307 -0.027128
6.436308 -0.034314
6.441309 -0.035741
6.446310 -0.030895
6.451312 -0.021092
6.456313 -0.009045
6.461314 0.002123
6.466315 0.009968
6.471316 0.013404
6.476317 0.012787
6.481318 0.009507
6.486319 0.005322
6.491320 0.001698
6.496321 -0.000606
6.501322 -0.001577
6.506323 -0.001709
6.511324 -0.001613
6.516325 -0.001633
6.521326 -0.001605
6.526327 -0.000920
6.531328 0.001094
6.536329 0.004707
6.541330 0.009522
6.546331 0.014559
6.551332 0.018601
6.556333 0.020665
6.561334 0.020425
6.566335 0.018357
6.571336 0.015485
6.576337 0.012850
6.581338 0.011060
6.586339 0.010209
6.591340 0.010136
6.596341 0.010736
6.601342 0.011976
6.606343 0.013583
6.611344 0.014710
6.616345 0.013952
6.621346 0.009813
6.626347 0.001416
6.631348 -0.010922
6.636349 -0.025493
6.641350 -0.039499
6.646351 -0.049839
6.651352 -0.054189
6.656353 -0.051936
6.661354 -0.044476
6.666355 -0.034670
6.671356 -0.025700
6.676357 -0.019859
6.681358 -0.017768
6.686359 -0.018292
6.691360 -0.019103
6.696361 -0.017673
6.701362 -0.012330
6.706363 -0.002990
6.711364 0.008777
6.716365 0.020481
6.721366 0.029915
6.726367 0.036142
6.731368 0.039641
6.736369 0.041560
6.741370 0.042689
6.746371 0.042911
6.751373 0.041465
6.756374 0.037722
6.761375 0.031871
6.766376 0.025017
6.771377 0.018652
6.776378 0.013880
6.781379 0.010899
6.786380 0.009041
6.791381 0.007300
6.796382 0.005036
6.801383 0.002420
6.806384 0.000346
6.811385 -0.000182
6.816386 0.001208
6.821387 0.003848
6.826388 0.006185
6.831389 0.006407
6.836390 0.003274
6.841391 -0.003205
6.846392 -0.011605
6.851393 -0.019635
6.856394 -0.025194
6.861395 -0.027398
6.866396 -0.026983
6.871397 -0.025887
6.876398 -0.026250
6.881399 -0.029338
6.886400 -0.034921
6.891401 -0.041378
6.896402 -0.046420
6.901403 -0.048000
6.906404 -0.045041
6.911405 -0.037756
6.916406 -0.027572
6.921407 -0.016675
6.926408 -0.007260
6.931409 -0.000745
6.936410 0.002740
6.941411 0.004329
6.946412 0.005851
6.951413 0.008968
6.956414 0.014417
6.961415 0.021697
6.966416 0.029310
6.971417 0.035465
6.976418 0.038923
6.981419 0.039538
6.986420 0.038110
6.991421 0.035561
6.996422 0.031974
7.001423 0.026230
7.006424 0.016671
7.011425 0.002492
7.016426 -0.015067
7.021427 -0.032653
7.026428 -0.046127
7.031429 -0.052558
7.036430 -0.051626
7.041431 -0.045577
7.046432 -0.037834
7.051434 -0.031182
7.056435 -0.026590
7.061436 -0.023187
7.066437 -0.019208
7.071438 -0.013238
7.076439 -0.005033
7.081440 0.004446
7.086441 0.013686
7.091442 0.021490
7.096443 0.027513
7.101444 0.032143
7.106445 0.035897
7.111446 0.038838
7.116447 0.040488
7.121448 0.040267
7.126449 0.038024
7.131450 0.034193
7.136451 0.029473
7.141452 0.024366
7.146453 0.018974
7.151454 0.013149
7.156455 0.006763
7.161456 -0.000152
7.166457 -0.007430
7.171458 -0.014829
7.176459 -0.022022
7.181460 -0.028541
7.186461 -0.033782
7.191462 -0.037101
7.196463 -0.037950
7.201464 -0.036078
7.206465 -0.031776
7.211466 -0.026019
7.216467 -0.020250
7.221468 -0.015795
7.226469 -0.013246
7.231470 -0.012268
7.236471 -0.011974
7.241472 -0.011592
7.246473 -0.010935
7.251474 -0.010377
7.256475 -0.010381
7.261476 -0.010926
7.266477 -0.011214
7.271478 -0.009855
7.276479 -0.005480
7.281480 0.002451
7.286481 0.013082
7.291482 0.024239
7.296483 0.033297
7.301484 0.038463
7.306485 0.039687
7.311486 0.038602
7.316487 0.037579
7.321488 0.038609
7.326489 0.042641
7.331490 0.049501
7.336491 0.058123
7.341492 0.066876
7.346493 0.073953
7.351495 0.077844
7.356496 0.077776
7.361497 0.073906
7.366498 0.067166
7.371499 0.058882
7.376500 0.050345
7.381501 0.042482
7.386502 0.035662
7.391503 0.029609
7.396504 0.023381
7.401505 0.015447
7.406506 0.003951
7.411507 -0.012766
7.416508 -0.035449
7.421509 -0.063286
7.426510 -0.093687
7.431511 -0.122711
7.436512 -0.146062
7.441513 -0.160273
7.446514 -0.163598
7.451515 -0.156275
7.456516 -0.140167
7.461517 -0.118025
7.466518 -0.092733
7.471519 -0.066761
7.476520 -0.041894
7.481521 -0.019191
7.486522 0.000935
7.491523 0.018622
7.496524 0.034451
7.501525 0.049267
7.506526 0.063833
7.511527 0.078343
7.516528 0.092061
7.521529 0.103395
7.526530 0.110591
7.531531 0.112750
7.536532 0.110550
7.541533 0.106149
7.546534 0.102258
7.551535 0.100994
7.556536 0.103212
7.561537 0.108606
7.566538 0.116304
7.571539 0.125441
7.576540 0.135350
7.581541 0.145420
7.586542 0.154917
7.591543 0.162987
7.596544 0.168825
7.601545 0.171827
7.606546 0.171624
7.611547 0.167976
7.616548 0.160633
7.621549 0.149328
7.626550 0.133951
7.631551 0.114862
7.636552 0.093091
7.641553 0.070199
7.646554 0.047809
7.651556 0.027050
7.656557 0.008270
7.661558 -0.008845
7.666559 -0.024888
7.671560 -0.040376
7.676561 -0.055555
7.681562 -0.070347
7.686563 -0.084316
7.691564 -0.096648
7.696565 -0.106193
7.701566 -0.111606
7.706567 -0.111561
7.711568 -0.104990
7.716569 -0.091378
7.721570 -0.071104
7.726571 -0.045737
7.731572 -0.018085
7.736573 0.008151
7.741574 0.029063
7.746575 0.041335
7.751576 0.042842
7.756577 0.032830
7.761578 0.011629
7.766579 -0.019867
7.771580 -0.060598
7.776581 -0.109394
7.781582 -0.164749
7.786583 -0.224579
7.791584 -0.286180
7.796585 -0.346434
7.801586 -0.402102
7.806587 -0.450036
7.811588 -0.487228
7.816589 -0.510784
7.821590 -0.518000
7.826591 -0.506722
7.831592 -0.476001
7.836593 -0.426843
7.841594 -0.362716
7.846595 -0.289427
7.851596 -0.214171
7.856597 -0.143889
7.861598 -0.083566
7.866599 -0.035218
7.871600 0.001948
7.876601 0.030398
7.881602 0.052807
7.886603 0.070940
7.891604 0.085267
7.896605 0.095294
7.901606 0.100337
7.906607 0.100321
7.911608 0.096228
7.916609 0.090017
7.921610 0.084073
7.926611 0.080508
7.931612 0.080610
7.936613 0.084700
7.941614 0.092377
7.946615 0.102979
7.951617 0.115989
7.956618 0.131194
7.961619 0.148597
7.966620 0.168103
7.971621 0.189093
7.976622 0.210083
7.981623 0.228742
7.986624 0.242399
7.991625 0.248849
7.996626 0.247100
8.001627 0.237729
8.006628 0.222758
8.011629 0.205089
8.016630 0.187599
8.021631 0.172130
8.026632 0.158711
8.031633 0.145390
8.036634 0.128821
8.041635 0.105490
8.046636 0.073158
8.051637 0.032002
8.056638 -0.015008
8.061639 -0.062689
8.066640 -0.104930
8.071641 -0.136156
8.076642 -0.152465
8.081643 -0.152172
8.086644 -0.135728
8.091645 -0.105185
8.096646 -0.063425
8.101647 -0.013484
8.106648 0.041679
8.111649 0.098890
8.116650 0.154217
8.121651 0.202735
8.126652 0.239034
8.131653 0.258470
8.136654 0.258636
8.141655 0.240330
8.146656 0.207479
8.151657 0.165950
8.156658 0.121630
8.161659 0.078523
8.166660 0.037618
8.171661 -0.002941
8.176662 -0.046457
8.181663 -0.095727
8.186664 -0.151460
8.191665 -0.211642
8.196666 -0.271839
8.201667 -0.326010
8.206668 -0.367550
8.211669 -0.390515
8.216670 -0.390879
8.221671 -0.367287
8.226672 -0.320989
8.231673 -0.255187
8.236674 -0.174327
8.241675 -0.083696
8.246676 0.010741
8.251678 0.102514
8.256679 0.184953
8.261680 0.251705
8.266681 0.297542
8.271682 0.319449
8.276683 0.317556
8.281684 0.295305
8.286685 0.258653
8.291686 0.214623
8.296687 0.169641
8.301688 0.128127
8.306689 0.091832
8.311690 0.060132
8.316691 0.030964
8.321692 0.001819
8.326693 -0.029354
8.331694 -0.063210
8.336695 -0.098160
8.341696 -0.130092
8.346697 -0.153157
8.351698 -0.161511
8.356699 -0.151317
8.361700 -0.122116
8.366701 -0.077095
8.371702 -0.022360
8.376703 0.034370
8.381704 0.085226
8.386705 0.123549
8.391706 0.144941
8.396707 0.147802
8.401708 0.133223
8.406709 0.104357
8.411710 0.065563
8.416711 0.021626
8.421712 -0.022878
8.426713 -0.064138
8.431714 -0.099624
8.436715 -0.128363
8.441716 -0.150757
8.446717 -0.167894
8.451718 -0.180656
8.456719 -0.189107
8.461720 -0.192457
8.466721 -0.189553
8.471722 -0.179531
8.476723 -0.162285
8.481724 -0.138559
8.486725 -0.109747
8.491726 -0.077525
8.496727 -0.043496
8.501728 -0.008995
8.506729 0.024830
8.511730 0.056711
8.516731 0.084932
8.521732 0.107290
8.526733 0.121509
8.531734 0.126050
8.536735 0.120968
8.541736 0.108330
8.546737 0.091867
8.551739 0.075887
8.556740 0.063896
8.561741 0.057562
8.566742 0.056460
8.571743 0.058661
8.576744 0.061783
8.581745 0.064010
8.586746 0.064670
8.591747 0.064244
8.596748 0.063911
8.601749 0.064883
8.606750 0.067846
8.611751 0.072747
8.616752 0.078927
8.621753 0.085414
8.626754 0.091122
8.631755 0.094872
8.636756 0.095327
8.641757 0.091046
8.646758 0.080768
8.651759 0.063835
8.656760 0.040511
8.661761 0.012035
8.666762 -0.019580
8.671763 -0.051871
8.676764 -0.082279
8.681765 -0.108549
8.686766 -0.129153
8.691767 -0.143661
8.696768 -0.152930
8.701769 -0.158927
8.706770 -0.164164
8.711771 -0.170837
8.716772 -0.179939
8.721773 -0.190663
8.726774 -0.200349
8.731775 -0.205093
8.736776 -0.200873
8.741777 -0.184882
8.746778 -0.156595
8.751779 -0.118200
8.756780 -0.074222
8.761781 -0.030439
8.766782 0.007555
8.771783 0.035721
8.776784 0.052472
8.781785 0.058856
8.786786 0.057965
8.791787 0.053748
8.796788 0.049687
8.801789 0.047797
8.806790 0.048301
8.811791 0.049966
8.816792 0.050838
8.821793 0.049038
8.826794 0.043369
8.831795 0.033664
8.836796 0.020876
8.841797 0.006951
8.846798 -0.005550
8.851800 -0.014017
8.856801 -0.016401
8.861802 -0.011577
8.866803 0.000623
8.871804 0.019502
8.876805 0.043478
8.881806 0.070046
8.886807 0.096081
8.891808 0.118549
8.896809 0.135304
8.901810 0.145480
8.906811 0.149281
8.911812 0.147390
8.916813 0.140453
8.921814 0.128891
8.926815 0.112974
8.931816 0.092968
8.936817 0.069257
8.941818 0.042513
8.946819 0.013947
8.951820 -0.014531
8.956821 -0.040514
8.961822 -0.061719
8.966823 -0.076737
8.971824 -0.085460
8.976825 -0.088902
8.981826 -0.088532
8.986827 -0.085547
8.991828 -0.080477
8.996829 -0.073275
9.001830 -0.063724
9.006831 -0.051902
9.011832 -0.038515
9.016833 -0.024994
9.021834 -0.013360
9.026835 -0.005836
9.031836 -0.004304
9.036837 -0.009759
9.041838 -0.021923
9.046839 -0.039113
9.051840 -0.058365
9.056841 -0.075821
9.061842 -0.087385
9.066843 -0.089622
9.071844 -0.080679
9.076845 -0.060954
9.081846 -0.033201
9.086847 -0.001944
9.091848 0.027708
9.096849 0.051510
9.101850 0.067318
9.106851 0.075679
9.111852 0.079526
9.116853 0.083044
9.121854 0.090081
9.126855 0.102691
9.131856 0.120380
9.136857 0.140356
9.141858 0.158597
9.146859 0.171254
9.151861 0.175809
9.156862 0.171665
9.161863 0.160132
9.166864 0.143934
9.171865 0.126434
9.176866 0.110748
9.181867 0.098968
9.186868 0.091685
9.191869 0.087947
9.196870 0.085617
9.201871 0.082008
9.206872 0.074677
9.211873 0.062160
9.216874 0.044371
9.221875 0.022467
9.226876 -0.001750
9.231877 -0.026579
9.236878 -0.050898
9.241879 -0.074072
9.246880 -0.095461
9.251881 -0.114008
9.256882 -0.128294
9.261883 -0.137034
9.266884 -0.139588
9.271885 -0.136107
9.276886 -0.127271
9.281887 -0.114003
9.286888 -0.097430
9.291889 -0.079079
9.296890 -0.060943
9.301891 -0.045183
9.306892 -0.033552
9.311893 -0.026909
9.316894 -0.025106
9.321895 -0.027280
9.326896 -0.032281
9.331897 -0.039005
9.336898 -0.046518
9.341899 -0.054045
9.346900 -0.060947
9.351901 -0.066775
9.356902 -0.071405
9.361903 -0.075192
9.366904 -0.079015
9.371905 -0.084148
9.376906 -0.091940
9.381907 -0.103395
9.386908 -0.118772
9.391909 -0.137331
9.396910 -0.157294
9.401911 -0.176062
9.406912 -0.190636
9.411913 -0.198195
9.416914 -0.196692
9.421915 -0.185358
9.426916 -0.164945
9.431917 -0.137578
9.436918 -0.106181
9.441919 -0.073638
9.446920 -0.042003
9.451922 -0.012133
9.456923 0.016081
9.461924 0.043062
9.466925 0.068846
9.471926 0.092721
9.476927 0.113354
9.481928 0.129272
9.486929 0.139424
9.491930 0.143560
9.496931 0.142312
9.501932 0.137022
9.506933 0.129433
9.511934 0.121320
9.516935 0.114130
9.521936 0.108688
9.526937 0.105075
9.531938 0.102733
9.536939 0.100770
9.541940 0.098360
9.546941 0.095092
9.551942 0.091148
9.556943 0.087275
9.561944 0.084541
9.566945 0.083958
9.571946 0.086047
9.576947 0.090491
9.581948 0.096009
9.586949 0.100561
9.591950 0.101860
9.596951 0.098016
9.601952 0.088081
9.606953 0.072304
9.611954 0.052032
9.616955 0.029291
9.621956 0.006207
9.626957 -0.015585
9.631958 -0.035355
9.636959 -0.053350
9.641960 -0.070441
9.646961 -0.087457
9.651962 -0.104470
9.656963 -0.120387
9.661964 -0.133098
9.666965 -0.140133
9.671966 -0.139568
9.676967 -0.130770
9.681968 -0.114684
9.686969 -0.093570
9.691970 -0.070311
9.696971 -0.047547
9.701972 -0.026936
9.706973 -0.008788
9.711974 0.007837
9.716975 0.024577
9.721976 0.042969
9.726977 0.063680
9.731978 0.086015
9.736979 0.107893
9.741980 0.126283
9.746981 0.137989
9.751983 0.140537
9.756984 0.132884
9.761985 0.115754
9.766986 0.091552
9.771987 0.063920
9.776988 0.037044
9.781989 0.014761
9.786990 -0.000370
9.791991 -0.007675
9.796992 -0.008331
9.801993 -0.004739
9.806994 0.000338
9.811995 0.004493
9.816996 0.006087
9.821997 0.004415
9.826998 -0.000289
9.831999 -0.007017
9.837000 -0.014390
9.842001 -0.021167
9.847002 -0.026646
9.852003 -0.030724
9.857004 -0.033701
9.862005 -0.036058
9.867006 -0.038386
9.872007 -0.041384
9.877008 -0.045756
9.882009 -0.051981
9.887010 -0.060085
9.892011 -0.069528
9.897012 -0.079278
9.902013 -0.088026
9.907014 -0.094470
9.912015 -0.097566
9.917016 -0.096652
9.922017 -0.091464
9.927018 -0.082062
9.932019 -0.068767
9.937020 -0.052125
9.942021 -0.032896
9.947022 -0.012039
9.952023 0.009306
9.957024 0.029865
9.962025 0.048403
9.967026 0.064040
9.972027 0.076559
9.977028 0.086493
9.982029 0.094842
9.987030 0.102525
9.992031 0.109884
9.997032 0.116529
10.002033 0.121609
10.007034 0.124258
10.012035 0.123929
10.017036 0.120489
10.022037 0.114148
10.027038 0.105343
10.032039 0.094659
10.037040 0.082719
10.042041 0.070070
10.047042 0.057080
10.052044 0.043924
10.057045 0.030644
10.062046 0.017188
10.067047 0.003377
10.072048 -0.011142
10.077049 -0.026823
10.082050 -0.043946
10.087051 -0.062276
10.092052 -0.080876
10.097053 -0.098242
10.102054 -0.112680
10.107055 -0.122744
10.112056 -0.127525
10.117057 -0.126773
10.122058 -0.120874
10.127059 -0.110774
10.132060 -0.097850
10.137061 -0.083687
10.142062 -0.069780
10.147063 -0.057263
10.152064 -0.046789
10.157065 -0.038602
10.162066 -0.032691
10.167067 -0.028876
10.172068 -0.026785
10.177069 -0.025799
10.182070 -0.025085
10.187071 -0.023793
10.192072 -0.021335
10.197073 -0.017629
10.202074 -0.013187
10.207075 -0.008972
10.212076 -0.006096
10.217077 -0.005403
10.222078 -0.007088
10.227079 -0.010468
10.232080 -0.014045
10.237081 -0.015883
10.242082 -0.014204
10.247083 -0.007983
10.252084 0.002657
10.257085 0.016373
10.262086 0.030891
10.267087 0.043578
10.272088 0.052098
10.277089 0.054965
10.282090 0.051780
10.287091 0.043178
10.292092 0.030531
10.297093 0.015595
10.302094 0.000197
10.307095 -0.013974
10.312096 -0.025494
10.317097 -0.033341
10.322098 -0.037031
10.327099 -0.036710
10.332100 -0.033096
10.337101 -0.027308
10.342102 -0.020676
10.347103 -0.014614
10.352105 -0.010516
10.357106 -0.009590
10.362107 -0.012573
10.367108 -0.019442
10.372109 -0.029257
10.377110 -0.040282
10.382111 -0.050383
10.387112 -0.057562
10.392113 -0.060427
10.397114 -0.058430
10.402115 -0.051859
10.407116 -0.041643
10.412117 -0.029085
10.417118 -0.015597
10.422119 -0.002498
10.427120 0.009109
10.432121 0.018370
10.437122 0.024679
10.442123 0.027700
10.447124 0.027455
10.452125 0.024453
10.457126 0.019711
10.462127 0.014601
10.467128 0.010515
10.472129 0.008483
10.477130 0.008903
10.482131 0.011448
10.487132 0.015165
10.492133 0.018706
10.497134 0.020686
10.502135 0.020097
10.507136 0.016705
10.512137 0.011254
10.517138 0.005350
10.522139 0.000994
10.527140 -0.000073
10.532141 0.003036
10.537142 0.010072
10.542143 0.019759
10.547144 0.030226
10.552145 0.039574
10.557146 0.046406
10.562147 0.050159
10.567148 0.051174
10.572149 0.050526
10.577150 0.049694
10.582151 0.050170
10.587152 0.053089
10.592153 0.058944
10.597154 0.067453
10.602155 0.077613
10.607156 0.087939
10.612157 0.096832
10.617158 0.102965
10.622159 0.105547
10.627160 0.104403
10.632161 0.099898
10.637162 0.092807
10.642163 0.084195
10.647164 0.075294
10.652166 0.067321
10.657167 0.061252
10.662168 0.057584
10.667169 0.056205
10.672170 0.056409
10.677171 0.057059
10.682172 0.056836
10.687173 0.054498
10.692174 0.049060
10.697175 0.039859
10.702176 0.026535
10.707177 0.009000
10.712178 -0.012516
10.717179 -0.037370
10.722180 -0.064427
10.727181 -0.092122
10.732182 -0.118680
10.737183 -0.142412
10.742184 -0.161943
10.747185 -0.176305
10.752186 -0.184918
10.757187 -0.187530
10.762188 -0.184184
10.767189 -0.175221
10.772190 -0.161273
10.777191 -0.143235
10.782192 -0.122191
10.787193 -0.099294
10.792194 -0.075656
10.797195 -0.052253
10.802196 -0.029898
10.807197 -0.009264
10.812198 0.009057
10.817199 0.024513
10.822200 0.036619
10.827201 0.045017
10.832202 0.049537
10.837203 0.050183
10.842204 0.047057
10.847205 0.040282
10.852206 0.030006
10.857207 0.016505
10.862208 0.000374
10.867209 -0.017334
10.872210 -0.035112
10.877211 -0.051191
10.882212 -0.063854
10.887213 -0.071736
10.892214 -0.074029
10.897215 -0.070532
10.902216 -0.061592
10.907217 -0.047972
10.912218 -0.030682
10.917219 -0.010835
10.922220 0.010445
10.927221 0.032033
10.932222 0.052766
10.937223 0.071409
10.942224 0.086715
10.947225 0.097594
10.952227 0.103350
10.957228 0.103876
10.962229 0.099688
10.967230 0.091791
10.972231 0.081391
10.977232 0.069566
10.982233 0.057035
10.987234 0.044101
10.992235 0.030777
10.997236 0.016999
11.002237 0.002887
11.007238 -0.011021
11.012239 -0.023652
11.017240 -0.033493
11.022241 -0.038908
11.027242 -0.038560
11.032243 -0.031812
11.037244 -0.018982
11.042245 -0.001411
11.047246 0.018681
11.052247 0.038566
11.057248 0.055526
11.062249 0.067426
11.067250 0.073135
11.072251 0.072649
11.077252 0.066875
11.082253 0.057174
11.087254 0.044889
11.092255 0.031029
11.097256 0.016172
11.102257 0.000541
11.107258 -0.015833
11.112259 -0.032906
11.117260 -0.050430
11.122261 -0.067826
11.127262 -0.084178
11.132263 -0.098387
11.137264 -0.109435
11.142265 -0.116635
11.147266 -0.119761
11.152267 -0.118986
11.157268 -0.114686
11.162269 -0.107229
11.167270 -0.096844
11.172271 -0.083615
11.177272 -0.067587
11.182273 -0.048928
11.187274 -0.028099
11.192275 -0.005948
11.197276 0.016312
11.202277 0.037240
11.207278 0.055391
11.212279 0.069547
11.217280 0.078913
11.222281 0.083234
11.227282 0.082807
11.232283 0.078415
11.237284 0.071190
11.242285 0.062407
11.247286 0.053237
11.252288 0.044510
11.257289 0.036588
11.262290 0.029418
11.267291 0.022752
11.272292 0.016380
11.277293 0.010257
11.282294 0.004448
11.287295 -0.001007
11.292296 -0.006202
11.297297 -0.011342
11.302298 -0.016615
11.307299 -0.022063
11.312300 -0.027505
11.317301 -0.032524
11.322302 -0.036507
11.327303 -0.038733
11.332304 -0.038530
11.337305 -0.035477
11.342306 -0.029600
11.347307 -0.021473
11.352308 -0.012136
11.357309 -0.002851
11.362310 0.005259
11.367311 0.011549
11.372312 0.016059
11.377313 0.019510
11.382314 0.023075
11.387315 0.027983
11.392316 0.035085
11.397317 0.044547
11.402318 0.055773
11.407319 0.067570
11.412320 0.078477
11.417321 0.087121
11.422322 0.092526
11.427323 0.094282
11.432324 0.092554
11.437325 0.087937
11.442326 0.081251
11.447327 0.073345
11.452328 0.064945
11.457329 0.056553
11.462330 0.048397
11.467331 0.040481
11.472332 0.032740
11.477333 0.025230
11.482334 0.018216
11.487335 0.012053
11.492336 0.006938
11.497337 0.002741
11.502338 -0.001002
11.507339 -0.004951
11.512340 -0.009803
11.517341 -0.016162
11.522342 -0.024391
11.527343 -0.034446
11.532344 -0.045735
11.537345 -0.057165
11.542346 -0.067404
11.547347 -0.075273
11.552349 -0.080041
11.557350 -0.081490
11.562351 -0.079781
11.567352 -0.075263
11.572353 -0.068369
11.577354 -0.059584
11.582355 -0.049426
11.587356 -0.038366
11.592357 -0.026767
11.597358 -0.014894
11.602359 -0.003014
11.607360 0.008486
11.612361 0.019079
11.617362 0.028165
11.622363 0.035200
11.627364 0.039779
11.632365 0.041666
11.637366 0.040803
11.642367 0.037339
11.647368 0.031638
11.652369 0.024194
11.657370 0.015440
11.662371 0.005568
11.667372 -0.005508
11.672373 -0.017980
11.677374 -0.031893
11.682375 -0.046957
11.687376 -0.062551
11.692377 -0.077880
11.697378 -0.092195
11.702379 -0.104926
11.707380 -0.115704
11.712381 -0.124296
11.717382 -0.130524
11.722383 -0.134214
11.727384 -0.135194
11.732385 -0.133330
11.737386 -0.128619
11.742387 -0.121296
11.747388 -0.111921
11.752389 -0.101385
11.757390 -0.090804
11.762391 -0.081336
11.767392 -0.073992
11.772393 -0.069480
11.777394 -0.068119
11.782395 -0.069812
11.787396 -0.074063
11.792397 -0.080040
11.797398 -0.086693
11.802399 -0.092931
11.807400 -0.097783
11.812401 -0.100514
11.817402 -0.100644
11.822403 -0.097895
11.827404 -0.092132
11.832405 -0.083310
11.837406 -0.071460
11.842407 -0.056698
11.847408 -0.039233
11.852410 -0.019382
11.857411 0.002447
11.862412 0.025802
11.867413 0.050246
11.872414 0.075419
11.877415 0.101036
11.882416 0.126793
11.887417 0.152238
11.892418 0.176648
11.897419 0.199021
11.902420 0.218206
11.907421 0.233116
11.912422 0.242957
11.917423 0.247373
11.922424 0.246486
11.927425 0.240813
11.932426 0.231109
11.937427 0.218174
11.942428 0.202714
11.947429 0.185259
11.952430 0.166185
11.957431 0.145797
11.962432 0.124458
11.967433 0.102677
11.972434 0.081126
11.977435 0.060565
11.982436 0.041727
11.987437 0.025201
11.992438 0.011335
11.997439 0.000191
12.002440 -0.008421
12.007441 -0.014833
12.012442 -0.019377
12.017443 -0.022283
12.022444 -0.023678
12.027445 -0.023645
12.032446 -0.022264
12.037447 -0.019607
12.042448 -0.015703
12.047449 -0.010562
12.052450 -0.004249
12.057451 0.003022
12.062452 0.010880
12.067453 0.018883
12.072454 0.026625
12.077455 0.033813
12.082456 0.040252
12.087457 0.045802
12.092458 0.050327
12.097459 0.053685
12.102460 0.055735
12.107461 0.056360
12.112462 0.055501
12.117463 0.053232
12.122464 0.049828
12.127465 0.045782
12.132466 0.041706
12.137467 0.038136
12.142468 0.035345
12.147469 0.033261
12.152471 0.031548
12.157472 0.029796
12.162473 0.027726
12.167474 0.025303
12.172475 0.022736
12.177476 0.020375
12.182477 0.018549
12.187478 0.017423
12.192479 0.016888
12.197480 0.016556
12.202481 0.015848
12.207482 0.014124
12.212483 0.010817
12.217484 0.005501
12.222485 -0.002068
12.227486 -0.011918
12.232487 -0.023808
12.237488 -0.037189
12.242489 -0.051243
12.247490 -0.064993
12.252491 -0.077470
12.257492 -0.087884
12.262493 -0.095722
12.267494 -0.100785
12.272495 -0.103161
12.277496 -0.103186
12.282497 -0.101372
12.287498 -0.098318
12.292499 -0.094621
12.297500 -0.090796
12.302501 -0.087236
12.307502 -0.084202
12.312503 -0.081858
12.317504 -0.080323
12.322505 -0.079710
12.327506 -0.080118
12.332507 -0.081571
12.337508 -0.083945
12.342509 -0.086929
12.347510 -0.090031
12.352511 -0.092646
12.357512 -0.094166
12.362513 -0.094099
12.367514 -0.092160
12.372515 -0.088291
12.377516 -0.082638
12.382517 -0.075506
12.387518 -0.067318
12.392519 -0.058574
12.397520 -0.049817
12.402521 -0.041601
12.407522 -0.034473
12.412523 -0.028922
12.417524 -0.025319
12.422525 -0.023845
12.427526 -0.024482
12.432527 -0.027072
12.437528 -0.031407
12.442529 -0.037268
12.447531 -0.044408
12.452532 -0.052505
12.457533 -0.061159
12.462534 -0.069932
12.467535 -0.078368
12.472536 -0.085958
12.477537 -0.092061
12.482538 -0.095882
12.487539 -0.096553
12.492540 -0.093287
12.497541 -0.085529
12.502542 -0.073041
12.507543 -0.055913
12.512544 -0.034543
12.517545 -0.009611
12.522546 0.017949
12.527547 0.047015
12.532548 0.076398
12.537549 0.104988
12.542550 0.131864
12.547551 0.156339
12.552552 0.177946
12.557553 0.196388
12.562554 0.211471
12.567555 0.223025
12.572556 0.230848
12.577557 0.234688
12.582558 0.234291
12.587559 0.229489
12.592560 0.220277
12.597561 0.206854
12.602562 0.189618
12.607563 0.169136
12.612564 0.146110
12.617565 0.121341
12.622566 0.095686
12.627567 0.069978
12.632568 0.044941
12.637569 0.021133
12.642570 -0.001074
12.647571 -0.021478
12.652572 -0.040003
12.657573 -0.056661
12.662574 -0.071499
12.667575 -0.084554
12.672576 -0.095804
12.677577 -0.105150
12.682578 -0.112452
12.687579 -0.117612
12.692580 -0.120660
12.697581 -0.121782
12.702582 -0.121287
12.707583 -0.119545
12.712584 -0.116938
12.717585 -0.113843
12.722586 -0.110613
12.727587 -0.107563
12.732588 -0.104946
12.737589 -0.102921
12.742590 -0.101504
12.747592 -0.100518
12.752593 -0.099574
12.757594 -0.098101
12.762595 -0.095437
12.767596 -0.090962
12.772597 -0.084235
12.777598 -0.075066
12.782599 -0.063521
12.787600 -0.049863
12.792601 -0.034469
12.797602 -0.017744
12.802603 -0.000062
12.807604 0.018270
12.812605 0.036985
12.817606 0.055811
12.822607 0.074403
12.827608 0.092285
12.832609 0.108816
12.837610 0.123202
12.842611 0.134600
12.847612 0.142272
12.852613 0.145706
12.857614 0.144683
12.862615 0.139280
12.867616 0.129868
12.872617 0.117097
12.877618 0.101851
12.882619 0.085136
12.887620 0.067922
12.892621 0.050989
12.897622 0.034839
12.902623 0.019729
12.907624 0.005772
12.912625 -0.006931
12.917626 -0.018210
12.922627 -0.027810
12.927628 -0.035447
12.932629 -0.040902
12.937630 -0.044132
12.942631 -0.045323
12.947632 -0.044879
12.952633 -0.043348
12.957634 -0.041334
12.962635 -0.039404
12.967636 -0.038024
12.972637 -0.037535
12.977638 -0.038159
12.982639 -0.040021
12.987640 -0.043157
12.992641 -0.047493
12.997642 -0.052831
13.002643 -0.058854
13.007644 -0.065151
13.012645 -0.071240
13.017646 -0.076594
13.022647 -0.080664
13.027648 -0.082927
13.032649 -0.082951
13.037650 -0.080463
13.042651 -0.075390
13.047653 -0.067834
13.052654 -0.058002
13.057655 -0.046133
13.062656 -0.032454
13.067657 -0.017174
13.072658 -0.000502
13.077659 0.017314
13.082660 0.035943
13.087661 0.054942
13.092662 0.073752
13.097663 0.091734
13.102664 0.108234
13.107665 0.122693
13.112666 0.134756
13.117667 0.144349
13.122668 0.151689
13.127669 0.157216
13.132670 0.161452
13.137671 0.164842
13.142672 0.167592
13.147673 0.169596
13.152674 0.170445
13.157675 0.169534
13.162676 0.166212
13.167677 0.159932
13.172678 0.150385
13.177679 0.137582
13.182680 0.121863
13.187681 0.103846
13.192682 0.084320
13.197683 0.064131
13.202684 0.044063
13.207685 0.024765
13.212686 0.006694
13.217687 -0.009893
13.222688 -0.024910
13.227689 -0.038399
13.232690 -0.050455
13.237691 -0.061173
13.242692 -0.070606
13.247693 -0.078783
13.252694 -0.085735
13.257695 -0.091535
13.262696 -0.096312
13.267697 -0.100248
13.272698 -0.103539
13.277699 -0.106371
13.282700 -0.108883
13.287701 -0.111162
13.292702 -0.113243
13.297703 -0.115132
13.302704 -0.116826
13.307705 -0.118331
13.312706 -0.119659
13.317707 -0.120802
13.322708 -0.121713
13.327709 -0.122306
13.332710 -0.122470
13.337711 -0.122076
13.342712 -0.120980
13.347714 -0.119040
13.352715 -0.116119
13.357716 -0.112093
13.362717 -0.106856
13.367718 -0.100330
13.372719 -0.092485
13.377720 -0.083368
13.382721 -0.073110
13.387722 -0.061937
13.392723 -0.050171
13.397724 -0.038224
13.402725 -0.026585
13.407726 -0.015790
13.412727 -0.006374
13.417728 0.001202
13.422729 0.006626
13.427730 0.009797
13.432731 0.010823
13.437732 0.009980
13.442733 0.007639
13.447734 0.004220
13.452735 0.000163
13.457736 -0.004066
13.462737 -0.007991
13.467738 -0.011153
13.472739 -0.013161
13.477740 -0.013730
13.482741 -0.012688
13.487742 -0.009962
13.492743 -0.005556
13.497744 0.000453
13.502745 0.007927
13.507746 0.016670
13.512747 0.026450
13.517748 0.037016
13.522749 0.048111
13.527750 0.059463
13.532751 0.070762
13.537752 0.081643
13.542753 0.091708
13.547754 0.100583
13.552755 0.107984
13.557756 0.113761
13.562757 0.117892
13.567758 0.120449
13.572759 0.121535
13.577760 0.121218
13.582761 0.119508
13.587762 0.116345
13.592763 0.111640
13.597764 0.105325
13.602765 0.097429
13.607766 0.088144
13.612767 0.077854
13.617768 0.067101
13.622769 0.056487
13.627770 0.046563
13.632771 0.037730
13.637772 0.030199
13.642773 0.024019
13.647775 0.019140
13.652776 0.015494
13.657777 0.013037
13.662778 0.011748
13.667779 0.011596
13.672780 0.012495
13.677781 0.014278
13.682782 0.016678
13.687783 0.019332
13.692784 0.021806
13.697785 0.023623
13.702786 0.024301
13.707787 0.023410
13.712788 0.020631
13.717789 0.015814
13.722790 0.009017
13.727791 0.000519
13.732792 -0.009184
13.737793 -0.019423
13.742794 -0.029434
13.747795 -0.038460
13.752796 -0.045851
13.757797 -0.051136
13.762798 -0.054056
13.767799 -0.054541
13.772800 -0.052663
13.777801 -0.048573
13.782802 -0.042460
13.787803 -0.034534
13.792804 -0.025040
13.797805 -0.014282
13.802806 -0.002664
13.807807 0.009299
13.812808 0.020983
13.817809 0.031702
13.822810 0.040757
13.827811 0.047509
13.832812 0.051458
13.837813 0.052315
13.842814 0.050035
13.847815 0.044798
13.852816 0.036955
13.857817 0.026955
13.862818 0.015291
13.867819 0.002469
13.872820 -0.010993
13.877821 -0.024554
13.882822 -0.037663
13.887823 -0.049778
13.892824 -0.060409
13.897825 -0.069141
13.902826 -0.075671
13.907827 -0.079839
13.912828 -0.081658
13.917829 -0.081326
13.922830 -0.079211
13.927831 -0.075814
13.932832 -0.071710
13.937833 -0.067476
13.942834 -0.063624
13.947836 -0.060567
13.952837 -0.058590
13.957838 -0.057842
13.962839 -0.058351
13.967840 -0.060041
13.972841 -0.062760
13.977842 -0.066308
13.982843 -0.070451
13.987844 -0.074957
13.992845 -0.079607
13.997846 -0.084189
14.002847 -0.088465
14.007848 -0.092125
14.012849 -0.094763
14.017850 -0.095896
14.022851 -0.095045
14.027852 -0.091848
14.032853 -0.086161
14.037854 -0.078097
14.042855 -0.068004
14.047856 -0.056398
14.052857 -0.043895
14.057858 -0.031135
14.062859 -0.018716
14.067860 -0.007141
14.072861 0.003219
14.077862 0.012140
14.082863 0.019549
14.087864 0.025497
14.092865 0.030127
14.097866 0.033616
14.102867 0.036125
14.107868 0.037769
14.112869 0.038624
14.117870 0.038772
14.122871 0.038349
14.127872 0.037576
14.132873 0.036761
14.137874 0.036278
14.142875 0.036531
14.147876 0.037896
14.152877 0.040662
14.157878 0.044978
14.162879 0.050826
14.167880 0.058023
14.172881 0.066240
14.177882 0.075034
14.182883 0.083906
14.187884 0.092346
14.192885 0.099872
14.197886 0.106043
14.202887 0.110462
14.207888 0.112794
14.212889 0.112784
14.217890 0.110295
14.222891 0.105354
14.227892 0.098192
14.232893 0.089254
14.237894 0.079166
14.242895 0.068669
14.247897 0.058523
14.252898 0.049404
14.257899 0.041812
14.262900 0.036027
14.267901 0.032098
14.272902 0.029891
14.277903 0.029160
14.282904 0.029624
14.287905 0.031044
14.292906 0.033248
14.297907 0.036121
14.302908 0.039562
14.307909 0.043416
14.312910 0.047432
14.317911 0.051236
14.322912 0.054364
14.327913 0.056333
14.332914 0.056725
14.337915 0.055252
14.342916 0.051781
14.347917 0.046330
14.352918 0.039052
14.357919 0.030208
14.362920 0.020138
14.367921 0.009201
14.372922 -0.002297
14.377923 -0.014165
14.382924 -0.026349
14.387925 -0.038889
14.392926 -0.051834
14.397927 -0.065150
14.402928 -0.078664
14.407929 -0.092056
14.412930 -0.104903
14.417931 -0.116741
14.422932 -0.127136
14.427933 -0.135737
14.432934 -0.142307
14.437935 -0.146732
14.442936 -0.149014
14.447937 -0.149229
14.452938 -0.147483
14.457939 -0.143864
14.462940 -0.138417
14.467941 -0.131144
14.472942 -0.122016
14.477943 -0.111003
14.482944 -0.098102
14.487945 -0.083359
14.492946 -0.066889
14.497947 -0.048909
14.502948 -0.029761
14.507949 -0.009925
14.512950 0.010015
14.517951 0.029439
14.522952 0.047764
14.527953 0.064509
14.532954 0.079333
14.537955 0.092027
14.542956 0.102490
14.547958 0.110701
14.552959 0.116693
14.557960 0.120532
14.562961 0.122302
14.567962 0.122091
14.572963 0.120005
14.577964 0.116195
14.582965 0.110891
14.587966 0.104400
14.592967 0.097068
14.597968 0.089223
14.602969 0.081120
14.607970 0.072934
14.612971 0.064766
14.617972 0.056673
14.622973 0.048693
14.627974 0.040854
14.632975 0.033197
14.637976 0.025781
14.642977 0.018674
14.647978 0.011933
14.652979 0.005577
14.657980 -0.000413
14.662981 -0.006088
14.667982 -0.011502
14.672983 -0.016687
14.677984 -0.021629
14.682985 -0.026248
14.687986 -0.030398
14.692987 -0.033886
14.697988 -0.036486
14.702989 -0.037975
14.707990 -0.038178
14.712991 -0.037010
14.717992 -0.034515
14.722993 -0.030868
14.727994 -0.026358
14.732995 -0.021352
14.737996 -0.016255
14.742997 -0.011470
14.747998 -0.007351
14.752999 -0.004170
14.758000 -0.002078
14.763001 -0.001101
14.768002 -0.001173
14.773003 -0.002197
14.778004 -0.004098
14.783005 -0.006865
14.788006 -0.010557
14.793007 -0.015282
14.798008 -0.021153
14.803009 -0.028228
14.808010 -0.036453
14.813011 -0.045632
14.818012 -0.055417
14.823013 -0.065336
14.828014 -0.074860
14.833015 -0.083491
14.838016 -0.090856
14.843017 -0.096761
14.848019 -0.101191
14.853020 -0.104277
14.858021 -0.106225
14.863022 -0.107239
14.868023 -0.107442
14.873024 -0.106825
14.878025 -0.105224
14.883026 -0.102337
14.888027 -0.097782
14.893028 -0.091187
14.898029 -0.082289
14.903030 -0.071027
14.908031 -0.057584
14.913032 -0.042390
14.918033 -0.026068
14.923034 -0.009345
14.928035 0.007059
14.933036 0.022529
14.938037 0.036601
14.943038 0.048973
14.948039 0.059479
14.953040 0.068069
14.958041 0.074794
14.963042 0.079795
14.968043 0.083278
14.973044 0.085462
14.978045 0.086538
14.983046 0.086641
14.988047 0.085874
14.993048 0.084352
14.998049 0.082220
15.003050 0.079639
15.008051 0.076747
15.013052 0.073615
15.018053 0.070243
15.023054 0.066582
15.028055 0.062582
15.033056 0.058228
15.038057 0.053551
15.043058 0.048619
15.048059 0.043513
15.053060 0.038319
15.058061 0.033108
15.063062 0.027926
15.068063 0.022790
15.073064 0.017682
15.078065 0.012565
15.083066 0.007382
15.088067 0.002072
15.093068 -0.003407
15.098069 -0.009060
15.103070 -0.014843
15.108071 -0.020655
15.113072 -0.026348
15.118073 -0.031738
15.123074 -0.036622
15.128075 -0.040782
15.133076 -0.043985
15.138077 -0.045986
15.143078 -0.046546
15.148080 -0.045458
15.153081 -0.042570
15.158082 -0.037802
15.163083 -0.031154
15.168084 -0.022720
15.173085 -0.012695
15.178086 -0.001382
15.183087 0.010813
15.188088 0.023415
15.193089 0.035933
15.198090 0.047897
15.203091 0.058880
15.208092 0.068491
15.213093 0.076376
15.218094 0.082243
15.223095 0.085892
15.228096 0.087243
15.233097 0.086339
15.238098 0.083334
15.243099 0.078465
15.248100 0.072030
15.253101 0.064362
15.258102 0.055803
15.263103 0.046668
15.268104 0.037218
15.273105 0.027660
15.278106 0.018165
15.283107 0.008909
15.288108 0.000098
15.293109 -0.008032
15.298110 -0.015223
15.303111 -0.021226
15.308112 -0.025843
15.313113 -0.028954
15.318114 -0.030551
15.323115 -0.030750
15.328116 -0.029789
15.333117 -0.028006
15.338118 -0.025780
15.343119 -0.023477
15.348120 -0.021412
15.353121 -0.019831
15.358122 -0.018907
15.363123 -0.018758
15.368124 -0.019460
15.373125 -0.021064
15.378126 -0.023600
15.383127 -0.027072
15.388128 -0.031440
15.393129 -0.036605
15.398130 -0.042396
15.403131 -0.048581
15.408132 -0.054906
15.413133 -0.061125
15.418134 -0.067015
15.423135 -0.072354
15.428136 -0.076894
15.433137 -0.080360
15.438138 -0.082465
15.443139 -0.082959
15.448141 -0.081695
15.453142 -0.078675
15.458143 -0.074064
15.463144 -0.068159
15.468145 -0.061339
15.473146 -0.054014
15.478147 -0.046585
15.483148 -0.039398
15.488149 -0.032716
15.493150 -0.026712
15.498151 -0.021484
15.503152 -0.017062
15.508153 -0.013417
15.513154 -0.010461
15.518155 -0.008066
15.523156 -0.006071
15.528157 -0.004300
15.533158 -0.002570
15.538159 -0.000701
15.543160 0.001481
15.548161 0.004119
15.553162 0.007295
15.558163 0.010991
15.563164 0.015088
15.568165 0.019396
15.573166 0.023695
15.578167 0.027779
15.583168 0.031475
15.588169 0.034641
15.593170 0.037150
15.598171 0.038873
15.603172 0.039683
15.608173 0.039476
15.613174 0.038177
15.618175 0.035748
15.623176 0.032193
15.628177 0.027558
15.633178 0.021941
15.638179 0.015486
15.643180 0.008369
15.648181 0.000786
15.653182 -0.007065
15.658183 -0.014987
15.663184 -0.022791
15.668185 -0.030292
15.673186 -0.037317
15.678187 -0.043714
15.683188 -0.049342
15.688189 -0.054063
15.693190 -0.057739
15.698191 -0.060262
15.703192 -0.061580
15.708193 -0.061701
15.713194 -0.060687
15.718195 -0.058614
15.723196 -0.055542
15.728197 -0.051484
15.733198 -0.046398
15.738199 -0.040201
15.743200 -0.032793
15.748202 -0.024099
15.753203 -0.014112
15.758204 -0.002946
15.763205 0.009147
15.768206 0.021789
15.773207 0.034541
15.778208 0.046975
15.783209 0.058738
15.788210 0.069584
15.793211 0.079376
15.798212 0.088043
15.803213 0.095530
15.808214 0.101750
15.813215 0.106556
15.818216 0.109748
15.823217 0.111104
15.828218 0.110444
15.833219 0.107677
15.838220 0.102832
15.843221 0.096041
15.848222 0.087504
15.853223 0.077459
15.858224 0.066173
15.863225 0.053957
15.868226 0.041174
15.873227 0.028240
15.878228 0.015595
15.883229 0.003672
15.888230 -0.007135
15.893231 -0.016486
15.898232 -0.024114
15.903233 -0.029858
15.908234 -0.033702
15.913235 -0.035790
15.918236 -0.036399
15.923237 -0.035882
15.928238 -0.034606
15.933239 -0.032894
15.938240 -0.030999
15.943241 -0.029091
15.948242 -0.027253
15.953243 -0.025488
15.958244 -0.023734
15.963245 -0.021898
15.968246 -0.019892
15.973247 -0.017662
15.978248 -0.015207
15.983249 -0.012593
15.988250 -0.009945
15.993251 -0.007419
15.998252 -0.005168
16.003253 -0.003301
16.008254 -0.001863
16.013255 -0.000814
16.018256 -0.000029
16.023257 0.000689
16.028258 0.001558
16.033259 0.002776
16.038260 0.004483
16.043261 0.006757
16.048263 0.009604
16.053264 0.012949
16.058265 0.016626
16.063266 0.020391
16.068267 0.023960
16.073268 0.027068
16.078269 0.029529
16.083270 0.031261
16.088271 0.032275
16.093272 0.032644
16.098273 0.032471
16.103274 0.031864
16.108275 0.030917
16.113276 0.029685
16.118277 0.028169
16.123278 0.026328
16.128279 0.024098
16.133280 0.021428
16.138281 0.018315
16.143282 0.014831
16.148283 0.011132
16.153284 0.007440
16.158285 0.004002
16.163286 0.001037
16.168287 -0.001306
16.173288 -0.002979
16.178289 -0.004041
16.183290 -0.004642
16.188291 -0.004990
16.193292 -0.005327
16.198293 -0.005892
16.203294 -0.006895
16.208295 -0.008488
16.213296 -0.010750
16.218297 -0.013669
16.223298 -0.017162
16.228299 -0.021097
16.233300 -0.025332
16.238301 -0.029745
16.243302 -0.034229
16.248303 -0.038683
16.253304 -0.042994
16.258305 -0.047053
16.263306 -0.050767
16.268307 -0.054075
16.273308 -0.056952
16.278309 -0.059385
16.283310 -0.061348
16.288311 -0.062776
16.293312 -0.063568
16.298313 -0.063600
16.303314 -0.062741
16.308315 -0.060880
16.313316 -0.057943
16.318317 -0.053918
16.323318 -0.048861
16.328319 -0.042893
16.333320 -0.036191
16.338321 -0.028985
16.343322 -0.021547
16.348324 -0.014169
16.353325 -0.007123
16.358326 -0.000625
16.363327 0.005200
16.368328 0.010314
16.373329 0.014738
16.378330 0.018505
16.383331 0.021633
16.388332 0.024115
16.393333 0.025928
16.398334 0.027040
16.403335 0.027421
16.408336 0.027050
16.413337 0.025924
16.418338 0.024076
16.423339 0.021577
16.428340 0.018545
16.433341 0.015145
16.438342 0.011567
16.443343 0.008015
16.448344 0.004676
16.453345 0.001700
16.458346 -0.000832
16.463347 -0.002919
16.468348 -0.004636
16.473349 -0.006100
16.478350 -0.007442
16.483351 -0.008790
16.488352 -0.010253
16.493353 -0.011910
16.498354 -0.013792
16.503355 -0.015882
16.508356 -0.018114
16.513357 -0.020383
16.518358 -0.022568
16.523359 -0.024547
16.528360 -0.026211
16.533361 -0.027456
16.538362 -0.028163
16.543363 -0.028189
16.548364 -0.027368
16.553365 -0.025525
16.558366 -0.022498
16.563367 -0.018169
16.568368 -0.012478
16.573369 -0.005439
16.578370 0.002869
16.583371 0.012313
16.588372 0.022708
16.593373 0.033831
16.598374 0.045418
16.603375 0.057166
16.608376 0.068732
16.613377 0.079749
16.618378 0.089839
16.623379 0.098625
16.628380 0.105759
16.633381 0.110947
16.638382 0.113974
16.643383 0.114719
16.648385 0.113142
16.653386 0.109284
16.658387 0.103258
16.663388 0.095236
16.668389 0.085441
16.673390 0.074141
16.678391 0.061645
16.683392 0.048307
16.688393 0.034520
16.693394 0.020697
16.698395 0.007245
16.703396 -0.005460
16.708397 -0.017116
16.713398 -0.027517
16.718399 -0.036556
16.723400 -0.044217
16.728401 -0.050551
16.733402 -0.055663
16.738403 -0.059685
16.743404 -0.062762
16.748405 -0.065040
16.753406 -0.066655
16.758407 -0.067714
16.763408 -0.068279
16.768409 -0.068357
16.773410 -0.067910
16.778411 -0.066871
16.783412 -0.065156
16.788413 -0.062682
16.793414 -0.059377
16.798415 -0.055194
16.803416 -0.050117
16.808417 -0.044176
16.813418 -0.037458
16.818419 -0.030108
16.823420 -0.022320
16.828421 -0.014323
16.833422 -0.006371
16.838423 0.001272
16.843424 0.008353
16.848425 0.014645
16.853426 0.019946
16.858427 0.024088
16.863428 0.026951
16.868429 0.028474
16.873430 0.028669
16.878431 0.027613
16.883432 0.025448
16.888433 0.022363
16.893434 0.018576
16.898435 0.014308
16.903436 0.009769
16.908437 0.005145
16.913438 0.000597
16.918439 -0.003735
16.923440 -0.007739
16.928441 -0.011323
16.933442 -0.014425
16.938443 -0.017005
16.943444 -0.019022
16.948446 -0.020422
16.953447 -0.021144
16.958448 -0.021155
16.963449 -0.020462
16.968450 -0.019121
16.973451 -0.017220
16.978452 -0.014871
16.983453 -0.012201
16.988454 -0.009356
16.993455 -0.006501
16.998456 -0.003796
17.003457 -0.001371
17.008458 0.000685
17.013459 0.002322
17.018460 0.003507
17.023461 0.004225
17.028462 0.004494
17.033463 0.004376
17.038464 0.003973
17.043465 0.003408
17.048466 0.002802
17.053467 0.002252
17.058468 0.001823
17.063469 0.001557
17.068470 0.001487
17.073471 0.001638
17.078472 0.002021
17.083473 0.002630
17.088474 0.003436
17.093475 0.004388
17.098476 0.005406
17.103477 0.006377
17.108478 0.007175
17.113479 0.007684
17.118480 0.007815
17.123481 0.007513
17.128482 0.006753
17.133483 0.005528
17.138484 0.003853
17.143485 0.001770
17.148486 -0.000635
17.153487 -0.003241
17.158488 -0.005903
17.163489 -0.008467
17.168490 -0.010779
17.173491 -0.012682
17.178492 -0.014033
17.183493 -0.014723
17.188494 -0.014702
17.193495 -0.013983
17.198496 -0.012632
17.203497 -0.010742
17.208498 -0.008409
17.213499 -0.005701
17.218500 -0.002647
17.223501 0.000750
17.228502 0.004503
17.233503 0.008608
17.238504 0.013017
17.243505 0.017631
17.248507 0.022308
17.253508 0.026899
17.258509 0.031283
17.263510 0.035386
17.268511 0.039161
17.273512 0.042572
17.278513 0.045572
17.283514 0.048101
17.288515 0.050084
17.293516 0.051433
17.298517 0.052039
17.303518 0.051775
17.308519 0.050511
17.313520 0.048160
17.318521 0.044715
17.323522 0.040269
17.328523 0.035005
17.333524 0.029145
17.338525 0.022903
17.343526 0.016436
17.348527 0.009833
17.353528 0.003129
17.358529 -0.003657
17.363530 -0.010503
17.368531 -0.017376
17.373532 -0.024247
17.378533 -0.031092
17.383534 -0.037874
17.388535 -0.044524
17.393536 -0.050922
17.398537 -0.056893
17.403538 -0.062235
17.408539 -0.066754
17.413540 -0.070306
17.418541 -0.072809
17.423542 -0.074234
17.428543 -0.074595
17.433544 -0.073919
17.438545 -0.072232
17.443546 -0.069543
17.448547 -0.065836
17.453548 -0.061081
17.458549 -0.055256
17.463550 -0.048369
17.468551 -0.040473
17.473552 -0.031662
17.478553 -0.022061
17.483554 -0.011803
17.488555 -0.001041
17.493556 0.010030
17.498557 0.021161
17.503558 0.032059
17.508559 0.042439
17.513560 0.052086
17.518561 0.060901
17.523562 0.068897
17.528563 0.076143
17.533564 0.082696
17.538565 0.088545
17.543566 0.093601
17.548568 0.097713
17.553569 0.100707
17.558570 0.102424
17.563571 0.102765
17.568572 0.101713
17.573573 0.099341
17.578574 0.095799
17.583575 0.091286
17.588576 0.086013
17.593577 0.080175
17.598578 0.073928
17.603579 0.067386
17.608580 0.060619
17.613581 0.053646
17.618582 0.046435
17.623583 0.038916
17.628584 0.031023
17.633585 0.022724
17.638586 0.014044
17.643587 0.005072
17.648588 -0.004052
17.653589 -0.013153
17.658590 -0.022043
17.663591 -0.030542
17.668592 -0.038495
17.673593 -0.045799
17.678594 -0.052401
17.683595 -0.058289
17.688596 -0.063464
17.693597 -0.067904
17.698598 -0.071554
17.703599 -0.074332
17.708600 -0.076142
17.713601 -0.076893
17.718602 -0.076525
17.723603 -0.075032
17.728604 -0.072472
17.733605 -0.068968
17.738606 -0.064699
17.743607 -0.059880
17.748608 -0.054729
17.753609 -0.049441
17.758610 -0.044174
17.763611 -0.039049
17.768612 -0.034155
17.773613 -0.029560
17.778614 -0.025306
17.783615 -0.021421
17.788616 -0.017911
17.793617 -0.014778
17.798618 -0.012029
17.803619 -0.009686
17.808620 -0.007783
17.813621 -0.006350
17.818622 -0.005401
17.823623 -0.004925
17.828624 -0.004887
17.833625 -0.005238
17.838626 -0.005931
17.843627 -0.006942
17.848629 -0.008258
17.853630 -0.009857
17.858631 -0.011691
17.863632 -0.013687
17.868633 -0.015762
17.873634 -0.017833
17.878635 -0.019833
17.883636 -0.021714
17.888637 -0.023441
17.893638 -0.024974
17.898639 -0.026262
17.903640 -0.027238
17.908641 -0.027845
17.913642 -0.028054
17.918643 -0.027864
17.923644 -0.027291
17.928645 -0.026342
17.933646 -0.024991
17.938647 -0.023179
17.943648 -0.020838
17.948649 -0.017928
17.953650 -0.014446
17.958651 -0.010428
17.963652 -0.005939
17.968653 -0.001055
17.973654 0.004143
17.978655 0.009574
17.983656 0.015154
17.988657 0.020780
17.993658 0.026337
17.998659 0.031701
18.003660 0.036761
18.008661 0.041426
18.013662 0.045628
18.018663 0.049307
18.023664 0.052394
18.028665 0.054788
18.033666 0.056365
18.038667 0.057011
18.043668 0.056656
18.048669 0.055301
18.053670 0.053013
18.058671 0.049908
18.063672 0.046122
18.068673 0.041791
18.073674 0.037046
18.078675 0.032026
18.083676 0.026880
18.088677 0.021762
18.093678 0.016809
18.098679 0.012137
18.103680 0.007836
18.108681 0.003972
18.113682 0.000589
18.118683 -0.002280
18.123684 -0.004612
18.128685 -0.006404
18.133686 -0.007680
18.138687 -0.008513
18.143688 -0.009022
18.148690 -0.009367
18.153691 -0.009718
18.158692 -0.010219
18.163693 -0.010947
18.168694 -0.011888
18.173695 -0.012946
18.178696 -0.013968
18.183697 -0.014777
18.188698 -0.015210
18.193699 -0.015135
18.198700 -0.014458
18.203701 -0.013105
18.208702 -0.011018
18.213703 -0.008157
18.218704 -0.004498
18.223705 -0.000047
18.228706 0.005153
18.233707 0.011013
18.238708 0.017391
18.243709 0.024100
18.248710 0.030911
18.253711 0.037572
18.258712 0.043818
18.263713 0.049396
18.268714 0.054082
18.273715 0.057684
18.278716 0.060066
18.283717 0.061147
18.288718 0.060911
18.293719 0.059399
18.298720 0.056699
18.303721 0.052934
18.308722 0.048249
18.313723 0.042783
18.318724 0.036655
18.323725 0.029948
18.328726 0.022731
18.333727 0.015086
18.338728 0.007144
18.343729 -0.000912
18.348730 -0.008868
18.353731 -0.016528
18.358732 -0.023752
18.363733 -0.030476
18.368734 -0.036698
18.373735 -0.042446
18.378736 -0.047754
18.383737 -0.052638
18.388738 -0.057094
18.393739 -0.061114
18.398740 -0.064695
18.403741 -0.067838
18.408742 -0.070528
18.413743 -0.072718
18.418744 -0.074328
18.423745 -0.075261
18.428746 -0.075419
18.433747 -0.074724
18.438748 -0.073132
18.443749 -0.070625
18.448751 -0.067217
18.453752 -0.062950
18.458753 -0.057908
18.463754 -0.052230
18.468755 -0.046102
18.473756 -0.039745
18.478757 -0.033374
18.483758 -0.027176
18.488759 -0.021292
18.493760 -0.015827
18.498761 -0.010870
18.503762 -0.006511
18.508763 -0.002842
18.513764 0.000053
18.518765 0.002121
18.523766 0.003360
18.528767 0.003824
18.533768 0.003629
18.538769 0.002924
18.543770 0.001863
18.548771 0.000576
18.553772 -0.000835
18.558773 -0.002288
18.563774 -0.003709
18.568775 -0.005025
18.573776 -0.006154
18.578777 -0.007012
18.583778 -0.007522
18.588779 -0.007627
18.593780 -0.007295
18.598781 -0.006520
18.603782 -0.005326
18.608783 -0.003755
18.613784 -0.001865
18.618785 0.000280
18.623786 0.002622
18.628787 0.005114
18.633788 0.007728
18.638789 0.010443
18.643790 0.013238
18.648791 0.016081
18.653792 0.018932
18.658793 0.021746
18.663794 0.024479
18.668795 0.027093
18.673796 0.029560
18.678797 0.031868
18.683798 0.034012
18.688799 0.035983
18.693800 0.037773
18.698801 0.039377
18.703802 0.040801
18.708803 0.042060
18.713804 0.043180
18.718805 0.044184
18.723806 0.045094
18.728807 0.045920
18.733808 0.046657
18.738809 0.047287
18.743810 0.047772
18.748812 0.048059
18.753813 0.048079
18.758814 0.047765
18.763815 0.047064
18.768816 0.045943
18.773817 0.044388
18.778818 0.042389
18.783819 0.039934
18.788820 0.036989
18.793821 0.033520
18.798822 0.029518
18.803823 0.025026
18.808824 0.020146
18.813825 0.015009
18.818826 0.009746
18.823827 0.004465
18.828828 -0.000748
18.833829 -0.005818
18.838830 -0.010662
18.843831 -0.015184
18.848832 -0.019289
18.853833 -0.022886
18.858834 -0.025888
18.863835 -0.028219
18.868836 -0.029815
18.873837 -0.030647
18.878838 -0.030723
18.883839 -0.030072
18.888840 -0.028726
18.893841 -0.026710
18.898842 -0.024048
18.903843 -0.020785
18.908844 -0.017008
18.913845 -0.012863
18.918846 -0.008545
18.923847 -0.004268
18.928848 -0.000231
18.933849 0.003403
18.938850 0.006519
18.943851 0.009044
18.948852 0.010950
18.953853 0.012244
18.958854 0.012951
18.963855 0.013106
18.968856 0.012742
18.973857 0.011875
18.978858 0.010512
18.983859 0.008663
18.988860 0.006355
18.993861 0.003641
18.998862 0.000598
19.003863 -0.002675
19.008864 -0.006071
19.013865 -0.009482
19.018866 -0.012822
19.023867 -0.016020
19.028868 -0.019012
19.033869 -0.021735
19.038870 -0.024137
19.043871 -0.026192
19.048873 -0.027903
19.053874 -0.029293
19.058875 -0.030376
19.063876 -0.031143
19.068877 -0.031554
19.073878 -0.031560
19.078879 -0.031133
19.083880 -0.030283
19.088881 -0.029062
19.093882 -0.027562
19.098883 -0.025902
19.103884 -0.024212
19.108885 -0.022603
19.113886 -0.021147
19.118887 -0.019878
19.123888 -0.018795
19.128889 -0.017874
19.133890 -0.017079
19.138891 -0.016370
19.143892 -0.015713
19.148893 -0.015075
19.153894 -0.014426
19.158895 -0.013747
19.163896 -0.013016
19.168897 -0.012192
19.173898 -0.011195
19.178899 -0.009921
19.183900 -0.008267
19.188901 -0.006171
19.193902 -0.003633
19.198903 -0.000709
19.203904 0.002494
19.208905 0.005842
19.213906 0.009194
19.218907 0.012415
19.223908 0.015384
19.228909 0.018004
19.233910 0.020209
19.238911 0.021962
19.243912 0.023248
19.248913 0.024065
19.253914 0.024421
19.258915 0.024336
19.263916 0.023833
19.268917 0.022933
19.273918 0.021645
19.278919 0.019970
19.283920 0.017908
19.288921 0.015456
19.293922 0.012629
19.298923 0.009460
19.303924 0.006000
19.308925 0.002307
19.313926 -0.001558
19.318927 -0.005535
19.323928 -0.009566
19.328929 -0.013590
19.333930 -0.017539
19.338931 -0.021334
19.343932 -0.024894
19.348934 -0.028150
19.353935 -0.031052
19.358936 -0.033564
19.363937 -0.035656
19.368938 -0.037292
19.373939 -0.038414
19.378940 -0.038929
19.383941 -0.038721
19.388942 -0.037685
19.393943 -0.035764
19.398944 -0.032971
19.403945 -0.029395
19.408946 -0.025187
19.413947 -0.020526
19.418948 -0.015588
19.423949 -0.010522
19.428950 -0.005453
19.433951 -0.000485
19.438952 0.004290
19.443953 0.008785
19.448954 0.012906
19.453955 0.016569
19.458956 0.019707
19.463957 0.022296
19.468958 0.024355
19.473959 0.025939
19.478960 0.027138
19.483961 0.028060
19.488962 0.028816
19.493963 0.029502
19.498964 0.030195
19.503965 0.030947
19.508966 0.031786
19.513967 0.032713
19.518968 0.033714
19.523969 0.034770
19.528970 0.035852
19.533971 0.036922
19.538972 0.037928
19.543973 0.038817
19.548974 0.039542
19.553975 0.040073
19.558976 0.040411
19.563977 0.040584
19.568978 0.040640
19.573979 0.040624
19.578980 0.040565
19.583981 0.040472
19.588982 0.040328
19.593983 0.040095
19.598984 0.039727
19.603985 0.039185
19.608986 0.038447
19.613987 0.037527
19.618988 0.036469
19.623989 0.035352
19.628990 0.034262
19.633991 0.033263
19.638992 0.032368
19.643993 0.031535
19.648995 0.030673
19.653996 0.029671
19.658997 0.028417
19.663998 0.026817
19.668999 0.024806
19.674000 0.022339
19.679001 0.019388
19.684002 0.015939
19.689003 0.012002
19.694004 0.007621
19.699005 0.002871
19.704006 -0.002142
19.709007 -0.007290
19.714008 -0.012446
19.719009 -0.017498
19.724010 -0.022360
19.729011 -0.026968
19.734012 -0.031277
19.739013 -0.035257
19.744014 -0.038887
19.749015 -0.042151
19.754016 -0.045036
19.759017 -0.047517
19.764018 -0.049555
19.769019 -0.051096
19.774020 -0.052099
19.779021 -0.052559
19.784022 -0.052530
19.789023 -0.052116
19.794024 -0.051443
19.799025 -0.050628
19.804026 -0.049763
19.809027 -0.048903
19.814028 -0.048072
19.819029 -0.047273
19.824030 -0.046487
19.829031 -0.045671
19.834032 -0.044760
19.839033 -0.043680
19.844034 -0.042355
19.849035 -0.040722
19.854036 -0.038719
19.859037 -0.036291
19.864038 -0.033392
19.869039 -0.030006
19.874040 -0.026158
19.879041 -0.021921
19.884042 -0.017401
19.889043 -0.012711
19.894044 -0.007947
19.899045 -0.003188
19.904046 0.001484
19.909047 0.005979
19.914048 0.010203
19.919049 0.014076
19.924050 0.017542
19.929051 0.020566
19.934052 0.023124
19.939053 0.025182
19.944054 0.026691
19.949056 0.027591
19.954057 0.027828
19.959058 0.027370
19.964059 0.026216
19.969060 0.024405
19.974061 0.022021
19.979062 0.019194
19.984063 0.016082
19.989064 0.012856
19.994065 0.009674
19.999066 0.006668
20.004067 0.003937
20.009068 0.001527
20.014069 -0.000568
20.019070 -0.002408
20.024071 -0.004083
20.029072 -0.005682
20.034073 -0.007253
20.039074 -0.008792
20.044075 -0.010255
20.049076 -0.011583
20.054077 -0.012726
20.059078 -0.013650
20.064079 -0.014328
20.069080 -0.014741
20.074081 -0.014882
20.079082 -0.014750
20.084083 -0.014360
20.089084 -0.013733
20.094085 -0.012895
20.099086 -0.011865
20.104087 -0.010658
20.109088 -0.009286
20.114089 -0.007761
20.119090 -0.006092
20.124091 -0.004288
20.129092 -0.002365
20.134093 -0.000346
20.139094 0.001738
20.144095 0.003847
20.149096 0.005925
20.154097 0.007890
20.159098 0.009633
20.164099 0.011039
20.169100 0.012007
20.174101 0.012471
20.179102 0.012422
20.184103 0.011902
20.189104 0.010988
20.194105 0.009763
20.199106 0.008293
20.204107 0.006631
20.209108 0.004833
20.214109 0.002971
20.219110 0.001141
20.224111 -0.000551
20.229112 -0.002009
20.234113 -0.003161
20.239114 -0.003956
20.244115 -0.004375
20.249117 -0.004435
20.254118 -0.004186
20.259119 -0.003697
20.264120 -0.003034
20.269121 -0.002249
20.274122 -0.001381
20.279123 -0.000464
20.284124 0.000478
20.289125 0.001431
20.294126 0.002399
20.299127 0.003392
20.304128 0.004428
20.309129 0.005522
20.314130 0.006681
20.319131 0.007896
20.324132 0.009148
20.329133 0.010412
20.334134 0.011654
20.339135 0.012839
20.344136 0.013928
20.349137 0.014878
20.354138 0.015647
20.359139 0.016194
20.364140 0.016507
20.369141 0.016609
20.374142 0.016558
20.379143 0.016420
20.384144 0.016252
20.389145 0.016087
20.394146 0.015931
20.399147 0.015785
20.404148 0.015660
20.409149 0.015599
20.414150 0.015678
20.419151 0.015988
20.424152 0.016616
20.429153 0.017628
20.434154 0.019057
20.439155 0.020905
20.444156 0.023149
20.449157 0.025756
20.454158 0.028694
20.459159 0.031927
20.464160 0.035406
20.469161 0.039058
20.474162 0.042788
20.479163 0.046474
20.484164 0.049986
20.489165 0.053187
20.494166 0.055950
20.499167 0.058155
20.504168 0.059694
20.509169 0.060470
20.514170 0.060400
20.519171 0.059413
20.524172 0.057464
20.529173 0.054548
20.534174 0.050711
20.539175 0.046051
20.544176 0.040706
20.549178 0.034836
20.554179 0.028606
20.559180 0.022167
20.564181 0.015644
20.569182 0.009134
20.574183 0.002720
20.579184 -0.003507
20.584185 -0.009438
20.589186 -0.014931
20.594187 -0.019824
20.599188 -0.023964
20.604189 -0.027236
20.609190 -0.029597
20.614191 -0.031085
20.619192 -0.031829
20.624193 -0.032019
20.629194 -0.031870
20.634195 -0.031576
20.639196 -0.031270
20.644197 -0.031021
20.649198 -0.030851
20.654199 -0.030763
20.659200 -0.030758
20.664201 -0.030840
20.669202 -0.031010
20.674203 -0.031248
20.679204 -0.031519
20.684205 -0.031781
20.689206 -0.031998
20.694207 -0.032151
20.699208 -0.032235
20.704209 -0.032271
20.709210 -0.032297
20.714211 -0.032367
20.719212 -0.032525
20.724213 -0.032792
20.729214 -0.033167
20.734215 -0.033643
20.739216 -0.034230
20.744217 -0.034972
20.749218 -0.035939
20.754219 -0.037206
20.759220 -0.038824
20.764221 -0.040817
20.769222 -0.043187
20.774223 -0.045915
20.779224 -0.048962
20.784225 -0.052250
20.789226 -0.055659
20.794227 -0.059031
20.799228 -0.062186
20.804229 -0.064953
20.809230 -0.067197
20.814231 -0.068825
20.819232 -0.069784
20.824233 -0.070052
20.829234 -0.069627
20.834235 -0.068523
20.839236 -0.066764
20.844237 -0.064380
20.849239 -0.061400
20.854240 -0.057853
20.859241 -0.053767
20.864242 -0.049183
20.869243 -0.044163
20.874244 -0.038790
20.879245 -0.033162
20.884246 -0.027368
20.889247 -0.021483
20.894248 -0.015558
20.899249 -0.009620
20.904250 -0.003677
20.909251 0.002270
20.914252 0.008218
20.919253 0.014153
20.924254 0.020048
20.929255 0.025868
20.934256 0.031580
20.939257 0.037160
20.944258 0.042586
20.949259 0.047818
20.954260 0.052782
20.959261 0.057370
20.964262 0.061471
20.969263 0.064992
20.974264 0.067869
20.979265 0.070064
20.984266 0.071553
20.989267 0.072308
20.994268 0.072294
20.999269 0.071474
21.004270 0.069849
21.009271 0.067480
21.014272 0.064493
21.019273 0.061049
21.024274 0.057293
21.029275 0.053314
21.034276 0.049142
21.039277 0.044769
21.044278 0.040189
21.049279 0.035425
21.054280 0.030522
21.059281 0.025529
21.064282 0.020494
21.069283 0.015468
21.074284 0.010513
21.079285 0.005718
21.084286 0.001192
21.089287 -0.002952
21.094288 -0.006620
21.099289 -0.009750
21.104290 -0.012307
21.109291 -0.014271
21.114292 -0.015626
21.119293 -0.016370
21.124294 -0.016521
21.129295 -0.016108
21.134296 -0.015165
21.139297 -0.013712
21.144298 -0.011761
21.149300 -0.009331
21.154301 -0.006482
21.159302 -0.003331
21.164303 -0.000049
21.169304 0.003167
21.174305 0.006141
21.179306 0.008733
21.184307 0.010861
21.189308 0.012494
21.194309 0.013649
21.199310 0.014370
21.204311 0.014711
21.209312 0.014723
21.214313 0.014450
21.219314 0.013942
21.224315 0.013272
21.229316 0.012541
21.234317 0.011872
21.239318 0.011375
21.244319 0.011102
21.249320 0.011029
21.254321 0.011053
21.259322 0.011030
21.264323 0.010816
21.269324 0.010300
21.274325 0.009426
21.279326 0.008190
21.284327 0.006628
21.289328 0.004795
21.294329 0.002740
21.299330 0.000481
21.304331 -0.001995
21.309332 -0.004716
21.314333 -0.007690
21.319334 -0.010894
21.324335 -0.014283
21.329336 -0.017798
21.334337 -0.021379
21.339338 -0.024958
21.344339 -0.028458
21.349340 -0.031798
21.354341 -0.034891
21.359342 -0.037644
21.364343 -0.039970
21.369344 -0.041799
21.374345 -0.043093
21.379346 -0.043844
21.384347 -0.044057
21.389348 -0.043734
21.394349 -0.042859
21.399350 -0.041404
21.404351 -0.039359
21.409352 -0.036756
21.414353 -0.033669
21.419354 -0.030204
21.424355 -0.026468
21.429356 -0.022554
21.434357 -0.018529
21.439358 -0.014439
21.444359 -0.010314
21.449361 -0.006179
21.454362 -0.002056
21.459363 0.002032
21.464364 0.006063
21.469365 0.010014
21.474366 0.013859
21.479367 0.017564
21.484368 0.021092
21.489369 0.024414
21.494370 0.027527
21.499371 0.030452
21.504372 0.033226
21.509373 0.035883
21.514374 0.038444
21.519375 0.040918
21.524376 0.043305
21.529377 0.045582
21.534378 0.047682
21.539379 0.049486
21.544380 0.050838
21.549381 0.051572
21.554382 0.051540
21.559383 0.050643
21.564384 0.048842
21.569385 0.046156
21.574386 0.042646
21.579387 0.038400
21.584388 0.033514
21.589389 0.028086
21.594390 0.022205
21.599391 0.015964
21.604392 0.009474
21.609393 0.002866
21.614394 -0.003714
21.619395 -0.010121
21.624396 -0.016226
21.629397 -0.021931
21.634398 -0.027168
21.639399 -0.031905
21.644400 -0.036141
21.649401 -0.039901
21.654402 -0.043227
21.659403 -0.046155
21.664404 -0.048687
21.669405 -0.050778
21.674406 -0.052346
21.679407 -0.053314
21.684408 -0.053646
21.689409 -0.053369
21.694410 -0.052565
21.699411 -0.051352
21.704412 -0.049833
21.709413 -0.048068
21.714414 -0.046065
21.719415 -0.043783
21.724416 -0.041163
21.729417 -0.038151
21.734418 -0.034726
21.739419 -0.030919
21.744420 -0.026811
21.749422 -0.022522
21.754423 -0.018175
21.759424 -0.013879
21.764425 -0.009711
21.769426 -0.005709
21.774427 -0.001886
21.779428 0.001752
21.784429 0.005196
21.789430 0.008430
21.794431 0.011437
21.799432 0.014203
21.804433 0.016731
21.809434 0.019041
21.814435 0.021155
21.819436 0.023080
21.824437 0.024793
21.829438 0.026256
21.834439 0.027434
21.839440 0.028317
21.844441 0.028922
21.849442 0.029300
21.854443 0.029519
21.859444 0.029644
21.864445 0.029719
21.869446 0.029756
21.874447 0.029744
21.879448 0.029664
21.884449 0.029494
21.889450 0.029219
21.894451 0.028827
21.899452 0.028304
21.904453 0.027626
21.909454 0.026766
21.914455 0.025716
21.919456 0.024492
21.924457 0.023148
21.929458 0.021757
21.934459 0.020389
21.939460 0.019089
21.944461 0.017856
21.949462 0.016638
21.954463 0.015353
21.959464 0.013907
21.964465 0.012217
21.969466 0.010231
21.974467 0.007936
21.979468 0.005362
21.984469 0.002564
21.989470 -0.000389
21.994471 -0.003431
21.999472 -0.006495
22.004473 -0.009514
22.009474 -0.012412
22.014475 -0.015110
22.019476 -0.017547
22.024477 -0.019696
22.029478 -0.021563
22.034479 -0.023167
22.039480 -0.024505
22.044481 -0.025533
22.049483 -0.026170
22.054484 -0.026317
22.059485 -0.025894
22.064486 -0.024873
22.069487 -0.023292
22.074488 -0.021253
22.079489 -0.018893
22.084490 -0.016357
22.089491 -0.013768
22.094492 -0.011193
22.099493 -0.008636
22.104494 -0.006049
22.109495 -0.003380
22.114496 -0.000606
22.119497 0.002247
22.124498 0.005115
22.129499 0.007921
22.134500 0.010595
22.139501 0.013090
22.144502 0.015378
22.149503 0.017441
22.154504 0.019261
22.159505 0.020822
22.164506 0.022112
22.169507 0.023115
22.174508 0.023813
22.179509 0.024193
22.184510 0.024259
22.189511 0.024034
22.194512 0.023558
22.199513 0.022872
22.204514 0.022006
22.209515 0.020968
22.214516 0.019742
22.219517 0.018304
22.224518 0.016623
22.229519 0.014661
22.234520 0.012373
22.239521 0.009719
22.244522 0.006683
22.249523 0.003283
22.254524 -0.000432
22.259525 -0.004387
22.264526 -0.008506
22.269527 -0.012714
22.274528 -0.016937
22.279529 -0.021096
22.284530 -0.025097
22.289531 -0.028849
22.294532 -0.032280
22.299533 -0.035343
22.304534 -0.038011
22.309535 -0.040265
22.314536 -0.042081
22.319537 -0.043425
22.324538 -0.044262
22.329539 -0.044572
22.334540 -0.044362
22.339541 -0.043676
22.344542 -0.042577
22.349544 -0.041132
22.354545 -0.039388
22.359546 -0.037369
22.364547 -0.035090
22.369548 -0.032575
22.374549 -0.029874
22.379550 -0.027050
22.384551 -0.024159
22.389552 -0.021237
22.394553 -0.018297
22.399554 -0.015344
22.404555 -0.012384
22.409556 -0.009418
22.414557 -0.006449
22.419558 -0.003478
22.424559 -0.000510
22.429560 0.002441
22.434561 0.005358
22.439562 0.008232
22.444563 0.011075
22.449564 0.013917
22.454565 0.016784
22.459566 0.019672
22.464567 0.022538
22.469568 0.025310
22.474569 0.027914
22.479570 0.030290
22.484571 0.032395
22.489572 0.034192
22.494573 0.035643
22.499574 0.036712
22.504575 0.037382
22.509576 0.037677
22.514577 0.037653
22.519578 0.037385
22.524579 0.036940
22.529580 0.036366
22.534581 0.035684
22.539582 0.034887
22.544583 0.033937
22.549584 0.032778
22.554585 0.031354
22.559586 0.029631
22.564587 0.027623
22.569588 0.025391
22.574589 0.023019
22.579590 0.020580
22.584591 0.018110
22.589592 0.015624
22.594593 0.013135
22.599594 0.010667
22.604595 0.008241
22.609596 0.005855
22.614597 0.003486
22.619598 0.001093
22.624599 -0.001352
22.629600 -0.003857
22.634601 -0.006399
22.639602 -0.008929
22.644603 -0.011379
22.649605 -0.013660
22.654606 -0.015678
22.659607 -0.017358
22.664608 -0.018669
22.669609 -0.019637
22.674610 -0.020321
22.679611 -0.020779
22.684612 -0.021043
22.689613 -0.021113
22.694614 -0.020985
22.699615 -0.020664
22.704616 -0.020179
22.709617 -0.019562
22.714618 -0.018826
22.719619 -0.017961
22.724620 -0.016946
22.729621 -0.015779
22.734622 -0.014491
22.739623 -0.013135
22.744624 -0.011764
22.749625 -0.010409
22.754626 -0.009062
22.759627 -0.007685
22.764628 -0.006230
22.769629 -0.004667
22.774630 -0.002998
22.779631 -0.001256
22.784632 0.000510
22.789633 0.002249
22.794634 0.003918
22.799635 0.005490
22.804636 0.006945
22.809637 0.008268
22.814638 0.009457
22.819639 0.010535
22.824640 0.011549
22.829641 0.012550
22.834642 0.013570
22.839643 0.014603
22.844644 0.015602
22.849645 0.016474
22.854646 0.017108
22.859647 0.017413
22.864648 0.017356
22.869649 0.016972
22.874650 0.016339
22.879651 0.015540
22.884652 0.014634
22.889653 0.013654
22.894654 0.012614
22.899655 0.011520
22.904656 0.010379
22.909657 0.009189
22.914658 0.007946
22.919659 0.006642
22.924660 0.005274
22.929661 0.003839
22.934662 0.002326
22.939663 0.000726
22.944664 -0.000956
22.949666 -0.002690
22.954667 -0.004424
22.959668 -0.006108
22.964669 -0.007710
22.969670 -0.009230
22.974671 -0.010694
22.979672 -0.012136
22.984673 -0.013582
22.989674 -0.015036
22.994675 -0.016482
22.999676 -0.017882
23.004677 -0.019173
23.009678 -0.020273
23.014679 -0.021096
23.019680 -0.021574
23.024681 -0.021657
23.029682 -0.021330
23.034683 -0.020603
23.039684 -0.019511
23.044685 -0.018094
23.049686 -0.016387
23.054687 -0.014416
23.059688 -0.012208
23.064689 -0.009794
23.069690 -0.007217
23.074691 -0.004526
23.079692 -0.001768
23.084693 0.001029
23.089694 0.003852
23.094695 0.006694
23.099696 0.009530
23.104697 0.012300
23.109698 0.014925
23.114699 0.017332
23.119700 0.019472
23.124701 0.021333
23.129702 0.022938
23.134703 0.024327
23.139704 0.025545
23.144705 0.026636
23.149706 0.027634
23.154707 0.028560
23.159708 0.029407
23.164709 0.030141
23.169710 0.030706
23.174711 0.031036
23.179712 0.031076
23.184713 0.030796
23.189714 0.030196
23.194715 0.029294
23.199716 0.028104
23.204717 0.026627
23.209718 0.024860
23.214719 0.022799
23.219720 0.020448
23.224721 0.017807
23.229722 0.014885
23.234723 0.011702
23.239724 0.008297
23.244725 0.004728
23.249727 0.001071
23.254728 -0.002591
23.259729 -0.006184
23.264730 -0.009667
23.269731 -0.013020
23.274732 -0.016240
23.279733 -0.019321
23.284734 -0.022248
23.289735 -0.024990
23.294736 -0.027504
23.299737 -0.029742
23.304738 -0.031664
23.309739 -0.033247
23.314740 -0.034493
23.319741 -0.035425
23.324742 -0.036082
23.329743 -0.036518
23.334744 -0.036798
23.339745 -0.036999
23.344746 -0.037198
23.349747 -0.037458
23.354748 -0.037800
23.359749 -0.038192
23.364750 -0.038562
23.369751 -0.038823
23.374752 -0.038889
23.379753 -0.038694
23.384754 -0.038186
23.389755 -0.037335
23.394756 -0.036123
23.399757 -0.034550
23.404758 -0.032637
23.409759 -0.030424
23.414760 -0.027955
23.419761 -0.025267
23.424762 -0.022379
23.429763 -0.019293
23.434764 -0.015994
23.439765 -0.012476
23.444766 -0.008762
23.449767 -0.004918
23.454768 -0.001048
23.459769 0.002735
23.464770 0.006329
23.469771 0.009654
23.474772 0.012657
23.479773 0.015302
23.484774 0.017571
23.489775 0.019462
23.494776 0.021001
23.499777 0.022245
23.504778 0.023271
23.509779 0.024160
23.514780 0.024975
23.519781 0.025767
23.524782 0.026569
23.529783 0.027405
23.534784 0.028290
23.539785 0.029234
23.544786 0.030233
23.549788 0.031270
23.554789 0.032310
23.559790 0.033302
23.564791 0.034192
23.569792 0.034924
23.574793 0.035455
23.579794 0.035758
23.584795 0.035825
23.589796 0.035656
23.594797 0.035248
23.599798 0.034598
23.604799 0.033693
23.609800 0.032523
23.614801 0.031075
23.619802 0.029347
23.624803 0.027359
23.629804 0.025151
23.634805 0.022787
23.639806 0.020335
23.644807 0.017863
23.649808 0.015424
23.654809 0.013054
23.659810 0.010779
23.664811 0.008616
23.669812 0.006586
23.674813 0.004706
23.679814 0.002990
23.684815 0.001436
23.689816 0.000021
23.694817 -0.001303
23.699818 -0.002592
23.704819 -0.003895
23.709820 -0.005244
23.714821 -0.006660
23.719822 -0.008152
23.724823 -0.009723
23.729824 -0.011366
23.734825 -0.013058
23.739826 -0.014757
23.744827 -0.016405
23.749828 -0.017937
23.754829 -0.019305
23.759830 -0.020474
23.764831 -0.021419
23.769832 -0.022120
23.774833 -0.022567
23.779834 -0.022761
23.784835 -0.022714
23.789836 -0.022435
23.794837 -0.021924
23.799838 -0.021169
23.804839 -0.020148
23.809840 -0.018842
23.814841 -0.017242
23.819842 -0.015373
23.824843 -0.013285
23.829844 -0.011057
23.834845 -0.008780
23.839846 -0.006543
23.844847 -0.004421
23.849849 -0.002459
23.854850 -0.000685
23.859851 0.000882
23.864852 0.002217
23.869853 0.003296
23.874854 0.004099
23.879855 0.004619
23.884856 0.004858
23.889857 0.004825
23.894858 0.004529
23.899859 0.003978
23.904860 0.003182
23.909861 0.002149
23.914862 0.000886
23.919863 -0.000609
23.924864 -0.002338
23.929865 -0.004281
23.934866 -0.006389
23.939867 -0.008578
23.944868 -0.010753
23.949869 -0.012825
23.954870 -0.014738
23.959871 -0.016478
23.964872 -0.018080
23.969873 -0.019605
23.974874 -0.021112
23.979875 -0.022631
23.984876 -0.024156
23.989877 -0.025643
23.994878 -0.027028
23.999879 -0.028241
24.004880 -0.029221
24.009881 -0.029929
24.014882 -0.030351
24.019883 -0.030495
24.024884 -0.030378
24.029885 -0.030009
24.034886 -0.029385
24.039887 -0.028502
24.044888 -0.027376
24.049889 -0.026042
24.054890 -0.024545
24.059891 -0.022918
24.064892 -0.021176
24.069893 -0.019329
24.074894 -0.017396
24.079895 -0.015407
24.084896 -0.013383
24.089897 -0.011330
24.094898 -0.009234
24.099899 -0.007081
24.104900 -0.004881
24.109901 -0.002669
24.114902 -0.000483
24.119903 0.001657
24.124904 0.003764
24.129905 0.005872
24.134906 0.008020
24.139907 0.010238
24.144908 0.012537
24.149910 0.014915
24.154911 0.017360
24.159912 0.019851
24.164913 0.022362
24.169914 0.024864
24.174915 0.027337
24.179916 0.029780
24.184917 0.032207
24.189918 0.034634
24.194919 0.037054
24.199920 0.039432
24.204921 0.041707
24.209922 0.043806
24.214923 0.045662
24.219924 0.047230
24.224925 0.048503
24.229926 0.049501
24.234927 0.050257
24.239928 0.050793
24.244929 0.051110
24.249930 0.051185
24.254931 0.050991
24.259932 0.050515
24.264933 0.049772
24.269934 0.048789
24.274935 0.047595
24.279936 0.046206
24.284937 0.044617
24.289938 0.042807
24.294939 0.040743
24.299940 0.038389
24.304941 0.035719
24.309942 0.032726
24.314943 0.029415
24.319944 0.025798
24.324945 0.021911
24.329946 0.017810
24.334947 0.013581
24.339948 0.009319
24.344949 0.005106
24.349950 0.000988
24.354951 -0.003035
24.359952 -0.006996
24.364953 -0.010929
24.369954 -0.014845
24.374955 -0.018725
24.379956 -0.022517
24.384957 -0.026151
24.389958 -0.029547
24.394959 -0.032630
24.399960 -0.035338
24.404961 -0.037628
24.409962 -0.039470
24.414963 -0.040852
24.419964 -0.041771
24.424965 -0.042232
24.429966 -0.042246
24.434967 -0.041829
24.439968 -0.041008
24.444969 -0.039814
24.449971 -0.038280
24.454972 -0.036449
24.459973 -0.034368
24.464974 -0.032092
24.469975 -0.029664
24.474976 -0.027121
24.479977 -0.024490
24.484978 -0.021799
24.489979 -0.019078
24.494980 -0.016361
24.499981 -0.013689
24.504982 -0.011107
24.509983 -0.008667
24.514984 -0.006421
24.519985 -0.004417
24.524986 -0.002677
24.529987 -0.001181
24.534988 0.000134
24.539989 0.001352
24.544990 0.002548
24.549991 0.003748
24.554992 0.004887
24.559993 0.005784
24.564994 0.006167
24.569995 0.005794
24.574996 0.004636
24.579997 0.003007
24.584998 0.001480
24.589999 0.000523
24.595000 0.000164
