0.000000 0.000000
0.005001 0.000065
0.010002 0.000082
0.015003 0.000032
0.020004 0.000023
0.025005 0.000097
0.030006 0.000109
0.035007 0.000003
0.040008 -0.000172
0.045009 -0.000111
0.050010 0.000053
0.055011 -0.000073
0.060012 -0.000086
0.065013 0.000105
0.070014 0.000154
0.075015 -0.000081
0.080016 -0.000171
0.085017 0.000069
0.090018 0.000074
0.095019 0.000051
0.100020 0.000089
0.105021 0.000039
0.110022 0.000163
0.115023 0.000014
0.120024 -0.000110
0.125025 0.000135
0.130026 0.000154
0.135027 -0.000017
0.140028 -0.000045
0.145029 0.000092
0.150030 0.000178
0.155031 -0.000027
0.160032 -0.000178
0.165033 0.000098
0.170034 0.000333
0.175035 0.000093
0.180036 -0.000108
0.185037 0.000017
0.190038 0.000071
0.195039 -0.000053
0.200040 -0.000125
0.205041 -0.000039
0.210042 0.000134
0.215043 0.000102
0.220044 -0.000073
0.225045 0.000021
0.230046 0.000197
0.235047 0.000002
0.240049 -0.000263
0.245050 -0.000059
0.250051 0.000157
0.255052 -0.000038
0.260053 -0.000063
0.265054 -0.000043
0.270055 0.000016
0.275056 0.000089
0.280057 -0.000075
0.285058 -0.000010
0.290059 0.000044
0.295060 -0.000037
0.300061 -0.000118
0.305062 0.000131
0.310063 0.000286
0.315064 -0.000000
0.320065 -0.000137
0.325066 -0.000018
0.330067 0.000232
0.335068 0.000063
0.340069 -0.000097
0.345070 0.000060
0.350071 0.000098
0.355072 0.000042
0.360073 -0.000093
0.365074 0.000093
0.370075 0.000244
0.375076 0.000010
0.380077 -0.000126
0.385078 -0.000102
0.390079 0.000186
0.395080 0.000083
0.400081 -0.000154
0.405082 0.000047
0.410083 0.000123
0.415084 0.000052
0.420085 -0.000139
0.425086 -0.000171
0.430087 0.000159
0.435088 0.000018
0.440089 -0.000196
0.445090 0.000021
0.450091 0.000068
0.455092 0.000042
0.460093 0.000021
0.465094 0.000061
0.470095 0.000262
0.475096 -0.000041
0.480097 -0.000275
0.485098 0.000090
0.490099 0.000164
0.495100 0.000043
0.500101 -0.000075
0.505102 -0.000038
0.510103 0.000140
0.515104 -0.000038
0.520105 -0.000111
0.525106 0.000096
0.530107 0.000194
0.535108 -0.000002
0.540109 -0.000044
0.545110 0.000007
0.550111 0.000086
0.555112 0.000156
0.560113 -0.000104
0.565114 -0.000006
0.570115 0.000170
0.575116 0.000034
0.580117 0.000067
0.585118 0.000148
0.590119 0.000186
0.595120 0.000025
0.600121 -0.000095
0.605122 0.000075
0.610123 0.000116
0.615124 -0.000008
0.620125 0.000045
0.625126 0.000084
0.630127 0.000233
0.635128 0.000120
0.640129 -0.000221
0.645130 0.000012
0.650131 0.000105
0.655132 0.000056
0.660133 0.000044
0.665134 0.000010
0.670135 0.000156
0.675136 -0.000069
0.680137 -0.000183
0.685138 0.000127
0.690139 0.000215
0.695140 0.000064
0.700141 -0.000060
0.705142 -0.000030
0.710143 0.000177
0.715145 0.000193
0.720146 0.000003
0.725147 0.000032
0.730148 0.000057
0.735149 -0.000033
0.740150 -0.000058
0.745151 0.000094
0.750152 0.000161
0.755153 0.000040
0.760154 -0.000124
0.765155 0.000027
0.770156 0.000201
0.775157 0.000007
0.780158 -0.000085
0.785159 -0.000002
0.790160 0.000220
0.795161 0.000129
0.800162 -0.000025
0.805163 -0.000012
0.810164 -0.000016
0.815165 -0.000036
0.820166 -0.000136
0.825167 0.000045
0.830168 0.000151
0.835169 0.000007
0.840170 -0.000116
0.845171 0.000029
0.850172 0.000199
0.855173 0.000012
0.860174 -0.000116
0.865175 0.000069
0.870176 0.000198
0.875177 -0.000100
0.880178 -0.000061
0.885179 0.000087
0.890180 0.000045
0.895181 -0.000007
0.900182 -0.000168
0.905183 0.000001
0.910184 0.000083
0.915185 -0.000087
0.920186 -0.000091
0.925187 -0.000019
0.930188 0.000080
0.935189 0.000098
0.940190 -0.000078
0.945191 0.000039
0.950192 0.000222
0.955193 -0.000032
0.960194 -0.000037
0.965195 0.000107
0.970196 0.000060
0.975197 -0.000005
0.980198 -0.000104
0.985199 -0.000030
0.990200 0.000050
0.995201 -0.000052
1.000202 -0.000106
1.005203 0.000071
1.010204 0.000098
1.015205 -0.000027
1.020206 -0.000065
1.025207 -0.000020
1.030208 0.000159
1.035209 -0.000001
1.040210 -0.000128
1.045211 0.000165
1.050212 0.000163
1.055213 -0.000012
1.060214 -0.000015
1.065215 -0.000106
1.070216 0.000027
1.075217 0.000068
1.080218 -0.000116
1.085219 -0.000001
1.090220 0.000016
1.095221 0.000047
1.100222 0.000063
1.105223 -0.000009
1.110224 0.000013
1.115225 -0.000025
1.120226 -0.000087
1.125227 0.000027
1.130228 0.000206
1.135229 0.000027
1.140230 -0.000114
1.145231 0.000045
1.150232 0.000189
1.155233 0.000025
1.160234 -0.000060
1.165235 0.000145
1.170236 0.000156
1.175237 0.000021
1.180238 0.000030
1.185239 0.000057
1.190241 0.000102
1.195242 0.000145
1.200243 0.000030
1.205244 0.000100
1.210245 0.000156
1.215246 -0.000029
1.220247 -0.000121
1.225248 -0.000028
1.230249 0.000104
1.235250 -0.000025
1.240251 -0.000137
1.245252 -0.000153
1.250253 0.000027
1.255254 0.000038
1.260255 -0.000148
1.265256 0.000045
1.270257 0.000152
1.275258 0.000001
1.280259 -0.000243
1.285260 -0.000054
1.290261 0.000288
1.295262 0.000038
1.300263 -0.000199
1.305264 -0.000071
1.310265 0.000061
1.315266 -0.000015
1.320267 -0.000175
1.325268 -0.000161
1.330269 0.000010
1.335270 -0.000026
1.340271 -0.000119
1.345272 0.000139
1.350273 0.000206
1.355274 -0.000057
1.360275 -0.000181
1.365276 -0.000026
1.370277 0.000139
1.375278 -0.000043
1.380279 -0.000170
1.385280 0.000098
1.390281 0.000155
1.395282 -0.000072
1.400283 -0.000135
1.405284 0.000062
1.410285 0.000078
1.415286 -0.000000
1.420287 -0.000037
1.425288 -0.000019
1.430289 0.000034
1.435290 -0.000133
1.440291 -0.000065
1.445292 -0.000048
1.450293 0.000027
1.455294 0.000050
1.460295 -0.000219
1.465296 0.000108
1.470297 0.000163
1.475298 -0.000187
1.480299 -0.000035
1.485300 0.000192
1.490301 0.000196
1.495302 -0.000024
1.500303 -0.000228
1.505304 -0.000014
1.510305 0.000094
1.515306 -0.000080
1.520307 0.000032
1.525308 0.000102
1.530309 0.000040
1.535310 0.000004
1.540311 -0.000073
1.545312 0.000024
1.550313 0.000139
1.555314 -0.000060
1.560315 -0.000106
1.565316 -0.000004
1.570317 0.000017
1.575318 -0.000012
1.580319 -0.000171
1.585320 -0.000054
1.590321 0.000215
1.595322 -0.000020
1.600323 -0.000140
1.605324 0.000026
1.610325 0.000077
1.615326 0.000145
1.620327 -0.000069
1.625328 -0.000074
1.630329 0.000165
1.635330 -0.000072
1.640331 -0.000208
1.645332 -0.000006
1.650333 0.000118
1.655334 0.000036
1.660335 0.000036
1.665336 0.000161
1.670338 0.000158
1.675339 -0.000011
1.680340 -0.000159
1.685341 0.000034
1.690342 0.000105
1.695343 0.000008
1.700344 -0.000079
1.705345 -0.000060
1.710346 0.000103
1.715347 0.000056
1.720348 -0.000004
1.725349 0.000145
1.730350 0.000315
1.735351 0.000148
1.740352 -0.000058
1.745353 0.000071
1.750354 0.000251
1.755355 0.000018
1.760356 -0.000108
1.765357 0.000096
1.770358 0.000158
1.775359 0.000023
1.780360 -0.000121
1.785361 0.000128
1.790362 0.000237
1.795363 0.000003
1.800364 -0.000033
1.805365 0.000053
1.810366 0.000279
1.815367 0.000030
1.820368 -0.000162
1.825369 0.000138
1.830370 0.000125
1.835371 0.000101
1.840372 -0.000031
1.845373 -0.000012
1.850374 0.000232
1.855375 -0.000019
1.860376 -0.000052
1.865377 0.000169
1.870378 0.000198
1.875379 0.000016
1.880380 -0.000144
1.885381 -0.000025
1.890382 0.000116
1.895383 0.000011
1.900384 -0.000176
1.905385 0.000005
1.910386 0.000121
1.915387 0.000007
1.920388 0.000006
1.925389 0.000049
1.930390 0.000196
1.935391 0.000007
1.940392 -0.000066
1.945393 0.000193
1.950394 0.000123
1.955395 0.000077
1.960396 0.000004
1.965397 -0.000024
1.970398 0.000253
1.975399 -0.000001
1.980400 -0.000212
1.985401 0.000151
1.990402 0.000065
1.995403 -0.000005
2.000404 0.000073
2.005405 -0.000026
2.010406 0.000157
2.015407 0.000039
2.020408 -0.000143
2.025409 0.000103
2.030410 0.000069
2.035411 -0.000021
2.040412 -0.000029
2.045413 0.000022
2.050414 0.000268
2.055415 -0.000008
2.060416 -0.000174
2.065417 0.000109
2.070418 0.000073
2.075419 0.000025
2.080420 0.000075
2.085421 0.000056
2.090422 0.000128
2.095423 0.000032
2.100424 -0.000194
2.105425 0.000063
2.110426 0.000176
2.115427 -0.000103
2.120428 -0.000104
2.125429 0.000056
2.130430 0.000259
2.135431 0.000049
2.140432 -0.000156
2.145434 0.000123
2.150435 0.000193
2.155436 0.000079
2.160437 0.000011
2.165438 0.000139
2.170439 0.000163
2.175440 0.000033
2.180441 0.000053
2.185442 0.000185
2.190443 0.000279
2.195444 0.000053
2.200445 -0.000029
2.205446 0.000105
2.210447 0.000215
2.215448 0.000051
2.220449 -0.000130
2.225450 -0.000008
2.230451 0.000130
2.235452 0.000051
2.240453 -0.000013
2.245454 0.000198
2.250455 0.000190
2.255456 -0.000041
2.260457 -0.000144
2.265458 -0.000002
2.270459 0.000168
2.275460 0.000021
2.280461 -0.000059
2.285462 -0.000045
2.290463 0.000058
2.295464 0.000051
2.300465 -0.000081
2.305466 0.000020
2.310467 0.000055
2.315468 -0.000069
2.320469 -0.000081
2.325470 0.000154
2.330471 0.000252
2.335472 0.000034
2.340473 -0.000057
2.345474 0.000085
2.350475 0.000222
2.355476 0.000047
2.360477 -0.000179
2.365478 -0.000056
2.370479 0.000092
2.375480 -0.000018
2.380481 -0.000066
2.385482 0.000128
2.390483 0.000165
2.395484 0.000039
2.400485 0.000036
2.405486 0.000203
2.410487 0.000294
2.415488 -0.000043
2.420489 -0.000093
2.425490 0.000070
2.430491 0.000088
2.435492 -0.000011
2.440493 -0.000166
2.445494 -0.000019
2.450495 0.000048
2.455496 -0.000082
2.460497 -0.000107
2.465498 0.000044
2.470499 0.000184
2.475500 0.000046
2.480501 -0.000171
2.485502 0.000010
2.490503 0.000175
2.495504 -0.000058
2.500505 -0.000003
2.505506 0.000067
2.510507 0.000088
2.515508 0.000123
2.520509 -0.000046
2.525510 -0.000008
2.530511 0.000052
2.535512 0.000008
2.540513 -0.000040
2.545514 0.000039
2.550515 0.000127
2.555516 0.000047
2.560517 -0.000033
2.565518 0.000036
2.570519 0.000147
2.575520 -0.000000
2.580521 -0.000157
2.585522 -0.000065
2.590523 0.000084
2.595524 -0.000015
2.600525 -0.000083
2.605526 0.000100
2.610527 0.000150
2.615528 0.000010
2.620530 -0.000087
2.625531 0.000051
2.630532 0.000084
2.635533 0.000132
2.640534 0.000022
2.645535 -0.000016
2.650536 0.000270
2.655537 -0.000056
2.660538 -0.000120
2.665539 0.000091
2.670540 0.000114
2.675541 0.000140
2.680542 -0.000027
2.685543 0.000037
2.690544 0.000077
2.695545 -0.000039
2.700546 -0.000171
2.705547 -0.000020
2.710548 0.000138
2.715549 0.000029
2.720550 -0.000073
2.725551 -0.000086
2.730552 0.000159
2.735553 0.000044
2.740554 -0.000163
2.745555 -0.000036
2.750556 0.000020
2.755557 -0.000018
2.760558 -0.000120
2.765559 -0.000003
2.770560 0.000138
2.775561 -0.000052
2.780562 -0.000188
2.785563 -0.000057
2.790564 0.000043
2.795565 -0.000019
2.800566 -0.000166
2.805567 -0.000092
2.810568 0.000133
2.815569 0.000047
2.820570 0.000002
2.825571 0.000053
2.830572 0.000029
2.835573 -0.000064
2.840574 -0.000090
2.845575 0.000076
2.850576 0.000080
2.855577 -0.000007
2.860578 -0.000088
2.865579 0.000025
2.870580 0.000214
2.875581 0.000002
2.880582 -0.000213
2.885583 0.000002
2.890584 0.000091
2.895585 -0.000045
2.900586 0.000010
2.905587 -0.000024
2.910588 0.000053
2.915589 0.000097
2.920590 -0.000152
2.925591 -0.000008
2.930592 0.000131
2.935593 -0.000098
2.940594 -0.000100
2.945595 -0.000011
2.950596 0.000049
2.955597 0.000046
2.960598 -0.000102
2.965599 0.000036
2.970600 0.000133
2.975601 -0.000057
2.980602 -0.000114
2.985603 0.000065
2.990604 0.000241
2.995605 0.000095
3.000606 -0.000113
3.005607 -0.000084
3.010608 0.000088
3.015609 -0.000005
3.020610 -0.000138
3.025611 0.000018
3.030612 0.000149
3.035613 0.000041
3.040614 -0.000073
3.045615 0.000128
3.050616 0.000134
3.055617 -0.000147
3.060618 -0.000071
3.065619 0.000006
3.070620 0.000010
3.075621 -0.000014
3.080622 -0.000114
3.085623 0.000042
3.090624 0.000079
3.095626 0.000001
3.100627 -0.000131
3.105628 -0.000089
3.110629 0.000183
3.115630 -0.000011
3.120631 -0.000151
3.125632 -0.000051
3.130633 0.000022
3.135634 -0.000070
3.140635 -0.000190
3.145636 0.000029
3.150637 0.000123
3.155638 -0.000049
3.160639 -0.000174
3.165640 -0.000012
3.170641 0.000158
3.175642 -0.000087
3.180643 -0.000186
3.185644 0.000148
3.190645 0.000178
3.195646 -0.000084
3.200647 -0.000121
3.205648 0.000027
3.210649 0.000084
3.215650 -0.000067
3.220651 -0.000136
3.225652 0.000065
3.230653 0.000224
3.235654 0.000068
3.240655 -0.000200
3.245656 -0.000087
3.250657 0.000196
3.255658 -0.000003
3.260659 -0.000189
3.265660 -0.000037
3.270661 0.000103
3.275662 -0.000004
3.280663 -0.000121
3.285664 0.000048
3.290665 0.000157
3.295666 0.000084
3.300667 -0.000094
3.305668 0.000016
3.310669 0.000249
3.315670 -0.000014
3.320671 -0.000212
3.325672 -0.000006
3.330673 0.000138
3.335674 0.000021
3.340675 0.000021
3.345676 0.000032
3.350677 0.000023
3.355678 -0.000031
3.360679 -0.000071
3.365680 0.000058
3.370681 0.000003
3.375682 -0.000029
3.380683 -0.000143
3.385684 -0.000131
3.390685 0.000130
3.395686 -0.000053
3.400687 -0.000169
3.405688 0.000008
3.410689 0.000052
3.415690 0.000067
3.420691 0.000035
3.425692 0.000050
3.430693 0.000104
3.435694 0.000005
3.440695 -0.000047
3.445696 0.000110
3.450697 0.000074
3.455698 -0.000049
3.460699 -0.000044
3.465700 -0.000004
3.470701 0.000216
3.475702 0.000157
3.480703 -0.000161
3.485704 0.000017
3.490705 0.000150
3.495706 0.000048
3.500707 0.000020
3.505708 -0.000006
3.510709 0.000148
3.515710 -0.000035
3.520711 -0.000163
3.525712 0.000060
3.530713 0.000084
3.535714 -0.000028
3.540715 -0.000178
3.545716 -0.000006
3.550717 0.000232
3.555718 0.000008
3.560719 -0.000178
3.565720 0.000025
3.570722 0.000152
3.575723 0.000012
3.580724 -0.000062
3.585725 0.000090
3.590726 0.000216
3.595727 0.000034
3.600728 -0.000043
3.605729 0.000032
3.610730 0.000144
3.615731 0.000064
3.620732 -0.000117
3.625733 0.000016
3.630734 0.000150
3.635735 -0.000055
3.640736 -0.000140
3.645737 0.000028
3.650738 0.000053
3.655739 0.000028
3.660740 -0.000043
3.665741 0.000075
3.670742 0.000203
3.675743 -0.000036
3.680744 -0.000173
3.685745 0.000022
3.690746 0.000185
3.695747 -0.000036
3.700748 -0.000110
3.705749 0.000056
3.710750 0.000147
3.715751 0.000039
3.720752 -0.000046
3.725753 0.000050
3.730754 0.000135
3.735755 0.000016
3.740756 -0.000189
3.745757 0.000050
3.750758 0.000069
3.755759 -0.000148
3.760760 0.000106
3.765761 0.000038
3.770762 0.000016
3.775763 0.000162
3.780764 -0.000098
3.785765 -0.000050
3.790766 0.000157
3.795767 0.000069
3.800768 -0.000121
3.805769 0.000005
3.810770 0.000249
3.815771 0.000090
3.820772 -0.000034
3.825773 0.000074
3.830774 0.000097
3.835775 -0.000120
3.840776 -0.000107
3.845777 0.000028
3.850778 0.000043
3.855779 0.000034
3.860780 -0.000042
3.865781 0.000169
3.870782 0.000195
3.875783 0.000031
3.880784 0.000091
3.885785 0.000146
3.890786 0.000179
3.895787 -0.000029
3.900788 -0.000132
3.905789 0.000179
3.910790 0.000320
3.915791 -0.000004
3.920792 -0.000098
3.925793 0.000087
3.930794 0.000115
3.935795 0.000085
3.940796 0.000011
3.945797 0.000042
3.950798 0.000171
3.955799 0.000031
3.960800 -0.000068
3.965801 0.000078
3.970802 0.000139
3.975803 0.000040
3.980804 -0.000055
3.985805 -0.000006
3.990806 0.000093
3.995807 -0.000030
4.000808 -0.000122
4.005809 0.000026
4.010810 0.000292
4.015811 0.000187
4.020812 -0.000096
4.025813 0.000059
4.030814 0.000184
4.035815 -0.000027
4.040816 -0.000135
4.045818 0.000095
4.050819 0.000179
4.055820 0.000026
4.060821 -0.000097
4.065822 -0.000043
4.070823 0.000210
4.075824 -0.000060
4.080825 -0.000186
4.085826 0.000062
4.090827 -0.000003
4.095828 -0.000032
4.100829 -0.000075
4.105830 0.000159
4.110831 0.000251
4.115832 -0.000119
4.120833 -0.000081
4.125834 0.000133
4.130835 0.000197
4.135836 0.000052
4.140837 -0.000071
4.145838 0.000053
4.150839 0.000168
4.155840 0.000109
4.160841 -0.000125
4.165842 0.000023
4.170843 0.000068
4.175844 -0.000093
4.180845 0.000043
4.185846 0.000081
4.190847 0.000192
4.195848 0.000179
4.200849 0.000025
4.205850 0.000137
4.210851 0.000259
4.215852 -0.000031
4.220853 -0.000143
4.225854 0.000083
4.230855 -0.000033
4.235856 0.000015
4.240857 0.000053
4.245858 0.000011
4.250859 0.000097
4.255860 0.000014
4.260861 -0.000040
4.265862 0.000098
4.270863 0.000194
4.275864 -0.000032
4.280865 -0.000113
4.285866 -0.000001
4.290867 0.000210
4.295868 -0.000038
4.300869 -0.000309
4.305870 -0.000004
4.310871 0.000006
4.315872 -0.000119
4.320873 -0.000102
4.325874 0.000018
4.330875 0.000204
4.335876 0.000100
4.340877 -0.000081
4.345878 0.000052
4.350879 0.000084
4.355880 -0.000042
4.360881 -0.000099
4.365882 -0.000041
4.370883 0.000226
4.375884 0.000034
4.380885 -0.000119
4.385886 0.000070
4.390887 0.000051
4.395888 -0.000041
4.400889 -0.000084
4.405890 0.000068
4.410891 0.000128
4.415892 -0.000042
4.420893 -0.000139
4.425894 0.000051
4.430895 0.000134
4.435896 -0.000034
4.440897 0.000038
4.445898 0.000103
4.450899 0.000096
4.455900 -0.000004
4.460901 -0.000066
4.465902 0.000002
4.470903 -0.000006
4.475904 0.000055
4.480905 -0.000068
4.485906 -0.000016
4.490907 0.000115
4.495908 -0.000110
4.500909 -0.000229
4.505910 0.000018
4.510911 0.000286
4.515912 0.000077
4.520914 -0.000077
4.525915 -0.000018
4.530916 0.000085
4.535917 0.000030
4.540918 -0.000187
4.545919 -0.000024
4.550920 0.000116
4.555921 0.000004
4.560922 -0.000045
4.565923 0.000011
4.570924 0.000103
4.575925 -0.000013
4.580926 -0.000146
4.585927 0.000068
4.590928 0.000203
4.595929 -0.000011
4.600930 -0.000115
4.605931 -0.000020
4.610932 0.000038
4.615933 -0.000043
4.620934 -0.000027
4.625935 0.000093
4.630936 0.000002
4.635937 -0.000046
4.640938 -0.000084
4.645939 0.000020
4.650940 0.000210
4.655941 -0.000070
4.660942 -0.000169
4.665943 0.000039
4.670944 0.000113
4.675945 0.000008
4.680946 -0.000090
4.685947 0.000130
4.690948 0.000169
4.695949 -0.000003
4.700950 -0.000040
4.705951 0.000003
4.710952 0.000086
4.715953 -0.000100
4.720954 -0.000185
4.725955 0.000025
4.730956 0.000173
4.735957 -0.000058
4.740958 -0.000270
4.745959 0.000002
4.750960 0.000095
4.755961 -0.000028
4.760962 -0.000171
4.765963 -0.000096
4.770964 0.000139
4.775965 -0.000037
4.780966 -0.000154
4.785967 0.000047
4.790968 0.000157
4.795969 0.000049
4.800970 -0.000131
4.805971 -0.000023
4.810972 0.000172
4.815973 -0.000051
4.820974 -0.000179
4.825975 0.000006
4.830976 0.000098
4.835977 -0.000025
4.840978 -0.000086
4.845979 -0.000081
4.850980 -0.000005
4.855981 0.000209
4.860982 0.000193
4.865983 0.000201
4.870984 0.000148
4.875985 0.000011
4.880986 -0.000119
4.885987 -0.000370
4.890988 -0.000519
4.895989 0.000525
4.900990 0.001622
4.905991 0.000854
4.910992 0.001079
4.915993 0.000753
4.920994 -0.000367
4.925995 -0.000397
4.930996 -0.000873
4.935997 0.000454
4.940998 0.001542
4.945999 0.001781
4.951000 0.002231
4.956001 0.002015
4.961002 0.001546
4.966003 -0.000291
4.971004 -0.000110
4.976005 0.001068
4.981006 0.001569
4.986007 0.001268
4.991008 0.000688
4.996009 0.002382
5.001011 0.001371
5.006012 0.002422
5.011013 0.006691
5.016014 0.006891
5.021015 0.007242
5.026016 0.004838
5.031017 0.001593
5.036018 0.003802
5.041019 0.000748
5.046020 -0.002799
5.051021 0.002020
5.056022 0.003412
5.061023 0.003231
5.066024 0.003984
5.071025 0.001928
5.076026 0.002640
5.081027 0.003041
5.086028 -0.001998
5.091029 -0.006925
5.096030 -0.008740
5.101031 -0.008919
5.106032 -0.005706
5.111033 -0.005036
5.116034 -0.004040
5.121035 0.006010
5.126036 0.014416
5.131037 0.013811
5.136038 0.009219
5.141039 0.003879
5.146040 -0.001226
5.151041 -0.009160
5.156042 -0.019544
5.161043 -0.020461
5.166044 -0.012894
5.171045 -0.005255
5.176046 0.001094
5.181047 0.007557
5.186048 0.016282
5.191049 0.016376
5.196050 0.004905
5.201051 -0.007336
5.206052 -0.014040
5.211053 -0.011849
5.216054 -0.007344
5.221055 -0.006430
5.226056 -0.004089
5.231057 -0.003934
5.236058 -0.007418
5.241059 -0.008023
5.246060 -0.006060
5.251061 0.000108
5.256062 0.005339
5.261063 0.008901
5.266064 0.012288
5.271065 0.004421
5.276066 -0.008431
5.281067 -0.016801
5.286068 -0.017774
5.291069 -0.007541
5.296070 0.006269
5.301071 0.016581
5.306072 0.024976
5.311073 0.028200
5.316074 0.017017
5.321075 0.002170
5.326076 -0.008021
5.331077 -0.018071
5.336078 -0.021206
5.341079 -0.020181
5.346080 -0.014278
5.351081 0.001657
5.356082 0.014145
5.361083 0.015193
5.366084 0.013651
5.371085 0.014340
5.376086 0.012784
5.381087 0.003649
5.386088 -0.010022
5.391089 -0.011530
5.396090 -0.002638
5.401091 0.000250
5.406092 -0.005338
5.411093 -0.010998
5.416094 -0.007625
5.421095 -0.006611
5.426096 -0.010092
5.431097 -0.002492
5.436098 0.013724
5.441099 0.025108
5.446100 0.023090
5.451101 0.012730
5.456102 0.000470
5.461103 -0.010640
5.466104 -0.017880
5.471105 -0.016488
5.476107 -0.004797
5.481108 0.005161
5.486109 0.014327
5.491110 0.022597
5.496111 0.018512
5.501112 0.008206
5.506113 0.000387
5.511114 -0.003882
5.516115 -0.007162
5.521116 -0.009034
5.526117 -0.002626
5.531118 0.010045
5.536119 0.015876
5.541120 0.010026
5.546121 0.003890
5.551122 0.000040
5.556123 -0.009038
5.561124 -0.017635
5.566125 -0.015731
5.571126 -0.003192
5.576127 0.010125
5.581128 0.011999
5.586129 0.005970
5.591130 -0.003865
5.596131 -0.017852
5.601132 -0.021451
5.606133 -0.010968
5.611134 0.007478
5.616135 0.022368
5.621136 0.026309
5.626137 0.031002
5.631138 0.027752
5.636139 0.003284
5.641140 -0.023441
5.646141 -0.024493
5.651142 -0.006742
5.656143 0.005031
5.661144 0.012894
5.666145 0.019038
5.671146 0.014776
5.676147 -0.001575
5.681148 -0.016852
5.686149 -0.013460
5.691150 -0.004302
5.696151 -0.007349
5.701152 -0.014454
5.706153 -0.011459
5.711154 0.004443
5.716155 0.015852
5.721156 0.014756
5.726157 0.011029
5.731158 0.006380
5.736159 0.000031
5.741160 -0.007116
5.746161 -0.010880
5.751162 -0.011161
5.756163 -0.010441
5.761164 -0.008556
5.766165 -0.006890
5.771166 -0.001476
5.776167 0.002819
5.781168 0.002503
5.786169 0.005405
5.791170 0.002889
5.796171 -0.004221
5.801172 -0.001506
5.806173 -0.000516
5.811174 -0.008859
5.816175 -0.017589
5.821176 -0.020110
5.826177 -0.015703
5.831178 -0.009264
5.836179 -0.001471
5.841180 0.007831
5.846181 0.017266
5.851182 0.015317
5.856183 0.006308
5.861184 0.008053
5.866185 0.011041
5.871186 0.005576
5.876187 -0.006653
5.881188 -0.015178
5.886189 -0.007695
5.891190 0.005457
5.896191 0.011378
5.901192 0.019166
5.906193 0.028095
5.911194 0.020895
5.916195 0.004371
5.921196 -0.006847
5.926197 -0.006889
5.931198 -0.006198
5.936199 -0.014153
5.941200 -0.013549
5.946201 -0.004151
5.951203 0.001966
5.956204 0.004712
5.961205 0.011227
5.966206 0.019320
5.971207 0.014170
5.976208 0.002815
5.981209 0.001487
5.986210 0.003308
5.991211 -0.003707
5.996212 -0.009666
6.001213 -0.008050
6.006214 -0.006163
6.011215 -0.002111
6.016216 0.006245
6.021217 0.011743
6.026218 0.009411
6.031219 0.003964
6.036220 -0.002409
6.041221 -0.011547
6.046222 -0.023123
6.051223 -0.034728
6.056224 -0.041884
6.061225 -0.040471
6.066226 -0.024172
6.071227 0.000356
6.076228 0.020239
6.081229 0.031088
6.086230 0.027585
6.091231 0.016655
6.096232 0.004889
6.101233 -0.005475
6.106234 -0.007955
6.111235 -0.008467
6.116236 -0.008459
6.121237 -0.008616
6.126238 -0.011009
6.131239 -0.004157
6.136240 0.010864
6.141241 0.024730
6.146242 0.033838
6.151243 0.033349
6.156244 0.029686
6.161245 0.027789
6.166246 0.025002
6.171247 0.023913
6.176248 0.021589
6.181249 0.018455
6.186250 0.020813
6.191251 0.024353
6.196252 0.024492
6.201253 0.026095
6.206254 0.023690
6.211255 0.010279
6.216256 -0.003910
6.221257 -0.015206
6.226258 -0.023043
6.231259 -0.026902
6.236260 -0.031475
6.241261 -0.032067
6.246262 -0.027582
6.251263 -0.018417
6.256264 -0.004618
6.261265 0.003434
6.266266 0.001578
6.271267 -0.004936
6.276268 -0.014795
6.281269 -0.025796
6.286270 -0.032005
6.291271 -0.031243
6.296272 -0.022632
6.301273 -0.013023
6.306274 -0.006314
6.311275 0.003285
6.316276 0.011304
6.321277 0.013861
6.326278 0.012168
6.331279 0.011413
6.336280 0.019064
6.341281 0.029426
6.346282 0.036066
6.351283 0.036426
6.356284 0.032153
6.361285 0.028771
6.366286 0.022643
6.371287 0.012482
6.376288 0.002671
6.381289 -0.001527
6.386290 0.000581
6.391291 -0.001690
6.396292 -0.008094
6.401293 -0.013096
6.406294 -0.020444
6.411295 -0.027655
6.416296 -0.028351
6.421297 -0.021662
6.426299 -0.013623
6.431300 -0.008965
6.436301 -0.008332
6.441302 -0.012766
6.446303 -0.019632
6.451304 -0.025731
6.456305 -0.029309
6.461306 -0.030347
6.466307 -0.029049
6.471308 -0.023604
6.476309 -0.014541
6.481310 -0.008592
6.486311 -0.007974
6.491312 -0.003841
6.496313 0.003686
6.501314 0.010606
6.506315 0.018838
6.511316 0.027927
6.516317 0.036580
6.521318 0.038919
6.526319 0.031199
6.531320 0.019231
6.536321 0.011376
6.541322 0.010286
6.546323 0.013988
6.551324 0.020989
6.556325 0.028547
6.561326 0.033309
6.566327 0.032363
6.571328 0.026666
6.576329 0.019931
6.581330 0.015302
6.586331 0.013762
6.591332 0.015010
6.596333 0.019791
6.601334 0.024960
6.606335 0.026957
6.611336 0.026048
6.616337 0.023135
6.621338 0.020457
6.626339 0.019044
6.631340 0.016784
6.636341 0.011412
6.641342 0.001307
6.646343 -0.009315
6.651344 -0.018569
6.656345 -0.028581
6.661346 -0.033941
6.666347 -0.032695
6.671348 -0.026569
6.676349 -0.017859
6.681350 -0.013314
6.686351 -0.015594
6.691352 -0.020082
6.696353 -0.021057
6.701354 -0.021116
6.706355 -0.025894
6.711356 -0.033880
6.716357 -0.040496
6.721358 -0.044108
6.726359 -0.044614
6.731360 -0.037710
6.736361 -0.023225
6.741362 -0.009558
6.746363 0.000527
6.751364 0.009067
6.756365 0.016613
6.761366 0.020724
6.766367 0.018633
6.771368 0.014818
6.776369 0.015597
6.781370 0.021826
6.786371 0.027549
6.791372 0.029682
6.796373 0.030872
6.801374 0.031406
6.806375 0.031113
6.811376 0.032307
6.816377 0.036072
6.821378 0.039131
6.826379 0.042256
6.831380 0.048691
6.836381 0.057929
6.841382 0.067316
6.846383 0.071582
6.851384 0.067671
6.856385 0.056453
6.861386 0.040700
6.866387 0.025315
6.871388 0.014807
6.876389 0.008143
6.881390 0.002092
6.886391 -0.006243
6.891392 -0.019529
6.896393 -0.036152
6.901395 -0.052247
6.906396 -0.061265
6.911397 -0.062718
6.916398 -0.062870
6.921399 -0.061158
6.926400 -0.056400
6.931401 -0.052309
6.936402 -0.051819
6.941403 -0.052331
6.946404 -0.050468
6.951405 -0.050134
6.956406 -0.055944
6.961407 -0.064993
6.966408 -0.072091
6.971409 -0.077796
6.976410 -0.083478
6.981411 -0.087577
6.986412 -0.089753
6.991413 -0.093318
6.996414 -0.103496
7.001415 -0.120835
7.006416 -0.141008
7.011417 -0.161414
7.016418 -0.180653
7.021419 -0.194934
7.026420 -0.205227
7.031421 -0.216056
7.036422 -0.230278
7.041423 -0.248972
7.046424 -0.267767
7.051425 -0.283395
7.056426 -0.294546
7.061427 -0.301175
7.066428 -0.304179
7.071429 -0.301850
7.076430 -0.292765
7.081431 -0.272872
7.086432 -0.242897
7.091433 -0.209879
7.096434 -0.175721
7.101435 -0.138240
7.106436 -0.092207
7.111437 -0.030671
7.116438 0.045918
7.121439 0.130842
7.126440 0.217901
7.131441 0.297378
7.136442 0.363934
7.141443 0.420969
7.146444 0.466378
7.151445 0.496182
7.156446 0.512729
7.161447 0.518000
7.166448 0.510781
7.171449 0.490525
7.176450 0.460692
7.181451 0.431266
7.186452 0.407940
7.191453 0.387431
7.196454 0.368211
7.201455 0.351505
7.206456 0.339361
7.211457 0.329977
7.216458 0.317973
7.221459 0.301328
7.226460 0.278826
7.231461 0.248960
7.236462 0.212953
7.241463 0.174391
7.246464 0.135330
7.251465 0.094081
7.256466 0.046427
7.261467 -0.010640
7.266468 -0.072003
7.271469 -0.130221
7.276470 -0.184898
7.281471 -0.237941
7.286472 -0.288877
7.291473 -0.334070
7.296474 -0.371272
7.301475 -0.398036
7.306476 -0.409247
7.311477 -0.405164
7.316478 -0.389787
7.321479 -0.366250
7.326480 -0.337355
7.331481 -0.307856
7.336482 -0.283842
7.341483 -0.268160
7.346484 -0.261024
7.351485 -0.260537
7.356486 -0.264107
7.361487 -0.268166
7.366488 -0.266201
7.371489 -0.254067
7.376491 -0.235487
7.381492 -0.217699
7.386493 -0.200963
7.391494 -0.178451
7.396495 -0.142139
7.401496 -0.086459
7.406497 -0.013526
7.411498 0.066841
7.416499 0.143044
7.421500 0.209982
7.426501 0.268025
7.431502 0.316466
7.436503 0.356835
7.441504 0.391477
7.446505 0.418924
7.451506 0.436345
7.456507 0.442216
7.461508 0.436564
7.466509 0.421489
7.471510 0.398215
7.476511 0.365870
7.481512 0.324077
7.486513 0.273314
7.491514 0.216255
7.496515 0.159906
7.501516 0.112657
7.506517 0.076652
7.511518 0.046665
7.516519 0.017464
7.521520 -0.011459
7.526521 -0.038548
7.531522 -0.063202
7.536523 -0.085596
7.541524 -0.103879
7.546525 -0.116182
7.551526 -0.124666
7.556527 -0.133632
7.561528 -0.145973
7.566529 -0.160382
7.571530 -0.176613
7.576531 -0.195631
7.581532 -0.216167
7.586533 -0.235779
7.591534 -0.247397
7.596535 -0.246011
7.601536 -0.232638
7.606537 -0.209711
7.611538 -0.182073
7.616539 -0.155340
7.621540 -0.133373
7.626541 -0.117015
7.631542 -0.102129
7.636543 -0.085142
7.641544 -0.067873
7.646545 -0.052525
7.651546 -0.039089
7.656547 -0.026502
7.661548 -0.013626
7.666549 0.000074
7.671550 0.017302
7.676551 0.038970
7.681552 0.062500
7.686553 0.087039
7.691554 0.109678
7.696555 0.127391
7.701556 0.138205
7.706557 0.141689
7.711558 0.142942
7.716559 0.142417
7.721560 0.138214
7.726561 0.134389
7.731562 0.132294
7.736563 0.128806
7.741564 0.122335
7.746565 0.113766
7.751566 0.105551
7.756567 0.099400
7.761568 0.095486
7.766569 0.093833
7.771570 0.093081
7.776571 0.089318
7.781572 0.080169
7.786573 0.066539
7.791574 0.050374
7.796575 0.033797
7.801576 0.017404
7.806577 0.000133
7.811578 -0.019041
7.816579 -0.038118
7.821580 -0.055025
7.826581 -0.070685
7.831582 -0.086703
7.836583 -0.104321
7.841584 -0.122255
7.846585 -0.137875
7.851586 -0.149044
7.856588 -0.153305
7.861589 -0.148276
7.866590 -0.134314
7.871591 -0.116326
7.876592 -0.099604
7.881593 -0.086486
7.886594 -0.076102
7.891595 -0.065737
7.896596 -0.055712
7.901597 -0.046666
7.906598 -0.036873
7.911599 -0.027192
7.916600 -0.018434
7.921601 -0.011621
7.926602 -0.007357
7.931603 -0.003630
7.936604 0.000097
7.941605 0.004719
7.946606 0.011650
7.951607 0.019638
7.956608 0.027489
7.961609 0.035102
7.966610 0.041135
7.971611 0.044425
7.976612 0.046116
7.981613 0.047765
7.986614 0.049442
7.991615 0.051364
7.996616 0.053289
8.001617 0.055030
8.006618 0.056546
8.011619 0.055678
8.016620 0.051460
8.021621 0.044312
8.026622 0.036541
8.031623 0.032570
8.036624 0.035193
8.041625 0.044720
8.046626 0.057102
8.051627 0.065987
8.056628 0.068205
8.061629 0.063593
8.066630 0.052827
8.071631 0.037749
8.076632 0.020564
8.081633 0.001923
8.086634 -0.017119
8.091635 -0.034999
8.096636 -0.049162
8.101637 -0.056763
8.106638 -0.058278
8.111639 -0.055538
8.116640 -0.051519
8.121641 -0.049288
8.126642 -0.050977
8.131643 -0.057082
8.136644 -0.065682
8.141645 -0.075462
8.146646 -0.085328
8.151647 -0.094933
8.156648 -0.103129
8.161649 -0.107070
8.166650 -0.105195
8.171651 -0.097879
8.176652 -0.087201
8.181653 -0.075005
8.186654 -0.061999
8.191655 -0.048540
8.196656 -0.035703
8.201657 -0.024769
8.206658 -0.014618
8.211659 -0.002175
8.216660 0.014760
8.221661 0.034879
8.226662 0.054260
8.231663 0.070005
8.236664 0.080178
8.241665 0.085419
8.246666 0.088132
8.251667 0.089159
8.256668 0.090005
8.261669 0.091874
8.266670 0.094189
8.271671 0.096237
8.276672 0.097924
8.281673 0.099751
8.286674 0.102223
8.291675 0.105173
8.296676 0.107469
8.301677 0.107428
8.306678 0.102495
8.311679 0.090883
8.316680 0.073991
8.321681 0.055529
8.326682 0.037601
8.331684 0.020223
8.336685 0.004329
8.341686 -0.009209
8.346687 -0.021141
8.351688 -0.033458
8.356689 -0.046896
8.361690 -0.060044
8.366691 -0.071250
8.371692 -0.078666
8.376693 -0.081601
8.381694 -0.080501
8.386695 -0.076463
8.391696 -0.071877
8.396697 -0.067971
8.401698 -0.064429
8.406699 -0.060973
8.411700 -0.057817
8.416701 -0.055558
8.421702 -0.055033
8.426703 -0.056849
8.431704 -0.060323
8.436705 -0.063364
8.441706 -0.063261
8.446707 -0.058712
8.451708 -0.050557
8.456709 -0.040823
8.461710 -0.032147
8.466711 -0.026833
8.471712 -0.026686
8.476713 -0.031195
8.481714 -0.037197
8.486715 -0.041907
8.491716 -0.043034
8.496717 -0.040016
8.501718 -0.034108
8.506719 -0.025998
8.511720 -0.016360
8.516721 -0.004877
8.521722 0.009062
8.526723 0.023878
8.531724 0.038072
8.536725 0.050589
8.541726 0.060915
8.546727 0.069892
8.551728 0.076754
8.556729 0.080801
8.561730 0.082630
8.566731 0.081463
8.571732 0.076302
8.576733 0.067102
8.581734 0.055063
8.586735 0.041251
8.591736 0.025873
8.596737 0.010079
8.601738 -0.004829
8.606739 -0.017435
8.611740 -0.026010
8.616741 -0.030723
8.621742 -0.032380
8.626743 -0.031268
8.631744 -0.028217
8.636745 -0.023917
8.641746 -0.019736
8.646747 -0.017416
8.651748 -0.018431
8.656749 -0.022820
8.661750 -0.028366
8.666751 -0.032906
8.671752 -0.033983
8.676753 -0.030680
8.681754 -0.023173
8.686755 -0.011629
8.691756 0.001511
8.696757 0.014465
8.701758 0.026062
8.706759 0.034994
8.711760 0.042169
8.716761 0.048711
8.721762 0.055281
8.726763 0.062037
8.731764 0.067292
8.736765 0.069792
8.741766 0.069644
8.746767 0.067840
8.751768 0.064385
8.756769 0.058274
8.761770 0.050318
8.766771 0.041197
8.771772 0.031372
8.776773 0.021176
8.781774 0.010307
8.786775 -0.000942
8.791776 -0.012489
8.796777 -0.023766
8.801778 -0.033138
8.806780 -0.039453
8.811781 -0.042947
8.816782 -0.043951
8.821783 -0.042574
8.826784 -0.039646
8.831785 -0.036266
8.836786 -0.033338
8.841787 -0.031098
8.846788 -0.029377
8.851789 -0.028277
8.856790 -0.028147
8.861791 -0.029497
8.866792 -0.032025
8.871793 -0.035354
8.876794 -0.039371
8.881795 -0.042355
8.886796 -0.043455
8.891797 -0.043577
8.896798 -0.043195
8.901799 -0.042447
8.906800 -0.041053
8.911801 -0.039106
8.916802 -0.036890
8.921803 -0.033910
8.926804 -0.029827
8.931805 -0.024563
8.936806 -0.017126
8.941807 -0.005804
8.946808 0.009264
8.951809 0.026189
8.956810 0.043022
8.961811 0.057806
8.966812 0.069052
8.971813 0.076143
8.976814 0.080120
8.981815 0.083143
8.986816 0.085546
8.991817 0.086516
8.996818 0.084921
9.001819 0.079875
9.006820 0.071809
9.011821 0.061436
9.016822 0.050009
9.021823 0.039369
9.026824 0.030222
9.031825 0.022077
9.036826 0.014716
9.041827 0.007686
9.046828 0.001335
9.051829 -0.003904
9.056830 -0.008790
9.061831 -0.013049
9.066832 -0.016598
9.071833 -0.020116
9.076834 -0.023984
9.081835 -0.029437
9.086836 -0.036953
9.091837 -0.045313
9.096838 -0.053101
9.101839 -0.058657
9.106840 -0.060924
9.111841 -0.060549
9.116842 -0.058720
9.121843 -0.056327
9.126844 -0.053960
9.131845 -0.051876
9.136846 -0.050434
9.141847 -0.048620
9.146848 -0.045885
9.151849 -0.043336
9.156850 -0.040849
9.161851 -0.037792
9.166852 -0.033170
9.171853 -0.026251
9.176854 -0.017326
9.181855 -0.007088
9.186856 0.003606
9.191857 0.013587
9.196858 0.021660
9.201859 0.028079
9.206860 0.032575
9.211861 0.034317
9.216862 0.032477
9.221863 0.026736
9.226864 0.018326
9.231865 0.008132
9.236866 -0.001474
9.241867 -0.008274
9.246868 -0.012086
9.251869 -0.013167
9.256870 -0.012464
9.261871 -0.010691
9.266872 -0.008407
9.271873 -0.006313
9.276874 -0.004551
9.281876 -0.002774
9.286877 -0.000681
9.291878 0.002009
9.296879 0.005061
9.301880 0.008134
9.306881 0.010825
9.311882 0.012227
9.316883 0.012066
9.321884 0.010716
9.326885 0.009267
9.331886 0.008965
9.336887 0.010252
9.341888 0.014032
9.346889 0.020948
9.351890 0.029939
9.356891 0.039877
9.361892 0.050005
9.366893 0.059116
9.371894 0.065966
9.376895 0.069240
9.381896 0.067766
9.386897 0.060944
9.391898 0.049446
9.396899 0.035550
9.401900 0.021885
9.406901 0.010828
9.411902 0.002402
9.416903 -0.004737
9.421904 -0.011099
9.426905 -0.017712
9.431906 -0.024816
9.436907 -0.032641
9.441908 -0.040985
9.446909 -0.048259
9.451910 -0.053873
9.456911 -0.056402
9.461912 -0.054270
9.466913 -0.048124
9.471914 -0.040365
9.476915 -0.032876
9.481916 -0.026454
9.486917 -0.021618
9.491918 -0.018685
9.496919 -0.018016
9.501920 -0.018489
9.506921 -0.019229
9.511922 -0.020436
9.516923 -0.021796
9.521924 -0.023353
9.526925 -0.024591
9.531926 -0.025091
9.536927 -0.025156
9.541928 -0.023840
9.546929 -0.021855
9.551930 -0.020823
9.556931 -0.020449
9.561932 -0.020528
9.566933 -0.019778
9.571934 -0.017577
9.576935 -0.013922
9.581936 -0.007553
9.586937 0.001195
9.591938 0.011214
9.596939 0.021619
9.601940 0.031073
9.606941 0.038303
9.611942 0.042605
9.616943 0.044279
9.621944 0.044559
9.626945 0.044482
9.631946 0.044165
9.636947 0.043943
9.641948 0.044471
9.646949 0.045654
9.651950 0.046899
9.656951 0.046978
9.661952 0.045229
9.666953 0.041996
9.671954 0.036707
9.676955 0.029729
9.681956 0.021954
9.686957 0.013510
9.691958 0.004941
9.696959 -0.003994
9.701960 -0.012167
9.706961 -0.018408
9.711962 -0.023477
9.716963 -0.026829
9.721964 -0.028849
9.726965 -0.030225
9.731966 -0.030840
9.736967 -0.031307
9.741968 -0.030509
9.746969 -0.027711
9.751970 -0.022934
9.756972 -0.015708
9.761973 -0.006891
9.766974 0.002426
9.771975 0.011543
9.776976 0.018785
9.781977 0.023419
9.786978 0.025947
9.791979 0.025550
9.796980 0.022430
9.801981 0.017453
9.806982 0.011126
9.811983 0.004247
9.816984 -0.002925
9.821985 -0.009134
9.826986 -0.013848
9.831987 -0.017531
9.836988 -0.020881
9.841989 -0.024119
9.846990 -0.026387
9.851991 -0.027615
9.856992 -0.027633
9.861993 -0.026802
9.866994 -0.025535
9.871995 -0.024051
9.876996 -0.022944
9.881997 -0.022094
9.886998 -0.021252
9.891999 -0.020623
9.897000 -0.020293
9.902001 -0.019101
9.907002 -0.016253
9.912003 -0.011815
9.917004 -0.006694
9.922005 -0.001637
9.927006 0.003010
9.932007 0.006506
9.937008 0.008791
9.942009 0.010089
9.947010 0.010902
9.952011 0.010435
9.957012 0.007950
9.962013 0.004419
9.967014 0.000242
9.972015 -0.003797
9.977016 -0.006771
9.982017 -0.008080
9.987018 -0.007230
9.992019 -0.004779
9.997020 -0.001335
10.002021 0.002821
10.007022 0.006741
10.012023 0.008797
10.017024 0.008214
10.022025 0.006164
10.027026 0.003603
10.032027 0.001206
10.037028 -0.000291
10.042029 0.000321
10.047030 0.003372
10.052031 0.006900
10.057032 0.010203
10.062033 0.012383
10.067034 0.012633
10.072035 0.011592
10.077036 0.009644
10.082037 0.008875
10.087038 0.010544
10.092039 0.014390
10.097040 0.020778
10.102041 0.028919
10.107042 0.037239
10.112043 0.044259
10.117044 0.048966
10.122045 0.051099
10.127046 0.051094
10.132047 0.048637
10.137048 0.043973
10.142049 0.038831
10.147050 0.033399
10.152051 0.027837
10.157052 0.022681
10.162053 0.018462
10.167054 0.015650
10.172055 0.013707
10.177056 0.012228
10.182057 0.011048
10.187058 0.010149
10.192059 0.008762
10.197060 0.006541
10.202061 0.003551
10.207062 -0.000084
10.212063 -0.004017
10.217064 -0.008336
10.222065 -0.011842
10.227066 -0.014098
10.232068 -0.015956
10.237069 -0.017427
10.242070 -0.018171
10.247071 -0.017844
10.252072 -0.017203
10.257073 -0.016819
10.262074 -0.016212
10.267075 -0.015490
10.272076 -0.014662
10.277077 -0.013403
10.282078 -0.011567
10.287079 -0.009001
10.292080 -0.006736
10.297081 -0.005705
10.302082 -0.005722
10.307083 -0.007115
10.312084 -0.010187
10.317085 -0.014407
10.322086 -0.018933
10.327087 -0.022662
10.332088 -0.025079
10.337089 -0.026180
10.342090 -0.025158
10.347091 -0.021987
10.352092 -0.017470
10.357093 -0.012190
10.362094 -0.006327
10.367095 -0.000547
10.372096 0.003764
10.377097 0.006318
10.382098 0.006903
10.387099 0.005237
10.392100 0.001099
10.397101 -0.005491
10.402102 -0.013310
10.407103 -0.021354
10.412104 -0.028811
10.417105 -0.034714
10.422106 -0.038391
10.427107 -0.039022
10.432108 -0.036304
10.437109 -0.031242
10.442110 -0.024453
10.447111 -0.016366
10.452112 -0.008468
10.457113 -0.001560
10.462114 0.004232
10.467115 0.008509
10.472116 0.011198
10.477117 0.012286
10.482118 0.012180
10.487119 0.011826
10.492120 0.011061
10.497121 0.009939
10.502122 0.008956
10.507123 0.008456
10.512124 0.009176
10.517125 0.011242
10.522126 0.015175
10.527127 0.021036
10.532128 0.028264
10.537129 0.036316
10.542130 0.044624
10.547131 0.052524
10.552132 0.058575
10.557133 0.061937
10.562134 0.063013
10.567135 0.062529
10.572136 0.060295
10.577137 0.056183
10.582138 0.050339
10.587139 0.042687
10.592140 0.033727
10.597141 0.023302
10.602142 0.012582
10.607143 0.003193
10.612144 -0.005057
10.617145 -0.012239
10.622146 -0.018935
10.627147 -0.025805
10.632148 -0.033176
10.637149 -0.041120
10.642150 -0.049274
10.647151 -0.057023
10.652152 -0.063559
10.657153 -0.068849
10.662154 -0.072427
10.667155 -0.074148
10.672156 -0.074332
10.677157 -0.072555
10.682158 -0.068629
10.687159 -0.062164
10.692160 -0.053217
10.697161 -0.041952
10.702162 -0.028494
10.707164 -0.013833
10.712165 0.000570
10.717166 0.013180
10.722167 0.023719
10.727168 0.031818
10.732169 0.036603
10.737170 0.037731
10.742171 0.035590
10.747172 0.031132
10.752173 0.025483
10.757174 0.019628
10.762175 0.014291
10.767176 0.010231
10.772177 0.007173
10.777178 0.005567
10.782179 0.005873
10.787180 0.007477
10.792181 0.010370
10.797182 0.014159
10.802183 0.018280
10.807184 0.022427
10.812185 0.025790
10.817186 0.027083
10.822187 0.026295
10.827188 0.023653
10.832189 0.019431
10.837190 0.015017
10.842191 0.011134
10.847192 0.008526
10.852193 0.006895
10.857194 0.005404
10.862195 0.004398
10.867196 0.003424
10.872197 0.001751
10.877198 -0.000648
10.882199 -0.003639
10.887200 -0.006732
10.892201 -0.009436
10.897202 -0.011718
10.902203 -0.012963
10.907204 -0.013080
10.912205 -0.013064
10.917206 -0.012680
10.922207 -0.011829
10.927208 -0.010885
10.932209 -0.009890
10.937210 -0.009504
10.942211 -0.009307
10.947212 -0.009094
10.952213 -0.009400
10.957214 -0.009631
10.962215 -0.009445
10.967216 -0.008667
10.972217 -0.007474
10.977218 -0.005653
10.982219 -0.002863
10.987220 0.000480
10.992221 0.004533
10.997222 0.009137
11.002223 0.014583
11.007224 0.020764
11.012225 0.026899
11.017226 0.033157
11.022227 0.038974
11.027228 0.044224
11.032229 0.048883
11.037230 0.052055
11.042231 0.054034
11.047232 0.055161
11.052233 0.054718
11.057234 0.052647
11.062235 0.049170
11.067236 0.044176
11.072237 0.037798
11.077238 0.030121
11.082239 0.022023
11.087240 0.014257
11.092241 0.006642
11.097242 -0.000222
11.102243 -0.006279
11.107244 -0.011406
11.112245 -0.015763
11.117246 -0.020677
11.122247 -0.025895
11.127248 -0.031532
11.132249 -0.037923
11.137250 -0.044739
11.142251 -0.051649
11.147252 -0.057974
11.152253 -0.063474
11.157254 -0.068168
11.162255 -0.072067
11.167256 -0.074922
11.172257 -0.077072
11.177258 -0.078724
11.182259 -0.079361
11.187261 -0.078613
11.192262 -0.076773
11.197263 -0.074282
11.202264 -0.070750
11.207265 -0.066174
11.212266 -0.061274
11.217267 -0.055776
11.222268 -0.049250
11.227269 -0.042007
11.232270 -0.033935
11.237271 -0.025557
11.242272 -0.017023
11.247273 -0.008221
11.252274 0.000061
11.257275 0.007589
11.262276 0.014881
11.267277 0.022068
11.272278 0.028796
11.277279 0.035454
11.282280 0.042089
11.287281 0.048641
11.292282 0.054445
11.297283 0.058860
11.302284 0.062196
11.307285 0.063827
11.312286 0.063925
11.317287 0.062532
11.322288 0.060159
11.327289 0.058293
11.332290 0.056555
11.337291 0.055190
11.342292 0.054499
11.347293 0.054100
11.352294 0.053719
11.357295 0.052642
11.362296 0.050897
11.367297 0.048851
11.372298 0.046177
11.377299 0.042654
11.382300 0.038692
11.387301 0.034688
11.392302 0.029959
11.397303 0.024271
11.402304 0.018355
11.407305 0.012579
11.412306 0.006946
11.417307 0.001781
11.422308 -0.002363
11.427309 -0.005278
11.432310 -0.007340
11.437311 -0.008960
11.442312 -0.009874
11.447313 -0.010259
11.452314 -0.010930
11.457315 -0.012269
11.462316 -0.014372
11.467317 -0.017476
11.472318 -0.022236
11.477319 -0.028723
11.482320 -0.036263
11.487321 -0.044591
11.492322 -0.053320
11.497323 -0.061348
11.502324 -0.067645
11.507325 -0.071344
11.512326 -0.071991
11.517327 -0.069843
11.522328 -0.065099
11.527329 -0.058181
11.532330 -0.050321
11.537331 -0.042897
11.542332 -0.036196
11.547333 -0.030408
11.552334 -0.026291
11.557335 -0.023564
11.562336 -0.021539
11.567337 -0.019694
11.572338 -0.017732
11.577339 -0.015710
11.582340 -0.013407
11.587341 -0.010637
11.592342 -0.007985
11.597343 -0.005945
11.602344 -0.003849
11.607345 -0.001245
11.612346 0.001616
11.617347 0.004901
11.622348 0.008670
11.627349 0.013482
11.632350 0.019058
11.637351 0.024424
11.642352 0.030057
11.647353 0.035663
11.652354 0.040825
11.657355 0.045403
11.662357 0.049278
11.667358 0.053003
11.672359 0.056003
11.677360 0.058096
11.682361 0.059929
11.687362 0.061532
11.692363 0.062576
11.697364 0.063128
11.702365 0.062815
11.707366 0.061604
11.712367 0.059317
11.717368 0.055508
11.722369 0.050987
11.727370 0.045609
11.732371 0.039499
11.737372 0.033077
11.742373 0.026274
11.747374 0.019607
11.752375 0.013087
11.757376 0.006504
11.762377 0.000406
11.767378 -0.004746
11.772379 -0.009637
11.777380 -0.014451
11.782381 -0.019295
11.787382 -0.024465
11.792383 -0.029886
11.797384 -0.035881
11.802385 -0.041934
11.807386 -0.047163
11.812387 -0.051973
11.817388 -0.056125
11.822389 -0.059064
11.827390 -0.060984
11.832391 -0.061961
11.837392 -0.062214
11.842393 -0.061453
11.847394 -0.059093
11.852395 -0.055442
11.857396 -0.050785
11.862397 -0.044723
11.867398 -0.037660
11.872399 -0.029917
11.877400 -0.021986
11.882401 -0.014299
11.887402 -0.007021
11.892403 -0.001113
11.897404 0.003415
11.902405 0.006555
11.907406 0.008840
11.912407 0.010911
11.917408 0.012413
11.922409 0.013812
11.927410 0.015417
11.932411 0.017009
11.937412 0.018470
11.942413 0.020007
11.947414 0.021642
11.952415 0.023286
11.957416 0.025004
11.962417 0.026613
11.967418 0.028013
11.972419 0.028722
11.977420 0.028133
11.982421 0.026368
11.987422 0.023606
11.992423 0.019418
11.997424 0.013895
12.002425 0.007717
12.007426 0.001432
12.012427 -0.004670
12.017428 -0.010483
12.022429 -0.015242
12.027430 -0.018669
12.032431 -0.020862
12.037432 -0.021650
12.042433 -0.020981
12.047434 -0.018341
12.052435 -0.014721
12.057436 -0.011081
12.062437 -0.007189
12.067438 -0.003475
12.072439 -0.000424
12.077440 0.001560
12.082441 0.002461
12.087442 0.002687
12.092443 0.002376
12.097444 0.001509
12.102445 0.000424
12.107446 0.000046
12.112447 0.000115
12.117448 0.000534
12.122449 0.001818
12.127450 0.003427
12.132451 0.004906
12.137453 0.005784
12.142454 0.005866
12.147455 0.005246
12.152456 0.003541
12.157457 0.000943
12.162458 -0.001861
12.167459 -0.004382
12.172460 -0.006161
12.177461 -0.006810
12.182462 -0.006096
12.187463 -0.003592
12.192464 -0.000145
12.197465 0.003639
12.202466 0.007679
12.207467 0.011273
12.212468 0.014127
12.217469 0.015303
12.222470 0.015274
12.227471 0.014568
12.232472 0.012536
12.237473 0.009833
12.242474 0.006732
12.247475 0.003128
12.252476 -0.000727
12.257477 -0.005160
12.262478 -0.010097
12.267479 -0.014426
12.272480 -0.018920
12.277481 -0.023484
12.282482 -0.026601
12.287483 -0.028820
12.292484 -0.029735
12.297485 -0.028948
12.302486 -0.026589
12.307487 -0.022038
12.312488 -0.016123
12.317489 -0.009515
12.322490 -0.002093
12.327491 0.005328
12.332492 0.012102
12.337493 0.017958
12.342494 0.023111
12.347495 0.027612
12.352496 0.030841
12.357497 0.032730
12.362498 0.033404
12.367499 0.033094
12.372500 0.031887
12.377501 0.029797
12.382502 0.027364
12.387503 0.024875
12.392504 0.022269
12.397505 0.019511
12.402506 0.017097
12.407507 0.014988
12.412508 0.012923
12.417509 0.011223
12.422510 0.009798
12.427511 0.008528
12.432512 0.006808
12.437513 0.003641
12.442514 -0.000869
12.447515 -0.006660
12.452516 -0.013756
12.457517 -0.021709
12.462518 -0.029773
12.467519 -0.036869
12.472520 -0.043159
12.477521 -0.048329
12.482522 -0.051336
12.487523 -0.052731
12.492524 -0.052807
12.497525 -0.051539
12.502526 -0.049014
12.507527 -0.044956
12.512528 -0.039940
12.517529 -0.034640
12.522530 -0.028966
12.527531 -0.023279
12.532532 -0.018076
12.537533 -0.013779
12.542534 -0.010155
12.547535 -0.006506
12.552536 -0.003419
12.557537 -0.000661
12.562538 0.002300
12.567539 0.005145
12.572540 0.007595
12.577541 0.009197
12.582542 0.010734
12.587543 0.012564
12.592544 0.014343
12.597545 0.016670
12.602546 0.020013
12.607547 0.024076
12.612549 0.028515
12.617550 0.032900
12.622551 0.036742
12.627552 0.040016
12.632553 0.042023
12.637554 0.042703
12.642555 0.042194
12.647556 0.040579
12.652557 0.038314
12.657558 0.034718
12.662559 0.030596
12.667560 0.026501
12.672561 0.021868
12.677562 0.017382
12.682563 0.012977
12.687564 0.009017
12.692565 0.005892
12.697566 0.002644
12.702567 -0.000399
12.707568 -0.002876
12.712569 -0.005604
12.717570 -0.008730
12.722571 -0.011839
12.727572 -0.015011
12.732573 -0.018411
12.737574 -0.021963
12.742575 -0.025445
12.747576 -0.028468
12.752577 -0.030961
12.757578 -0.033039
12.762579 -0.034336
12.767580 -0.034286
12.772581 -0.032900
12.777582 -0.030419
12.782583 -0.026787
12.787584 -0.021937
12.792585 -0.016487
12.797586 -0.010765
12.802587 -0.004646
12.807588 0.001639
12.812589 0.007890
12.817590 0.013639
12.822591 0.018957
12.827592 0.023956
12.832593 0.027885
12.837594 0.030827
12.842595 0.033254
12.847596 0.034971
12.852597 0.035870
12.857598 0.035982
12.862599 0.035568
12.867600 0.034934
12.872601 0.033622
12.877602 0.031359
12.882603 0.028744
12.887604 0.025835
12.892605 0.022368
12.897606 0.018153
12.902607 0.013535
12.907608 0.008856
12.912609 0.003880
12.917610 -0.001096
12.922611 -0.005669
12.927612 -0.009574
12.932613 -0.013059
12.937614 -0.016338
12.942615 -0.019167
12.947616 -0.021610
12.952617 -0.023705
12.957618 -0.026184
12.962619 -0.029029
12.967620 -0.031340
12.972621 -0.033709
12.977622 -0.035976
12.982623 -0.037476
12.987624 -0.038244
12.992625 -0.037982
12.997626 -0.036890
13.002627 -0.034797
13.007628 -0.031420
13.012629 -0.027565
13.017630 -0.023540
13.022631 -0.018973
13.027632 -0.014047
13.032633 -0.009310
13.037634 -0.005297
13.042635 -0.001864
13.047636 0.001248
13.052637 0.003707
13.057638 0.005449
13.062639 0.007037
13.067640 0.009123
13.072641 0.011400
13.077642 0.013946
13.082643 0.016951
13.087645 0.020299
13.092646 0.024040
13.097647 0.027365
13.102648 0.030639
13.107649 0.034068
13.112650 0.036926
13.117651 0.039112
13.122652 0.040340
13.127653 0.041003
13.132654 0.040944
13.137655 0.039529
13.142656 0.037229
13.147657 0.034034
13.152658 0.029517
13.157659 0.024120
13.162660 0.018089
13.167661 0.011829
13.172662 0.005685
13.177663 -0.000689
13.182664 -0.005986
13.187665 -0.009937
13.192666 -0.013357
13.197667 -0.015892
13.202668 -0.017903
13.207669 -0.019383
13.212670 -0.020819
13.217671 -0.022840
13.222672 -0.024745
13.227673 -0.026401
13.232674 -0.028205
13.237675 -0.030328
13.242676 -0.032275
13.247677 -0.033518
13.252678 -0.034229
13.257679 -0.034536
13.262680 -0.033952
13.267681 -0.032083
13.272682 -0.029423
13.277683 -0.026118
13.282684 -0.022102
13.287685 -0.017661
13.292686 -0.012943
13.297687 -0.008237
13.302688 -0.003480
13.307689 0.001311
13.312690 0.005305
13.317691 0.008352
13.322692 0.010538
13.327693 0.012085
13.332694 0.013063
13.337695 0.012889
13.342696 0.012144
13.347697 0.011168
13.352698 0.009463
13.357699 0.007243
13.362700 0.004901
13.367701 0.003004
13.372702 0.001043
13.377703 -0.001147
13.382704 -0.002535
13.387705 -0.003301
13.392706 -0.003828
13.397707 -0.003810
13.402708 -0.003076
13.407709 -0.002044
13.412710 -0.000820
13.417711 0.000664
13.422712 0.002079
13.427713 0.003247
13.432714 0.004224
13.437715 0.004784
13.442716 0.004755
13.447717 0.004539
13.452718 0.003897
13.457719 0.002545
13.462720 0.001142
13.467721 0.000129
13.472722 -0.000645
13.477723 -0.000991
13.482724 -0.000537
13.487725 0.000747
13.492726 0.002621
13.497727 0.004710
13.502728 0.006840
13.507729 0.008875
13.512730 0.010585
13.517731 0.011455
13.522732 0.011581
13.527733 0.011297
13.532734 0.010520
13.537735 0.009626
13.542736 0.009132
13.547737 0.009246
13.552738 0.009857
13.557739 0.010657
13.562741 0.011510
13.567742 0.012490
13.572743 0.012824
13.577744 0.012012
13.582745 0.010404
13.587746 0.007905
13.592747 0.004876
13.597748 0.001446
13.602749 -0.001968
13.607750 -0.004904
13.612751 -0.007951
13.617752 -0.010802
13.622753 -0.013029
13.627754 -0.014526
13.632755 -0.015432
13.637756 -0.016125
13.642757 -0.016306
13.647758 -0.015839
13.652759 -0.015089
13.657760 -0.014117
13.662761 -0.012832
13.667762 -0.011264
13.672763 -0.009579
13.677764 -0.007705
13.682765 -0.005519
13.687766 -0.003154
13.692767 -0.000691
13.697768 0.001821
13.702769 0.004608
13.707770 0.007933
13.712771 0.011455
13.717772 0.014900
13.722773 0.018353
13.727774 0.022012
13.732775 0.025074
13.737776 0.026888
13.742777 0.028283
13.747778 0.029099
13.752779 0.028953
13.757780 0.028002
13.762781 0.026331
13.767782 0.024367
13.772783 0.021491
13.777784 0.018056
13.782785 0.014707
13.787786 0.010835
13.792787 0.006869
13.797788 0.002816
13.802789 -0.001411
13.807790 -0.005291
13.812791 -0.009027
13.817792 -0.012601
13.822793 -0.015553
13.827794 -0.018124
13.832795 -0.020429
13.837796 -0.022378
13.842797 -0.024031
13.847798 -0.024894
13.852799 -0.025261
13.857800 -0.025308
13.862801 -0.024443
13.867802 -0.022769
13.872803 -0.020445
13.877804 -0.017690
13.882805 -0.014741
13.887806 -0.011324
13.892807 -0.007991
13.897808 -0.005214
13.902809 -0.002501
13.907810 -0.000097
13.912811 0.001911
13.917812 0.003460
13.922813 0.004662
13.927814 0.006084
13.932815 0.006979
13.937816 0.007322
13.942817 0.007289
13.947818 0.006788
13.952819 0.005845
13.957820 0.004122
13.962821 0.002072
13.967822 -0.000042
13.972823 -0.002288
13.977824 -0.004588
13.982825 -0.006637
13.987826 -0.007998
13.992827 -0.008991
13.997828 -0.009745
14.002829 -0.009896
14.007830 -0.009418
14.012831 -0.008623
14.017832 -0.007878
14.022833 -0.006986
14.027834 -0.006061
14.032835 -0.005383
14.037836 -0.005117
14.042838 -0.005266
14.047839 -0.005501
14.052840 -0.006026
14.057841 -0.007004
14.062842 -0.007901
14.067843 -0.008302
14.072844 -0.008357
14.077845 -0.008442
14.082846 -0.008056
14.087847 -0.007227
14.092848 -0.006170
14.097849 -0.004641
14.102850 -0.002916
14.107851 -0.000404
14.112852 0.002815
14.117853 0.006184
14.122854 0.010072
14.127855 0.014376
14.132856 0.018435
14.137857 0.021810
14.142858 0.024959
14.147859 0.027722
14.152860 0.029661
14.157861 0.030587
14.162862 0.030869
14.167863 0.030821
14.172864 0.029604
14.177865 0.027622
14.182866 0.025092
14.187867 0.021963
14.192868 0.018617
14.197869 0.014910
14.202870 0.011456
14.207871 0.008355
14.212872 0.005444
14.217873 0.002780
14.222874 0.000353
14.227875 -0.001593
14.232876 -0.003306
14.237877 -0.005191
14.242878 -0.006780
14.247879 -0.007708
14.252880 -0.008750
14.257881 -0.009897
14.262882 -0.010644
14.267883 -0.011443
14.272884 -0.012297
14.277885 -0.013155
14.282886 -0.014086
14.287887 -0.014526
14.292888 -0.015018
14.297889 -0.015599
14.302890 -0.015698
14.307891 -0.015484
14.312892 -0.014995
14.317893 -0.014491
14.322894 -0.013670
14.327895 -0.012294
14.332896 -0.010749
14.337897 -0.009209
14.342898 -0.007701
14.347899 -0.005768
14.352900 -0.003936
14.357901 -0.002721
14.362902 -0.001673
14.367903 -0.000957
14.372904 -0.000542
14.377905 -0.000853
14.382906 -0.001741
14.387907 -0.002422
14.392908 -0.003436
14.397909 -0.004950
14.402910 -0.006446
14.407911 -0.007596
14.412912 -0.008511
14.417913 -0.009177
14.422914 -0.009271
14.427915 -0.008361
14.432916 -0.006693
14.437917 -0.004558
14.442918 -0.001910
14.447919 0.001142
14.452920 0.004255
14.457921 0.006933
14.462922 0.009440
14.467923 0.011611
14.472924 0.013031
14.477925 0.013495
14.482926 0.013144
14.487927 0.012275
14.492928 0.010628
14.497929 0.008522
14.502930 0.006112
14.507931 0.003817
14.512932 0.001762
14.517934 -0.000572
14.522935 -0.002449
14.527936 -0.003616
14.532937 -0.004544
14.537938 -0.005158
14.542939 -0.005207
14.547940 -0.004768
14.552941 -0.004032
14.557942 -0.003358
14.562943 -0.002751
14.567944 -0.001344
14.572945 0.000206
14.577946 0.001488
14.582947 0.003080
14.587948 0.004983
14.592949 0.006774
14.597950 0.008275
14.602951 0.009892
14.607952 0.011238
14.612953 0.012305
14.617954 0.012921
14.622955 0.013066
14.627956 0.013314
14.632957 0.013182
14.637958 0.012422
14.642959 0.011464
14.647960 0.010570
14.652961 0.009435
14.657962 0.007935
14.662963 0.006096
14.667964 0.004430
14.672965 0.003017
14.677966 0.001212
14.682967 -0.000132
14.687968 -0.000991
14.692969 -0.002030
14.697970 -0.002811
14.702971 -0.003359
14.707972 -0.003520
14.712973 -0.003601
14.717974 -0.004133
14.722975 -0.004568
14.727976 -0.004943
14.732977 -0.005627
14.737978 -0.006654
14.742979 -0.007849
14.747980 -0.008748
14.752981 -0.009268
14.757982 -0.009863
14.762983 -0.009998
14.767984 -0.009290
14.772985 -0.008361
14.777986 -0.006981
14.782987 -0.005298
14.787988 -0.003320
14.792989 -0.001180
14.797990 0.000487
14.802991 0.002045
14.807992 0.003428
14.812993 0.004243
14.817994 0.004460
14.822995 0.004335
14.827996 0.004327
14.832997 0.004241
14.837998 0.003831
14.842999 0.003447
14.848000 0.003359
14.853001 0.003322
14.858002 0.003112
14.863003 0.002688
14.868004 0.002210
14.873005 0.001816
14.878006 0.001050
14.883007 0.000201
14.888008 -0.000426
14.893009 -0.001243
14.898010 -0.002142
14.903011 -0.003062
14.908012 -0.003935
14.913013 -0.004468
14.918014 -0.004949
14.923015 -0.005221
14.928016 -0.004882
14.933017 -0.004677
14.938018 -0.004596
14.943019 -0.004591
14.948020 -0.005164
14.953021 -0.005957
14.958022 -0.007336
14.963023 -0.009163
14.968024 -0.010938
14.973025 -0.012842
14.978026 -0.014821
14.983027 -0.016563
14.988028 -0.017682
14.993030 -0.018383
14.998031 -0.018729
15.003032 -0.018739
15.008033 -0.018051
15.013034 -0.016748
15.018035 -0.015594
15.023036 -0.014009
15.028037 -0.011956
15.033038 -0.010146
15.038039 -0.008197
15.043040 -0.006204
15.048041 -0.004176
15.053042 -0.002149
15.058043 -0.000653
15.063044 0.001135
15.068045 0.003542
15.073046 0.006047
15.078047 0.008862
15.083048 0.012085
15.088049 0.015536
15.093050 0.018828
15.098051 0.021856
15.103052 0.024872
15.108053 0.027433
15.113054 0.029206
15.118055 0.030073
15.123056 0.029942
15.128057 0.029059
15.133058 0.027039
15.138059 0.023548
15.143060 0.019195
15.148061 0.014541
15.153062 0.009119
15.158063 0.003315
15.163064 -0.002265
15.168065 -0.007621
15.173066 -0.012088
15.178067 -0.016256
15.183068 -0.019696
15.188069 -0.021784
15.193070 -0.023068
15.198071 -0.023344
15.203072 -0.022676
15.208073 -0.021023
15.213074 -0.018418
15.218075 -0.015049
15.223076 -0.010973
15.228077 -0.006115
15.233078 -0.000826
15.238079 0.004497
15.243080 0.009958
15.248081 0.015393
15.253082 0.020473
15.258083 0.024723
15.263084 0.028178
15.268085 0.031155
15.273086 0.033225
15.278087 0.034087
15.283088 0.034287
15.288089 0.033699
15.293090 0.032270
15.298091 0.030053
15.303092 0.026849
15.308093 0.023373
15.313094 0.019293
15.318095 0.014429
15.323096 0.009424
15.328097 0.004133
15.333098 -0.001161
15.338099 -0.006538
15.343100 -0.011941
15.348101 -0.016798
15.353102 -0.021336
15.358103 -0.025609
15.363104 -0.029472
15.368105 -0.032876
15.373106 -0.035573
15.378107 -0.038069
15.383108 -0.040221
15.388109 -0.041441
15.393110 -0.042432
15.398111 -0.043109
15.403112 -0.042995
15.408113 -0.042045
15.413114 -0.040291
15.418115 -0.038058
15.423116 -0.035386
15.428117 -0.031905
15.433118 -0.027876
15.438119 -0.023959
15.443120 -0.019848
15.448121 -0.015532
15.453122 -0.011353
15.458123 -0.007687
15.463124 -0.004589
15.468126 -0.001654
15.473127 0.000852
15.478128 0.002553
15.483129 0.003862
15.488130 0.005456
15.493131 0.006980
15.498132 0.007923
15.503133 0.009146
15.508134 0.010709
15.513135 0.012099
15.518136 0.013436
15.523137 0.014741
15.528138 0.016391
15.533139 0.018126
15.538140 0.019444
15.543141 0.021122
15.548142 0.022906
15.553143 0.024176
15.558144 0.025233
15.563145 0.026103
15.568146 0.026691
15.573147 0.026951
15.578148 0.026601
15.583149 0.026045
15.588150 0.025698
15.593151 0.025038
15.598152 0.023933
15.603153 0.022512
15.608154 0.021147
15.613155 0.019762
15.618156 0.017798
15.623157 0.015945
15.628158 0.014537
15.633159 0.012928
15.638160 0.011132
15.643161 0.009432
15.648162 0.007967
15.653163 0.006561
15.658164 0.004864
15.663165 0.003176
15.668166 0.001572
15.673167 -0.000018
15.678168 -0.001686
15.683169 -0.003735
15.688170 -0.005785
15.693171 -0.007415
15.698172 -0.009310
15.703173 -0.010903
15.708174 -0.011419
15.713175 -0.012078
15.718176 -0.012280
15.723177 -0.012037
15.728178 -0.011501
15.733179 -0.010303
15.738180 -0.009608
15.743181 -0.008653
15.748182 -0.007277
15.753183 -0.006395
15.758184 -0.005802
15.763185 -0.005524
15.768186 -0.005591
15.773187 -0.005781
15.778188 -0.006518
15.783189 -0.007614
15.788190 -0.008559
15.793191 -0.009732
15.798192 -0.011003
15.803193 -0.012142
15.808194 -0.013097
15.813195 -0.013863
15.818196 -0.014699
15.823197 -0.015516
15.828198 -0.015857
15.833199 -0.016171
15.838200 -0.016721
15.843201 -0.016983
15.848202 -0.017179
15.853203 -0.017211
15.858204 -0.017421
15.863205 -0.017511
15.868206 -0.016904
15.873207 -0.016416
15.878208 -0.015766
15.883209 -0.014647
15.888210 -0.013125
15.893211 -0.010988
15.898212 -0.008669
15.903213 -0.006113
15.908214 -0.002754
15.913215 0.000684
15.918216 0.003736
15.923217 0.006836
15.928218 0.009938
15.933219 0.012702
15.938220 0.014804
15.943222 0.016757
15.948223 0.018694
15.953224 0.020394
15.958225 0.021747
15.963226 0.022680
15.968227 0.023704
15.973228 0.024598
15.978229 0.024955
15.983230 0.024975
15.988231 0.025053
15.993232 0.025091
15.998233 0.024614
16.003234 0.023829
16.008235 0.023324
16.013236 0.022583
16.018237 0.021256
16.023238 0.020137
16.028239 0.019147
16.033240 0.018098
16.038241 0.016939
16.043242 0.015588
16.048243 0.014403
16.053244 0.013035
16.058245 0.011108
16.063246 0.009235
16.068247 0.007408
16.073248 0.005290
16.078249 0.003244
16.083250 0.001199
16.088251 -0.000645
16.093252 -0.002357
16.098253 -0.004502
16.103254 -0.006585
16.108255 -0.008564
16.113256 -0.010611
16.118257 -0.012819
16.123258 -0.015044
16.128259 -0.016827
16.133260 -0.018398
16.138261 -0.019923
16.143262 -0.021170
16.148263 -0.021821
16.153264 -0.021961
16.158265 -0.021997
16.163266 -0.021927
16.168267 -0.021165
16.173268 -0.020119
16.178269 -0.019382
16.183270 -0.018327
16.188271 -0.016968
16.193272 -0.015524
16.198273 -0.014107
16.203274 -0.012767
16.208275 -0.011048
16.213276 -0.009193
16.218277 -0.007606
16.223278 -0.006097
16.228279 -0.004548
16.233280 -0.003295
16.238281 -0.002299
16.243282 -0.001429
16.248283 -0.000593
16.253284 0.000115
16.258285 0.000327
16.263286 0.000462
16.268287 0.000642
16.273288 0.000610
16.278289 0.000352
16.283290 -0.000237
16.288291 -0.000748
16.293292 -0.001277
16.298293 -0.002102
16.303294 -0.003000
16.308295 -0.003787
16.313296 -0.004389
16.318297 -0.005146
16.323298 -0.005744
16.328299 -0.005830
16.333300 -0.005779
16.338301 -0.005798
16.343302 -0.005443
16.348303 -0.004654
16.353304 -0.003910
16.358305 -0.002938
16.363306 -0.001623
16.368307 0.000239
16.373308 0.002687
16.378309 0.005401
16.383310 0.008706
16.388311 0.012689
16.393312 0.016635
16.398313 0.020212
16.403314 0.023837
16.408315 0.026992
16.413316 0.029477
16.418318 0.031146
16.423319 0.031638
16.428320 0.031676
16.433321 0.030957
16.438322 0.029044
16.443323 0.026734
16.448324 0.024040
16.453325 0.020631
16.458326 0.016815
16.463327 0.012724
16.468328 0.008475
16.473329 0.004303
16.478330 -0.000010
16.483331 -0.004095
16.488332 -0.007477
16.493333 -0.010552
16.498334 -0.013398
16.503335 -0.015623
16.508336 -0.016917
16.513337 -0.017518
16.518338 -0.017922
16.523339 -0.017635
16.528340 -0.016337
16.533341 -0.014730
16.538342 -0.012875
16.543343 -0.010197
16.548344 -0.006941
16.553345 -0.003519
16.558346 -0.000001
16.563347 0.003545
16.568348 0.007399
16.573349 0.010961
16.578350 0.013895
16.583351 0.016486
16.588352 0.018342
16.593353 0.019708
16.598354 0.020149
16.603355 0.019767
16.608356 0.019214
16.613357 0.017866
16.618358 0.015803
16.623359 0.013703
16.628360 0.011666
16.633361 0.009436
16.638362 0.006938
16.643363 0.004374
16.648364 0.002100
16.653365 -0.000220
16.658366 -0.002815
16.663367 -0.005305
16.668368 -0.007804
16.673369 -0.010658
16.678370 -0.013637
16.683371 -0.016608
16.688372 -0.019472
16.693373 -0.022343
16.698374 -0.025408
16.703375 -0.028145
16.708376 -0.030345
16.713377 -0.031946
16.718378 -0.033272
16.723379 -0.034234
16.728380 -0.034143
16.733381 -0.033519
16.738382 -0.032667
16.743383 -0.031092
16.748384 -0.029014
16.753385 -0.026864
16.758386 -0.024444
16.763387 -0.021824
16.768388 -0.019014
16.773389 -0.016134
16.778390 -0.013431
16.783391 -0.010444
16.788392 -0.007267
16.793393 -0.004001
16.798394 -0.000750
16.803395 0.002617
16.808396 0.006442
16.813397 0.010194
16.818398 0.013807
16.823399 0.017372
16.828400 0.020880
16.833401 0.023928
16.838402 0.026267
16.843403 0.028316
16.848404 0.029850
16.853405 0.030514
16.858406 0.030182
16.863407 0.029459
16.868408 0.028497
16.873409 0.027022
16.878410 0.025090
16.883411 0.022908
16.888412 0.021018
16.893414 0.018988
16.898415 0.016698
16.903416 0.014442
16.908417 0.012324
16.913418 0.010302
16.918419 0.007763
16.923420 0.005260
16.928421 0.003148
16.933422 0.000833
16.938423 -0.001747
16.943424 -0.004262
16.948425 -0.006400
16.953426 -0.008496
16.958427 -0.010491
16.963428 -0.012189
16.968429 -0.013304
16.973430 -0.013783
16.978431 -0.014170
16.983432 -0.014065
16.988433 -0.013388
16.993434 -0.012493
16.998435 -0.011641
17.003436 -0.010663
17.008437 -0.009468
17.013438 -0.008549
17.018439 -0.007899
17.023440 -0.007339
17.028441 -0.006531
17.033442 -0.005665
17.038443 -0.004883
17.043444 -0.003855
17.048445 -0.002515
17.053446 -0.000660
17.058447 0.001238
17.063448 0.003378
17.068449 0.006228
17.073450 0.009029
17.078451 0.011480
17.083452 0.014064
17.088453 0.016352
17.093454 0.018050
17.098455 0.019243
17.103456 0.019306
17.108457 0.018949
17.113458 0.017973
17.118459 0.015627
17.123460 0.012841
17.128461 0.009889
17.133462 0.006636
17.138463 0.003106
17.143464 -0.000370
17.148465 -0.003462
17.153466 -0.006177
17.158467 -0.008683
17.163468 -0.010755
17.168469 -0.011827
17.173470 -0.012454
17.178471 -0.012743
17.183472 -0.012396
17.188473 -0.011639
17.193474 -0.010294
17.198475 -0.008890
17.203476 -0.007464
17.208477 -0.005511
17.213478 -0.003720
17.218479 -0.002270
17.223480 -0.000861
17.228481 0.000537
17.233482 0.001546
17.238483 0.001753
17.243484 0.001754
17.248485 0.001611
17.253486 0.000859
17.258487 -0.000378
17.263488 -0.001724
17.268489 -0.002864
17.273490 -0.003993
17.278491 -0.005402
17.283492 -0.006865
17.288493 -0.007707
17.293494 -0.008474
17.298495 -0.009591
17.303496 -0.010365
17.308497 -0.010870
17.313498 -0.011068
17.318499 -0.011329
17.323500 -0.011668
17.328501 -0.011392
17.333502 -0.010728
17.338503 -0.009990
17.343504 -0.008853
17.348505 -0.007179
17.353506 -0.005459
17.358507 -0.003662
17.363508 -0.001722
17.368509 0.000663
17.373511 0.003275
17.378512 0.005266
17.383513 0.007134
17.388514 0.009148
17.393515 0.011019
17.398516 0.012466
17.403517 0.013771
17.408518 0.015240
17.413519 0.016312
17.418520 0.016940
17.423521 0.017413
17.428522 0.017566
17.433523 0.017226
17.438524 0.016335
17.443525 0.015166
17.448526 0.014062
17.453527 0.012487
17.458528 0.010455
17.463529 0.008366
17.468530 0.006360
17.473531 0.004301
17.478532 0.002077
17.483533 0.000131
17.488534 -0.001599
17.493535 -0.003061
17.498536 -0.004233
17.503537 -0.004821
17.508538 -0.004613
17.513539 -0.004114
17.518540 -0.003583
17.523541 -0.002606
17.528542 -0.001080
17.533543 0.000188
17.538544 0.001205
17.543545 0.002069
17.548546 0.002973
17.553547 0.003587
17.558548 0.003535
17.563549 0.003093
17.568550 0.002423
17.573551 0.001388
17.578552 -0.000354
17.583553 -0.002086
17.588554 -0.003751
17.593555 -0.005697
17.598556 -0.007717
17.603557 -0.009454
17.608558 -0.010711
17.613559 -0.011935
17.618560 -0.012836
17.623561 -0.013598
17.628562 -0.013765
17.633563 -0.013501
17.638564 -0.013528
17.643565 -0.013280
17.648566 -0.012890
17.653567 -0.012385
17.658568 -0.011962
17.663569 -0.011807
17.668570 -0.011160
17.673571 -0.010406
17.678572 -0.010013
17.683573 -0.008882
17.688574 -0.007362
17.693575 -0.005974
17.698576 -0.004126
17.703577 -0.002619
17.708578 -0.001043
17.713579 0.000666
17.718580 0.001698
17.723581 0.002795
17.728582 0.003765
17.733583 0.004460
17.738584 0.005083
17.743585 0.005300
17.748586 0.005818
17.753587 0.006448
17.758588 0.006722
17.763589 0.007108
17.768590 0.007689
17.773591 0.008270
17.778592 0.008747
17.783593 0.009327
17.788594 0.010134
17.793595 0.010681
17.798596 0.010854
17.803597 0.011111
17.808598 0.011462
17.813599 0.011446
17.818600 0.011005
17.823601 0.010512
17.828602 0.010115
17.833603 0.009537
17.838604 0.008370
17.843605 0.007035
17.848607 0.005924
17.853608 0.004600
17.858609 0.003144
17.863610 0.001522
17.868611 -0.000117
17.873612 -0.001554
17.878613 -0.003658
17.883614 -0.005587
17.888615 -0.007027
17.893616 -0.008918
17.898617 -0.010695
17.903618 -0.012260
17.908619 -0.013347
17.913620 -0.014166
17.918621 -0.015047
17.923622 -0.015370
17.928623 -0.015271
17.933624 -0.014858
17.938625 -0.014200
17.943626 -0.013331
17.948627 -0.012138
17.953628 -0.010547
17.958629 -0.008910
17.963630 -0.007157
17.968631 -0.004839
17.973632 -0.002556
17.978633 -0.000472
17.983634 0.001644
17.988635 0.004052
17.993636 0.006388
17.998637 0.008319
18.003638 0.010201
18.008639 0.011803
18.013640 0.013055
18.018641 0.013901
18.023642 0.014168
18.028643 0.014173
18.033644 0.013728
18.038645 0.012540
18.043646 0.011129
18.048647 0.009712
18.053648 0.008010
18.058649 0.005956
18.063650 0.003856
18.068651 0.001981
18.073652 0.000072
18.078653 -0.001492
18.083654 -0.002758
18.088655 -0.003689
18.093656 -0.003895
18.098657 -0.004069
18.103658 -0.003874
18.108659 -0.003041
18.113660 -0.001898
18.118661 -0.000832
18.123662 0.000090
18.128663 0.001311
18.133664 0.002468
18.138665 0.003207
18.143666 0.003708
18.148667 0.004044
18.153668 0.004136
18.158669 0.003812
18.163670 0.003255
18.168671 0.002681
18.173672 0.001944
18.178673 0.000790
18.183674 -0.000591
18.188675 -0.001732
18.193676 -0.003120
18.198677 -0.004923
18.203678 -0.006650
18.208679 -0.008421
18.213680 -0.009998
18.218681 -0.011596
18.223682 -0.013279
18.228683 -0.014255
18.233684 -0.014937
18.238685 -0.015418
18.243686 -0.015321
18.248687 -0.014871
18.253688 -0.013955
18.258689 -0.012737
18.263690 -0.011156
18.268691 -0.009022
18.273692 -0.006551
18.278693 -0.004224
18.283694 -0.001982
18.288695 0.000735
18.293696 0.003055
18.298697 0.004730
18.303698 0.006084
18.308699 0.007416
18.313700 0.008690
18.318701 0.008945
18.323703 0.009097
18.328704 0.009517
18.333705 0.009596
18.338706 0.009482
18.343707 0.009447
18.348708 0.009857
18.353709 0.010427
18.358710 0.010752
18.363711 0.011351
18.368712 0.012196
18.373713 0.012894
18.378714 0.013482
18.383715 0.013734
18.388716 0.014171
18.393717 0.014377
18.398718 0.013737
18.403719 0.013201
18.408720 0.012611
18.413721 0.011572
18.418722 0.010239
18.423723 0.008689
18.428724 0.007095
18.433725 0.005468
18.438726 0.003365
18.443727 0.001252
18.448728 -0.000729
18.453729 -0.003019
18.458730 -0.005260
18.463731 -0.007538
18.468732 -0.009509
18.473733 -0.011089
18.478734 -0.012903
18.483735 -0.014343
18.488736 -0.015006
18.493737 -0.015607
18.498738 -0.016023
18.503739 -0.016194
18.508740 -0.015832
18.513741 -0.015034
18.518742 -0.014563
18.523743 -0.013772
18.528744 -0.012823
18.533745 -0.012051
18.538746 -0.011315
18.543747 -0.010876
18.548748 -0.010366
18.553749 -0.009873
18.558750 -0.009856
18.563751 -0.009757
18.568752 -0.009128
18.573753 -0.008707
18.578754 -0.008381
18.583755 -0.007470
18.588756 -0.006130
18.593757 -0.004712
18.598758 -0.002859
18.603759 -0.000703
18.608760 0.001489
18.613761 0.004040
18.618762 0.006334
18.623763 0.008311
18.628764 0.010353
18.633765 0.012078
18.638766 0.013119
18.643767 0.013590
18.648768 0.014017
18.653769 0.014091
18.658770 0.013520
18.663771 0.012585
18.668772 0.011736
18.673773 0.011064
18.678774 0.009888
18.683775 0.008616
18.688776 0.007903
18.693777 0.007159
18.698778 0.006231
18.703779 0.005581
18.708780 0.005179
18.713781 0.004825
18.718782 0.004467
18.723783 0.003979
18.728784 0.003859
18.733785 0.003759
18.738786 0.003225
18.743787 0.002827
18.748788 0.002571
18.753789 0.002412
18.758790 0.002121
18.763791 0.001554
18.768792 0.001322
18.773793 0.001114
18.778794 0.000471
18.783795 -0.000188
18.788796 -0.000541
18.793797 -0.001062
18.798799 -0.002079
18.803800 -0.003106
18.808801 -0.004038
18.813802 -0.004846
18.818803 -0.005807
18.823804 -0.006925
18.828805 -0.007589
18.833806 -0.008179
18.838807 -0.008780
18.843808 -0.009043
18.848809 -0.009285
18.853810 -0.009354
18.858811 -0.009478
18.863812 -0.009644
18.868813 -0.009382
18.873814 -0.009071
18.878815 -0.008952
18.883816 -0.008683
18.888817 -0.007912
18.893818 -0.007094
18.898819 -0.006597
18.903820 -0.005822
18.908821 -0.004638
18.913822 -0.003647
18.918823 -0.002704
18.923824 -0.001561
18.928825 -0.000395
18.933826 0.000832
18.938827 0.001890
18.943828 0.002764
18.948829 0.003954
18.953830 0.005226
18.958831 0.005990
18.963832 0.006910
18.968833 0.007925
18.973834 0.008689
18.978835 0.009233
18.983836 0.009432
18.988837 0.009841
18.993838 0.010036
18.998839 0.009822
19.003840 0.009758
19.008841 0.009618
19.013842 0.009266
19.018843 0.008641
19.023844 0.007853
19.028845 0.007168
19.033846 0.006328
19.038847 0.004928
19.043848 0.003652
19.048849 0.002648
19.053850 0.001419
19.058851 0.000200
19.063852 -0.000870
19.068853 -0.001713
19.073854 -0.002356
19.078855 -0.002979
19.083856 -0.003267
19.088857 -0.002911
19.093858 -0.002370
19.098859 -0.001863
19.103860 -0.001132
19.108861 -0.000059
19.113862 0.001023
19.118863 0.001826
19.123864 0.002811
19.128865 0.003791
19.133866 0.004612
19.138867 0.005270
19.143868 0.005634
19.148869 0.006139
19.153870 0.006477
19.158871 0.006459
19.163872 0.006347
19.168873 0.006094
19.173874 0.005919
19.178875 0.005361
19.183876 0.004417
19.188877 0.003613
19.193878 0.002782
19.198879 0.001700
19.203880 0.000528
19.208881 -0.000344
19.213882 -0.001083
19.218883 -0.002066
19.223884 -0.002961
19.228885 -0.003467
19.233886 -0.003963
19.238887 -0.004629
19.243888 -0.005114
19.248889 -0.005244
19.253890 -0.005465
19.258891 -0.006154
19.263892 -0.006715
19.268893 -0.006915
19.273895 -0.007279
19.278896 -0.007942
19.283897 -0.008510
19.288898 -0.009014
19.293899 -0.009591
19.298900 -0.010326
19.303901 -0.011044
19.308902 -0.011376
19.313903 -0.011852
19.318904 -0.012271
19.323905 -0.012327
19.328906 -0.012122
19.333907 -0.011635
19.338908 -0.011159
19.343909 -0.010467
19.348910 -0.009393
19.353911 -0.008174
19.358912 -0.006933
19.363913 -0.005639
19.368914 -0.004191
19.373915 -0.002631
19.378916 -0.001476
19.383917 -0.000303
19.388918 0.001071
19.393919 0.001895
19.398920 0.002472
19.403921 0.002911
19.408922 0.003496
19.413923 0.003950
19.418924 0.003590
19.423925 0.003401
19.428926 0.003350
19.433927 0.002804
19.438928 0.002242
19.443929 0.001628
19.448930 0.001044
19.453931 0.000690
19.458932 0.000061
19.463933 -0.000408
19.468934 -0.000412
19.473935 -0.000376
19.478936 -0.000313
19.483937 -0.000243
19.488938 0.000091
19.493939 0.000603
19.498940 0.000824
19.503941 0.001058
19.508942 0.001591
19.513943 0.001903
19.518944 0.002008
19.523945 0.002298
19.528946 0.002689
19.533947 0.002999
19.538948 0.003110
19.543949 0.003491
19.548950 0.004336
19.553951 0.005061
19.558952 0.005660
19.563953 0.006488
19.568954 0.007563
19.573955 0.008715
19.578956 0.009805
19.583957 0.010743
19.588958 0.011866
19.593959 0.012921
19.598960 0.013413
19.603961 0.013916
19.608962 0.014451
19.613963 0.014742
19.618964 0.014801
19.623965 0.014632
19.628966 0.014750
19.633967 0.014808
19.638968 0.014491
19.643969 0.014037
19.648970 0.013575
19.653971 0.013218
19.658972 0.012462
19.663973 0.011541
19.668974 0.010790
19.673975 0.009800
19.678976 0.008407
19.683977 0.006860
19.688978 0.005547
19.693979 0.004079
19.698980 0.002376
19.703981 0.000685
19.708982 -0.000812
19.713983 -0.002133
19.718984 -0.003629
19.723985 -0.005033
19.728986 -0.006244
19.733987 -0.007364
19.738988 -0.008685
19.743989 -0.010054
19.748991 -0.010967
19.753992 -0.011819
19.758993 -0.012998
19.763994 -0.014176
19.768995 -0.014981
19.773996 -0.015912
19.778997 -0.016970
19.783998 -0.017978
19.788999 -0.018751
19.794000 -0.019251
19.799001 -0.020000
19.804002 -0.020553
19.809003 -0.020719
19.814004 -0.020701
19.819005 -0.020469
19.824006 -0.020107
19.829007 -0.019118
19.834008 -0.017748
19.839009 -0.016601
19.844010 -0.014814
19.849011 -0.012620
19.854012 -0.010511
19.859013 -0.008254
19.864014 -0.006135
19.869015 -0.003859
19.874016 -0.001727
19.879017 0.000041
19.884018 0.001617
19.889019 0.003281
19.894020 0.004711
19.899021 0.005687
19.904022 0.006825
19.909023 0.007843
19.914024 0.008735
19.919025 0.009353
19.924026 0.009881
19.929027 0.010710
19.934028 0.011257
19.939029 0.011352
19.944030 0.011472
19.949031 0.011633
19.954032 0.011385
19.959033 0.011006
19.964034 0.010413
19.969035 0.009663
19.974036 0.009098
19.979037 0.008259
19.984038 0.007264
19.989039 0.006590
19.994040 0.005906
19.999041 0.005136
20.004042 0.004677
20.009043 0.004418
20.014044 0.004361
20.019045 0.004356
20.024046 0.004411
20.029047 0.004831
20.034048 0.005370
20.039049 0.005708
20.044050 0.005857
20.049051 0.005968
20.054052 0.006114
20.059053 0.005655
20.064054 0.004964
20.069055 0.004714
20.074056 0.003901
20.079057 0.002872
20.084058 0.002012
20.089059 0.001228
20.094060 0.000661
20.099061 -0.000348
20.104062 -0.001008
20.109063 -0.001315
20.114064 -0.001867
20.119065 -0.002279
20.124066 -0.002802
20.129067 -0.003277
20.134068 -0.003601
20.139069 -0.004270
20.144070 -0.004969
20.149071 -0.005201
20.154072 -0.005738
20.159073 -0.006620
20.164074 -0.007336
20.169075 -0.007919
20.174076 -0.008201
20.179077 -0.008703
20.184078 -0.009239
20.189079 -0.009362
20.194080 -0.009484
20.199081 -0.009525
20.204082 -0.009571
20.209083 -0.009377
20.214084 -0.008937
20.219085 -0.008598
20.224086 -0.008158
20.229088 -0.007527
20.234089 -0.006739
20.239090 -0.006045
20.244091 -0.005340
20.249092 -0.004503
20.254093 -0.003473
20.259094 -0.002648
20.264095 -0.002091
20.269096 -0.001013
20.274097 0.000230
20.279098 0.001136
20.284099 0.002278
20.289100 0.003744
20.294101 0.004927
20.299102 0.005967
20.304103 0.006809
20.309104 0.007785
20.314105 0.008774
20.319106 0.009055
20.324107 0.009234
20.329108 0.009425
20.334109 0.009252
20.339110 0.008654
20.344111 0.007789
20.349112 0.006954
20.354113 0.005849
20.359114 0.004428
20.364115 0.003043
20.369116 0.001907
20.374117 0.000994
20.379118 -0.000104
20.384119 -0.001136
20.389120 -0.001517
20.394121 -0.001748
20.399122 -0.002074
20.404123 -0.002344
20.409124 -0.002303
20.414125 -0.001970
20.419126 -0.001941
20.424127 -0.002012
20.429128 -0.001967
20.434129 -0.001870
20.439130 -0.001928
20.444131 -0.002068
20.449132 -0.001982
20.454133 -0.002066
20.459134 -0.002373
20.464135 -0.002522
20.469136 -0.002414
20.474137 -0.002319
20.479138 -0.002459
20.484139 -0.002739
20.489140 -0.002785
20.494141 -0.002821
20.499142 -0.003158
20.504143 -0.003265
20.509144 -0.003290
20.514145 -0.003395
20.519146 -0.003484
20.524147 -0.003835
20.529148 -0.003859
20.534149 -0.003850
20.539150 -0.004189
20.544151 -0.004203
20.549152 -0.003960
20.554153 -0.003544
20.559154 -0.003150
20.564155 -0.002718
20.569156 -0.001668
20.574157 -0.000342
20.579158 0.000786
20.584159 0.002140
20.589160 0.003781
20.594161 0.005385
20.599162 0.006889
20.604163 0.008000
20.609164 0.009147
20.614165 0.010239
20.619166 0.010692
20.624167 0.011050
20.629168 0.011429
20.634169 0.011321
20.639170 0.011017
20.644171 0.010502
20.649172 0.009857
20.654173 0.009536
20.659174 0.008924
20.664175 0.008275
20.669176 0.008086
20.674177 0.007632
20.679178 0.007018
20.684179 0.006439
20.689180 0.005959
20.694181 0.005672
20.699182 0.004946
20.704184 0.004079
20.709185 0.003459
20.714186 0.002631
20.719187 0.001570
20.724188 0.000371
20.729189 -0.000793
20.734190 -0.002079
20.739191 -0.003528
20.744192 -0.004879
20.749193 -0.006180
20.754194 -0.007485
20.759195 -0.008974
20.764196 -0.010529
20.769197 -0.011735
20.774198 -0.013002
20.779199 -0.014449
20.784200 -0.015752
20.789201 -0.016886
20.794202 -0.017910
20.799203 -0.018897
20.804204 -0.019499
20.809205 -0.019702
20.814206 -0.019615
20.819207 -0.019320
20.824208 -0.018665
20.829209 -0.017290
20.834210 -0.015724
20.839211 -0.013992
20.844212 -0.011902
20.849213 -0.009491
20.854214 -0.006881
20.859215 -0.004341
20.864216 -0.001725
20.869217 0.001123
20.874218 0.003971
20.879219 0.006325
20.884220 0.008503
20.889221 0.010760
20.894222 0.012676
20.899223 0.014148
20.904224 0.015279
20.909225 0.016555
20.914226 0.017419
20.919227 0.017695
20.924228 0.017898
20.929229 0.017893
20.934230 0.017887
20.939231 0.017406
20.944232 0.016672
20.949233 0.016029
20.954234 0.015135
20.959235 0.014017
20.964236 0.012752
20.969237 0.011571
20.974238 0.010176
20.979239 0.008585
20.984240 0.007132
20.989241 0.005800
20.994242 0.004546
20.999243 0.003162
21.004244 0.001809
21.009245 0.000800
21.014246 -0.000164
21.019247 -0.001451
21.024248 -0.002707
21.029249 -0.003712
21.034250 -0.004917
21.039251 -0.006207
21.044252 -0.007472
21.049253 -0.008632
21.054254 -0.009624
21.059255 -0.010917
21.064256 -0.011960
21.069257 -0.012637
21.074258 -0.013233
21.079259 -0.013555
21.084260 -0.013773
21.089261 -0.013160
21.094262 -0.012233
21.099263 -0.011393
21.104264 -0.010136
21.109265 -0.008569
21.114266 -0.006624
21.119267 -0.004905
21.124268 -0.003244
21.129269 -0.001281
21.134270 0.000538
21.139271 0.001889
21.144272 0.002747
21.149273 0.003931
21.154274 0.004940
21.159275 0.005247
21.164276 0.005616
21.169277 0.006083
21.174278 0.006452
21.179280 0.006464
21.184281 0.006647
21.189282 0.006964
21.194283 0.007115
21.199284 0.007308
21.204285 0.006931
21.209286 0.006859
21.214287 0.006782
21.219288 0.005885
21.224289 0.005121
21.229290 0.004369
21.234291 0.003668
21.239292 0.002740
21.244293 0.001644
21.249294 0.000907
21.254295 0.000307
21.259296 -0.000376
21.264297 -0.000952
21.269298 -0.001067
21.274299 -0.001346
21.279300 -0.001672
21.284301 -0.001978
21.289302 -0.002204
21.294303 -0.002202
21.299304 -0.002657
21.304305 -0.003059
21.309306 -0.003406
21.314307 -0.004006
21.319308 -0.004703
21.324309 -0.005877
21.329310 -0.006787
21.334311 -0.007689
21.339312 -0.008919
21.344313 -0.009746
21.349314 -0.010478
21.354315 -0.010773
21.359316 -0.010952
21.364317 -0.011076
21.369318 -0.010566
21.374319 -0.009773
21.379320 -0.008813
21.384321 -0.007935
21.389322 -0.006632
21.394323 -0.005215
21.399324 -0.003948
21.404325 -0.002622
21.409326 -0.001308
21.414327 0.000052
21.419328 0.001055
21.424329 0.002099
21.429330 0.003263
21.434331 0.004320
21.439332 0.005248
21.444333 0.005940
21.449334 0.006903
21.454335 0.007904
21.459336 0.008316
21.464337 0.008305
21.469338 0.008474
21.474339 0.008639
21.479340 0.008173
21.484341 0.007519
21.489342 0.007026
21.494343 0.006295
21.499344 0.005317
21.504345 0.004218
21.509346 0.003238
21.514347 0.002434
21.519348 0.001247
21.524349 0.000133
21.529350 -0.000504
21.534351 -0.001107
21.539352 -0.001733
21.544353 -0.002404
21.549354 -0.002767
21.554355 -0.002856
21.559356 -0.003025
21.564357 -0.003010
21.569358 -0.002688
21.574359 -0.002179
21.579360 -0.001484
21.584361 -0.000676
21.589362 0.000127
21.594363 0.001324
21.599364 0.002354
21.604365 0.003044
21.609366 0.004115
21.614367 0.005062
21.619368 0.005859
21.624369 0.006559
21.629370 0.007219
21.634371 0.007998
21.639372 0.008323
21.644373 0.008494
21.649374 0.008732
21.654376 0.008793
21.659377 0.008366
21.664378 0.007734
21.669379 0.007295
21.674380 0.006695
21.679381 0.005646
21.684382 0.004363
21.689383 0.003604
21.694384 0.002641
21.699385 0.001386
21.704386 0.000441
21.709387 -0.000655
21.714388 -0.001231
21.719389 -0.002022
21.724390 -0.002955
21.729391 -0.003263
21.734392 -0.003670
21.739393 -0.004237
21.744394 -0.005012
21.749395 -0.005245
21.754396 -0.005353
21.759397 -0.005862
21.764398 -0.006351
21.769399 -0.006752
21.774400 -0.006905
21.779401 -0.007512
21.784402 -0.008032
21.789403 -0.008339
21.794404 -0.009029
21.799405 -0.009509
21.804406 -0.010158
21.809407 -0.010613
21.814408 -0.010851
21.819409 -0.011378
21.824410 -0.011671
21.829411 -0.011790
21.834412 -0.011471
21.839413 -0.011075
21.844414 -0.010792
21.849415 -0.009835
21.854416 -0.008596
21.859417 -0.007404
21.864418 -0.005815
21.869419 -0.003949
21.874420 -0.002119
21.879421 -0.000158
21.884422 0.001756
21.889423 0.003812
21.894424 0.006082
21.899425 0.007865
21.904426 0.009733
21.909427 0.011721
21.914428 0.013260
21.919429 0.014736
21.924430 0.015694
21.929431 0.016683
21.934432 0.017786
21.939433 0.018190
21.944434 0.018480
21.949435 0.018660
21.954436 0.018557
21.959437 0.018117
21.964438 0.017302
21.969439 0.016412
21.974440 0.015420
21.979441 0.013827
21.984442 0.011879
21.989443 0.010118
21.994444 0.008031
21.999445 0.005844
22.004446 0.003480
22.009447 0.001010
22.014448 -0.001054
22.019449 -0.003418
22.024450 -0.005801
22.029451 -0.007646
22.034452 -0.009313
22.039453 -0.010906
22.044454 -0.012179
22.049455 -0.012896
22.054456 -0.013331
22.059457 -0.013789
22.064458 -0.013876
22.069459 -0.013608
22.074460 -0.013206
22.079461 -0.012820
22.084462 -0.012285
22.089463 -0.011427
22.094464 -0.010566
22.099465 -0.009702
22.104466 -0.009000
22.109467 -0.008212
22.114468 -0.007293
22.119469 -0.006496
22.124470 -0.005718
22.129472 -0.004828
22.134473 -0.003918
22.139474 -0.003311
22.144475 -0.002630
22.149476 -0.001763
22.154477 -0.001017
22.159478 -0.000459
22.164479 -0.000030
22.169480 0.000613
22.174481 0.000925
22.179482 0.000930
22.184483 0.001011
22.189484 0.001094
22.194485 0.001162
22.199486 0.001024
22.204487 0.000894
22.209488 0.001216
22.214489 0.001600
22.219490 0.001667
22.224491 0.001911
22.229492 0.002492
22.234493 0.003134
22.239494 0.003352
22.244495 0.003565
22.249496 0.003996
22.254497 0.004113
22.259498 0.004128
22.264499 0.004008
22.269500 0.004169
22.274501 0.004159
22.279502 0.003701
22.284503 0.003355
22.289504 0.003083
22.294505 0.002920
22.299506 0.002384
22.304507 0.001873
22.309508 0.001575
22.314509 0.001318
22.319510 0.001062
22.324511 0.000531
22.329512 0.000374
22.334513 0.000223
22.339514 -0.000386
22.344515 -0.000871
22.349516 -0.001210
22.354517 -0.001519
22.359518 -0.001758
22.364519 -0.002423
22.369520 -0.002847
22.374521 -0.002980
22.379522 -0.003624
22.384523 -0.003950
22.389524 -0.004137
22.394525 -0.004305
22.399526 -0.004426
22.404527 -0.004581
22.409528 -0.004140
22.414529 -0.003668
22.419530 -0.003537
22.424531 -0.003277
22.429532 -0.002575
22.434533 -0.001617
22.439534 -0.000939
22.444535 -0.000305
22.449536 0.000747
22.454537 0.001941
22.459538 0.002709
22.464539 0.003533
22.469540 0.004759
22.474541 0.005764
22.479542 0.006527
22.484543 0.007104
22.489544 0.007963
22.494545 0.008774
22.499546 0.008958
22.504547 0.009123
22.509548 0.008986
22.514549 0.008831
22.519550 0.008384
22.524551 0.007286
22.529552 0.006374
22.534553 0.005334
22.539554 0.004031
22.544555 0.002727
22.549556 0.001530
22.554557 0.000412
22.559558 -0.000868
22.564559 -0.002207
22.569560 -0.002926
22.574561 -0.003409
22.579562 -0.004328
22.584563 -0.004907
22.589564 -0.004921
22.594565 -0.004819
22.599566 -0.004564
22.604568 -0.004132
22.609569 -0.003500
22.614570 -0.002513
22.619571 -0.001683
22.624572 -0.000818
22.629573 0.000420
22.634574 0.001320
22.639575 0.002199
22.644576 0.003057
22.649577 0.003873
22.654578 0.004752
22.659579 0.005118
22.664580 0.005526
22.669581 0.006252
22.674582 0.006877
22.679583 0.007169
22.684584 0.007426
22.689585 0.007982
22.694586 0.008062
22.699587 0.007899
22.704588 0.007705
22.709589 0.007358
22.714590 0.006910
22.719591 0.005827
22.724592 0.004672
22.729593 0.003739
22.734594 0.002511
22.739595 0.000869
22.744596 -0.000821
22.749597 -0.002123
22.754598 -0.003415
22.759599 -0.005080
22.764600 -0.006604
22.769601 -0.007781
22.774602 -0.008965
22.779603 -0.010288
22.784604 -0.011441
22.789605 -0.012236
22.794606 -0.012866
22.799607 -0.013534
22.804608 -0.014127
22.809609 -0.014300
22.814610 -0.014362
22.819611 -0.014376
22.824612 -0.014218
22.829613 -0.013886
22.834614 -0.013108
22.839615 -0.012330
22.844616 -0.011616
22.849617 -0.010701
22.854618 -0.009676
22.859619 -0.008569
22.864620 -0.007535
22.869621 -0.006489
22.874622 -0.005352
22.879623 -0.004469
22.884624 -0.003793
22.889625 -0.002912
22.894626 -0.001982
22.899627 -0.001168
22.904628 -0.000455
22.909629 0.000405
22.914630 0.001593
22.919631 0.002408
22.924632 0.003137
22.929633 0.004145
22.934634 0.004881
22.939635 0.005495
22.944636 0.006083
22.949637 0.006458
22.954638 0.007001
22.959639 0.007366
22.964640 0.007270
22.969641 0.007621
22.974642 0.007882
22.979643 0.007752
22.984644 0.007622
22.989645 0.007241
22.994646 0.007232
22.999647 0.006823
23.004648 0.006066
23.009649 0.005811
23.014650 0.005142
23.019651 0.004393
23.024652 0.003730
23.029653 0.003003
23.034654 0.002597
23.039655 0.001905
23.044656 0.001126
23.049657 0.000891
23.054658 0.000663
23.059659 0.000265
23.064660 0.000088
23.069661 0.000196
23.074662 0.000643
23.079664 0.000963
23.084665 0.001149
23.089666 0.001841
23.094667 0.002595
23.099668 0.003020
23.104669 0.003499
23.109670 0.004177
23.114671 0.004949
23.119672 0.005396
23.124673 0.005511
23.129674 0.005962
23.134675 0.006317
23.139676 0.006503
23.144677 0.006686
23.149678 0.006657
23.154679 0.006794
23.159680 0.006608
23.164681 0.005983
23.169682 0.005743
23.174683 0.005395
23.179684 0.004437
23.184685 0.003597
23.189686 0.002842
23.194687 0.001952
23.199688 0.001105
23.204689 -0.000026
23.209690 -0.001024
23.214691 -0.001728
23.219692 -0.002878
23.224693 -0.004035
23.229694 -0.004753
23.234695 -0.005496
23.239696 -0.006271
23.244697 -0.006970
23.249698 -0.007280
23.254699 -0.007536
23.259700 -0.007799
23.264701 -0.007896
23.269702 -0.007717
23.274703 -0.007010
23.279704 -0.006639
23.284705 -0.006137
23.289706 -0.005220
23.294707 -0.004451
23.299708 -0.003543
23.304709 -0.002790
23.309710 -0.001995
23.314711 -0.001190
23.319712 -0.000723
23.324713 -0.000340
23.329714 0.000144
23.334715 0.000527
23.339716 0.000401
23.344717 0.000007
23.349718 -0.000296
23.354719 -0.000668
23.359720 -0.001267
23.364721 -0.002020
23.369722 -0.002743
23.374723 -0.003280
23.379724 -0.003827
23.384725 -0.004506
23.389726 -0.004963
23.394727 -0.005022
23.399728 -0.005316
23.404729 -0.005508
23.409730 -0.005162
23.414731 -0.004853
23.419732 -0.004553
23.424733 -0.004046
23.429734 -0.003427
23.434735 -0.002646
23.439736 -0.001852
23.444737 -0.001210
23.449738 -0.000413
23.454739 0.000476
23.459740 0.001193
23.464741 0.001640
23.469742 0.002225
23.474743 0.002958
23.479744 0.003250
23.484745 0.003438
23.489746 0.003730
23.494747 0.003956
23.499748 0.004083
23.504749 0.004108
23.509750 0.004217
23.514751 0.004552
23.519752 0.004587
23.524753 0.004612
23.529754 0.005175
23.534755 0.005394
23.539756 0.005455
23.544757 0.005561
23.549758 0.005638
23.554759 0.005913
23.559761 0.005740
23.564762 0.005251
23.569763 0.005023
23.574764 0.004852
23.579765 0.004133
23.584766 0.003390
23.589767 0.003019
23.594768 0.002495
23.599769 0.001785
23.604770 0.001193
23.609771 0.000932
23.614772 0.000674
23.619773 0.000347
23.624774 0.000039
23.629775 0.000024
23.634776 0.000264
23.639777 0.000289
23.644778 0.000419
23.649779 0.000618
23.654780 0.000654
23.659781 0.000744
23.664782 0.000828
23.669783 0.000840
23.674784 0.000956
23.679785 0.000804
23.684786 0.000314
23.689787 0.000163
23.694788 -0.000158
23.699789 -0.000740
23.704790 -0.001320
23.709791 -0.001815
23.714792 -0.002133
23.719793 -0.002954
23.724794 -0.003547
23.729795 -0.003828
23.734796 -0.004306
23.739797 -0.004907
23.744798 -0.005430
23.749799 -0.005575
23.754800 -0.005869
23.759801 -0.006215
23.764802 -0.006524
23.769803 -0.006446
23.774804 -0.006226
23.779805 -0.006320
23.784806 -0.006220
23.789807 -0.005986
23.794808 -0.005524
23.799809 -0.005239
23.804810 -0.004968
23.809811 -0.004422
23.814812 -0.003961
23.819813 -0.003528
23.824814 -0.003336
23.829815 -0.003143
23.834816 -0.002798
23.839817 -0.002477
23.844818 -0.002194
23.849819 -0.001895
23.854820 -0.001237
23.859821 -0.000980
23.864822 -0.000981
23.869823 -0.000426
23.874824 0.000135
23.879825 0.000515
23.884826 0.000923
23.889827 0.001409
23.894828 0.001947
23.899829 0.002365
23.904830 0.002572
23.909831 0.003227
23.914832 0.003806
23.919833 0.003859
23.924834 0.004063
23.929835 0.004183
23.934836 0.004475
23.939837 0.004440
23.944838 0.004186
23.949839 0.004291
23.954840 0.004342
23.959841 0.004262
23.964842 0.004006
23.969843 0.004013
23.974844 0.004100
23.979845 0.003758
23.984846 0.003348
23.989847 0.003326
23.994848 0.003237
23.999849 0.002790
24.004850 0.002318
24.009851 0.002109
24.014852 0.002030
24.019853 0.001582
24.024854 0.001145
24.029855 0.000987
24.034857 0.000986
24.039858 0.000789
24.044859 0.000515
24.049860 0.000714
24.054861 0.000933
24.059862 0.000936
24.064863 0.000830
24.069864 0.001059
24.074865 0.001237
24.079866 0.000894
24.084867 0.000753
24.089868 0.000557
24.094869 0.000547
24.099870 0.000573
24.104871 0.000103
24.109872 0.000072
24.114873 0.000300
24.119874 0.000043
24.124875 -0.000122
24.129876 -0.000029
24.134877 -0.000094
24.139878 -0.000125
24.144879 -0.000278
24.149880 -0.000420
24.154881 -0.000394
24.159882 -0.000720
24.164883 -0.001045
24.169884 -0.001200
24.174885 -0.001367
24.179886 -0.001643
24.184887 -0.002098
24.189888 -0.002385
24.194889 -0.002718
24.199890 -0.003388
24.204891 -0.004099
24.209892 -0.004552
24.214893 -0.004941
24.219894 -0.005419
24.224895 -0.005893
24.229896 -0.006246
24.234897 -0.006169
24.239898 -0.006320
24.244899 -0.006459
24.249900 -0.005908
24.254901 -0.005536
24.259902 -0.004976
24.264903 -0.004406
24.269904 -0.003749
24.274905 -0.002646
24.279906 -0.001863
24.284907 -0.000959
24.289908 0.000030
24.294909 0.001106
24.299910 0.002022
24.304911 0.002550
24.309912 0.003280
24.314913 0.003929
24.319914 0.004296
24.324915 0.004358
24.329916 0.004636
24.334917 0.004728
24.339918 0.004440
24.344919 0.004508
24.349920 0.004380
24.354921 0.004301
24.359922 0.004176
24.364923 0.003630
24.369924 0.003495
24.374925 0.003427
24.379926 0.003016
24.384927 0.002513
24.389928 0.002232
24.394929 0.002361
24.399930 0.002093
24.404931 0.001688
24.409932 0.001640
24.414933 0.001649
24.419934 0.001638
24.424935 0.001272
24.429936 0.001198
24.434937 0.001453
24.439938 0.001152
24.444939 0.000950
24.449940 0.000902
24.454941 0.000809
24.459942 0.000658
24.464943 0.000138
24.469944 -0.000063
24.474945 -0.000192
24.479946 -0.000689
24.484947 -0.001328
24.489948 -0.001883
24.494949 -0.002117
24.499950 -0.002697
24.504951 -0.003360
24.509953 -0.003795
24.514954 -0.004118
24.519955 -0.004568
24.524956 -0.005112
24.529957 -0.005131
24.534958 -0.005234
24.539959 -0.005368
24.544960 -0.005444
24.549961 -0.005250
24.554962 -0.004657
24.559963 -0.004423
24.564964 -0.003965
24.569965 -0.003332
24.574966 -0.002456
24.579967 -0.001574
24.584968 -0.001151
24.589969 -0.000109
24.594970 0.000923
24.599971 0.001514
24.604972 0.002233
24.609973 0.002855
24.614974 0.003669
24.619975 0.004193
24.624976 0.004260
24.629977 0.004799
24.634978 0.005266
24.639979 0.005113
24.644980 0.005043
24.649981 0.005004
24.654982 0.004913
24.659983 0.004655
24.664984 0.004015
24.669985 0.003878
24.674986 0.003873
24.679987 0.003288
24.684988 0.002808
24.689989 0.002488
24.694990 0.002186
24.699991 0.001835
24.704992 0.001028
24.709993 0.000608
24.714994 0.000365
24.719995 -0.000419
24.724996 -0.000867
24.729997 -0.001231
24.734998 -0.001622
24.739999 -0.001937
24.745000 -0.002468
0.000000 0.000000
0.005002 -0.000722
0.010003 -0.000785
0.015005 -0.000671
0.020006 -0.000442
0.025008 -0.000255
0.030009 -0.000237
0.035011 -0.000356
0.040012 -0.000449
0.045014 -0.000414
0.050015 -0.000340
0.055017 -0.000393
0.060018 -0.000615
0.065020 -0.000891
0.070021 -0.001087
0.075023 -0.001137
0.080024 -0.001016
0.085026 -0.000746
0.090027 -0.000456
0.095029 -0.000357
0.100030 -0.000539
0.105032 -0.000822
0.110033 -0.000883
0.115035 -0.000570
0.120036 -0.000060
0.125038 0.000287
0.130039 0.000221
0.135041 -0.000200
0.140042 -0.000646
0.145044 -0.000771
0.150045 -0.000492
0.155047 -0.000039
0.160048 0.000304
0.165050 0.000472
0.170051 0.000591
0.175053 0.000729
0.180054 0.000758
0.185056 0.000521
0.190057 0.000088
0.195059 -0.000221
0.200060 -0.000133
0.205062 0.000258
0.210063 0.000555
0.215065 0.000490
0.220066 0.000186
0.225068 -0.000043
0.230069 -0.000060
0.235071 0.000044
0.240072 0.000136
0.245074 0.000139
0.250075 0.000007
0.255077 -0.000220
0.260078 -0.000352
0.265080 -0.000180
0.270081 0.000264
0.275083 0.000667
0.280084 0.000682
0.285086 0.000205
0.290087 -0.000556
0.295089 -0.001178
0.300090 -0.001242
0.305092 -0.000616
0.310093 0.000380
0.315095 0.001154
0.320096 0.001276
0.325098 0.000761
0.330099 -0.000023
0.335101 -0.000642
0.340102 -0.000842
0.345104 -0.000631
0.350105 -0.000204
0.355107 0.000237
0.360108 0.000576
0.365110 0.000776
0.370112 0.000836
0.375113 0.000759
0.380115 0.000557
0.385116 0.000289
0.390118 0.000067
0.395119 -0.000012
0.400121 0.000029
0.405122 0.000063
0.410124 -0.000001
0.415125 -0.000099
0.420127 -0.000069
0.425128 0.000163
0.430130 0.000464
0.435131 0.000576
0.440133 0.000330
0.445134 -0.000169
0.450136 -0.000596
0.455137 -0.000720
0.460139 -0.000653
0.465140 -0.000699
0.470142 -0.000908
0.475143 -0.000932
0.480145 -0.000426
0.485146 0.000495
0.490148 0.001310
0.495149 0.001589
0.500151 0.001320
0.505152 0.000781
0.510154 0.000235
0.515155 -0.000187
0.520157 -0.000425
0.525158 -0.000415
0.530160 -0.000122
0.535161 0.000370
0.540163 0.000844
0.545164 0.001075
0.550166 0.000995
0.555167 0.000695
0.560169 0.000270
0.565170 -0.000257
0.570172 -0.000843
0.575173 -0.001290
0.580175 -0.001285
0.585176 -0.000596
0.590178 0.000746
0.595179 0.002426
0.600181 0.003958
0.605182 0.004855
0.610184 0.004783
0.615185 0.003698
0.620187 0.001882
0.625188 -0.000231
0.630190 -0.002329
0.635191 -0.004346
0.640193 -0.006296
0.645194 -0.007994
0.650196 -0.008897
0.655197 -0.008219
0.660199 -0.005316
0.665200 -0.000141
0.670202 0.006502
0.675203 0.013034
0.680205 0.017549
0.685206 0.018513
0.690208 0.015389
0.695209 0.008814
0.700211 0.000238
0.705212 -0.008594
0.710214 -0.015927
0.715215 -0.020088
0.720217 -0.019772
0.725219 -0.014629
0.730220 -0.005708
0.735222 0.004716
0.740223 0.013937
0.745225 0.019721
0.750226 0.020825
0.755228 0.017042
0.760229 0.009103
0.765231 -0.001229
0.770232 -0.011083
0.775234 -0.016980
0.780235 -0.016177
0.785237 -0.008276
0.790238 0.003988
0.795240 0.015520
0.800241 0.021047
0.805243 0.017623
0.810244 0.006204
0.815246 -0.008643
0.820247 -0.020888
0.825249 -0.026001
0.830250 -0.023007
0.835252 -0.014370
0.840253 -0.003912
0.845255 0.005665
0.850256 0.013891
0.855258 0.021610
0.860259 0.028919
0.865261 0.033698
0.870262 0.032144
0.875264 0.021261
0.880265 0.001708
0.885267 -0.021180
0.890268 -0.039356
0.895270 -0.046107
0.900271 -0.039648
0.905273 -0.023845
0.910274 -0.005660
0.915276 0.008811
0.920277 0.017127
0.925279 0.020608
0.930280 0.022229
0.935282 0.024032
0.940283 0.025721
0.945285 0.025041
0.950286 0.019349
0.955288 0.007359
0.960289 -0.009747
0.965291 -0.028193
0.970292 -0.042479
0.975294 -0.047059
0.980295 -0.038435
0.985297 -0.017015
0.990298 0.012106
0.995300 0.040104
1.000301 0.057116
1.005303 0.055825
1.010304 0.034741
1.015306 -0.000280
1.020307 -0.037428
1.025309 -0.063176
1.030310 -0.067609
1.035312 -0.048375
1.040313 -0.011518
1.045315 0.030912
1.050316 0.065238
1.055318 0.080665
1.060319 0.072394
1.065321 0.042712
1.070322 0.000123
1.075324 -0.043173
1.080325 -0.074874
1.085327 -0.086229
1.090329 -0.074587
1.095330 -0.044002
1.100332 -0.003688
1.105333 0.035114
1.110335 0.062606
1.115336 0.072986
1.120338 0.065460
1.125339 0.043758
1.130341 0.014497
1.135342 -0.014972
1.140344 -0.038376
1.145345 -0.051468
1.150347 -0.052293
1.155348 -0.041310
1.160350 -0.021485
1.165351 0.002107
1.170353 0.023578
1.175354 0.038073
1.180356 0.043170
1.185357 0.039051
1.190359 0.027663
1.195360 0.011724
1.200362 -0.005773
1.205363 -0.021688
1.210365 -0.032983
1.215366 -0.037302
1.220368 -0.033658
1.225369 -0.022875
1.230371 -0.007439
1.235372 0.009241
1.240374 0.023737
1.245375 0.033174
1.250377 0.035467
1.255378 0.029692
1.260380 0.016680
1.265381 -0.000585
1.270383 -0.017408
1.275384 -0.028741
1.280386 -0.031023
1.285387 -0.023606
1.290389 -0.009009
1.295390 0.008063
1.300392 0.022316
1.305393 0.029371
1.310395 0.026857
1.315396 0.015054
1.320398 -0.003002
1.325399 -0.021999
1.330401 -0.035488
1.335402 -0.037778
1.340404 -0.026351
1.345405 -0.003730
1.350407 0.022624
1.355408 0.042930
1.360410 0.049207
1.365411 0.038850
1.370413 0.015891
1.375414 -0.010699
1.380416 -0.030905
1.385417 -0.037994
1.390419 -0.031245
1.395420 -0.015818
1.400422 0.000193
1.405423 0.009989
1.410425 0.011254
1.415426 0.006596
1.420428 0.001245
1.425429 -0.000294
1.430431 0.003432
1.435432 0.010560
1.440434 0.017301
1.445436 0.019809
1.450437 0.015695
1.455439 0.004937
1.460440 -0.009926
1.465442 -0.024415
1.470443 -0.033398
1.475445 -0.032700
1.480446 -0.020754
1.485448 0.000192
1.490449 0.024069
1.495451 0.042677
1.500452 0.048687
1.505454 0.038636
1.510455 0.014506
1.515457 -0.016762
1.520458 -0.045507
1.525460 -0.062415
1.530461 -0.061406
1.535463 -0.041589
1.540464 -0.007843
1.545466 0.030218
1.550467 0.060871
1.555469 0.073951
1.560470 0.064435
1.565472 0.034677
1.570473 -0.005718
1.575475 -0.042785
1.580476 -0.063191
1.585478 -0.059507
1.590479 -0.033460
1.595481 0.004460
1.600482 0.039046
1.605484 0.056417
1.610485 0.049498
1.615487 0.020725
1.620488 -0.018969
1.625490 -0.054298
1.630491 -0.071202
1.635493 -0.061921
1.640494 -0.027990
1.645496 0.019798
1.650497 0.064731
1.655499 0.090065
1.660500 0.085474
1.665502 0.051397
1.670503 -0.000716
1.675505 -0.052606
1.680506 -0.086198
1.685508 -0.090489
1.690509 -0.065498
1.695511 -0.021749
1.700512 0.024319
1.705514 0.056979
1.710515 0.067065
1.715517 0.054655
1.720518 0.027743
1.725520 -0.002000
1.730521 -0.024100
1.735523 -0.032784
1.740524 -0.028199
1.745526 -0.015359
1.750527 -0.001427
1.755529 0.007534
1.760530 0.008911
1.765532 0.004053
1.770533 -0.003071
1.775535 -0.008094
1.780536 -0.008209
1.785538 -0.003118
1.790539 0.005135
1.795541 0.013098
1.800542 0.017137
1.805544 0.014547
1.810546 0.004447
1.815547 -0.011504
1.820549 -0.028816
1.825550 -0.040909
1.830552 -0.041257
1.835553 -0.026395
1.840555 0.001630
1.845556 0.034870
1.850558 0.061800
1.855559 0.071624
1.860561 0.058788
1.865562 0.025697
1.870564 -0.017660
1.875565 -0.057168
1.880567 -0.079792
1.885568 -0.078370
1.890570 -0.053940
1.895571 -0.014838
1.900573 0.026614
1.905574 0.058153
1.910576 0.071099
1.915577 0.062751
1.920579 0.037148
1.925580 0.003615
1.930582 -0.026782
1.935583 -0.045424
1.940585 -0.048935
1.945586 -0.039356
1.950588 -0.022030
1.955589 -0.002706
1.960591 0.014514
1.965592 0.027566
1.970594 0.035449
1.975595 0.037062
1.980597 0.031043
1.985598 0.016945
1.990600 -0.003163
1.995601 -0.024125
2.000603 -0.039086
2.005604 -0.042376
2.010606 -0.032250
2.015607 -0.011862
2.020609 0.011992
2.025610 0.031603
2.030612 0.041279
2.035613 0.039252
2.040615 0.027762
2.045616 0.011410
2.050618 -0.005161
2.055619 -0.018971
2.060621 -0.028998
2.065622 -0.035211
2.070624 -0.037243
2.075625 -0.033789
2.080627 -0.023263
2.085628 -0.005355
2.090630 0.017592
2.095631 0.040459
2.100633 0.056708
2.105634 0.060526
2.110636 0.048915
2.115637 0.023138
2.120639 -0.010874
2.125640 -0.043673
2.130642 -0.065091
2.135643 -0.067892
2.140645 -0.050689
2.145646 -0.018724
2.150648 0.017941
2.155649 0.048096
2.160651 0.063335
2.165653 0.060701
2.170654 0.043073
2.175656 0.017426
2.180657 -0.008069
2.185659 -0.026758
2.190660 -0.035071
2.195662 -0.032702
2.200663 -0.021949
2.205665 -0.006829
2.210666 0.007837
2.215668 0.017516
2.220669 0.019219
2.225671 0.012512
2.230672 -0.000166
2.235674 -0.014122
2.240675 -0.023950
2.245677 -0.025536
2.250678 -0.017780
2.255680 -0.003242
2.260681 0.012749
2.265683 0.024392
2.270684 0.028091
2.275686 0.023969
2.280687 0.015301
2.285689 0.006400
2.290690 0.000281
2.295692 -0.002775
2.300693 -0.005139
2.305695 -0.010152
2.310696 -0.019586
2.315698 -0.031800
2.320699 -0.041954
2.325701 -0.044199
2.330702 -0.034557
2.335704 -0.013052
2.340705 0.015678
2.345707 0.043476
2.350708 0.061221
2.355710 0.062125
2.360711 0.044599
2.365713 0.013409
2.370714 -0.021605
2.375716 -0.048962
2.380717 -0.059846
2.385719 -0.051499
2.390720 -0.028080
2.395722 0.001432
2.400723 0.027133
2.405725 0.041813
2.410726 0.042771
2.415728 0.031604
2.420729 0.012729
2.425731 -0.008363
2.430732 -0.026435
2.435734 -0.037233
2.440735 -0.037963
2.445737 -0.027845
2.450738 -0.008708
2.455740 0.014764
2.460741 0.035667
2.465743 0.046791
2.470744 0.043483
2.475746 0.026115
2.480747 0.000578
2.485749 -0.023780
2.490750 -0.037893
2.495752 -0.036713
2.500753 -0.021450
2.505755 0.000623
2.510756 0.019023
2.515758 0.024677
2.520759 0.014324
2.525761 -0.007527
2.530763 -0.030236
2.535764 -0.041727
2.540766 -0.034200
2.545767 -0.008137
2.550769 0.027412
2.555770 0.058444
2.560772 0.071812
2.565773 0.060738
2.570775 0.027804
2.575776 -0.015825
2.580778 -0.054759
2.585779 -0.075504
2.590781 -0.071633
2.595782 -0.045810
2.600784 -0.008059
2.605785 0.028547
2.610787 0.052728
2.615788 0.058458
2.620790 0.046088
2.625791 0.021308
2.630793 -0.007131
2.635794 -0.030026
2.640796 -0.040142
2.645797 -0.034192
2.650799 -0.014111
2.655800 0.012993
2.660802 0.036777
2.665803 0.047390
2.670805 0.039677
2.675806 0.015820
2.680808 -0.015105
2.685809 -0.040689
2.690811 -0.050369
2.695812 -0.039944
2.700814 -0.013426
2.705815 0.018499
2.710817 0.042771
2.715818 0.049358
2.720820 0.035577
2.725821 0.007343
2.730823 -0.023330
2.735824 -0.043497
2.740826 -0.044780
2.745827 -0.026763
2.750829 0.003126
2.755830 0.032938
2.760832 0.051127
2.765833 0.050993
2.770835 0.032958
2.775836 0.003942
2.780838 -0.025686
2.785839 -0.046101
2.790841 -0.051307
2.795842 -0.040762
2.800844 -0.019179
2.805845 0.005250
2.810847 0.023807
2.815848 0.030512
2.820850 0.024377
2.825851 0.009493
2.830853 -0.007070
2.835854 -0.018346
2.840856 -0.020034
2.845857 -0.011731
2.850859 0.003211
2.855860 0.018886
2.860862 0.028707
2.865863 0.027581
2.870865 0.013898
2.875866 -0.009289
2.880868 -0.034536
2.885869 -0.052114
2.890871 -0.053614
2.895873 -0.035840
2.900874 -0.003203
2.905876 0.032952
2.910877 0.058498
2.915879 0.062690
2.920880 0.043340
2.925882 0.008192
2.930883 -0.028335
2.935885 -0.051505
2.940886 -0.052707
2.945888 -0.032931
2.950889 -0.001682
2.955891 0.027901
2.960892 0.044957
2.965894 0.044874
2.970895 0.029903
2.975897 0.006974
2.980898 -0.015739
2.985900 -0.031930
2.990901 -0.038829
2.995903 -0.037079
3.000904 -0.029281
3.005906 -0.018212
3.010907 -0.005737
3.015909 0.007166
3.020910 0.019562
3.025912 0.029718
3.030913 0.035080
3.035915 0.033206
3.040916 0.023142
3.045918 0.006476
3.050919 -0.012582
3.055921 -0.028369
3.060922 -0.035874
3.065924 -0.032885
3.070925 -0.021117
3.075927 -0.005651
3.080928 0.007231
3.085930 0.012999
3.090931 0.011196
3.095933 0.005711
3.100934 0.002524
3.105936 0.006003
3.110937 0.015931
3.115939 0.027158
3.120940 0.032164
3.125942 0.025049
3.130943 0.004818
3.135945 -0.023547
3.140946 -0.050594
3.145948 -0.065866
3.150949 -0.062094
3.155951 -0.038522
3.160952 -0.001874
3.165954 0.035805
3.170955 0.061829
3.175957 0.067985
3.180958 0.053605
3.185960 0.025262
3.190961 -0.006339
3.195963 -0.030486
3.200964 -0.039909
3.205966 -0.032700
3.210967 -0.012497
3.215969 0.013065
3.220970 0.035159
3.225972 0.046756
3.230973 0.044630
3.235975 0.029827
3.240976 0.006759
3.245978 -0.018442
3.250980 -0.039678
3.255981 -0.052303
3.260983 -0.053945
3.265984 -0.044705
3.270986 -0.026878
3.275987 -0.004381
3.280989 0.017982
3.285990 0.035423
3.290992 0.044212
3.295993 0.042755
3.300995 0.032403
3.305996 0.017425
3.310998 0.003655
3.315999 -0.003993
3.321001 -0.004073
3.326002 0.000360
3.331004 0.003267
3.336005 -0.000833
3.341007 -0.013250
3.346008 -0.029634
3.351010 -0.041652
3.356011 -0.041129
3.361013 -0.024569
3.366014 0.004280
3.371016 0.035235
3.376017 0.055666
3.381019 0.055929
3.386020 0.033818
3.391022 -0.003945
3.396023 -0.043842
3.401025 -0.070525
3.406026 -0.072760
3.411028 -0.048049
3.416029 -0.003968
3.421031 0.044522
3.426032 0.080699
3.431034 0.092204
3.436035 0.075227
3.441037 0.035399
3.446038 -0.014597
3.451040 -0.059699
3.456041 -0.087596
3.461043 -0.092432
3.466044 -0.075766
3.471046 -0.044758
3.476047 -0.008770
3.481049 0.023937
3.486050 0.048142
3.491052 0.061932
3.496053 0.065765
3.501055 0.061119
3.506056 0.049490
3.511058 0.032187
3.516059 0.010856
3.521061 -0.011879
3.526062 -0.032339
3.531064 -0.046462
3.536065 -0.051047
3.541067 -0.045090
3.546068 -0.030516
3.551070 -0.011752
3.556071 0.005763
3.561073 0.017404
3.566074 0.020689
3.571076 0.015724
3.576077 0.004894
3.581079 -0.007894
3.586080 -0.018245
3.591082 -0.022435
3.596083 -0.018524
3.601085 -0.007095
3.606086 0.008786
3.611088 0.024632
3.616090 0.036239
3.621091 0.041059
3.626093 0.038528
3.631094 0.029548
3.636096 0.015834
3.641097 -0.000419
3.646099 -0.016651
3.651100 -0.030113
3.656102 -0.038246
3.661103 -0.039246
3.666105 -0.032732
3.671106 -0.020267
3.676108 -0.005246
3.681109 0.008151
3.686111 0.016553
3.691112 0.018641
3.696114 0.015367
3.701115 0.009192
3.706117 0.002861
3.711118 -0.001655
3.716120 -0.003609
3.721121 -0.003259
3.726123 -0.001248
3.731124 0.001931
3.736126 0.006035
3.741127 0.010759
3.746129 0.015354
3.751130 0.018535
3.756132 0.018732
3.761133 0.014565
3.766135 0.005420
3.771136 -0.008015
3.776138 -0.023444
3.781139 -0.037108
3.786141 -0.044572
3.791142 -0.042203
3.796144 -0.028973
3.801145 -0.007643
3.806147 0.015635
3.811148 0.033492
3.816150 0.040405
3.821151 0.035091
3.826153 0.021044
3.831154 0.004976
3.836156 -0.006095
3.841157 -0.007915
3.846159 -0.000836
3.851160 0.010413
3.856162 0.018911
3.861163 0.018660
3.866165 0.007297
3.871166 -0.012665
3.876168 -0.034619
3.881169 -0.050414
3.886171 -0.053588
3.891172 -0.041894
3.896174 -0.018142
3.901175 0.010884
3.906177 0.036914
3.911178 0.053118
3.916180 0.056250
3.921181 0.047233
3.926183 0.030242
3.931184 0.010979
3.936186 -0.005278
3.941187 -0.015381
3.946189 -0.019215
3.951190 -0.019208
3.956192 -0.018582
3.961193 -0.019333
3.966195 -0.021169
3.971197 -0.021926
3.976198 -0.019050
3.981200 -0.011293
3.986201 0.000187
3.991203 0.011910
3.996204 0.019515
4.001206 0.019952
4.006207 0.013145
4.011209 0.002147
4.016210 -0.008198
4.021212 -0.013277
4.026213 -0.010648
4.031215 -0.001333
4.036216 0.010158
4.041218 0.017549
4.046219 0.015818
4.051221 0.004011
4.056222 -0.013788
4.061224 -0.029915
4.066225 -0.036340
4.071227 -0.028169
4.076228 -0.006032
4.081230 0.023577
4.086231 0.050286
4.091233 0.063618
4.096234 0.057204
4.101236 0.031683
4.106237 -0.005122
4.111239 -0.041017
4.116240 -0.064037
4.121242 -0.066895
4.126243 -0.049577
4.131245 -0.019219
4.136246 0.012680
4.141248 0.034701
4.146249 0.039914
4.151251 0.028427
4.156252 0.006980
4.161254 -0.014189
4.166255 -0.025764
4.171257 -0.023077
4.176258 -0.007603
4.181260 0.014157
4.186261 0.033655
4.191263 0.043738
4.196264 0.041177
4.201266 0.027506
4.206267 0.008097
4.211269 -0.010132
4.216270 -0.021547
4.221272 -0.024020
4.226273 -0.019501
4.231275 -0.012674
4.236276 -0.008409
4.241278 -0.009314
4.246279 -0.014563
4.251281 -0.020425
4.256282 -0.022151
4.261284 -0.016383
4.266285 -0.003012
4.271287 0.014456
4.276288 0.030263
4.281290 0.038778
4.286291 0.036761
4.291293 0.024617
4.296294 0.006170
4.301296 -0.012796
4.306297 -0.026490
4.311299 -0.030756
4.316300 -0.024175
4.321302 -0.008577
4.326303 0.011183
4.331305 0.028521
4.336307 0.037330
4.341308 0.034347
4.346310 0.020577
4.351311 0.001058
4.356313 -0.017123
4.361314 -0.027705
4.366316 -0.027688
4.371317 -0.018145
4.376319 -0.003216
4.381320 0.011902
4.386322 0.022860
4.391323 0.027240
4.396325 0.024861
4.401326 0.017522
4.406328 0.008273
4.411329 0.000253
4.416331 -0.004566
4.421332 -0.006229
4.426334 -0.006726
4.431335 -0.008792
4.436337 -0.014013
4.441338 -0.021354
4.446340 -0.027224
4.451341 -0.027233
4.456343 -0.018672
4.461344 -0.002279
4.466346 0.017629
4.471347 0.034695
4.476349 0.043031
4.481350 0.039539
4.486352 0.025162
4.491353 0.004713
4.496355 -0.014541
4.501356 -0.025166
4.506358 -0.022011
4.511359 -0.003964
4.516361 0.025580
4.521362 0.059608
4.526364 0.089392
4.531365 0.106779
4.536367 0.106175
4.541368 0.085820
4.546370 0.048216
4.551371 -0.000299
4.556373 -0.050826
4.561374 -0.093778
4.566376 -0.120896
4.571377 -0.127028
4.576379 -0.111489
4.581380 -0.078759
4.586382 -0.037924
4.591383 -0.000516
4.596385 0.022905
4.601386 0.026339
4.606388 0.010714
4.611389 -0.016090
4.616391 -0.041895
4.621392 -0.054697
4.626394 -0.047156
4.631395 -0.019196
4.636397 0.022279
4.641398 0.066205
4.646400 0.101380
4.651401 0.120062
4.656403 0.119787
4.661404 0.102917
4.666406 0.074676
4.671407 0.041062
4.676409 0.007465
4.681410 -0.022070
4.686412 -0.045200
4.691414 -0.061216
4.696415 -0.070458
4.701417 -0.073533
4.706418 -0.070814
4.711420 -0.062466
4.716421 -0.048844
4.721423 -0.030910
4.726424 -0.010388
4.731426 0.010541
4.736427 0.029889
4.741429 0.046486
4.746430 0.060134
4.751432 0.071186
4.756433 0.079802
4.761435 0.085360
4.766436 0.086313
4.771438 0.080515
4.776439 0.065856
4.781441 0.041140
4.786442 0.007123
4.791444 -0.032730
4.796445 -0.072351
4.801447 -0.104301
4.806448 -0.121743
4.811450 -0.120426
4.816451 -0.100080
4.821453 -0.064939
4.826454 -0.023339
4.831456 0.013756
4.836457 0.035359
4.841459 0.033736
4.846460 0.007318
4.851462 -0.038051
4.856463 -0.090366
4.861465 -0.135159
4.866466 -0.160449
4.871468 -0.160861
4.876469 -0.139103
4.881471 -0.104248
4.886472 -0.067772
4.891474 -0.039096
4.896475 -0.022294
4.901477 -0.015081
4.906478 -0.010326
4.911480 0.000658
4.916481 0.024479
4.921483 0.063082
4.926484 0.112967
4.931486 0.166193
4.936487 0.212476
4.941489 0.241427
4.946490 0.244323
4.951492 0.215401
4.956493 0.152946
4.961495 0.060221
4.966496 -0.054056
4.971498 -0.176097
4.976499 -0.288588
4.981501 -0.373256
4.986502 -0.413966
4.991504 -0.399732
4.996505 -0.327123
5.001507 -0.201620
5.006508 -0.037666
5.011510 0.142751
5.016511 0.312964
5.021513 0.445713
5.026514 0.518000
5.031516 0.515950
5.036517 0.438485
5.041519 0.298495
5.046520 0.120761
5.051522 -0.063059
5.056524 -0.221185
5.061525 -0.328531
5.066527 -0.371782
5.071528 -0.351270
5.076530 -0.279164
5.081531 -0.174817
5.086533 -0.059088
5.091534 0.050342
5.096536 0.141228
5.101537 0.206444
5.106539 0.242171
5.111540 0.246202
5.116542 0.217604
5.121543 0.158077
5.126545 0.074277
5.131546 -0.020534
5.136548 -0.107326
5.141549 -0.165490
5.146551 -0.179360
5.151552 -0.144524
5.156554 -0.071029
5.161555 0.018368
5.166557 0.094804
5.171558 0.132580
5.176560 0.117734
5.181561 0.052935
5.186563 -0.042795
5.191564 -0.139403
5.196566 -0.204774
5.201567 -0.214872
5.206569 -0.161901
5.211570 -0.057640
5.216572 0.069469
5.221573 0.182809
5.226575 0.249089
5.231576 0.249172
5.236578 0.184588
5.241579 0.077354
5.246581 -0.037151
5.251582 -0.122115
5.256584 -0.152107
5.261585 -0.122210
5.266587 -0.049765
5.271588 0.032384
5.276590 0.088716
5.281591 0.094822
5.286593 0.046593
5.291594 -0.038594
5.296596 -0.128810
5.301597 -0.189708
5.306599 -0.197239
5.311600 -0.146288
5.316602 -0.052205
5.321603 0.055134
5.326605 0.142339
5.331606 0.184424
5.336608 0.173190
5.341609 0.118950
5.346611 0.045227
5.351612 -0.021066
5.356614 -0.059870
5.361615 -0.064752
5.366617 -0.043801
5.371618 -0.014664
5.376620 0.003878
5.381621 -0.000001
5.386623 -0.026632
5.391624 -0.065264
5.396626 -0.098794
5.401627 -0.110792
5.406629 -0.092193
5.411631 -0.045281
5.416632 0.016424
5.421634 0.072480
5.426635 0.102750
5.431637 0.095079
5.436638 0.050400
5.441640 -0.016993
5.446641 -0.084336
5.451643 -0.128596
5.456644 -0.134784
5.461646 -0.101271
5.466647 -0.040189
5.471649 0.027022
5.476650 0.077152
5.481652 0.093211
5.486653 0.070254
5.491655 0.017063
5.496656 -0.047037
5.501658 -0.099102
5.506659 -0.120662
5.511661 -0.104052
5.516662 -0.054801
5.521664 0.010728
5.526665 0.071506
5.531667 0.109395
5.536668 0.115241
5.541670 0.091399
5.546671 0.049946
5.551673 0.007504
5.556674 -0.021049
5.561676 -0.027354
5.566677 -0.011142
5.571679 0.021523
5.576680 0.061907
5.581682 0.102089
5.586683 0.136828
5.591685 0.163561
5.596686 0.181098
5.601688 0.187976
5.606689 0.181484
5.611691 0.158070
5.616692 0.114987
5.621694 0.052378
5.626695 -0.025097
5.631697 -0.107750
5.636698 -0.182011
5.641700 -0.233355
5.646701 -0.250391
5.651703 -0.228863
5.656704 -0.174133
5.661706 -0.100919
5.666707 -0.029761
5.671709 0.019030
5.676710 0.031880
5.681712 0.006446
5.686713 -0.047633
5.691715 -0.111986
5.696716 -0.165643
5.701718 -0.191953
5.706719 -0.183778
5.711721 -0.145115
5.716722 -0.088653
5.721724 -0.030477
5.726725 0.015802
5.731727 0.043061
5.736728 0.051355
5.741730 0.045669
5.746731 0.032522
5.751733 0.017381
5.756734 0.003755
5.761736 -0.006299
5.766737 -0.011100
5.771739 -0.008579
5.776741 0.003645
5.781742 0.027207
5.786744 0.061326
5.791745 0.101406
5.796747 0.139072
5.801748 0.164259
5.806750 0.168872
5.811751 0.150430
5.816753 0.113891
5.821754 0.070522
5.826756 0.034008
5.831757 0.015381
5.836759 0.018929
5.841760 0.040752
5.846762 0.070410
5.851763 0.094819
5.856765 0.102753
5.861766 0.088226
5.866768 0.051765
5.871769 -0.000436
5.876771 -0.058766
5.881772 -0.113034
5.886774 -0.155086
5.891775 -0.180382
5.896777 -0.188097
5.901778 -0.180041
5.906780 -0.159228
5.911781 -0.128819
5.916783 -0.091716
5.921784 -0.050706
5.926786 -0.008685
5.931787 0.031342
5.936789 0.066440
5.941790 0.093954
5.946792 0.111739
5.951793 0.118489
5.956795 0.114082
5.961796 0.099763
5.966798 0.078222
5.971799 0.053676
5.976801 0.031743
5.981802 0.018501
5.986804 0.018542
5.991805 0.032781
5.996807 0.057254
6.001808 0.083735
6.006810 0.102214
6.011811 0.104395
6.016813 0.086831
6.021814 0.052397
6.026816 0.009468
6.031817 -0.030961
6.036819 -0.059147
6.041820 -0.070048
6.046822 -0.065133
6.051823 -0.051894
6.056825 -0.041166
6.061826 -0.043081
6.066828 -0.062984
6.071829 -0.098817
6.076831 -0.141074
6.081832 -0.175636
6.086834 -0.188589
6.091835 -0.171118
6.096837 -0.122536
6.101838 -0.050513
6.106840 0.031190
6.111841 0.106546
6.116843 0.161437
6.121844 0.187087
6.126846 0.181928
6.131847 0.151590
6.136849 0.107037
6.141851 0.061138
6.146852 0.024438
6.151854 0.001531
6.156855 -0.010461
6.161857 -0.020577
6.166858 -0.040253
6.171860 -0.078353
6.176861 -0.136659
6.181863 -0.207455
6.186864 -0.274384
6.191866 -0.316659
6.196867 -0.315569
6.201869 -0.261220
6.206870 -0.157088
6.211872 -0.020539
6.216873 0.121260
6.221875 0.238965
6.226876 0.309787
6.231878 0.324197
6.236879 0.288091
6.241881 0.219649
6.246882 0.142166
6.251884 0.075663
6.256885 0.030433
6.261887 0.004892
6.266888 -0.011675
6.271890 -0.032740
6.276891 -0.067358
6.281893 -0.115343
6.286894 -0.166743
6.291896 -0.205511
6.296897 -0.215576
6.301899 -0.186909
6.306900 -0.119506
6.311902 -0.023917
6.316903 0.081756
6.321905 0.177130
6.326906 0.245042
6.331908 0.275600
6.336909 0.267873
6.341911 0.229035
6.346912 0.171431
6.351914 0.108625
6.356915 0.051690
6.361917 0.006747
6.366918 -0.025689
6.371920 -0.049466
6.376921 -0.070104
6.381923 -0.091669
6.386924 -0.114489
6.391926 -0.134563
6.396927 -0.144805
6.401929 -0.137624
6.406930 -0.107994
6.411932 -0.055903
6.416933 0.012715
6.421935 0.086847
6.426936 0.152742
6.431938 0.197145
6.436939 0.210680
6.441941 0.190413
6.446942 0.140650
6.451944 0.071452
6.456945 -0.004688
6.461947 -0.076749
6.466948 -0.138022
6.471950 -0.186585
6.476951 -0.223353
6.481953 -0.248886
6.486954 -0.260726
6.491956 -0.252655
6.496958 -0.216454
6.501959 -0.145859
6.506961 -0.041221
6.511962 0.087404
6.516964 0.220569
6.521965 0.333261
6.526967 0.400883
6.531968 0.405573
6.536970 0.341138
6.541971 0.215286
6.546973 0.048598
6.551974 -0.129415
6.556976 -0.286321
6.561977 -0.393781
6.566979 -0.434139
6.571980 -0.404727
6.576982 -0.318279
6.581983 -0.198945
6.586985 -0.074992
6.591986 0.029359
6.596988 0.100024
6.601989 0.134949
6.606991 0.141565
6.611992 0.131585
6.616994 0.115757
6.621995 0.100547
6.626997 0.087394
6.631998 0.074341
6.637000 0.059149
6.642001 0.042218
6.647003 0.027437
6.652004 0.020239
6.657006 0.023997
6.662007 0.036987
6.667009 0.051843
6.672010 0.058084
6.677012 0.046848
6.682013 0.015729
6.687015 -0.028650
6.692016 -0.071744
6.697018 -0.095628
6.702019 -0.085418
6.707021 -0.035361
6.712022 0.047585
6.717024 0.144268
6.722025 0.228192
6.727027 0.273404
6.732028 0.262947
6.737030 0.194946
6.742031 0.084043
6.747033 -0.042447
6.752034 -0.152430
6.757036 -0.218540
6.762037 -0.226361
6.767039 -0.178723
6.772040 -0.094505
6.777042 -0.002254
6.782043 0.069190
6.787045 0.099882
6.792046 0.084728
6.797048 0.034291
6.802049 -0.029704
6.807051 -0.082467
6.812052 -0.104943
6.817054 -0.090195
6.822055 -0.045179
6.827057 0.012592
6.832058 0.062179
6.837060 0.087358
6.842061 0.082472
6.847063 0.053618
6.852064 0.014863
6.857066 -0.018611
6.862068 -0.037191
6.867069 -0.040139
6.872071 -0.034128
6.877072 -0.028129
6.882074 -0.027645
6.887075 -0.031414
6.892077 -0.032323
6.897078 -0.022074
6.902080 0.002978
6.907081 0.038077
6.912083 0.070511
6.917084 0.084227
6.922086 0.066767
6.927087 0.015698
6.932089 -0.058385
6.937090 -0.134119
6.942092 -0.186482
6.947093 -0.195977
6.952095 -0.156161
6.957096 -0.076579
6.962098 0.019937
6.967099 0.104574
6.972101 0.151844
6.977102 0.147604
6.982104 0.092981
6.987105 0.003117
6.992107 -0.098259
6.997108 -0.186018
7.002110 -0.240047
7.007111 -0.249316
7.012113 -0.213203
7.017114 -0.140451
7.022116 -0.046313
7.027117 0.051547
7.032119 0.137489
7.037120 0.201322
7.042122 0.239399
7.047123 0.253157
7.052125 0.246187
7.057126 0.221547
7.062128 0.180654
7.067129 0.124186
7.072131 0.054427
7.077132 -0.022324
7.082134 -0.094862
7.087135 -0.148715
7.092137 -0.170231
7.097138 -0.151995
7.102140 -0.097478
7.107141 -0.022530
7.112143 0.047872
7.117144 0.087330
7.122146 0.077699
7.127147 0.016870
7.132149 -0.078820
7.137150 -0.179040
7.142152 -0.249656
7.147153 -0.265088
7.152155 -0.218063
7.157156 -0.122585
7.162158 -0.008523
7.167159 0.090115
7.172161 0.148279
7.177162 0.158717
7.182164 0.132862
7.187165 0.093804
7.192167 0.064987
7.197168 0.059799
7.202170 0.076429
7.207171 0.099819
7.212173 0.109497
7.217175 0.089586
7.222176 0.036513
7.227178 -0.038779
7.232179 -0.114835
7.237181 -0.167981
7.242182 -0.181410
7.247184 -0.151396
7.252185 -0.088172
7.257187 -0.011283
7.262188 0.058362
7.267190 0.106200
7.272191 0.128245
7.277193 0.130390
7.282194 0.123589
7.287196 0.117603
7.292197 0.116339
7.297199 0.116614
7.302200 0.110410
7.307202 0.089262
7.312203 0.048819
7.317205 -0.008289
7.322206 -0.072461
7.327208 -0.129973
7.332209 -0.167538
7.337211 -0.176713
7.342212 -0.156545
7.347214 -0.113756
7.352215 -0.060720
7.357217 -0.011874
7.362218 0.020506
7.367220 0.030005
7.372221 0.018053
7.377223 -0.006551
7.382224 -0.030619
7.387226 -0.041236
7.392227 -0.030494
7.397229 0.001477
7.402230 0.046373
7.407232 0.090462
7.412233 0.119112
7.417235 0.121512
7.422236 0.094132
7.427238 0.041914
7.432239 -0.023064
7.437241 -0.085002
7.442242 -0.128982
7.447244 -0.145453
7.452245 -0.132991
7.457247 -0.098054
7.462248 -0.051835
7.467250 -0.005867
7.472251 0.031515
7.477253 0.056631
7.482254 0.069926
7.487256 0.074277
7.492257 0.073060
7.497259 0.068681
7.502260 0.062083
7.507262 0.053228
7.512263 0.041946
7.517265 0.028393
7.522266 0.012966
7.527268 -0.003785
7.532269 -0.020806
7.537271 -0.036006
7.542272 -0.046148
7.547274 -0.047479
7.552275 -0.036976
7.557277 -0.013941
7.562278 0.018675
7.567280 0.054062
7.572281 0.082990
7.577283 0.096496
7.582285 0.088807
7.587286 0.059409
7.592288 0.013505
7.597289 -0.039307
7.602291 -0.087712
7.607292 -0.121811
7.612294 -0.135694
7.617295 -0.128764
7.622297 -0.105540
7.627298 -0.074049
7.632300 -0.043222
7.637301 -0.020086
7.642303 -0.007703
7.647304 -0.004620
7.652306 -0.005966
7.657307 -0.005780
7.662309 0.000315
7.667310 0.013191
7.672312 0.029838
7.677313 0.044679
7.682315 0.051903
7.687316 0.047868
7.692318 0.032714
7.697319 0.010561
7.702321 -0.011921
7.707322 -0.028070
7.712324 -0.033787
7.717325 -0.028983
7.722327 -0.017379
7.727328 -0.004668
7.732330 0.004278
7.737331 0.007984
7.742333 0.009386
7.747334 0.014581
7.752336 0.029706
7.757337 0.057399
7.762339 0.094554
7.767340 0.132509
7.772342 0.159654
7.777343 0.165518
7.782345 0.144894
7.787346 0.100616
7.792348 0.043787
7.797349 -0.009123
7.802351 -0.041827
7.807352 -0.044439
7.812354 -0.017768
7.817355 0.026258
7.822357 0.068412
7.827358 0.088967
7.832360 0.075014
7.837361 0.025489
7.842363 -0.047998
7.847364 -0.124836
7.852366 -0.182409
7.857367 -0.204119
7.862369 -0.185466
7.867370 -0.135595
7.872372 -0.073575
7.877373 -0.021111
7.882375 0.005344
7.887376 0.000280
7.892378 -0.029161
7.897379 -0.066033
7.902381 -0.090170
7.907382 -0.086257
7.912384 -0.050225
7.917385 0.008766
7.922387 0.071691
7.927388 0.116993
7.932390 0.128856
7.937392 0.103130
7.942393 0.048669
7.947395 -0.016247
7.952396 -0.070812
7.957398 -0.099113
7.962399 -0.095326
7.967401 -0.064931
7.972402 -0.021753
7.977404 0.017854
7.982405 0.041349
7.987407 0.044321
7.992408 0.031088
7.997410 0.011528
8.002411 -0.004156
8.007413 -0.010126
8.012414 -0.006887
8.017416 0.000175
8.022417 0.004535
8.027419 0.002357
8.032420 -0.005577
8.037422 -0.014511
8.042423 -0.018323
8.047425 -0.012778
8.052426 0.001959
8.057428 0.020689
8.062429 0.034970
8.067431 0.036803
8.072432 0.022558
8.077434 -0.004775
8.082435 -0.036231
8.087437 -0.060267
8.092438 -0.067438
8.097440 -0.054281
8.102441 -0.024703
8.107443 0.011630
8.112444 0.043129
8.117446 0.060581
8.122447 0.060064
8.127449 0.043647
8.132450 0.018106
8.137452 -0.007604
8.142453 -0.025321
8.147455 -0.030122
8.152456 -0.021297
8.157458 -0.001665
8.162459 0.024046
8.167461 0.050729
8.172462 0.073834
8.177464 0.089686
8.182465 0.095411
8.187467 0.088831
8.192468 0.068751
8.197470 0.035747
8.202471 -0.006989
8.207473 -0.053366
8.212474 -0.094961
8.217476 -0.122438
8.222477 -0.127760
8.227479 -0.106750
8.232480 -0.061049
8.237482 0.001582
8.242483 0.068927
8.247485 0.127386
8.252486 0.165426
8.257488 0.176335
8.262489 0.159574
8.267491 0.120458
8.272492 0.068436
8.277494 0.014556
8.282495 -0.031197
8.287497 -0.062045
8.292498 -0.075472
8.297500 -0.072919
8.302502 -0.058350
8.307503 -0.036408
8.312505 -0.011015
8.317506 0.015059
8.322508 0.039673
8.327509 0.060259
8.332511 0.073024
8.337512 0.073180
8.342514 0.056514
8.347515 0.021695
8.352517 -0.027953
8.357518 -0.084231
8.362520 -0.135671
8.367521 -0.170505
8.372523 -0.180101
8.377524 -0.161783
8.382526 -0.120026
8.387527 -0.065436
8.392529 -0.011684
8.397530 0.028574
8.402532 0.047422
8.407533 0.043913
8.412535 0.024095
8.417536 -0.001356
8.422538 -0.021174
8.427539 -0.027614
8.432541 -0.018964
8.437542 0.000391
8.442544 0.022028
8.447545 0.036755
8.452547 0.038032
8.457548 0.024421
8.462550 0.000128
8.467551 -0.026658
8.472553 -0.046900
8.477554 -0.054021
8.482556 -0.046122
8.487557 -0.026314
8.492559 -0.001078
8.497560 0.022598
8.502562 0.039994
8.507563 0.050244
8.512565 0.056250
8.517566 0.063036
8.522568 0.075018
8.527569 0.093136
8.532571 0.113278
8.537572 0.127153
8.542574 0.125536
8.547575 0.102461
8.552577 0.058441
8.557578 0.001276
8.562580 -0.055921
8.567581 -0.098730
8.572583 -0.115967
8.577584 -0.103223
8.582586 -0.064317
8.587587 -0.010289
8.592589 0.043786
8.597590 0.083211
8.602592 0.097905
8.607593 0.085077
8.612595 0.049582
8.617596 0.002011
8.622598 -0.044755
8.627599 -0.079359
8.632601 -0.094915
8.637602 -0.090288
8.642604 -0.069598
8.647605 -0.040391
8.652607 -0.011206
8.657608 0.010658
8.662610 0.020642
8.667612 0.017569
8.672613 0.003484
8.677615 -0.017263
8.682616 -0.039425
8.687618 -0.058182
8.692619 -0.069839
8.697621 -0.071935
8.702622 -0.063310
8.707624 -0.044440
8.712625 -0.017622
8.717627 0.013448
8.722628 0.044459
8.727630 0.071002
8.732631 0.088720
8.737633 0.093600
8.742634 0.082712
8.747636 0.055235
8.752637 0.013251
8.757639 -0.038146
8.762640 -0.091566
8.767642 -0.138637
8.772643 -0.171576
8.777645 -0.184723
8.782646 -0.175652
8.787648 -0.145494
8.792649 -0.098397
8.797651 -0.040569
8.802652 0.020730
8.807654 0.078192
8.812655 0.125536
8.817657 0.158468
8.822658 0.175166
8.827660 0.176186
8.832661 0.163948
8.837663 0.142057
8.842664 0.114555
8.847666 0.085209
8.852667 0.056961
8.857669 0.031694
8.862670 0.010205
8.867672 -0.007738
8.872673 -0.023176
8.877675 -0.037482
8.882676 -0.051767
8.887678 -0.066517
8.892679 -0.081515
8.897681 -0.095783
8.902682 -0.107396
8.907684 -0.113553
8.912685 -0.111278
8.917687 -0.098589
8.922688 -0.075458
8.927690 -0.044028
8.932691 -0.008085
8.937693 0.027860
8.942694 0.059461
8.947696 0.083125
8.952697 0.096335
8.957699 0.097896
8.962700 0.088095
8.967702 0.068625
8.972703 0.042201
8.977705 0.012116
8.982706 -0.017979
8.987708 -0.044125
8.992709 -0.062248
8.997711 -0.068816
9.002712 -0.061949
9.007714 -0.042488
9.012715 -0.014345
9.017717 0.016239
9.022719 0.042261
9.027720 0.057811
9.032722 0.059641
9.037723 0.048039
9.042725 0.026776
9.047726 0.002086
9.052728 -0.019138
9.057729 -0.031421
9.062731 -0.032406
9.067732 -0.023477
9.072734 -0.009000
9.077735 0.005539
9.082737 0.015622
9.087738 0.019052
9.092740 0.016097
9.097741 0.008667
9.102743 -0.000819
9.107744 -0.010269
9.112746 -0.018329
9.117747 -0.024524
9.122749 -0.029013
9.127750 -0.031933
9.132752 -0.032800
9.137753 -0.030610
9.142755 -0.024621
9.147756 -0.015097
9.152758 -0.003475
9.157759 0.008111
9.162761 0.017651
9.167762 0.024086
9.172764 0.027779
9.177765 0.030289
9.182767 0.033431
9.187768 0.038016
9.192770 0.042989
9.197771 0.045454
9.202773 0.041649
9.207774 0.028539
9.212776 0.005451
9.217777 -0.024970
9.222779 -0.057067
9.227780 -0.083739
9.232782 -0.098641
9.237783 -0.098176
9.242785 -0.082713
9.247786 -0.056651
9.252788 -0.027250
9.257789 -0.002527
9.262791 0.011076
9.267792 0.010432
9.272794 -0.003584
9.277795 -0.026402
9.282797 -0.050950
9.287798 -0.069602
9.292800 -0.076407
9.297801 -0.068762
9.302803 -0.047926
9.307804 -0.018342
9.312806 0.013777
9.317807 0.042056
9.322809 0.061385
9.327810 0.068911
9.332812 0.064401
9.337813 0.049910
9.342815 0.028884
9.347816 0.005108
9.352818 -0.018064
9.357819 -0.037942
9.362821 -0.052357
9.367822 -0.059466
9.372824 -0.057746
9.377825 -0.046294
9.382827 -0.025452
9.387829 0.002463
9.392830 0.032895
9.397832 0.059758
9.402833 0.077055
9.407835 0.080723
9.412836 0.069918
9.417838 0.047334
9.422839 0.018577
9.427841 -0.009295
9.432842 -0.029720
9.437844 -0.038515
9.442845 -0.034950
9.447847 -0.021563
9.452848 -0.002812
9.457850 0.016703
9.462851 0.033519
9.467853 0.045663
9.472854 0.052308
9.477856 0.053326
9.482857 0.049159
9.487859 0.041057
9.492860 0.031323
9.497862 0.023065
9.502863 0.019354
9.507865 0.022195
9.512866 0.031809
9.517868 0.046382
9.522869 0.062223
9.527871 0.074465
9.532872 0.078481
9.537874 0.071618
9.542875 0.054326
9.547877 0.029954
9.552878 0.003345
9.557880 -0.020894
9.562881 -0.039560
9.567883 -0.051175
9.572884 -0.055818
9.577886 -0.054910
9.582887 -0.050912
9.587889 -0.046672
9.592890 -0.044456
9.597892 -0.045143
9.602893 -0.047916
9.607895 -0.050463
9.612896 -0.049534
9.617898 -0.041854
9.622899 -0.025324
9.627901 -0.000104
9.632902 0.030991
9.637904 0.063055
9.642905 0.090460
9.647907 0.108507
9.652908 0.114748
9.657910 0.109589
9.662911 0.096034
9.667913 0.078572
9.672914 0.061444
9.677916 0.047025
9.682917 0.035301
9.687919 0.024706
9.692920 0.013574
9.697922 0.001223
9.702923 -0.011773
9.707925 -0.023956
9.712926 -0.033616
9.717928 -0.039394
9.722929 -0.040785
9.727931 -0.038391
9.732932 -0.033707
9.737934 -0.028441
9.742936 -0.023910
9.747937 -0.020897
9.752939 -0.019862
9.757940 -0.021161
9.762942 -0.025114
9.767943 -0.031953
9.772945 -0.041587
9.777946 -0.053156
9.782948 -0.064614
9.787949 -0.072818
9.792951 -0.074414
9.797952 -0.067256
9.802954 -0.051626
9.807955 -0.030446
9.812957 -0.008156
9.817958 0.011145
9.822960 0.025228
9.827961 0.034248
9.832963 0.040308
9.837964 0.046415
9.842966 0.055029
9.847967 0.066609
9.852969 0.078882
9.857970 0.087349
9.862972 0.086979
9.867973 0.074409
9.872975 0.049741
9.877976 0.017077
9.882978 -0.016517
9.887979 -0.043277
9.892981 -0.057272
9.897982 -0.056239
9.902984 -0.042103
9.907985 -0.020214
9.912987 0.002330
9.917988 0.018733
9.922990 0.024437
9.927991 0.018344
9.932993 0.002893
9.937994 -0.017100
9.942996 -0.036357
9.947997 -0.050976
9.952999 -0.059345
9.958000 -0.061863
9.963002 -0.059978
9.968003 -0.055317
9.973005 -0.049324
9.978006 -0.043295
9.983008 -0.038547
9.988009 -0.036470
9.993011 -0.038232
9.998012 -0.044133
10.003014 -0.052898
10.008015 -0.061467
10.013017 -0.065610
10.018018 -0.061224
10.023020 -0.045754
10.028021 -0.019208
10.033023 0.015548
10.038024 0.053390
10.043026 0.088335
10.048027 0.115179
10.053029 0.130651
10.058030 0.133747
10.063032 0.125455
10.068033 0.108177
10.073035 0.084966
10.078036 0.058689
10.083038 0.031484
10.088039 0.004830
10.093041 -0.019850
10.098042 -0.040640
10.103044 -0.055155
10.108046 -0.061233
10.113047 -0.057863
10.118049 -0.045899
10.123050 -0.028226
10.128052 -0.009287
10.133053 0.006021
10.138055 0.013750
10.143056 0.012141
10.148058 0.002212
10.153059 -0.012517
10.158061 -0.027059
10.163062 -0.036390
10.168064 -0.036853
10.173065 -0.027162
10.178067 -0.008822
10.183068 0.014091
10.188070 0.035800
10.193071 0.050325
10.198073 0.053315
10.203074 0.043511
10.208076 0.023176
10.213077 -0.002635
10.218079 -0.027513
10.223080 -0.045380
10.228082 -0.052022
10.233083 -0.046155
10.238085 -0.029768
10.243086 -0.007574
10.248088 0.014468
10.253089 0.031252
10.258091 0.040345
10.263092 0.042539
10.268094 0.040869
10.273095 0.038751
10.278097 0.038306
10.283098 0.039624
10.288100 0.041096
10.293101 0.040351
10.298103 0.035304
10.303104 0.025005
10.308106 0.010116
10.313107 -0.007219
10.318109 -0.024182
10.323110 -0.038392
10.328112 -0.048648
10.333113 -0.054963
10.338115 -0.058036
10.343116 -0.058583
10.348118 -0.056757
10.353119 -0.051886
10.358121 -0.042781
10.363122 -0.028590
10.368124 -0.009711
10.373125 0.011823
10.378127 0.032610
10.383128 0.048610
10.388130 0.056200
10.393131 0.053328
10.398133 0.040418
10.403134 0.020601
10.408136 -0.000845
10.413137 -0.017709
10.418139 -0.024452
10.423140 -0.017927
10.428142 0.001274
10.433143 0.028598
10.438145 0.056859
10.443146 0.078629
10.448148 0.088523
10.453149 0.084522
10.458151 0.068109
10.463153 0.043383
10.468154 0.015489
10.473156 -0.011095
10.478157 -0.033785
10.483159 -0.052191
10.488160 -0.067463
10.493162 -0.081069
10.498163 -0.093541
10.503165 -0.103731
10.508166 -0.108988
10.513168 -0.106280
10.518169 -0.093746
10.523171 -0.071908
10.528172 -0.043934
10.533174 -0.014862
10.538175 0.009924
10.543177 0.026414
10.548178 0.033322
10.553180 0.032536
10.558181 0.028433
10.563183 0.026191
10.568184 0.029710
10.573186 0.040000
10.578187 0.054708
10.583189 0.068939
10.588190 0.076980
10.593192 0.074384
10.598193 0.059736
10.603195 0.035426
10.608196 0.007019
10.613198 -0.018524
10.618199 -0.035078
10.623201 -0.039323
10.628202 -0.031869
10.633204 -0.017007
10.638205 -0.001127
10.643207 0.009523
10.648208 0.010842
10.653210 0.002061
10.658211 -0.014181
10.663213 -0.032912
10.668214 -0.048676
10.673216 -0.057351
10.678217 -0.057216
10.683219 -0.049030
10.688220 -0.035374
10.693222 -0.019691
10.698223 -0.005361
10.703225 0.005013
10.708226 0.010074
10.713228 0.009915
10.718229 0.005985
10.723231 0.000721
10.728232 -0.003083
10.733234 -0.003105
10.738235 0.001737
10.743237 0.011006
10.748238 0.023139
10.753240 0.036214
10.758241 0.048496
10.763243 0.058448
10.768244 0.064526
10.773246 0.065339
10.778247 0.060208
10.783249 0.049577
10.788250 0.034908
10.793252 0.018249
10.798253 0.001893
10.803255 -0.011784
10.808256 -0.020510
10.813258 -0.022422
10.818259 -0.016500
10.823261 -0.003117
10.828263 0.015491
10.833264 0.035302
10.838266 0.051321
10.843267 0.058797
10.848269 0.054335
10.853270 0.036799
10.858272 0.008015
10.863273 -0.027068
10.868275 -0.061260
10.873276 -0.087107
10.878278 -0.099341
10.883279 -0.096744
10.888281 -0.082570
10.893282 -0.063318
10.898284 -0.046387
10.903285 -0.037463
10.908287 -0.038460
10.913288 -0.046768
10.918290 -0.056327
10.923291 -0.060136
10.928293 -0.053020
10.933294 -0.033516
10.938296 -0.004331
10.943297 0.028641
10.948299 0.058389
10.953300 0.079184
10.958302 0.088364
10.963303 0.086851
10.968305 0.078230
10.973306 0.066881
10.978308 0.056004
10.983309 0.046403
10.988311 0.036518
10.993312 0.023737
10.998314 0.006326
11.003315 -0.015044
11.008317 -0.037021
11.013318 -0.054651
11.018320 -0.063276
11.023321 -0.060426
11.028323 -0.046959
11.033324 -0.026966
11.038326 -0.006414
11.043327 0.008954
11.048329 0.015644
11.053330 0.013572
11.058332 0.006009
11.063333 -0.001633
11.068335 -0.003813
11.073336 0.002962
11.078338 0.018553
11.083339 0.038936
11.088341 0.057546
11.093342 0.067722
11.098344 0.065204
11.103345 0.049673
11.108347 0.024825
11.113348 -0.002880
11.118350 -0.026369
11.123351 -0.040276
11.128353 -0.042636
11.133354 -0.035269
11.138356 -0.022765
11.143357 -0.010564
11.148359 -0.002956
11.153360 -0.001678
11.158362 -0.005534
11.163363 -0.011109
11.168365 -0.014262
11.173366 -0.011910
11.178368 -0.003436
11.183369 0.008868
11.188371 0.020613
11.193373 0.027055
11.198374 0.024962
11.203376 0.013725
11.208377 -0.004647
11.213379 -0.026388
11.218380 -0.047196
11.223382 -0.063438
11.228383 -0.073006
11.233385 -0.075565
11.238386 -0.072218
11.243388 -0.064777
11.248389 -0.054955
11.253391 -0.043776
11.258392 -0.031450
11.263394 -0.017732
11.268395 -0.002565
11.273397 0.013256
11.278398 0.027708
11.283400 0.037801
11.288401 0.040602
11.293403 0.034650
11.298404 0.021044
11.303406 0.003566
11.308407 -0.012313
11.313409 -0.021149
11.318410 -0.019318
11.323412 -0.006281
11.328413 0.015075
11.333415 0.039234
11.338416 0.059811
11.343418 0.071608
11.348419 0.072237
11.353421 0.062831
11.358422 0.047685
11.363424 0.032764
11.368425 0.023436
11.373427 0.022364
11.378428 0.028603
11.383430 0.038296
11.388431 0.046412
11.393433 0.048630
11.398434 0.042670
11.403436 0.028776
11.408437 0.009295
11.413439 -0.012402
11.418440 -0.033125
11.423442 -0.050628
11.428443 -0.063781
11.433445 -0.072369
11.438446 -0.076717
11.443448 -0.077277
11.448449 -0.074301
11.453451 -0.067804
11.458452 -0.057827
11.463454 -0.044793
11.468455 -0.029738
11.473457 -0.014259
11.478458 -0.000155
11.483460 0.011078
11.488461 0.018690
11.493463 0.022869
11.498464 0.024516
11.503466 0.024678
11.508467 0.023998
11.513469 0.022560
11.518470 0.020188
11.523472 0.016871
11.528473 0.012980
11.533475 0.009121
11.538476 0.005796
11.543478 0.003096
11.548480 0.000595
11.553481 -0.002467
11.558483 -0.006757
11.563484 -0.012415
11.568486 -0.018927
11.573487 -0.025397
11.578489 -0.030960
11.583490 -0.034965
11.588492 -0.036902
11.593493 -0.036297
11.598495 -0.032800
11.603496 -0.026391
11.608498 -0.017444
11.613499 -0.006530
11.618501 0.005812
11.623502 0.019047
11.628504 0.032352
11.633505 0.044319
11.638507 0.052958
11.643508 0.056109
11.648510 0.052158
11.653511 0.040693
11.658513 0.022843
11.663514 0.001192
11.668516 -0.020637
11.673517 -0.038660
11.678519 -0.049368
11.683520 -0.050561
11.688522 -0.041945
11.693523 -0.025233
11.698525 -0.003699
11.703526 0.018694
11.708528 0.038335
11.713529 0.052811
11.718531 0.061222
11.723532 0.063867
11.728534 0.061621
11.733535 0.055400
11.738537 0.045879
11.743538 0.033392
11.748540 0.018045
11.753541 0.000084
11.758543 -0.019570
11.763544 -0.038992
11.768546 -0.055447
11.773547 -0.066056
11.778549 -0.068675
11.783550 -0.062716
11.788552 -0.049658
11.793553 -0.032985
11.798555 -0.017281
11.803556 -0.006663
11.808558 -0.003193
11.813559 -0.006093
11.818561 -0.012157
11.823562 -0.017075
11.828564 -0.017034
11.833565 -0.009992
11.838567 0.003779
11.843568 0.021928
11.848570 0.040814
11.853571 0.056519
11.858573 0.065764
11.863574 0.066522
11.868576 0.058330
11.873577 0.042436
11.878579 0.021748
11.883580 0.000413
11.888582 -0.017109
11.893583 -0.027241
11.898585 -0.028302
11.903586 -0.020869
11.908588 -0.007349
11.913590 0.008977
11.918591 0.024877
11.923593 0.037724
11.928594 0.045781
11.933596 0.048371
11.938597 0.045888
11.943599 0.039562
11.948600 0.031009
11.953602 0.021688
11.958603 0.012450
11.963605 0.003438
11.968606 -0.005604
11.973608 -0.014872
11.978609 -0.024261
11.983611 -0.033428
11.988612 -0.041974
11.993614 -0.049473
11.998615 -0.055370
12.003617 -0.058934
12.008618 -0.059425
12.013620 -0.056318
12.018621 -0.049378
12.023623 -0.038606
12.028624 -0.024286
12.033626 -0.007167
12.038627 0.011421
12.043629 0.029678
12.048630 0.045629
12.053632 0.057457
12.058633 0.063749
12.063635 0.063664
12.068636 0.057153
12.073638 0.045258
12.078639 0.030214
12.083641 0.015003
12.088642 0.002418
12.093644 -0.005906
12.098645 -0.009985
12.103647 -0.011299
12.108648 -0.012026
12.113650 -0.014081
12.118651 -0.018438
12.123653 -0.024940
12.128654 -0.032470
12.133656 -0.039252
12.138657 -0.043261
12.143659 -0.042946
12.148660 -0.038089
12.153662 -0.030189
12.158663 -0.021879
12.163665 -0.015685
12.168666 -0.012926
12.173668 -0.013290
12.178669 -0.015127
12.183671 -0.016250
12.188672 -0.014929
12.193674 -0.010631
12.198675 -0.004190
12.203677 0.002560
12.208678 0.007397
12.213680 0.008416
12.218681 0.004788
12.223683 -0.002609
12.228684 -0.011201
12.233686 -0.017609
12.238687 -0.018982
12.243689 -0.014034
12.248690 -0.003410
12.253692 0.010545
12.258693 0.024464
12.263695 0.034969
12.268697 0.039838
12.273698 0.038850
12.278700 0.033754
12.283701 0.027264
12.288703 0.021670
12.293704 0.017919
12.298706 0.015583
12.303707 0.013460
12.308709 0.010302
12.313710 0.005345
12.318712 -0.001379
12.323713 -0.008972
12.328715 -0.015942
12.333716 -0.020812
12.338718 -0.022821
12.343719 -0.022287
12.348721 -0.020400
12.353722 -0.018608
12.358724 -0.018030
12.363725 -0.019145
12.368727 -0.021711
12.373728 -0.024859
12.378730 -0.027400
12.383731 -0.028257
12.388733 -0.026818
12.393734 -0.023037
12.398736 -0.017252
12.403737 -0.009886
12.408739 -0.001324
12.413740 0.007901
12.418742 0.016853
12.423743 0.024244
12.428745 0.028844
12.433746 0.029974
12.438748 0.027803
12.443749 0.023344
12.448751 0.018142
12.453752 0.013767
12.458754 0.011319
12.463755 0.011108
12.468757 0.012627
12.473758 0.014827
12.478760 0.016564
12.483761 0.016891
12.488763 0.015141
12.493764 0.010974
12.498766 0.004548
12.503767 -0.003361
12.508769 -0.011426
12.513770 -0.018019
12.518772 -0.021555
12.523773 -0.020828
12.528775 -0.015285
12.533776 -0.005187
12.538778 0.008299
12.543779 0.023100
12.548781 0.036503
12.553782 0.045816
12.558784 0.049149
12.563785 0.045895
12.568787 0.036743
12.573788 0.023454
12.578790 0.008612
12.583791 -0.004778
12.588793 -0.014006
12.593794 -0.017400
12.598796 -0.014670
12.603797 -0.006843
12.608799 0.003944
12.613800 0.014798
12.618802 0.022744
12.623803 0.025603
12.628805 0.022629
12.633807 0.014612
12.638808 0.003484
12.643810 -0.008411
12.648811 -0.019061
12.653813 -0.027241
12.658814 -0.032540
12.663816 -0.035217
12.668817 -0.036061
12.673819 -0.036202
12.678820 -0.036713
12.683822 -0.038085
12.688823 -0.039852
12.693825 -0.040707
12.698826 -0.039175
12.703828 -0.034523
12.708829 -0.027298
12.713831 -0.019109
12.718832 -0.011831
12.723834 -0.006772
12.728835 -0.004223
12.733837 -0.003469
12.738838 -0.003192
12.743840 -0.002094
12.748841 0.000525
12.753843 0.004545
12.758844 0.009202
12.763846 0.013481
12.768847 0.016491
12.773849 0.017788
12.778850 0.017556
12.783852 0.016552
12.788853 0.015799
12.793855 0.016244
12.798856 0.018469
12.803858 0.022471
12.808859 0.027525
12.813861 0.032264
12.818862 0.035036
12.823864 0.034520
12.828865 0.030316
12.833867 0.023159
12.838868 0.014682
12.843870 0.006916
12.848871 0.001636
12.853873 -0.000325
12.858874 0.000578
12.863876 0.002887
12.868877 0.004832
12.873879 0.004932
12.878880 0.002363
12.883882 -0.002824
12.888883 -0.009729
12.893885 -0.016964
12.898886 -0.023188
12.903888 -0.027487
12.908889 -0.029483
12.913891 -0.029276
12.918892 -0.027339
12.923894 -0.024402
12.928895 -0.021287
12.933897 -0.018704
12.938898 -0.017069
12.943900 -0.016461
12.948901 -0.016675
12.953903 -0.017269
12.958904 -0.017563
12.963906 -0.016702
12.968907 -0.013857
12.973909 -0.008513
12.978910 -0.000721
12.983912 0.008794
12.988914 0.018714
12.993915 0.027425
12.998917 0.033392
13.003918 0.035444
13.008920 0.032938
13.013921 0.025911
13.018923 0.015243
13.023924 0.002677
13.028926 -0.009502
13.033927 -0.019097
13.038929 -0.024684
13.043930 -0.026003
13.048932 -0.023876
13.053933 -0.019713
13.058935 -0.014901
13.063936 -0.010427
13.068938 -0.006816
13.073939 -0.004179
13.078941 -0.002247
13.083942 -0.000497
13.088944 0.001558
13.093945 0.004061
13.098947 0.006672
13.103948 0.008697
13.108950 0.009420
13.113951 0.008416
13.118953 0.005663
13.123954 0.001415
13.128956 -0.003891
13.133957 -0.009584
13.138959 -0.014706
13.143960 -0.018238
13.148962 -0.019468
13.153963 -0.018163
13.158965 -0.014482
13.163966 -0.008833
13.168968 -0.001830
13.173969 0.005690
13.178971 0.012679
13.183972 0.017966
13.188974 0.020511
13.193975 0.019825
13.198977 0.016272
13.203978 0.010935
13.208980 0.005107
13.213981 -0.000199
13.218983 -0.004448
13.223984 -0.007490
13.228986 -0.009363
13.233987 -0.010157
13.238989 -0.009934
13.243990 -0.008652
13.248992 -0.006083
13.253993 -0.001854
13.258995 0.004353
13.263996 0.012541
13.268998 0.022231
13.273999 0.032456
13.279001 0.041861
13.284002 0.048908
13.289004 0.052231
13.294005 0.051118
13.299007 0.045913
13.304008 0.038046
13.309010 0.029563
13.314011 0.022434
13.319013 0.017956
13.324014 0.016367
13.329016 0.016814
13.334017 0.017818
13.339019 0.018032
13.344020 0.016750
13.349022 0.013871
13.354024 0.009625
13.359025 0.004410
13.364027 -0.001206
13.369028 -0.006558
13.374030 -0.011054
13.379031 -0.014347
13.384033 -0.016453
13.389034 -0.017805
13.394036 -0.019063
13.399037 -0.020663
13.404039 -0.022435
13.409040 -0.023697
13.414042 -0.023722
13.419043 -0.022150
13.424045 -0.019139
13.429046 -0.015321
13.434048 -0.011683
13.439049 -0.009313
13.444051 -0.009052
13.449052 -0.011118
13.454054 -0.014890
13.459055 -0.019090
13.464057 -0.022394
13.469058 -0.024114
13.474060 -0.024364
13.479061 -0.023598
13.484063 -0.022002
13.489064 -0.019300
13.494066 -0.015033
13.499067 -0.008985
13.504069 -0.001367
13.509070 0.007283
13.514072 0.016232
13.519073 0.024490
13.524075 0.030793
13.529076 0.033927
13.534078 0.033334
13.539079 0.029502
13.544081 0.023759
13.549082 0.017582
13.554084 0.011979
13.559085 0.007385
13.564087 0.003955
13.569088 0.001781
13.574090 0.000801
13.579091 0.000606
13.584093 0.000491
13.589094 -0.000221
13.594096 -0.001833
13.599097 -0.004164
13.604099 -0.006670
13.609100 -0.008661
13.614102 -0.009468
13.619103 -0.008557
13.624105 -0.005694
13.629106 -0.001183
13.634108 0.004007
13.639109 0.008412
13.644111 0.010542
13.649112 0.009390
13.654114 0.004781
13.659115 -0.002522
13.664117 -0.010936
13.669118 -0.018430
13.674120 -0.023082
13.679121 -0.023702
13.684123 -0.020312
13.689124 -0.014206
13.694126 -0.007447
13.699127 -0.002024
13.704129 0.000864
13.709131 0.001087
13.714132 -0.000625
13.719134 -0.003210
13.724135 -0.005781
13.729137 -0.007785
13.734138 -0.008852
13.739140 -0.008655
13.744141 -0.006870
13.749143 -0.003137
13.754144 0.002925
13.759146 0.011418
13.764147 0.021602
13.769149 0.031574
13.774150 0.038624
13.779152 0.040161
13.784153 0.034663
13.789155 0.022270
13.794156 0.004957
13.799158 -0.013772
13.804159 -0.029767
13.809161 -0.039498
13.814162 -0.041175
13.819164 -0.035206
13.824165 -0.023942
13.829167 -0.010879
13.834168 0.000418
13.839170 0.007397
13.844171 0.009157
13.849173 0.006385
13.854174 0.000768
13.859176 -0.005701
13.864177 -0.011261
13.869179 -0.014756
13.874180 -0.015879
13.879182 -0.015238
13.884183 -0.014128
13.889185 -0.014031
13.894186 -0.016003
13.899188 -0.020197
13.904189 -0.025712
13.909191 -0.030855
13.914192 -0.033684
13.919194 -0.032613
13.924195 -0.026962
13.929197 -0.017308
13.934198 -0.005296
13.939200 0.007208
13.944201 0.018989
13.949203 0.029658
13.954204 0.039165
13.959206 0.047251
13.964207 0.053239
13.969209 0.056180
13.974210 0.055141
13.979212 0.049514
13.984213 0.039305
13.989215 0.025378
13.994216 0.009547
13.999218 -0.005713
14.004219 -0.017986
14.009221 -0.025817
14.014222 -0.029298
14.019224 -0.029968
14.024225 -0.030000
14.029227 -0.031098
14.034228 -0.033666
14.039230 -0.036694
14.044231 -0.038377
14.049233 -0.037035
14.054234 -0.031841
14.059236 -0.023076
14.064237 -0.011981
14.069239 -0.000391
14.074241 0.009713
14.079242 0.016736
14.084244 0.020009
14.089245 0.020061
14.094247 0.018290
14.099248 0.016166
14.104250 0.014511
14.109251 0.013305
14.114253 0.011990
14.119254 0.009947
14.124256 0.006848
14.129257 0.002813
14.134259 -0.001616
14.139260 -0.005658
14.144262 -0.008592
14.149263 -0.010027
14.154265 -0.009927
14.159266 -0.008488
14.164268 -0.006145
14.169269 -0.003678
14.174271 -0.002111
14.179272 -0.002245
14.184274 -0.004105
14.189275 -0.006746
14.194277 -0.008620
14.199278 -0.008280
14.204280 -0.004959
14.209281 0.001230
14.214283 0.009376
14.219284 0.018003
14.224286 0.025407
14.229287 0.030094
14.234289 0.031205
14.239290 0.028715
14.244292 0.023373
14.249293 0.016492
14.254295 0.009643
14.259296 0.004190
14.264298 0.000787
14.269299 -0.000817
14.274301 -0.001476
14.279302 -0.002131
14.284304 -0.003444
14.289305 -0.005662
14.294307 -0.008593
14.299308 -0.011637
14.304310 -0.013996
14.309311 -0.015040
14.314313 -0.014582
14.319314 -0.012856
14.324316 -0.010306
14.329317 -0.007419
14.334319 -0.004639
14.339320 -0.002247
14.344322 -0.000272
14.349323 0.001434
14.354325 0.003007
14.359326 0.004433
14.364328 0.005504
14.369329 0.005871
14.374331 0.005199
14.379332 0.003285
14.384334 0.000035
14.389335 -0.004543
14.394337 -0.010198
14.399338 -0.016326
14.404340 -0.022092
14.409341 -0.026715
14.414343 -0.029663
14.419344 -0.030679
14.424346 -0.029662
14.429347 -0.026537
14.434349 -0.021226
14.439351 -0.013775
14.444352 -0.004577
14.449354 0.005468
14.454355 0.015068
14.459357 0.022942
14.464358 0.028255
14.469360 0.030714
14.474361 0.030329
14.479363 0.027132
14.484364 0.021238
14.489366 0.013208
14.494367 0.004380
14.499369 -0.003219
14.504370 -0.007451
14.509372 -0.006819
14.514373 -0.000982
14.519375 0.009149
14.524376 0.021666
14.529378 0.034125
14.534379 0.044081
14.539381 0.049556
14.544382 0.049422
14.549384 0.043652
14.554385 0.033429
14.559387 0.020965
14.564388 0.008891
14.569390 -0.000616
14.574391 -0.006496
14.579393 -0.008932
14.584394 -0.009062
14.589396 -0.008546
14.594397 -0.009079
14.599399 -0.011786
14.604400 -0.016746
14.609402 -0.022959
14.614403 -0.028848
14.619405 -0.032967
14.624406 -0.034517
14.629408 -0.033472
14.634409 -0.030305
14.639411 -0.025550
14.644412 -0.019511
14.649414 -0.012305
14.654415 -0.004069
14.659417 0.004877
14.664418 0.013931
14.669420 0.022121
14.674421 0.028113
14.679423 0.030488
14.684424 0.028270
14.689426 0.021456
14.694427 0.011268
14.699429 -0.000074
14.704430 -0.010047
14.709432 -0.016639
14.714433 -0.018910
14.719435 -0.017106
14.724436 -0.012497
14.729438 -0.007039
14.734439 -0.002878
14.739441 -0.001757
14.744442 -0.004476
14.749444 -0.010599
14.754445 -0.018519
14.759447 -0.025950
14.764448 -0.030719
14.769450 -0.031551
14.774451 -0.028452
14.779453 -0.022574
14.784454 -0.015696
14.789456 -0.009540
14.794458 -0.005176
14.799459 -0.002781
14.804461 -0.001844
14.809462 -0.001562
14.814464 -0.001196
14.819465 -0.000295
14.824467 0.001154
14.829468 0.002717
14.834470 0.003776
14.839471 0.003965
14.844473 0.003480
14.849474 0.002940
14.854476 0.002945
14.859477 0.003704
14.864479 0.004975
14.869480 0.006244
14.874482 0.006954
14.879483 0.006708
14.884485 0.005411
14.889486 0.003306
14.894488 0.000951
14.899489 -0.000798
14.904491 -0.000936
14.909492 0.001264
14.914494 0.005795
14.919495 0.011827
14.924497 0.018060
14.929498 0.023199
14.934500 0.026279
14.939501 0.026847
14.944503 0.025091
14.949504 0.021824
14.954506 0.018164
14.959507 0.015056
14.964509 0.012989
14.969510 0.012008
14.974512 0.011862
14.979513 0.012122
14.984515 0.012266
14.989516 0.011776
14.994518 0.010251
14.999519 0.007586
15.004521 0.004098
15.009522 0.000432
15.014524 -0.002755
15.019525 -0.005122
15.024527 -0.006751
15.029528 -0.008041
15.034530 -0.009407
15.039531 -0.010955
15.044533 -0.012375
15.049534 -0.013188
15.054536 -0.013076
15.059537 -0.012013
15.064539 -0.010146
15.069540 -0.007716
15.074542 -0.005105
15.079543 -0.002811
15.084545 -0.001254
15.089546 -0.000643
15.094548 -0.001009
15.099549 -0.002279
15.104551 -0.004236
15.109552 -0.006471
15.114554 -0.008457
15.119555 -0.009720
15.124557 -0.009945
15.129558 -0.008971
15.134560 -0.006744
15.139561 -0.003348
15.144563 0.000882
15.149564 0.005243
15.154566 0.008700
15.159568 0.010201
15.164569 0.009116
15.169571 0.005476
15.174572 -0.000168
15.179574 -0.007048
15.184575 -0.014345
15.189577 -0.021141
15.194578 -0.026384
15.199580 -0.029071
15.204581 -0.028547
15.209583 -0.024684
15.214584 -0.017842
15.219586 -0.008743
15.224587 0.001608
15.229589 0.011984
15.234590 0.021107
15.239592 0.027911
15.244593 0.031779
15.249595 0.032651
15.254596 0.031006
15.259598 0.027693
15.264599 0.023619
15.269601 0.019404
15.274602 0.015218
15.279604 0.010887
15.284605 0.006109
15.289607 0.000688
15.294608 -0.005270
15.299610 -0.011219
15.304611 -0.016268
15.309613 -0.019531
15.314614 -0.020489
15.319616 -0.019124
15.324617 -0.015831
15.329619 -0.011241
15.334620 -0.006003
15.339622 -0.000583
15.344623 0.004755
15.349625 0.009749
15.354626 0.013931
15.359628 0.016682
15.364629 0.017553
15.369631 0.016591
15.374632 0.014352
15.379634 0.011565
15.384635 0.008731
15.389637 0.006042
15.394638 0.003664
15.399640 0.001985
15.404641 0.001524
15.409643 0.002625
15.414644 0.005284
15.419646 0.009132
15.424647 0.013448
15.429649 0.017216
15.434650 0.019389
15.439652 0.019308
15.444653 0.016957
15.449655 0.012886
15.454656 0.007942
15.459658 0.003055
15.464659 -0.000908
15.469661 -0.003319
15.474662 -0.003957
15.479664 -0.003014
15.484665 -0.000998
15.489667 0.001293
15.494668 0.002788
15.499670 0.002496
15.504671 0.000170
15.509673 -0.003319
15.514675 -0.006369
15.519676 -0.007508
15.524678 -0.006002
15.529679 -0.001902
15.534681 0.004215
15.539682 0.011520
15.544684 0.019060
15.549685 0.025754
15.554687 0.030435
15.559688 0.032101
15.564690 0.030216
15.569691 0.024809
15.574693 0.016403
15.579694 0.005909
15.584696 -0.005492
15.589697 -0.016515
15.594699 -0.025953
15.599700 -0.032773
15.604702 -0.036174
15.609703 -0.035763
15.614705 -0.031791
15.619706 -0.025181
15.624708 -0.017267
15.629709 -0.009446
15.634711 -0.002932
15.639712 0.001411
15.644714 0.003176
15.649715 0.002447
15.654717 -0.000278
15.659718 -0.004245
15.664720 -0.008693
15.669721 -0.013114
15.674723 -0.017306
15.679724 -0.021122
15.684726 -0.024197
15.689727 -0.026033
15.694729 -0.026398
15.699730 -0.025529
15.704732 -0.023865
15.709733 -0.021582
15.714735 -0.018492
15.719736 -0.014378
15.724738 -0.009400
15.729739 -0.004123
15.734741 0.000792
15.739742 0.004892
15.744744 0.008006
15.749745 0.010125
15.754747 0.011287
15.759748 0.011557
15.764750 0.011106
15.769751 0.010254
15.774753 0.009418
15.779754 0.008989
15.784756 0.009184
15.789757 0.009932
15.794759 0.010877
15.799760 0.011565
15.804762 0.011683
15.809763 0.011143
15.814765 0.010020
15.819766 0.008498
15.824768 0.006838
15.829769 0.005337
15.834771 0.004239
15.839772 0.003636
15.844774 0.003382
15.849775 0.003110
15.854777 0.002396
15.859778 0.001014
15.864780 -0.000921
15.869781 -0.003023
15.874783 -0.004829
15.879785 -0.005985
15.884786 -0.006412
15.889788 -0.006430
15.894789 -0.006668
15.899791 -0.007604
15.904792 -0.009097
15.909794 -0.010373
15.914795 -0.010490
15.919797 -0.008873
15.924798 -0.005556
15.929800 -0.001038
15.934801 0.004053
15.939803 0.009210
15.944804 0.014019
15.949806 0.018084
15.954807 0.021125
15.959809 0.023187
15.964810 0.024624
15.969812 0.025781
15.974813 0.026709
15.979815 0.027168
15.984816 0.026839
15.989818 0.025486
15.994819 0.023004
15.999821 0.019366
16.004822 0.014494
16.009824 0.008141
16.014825 -0.000006
16.019827 -0.009926
16.024828 -0.020839
16.029830 -0.031157
16.034831 -0.038927
16.039833 -0.042527
16.044834 -0.041268
16.049836 -0.035575
16.054837 -0.026706
16.059839 -0.016310
16.064840 -0.006135
16.069842 0.002171
16.074843 0.007409
16.079845 0.009217
16.084846 0.008118
16.089848 0.005164
16.094849 0.001515
16.099851 -0.001786
16.104852 -0.003930
16.109854 -0.004445
16.114855 -0.003236
16.119857 -0.000508
16.124858 0.003326
16.129860 0.007685
16.134861 0.011848
16.139863 0.015033
16.144864 0.016519
16.149866 0.015778
16.154867 0.012609
16.159869 0.007243
16.164870 0.000395
16.169872 -0.006782
16.174873 -0.012905
16.179875 -0.016751
16.184876 -0.017692
16.189878 -0.015916
16.194879 -0.012308
16.199881 -0.008079
16.204882 -0.004392
16.209884 -0.002064
16.214885 -0.001358
16.219887 -0.001898
16.224888 -0.002824
16.229890 -0.003148
16.234892 -0.002095
16.239893 0.000685
16.244895 0.004978
16.249896 0.009968
16.254898 0.014469
16.259899 0.017423
16.264901 0.018328
16.269902 0.017295
16.274904 0.014780
16.279905 0.011308
16.284907 0.007397
16.289908 0.003538
16.294910 -0.000011
16.299911 -0.003440
16.304913 -0.007270
16.309914 -0.011912
16.314916 -0.017260
16.319917 -0.022577
16.324919 -0.026703
16.329920 -0.028461
16.334922 -0.027108
16.339923 -0.022614
16.344925 -0.015694
16.349926 -0.007585
16.354928 0.000332
16.359929 0.006963
16.364931 0.011768
16.369932 0.014756
16.374934 0.016292
16.379935 0.016873
16.384937 0.016870
16.389938 0.016303
16.394940 0.014842
16.399941 0.012092
16.404943 0.007967
16.409944 0.002884
16.414946 -0.002274
16.419947 -0.006434
16.424949 -0.008754
16.429950 -0.008974
16.434952 -0.007450
16.439953 -0.004988
16.444955 -0.002731
16.449956 -0.002070
16.454958 -0.004266
16.459959 -0.009774
16.464961 -0.017762
16.469962 -0.026278
16.474964 -0.032987
16.479965 -0.035984
16.484967 -0.034309
16.489968 -0.027987
16.494970 -0.017827
16.499971 -0.005292
16.504973 0.007595
16.509974 0.018598
16.514976 0.025917
16.519977 0.028790
16.524979 0.027674
16.529980 0.023966
16.534982 0.019443
16.539983 0.015691
16.544985 0.013686
16.549986 0.013589
16.554988 0.014727
16.559989 0.015814
16.564991 0.015507
16.569992 0.013163
16.574994 0.009283
16.579995 0.005223
16.584997 0.002264
16.589998 0.000798
16.595000 0.000354
0.000000 0.000000
0.005001 0.000078
0.010002 0.000078
0.015002 0.000078
0.020003 -0.000050
0.025004 0.000078
0.030005 -0.000050
0.035005 -0.000050
0.040006 -0.000050
0.045007 -0.000050
0.050008 -0.000050
0.055008 -0.000050
0.060009 -0.000050
0.065010 -0.000050
0.070011 -0.000050
0.075012 -0.000050
0.080012 -0.000050
0.085013 -0.000050
0.090014 -0.000050
0.095015 -0.000050
0.100015 -0.000050
0.105016 0.000078
0.110017 0.000078
0.115018 0.000078
0.120018 0.000078
0.125019 0.000078
0.130020 0.000078
0.135021 0.000078
0.140022 -0.000050
0.145022 -0.000050
0.150023 -0.000050
0.155024 -0.000050
0.160025 -0.000050
0.165025 -0.000050
0.170026 -0.000050
0.175027 -0.000050
0.180028 -0.000050
0.185028 -0.000050
0.190029 -0.000050
0.195030 -0.000050
0.200031 -0.000050
0.205032 -0.000050
0.210032 0.000078
0.215033 0.000078
0.220034 -0.000050
0.225035 -0.000050
0.230035 0.000078
0.235036 0.000078
0.240037 0.000078
0.245038 -0.000050
0.250039 0.000078
0.255039 -0.000050
0.260040 0.000078
0.265041 0.000149
0.270042 0.000078
0.275042 -0.000050
0.280043 -0.000050
0.285044 -0.000050
0.290045 -0.000050
0.295045 -0.000050
0.300046 -0.000050
0.305047 -0.000050
0.310048 -0.000050
0.315049 -0.000050
0.320049 -0.000050
0.325050 -0.000050
0.330051 -0.000050
0.335052 -0.000050
0.340052 -0.000050
0.345053 0.000078
0.350054 0.000078
0.355055 0.000078
0.360055 -0.000050
0.365056 0.000078
0.370057 -0.000050
0.375058 0.000078
0.380059 -0.000050
0.385059 0.000078
0.390060 0.000078
0.395061 -0.000050
0.400062 -0.000050
0.405062 -0.000050
0.410063 -0.000050
0.415064 -0.000050
0.420065 -0.000050
0.425065 -0.000050
0.430066 -0.000050
0.435067 -0.000050
0.440068 -0.000050
0.445069 0.000078
0.450069 0.000078
0.455070 0.000078
0.460071 0.000078
0.465072 0.000078
0.470072 0.000078
0.475073 0.000078
0.480074 0.000078
0.485075 0.000078
0.490075 0.000078
0.495076 -0.000050
0.500077 -0.000050
0.505078 -0.000050
0.510079 -0.000050
0.515079 -0.000050
0.520080 -0.000050
0.525081 -0.000050
0.530082 -0.000050
0.535082 -0.000050
0.540083 -0.000050
0.545084 -0.000050
0.550085 -0.000050
0.555085 -0.000050
0.560086 0.000078
0.565087 0.000078
0.570088 0.000078
0.575089 0.000078
0.580089 0.000078
0.585090 0.000078
0.590091 0.000078
0.595092 -0.000050
0.600092 -0.000050
0.605093 0.000078
0.610094 0.000078
0.615095 0.000078
0.620096 -0.000050
0.625096 -0.000050
0.630097 -0.000050
0.635098 -0.000050
0.640099 -0.000050
0.645099 -0.000050
0.650100 -0.000050
0.655101 -0.000050
0.660102 -0.000050
0.665102 -0.000050
0.670103 -0.000050
0.675104 -0.000050
0.680105 0.000078
0.685106 0.000078
0.690106 0.000078
0.695107 0.000077
0.700108 0.000077
0.705109 0.000077
0.710109 0.000077
0.715110 -0.000050
0.720111 -0.000050
0.725112 0.000077
0.730112 -0.000050
0.735113 -0.000050
0.740114 -0.000050
0.745115 -0.000050
0.750116 -0.000050
0.755116 -0.000050
0.760117 -0.000050
0.765118 -0.000050
0.770119 -0.000050
0.775119 -0.000050
0.780120 -0.000050
0.785121 0.000077
0.790122 0.000077
0.795122 0.000077
0.800123 0.000077
0.805124 0.000077
0.810125 0.000077
0.815126 0.000077
0.820126 0.000077
0.825127 -0.000050
0.830128 -0.000050
0.835129 -0.000050
0.840129 -0.000050
0.845130 -0.000050
0.850131 -0.000050
0.855132 -0.000050
0.860132 -0.000050
0.865133 -0.000050
0.870134 -0.000050
0.875135 -0.000050
0.880136 -0.000050
0.885136 -0.000050
0.890137 -0.000050
0.895138 0.000077
0.900139 -0.000050
0.905139 -0.000050
0.910140 -0.000050
0.915141 0.000077
0.920142 0.000077
0.925142 0.000077
0.930143 0.000077
0.935144 -0.000050
0.940145 -0.000050
0.945146 -0.000050
0.950146 -0.000050
0.955147 -0.000050
0.960148 -0.000050
0.965149 -0.000050
0.970149 -0.000050
0.975150 -0.000050
0.980151 -0.000050
0.985152 -0.000050
0.990152 -0.000050
0.995153 -0.000050
1.000154 -0.000050
1.005155 -0.000050
1.010156 -0.000050
1.015156 -0.000050
1.020157 -0.000050
1.025158 -0.000050
1.030159 0.000077
1.035159 -0.000050
1.040160 -0.000050
1.045161 -0.000050
1.050162 -0.000050
1.055163 -0.000050
1.060163 -0.000050
1.065164 -0.000050
1.070165 -0.000050
1.075166 -0.000050
1.080166 -0.000050
1.085167 -0.000050
1.090168 -0.000050
1.095169 -0.000050
1.100169 -0.000050
1.105170 -0.000050
1.110171 -0.000050
1.115172 -0.000050
1.120173 -0.000050
1.125173 -0.000050
1.130174 -0.000050
1.135175 -0.000050
1.140176 0.000077
1.145176 0.000077
1.150177 0.000077
1.155178 0.000077
1.160179 -0.000050
1.165179 -0.000050
1.170180 -0.000050
1.175181 0.000276
1.180182 -0.000050
1.185183 -0.000050
1.190183 -0.000050
1.195184 -0.000050
1.200185 -0.000050
1.205186 -0.000050
1.210186 -0.000050
1.215187 -0.000050
1.220188 -0.000050
1.225189 -0.000050
1.230189 -0.000050
1.235190 -0.000050
1.240191 0.000077
1.245192 0.000077
1.250193 0.000077
1.255193 0.000077
1.260194 0.000077
1.265195 0.000077
1.270196 0.000077
1.275196 0.000077
1.280197 -0.000050
1.285198 -0.000050
1.290199 0.000077
1.295199 -0.000050
1.300200 -0.000050
1.305201 -0.000050
1.310202 -0.000050
1.315203 -0.000050
1.320203 -0.000050
1.325204 -0.000050
1.330205 -0.000050
1.335206 0.000149
1.340206 -0.000050
1.345207 -0.000050
1.350208 -0.000050
1.355209 -0.000050
1.360209 -0.000050
1.365210 0.000077
1.370211 0.000077
1.375212 0.000077
1.380213 0.000077
1.385213 -0.000050
1.390214 0.000077
1.395215 -0.000050
1.400216 -0.000050
1.405216 -0.000050
1.410217 -0.000050
1.415218 -0.000050
1.420219 -0.000050
1.425220 -0.000050
1.430220 -0.000050
1.435221 -0.000050
1.440222 -0.000050
1.445223 -0.000050
1.450223 0.000077
1.455224 -0.000050
1.460225 -0.000050
1.465226 -0.000050
1.470226 0.000077
1.475227 0.000276
1.480228 -0.000050
1.485229 0.000077
1.490230 0.000077
1.495230 0.000077
1.500231 0.000077
1.505232 0.000077
1.510233 -0.000050
1.515233 -0.000050
1.520234 -0.000050
1.525235 -0.000050
1.530236 -0.000050
1.535236 -0.000050
1.540237 -0.000050
1.545238 -0.000050
1.550239 -0.000050
1.555240 -0.000050
1.560240 -0.000050
1.565241 -0.000050
1.570242 -0.000050
1.575243 -0.000050
1.580243 -0.000050
1.585244 0.000077
1.590245 0.000077
1.595246 0.000077
1.600246 0.000077
1.605247 0.000077
1.610248 0.000077
1.615249 0.000077
1.620250 -0.000050
1.625250 -0.000050
1.630251 0.000077
1.635252 -0.000050
1.640253 0.000149
1.645253 -0.000050
1.650254 -0.000050
1.655255 -0.000050
1.660256 -0.000050
1.665256 0.000149
1.670257 0.000149
1.675258 -0.000050
1.680259 -0.000050
1.685260 0.000077
1.690260 0.000276
1.695261 0.000077
1.700262 0.000077
1.705263 0.000077
1.710263 0.000077
1.715264 0.000077
1.720265 0.000077
1.725266 0.000077
1.730266 0.000077
1.735267 -0.000050
1.740268 0.000077
1.745269 -0.000050
1.750270 -0.000050
1.755270 -0.000050
1.760271 -0.000050
1.765272 -0.000050
1.770273 -0.000050
1.775273 -0.000050
1.780274 -0.000050
1.785275 -0.000050
1.790276 -0.000050
1.795276 0.000077
1.800277 0.000077
1.805278 -0.000050
1.810279 0.000077
1.815280 0.000077
1.820280 0.000077
1.825281 0.000077
1.830282 -0.000050
1.835283 0.000077
1.840283 0.000077
1.845284 -0.000050
1.850285 -0.000050
1.855286 0.000077
1.860287 -0.000050
1.865287 -0.000050
1.870288 -0.000050
1.875289 -0.000050
1.880290 -0.000050
1.885290 -0.000050
1.890291 -0.000050
1.895292 -0.000050
1.900293 -0.000050
1.905293 -0.000050
1.910294 0.000077
1.915295 -0.000050
1.920296 -0.000050
1.925297 -0.000050
1.930297 0.000077
1.935298 0.000077
1.940299 0.000077
1.945300 0.000077
1.950300 0.000077
1.955301 -0.000050
1.960302 -0.000050
1.965303 -0.000050
1.970303 -0.000050
1.975304 -0.000050
1.980305 -0.000050
1.985306 -0.000050
1.990307 -0.000050
1.995307 -0.000050
2.000308 -0.000050
2.005309 -0.000050
2.010310 -0.000050
2.015310 -0.000050
2.020311 -0.000050
2.025312 -0.000050
2.030313 0.000077
2.035313 0.000077
2.040314 0.000077
2.045315 0.000077
2.050316 -0.000050
2.055317 0.000077
2.060317 0.000077
2.065318 0.000077
2.070319 0.000077
2.075320 -0.000050
2.080320 0.000077
2.085321 -0.000050
2.090322 -0.000050
2.095323 -0.000050
2.100323 -0.000050
2.105324 -0.000050
2.110325 -0.000050
2.115326 -0.000050
2.120327 -0.000050
2.125327 -0.000050
2.130328 -0.000050
2.135329 -0.000050
2.140330 -0.000050
2.145330 0.000077
2.150331 0.000077
2.155332 0.000077
2.160333 0.000077
2.165333 0.000077
2.170334 0.000077
2.175335 -0.000050
2.180336 -0.000050
2.185337 -0.000050
2.190337 -0.000050
2.195338 0.000077
2.200339 -0.000050
2.205340 -0.000050
2.210340 -0.000050
2.215341 -0.000050
2.220342 -0.000050
2.225343 -0.000050
2.230343 -0.000050
2.235344 -0.000050
2.240345 -0.000050
2.245346 -0.000050
2.250347 0.000077
2.255347 -0.000050
2.260348 0.000077
2.265349 0.000276
2.270350 0.000077
2.275350 0.000077
2.280351 0.000077
2.285352 0.000077
2.290353 0.000276
2.295354 -0.000050
2.300354 -0.000050
2.305355 -0.000050
2.310356 -0.000050
2.315357 -0.000050
2.320357 -0.000050
2.325358 -0.000051
2.330359 -0.000051
2.335360 -0.000051
2.340360 -0.000051
2.345361 -0.000051
2.350362 -0.000051
2.355363 -0.000051
2.360364 -0.000051
2.365364 -0.000051
2.370365 -0.000051
2.375366 -0.000051
2.380367 0.000149
2.385367 0.000077
2.390368 0.000077
2.395369 0.000077
2.400370 0.000077
2.405370 0.000077
2.410371 0.000276
2.415372 -0.000051
2.420373 0.000077
2.425374 -0.000051
2.430374 -0.000051
2.435375 0.000149
2.440376 0.000149
2.445377 -0.000051
2.450377 -0.000051
2.455378 -0.000051
2.460379 -0.000051
2.465380 -0.000051
2.470380 -0.000051
2.475381 -0.000051
2.480382 -0.000051
2.485383 0.000077
2.490384 -0.000051
2.495384 0.000077
2.500385 0.000077
2.505386 0.000077
2.510387 0.000077
2.515387 0.000077
2.520388 0.000077
2.525389 -0.000051
2.530390 -0.000051
2.535390 0.000077
2.540391 -0.000051
2.545392 -0.000051
2.550393 0.000077
2.555394 0.000149
2.560394 -0.000051
2.565395 -0.000051
2.570396 -0.000051
2.575397 -0.000051
2.580397 -0.000051
2.585398 -0.000051
2.590399 0.000077
2.595400 0.000276
2.600400 -0.000051
2.605401 0.000077
2.610402 0.000077
2.615403 -0.000051
2.620404 0.000077
2.625404 0.000077
2.630405 -0.000051
2.635406 0.000077
2.640407 -0.000051
2.645407 0.000077
2.650408 0.000077
2.655409 -0.000051
2.660410 -0.000051
2.665411 -0.000051
2.670411 -0.000051
2.675412 -0.000051
2.680413 -0.000051
2.685414 -0.000051
2.690414 -0.000051
2.695415 0.000149
2.700416 0.000148
2.705417 0.000077
2.710417 0.000077
2.715418 0.000077
2.720419 0.000077
2.725420 0.000077
2.730421 0.000077
2.735421 0.000276
2.740422 0.000276
2.745423 0.000077
2.750424 0.000077
2.755424 -0.000051
2.760425 -0.000051
2.765426 -0.000051
2.770427 -0.000051
2.775427 -0.000051
2.780428 -0.000051
2.785429 -0.000051
2.790430 -0.000051
2.795431 -0.000051
2.800431 -0.000051
2.805432 -0.000051
2.810433 -0.000051
2.815434 -0.000051
2.820434 -0.000051
2.825435 0.000077
2.830436 -0.000051
2.835437 -0.000051
2.840437 0.000077
2.845438 -0.000051
2.850439 -0.000051
2.855440 0.000077
2.860441 0.000077
2.865441 0.000276
2.870442 -0.000051
2.875443 0.000077
2.880444 -0.000051
2.885444 -0.000051
2.890445 -0.000051
2.895446 -0.000051
2.900447 -0.000051
2.905447 -0.000051
2.910448 -0.000051
2.915449 -0.000051
2.920450 -0.000051
2.925451 -0.000051
2.930451 -0.000051
2.935452 -0.000051
2.940453 0.000077
2.945454 0.000077
2.950454 0.000077
2.955455 0.000077
2.960456 -0.000051
2.965457 0.000077
2.970457 -0.000051
2.975458 -0.000051
2.980459 -0.000051
2.985460 -0.000051
2.990461 -0.000051
2.995461 -0.000051
3.000462 -0.000051
3.005463 -0.000051
3.010464 -0.000051
3.015464 -0.000051
3.020465 -0.000051
3.025466 -0.000051
3.030467 -0.000051
3.035467 -0.000051
3.040468 -0.000051
3.045469 -0.000051
3.050470 0.000077
3.055471 0.000077
3.060471 0.000077
3.065472 0.000077
3.070473 0.000077
3.075474 0.000077
3.080474 0.000077
3.085475 -0.000051
3.090476 0.000077
3.095477 -0.000051
3.100478 -0.000051
3.105478 -0.000051
3.110479 -0.000051
3.115480 -0.000051
3.120481 -0.000051
3.125481 -0.000051
3.130482 -0.000051
3.135483 -0.000051
3.140484 -0.000051
3.145484 -0.000051
3.150485 -0.000051
3.155486 0.000077
3.160487 0.000077
3.165488 0.000077
3.170488 0.000077
3.175489 0.000077
3.180490 0.000077
3.185491 0.000077
3.190491 0.000077
3.195492 0.000077
3.200493 -0.000051
3.205494 0.000077
3.210494 -0.000051
3.215495 -0.000051
3.220496 -0.000051
3.225497 -0.000051
3.230498 -0.000051
3.235498 -0.000051
3.240499 -0.000051
3.245500 -0.000051
3.250501 -0.000051
3.255501 -0.000051
3.260502 -0.000051
3.265503 -0.000051
3.270504 -0.000051
3.275504 -0.000051
3.280505 -0.000051
3.285506 -0.000051
3.290507 0.000076
3.295508 0.000076
3.300508 -0.000051
3.305509 0.000076
3.310510 0.000076
3.315511 -0.000051
3.320511 -0.000051
3.325512 0.000076
3.330513 -0.000051
3.335514 -0.000051
3.340514 -0.000051
3.345515 -0.000051
3.350516 -0.000051
3.355517 -0.000051
3.360518 -0.000051
3.365518 -0.000051
3.370519 0.000076
3.375520 -0.000051
3.380521 -0.000051
3.385521 -0.000051
3.390522 0.000076
3.395523 0.000076
3.400524 -0.000051
3.405524 -0.000051
3.410525 0.000076
3.415526 0.000076
3.420527 0.000076
3.425528 -0.000051
3.430528 -0.000051
3.435529 -0.000051
3.440530 -0.000051
3.445531 -0.000051
3.450531 -0.000051
3.455532 -0.000051
3.460533 -0.000051
3.465534 -0.000051
3.470535 -0.000051
3.475535 -0.000051
3.480536 -0.000051
3.485537 -0.000051
3.490538 -0.000051
3.495538 0.000076
3.500539 0.000076
3.505540 0.000076
3.510541 0.000076
3.515541 0.000076
3.520542 0.000076
3.525543 0.000076
3.530544 0.000276
3.535545 0.000148
3.540545 0.000148
3.545546 -0.000051
3.550547 0.000076
3.555548 0.000076
3.560548 -0.000051
3.565549 -0.000051
3.570550 -0.000051
3.575551 -0.000051
3.580551 -0.000051
3.585552 -0.000051
3.590553 -0.000051
3.595554 -0.000051
3.600555 -0.000051
3.605555 -0.000051
3.610556 -0.000051
3.615557 -0.000051
3.620558 -0.000051
3.625558 0.000076
3.630559 0.000076
3.635560 0.000076
3.640561 -0.000051
3.645561 0.000076
3.650562 0.000076
3.655563 -0.000051
3.660564 -0.000051
3.665565 -0.000051
3.670565 -0.000051
3.675566 -0.000051
3.680567 -0.000051
3.685568 -0.000051
3.690568 -0.000051
3.695569 -0.000051
3.700570 -0.000051
3.705571 -0.000051
3.710571 -0.000051
3.715572 -0.000051
3.720573 -0.000051
3.725574 -0.000051
3.730575 0.000076
3.735575 0.000076
3.740576 0.000076
3.745577 0.000076
3.750578 0.000076
3.755578 -0.000051
3.760579 0.000076
3.765580 0.000076
3.770581 -0.000051
3.775581 -0.000051
3.780582 -0.000051
3.785583 -0.000051
3.790584 -0.000051
3.795585 -0.000051
3.800585 -0.000051
3.805586 -0.000051
3.810587 -0.000051
3.815588 -0.000051
3.820588 -0.000051
3.825589 -0.000051
3.830590 -0.000051
3.835591 0.000076
3.840591 0.000076
3.845592 0.000076
3.850593 0.000076
3.855594 0.000076
3.860595 0.000076
3.865595 0.000076
3.870596 0.000076
3.875597 0.000076
3.880598 -0.000051
3.885598 -0.000051
3.890599 -0.000051
3.895600 -0.000051
3.900601 -0.000051
3.905602 -0.000051
3.910602 -0.000051
3.915603 -0.000051
3.920604 -0.000051
3.925605 -0.000051
3.930605 -0.000051
3.935606 -0.000051
3.940607 -0.000051
3.945608 -0.000051
3.950608 -0.000051
3.955609 0.000148
3.960610 -0.000051
3.965611 -0.000051
3.970612 -0.000051
3.975612 0.000076
3.980613 0.000076
3.985614 0.000076
3.990615 -0.000051
3.995615 -0.000051
4.000616 -0.000051
4.005617 -0.000051
4.010618 -0.000051
4.015618 -0.000051
4.020619 -0.000051
4.025620 -0.000051
4.030621 -0.000051
4.035622 -0.000051
4.040622 -0.000051
4.045623 -0.000051
4.050624 -0.000051
4.055625 -0.000051
4.060625 -0.000051
4.065626 -0.000051
4.070627 0.000076
4.075628 0.000076
4.080628 0.000076
4.085629 0.000076
4.090630 0.000076
4.095631 0.000076
4.100632 -0.000051
4.105632 -0.000051
4.110633 -0.000051
4.115634 0.000076
4.120635 -0.000051
4.125635 -0.000051
4.130636 -0.000051
4.135637 -0.000051
4.140638 -0.000051
4.145638 -0.000051
4.150639 -0.000051
4.155640 -0.000051
4.160641 -0.000051
4.165642 -0.000051
4.170642 -0.000051
4.175643 -0.000051
4.180644 -0.000051
4.185645 0.000076
4.190645 -0.000051
4.195646 0.000076
4.200647 -0.000051
4.205648 -0.000051
4.210648 0.000076
4.215649 0.000076
4.220650 0.000076
4.225651 -0.000051
4.230652 0.000076
4.235652 -0.000051
4.240653 -0.000051
4.245654 -0.000051
4.250655 -0.000051
4.255655 -0.000051
4.260656 -0.000051
4.265657 -0.000051
4.270658 -0.000051
4.275659 -0.000051
4.280659 -0.000051
4.285660 -0.000051
4.290661 -0.000051
4.295662 0.000148
4.300662 0.000148
4.305663 0.000076
4.310664 0.000275
4.315665 0.000275
4.320665 -0.000051
4.325666 -0.000051
4.330667 0.000076
4.335668 0.000076
4.340669 -0.000051
4.345669 -0.000051
4.350670 -0.000051
4.355671 -0.000051
4.360672 -0.000051
4.365672 -0.000051
4.370673 -0.000051
4.375674 -0.000051
4.380675 -0.000051
4.385675 -0.000051
4.390676 -0.000051
4.395677 -0.000051
4.400678 -0.000051
4.405679 -0.000051
4.410679 0.000076
4.415680 0.000076
4.420681 0.000076
4.425682 0.000076
4.430682 0.000076
4.435683 0.000076
4.440684 -0.000051
4.445685 0.000076
4.450685 -0.000051
4.455686 0.000275
4.460687 -0.000051
4.465688 -0.000051
4.470689 -0.000051
4.475689 0.000148
4.480690 -0.000051
4.485691 -0.000051
4.490692 -0.000051
4.495692 -0.000051
4.500693 -0.000051
4.505694 -0.000051
4.510695 -0.000051
4.515695 -0.000051
4.520696 -0.000051
4.525697 -0.000051
4.530698 0.000076
4.535699 0.000076
4.540699 0.000076
4.545700 0.000076
4.550701 0.000076
4.555702 0.000076
4.560702 0.000076
4.565703 -0.000051
4.570704 -0.000051
4.575705 -0.000051
4.580705 -0.000051
4.585706 -0.000051
4.590707 -0.000051
4.595708 -0.000051
4.600709 -0.000051
4.605709 -0.000051
4.610710 -0.000051
4.615711 -0.000051
4.620712 -0.000051
4.625712 0.000076
4.630713 -0.000051
4.635714 0.000076
4.640715 0.000076
4.645715 0.000076
4.650716 0.000076
4.655717 -0.000051
4.660718 0.000076
4.665719 0.000076
4.670719 0.000076
4.675720 -0.000051
4.680721 -0.000051
4.685722 0.000076
4.690722 0.000076
4.695723 -0.000051
4.700724 -0.000051
4.705725 -0.000051
4.710726 -0.000051
4.715726 -0.000051
4.720727 -0.000051
4.725728 -0.000051
4.730729 -0.000051
4.735729 -0.000051
4.740730 -0.000051
4.745731 0.000076
4.750732 0.000076
4.755732 0.000076
4.760733 0.000076
4.765734 0.000076
4.770735 0.000076
4.775736 0.000076
4.780736 -0.000051
4.785737 0.000076
4.790738 -0.000051
4.795739 0.000076
4.800739 -0.000051
4.805740 -0.000051
4.810741 -0.000051
4.815742 -0.000051
4.820742 -0.000051
4.825743 -0.000051
4.830744 -0.000051
4.835745 -0.000051
4.840746 -0.000051
4.845746 -0.000051
4.850747 -0.000051
4.855748 -0.000051
4.860749 -0.000051
4.865749 0.000076
4.870750 0.000076
4.875751 0.000076
4.880752 -0.000052
4.885752 0.000076
4.890753 0.000076
4.895754 0.000076
4.900755 0.000076
4.905756 0.000148
4.910756 0.000076
4.915757 -0.000052
4.920758 -0.000052
4.925759 -0.000052
4.930759 -0.000179
4.935760 -0.000179
4.940761 -0.000179
4.945762 0.000076
4.950762 0.000076
4.955763 -0.000123
4.960764 0.000203
4.965765 0.000203
4.970766 -0.000107
4.975766 -0.001158
4.980767 -0.000378
4.985768 0.001454
4.990769 0.001725
4.995769 0.000164
5.000770 -0.002735
5.005771 -0.002696
5.010772 0.000840
5.015772 0.004209
5.020773 0.001486
5.025774 -0.004153
5.030775 -0.005818
5.035776 -0.001429
5.040776 0.004624
5.045777 0.005365
5.050778 -0.001341
5.055779 -0.007594
5.060779 -0.005866
5.065780 0.002567
5.070781 0.008621
5.075782 0.003795
5.080783 -0.004528
5.085783 -0.007483
5.090784 -0.001844
5.095785 0.006184
5.100786 0.011020
5.105786 0.005740
5.110787 -0.005704
5.115788 -0.011303
5.120789 -0.006980
5.125789 0.002632
5.130790 0.005786
5.135791 0.000585
5.140792 -0.006607
5.145793 -0.010407
5.150793 -0.008759
5.155794 -0.001080
5.160795 0.006893
5.165796 0.012564
5.170796 0.009021
5.175797 -0.001842
5.180798 -0.009807
5.185799 -0.002451
5.190799 0.012275
5.195800 0.015510
5.200801 0.003866
5.205802 -0.013003
5.210803 -0.017623
5.215803 -0.007992
5.220804 0.004936
5.225805 0.009301
5.230806 0.003487
5.235806 -0.004597
5.240807 -0.008332
5.245808 -0.007545
5.250809 -0.001772
5.255809 0.004735
5.260810 0.008796
5.265811 0.006541
5.270812 0.001227
5.275813 -0.005114
5.280813 -0.007286
5.285814 -0.002520
5.290815 0.002873
5.295816 0.005518
5.300816 0.005916
5.305817 0.001058
5.310818 -0.006589
5.315819 -0.010405
5.320819 -0.005827
5.325820 0.003896
5.330821 0.008285
5.335822 0.001826
5.340823 -0.006503
5.345823 -0.008469
5.350824 -0.004940
5.355825 -0.001913
5.360826 0.002370
5.365826 0.007141
5.370827 0.007078
5.375828 0.000907
5.380829 -0.006102
5.385829 -0.006901
5.390830 -0.000786
5.395831 0.006573
5.400832 0.003260
5.405833 -0.008863
5.410833 -0.016803
5.415834 -0.008488
5.420835 0.009871
5.425836 0.015215
5.430836 0.000506
5.435837 -0.016465
5.440838 -0.016674
5.445839 0.004820
5.450839 0.027701
5.455840 0.027877
5.460841 0.007203
5.465842 -0.014969
5.470843 -0.020696
5.475843 -0.005602
5.480844 0.012932
5.485845 0.014757
5.490846 0.001792
5.495846 -0.012378
5.500847 -0.014904
5.505848 -0.007212
5.510849 -0.001740
5.515850 -0.001603
5.520850 -0.000170
5.525851 0.002871
5.530852 0.002590
5.535853 -0.001265
5.540853 -0.004905
5.545854 -0.002611
5.550855 0.005603
5.555856 0.011212
5.560856 0.007300
5.565857 -0.002131
5.570858 -0.009977
5.575859 -0.010477
5.580860 -0.003905
5.585860 0.002530
5.590861 0.001917
5.595862 -0.002194
5.600863 -0.000721
5.605863 0.002792
5.610864 -0.000043
5.615865 -0.007879
5.620866 -0.009775
5.625866 -0.000506
5.630867 0.012779
5.635868 0.018061
5.640869 0.007979
5.645870 -0.009057
5.650870 -0.018012
5.655871 -0.010489
5.660872 0.005392
5.665873 0.015095
5.670873 0.012277
5.675874 0.002831
5.680875 -0.005054
5.685876 -0.004241
5.690876 0.003174
5.695877 0.007236
5.700878 0.000666
5.705879 -0.007774
5.710880 -0.009002
5.715880 -0.001214
5.720881 0.005881
5.725882 0.003276
5.730883 -0.008664
5.735883 -0.019249
5.740884 -0.015122
5.745885 -0.000052
5.750886 0.010637
5.755886 0.013370
5.760887 0.010487
5.765888 0.005557
5.770889 0.000793
5.775890 0.000170
5.780890 0.004748
5.785891 0.008611
5.790892 0.008819
5.795893 0.006638
5.800893 -0.000721
5.805894 -0.014388
5.810895 -0.023387
5.815896 -0.013080
5.820896 0.007094
5.825897 0.019599
5.830898 0.015945
5.835899 0.001474
5.840900 -0.011716
5.845900 -0.016067
5.850901 -0.005031
5.855902 0.015340
5.860903 0.021766
5.865903 0.006578
5.870904 -0.014527
5.875905 -0.017720
5.880906 -0.007136
5.885907 0.000775
5.890907 -0.001891
5.895908 -0.007902
5.900909 -0.004526
5.905910 0.003461
5.910910 0.003882
5.915911 -0.003382
5.920912 -0.007087
5.925913 0.001164
5.930913 0.013025
5.935914 0.016093
5.940915 0.006154
5.945916 -0.007608
5.950917 -0.009391
5.955917 0.002660
5.960918 0.014048
5.965919 0.009285
5.970920 -0.004963
5.975920 -0.011105
5.980921 -0.003755
5.985922 0.006661
5.990923 0.005170
5.995923 -0.005153
6.000924 -0.013890
6.005925 -0.010767
6.010926 0.003723
6.015927 0.010947
6.020927 0.002331
6.025928 -0.008675
6.030929 -0.007960
6.035930 0.005378
6.040930 0.017658
6.045931 0.016845
6.050932 0.005647
6.055933 -0.001601
6.060933 0.001203
6.065934 0.008023
6.070935 0.010040
6.075936 0.006481
6.080937 0.006369
6.085937 0.011681
6.090938 0.014620
6.095939 0.008208
6.100940 -0.001469
6.105940 -0.005149
6.110941 -0.002903
6.115942 -0.000362
6.120943 -0.004035
6.125943 -0.009412
6.130944 -0.009683
6.135945 -0.004975
6.140946 -0.000816
6.145947 -0.000719
6.150947 -0.002645
6.155948 -0.003491
6.160949 -0.003500
6.165950 -0.002879
6.170950 -0.000610
6.175951 0.002535
6.180952 0.004063
6.185953 0.004533
6.190953 0.004128
6.195954 0.001087
6.200955 -0.003259
6.205956 -0.005679
6.210957 -0.004389
6.215957 0.000022
6.220958 0.001041
6.225959 -0.003148
6.230960 -0.006772
6.235960 -0.004734
6.240961 0.000983
6.245962 0.002472
6.250963 0.000807
6.255963 0.002551
6.260964 0.009567
6.265965 0.015509
6.270966 0.014324
6.275967 0.007228
6.280967 0.001916
6.285968 0.001724
6.290969 0.002965
6.295970 0.001316
6.300970 -0.003111
6.305971 -0.007157
6.310972 -0.007810
6.315973 -0.007157
6.320974 -0.008845
6.325974 -0.013455
6.330975 -0.016616
6.335976 -0.014442
6.340977 -0.009815
6.345977 -0.007761
6.350978 -0.008064
6.355979 -0.005086
6.360980 0.000647
6.365980 0.004422
6.370981 0.001594
6.375982 -0.005008
6.380983 -0.010000
6.385984 -0.009377
6.390984 -0.002391
6.395985 0.006578
6.400986 0.010894
6.405987 0.007198
6.410987 0.000038
6.415988 -0.003347
6.420989 -0.000656
6.425990 0.004806
6.430990 0.008414
6.435991 0.005857
6.440992 -0.001789
6.445993 -0.008926
6.450994 -0.009229
6.455994 -0.003917
6.460995 -0.000874
6.465996 -0.005047
6.470997 -0.010973
6.475997 -0.012288
6.480998 -0.008363
6.485999 -0.003896
6.491000 -0.002750
6.496000 -0.003181
6.501001 -0.002329
6.506002 -0.000488
6.511003 -0.000302
6.516004 -0.001479
6.521004 -0.002472
6.526005 -0.000670
6.531006 0.004547
6.536007 0.008863
6.541007 0.008194
6.546008 0.004586
6.551009 0.002738
6.556010 0.005390
6.561010 0.009657
6.566011 0.010644
6.571012 0.007441
6.576013 0.003132
6.581014 0.001069
6.586014 0.001793
6.591015 0.003004
6.596016 0.001675
6.601017 -0.002736
6.606017 -0.007872
6.611018 -0.010412
6.616019 -0.009250
6.621020 -0.006073
6.626020 -0.003023
6.631021 -0.000738
6.636022 0.000784
6.641023 -0.000108
6.646024 -0.003484
6.651024 -0.005682
6.656025 -0.004017
6.661026 -0.000791
6.666027 -0.000337
6.671027 -0.003292
6.676028 -0.006230
6.681029 -0.006508
6.686030 -0.005121
6.691030 -0.004674
6.696031 -0.006108
6.701032 -0.008226
6.706033 -0.008004
6.711034 -0.005353
6.716034 -0.002120
6.721035 -0.000752
6.726036 -0.000451
6.731037 0.000392
6.736037 0.002446
6.741038 0.005496
6.746039 0.008418
6.751040 0.010815
6.756041 0.012193
6.761041 0.011827
6.766042 0.008594
6.771043 0.003220
6.776044 -0.004026
6.781044 -0.012832
6.786045 -0.021711
6.791046 -0.027921
6.796047 -0.031209
6.801047 -0.030994
6.806048 -0.028398
6.811049 -0.023859
6.816050 -0.018469
6.821051 -0.012568
6.826051 -0.005633
6.831052 0.002027
6.836053 0.009704
6.841054 0.016400
6.846054 0.021902
6.851055 0.027659
6.856056 0.033376
6.861057 0.038800
6.866057 0.043292
6.871058 0.047053
6.876059 0.052821
6.881060 0.061815
6.886061 0.072879
6.891061 0.082589
6.896062 0.088149
6.901063 0.091192
6.906064 0.094528
6.911064 0.098979
6.916065 0.101517
6.921066 0.099713
6.926067 0.094452
6.931067 0.087725
6.936068 0.081014
6.941069 0.074463
6.946070 0.066726
6.951071 0.058306
6.956071 0.050963
6.961072 0.045772
6.966073 0.042555
6.971074 0.042676
6.976074 0.047025
6.981075 0.056056
6.986076 0.068678
6.991077 0.084288
6.996077 0.102336
7.001078 0.122640
7.006079 0.145382
7.011080 0.171072
7.016081 0.200203
7.021081 0.231636
7.026082 0.263307
7.031083 0.290646
7.036084 0.309352
7.041084 0.316669
7.046085 0.312057
7.051086 0.292598
7.056087 0.252049
7.061087 0.185652
7.066088 0.095080
7.071089 -0.012221
7.076090 -0.128636
7.081091 -0.244886
7.086091 -0.350219
7.091092 -0.431258
7.096093 -0.482140
7.101094 -0.508369
7.106094 -0.518000
7.111095 -0.516321
7.116096 -0.503914
7.121097 -0.483136
7.126098 -0.456781
7.131098 -0.425948
7.136099 -0.390389
7.141100 -0.348559
7.146101 -0.299066
7.151101 -0.241316
7.156102 -0.177133
7.161103 -0.112792
7.166104 -0.055127
7.171104 -0.011100
7.176105 0.016695
7.181106 0.028185
7.186107 0.027935
7.191108 0.020326
7.196108 0.010591
7.201109 0.003947
7.206110 0.001884
7.211111 0.003229
7.216111 0.006318
7.221112 0.010322
7.226113 0.013321
7.231114 0.014900
7.236114 0.015076
7.241115 0.012440
7.246116 0.004097
7.251117 -0.010781
7.256118 -0.032847
7.261118 -0.061130
7.266119 -0.091086
7.271120 -0.117465
7.276121 -0.139793
7.281121 -0.156435
7.286122 -0.164494
7.291123 -0.162829
7.296124 -0.149521
7.301124 -0.122817
7.306125 -0.085743
7.311126 -0.042322
7.316127 0.002101
7.321128 0.044501
7.326128 0.081651
7.331129 0.112787
7.336130 0.138461
7.341131 0.159772
7.346131 0.177771
7.351132 0.190125
7.356133 0.193703
7.361134 0.187078
7.366134 0.172607
7.371135 0.154879
7.376136 0.136990
7.381137 0.120751
7.386138 0.108063
7.391138 0.100600
7.396139 0.099690
7.401140 0.103446
7.406141 0.110284
7.411141 0.116501
7.416142 0.118960
7.421143 0.117988
7.426144 0.115160
7.431144 0.110223
7.436145 0.103320
7.441146 0.096068
7.446147 0.093968
7.451148 0.099655
7.456148 0.110971
7.461149 0.125560
7.466150 0.141589
7.471151 0.158493
7.476151 0.175421
7.481152 0.189903
7.486153 0.197806
7.491154 0.194647
7.496154 0.178755
7.501155 0.151794
7.506156 0.114681
7.511157 0.067082
7.516158 0.008617
7.521158 -0.060151
7.526159 -0.134444
7.531160 -0.205256
7.536161 -0.262691
7.541161 -0.301518
7.546162 -0.322150
7.551163 -0.328657
7.556164 -0.325832
7.561165 -0.316422
7.566165 -0.300393
7.571166 -0.276152
7.576167 -0.243208
7.581168 -0.202028
7.586168 -0.156422
7.591169 -0.111412
7.596170 -0.070831
7.601171 -0.034350
7.606171 -0.002584
7.611172 0.022492
7.616173 0.037813
7.621174 0.041745
7.626175 0.036136
7.631175 0.025192
7.636176 0.011542
7.641177 -0.003406
7.646178 -0.021792
7.651178 -0.043418
7.656179 -0.064715
7.661180 -0.082728
7.666181 -0.095316
7.671181 -0.101420
7.676182 -0.101336
7.681183 -0.095816
7.686184 -0.085958
7.691185 -0.072034
7.696185 -0.053573
7.701186 -0.029724
7.706187 -0.001506
7.711188 0.028375
7.716188 0.056144
7.721189 0.079509
7.726190 0.097323
7.731191 0.110853
7.736191 0.120315
7.741192 0.125669
7.746193 0.128563
7.751194 0.129707
7.756195 0.130860
7.761195 0.131824
7.766196 0.131673
7.771197 0.130775
7.776198 0.130219
7.781198 0.130372
7.786199 0.130946
7.791200 0.130508
7.796201 0.128262
7.801201 0.123300
7.806202 0.116672
7.811203 0.107329
7.816204 0.094305
7.821205 0.078216
7.826205 0.060782
7.831206 0.043523
7.836207 0.028017
7.841208 0.015443
7.846208 0.006493
7.851209 0.001207
7.856210 -0.001667
7.861211 -0.002653
7.866211 -0.002788
7.871212 -0.002834
7.876213 -0.002577
7.881214 -0.001324
7.886215 0.000725
7.891215 0.004081
7.896216 0.007476
7.901217 0.010893
7.906218 0.013355
7.911218 0.013211
7.916219 0.010423
7.921220 0.006496
7.926221 0.002497
7.931222 -0.001303
7.936222 -0.004124
7.941223 -0.006291
7.946224 -0.008132
7.951225 -0.009973
7.956225 -0.011742
7.961226 -0.013965
7.966227 -0.018076
7.971228 -0.025578
7.976228 -0.035749
7.981229 -0.047153
7.986230 -0.059394
7.991231 -0.071817
7.996232 -0.083843
8.001232 -0.095087
8.006233 -0.104102
8.011234 -0.108840
8.016235 -0.109141
8.021235 -0.104933
8.026236 -0.096504
8.031237 -0.083743
8.036238 -0.067262
8.041238 -0.048146
8.046239 -0.026324
8.051240 -0.002375
8.056241 0.022991
8.061242 0.046819
8.066242 0.065971
8.071243 0.077781
8.076244 0.082989
8.081245 0.082519
8.086245 0.077677
8.091246 0.068176
8.096247 0.053999
8.101248 0.035347
8.106248 0.013540
8.111249 -0.008338
8.116250 -0.028982
8.121251 -0.046489
8.126252 -0.060586
8.131252 -0.070678
8.136253 -0.075402
8.141254 -0.075085
8.146255 -0.069184
8.151255 -0.058410
8.156256 -0.043198
8.161257 -0.024928
8.166258 -0.005048
8.171258 0.014323
8.176259 0.031392
8.181260 0.045888
8.186261 0.057811
8.191262 0.066724
8.196262 0.071902
8.201263 0.072349
8.206264 0.067921
8.211265 0.058946
8.216265 0.047110
8.221266 0.033737
8.226267 0.020205
8.231268 0.007651
8.236268 -0.005029
8.241269 -0.017439
8.246270 -0.028526
8.251271 -0.037638
8.256272 -0.044520
8.261272 -0.049499
8.266273 -0.052176
8.271274 -0.052424
8.276275 -0.050625
8.281275 -0.047702
8.286276 -0.044310
8.291277 -0.040575
8.296278 -0.035987
8.301278 -0.030038
8.306279 -0.022529
8.311280 -0.014748
8.316281 -0.007533
8.321282 -0.000356
8.326282 0.007362
8.331283 0.015351
8.336284 0.022742
8.341285 0.029266
8.346285 0.034124
8.351286 0.036879
8.356287 0.036497
8.361288 0.033830
8.366289 0.029928
8.371289 0.026153
8.376290 0.022434
8.381291 0.019480
8.386292 0.018412
8.391292 0.019757
8.396293 0.023006
8.401294 0.027195
8.406295 0.030620
8.411295 0.032030
8.416296 0.032334
8.421297 0.031586
8.426298 0.030041
8.431299 0.026649
8.436299 0.021480
8.441300 0.015133
8.446301 0.009073
8.451302 0.004590
8.456302 0.002353
8.461303 0.002075
8.466304 0.003303
8.471305 0.006943
8.476305 0.012144
8.481306 0.017998
8.486307 0.024377
8.491308 0.031211
8.496309 0.037303
8.501309 0.041747
8.506310 0.044598
8.511311 0.045871
8.516312 0.044804
8.521312 0.040233
8.526313 0.031760
8.531314 0.019767
8.536315 0.005289
8.541315 -0.010112
8.546316 -0.024606
8.551317 -0.037212
8.556318 -0.047605
8.561319 -0.054732
8.566319 -0.058340
8.571320 -0.058229
8.576321 -0.054996
8.581322 -0.049478
8.586322 -0.042184
8.591323 -0.033551
8.596324 -0.024305
8.601325 -0.015042
8.606325 -0.007340
8.611326 -0.001614
8.616327 0.001341
8.621328 0.001580
8.626329 0.000950
8.631329 -0.000206
8.636330 -0.001544
8.641331 -0.002612
8.646332 -0.002700
8.651332 -0.002876
8.656333 -0.003012
8.661334 -0.003309
8.666335 -0.003948
8.671335 -0.004858
8.676336 -0.005895
8.681337 -0.007315
8.686338 -0.009515
8.691339 -0.012352
8.696339 -0.015355
8.701340 -0.018525
8.706341 -0.021026
8.711342 -0.022659
8.716342 -0.023766
8.721343 -0.023821
8.726344 -0.022825
8.731345 -0.020906
8.736346 -0.018134
8.741346 -0.014565
8.746347 -0.010057
8.751348 -0.005006
8.756349 -0.000011
8.761349 0.004530
8.766350 0.008473
8.771351 0.012600
8.776352 0.017036
8.781352 0.021656
8.786353 0.026586
8.791354 0.030991
8.796355 0.035323
8.801356 0.039130
8.806356 0.042157
8.811357 0.043805
8.816358 0.043368
8.821359 0.040844
8.826359 0.037085
8.831360 0.032021
8.836361 0.026304
8.841362 0.019989
8.846362 0.013730
8.851363 0.007526
8.856364 0.002031
8.861365 -0.002883
8.866366 -0.007669
8.871366 -0.012655
8.876367 -0.018493
8.881368 -0.025000
8.886369 -0.031849
8.891369 -0.038643
8.896370 -0.044729
8.901371 -0.049381
8.906372 -0.051803
8.911372 -0.051255
8.916373 -0.048061
8.921374 -0.042622
8.926375 -0.035589
8.931376 -0.028811
8.936376 -0.021635
8.941377 -0.014658
8.946378 -0.007354
8.951379 0.000276
8.956379 0.007380
8.961380 0.013107
8.966381 0.017256
8.971382 0.019359
8.976382 0.019614
8.981383 0.018602
8.986384 0.016395
8.991385 0.013646
8.996386 0.010627
9.001386 0.007408
9.006387 0.003807
9.011388 -0.000032
9.016389 -0.004238
9.021389 -0.009334
9.026390 -0.014813
9.031391 -0.020220
9.036392 -0.025157
9.041392 -0.028788
9.046393 -0.031097
9.051394 -0.031972
9.056395 -0.031669
9.061396 -0.030076
9.066396 -0.028117
9.071397 -0.026389
9.076398 -0.025291
9.081399 -0.024537
9.086399 -0.024379
9.091400 -0.024532
9.096401 -0.024470
9.101402 -0.023594
9.106402 -0.021508
9.111403 -0.018553
9.116404 -0.014531
9.121405 -0.010492
9.126406 -0.006183
9.131406 -0.001873
9.136407 0.002221
9.141408 0.006044
9.146409 0.009469
9.151409 0.012766
9.156410 0.015411
9.161411 0.017856
9.166412 0.018669
9.171413 0.018176
9.176413 0.016376
9.181414 0.014378
9.186415 0.012961
9.191416 0.012778
9.196416 0.013885
9.201417 0.015828
9.206418 0.018407
9.211419 0.022022
9.216419 0.026544
9.221420 0.031592
9.226421 0.036657
9.231422 0.041809
9.236423 0.046723
9.241423 0.051144
9.246424 0.054999
9.251425 0.057891
9.256426 0.059749
9.261426 0.060754
9.266427 0.060890
9.271428 0.060158
9.276429 0.058542
9.281429 0.055986
9.286430 0.052816
9.291431 0.048777
9.296432 0.044014
9.301433 0.038597
9.306433 0.032345
9.311434 0.026308
9.316435 0.020287
9.321436 0.014737
9.326436 0.009784
9.331437 0.005284
9.336438 0.000912
9.341439 -0.003985
9.346439 -0.009082
9.351440 -0.014577
9.356441 -0.019674
9.361442 -0.024898
9.366443 -0.029397
9.371443 -0.033100
9.376444 -0.035624
9.381445 -0.037041
9.386446 -0.037280
9.391446 -0.035886
9.396447 -0.033767
9.401448 -0.031321
9.406449 -0.028550
9.411449 -0.025778
9.416450 -0.023133
9.421451 -0.020035
9.426452 -0.016554
9.431453 -0.012692
9.436453 -0.008591
9.441454 -0.004108
9.446455 0.000558
9.451456 0.005678
9.456456 0.010798
9.461457 0.014739
9.466458 0.017701
9.471459 0.019412
9.476459 0.019347
9.481460 0.017976
9.486461 0.015299
9.491462 0.011587
9.496463 0.007239
9.501463 0.002181
9.506464 -0.003529
9.511465 -0.009693
9.516466 -0.015531
9.521466 -0.020246
9.526467 -0.022731
9.531468 -0.023567
9.536469 -0.022626
9.541470 -0.021089
9.546470 -0.018572
9.551471 -0.015800
9.556472 -0.012845
9.561473 -0.009707
9.566473 -0.006912
9.571474 -0.004914
9.576475 -0.004039
9.581476 -0.004087
9.586476 -0.004717
9.591477 -0.005729
9.596478 -0.006470
9.601479 -0.006470
9.606480 -0.005148
9.611480 -0.002957
9.616481 -0.000241
9.621482 0.002874
9.626483 0.005988
9.631483 0.008234
9.636484 0.009883
9.641485 0.010409
9.646486 0.010082
9.651486 0.009103
9.656487 0.007868
9.661488 0.006579
9.666489 0.005814
9.671490 0.004796
9.676490 0.003705
9.681491 0.002089
9.686492 0.000201
9.691493 -0.002483
9.696493 -0.005620
9.701494 -0.009411
9.706495 -0.012875
9.711496 -0.016268
9.716496 -0.019588
9.721497 -0.022726
9.726498 -0.025083
9.731499 -0.026477
9.736500 -0.026438
9.741500 -0.025364
9.746501 -0.023636
9.751502 -0.021510
9.756503 -0.019185
9.761503 -0.017115
9.766504 -0.014973
9.771505 -0.013484
9.776506 -0.012377
9.781506 -0.012505
9.786507 -0.013667
9.791508 -0.016263
9.796509 -0.019368
9.801510 -0.022274
9.806510 -0.024782
9.811511 -0.025857
9.816512 -0.026151
9.821513 -0.025354
9.826513 -0.023395
9.831514 -0.020672
9.836515 -0.017168
9.841516 -0.013155
9.846516 -0.008816
9.851517 -0.004078
9.856518 0.000604
9.861519 0.004777
9.866520 0.008241
9.871520 0.010670
9.876521 0.011666
9.881522 0.011682
9.886523 0.010520
9.891523 0.008577
9.896524 0.006108
9.901525 0.003186
9.906526 -0.000135
9.911526 -0.003328
9.916527 -0.005868
9.921528 -0.007484
9.926529 -0.007795
9.931530 -0.006584
9.936530 -0.003979
9.941531 -0.000178
9.946532 0.005342
9.951533 0.011986
9.956533 0.018956
9.961534 0.025926
9.966535 0.032354
9.971536 0.036863
9.976537 0.040232
9.981537 0.042207
9.986538 0.042916
9.991539 0.042955
9.996540 0.042325
10.001540 0.041098
10.006541 0.039345
10.011542 0.037067
10.016543 0.034207
10.021543 0.031546
10.026544 0.028631
10.031545 0.025914
10.036546 0.023071
10.041547 0.020299
10.046547 0.017328
10.051548 0.014556
10.056549 0.011712
10.061550 0.008797
10.066550 0.005810
10.071551 0.002679
10.076552 -0.000723
10.081553 -0.004523
10.086553 -0.008920
10.091554 -0.013716
10.096555 -0.018695
10.101556 -0.023729
10.106557 -0.028420
10.111557 -0.032299
10.116558 -0.034585
10.121559 -0.035349
10.126560 -0.034265
10.131560 -0.031660
10.136561 -0.027605
10.141562 -0.022627
10.146563 -0.016597
10.151563 -0.009842
10.156564 -0.002960
10.161565 0.004050
10.166566 0.010733
10.171567 0.016747
10.176567 0.021510
10.181568 0.024879
10.186569 0.026401
10.191570 0.025930
10.196570 0.024194
10.201571 0.021063
10.206572 0.017589
10.211573 0.013646
10.216573 0.009559
10.221574 0.005400
10.226575 0.001822
10.231576 -0.001684
10.236577 -0.004919
10.241577 -0.007939
10.246578 -0.010018
10.251579 -0.011739
10.256580 -0.013626
10.261580 -0.015353
10.266581 -0.017319
10.271582 -0.019213
10.276583 -0.021307
10.281583 -0.023090
10.286584 -0.024889
10.291585 -0.026848
10.296586 -0.028895
10.301587 -0.031213
10.306587 -0.033077
10.311588 -0.034742
10.316589 -0.035682
10.321590 -0.036081
10.326590 -0.035411
10.331591 -0.033874
10.336592 -0.031866
10.341593 -0.029261
10.346593 -0.026258
10.351594 -0.022983
10.356595 -0.019255
10.361596 -0.015582
10.366597 -0.011910
10.371597 -0.008564
10.376598 -0.005472
10.381599 -0.002453
10.386600 0.000423
10.391600 0.002176
10.396601 0.003005
10.401602 0.003293
10.406603 0.002385
10.411604 0.000808
10.416604 -0.001239
10.421605 -0.003939
10.426606 -0.006512
10.431607 -0.009212
10.436607 -0.011259
10.441608 -0.012780
10.446609 -0.013195
10.451610 -0.012375
10.456610 -0.010631
10.461611 -0.007654
10.466612 -0.004277
10.471613 -0.000503
10.476614 0.003598
10.481614 0.007898
10.486615 0.011944
10.491616 0.015862
10.496617 0.019780
10.501617 0.023300
10.506618 0.026947
10.511619 0.030323
10.516620 0.033229
10.521620 0.036047
10.526621 0.038196
10.531622 0.039676
10.536623 0.040359
10.541624 0.040716
10.546624 0.040491
10.551625 0.040282
10.556626 0.039764
10.561627 0.038879
10.566627 0.037883
10.571628 0.036195
10.576629 0.034396
10.581630 0.031960
10.586630 0.029142
10.591631 0.026268
10.596632 0.022941
10.601633 0.019868
10.606634 0.017448
10.611634 0.015681
10.616635 0.014822
10.621636 0.014289
10.626637 0.014338
10.631637 0.014188
10.636638 0.014164
10.641639 0.014197
10.646640 0.014213
10.651640 0.014086
10.656641 0.014014
10.661642 0.013400
10.666643 0.012914
10.671644 0.011775
10.676644 0.010635
10.681645 0.009313
10.686646 0.008190
10.691647 0.007011
10.696647 0.005578
10.701648 0.004344
10.706649 0.002982
10.711650 0.001820
10.716650 0.000458
10.721651 -0.000776
10.726652 -0.001628
10.731653 -0.002226
10.736654 -0.002314
10.741654 -0.001892
10.746655 -0.000890
10.751656 0.000240
10.756657 0.001243
10.761657 0.001664
10.766658 0.001305
10.771659 -0.000017
10.776660 -0.002119
10.781661 -0.005783
10.786661 -0.009773
10.791662 -0.014487
10.796663 -0.019600
10.801664 -0.025040
10.806664 -0.030424
10.811665 -0.035736
10.816666 -0.040650
10.821667 -0.044910
10.826667 -0.048375
10.831668 -0.051640
10.836669 -0.054180
10.841670 -0.056067
10.846671 -0.057429
10.851671 -0.058265
10.856672 -0.058575
10.861673 -0.058487
10.866674 -0.058200
10.871674 -0.057443
10.876675 -0.056232
10.881676 -0.054550
10.886677 -0.052161
10.891677 -0.048919
10.896678 -0.044968
10.901679 -0.040309
10.906680 -0.034543
10.911681 -0.027869
10.916681 -0.020487
10.921682 -0.012651
10.926683 -0.004234
10.931684 0.004256
10.936684 0.012546
10.941685 0.020454
10.946686 0.027454
10.951687 0.033546
10.956687 0.038731
10.961688 0.042554
10.966689 0.045326
10.971690 0.047118
10.976691 0.047660
10.981691 0.047278
10.986692 0.046099
10.991693 0.044196
10.996694 0.041639
11.001694 0.038685
11.006695 0.035547
11.011696 0.032481
11.016697 0.029431
11.021697 0.026852
11.026698 0.024870
11.031699 0.023286
11.036700 0.022753
11.041701 0.022746
11.046701 0.023520
11.051702 0.024874
11.056703 0.026611
11.061704 0.028785
11.066704 0.031071
11.071705 0.033468
11.076706 0.035577
11.081707 0.037217
11.086707 0.037988
11.091708 0.038233
11.096709 0.037881
11.101710 0.036350
11.106711 0.034294
11.111711 0.031131
11.116712 0.027386
11.121713 0.022862
11.126714 0.018027
11.131714 0.012610
11.136715 0.007011
11.141716 0.001157
11.146717 -0.004625
11.151717 -0.010463
11.156718 -0.016229
11.161719 -0.021668
11.166720 -0.026710
11.171721 -0.031153
11.176721 -0.035016
11.181722 -0.037628
11.186723 -0.038862
11.191724 -0.039244
11.196724 -0.038376
11.201725 -0.036257
11.206726 -0.033413
11.211727 -0.029646
11.216728 -0.025480
11.221728 -0.021043
11.226729 -0.016535
11.231730 -0.012153
11.236731 -0.008099
11.241731 -0.004370
11.246732 -0.001367
11.251733 0.001366
11.256734 0.002975
11.261734 0.003915
11.266735 0.003987
11.271736 0.003063
11.276737 0.001143
11.281738 -0.001645
11.286738 -0.005030
11.291739 -0.008814
11.296740 -0.013323
11.301741 -0.017831
11.306741 -0.022396
11.311742 -0.026761
11.316743 -0.030329
11.321744 -0.032575
11.326744 -0.033571
11.331745 -0.032918
11.336746 -0.031014
11.341747 -0.028259
11.346748 -0.024778
11.351748 -0.020900
11.356749 -0.016551
11.361750 -0.011732
11.366751 -0.006841
11.371751 -0.002261
11.376752 0.002065
11.381753 0.005682
11.386754 0.008972
11.391754 0.011411
11.396755 0.013395
11.401756 0.014583
11.406757 0.014847
11.411758 0.014442
11.416758 0.013423
11.421759 0.011862
11.426760 0.010015
11.431761 0.008405
11.436761 0.006708
11.441762 0.005392
11.446763 0.003989
11.451764 0.002514
11.456764 0.001095
11.461765 -0.000126
11.466766 -0.001147
11.471767 -0.001826
11.476768 -0.001907
11.481768 -0.001247
11.486769 -0.000244
11.491770 0.000974
11.496771 0.002208
11.501771 0.003459
11.506772 0.004271
11.511773 0.004630
11.516774 0.004679
11.521774 0.004019
11.526775 0.002850
11.531776 0.001155
11.536777 -0.001193
11.541778 -0.003558
11.546778 -0.006392
11.551779 -0.009043
11.556780 -0.011783
11.561781 -0.014140
11.566781 -0.015662
11.571782 -0.016801
11.576783 -0.017486
11.581784 -0.017320
11.586785 -0.016428
11.591785 -0.014884
11.596786 -0.012742
11.601787 -0.010401
11.606788 -0.007860
11.611788 -0.005320
11.616789 -0.003106
11.621790 -0.000295
11.626791 0.002317
11.631791 0.005073
11.636792 0.007701
11.641793 0.010274
11.646794 0.012791
11.651795 0.014854
11.656795 0.017061
11.661796 0.018941
11.666797 0.020694
11.671798 0.022248
11.676798 0.024128
11.681799 0.025483
11.686800 0.027092
11.691801 0.028303
11.696801 0.029697
11.701802 0.030494
11.706803 0.031219
11.711804 0.031673
11.716805 0.031728
11.721805 0.031585
11.726806 0.031043
11.731807 0.030302
11.736808 0.029362
11.741808 0.027968
11.746809 0.026502
11.751810 0.024582
11.756811 0.022662
11.761811 0.020472
11.766812 0.018154
11.771813 0.015438
11.776814 0.012793
11.781815 0.009750
11.786815 0.007106
11.791816 0.004135
11.796817 0.001164
11.801818 -0.001807
11.806818 -0.004579
11.811819 -0.007677
11.816820 -0.010776
11.821821 -0.013874
11.826821 -0.017753
11.831822 -0.021560
11.836823 -0.025621
11.841824 -0.029810
11.846825 -0.033402
11.851825 -0.036468
11.856826 -0.038809
11.861827 -0.039518
11.866828 -0.039247
11.871828 -0.037797
11.876829 -0.034914
11.881830 -0.031577
11.886831 -0.027986
11.891831 -0.024068
11.896832 -0.020548
11.901833 -0.017625
11.906834 -0.014831
11.911835 -0.012561
11.916835 -0.011072
11.921836 -0.010037
11.926837 -0.009583
11.931838 -0.009185
11.936838 -0.009041
11.941839 -0.009153
11.946840 -0.009065
11.951841 -0.008905
11.956841 -0.008291
11.961842 -0.007423
11.966843 -0.005901
11.971844 -0.003871
11.976845 -0.001513
11.981845 0.001099
11.986846 0.004037
11.991847 0.006649
11.996848 0.008935
12.001848 0.010966
12.006849 0.012344
12.011850 0.013068
12.016851 0.013085
12.021852 0.012902
12.026852 0.012464
12.031853 0.011772
12.036854 0.010825
12.041855 0.010005
12.046855 0.009257
12.051856 0.008636
12.056857 0.008541
12.061858 0.008900
12.066858 0.009641
12.071859 0.010908
12.076860 0.012429
12.081861 0.013879
12.086862 0.015201
12.091862 0.016197
12.096863 0.016667
12.101864 0.016229
12.106865 0.015266
12.111865 0.013849
12.116866 0.011779
12.121867 0.009310
12.126868 0.006643
12.131868 0.003776
12.136869 0.000638
12.141870 -0.002571
12.146871 -0.005200
12.151872 -0.007772
12.156872 -0.009437
12.161873 -0.010521
12.166874 -0.010697
12.171875 -0.010164
12.176875 -0.008979
12.181876 -0.007610
12.186877 -0.006114
12.191878 -0.004563
12.196878 -0.003211
12.201879 -0.002057
12.206880 -0.001032
12.211881 0.000066
12.216882 0.000654
12.221882 0.000860
12.226883 0.000883
12.231884 0.000723
12.236885 0.000309
12.241885 -0.000288
12.246886 -0.000886
12.251887 -0.001340
12.256888 -0.001794
12.261888 -0.001849
12.266889 -0.001307
12.271890 -0.000367
12.276891 0.000717
12.281892 0.002270
12.286892 0.003968
12.291893 0.005610
12.296894 0.007323
12.301895 0.008909
12.306895 0.010424
12.311896 0.012066
12.316897 0.013437
12.321898 0.014791
12.326898 0.016201
12.331899 0.017269
12.336900 0.018265
12.341901 0.018591
12.346902 0.018066
12.351902 0.016743
12.356903 0.014641
12.361904 0.011415
12.366905 0.007807
12.371905 0.003674
12.376906 -0.000587
12.381907 -0.004776
12.386908 -0.009021
12.391909 -0.012540
12.396909 -0.015335
12.401910 -0.017804
12.406911 -0.019348
12.411912 -0.019913
12.416912 -0.020152
12.421913 -0.019737
12.426914 -0.019068
12.431915 -0.017746
12.436915 -0.016169
12.441916 -0.014337
12.446917 -0.012179
12.451918 -0.010021
12.456919 -0.007735
12.461919 -0.005649
12.466920 -0.003762
12.471921 -0.002002
12.476922 -0.000569
12.481922 0.000666
12.486923 0.001701
12.491924 0.002736
12.496925 0.003644
12.501925 0.004352
12.506926 0.004989
12.511927 0.005427
12.516928 0.005339
12.521929 0.005179
12.526929 0.004294
12.531930 0.003410
12.536931 0.001944
12.541932 0.000152
12.546932 -0.001768
12.551933 -0.004142
12.556934 -0.006443
12.561935 -0.008873
12.566935 -0.010975
12.571936 -0.012552
12.576937 -0.014129
12.581938 -0.014981
12.586939 -0.015435
12.591939 -0.015236
12.596940 -0.014838
12.601941 -0.014168
12.606942 -0.013372
12.611942 -0.012376
12.616943 -0.011707
12.621944 -0.011165
12.626945 -0.010950
12.631945 -0.010806
12.636946 -0.010663
12.641947 -0.010718
12.646948 -0.010248
12.651949 -0.009451
12.656949 -0.008328
12.661950 -0.007006
12.666951 -0.005485
12.671952 -0.003637
12.676952 -0.001789
12.681953 0.000186
12.686954 0.002289
12.691955 0.004591
12.696955 0.006621
12.701956 0.008780
12.706957 0.010938
12.711958 0.012698
12.716959 0.014585
12.721959 0.015875
12.726960 0.017292
12.731961 0.018112
12.736962 0.018860
12.741962 0.019679
12.746963 0.020228
12.751964 0.020650
12.756965 0.020689
12.761965 0.020601
12.766966 0.020330
12.771967 0.020131
12.776968 0.019223
12.781969 0.018260
12.786969 0.016970
12.791970 0.015354
12.796971 0.013483
12.801972 0.011357
12.806972 0.009159
12.811973 0.006436
12.816974 0.003586
12.821975 0.000862
12.826976 -0.002060
12.831976 -0.004728
12.836977 -0.007069
12.841978 -0.009083
12.846979 -0.010389
12.851979 -0.011297
12.856980 -0.011624
12.861981 -0.011624
12.866982 -0.011242
12.871982 -0.010732
12.876983 -0.009896
12.881984 -0.008933
12.886985 -0.008169
12.891986 -0.007277
12.896986 -0.006712
12.901987 -0.006147
12.906988 -0.005582
12.911989 -0.005471
12.916989 -0.005559
12.921990 -0.005448
12.926991 -0.005536
12.931992 -0.005353
12.936992 -0.005170
12.941993 -0.004661
12.946994 -0.003952
12.951995 -0.002845
12.956996 -0.001539
12.961996 -0.000233
12.966997 0.001344
12.971998 0.003319
12.976999 0.005167
12.981999 0.007087
12.987000 0.008680
12.992001 0.010146
12.997002 0.011158
13.002002 0.011771
13.007003 0.012130
13.012004 0.011637
13.017005 0.010164
13.022006 0.008492
13.027006 0.006494
13.032007 0.004169
13.037008 0.001772
13.042009 -0.000497
13.047009 -0.002711
13.052010 -0.004670
13.057011 -0.006446
13.062012 -0.007840
13.067012 -0.009178
13.072013 -0.009936
13.077014 -0.010366
13.082015 -0.010869
13.087016 -0.010973
13.092016 -0.010950
13.097017 -0.010656
13.102018 -0.009892
13.107019 -0.008928
13.112019 -0.007368
13.117020 -0.005862
13.122021 -0.004031
13.127022 -0.002127
13.132022 0.000174
13.137023 0.002476
13.142024 0.004706
13.147025 0.006737
13.152026 0.008441
13.157026 0.009747
13.162027 0.010329
13.167028 0.010583
13.172029 0.010113
13.177029 0.009643
13.182030 0.008647
13.187031 0.007723
13.192032 0.006600
13.197033 0.005477
13.202033 0.004625
13.207034 0.003446
13.212035 0.002594
13.217036 0.001360
13.222036 0.000126
13.227037 -0.001435
13.232038 -0.003378
13.237039 -0.005647
13.242039 -0.007972
13.247040 -0.010695
13.252041 -0.013347
13.257042 -0.015926
13.262043 -0.018506
13.267043 -0.020759
13.272044 -0.022558
13.277045 -0.023832
13.282046 -0.024580
13.287046 -0.024547
13.292047 -0.023989
13.297048 -0.022850
13.302049 -0.020930
13.307049 -0.018557
13.312050 -0.015857
13.317051 -0.012846
13.322052 -0.009908
13.327053 -0.007240
13.332053 -0.004390
13.337054 -0.001937
13.342055 -0.000210
13.347056 0.001573
13.352056 0.002631
13.357057 0.003363
13.362058 0.003967
13.367059 0.004572
13.372059 0.004921
13.377060 0.005542
13.382061 0.006234
13.387062 0.007198
13.392063 0.008233
13.397063 0.009539
13.402064 0.010917
13.407065 0.012294
13.412066 0.013744
13.417066 0.015465
13.422067 0.017113
13.427068 0.018762
13.432069 0.020283
13.437069 0.021478
13.442070 0.022347
13.447071 0.023016
13.452072 0.023359
13.457073 0.023104
13.462073 0.022451
13.467074 0.021671
13.472075 0.020691
13.477076 0.019313
13.482076 0.017808
13.487077 0.016303
13.492078 0.014216
13.497079 0.011931
13.502079 0.009518
13.507080 0.006579
13.512081 0.003442
13.517082 0.000232
13.522083 -0.003049
13.527083 -0.006529
13.532084 -0.009556
13.537085 -0.012654
13.542086 -0.015299
13.547086 -0.017617
13.552087 -0.019409
13.557088 -0.020676
13.562089 -0.021544
13.567089 -0.021688
13.572090 -0.021433
13.577091 -0.020780
13.582092 -0.019601
13.587093 -0.018024
13.592093 -0.016320
13.597094 -0.014671
13.602095 -0.012696
13.607096 -0.010649
13.612096 -0.008475
13.617097 -0.006428
13.622098 -0.004181
13.627099 -0.001935
13.632100 0.000112
13.637100 0.002159
13.642101 0.004078
13.647102 0.005727
13.652103 0.007249
13.657103 0.008571
13.662104 0.009766
13.667105 0.010308
13.672106 0.010579
13.677106 0.010595
13.682107 0.010213
13.687108 0.009631
13.692109 0.008978
13.697110 0.008126
13.702110 0.007401
13.707111 0.006605
13.712112 0.005936
13.717113 0.005195
13.722113 0.004509
13.727114 0.003896
13.732115 0.003282
13.737116 0.002867
13.742116 0.002453
13.747117 0.002309
13.752118 0.002293
13.757119 0.002349
13.762120 0.002476
13.767120 0.002731
13.772121 0.002930
13.777122 0.003129
13.782123 0.003400
13.787123 0.003671
13.792124 0.003942
13.797125 0.004285
13.802126 0.004428
13.807126 0.004643
13.812127 0.004859
13.817128 0.005202
13.822129 0.005290
13.827130 0.004979
13.832130 0.004669
13.837131 0.004032
13.842132 0.003252
13.847133 0.002344
13.852133 0.001165
13.857134 -0.000013
13.862135 -0.001391
13.867136 -0.003167
13.872136 -0.004744
13.877137 -0.006719
13.882138 -0.008567
13.887139 -0.010614
13.892140 -0.012590
13.897140 -0.014111
13.902141 -0.015959
13.907142 -0.016955
13.912143 -0.017950
13.917143 -0.018421
13.922144 -0.018365
13.927145 -0.018110
13.932146 -0.017131
13.937146 -0.016151
13.942147 -0.014646
13.947148 -0.012942
13.952149 -0.011166
13.957150 -0.009262
13.962150 -0.007486
13.967151 -0.005583
13.972152 -0.003806
13.977153 -0.002229
13.982153 -0.000653
13.987154 0.000526
13.992155 0.001832
13.997156 0.002740
14.002157 0.003648
14.007157 0.004157
14.012158 0.004595
14.017159 0.005032
14.022160 0.005072
14.027160 0.005111
14.032161 0.004951
14.037162 0.004664
14.042163 0.004250
14.047163 0.003580
14.052164 0.002656
14.057165 0.001677
14.062166 0.000244
14.067167 -0.000720
14.072167 -0.001938
14.077168 -0.002758
14.082169 -0.003633
14.087170 -0.004182
14.092170 -0.004332
14.097171 -0.003957
14.102172 -0.003582
14.107173 -0.003008
14.112173 -0.001979
14.117174 -0.001150
14.122175 0.000005
14.127176 0.001089
14.132177 0.002228
14.137177 0.003097
14.142178 0.004092
14.147179 0.004944
14.152180 0.005398
14.157180 0.005780
14.162181 0.006091
14.167182 0.006074
14.172183 0.006058
14.177183 0.005843
14.182184 0.005628
14.187185 0.005484
14.192186 0.005014
14.197187 0.004870
14.202187 0.004799
14.207188 0.004655
14.212189 0.004838
14.217190 0.004694
14.222190 0.005005
14.227191 0.005315
14.232192 0.005553
14.237193 0.006190
14.242193 0.006755
14.247194 0.007647
14.252195 0.008212
14.257196 0.008649
14.262197 0.009214
14.267197 0.009453
14.272198 0.009564
14.277199 0.009675
14.282200 0.009332
14.287200 0.008990
14.292201 0.008520
14.297202 0.007723
14.302203 0.006926
14.307203 0.005931
14.312204 0.005206
14.317205 0.004409
14.322206 0.004011
14.327207 0.003485
14.332207 0.003087
14.337208 0.003087
14.342209 0.003087
14.347210 0.003159
14.352210 0.003430
14.357211 0.003247
14.362212 0.003064
14.367213 0.002682
14.372213 0.002172
14.377214 0.001392
14.382215 0.000484
14.387216 -0.000694
14.392217 -0.002072
14.397217 -0.003777
14.402218 -0.005354
14.407219 -0.007002
14.412220 -0.008778
14.417220 -0.010355
14.422221 -0.011932
14.427222 -0.013183
14.432223 -0.014361
14.437224 -0.015341
14.442224 -0.016121
14.447225 -0.016703
14.452226 -0.017212
14.457227 -0.017395
14.462227 -0.017450
14.467228 -0.017307
14.472229 -0.016837
14.477230 -0.016040
14.482230 -0.014917
14.487231 -0.013993
14.492232 -0.012544
14.497233 -0.011293
14.502234 -0.009716
14.507234 -0.008466
14.512235 -0.006889
14.517236 -0.005439
14.522237 -0.003918
14.527237 -0.002468
14.532238 -0.000819
14.537239 0.000503
14.542240 0.001825
14.547240 0.003275
14.552241 0.004979
14.557242 0.006556
14.562243 0.008188
14.567244 0.010147
14.572244 0.011581
14.577245 0.013070
14.582246 0.014105
14.587247 0.015140
14.592247 0.015649
14.597248 0.015904
14.602249 0.016032
14.607250 0.016032
14.612250 0.015904
14.617251 0.015649
14.622252 0.015196
14.627253 0.014686
14.632254 0.014376
14.637254 0.014066
14.642255 0.013429
14.647256 0.012919
14.652257 0.012410
14.657257 0.011773
14.662258 0.011264
14.667259 0.010754
14.672260 0.010046
14.677260 0.009010
14.682261 0.008175
14.687262 0.007139
14.692263 0.005977
14.697264 0.005069
14.702264 0.004034
14.707265 0.003126
14.712266 0.002346
14.717267 0.001367
14.722267 0.000387
14.727268 -0.000537
14.732269 -0.001134
14.737270 -0.002257
14.742270 -0.003253
14.747271 -0.004249
14.752272 -0.005117
14.757273 -0.006185
14.762274 -0.007053
14.767274 -0.007993
14.772275 -0.008862
14.777276 -0.009603
14.782277 -0.010344
14.787277 -0.011212
14.792278 -0.012280
14.797279 -0.012949
14.802280 -0.013945
14.807280 -0.014741
14.812281 -0.015267
14.817282 -0.015864
14.822283 -0.015992
14.827284 -0.016246
14.832284 -0.015848
14.837285 -0.015450
14.842286 -0.014653
14.847287 -0.013857
14.852287 -0.012805
14.857288 -0.011228
14.862289 -0.009723
14.867290 -0.008091
14.872291 -0.006530
14.877291 -0.004643
14.882292 -0.002955
14.887293 -0.001139
14.892294 0.000676
14.897294 0.002364
14.902295 0.003782
14.907296 0.005271
14.912297 0.006361
14.917297 0.006998
14.922298 0.007236
14.927299 0.007348
14.932300 0.007060
14.937301 0.006447
14.942301 0.005634
14.947302 0.004566
14.952303 0.003698
14.957304 0.002702
14.962304 0.002105
14.967305 0.001380
14.972306 0.000926
14.977307 0.000672
14.982307 0.000815
14.987308 0.001030
14.992309 0.001700
14.997310 0.002441
15.002311 0.003182
15.007311 0.004122
15.012312 0.005062
15.017313 0.005875
15.022314 0.006289
15.027314 0.006903
15.032315 0.007190
15.037316 0.006952
15.042317 0.006713
15.047317 0.005949
15.052318 0.005057
15.057319 0.003768
15.062320 0.002478
15.067321 0.000862
15.072321 -0.000301
15.077322 -0.001790
15.082323 -0.003080
15.087324 -0.003788
15.092324 -0.004298
15.097325 -0.004807
15.102326 -0.004735
15.107327 -0.004393
15.112327 -0.003994
15.117328 -0.003270
15.122329 -0.002545
15.127330 -0.001621
15.132331 -0.000968
15.137331 -0.000315
15.142332 0.000338
15.147333 0.000864
15.152334 0.001318
15.157334 0.001445
15.162335 0.001899
15.167336 0.001954
15.172337 0.002209
15.177337 0.002392
15.182338 0.002448
15.187339 0.002631
15.192340 0.002814
15.197341 0.002797
15.202341 0.002853
15.207342 0.002837
15.212343 0.002494
15.217344 0.002151
15.222344 0.001482
15.227345 0.000885
15.232346 0.000088
15.237347 -0.000836
15.242348 -0.001760
15.247348 -0.002684
15.252349 -0.003536
15.257350 -0.004261
15.262351 -0.004659
15.267351 -0.004858
15.272352 -0.004731
15.277353 -0.004277
15.282354 -0.003696
15.287354 -0.002915
15.292355 -0.002008
15.297356 -0.000773
15.302357 0.000134
15.307358 0.001169
15.312358 0.002005
15.317359 0.002714
15.322360 0.003422
15.327361 0.003932
15.332361 0.004441
15.337362 0.004624
15.342363 0.004879
15.347364 0.005205
15.352364 0.005205
15.357365 0.005405
15.362366 0.005476
15.367367 0.005620
15.372368 0.005891
15.377368 0.005907
15.382369 0.006250
15.387370 0.006537
15.392371 0.006625
15.397371 0.006713
15.402372 0.006674
15.407373 0.006562
15.412374 0.006324
15.417374 0.005687
15.422375 0.005050
15.427376 0.004214
15.432377 0.003179
15.437378 0.002272
15.442378 0.001037
15.447379 0.000130
15.452380 -0.000651
15.457381 -0.001232
15.462381 -0.001686
15.467382 -0.001813
15.472383 -0.001741
15.477384 -0.001670
15.482384 -0.001470
15.487385 -0.001144
15.492386 -0.000817
15.497387 -0.000491
15.502388 -0.000236
15.507388 -0.000109
15.512389 -0.000181
15.517390 -0.000452
15.522391 -0.000723
15.527391 -0.001193
15.532392 -0.002061
15.537393 -0.002730
15.542394 -0.003925
15.547394 -0.004794
15.552395 -0.005662
15.557396 -0.006729
15.562397 -0.007470
15.567398 -0.008211
15.572398 -0.008626
15.577399 -0.008969
15.582400 -0.009311
15.587401 -0.009455
15.592401 -0.009726
15.597402 -0.009798
15.602403 -0.009670
15.607404 -0.009670
15.612404 -0.009670
15.617405 -0.009870
15.622406 -0.009798
15.627407 -0.009599
15.632408 -0.009654
15.637408 -0.009582
15.642409 -0.009311
15.647410 -0.009040
15.652411 -0.008770
15.657411 -0.008172
15.662412 -0.007503
15.667413 -0.006706
15.672414 -0.006109
15.677415 -0.005185
15.682415 -0.004062
15.687416 -0.003011
15.692417 -0.001959
15.697418 -0.001107
15.702418 -0.000128
15.707419 0.000780
15.712420 0.001561
15.717421 0.002142
15.722421 0.002723
15.727422 0.003105
15.732423 0.003288
15.737424 0.003543
15.742425 0.003670
15.747425 0.003598
15.752426 0.003726
15.757427 0.003598
15.762428 0.003797
15.767428 0.003670
15.772429 0.003941
15.777430 0.004212
15.782431 0.004483
15.787431 0.005152
15.792432 0.005750
15.797433 0.006474
15.802434 0.007199
15.807435 0.008051
15.812435 0.008903
15.817436 0.009556
15.822437 0.010010
15.827438 0.010265
15.832438 0.010392
15.837439 0.010520
15.842440 0.010321
15.847441 0.009994
15.852441 0.009668
15.857442 0.009015
15.862443 0.008162
15.867444 0.007382
15.872445 0.006275
15.877445 0.005096
15.882446 0.003790
15.887447 0.002684
15.892448 0.001250
15.897448 0.000016
15.902449 -0.001218
15.907450 -0.002453
15.912451 -0.003360
15.917451 -0.004395
15.922452 -0.005303
15.927453 -0.006012
15.932454 -0.006720
15.937455 -0.007102
15.942455 -0.007612
15.947456 -0.007667
15.952457 -0.007524
15.957458 -0.007253
15.962458 -0.006783
15.967459 -0.006185
15.972460 -0.005261
15.977461 -0.004337
15.982461 -0.003613
15.987462 -0.002888
15.992463 -0.002163
15.997464 -0.001837
16.002465 -0.001184
16.007465 -0.000857
16.012466 -0.000602
16.017467 -0.000348
16.022468 -0.000093
16.027468 0.000488
16.032469 0.000799
16.037470 0.000982
16.042471 0.001164
16.047472 0.001602
16.052472 0.001912
16.057473 0.002223
16.062474 0.002334
16.067475 0.002445
16.072475 0.002429
16.077476 0.002612
16.082477 0.002596
16.087478 0.002452
16.092478 0.002308
16.097479 0.002237
16.102480 0.002093
16.107481 0.002220
16.112482 0.002149
16.117482 0.002403
16.122483 0.002531
16.127484 0.002785
16.132485 0.003367
16.137485 0.003820
16.142486 0.004075
16.147487 0.004529
16.152488 0.004585
16.157488 0.004712
16.162489 0.004441
16.167490 0.004170
16.172491 0.003772
16.177492 0.003174
16.182492 0.002123
16.187493 0.001526
16.192494 0.000673
16.197495 -0.000179
16.202495 -0.001031
16.207496 -0.001811
16.212497 -0.002464
16.217498 -0.002918
16.222498 -0.003300
16.227499 -0.003682
16.232500 -0.003993
16.237501 -0.003976
16.242502 -0.004088
16.247502 -0.003872
16.252503 -0.003585
16.257504 -0.003370
16.262505 -0.003027
16.267505 -0.002612
16.272506 -0.002270
16.277507 -0.001800
16.282508 -0.001529
16.287508 -0.001258
16.292509 -0.000660
16.297510 -0.000589
16.302511 -0.000190
16.307512 0.000208
16.312512 0.000280
16.317513 0.000352
16.322514 0.000296
16.327515 0.000169
16.332515 -0.000213
16.337516 -0.000596
16.342517 -0.001304
16.347518 -0.001814
16.352518 -0.002649
16.357519 -0.003358
16.362520 -0.004067
16.367521 -0.005102
16.372522 -0.005683
16.377522 -0.006463
16.382523 -0.006917
16.387524 -0.007316
16.392525 -0.007387
16.397525 -0.007531
16.402526 -0.007420
16.407527 -0.006982
16.412528 -0.006417
16.417528 -0.005852
16.422529 -0.005160
16.427530 -0.004141
16.432531 -0.003448
16.437532 -0.002557
16.442532 -0.001793
16.447533 -0.000957
16.452534 -0.000248
16.457535 0.000333
16.462535 0.000986
16.467536 0.001512
16.472537 0.001783
16.477538 0.002181
16.482539 0.002452
16.487539 0.002723
16.492540 0.002866
16.497541 0.003265
16.502542 0.003336
16.507542 0.003735
16.512543 0.004061
16.517544 0.004189
16.522545 0.004388
16.527545 0.004642
16.532546 0.004770
16.537547 0.004770
16.542548 0.004371
16.547549 0.004172
16.552549 0.003774
16.557550 0.003320
16.562551 0.002794
16.567552 0.002141
16.572552 0.001488
16.577553 0.000907
16.582554 0.000453
16.587555 0.000127
16.592555 -0.000327
16.597556 -0.000454
16.602557 -0.000582
16.607558 -0.000654
16.612559 -0.000526
16.617559 -0.000271
16.622560 -0.000017
16.627561 0.000365
16.632562 0.000548
16.637562 0.001058
16.642563 0.001368
16.647564 0.001877
16.652565 0.002259
16.657565 0.002841
16.662566 0.003295
16.667567 0.003748
16.672568 0.003948
16.677569 0.004147
16.682569 0.004219
16.687570 0.004163
16.692571 0.003781
16.697572 0.003399
16.702572 0.002889
16.707573 0.002181
16.712574 0.001671
16.717575 0.000963
16.722575 0.000254
16.727576 -0.000128
16.732577 -0.000582
16.737578 -0.000837
16.742579 -0.001163
16.747579 -0.001036
16.752580 -0.001036
16.757581 -0.000709
16.762582 -0.000582
16.767582 -0.000327
16.772583 -0.000200
16.777584 -0.000272
16.782585 -0.000144
16.787585 -0.000542
16.792586 -0.000614
16.797587 -0.001013
16.802588 -0.001538
16.807589 -0.002064
16.812589 -0.002590
16.817590 -0.003243
16.822591 -0.003896
16.827592 -0.004477
16.832592 -0.005058
16.837593 -0.005313
16.842594 -0.005695
16.847595 -0.006077
16.852596 -0.006132
16.857596 -0.006244
16.862597 -0.006028
16.867598 -0.005813
16.872599 -0.005598
16.877599 -0.005056
16.882600 -0.004514
16.887601 -0.003773
16.892602 -0.002904
16.897602 -0.002036
16.902603 -0.001040
16.907604 0.000282
16.912605 0.001532
16.917606 0.002711
16.922606 0.003762
16.927607 0.005068
16.932608 0.006048
16.937609 0.007027
16.942609 0.007736
16.947610 0.008445
16.952611 0.008827
16.957612 0.009336
16.962612 0.009193
16.967613 0.009375
16.972614 0.009033
16.977615 0.008563
16.982616 0.008093
16.987616 0.007551
16.992617 0.006754
16.997618 0.006085
17.002619 0.005288
17.007619 0.004492
17.012620 0.003894
17.017621 0.003098
17.022622 0.002628
17.027622 0.002157
17.032623 0.001687
17.037624 0.001217
17.042625 0.000675
17.047626 0.000333
17.052626 -0.000209
17.057627 -0.001078
17.062628 -0.001819
17.067629 -0.002687
17.072629 -0.003555
17.077630 -0.004225
17.082631 -0.005148
17.087632 -0.005945
17.092632 -0.006670
17.097633 -0.007323
17.102634 -0.007649
17.107635 -0.008302
17.112636 -0.008557
17.117636 -0.008613
17.122637 -0.008541
17.127638 -0.008397
17.132639 -0.008126
17.137639 -0.007656
17.142640 -0.006860
17.147641 -0.006063
17.152642 -0.005267
17.157642 -0.004470
17.162643 -0.003546
17.167644 -0.002821
17.172645 -0.002096
17.177646 -0.001372
17.182646 -0.000846
17.187647 -0.000320
17.192648 0.000006
17.197649 0.000333
17.202649 0.000659
17.207650 0.000787
17.212651 0.000715
17.217652 0.000715
17.222652 0.000770
17.227653 0.000898
17.232654 0.001025
17.237655 0.001152
17.242656 0.001479
17.247656 0.001933
17.252657 0.002458
17.257658 0.002984
17.262659 0.003581
17.267659 0.004052
17.272660 0.004848
17.277661 0.005318
17.282662 0.005987
17.287663 0.006529
17.292663 0.006872
17.297664 0.007287
17.302665 0.007629
17.307666 0.007845
17.312666 0.007988
17.317667 0.008004
17.322668 0.007949
17.327669 0.007567
17.332669 0.007312
17.337670 0.006858
17.342671 0.006404
17.347672 0.005624
17.352673 0.004971
17.357673 0.004119
17.362674 0.003139
17.367675 0.002486
17.372676 0.001634
17.377676 0.000655
17.382677 0.000129
17.387678 -0.000524
17.392679 -0.001376
17.397679 -0.001902
17.402680 -0.002555
17.407681 -0.003009
17.412682 -0.003463
17.417683 -0.004116
17.422683 -0.004442
17.427684 -0.004896
17.432685 -0.005350
17.437686 -0.005804
17.442686 -0.006059
17.447687 -0.006385
17.452688 -0.006712
17.457689 -0.007038
17.462689 -0.007293
17.467690 -0.007165
17.472691 -0.007365
17.477692 -0.007237
17.482693 -0.007110
17.487693 -0.007054
17.492694 -0.006672
17.497695 -0.006290
17.502696 -0.005908
17.507696 -0.005399
17.512697 -0.005088
17.517698 -0.004452
17.522699 -0.004014
17.527699 -0.003576
17.532700 -0.003139
17.537701 -0.002629
17.542702 -0.002192
17.547703 -0.001682
17.552703 -0.001499
17.557704 -0.001117
17.562705 -0.000536
17.567706 -0.000281
17.572706 0.000045
17.577707 0.000372
17.582708 0.000571
17.587709 0.000969
17.592709 0.001168
17.597710 0.001439
17.602711 0.001838
17.607712 0.002109
17.612713 0.002507
17.617713 0.002706
17.622714 0.003232
17.627715 0.003558
17.632716 0.004084
17.637716 0.004538
17.642717 0.005119
17.647718 0.005573
17.652719 0.005828
17.657720 0.006082
17.662720 0.006337
17.667721 0.006393
17.672722 0.006393
17.677723 0.006122
17.682723 0.005922
17.687724 0.005397
17.692725 0.005070
17.697726 0.004545
17.702726 0.003892
17.707727 0.003366
17.712728 0.002912
17.717729 0.002132
17.722730 0.001678
17.727730 0.001224
17.732731 0.000842
17.737732 0.000587
17.742733 0.000205
17.747733 -0.000050
17.752734 -0.000105
17.757735 -0.000288
17.762736 -0.000670
17.767736 -0.000726
17.772737 -0.000582
17.777738 -0.000765
17.782739 -0.000821
17.787740 -0.000749
17.792740 -0.000605
17.797741 -0.000534
17.802742 -0.000263
17.807743 -0.000191
17.812743 0.000080
17.817744 0.000351
17.822745 0.000550
17.827746 0.000948
17.832746 0.001219
17.837747 0.001546
17.842748 0.001745
17.847749 0.002143
17.852750 0.002470
17.857750 0.002470
17.862751 0.002597
17.867752 0.002597
17.872753 0.002525
17.877753 0.002254
17.882754 0.001983
17.887755 0.001713
17.892756 0.001242
17.897756 0.000772
17.902757 0.000302
17.907758 -0.000040
17.912759 -0.000710
17.917760 -0.001052
17.922760 -0.001522
17.927761 -0.001865
17.932762 -0.002335
17.937763 -0.002805
17.942763 -0.003148
17.947764 -0.003618
17.952765 -0.004216
17.957766 -0.004487
17.962766 -0.005084
17.967767 -0.005482
17.972768 -0.006080
17.977769 -0.006605
17.982770 -0.007004
17.987770 -0.007529
17.992771 -0.008055
17.997772 -0.008509
18.002773 -0.008835
18.007773 -0.009289
18.012774 -0.009544
18.017775 -0.009472
18.022776 -0.009727
18.027776 -0.009655
18.032777 -0.009384
18.037778 -0.008787
18.042779 -0.008189
18.047780 -0.007592
18.052780 -0.006795
18.057781 -0.005871
18.062782 -0.004947
18.067783 -0.003625
18.072783 -0.002502
18.077784 -0.001180
18.082785 -0.000057
18.087786 0.001266
18.092787 0.002588
18.097787 0.003910
18.102788 0.005232
18.107789 0.006355
18.112790 0.007351
18.117790 0.008275
18.122791 0.008872
18.127792 0.009470
18.132793 0.010067
18.137793 0.010267
18.142794 0.010466
18.147795 0.010466
18.152796 0.010338
18.157797 0.010139
18.162797 0.009940
18.167798 0.009414
18.172799 0.008889
18.177800 0.008363
18.182800 0.007837
18.187801 0.007113
18.192802 0.006587
18.197803 0.006061
18.202803 0.005336
18.207804 0.004938
18.212805 0.004213
18.217806 0.003489
18.222807 0.002764
18.227807 0.002166
18.232808 0.001370
18.237809 0.000772
18.242810 0.000103
18.247810 -0.000367
18.252811 -0.000909
18.257812 -0.001252
18.262813 -0.001594
18.267813 -0.001738
18.272814 -0.001682
18.277815 -0.001627
18.282816 -0.001571
18.287817 -0.001444
18.292817 -0.000990
18.297818 -0.000791
18.302819 -0.000393
18.307820 0.000006
18.312820 0.000277
18.317821 0.000548
18.322822 0.000691
18.327823 0.000835
18.332823 0.000779
18.337824 0.000724
18.342825 0.000469
18.347826 0.000214
18.352827 -0.000041
18.357827 -0.000168
18.362828 -0.000494
18.367829 -0.001020
18.372830 -0.001347
18.377830 -0.001673
18.382831 -0.001872
18.387832 -0.002271
18.392833 -0.002470
18.397833 -0.002669
18.402834 -0.002868
18.407835 -0.002940
18.412836 -0.003266
18.417837 -0.003465
18.422837 -0.003593
18.427838 -0.003792
18.432839 -0.003919
18.437840 -0.004373
18.442840 -0.004501
18.447841 -0.004628
18.452842 -0.004755
18.457843 -0.004883
18.462843 -0.005010
18.467844 -0.004938
18.472845 -0.004739
18.477846 -0.004540
18.482847 -0.004142
18.487847 -0.003943
18.492848 -0.003289
18.497849 -0.002963
18.502850 -0.002310
18.507850 -0.001530
18.512851 -0.001076
18.517852 -0.000423
18.522853 0.000158
18.527854 0.000939
18.532854 0.001194
18.537855 0.001448
18.542856 0.001703
18.547857 0.001631
18.552857 0.001432
18.557858 0.001034
18.562859 0.000309
18.567860 -0.000288
18.572860 -0.001141
18.577861 -0.001993
18.582862 -0.002718
18.587863 -0.003570
18.592864 -0.004095
18.597864 -0.004748
18.602865 -0.005274
18.607866 -0.005274
18.612867 -0.005401
18.617867 -0.005131
18.622868 -0.004732
18.627869 -0.004334
18.632870 -0.003864
18.637870 -0.003067
18.642871 -0.002470
18.647872 -0.001872
18.652873 -0.001402
18.657874 -0.001004
18.662874 -0.000606
18.667875 -0.000335
18.672876 -0.000136
18.677877 -0.000008
18.682877 -0.000008
18.687878 -0.000008
18.692879 -0.000207
18.697880 -0.000080
18.702880 -0.000152
18.707881 -0.000025
18.712882 -0.000096
18.717883 -0.000168
18.722884 -0.000041
18.727884 0.000214
18.732885 0.000341
18.737886 0.000596
18.742887 0.000723
18.747887 0.001177
18.752888 0.001305
18.757889 0.001432
18.762890 0.001759
18.767890 0.001886
18.772891 0.001886
18.777892 0.002212
18.782893 0.002412
18.787894 0.002412
18.792894 0.002738
18.797895 0.002937
18.802896 0.003463
18.807897 0.003662
18.812897 0.004188
18.817898 0.004586
18.822899 0.004785
18.827900 0.005311
18.832900 0.005637
18.837901 0.005836
18.842902 0.005964
18.847903 0.005765
18.852904 0.005765
18.857904 0.005366
18.862905 0.005167
18.867906 0.004769
18.872907 0.004498
18.877907 0.003972
18.882908 0.003375
18.887909 0.002976
18.892910 0.002706
18.897911 0.002307
18.902911 0.002235
18.907912 0.002036
18.912913 0.001837
18.917914 0.001765
18.922914 0.001566
18.927915 0.001694
18.932916 0.001694
18.937917 0.001694
18.942917 0.001821
18.947918 0.001821
18.952919 0.001948
18.957920 0.001948
18.962921 0.001948
18.967921 0.002147
18.972922 0.002147
18.977923 0.002147
18.982924 0.002219
18.987924 0.002092
18.992925 0.001964
18.997926 0.002164
19.002927 0.001909
19.007927 0.001782
19.012928 0.001726
19.017929 0.001471
19.022930 0.001416
19.027931 0.001034
19.032931 0.000978
19.037932 0.000596
19.042933 0.000413
19.047934 0.000031
19.052934 -0.000152
19.057935 -0.000335
19.062936 -0.000717
19.067937 -0.000773
19.072937 -0.000828
19.077938 -0.000884
19.082939 -0.001138
19.087940 -0.001194
19.092941 -0.001321
19.097941 -0.001449
19.102942 -0.001576
19.107943 -0.002030
19.112944 -0.002030
19.117944 -0.002357
19.122945 -0.002683
19.127946 -0.003081
19.132947 -0.003607
19.137947 -0.004005
19.142948 -0.004531
19.147949 -0.004929
19.152950 -0.005328
19.157951 -0.005925
19.162951 -0.006323
19.167952 -0.006722
19.172953 -0.006992
19.177954 -0.007391
19.182954 -0.007463
19.187955 -0.007534
19.192956 -0.007606
19.197957 -0.007280
19.202957 -0.007152
19.207958 -0.007025
19.212959 -0.006698
19.217960 -0.006245
19.222961 -0.005918
19.227961 -0.005592
19.232962 -0.005265
19.237963 -0.004939
19.242964 -0.004739
19.247964 -0.004485
19.252965 -0.004158
19.257966 -0.003903
19.262967 -0.003450
19.267967 -0.003195
19.272968 -0.002940
19.277969 -0.002685
19.282970 -0.002303
19.287971 -0.001722
19.292971 -0.001467
19.297972 -0.000886
19.302973 -0.000305
19.307974 0.000276
19.312974 0.000730
19.317975 0.001383
19.322976 0.002036
19.327977 0.002689
19.332978 0.003215
19.337978 0.003868
19.342979 0.004067
19.347980 0.004593
19.352981 0.004991
19.357981 0.005317
19.362982 0.005716
19.367983 0.005915
19.372984 0.006114
19.377984 0.006114
19.382985 0.006114
19.387986 0.006114
19.392987 0.006114
19.397988 0.005987
19.402988 0.005787
19.407989 0.005461
19.412990 0.005262
19.417991 0.005063
19.422991 0.004736
19.427992 0.004410
19.432993 0.004211
19.437994 0.003884
19.442994 0.003430
19.447995 0.002904
19.452996 0.002451
19.457997 0.001997
19.462998 0.001344
19.467998 0.001017
19.472999 0.000563
19.478000 -0.000217
19.483001 -0.000544
19.488001 -0.001125
19.493002 -0.001451
19.498003 -0.001706
19.503004 -0.002160
19.508004 -0.002415
19.513005 -0.002542
19.518006 -0.002797
19.523007 -0.003051
19.528008 -0.003179
19.533008 -0.003433
19.538009 -0.003362
19.543010 -0.003616
19.548011 -0.003545
19.553011 -0.003799
19.558012 -0.003728
19.563013 -0.003855
19.568014 -0.003783
19.573014 -0.003711
19.578015 -0.003512
19.583016 -0.003440
19.588017 -0.003241
19.593018 -0.003042
19.598018 -0.002588
19.603019 -0.002461
19.608020 -0.002007
19.613021 -0.001752
19.618021 -0.001171
19.623022 -0.000916
19.628023 -0.000534
19.633024 0.000047
19.638024 0.000429
19.643025 0.001010
19.648026 0.001392
19.653027 0.001647
19.658028 0.002029
19.663028 0.002483
19.668029 0.002738
19.673030 0.002865
19.678031 0.003192
19.683031 0.003518
19.688032 0.003518
19.693033 0.003590
19.698034 0.003590
19.703035 0.003789
19.708035 0.003861
19.713036 0.003733
19.718037 0.003933
19.723038 0.003805
19.728038 0.003678
19.733039 0.003750
19.738040 0.003550
19.743041 0.003423
19.748041 0.003423
19.753042 0.003224
19.758043 0.003097
19.763044 0.002897
19.768045 0.002826
19.773045 0.002626
19.778046 0.002555
19.783047 0.002156
19.788048 0.001885
19.793048 0.001615
19.798049 0.001216
19.803050 0.000945
19.808051 0.000475
19.813051 0.000077
19.818052 -0.000194
19.823053 -0.000791
19.828054 -0.001190
19.833055 -0.001588
19.838055 -0.001787
19.843056 -0.002186
19.848057 -0.002512
19.853058 -0.002711
19.858058 -0.003038
19.863059 -0.003165
19.868060 -0.003492
19.873061 -0.003619
19.878061 -0.003945
19.883062 -0.004073
19.888063 -0.004200
19.893064 -0.004327
19.898065 -0.004256
19.903065 -0.004383
19.908066 -0.004311
19.913067 -0.004240
19.918068 -0.004240
19.923068 -0.003969
19.928069 -0.003769
19.933070 -0.003299
19.938071 -0.002901
19.943071 -0.002503
19.948072 -0.002033
19.953073 -0.001563
19.958074 -0.000965
19.963075 -0.000495
19.968075 -0.000025
19.973076 0.000572
19.978077 0.001043
19.983078 0.001513
19.988078 0.001983
19.993079 0.002381
19.998080 0.002325
20.003081 0.002596
20.008081 0.002596
20.013082 0.002668
20.018083 0.002541
20.023084 0.002214
20.028085 0.002214
20.033085 0.001888
20.038086 0.001561
20.043087 0.001036
20.048088 0.000836
20.053088 0.000510
20.058089 -0.000016
20.063090 -0.000342
20.068091 -0.000541
20.073091 -0.000741
20.078092 -0.000940
20.083093 -0.001139
20.088094 -0.001139
20.093095 -0.001338
20.098095 -0.001211
20.103096 -0.001282
20.108097 -0.001155
20.113098 -0.001227
20.118098 -0.000972
20.123099 -0.000845
20.128100 -0.000717
20.133101 -0.000662
20.138102 -0.000662
20.143102 -0.000606
20.148103 -0.000479
20.153104 -0.000280
20.158105 -0.000152
20.163105 0.000102
20.168106 0.000429
20.173107 0.000684
20.178108 0.001010
20.183108 0.001464
20.188109 0.002045
20.193110 0.002499
20.198111 0.002754
20.203112 0.003208
20.208112 0.003590
20.213113 0.003717
20.218114 0.003972
20.223115 0.004027
20.228115 0.003955
20.233116 0.003756
20.238117 0.003685
20.243118 0.003286
20.248118 0.002888
20.253119 0.002362
20.258120 0.001837
20.263121 0.001311
20.268122 0.000586
20.273122 0.000061
20.278123 -0.000465
20.283124 -0.001190
20.288125 -0.001716
20.293125 -0.002241
20.298126 -0.002568
20.303127 -0.002966
20.308128 -0.003293
20.313128 -0.003492
20.318129 -0.003492
20.323130 -0.003691
20.328131 -0.003691
20.333132 -0.003890
20.338132 -0.003890
20.343133 -0.004017
20.348134 -0.003818
20.353135 -0.003818
20.358135 -0.003619
20.363136 -0.003420
20.368137 -0.003221
20.373138 -0.003022
20.378138 -0.002695
20.383139 -0.002297
20.388140 -0.001572
20.393141 -0.001174
20.398142 -0.000648
20.403142 0.000077
20.408143 0.000801
20.413144 0.001200
20.418145 0.001925
20.423145 0.002450
20.428146 0.003048
20.433147 0.003446
20.438148 0.003518
20.443148 0.003916
20.448149 0.003988
20.453150 0.003932
20.458151 0.004004
20.463152 0.003948
20.468152 0.003893
20.473153 0.003638
20.478154 0.003583
20.483155 0.003527
20.488155 0.003471
20.493156 0.003543
20.498157 0.003488
20.503158 0.003432
20.508159 0.003703
20.513159 0.003647
20.518160 0.003719
20.523161 0.003664
20.528162 0.003735
20.533162 0.003807
20.538163 0.004006
20.543164 0.003879
20.548165 0.003879
20.553165 0.003879
20.558166 0.003680
20.563167 0.003481
20.568168 0.003409
20.573169 0.003337
20.578169 0.003194
20.583170 0.003249
20.588171 0.003233
20.593172 0.003089
20.598172 0.003073
20.603173 0.002930
20.608174 0.002913
20.613175 0.002571
20.618175 0.002427
20.623176 0.002084
20.628177 0.001614
20.633178 0.001144
20.638179 0.000547
20.643179 0.000077
20.648180 -0.000521
20.653181 -0.001246
20.658182 -0.001970
20.663182 -0.002695
20.668183 -0.003420
20.673184 -0.003946
20.678185 -0.004599
20.683185 -0.005252
20.688186 -0.005777
20.693187 -0.006231
20.698188 -0.006685
20.703189 -0.007139
20.708189 -0.007394
20.713190 -0.007648
20.718191 -0.007903
20.723192 -0.007959
20.728192 -0.008213
20.733193 -0.008070
20.738194 -0.008253
20.743195 -0.008181
20.748195 -0.008037
20.753196 -0.007894
20.758197 -0.007750
20.763198 -0.007352
20.768199 -0.007081
20.773199 -0.006683
20.778200 -0.006213
20.783201 -0.005814
20.788202 -0.005217
20.793202 -0.004891
20.798203 -0.004166
20.803204 -0.003839
20.808205 -0.003186
20.813205 -0.002533
20.818206 -0.002151
20.823207 -0.001570
20.828208 -0.001116
20.833209 -0.000607
20.838209 -0.000097
20.843210 0.000611
20.848211 0.001121
20.853212 0.001630
20.858212 0.001941
20.863213 0.002323
20.868214 0.002832
20.873215 0.003214
20.878215 0.003596
20.883216 0.003652
20.888217 0.003907
20.893218 0.004034
20.898219 0.003835
20.903219 0.003636
20.908220 0.003508
20.913221 0.003054
20.918222 0.002601
20.923222 0.002147
20.928223 0.001565
20.933224 0.000984
20.938225 0.000403
20.943226 -0.000306
20.948226 -0.000887
20.953227 -0.001269
20.958228 -0.001850
20.963229 -0.002431
20.968229 -0.002487
20.973230 -0.002742
20.978231 -0.002996
20.983232 -0.003124
20.988232 -0.002853
20.993233 -0.002781
20.998234 -0.002582
21.003235 -0.002184
21.008236 -0.001785
21.013236 -0.001387
21.018237 -0.001188
21.023238 -0.000790
21.028239 -0.000264
21.033239 0.000134
21.038240 0.000660
21.043241 0.001186
21.048242 0.001711
21.053242 0.002237
21.058243 0.002763
21.063244 0.003216
21.068245 0.003870
21.073246 0.004323
21.078246 0.004777
21.083247 0.004905
21.088248 0.005358
21.093249 0.005613
21.098249 0.005868
21.103250 0.005995
21.108251 0.006250
21.113252 0.006178
21.118252 0.006106
21.123253 0.006035
21.128254 0.005636
21.133255 0.005437
21.138256 0.005039
21.143256 0.004513
21.148257 0.004115
21.153258 0.003589
21.158259 0.003064
21.163259 0.002538
21.168260 0.002012
21.173261 0.001487
21.178262 0.001160
21.183262 0.000634
21.188263 0.000308
21.193264 -0.000146
21.198265 -0.000472
21.203266 -0.000672
21.208266 -0.000998
21.213267 -0.001125
21.218268 -0.001125
21.223269 -0.001125
21.228269 -0.001125
21.233270 -0.001125
21.238271 -0.001253
21.243272 -0.000926
21.248272 -0.000926
21.253273 -0.000600
21.258274 -0.000401
21.263275 0.000053
21.268276 0.000181
21.273276 0.000706
21.278277 0.000961
21.283278 0.001287
21.288279 0.001614
21.293279 0.001940
21.298280 0.002394
21.303281 0.002593
21.308282 0.002721
21.313283 0.003047
21.318283 0.003246
21.323284 0.003246
21.328285 0.003446
21.333286 0.003517
21.338286 0.003390
21.343287 0.003462
21.348288 0.003534
21.353289 0.003279
21.358289 0.003024
21.363290 0.002969
21.368291 0.002586
21.373292 0.002204
21.378293 0.001822
21.383293 0.001241
21.388294 0.000787
21.393295 0.000405
21.398296 -0.000176
21.403296 -0.000956
21.408297 -0.001609
21.413298 -0.002262
21.418299 -0.002915
21.423299 -0.003441
21.428300 -0.003967
21.433301 -0.004564
21.438302 -0.004963
21.443303 -0.005488
21.448303 -0.005759
21.453304 -0.006030
21.458305 -0.006174
21.463306 -0.006245
21.468306 -0.006389
21.473307 -0.006333
21.478308 -0.006278
21.483309 -0.006023
21.488309 -0.005968
21.493310 -0.005785
21.498311 -0.005530
21.503312 -0.005275
21.508313 -0.005021
21.513313 -0.004893
21.518314 -0.004567
21.523315 -0.004240
21.528316 -0.003914
21.533316 -0.003786
21.538317 -0.003587
21.543318 -0.003388
21.548319 -0.003061
21.553319 -0.002862
21.558320 -0.002536
21.563321 -0.002337
21.568322 -0.002209
21.573323 -0.001883
21.578323 -0.001755
21.583324 -0.001628
21.588325 -0.001501
21.593326 -0.001373
21.598326 -0.001445
21.603327 -0.001318
21.608328 -0.001318
21.613329 -0.001318
21.618329 -0.001190
21.623330 -0.001318
21.628331 -0.001246
21.633332 -0.001174
21.638333 -0.001031
21.643333 -0.000760
21.648334 -0.000616
21.653335 -0.000473
21.658336 -0.000329
21.663336 0.000141
21.668337 0.000611
21.673338 0.000954
21.678339 0.001352
21.683339 0.001750
21.688340 0.002348
21.693341 0.002547
21.698342 0.003073
21.703343 0.003272
21.708343 0.003598
21.713344 0.003925
21.718345 0.004124
21.723346 0.004251
21.728346 0.004379
21.733347 0.004506
21.738348 0.004506
21.743349 0.004506
21.748350 0.004379
21.753350 0.004180
21.758351 0.004052
21.763352 0.004124
21.768353 0.003997
21.773353 0.003869
21.778354 0.003742
21.783355 0.003615
21.788356 0.003686
21.793356 0.003559
21.798357 0.003432
21.803358 0.003232
21.808359 0.003232
21.813360 0.003105
21.818360 0.002906
21.823361 0.002834
21.828362 0.002635
21.833363 0.002436
21.838363 0.002364
21.843364 0.002292
21.848365 0.002220
21.853366 0.002149
21.858366 0.001878
21.863367 0.001933
21.868368 0.001862
21.873369 0.001591
21.878370 0.001519
21.883370 0.001447
21.888371 0.001375
21.893372 0.001176
21.898373 0.000977
21.903373 0.000905
21.908374 0.000905
21.913375 0.000507
21.918376 0.000308
21.923376 0.000236
21.928377 0.000037
21.933378 -0.000362
21.938379 -0.000760
21.943380 -0.001158
21.948380 -0.001556
21.953381 -0.001955
21.958382 -0.002353
21.963383 -0.002751
21.968383 -0.003277
21.973384 -0.003476
21.978385 -0.004002
21.983386 -0.004328
21.988386 -0.004527
21.993387 -0.004655
21.998388 -0.004782
22.003389 -0.004910
22.008390 -0.004838
22.013390 -0.004766
22.018391 -0.004694
22.023392 -0.004495
22.028393 -0.004097
22.033393 -0.003698
22.038394 -0.003428
22.043395 -0.003228
22.048396 -0.002830
22.053396 -0.002432
22.058397 -0.002105
22.063398 -0.001906
22.068399 -0.001580
22.073400 -0.001381
22.078400 -0.001054
22.083401 -0.000727
22.088402 -0.000528
22.093403 -0.000401
22.098403 -0.000074
22.103404 0.000053
22.108405 0.000180
22.113406 0.000507
22.118407 0.000634
22.123407 0.000761
22.128408 0.001088
22.133409 0.001215
22.138410 0.001343
22.143410 0.001343
22.148411 0.001542
22.153412 0.001542
22.158413 0.001414
22.163413 0.001414
22.168414 0.001486
22.173415 0.001359
22.178416 0.001232
22.183417 0.000905
22.188417 0.000650
22.193418 0.000650
22.198419 0.000396
22.203420 0.000268
22.208420 0.000141
22.213421 0.000013
22.218422 -0.000241
22.223423 -0.000568
22.228423 -0.000822
22.233424 -0.001149
22.238425 -0.001603
22.243426 -0.001858
22.248427 -0.002311
22.253427 -0.002765
22.258428 -0.003219
22.263429 -0.003673
22.268430 -0.004127
22.273430 -0.004581
22.278431 -0.004907
22.283432 -0.005234
22.288433 -0.005688
22.293433 -0.005887
22.298434 -0.006086
22.303435 -0.005959
22.308436 -0.005831
22.313437 -0.005704
22.318437 -0.005377
22.323438 -0.004924
22.328439 -0.004470
22.333440 -0.004016
22.338440 -0.003235
22.343441 -0.002582
22.348442 -0.001802
22.353443 -0.001022
22.358443 -0.000170
22.363444 0.000611
22.368445 0.001590
22.373446 0.002570
22.378447 0.003223
22.383447 0.004202
22.388448 0.004855
22.393449 0.005636
22.398450 0.006090
22.403450 0.006743
22.408451 0.007069
22.413452 0.007396
22.418453 0.007722
22.423453 0.007722
22.428454 0.007921
22.433455 0.007921
22.438456 0.007794
22.443457 0.007467
22.448457 0.007141
22.453458 0.007014
22.458459 0.006361
22.463460 0.005907
22.468460 0.005381
22.473461 0.004927
22.478462 0.004274
22.483463 0.003621
22.488463 0.003095
22.493464 0.002442
22.498465 0.001718
22.503466 0.001391
22.508467 0.000738
22.513467 0.000340
22.518468 -0.000186
22.523469 -0.000512
22.528470 -0.000584
22.533470 -0.000711
22.538471 -0.000783
22.543472 -0.000783
22.548473 -0.000656
22.553474 -0.000457
22.558474 -0.000329
22.563475 -0.000003
22.568476 0.000124
22.573477 0.000451
22.578477 0.000578
22.583478 0.000905
22.588479 0.000905
22.593480 0.000905
22.598480 0.000905
22.603481 0.000706
22.608482 0.000578
22.613483 0.000578
22.618484 0.000252
22.623484 0.000124
22.628485 -0.000130
22.633486 -0.000457
22.638487 -0.000783
22.643487 -0.001110
22.648488 -0.001237
22.653489 -0.001564
22.658490 -0.001890
22.663490 -0.002416
22.668491 -0.002615
22.673492 -0.003141
22.678493 -0.003340
22.683494 -0.003539
22.688494 -0.003937
22.693495 -0.004136
22.698496 -0.004336
22.703497 -0.004407
22.708497 -0.004407
22.713498 -0.004280
22.718499 -0.004153
22.723500 -0.004025
22.728500 -0.003699
22.733501 -0.003699
22.738502 -0.003372
22.743503 -0.003046
22.748504 -0.002448
22.753504 -0.002122
22.758505 -0.001397
22.763506 -0.000800
22.768507 -0.000274
22.773507 0.000324
22.778508 0.000921
22.783509 0.001518
22.788510 0.002044
22.793510 0.002315
22.798511 0.002912
22.803512 0.002984
22.808513 0.003383
22.813514 0.003454
22.818514 0.003526
22.823515 0.003598
22.828516 0.003343
22.833517 0.003088
22.838517 0.002762
22.843518 0.002308
22.848519 0.001854
22.853520 0.001400
22.858520 0.000747
22.863521 0.000222
22.868522 -0.000304
22.873523 -0.000901
22.878524 -0.001427
22.883524 -0.001754
22.888525 -0.002025
22.893526 -0.002550
22.898527 -0.002821
22.903527 -0.002893
22.908528 -0.003092
22.913529 -0.003236
22.918530 -0.003307
22.923530 -0.003252
22.928531 -0.003196
22.933532 -0.003141
22.938533 -0.003213
22.943534 -0.003157
22.948534 -0.003101
22.953535 -0.003046
22.958536 -0.002664
22.963537 -0.002409
22.968537 -0.001955
22.973538 -0.001700
22.978539 -0.001247
22.983540 -0.000793
22.988541 -0.000140
22.993541 0.000386
22.998542 0.001039
23.003543 0.001565
23.008544 0.002090
23.013544 0.002489
23.018545 0.003014
23.023546 0.003413
23.028547 0.003612
23.033547 0.003683
23.038548 0.003755
23.043549 0.003827
23.048550 0.003572
23.053551 0.003318
23.058551 0.002864
23.063552 0.002609
23.068553 0.002155
23.073554 0.001574
23.078554 0.001120
23.083555 0.000865
23.088556 0.000411
23.093557 0.000085
23.098557 -0.000042
23.103558 -0.000170
23.108559 -0.000297
23.113560 -0.000297
23.118561 -0.000297
23.123561 0.000029
23.128562 0.000356
23.133563 0.000356
23.138564 0.000682
23.143564 0.000810
23.148565 0.001136
23.153566 0.001136
23.158567 0.001264
23.163567 0.001590
23.168568 0.001717
23.173569 0.001717
23.178570 0.001845
23.183571 0.002044
23.188571 0.002171
23.193572 0.002171
23.198573 0.002171
23.203574 0.002299
23.208574 0.002299
23.213575 0.002625
23.218576 0.002625
23.223577 0.002426
23.228577 0.002553
23.233578 0.002553
23.238579 0.002553
23.243580 0.002354
23.248581 0.002227
23.253581 0.002028
23.258582 0.001701
23.263583 0.001375
23.268584 0.001176
23.273584 0.000849
23.278585 0.000323
23.283586 -0.000003
23.288587 -0.000401
23.293587 -0.000728
23.298588 -0.000927
23.303589 -0.001126
23.308590 -0.001126
23.313591 -0.001325
23.318591 -0.001198
23.323592 -0.001198
23.328593 -0.001325
23.333594 -0.001325
23.338594 -0.001126
23.343595 -0.001126
23.348596 -0.000927
23.353597 -0.001055
23.358598 -0.000983
23.363598 -0.000784
23.368599 -0.000911
23.373600 -0.000967
23.378601 -0.001094
23.383601 -0.001221
23.388602 -0.001349
23.393603 -0.001349
23.398604 -0.001476
23.403604 -0.001476
23.408605 -0.001603
23.413606 -0.001802
23.418607 -0.001802
23.423608 -0.002002
23.428608 -0.002002
23.433609 -0.002201
23.438610 -0.002400
23.443611 -0.002527
23.448611 -0.002726
23.453612 -0.002726
23.458613 -0.002926
23.463614 -0.002798
23.468614 -0.002997
23.473615 -0.003069
23.478616 -0.003268
23.483617 -0.003467
23.488618 -0.003539
23.493618 -0.003738
23.498619 -0.003611
23.503620 -0.003683
23.508621 -0.003755
23.513621 -0.003627
23.518622 -0.003500
23.523623 -0.003572
23.528624 -0.003444
23.533624 -0.003317
23.538625 -0.002990
23.543626 -0.002863
23.548627 -0.002537
23.553628 -0.002210
23.558628 -0.002011
23.563629 -0.001684
23.568630 -0.001358
23.573631 -0.001159
23.578631 -0.000960
23.583632 -0.000761
23.588633 -0.000362
23.593634 -0.000163
23.598634 0.000108
23.603635 0.000307
23.608636 0.000578
23.613637 0.000849
23.618638 0.000921
23.623638 0.001064
23.628639 0.001335
23.633640 0.001479
23.638641 0.001750
23.643641 0.001821
23.648642 0.002092
23.653643 0.002363
23.658644 0.002435
23.663644 0.002833
23.668645 0.002905
23.673646 0.003232
23.678647 0.003232
23.683648 0.003558
23.688648 0.003558
23.693649 0.003885
23.698650 0.004012
23.703651 0.004139
23.708651 0.004267
23.713652 0.004195
23.718653 0.004322
23.723654 0.004251
23.728654 0.004306
23.733655 0.004234
23.738656 0.004163
23.743657 0.003892
23.748658 0.003820
23.753658 0.003422
23.758659 0.003151
23.763660 0.002752
23.768661 0.002354
23.773661 0.001757
23.778662 0.001159
23.783663 0.000761
23.788664 0.000363
23.793665 -0.000036
23.798665 -0.000561
23.803666 -0.000960
23.808667 -0.001286
23.813668 -0.001485
23.818668 -0.001812
23.823669 -0.001939
23.828670 -0.002067
23.833671 -0.002067
23.838671 -0.002194
23.843672 -0.002449
23.848673 -0.002377
23.853674 -0.002504
23.858675 -0.002433
23.863675 -0.002488
23.868676 -0.002743
23.873677 -0.002671
23.878678 -0.002926
23.883678 -0.002854
23.888679 -0.003109
23.893680 -0.002910
23.898681 -0.003037
23.903681 -0.002838
23.908682 -0.002838
23.913683 -0.002639
23.918684 -0.002511
23.923685 -0.002312
23.928685 -0.001858
23.933686 -0.001659
23.938687 -0.001205
23.943688 -0.001078
23.948688 -0.000624
23.953689 -0.000170
23.958690 0.000156
23.963691 0.000610
23.968691 0.000865
23.973692 0.001191
23.978693 0.001446
23.983694 0.001574
23.988695 0.001701
23.993695 0.001828
23.998696 0.001956
24.003697 0.002083
24.008698 0.002083
24.013698 0.002210
24.018699 0.002210
24.023700 0.002210
24.028701 0.002210
24.033701 0.002409
24.038702 0.002282
24.043703 0.002282
24.048704 0.002155
24.053705 0.002027
24.058705 0.002227
24.063706 0.002099
24.068707 0.001972
24.073708 0.002044
24.078708 0.002044
24.083709 0.001916
24.088710 0.002115
24.093711 0.002243
24.098711 0.002243
24.103712 0.002442
24.108713 0.002442
24.113714 0.002569
24.118715 0.002569
24.123715 0.002569
24.128716 0.002697
24.133717 0.002697
24.138718 0.002497
24.143718 0.002370
24.148719 0.002171
24.153720 0.002171
24.158721 0.001844
24.163722 0.001518
24.168722 0.001319
24.173723 0.000992
24.178724 0.000666
24.183725 0.000467
24.188725 0.000140
24.193726 -0.000059
24.198727 -0.000386
24.203728 -0.000585
24.208728 -0.000784
24.213729 -0.000983
24.218730 -0.001182
24.223731 -0.001381
24.228732 -0.001580
24.233732 -0.001652
24.238733 -0.001851
24.243734 -0.001724
24.248735 -0.001923
24.253735 -0.001796
24.258736 -0.001995
24.263737 -0.002194
24.268738 -0.002067
24.273738 -0.002067
24.278739 -0.002266
24.283740 -0.002266
24.288741 -0.002266
24.293742 -0.002465
24.298742 -0.002465
24.303743 -0.002465
24.308744 -0.002592
24.313745 -0.002393
24.318745 -0.002521
24.323746 -0.002521
24.328747 -0.002449
24.333748 -0.002250
24.338748 -0.002377
24.343749 -0.002178
24.348750 -0.001780
24.353751 -0.001708
24.358752 -0.001509
24.363752 -0.001110
24.368753 -0.001039
24.373754 -0.000640
24.378755 -0.000441
24.383755 -0.000369
24.388756 0.000029
24.393757 0.000228
24.398758 0.000101
24.403758 0.000101
24.408759 0.000300
24.413760 0.000300
24.418761 -0.000027
24.423762 -0.000226
24.428762 -0.000425
24.433763 -0.000624
24.438764 -0.000823
24.443765 -0.001222
24.448765 -0.001548
24.453766 -0.001747
24.458767 -0.001946
24.463768 -0.002018
24.468768 -0.002217
24.473769 -0.002417
24.478770 -0.002616
24.483771 -0.002743
24.488772 -0.002942
24.493772 -0.002942
24.498773 -0.002942
24.503774 -0.002743
24.508775 -0.002870
24.513775 -0.002870
24.518776 -0.002799
24.523777 -0.002799
24.528778 -0.002599
24.533778 -0.002400
24.538779 -0.002400
24.543780 -0.002074
24.548781 -0.001875
24.553782 -0.001676
24.558782 -0.001349
24.563783 -0.001150
24.568784 -0.000497
24.573785 -0.000298
24.578785 0.000029
24.583786 0.000355
24.588787 0.001008
24.593788 0.001335
24.598789 0.001661
24.603789 0.002115
24.608790 0.002243
24.613791 0.002569
24.618792 0.002696
24.623792 0.003023
24.628793 0.003023
24.633794 0.002951
24.638795 0.003078
24.643795 0.003206
24.648796 0.003007
24.653797 0.003134
24.658798 0.002935
24.663799 0.002863
24.668799 0.002664
24.673800 0.002465
24.678801 0.002592
24.683802 0.002393
24.688802 0.002393
24.693803 0.002194
24.698804 0.002321
24.703805 0.002194
24.708805 0.001995
24.713806 0.002194
24.718807 0.002194
24.723808 0.002194
24.728809 0.002393
24.733809 0.002393
24.738810 0.002592
24.743811 0.002465
24.748812 0.002337
24.753812 0.002537
24.758813 0.002608
24.763814 0.002481
24.768815 0.002553
24.773815 0.002298
24.778816 0.002370
24.783817 0.002242
24.788818 0.002314
24.793819 0.002059
24.798819 0.001932
24.803820 0.001677
24.808821 0.001749
24.813822 0.001622
24.818822 0.001295
24.823823 0.001168
24.828824 0.000913
24.833825 0.000587
24.838825 0.000260
24.843826 0.000260
24.848827 -0.000066
24.853828 -0.000465
24.858829 -0.000592
24.863829 -0.000918
24.868830 -0.001118
24.873831 -0.001317
24.878832 -0.001516
24.883832 -0.001715
24.888833 -0.001787
24.893834 -0.001787
24.898835 -0.001731
24.903835 -0.001604
24.908836 -0.001477
24.913837 -0.001222
24.918838 -0.001094
24.923839 -0.000967
24.928839 -0.000712
24.933840 -0.000513
24.938841 -0.000259
24.943842 -0.000259
24.948842 -0.000131
24.953843 -0.000004
24.958844 0.000124
24.963845 0.000124
24.968846 0.000052
24.973846 -0.000147
24.978847 -0.000020
24.983848 -0.000219
24.988849 -0.000418
24.993849 -0.000617
24.998850 -0.000888
25.003851 -0.001088
25.008852 -0.001287
25.013852 -0.001685
25.018853 -0.001884
25.023854 -0.002083
25.028855 -0.002482
25.033856 -0.002808
25.038856 -0.003007
25.043857 -0.003334
25.048858 -0.003334
25.053859 -0.003461
25.058859 -0.003788
25.063860 -0.003915
25.068861 -0.004042
25.073862 -0.003971
25.078862 -0.004098
25.083863 -0.004026
25.088864 -0.003954
25.093865 -0.003683
25.098866 -0.003612
25.103866 -0.003341
25.108867 -0.003142
25.113868 -0.002871
25.118869 -0.002672
25.123869 -0.002273
25.128870 -0.002074
25.133871 -0.001676
25.138872 -0.001349
25.143872 -0.001150
25.148873 -0.000951
25.153874 -0.000951
25.158875 -0.000624
25.163876 -0.000624
25.168876 -0.000624
25.173877 -0.000497
25.178878 -0.000497
25.183879 -0.000370
25.188879 -0.000043
25.193880 0.000084
25.198881 0.000084
25.203882 0.000211
25.208882 0.000339
25.213883 0.000466
25.218884 0.000793
25.223885 0.000721
25.228886 0.000920
25.233886 0.001047
25.238887 0.001047
25.243888 0.001175
25.248889 0.001374
25.253889 0.001374
25.258890 0.001573
25.263891 0.001573
25.268892 0.001573
25.273892 0.001772
25.278893 0.001971
25.283894 0.001844
25.288895 0.002170
25.293896 0.002370
25.298896 0.002370
25.303897 0.002569
25.308898 0.002768
25.313899 0.002967
25.318899 0.003294
25.323900 0.003493
25.328901 0.003692
25.333902 0.004018
25.338902 0.004090
25.343903 0.004289
25.348904 0.004289
25.353905 0.004616
25.358906 0.004488
25.363906 0.004488
25.368907 0.004289
25.373908 0.004162
25.378909 0.003963
25.383909 0.003764
25.388910 0.003437
25.393911 0.003238
25.398912 0.003039
25.403913 0.002840
25.408913 0.002314
25.413914 0.002115
25.418915 0.001916
25.423916 0.001717
25.428916 0.001318
25.433917 0.001119
25.438918 0.000920
25.443919 0.000593
25.448919 0.000522
25.453920 0.000394
25.458921 0.000195
25.463922 -0.000131
25.468923 -0.000259
25.473923 -0.000386
25.478924 -0.000713
25.483925 -0.001039
25.488926 -0.001166
25.493926 -0.001294
25.498927 -0.001421
25.503928 -0.001549
25.508929 -0.001549
25.513929 -0.001676
25.518930 -0.001803
25.523931 -0.002002
25.528932 -0.001931
25.533933 -0.002130
25.538933 -0.002130
25.543934 -0.002130
25.548935 -0.002257
25.553936 -0.002456
25.558936 -0.002528
25.563937 -0.002528
25.568938 -0.002473
25.573939 -0.002672
25.578939 -0.002743
25.583940 -0.002616
25.588941 -0.002688
25.593942 -0.002887
25.598943 -0.002959
25.603943 -0.003158
25.608944 -0.003031
25.613945 -0.002903
25.618946 -0.002776
25.623946 -0.002577
25.628947 -0.002449
25.633948 -0.002123
25.638949 -0.001796
25.643949 -0.001470
25.648950 -0.001016
25.653951 -0.000690
25.658952 -0.000164
25.663953 0.000362
25.668953 0.000688
25.673954 0.001087
25.678955 0.001413
25.683956 0.001811
25.688956 0.002138
25.693957 0.002337
25.698958 0.002536
25.703959 0.002608
25.708959 0.002807
25.713960 0.002879
25.718961 0.002879
25.723962 0.002951
25.728963 0.003022
25.733963 0.002895
25.738964 0.002768
25.743965 0.002314
25.748966 0.002186
25.753966 0.001860
25.758967 0.001605
25.763968 0.001279
25.768969 0.000952
25.773970 0.000299
25.778970 -0.000027
25.783971 -0.000553
25.788972 -0.001079
25.793973 -0.001477
25.798973 -0.002003
25.803974 -0.002401
25.808975 -0.002672
25.813976 -0.003269
25.818976 -0.003668
25.823977 -0.003938
25.828978 -0.004337
25.833979 -0.004409
25.838980 -0.004679
25.843980 -0.004879
25.848981 -0.005277
25.853982 -0.005150
25.858983 -0.005221
25.863983 -0.005094
25.868984 -0.005094
25.873985 -0.004640
25.878986 -0.004441
25.883986 -0.003788
25.888987 -0.003461
25.893988 -0.002936
25.898989 -0.002410
25.903990 -0.002084
25.908990 -0.001486
25.913991 -0.000961
25.918992 -0.000562
25.923993 -0.000037
25.928993 0.000561
25.933994 0.001086
25.938995 0.001485
25.943996 0.001684
25.948996 0.002210
25.953997 0.002608
25.958998 0.002680
25.963999 0.003078
25.969000 0.003404
25.974000 0.003604
25.979001 0.003875
25.984002 0.004074
25.989003 0.004074
25.994003 0.004273
25.999004 0.004345
26.004005 0.004544
26.009006 0.004416
26.014006 0.004616
26.019007 0.004488
26.024008 0.004361
26.029009 0.004361
26.034010 0.004034
26.039010 0.004034
26.044011 0.003708
26.049012 0.003580
26.054013 0.003381
26.059013 0.003182
26.064014 0.003055
26.069015 0.002856
26.074016 0.002656
26.079016 0.002457
26.084017 0.002585
26.089018 0.002385
26.094019 0.002385
26.099020 0.002186
26.104020 0.001987
26.109021 0.001987
26.114022 0.002115
26.119023 0.001788
26.124023 0.001915
26.129024 0.001788
26.134025 0.001589
26.139026 0.001462
26.144026 0.001462
26.149027 0.001135
26.154028 0.001135
26.159029 0.000880
26.164030 0.000753
26.169030 0.000626
26.174031 0.000426
26.179032 0.000172
26.184033 -0.000027
26.189033 -0.000155
26.194034 -0.000481
26.199035 -0.000609
26.204036 -0.000808
26.209037 -0.001134
26.214037 -0.001333
26.219038 -0.001660
26.224039 -0.001859
26.229040 -0.002257
26.234040 -0.002457
26.239041 -0.002982
26.244042 -0.003381
26.249043 -0.003580
26.254043 -0.003851
26.259044 -0.004050
26.264045 -0.004321
26.269046 -0.004520
26.274047 -0.004719
26.279047 -0.004791
26.284048 -0.004990
26.289049 -0.004863
26.294050 -0.004863
26.299050 -0.004863
26.304051 -0.004735
26.309052 -0.004536
26.314053 -0.004210
26.319053 -0.004210
26.324054 -0.003883
26.329055 -0.003557
26.334056 -0.003158
26.339057 -0.002832
26.344057 -0.002306
26.349058 -0.001780
26.354059 -0.001382
26.359060 -0.001056
26.364060 -0.000729
26.369061 -0.000331
26.374062 -0.000004
26.379063 0.000322
26.384063 0.000649
26.389064 0.000848
26.394065 0.000975
26.399066 0.000975
26.404067 0.000975
26.409067 0.000975
26.414068 0.001102
26.419069 0.001102
26.424070 0.001102
26.429070 0.000903
26.434071 0.000903
26.439072 0.001031
26.444073 0.001230
26.449073 0.001230
26.454074 0.001429
26.459075 0.001429
26.464076 0.001755
26.469077 0.001755
26.474077 0.001955
26.479078 0.001955
26.484079 0.002082
26.489080 0.002281
26.494080 0.002281
26.499081 0.002281
26.504082 0.002154
26.509083 0.002154
26.514083 0.001955
26.519084 0.001827
26.524085 0.001501
26.529086 0.001302
26.534087 0.001174
26.539087 0.000848
26.544088 0.000521
26.549089 0.000195
26.554090 -0.000132
26.559090 -0.000331
26.564091 -0.000586
26.569092 -0.000785
26.574093 -0.000912
26.579093 -0.001040
26.584094 -0.001366
26.589095 -0.001294
26.594096 -0.001422
26.599097 -0.001549
26.604097 -0.001676
26.609098 -0.001605
26.614099 -0.001605
26.619100 -0.001732
26.624100 -0.001660
26.629101 -0.001660
26.634102 -0.001660
26.639103 -0.001788
26.644104 -0.001788
26.649104 -0.001788
26.654105 -0.001788
26.659106 -0.001660
26.664107 -0.001533
26.669107 -0.001405
26.674108 -0.001151
26.679109 -0.001023
26.684110 -0.000968
26.689110 -0.000840
26.694111 -0.000387
26.699112 -0.000132
26.704113 -0.000076
26.709114 0.000378
26.714114 0.000505
26.719115 0.000959
26.724116 0.001214
26.729117 0.001667
26.734117 0.001795
26.739118 0.002249
26.744119 0.002575
26.749120 0.002902
26.754120 0.003228
26.759121 0.003555
26.764122 0.003953
26.769123 0.004279
26.774124 0.004479
26.779124 0.004678
26.784125 0.005076
26.789126 0.005275
26.794127 0.005474
26.799127 0.005546
26.804128 0.005546
26.809129 0.005618
26.814130 0.005490
26.819130 0.005363
26.824131 0.005236
26.829132 0.004782
26.834133 0.004655
26.839134 0.004201
26.844134 0.003747
26.849135 0.003293
26.854136 0.002839
26.859137 0.002385
26.864137 0.001732
26.869138 0.001278
26.874139 0.000697
26.879140 0.000044
26.884140 -0.000410
26.889141 -0.000736
26.894142 -0.001190
26.899143 -0.001716
26.904144 -0.002170
26.909144 -0.002568
26.914145 -0.002966
26.919146 -0.003293
26.924147 -0.003691
26.929147 -0.003890
26.934148 -0.004289
26.939149 -0.004488
26.944150 -0.004687
26.949150 -0.004886
26.954151 -0.004958
26.959152 -0.005030
26.964153 -0.005030
26.969154 -0.005229
26.974154 -0.005101
26.979155 -0.005101
26.984156 -0.004974
26.989157 -0.004974
26.994157 -0.004775
26.999158 -0.004448
27.004159 -0.004321
27.009160 -0.003994
27.014161 -0.003668
27.019161 -0.003142
27.024162 -0.002816
27.029163 -0.002617
27.034164 -0.002091
27.039164 -0.001765
27.044165 -0.001239
27.049166 -0.001040
27.054167 -0.000641
27.059167 -0.000116
27.064168 0.000083
27.069169 0.000609
27.074170 0.000808
27.079171 0.001007
27.084171 0.001334
27.089172 0.001533
27.094173 0.001859
27.099174 0.001859
27.104174 0.001987
27.109175 0.001987
27.114176 0.002114
27.119177 0.001915
27.124177 0.002042
27.129178 0.001843
27.134179 0.001771
27.139180 0.001572
27.144181 0.001174
27.149181 0.000975
27.154182 0.000776
27.159183 0.000577
27.164184 0.000377
27.169184 0.000178
27.174185 -0.000021
27.179186 -0.000021
27.184187 -0.000220
27.189187 -0.000220
27.194188 -0.000547
27.199189 -0.000547
27.204190 -0.000547
27.209191 -0.000547
27.214191 -0.000547
27.219192 -0.000547
27.224193 -0.000475
27.229194 -0.000148
27.234194 -0.000148
27.239195 0.000051
27.244196 0.000051
27.249197 0.000250
27.254197 0.000577
27.259198 0.000776
27.264199 0.000776
27.269200 0.001102
27.274201 0.001230
27.279201 0.001230
27.284202 0.001556
27.289203 0.001556
27.294204 0.001683
27.299204 0.001484
27.304205 0.001612
27.309206 0.001612
27.314207 0.001612
27.319207 0.001412
27.324208 0.001412
27.329209 0.001412
27.334210 0.001213
27.339211 0.001086
27.344211 0.000959
27.349212 0.000831
27.354213 0.000505
27.359214 0.000505
27.364214 0.000377
27.369215 0.000250
27.374216 -0.000005
27.379217 -0.000132
27.384217 -0.000259
27.389218 -0.000387
27.394219 -0.000514
27.399220 -0.000514
27.404221 -0.000642
27.409221 -0.000642
27.414222 -0.000570
27.419223 -0.000570
27.424224 -0.000697
27.429224 -0.000697
27.434225 -0.000625
27.439226 -0.000625
27.444227 -0.000625
27.449228 -0.000625
27.454228 -0.000426
27.459229 -0.000554
27.464230 -0.000554
27.469231 -0.000554
27.474231 -0.000681
27.479232 -0.000681
27.484233 -0.000681
27.489234 -0.000482
27.494234 -0.000609
27.499235 -0.000609
27.504236 -0.000609
27.509237 -0.000482
27.514238 -0.000283
27.519238 -0.000482
27.524239 -0.000354
27.529240 -0.000155
27.534241 -0.000028
27.539241 -0.000028
27.544242 -0.000028
27.549243 -0.000100
27.554244 0.000028
27.559244 0.000028
27.564245 -0.000044
27.569246 0.000083
27.574247 0.000011
27.579248 0.000011
27.584248 -0.000060
27.589249 0.000194
27.594250 -0.000005
27.599251 0.000122
27.604251 0.000250
27.609252 0.000377
27.614253 0.000505
27.619254 0.000632
27.624254 0.000759
27.629255 0.000958
27.634256 0.001086
27.639257 0.001285
27.644258 0.001285
27.649258 0.001484
27.654259 0.001683
27.659260 0.001882
27.664261 0.001882
27.669261 0.002082
27.674262 0.002153
27.679263 0.002026
27.684264 0.002098
27.689264 0.002098
27.694265 0.001970
27.699266 0.001843
27.704267 0.001716
27.709268 0.001389
27.714268 0.001262
27.719269 0.000935
27.724270 0.000609
27.729271 0.000282
27.734271 -0.000044
27.739272 -0.000371
27.744273 -0.000570
27.749274 -0.000769
27.754274 -0.001096
27.759275 -0.001494
27.764276 -0.001693
27.769277 -0.001892
27.774278 -0.001964
27.779278 -0.002290
27.784279 -0.002362
27.789280 -0.002362
27.794281 -0.002561
27.799281 -0.002434
27.804282 -0.002633
27.809283 -0.002506
27.814284 -0.002506
27.819285 -0.002378
27.824285 -0.002378
27.829286 -0.002052
27.834287 -0.002052
27.839288 -0.002052
27.844288 -0.001725
27.849289 -0.001598
27.854290 -0.001598
27.859291 -0.001399
27.864291 -0.001072
27.869292 -0.001072
27.874293 -0.000873
27.879294 -0.000873
27.884295 -0.000674
27.889295 -0.000674
27.894296 -0.000475
27.899297 -0.000602
27.904298 -0.000403
27.909298 -0.000204
27.914299 -0.000005
27.919300 -0.000132
27.924301 0.000067
27.929301 0.000139
27.934302 0.000338
27.939303 0.000537
27.944304 0.000736
27.949305 0.000808
27.954305 0.001007
27.959306 0.001333
27.964307 0.001533
27.969308 0.001732
27.974308 0.001931
27.979309 0.002257
27.984310 0.002457
27.989311 0.002457
27.994311 0.002783
27.999312 0.002783
28.004313 0.002783
28.009314 0.002783
28.014315 0.002783
28.019315 0.002783
28.024316 0.002457
28.029317 0.002257
28.034318 0.002257
28.039318 0.001931
28.044319 0.001604
28.049320 0.001405
28.054321 0.000880
28.059321 0.000553
28.064322 0.000354
28.069323 0.000027
28.074324 -0.000172
28.079325 -0.000570
28.084325 -0.000897
28.089326 -0.001096
28.094327 -0.001494
28.099328 -0.001821
28.104328 -0.002020
28.109329 -0.002219
28.114330 -0.002418
28.119331 -0.002418
28.124331 -0.002617
28.129332 -0.002490
28.134333 -0.002689
28.139334 -0.002689
28.144335 -0.002562
28.149335 -0.002434
28.154336 -0.002108
28.159337 -0.001980
28.164338 -0.001654
28.169338 -0.001526
28.174339 -0.001200
28.179340 -0.000873
28.184341 -0.000547
28.189341 -0.000420
28.194342 -0.000093
28.199343 0.000233
28.204344 0.000433
28.209345 0.000433
28.214345 0.000632
28.219346 0.000958
28.224347 0.000831
28.229348 0.001030
28.234348 0.001030
28.239349 0.000903
28.244350 0.001102
28.249351 0.001102
28.254352 0.000974
28.259352 0.000974
28.264353 0.001046
28.269354 0.000919
28.274355 0.000919
28.279355 0.000791
28.284356 0.000664
28.289357 0.000537
28.294358 0.000409
28.299358 0.000409
28.304359 0.000282
28.309360 -0.000044
28.314361 -0.000044
28.319362 -0.000172
28.324362 -0.000371
28.329363 -0.000498
28.334364 -0.000498
28.339365 -0.000825
28.344365 -0.000825
28.349366 -0.000952
28.354367 -0.001080
28.359368 -0.001080
28.364368 -0.001080
28.369369 -0.001080
28.374370 -0.001080
28.379371 -0.001008
28.384372 -0.000880
28.389372 -0.000880
28.394373 -0.000681
28.399374 -0.000681
28.404375 -0.000355
28.409375 -0.000355
28.414376 -0.000355
28.419377 -0.000028
28.424378 -0.000028
28.429378 -0.000028
28.434379 0.000099
28.439380 0.000099
28.444381 0.000226
28.449382 0.000354
28.454382 0.000354
28.459383 0.000481
28.464384 0.000409
28.469385 0.000409
28.474385 0.000537
28.479386 0.000465
28.484387 0.000266
28.489388 0.000393
28.494388 0.000321
28.499389 0.000449
28.504390 0.000250
28.509391 0.000178
28.514392 0.000106
28.519392 -0.000093
28.524393 -0.000165
28.529394 -0.000237
28.534395 -0.000436
28.539395 -0.000508
28.544396 -0.000380
28.549397 -0.000580
28.554398 -0.000651
28.559398 -0.000651
28.564399 -0.000723
28.569400 -0.000723
28.574401 -0.000723
28.579402 -0.000723
28.584402 -0.000723
28.589403 -0.000723
28.594404 -0.000524
28.599405 -0.000651
28.604405 -0.000452
28.609406 -0.000452
28.614407 -0.000380
28.619408 -0.000181
28.624409 -0.000309
28.629409 -0.000109
28.634410 -0.000038
28.639411 0.000034
28.644412 0.000233
28.649412 0.000305
28.654413 0.000377
28.659414 0.000249
28.664415 0.000321
28.669415 0.000393
28.674416 0.000465
28.679417 0.000337
28.684418 0.000409
28.689419 0.000282
28.694419 0.000481
28.699420 0.000354
28.704421 0.000553
28.709422 0.000425
28.714422 0.000298
28.719423 0.000497
28.724424 0.000370
28.729425 0.000370
28.734425 0.000370
28.739426 0.000242
28.744427 0.000242
28.749428 0.000242
28.754429 0.000242
28.759429 0.000115
28.764430 0.000242
28.769431 0.000242
28.774432 0.000370
28.779432 0.000171
28.784433 0.000171
28.789434 0.000298
28.794435 0.000298
28.799435 0.000298
28.804436 0.000425
28.809437 0.000425
28.814438 0.000425
28.819439 0.000553
28.824439 0.000553
28.829440 0.000553
28.834441 0.000680
28.839442 0.000680
28.844442 0.000879
28.849443 0.001007
28.854444 0.001007
28.859445 0.001007
28.864445 0.001134
28.869446 0.001333
28.874447 0.001134
28.879448 0.001134
28.884449 0.001134
28.889449 0.001134
28.894450 0.000935
28.899451 0.000935
28.904452 0.001062
28.909452 0.000863
28.914453 0.000664
28.919454 0.000664
28.924455 0.000465
28.929455 0.000592
28.934456 0.000393
28.939457 0.000321
28.944458 0.000448
28.949459 0.000249
28.954459 0.000377
28.959460 0.000178
28.964461 0.000305
28.969462 0.000305
28.974462 0.000432
28.979463 0.000432
28.984464 0.000432
28.989465 0.000432
28.994465 0.000432
28.999466 0.000432
29.004467 0.000631
29.009468 0.000631
29.014469 0.000504
29.019469 0.000504
29.024470 0.000576
29.029471 0.000576
29.034472 0.000448
29.039472 0.000520
29.044473 0.000393
29.049474 0.000266
29.054475 0.000266
29.059476 -0.000061
29.064476 -0.000188
29.069477 -0.000188
29.074478 -0.000316
29.079479 -0.000642
29.084479 -0.000969
29.089480 -0.000969
29.094481 -0.001295
29.099482 -0.001295
29.104482 -0.001622
29.109483 -0.001622
29.114484 -0.001821
29.119485 -0.002020
29.124486 -0.002147
29.129486 -0.002347
29.134487 -0.002347
29.139488 -0.002347
29.144489 -0.002347
29.149489 -0.002219
29.154490 -0.002219
29.159491 -0.002219
29.164492 -0.002020
29.169492 -0.001893
29.174493 -0.001893
29.179494 -0.001566
29.184495 -0.001439
29.189496 -0.001439
29.194496 -0.001312
29.199497 -0.000985
29.204498 -0.000985
29.209499 -0.000985
29.214499 -0.000659
29.219500 -0.000659
29.224501 -0.000659
29.229502 -0.000332
29.234502 -0.000332
29.239503 -0.000332
29.244504 -0.000133
29.249505 0.000066
29.254506 0.000066
29.259506 0.000265
29.264507 0.000265
29.269508 0.000465
29.274509 0.000664
29.279509 0.000664
29.284510 0.000863
29.289511 0.000863
29.294512 0.000935
29.299512 0.000935
29.304513 0.000935
29.309514 0.001134
29.314515 0.001134
29.319516 0.001134
29.324516 0.001134
29.329517 0.001333
29.334518 0.001333
29.339519 0.001333
29.344519 0.001333
29.349520 0.001532
29.354521 0.001659
29.359522 0.001659
29.364522 0.001659
29.369523 0.001787
29.374524 0.001787
29.379525 0.001787
29.384526 0.001715
29.389526 0.001715
29.394527 0.001715
29.399528 0.001516
29.404529 0.001516
29.409529 0.001317
29.414530 0.001118
29.419531 0.001118
29.424532 0.000791
29.429533 0.000791
29.434533 0.000592
29.439534 0.000464
29.444535 0.000265
29.449536 0.000265
29.454536 0.000066
29.459537 -0.000061
29.464538 -0.000260
29.469539 -0.000260
29.474539 -0.000260
29.479540 -0.000459
29.484541 -0.000459
29.489542 -0.000659
29.494543 -0.000659
29.499543 -0.000858
29.504544 -0.000858
29.509545 -0.000930
29.514546 -0.001057
29.519546 -0.000930
29.524547 -0.001129
29.529548 -0.001001
29.534549 -0.001001
29.539549 -0.001001
29.544550 -0.000874
29.549551 -0.000675
29.554552 -0.000675
29.559553 -0.000476
29.564553 -0.000348
29.569554 -0.000149
29.574555 0.000050
29.579556 0.000050
29.584556 0.000376
29.589557 0.000448
29.594558 0.000647
29.599559 0.000847
29.604559 0.001046
29.609560 0.001245
29.614561 0.001444
29.619562 0.001643
29.624563 0.001643
29.629563 0.001842
29.634564 0.001715
29.639565 0.001914
29.644566 0.001914
29.649566 0.001787
29.654567 0.001787
29.659568 0.001787
29.664569 0.001659
29.669569 0.001460
29.674570 0.001134
29.679571 0.001134
29.684572 0.000807
29.689573 0.000608
29.694573 0.000281
29.699574 -0.000045
29.704575 -0.000372
29.709576 -0.000571
29.714576 -0.000897
29.719577 -0.001224
29.724578 -0.001550
29.729579 -0.001877
29.734579 -0.002076
29.739580 -0.002203
29.744581 -0.002402
29.749582 -0.002402
29.754583 -0.002474
29.759583 -0.002474
29.764584 -0.002474
29.769585 -0.002474
29.774586 -0.002347
29.779586 -0.002546
29.784587 -0.002219
29.789588 -0.002219
29.794589 -0.002092
29.799589 -0.002092
29.804590 -0.001766
29.809591 -0.001766
29.814592 -0.001439
29.819593 -0.001439
29.824593 -0.001113
29.829594 -0.000786
29.834595 -0.000659
29.839596 -0.000460
29.844596 -0.000133
29.849597 -0.000133
29.854598 0.000193
29.859599 0.000520
29.864600 0.000719
29.869600 0.001046
29.874601 0.001173
29.879602 0.001372
29.884603 0.001699
29.889603 0.001699
29.894604 0.001898
29.899605 0.002025
29.904606 0.002025
29.909606 0.002152
29.914607 0.001953
29.919608 0.001953
29.924609 0.001953
29.929610 0.001881
29.934610 0.001754
29.939611 0.001555
29.944612 0.001555
29.949613 0.001555
29.954613 0.001356
29.959614 0.001029
29.964615 0.001029
29.969616 0.000830
29.974616 0.000830
29.979617 0.000631
29.984618 0.000504
29.989619 0.000304
29.994620 0.000304
29.999620 0.000304
30.004621 0.000105
30.009622 -0.000022
30.014623 -0.000221
30.019623 -0.000221
30.024624 -0.000349
30.029625 -0.000349
30.034626 -0.000476
30.039626 -0.000603
30.044627 -0.000603
30.049628 -0.000930
30.054629 -0.000858
30.059630 -0.000985
30.064630 -0.000985
30.069631 -0.001113
30.074632 -0.001240
30.079633 -0.001367
30.084633 -0.001367
30.089634 -0.001495
30.094635 -0.001622
30.099636 -0.001622
30.104636 -0.001750
30.109637 -0.001550
30.114638 -0.001550
30.119639 -0.001550
30.124640 -0.001550
30.129640 -0.001550
30.134641 -0.001550
30.139642 -0.001550
30.144643 -0.001550
30.149643 -0.001550
30.154644 -0.001550
30.159645 -0.001550
30.164646 -0.001224
30.169646 -0.001224
30.174647 -0.001224
30.179648 -0.000969
30.184649 -0.000969
30.189650 -0.000842
30.194650 -0.000714
30.199651 -0.000587
30.204652 -0.000460
30.209653 -0.000332
30.214653 -0.000404
30.219654 -0.000404
30.224655 -0.000277
30.229656 -0.000277
30.234657 -0.000149
30.239657 -0.000149
30.244658 -0.000149
30.249659 -0.000149
30.254660 -0.000149
30.259660 -0.000149
30.264661 -0.000277
30.269662 -0.000078
30.274663 -0.000078
30.279663 0.000121
30.284664 0.000193
30.289665 0.000392
30.294666 0.000464
30.299667 0.000663
30.304667 0.000663
30.309668 0.000735
30.314669 0.001133
30.319670 0.001333
30.324670 0.001333
30.329671 0.001404
30.334672 0.001603
30.339673 0.001803
30.344673 0.001803
30.349674 0.002002
30.354675 0.002002
30.359676 0.002002
30.364677 0.002002
30.369677 0.002002
30.374678 0.002002
30.379679 0.002002
30.384680 0.001803
30.389680 0.001803
30.394681 0.001803
30.399682 0.001603
30.404683 0.001603
30.409683 0.001603
30.414684 0.001404
30.419685 0.001404
30.424686 0.001205
30.429687 0.001205
30.434687 0.001205
30.439688 0.001006
30.444689 0.001006
30.449690 0.000807
30.454690 0.000807
30.459691 0.000608
30.464692 0.000608
30.469693 0.000409
30.474693 0.000209
30.479694 0.000209
30.484695 0.000010
30.489696 -0.000189
30.494697 -0.000515
30.499697 -0.000587
30.504698 -0.000914
30.509699 -0.000786
30.514700 -0.000986
30.519700 -0.001185
30.524701 -0.001384
30.529702 -0.001384
30.534703 -0.001583
30.539703 -0.001782
30.544704 -0.001981
30.549705 -0.001981
30.554706 -0.002180
30.559707 -0.002180
30.564707 -0.002308
30.569708 -0.002507
30.574709 -0.002507
30.579710 -0.002507
30.584710 -0.002634
30.589711 -0.002435
30.594712 -0.002435
30.599713 -0.002435
30.604713 -0.002308
30.609714 -0.002109
30.614715 -0.002109
30.619716 -0.002109
30.624717 -0.001910
30.629717 -0.001583
30.634718 -0.001384
30.639719 -0.001384
30.644720 -0.001057
30.649720 -0.000858
30.654721 -0.000659
30.659722 -0.000460
30.664723 -0.000460
30.669724 -0.000261
30.674724 0.000066
30.679725 0.000265
30.684726 0.000265
30.689727 0.000464
30.694727 0.000464
30.699728 0.000791
30.704729 0.000791
30.709730 0.000791
30.714730 0.000990
30.719731 0.001117
30.724732 0.001117
30.729733 0.001244
30.734734 0.001045
30.739734 0.001045
30.744735 0.001045
30.749736 0.001045
30.754737 0.001045
30.759737 0.000973
30.764738 0.000846
30.769739 0.000846
30.774740 0.000846
30.779740 0.000647
30.784741 0.000846
30.789742 0.000647
30.794743 0.000647
30.799744 0.000647
30.804744 0.000520
30.809745 0.000520
30.814746 0.000520
30.819747 0.000320
30.824747 0.000320
30.829748 0.000520
30.834749 0.000520
30.839750 0.000392
30.844750 0.000392
30.849751 0.000392
30.854752 0.000392
30.859753 0.000392
30.864754 0.000392
30.869754 0.000392
30.874755 0.000464
30.879756 0.000464
30.884757 0.000464
30.889757 0.000464
30.894758 0.000464
30.899759 0.000464
30.904760 0.000337
30.909760 0.000337
30.914761 0.000337
30.919762 0.000337
30.924763 0.000137
30.929764 0.000010
30.934764 0.000010
30.939765 0.000010
30.944766 -0.000189
30.949767 -0.000189
30.954767 -0.000189
30.959768 -0.000261
30.964769 -0.000261
30.969770 -0.000261
30.974770 -0.000333
30.979771 -0.000333
30.984772 -0.000205
30.989773 -0.000205
30.994774 -0.000078
30.999774 -0.000078
31.004775 -0.000078
31.009776 0.000049
31.014777 0.000049
31.019777 0.000049
31.024778 0.000049
31.029779 0.000249
31.034780 0.000249
31.039780 0.000249
31.044781 0.000448
31.049782 0.000448
31.054783 0.000448
31.059784 0.000519
31.064784 0.000519
31.069785 0.000591
31.074786 0.000591
31.079787 0.000790
31.084787 0.000663
31.089788 0.000663
31.094789 0.000536
31.099790 0.000536
31.104791 0.000607
31.109791 0.000607
31.114792 0.000607
31.119793 0.000480
31.124794 0.000480
31.129794 0.000480
31.134795 0.000480
31.139796 0.000679
31.144797 0.000480
31.149797 0.000480
31.154798 0.000480
31.159799 0.000480
31.164800 0.000281
31.169801 0.000281
31.174801 0.000082
31.179802 0.000082
31.184803 0.000082
31.189804 -0.000117
31.194804 -0.000117
31.199805 -0.000117
31.204806 -0.000117
31.209807 -0.000317
31.214807 -0.000317
31.219808 -0.000317
31.224809 -0.000317
31.229810 -0.000317
31.234811 -0.000317
31.239811 -0.000643
31.244812 -0.000317
31.249813 -0.000317
31.254814 -0.000643
31.259814 -0.000643
31.264815 -0.000643
31.269816 -0.000643
31.274817 -0.000842
31.279817 -0.000842
31.284818 -0.000842
31.289819 -0.000970
31.294820 -0.001169
31.299821 -0.001041
31.304821 -0.001041
31.309822 -0.001041
31.314823 -0.000914
31.319824 -0.001113
31.324824 -0.001113
31.329825 -0.000986
31.334826 -0.000986
31.339827 -0.000986
31.344827 -0.000986
31.349828 -0.000858
31.354829 -0.001058
31.359830 -0.001185
31.364831 -0.001058
31.369831 -0.001058
31.374832 -0.001185
31.379833 -0.001185
31.384834 -0.001512
31.389834 -0.001312
31.394835 -0.001312
31.399836 -0.001312
31.404837 -0.001113
31.409837 -0.001113
31.414838 -0.000914
31.419839 -0.000914
31.424840 -0.000588
31.429841 -0.000388
31.434841 -0.000388
31.439842 -0.000388
31.444843 -0.000062
31.449844 0.000137
31.454844 0.000137
31.459845 0.000464
31.464846 0.000464
31.469847 0.000591
31.474848 0.000591
31.479848 0.000790
31.484849 0.000790
31.489850 0.001117
31.494851 0.001117
31.499851 0.001117
31.504852 0.001117
31.509853 0.001244
31.514854 0.001443
31.519854 0.001443
31.524855 0.001443
31.529856 0.001571
31.534857 0.001443
31.539858 0.001571
31.544858 0.001571
31.549859 0.001571
31.554860 0.001571
31.559861 0.001571
31.564861 0.001571
31.569862 0.001443
31.574863 0.001443
31.579864 0.001443
31.584864 0.001316
31.589865 0.001316
31.594866 0.001316
31.599867 0.001188
31.604868 0.001188
31.609868 0.001061
31.614869 0.001061
31.619870 0.001061
31.624871 0.001061
31.629871 0.000934
31.634872 0.000934
31.639873 0.000934
31.644874 0.000934
31.649874 0.000934
31.654875 0.000934
31.659876 0.000607
31.664877 0.000607
31.669878 0.000607
31.674878 0.000735
31.679879 0.000735
31.684880 0.000735
31.689881 0.000735
31.694881 0.000535
31.699882 0.000663
31.704883 0.000663
31.709884 0.000663
31.714884 0.000464
31.719885 0.000392
31.724886 0.000392
31.729887 0.000392
31.734888 0.000193
31.739888 0.000193
31.744889 0.000121
31.749890 -0.000078
31.754891 -0.000078
31.759891 -0.000078
31.764892 -0.000277
31.769893 -0.000477
31.774894 -0.000676
31.779894 -0.000676
31.784895 -0.000748
31.789896 -0.000748
31.794897 -0.000748
31.799898 -0.000947
31.804898 -0.000947
31.809899 -0.000947
31.814900 -0.000947
31.819901 -0.001074
31.824901 -0.001074
31.829902 -0.001074
31.834903 -0.001074
31.839904 -0.001201
31.844904 -0.001201
31.849905 -0.001130
31.854906 -0.001130
31.859907 -0.001257
31.864908 -0.001257
31.869908 -0.001185
31.874909 -0.001185
31.879910 -0.001113
31.884911 -0.001113
31.889911 -0.001113
31.894912 -0.000914
31.899913 -0.000715
31.904914 -0.000715
31.909915 -0.000715
31.914915 -0.000516
31.919916 -0.000516
31.924917 -0.000317
31.929918 -0.000317
31.934918 -0.000317
31.939919 -0.000317
31.944920 -0.000317
31.949921 -0.000190
31.954921 0.000010
31.959922 -0.000317
31.964923 -0.000190
31.969924 -0.000190
31.974925 -0.000317
31.979925 -0.000317
31.984926 -0.000317
31.989927 -0.000516
31.994928 -0.000516
31.999928 -0.000516
32.004929 -0.000516
32.009930 -0.000516
32.014931 -0.000516
32.019931 -0.000715
32.024932 -0.000516
32.029933 -0.000516
32.034934 -0.000516
32.039935 -0.000516
32.044935 -0.000516
32.049936 -0.000516
32.054937 -0.000516
32.059938 -0.000516
32.064938 -0.000516
32.069939 -0.000516
32.074940 -0.000516
32.079941 -0.000516
32.084941 -0.000317
32.089942 -0.000190
32.094943 -0.000190
32.099944 -0.000190
32.104945 -0.000190
32.109945 -0.000062
32.114946 -0.000062
32.119947 0.000065
32.124948 0.000065
32.129948 0.000392
32.134949 0.000392
32.139950 0.000392
32.144951 0.000392
32.149951 0.000392
32.154952 0.000392
32.159953 0.000392
32.164954 0.000392
32.169955 0.000392
32.174955 0.000392
32.179956 0.000392
32.184957 0.000264
32.189958 0.000463
32.194958 0.000336
32.199959 0.000336
32.204960 0.000209
32.209961 0.000408
32.214961 0.000280
32.219962 0.000280
32.224963 0.000280
32.229964 0.000480
32.234965 0.000352
32.239965 0.000352
32.244966 0.000352
32.249967 0.000551
32.254968 0.000551
32.259968 0.000551
32.264969 0.000551
32.269970 0.000551
32.274971 0.000551
32.279972 0.000551
32.284972 0.000551
32.289973 0.000551
32.294974 0.000551
32.299975 0.000551
32.304975 0.000679
32.309976 0.000679
32.314977 0.000679
32.319978 0.000480
32.324978 0.000480
32.329979 0.000607
32.334980 0.000607
32.339981 0.000607
32.344982 0.000607
32.349982 0.000535
32.354983 0.000535
32.359984 0.000535
32.364985 0.000535
32.369985 0.000662
32.374986 0.000535
32.379987 0.000535
32.384988 0.000463
32.389988 0.000463
32.394989 0.000463
32.399990 0.000463
32.404991 0.000264
32.409992 0.000264
32.414992 0.000264
32.419993 0.000065
32.424994 0.000065
32.429995 -0.000007
32.434995 -0.000134
32.439996 -0.000333
32.444997 -0.000333
32.449998 -0.000405
32.454998 -0.000532
32.459999 -0.000732
32.465000 -0.000732
0.000000 0.000000
0.005001 -0.002524
0.010002 -0.001082
0.015003 0.002993
0.020004 0.001071
0.025005 -0.001803
0.030006 -0.001884
0.035007 0.003351
0.040008 -0.000469
0.045009 -0.002014
0.050010 0.001975
0.055011 0.000746
0.060012 -0.001270
0.065013 -0.001640
0.070014 0.002385
0.075015 0.000311
0.080016 -0.001314
0.085017 -0.000427
0.090018 -0.000498
0.095019 0.002332
0.100020 -0.000040
0.105021 -0.001964
0.110022 -0.000468
0.115023 0.002325
0.120024 -0.001018
0.125025 -0.002440
0.130026 0.001644
0.135027 0.000111
0.140028 0.000581
0.145029 -0.002652
0.150030 -0.000095
0.155031 0.003200
0.160032 -0.002428
0.165033 -0.001843
0.170034 0.002209
0.175035 0.001609
0.180036 -0.001535
0.185037 0.000071
0.190038 -0.001449
0.195039 0.002597
0.200040 0.001614
0.205041 -0.004315
0.210042 0.002672
0.215043 0.001158
0.220044 -0.001184
0.225045 -0.001348
0.230046 -0.000394
0.235047 0.003511
0.240048 -0.000891
0.245049 -0.002789
0.250050 0.001264
0.255051 0.002162
0.260052 -0.001530
0.265053 -0.001887
0.270054 0.001284
0.275055 0.000929
0.280056 0.000426
0.285057 -0.000708
0.290058 -0.003309
0.295059 0.003599
0.300060 0.001055
0.305061 -0.005063
0.310062 0.003435
0.315063 0.000745
0.320064 -0.001794
0.325065 0.000223
0.330066 -0.000113
0.335067 0.001552
0.340068 -0.000141
0.345069 -0.000858
0.350070 -0.001354
0.355071 0.001940
0.360072 0.000360
0.365073 -0.002022
0.370074 0.001270
0.375075 -0.000486
0.380076 -0.000055
0.385077 -0.001162
0.390078 0.000890
0.395079 0.001812
0.400080 -0.002791
0.405081 0.001180
0.410082 0.000295
0.415083 -0.000234
0.420084 0.000434
0.425085 -0.001908
0.430086 0.001013
0.435087 0.000815
0.440088 -0.000129
0.445089 -0.000328
0.450090 -0.000837
0.455091 0.000475
0.460092 0.000076
0.465093 -0.001502
0.470094 0.000752
0.475095 0.001849
0.480096 -0.000485
0.485097 -0.002888
0.490098 -0.000103
0.495099 0.003971
0.500100 -0.002019
0.505101 -0.002360
0.510102 0.002016
0.515103 0.001174
0.520104 -0.000244
0.525105 -0.002397
0.530106 0.000012
0.535107 0.002168
0.540108 0.000322
0.545109 -0.003532
0.550110 0.000364
0.555111 0.004022
0.560112 -0.002226
0.565113 -0.000773
0.570114 -0.000634
0.575115 0.001243
0.580116 -0.000176
0.585117 -0.003408
0.590118 0.002805
0.595119 -0.000085
0.600120 0.000393
0.605121 -0.001735
0.610122 -0.000867
0.615123 0.003785
0.620124 -0.001445
0.625125 -0.001949
0.630126 -0.000918
0.635127 0.002529
0.640128 -0.001026
0.645129 -0.002046
0.650130 0.001207
0.655131 0.000404
0.660132 0.000536
0.665133 -0.002293
0.670134 0.001082
0.675135 0.000705
0.680136 -0.000547
0.685137 -0.000508
0.690138 -0.001544
0.695139 0.002444
0.700140 0.000068
0.705141 -0.004025
0.710142 0.000704
0.715143 0.003485
0.720144 -0.001944
0.725145 -0.002659
0.730146 0.000603
0.735147 0.002218
0.740148 -0.001497
0.745149 -0.003237
0.750150 0.002021
0.755151 0.001761
0.760152 -0.002272
0.765153 -0.001153
0.770154 0.002369
0.775155 -0.000681
0.780156 -0.000905
0.785157 0.000315
0.790158 -0.001289
0.795159 0.001924
0.800160 -0.000214
0.805161 -0.001392
0.810162 0.001746
0.815163 -0.000355
0.820164 -0.001333
0.825165 -0.000862
0.830166 0.000770
0.835167 0.002515
0.840168 -0.002208
0.845169 -0.002174
0.850170 0.001951
0.855171 0.000367
0.860172 0.000259
0.865173 -0.002403
0.870174 -0.000655
0.875175 0.002862
0.880176 -0.001619
0.885177 -0.001489
0.890178 0.001311
0.895179 0.000330
0.900180 -0.001672
0.905181 0.000173
0.910182 -0.000259
0.915183 0.001493
0.920184 0.000016
0.925185 -0.003427
0.930186 0.003019
0.935187 0.000149
0.940188 -0.001597
0.945189 0.000308
0.950190 -0.000797
0.955191 0.001382
0.960192 -0.000027
0.965193 -0.002821
0.970194 0.000623
0.975195 0.003150
0.980196 -0.003266
0.985197 -0.000967
0.990198 0.001837
0.995199 0.000145
1.000200 -0.000082
1.005201 -0.002346
1.010202 0.000914
1.015203 0.001547
1.020204 0.000335
1.025205 -0.002416
1.030206 -0.000855
1.035207 0.002641
1.040208 -0.001513
1.045209 -0.000448
1.050210 0.000052
1.055211 -0.000046
1.060212 0.000801
1.065213 -0.001513
1.070214 -0.000333
1.075215 0.001085
1.080216 0.000089
1.085217 -0.001537
1.090218 -0.000749
1.095219 0.002327
1.100220 0.000305
1.105221 -0.003288
1.110222 0.001226
1.115223 0.002080
1.120224 -0.002079
1.125225 0.000465
1.130226 -0.000645
1.135228 0.000965
1.140229 0.001442
1.145230 -0.003522
1.150231 0.001947
1.155232 0.002109
1.160233 -0.001003
1.165234 -0.001760
1.170235 0.000076
1.175236 0.003960
1.180237 -0.000419
1.185238 -0.002277
1.190239 -0.000290
1.195240 0.003471
1.200241 -0.000895
1.205242 -0.003610
1.210243 0.003880
1.215244 -0.000136
1.220245 -0.001479
1.225246 -0.000012
1.230247 -0.000182
1.235248 0.001886
1.240249 -0.002048
1.245250 -0.000930
1.250251 0.001062
1.255252 0.001108
1.260253 0.000457
1.265254 -0.002357
1.270255 0.000231
1.275256 0.001593
1.280257 -0.001058
1.285258 -0.000980
1.290259 -0.000072
1.295260 0.002378
1.300261 0.001554
1.305262 -0.003955
1.310263 0.001341
1.315264 0.002110
1.320265 -0.001737
1.325266 -0.000616
1.330267 -0.001222
1.335268 0.003447
1.340269 -0.001456
1.345270 -0.001266
1.350271 0.002298
1.355272 -0.001471
1.360273 0.000688
1.365274 -0.002479
1.370275 0.002429
1.375276 0.001875
1.380277 -0.002403
1.385278 0.000197
1.390279 -0.001632
1.395280 0.002603
1.400281 -0.001640
1.405282 -0.002226
1.410283 0.002469
1.415284 0.000862
1.420285 -0.000148
1.425286 -0.003656
1.430287 0.001805
1.435288 0.002031
1.440289 -0.002321
1.445290 0.000043
1.450291 0.000169
1.455292 0.000873
1.460293 -0.000898
1.465294 -0.000777
1.470295 -0.000011
1.475296 0.001656
1.480297 0.000232
1.485298 -0.003721
1.490299 0.001507
1.495300 0.002500
1.500301 -0.001855
1.505302 -0.003697
1.510303 0.003096
1.515304 0.002544
1.520305 -0.003068
1.525306 0.001219
1.530307 -0.001520
1.535308 0.001478
1.540309 0.002092
1.545310 -0.004477
1.550311 0.000890
1.555312 0.003464
1.560313 -0.000712
1.565314 -0.002340
1.570315 0.000361
1.575316 0.003208
1.580317 -0.000699
1.585318 -0.001303
1.590319 0.001076
1.595320 0.000643
1.600321 0.000257
1.605322 -0.003110
1.610323 0.002309
1.615324 0.002527
1.620325 -0.003144
1.625326 -0.000427
1.630327 0.001333
1.635328 0.001831
1.640329 -0.001164
1.645330 -0.000412
1.650331 0.000267
1.655332 0.001969
1.660333 -0.000707
1.665334 -0.003691
1.670335 0.003438
1.675336 0.001516
1.680337 -0.001593
1.685338 -0.001559
1.690339 0.002151
1.695340 0.001146
1.700341 -0.003200
1.705342 0.000964
1.710343 0.000222
1.715344 0.002013
1.720345 -0.000463
1.725346 -0.003177
1.730347 0.003028
1.735348 0.000673
1.740349 -0.000627
1.745350 -0.001396
1.750351 0.000463
1.755352 0.002696
1.760353 -0.002567
1.765354 -0.000686
1.770355 0.000200
1.775356 0.001543
1.780357 0.000060
1.785358 -0.002994
1.790359 0.002343
1.795360 -0.000214
1.800361 -0.001924
1.805362 0.000546
1.810363 -0.000724
1.815364 0.001809
1.820365 0.000074
1.825366 -0.003789
1.830367 0.002017
1.835368 0.001946
1.840369 -0.001327
1.845370 -0.000993
1.850371 -0.000918
1.855372 0.003221
1.860373 -0.001336
1.865374 -0.002084
1.870375 0.001810
1.875376 0.000401
1.880377 -0.000052
1.885378 -0.002451
1.890379 0.001778
1.895380 0.001812
1.900381 -0.001181
1.905382 -0.002019
1.910383 0.000378
1.915384 0.002795
1.920385 -0.002651
1.925386 0.000082
1.930387 0.000931
1.935388 0.001254
1.940389 -0.000464
1.945390 -0.002617
1.950391 0.002816
1.955392 -0.000027
1.960393 -0.000002
1.965394 -0.000766
1.970395 -0.000791
1.975396 0.003302
1.980397 -0.001069
1.985398 -0.001796
1.990399 0.001748
1.995400 0.000809
2.000401 -0.000914
2.005402 -0.001340
2.010403 0.000911
2.015404 0.002459
2.020405 -0.001981
2.025406 -0.001393
2.030407 0.001674
2.035408 0.000419
2.040409 0.000020
2.045410 -0.000951
2.050411 0.000282
2.055412 0.001216
2.060413 -0.000963
2.065414 -0.001565
2.070415 0.000835
2.075416 0.002352
2.080417 -0.000181
2.085418 -0.003278
2.090419 -0.000133
2.095420 0.003296
2.100421 -0.001712
2.105422 -0.001783
2.110423 0.001973
2.115424 0.000749
2.120425 -0.000938
2.125426 -0.001090
2.130427 -0.000419
2.135428 0.000865
2.140429 0.000819
2.145430 -0.002471
2.150431 0.000778
2.155432 0.001683
2.160433 -0.001471
2.165434 -0.000082
2.170435 0.000138
2.175436 0.001292
2.180437 -0.001020
2.185438 -0.000862
2.190439 0.000487
2.195440 0.000239
2.200441 0.000677
2.205442 -0.001341
2.210443 -0.000204
2.215444 -0.000461
2.220445 0.000893
2.225446 -0.000537
2.230447 0.000063
2.235448 0.002259
2.240449 -0.001957
2.245450 -0.001247
2.250451 -0.000895
2.255452 0.001387
2.260453 0.000559
2.265454 -0.002128
2.270455 0.000351
2.275456 0.001704
2.280457 -0.001578
2.285458 -0.001204
2.290459 0.001642
2.295460 -0.000752
2.300461 0.001056
2.305462 -0.001944
2.310463 -0.000158
2.315464 0.002647
2.320465 -0.001856
2.325466 -0.001184
2.330467 0.000870
2.335468 0.001711
2.340469 -0.000908
2.345470 -0.000078
2.350471 -0.000068
2.355472 -0.000741
2.360473 -0.000382
2.365474 0.001030
2.370475 0.000733
2.375476 -0.001483
2.380477 0.000910
2.385478 -0.003110
2.390479 0.000946
2.395480 0.003339
2.400481 -0.003689
2.405482 -0.000093
2.410483 0.000388
2.415484 0.001730
2.420485 -0.001316
2.425486 -0.002491
2.430487 0.002730
2.435488 -0.000142
2.440489 0.000267
2.445490 -0.001341
2.450491 0.000231
2.455492 0.001970
2.460493 -0.001846
2.465494 -0.000672
2.470495 0.000388
2.475496 0.000698
2.480497 0.000798
2.485498 -0.002342
2.490499 0.000673
2.495500 0.001460
2.500501 -0.001632
2.505502 0.000528
2.510503 -0.000675
2.515504 0.002214
2.520505 -0.002267
2.525506 -0.002928
2.530507 0.002303
2.535508 -0.000251
2.540509 0.000119
2.545510 -0.003621
2.550511 0.002007
2.555512 0.002204
2.560513 -0.003213
2.565514 0.000784
2.570515 -0.001086
2.575516 -0.000072
2.580517 0.000766
2.585518 -0.002009
2.590519 -0.000543
2.595520 0.001657
2.600521 0.000004
2.605522 -0.001871
2.610523 -0.000291
2.615524 0.001906
2.620525 -0.000368
2.625526 -0.003419
2.630527 0.001300
2.635528 0.002309
2.640529 -0.002847
2.645530 -0.000743
2.650531 0.002149
2.655532 -0.000094
2.660533 -0.000085
2.665534 -0.001181
2.670535 -0.000899
2.675536 0.002998
2.680537 -0.001408
2.685538 -0.001221
2.690539 -0.000043
2.695540 0.000399
2.700541 0.001945
2.705542 -0.004443
2.710543 0.001526
2.715544 0.001565
2.720545 -0.001111
2.725546 -0.000331
2.730547 -0.001015
2.735548 0.003038
2.740549 -0.002355
2.745550 -0.000463
2.750551 0.000936
2.755552 0.001310
2.760553 0.000080
2.765554 -0.002191
2.770555 0.002399
2.775556 -0.000290
2.780557 -0.000209
2.785558 -0.000877
2.790559 -0.000511
2.795560 0.002795
2.800561 -0.002019
2.805562 -0.003354
2.810563 0.004176
2.815564 0.001589
2.820565 -0.003636
2.825566 -0.000231
2.830567 0.000514
2.835568 0.001318
2.840569 -0.001892
2.845570 -0.000586
2.850571 0.002078
2.855572 -0.000811
2.860573 -0.000353
2.865574 -0.001987
2.870575 0.001068
2.875576 0.001687
2.880577 -0.002104
2.885578 -0.001515
2.890579 0.000335
2.895580 0.000473
2.900581 -0.000779
2.905582 -0.000933
2.910583 0.000350
2.915584 0.001650
2.920585 -0.002316
2.925586 -0.000120
2.930587 0.000025
2.935588 -0.000249
2.940589 0.000273
2.945590 -0.003162
2.950591 0.002722
2.955592 -0.000132
2.960593 -0.000918
2.965594 -0.001069
2.970595 -0.001424
2.975596 0.004268
2.980597 -0.002738
2.985598 -0.002559
2.990599 0.003640
2.995600 0.001236
3.000601 -0.003456
3.005602 -0.001494
3.010603 0.001832
3.015604 0.001758
3.020605 -0.000050
3.025606 -0.003423
3.030607 0.001339
3.035608 0.001898
3.040609 -0.002162
3.045610 -0.001045
3.050611 0.001177
3.055612 0.000294
3.060613 -0.001569
3.065614 -0.000289
3.070615 -0.000187
3.075616 0.000280
3.080617 0.000670
3.085618 -0.000485
3.090619 -0.001240
3.095620 0.002026
3.100621 -0.000705
3.105622 -0.002793
3.110623 0.002857
3.115624 0.001121
3.120625 -0.002031
3.125626 -0.000596
3.130627 0.002154
3.135628 -0.001376
3.140629 -0.001062
3.145630 0.000734
3.150631 -0.000377
3.155632 0.002485
3.160633 -0.001791
3.165634 -0.001937
3.170635 0.002520
3.175636 0.000779
3.180637 -0.002015
3.185638 -0.000133
3.190639 0.001158
3.195640 -0.000310
3.200641 -0.000132
3.205642 -0.001520
3.210643 0.001136
3.215644 0.001557
3.220645 -0.002118
3.225646 -0.001009
3.230647 0.001040
3.235648 0.000800
3.240649 -0.001319
3.245650 -0.000332
3.250651 0.000998
3.255652 -0.000348
3.260653 0.000378
3.265654 -0.001251
3.270655 -0.000352
3.275656 0.001853
3.280657 -0.002486
3.285658 -0.000076
3.290659 0.000459
3.295660 -0.000291
3.300661 0.000331
3.305662 -0.003275
3.310663 0.001479
3.315664 0.001210
3.320665 -0.002483
3.325666 -0.001371
3.330667 0.002053
3.335668 -0.001094
3.340669 -0.001926
3.345670 0.001710
3.350671 -0.001977
3.355672 0.001926
3.360673 -0.001704
3.365674 -0.001207
3.370675 0.001536
3.375676 0.000051
3.380677 0.001078
3.385678 -0.003754
3.390679 0.001976
3.395680 0.001482
3.400681 -0.002393
3.405683 -0.000698
3.410684 0.001752
3.415685 0.001346
3.420686 -0.002238
3.425687 -0.000321
3.430688 0.000057
3.435689 0.001932
3.440690 -0.001214
3.445691 -0.002462
3.450692 0.002114
3.455693 0.001741
3.460694 -0.001319
3.465695 -0.002613
3.470696 0.002932
3.475697 0.000799
3.480698 -0.003211
3.485699 0.000416
3.490700 0.000407
3.495701 0.000273
3.500702 0.000253
3.505703 -0.000925
3.510704 -0.001386
3.515705 0.001298
3.520706 0.000466
3.525707 -0.001691
3.530708 0.000900
3.535709 -0.000172
3.540710 0.000213
3.545711 -0.000770
3.550712 -0.000375
3.555713 0.001006
3.560714 -0.000934
3.565715 -0.002406
3.570716 0.000713
3.575717 0.004888
3.580718 -0.004344
3.585719 -0.000826
3.590720 0.002745
3.595721 -0.002144
3.600722 0.001453
3.605723 -0.003145
3.610724 0.002111
3.615725 0.002501
3.620726 -0.004513
3.625727 0.000297
3.630728 0.000834
3.635729 0.000895
3.640730 -0.001571
3.645731 -0.001723
3.650732 0.002220
3.655733 0.000096
3.660734 -0.000876
3.665735 -0.001326
3.670736 0.000362
3.675737 0.002018
3.680738 -0.002195
3.685739 -0.001382
3.690740 0.000724
3.695741 0.001807
3.700742 -0.000145
3.705743 -0.002756
3.710744 0.001619
3.715745 0.001142
3.720746 -0.001298
3.725747 -0.001534
3.730748 0.001296
3.735749 0.001655
3.740750 -0.002182
3.745751 -0.000590
3.750752 0.001352
3.755753 0.000528
3.760754 -0.001536
3.765755 -0.000481
3.770756 0.000597
3.775757 0.001184
3.780758 -0.000925
3.785759 -0.002193
3.790760 0.002102
3.795761 0.000038
3.800762 -0.001721
3.805763 0.000018
3.810764 0.000834
3.815765 0.000873
3.820766 -0.001696
3.825767 -0.002065
3.830768 0.002576
3.835769 0.001201
3.840770 -0.002512
3.845771 -0.000073
3.850772 0.000339
3.855773 0.001431
3.860774 -0.001522
3.865775 -0.001957
3.870776 0.002078
3.875777 0.001199
3.880778 -0.000899
3.885779 -0.002447
3.890780 0.001864
3.895781 0.000165
3.900782 -0.000845
3.905783 -0.000557
3.910784 -0.001775
3.915785 0.004195
3.920786 -0.001809
3.925787 -0.001940
3.930788 0.003359
3.935789 -0.000671
3.940790 -0.000531
3.945791 -0.002288
3.950792 0.001225
3.955793 0.002156
3.960794 -0.002613
3.965795 0.000126
3.970796 0.000552
3.975797 0.001416
3.980798 0.000139
3.985799 -0.004029
3.990800 0.001417
3.995801 0.002536
4.000802 -0.000855
4.005803 -0.001142
4.010804 -0.001743
4.015805 0.003252
4.020806 -0.001467
4.025807 -0.002036
4.030808 0.002576
4.035809 -0.000409
4.040810 0.000420
4.045811 -0.002437
4.050812 0.001964
4.055813 0.000981
4.060814 -0.002824
4.065815 -0.000269
4.070816 0.000292
4.075817 0.001946
4.080818 -0.001562
4.085819 -0.001537
4.090820 0.000752
4.095821 0.001329
4.100822 -0.001490
4.105823 -0.001084
4.110824 0.001202
4.115825 -0.000279
4.120826 -0.000621
4.125827 -0.001459
4.130828 0.001789
4.135829 0.000155
4.140830 -0.002748
4.145831 0.001149
4.150832 -0.000691
4.155833 0.000960
4.160834 -0.000117
4.165835 -0.003364
4.170836 0.002696
4.175837 0.000942
4.180838 -0.001551
4.185839 -0.001664
4.190840 0.001399
4.195841 0.000909
4.200842 -0.001002
4.205843 0.000108
4.210844 -0.000733
4.215845 0.003797
4.220846 -0.002483
4.225847 -0.001953
4.230848 0.003429
4.235849 -0.000263
4.240850 -0.001142
4.245851 -0.001682
4.250852 0.003186
4.255853 0.000855
4.260854 -0.002603
4.265855 0.000113
4.270856 0.000057
4.275857 0.001903
4.280858 -0.001553
4.285859 -0.001017
4.290860 0.002966
4.295861 -0.000221
4.300862 -0.000857
4.305863 -0.001416
4.310864 0.000150
4.315865 0.001846
4.320866 -0.001668
4.325867 -0.001484
4.330868 0.001168
4.335869 0.000416
4.340870 0.000096
4.345871 -0.001626
4.350872 0.000260
4.355873 0.001494
4.360874 -0.000599
4.365875 -0.000330
4.370876 -0.002033
4.375877 0.004066
4.380878 -0.000819
4.385879 -0.005134
4.390880 0.004326
4.395881 0.000009
4.400882 -0.002209
4.405883 0.000431
4.410884 0.001463
4.415885 0.001052
4.420886 -0.002517
4.425887 0.000397
4.430888 0.001258
4.435889 0.000653
4.440890 0.000291
4.445891 -0.002810
4.450892 0.002016
4.455893 0.001108
4.460894 -0.002294
4.465895 0.000469
4.470896 -0.000021
4.475897 0.001902
4.480898 -0.000071
4.485899 -0.001717
4.490900 0.001114
4.495901 0.000971
4.500902 -0.000943
4.505903 -0.000515
4.510904 0.001815
4.515905 0.000064
4.520906 -0.001532
4.525907 -0.000048
4.530908 0.000306
4.535909 0.001076
4.540910 0.000042
4.545911 -0.001659
4.550912 0.000604
4.555913 0.000959
4.560914 0.000588
4.565915 -0.002259
4.570916 0.001306
4.575917 0.002527
4.580918 -0.003078
4.585919 0.000410
4.590920 0.000901
4.595921 0.001399
4.600922 -0.000716
4.605923 -0.002333
4.610924 0.001774
4.615925 0.001560
4.620926 -0.001499
4.625927 -0.001555
4.630928 0.001300
4.635929 0.000291
4.640930 -0.001016
4.645931 -0.000660
4.650932 0.001374
4.655933 0.000758
4.660934 -0.002157
4.665935 0.000114
4.670936 0.002199
4.675937 0.000265
4.680938 0.000080
4.685939 -0.001805
4.690940 -0.000294
4.695941 0.003008
4.700942 -0.001118
4.705943 -0.001060
4.710944 0.000366
4.715945 0.001894
4.720946 0.001049
4.725947 -0.001033
4.730948 0.001643
4.735949 0.001693
4.740950 -0.000779
4.745951 -0.000366
4.750952 0.000915
4.755953 0.000170
4.760954 -0.000332
4.765955 -0.002607
4.770956 0.000250
4.775957 0.001230
4.780958 -0.000108
4.785959 -0.000572
4.790960 -0.000242
4.795961 0.003457
4.800962 -0.001360
4.805963 0.000154
4.810964 0.001742
4.815965 0.000951
4.820966 -0.000033
4.825967 -0.003693
4.830968 0.003785
4.835969 0.000688
4.840970 -0.002924
4.845971 -0.001248
4.850972 -0.000259
4.855973 0.003502
4.860974 -0.003924
4.865975 -0.004179
4.870976 -0.000651
4.875977 -0.001947
4.880978 -0.001093
4.885979 0.000794
4.890980 0.002887
4.895981 -0.000865
4.900982 -0.004555
4.905983 -0.004042
4.910984 0.000876
4.915985 0.004061
4.920986 0.000460
4.925987 -0.001654
4.930988 -0.001769
4.935989 -0.005336
4.940990 -0.004375
4.945991 -0.002183
4.950992 0.001772
4.955993 0.005776
4.960994 -0.001909
4.965995 -0.003161
4.970996 0.000400
4.975997 0.002052
4.980998 0.005295
4.985999 0.004304
4.991000 0.005346
4.996001 0.001278
5.001002 -0.004784
5.006003 -0.004237
5.011004 -0.005866
5.016005 -0.005167
5.021006 -0.007743
5.026007 -0.007200
5.031008 -0.001286
5.036009 0.000080
5.041010 0.004736
5.046011 0.006374
5.051012 0.006785
5.056013 0.005348
5.061014 0.008644
5.066015 0.012292
5.071016 0.012924
5.076017 0.011678
5.081018 -0.002494
5.086019 -0.009533
5.091020 -0.016353
5.096021 -0.016771
5.101022 -0.008687
5.106023 -0.009927
5.111024 -0.008793
5.116025 -0.009104
5.121026 -0.006492
5.126027 0.001901
5.131028 0.005356
5.136029 0.006481
5.141030 0.000951
5.146031 -0.005840
5.151032 0.004130
5.156033 0.013373
5.161034 0.014051
5.166035 0.010840
5.171036 0.001327
5.176037 -0.011399
5.181038 -0.023732
5.186039 -0.024509
5.191040 -0.010824
5.196041 0.016377
5.201042 0.023793
5.206043 0.005971
5.211044 -0.007279
5.216045 -0.017594
5.221046 -0.013537
5.226047 0.012729
5.231048 0.041297
5.236049 0.035382
5.241050 0.002485
5.246051 -0.021463
5.251052 -0.025197
5.256053 -0.006047
5.261054 0.008790
5.266055 0.011732
5.271056 0.002656
5.276057 -0.025283
5.281058 -0.043941
5.286059 -0.031976
5.291060 0.002902
5.296061 0.025819
5.301062 0.020761
5.306063 0.005632
5.311064 0.003999
5.316065 0.019616
5.321066 0.037566
5.326067 0.045740
5.331068 0.029348
5.336069 -0.000177
5.341070 -0.020083
5.346071 -0.018095
5.351072 -0.009529
5.356073 -0.008953
5.361074 -0.017371
5.366075 -0.034113
5.371076 -0.031501
5.376077 -0.015816
5.381078 0.003659
5.386079 0.021600
5.391080 0.019626
5.396081 0.004475
5.401082 -0.004834
5.406083 0.011506
5.411084 0.030442
5.416085 0.025411
5.421086 0.001529
5.426087 -0.026779
5.431088 -0.035549
5.436089 -0.017773
5.441090 0.007349
5.446091 0.009577
5.451092 -0.008849
5.456093 -0.018142
5.461094 -0.007168
5.466095 0.020937
5.471096 0.045305
5.476097 0.041513
5.481098 0.015058
5.486099 -0.007913
5.491100 -0.017170
5.496101 -0.014433
5.501102 -0.010854
5.506103 -0.011211
5.511104 -0.014553
5.516105 -0.033630
5.521106 -0.044059
5.526107 -0.034232
5.531108 -0.015873
5.536109 -0.000740
5.541110 0.003582
5.546111 0.017962
5.551112 0.029171
5.556113 0.030000
5.561114 0.025594
5.566115 0.021037
5.571116 0.023931
5.576117 0.016621
5.581118 0.008392
5.586119 0.011345
5.591120 0.012001
5.596121 -0.006755
5.601122 -0.029332
5.606123 -0.036698
5.611124 -0.025516
5.616125 -0.003868
5.621126 0.000047
5.626127 -0.001547
5.631128 0.001939
5.636129 0.002178
5.641130 0.002856
5.646131 0.010856
5.651132 0.020792
5.656133 0.014740
5.661134 -0.005141
5.666135 -0.015481
5.671137 -0.008356
5.676138 -0.008316
5.681139 -0.016356
5.686140 -0.016999
5.691141 -0.008898
5.696142 -0.009872
5.701143 -0.015717
5.706144 -0.007152
5.711145 0.003752
5.716146 0.012245
5.721147 0.011497
5.726148 0.009112
5.731149 0.011042
5.736150 0.009317
5.741151 0.002451
5.746152 -0.010924
5.751153 -0.014866
5.756154 -0.017900
5.761155 -0.024146
5.766156 -0.015491
5.771157 -0.014898
5.776158 -0.021330
5.781159 -0.013248
5.786160 -0.010812
5.791161 -0.012037
5.796162 -0.007811
5.801163 -0.000398
5.806164 0.012792
5.811165 0.015607
5.816166 0.007223
5.821167 0.001863
5.826168 0.005365
5.831169 0.012007
5.836170 0.017399
5.841171 0.016987
5.846172 0.013086
5.851173 0.017358
5.856174 0.010066
5.861175 -0.001594
5.866176 -0.000881
5.871177 0.003313
5.876178 0.009174
5.881179 0.007803
5.886180 -0.000211
5.891181 -0.010352
5.896182 -0.020414
5.901183 -0.018274
5.906184 0.009920
5.911185 0.038013
5.916186 0.034452
5.921187 0.008977
5.926188 -0.013435
5.931189 -0.017784
5.936190 -0.016407
5.941191 -0.016188
5.946192 -0.003352
5.951193 0.012570
5.956194 0.005283
5.961195 -0.008621
5.966196 -0.009372
5.971197 0.001950
5.976198 0.018118
5.981199 0.025334
5.986200 0.027514
5.991201 0.020169
5.996202 0.000297
6.001203 -0.014976
6.006204 -0.015816
6.011205 -0.011104
6.016206 -0.006214
6.021207 -0.010084
6.026208 -0.024121
6.031209 -0.028589
6.036210 -0.029939
6.041211 -0.023781
6.046212 -0.012125
6.051213 -0.005052
6.056214 0.007588
6.061215 0.016617
6.066216 0.026374
6.071217 0.027899
6.076218 0.023455
6.081219 0.016971
6.086220 0.003351
6.091221 -0.000650
6.096222 -0.004933
6.101223 -0.005028
6.106224 -0.006751
6.111225 -0.009828
6.116226 -0.015454
6.121227 -0.027870
6.126228 -0.021263
6.131229 -0.005293
6.136230 0.017390
6.141231 0.035098
6.146232 0.032731
6.151233 0.022663
6.156234 0.002277
6.161235 -0.018858
6.166236 -0.017112
6.171237 -0.004410
6.176238 -0.001862
6.181239 -0.013723
6.186240 -0.032801
6.191241 -0.031698
6.196242 -0.013763
6.201243 0.004996
6.206244 0.018319
6.211245 0.014476
6.216246 0.003933
6.221247 -0.003426
6.226248 -0.009484
6.231249 -0.007262
6.236250 0.002935
6.241251 0.004399
6.246252 -0.001881
6.251253 -0.003609
6.256254 -0.005999
6.261255 -0.008636
6.266256 -0.010091
6.271257 -0.016149
6.276258 -0.020823
6.281259 -0.016134
6.286260 -0.008952
6.291261 -0.003383
6.296262 -0.005295
6.301263 -0.015425
6.306264 -0.026311
6.311265 -0.033458
6.316266 -0.023339
6.321267 -0.006779
6.326268 0.014633
6.331269 0.024126
6.336270 0.008035
6.341271 -0.006805
6.346272 -0.006243
6.351273 0.010934
6.356274 0.013803
6.361275 0.004075
6.366276 -0.005725
6.371277 -0.009854
6.376278 -0.009714
6.381279 -0.011831
6.386280 0.002745
6.391281 0.016612
6.396282 0.019806
6.401283 0.008291
6.406284 -0.011065
6.411285 -0.025727
6.416286 -0.029896
6.421287 -0.012747
6.426288 0.007786
6.431289 0.022745
6.436290 0.011387
6.441291 -0.015175
6.446292 -0.025208
6.451293 -0.021397
6.456294 -0.004383
6.461295 0.006924
6.466296 0.016698
6.471297 0.033562
6.476298 0.052520
6.481299 0.061759
6.486300 0.055206
6.491301 0.046994
6.496302 0.034820
6.501303 0.026029
6.506304 0.025385
6.511305 0.024259
6.516306 0.008325
6.521307 -0.016036
6.526308 -0.030352
6.531309 -0.025093
6.536310 -0.008079
6.541311 0.006568
6.546312 0.021808
6.551313 0.020088
6.556314 0.000827
6.561315 -0.012171
6.566316 -0.008360
6.571317 0.005392
6.576318 0.009161
6.581319 -0.004755
6.586320 -0.019281
6.591321 -0.022164
6.596322 -0.013273
6.601323 -0.002636
6.606324 -0.007860
6.611325 -0.031300
6.616326 -0.056660
6.621327 -0.061421
6.626328 -0.044289
6.631329 -0.014759
6.636330 -0.001297
6.641331 -0.011999
6.646332 -0.030715
6.651333 -0.040112
6.656334 -0.035261
6.661335 -0.034925
6.666336 -0.029525
6.671337 -0.026411
6.676338 -0.024301
6.681339 -0.014347
6.686340 -0.003751
6.691341 0.011347
6.696342 0.021476
6.701343 0.029021
6.706344 0.044904
6.711345 0.068886
6.716346 0.084826
6.721347 0.088667
6.726348 0.083821
6.731349 0.073712
6.736350 0.067071
6.741351 0.054484
6.746352 0.043351
6.751353 0.028025
6.756354 -0.004851
6.761355 -0.032109
6.766356 -0.041446
6.771357 -0.033230
6.776358 -0.028319
6.781359 -0.038847
6.786360 -0.047361
6.791361 -0.045519
6.796362 -0.040919
6.801363 -0.042857
6.806364 -0.041442
6.811365 -0.041194
6.816366 -0.035992
6.821367 -0.024511
6.826368 -0.016707
6.831369 -0.010830
6.836370 -0.018368
6.841371 -0.026320
6.846372 -0.019797
6.851373 0.003577
6.856374 0.033371
6.861375 0.058542
6.866376 0.073092
6.871377 0.073873
6.876378 0.071069
6.881379 0.059040
6.886380 0.041388
6.891381 0.021254
6.896382 -0.007399
6.901383 -0.039716
6.906384 -0.070533
6.911385 -0.092672
6.916386 -0.112668
6.921387 -0.130274
6.926388 -0.139821
6.931389 -0.139696
6.936390 -0.119537
6.941391 -0.086604
6.946392 -0.045677
6.951393 -0.017250
6.956394 -0.015239
6.961395 -0.023491
6.966396 -0.027618
6.971397 -0.008730
6.976398 0.020762
6.981399 0.045003
6.986400 0.054017
6.991401 0.048773
6.996402 0.042147
7.001403 0.043078
7.006404 0.057454
7.011405 0.062040
7.016406 0.052458
7.021407 0.033388
7.026408 0.016061
7.031409 0.015335
7.036410 0.020921
7.041411 0.017679
7.046412 0.003347
7.051413 -0.017168
7.056414 -0.034609
7.061415 -0.031025
7.066416 -0.012612
7.071417 0.011101
7.076418 0.020946
7.081419 0.021537
7.086420 0.038042
7.091421 0.075196
7.096422 0.133292
7.101423 0.196841
7.106424 0.259373
7.111425 0.316865
7.116426 0.366707
7.121427 0.409179
7.126428 0.454698
7.131429 0.495126
7.136430 0.515783
7.141431 0.518000
7.146432 0.492460
7.151433 0.450700
7.156434 0.387965
7.161435 0.317307
7.166436 0.257916
7.171437 0.185094
7.176438 0.111555
7.181439 0.051834
7.186440 0.003149
7.191441 -0.026029
7.196442 -0.049592
7.201443 -0.073714
7.206444 -0.104949
7.211445 -0.146367
7.216446 -0.186798
7.221447 -0.230233
7.226448 -0.259444
7.231449 -0.286511
7.236450 -0.321260
7.241451 -0.349752
7.246452 -0.387139
7.251453 -0.426733
7.256454 -0.460603
7.261455 -0.477244
7.266456 -0.481990
7.271457 -0.471901
7.276458 -0.439725
7.281459 -0.402774
7.286460 -0.346701
7.291461 -0.295911
7.296462 -0.262953
7.301463 -0.237635
7.306464 -0.218850
7.311465 -0.184838
7.316466 -0.152663
7.321467 -0.122532
7.326468 -0.092119
7.331469 -0.078903
7.336470 -0.078358
7.341471 -0.083253
7.346472 -0.087081
7.351473 -0.103522
7.356474 -0.136841
7.361475 -0.172668
7.366476 -0.198364
7.371477 -0.203918
7.376478 -0.186105
7.381479 -0.145740
7.386480 -0.090492
7.391481 -0.030094
7.396482 0.014949
7.401483 0.045654
7.406484 0.071819
7.411485 0.081009
7.416486 0.082990
7.421487 0.083119
7.426488 0.084566
7.431489 0.095792
7.436490 0.110558
7.441491 0.144032
7.446492 0.190589
7.451493 0.237061
7.456494 0.279113
7.461495 0.297996
7.466496 0.305585
7.471497 0.305763
7.476498 0.298383
7.481499 0.286965
7.486500 0.273733
7.491501 0.269655
7.496502 0.259148
7.501503 0.244764
7.506504 0.225959
7.511505 0.194923
7.516506 0.154719
7.521507 0.098827
7.526508 0.050277
7.531509 0.016080
7.536510 -0.010906
7.541511 -0.024240
7.546512 -0.027671
7.551513 -0.028325
7.556514 -0.033666
7.561515 -0.042173
7.566516 -0.050413
7.571517 -0.053220
7.576518 -0.050101
7.581519 -0.041467
7.586520 -0.028790
7.591521 -0.012316
7.596522 0.003546
7.601523 0.013928
7.606524 0.023415
7.611525 0.022124
7.616526 0.016321
7.621527 -0.000031
7.626528 -0.030159
7.631529 -0.056036
7.636530 -0.094408
7.641531 -0.135086
7.646532 -0.156686
7.651533 -0.174630
7.656534 -0.184573
7.661535 -0.186341
7.666536 -0.189218
7.671537 -0.185264
7.676538 -0.179680
7.681539 -0.163623
7.686540 -0.134865
7.691541 -0.103538
7.696542 -0.071000
7.701543 -0.044505
7.706544 -0.019139
7.711545 0.008327
7.716546 0.033837
7.721547 0.059223
7.726548 0.086096
7.731549 0.108135
7.736550 0.119279
7.741551 0.118522
7.746552 0.111382
7.751553 0.093638
7.756554 0.064492
7.761555 0.027277
7.766556 -0.013046
7.771557 -0.038280
7.776558 -0.058072
7.781559 -0.074247
7.786560 -0.079548
7.791561 -0.087494
7.796562 -0.090080
7.801563 -0.081845
7.806564 -0.066275
7.811565 -0.032785
7.816566 0.004857
7.821567 0.032707
7.826568 0.063902
7.831569 0.090813
7.836570 0.108298
7.841571 0.123217
7.846572 0.130474
7.851573 0.133476
7.856574 0.130895
7.861575 0.119002
7.866576 0.109375
7.871577 0.097121
7.876578 0.080625
7.881579 0.065733
7.886580 0.049559
7.891581 0.044646
7.896582 0.039247
7.901583 0.034801
7.906584 0.035180
7.911585 0.027812
7.916586 0.016075
7.921587 -0.009294
7.926588 -0.033956
7.931589 -0.051575
7.936590 -0.069027
7.941592 -0.077433
7.946593 -0.075281
7.951594 -0.068640
7.956595 -0.064147
7.961596 -0.061637
7.966597 -0.055888
7.971598 -0.043801
7.976599 -0.024546
7.981600 0.004204
7.986601 0.038580
7.991602 0.069189
7.996603 0.091068
8.001604 0.108539
8.006605 0.120787
8.011606 0.132437
8.016607 0.135209
8.021608 0.132422
8.026609 0.132567
8.031610 0.112675
8.036611 0.086083
8.041612 0.054205
8.046613 0.025315
8.051614 0.007141
8.056615 -0.013679
8.061616 -0.019019
8.066617 -0.022753
8.071618 -0.023337
8.076619 -0.020148
8.081620 -0.022542
8.086621 -0.019208
8.091622 -0.019881
8.096623 -0.028016
8.101624 -0.044664
8.106625 -0.056898
8.111626 -0.057605
8.116627 -0.059112
8.121628 -0.057117
8.126629 -0.050458
8.131630 -0.044836
8.136631 -0.041192
8.141632 -0.041050
8.146633 -0.035051
8.151634 -0.024742
8.156635 -0.017224
8.161636 -0.008242
8.166637 0.000937
8.171638 0.012151
8.176639 0.014339
8.181640 0.005507
8.186641 -0.010607
8.191642 -0.030722
8.196643 -0.049134
8.201644 -0.070219
8.206645 -0.087341
8.211646 -0.097510
8.216647 -0.104669
8.221648 -0.109304
8.226649 -0.096285
8.231650 -0.076435
8.236651 -0.056592
8.241652 -0.034181
8.246653 -0.010330
8.251654 0.017991
8.256655 0.031077
8.261656 0.049338
8.266657 0.060216
8.271658 0.065739
8.276659 0.074084
8.281660 0.063174
8.286661 0.058352
8.291662 0.048815
8.296663 0.035968
8.301664 0.026341
8.306665 0.023205
8.311666 0.029906
8.316667 0.037843
8.321668 0.046890
8.326669 0.046449
8.331670 0.045508
8.336671 0.040220
8.341672 0.030640
8.346673 0.023037
8.351674 0.015790
8.356675 0.002604
8.361676 -0.018925
8.366677 -0.038649
8.371678 -0.059148
8.376679 -0.072539
8.381680 -0.086755
8.386681 -0.098992
8.391682 -0.100047
8.396683 -0.103990
8.401684 -0.098522
8.406685 -0.086397
8.411686 -0.062961
8.416687 -0.035006
8.421688 -0.014197
8.426689 0.018190
8.431690 0.044747
8.436691 0.066335
8.441692 0.079500
8.446693 0.084776
8.451694 0.086011
8.456695 0.073471
8.461696 0.057604
8.466697 0.037486
8.471698 0.023715
8.476699 0.004629
8.481700 -0.019998
8.486701 -0.037780
8.491702 -0.055194
8.496703 -0.069220
8.501704 -0.077638
8.506705 -0.076109
8.511706 -0.072716
8.516707 -0.070869
8.521708 -0.072909
8.526709 -0.077234
8.531710 -0.077342
8.536711 -0.078282
8.541712 -0.075600
8.546713 -0.061715
8.551714 -0.039764
8.556715 -0.018545
8.561716 0.003662
8.566717 0.027872
8.571718 0.047989
8.576719 0.059524
8.581720 0.057301
8.586721 0.053447
8.591722 0.049911
8.596723 0.036295
8.601724 0.021895
8.606725 0.012866
8.611726 0.008631
8.616727 0.004234
8.621728 -0.002277
8.626729 -0.002078
8.631730 -0.004473
8.636731 -0.012912
8.641732 -0.017114
8.646733 -0.026033
8.651734 -0.032561
8.656735 -0.029421
8.661736 -0.025631
8.666737 -0.012763
8.671738 0.008732
8.676739 0.025038
8.681740 0.035176
8.686741 0.043431
8.691742 0.049458
8.696743 0.052198
8.701744 0.053872
8.706745 0.054529
8.711746 0.056701
8.716747 0.055797
8.721748 0.041654
8.726749 0.031077
8.731750 0.021398
8.736751 0.004840
8.741752 -0.008024
8.746753 -0.019086
8.751754 -0.026940
8.756755 -0.035464
8.761756 -0.032356
8.766757 -0.019120
8.771758 0.000423
8.776759 0.025723
8.781760 0.044453
8.786761 0.069220
8.791762 0.089297
8.796763 0.097320
8.801764 0.097712
8.806765 0.094491
8.811766 0.084229
8.816767 0.059567
8.821768 0.032808
8.826769 0.005584
8.831770 -0.013528
8.836771 -0.026427
8.841772 -0.029172
8.846773 -0.016473
8.851774 0.000147
8.856775 0.016735
8.861776 0.025149
8.866777 0.034940
8.871778 0.045827
8.876779 0.051058
8.881780 0.060293
8.886781 0.070139
8.891782 0.080881
8.896783 0.083731
8.901784 0.072610
8.906785 0.063803
8.911786 0.049835
8.916787 0.027449
8.921788 0.006863
8.926789 -0.008337
8.931790 -0.016306
8.936791 -0.016162
8.941792 -0.011068
8.946793 -0.002951
8.951794 0.011261
8.956795 0.013204
8.961796 0.008967
8.966797 0.008684
8.971798 0.002699
8.976799 -0.000781
8.981800 -0.008391
8.986801 -0.020425
8.991802 -0.032254
8.996803 -0.049914
9.001804 -0.064002
9.006805 -0.074166
9.011806 -0.078774
9.016807 -0.079362
9.021808 -0.090823
9.026809 -0.100200
9.031810 -0.103645
9.036811 -0.114322
9.041812 -0.124085
9.046813 -0.122888
9.051814 -0.119226
9.056815 -0.114153
9.061816 -0.101195
9.066817 -0.085444
9.071818 -0.064292
9.076819 -0.048513
9.081820 -0.037462
9.086821 -0.017598
9.091822 0.000824
9.096823 0.018201
9.101824 0.031392
9.106825 0.045468
9.111826 0.065824
9.116827 0.071839
9.121828 0.065914
9.126829 0.053570
9.131830 0.033143
9.136831 0.008057
9.141832 -0.024893
9.146833 -0.049550
9.151834 -0.066183
9.156835 -0.086683
9.161836 -0.100477
9.166837 -0.105433
9.171838 -0.105880
9.176839 -0.108216
9.181840 -0.102543
9.186841 -0.083317
9.191842 -0.063598
9.196843 -0.037147
9.201844 -0.003541
9.206845 0.031439
9.211846 0.068046
9.216847 0.096151
9.221848 0.118144
9.226849 0.134994
9.231850 0.143988
9.236851 0.146506
9.241852 0.142050
9.246853 0.132948
9.251854 0.122093
9.256855 0.106955
9.261856 0.079210
9.266857 0.058463
9.271858 0.037829
9.276859 0.014459
9.281860 0.003359
9.286861 -0.009871
9.291862 -0.016045
9.296863 -0.022943
9.301864 -0.033764
9.306865 -0.038163
9.311866 -0.038436
9.316867 -0.035305
9.321868 -0.026751
9.326869 -0.010505
9.331870 0.005713
9.336871 0.019648
9.341872 0.026731
9.346873 0.034655
9.351874 0.041784
9.356875 0.041649
9.361876 0.039116
9.366877 0.038609
9.371878 0.037030
9.376879 0.027272
9.381880 0.016076
9.386881 0.001477
9.391882 -0.008956
9.396883 -0.019493
9.401884 -0.033520
9.406885 -0.035860
9.411886 -0.032123
9.416887 -0.030548
9.421888 -0.029340
9.426889 -0.023699
9.431890 -0.018747
9.436891 -0.015648
9.441892 -0.017747
9.446893 -0.020470
9.451894 -0.015994
9.456895 -0.019936
9.461896 -0.029584
9.466897 -0.034005
9.471898 -0.035027
9.476899 -0.033897
9.481900 -0.031985
9.486901 -0.020928
9.491902 -0.002618
9.496903 0.013800
9.501904 0.027329
9.506905 0.043999
9.511906 0.060162
9.516907 0.063689
9.521908 0.063116
9.526909 0.054876
9.531910 0.038138
9.536911 0.011048
9.541912 -0.019235
9.546913 -0.041741
9.551914 -0.064112
9.556915 -0.074649
9.561916 -0.078266
9.566917 -0.070253
9.571918 -0.049733
9.576919 -0.028532
9.581920 -0.005106
9.586921 0.019563
9.591922 0.048181
9.596923 0.063939
9.601924 0.068603
9.606925 0.072148
9.611926 0.063134
9.616927 0.047153
9.621928 0.028357
9.626929 0.014317
9.631930 0.008240
9.636931 -0.002780
9.641932 -0.004702
9.646933 -0.002314
9.651934 0.005448
9.656935 0.019979
9.661936 0.023381
9.666937 0.037838
9.671938 0.044701
9.676939 0.042015
9.681940 0.042630
9.686941 0.032421
9.691942 0.029963
9.696943 0.017592
9.701944 -0.005734
9.706945 -0.017999
9.711946 -0.031216
9.716947 -0.052365
9.721948 -0.063388
9.726949 -0.067150
9.731950 -0.068516
9.736951 -0.059176
9.741952 -0.053630
9.746953 -0.033272
9.751954 -0.011344
9.756955 0.003931
9.761956 0.019901
9.766957 0.025010
9.771958 0.036786
9.776959 0.036159
9.781960 0.029963
9.786961 0.025746
9.791962 0.012491
9.796963 -0.004751
9.801964 -0.028122
9.806965 -0.045583
9.811966 -0.060860
9.816967 -0.074418
9.821968 -0.078566
9.826969 -0.076408
9.831970 -0.073355
9.836971 -0.065831
9.841972 -0.060288
9.846973 -0.058579
9.851974 -0.052125
9.856975 -0.053834
9.861976 -0.056159
9.866977 -0.056047
9.871978 -0.059291
9.876979 -0.057190
9.881980 -0.053515
9.886981 -0.046380
9.891982 -0.032465
9.896983 -0.016149
9.901984 -0.003347
9.906985 0.012827
9.911986 0.033226
9.916987 0.043993
9.921988 0.054819
9.926989 0.067879
9.931990 0.075195
9.936991 0.075437
9.941992 0.068741
9.946993 0.058974
9.951994 0.050709
9.956995 0.038715
9.961996 0.020741
9.966997 0.008627
9.971998 -0.000594
9.976999 -0.009777
9.982000 -0.015092
9.987001 -0.010936
9.992002 -0.002787
9.997003 0.004405
10.002004 0.017534
10.007005 0.032522
10.012006 0.045534
10.017007 0.061657
10.022008 0.075530
10.027009 0.083423
10.032010 0.093798
10.037011 0.096610
10.042012 0.092146
10.047013 0.089460
10.052014 0.086215
10.057015 0.077086
10.062016 0.063759
10.067017 0.056881
10.072018 0.046311
10.077019 0.034303
10.082020 0.024501
10.087021 0.010623
10.092022 0.006112
10.097023 -0.000505
10.102024 -0.010565
10.107025 -0.011555
10.112026 -0.019885
10.117027 -0.030787
10.122028 -0.041424
10.127029 -0.056787
10.132030 -0.064218
10.137031 -0.077326
10.142032 -0.097951
10.147033 -0.104369
10.152034 -0.114573
10.157035 -0.127548
10.162036 -0.129635
10.167037 -0.130513
10.172038 -0.117811
10.177039 -0.102038
10.182040 -0.082644
10.187041 -0.051002
10.192042 -0.021893
10.197043 0.009524
10.202044 0.031452
10.207046 0.052118
10.212047 0.075138
10.217048 0.078811
10.222049 0.074979
10.227050 0.069209
10.232051 0.058104
10.237052 0.042533
10.242053 0.024693
10.247054 0.012297
10.252055 0.004857
10.257056 -0.005480
10.262057 -0.015782
10.267058 -0.019224
10.272059 -0.022967
10.277060 -0.023318
10.282061 -0.022213
10.287062 -0.021520
10.292063 -0.013271
10.297064 -0.010713
10.302065 -0.010043
10.307066 -0.005030
10.312067 0.002428
10.317068 0.007031
10.322069 0.009145
10.327070 0.019338
10.332071 0.027213
10.337072 0.032160
10.342073 0.037766
10.347074 0.045831
10.352075 0.055339
10.357076 0.058684
10.362077 0.060486
10.367078 0.066008
10.372079 0.069259
10.377080 0.069244
10.382081 0.064843
10.387082 0.058003
10.392083 0.050861
10.397084 0.035025
10.402085 0.017769
10.407086 0.002318
10.412087 -0.011451
10.417088 -0.026676
10.422089 -0.043044
10.427090 -0.052234
10.432091 -0.058071
10.437092 -0.063465
10.442093 -0.066571
10.447094 -0.062493
10.452095 -0.055915
10.457096 -0.053655
10.462097 -0.044980
10.467098 -0.032183
10.472099 -0.024282
10.477100 -0.012331
10.482101 -0.006032
10.487102 0.000147
10.492103 0.014157
10.497104 0.020061
10.502105 0.018847
10.507106 0.022573
10.512107 0.029109
10.517108 0.022804
10.522109 0.021091
10.527110 0.020112
10.532111 0.012783
10.537112 0.007181
10.542113 -0.004382
10.547114 -0.011210
10.552115 -0.016821
10.557116 -0.025462
10.562117 -0.037610
10.567118 -0.043050
10.572119 -0.049064
10.577120 -0.059360
10.582121 -0.061585
10.587122 -0.064244
10.592123 -0.059590
10.597124 -0.053163
10.602125 -0.045166
10.607126 -0.034613
10.612127 -0.019282
10.617128 0.000744
10.622129 0.014537
10.627130 0.032145
10.632131 0.052665
10.637132 0.066324
10.642133 0.072189
10.647134 0.078065
10.652135 0.077464
10.657136 0.074311
10.662137 0.068142
10.667138 0.055331
10.672139 0.052504
10.677140 0.041824
10.682141 0.029497
10.687142 0.025836
10.692143 0.019788
10.697144 0.016578
10.702145 0.009632
10.707146 0.005341
10.712147 0.004370
10.717148 -0.004316
10.722149 -0.020344
10.727150 -0.030522
10.732151 -0.037690
10.737152 -0.052897
10.742153 -0.058644
10.747154 -0.060530
10.752155 -0.058283
10.757156 -0.049078
10.762157 -0.042130
10.767158 -0.024996
10.772159 -0.001600
10.777160 0.017655
10.782161 0.036632
10.787162 0.060995
10.792163 0.079305
10.797164 0.090310
10.802165 0.097449
10.807166 0.102150
10.812167 0.104989
10.817168 0.094975
10.822169 0.082980
10.827170 0.066710
10.832171 0.047898
10.837172 0.026753
10.842173 -0.002924
10.847174 -0.027375
10.852175 -0.047269
10.857176 -0.068079
10.862177 -0.089244
10.867178 -0.099142
10.872179 -0.105911
10.877180 -0.113215
10.882181 -0.116001
10.887182 -0.114831
10.892183 -0.103724
10.897184 -0.101386
10.902185 -0.095000
10.907186 -0.080509
10.912187 -0.071709
10.917188 -0.059265
10.922189 -0.048863
10.927190 -0.035322
10.932191 -0.020137
10.937192 -0.007091
10.942193 0.005815
10.947194 0.020516
10.952195 0.034540
10.957196 0.041112
10.962197 0.047160
10.967198 0.049460
10.972199 0.051087
10.977200 0.048668
10.982201 0.035526
10.987202 0.030913
10.992203 0.024503
10.997204 0.006662
11.002205 -0.005570
11.007206 -0.015515
11.012207 -0.023508
11.017208 -0.035052
11.022209 -0.044575
11.027210 -0.043686
11.032211 -0.047914
11.037212 -0.047793
11.042213 -0.043735
11.047214 -0.040597
11.052215 -0.027983
11.057216 -0.016641
11.062217 -0.007081
11.067218 0.009999
11.072219 0.025689
11.077220 0.040879
11.082221 0.054976
11.087222 0.064623
11.092223 0.077944
11.097224 0.082667
11.102225 0.082313
11.107226 0.085543
11.112227 0.083774
11.117228 0.079309
11.122229 0.072786
11.127230 0.069545
11.132231 0.068025
11.137232 0.061205
11.142233 0.054879
11.147234 0.052407
11.152235 0.045301
11.157236 0.035037
11.162237 0.026508
11.167238 0.013693
11.172239 0.002098
11.177240 -0.009669
11.182241 -0.022312
11.187242 -0.031110
11.192243 -0.034071
11.197244 -0.034748
11.202245 -0.039064
11.207246 -0.033084
11.212247 -0.025382
11.217248 -0.025068
11.222249 -0.021194
11.227250 -0.018091
11.232251 -0.020401
11.237252 -0.021424
11.242253 -0.026759
11.247254 -0.035395
11.252255 -0.036065
11.257256 -0.044134
11.262257 -0.052606
11.267258 -0.055384
11.272259 -0.055477
11.277260 -0.056436
11.282261 -0.063276
11.287262 -0.062026
11.292263 -0.063086
11.297264 -0.067750
11.302265 -0.070389
11.307266 -0.073449
11.312267 -0.073966
11.317268 -0.079687
11.322269 -0.087928
11.327270 -0.087597
11.332271 -0.087406
11.337272 -0.086996
11.342273 -0.085654
11.347274 -0.079352
11.352275 -0.064579
11.357276 -0.057579
11.362277 -0.042510
11.367278 -0.025584
11.372279 -0.006815
11.377280 0.013867
11.382281 0.025301
11.387282 0.048738
11.392283 0.067186
11.397284 0.077530
11.402285 0.089408
11.407286 0.097792
11.412287 0.103910
11.417288 0.108304
11.422289 0.105241
11.427290 0.102649
11.432291 0.104899
11.437292 0.093489
11.442293 0.086948
11.447294 0.086646
11.452295 0.084948
11.457296 0.084925
11.462297 0.086922
11.467298 0.095072
11.472299 0.102989
11.477300 0.110112
11.482301 0.109269
11.487302 0.112890
11.492303 0.114575
11.497304 0.106601
11.502305 0.100965
11.507306 0.091756
11.512307 0.082814
11.517308 0.073165
11.522309 0.059470
11.527310 0.050424
11.532311 0.045508
11.537312 0.034513
11.542313 0.026061
11.547314 0.023440
11.552315 0.020227
11.557316 0.014537
11.562317 0.011867
11.567318 0.009731
11.572319 0.003891
11.577320 -0.003612
11.582321 -0.016698
11.587322 -0.027340
11.592323 -0.039753
11.597324 -0.050440
11.602325 -0.063479
11.607326 -0.075059
11.612327 -0.075134
11.617328 -0.080645
11.622329 -0.081237
11.627330 -0.074724
11.632331 -0.068852
11.637332 -0.062929
11.642333 -0.061895
11.647334 -0.060333
11.652335 -0.057898
11.657336 -0.061060
11.662337 -0.070051
11.667338 -0.079621
11.672339 -0.085452
11.677340 -0.094345
11.682341 -0.102483
11.687342 -0.105314
11.692343 -0.104706
11.697344 -0.103018
11.702345 -0.102810
11.707346 -0.094459
11.712347 -0.084033
11.717348 -0.077402
11.722349 -0.068380
11.727350 -0.058387
11.732351 -0.047755
11.737352 -0.037701
11.742353 -0.034414
11.747354 -0.025407
11.752355 -0.017134
11.757356 -0.018340
11.762357 -0.013730
11.767358 -0.013356
11.772359 -0.011854
11.777360 -0.011993
11.782361 -0.012278
11.787362 -0.006473
11.792363 -0.003939
11.797364 0.006795
11.802365 0.014373
11.807366 0.025209
11.812367 0.040763
11.817368 0.046823
11.822369 0.058052
11.827370 0.067546
11.832371 0.072254
11.837372 0.075059
11.842373 0.070274
11.847374 0.063878
11.852375 0.056438
11.857376 0.038629
11.862377 0.022520
11.867378 0.012212
11.872379 -0.001753
11.877380 -0.012441
11.882381 -0.020813
11.887382 -0.022266
11.892383 -0.021495
11.897384 -0.020486
11.902385 -0.014975
11.907386 -0.006678
11.912387 0.003886
11.917388 0.012677
11.922389 0.019643
11.927390 0.027490
11.932391 0.037177
11.937392 0.042002
11.942393 0.046867
11.947394 0.052703
11.952395 0.061047
11.957396 0.067497
11.962397 0.067889
11.967398 0.073973
11.972399 0.079369
11.977400 0.077744
11.982401 0.072434
11.987402 0.069515
11.992403 0.064731
11.997404 0.047316
12.002405 0.034394
12.007406 0.026506
12.012407 0.012266
12.017408 0.000512
12.022409 -0.014042
12.027410 -0.021117
12.032411 -0.025518
12.037412 -0.033255
12.042413 -0.036923
12.047414 -0.038162
12.052415 -0.033140
12.057416 -0.034196
12.062417 -0.028879
12.067418 -0.020512
12.072419 -0.012710
12.077420 0.002221
12.082421 0.013089
12.087422 0.029075
12.092423 0.040031
12.097424 0.051613
12.102425 0.064005
12.107426 0.066930
12.112427 0.074204
12.117428 0.073510
12.122429 0.072422
12.127430 0.068448
12.132431 0.059688
12.137432 0.056309
12.142433 0.039957
12.147434 0.030546
12.152435 0.021114
12.157436 -0.000405
12.162437 -0.012892
12.167438 -0.029191
12.172439 -0.042377
12.177440 -0.055031
12.182441 -0.076962
12.187442 -0.089655
12.192443 -0.102795
12.197444 -0.125406
12.202445 -0.141958
12.207446 -0.151810
12.212447 -0.162552
12.217448 -0.173129
12.222449 -0.182816
12.227450 -0.179969
12.232451 -0.171187
12.237452 -0.164916
12.242453 -0.151807
12.247454 -0.131784
12.252455 -0.106955
12.257456 -0.083709
12.262457 -0.060412
12.267458 -0.032763
12.272459 -0.007410
12.277460 0.007836
12.282461 0.022454
12.287462 0.038333
12.292463 0.045338
12.297464 0.047027
12.302465 0.047144
12.307466 0.042154
12.312467 0.037081
12.317468 0.026690
12.322469 0.009762
12.327470 0.003289
12.332471 -0.005091
12.337472 -0.015714
12.342473 -0.020371
12.347474 -0.020106
12.352475 -0.018284
12.357476 -0.015946
12.362477 -0.005366
12.367478 0.002151
12.372479 0.015316
12.377480 0.031623
12.382481 0.042155
12.387482 0.059621
12.392483 0.078686
12.397484 0.092691
12.402485 0.101456
12.407486 0.114587
12.412487 0.129313
12.417488 0.138678
12.422489 0.147226
12.427490 0.157035
12.432491 0.167132
12.437492 0.168349
12.442493 0.166001
12.447494 0.164299
12.452495 0.158483
12.457496 0.144435
12.462497 0.125734
12.467498 0.110658
12.472499 0.089664
12.477501 0.066199
12.482502 0.045557
12.487503 0.029216
12.492504 0.017318
12.497505 -0.000731
12.502506 -0.008887
12.507507 -0.008020
12.512508 -0.009914
12.517509 -0.003846
12.522510 -0.002201
12.527511 0.000494
12.532512 0.007652
12.537513 0.005584
12.542514 0.002378
12.547515 -0.003857
12.552516 -0.007353
12.557517 -0.017285
12.562518 -0.033581
12.567519 -0.043428
12.572520 -0.055977
12.577521 -0.070507
12.582522 -0.084844
12.587523 -0.090758
12.592524 -0.096326
12.597525 -0.100582
12.602526 -0.100949
12.607527 -0.099698
12.612528 -0.091500
12.617529 -0.087128
12.622530 -0.082045
12.627531 -0.075743
12.632532 -0.065623
12.637533 -0.058814
12.642534 -0.057786
12.647535 -0.054298
12.652536 -0.054145
12.657537 -0.058030
12.662538 -0.066652
12.667539 -0.068799
12.672540 -0.073614
12.677541 -0.081326
12.682542 -0.083611
12.687543 -0.083497
12.692544 -0.080271
12.697545 -0.077996
12.702546 -0.074518
12.707547 -0.069099
12.712548 -0.055345
12.717549 -0.047949
12.722550 -0.040988
12.727551 -0.026743
12.732552 -0.016301
12.737553 -0.006420
12.742554 -0.000119
12.747555 0.009363
12.752556 0.016092
12.757557 0.019545
12.762558 0.022177
12.767559 0.027869
12.772560 0.034441
12.777561 0.036103
12.782562 0.041134
12.787563 0.046034
12.792564 0.050681
12.797565 0.055399
12.802566 0.054105
12.807567 0.054981
12.812568 0.060300
12.817569 0.054042
12.822570 0.049935
12.827571 0.047183
12.832572 0.044110
12.837573 0.040353
12.842574 0.030000
12.847575 0.030274
12.852576 0.030991
12.857577 0.028888
12.862578 0.025461
12.867579 0.029669
12.872580 0.032752
12.877581 0.028420
12.882582 0.031742
12.887583 0.029193
12.892584 0.030220
12.897585 0.028947
12.902586 0.023334
12.907587 0.026247
12.912588 0.023338
12.917589 0.023124
12.922590 0.022922
12.927591 0.020626
12.932592 0.027253
12.937593 0.028901
12.942594 0.025103
12.947595 0.030807
12.952596 0.037112
12.957597 0.034797
12.962598 0.037508
12.967599 0.036990
12.972600 0.036283
12.977601 0.036823
12.982602 0.027193
12.987603 0.023234
12.992604 0.017777
12.997605 0.007828
13.002606 -0.003681
13.007607 -0.011851
13.012608 -0.017846
13.017609 -0.027910
13.022610 -0.034093
13.027611 -0.039890
13.032612 -0.041174
13.037613 -0.044850
13.042614 -0.046520
13.047615 -0.045599
13.052616 -0.040296
13.057617 -0.034646
13.062618 -0.036960
13.067619 -0.024577
13.072620 -0.017695
13.077621 -0.012947
13.082622 -0.003881
13.087623 0.000660
13.092624 0.013932
13.097625 0.017079
13.102626 0.018993
13.107627 0.027387
13.112628 0.029908
13.117629 0.031706
13.122630 0.027723
13.127631 0.027649
13.132632 0.029439
13.137633 0.021432
13.142634 0.016889
13.147635 0.012608
13.152636 0.009716
13.157637 0.003566
13.162638 -0.005985
13.167639 -0.007070
13.172640 -0.010662
13.177641 -0.013478
13.182642 -0.017631
13.187643 -0.019297
13.192644 -0.012755
13.197645 -0.013507
13.202646 -0.013012
13.207647 -0.007980
13.212648 -0.005322
13.217649 -0.002227
13.222650 -0.002966
13.227651 -0.001070
13.232652 0.002123
13.237653 0.001364
13.242654 -0.000299
13.247655 0.000849
13.252656 0.005822
13.257657 0.004759
13.262658 0.005132
13.267659 0.008409
13.272660 0.012868
13.277661 0.015221
13.282662 0.016039
13.287663 0.022222
13.292664 0.024155
13.297665 0.027306
13.302666 0.028867
13.307667 0.030346
13.312668 0.035717
13.317669 0.034269
13.322670 0.029480
13.327671 0.027742
13.332672 0.025953
13.337673 0.019064
13.342674 0.010632
13.347675 0.003371
13.352676 -0.000053
13.357677 -0.007176
13.362678 -0.019813
13.367679 -0.024552
13.372680 -0.028347
13.377681 -0.036411
13.382682 -0.043371
13.387683 -0.047700
13.392684 -0.048455
13.397685 -0.051221
13.402686 -0.053378
13.407687 -0.048589
13.412688 -0.043412
13.417689 -0.039797
13.422690 -0.034682
13.427691 -0.023834
13.432692 -0.015462
13.437693 -0.013038
13.442694 -0.005796
13.447695 -0.001516
13.452696 0.005181
13.457697 0.005125
13.462698 -0.000500
13.467699 0.005752
13.472700 0.003724
13.477701 0.000456
13.482702 -0.003215
13.487703 -0.006888
13.492704 -0.004425
13.497705 -0.011194
13.502706 -0.018012
13.507707 -0.018928
13.512708 -0.020182
13.517709 -0.026340
13.522710 -0.032260
13.527711 -0.031481
13.532712 -0.032488
13.537713 -0.033879
13.542714 -0.035144
13.547715 -0.034220
13.552716 -0.026769
13.557717 -0.025322
13.562718 -0.021100
13.567719 -0.013864
13.572720 -0.008707
13.577721 0.000190
13.582722 -0.000955
13.587723 0.001412
13.592724 0.009595
13.597725 0.003471
13.602726 -0.000859
13.607727 -0.001375
13.612728 -0.007050
13.617729 -0.009878
13.622730 -0.014552
13.627731 -0.016895
13.632732 -0.014002
13.637733 -0.014640
13.642734 -0.013884
13.647735 -0.007763
13.652736 -0.000232
13.657737 0.004156
13.662738 0.007766
13.667739 0.011823
13.672740 0.017409
13.677741 0.021754
13.682742 0.017818
13.687743 0.018987
13.692744 0.023889
13.697745 0.020703
13.702746 0.017954
13.707747 0.021819
13.712748 0.022766
13.717749 0.020548
13.722750 0.024604
13.727751 0.023783
13.732752 0.027460
13.737753 0.029500
13.742754 0.025219
13.747755 0.030255
13.752756 0.027973
13.757757 0.027302
13.762758 0.025369
13.767759 0.022119
13.772760 0.023385
13.777761 0.015877
13.782762 0.013521
13.787763 0.012688
13.792764 0.009444
13.797765 0.007385
13.802766 0.005756
13.807767 0.007402
13.812768 0.006850
13.817769 0.008666
13.822770 0.008930
13.827771 0.008233
13.832772 0.013585
13.837773 0.012862
13.842774 0.010766
13.847775 0.010671
13.852776 0.009105
13.857777 0.007454
13.862778 0.001645
13.867779 0.000564
13.872780 0.001906
13.877781 -0.004913
13.882782 -0.008809
13.887783 -0.006055
13.892784 -0.008752
13.897785 -0.010865
13.902786 -0.014528
13.907787 -0.018659
13.912788 -0.015102
13.917789 -0.021179
13.922790 -0.025888
13.927791 -0.022622
13.932792 -0.022701
13.937793 -0.021756
13.942794 -0.023367
13.947795 -0.019403
13.952796 -0.010684
13.957797 -0.012174
13.962798 -0.010040
13.967799 -0.002358
13.972800 0.003508
13.977801 0.006705
13.982802 0.005213
13.987803 0.011546
13.992804 0.013516
13.997805 0.011442
14.002806 0.008664
14.007807 0.006169
14.012808 0.008390
14.017809 0.001398
14.022810 -0.000952
14.027811 -0.001858
14.032812 0.001051
14.037813 0.003643
14.042814 -0.000367
14.047815 0.004817
14.052816 0.011141
14.057817 0.013661
14.062818 0.011008
14.067819 0.017091
14.072820 0.022933
14.077821 0.018228
14.082822 0.019446
14.087823 0.021868
14.092824 0.020069
14.097825 0.018764
14.102826 0.016235
14.107827 0.015027
14.112828 0.017083
14.117829 0.014669
14.122830 0.015505
14.127831 0.016283
14.132832 0.018993
14.137833 0.021862
14.142834 0.019646
14.147835 0.022128
14.152836 0.025211
14.157837 0.024198
14.162838 0.018329
14.167839 0.017615
14.172840 0.015733
14.177841 0.007903
14.182842 0.002880
14.187843 -0.000500
14.192844 -0.005912
14.197845 -0.011418
14.202846 -0.015235
14.207847 -0.018851
14.212848 -0.017177
14.217849 -0.021383
14.222850 -0.023760
14.227851 -0.020048
14.232852 -0.020799
14.237853 -0.016676
14.242854 -0.016815
14.247855 -0.016832
14.252856 -0.012376
14.257857 -0.012346
14.262858 -0.013630
14.267859 -0.010905
14.272860 -0.008865
14.277861 -0.013764
14.282862 -0.015851
14.287863 -0.015427
14.292864 -0.013729
14.297865 -0.019484
14.302866 -0.024201
14.307867 -0.023312
14.312868 -0.024992
14.317869 -0.026676
14.322870 -0.035297
14.327871 -0.032095
14.332872 -0.030593
14.337873 -0.035908
14.342874 -0.032711
14.347875 -0.035715
14.352876 -0.030997
14.357877 -0.028201
14.362878 -0.029497
14.367879 -0.021168
14.372880 -0.016181
14.377881 -0.010968
14.382882 -0.008182
14.387883 0.000596
14.392884 0.012704
14.397885 0.014412
14.402886 0.018782
14.407887 0.028375
14.412888 0.034896
14.417889 0.033904
14.422890 0.034541
14.427891 0.035889
14.432892 0.035888
14.437893 0.032664
14.442894 0.025871
14.447895 0.027120
14.452896 0.022570
14.457897 0.015812
14.462898 0.013618
14.467899 0.005367
14.472900 0.006375
14.477901 0.005297
14.482902 -0.003609
14.487903 -0.001041
14.492904 -0.000083
14.497905 0.000042
14.502906 -0.001834
14.507907 0.000078
14.512908 0.006605
14.517909 0.000832
14.522910 0.006719
14.527911 0.010567
14.532912 0.007571
14.537913 0.015944
14.542914 0.015595
14.547915 0.013141
14.552916 0.018457
14.557917 0.020368
14.562918 0.015825
14.567919 0.018074
14.572920 0.019111
14.577921 0.014280
14.582922 0.014077
14.587923 0.011204
14.592924 0.010569
14.597925 0.007853
14.602926 0.003156
14.607927 0.002275
14.612928 0.000418
14.617929 -0.001353
14.622930 -0.006155
14.627931 -0.007878
14.632932 -0.009955
14.637933 -0.012514
14.642934 -0.016406
14.647935 -0.022395
14.652936 -0.019422
14.657937 -0.023123
14.662938 -0.028606
14.667939 -0.027017
14.672940 -0.025431
14.677941 -0.027830
14.682942 -0.032025
14.687943 -0.027189
14.692944 -0.027715
14.697945 -0.030047
14.702946 -0.029398
14.707947 -0.027861
14.712948 -0.024195
14.717949 -0.024125
14.722950 -0.023540
14.727951 -0.020641
14.732952 -0.016562
14.737953 -0.016506
14.742954 -0.014344
14.747956 -0.013567
14.752957 -0.011124
14.757958 -0.010616
14.762959 -0.012815
14.767960 -0.011569
14.772961 -0.011782
14.777962 -0.009838
14.782963 -0.016688
14.787964 -0.015738
14.792965 -0.013609
14.797966 -0.020635
14.802967 -0.021178
14.807968 -0.022325
14.812969 -0.021824
14.817970 -0.025357
14.822971 -0.028555
14.827972 -0.024756
14.832973 -0.024385
14.837974 -0.022485
14.842975 -0.019522
14.847976 -0.017305
14.852977 -0.007503
14.857978 -0.002120
14.862979 0.002112
14.867980 0.013923
14.872981 0.023170
14.877982 0.030520
14.882983 0.038734
14.887984 0.047525
14.892985 0.056218
14.897986 0.061183
14.902987 0.060763
14.907988 0.066671
14.912989 0.069115
14.917990 0.065353
14.922991 0.061241
14.927992 0.059041
14.932993 0.057932
14.937994 0.047675
14.942995 0.043884
14.947996 0.035868
14.952997 0.030679
14.957998 0.028345
14.962999 0.015241
14.968000 0.010135
14.973001 0.007242
14.978002 -0.000460
14.983003 -0.009434
14.988004 -0.009763
14.993005 -0.012020
14.998006 -0.020739
15.003007 -0.021509
15.008008 -0.017997
15.013009 -0.019348
15.018010 -0.019066
15.023011 -0.015933
15.028012 -0.011516
15.033013 -0.004209
15.038014 -0.003463
15.043015 -0.000843
15.048016 0.003953
15.053017 0.006392
15.058018 0.006424
15.063019 0.003443
15.068020 0.002582
15.073021 0.001525
15.078022 -0.001856
15.083023 -0.008496
15.088024 -0.008290
15.093025 -0.005370
15.098026 -0.013630
15.103027 -0.012951
15.108028 -0.008603
15.113029 -0.011851
15.118030 -0.009970
15.123031 -0.010442
15.128032 -0.006760
15.133033 -0.003010
15.138034 -0.004272
15.143035 -0.002345
15.148036 -0.002003
15.153037 0.001783
15.158038 0.000267
15.163039 -0.005130
15.168040 -0.001893
15.173041 -0.003666
15.178042 -0.008797
15.183043 -0.011184
15.188044 -0.012542
15.193045 -0.012188
15.198046 -0.015008
15.203047 -0.016888
15.208048 -0.016414
15.213049 -0.014884
15.218050 -0.013756
15.223051 -0.016322
15.228052 -0.016724
15.233053 -0.014143
15.238054 -0.016150
15.243055 -0.019129
15.248056 -0.020284
15.253057 -0.019639
15.258058 -0.021384
15.263059 -0.024145
15.268060 -0.022420
15.273061 -0.020893
15.278062 -0.018793
15.283063 -0.020011
15.288064 -0.012861
15.293065 -0.005865
15.298066 -0.006216
15.303067 0.000516
15.308068 0.004594
15.313069 0.010397
15.318070 0.014383
15.323071 0.013727
15.328072 0.013927
15.333073 0.017733
15.338074 0.018892
15.343075 0.012668
15.348076 0.015410
15.353077 0.017273
15.358078 0.014119
15.363079 0.013321
15.368080 0.014131
15.373081 0.014876
15.378082 0.011364
15.383083 0.005970
15.388084 0.006491
15.393085 0.007160
15.398086 -0.002468
15.403087 -0.007483
15.408088 -0.009895
15.413089 -0.011897
15.418090 -0.012775
15.423091 -0.017270
15.428092 -0.013884
15.433093 -0.010035
15.438094 -0.009076
15.443095 -0.003253
15.448096 0.001811
15.453097 0.006893
15.458098 0.014035
15.463099 0.018550
15.468100 0.024003
15.473101 0.029407
15.478102 0.030569
15.483103 0.030059
15.488104 0.030140
15.493105 0.030287
15.498106 0.026838
15.503107 0.017884
15.508108 0.012860
15.513109 0.013061
15.518110 0.005652
15.523111 -0.002750
15.528112 -0.003106
15.533113 -0.001105
15.538114 -0.006264
15.543115 -0.007605
15.548116 -0.002485
15.553117 -0.001338
15.558118 -0.000203
15.563119 -0.001864
15.568120 0.004800
15.573121 0.007263
15.578122 0.002698
15.583123 0.006446
15.588124 0.004659
15.593125 0.006354
15.598126 0.006282
15.603127 0.003946
15.608128 0.006886
15.613129 0.005510
15.618130 0.008386
15.623131 0.004048
15.628132 0.004193
15.633133 0.009328
15.638134 0.004181
15.643135 0.005166
15.648136 0.002843
15.653137 0.004280
15.658138 -0.001181
15.663139 -0.006610
15.668140 -0.000967
15.673141 -0.007431
15.678142 -0.008447
15.683143 -0.011047
15.688144 -0.011650
15.693145 -0.009063
15.698146 -0.011901
15.703147 -0.006557
15.708148 -0.005377
15.713149 -0.001110
15.718150 0.003137
15.723151 0.000722
15.728152 0.008634
15.733153 0.010431
15.738154 0.006328
15.743155 0.011524
15.748156 0.010555
15.753157 0.009622
15.758158 0.011983
15.763159 0.008167
15.768160 0.011041
15.773161 0.013033
15.778162 0.011573
15.783163 0.011450
15.788164 0.010245
15.793165 0.013636
15.798166 0.009933
15.803167 0.005212
15.808168 0.006376
15.813169 0.001446
15.818170 -0.002077
15.823171 -0.004962
15.828172 -0.011307
15.833173 -0.010051
15.838174 -0.016612
15.843175 -0.022795
15.848176 -0.021003
15.853177 -0.024494
15.858178 -0.022443
15.863179 -0.027075
15.868180 -0.023523
15.873181 -0.018303
15.878182 -0.024275
15.883183 -0.018254
15.888184 -0.016284
15.893185 -0.014429
15.898186 -0.012927
15.903187 -0.016163
15.908188 -0.012102
15.913189 -0.011551
15.918190 -0.010865
15.923191 -0.012311
15.928192 -0.013171
15.933193 -0.007228
15.938194 -0.008357
15.943195 -0.006189
15.948196 -0.006822
15.953197 -0.003008
15.958198 0.003746
15.963199 -0.002898
15.968200 0.002591
15.973201 0.005974
15.978202 0.002938
15.983203 0.004431
15.988204 0.002757
15.993205 0.005104
15.998206 0.005730
16.003207 0.001720
16.008208 0.001684
16.013209 0.002690
16.018210 0.000997
16.023211 -0.002340
16.028212 -0.003168
16.033213 -0.002149
16.038214 -0.003108
16.043215 -0.004882
16.048216 -0.008981
16.053217 -0.005900
16.058218 -0.005946
16.063219 -0.011452
16.068220 -0.008110
16.073221 -0.007723
16.078222 -0.008719
16.083223 -0.010088
16.088224 -0.009706
16.093225 -0.004737
16.098226 -0.004950
16.103227 -0.005763
16.108228 -0.001742
16.113229 0.003964
16.118230 0.004160
16.123231 0.003257
16.128232 0.009641
16.133233 0.015107
16.138234 0.016165
16.143235 0.018330
16.148236 0.020970
16.153237 0.026833
16.158238 0.029161
16.163239 0.026856
16.168240 0.032347
16.173241 0.033715
16.178242 0.033195
16.183243 0.030511
16.188244 0.027169
16.193245 0.029377
16.198246 0.022526
16.203247 0.016566
16.208248 0.012334
16.213249 0.006990
16.218250 0.001148
16.223251 -0.006845
16.228252 -0.009597
16.233253 -0.011068
16.238254 -0.015710
16.243255 -0.019121
16.248256 -0.017664
16.253257 -0.015888
16.258258 -0.015659
16.263259 -0.015010
16.268260 -0.008938
16.273261 -0.005249
16.278262 -0.005174
16.283263 -0.001072
16.288264 0.002048
16.293265 0.006042
16.298266 0.007021
16.303267 0.006369
16.308268 0.008317
16.313269 0.009173
16.318270 0.009626
16.323271 0.006197
16.328272 0.006409
16.333273 0.007797
16.338274 0.002653
16.343275 0.002810
16.348276 0.004257
16.353277 0.003619
16.358278 0.002875
16.363279 0.000801
16.368280 0.003359
16.373281 0.005662
16.378282 0.005654
16.383283 0.006167
16.388284 0.007305
16.393285 0.009244
16.398286 0.008841
16.403287 0.009607
16.408288 0.008955
16.413289 0.009580
16.418290 0.010250
16.423291 0.004067
16.428292 0.005174
16.433293 0.004309
16.438294 -0.004260
16.443295 -0.004641
16.448296 -0.005672
16.453297 -0.011332
16.458298 -0.015444
16.463299 -0.018845
16.468300 -0.020448
16.473301 -0.020600
16.478302 -0.024122
16.483303 -0.028733
16.488304 -0.024894
16.493305 -0.024998
16.498306 -0.027548
16.503307 -0.026374
16.508308 -0.028233
16.513309 -0.024106
16.518310 -0.024446
16.523311 -0.026517
16.528312 -0.024700
16.533313 -0.021839
16.538314 -0.020738
16.543315 -0.022590
16.548316 -0.018282
16.553317 -0.016179
16.558318 -0.013450
16.563319 -0.012216
16.568320 -0.009248
16.573321 -0.003938
16.578322 -0.002819
16.583323 -0.000161
16.588324 0.000707
16.593325 0.004113
16.598326 0.004753
16.603327 0.003269
16.608328 0.002982
16.613329 0.005150
16.618330 0.005178
16.623331 -0.002610
16.628332 0.000815
16.633333 0.002127
16.638334 -0.001804
16.643335 0.000971
16.648336 -0.000647
16.653337 0.004270
16.658338 0.008611
16.663339 0.005258
16.668340 0.011627
16.673341 0.019356
16.678342 0.019452
16.683343 0.022797
16.688344 0.029412
16.693345 0.032759
16.698346 0.034776
16.703347 0.033013
16.708348 0.035636
16.713349 0.040675
16.718350 0.036652
16.723351 0.034280
16.728352 0.035152
16.733353 0.037306
16.738354 0.032031
16.743355 0.028365
16.748356 0.031713
16.753357 0.026495
16.758358 0.023677
16.763359 0.018970
16.768360 0.017179
16.773361 0.015559
16.778362 0.007691
16.783363 0.002499
16.788364 0.001356
16.793365 0.004462
16.798366 -0.003784
16.803367 -0.006243
16.808368 -0.004420
16.813369 -0.003896
16.818370 -0.003416
16.823371 -0.010626
16.828372 -0.005149
16.833373 -0.003573
16.838374 -0.007967
16.843375 -0.011049
16.848376 -0.012206
16.853377 -0.010055
16.858378 -0.017612
16.863379 -0.022150
16.868380 -0.023134
16.873381 -0.023699
16.878382 -0.027955
16.883383 -0.032141
16.888384 -0.030610
16.893385 -0.029866
16.898386 -0.028067
16.903387 -0.030131
16.908388 -0.026380
16.913389 -0.020724
16.918390 -0.020697
16.923391 -0.017964
16.928392 -0.012451
16.933393 -0.006068
16.938394 -0.007499
16.943395 -0.004906
16.948396 0.001543
16.953397 0.002832
16.958398 0.003678
16.963399 0.002499
16.968400 0.008511
16.973401 0.008770
16.978402 0.004500
16.983403 0.009624
16.988404 0.007558
16.993405 0.004215
16.998406 0.006024
17.003407 0.000370
17.008408 -0.002807
17.013410 -0.000077
17.018411 -0.006695
17.023412 -0.012110
17.028413 -0.011818
17.033414 -0.014822
17.038415 -0.019744
17.043416 -0.024589
17.048417 -0.023434
17.053418 -0.020855
17.058419 -0.025261
17.063420 -0.025882
17.068421 -0.019576
17.073422 -0.018444
17.078423 -0.015064
17.083424 -0.010603
17.088425 -0.008442
17.093426 -0.001495
17.098427 0.001190
17.103428 0.003533
17.108429 0.007026
17.113430 0.009897
17.118431 0.014772
17.123432 0.013342
17.128433 0.012230
17.133434 0.019254
17.138435 0.018763
17.143436 0.014338
17.148437 0.018512
17.153438 0.019258
17.158439 0.017261
17.163440 0.013341
17.168441 0.015400
17.173442 0.019517
17.178443 0.013410
17.183444 0.013533
17.188445 0.014227
17.193446 0.015551
17.198447 0.017280
17.203448 0.013873
17.208449 0.016766
17.213450 0.019797
17.218451 0.018618
17.223452 0.017892
17.228453 0.019830
17.233454 0.020327
17.238455 0.019942
17.243456 0.019013
17.248457 0.017418
17.253458 0.016023
17.258459 0.015033
17.263460 0.011716
17.268461 0.006270
17.273462 0.007621
17.278463 0.002920
17.283464 -0.003645
17.288465 -0.005622
17.293466 -0.008180
17.298467 -0.012417
17.303468 -0.016899
17.308469 -0.018350
17.313470 -0.020931
17.318471 -0.022152
17.323472 -0.026898
17.328473 -0.025719
17.333474 -0.023829
17.338475 -0.025983
17.343476 -0.023425
17.348477 -0.023436
17.353478 -0.018050
17.358479 -0.013299
17.363480 -0.015374
17.368481 -0.008958
17.373482 -0.002876
17.378483 -0.002805
17.383484 0.001928
17.388485 0.003610
17.393486 0.007177
17.398487 0.009275
17.403488 0.006929
17.408489 0.009981
17.413490 0.010268
17.418491 0.008259
17.423492 0.005679
17.428493 0.006241
17.433494 0.006041
17.438495 0.001076
17.443496 -0.003404
17.448497 -0.004892
17.453498 -0.002334
17.458499 -0.006844
17.463500 -0.011966
17.468501 -0.010151
17.473502 -0.009147
17.478503 -0.008876
17.483504 -0.009202
17.488505 -0.005306
17.493506 -0.001302
17.498507 -0.001192
17.503508 0.003280
17.508509 0.008056
17.513510 0.010803
17.518511 0.013806
17.523512 0.015200
17.528513 0.017162
17.533514 0.022222
17.538515 0.021202
17.543516 0.018459
17.548517 0.022605
17.553518 0.022543
17.558519 0.020622
17.563520 0.015570
17.568521 0.015288
17.573522 0.016350
17.578523 0.009258
17.583524 0.006132
17.588525 0.000986
17.593526 0.001075
17.598527 -0.002954
17.603528 -0.010533
17.608529 -0.010307
17.613530 -0.013042
17.618531 -0.014989
17.623532 -0.021584
17.628533 -0.019487
17.633534 -0.016541
17.638535 -0.020046
17.643536 -0.019161
17.648537 -0.020024
17.653538 -0.016492
17.658539 -0.014860
17.663540 -0.013377
17.668541 -0.014814
17.673542 -0.011595
17.678543 -0.008143
17.683544 -0.013086
17.688545 -0.006921
17.693546 -0.005439
17.698547 -0.007082
17.703548 -0.003453
17.708549 -0.003427
17.713550 -0.000835
17.718551 0.001071
17.723552 0.000296
17.728553 0.002979
17.733554 0.004401
17.738555 0.005672
17.743556 0.003958
17.748557 0.005150
17.753558 0.009672
17.758559 0.003638
17.763560 0.006143
17.768561 0.005876
17.773562 0.003855
17.778563 0.006303
17.783564 0.000863
17.788565 0.000360
17.793566 0.001708
17.798567 0.000658
17.803568 -0.003845
17.808569 -0.001989
17.813570 -0.001659
17.818571 -0.006518
17.823572 -0.007760
17.828573 -0.010081
17.833574 -0.009209
17.838575 -0.010429
17.843576 -0.015901
17.848577 -0.016178
17.853578 -0.013962
17.858579 -0.016289
17.863580 -0.017235
17.868581 -0.015891
17.873582 -0.013087
17.878583 -0.010626
17.883584 -0.011506
17.888585 -0.008075
17.893586 -0.001861
17.898587 -0.000572
17.903588 -0.000704
17.908589 0.003147
17.913590 0.007301
17.918591 0.005154
17.923592 0.005388
17.928593 0.006707
17.933594 0.009144
17.938595 0.006669
17.943596 -0.000154
17.948597 0.004619
17.953598 0.000877
17.958599 -0.000493
17.963600 -0.001538
17.968601 -0.004515
17.973602 -0.002105
17.978603 -0.005446
17.983604 -0.002918
17.988605 -0.004708
17.993606 -0.003017
17.998607 -0.002173
18.003608 -0.006679
18.008609 -0.003162
18.013610 0.000073
18.018611 -0.003138
18.023612 -0.003711
18.028613 -0.000275
18.033614 -0.001677
18.038615 0.001710
18.043616 -0.001066
18.048617 0.000014
18.053618 0.006247
18.058619 0.003822
18.063620 0.004733
18.068621 0.009145
18.073622 0.013219
18.078623 0.012057
18.083624 0.013018
18.088625 0.015683
18.093626 0.020319
18.098627 0.018300
18.103628 0.015474
18.108629 0.018983
18.113630 0.018012
18.118631 0.017596
18.123632 0.012226
18.128633 0.013655
18.133634 0.014075
18.138635 0.008690
18.143636 0.008797
18.148637 0.008609
18.153638 0.008288
18.158639 0.007160
18.163640 0.005455
18.168641 0.004116
18.173642 0.009723
18.178643 0.008152
18.183644 0.005048
18.188645 0.010916
18.193646 0.012471
18.198647 0.011259
18.203648 0.011214
18.208649 0.016043
18.213650 0.017960
18.218651 0.016683
18.223652 0.014998
18.228653 0.016357
18.233654 0.019068
18.238655 0.012645
18.243656 0.008989
18.248657 0.008950
18.253658 0.006336
18.258659 -0.000807
18.263660 -0.008236
18.268661 -0.009415
18.273662 -0.013946
18.278663 -0.018071
18.283664 -0.024136
18.288665 -0.026729
18.293666 -0.023444
18.298667 -0.028797
18.303668 -0.028659
18.308669 -0.024140
18.313670 -0.022533
18.318671 -0.020685
18.323672 -0.018080
18.328673 -0.012893
18.333674 -0.007796
18.338675 -0.003646
18.343676 -0.003188
18.348677 0.000468
18.353678 0.008399
18.358679 0.008681
18.363680 0.006520
18.368681 0.009540
18.373682 0.011918
18.378683 0.011625
18.383684 0.009394
18.388685 0.008732
18.393686 0.009568
18.398687 0.007369
18.403688 0.004082
18.408689 0.004465
18.413690 0.003093
18.418691 -0.000764
18.423692 -0.002254
18.428693 -0.004448
18.433694 -0.004336
18.438695 -0.006496
18.443696 -0.010365
18.448697 -0.010379
18.453698 -0.008682
18.458699 -0.009835
18.463700 -0.012963
18.468701 -0.009736
18.473702 -0.007964
18.478703 -0.007068
18.483704 -0.004206
18.488705 -0.004356
18.493706 0.000916
18.498707 0.004051
18.503708 0.001720
18.508709 0.007237
18.513710 0.012568
18.518711 0.010322
18.523712 0.009137
18.528713 0.013919
18.533714 0.015456
18.538715 0.009647
18.543716 0.011238
18.548717 0.013625
18.553718 0.009752
18.558719 0.008574
18.563720 0.005760
18.568721 0.003911
18.573722 0.004269
18.578723 0.003142
18.583724 -0.002087
18.588725 -0.002000
18.593726 0.000977
18.598727 -0.003749
18.603728 -0.006035
18.608729 -0.005160
18.613730 -0.003087
18.618731 -0.006195
18.623732 -0.007534
18.628733 -0.005454
18.633734 -0.005280
18.638735 -0.003225
18.643736 -0.005849
18.648737 -0.005264
18.653738 -0.001150
18.658739 -0.000926
18.663740 -0.003441
18.668741 -0.002241
18.673742 0.002050
18.678743 0.000226
18.683744 -0.000239
18.688745 0.001328
18.693746 0.001085
18.698747 0.000732
18.703748 -0.002358
18.708749 -0.003767
18.713750 -0.001981
18.718751 -0.004131
18.723752 -0.009039
18.728753 -0.010223
18.733754 -0.009522
18.738755 -0.011833
18.743756 -0.014648
18.748757 -0.014017
18.753758 -0.012328
18.758759 -0.012748
18.763760 -0.013952
18.768761 -0.009714
18.773762 -0.007335
18.778763 -0.005752
18.783764 -0.003852
18.788765 -0.002056
18.793766 0.005389
18.798767 0.003390
18.803768 0.003562
18.808769 0.008587
18.813770 0.009228
18.818771 0.010234
18.823772 0.007179
18.828773 0.008296
18.833774 0.013346
18.838775 0.010767
18.843776 0.006191
18.848777 0.009333
18.853778 0.010432
18.858779 0.006861
18.863780 0.004172
18.868781 0.005268
18.873782 0.003214
18.878783 -0.000060
18.883784 -0.001248
18.888785 -0.005162
18.893786 -0.001143
18.898787 -0.005816
18.903788 -0.009486
18.908789 -0.005877
18.913790 -0.007187
18.918791 -0.005349
18.923792 -0.010999
18.928793 -0.007925
18.933794 -0.004726
18.938795 -0.009354
18.943796 -0.009836
18.948797 -0.009513
18.953798 -0.007133
18.958799 -0.010198
18.963800 -0.010264
18.968801 -0.012476
18.973802 -0.011248
18.978803 -0.009232
18.983804 -0.015492
18.988805 -0.011913
18.993806 -0.007324
18.998807 -0.009812
19.003808 -0.013241
19.008809 -0.009116
19.013810 -0.004125
19.018811 -0.004793
19.023812 -0.005894
19.028813 -0.005561
19.033814 -0.000745
19.038815 -0.002531
19.043816 -0.003602
19.048817 0.000322
19.053818 0.000474
19.058819 0.002112
19.063820 0.001329
19.068821 0.004254
19.073822 0.008765
19.078823 0.009051
19.083824 0.008120
19.088825 0.013693
19.093826 0.018565
19.098827 0.014445
19.103828 0.018600
19.108829 0.019396
19.113830 0.021173
19.118831 0.021184
19.123832 0.018431
19.128833 0.022514
19.133834 0.020152
19.138835 0.021036
19.143836 0.017204
19.148837 0.016749
19.153838 0.021057
19.158839 0.016039
19.163840 0.013827
19.168841 0.014593
19.173842 0.014538
19.178843 0.012803
19.183844 0.010719
19.188845 0.010816
19.193846 0.012453
19.198847 0.011016
19.203848 0.009571
19.208849 0.011132
19.213850 0.013519
19.218851 0.012429
19.223852 0.008937
19.228853 0.012713
19.233854 0.015814
19.238855 0.012454
19.243856 0.011407
19.248857 0.011639
19.253858 0.012891
19.258859 0.010335
19.263860 0.006127
19.268861 0.007402
19.273862 0.004233
19.278863 0.000901
19.283865 -0.002603
19.288866 -0.006387
19.293867 -0.007588
19.298868 -0.012019
19.303869 -0.017486
19.308870 -0.019662
19.313871 -0.017963
19.318872 -0.023505
19.323873 -0.025949
19.328874 -0.026343
19.333875 -0.026261
19.338876 -0.023464
19.343877 -0.030708
19.348878 -0.026577
19.353879 -0.023746
19.358880 -0.026286
19.363881 -0.021997
19.368882 -0.024110
19.373883 -0.019794
19.378884 -0.016752
19.383885 -0.020206
19.388886 -0.014236
19.393887 -0.012534
19.398888 -0.013530
19.403889 -0.009020
19.408890 -0.009999
19.413891 -0.005550
19.418892 -0.005982
19.423893 -0.009575
19.428894 -0.002596
19.433895 -0.002042
19.438896 -0.003059
19.443897 -0.001860
19.448898 -0.002115
19.453899 0.001265
19.458900 0.001910
19.463901 -0.001316
19.468902 0.001924
19.473903 0.004407
19.478904 0.002704
19.483905 0.001254
19.488906 0.004445
19.493907 0.006978
19.498908 0.001614
19.503909 0.002349
19.508910 0.005502
19.513911 0.005427
19.518912 0.003509
19.523913 0.001723
19.528914 0.003683
19.533915 0.006291
19.538916 0.005539
19.543917 0.003360
19.548918 0.007401
19.553919 0.008390
19.558920 0.008301
19.563921 0.009911
19.568922 0.009659
19.573923 0.014839
19.578924 0.014147
19.583925 0.010801
19.588926 0.013644
19.593927 0.015929
19.598928 0.013170
19.603929 0.008382
19.608930 0.012638
19.613931 0.011380
19.618932 0.006904
19.623933 0.007144
19.628934 0.002881
19.633935 0.005549
19.638936 0.004518
19.643937 -0.001257
19.648938 0.000252
19.653939 0.003290
19.658940 0.002248
19.663941 -0.002338
19.668942 0.001299
19.673943 0.002954
19.678944 0.002108
19.683945 0.003236
19.688946 0.001711
19.693947 0.005907
19.698948 0.004560
19.703949 0.003689
19.708950 0.007102
19.713951 0.005351
19.718952 0.007392
19.723953 0.007450
19.728954 0.007407
19.733955 0.009644
19.738956 0.009247
19.743957 0.007061
19.748958 0.007129
19.753959 0.011446
19.758960 0.007576
19.763961 0.005339
19.768962 0.008141
19.773963 0.007411
19.778964 0.006164
19.783965 0.001697
19.788966 0.002613
19.793967 0.004024
19.798968 -0.000072
19.803969 -0.004065
19.808970 -0.002339
19.813971 0.000560
19.818972 -0.004684
19.823973 -0.006944
19.828974 -0.005367
19.833975 -0.004387
19.838976 -0.007717
19.843977 -0.009843
19.848978 -0.007943
19.853979 -0.007992
19.858980 -0.009992
19.863981 -0.014272
19.868982 -0.012306
19.873983 -0.012576
19.878984 -0.013940
19.883985 -0.016318
19.888986 -0.017448
19.893987 -0.013415
19.898988 -0.018564
19.903989 -0.018805
19.908990 -0.016133
19.913991 -0.016540
19.918992 -0.015390
19.923993 -0.018475
19.928994 -0.016809
19.933995 -0.012052
19.938996 -0.014007
19.943997 -0.014516
19.948998 -0.011598
19.953999 -0.008759
19.959000 -0.008302
19.964001 -0.009802
19.969002 -0.004225
19.974003 -0.001877
19.979004 -0.003783
19.984005 -0.000352
19.989006 0.001896
19.994007 0.003159
19.999008 0.004249
20.004009 0.004682
20.009010 0.006457
20.014011 0.008743
20.019012 0.008197
20.024013 0.005114
20.029014 0.007602
20.034015 0.010112
20.039016 0.007047
20.044017 0.005207
20.049018 0.005066
20.054019 0.006496
20.059020 0.005321
20.064021 0.001842
20.069022 0.002462
20.074023 0.004607
20.079024 0.001426
20.084025 -0.001955
20.089026 0.001640
20.094027 0.000670
20.099028 -0.000829
20.104029 -0.001329
20.109030 -0.003291
20.114031 0.001630
20.119032 0.000235
20.124033 -0.003869
20.129034 -0.000338
20.134035 0.002631
20.139036 0.000650
20.144037 -0.000659
20.149038 0.001804
20.154039 0.004977
20.159040 0.004248
20.164041 0.000984
20.169042 0.007053
20.174043 0.008220
20.179044 0.002819
20.184045 0.006824
20.189046 0.004279
20.194047 0.002191
20.199048 0.004287
20.204049 -0.002289
20.209050 -0.001506
20.214051 -0.000378
20.219052 -0.004661
20.224053 -0.008708
20.229054 -0.010283
20.234055 -0.006440
20.239056 -0.010227
20.244057 -0.011663
20.249058 -0.009312
20.254059 -0.009086
20.259060 -0.007854
20.264061 -0.009148
20.269062 -0.006738
20.274063 -0.003364
20.279064 -0.002497
20.284065 -0.003630
20.289066 -0.001428
20.294067 0.002325
20.299068 0.000667
20.304069 0.000579
20.309070 0.002762
20.314071 0.003190
20.319072 0.003015
20.324073 0.004500
20.329074 0.003382
20.334075 0.007914
20.339076 0.008227
20.344077 0.004173
20.349078 0.011055
20.354079 0.010363
20.359080 0.009079
20.364081 0.010734
20.369082 0.011522
20.374083 0.011314
20.379084 0.010856
20.384085 0.009189
20.389086 0.008172
20.394087 0.011902
20.399088 0.006826
20.404089 0.005575
20.409090 0.005891
20.414091 0.005714
20.419092 0.005816
20.424093 0.002925
20.429094 0.004489
20.434095 0.003903
20.439096 0.004403
20.444097 0.001657
20.449098 0.000160
20.454099 0.004034
20.459100 0.001492
20.464101 -0.001272
20.469102 -0.000983
20.474103 0.000810
20.479104 -0.001376
20.484105 -0.006070
20.489106 -0.003104
20.494107 -0.002393
20.499108 -0.005745
20.504109 -0.008625
20.509110 -0.007564
20.514111 -0.004256
20.519112 -0.007202
20.524113 -0.011011
20.529114 -0.008755
20.534115 -0.006391
20.539116 -0.007635
20.544117 -0.010091
20.549118 -0.010919
20.554119 -0.005867
20.559120 -0.007756
20.564121 -0.011176
20.569122 -0.006325
20.574123 -0.004589
20.579124 -0.005762
20.584125 -0.006503
20.589126 -0.004164
20.594127 -0.001566
20.599128 -0.000151
20.604129 0.000633
20.609130 0.000377
20.614131 0.004050
20.619132 0.005043
20.624133 0.003194
20.629134 0.006766
20.634135 0.007799
20.639136 0.007216
20.644137 0.007560
20.649138 0.007655
20.654139 0.010738
20.659140 0.008726
20.664141 0.006565
20.669142 0.009824
20.674143 0.009506
20.679144 0.008515
20.684145 0.007276
20.689146 0.006711
20.694147 0.009991
20.699148 0.008146
20.704149 0.004766
20.709150 0.007866
20.714151 0.008630
20.719152 0.004558
20.724153 0.002905
20.729154 0.004945
20.734155 0.005404
20.739156 0.001881
20.744157 0.000168
20.749158 -0.001310
20.754159 0.000326
20.759160 -0.000280
20.764161 -0.005910
20.769162 -0.004135
20.774163 -0.002995
20.779164 -0.006409
20.784165 -0.010620
20.789166 -0.008844
20.794167 -0.007967
20.799168 -0.011534
20.804169 -0.014318
20.809170 -0.013748
20.814171 -0.011127
20.819172 -0.016420
20.824173 -0.016354
20.829174 -0.014142
20.834175 -0.013943
20.839176 -0.014559
20.844177 -0.017109
20.849178 -0.015235
20.854179 -0.011214
20.859180 -0.012236
20.864181 -0.015613
20.869182 -0.009875
20.874183 -0.010686
20.879184 -0.011124
20.884185 -0.009269
20.889186 -0.011848
20.894187 -0.005974
20.899188 -0.008608
20.904189 -0.011579
20.909190 -0.007582
20.914191 -0.007270
20.919192 -0.006564
20.924193 -0.008569
20.929194 -0.006175
20.934195 -0.002684
20.939196 -0.004791
20.944197 -0.005424
20.949198 -0.001561
20.954199 0.002291
20.959200 0.000512
20.964201 0.002172
20.969202 0.004181
20.974203 0.004996
20.979204 0.009347
20.984205 0.006873
20.989206 0.009567
20.994207 0.014441
20.999208 0.011452
21.004209 0.012595
21.009210 0.014688
21.014211 0.018649
21.019212 0.016935
21.024213 0.014539
21.029214 0.017946
21.034215 0.020114
21.039216 0.018821
21.044217 0.013576
21.049218 0.017216
21.054219 0.015879
21.059220 0.015100
21.064221 0.015161
21.069222 0.011014
21.074223 0.015472
21.079224 0.011995
21.084225 0.011273
21.089226 0.013305
21.094227 0.011541
21.099228 0.011719
21.104229 0.010635
21.109230 0.010597
21.114231 0.010983
21.119232 0.009397
21.124233 0.007384
21.129234 0.007902
21.134235 0.005262
21.139236 0.005308
21.144237 0.001768
21.149238 0.000454
21.154239 0.003544
21.159240 -0.001861
21.164241 -0.003070
21.169242 -0.003659
21.174243 -0.002085
21.179244 -0.003558
21.184245 -0.007083
21.189246 -0.003700
21.194247 -0.007116
21.199248 -0.005056
21.204249 -0.007059
21.209250 -0.010845
21.214251 -0.003558
21.219252 -0.009731
21.224253 -0.011483
21.229254 -0.008497
21.234255 -0.008687
21.239256 -0.010440
21.244257 -0.014019
21.249258 -0.009353
21.254259 -0.010581
21.259260 -0.010718
21.264261 -0.011795
21.269262 -0.013155
21.274263 -0.008975
21.279264 -0.010919
21.284265 -0.013354
21.289266 -0.011611
21.294267 -0.009955
21.299268 -0.011176
21.304269 -0.013737
21.309270 -0.009869
21.314271 -0.007502
21.319272 -0.012261
21.324273 -0.009650
21.329274 -0.009197
21.334275 -0.007577
21.339276 -0.006189
21.344277 -0.009642
21.349278 -0.005196
21.354279 -0.001813
21.359280 -0.003645
21.364281 -0.004298
21.369282 0.000522
21.374283 0.001991
21.379284 0.002537
21.384285 0.002416
21.389286 0.003629
21.394287 0.008384
21.399288 0.006303
21.404289 0.005895
21.409290 0.008179
21.414291 0.010346
21.419292 0.009307
21.424293 0.008980
21.429294 0.010262
21.434295 0.013032
21.439296 0.013455
21.444297 0.008874
21.449298 0.013931
21.454299 0.013350
21.459300 0.011429
21.464301 0.013517
21.469302 0.010183
21.474303 0.013042
21.479304 0.011894
21.484305 0.007472
21.489306 0.010170
21.494307 0.008383
21.499308 0.007931
21.504309 0.007858
21.509310 0.003138
21.514311 0.009804
21.519312 0.005709
21.524313 0.001371
21.529314 0.006813
21.534315 0.004360
21.539316 0.004634
21.544317 0.000888
21.549319 0.003464
21.554320 0.004249
21.559321 0.002322
21.564322 0.001250
21.569323 0.000214
21.574324 0.002634
21.579325 -0.000506
21.584326 -0.001618
21.589327 -0.003824
21.594328 0.000240
21.599329 -0.001214
21.604330 -0.003419
21.609331 -0.003129
21.614332 -0.001104
21.619333 0.002144
21.624334 -0.004741
21.629335 0.002218
21.634336 0.003620
21.639337 -0.000382
21.644338 0.002917
21.649339 0.003437
21.654340 0.005118
21.659341 0.003571
21.664342 0.002557
21.669343 0.004200
21.674344 0.003928
21.679345 0.000783
21.684346 0.000213
21.689347 -0.000225
21.694348 0.000067
21.699349 -0.001255
21.704350 -0.005147
21.709351 -0.005547
21.714352 -0.003007
21.719353 -0.005907
21.724354 -0.010629
21.729355 -0.006375
21.734356 -0.006093
21.739357 -0.009676
21.744358 -0.012162
21.749359 -0.010365
21.754360 -0.010361
21.759361 -0.013997
21.764362 -0.014858
21.769363 -0.017774
21.774364 -0.014611
21.779365 -0.016411
21.784366 -0.020939
21.789367 -0.017316
21.794368 -0.018328
21.799369 -0.019375
21.804370 -0.020040
21.809371 -0.021062
21.814372 -0.017080
21.819373 -0.019228
21.824374 -0.020915
21.829375 -0.018160
21.834376 -0.018241
21.839377 -0.016199
21.844378 -0.018542
21.849379 -0.017666
21.854380 -0.012513
21.859381 -0.015227
21.864382 -0.016517
21.869383 -0.012054
21.874384 -0.009168
21.879385 -0.009716
21.884386 -0.009710
21.889387 -0.007129
21.894388 -0.004410
21.899389 -0.003914
21.904390 -0.004168
21.909391 -0.002079
21.914392 0.001348
21.919393 0.001553
21.924394 0.002019
21.929395 0.003628
21.934396 0.008451
21.939397 0.008074
21.944398 0.006002
21.949399 0.013505
21.954400 0.013672
21.959401 0.015709
21.964402 0.016105
21.969403 0.016230
21.974404 0.022653
21.979405 0.020695
21.984406 0.019425
21.989407 0.021922
21.994408 0.023947
21.999409 0.022854
22.004410 0.022563
22.009411 0.021111
22.014412 0.023328
22.019413 0.024240
22.024414 0.018754
22.029415 0.019112
22.034416 0.023241
22.039417 0.019343
22.044418 0.014201
22.049419 0.020122
22.054420 0.019079
22.059421 0.016572
22.064422 0.014557
22.069423 0.015242
22.074424 0.016662
22.079425 0.012097
22.084426 0.014612
22.089427 0.011378
22.094428 0.011462
22.099429 0.011425
22.104430 0.005404
22.109431 0.008780
22.114432 0.008064
22.119433 0.004681
22.124434 0.001452
22.129435 0.002765
22.134436 0.005609
22.139437 -0.001675
22.144438 -0.002967
22.149439 -0.003433
22.154440 -0.002094
22.159441 -0.004997
22.164442 -0.012027
22.169443 -0.007127
22.174444 -0.008713
22.179445 -0.011508
22.184446 -0.013675
22.189447 -0.015004
22.194448 -0.012384
22.199449 -0.015260
22.204450 -0.019956
22.209451 -0.016631
22.214452 -0.013955
22.219453 -0.019476
22.224454 -0.017967
22.229455 -0.018860
22.234456 -0.019037
22.239457 -0.016276
22.244458 -0.018601
22.249459 -0.017773
22.254460 -0.015203
22.259461 -0.013758
22.264462 -0.018164
22.269463 -0.014137
22.274464 -0.009558
22.279465 -0.012419
22.284466 -0.011073
22.289467 -0.011645
22.294468 -0.005998
22.299469 -0.006714
22.304470 -0.009227
22.309471 -0.003282
22.314472 -0.001157
22.319473 -0.002110
22.324474 -0.003491
22.329475 0.002065
22.334476 0.004100
22.339477 0.003195
22.344478 0.003646
22.349479 0.005014
22.354480 0.007244
22.359481 0.006316
22.364482 0.007565
22.369483 0.006612
22.374484 0.009434
22.379485 0.010421
22.384486 0.005611
22.389487 0.009564
22.394488 0.010797
22.399489 0.009834
22.404490 0.008662
22.409491 0.007828
22.414492 0.012202
22.419493 0.008391
22.424494 0.007244
22.429495 0.008740
22.434496 0.007403
22.439497 0.008609
22.444498 0.004361
22.449499 0.003223
22.454500 0.006678
22.459501 0.003657
22.464502 0.001404
22.469503 0.001412
22.474504 0.002300
22.479505 0.002862
22.484506 -0.002213
22.489507 0.000876
22.494508 0.003198
22.499509 0.000013
22.504510 0.001397
22.509511 0.000813
22.514512 0.004770
22.519513 0.006260
22.524514 -0.000436
22.529515 0.003063
22.534516 0.008260
22.539517 0.004583
22.544518 0.003364
22.549519 0.003573
22.554520 0.005950
22.559521 0.004564
22.564522 0.001783
22.569523 0.003500
22.574524 0.004094
22.579525 0.000367
22.584526 -0.001283
22.589527 0.001659
22.594528 -0.000630
22.599529 0.000003
22.604530 -0.003937
22.609531 -0.005654
22.614532 -0.001476
22.619533 -0.004593
22.624534 -0.008285
22.629535 -0.008456
22.634536 -0.004461
22.639537 -0.009649
22.644538 -0.009793
22.649539 -0.008190
22.654540 -0.010570
22.659541 -0.007228
22.664542 -0.012228
22.669543 -0.010337
22.674544 -0.009052
22.679545 -0.009737
22.684546 -0.009409
22.689547 -0.011311
22.694548 -0.004551
22.699549 -0.007146
22.704550 -0.008985
22.709551 -0.005979
22.714552 -0.004692
22.719553 -0.001987
22.724554 -0.004445
22.729555 -0.003858
22.734556 0.001271
22.739557 -0.000998
22.744558 -0.003017
22.749559 0.001634
22.754560 0.003273
22.759561 0.001367
22.764562 -0.001787
22.769563 0.003812
22.774564 0.004028
22.779565 0.000868
22.784566 0.003645
22.789567 0.001064
22.794568 0.004663
22.799569 0.003724
22.804570 -0.001017
22.809571 0.003474
22.814572 0.005175
22.819573 0.002383
22.824574 0.002302
22.829575 0.001806
22.834576 0.004958
22.839577 0.003730
22.844578 0.000669
22.849579 0.004528
22.854580 0.002837
22.859581 0.005581
22.864582 0.000147
22.869583 0.000249
22.874584 0.005389
22.879585 -0.001475
22.884586 0.000461
22.889587 -0.002063
22.894588 0.000531
22.899589 -0.001778
22.904590 -0.005675
22.909591 -0.001734
22.914592 -0.003807
22.919593 -0.001782
22.924594 -0.008113
22.929595 -0.006283
22.934596 -0.002479
22.939597 -0.008099
22.944598 -0.008780
22.949599 -0.005749
22.954600 -0.003846
22.959601 -0.008024
22.964602 -0.006644
22.969603 -0.006339
22.974604 -0.005000
22.979605 -0.002909
22.984606 -0.006744
22.989607 -0.004019
22.994608 -0.000841
22.999609 -0.002103
23.004610 -0.001576
23.009611 0.000029
23.014612 0.001899
23.019613 0.003388
23.024614 0.003628
23.029615 0.003766
23.034616 0.006506
23.039617 0.009737
23.044618 0.006173
23.049619 0.006606
23.054620 0.011158
23.059621 0.010455
23.064622 0.008924
23.069623 0.009090
23.074624 0.011739
23.079625 0.008232
23.084626 0.005732
23.089627 0.005683
23.094628 0.005042
23.099629 0.004019
23.104630 -0.002754
23.109631 -0.000999
23.114632 -0.000558
23.119633 -0.003003
23.124634 -0.006799
23.129635 -0.009140
23.134636 -0.002973
23.139637 -0.008282
23.144638 -0.007820
23.149639 -0.004591
23.154640 -0.006283
23.159641 -0.003916
23.164642 -0.005800
23.169643 -0.002493
23.174644 -0.001019
23.179645 -0.002849
23.184646 -0.001935
23.189647 0.000759
23.194648 0.001980
23.199649 0.000001
23.204650 0.000580
23.209651 0.001750
23.214652 0.003876
23.219653 0.002553
23.224654 0.000046
23.229655 0.001660
23.234656 0.004029
23.239657 0.003585
23.244658 0.000085
23.249659 0.001853
23.254660 0.004605
23.259661 0.002108
23.264662 0.001044
23.269663 0.000458
23.274664 0.003236
23.279665 0.003674
23.284666 -0.000621
23.289667 0.001855
23.294668 0.003430
23.299669 0.003951
23.304670 0.001183
23.309671 0.002271
23.314672 0.006432
23.319673 0.004384
23.324674 0.002584
23.329675 0.004167
23.334676 0.008555
23.339677 0.004357
23.344678 0.006323
23.349679 0.005474
23.354680 0.007267
23.359681 0.011226
23.364682 0.004269
23.369683 0.009106
23.374684 0.007947
23.379685 0.011233
23.384686 0.007263
23.389687 0.003726
23.394688 0.013283
23.399689 0.002913
23.404690 0.003311
23.409691 0.006433
23.414692 0.003351
23.419693 0.002999
23.424694 -0.000172
23.429695 0.001153
23.434696 0.001097
23.439697 0.000267
23.444698 -0.005043
23.449699 -0.004338
23.454700 -0.000730
23.459701 -0.006237
23.464702 -0.007921
23.469703 -0.006002
23.474704 -0.006959
23.479705 -0.010046
23.484706 -0.010106
23.489707 -0.009887
23.494708 -0.011351
23.499709 -0.012577
23.504710 -0.014337
23.509711 -0.013128
23.514712 -0.015366
23.519713 -0.017001
23.524714 -0.017642
23.529715 -0.018018
23.534716 -0.015470
23.539717 -0.019438
23.544718 -0.018738
23.549719 -0.017791
23.554720 -0.016343
23.559721 -0.014214
23.564722 -0.018856
23.569723 -0.013506
23.574724 -0.012317
23.579725 -0.014177
23.584726 -0.010717
23.589727 -0.011225
23.594728 -0.008183
23.599729 -0.006127
23.604730 -0.006541
23.609731 -0.004769
23.614732 -0.001382
23.619733 -0.000381
23.624734 -0.000735
23.629735 0.002478
23.634736 0.004391
23.639737 0.005346
23.644738 0.006279
23.649739 0.004790
23.654740 0.007366
23.659741 0.009746
23.664742 0.005054
23.669743 0.007071
23.674744 0.010132
23.679745 0.004734
23.684746 0.005199
23.689747 0.007881
23.694748 0.006221
23.699749 0.007288
23.704750 0.006196
23.709751 0.006307
23.714752 0.009933
23.719753 0.007526
23.724754 0.007255
23.729755 0.008129
23.734756 0.010014
23.739757 0.011369
23.744758 0.007884
23.749759 0.009030
23.754760 0.011373
23.759761 0.012890
23.764762 0.008050
23.769763 0.009271
23.774764 0.014172
23.779765 0.008362
23.784766 0.009179
23.789767 0.008659
23.794768 0.008735
23.799769 0.008810
23.804770 0.001574
23.809771 0.004412
23.814772 0.005755
23.819774 0.000544
23.824775 -0.001532
23.829776 -0.002648
23.834777 -0.001074
23.839778 -0.003939
23.844779 -0.008213
23.849780 -0.007164
23.854781 -0.007146
23.859782 -0.007507
23.864783 -0.011136
23.869784 -0.011929
23.874785 -0.007540
23.879786 -0.009693
23.884787 -0.012513
23.889788 -0.010411
23.894789 -0.008252
23.899790 -0.009307
23.904791 -0.012886
23.909792 -0.010321
23.914793 -0.007705
23.919794 -0.011295
23.924795 -0.009183
23.929796 -0.009496
23.934797 -0.009915
23.939798 -0.007144
23.944799 -0.010031
23.949800 -0.009286
23.954801 -0.006482
23.959802 -0.005769
23.964803 -0.007190
23.969804 -0.005639
23.974805 -0.001687
23.979806 -0.002676
23.984807 -0.002289
23.989808 -0.000363
23.994809 0.003806
23.999810 0.004105
24.004811 0.001753
24.009812 0.006055
24.014813 0.006521
24.019814 0.008865
24.024815 0.007142
24.029816 0.006351
24.034817 0.011746
24.039818 0.008482
24.044819 0.008281
24.049820 0.008941
24.054821 0.012458
24.059822 0.009967
24.064823 0.006525
24.069824 0.011172
24.074825 0.009083
24.079826 0.009726
24.084827 0.007795
24.089828 0.007362
24.094829 0.009503
24.099830 0.006985
24.104831 0.005662
24.109832 0.004618
24.114833 0.005500
24.119834 0.007552
24.124835 0.003010
24.129836 0.001204
24.134837 0.008319
24.139838 0.003661
24.144839 0.001286
24.149840 0.002569
24.154841 0.004002
24.159842 0.005953
24.164843 -0.002913
24.169844 0.001153
24.174845 0.005518
24.179846 0.000140
24.184847 -0.002059
24.189848 0.000495
24.194849 -0.000551
24.199850 -0.004351
24.204851 -0.004315
24.209852 -0.007075
24.214853 -0.004996
24.219854 -0.007773
24.224855 -0.010472
24.229856 -0.009607
24.234857 -0.009401
24.239858 -0.009816
24.244859 -0.014077
24.249860 -0.010127
24.254861 -0.009458
24.259862 -0.013221
24.264863 -0.011673
24.269864 -0.012010
24.274865 -0.010634
24.279866 -0.007317
24.284867 -0.012049
24.289868 -0.010506
24.294869 -0.006276
24.299870 -0.007834
24.304871 -0.007091
24.309872 -0.007326
24.314873 -0.004398
24.319874 -0.006438
24.324875 -0.006864
24.329876 -0.004289
24.334877 -0.005772
24.339878 -0.002886
24.344879 -0.004134
24.349880 -0.006638
24.354881 -0.001512
24.359882 -0.002905
24.364883 -0.005147
24.369884 -0.002307
24.374885 -0.000955
24.379886 0.001310
24.384887 -0.005223
24.389888 0.000138
24.394889 0.005575
24.399890 0.000224
24.404891 0.002936
24.409892 0.002965
24.414893 0.008500
24.419894 0.007006
24.424895 0.005317
24.429896 0.009366
24.434897 0.009884
24.439898 0.011013
24.444899 0.008098
24.449900 0.009367
24.454901 0.011066
24.459902 0.011984
24.464903 0.009761
24.469904 0.010260
24.474905 0.012083
24.479906 0.010821
24.484907 0.010919
24.489908 0.009886
24.494909 0.013438
24.499910 0.010599
24.504911 0.009068
24.509912 0.011498
24.514913 0.010233
24.519914 0.011208
24.524915 0.006125
24.529916 0.009029
24.534917 0.009740
24.539918 0.004006
24.544919 0.006074
24.549920 0.003750
24.554921 0.005431
24.559922 0.001806
24.564923 -0.001411
24.569924 0.001241
24.574925 -0.000467
24.579926 -0.001870
24.584927 -0.005412
24.589928 -0.004499
24.594929 -0.003235
24.599930 -0.006051
24.604931 -0.010906
24.609932 -0.010538
24.614933 -0.008355
24.619934 -0.011840
24.624935 -0.016123
24.629936 -0.014831
24.634937 -0.013292
24.639938 -0.016975
24.644939 -0.017032
24.649940 -0.016796
24.654941 -0.016986
24.659942 -0.015741
24.664943 -0.017327
24.669944 -0.016782
24.674945 -0.009530
24.679946 -0.012885
24.684947 -0.014525
24.689948 -0.009437
24.694949 -0.008459
24.699950 -0.004917
24.704951 -0.008961
24.709952 -0.005519
24.714953 -0.001115
24.719954 -0.002934
24.724955 -0.003483
24.729956 -0.003464
24.734957 0.001367
24.739958 0.000496
24.744959 -0.001424
24.749960 -0.000667
24.754961 0.003421
24.759962 0.001984
24.764963 -0.001326
24.769964 0.003509
24.774965 0.004368
24.779966 0.002759
24.784967 0.001032
24.789968 0.002715
24.794969 0.005612
24.799970 0.004466
24.804971 0.001527
24.809972 0.002435
24.814973 0.005590
24.819974 0.003483
24.824975 0.002827
24.829976 0.004853
24.834977 0.007594
24.839978 0.006135
24.844979 0.004610
24.849980 0.008625
24.854981 0.010647
24.859982 0.010022
24.864983 0.007704
24.869984 0.011146
24.874985 0.013065
24.879986 0.010391
24.884987 0.011420
24.889988 0.011162
24.894989 0.011954
24.899990 0.011516
24.904991 0.010248
24.909992 0.010255
24.914993 0.010286
24.919994 0.011296
24.924995 0.007872
24.929996 0.008037
24.934997 0.010447
24.939998 0.008263
24.944999 0.007600
24.950000 0.005353
