0.000000 0.000000
0.005001 -0.000379
0.010002 -0.000488
0.015003 0.000228
0.020004 0.000492
0.025005 0.000420
0.030006 -0.000320
0.035007 -0.000060
0.040008 0.000634
0.045009 -0.000105
0.050010 -0.000207
0.055011 0.000190
0.060012 0.000241
0.065013 0.000156
0.070014 -0.000261
0.075015 0.000034
0.080016 0.000484
0.085017 -0.000017
0.090018 -0.000522
0.095019 0.000091
0.100020 0.000385
0.105021 -0.000156
0.110022 -0.000105
0.115023 0.000067
0.120024 0.000165
0.125025 -0.000124
0.130026 -0.000410
0.135027 -0.000193
0.140028 0.000357
0.145029 0.000208
0.150030 -0.000754
0.155031 -0.000320
0.160032 0.000300
0.165033 0.000122
0.170034 -0.000593
0.175035 -0.000510
0.180036 0.000556
0.185037 0.000159
0.190038 -0.000195
0.195039 0.000052
0.200040 0.000245
0.205041 0.000122
0.210042 -0.000394
0.215043 0.000064
0.220044 0.000609
0.225045 -0.000169
0.230046 -0.000741
0.235047 -0.000330
0.240049 0.000125
0.245050 -0.000011
0.250051 -0.000588
0.255052 -0.000027
0.260053 0.000465
0.265054 -0.000091
0.270055 -0.000381
0.275056 -0.000034
0.280057 0.000367
0.285058 -0.000009
0.290059 -0.000093
0.295060 0.000093
0.300061 0.000280
0.305062 0.000203
0.310063 -0.000055
0.315064 0.000267
0.320065 0.000267
0.325066 -0.000044
0.330067 -0.000539
0.335068 -0.000081
0.340069 0.000682
0.345070 0.000097
0.350071 -0.000447
0.355072 -0.000064
0.360073 0.000476
0.365074 -0.000091
0.370075 -0.000441
0.375076 -0.000025
0.380077 0.000394
0.385078 0.000050
0.390079 -0.000300
0.395080 0.000620
0.400081 0.000376
0.405082 -0.000271
0.410083 -0.000101
0.415084 -0.000058
0.420085 0.000445
0.425086 -0.000084
0.430087 -0.000766
0.435088 0.000279
0.440089 0.000558
0.445090 -0.000318
0.450091 -0.000437
0.455092 0.000355
0.460093 0.000520
0.465094 -0.000052
0.470095 -0.000130
0.475096 0.000150
0.480097 0.000566
0.485098 -0.000183
0.490099 -0.000404
0.495100 0.000205
0.500101 0.000218
0.505102 0.000242
0.510103 -0.000061
0.515104 0.000392
0.520105 0.000463
0.525106 0.000001
0.530107 -0.000145
0.535108 -0.000273
0.540109 0.000058
0.545110 -0.000118
0.550111 -0.000275
0.555112 0.000129
0.560113 0.000349
0.565114 -0.000066
0.570115 -0.000071
0.575116 0.000050
0.580117 -0.000138
0.585118 0.000095
0.590119 0.000119
0.595120 0.000463
0.600121 0.000653
0.605122 0.000166
0.610123 -0.000136
0.615124 -0.000187
0.620125 0.000177
0.625126 -0.000097
0.630127 0.000000
0.635128 0.000495
0.640129 0.000361
0.645130 -0.000054
0.650131 -0.000412
0.655132 0.000303
0.660133 0.000475
0.665134 -0.000445
0.670135 -0.000439
0.675136 0.000132
0.680137 0.000656
0.685138 0.000260
0.690139 -0.000310
0.695140 0.000459
0.700141 0.000557
0.705142 -0.000142
0.710143 -0.000186
0.715145 0.000005
0.720146 0.000359
0.725147 0.000228
0.730148 -0.000144
0.735149 0.000036
0.740150 0.000259
0.745151 0.000029
0.750152 -0.000376
0.755153 0.000113
0.760154 0.000365
0.765155 -0.000404
0.770156 -0.000380
0.775157 -0.000118
0.780158 0.000361
0.785159 0.000146
0.790160 -0.000517
0.795161 0.000082
0.800162 0.000340
0.805163 -0.000130
0.810164 -0.000073
0.815165 0.000633
0.820166 0.000537
0.825167 0.000027
0.830168 -0.000083
0.835169 -0.000118
0.840170 0.000101
0.845171 -0.000013
0.850172 -0.000501
0.855173 -0.000054
0.860174 0.000521
0.865175 0.000103
0.870176 -0.000202
0.875177 0.000291
0.880178 0.000437
0.885179 -0.000155
0.890180 -0.000243
0.895181 0.000083
0.900182 0.000157
0.905183 -0.000032
0.910184 -0.000097
0.915185 0.000390
0.920186 0.000447
0.925187 -0.000314
0.930188 -0.000189
0.935189 0.000391
0.940190 0.000396
0.945191 0.000262
0.950192 -0.000126
0.955193 0.000156
0.960194 0.000512
0.965195 -0.000441
0.970196 -0.000322
0.975197 0.000473
0.980198 0.000349
0.985199 -0.000291
0.990200 -0.000179
0.995201 0.000862
1.000202 0.000527
1.005203 -0.000196
1.010204 -0.000028
1.015205 -0.000050
1.020206 -0.000075
1.025207 -0.000015
1.030208 -0.000347
1.035209 -0.000003
1.040210 0.000692
1.045211 -0.000014
1.050212 -0.000255
1.055213 -0.000130
1.060214 0.000197
1.065215 0.000377
1.070216 -0.000134
1.075217 0.000401
1.080218 0.000670
1.085219 -0.000003
1.090220 -0.000112
1.095221 0.000148
1.100222 0.000338
1.105223 0.000111
1.110224 -0.000353
1.115225 -0.000079
1.120226 0.000389
1.125227 0.000015
1.130228 -0.000317
1.135229 0.000015
1.140230 0.000492
1.145231 0.000176
1.150232 -0.000358
1.155233 0.000044
1.160234 0.000557
1.165235 -0.000147
1.170236 -0.000439
1.175237 0.000371
1.180238 0.000526
1.185239 0.000005
1.190241 -0.000235
1.195242 0.000002
1.200243 0.000526
1.205244 -0.000057
1.210245 -0.000589
1.215246 0.000248
1.220247 0.000457
1.225248 0.000099
1.230249 -0.000114
1.235250 0.000191
1.240251 0.000537
1.245252 0.000347
1.250253 0.000015
1.255254 -0.000008
1.260255 0.000559
1.265256 0.000176
1.270257 -0.000112
1.275258 0.000387
1.280259 0.000377
1.285260 0.000052
1.290261 -0.000382
1.295262 -0.000157
1.300263 0.000735
1.305264 0.000011
1.310265 -0.000202
1.315266 0.000616
1.320267 0.000392
1.325268 0.000191
1.330269 -0.000175
1.335270 0.000070
1.340271 0.000698
1.345272 -0.000061
1.350273 -0.000466
1.355274 0.000230
1.360275 0.000328
1.365276 -0.000498
1.370277 -0.000899
1.375278 0.000179
1.380279 0.000874
1.385280 -0.000177
1.390281 -0.000290
1.395282 0.000310
1.400283 0.000238
1.405284 -0.000081
1.410285 -0.000580
1.415286 -0.000302
1.420287 0.000363
1.425288 0.000105
1.430289 -0.000519
1.435290 0.000060
1.440291 0.000494
1.445292 -0.000183
1.450293 -0.000134
1.455294 0.000240
1.460295 0.000453
1.465296 0.000098
1.470297 -0.000405
1.475298 0.000144
1.480299 0.000334
1.485300 -0.000266
1.490301 -0.000323
1.495302 0.000042
1.500303 0.000028
1.505304 -0.000102
1.510305 -0.000120
1.515306 0.000275
1.520307 0.000348
1.525308 -0.000235
1.530309 -0.000186
1.535310 -0.000089
1.540311 0.000459
1.545312 -0.000376
1.550313 -0.000899
1.555314 0.000557
1.560315 0.000228
1.565316 0.000025
1.570317 0.000009
1.575318 -0.000130
1.580319 0.000185
1.585320 -0.000097
1.590321 -0.000311
1.595322 -0.000016
1.600323 0.000295
1.605324 0.000015
1.610325 -0.000580
1.615326 -0.000147
1.620327 0.000821
1.625328 -0.000081
1.630329 -0.000433
1.635330 0.000309
1.640331 0.000160
1.645332 -0.000216
1.650333 -0.000464
1.655334 0.000021
1.660335 0.000291
1.665336 0.000043
1.670338 -0.000049
1.675339 -0.000010
1.680340 0.000013
1.685341 0.000049
1.690342 -0.000143
1.695343 0.000003
1.700344 0.000545
1.705345 0.000138
1.710346 -0.000384
1.715347 0.000004
1.720348 0.000444
1.725349 -0.000296
1.730350 -0.000485
1.735351 0.000364
1.740352 0.000528
1.745353 0.000074
1.750354 -0.000556
1.755355 -0.000290
1.760356 0.000406
1.765357 -0.000149
1.770358 -0.000198
1.775359 0.000342
1.780360 0.000307
1.785361 0.000380
1.790362 -0.000356
1.795363 -0.000210
1.800364 0.000305
1.805365 -0.000237
1.810366 0.000030
1.815367 0.000377
1.820368 0.000610
1.825369 0.000507
1.830370 -0.000010
1.835371 0.000064
1.840372 0.000696
1.845373 0.000139
1.850374 -0.000419
1.855375 0.000105
1.860376 0.000023
1.865377 -0.000221
1.870378 -0.000352
1.875379 0.000307
1.880380 0.000502
1.885381 -0.000229
1.890382 -0.000435
1.895383 -0.000055
1.900384 0.000541
1.905385 -0.000239
1.910386 -0.000372
1.915387 0.000152
1.920388 0.000301
1.925389 -0.000030
1.930390 -0.000892
1.935391 0.000002
1.940392 0.000643
1.945393 0.000004
1.950394 -0.000401
1.955395 0.000258
1.960396 0.000898
1.965397 0.000460
1.970398 -0.000166
1.975399 -0.000153
1.980400 0.000218
1.985401 0.000037
1.990402 0.000010
1.995403 -0.000245
2.000404 0.000045
2.005405 0.000340
2.010406 -0.000319
2.015407 0.000113
2.020408 0.000622
2.025409 0.000035
2.030410 0.000102
2.035411 0.000403
2.040412 0.000099
2.045413 -0.000347
2.050414 -0.000516
2.055415 0.000082
2.060416 -0.000057
2.065417 -0.000619
2.070418 -0.000374
2.075419 0.000583
2.080420 0.000436
2.085421 -0.000415
2.090422 -0.000188
2.095423 0.000348
2.100424 0.000798
2.105425 0.000039
2.110426 -0.000456
2.115427 0.000319
2.120428 0.000618
2.125429 0.000423
2.130430 -0.000252
2.135431 -0.000180
2.140432 0.000524
2.145434 0.000018
2.150435 -0.000565
2.155436 -0.000041
2.160437 0.000513
2.165438 0.000208
2.170439 -0.000135
2.175440 0.000198
2.180441 0.000601
2.185442 -0.000031
2.190443 -0.000538
2.195444 -0.000088
2.200445 0.000098
2.205446 0.000006
2.210447 -0.000460
2.215448 -0.000059
2.220449 0.000571
2.225450 0.000082
2.230451 -0.000366
2.235452 -0.000059
2.240453 0.000019
2.245454 -0.000501
2.250455 -0.000237
2.255456 0.000270
2.260457 0.000352
2.265458 -0.000004
2.270459 -0.000342
2.275460 0.000221
2.280461 0.000258
2.285462 -0.000092
2.290463 -0.000025
2.295464 0.000211
2.300465 0.000424
2.305466 -0.000319
2.310467 -0.000266
2.315468 0.000252
2.320469 0.000004
2.325470 -0.000141
2.330471 -0.000436
2.335472 -0.000100
2.340473 0.000499
2.345474 0.000143
2.350475 -0.000276
2.355476 -0.000151
2.360477 0.000299
2.365478 -0.000218
2.370479 -0.000511
2.375480 0.000225
2.380481 0.000074
2.385482 -0.000338
2.390483 -0.000164
2.395484 -0.000037
2.400485 0.000141
2.405486 -0.000289
2.410487 -0.000618
2.415488 0.000299
2.420489 0.000745
2.425490 0.000074
2.430491 -0.000454
2.435492 -0.000159
2.440493 0.000248
2.445494 -0.000045
2.450495 -0.000301
2.455496 0.000303
2.460497 0.000526
2.465498 -0.000243
2.470499 -0.000301
2.475500 0.000147
2.480501 0.000454
2.485502 0.000243
2.490503 -0.000726
2.495504 -0.000041
2.500505 0.000714
2.505506 -0.000018
2.510507 -0.000035
2.515508 0.000018
2.520509 0.000207
2.525510 0.000082
2.530511 -0.000507
2.535512 0.000123
2.540513 0.000391
2.545514 -0.000456
2.550515 -0.000608
2.555516 0.000268
2.560517 0.000575
2.565518 -0.000278
2.570519 -0.000475
2.575520 0.000386
2.580521 0.000403
2.585522 -0.000225
2.590523 -0.000546
2.595524 -0.000102
2.600525 0.000452
2.605526 -0.000207
2.610527 -0.000653
2.615528 0.000094
2.620530 0.000509
2.625531 -0.000209
2.630532 -0.000546
2.635533 0.000173
2.640534 0.000491
2.645535 -0.000223
2.650536 -0.000694
2.655537 0.000200
2.660538 0.000847
2.665539 0.000057
2.670540 -0.000556
2.675541 0.000059
2.680542 0.000070
2.685543 -0.000427
2.690544 -0.000311
2.695545 0.000241
2.700546 0.000454
2.705547 -0.000166
2.710548 0.000088
2.715549 0.000106
2.720550 -0.000110
2.725551 -0.000208
2.730552 -0.000497
2.735553 0.000595
2.740554 0.000759
2.745555 0.000063
2.750556 0.000100
2.755557 0.000225
2.760558 0.000428
2.765559 -0.000423
2.770560 -0.000481
2.775561 0.000143
2.780562 -0.000006
2.785563 0.000080
2.790564 -0.000094
2.795565 0.000374
2.800566 0.000667
2.805567 -0.000542
2.810568 -0.000544
2.815569 0.000268
2.820570 0.000358
2.825571 0.000182
2.830572 -0.000043
2.835573 0.000045
2.840574 0.000417
2.845575 -0.000013
2.850576 -0.000489
2.855577 0.000202
2.860578 0.000389
2.865579 0.000014
2.870580 -0.000311
2.875581 -0.000211
2.880582 0.000636
2.885583 0.000208
2.890584 -0.000092
2.895585 0.000327
2.900586 0.000243
2.905587 -0.000258
2.910588 -0.000387
2.915589 0.000241
2.920590 0.000317
2.925591 -0.000068
2.930592 -0.000246
2.935593 0.000113
2.940594 0.000411
2.945595 -0.000160
2.950596 -0.000180
2.955597 -0.000002
2.960598 0.000021
2.965599 -0.000278
2.970600 -0.000544
2.975601 0.000499
2.980602 0.000342
2.985603 -0.000559
2.990604 -0.000144
2.995605 0.000419
3.000606 0.000881
3.005607 0.000182
3.010608 -0.000604
3.015609 0.000593
3.020610 0.000536
3.025611 -0.000440
3.030612 -0.000084
3.035613 0.000204
3.040614 0.000728
3.045615 0.000500
3.050616 -0.000424
3.055617 0.000111
3.060618 0.000699
3.065619 0.000151
3.070620 -0.000325
3.075621 0.000018
3.080622 0.000611
3.085623 0.000055
3.090624 -0.000340
3.095626 0.000507
3.100627 0.000720
3.105628 0.000119
3.110629 -0.000152
3.115630 0.000110
3.120631 0.000587
3.125632 -0.000006
3.130633 -0.000646
3.135634 -0.000018
3.140635 0.000023
3.145636 -0.000462
3.150637 -0.000551
3.155638 0.000235
3.160639 0.000781
3.165640 -0.000010
3.170641 -0.000348
3.175642 -0.000059
3.180643 0.000385
3.185644 0.000214
3.190645 -0.000215
3.195646 0.000182
3.200647 0.000427
3.205648 -0.000015
3.210649 -0.000546
3.215650 -0.000346
3.220651 0.000507
3.225652 0.000280
3.230653 -0.000604
3.235654 0.000102
3.240655 0.000585
3.245656 0.000090
3.250657 -0.000203
3.255658 -0.000004
3.260659 0.000712
3.265660 0.000482
3.270661 -0.000264
3.275662 -0.000274
3.280663 0.000157
3.285664 -0.000031
3.290665 -0.000199
3.295666 0.000292
3.300667 0.000325
3.305668 0.000008
3.310669 -0.000259
3.315670 0.000018
3.320671 0.000338
3.325672 -0.000246
3.330673 -0.000481
3.335674 0.000071
3.340675 0.000490
3.345676 0.000049
3.350677 -0.000377
3.355678 0.000126
3.360679 0.000280
3.365680 -0.000174
3.370681 -0.000509
3.375682 0.000098
3.380683 0.000323
3.385684 -0.000268
3.390685 -0.000516
3.395686 -0.000127
3.400687 0.000425
3.405688 -0.000446
3.410689 -0.000508
3.415690 0.000251
3.420691 0.000290
3.425692 0.000210
3.430693 -0.000144
3.435694 0.000300
3.440695 0.000355
3.445696 -0.000230
3.450697 -0.000133
3.455698 0.000384
3.460699 0.000447
3.465700 -0.000125
3.470701 -0.000340
3.475702 0.000220
3.480703 0.000311
3.485704 -0.000291
3.490705 -0.000383
3.495706 -0.000180
3.500707 0.000220
3.505708 0.000173
3.510709 0.000065
3.515710 0.000603
3.520711 0.000609
3.525712 -0.000203
3.530713 -0.000277
3.535714 0.000069
3.540715 -0.000149
3.545716 -0.000246
3.550717 -0.000150
3.555718 0.000392
3.560719 0.000689
3.565720 0.000014
3.570722 -0.000263
3.575723 -0.000084
3.580724 0.000286
3.585725 0.000057
3.590726 -0.000490
3.595727 0.000439
3.600728 0.000568
3.605729 -0.000371
3.610730 0.000122
3.615731 0.000578
3.620732 0.000370
3.625733 0.000278
3.630734 0.000185
3.635735 0.000321
3.640736 0.000415
3.645737 -0.000164
3.650738 -0.000387
3.655739 0.000255
3.660740 0.000568
3.665741 0.000136
3.670742 -0.000169
3.675743 0.000184
3.680744 0.000482
3.685745 -0.000078
3.690746 -0.000330
3.695747 0.000184
3.700748 0.000135
3.705749 -0.000146
3.710750 -0.000056
3.715751 0.000232
3.720752 0.000327
3.725753 -0.000209
3.730754 -0.000453
3.735755 0.000008
3.740756 0.000143
3.745757 -0.000060
3.750758 -0.000346
3.755759 0.000259
3.760760 0.000666
3.765761 -0.000037
3.770762 -0.000142
3.775763 0.000283
3.780764 0.000652
3.785765 0.000114
3.790766 -0.000349
3.795767 0.000222
3.800768 0.000427
3.805769 -0.000119
3.810770 -0.000408
3.815771 0.000206
3.820772 0.000155
3.825773 -0.000553
3.830774 -0.000747
3.835775 0.000129
3.840776 0.000646
3.845777 -0.000313
3.850778 -0.000244
3.855779 0.000020
3.860780 -0.000001
3.865781 0.000048
3.870782 -0.000473
3.875783 -0.000072
3.880784 0.000326
3.885785 0.000093
3.890786 0.000175
3.895787 0.000367
3.900788 0.000450
3.905789 -0.000244
3.910790 -0.000721
3.915791 0.000294
3.920792 0.000233
3.925793 -0.000185
3.930794 -0.000167
3.935795 -0.000007
3.940796 0.000633
3.945797 -0.000095
3.950798 -0.000549
3.955799 0.000198
3.960800 0.000372
3.965801 -0.000191
3.970802 -0.000510
3.975803 -0.000066
3.980804 0.000171
3.985805 -0.000246
3.990806 -0.000690
3.995807 0.000098
4.000808 0.000576
4.005809 -0.000285
4.010810 -0.000470
4.015811 0.000209
4.020812 0.000353
4.025813 -0.000203
4.030814 -0.000451
4.035815 -0.000230
4.040816 0.000208
4.045818 0.000120
4.050819 -0.000244
4.055820 0.000134
4.060821 0.000502
4.065822 -0.000001
4.070823 -0.000404
4.075824 0.000108
4.080825 0.000235
4.085826 -0.000530
4.090827 -0.000424
4.095828 0.000126
4.100829 0.000457
4.105830 0.000191
4.110831 -0.000437
4.115832 -0.000021
4.120833 0.000273
4.125834 -0.000424
4.130835 -0.000502
4.135836 0.000181
4.140837 0.000549
4.145838 -0.000117
4.150839 -0.000641
4.155840 0.000068
4.160841 0.000484
4.165842 -0.000526
4.170843 -0.000616
4.175844 0.000445
4.180845 0.000445
4.185846 0.000050
4.190847 -0.000146
4.195848 0.000175
4.200849 0.000433
4.205850 -0.000482
4.210851 -0.000551
4.215852 0.000396
4.220853 0.000592
4.225854 0.000021
4.230855 -0.000144
4.235856 0.000426
4.240857 0.000451
4.245858 0.000065
4.250859 -0.000328
4.255860 -0.000263
4.260861 0.000241
4.265862 -0.000058
4.270863 -0.000175
4.275864 0.000126
4.280865 0.000163
4.285866 -0.000183
4.290867 -0.000553
4.295868 -0.000207
4.300869 0.000184
4.305870 -0.000275
4.310871 -0.000418
4.315872 0.000249
4.320873 0.000290
4.325874 -0.000171
4.330875 -0.000468
4.335876 0.000183
4.340877 0.000273
4.345878 -0.000387
4.350879 -0.000426
4.355880 -0.000150
4.360881 0.000382
4.365882 -0.000029
4.370883 -0.000363
4.375884 0.000019
4.380885 0.000398
4.385886 -0.000077
4.390887 -0.000508
4.395888 0.000120
4.400889 -0.000117
4.405890 -0.000197
4.410891 -0.000488
4.415892 -0.000299
4.420893 0.000535
4.425894 -0.000508
4.430895 -0.000723
4.435896 0.000155
4.440897 0.000232
4.445898 -0.000414
4.450899 -0.000598
4.455900 0.000144
4.460901 0.000193
4.465902 -0.000361
4.470903 -0.000246
4.475904 0.000273
4.480905 0.000222
4.485906 0.000167
4.490907 -0.000167
4.495908 -0.000015
4.500909 0.000715
4.505910 -0.000171
4.510911 -0.000803
4.515912 -0.000042
4.520914 0.000067
4.525915 -0.000224
4.530916 -0.000157
4.535917 -0.000073
4.540918 0.000384
4.545919 0.000011
4.550920 -0.000885
4.555921 0.000030
4.560922 0.000447
4.565923 -0.000355
4.570924 -0.000414
4.575925 -0.000011
4.580926 0.000500
4.585927 -0.000048
4.590928 -0.000738
4.595929 -0.000459
4.600930 0.000191
4.605931 0.000224
4.610932 -0.000187
4.615933 0.000418
4.620934 0.000189
4.625935 -0.000271
4.630936 -0.000091
4.635937 -0.000242
4.640938 -0.000117
4.645939 -0.000349
4.650940 -0.000554
4.655941 0.000251
4.660942 0.000126
4.665943 -0.000756
4.670944 -0.000557
4.675945 -0.000177
4.680946 0.000118
4.685947 -0.000247
4.690948 -0.000670
4.695949 -0.000154
4.700950 0.000091
4.705951 -0.000390
4.710952 -0.000455
4.715953 0.000261
4.720954 -0.000064
4.725955 -0.000555
4.730956 -0.000308
4.735957 0.000079
4.740958 0.000180
4.745959 -0.000091
4.750960 -0.000449
4.755961 -0.000500
4.760962 0.000155
4.765963 0.000054
4.770964 -0.000241
4.775965 -0.000087
4.780966 -0.000224
4.785967 -0.000181
4.790968 -0.000498
4.795969 -0.000060
4.800970 0.000420
4.805971 -0.000287
4.810972 -0.000429
4.815973 0.000114
4.820974 0.000269
4.825975 0.000001
4.830976 -0.000208
4.835977 0.000160
4.840978 0.000749
4.845979 0.000124
4.850980 -0.000275
4.855981 0.000015
4.860982 0.000393
4.865983 -0.000290
4.870984 -0.001911
4.875985 -0.000923
4.880986 0.001236
4.885987 0.002449
4.890988 0.000945
4.895989 0.002766
4.900990 0.004113
4.905991 0.001125
4.910992 -0.004355
4.915993 -0.008220
4.920994 -0.000961
4.925995 0.000605
4.930996 0.006041
4.935997 0.011640
4.940998 0.001755
4.945999 -0.003655
4.951000 -0.009976
4.956001 -0.007154
4.961002 0.000711
4.966003 0.002441
4.971004 0.004325
4.976005 0.003511
4.981006 0.010903
4.986007 0.008221
4.991008 0.002663
4.996009 0.007903
5.001011 0.009396
5.006012 0.010982
5.011013 0.009768
5.016014 0.006606
5.021015 -0.015405
5.026016 -0.044098
5.031017 -0.040208
5.036018 -0.018825
5.041019 0.005726
5.046020 0.016483
5.051021 -0.005684
5.056022 -0.012375
5.061023 -0.001359
5.066024 0.000721
5.071025 0.010360
5.076026 0.004480
5.081027 -0.004088
5.086028 0.009165
5.091029 0.007644
5.096030 -0.009469
5.101031 -0.003240
5.106032 0.014100
5.111033 0.026333
5.116034 0.024082
5.121035 0.016745
5.126036 0.017342
5.131037 -0.012239
5.136038 -0.042007
5.141039 -0.043769
5.146040 -0.016371
5.151041 0.030097
5.156042 0.052750
5.161043 0.048258
5.166044 0.024868
5.171045 0.000596
5.176046 -0.016498
5.181047 -0.045880
5.186048 -0.078480
5.191049 -0.069737
5.196050 -0.038188
5.201051 -0.011423
5.206052 0.019058
5.211053 0.038184
5.216054 0.041285
5.221055 0.040775
5.226056 0.034885
5.231057 0.018493
5.236058 0.008549
5.241059 -0.009538
5.246060 -0.009150
5.251061 0.017040
5.256062 0.013492
5.261063 -0.004200
5.266064 -0.026108
5.271065 -0.027160
5.276066 -0.019803
5.281067 -0.025255
5.286068 0.007094
5.291069 0.034720
5.296070 0.040652
5.301071 0.030673
5.306072 -0.027047
5.311073 -0.064148
5.316074 -0.050759
5.321075 -0.028455
5.326076 -0.004089
5.331077 0.036474
5.336078 0.062617
5.341079 0.040719
5.346080 -0.000673
5.351081 -0.031185
5.356082 -0.026718
5.361083 -0.010376
5.366084 -0.017522
5.371085 -0.027847
5.376086 0.007293
5.381087 0.041300
5.386088 0.010375
5.391089 -0.015068
5.396090 -0.000713
5.401091 0.034764
5.406092 0.041760
5.411093 0.005605
5.416094 -0.021281
5.421095 -0.031243
5.426096 -0.015264
5.431097 0.001538
5.436098 0.008507
5.441099 0.008360
5.446100 -0.021817
5.451101 -0.040875
5.456102 -0.022115
5.461103 0.014490
5.466104 0.044801
5.471105 0.063642
5.476107 0.073664
5.481108 0.059802
5.486109 0.006148
5.491110 -0.070123
5.496111 -0.109706
5.501112 -0.099814
5.506113 -0.049947
5.511114 0.034842
5.516115 0.090973
5.521116 0.074840
5.526117 0.004593
5.531118 -0.063977
5.536119 -0.058900
5.541120 -0.009570
5.546121 0.016225
5.551122 0.025437
5.556123 0.028620
5.561124 0.029635
5.566125 0.019657
5.571126 0.003474
5.576127 -0.007919
5.581128 -0.031626
5.586129 -0.027702
5.591130 0.022400
5.596131 0.057870
5.601132 0.046353
5.606133 0.017239
5.611134 0.005733
5.616135 -0.009748
5.621136 -0.042847
5.626137 -0.060816
5.631138 -0.043818
5.636139 -0.021200
5.641140 -0.024605
5.646141 -0.015925
5.651142 0.023090
5.656143 0.040769
5.661144 0.003324
5.666145 -0.040546
5.671146 -0.033549
5.676147 -0.015013
5.681148 0.004645
5.686149 0.035812
5.691150 0.045791
5.696151 0.051728
5.701152 0.026959
5.706153 -0.025768
5.711154 -0.034359
5.716155 -0.008777
5.721156 0.018762
5.726157 0.002222
5.731158 -0.029380
5.736159 -0.020427
5.741160 -0.005322
5.746161 0.010502
5.751162 0.026033
5.756163 0.032521
5.761164 0.027020
5.766165 0.007129
5.771166 -0.007884
5.776167 -0.014799
5.781168 -0.039282
5.786169 -0.064172
5.791170 -0.058995
5.796171 -0.019889
5.801172 0.032386
5.806173 0.073535
5.811174 0.092795
5.816175 0.059269
5.821176 0.025679
5.826177 0.026829
5.831178 0.019942
5.836179 -0.009497
5.841180 -0.037349
5.846181 -0.050417
5.851182 -0.059416
5.856183 -0.039424
5.861184 -0.011371
5.866185 0.018035
5.871186 0.030978
5.876187 0.002883
5.881188 -0.019013
5.886189 -0.019590
5.891190 0.011234
5.896191 0.035348
5.901192 0.003750
5.906193 -0.050867
5.911194 -0.070340
5.916195 -0.066974
5.921196 -0.052950
5.926197 -0.004814
5.931198 0.025362
5.936199 0.011980
5.941200 -0.003160
5.946201 0.031282
5.951203 0.060433
5.956204 0.046337
5.961205 0.057579
5.966206 0.062819
5.971207 0.035739
5.976208 0.010222
5.981209 -0.019204
5.986210 -0.056745
5.991211 -0.060651
5.996212 -0.040338
6.001213 -0.028653
6.006214 -0.009218
6.011215 0.012473
6.016216 0.031596
6.021217 0.025469
6.026218 -0.005932
6.031219 -0.021862
6.036220 -0.020828
6.041221 -0.005291
6.046222 0.011074
6.051223 0.023080
6.056224 0.033269
6.061225 0.015756
6.066226 0.003712
6.071227 0.007564
6.076228 -0.012250
6.081229 -0.056031
6.086230 -0.092749
6.091231 -0.075721
6.096232 -0.017066
6.101233 0.047927
6.106234 0.089616
6.111235 0.095147
6.116236 0.083389
6.121237 0.056196
6.126238 0.018948
6.131239 -0.024876
6.136240 -0.056974
6.141241 -0.063907
6.146242 -0.062042
6.151243 -0.040571
6.156244 -0.008666
6.161245 0.004728
6.166246 0.017869
6.171247 0.028052
6.176248 0.027248
6.181249 0.037528
6.186250 0.041347
6.191251 0.032531
6.196252 0.011729
6.201253 -0.033049
6.206254 -0.073359
6.211255 -0.082082
6.216256 -0.052403
6.221257 -0.006401
6.226258 0.020436
6.231259 0.024733
6.236260 0.014464
6.241261 -0.000023
6.246262 -0.001395
6.251263 0.009187
6.256264 0.014154
6.261265 -0.009188
6.266266 -0.053058
6.271267 -0.067951
6.276268 -0.036723
6.281269 0.009802
6.286270 0.038632
6.291271 0.047722
6.296272 0.051686
6.301273 0.060793
6.306274 0.058871
6.311275 0.025766
6.316276 0.000786
6.321277 0.005963
6.326278 0.025388
6.331279 0.035131
6.336280 0.014878
6.341281 -0.008717
6.346282 -0.017928
6.351283 -0.023529
6.356284 -0.033752
6.361285 -0.033931
6.366286 -0.014268
6.371287 0.005598
6.376288 0.008930
6.381289 0.000703
6.386290 -0.012075
6.391291 -0.034126
6.396292 -0.047091
6.401293 -0.038005
6.406294 -0.007107
6.411295 0.018163
6.416296 0.012888
6.421297 -0.000960
6.426299 -0.018924
6.431300 -0.041016
6.436301 -0.047876
6.441302 -0.026204
6.446303 0.006176
6.451304 0.036365
6.456305 0.058777
6.461306 0.050973
6.466307 0.016741
6.471308 -0.008099
6.476309 -0.005726
6.481310 0.001015
6.486311 0.000971
6.491312 -0.004883
6.496313 -0.003425
6.501314 0.012511
6.506315 0.014760
6.511316 0.001197
6.516317 -0.020824
6.521318 -0.044077
6.526319 -0.041081
6.531320 -0.012761
6.536321 0.018823
6.541322 0.039960
6.546323 0.048162
6.551324 0.040355
6.556325 0.016959
6.561326 -0.003959
6.566327 -0.024574
6.571328 -0.041117
6.576329 -0.032358
6.581330 -0.008449
6.586331 0.014399
6.591332 0.028986
6.596333 0.027567
6.601334 0.007665
6.606335 -0.011502
6.611336 -0.014282
6.616337 -0.014334
6.621338 -0.008366
6.626339 0.003521
6.631340 0.011200
6.636341 0.012979
6.641342 0.005673
6.646343 -0.004009
6.651344 -0.014859
6.656345 -0.008216
6.661346 0.021589
6.666347 0.044616
6.671348 0.041115
6.676349 0.015749
6.681350 -0.007107
6.686351 -0.020184
6.691352 -0.023543
6.696353 -0.015830
6.701354 -0.008535
6.706355 -0.009689
6.711356 -0.014500
6.716357 -0.010812
6.721358 -0.007550
6.726359 -0.015275
6.731360 -0.026887
6.736361 -0.044549
6.741362 -0.058167
6.746363 -0.066409
6.751364 -0.073777
6.756365 -0.057729
6.761366 -0.020344
6.766367 0.022199
6.771368 0.050113
6.776369 0.050413
6.781370 0.037161
6.786371 0.023878
6.791372 0.021534
6.796373 0.025606
6.801374 0.034756
6.806375 0.046268
6.811376 0.040883
6.816377 0.020541
6.821378 0.005452
6.826379 0.002889
6.831380 0.009379
6.836381 0.019470
6.841382 0.019423
6.846383 0.010962
6.851384 0.001425
6.856385 -0.004605
6.861386 -0.005883
6.866387 -0.007249
6.871388 -0.002877
6.876389 0.004014
6.881390 0.006306
6.886391 0.000338
6.891392 -0.009052
6.896393 -0.019700
6.901395 -0.032188
6.906396 -0.030851
6.911397 -0.010250
6.916398 0.016620
6.921399 0.033517
6.926400 0.041961
6.931401 0.040929
6.936402 0.015088
6.941403 -0.033081
6.946404 -0.080622
6.951405 -0.099860
6.956406 -0.079719
6.961407 -0.036585
6.966408 0.011748
6.971409 0.061382
6.976410 0.098610
6.981411 0.122206
6.986412 0.148020
6.991413 0.177804
6.996414 0.205771
7.001415 0.213421
7.006416 0.193504
7.011417 0.154785
7.016418 0.090878
7.021419 0.000435
7.026420 -0.103740
7.031421 -0.210031
7.036422 -0.305255
7.041423 -0.381347
7.046424 -0.441550
7.051425 -0.485850
7.056426 -0.510785
7.061427 -0.518000
7.066428 -0.507216
7.071429 -0.471836
7.076430 -0.402038
7.081431 -0.301813
7.086432 -0.180915
7.091433 -0.039676
7.096434 0.093600
7.101435 0.193820
7.106436 0.271505
7.111437 0.327973
7.116438 0.364787
7.121439 0.382454
7.126440 0.381914
7.131441 0.374821
7.136442 0.361780
7.141443 0.356182
7.146444 0.364581
7.151445 0.372667
7.156446 0.375004
7.161447 0.360377
7.166448 0.321674
7.171449 0.276737
7.176450 0.250283
7.181451 0.239840
7.186452 0.233004
7.191453 0.230406
7.196454 0.219524
7.201455 0.183558
7.206456 0.131392
7.211457 0.080196
7.216458 0.027554
7.221459 -0.030044
7.226460 -0.096118
7.231461 -0.173152
7.236462 -0.249687
7.241463 -0.318378
7.246464 -0.363209
7.251465 -0.375049
7.256466 -0.361691
7.261467 -0.335011
7.266468 -0.302524
7.271469 -0.248790
7.276470 -0.175974
7.281471 -0.108703
7.286472 -0.055169
7.291473 -0.004547
7.296474 0.053613
7.301475 0.123129
7.306476 0.195259
7.311477 0.254358
7.316478 0.292028
7.321479 0.296398
7.326480 0.276171
7.331481 0.247419
7.336482 0.213638
7.341483 0.174429
7.346484 0.126810
7.351485 0.079565
7.356486 0.039031
7.361487 0.005392
7.366488 -0.029600
7.371489 -0.076849
7.376491 -0.119159
7.381492 -0.131724
7.386493 -0.118907
7.391494 -0.099253
7.396495 -0.089508
7.401496 -0.097789
7.406497 -0.128176
7.411498 -0.184525
7.416499 -0.255904
7.421500 -0.337123
7.426501 -0.416534
7.431502 -0.468560
7.436503 -0.483757
7.441504 -0.459541
7.446505 -0.404536
7.451506 -0.330056
7.456507 -0.247995
7.461508 -0.179917
7.466509 -0.125165
7.471510 -0.080572
7.476511 -0.043297
7.481512 -0.001166
7.486513 0.040060
7.491514 0.074618
7.496515 0.094045
7.501516 0.093870
7.506517 0.077471
7.511518 0.052383
7.516519 0.027779
7.521520 -0.003767
7.526521 -0.036865
7.531522 -0.055048
7.536523 -0.053821
7.541524 -0.032600
7.546525 0.019598
7.551526 0.103990
7.556527 0.206806
7.561528 0.305974
7.566529 0.377656
7.571530 0.415786
7.576531 0.413357
7.581532 0.378474
7.586533 0.329320
7.591534 0.290610
7.596535 0.291578
7.601536 0.321469
7.606537 0.352830
7.611538 0.369466
7.616539 0.361262
7.621540 0.321590
7.626541 0.248251
7.631542 0.154282
7.636543 0.062647
7.641544 -0.012998
7.646545 -0.066763
7.651546 -0.095559
7.656547 -0.100097
7.661548 -0.087203
7.666549 -0.067065
7.671550 -0.041982
7.676551 -0.016355
7.681552 -0.000255
7.686553 0.011716
7.691554 0.032920
7.696555 0.058321
7.701556 0.068906
7.706557 0.045744
7.711558 -0.013781
7.716559 -0.096979
7.721560 -0.193064
7.726561 -0.291626
7.731562 -0.378188
7.736563 -0.445009
7.741564 -0.488430
7.746565 -0.508560
7.751566 -0.514989
7.756567 -0.506355
7.761568 -0.478417
7.766569 -0.435018
7.771570 -0.376243
7.776571 -0.305311
7.781572 -0.234645
7.786573 -0.176402
7.791574 -0.132211
7.796575 -0.094427
7.801576 -0.060414
7.806577 -0.033980
7.811578 -0.014120
7.816579 -0.003507
7.821580 -0.000811
7.826581 0.003030
7.831582 0.017773
7.836583 0.051582
7.841584 0.095692
7.846585 0.138922
7.851586 0.174261
7.856588 0.199758
7.861589 0.217210
7.866590 0.224738
7.871591 0.234126
7.876592 0.257231
7.881593 0.290218
7.886594 0.322971
7.891595 0.347002
7.896596 0.357429
7.901597 0.352189
7.906598 0.337052
7.911599 0.316093
7.916600 0.291716
7.921601 0.263881
7.926602 0.221803
7.931603 0.158960
7.936604 0.075792
7.941605 -0.016608
7.946606 -0.093397
7.951607 -0.132646
7.956608 -0.128282
7.961609 -0.094680
7.966610 -0.051276
7.971611 -0.011345
7.976612 0.015535
7.981613 0.023799
7.986614 0.010918
7.991615 -0.017008
7.996616 -0.052386
8.001617 -0.086956
8.006618 -0.110298
8.011619 -0.122361
8.016620 -0.131829
8.021621 -0.151926
8.026622 -0.184794
8.031623 -0.217449
8.036624 -0.233421
8.041625 -0.217244
8.046626 -0.162048
8.051627 -0.075768
8.056628 0.015335
8.061629 0.083316
8.066630 0.111885
8.071631 0.099226
8.076632 0.061180
8.081633 0.016852
8.086634 -0.017771
8.091635 -0.030679
8.096636 -0.024659
8.101637 -0.012426
8.106638 -0.005786
8.111639 -0.014198
8.116640 -0.036351
8.121641 -0.060991
8.126642 -0.076256
8.131643 -0.070676
8.136644 -0.046884
8.141645 -0.018328
8.146646 0.004725
8.151647 0.015765
8.156648 0.015934
8.161649 0.007516
8.166650 -0.004008
8.171651 -0.010470
8.176652 -0.009434
8.181653 -0.003301
8.186654 0.001984
8.191655 0.000203
8.196656 -0.007373
8.201657 -0.013532
8.206658 -0.020772
8.211659 -0.032079
8.216660 -0.042599
8.221661 -0.044358
8.226662 -0.033251
8.231663 -0.012791
8.236664 0.010365
8.241665 0.023646
8.246666 0.024615
8.251667 0.020648
8.256668 0.015066
8.261669 0.013027
8.266670 0.016489
8.271671 0.020285
8.276672 0.018606
8.281673 0.007620
8.286674 -0.014169
8.291675 -0.040883
8.296676 -0.061410
8.301677 -0.065298
8.306678 -0.047396
8.311679 -0.008905
8.316680 0.041665
8.321681 0.087762
8.326682 0.115652
8.331684 0.119087
8.336685 0.100206
8.341686 0.069188
8.346687 0.041168
8.351688 0.031454
8.356689 0.045133
8.361690 0.077799
8.366691 0.119699
8.371692 0.158575
8.376693 0.187304
8.381694 0.201794
8.386695 0.200667
8.391696 0.189572
8.396697 0.171986
8.401698 0.147845
8.406699 0.117241
8.411700 0.081114
8.416701 0.042333
8.421702 0.001548
8.426703 -0.039662
8.431704 -0.073726
8.436705 -0.092691
8.441706 -0.097263
8.446707 -0.094074
8.451708 -0.090708
8.456709 -0.092384
8.461710 -0.102956
8.466711 -0.124799
8.471712 -0.152720
8.476713 -0.180309
8.481714 -0.201870
8.486715 -0.212828
8.491716 -0.212339
8.496717 -0.198778
8.501718 -0.170962
8.506719 -0.130209
8.511720 -0.079595
8.516721 -0.027863
8.521722 0.013655
8.526723 0.038206
8.531724 0.043941
8.536725 0.036484
8.541726 0.023371
8.546727 0.010842
8.551728 0.005728
8.556729 0.007990
8.561730 0.010445
8.566731 0.010250
8.571732 0.006480
8.576733 -0.002749
8.581734 -0.017878
8.586735 -0.042430
8.591736 -0.074623
8.596737 -0.107837
8.601738 -0.136968
8.606739 -0.155851
8.611740 -0.159911
8.616741 -0.148809
8.621742 -0.125558
8.626743 -0.097650
8.631744 -0.072784
8.636745 -0.057484
8.641746 -0.055734
8.646747 -0.062027
8.651748 -0.066643
8.656749 -0.062453
8.661750 -0.045402
8.666751 -0.016736
8.671752 0.021322
8.676753 0.064853
8.681754 0.105720
8.686755 0.141838
8.691756 0.177324
8.696757 0.216310
8.701758 0.261203
8.706759 0.305847
8.711760 0.344192
8.716761 0.370896
8.721762 0.379659
8.726763 0.371303
8.731764 0.350588
8.736765 0.323340
8.741766 0.290257
8.746767 0.250701
8.751768 0.206142
8.756769 0.156551
8.761770 0.104465
8.766771 0.052304
8.771772 0.005638
8.776773 -0.030644
8.781774 -0.058387
8.786775 -0.077848
8.791776 -0.089243
8.796777 -0.093725
8.801778 -0.093906
8.806780 -0.093433
8.811781 -0.097188
8.816782 -0.109400
8.821783 -0.132564
8.826784 -0.167644
8.831785 -0.207817
8.836786 -0.248374
8.841787 -0.289561
8.846788 -0.325522
8.851789 -0.349047
8.856790 -0.358900
8.861791 -0.353798
8.866792 -0.332045
8.871793 -0.292319
8.876794 -0.237089
8.881795 -0.178907
8.886796 -0.125509
8.891797 -0.080419
8.896798 -0.048889
8.901799 -0.032295
8.906800 -0.028209
8.911801 -0.028999
8.916802 -0.025661
8.921803 -0.015628
8.926804 -0.003794
8.931805 0.006359
8.936806 0.010931
8.941807 0.009007
8.946808 0.005136
8.951809 0.005955
8.956810 0.020183
8.961811 0.050251
8.966812 0.094584
8.971813 0.146763
8.976814 0.195465
8.981815 0.228007
8.986816 0.239459
8.991817 0.234497
8.996818 0.216330
9.001819 0.190156
9.006820 0.162932
9.011821 0.141111
9.016822 0.127850
9.021823 0.119115
9.026824 0.111777
9.031825 0.107011
9.036826 0.105692
9.041827 0.108600
9.046828 0.114917
9.051829 0.118850
9.056830 0.113644
9.061831 0.093254
9.066832 0.057045
9.071833 0.015497
9.076834 -0.020621
9.081835 -0.045445
9.086836 -0.056025
9.091837 -0.052791
9.096838 -0.038584
9.101839 -0.020402
9.106840 -0.000994
9.111841 0.017871
9.116842 0.029576
9.121843 0.027850
9.126844 0.009525
9.131845 -0.022815
9.136846 -0.061353
9.141847 -0.096684
9.146848 -0.121982
9.151849 -0.130160
9.156850 -0.119222
9.161851 -0.095848
9.166852 -0.064833
9.171853 -0.028272
9.176854 0.007627
9.181855 0.034208
9.186856 0.045523
9.191857 0.039608
9.196858 0.019751
9.201859 -0.010976
9.206860 -0.046586
9.211861 -0.077653
9.216862 -0.101129
9.221863 -0.115635
9.226864 -0.120665
9.231865 -0.116595
9.236866 -0.104149
9.241867 -0.090253
9.246868 -0.080178
9.251869 -0.073612
9.256870 -0.069560
9.261871 -0.065465
9.266872 -0.058462
9.271873 -0.046224
9.276874 -0.028218
9.281876 -0.007627
9.286877 0.013470
9.291878 0.036784
9.296879 0.061771
9.301880 0.084618
9.306881 0.102874
9.311882 0.115945
9.316883 0.124431
9.321884 0.124773
9.326885 0.113916
9.331886 0.093005
9.336887 0.062028
9.341888 0.024932
9.346889 -0.012654
9.351890 -0.044870
9.356891 -0.065181
9.361892 -0.073484
9.366893 -0.069283
9.371894 -0.052344
9.376895 -0.025924
9.381896 0.006905
9.386897 0.042009
9.391898 0.078570
9.396899 0.114129
9.401900 0.143284
9.406901 0.164538
9.411902 0.175303
9.416903 0.174579
9.421904 0.164934
9.426905 0.148929
9.431906 0.130596
9.436907 0.111552
9.441908 0.090282
9.446909 0.067528
9.451910 0.046699
9.456911 0.030195
9.461912 0.017344
9.466913 0.004996
9.471914 -0.009080
9.476915 -0.026714
9.481916 -0.052292
9.486917 -0.081991
9.491918 -0.106202
9.496919 -0.118904
9.501920 -0.115472
9.506921 -0.096830
9.511922 -0.067567
9.516923 -0.034125
9.521924 -0.005720
9.526925 0.009843
9.531926 0.010862
9.536927 -0.001244
9.541928 -0.025076
9.546929 -0.056134
9.551930 -0.089073
9.556931 -0.118851
9.561932 -0.142251
9.566933 -0.156547
9.571934 -0.158877
9.576935 -0.148880
9.581936 -0.128814
9.586937 -0.102969
9.591938 -0.076770
9.596939 -0.054001
9.601940 -0.036075
9.606941 -0.024455
9.611942 -0.018434
9.616943 -0.019074
9.621944 -0.028290
9.626945 -0.043457
9.631946 -0.056985
9.636947 -0.061082
9.641948 -0.055348
9.646949 -0.040384
9.651950 -0.018316
9.656951 0.004814
9.661952 0.022945
9.666953 0.031275
9.671954 0.030176
9.676955 0.021953
9.681956 0.009617
9.686957 -0.001362
9.691958 -0.007752
9.696959 -0.008456
9.701960 -0.005398
9.706961 -0.002900
9.711962 -0.001131
9.716963 -0.000902
9.721964 -0.002016
9.726965 -0.000313
9.731966 0.008803
9.736967 0.030109
9.741968 0.061822
9.746969 0.097330
9.751970 0.131589
9.756972 0.159101
9.761973 0.176520
9.766974 0.183222
9.771975 0.180901
9.776976 0.172983
9.781977 0.159794
9.786978 0.141814
9.791979 0.121019
9.796980 0.096885
9.801981 0.068721
9.806982 0.039074
9.811983 0.010771
9.816984 -0.013174
9.821985 -0.031609
9.826986 -0.044484
9.831987 -0.049590
9.836988 -0.047564
9.841989 -0.040286
9.846990 -0.029828
9.851991 -0.016952
9.856992 0.000277
9.861993 0.020308
9.866994 0.039816
9.871995 0.057192
9.876996 0.068064
9.881997 0.067064
9.886998 0.050464
9.891999 0.018279
9.897000 -0.024460
9.902001 -0.070345
9.907002 -0.110596
9.912003 -0.139478
9.917004 -0.156029
9.922005 -0.165200
9.927006 -0.170717
9.932007 -0.172887
9.937008 -0.170672
9.942009 -0.161980
9.947010 -0.147588
9.952011 -0.127270
9.957012 -0.103185
9.962013 -0.080892
9.967014 -0.062495
9.972015 -0.048886
9.977016 -0.039789
9.982017 -0.033163
9.987018 -0.028416
9.992019 -0.022560
9.997020 -0.013180
10.002021 -0.004351
10.007022 0.002826
10.012023 0.010578
10.017024 0.019087
10.022025 0.030047
10.027026 0.045281
10.032027 0.064874
10.037028 0.088080
10.042029 0.110123
10.047030 0.125022
10.052031 0.129698
10.057032 0.122881
10.062033 0.103325
10.067034 0.072388
10.072035 0.035877
10.077036 0.001763
10.082037 -0.023226
10.087038 -0.037399
10.092039 -0.039400
10.097040 -0.030546
10.102041 -0.016054
10.107042 0.002895
10.112043 0.026082
10.117044 0.052094
10.122045 0.077108
10.127046 0.096382
10.132047 0.106746
10.137048 0.104529
10.142049 0.088829
10.147050 0.064138
10.152051 0.037656
10.157052 0.015720
10.162053 0.000505
10.167054 -0.009838
10.172055 -0.015989
10.177056 -0.019263
10.182057 -0.022491
10.187058 -0.024995
10.192059 -0.026233
10.197060 -0.026131
10.202061 -0.025365
10.207062 -0.026250
10.212063 -0.028616
10.217064 -0.033690
10.222065 -0.042751
10.227066 -0.052251
10.232068 -0.058916
10.237069 -0.060208
10.242070 -0.055817
10.247071 -0.047341
10.252072 -0.035936
10.257073 -0.023501
10.262074 -0.012746
10.267075 -0.007275
10.272076 -0.004727
10.277077 -0.003334
10.282078 -0.002670
10.287079 0.001255
10.292080 0.010193
10.297081 0.025535
10.302082 0.044143
10.307083 0.061789
10.312084 0.075372
10.317085 0.080930
10.322086 0.076858
10.327087 0.062173
10.332088 0.039427
10.337089 0.012484
10.342090 -0.015104
10.347091 -0.039518
10.352092 -0.060715
10.357093 -0.079258
10.362094 -0.096791
10.367095 -0.113419
10.372096 -0.126460
10.377097 -0.134277
10.382098 -0.136108
10.387099 -0.131363
10.392100 -0.118568
10.397101 -0.099565
10.402102 -0.078166
10.407103 -0.059279
10.412104 -0.044347
10.417105 -0.032558
10.422106 -0.027513
10.427107 -0.028405
10.432108 -0.033809
10.437109 -0.042497
10.442110 -0.053017
10.447111 -0.064094
10.452112 -0.072181
10.457113 -0.076277
10.462114 -0.077093
10.467115 -0.074771
10.472116 -0.067292
10.477117 -0.053199
10.482118 -0.033303
10.487119 -0.008152
10.492120 0.022897
10.497121 0.058232
10.502122 0.095094
10.507123 0.132004
10.512124 0.166539
10.517125 0.198963
10.522126 0.226833
10.527127 0.248602
10.532128 0.267255
10.537129 0.279952
10.542130 0.281952
10.547131 0.273566
10.552132 0.254720
10.557133 0.225043
10.562134 0.186296
10.567135 0.141647
10.572136 0.097469
10.577137 0.056461
10.582138 0.020426
10.587139 -0.006438
10.592140 -0.024729
10.597141 -0.035717
10.602142 -0.041751
10.607143 -0.046583
10.612144 -0.050131
10.617145 -0.054296
10.622146 -0.060268
10.627147 -0.064708
10.632148 -0.066723
10.637149 -0.063724
10.642150 -0.055893
10.647151 -0.048127
10.652152 -0.039986
10.657153 -0.031807
10.662154 -0.026368
10.667155 -0.022377
10.672156 -0.019025
10.677157 -0.016813
10.682158 -0.016457
10.687159 -0.019795
10.692160 -0.024172
10.697161 -0.027929
10.702162 -0.031238
10.707164 -0.032501
10.712165 -0.030192
10.717166 -0.024118
10.722167 -0.017724
10.727168 -0.012718
10.732169 -0.010692
10.737170 -0.012886
10.742171 -0.019677
10.747172 -0.030619
10.752173 -0.042251
10.757174 -0.053719
10.762175 -0.066464
10.767176 -0.080169
10.772177 -0.091750
10.777178 -0.097681
10.782179 -0.098019
10.787180 -0.094993
10.792181 -0.088339
10.797182 -0.079571
10.802183 -0.072203
10.807184 -0.066463
10.812185 -0.059980
10.817186 -0.051231
10.822187 -0.040462
10.827188 -0.027855
10.832189 -0.015264
10.837190 -0.004954
10.842191 0.001512
10.847192 0.003935
10.852193 0.006219
10.857194 0.010541
10.862195 0.014910
10.867196 0.019930
10.872197 0.027156
10.877198 0.034864
10.882199 0.040837
10.887200 0.044349
10.892201 0.045781
10.897202 0.045214
10.902203 0.041375
10.907204 0.033516
10.912205 0.023469
10.917206 0.011777
10.922207 -0.002841
10.927208 -0.020333
10.932209 -0.038001
10.937210 -0.052954
10.942211 -0.063780
10.947212 -0.067533
10.952213 -0.062016
10.957214 -0.049026
10.962215 -0.030795
10.967216 -0.009302
10.972217 0.013511
10.977218 0.035986
10.982219 0.054636
10.987220 0.068290
10.992221 0.077470
10.997222 0.083509
11.002223 0.087106
11.007224 0.089538
11.012225 0.093616
11.017226 0.098313
11.022227 0.103171
11.027228 0.106939
11.032229 0.109092
11.037230 0.109912
11.042231 0.106839
11.047232 0.098776
11.052233 0.086064
11.057234 0.069142
11.062235 0.046900
11.067236 0.020670
11.072237 -0.005718
11.077238 -0.029275
11.082239 -0.048468
11.087240 -0.061906
11.092241 -0.066864
11.097242 -0.064385
11.102243 -0.057247
11.107244 -0.049021
11.112245 -0.043464
11.117246 -0.042521
11.122247 -0.047436
11.127248 -0.056845
11.132249 -0.067766
11.137250 -0.078457
11.142251 -0.088789
11.147252 -0.098260
11.152253 -0.106143
11.157254 -0.110176
11.162255 -0.108958
11.167256 -0.102416
11.172257 -0.088050
11.177258 -0.066682
11.182259 -0.041117
11.187261 -0.013866
11.192262 0.010866
11.197263 0.031296
11.202264 0.045583
11.207265 0.053429
11.212266 0.057866
11.217267 0.060719
11.222268 0.062688
11.227269 0.064438
11.232270 0.066882
11.237271 0.069705
11.242272 0.070566
11.247273 0.068698
11.252274 0.065890
11.257275 0.061721
11.262276 0.055332
11.267277 0.046958
11.272278 0.036758
11.277279 0.026301
11.282280 0.014633
11.287281 0.002341
11.292282 -0.008315
11.297283 -0.016678
11.302284 -0.022006
11.307285 -0.024560
11.312286 -0.023867
11.317287 -0.020948
11.322288 -0.017683
11.327289 -0.015254
11.332290 -0.013129
11.337291 -0.010192
11.342292 -0.007412
11.347293 -0.004620
11.352294 -0.000679
11.357295 0.004842
11.362296 0.011003
11.367297 0.017266
11.372298 0.023177
11.377299 0.028114
11.382300 0.030098
11.387301 0.026937
11.392302 0.019619
11.397303 0.007572
11.402304 -0.007378
11.407305 -0.022925
11.412306 -0.037300
11.417307 -0.046760
11.422308 -0.051420
11.427309 -0.052850
11.432310 -0.052225
11.437311 -0.051520
11.442312 -0.053526
11.447313 -0.059345
11.452314 -0.067657
11.457315 -0.076736
11.462316 -0.085627
11.467317 -0.093167
11.472318 -0.097243
11.477319 -0.097660
11.482320 -0.094577
11.487321 -0.088028
11.492322 -0.077671
11.497323 -0.063083
11.502324 -0.045057
11.507325 -0.024551
11.512326 -0.002914
11.517327 0.019776
11.522328 0.040633
11.527329 0.056030
11.532330 0.067135
11.537331 0.073165
11.542332 0.074142
11.547333 0.071856
11.552334 0.067638
11.557335 0.063348
11.562336 0.058358
11.567337 0.053160
11.572338 0.049207
11.577339 0.046221
11.582340 0.043689
11.587341 0.040325
11.592342 0.036554
11.597343 0.033460
11.602344 0.029265
11.607345 0.024356
11.612346 0.020811
11.617347 0.019162
11.622348 0.018547
11.627349 0.018795
11.632350 0.022208
11.637351 0.030183
11.642352 0.041624
11.647353 0.054994
11.652354 0.070109
11.657355 0.084363
11.662357 0.095133
11.667358 0.100625
11.672359 0.100405
11.677360 0.097376
11.682361 0.090105
11.687362 0.079122
11.692363 0.066635
11.697364 0.051402
11.702365 0.032488
11.707366 0.008946
11.712367 -0.017636
11.717368 -0.045484
11.722369 -0.073470
11.727370 -0.099083
11.732371 -0.118111
11.737372 -0.128993
11.742373 -0.133987
11.747374 -0.132936
11.752375 -0.126999
11.757376 -0.117063
11.762377 -0.105252
11.767378 -0.093181
11.772379 -0.079233
11.777380 -0.064156
11.782381 -0.047812
11.787382 -0.031114
11.792383 -0.013351
11.797384 0.004543
11.802385 0.018508
11.807386 0.029302
11.812387 0.036898
11.817388 0.041332
11.822389 0.042640
11.827390 0.041622
11.832391 0.040384
11.837392 0.040098
11.842393 0.041076
11.847394 0.042352
11.852395 0.046091
11.857396 0.051655
11.862397 0.056493
11.867398 0.060700
11.872399 0.062689
11.877400 0.062824
11.882401 0.060017
11.887402 0.052571
11.892403 0.042372
11.897404 0.029443
11.902405 0.013060
11.907406 -0.004929
11.912407 -0.023628
11.917408 -0.042550
11.922409 -0.060432
11.927410 -0.075784
11.932411 -0.086475
11.937412 -0.091774
11.942413 -0.092414
11.947414 -0.089128
11.952415 -0.082334
11.957416 -0.073097
11.962417 -0.062704
11.967418 -0.051849
11.972419 -0.041566
11.977420 -0.032673
11.982421 -0.025537
11.987422 -0.020881
11.992423 -0.017188
11.997424 -0.013652
12.002425 -0.011083
12.007426 -0.009213
12.012427 -0.008300
12.017428 -0.009294
12.022429 -0.012680
12.027430 -0.017260
12.032431 -0.021779
12.037432 -0.025588
12.042433 -0.027784
12.047434 -0.028150
12.052435 -0.025779
12.057436 -0.019624
12.062437 -0.011208
12.067438 -0.002069
12.072439 0.008340
12.077440 0.019787
12.082441 0.031243
12.087442 0.042436
12.092443 0.054475
12.097444 0.066389
12.102445 0.076095
12.107446 0.083212
12.112447 0.088525
12.117448 0.092601
12.122449 0.094340
12.127450 0.093359
12.132451 0.091034
12.137453 0.086820
12.142454 0.079331
12.147455 0.069735
12.152456 0.058770
12.157457 0.048298
12.162458 0.037841
12.167459 0.027240
12.172460 0.019998
12.177461 0.015173
12.182462 0.013455
12.187463 0.013509
12.192464 0.015557
12.197465 0.021178
12.202466 0.025920
12.207467 0.028244
12.212468 0.026341
12.217469 0.020646
12.222470 0.011528
12.227471 -0.002435
12.232472 -0.016846
12.237473 -0.029723
12.242474 -0.041661
12.247475 -0.050428
12.252476 -0.053491
12.257477 -0.050348
12.262478 -0.042057
12.267479 -0.029746
12.272480 -0.014640
12.277481 0.002456
12.282482 0.018943
12.287483 0.032755
12.292484 0.044638
12.297485 0.052398
12.302486 0.055081
12.307487 0.052493
12.312488 0.044723
12.317489 0.033576
12.322490 0.019160
12.327491 0.003067
12.332492 -0.012701
12.337493 -0.025658
12.342494 -0.036351
12.347495 -0.045945
12.352496 -0.051553
12.357497 -0.053190
12.362498 -0.053347
12.367499 -0.052113
12.372500 -0.048503
12.377501 -0.044544
12.382502 -0.041109
12.387503 -0.038997
12.392504 -0.038549
12.397505 -0.038021
12.402506 -0.039362
12.407507 -0.042001
12.412508 -0.044282
12.417509 -0.046772
12.422510 -0.050399
12.427511 -0.054584
12.432512 -0.057207
12.437513 -0.057814
12.442514 -0.056787
12.447515 -0.055850
12.452516 -0.053823
12.457517 -0.050980
12.462518 -0.049198
12.467519 -0.048008
12.472520 -0.047189
12.477521 -0.044948
12.482522 -0.042667
12.487523 -0.040707
12.492524 -0.036386
12.497525 -0.030497
12.502526 -0.025012
12.507527 -0.019959
12.512528 -0.014938
12.517529 -0.009102
12.522530 -0.002602
12.527531 0.003009
12.532532 0.009410
12.537533 0.016774
12.542534 0.024416
12.547535 0.030997
12.552536 0.036401
12.557537 0.041620
12.562538 0.045745
12.567539 0.049584
12.572540 0.053074
12.577541 0.056399
12.582542 0.058153
12.587543 0.057077
12.592544 0.053662
12.597545 0.048811
12.602546 0.042409
12.607547 0.034624
12.612549 0.026756
12.617550 0.019809
12.622551 0.014783
12.627552 0.011329
12.632553 0.010938
12.637554 0.012251
12.642555 0.013953
12.647556 0.015290
12.652557 0.016022
12.657558 0.018216
12.662559 0.020545
12.667560 0.022054
12.672561 0.023869
12.677562 0.027366
12.682563 0.031515
12.687564 0.035716
12.692565 0.041093
12.697566 0.046838
12.702567 0.051730
12.707568 0.055375
12.712569 0.059666
12.717570 0.064922
12.722571 0.069800
12.727572 0.074308
12.732573 0.077050
12.737574 0.078046
12.742575 0.075795
12.747576 0.068636
12.752577 0.059041
12.757578 0.046425
12.762579 0.030849
12.767580 0.013161
12.772581 -0.004520
12.777582 -0.018311
12.782583 -0.030000
12.787584 -0.039845
12.792585 -0.045554
12.797586 -0.047883
12.802587 -0.049323
12.807588 -0.051193
12.812589 -0.054253
12.817590 -0.058929
12.822591 -0.064845
12.827592 -0.072766
12.832593 -0.080160
12.837594 -0.085866
12.842595 -0.090593
12.847596 -0.092282
12.852597 -0.089927
12.857598 -0.083118
12.862599 -0.073661
12.867600 -0.063839
12.872601 -0.053114
12.877602 -0.043162
12.882603 -0.036554
12.887604 -0.032741
12.892605 -0.030582
12.897606 -0.028883
12.902607 -0.029393
12.907608 -0.031679
12.912609 -0.031945
12.917610 -0.031223
12.922611 -0.030267
12.927612 -0.027138
12.932613 -0.021218
12.937614 -0.012919
12.942615 -0.003667
12.947616 0.005090
12.952617 0.014044
12.957618 0.023317
12.962619 0.031960
12.967620 0.039097
12.972621 0.045388
12.977622 0.052045
12.982623 0.056211
12.987624 0.056876
12.992625 0.056059
12.997626 0.051716
13.002627 0.043508
13.007628 0.032818
13.012629 0.020736
13.017630 0.010411
13.022631 0.001968
13.027632 -0.004624
13.032633 -0.006670
13.037634 -0.003922
13.042635 0.002398
13.047636 0.011650
13.052637 0.022719
13.057638 0.034696
13.062639 0.045375
13.067640 0.052968
13.072641 0.058799
13.077642 0.062023
13.082643 0.061746
13.087645 0.058761
13.092646 0.054207
13.097647 0.049171
13.102648 0.042784
13.107649 0.035272
13.112650 0.027565
13.117651 0.018849
13.122652 0.008488
13.127653 -0.004547
13.132654 -0.020391
13.137655 -0.037212
13.142656 -0.054912
13.147657 -0.072510
13.152658 -0.088071
13.157659 -0.100795
13.162660 -0.109445
13.167661 -0.115371
13.172662 -0.116941
13.177663 -0.113932
13.182664 -0.109858
13.187665 -0.103825
13.192666 -0.095888
13.197667 -0.086652
13.202668 -0.076954
13.207669 -0.067177
13.212670 -0.055785
13.217671 -0.043130
13.222672 -0.030758
13.227673 -0.018313
13.232674 -0.004288
13.237675 0.010096
13.242676 0.024207
13.247677 0.037311
13.252678 0.050345
13.257679 0.064004
13.262680 0.076090
13.267681 0.088210
13.272682 0.100728
13.277683 0.113938
13.282684 0.127584
13.287685 0.139472
13.292686 0.150585
13.297687 0.158666
13.302688 0.162500
13.307689 0.162196
13.312690 0.158496
13.317691 0.152410
13.322692 0.141449
13.327693 0.126508
13.332694 0.109368
13.337695 0.090127
13.342696 0.068027
13.347697 0.043770
13.352698 0.020593
13.357699 -0.001066
13.362700 -0.020680
13.367701 -0.037578
13.372702 -0.050896
13.377703 -0.059244
13.382704 -0.065092
13.387705 -0.069515
13.392706 -0.070340
13.397707 -0.068502
13.402708 -0.065177
13.407709 -0.060520
13.412710 -0.055258
13.417711 -0.048539
13.422712 -0.042374
13.427713 -0.038137
13.432714 -0.034085
13.437715 -0.031203
13.442716 -0.029516
13.447717 -0.028939
13.452718 -0.029240
13.457719 -0.029437
13.462720 -0.031014
13.467721 -0.034672
13.472722 -0.038561
13.477723 -0.041990
13.482724 -0.045584
13.487725 -0.048605
13.492726 -0.050730
13.497727 -0.050888
13.502728 -0.049673
13.507729 -0.049058
13.512730 -0.046022
13.517731 -0.040304
13.522732 -0.034684
13.527733 -0.030170
13.532734 -0.025321
13.537735 -0.020729
13.542736 -0.018538
13.547737 -0.017655
13.552738 -0.018302
13.557739 -0.019006
13.562741 -0.020482
13.567742 -0.024181
13.572743 -0.026746
13.577744 -0.027966
13.582745 -0.030516
13.587746 -0.033859
13.592747 -0.035753
13.597748 -0.037341
13.602749 -0.039308
13.607750 -0.040991
13.612751 -0.041789
13.617752 -0.040903
13.622753 -0.039607
13.627754 -0.038134
13.632755 -0.035913
13.637756 -0.032955
13.642757 -0.029092
13.647758 -0.026272
13.652759 -0.023446
13.657760 -0.019607
13.662761 -0.016909
13.667762 -0.014206
13.672763 -0.010947
13.677764 -0.005918
13.682765 0.000662
13.687766 0.008587
13.692767 0.020438
13.697768 0.035104
13.702769 0.050848
13.707770 0.067693
13.712771 0.084937
13.717772 0.102579
13.722773 0.119688
13.727774 0.134537
13.732775 0.147737
13.737776 0.159103
13.742777 0.166122
13.747778 0.168543
13.752779 0.167699
13.757780 0.163424
13.762781 0.154637
13.767782 0.140928
13.772783 0.123808
13.777784 0.105035
13.782785 0.083624
13.787786 0.060046
13.792787 0.036285
13.797788 0.013784
13.802789 -0.007064
13.807790 -0.027026
13.812791 -0.043572
13.817792 -0.056419
13.822793 -0.066704
13.827794 -0.074615
13.832795 -0.080195
13.837796 -0.083028
13.842797 -0.085487
13.847798 -0.087520
13.852799 -0.088269
13.857800 -0.087461
13.862801 -0.086296
13.867802 -0.085110
13.872803 -0.081642
13.877804 -0.075947
13.882805 -0.068986
13.887806 -0.061599
13.892807 -0.052712
13.897808 -0.042571
13.902809 -0.033191
13.907810 -0.025689
13.912811 -0.020753
13.917812 -0.017074
13.922813 -0.015987
13.927814 -0.018767
13.932815 -0.024049
13.937816 -0.031097
13.942817 -0.039171
13.947818 -0.048091
13.952819 -0.056281
13.957820 -0.061241
13.962821 -0.063182
13.967822 -0.062382
13.972823 -0.058136
13.977824 -0.050453
13.982825 -0.041049
13.987826 -0.031583
13.992827 -0.022206
13.997828 -0.012073
14.002829 -0.003163
14.007830 0.003706
14.012831 0.009944
14.017832 0.014802
14.022833 0.018529
14.027834 0.021351
14.032835 0.023950
14.037836 0.026848
14.042838 0.029414
14.047839 0.031535
14.052840 0.032628
14.057841 0.033784
14.062842 0.033645
14.067843 0.031826
14.072844 0.029396
14.077845 0.026975
14.082846 0.025073
14.087847 0.022263
14.092848 0.021518
14.097849 0.023089
14.102850 0.025356
14.107851 0.028229
14.112852 0.031325
14.117853 0.035477
14.122854 0.037784
14.127855 0.037460
14.132856 0.036048
14.137857 0.032690
14.142858 0.028227
14.147859 0.022854
14.152860 0.017418
14.157861 0.013924
14.162862 0.011415
14.167863 0.010276
14.172864 0.012203
14.177865 0.015874
14.182866 0.020143
14.187867 0.025008
14.192868 0.029642
14.197869 0.034128
14.202870 0.036805
14.207871 0.037079
14.212872 0.036010
14.217873 0.032948
14.222874 0.028574
14.227875 0.022331
14.232876 0.015402
14.237877 0.009259
14.242878 0.002381
14.247879 -0.004753
14.252880 -0.010673
14.257881 -0.014657
14.262882 -0.017661
14.267883 -0.020340
14.272884 -0.021378
14.277885 -0.020413
14.282886 -0.018808
14.287887 -0.017660
14.292888 -0.015497
14.297889 -0.011777
14.302890 -0.007830
14.307891 -0.003470
14.312892 0.001131
14.317893 0.007208
14.322894 0.013224
14.327895 0.017418
14.332896 0.021992
14.337897 0.025096
14.342898 0.025574
14.347899 0.024147
14.352900 0.021096
14.357901 0.017791
14.362902 0.013239
14.367903 0.007153
14.372904 0.002306
14.377905 -0.000801
14.382906 -0.003449
14.387907 -0.006289
14.392908 -0.008540
14.397909 -0.009771
14.402910 -0.012517
14.407911 -0.018149
14.412912 -0.025753
14.417913 -0.034541
14.422914 -0.045677
14.427915 -0.059599
14.432916 -0.074191
14.437917 -0.088897
14.442918 -0.103267
14.447919 -0.116564
14.452920 -0.126259
14.457921 -0.131389
14.462922 -0.132232
14.467923 -0.128236
14.472924 -0.119763
14.477925 -0.106946
14.482926 -0.091791
14.487927 -0.076076
14.492928 -0.060392
14.497929 -0.044141
14.502930 -0.028567
14.507931 -0.015344
14.512932 -0.002351
14.517934 0.010458
14.522935 0.021172
14.527936 0.029807
14.532937 0.037550
14.537938 0.044272
14.542939 0.049598
14.547940 0.054226
14.552941 0.059348
14.557942 0.065656
14.562943 0.072489
14.567944 0.080026
14.572945 0.088464
14.577946 0.098075
14.582947 0.108008
14.587948 0.116259
14.592949 0.123059
14.597950 0.129101
14.602951 0.132495
14.607952 0.132927
14.612953 0.131741
14.617954 0.128642
14.622955 0.123049
14.627956 0.113454
14.632957 0.101184
14.637958 0.087426
14.642959 0.070904
14.647960 0.052628
14.652961 0.034164
14.657962 0.015910
14.662963 -0.002387
14.667964 -0.021078
14.672965 -0.039605
14.677966 -0.055873
14.682967 -0.071750
14.687968 -0.087728
14.692969 -0.100981
14.697970 -0.111760
14.702971 -0.119452
14.707972 -0.125275
14.712973 -0.128172
14.717974 -0.127263
14.722975 -0.126051
14.727976 -0.123184
14.732977 -0.118124
14.737978 -0.111912
14.742979 -0.103984
14.747980 -0.095413
14.752981 -0.085128
14.757982 -0.072646
14.762983 -0.060192
14.767984 -0.046947
14.772985 -0.032539
14.777986 -0.016758
14.782987 -0.000001
14.787988 0.016021
14.792989 0.033078
14.797990 0.050334
14.802991 0.065663
14.807992 0.079440
14.812993 0.091707
14.817994 0.100920
14.822995 0.107064
14.827996 0.109843
14.832997 0.108978
14.837998 0.106315
14.842999 0.100615
14.848000 0.092356
14.853001 0.083202
14.858002 0.073186
14.863003 0.062731
14.868004 0.051792
14.873005 0.041327
14.878006 0.031306
14.883007 0.020932
14.888008 0.010165
14.893009 0.000739
14.898010 -0.007094
14.903011 -0.013773
14.908012 -0.019044
14.913013 -0.022596
14.918014 -0.023390
14.923015 -0.023688
14.928016 -0.025052
14.933017 -0.026325
14.938018 -0.028607
14.943019 -0.033452
14.948020 -0.040503
14.953021 -0.048595
14.958022 -0.056114
14.963023 -0.063087
14.968024 -0.070237
14.973025 -0.074986
14.978026 -0.075834
14.983027 -0.074490
14.988028 -0.070613
14.993030 -0.062780
14.998031 -0.051483
15.003032 -0.038169
15.008033 -0.024638
15.013034 -0.010973
15.018035 0.002594
15.023036 0.014439
15.028037 0.023626
15.033038 0.031127
15.038039 0.037882
15.043040 0.042898
15.048041 0.045574
15.053042 0.046722
15.058043 0.048211
15.063044 0.048454
15.068045 0.046109
15.073046 0.043469
15.078047 0.040583
15.083048 0.036588
15.088049 0.031724
15.093050 0.027026
15.098051 0.022334
15.103052 0.017544
15.108053 0.012696
15.113054 0.007542
15.118055 0.002931
15.123056 -0.002333
15.128057 -0.007880
15.133058 -0.012766
15.138059 -0.017417
15.143060 -0.021585
15.148061 -0.026908
15.153062 -0.031268
15.158063 -0.034500
15.163064 -0.037856
15.168065 -0.040376
15.173066 -0.042344
15.178067 -0.041332
15.183068 -0.038856
15.188069 -0.035614
15.193070 -0.029780
15.198071 -0.022028
15.203072 -0.013958
15.208073 -0.007008
15.213074 -0.000572
15.218075 0.005136
15.223076 0.008943
15.228077 0.010060
15.233078 0.010022
15.238079 0.009647
15.243080 0.007716
15.248081 0.005020
15.253082 0.002810
15.258083 0.001732
15.263084 0.000582
15.268085 -0.000701
15.273086 -0.001021
15.278087 -0.001205
15.283088 -0.002121
15.288089 -0.003764
15.293090 -0.006496
15.298091 -0.008697
15.303092 -0.011304
15.308093 -0.015885
15.313094 -0.019216
15.318095 -0.021504
15.323096 -0.023465
15.328097 -0.023967
15.333098 -0.022735
15.338099 -0.019342
15.343100 -0.013751
15.348101 -0.007025
15.353102 0.000570
15.358103 0.009834
15.363104 0.018529
15.368105 0.025818
15.373106 0.032762
15.378107 0.039479
15.383108 0.046002
15.388109 0.050650
15.393110 0.054791
15.398111 0.059616
15.403112 0.062744
15.408113 0.064802
15.413114 0.066370
15.418115 0.068342
15.423116 0.070601
15.428117 0.071175
15.433118 0.071179
15.438119 0.070392
15.443120 0.067816
15.448121 0.062831
15.453122 0.055630
15.458123 0.047375
15.463124 0.037341
15.468126 0.025015
15.473127 0.011840
15.478128 -0.000966
15.483129 -0.014177
15.488130 -0.027980
15.493131 -0.040631
15.498132 -0.050820
15.503133 -0.059297
15.508134 -0.067044
15.513135 -0.072570
15.518136 -0.075526
15.523137 -0.077185
15.528138 -0.078320
15.533139 -0.078171
15.538140 -0.075512
15.543141 -0.072856
15.548142 -0.070041
15.553143 -0.065857
15.558144 -0.061003
15.563145 -0.055136
15.568146 -0.050680
15.573147 -0.045870
15.578148 -0.040561
15.583149 -0.036495
15.588150 -0.033041
15.593151 -0.030569
15.598152 -0.028001
15.603153 -0.026088
15.608154 -0.025814
15.613155 -0.025823
15.618156 -0.024506
15.623157 -0.022696
15.628158 -0.020954
15.633159 -0.018027
15.638160 -0.014084
15.643161 -0.009840
15.648162 -0.005741
15.653163 -0.001513
15.658164 0.002823
15.663165 0.006626
15.668166 0.009767
15.673167 0.012437
15.678168 0.014667
15.683169 0.016498
15.688170 0.018628
15.693171 0.020613
15.698172 0.023024
15.703173 0.026860
15.708174 0.029515
15.713175 0.032945
15.718176 0.037542
15.723177 0.041054
15.728178 0.044428
15.733179 0.046979
15.738180 0.050457
15.743181 0.053687
15.748182 0.054798
15.753183 0.056153
15.758184 0.058278
15.763185 0.059897
15.768186 0.060721
15.773187 0.061764
15.778188 0.062539
15.783189 0.062599
15.788190 0.060334
15.793191 0.056722
15.798192 0.052836
15.803193 0.046493
15.808194 0.038623
15.813195 0.029860
15.818196 0.020572
15.823197 0.010997
15.828198 0.000746
15.833199 -0.008619
15.838200 -0.017121
15.843201 -0.024716
15.848202 -0.031011
15.853203 -0.035732
15.858204 -0.038054
15.863205 -0.040119
15.868206 -0.041548
15.873207 -0.041138
15.878208 -0.040383
15.883209 -0.038662
15.888210 -0.036707
15.893211 -0.034470
15.898212 -0.030227
15.903213 -0.025320
15.908214 -0.020456
15.913215 -0.014492
15.918216 -0.008303
15.923217 -0.002530
15.928218 0.002375
15.933219 0.006400
15.938220 0.009693
15.943222 0.010792
15.948223 0.009726
15.953224 0.007727
15.958225 0.005799
15.963226 0.002908
15.968227 -0.001151
15.973228 -0.004756
15.978229 -0.007785
15.983230 -0.010316
15.988231 -0.012839
15.993232 -0.014790
15.998233 -0.015641
16.003234 -0.017113
16.008235 -0.019390
16.013236 -0.021222
16.018237 -0.022331
16.023238 -0.023213
16.028239 -0.024550
16.033240 -0.026016
16.038241 -0.027583
16.043242 -0.029485
16.048243 -0.032506
16.053244 -0.035408
16.058245 -0.037299
16.063246 -0.039543
16.068247 -0.041458
16.073248 -0.042007
16.078249 -0.040504
16.083250 -0.038581
16.088251 -0.036615
16.093252 -0.032199
16.098253 -0.025761
16.103254 -0.019373
16.108255 -0.012946
16.113256 -0.005816
16.118257 0.001808
16.123258 0.009391
16.128259 0.015676
16.133260 0.021711
16.138261 0.028495
16.143262 0.034503
16.148263 0.039645
16.153264 0.044611
16.158265 0.049616
16.163266 0.053793
16.168267 0.055879
16.173268 0.057671
16.178269 0.059980
16.183270 0.060521
16.188271 0.059496
16.193272 0.057807
16.198273 0.055802
16.203274 0.052669
16.208275 0.047449
16.213276 0.041958
16.218277 0.036532
16.223278 0.030546
16.228279 0.024406
16.233280 0.019002
16.238281 0.015074
16.243282 0.012231
16.248283 0.009755
16.253284 0.008124
16.258285 0.008862
16.263286 0.009878
16.268287 0.010505
16.273288 0.011531
16.278289 0.011871
16.283290 0.012204
16.288291 0.010013
16.293292 0.005985
16.298293 0.001853
16.303294 -0.004722
16.308295 -0.013050
16.313296 -0.022484
16.318297 -0.031511
16.323298 -0.040165
16.328299 -0.049590
16.333300 -0.057609
16.338301 -0.064775
16.343302 -0.071278
16.348303 -0.077017
16.353304 -0.081678
16.358305 -0.083586
16.363306 -0.084550
16.368307 -0.084528
16.373308 -0.081578
16.378309 -0.076418
16.383310 -0.070511
16.388311 -0.064520
16.393312 -0.057865
16.398313 -0.050523
16.403314 -0.044018
16.408315 -0.038749
16.413316 -0.033110
16.418318 -0.027228
16.423319 -0.021966
16.428320 -0.016763
16.433321 -0.010918
16.438322 -0.004299
16.443323 0.002540
16.448324 0.008738
16.453325 0.014827
16.458326 0.021307
16.463327 0.027398
16.468328 0.032248
16.473329 0.036969
16.478330 0.043154
16.483331 0.049159
16.488332 0.054307
16.493333 0.060375
16.498334 0.066923
16.503335 0.073397
16.508336 0.078806
16.513337 0.083112
16.518338 0.088355
16.523339 0.092225
16.528340 0.093614
16.533341 0.094636
16.538342 0.095163
16.543343 0.093685
16.548344 0.090638
16.553345 0.087013
16.558346 0.082432
16.563347 0.076613
16.568348 0.069169
16.573349 0.062133
16.578350 0.055434
16.583351 0.046655
16.588352 0.036944
16.593353 0.026974
16.598354 0.016846
16.603355 0.006358
16.608356 -0.004900
16.613357 -0.015392
16.618358 -0.024585
16.623359 -0.034222
16.628360 -0.044058
16.633361 -0.052821
16.638362 -0.060654
16.643363 -0.067272
16.648364 -0.074120
16.653365 -0.080040
16.658366 -0.083266
16.663367 -0.086034
16.668368 -0.088240
16.673369 -0.089151
16.678370 -0.088677
16.683371 -0.086912
16.688372 -0.085136
16.693373 -0.082017
16.698374 -0.077080
16.703375 -0.071659
16.708376 -0.065138
16.713377 -0.058673
16.718378 -0.051520
16.723379 -0.043858
16.728380 -0.037453
16.733381 -0.030579
16.738382 -0.023615
16.743383 -0.016955
16.748384 -0.010925
16.753385 -0.005236
16.758386 0.001198
16.763387 0.006027
16.768388 0.009813
16.773389 0.014124
16.778390 0.019576
16.783391 0.025155
16.788392 0.029690
16.793393 0.035182
16.798394 0.041322
16.803395 0.047329
16.808396 0.052349
16.813397 0.056333
16.818398 0.059926
16.823399 0.061124
16.828400 0.060338
16.833401 0.057456
16.838402 0.052163
16.843403 0.044585
16.848404 0.034305
16.853405 0.023365
16.858406 0.012701
16.863407 0.000523
16.868408 -0.012290
16.873409 -0.023343
16.878410 -0.033290
16.883411 -0.041753
16.888412 -0.048798
16.893414 -0.054528
16.898415 -0.057644
16.903416 -0.058733
16.908417 -0.058713
16.913418 -0.058121
16.918419 -0.055265
16.923420 -0.051126
16.928421 -0.047122
16.933422 -0.041604
16.938423 -0.034524
16.943424 -0.026413
16.948425 -0.018683
16.953426 -0.010567
16.958427 -0.000948
16.963428 0.008596
16.968429 0.017893
16.973430 0.026739
16.978431 0.035675
16.983432 0.043976
16.988433 0.050646
16.993434 0.056291
16.998435 0.061159
17.003436 0.064763
17.008437 0.066383
17.013438 0.067614
17.018439 0.068639
17.023440 0.067599
17.028441 0.065523
17.033442 0.063307
17.038443 0.060346
17.043444 0.056649
17.048445 0.051960
17.053446 0.046889
17.058447 0.042176
17.063448 0.037081
17.068449 0.030178
17.073450 0.023571
17.078451 0.018202
17.083452 0.012052
17.088453 0.005798
17.093454 -0.000095
17.098455 -0.004911
17.103456 -0.009599
17.108457 -0.014562
17.113458 -0.018764
17.118459 -0.022066
17.123460 -0.025059
17.128461 -0.029177
17.133462 -0.032475
17.138463 -0.034458
17.143464 -0.036794
17.148465 -0.039328
17.153466 -0.041106
17.158467 -0.041252
17.163468 -0.041052
17.168469 -0.040228
17.173470 -0.037525
17.178471 -0.033374
17.183472 -0.028537
17.188473 -0.023581
17.193474 -0.018510
17.198475 -0.012891
17.203476 -0.007167
17.208477 -0.003134
17.213478 0.000284
17.218479 0.003838
17.223480 0.006018
17.228481 0.006395
17.233482 0.005499
17.238483 0.004767
17.243484 0.002642
17.248485 -0.001612
17.253486 -0.005518
17.258487 -0.009201
17.263488 -0.012837
17.268489 -0.016936
17.273490 -0.020758
17.278491 -0.022370
17.283492 -0.023777
17.288493 -0.025975
17.293494 -0.026597
17.298495 -0.025682
17.303496 -0.024932
17.308497 -0.024125
17.313498 -0.022669
17.318499 -0.020325
17.323500 -0.017973
17.328501 -0.015906
17.333502 -0.013256
17.338503 -0.009570
17.343504 -0.005442
17.348505 -0.002431
17.353506 0.001300
17.358507 0.006608
17.363508 0.010962
17.368509 0.015098
17.373511 0.020042
17.378512 0.025357
17.383513 0.030621
17.388514 0.034754
17.393515 0.038434
17.398516 0.042734
17.403517 0.045295
17.408518 0.045480
17.413519 0.044804
17.418520 0.043210
17.423521 0.040197
17.428522 0.035329
17.433523 0.030257
17.438524 0.025393
17.443525 0.020047
17.448526 0.014595
17.453527 0.009342
17.458528 0.005737
17.463529 0.001974
17.468530 -0.002992
17.473531 -0.007184
17.478532 -0.010976
17.483533 -0.015393
17.488534 -0.020956
17.493535 -0.026584
17.498536 -0.030913
17.503537 -0.035070
17.508538 -0.039334
17.513539 -0.041881
17.518540 -0.042072
17.523541 -0.041402
17.528542 -0.039774
17.533543 -0.035561
17.538544 -0.029567
17.543545 -0.022775
17.548546 -0.015028
17.553547 -0.005616
17.558548 0.004946
17.563549 0.013966
17.568550 0.022058
17.573551 0.030210
17.578552 0.037152
17.583553 0.042423
17.588554 0.045612
17.593555 0.047212
17.598556 0.047505
17.603557 0.045559
17.608558 0.041892
17.613559 0.037468
17.618560 0.033167
17.623561 0.028566
17.628562 0.022680
17.633563 0.016088
17.638564 0.010024
17.643565 0.004350
17.648566 -0.002938
17.653567 -0.010750
17.658568 -0.017537
17.663569 -0.024111
17.668570 -0.030751
17.673571 -0.036543
17.678572 -0.039668
17.683573 -0.042041
17.688574 -0.044128
17.693575 -0.044027
17.698576 -0.042547
17.703577 -0.039944
17.708578 -0.037085
17.713579 -0.033751
17.718580 -0.029094
17.723581 -0.025232
17.728582 -0.022622
17.733583 -0.020131
17.738584 -0.017448
17.743585 -0.014821
17.748586 -0.013285
17.753587 -0.010987
17.758588 -0.007783
17.763589 -0.005196
17.768590 -0.002601
17.773591 0.000264
17.778592 0.004199
17.783593 0.008350
17.788594 0.012171
17.793595 0.016781
17.798596 0.022431
17.803597 0.027150
17.808598 0.030522
17.813599 0.033835
17.818600 0.036808
17.823601 0.038850
17.828602 0.038949
17.833603 0.037015
17.838604 0.035562
17.843605 0.033161
17.848607 0.028242
17.853608 0.023154
17.858609 0.017441
17.863610 0.011170
17.868611 0.004290
17.873612 -0.002817
17.878613 -0.008326
17.883614 -0.013122
17.888615 -0.018794
17.893616 -0.024134
17.898617 -0.027483
17.903618 -0.030783
17.908619 -0.034369
17.913620 -0.037180
17.918621 -0.038116
17.923622 -0.038238
17.928623 -0.037844
17.933624 -0.035508
17.938625 -0.031784
17.943626 -0.026335
17.948627 -0.020197
17.953628 -0.013347
17.958629 -0.005181
17.963630 0.003271
17.968631 0.010896
17.973632 0.018048
17.978633 0.025669
17.983634 0.031845
17.988635 0.035936
17.993636 0.038813
17.998637 0.040647
18.003638 0.040652
18.008639 0.038379
18.013640 0.035247
18.018641 0.032330
18.023642 0.028493
18.028643 0.023797
18.033644 0.019823
18.038645 0.016142
18.043646 0.012584
18.048647 0.008842
18.053648 0.004973
18.058649 0.002670
18.063650 0.000606
18.068651 -0.002029
18.073652 -0.003758
18.078653 -0.004692
18.083654 -0.005282
18.088655 -0.006341
18.093656 -0.007584
18.098657 -0.008027
18.103658 -0.008168
18.108659 -0.008222
18.113660 -0.007683
18.118661 -0.005757
18.123662 -0.003596
18.128663 -0.002497
18.133664 -0.000752
18.138665 0.001798
18.143666 0.004281
18.148667 0.006596
18.153668 0.008363
18.158669 0.011473
18.163670 0.014580
18.168671 0.015402
18.173672 0.016027
18.178673 0.016079
18.183674 0.015175
18.188675 0.012930
18.193676 0.009746
18.198677 0.007338
18.203678 0.004112
18.208679 -0.000161
18.213680 -0.004547
18.218681 -0.008916
18.223682 -0.012921
18.228683 -0.017392
18.233684 -0.021611
18.238685 -0.024380
18.243686 -0.026891
18.248687 -0.028452
18.253688 -0.028720
18.258689 -0.028282
18.263690 -0.026887
18.268691 -0.025729
18.273692 -0.023392
18.278693 -0.019263
18.283694 -0.014892
18.288695 -0.010478
18.293696 -0.006384
18.298697 -0.002144
18.303698 0.001946
18.308699 0.004824
18.313700 0.006975
18.318701 0.009058
18.323703 0.010385
18.328704 0.010510
18.333705 0.009934
18.338706 0.009051
18.343707 0.008010
18.348708 0.005345
18.353709 0.002066
18.358710 -0.000505
18.363711 -0.003794
18.368712 -0.007670
18.373713 -0.011673
18.378714 -0.015210
18.383715 -0.017858
18.388716 -0.020775
18.393717 -0.024292
18.398718 -0.026597
18.403719 -0.028564
18.408720 -0.030747
18.413721 -0.031517
18.418722 -0.031133
18.423723 -0.029334
18.428724 -0.027175
18.433725 -0.024530
18.438726 -0.019681
18.443727 -0.014689
18.448728 -0.009910
18.453729 -0.004615
18.458730 0.000952
18.463731 0.007062
18.468732 0.012117
18.473733 0.016321
18.478734 0.021359
18.483735 0.025384
18.488736 0.027764
18.493737 0.029945
18.498738 0.031588
18.503739 0.032494
18.508740 0.032761
18.513741 0.032505
18.518742 0.033592
18.523743 0.034559
18.528744 0.034522
18.533745 0.035896
18.538746 0.037246
18.543747 0.038641
18.548748 0.040143
18.553749 0.041333
18.558750 0.043051
18.563751 0.042756
18.568752 0.040444
18.573753 0.037337
18.578754 0.033061
18.583755 0.027252
18.588756 0.019210
18.593757 0.010889
18.598758 0.003182
18.603759 -0.004954
18.608760 -0.013606
18.613761 -0.021813
18.618762 -0.027585
18.623763 -0.032036
18.628764 -0.035728
18.633765 -0.037382
18.638766 -0.037628
18.643767 -0.036272
18.648768 -0.034136
18.653769 -0.031963
18.658770 -0.028954
18.663771 -0.025885
18.668772 -0.023777
18.673773 -0.021972
18.678774 -0.020347
18.683775 -0.020013
18.688776 -0.020839
18.693777 -0.021776
18.698778 -0.022892
18.703779 -0.024336
18.708780 -0.026275
18.713781 -0.027495
18.718782 -0.026981
18.723783 -0.025984
18.728784 -0.023847
18.733785 -0.020022
18.738786 -0.014175
18.743787 -0.007192
18.748788 -0.000415
18.753789 0.007054
18.758790 0.015305
18.763791 0.023464
18.768792 0.029598
18.773793 0.034970
18.778794 0.040296
18.783795 0.043456
18.788796 0.045021
18.793797 0.045219
18.798799 0.044702
18.803800 0.043191
18.808801 0.039618
18.813802 0.035256
18.818803 0.030975
18.823804 0.025873
18.828805 0.019571
18.833806 0.013048
18.838807 0.006399
18.843808 0.000090
18.848809 -0.006534
18.853810 -0.013254
18.858811 -0.018484
18.863812 -0.023113
18.868813 -0.027851
18.873814 -0.032047
18.878815 -0.034454
18.883816 -0.036223
18.888817 -0.038053
18.893818 -0.038594
18.898819 -0.037610
18.903820 -0.035277
18.908821 -0.033514
18.913822 -0.030649
18.918823 -0.026111
18.923824 -0.022219
18.928825 -0.018642
18.933826 -0.015383
18.938827 -0.011248
18.943828 -0.007263
18.948829 -0.005436
18.953830 -0.003106
18.958831 0.000208
18.963832 0.002128
18.968833 0.003391
18.973834 0.005029
18.978835 0.007152
18.983836 0.009766
18.988837 0.011321
18.993838 0.013005
18.998839 0.015799
19.003840 0.018690
19.008841 0.021532
19.013842 0.023786
19.018843 0.026609
19.023844 0.029805
19.028845 0.031931
19.033846 0.033775
19.038847 0.036659
19.043848 0.038877
19.048849 0.039566
19.053850 0.040827
19.058851 0.041795
19.063852 0.042321
19.068853 0.041679
19.073854 0.040120
19.078855 0.039533
19.083856 0.037369
19.088857 0.034070
19.093858 0.030922
19.098859 0.027422
19.103860 0.023082
19.108861 0.017199
19.113862 0.011741
19.118863 0.006221
19.123864 0.000191
19.128865 -0.006321
19.133866 -0.012937
19.138867 -0.018194
19.143868 -0.023703
19.148869 -0.029418
19.153870 -0.034136
19.158871 -0.037949
19.163872 -0.041106
19.168873 -0.044624
19.173874 -0.047013
19.178875 -0.047828
19.183876 -0.047997
19.188877 -0.048224
19.193878 -0.047631
19.198879 -0.044838
19.203880 -0.042013
19.208881 -0.039441
19.213882 -0.035825
19.218883 -0.031649
19.223884 -0.027895
19.228885 -0.024694
19.233886 -0.021338
19.238887 -0.017374
19.243888 -0.013351
19.248889 -0.010083
19.253890 -0.006906
19.258891 -0.003735
19.263892 -0.000990
19.268893 0.001035
19.273895 0.002772
19.278896 0.004583
19.283897 0.005887
19.288898 0.006814
19.293899 0.006556
19.298900 0.007032
19.303901 0.007670
19.308902 0.006554
19.313903 0.006392
19.318904 0.007076
19.323905 0.007607
19.328906 0.007323
19.333907 0.006774
19.338908 0.007504
19.343909 0.007928
19.348910 0.007075
19.353911 0.006377
19.358912 0.006202
19.363913 0.006121
19.368914 0.005214
19.373915 0.003541
19.378916 0.003340
19.383917 0.003031
19.388918 0.001506
19.393919 0.000878
19.398920 0.001137
19.403921 0.001424
19.408922 0.000999
19.413923 0.000368
19.418924 0.000911
19.423925 0.001805
19.428926 0.001981
19.433927 0.002820
19.438928 0.004159
19.443929 0.005134
19.448930 0.005679
19.453931 0.005717
19.458932 0.006203
19.463933 0.006075
19.468934 0.004875
19.473935 0.004360
19.478936 0.004580
19.483937 0.004836
19.488938 0.004516
19.493939 0.004731
19.498940 0.006463
19.503941 0.008562
19.508942 0.010437
19.513943 0.013097
19.518944 0.017057
19.523945 0.020749
19.528946 0.024387
19.533947 0.027913
19.538948 0.031787
19.543949 0.035718
19.548950 0.038008
19.553951 0.040069
19.558952 0.042257
19.563953 0.043817
19.568954 0.043504
19.573955 0.041804
19.578956 0.039734
19.583957 0.036637
19.588958 0.031146
19.593959 0.024952
19.598960 0.019558
19.603961 0.012464
19.608962 0.004493
19.613963 -0.003339
19.618964 -0.011053
19.623965 -0.018019
19.628966 -0.025604
19.633967 -0.032331
19.638968 -0.037448
19.643969 -0.042145
19.648970 -0.046010
19.653971 -0.049716
19.658972 -0.052307
19.663973 -0.054077
19.668974 -0.055766
19.673975 -0.056116
19.678976 -0.055861
19.683977 -0.055497
19.688978 -0.054711
19.693979 -0.052828
19.698980 -0.049933
19.703981 -0.046939
19.708982 -0.044358
19.713983 -0.041482
19.718984 -0.036953
19.723985 -0.032605
19.728986 -0.029088
19.733987 -0.024763
19.738988 -0.019940
19.743989 -0.015539
19.748991 -0.011946
19.753992 -0.008673
19.758993 -0.004626
19.763994 -0.000877
19.768995 0.002427
19.773996 0.006696
19.778997 0.011661
19.783998 0.016897
19.788999 0.021569
19.794000 0.026929
19.799001 0.032934
19.804002 0.038918
19.809003 0.044527
19.814004 0.048759
19.819005 0.053132
19.824006 0.056482
19.829007 0.057549
19.834008 0.057907
19.839009 0.057551
19.844010 0.055129
19.849011 0.051507
19.854012 0.047681
19.859013 0.042723
19.864014 0.037226
19.869015 0.030725
19.874016 0.023081
19.879017 0.016456
19.884018 0.010484
19.889019 0.002684
19.894020 -0.004551
19.899021 -0.009330
19.904022 -0.014182
19.909023 -0.018724
19.914024 -0.022300
19.919025 -0.024170
19.924026 -0.024752
19.929027 -0.026005
19.934028 -0.025737
19.939029 -0.023729
19.944030 -0.022243
19.949031 -0.020911
19.954032 -0.018739
19.959033 -0.016233
19.964034 -0.013747
19.969035 -0.011934
19.974036 -0.010268
19.979037 -0.007884
19.984038 -0.006052
19.989039 -0.005206
19.994040 -0.004487
19.999041 -0.003375
20.004042 -0.002658
20.009043 -0.002858
20.014044 -0.004002
20.019045 -0.004215
20.024046 -0.003610
20.029047 -0.004742
20.034048 -0.006454
20.039049 -0.007250
20.044050 -0.007842
20.049051 -0.008877
20.054052 -0.009858
20.059053 -0.009710
20.064054 -0.009025
20.069055 -0.009368
20.074056 -0.009182
20.079057 -0.007851
20.084058 -0.007546
20.089059 -0.007491
20.094060 -0.006486
20.099061 -0.004751
20.104062 -0.003118
20.109063 -0.002482
20.114064 -0.001556
20.119065 0.000299
20.124066 0.001783
20.129067 0.002999
20.134068 0.004433
20.139069 0.007047
20.144070 0.009942
20.149071 0.011736
20.154072 0.014407
20.159073 0.017542
20.164074 0.019707
20.169075 0.020792
20.174076 0.021206
20.179077 0.021415
20.184078 0.020705
20.189079 0.018679
20.194080 0.015666
20.199081 0.012885
20.204082 0.009772
20.209083 0.004870
20.214084 -0.000469
20.219085 -0.004498
20.224086 -0.008580
20.229088 -0.013734
20.234089 -0.017618
20.239090 -0.020726
20.244091 -0.023287
20.249092 -0.025373
20.254093 -0.027422
20.259094 -0.027631
20.264095 -0.027505
20.269096 -0.027158
20.274097 -0.025685
20.279098 -0.022997
20.284099 -0.019495
20.289100 -0.016320
20.294101 -0.012013
20.299102 -0.006902
20.304103 -0.002189
20.309104 0.002162
20.314105 0.006731
20.319106 0.012093
20.324107 0.016940
20.329108 0.020657
20.334109 0.024405
20.339110 0.028085
20.344111 0.030990
20.349112 0.032479
20.354113 0.033641
20.359114 0.035554
20.364115 0.035694
20.369116 0.034352
20.374117 0.033035
20.379118 0.031987
20.384119 0.029994
20.389120 0.026362
20.394121 0.022948
20.399122 0.020070
20.404123 0.017079
20.409124 0.012557
20.414125 0.008195
20.419126 0.004831
20.424127 0.000235
20.429128 -0.004195
20.434129 -0.008951
20.439130 -0.013030
20.444131 -0.016624
20.449132 -0.021926
20.454133 -0.026052
20.459134 -0.029486
20.464135 -0.032816
20.469136 -0.036337
20.474137 -0.039807
20.479138 -0.041575
20.484139 -0.043016
20.489140 -0.044603
20.494141 -0.045764
20.499142 -0.044847
20.504143 -0.043450
20.509144 -0.041970
20.514145 -0.038357
20.519146 -0.033566
20.524147 -0.027959
20.529148 -0.022287
20.534149 -0.015966
20.539150 -0.008704
20.544151 -0.002757
20.549152 0.002162
20.554153 0.007254
20.559154 0.012810
20.564155 0.017822
20.569156 0.021234
20.574157 0.024617
20.579158 0.028738
20.584159 0.031840
20.589160 0.034202
20.594161 0.036240
20.599162 0.038034
20.604163 0.039599
20.609164 0.039093
20.614165 0.037983
20.619166 0.037501
20.624167 0.036418
20.629168 0.033913
20.634169 0.030550
20.639170 0.027627
20.644171 0.024236
20.649172 0.019772
20.654173 0.015132
20.659174 0.011169
20.664175 0.007032
20.669176 0.002030
20.674177 -0.001950
20.679178 -0.005195
20.684179 -0.008359
20.689180 -0.011007
20.694181 -0.013889
20.699182 -0.015084
20.704184 -0.015112
20.709185 -0.016147
20.714186 -0.016301
20.719187 -0.015079
20.724188 -0.013410
20.729189 -0.011958
20.734190 -0.010585
20.739191 -0.008960
20.744192 -0.007210
20.749193 -0.006027
20.754194 -0.004667
20.759195 -0.002888
20.764196 -0.001572
20.769197 -0.000506
20.774198 -0.000228
20.779199 0.001219
20.784200 0.002700
20.789201 0.002736
20.794202 0.003711
20.799203 0.004442
20.804204 0.005095
20.809205 0.005351
20.814206 0.004809
20.819207 0.004913
20.824208 0.004744
20.829209 0.003638
20.834210 0.002150
20.839211 0.001099
20.844212 -0.000346
20.849213 -0.002748
20.854214 -0.005079
20.859215 -0.006948
20.864216 -0.008797
20.869217 -0.011032
20.874218 -0.012998
20.879219 -0.013881
20.884220 -0.013921
20.889221 -0.014389
20.894222 -0.015019
20.899223 -0.014444
20.904224 -0.013314
20.909225 -0.013137
20.914226 -0.013080
20.919227 -0.012001
20.924228 -0.010851
20.929229 -0.010495
20.934230 -0.010409
20.939231 -0.009527
20.944232 -0.008511
20.949233 -0.008663
20.954234 -0.008710
20.959235 -0.008065
20.964236 -0.007277
20.969237 -0.006554
20.974238 -0.005851
20.979239 -0.004439
20.984240 -0.002486
20.989241 -0.001144
20.994242 -0.000080
20.999243 0.002426
21.004244 0.004204
21.009245 0.005249
21.014246 0.007043
21.019247 0.008714
21.024248 0.010795
21.029249 0.012053
21.034250 0.012970
21.039251 0.013981
21.044252 0.015068
21.049253 0.015894
21.054254 0.016412
21.059255 0.018170
21.064256 0.019701
21.069257 0.020036
21.074258 0.020334
21.079259 0.021590
21.084260 0.022914
21.089261 0.023076
21.094262 0.022785
21.099263 0.022916
21.104264 0.022931
21.109265 0.021713
21.114266 0.019844
21.119267 0.018545
21.124268 0.016969
21.129269 0.014124
21.134270 0.011394
21.139271 0.009495
21.144272 0.007543
21.149273 0.004547
21.154274 0.002095
21.159275 0.000918
21.164276 -0.000606
21.169277 -0.002695
21.174278 -0.004638
21.179280 -0.005229
21.184281 -0.005888
21.189282 -0.007086
21.194283 -0.007856
21.199284 -0.008238
21.204285 -0.008156
21.209286 -0.008802
21.214287 -0.010079
21.219288 -0.010637
21.224289 -0.011437
21.229290 -0.013666
21.234291 -0.015651
21.239292 -0.017037
21.244293 -0.018533
21.249294 -0.020423
21.254295 -0.021893
21.259296 -0.022311
21.264297 -0.022718
21.269298 -0.022884
21.274299 -0.022946
21.279300 -0.022322
21.284301 -0.021145
21.289302 -0.020844
21.294303 -0.020454
21.299304 -0.019524
21.304305 -0.019070
21.309306 -0.019835
21.314307 -0.020319
21.319308 -0.020116
21.324309 -0.020347
21.329310 -0.021152
21.334311 -0.021923
21.339312 -0.021351
21.344313 -0.021384
21.349314 -0.021654
21.354315 -0.020500
21.359316 -0.019479
21.364317 -0.018393
21.369318 -0.017311
21.374319 -0.015804
21.379320 -0.013200
21.384321 -0.010260
21.389322 -0.007251
21.394323 -0.003928
21.399324 0.000015
21.404325 0.004235
21.409326 0.008628
21.414327 0.012483
21.419328 0.016163
21.424329 0.020079
21.429330 0.022847
21.434331 0.025455
21.439332 0.028248
21.444333 0.030497
21.449334 0.031936
21.454335 0.032412
21.459336 0.033072
21.464337 0.033513
21.469338 0.033325
21.474339 0.033343
21.479340 0.032888
21.484341 0.031921
21.489342 0.030730
21.494343 0.029174
21.499344 0.028653
21.504345 0.028322
21.509346 0.026423
21.514347 0.025088
21.519348 0.024760
21.524349 0.023671
21.529350 0.021458
21.534351 0.018908
21.539352 0.017120
21.544353 0.015543
21.549354 0.013181
21.554355 0.010967
21.559356 0.010018
21.564357 0.009250
21.569358 0.007844
21.574359 0.006561
21.579360 0.006238
21.584361 0.005570
21.589362 0.003971
21.594363 0.003169
21.599364 0.002526
21.604365 0.001721
21.609366 -0.000063
21.614367 -0.002316
21.619368 -0.003680
21.624369 -0.005616
21.629370 -0.008087
21.634371 -0.010451
21.639372 -0.011345
21.644373 -0.011981
21.649374 -0.013292
21.654376 -0.013611
21.659377 -0.013921
21.664378 -0.013946
21.669379 -0.015072
21.674380 -0.016542
21.679381 -0.016331
21.684382 -0.016812
21.689383 -0.018387
21.694384 -0.019407
21.699385 -0.019600
21.704386 -0.020728
21.709387 -0.022224
21.714388 -0.023769
21.719389 -0.024736
21.724390 -0.025198
21.729391 -0.026806
21.734392 -0.026564
21.739393 -0.025139
21.744394 -0.024091
21.749395 -0.022986
21.754396 -0.022278
21.759397 -0.020157
21.764398 -0.018172
21.769399 -0.017597
21.774400 -0.016799
21.779401 -0.015640
21.784402 -0.014754
21.789403 -0.014835
21.794404 -0.014868
21.799405 -0.014554
21.804406 -0.014350
21.809407 -0.014259
21.814408 -0.014056
21.819409 -0.011946
21.824410 -0.009564
21.829411 -0.007427
21.834412 -0.003745
21.839413 0.000525
21.844414 0.005709
21.849415 0.010317
21.854416 0.014661
21.859417 0.019962
21.864418 0.024325
21.869419 0.028211
21.874420 0.030936
21.879421 0.033178
21.884422 0.035241
21.889423 0.035000
21.894424 0.033494
21.899425 0.032267
21.904426 0.030796
21.909427 0.027878
21.914428 0.024546
21.919429 0.021412
21.924430 0.018866
21.929431 0.015443
21.934432 0.011077
21.939433 0.008498
21.944434 0.005874
21.949435 0.002310
21.954436 -0.000422
21.959437 -0.002087
21.964438 -0.003279
21.969439 -0.005209
21.974440 -0.006787
21.979441 -0.006333
21.984442 -0.005813
21.989443 -0.006158
21.994444 -0.005609
21.999445 -0.003899
22.004446 -0.002304
22.009447 -0.001707
22.014448 -0.000784
22.019449 0.000661
22.024450 0.001405
22.029451 0.000586
22.034452 -0.000267
22.039453 -0.000232
22.044454 -0.000438
22.049455 -0.000788
22.054456 -0.001821
22.059457 -0.001552
22.064458 -0.001280
22.069459 -0.001912
22.074460 -0.001380
22.079461 -0.000618
22.084462 0.001080
22.089463 0.002779
22.094464 0.003852
22.099465 0.005735
22.104466 0.007571
22.109467 0.008027
22.114468 0.007851
22.119469 0.008313
22.124470 0.008913
22.129472 0.008598
22.134473 0.007577
22.139474 0.007676
22.144475 0.007703
22.149476 0.006325
22.154477 0.004718
22.159478 0.004125
22.164479 0.003419
22.169480 0.001745
22.174481 0.000213
22.179482 -0.001400
22.184483 -0.002844
22.189484 -0.004466
22.194485 -0.006846
22.199486 -0.008792
22.204487 -0.010135
22.209488 -0.012528
22.214489 -0.014970
22.219490 -0.017051
22.224491 -0.019017
22.229492 -0.021061
22.234493 -0.023275
22.239494 -0.023880
22.244495 -0.024848
22.249496 -0.025704
22.254497 -0.025567
22.259498 -0.024659
22.264499 -0.022792
22.269500 -0.022028
22.274501 -0.020897
22.279502 -0.018803
22.284503 -0.016634
22.289504 -0.015526
22.294505 -0.014585
22.299506 -0.013050
22.304507 -0.012157
22.309508 -0.011095
22.314509 -0.011054
22.319510 -0.010174
22.324511 -0.008995
22.329512 -0.009966
22.334513 -0.009886
22.339514 -0.009267
22.344515 -0.009315
22.349516 -0.009208
22.354517 -0.009111
22.359518 -0.007920
22.364519 -0.005512
22.369520 -0.004323
22.374521 -0.002554
22.379522 0.001244
22.384523 0.003815
22.389524 0.006087
22.394525 0.009210
22.399526 0.012632
22.404527 0.016123
22.409528 0.018477
22.414529 0.020523
22.419530 0.023272
22.424531 0.025838
22.429532 0.027525
22.434533 0.029319
22.439534 0.031080
22.444535 0.032483
22.449536 0.033053
22.454537 0.033565
22.459538 0.034308
22.464539 0.034099
22.469540 0.033436
22.474541 0.032448
22.479542 0.031720
22.484543 0.030721
22.489544 0.028320
22.494545 0.025918
22.499546 0.024123
22.504547 0.021746
22.509548 0.018663
22.514549 0.015568
22.519550 0.012732
22.524551 0.010156
22.529552 0.007134
22.534553 0.003999
22.539554 0.001828
22.544555 0.000106
22.549556 -0.002324
22.554557 -0.004194
22.559558 -0.005152
22.564559 -0.006089
22.569560 -0.007398
22.574561 -0.009151
22.579562 -0.009543
22.584563 -0.009773
22.589564 -0.010830
22.594565 -0.011871
22.599566 -0.012602
22.604568 -0.012349
22.609569 -0.012743
22.614570 -0.013474
22.619571 -0.013200
22.624572 -0.013022
22.629573 -0.013708
22.634574 -0.015153
22.639575 -0.015446
22.644576 -0.015303
22.649577 -0.016654
22.654578 -0.017515
22.659579 -0.017156
22.664580 -0.016440
22.669581 -0.016922
22.674582 -0.016932
22.679583 -0.015094
22.684584 -0.014028
22.689585 -0.012616
22.694586 -0.009989
22.699587 -0.006654
22.704588 -0.003309
22.709589 -0.000423
22.714590 0.002367
22.719591 0.005459
22.724592 0.008324
22.729593 0.009958
22.734594 0.011489
22.739595 0.012509
22.744596 0.013108
22.749597 0.013033
22.754598 0.012397
22.759599 0.011935
22.764600 0.010847
22.769601 0.009537
22.774602 0.007205
22.779603 0.005321
22.784604 0.004087
22.789605 0.000932
22.794606 -0.001935
22.799607 -0.003960
22.804608 -0.006653
22.809609 -0.009789
22.814610 -0.012674
22.819611 -0.014718
22.824612 -0.016710
22.829613 -0.019097
22.834614 -0.020323
22.839615 -0.020712
22.844616 -0.021022
22.849617 -0.021141
22.854618 -0.021009
22.859619 -0.019535
22.864620 -0.017841
22.869621 -0.017185
22.874622 -0.015992
22.879623 -0.013827
22.884624 -0.011767
22.889625 -0.009844
22.894626 -0.007648
22.899627 -0.004900
22.904628 -0.001978
22.909629 0.000381
22.914630 0.002237
22.919631 0.004686
22.924632 0.007109
22.929633 0.007620
22.934634 0.008401
22.939635 0.009672
22.944636 0.009637
22.949637 0.009434
22.954638 0.008922
22.959639 0.008712
22.964640 0.008978
22.969641 0.008550
22.974642 0.008451
22.979643 0.009204
22.984644 0.010227
22.989645 0.010935
22.994646 0.011348
22.999647 0.012876
23.004648 0.014356
23.009649 0.014518
23.014650 0.014888
23.019651 0.015984
23.024652 0.016538
23.029653 0.016182
23.034654 0.015855
23.039655 0.016121
23.044656 0.015969
23.049657 0.014289
23.054658 0.012943
23.059659 0.012502
23.064660 0.012237
23.069661 0.011529
23.074662 0.010146
23.079664 0.009756
23.084665 0.009879
23.089666 0.008775
23.094667 0.007742
23.099668 0.008230
23.104669 0.007795
23.109670 0.006594
23.114671 0.005602
23.119672 0.005057
23.124673 0.005372
23.129674 0.004350
23.134675 0.003595
23.139676 0.003597
23.144677 0.002789
23.149678 0.001932
23.154679 0.000525
23.159680 -0.000016
23.164681 -0.000426
23.169682 -0.002588
23.174683 -0.004313
23.179684 -0.005419
23.184685 -0.006658
23.189686 -0.008140
23.194687 -0.009381
23.199688 -0.009398
23.204689 -0.009270
23.209690 -0.009924
23.214691 -0.009757
23.219692 -0.009073
23.224693 -0.008843
23.229694 -0.008625
23.234695 -0.009022
23.239696 -0.008811
23.244697 -0.008161
23.249698 -0.009173
23.254699 -0.010268
23.259700 -0.010410
23.264701 -0.010833
23.269702 -0.012152
23.274703 -0.013904
23.279704 -0.014320
23.284705 -0.014530
23.289706 -0.015367
23.294707 -0.015491
23.299708 -0.015226
23.304709 -0.014134
23.309710 -0.013643
23.314711 -0.013146
23.319712 -0.010894
23.324713 -0.009237
23.329714 -0.007782
23.334715 -0.006004
23.339716 -0.004471
23.344717 -0.002724
23.349718 -0.002024
23.354719 -0.001160
23.359720 0.000154
23.364721 0.000469
23.369722 0.000056
23.374723 -0.000626
23.379724 -0.000205
23.384725 0.000158
23.389726 -0.000411
23.394727 -0.001108
23.399728 -0.001091
23.404729 -0.000289
23.409730 -0.000781
23.414731 -0.001297
23.419732 -0.000561
23.424733 0.000010
23.429734 0.000356
23.434735 0.000628
23.439736 0.001836
23.444737 0.003544
23.449738 0.004006
23.454739 0.004409
23.459740 0.005746
23.464741 0.007027
23.469742 0.007320
23.474743 0.007292
23.479744 0.008141
23.484745 0.009223
23.489746 0.009383
23.494747 0.009352
23.499748 0.009765
23.504749 0.010260
23.509750 0.010511
23.514751 0.010042
23.519752 0.010514
23.524753 0.010859
23.529754 0.009911
23.534755 0.009007
23.539756 0.007999
23.544757 0.007320
23.549758 0.005784
23.554759 0.004078
23.559761 0.003337
23.564762 0.002238
23.569763 0.001161
23.574764 0.000121
23.579765 -0.000620
23.584766 -0.001017
23.589767 -0.002427
23.594768 -0.003728
23.599769 -0.003474
23.604770 -0.003234
23.609771 -0.003554
23.614772 -0.003484
23.619773 -0.002859
23.624774 -0.001505
23.629775 -0.000736
23.634776 -0.000819
23.639777 0.000365
23.644778 0.002276
23.649779 0.002646
23.654780 0.002969
23.659781 0.004345
23.664782 0.005238
23.669783 0.005904
23.674784 0.006489
23.679785 0.007407
23.684786 0.008703
23.689787 0.009053
23.694788 0.009591
23.699789 0.010527
23.704790 0.011015
23.709791 0.010840
23.714792 0.009524
23.719793 0.008987
23.724794 0.008389
23.729795 0.006259
23.734796 0.004300
23.739797 0.002559
23.744798 0.000960
23.749799 -0.001021
23.754800 -0.003519
23.759801 -0.004853
23.764802 -0.006312
23.769803 -0.008416
23.774804 -0.010308
23.779805 -0.011477
23.784806 -0.011801
23.789807 -0.012635
23.794808 -0.013111
23.799809 -0.012296
23.804810 -0.010861
23.809811 -0.009875
23.814812 -0.008795
23.819813 -0.006745
23.824814 -0.005302
23.829815 -0.004008
23.834816 -0.002944
23.839817 -0.001806
23.844818 -0.000124
23.849819 0.000072
23.854820 -0.000275
23.859821 -0.000047
23.864822 -0.000168
23.869823 -0.001001
23.874824 -0.002759
23.879825 -0.004426
23.884826 -0.005955
23.889827 -0.008031
23.894828 -0.010013
23.899829 -0.011386
23.904830 -0.012687
23.909831 -0.014114
23.914832 -0.015142
23.919833 -0.015346
23.924834 -0.015183
23.929835 -0.015374
23.934836 -0.015362
23.939837 -0.014726
23.944838 -0.013456
23.949839 -0.012579
23.954840 -0.012336
23.959841 -0.010892
23.964842 -0.008904
23.969843 -0.007314
23.974844 -0.005341
23.979845 -0.003230
23.984846 0.000003
23.989847 0.002563
23.994848 0.004391
23.999849 0.007600
24.004850 0.011153
24.009851 0.013889
24.014852 0.015723
24.019853 0.018513
24.024854 0.021430
24.029855 0.023422
24.034857 0.025127
24.039858 0.026974
24.044859 0.028381
24.049860 0.028331
24.054861 0.028685
24.059862 0.028926
24.064863 0.028617
24.069864 0.027570
24.074865 0.025292
24.079866 0.023780
24.084867 0.022161
24.089868 0.018949
24.094869 0.015860
24.099870 0.013392
24.104871 0.010181
24.109872 0.006568
24.114873 0.002587
24.119874 -0.000724
24.124875 -0.003975
24.129876 -0.007686
24.134877 -0.010961
24.139878 -0.013885
24.144879 -0.015751
24.149880 -0.018059
24.154881 -0.020257
24.159882 -0.021040
24.164883 -0.021552
24.169884 -0.022402
24.174885 -0.022960
24.179886 -0.022213
24.184887 -0.021284
24.189888 -0.020514
24.194889 -0.019804
24.199890 -0.018716
24.204891 -0.017057
24.209892 -0.016575
24.214893 -0.016022
24.219894 -0.014479
24.224895 -0.013143
24.229896 -0.012267
24.234897 -0.012396
24.239898 -0.011627
24.244899 -0.011029
24.249900 -0.011806
24.254901 -0.011682
24.259902 -0.011315
24.264903 -0.010673
24.269904 -0.010721
24.274905 -0.010597
24.279906 -0.008677
24.284907 -0.007218
24.289908 -0.006300
24.294909 -0.004369
24.299910 -0.002122
24.304911 -0.000310
24.309912 0.001247
24.314913 0.001881
24.319914 0.003469
24.324915 0.006083
24.329916 0.007283
24.334917 0.008481
24.339918 0.010238
24.344919 0.011779
24.349920 0.012922
24.354921 0.013918
24.359922 0.015303
24.364923 0.016412
24.369924 0.016952
24.374925 0.017507
24.379926 0.018794
24.384927 0.020410
24.389928 0.021094
24.394929 0.021478
24.399930 0.022949
24.404931 0.024420
24.409932 0.025256
24.414933 0.025681
24.419934 0.025974
24.424935 0.026332
24.429936 0.024877
24.434937 0.022470
24.439938 0.021045
24.444939 0.019596
24.449940 0.017349
24.454941 0.014056
24.459942 0.011742
24.464943 0.010234
24.469944 0.007528
24.474945 0.004749
24.479946 0.002777
24.484947 0.001311
24.489948 -0.000669
24.494949 -0.002917
24.499950 -0.004255
24.504951 -0.005378
24.509953 -0.006980
24.514954 -0.008508
24.519955 -0.009192
24.524956 -0.009788
24.529957 -0.011477
24.534958 -0.012801
24.539959 -0.013398
24.544960 -0.013987
24.549961 -0.014817
24.554962 -0.016464
24.559963 -0.016880
24.564964 -0.016460
24.569965 -0.017003
24.574966 -0.017118
24.579967 -0.016480
24.584968 -0.015545
24.589969 -0.015102
24.594970 -0.014366
24.599971 -0.012483
24.604972 -0.010904
24.609973 -0.009748
24.614974 -0.008975
24.619975 -0.007106
24.624976 -0.004847
24.629977 -0.003625
24.634978 -0.002063
24.639979 -0.000426
24.644980 0.001563
24.649981 0.002974
24.654982 0.003722
24.659983 0.004901
24.664984 0.005829
24.669985 0.005559
24.674986 0.004778
24.679987 0.005203
24.684988 0.004948
24.689989 0.004080
24.694990 0.002954
24.699991 0.001976
24.704992 0.002346
24.709993 0.001382
24.714994 -0.000034
24.719995 0.000440
24.724996 0.000566
24.729997 -0.000092
24.734998 -0.000647
24.739999 -0.000883
24.745000 -0.000543
0.000000 0.000000
0.005002 -0.000175
0.010003 -0.001426
0.015005 -0.002053
0.020006 -0.001907
0.025008 -0.001302
0.030009 -0.000596
0.035011 0.000029
0.040012 0.000421
0.045014 0.000353
0.050015 -0.000268
0.055017 -0.001122
0.060018 -0.001602
0.065020 -0.001308
0.070021 -0.000464
0.075023 0.000243
0.080024 0.000310
0.085026 -0.000132
0.090027 -0.000587
0.095029 -0.000807
0.100030 -0.000874
0.105032 -0.000752
0.110033 -0.000176
0.115035 0.000821
0.120036 0.001659
0.125038 0.001803
0.130039 0.001343
0.135041 0.000665
0.140042 -0.000131
0.145044 -0.001086
0.150045 -0.001854
0.155047 -0.001847
0.160048 -0.000951
0.165050 0.000214
0.170051 0.000899
0.175053 0.000866
0.180054 0.000286
0.185056 -0.000683
0.190057 -0.001876
0.195059 -0.002845
0.200060 -0.003029
0.205062 -0.002309
0.210063 -0.001239
0.215065 -0.000646
0.220066 -0.000974
0.225068 -0.001926
0.230069 -0.002742
0.235071 -0.002876
0.240072 -0.002409
0.245074 -0.001788
0.250075 -0.001335
0.255077 -0.001137
0.260078 -0.001187
0.265080 -0.001399
0.270081 -0.001568
0.275083 -0.001522
0.280084 -0.001253
0.285086 -0.000842
0.290087 -0.000352
0.295089 0.000088
0.300090 0.000278
0.305092 0.000141
0.310093 -0.000164
0.315095 -0.000409
0.320096 -0.000475
0.325098 -0.000326
0.330099 0.000027
0.335101 0.000381
0.340102 0.000330
0.345104 -0.000341
0.350105 -0.001291
0.355107 -0.001903
0.360108 -0.001951
0.365110 -0.001755
0.370112 -0.001651
0.375113 -0.001540
0.380115 -0.001081
0.385116 -0.000256
0.390118 0.000416
0.395119 0.000297
0.400121 -0.000727
0.405122 -0.002056
0.410124 -0.002907
0.415125 -0.003010
0.420127 -0.002679
0.425128 -0.002228
0.430130 -0.001586
0.435131 -0.000672
0.440133 0.000149
0.445134 0.000421
0.450136 0.000292
0.455137 0.000380
0.460139 0.000911
0.465140 0.001293
0.470142 0.000695
0.475143 -0.001106
0.480145 -0.003394
0.485146 -0.004904
0.490148 -0.004691
0.495149 -0.002962
0.500151 -0.001046
0.505152 -0.000274
0.510154 -0.000852
0.515155 -0.001904
0.520157 -0.002466
0.525158 -0.002222
0.530160 -0.001384
0.535161 -0.000260
0.540163 0.000893
0.545164 0.001865
0.550166 0.002550
0.555167 0.002885
0.560169 0.002689
0.565170 0.001799
0.570172 0.000424
0.575173 -0.000934
0.580175 -0.002071
0.585176 -0.003447
0.590178 -0.005797
0.595179 -0.009313
0.600181 -0.013118
0.605182 -0.015527
0.610184 -0.015094
0.615185 -0.011644
0.620187 -0.006222
0.625188 0.000086
0.630190 0.007187
0.635191 0.015609
0.640193 0.025006
0.645194 0.032886
0.650196 0.034717
0.655197 0.025964
0.660199 0.005670
0.665200 -0.020644
0.670202 -0.042173
0.675203 -0.048941
0.680205 -0.038664
0.685206 -0.018360
0.690208 0.001012
0.695209 0.012143
0.700211 0.014896
0.705212 0.013825
0.710214 0.013202
0.715215 0.014298
0.720217 0.016258
0.725219 0.017909
0.730220 0.017623
0.735222 0.012167
0.740223 -0.001713
0.745225 -0.022299
0.750226 -0.039774
0.755228 -0.040878
0.760229 -0.019775
0.765231 0.014174
0.770232 0.039958
0.775234 0.038536
0.780235 0.006669
0.785237 -0.039225
0.790238 -0.071883
0.795240 -0.068932
0.800241 -0.026276
0.805243 0.037986
0.810244 0.091501
0.815246 0.104713
0.820247 0.069074
0.825249 0.004983
0.830250 -0.048562
0.835252 -0.059034
0.840253 -0.023873
0.845255 0.025824
0.850256 0.046583
0.855258 0.014786
0.860259 -0.053938
0.865261 -0.113793
0.870262 -0.121056
0.875264 -0.065857
0.880265 0.020659
0.885267 0.089167
0.890268 0.107123
0.895270 0.079248
0.900271 0.039020
0.905273 0.019366
0.910274 0.026402
0.915276 0.036768
0.920277 0.019746
0.925279 -0.034333
0.930280 -0.102278
0.935282 -0.142091
0.940283 -0.122305
0.945285 -0.045297
0.950286 0.051619
0.955288 0.117957
0.960289 0.120683
0.965291 0.064288
0.970292 -0.012776
0.975294 -0.063602
0.980295 -0.063602
0.985297 -0.025143
0.990298 0.014719
0.995300 0.024271
1.000301 0.001488
1.005303 -0.026577
1.010304 -0.028142
1.015306 0.006031
1.020307 0.054737
1.025309 0.082777
1.030310 0.066757
1.035312 0.010184
1.040313 -0.060392
1.045315 -0.111580
1.050316 -0.120129
1.055318 -0.083259
1.060319 -0.019445
1.065321 0.041066
1.070322 0.072925
1.075324 0.070291
1.080325 0.048574
1.085327 0.030772
1.090329 0.028557
1.095330 0.033590
1.100332 0.026491
1.105333 -0.004230
1.110335 -0.049757
1.115336 -0.085757
1.120338 -0.090014
1.125339 -0.058257
1.130341 -0.006519
1.135342 0.039988
1.140344 0.062175
1.145345 0.056584
1.150347 0.034701
1.155348 0.013931
1.160350 0.005920
1.165351 0.009045
1.170353 0.009960
1.175354 -0.005889
1.180356 -0.041119
1.185357 -0.080228
1.190359 -0.096737
1.195360 -0.070897
1.200362 -0.006277
1.205363 0.068017
1.210365 0.113637
1.215366 0.107755
1.220368 0.058140
1.225369 -0.003261
1.230371 -0.043144
1.235372 -0.047856
1.240374 -0.027339
1.245375 -0.002557
1.250377 0.010078
1.255378 0.005635
1.260380 -0.011368
1.265381 -0.031516
1.270383 -0.044143
1.275384 -0.041474
1.280386 -0.023322
1.285387 0.001819
1.290389 0.022271
1.295390 0.031442
1.300392 0.031173
1.305393 0.027414
1.310395 0.023728
1.315396 0.019558
1.320398 0.013581
1.325399 0.006342
1.330401 -0.001421
1.335402 -0.011167
1.340404 -0.024420
1.345405 -0.037742
1.350407 -0.042343
1.355408 -0.031529
1.360410 -0.009047
1.365411 0.011454
1.370413 0.016860
1.375414 0.005520
1.380416 -0.011082
1.385417 -0.016726
1.390419 -0.001697
1.395420 0.030601
1.400422 0.064481
1.405423 0.079358
1.410425 0.061032
1.415426 0.011845
1.420428 -0.047392
1.425429 -0.087864
1.430431 -0.090613
1.435432 -0.058689
1.440434 -0.013227
1.445436 0.023417
1.450437 0.042498
1.455439 0.049360
1.460440 0.051641
1.465442 0.048578
1.470443 0.031905
1.475445 -0.003424
1.480446 -0.049384
1.485448 -0.085260
1.490449 -0.089103
1.495451 -0.052595
1.500452 0.010898
1.505454 0.071224
1.510455 0.097534
1.515457 0.076578
1.520458 0.021580
1.525460 -0.035190
1.530461 -0.062459
1.535463 -0.049198
1.540464 -0.009523
1.545466 0.029364
1.550467 0.045800
1.555469 0.035080
1.560470 0.007840
1.565472 -0.020175
1.570473 -0.038466
1.575475 -0.045927
1.580476 -0.047182
1.585478 -0.044723
1.590479 -0.034210
1.595481 -0.008351
1.600482 0.033301
1.605484 0.078306
1.610485 0.106304
1.615487 0.102001
1.620488 0.065522
1.625490 0.012002
1.630491 -0.038198
1.635493 -0.070262
1.640494 -0.079666
1.645496 -0.070402
1.650497 -0.050462
1.655499 -0.027618
1.660500 -0.006417
1.665502 0.012667
1.670503 0.030701
1.675505 0.045913
1.680506 0.052337
1.685508 0.044463
1.690509 0.023985
1.695511 0.000885
1.700512 -0.013707
1.705514 -0.016615
1.710515 -0.014798
1.715517 -0.018441
1.720518 -0.031520
1.725520 -0.048177
1.730521 -0.057090
1.735523 -0.049043
1.740524 -0.021935
1.745526 0.018370
1.750527 0.059486
1.755529 0.085389
1.760530 0.082173
1.765532 0.046404
1.770533 -0.009093
1.775535 -0.058775
1.780536 -0.078039
1.785538 -0.058739
1.790539 -0.015032
1.795541 0.025924
1.800542 0.042618
1.805544 0.033566
1.810546 0.016146
1.815547 0.010703
1.820549 0.023031
1.825550 0.039690
1.830552 0.039520
1.835553 0.011324
1.840555 -0.036245
1.845556 -0.079274
1.850558 -0.093479
1.855559 -0.069149
1.860561 -0.017075
1.865562 0.037676
1.870564 0.070333
1.875565 0.070637
1.880567 0.047430
1.885568 0.019883
1.890570 0.001628
1.895571 -0.008770
1.900573 -0.022049
1.905574 -0.043053
1.910576 -0.062293
1.915577 -0.063712
1.920579 -0.040661
1.925580 -0.003520
1.930582 0.028510
1.935583 0.042964
1.940585 0.042251
1.945586 0.037970
1.950588 0.038251
1.955589 0.040115
1.960591 0.032691
1.965592 0.007365
1.970594 -0.033417
1.975595 -0.074582
1.980597 -0.095273
1.985598 -0.080830
1.990600 -0.033135
1.995601 0.028069
2.000603 0.075216
2.005604 0.088202
2.010606 0.064496
2.015607 0.018052
2.020609 -0.030109
2.025610 -0.062000
2.030612 -0.068546
2.035613 -0.051104
2.040615 -0.019658
2.045616 0.012373
2.050618 0.035215
2.055619 0.046943
2.060621 0.050776
2.065622 0.047838
2.070624 0.033387
2.075625 0.001942
2.080627 -0.042897
2.085628 -0.084870
2.090630 -0.103761
2.095631 -0.089852
2.100633 -0.050930
2.105634 -0.005803
2.110636 0.028739
2.115637 0.046108
2.120639 0.049101
2.125640 0.044455
2.130642 0.038198
2.135643 0.033442
2.140645 0.030078
2.145646 0.026071
2.150648 0.019521
2.155649 0.009588
2.160651 -0.004557
2.165653 -0.024602
2.170654 -0.050813
2.175656 -0.077433
2.180657 -0.091212
2.185659 -0.077816
2.190660 -0.033506
2.195662 0.027626
2.200663 0.079100
2.205665 0.097933
2.210666 0.079067
2.215668 0.037446
2.220669 -0.002733
2.225671 -0.022729
2.230672 -0.018295
2.235674 0.000986
2.240675 0.019761
2.245677 0.026496
2.250678 0.018733
2.255680 0.001600
2.260681 -0.017910
2.265683 -0.035738
2.270684 -0.051308
2.275686 -0.064680
2.280687 -0.073781
2.285689 -0.074363
2.290690 -0.062427
2.295692 -0.036864
2.300693 -0.000388
2.305695 0.041144
2.310696 0.079746
2.315698 0.106148
2.320699 0.111683
2.325701 0.092019
2.330702 0.050944
2.335704 0.000914
2.340705 -0.040969
2.345707 -0.059634
2.350708 -0.048307
2.355710 -0.012071
2.360711 0.032773
2.365713 0.064289
2.370714 0.064187
2.375716 0.027141
2.380717 -0.034675
2.385719 -0.095192
2.390720 -0.125892
2.395722 -0.110070
2.400723 -0.052214
2.405725 0.023269
2.410726 0.083945
2.415728 0.105793
2.420729 0.085396
2.425731 0.040871
2.430732 0.000440
2.435734 -0.014635
2.440735 -0.001711
2.445737 0.024345
2.450738 0.042814
2.455740 0.039939
2.460741 0.014578
2.465743 -0.024544
2.470744 -0.065355
2.475746 -0.097663
2.480747 -0.115189
2.485749 -0.115261
2.490750 -0.097527
2.495752 -0.062663
2.500753 -0.012197
2.505755 0.049312
2.510756 0.110643
2.515758 0.153360
2.520759 0.158791
2.525761 0.120261
2.530763 0.050797
2.535764 -0.021963
2.540766 -0.070902
2.545767 -0.082922
2.550769 -0.062010
2.555770 -0.023415
2.560772 0.014007
2.565773 0.033762
2.570775 0.027352
2.575776 -0.000391
2.580778 -0.030973
2.585779 -0.041486
2.590781 -0.020081
2.595782 0.023895
2.600784 0.064919
2.605785 0.078753
2.610787 0.058395
2.615788 0.016488
2.620790 -0.025284
2.625791 -0.049550
2.630793 -0.050524
2.635794 -0.033820
2.640796 -0.011932
2.645797 0.001986
2.650799 0.000327
2.655800 -0.015321
2.660802 -0.035640
2.665803 -0.049813
2.670805 -0.052339
2.675806 -0.045371
2.680808 -0.035278
2.685809 -0.027060
2.690811 -0.021270
2.695812 -0.014573
2.700814 -0.002067
2.705815 0.020056
2.710817 0.051323
2.715818 0.084065
2.720820 0.103903
2.725821 0.096187
2.730823 0.056013
2.735824 -0.005199
2.740826 -0.062832
2.745827 -0.091725
2.750829 -0.081002
2.755830 -0.041078
2.760832 0.002693
2.765833 0.026166
2.770835 0.021332
2.775836 -0.000341
2.780838 -0.017805
2.785839 -0.015435
2.790841 0.007831
2.795842 0.040392
2.800844 0.067097
2.805845 0.077119
2.810847 0.065769
2.815848 0.032967
2.820850 -0.016218
2.825851 -0.068909
2.830853 -0.105571
2.835854 -0.108729
2.840856 -0.074377
2.845857 -0.016425
2.850859 0.040320
2.855860 0.073815
2.860862 0.075844
2.865863 0.054332
2.870865 0.026707
2.875866 0.008902
2.880868 0.006162
2.885869 0.010575
2.890871 0.007085
2.895873 -0.014598
2.900874 -0.049417
2.905876 -0.076454
2.910877 -0.071868
2.915879 -0.027871
2.920880 0.037103
2.925882 0.087226
2.930883 0.092562
2.935885 0.049760
2.940886 -0.015548
2.945888 -0.065877
2.950889 -0.074976
2.955891 -0.040666
2.960892 0.018318
2.965894 0.075068
2.970895 0.107140
2.975897 0.104189
2.980898 0.070318
2.985900 0.021246
2.990901 -0.023611
2.995903 -0.050944
3.000904 -0.058842
3.005906 -0.053766
3.010907 -0.042883
3.015909 -0.029757
3.020910 -0.016785
3.025912 -0.009342
3.030913 -0.014292
3.035915 -0.032302
3.040916 -0.051935
3.045918 -0.053946
3.050919 -0.025019
3.055921 0.029911
3.060922 0.088052
3.065924 0.122680
3.070925 0.119921
3.075927 0.086086
3.080928 0.041558
3.085930 0.007031
3.090931 -0.008400
3.095933 -0.010605
3.100934 -0.014327
3.105936 -0.031914
3.110937 -0.063879
3.115939 -0.097116
3.120940 -0.111962
3.125942 -0.093984
3.130943 -0.043827
3.135945 0.020671
3.140946 0.072207
3.145948 0.088276
3.150949 0.064052
3.155951 0.015753
3.160952 -0.028203
3.165954 -0.043173
3.170955 -0.021684
3.175957 0.023688
3.180958 0.068762
3.185960 0.091144
3.190961 0.080177
3.195963 0.039215
3.200964 -0.018247
3.205966 -0.074765
3.210967 -0.114792
3.215969 -0.129074
3.220970 -0.116720
3.225972 -0.084165
3.230973 -0.041617
3.235975 0.000925
3.240976 0.036255
3.245978 0.060947
3.250980 0.075388
3.255981 0.082941
3.260983 0.087648
3.265984 0.090669
3.270986 0.087554
3.275987 0.069497
3.280989 0.029513
3.285990 -0.030114
3.290992 -0.095397
3.295993 -0.146232
3.300995 -0.166390
3.305996 -0.150728
3.310998 -0.105509
3.315999 -0.043713
3.321001 0.020209
3.326002 0.073720
3.331004 0.108138
3.336005 0.119909
3.341007 0.110901
3.346008 0.087081
3.351010 0.055945
3.356011 0.024046
3.361013 -0.004108
3.366014 -0.025679
3.371016 -0.038765
3.376017 -0.042348
3.381019 -0.036882
3.386020 -0.024768
3.391022 -0.010211
3.396023 0.001584
3.401025 0.005932
3.406026 0.000525
3.411028 -0.013519
3.416029 -0.032370
3.421031 -0.051291
3.426032 -0.065744
3.431034 -0.071160
3.436035 -0.062643
3.441037 -0.036198
3.446038 0.008455
3.451040 0.065133
3.456041 0.120743
3.461043 0.158532
3.466044 0.164333
3.471046 0.132950
3.476047 0.071262
3.481049 -0.003886
3.486050 -0.072241
3.491052 -0.117902
3.496053 -0.134215
3.501055 -0.123627
3.506056 -0.093949
3.511058 -0.054749
3.516059 -0.016030
3.521061 0.012398
3.526062 0.023579
3.531064 0.017526
3.536065 0.002470
3.541067 -0.009550
3.546068 -0.010097
3.551070 0.001074
3.556071 0.017332
3.561073 0.030185
3.566074 0.033622
3.571076 0.025606
3.576077 0.007812
3.581079 -0.014732
3.586080 -0.034455
3.591082 -0.043833
3.596083 -0.039212
3.601085 -0.023088
3.606086 -0.002938
3.611088 0.012408
3.616090 0.016488
3.621091 0.007489
3.626093 -0.011191
3.631094 -0.032000
3.636096 -0.045729
3.641097 -0.044742
3.646099 -0.025930
3.651100 0.007351
3.656102 0.044875
3.661103 0.071827
3.666105 0.074677
3.671106 0.048986
3.676108 0.004215
3.681109 -0.039213
3.686111 -0.060368
3.691112 -0.049386
3.696114 -0.012277
3.701115 0.033862
3.706117 0.070847
3.711118 0.087412
3.716120 0.081406
3.721121 0.057612
3.726123 0.024412
3.731124 -0.009349
3.736126 -0.037359
3.741127 -0.057793
3.746129 -0.072581
3.751130 -0.083964
3.756132 -0.090705
3.761133 -0.087047
3.766135 -0.065889
3.771136 -0.024653
3.776138 0.030241
3.781139 0.084112
3.786141 0.120078
3.791142 0.126591
3.796144 0.102190
3.801145 0.055778
3.806147 0.003105
3.811148 -0.039193
3.816150 -0.060199
3.821151 -0.059255
3.826153 -0.045579
3.831154 -0.032449
3.836156 -0.029117
3.841157 -0.035552
3.846159 -0.043442
3.851160 -0.042741
3.856162 -0.028929
3.861163 -0.005699
3.866165 0.018379
3.871166 0.035972
3.876168 0.045034
3.881169 0.048192
3.886171 0.048629
3.891172 0.046039
3.896174 0.036002
3.901175 0.013716
3.906177 -0.020369
3.911178 -0.057747
3.916180 -0.085157
3.921181 -0.092242
3.926183 -0.077804
3.931184 -0.049918
3.936186 -0.020303
3.941187 0.002422
3.946189 0.016057
3.951190 0.023537
3.956192 0.029062
3.961193 0.034659
3.966195 0.039366
3.971197 0.041257
3.976198 0.040523
3.981200 0.040769
3.986201 0.046638
3.991203 0.058931
3.996204 0.071419
4.001206 0.073334
4.006207 0.056894
4.011209 0.024102
4.016210 -0.013053
4.021212 -0.039502
4.026213 -0.045949
4.031215 -0.033639
4.036216 -0.012613
4.041218 0.004507
4.046219 0.009121
4.051221 0.000322
4.056222 -0.015533
4.061224 -0.028609
4.066225 -0.030917
4.071227 -0.020794
4.076228 -0.004077
4.081230 0.009237
4.086231 0.011196
4.091233 0.000706
4.096234 -0.016570
4.101236 -0.032634
4.106237 -0.042075
4.111239 -0.044160
4.116240 -0.041482
4.121242 -0.036708
4.126243 -0.029850
4.131245 -0.018239
4.136246 0.000407
4.141248 0.024035
4.146249 0.044997
4.151251 0.053255
4.156252 0.042460
4.161254 0.014937
4.166255 -0.018044
4.171257 -0.041635
4.176258 -0.045599
4.181260 -0.030155
4.186261 -0.005437
4.191263 0.015075
4.196264 0.022645
4.201266 0.017696
4.206267 0.008291
4.211269 0.004215
4.216270 0.010730
4.221272 0.025932
4.226273 0.042817
4.231275 0.053835
4.236276 0.054440
4.241278 0.043834
4.246279 0.023770
4.251281 -0.002490
4.256282 -0.030036
4.261284 -0.052114
4.266285 -0.061699
4.271287 -0.055044
4.276288 -0.034839
4.281290 -0.009956
4.286291 0.008918
4.291293 0.015019
4.296294 0.008623
4.301296 -0.004380
4.306297 -0.016933
4.311299 -0.024904
4.316300 -0.028164
4.321302 -0.028459
4.326303 -0.026449
4.331305 -0.020972
4.336307 -0.011309
4.341308 0.000280
4.346310 0.009266
4.351311 0.012999
4.356313 0.014162
4.361314 0.019170
4.366316 0.031794
4.371317 0.047577
4.376319 0.054949
4.381320 0.043468
4.386322 0.012713
4.391323 -0.026133
4.396325 -0.057751
4.401326 -0.072618
4.406328 -0.071139
4.411329 -0.060021
4.416331 -0.045804
4.421332 -0.031245
4.426334 -0.016116
4.431335 -0.000186
4.436337 0.014580
4.441338 0.024099
4.446340 0.024299
4.451341 0.013930
4.456343 -0.003545
4.461344 -0.020301
4.466346 -0.027264
4.471347 -0.018770
4.476349 0.004404
4.481350 0.036105
4.486352 0.068774
4.491353 0.096318
4.496355 0.113876
4.501356 0.116566
4.506358 0.100254
4.511359 0.064417
4.516361 0.014380
4.521362 -0.039431
4.526364 -0.085130
4.531365 -0.113643
4.536367 -0.121001
4.541368 -0.107766
4.546370 -0.077097
4.551371 -0.033752
4.556373 0.015400
4.561374 0.060800
4.566376 0.091329
4.571377 0.097650
4.576379 0.076794
4.581380 0.035705
4.586382 -0.009279
4.591383 -0.038632
4.596385 -0.039327
4.601386 -0.012320
4.606388 0.027329
4.611389 0.058058
4.616391 0.062467
4.621392 0.035061
4.626394 -0.016455
4.631395 -0.076008
4.636397 -0.126755
4.641398 -0.157373
4.646400 -0.164527
4.651401 -0.151471
4.656403 -0.124339
4.661404 -0.088401
4.666406 -0.046467
4.671407 -0.000161
4.676409 0.047388
4.681410 0.090230
4.686412 0.121126
4.691414 0.134666
4.696415 0.129429
4.701417 0.108082
4.706418 0.076328
4.711420 0.041754
4.716421 0.012542
4.721423 -0.004424
4.726424 -0.005617
4.731426 0.007982
4.736427 0.031058
4.741429 0.054904
4.746430 0.068620
4.751432 0.061208
4.756433 0.025687
4.761435 -0.035357
4.766436 -0.106624
4.771438 -0.163955
4.776439 -0.185259
4.781441 -0.162122
4.786442 -0.103990
4.791444 -0.032063
4.796445 0.032487
4.801447 0.078019
4.806448 0.104209
4.811450 0.116746
4.816451 0.120259
4.821453 0.115085
4.826454 0.099430
4.831456 0.073838
4.836457 0.043533
4.841459 0.016577
4.846460 -0.000847
4.851462 -0.008732
4.856463 -0.013836
4.861465 -0.025163
4.866466 -0.046624
4.871468 -0.072258
4.876469 -0.088661
4.881471 -0.084230
4.886472 -0.059211
4.891474 -0.028806
4.896475 -0.015495
4.901477 -0.034365
4.906478 -0.081348
4.911480 -0.133299
4.916481 -0.160612
4.921483 -0.144125
4.926484 -0.085504
4.931486 -0.005469
4.936487 0.067928
4.941489 0.113599
4.946490 0.126572
4.951492 0.117612
4.956493 0.104001
4.961495 0.096936
4.966496 0.093349
4.971498 0.078093
4.976499 0.036024
4.981501 -0.033888
4.986502 -0.112904
4.991504 -0.170302
4.996505 -0.179774
5.001507 -0.133757
5.006508 -0.047449
5.011510 0.048442
5.016511 0.121302
5.021513 0.150116
5.026514 0.133332
5.031516 0.087518
5.036517 0.036889
5.041519 -0.000694
5.046520 -0.022158
5.051522 -0.036372
5.056524 -0.053074
5.061525 -0.073356
5.066527 -0.089534
5.071528 -0.093317
5.076530 -0.083742
5.081531 -0.067536
5.086533 -0.052642
5.091534 -0.041877
5.096536 -0.031988
5.101537 -0.017062
5.106539 0.007952
5.111540 0.045364
5.116542 0.093177
5.121543 0.143027
5.126545 0.179737
5.131546 0.185341
5.136548 0.147489
5.141549 0.067919
5.146551 -0.034696
5.151552 -0.130254
5.156554 -0.188778
5.161555 -0.192403
5.166557 -0.142527
5.171558 -0.059408
5.176560 0.026010
5.181561 0.085384
5.186563 0.105303
5.191564 0.091376
5.196566 0.061283
5.201567 0.031982
5.206569 0.010410
5.211570 -0.006910
5.216572 -0.027586
5.221573 -0.056506
5.226575 -0.092656
5.231576 -0.129719
5.236578 -0.158204
5.241579 -0.167512
5.246581 -0.148447
5.251582 -0.096996
5.256584 -0.018034
5.261585 0.074082
5.266587 0.159306
5.271588 0.217947
5.276590 0.235848
5.281591 0.207847
5.286593 0.140123
5.291594 0.050769
5.296596 -0.033709
5.301597 -0.087000
5.306599 -0.093911
5.311600 -0.057838
5.316602 0.000240
5.321603 0.051534
5.326605 0.072611
5.331606 0.054531
5.336608 0.004047
5.341609 -0.061218
5.346611 -0.119081
5.351612 -0.148158
5.356614 -0.132989
5.361615 -0.069723
5.366617 0.029523
5.371618 0.137233
5.376620 0.218110
5.381621 0.242037
5.386623 0.196894
5.391624 0.094534
5.396626 -0.033730
5.401627 -0.149894
5.406629 -0.223306
5.411631 -0.239240
5.416632 -0.199804
5.421634 -0.119486
5.426635 -0.019212
5.431637 0.078548
5.436638 0.153457
5.441640 0.190936
5.446641 0.185971
5.451643 0.145185
5.456644 0.084842
5.461646 0.024553
5.466647 -0.020870
5.471649 -0.047464
5.476650 -0.062486
5.481652 -0.078178
5.486653 -0.102344
5.491655 -0.132032
5.496656 -0.154911
5.501658 -0.157324
5.506659 -0.133274
5.511661 -0.088358
5.516662 -0.036758
5.521664 0.005891
5.526665 0.029110
5.531667 0.030778
5.536668 0.016968
5.541670 -0.000242
5.546671 -0.006554
5.551673 0.008896
5.556674 0.047448
5.561676 0.098213
5.566677 0.141967
5.571679 0.160236
5.576680 0.144112
5.581682 0.097845
5.586683 0.036503
5.591685 -0.019801
5.596686 -0.052359
5.601688 -0.049613
5.606689 -0.011058
5.611691 0.052308
5.616692 0.122106
5.621694 0.179928
5.626695 0.214082
5.631697 0.221879
5.636698 0.206761
5.641700 0.173254
5.646701 0.123528
5.651703 0.057394
5.656704 -0.024755
5.661706 -0.117850
5.666707 -0.209642
5.671709 -0.282398
5.676710 -0.319088
5.681712 -0.310875
5.686713 -0.261351
5.691715 -0.185194
5.696716 -0.102567
5.701718 -0.032505
5.706719 0.012159
5.711721 0.027108
5.716722 0.015850
5.721724 -0.012952
5.726725 -0.048166
5.731727 -0.077746
5.736728 -0.090098
5.741730 -0.076819
5.746731 -0.036611
5.751733 0.022233
5.756734 0.083708
5.761736 0.130583
5.766737 0.152049
5.771739 0.147782
5.776741 0.126299
5.781742 0.099611
5.786744 0.077919
5.791745 0.066489
5.796747 0.064745
5.801748 0.067259
5.806750 0.066888
5.811751 0.059458
5.816753 0.047338
5.821754 0.038756
5.826756 0.042225
5.831757 0.059303
5.836759 0.080838
5.841760 0.090216
5.846762 0.072459
5.851763 0.023756
5.856765 -0.044562
5.861766 -0.110055
5.866768 -0.148907
5.871769 -0.146190
5.876771 -0.101446
5.881772 -0.027129
5.886774 0.058374
5.891775 0.138301
5.896777 0.201400
5.901778 0.241508
5.906780 0.255331
5.911781 0.241330
5.916783 0.200758
5.921784 0.139855
5.926786 0.070844
5.931787 0.009454
5.936789 -0.030948
5.941790 -0.045455
5.946792 -0.039916
5.951793 -0.027913
5.956795 -0.024113
5.961796 -0.037380
5.966798 -0.066766
5.971799 -0.102132
5.976801 -0.128757
5.981802 -0.133214
5.986804 -0.107512
5.991805 -0.050540
5.996807 0.032171
6.001808 0.129214
6.006810 0.224619
6.011811 0.300499
6.016813 0.341266
6.021814 0.338114
6.026816 0.291304
6.031817 0.208548
6.036819 0.100529
6.041820 -0.023025
6.046822 -0.153834
6.051823 -0.282504
6.056825 -0.396085
6.061826 -0.478983
6.066828 -0.518000
6.071829 -0.508944
6.076831 -0.460075
6.081832 -0.388972
6.086834 -0.314019
6.091835 -0.246047
6.096837 -0.185514
6.101838 -0.126002
6.106840 -0.060102
6.111841 0.016489
6.116843 0.103485
6.121844 0.195530
6.126846 0.282052
6.131847 0.348777
6.136849 0.382083
6.141851 0.374861
6.146852 0.330131
6.151854 0.259305
6.156855 0.176055
6.161857 0.090478
6.166858 0.007637
6.171860 -0.069638
6.176861 -0.137154
6.181863 -0.188172
6.186864 -0.215447
6.191866 -0.215260
6.196867 -0.191118
6.201869 -0.154366
6.206870 -0.120256
6.211872 -0.100962
6.216873 -0.099553
6.221875 -0.108821
6.226876 -0.115933
6.231878 -0.110003
6.236879 -0.087803
6.241881 -0.054652
6.246882 -0.020957
6.251884 0.002919
6.256885 0.010871
6.261887 0.002933
6.266888 -0.015705
6.271890 -0.038290
6.276891 -0.060938
6.281893 -0.084917
6.286894 -0.114721
6.291896 -0.152826
6.296897 -0.194790
6.301899 -0.228635
6.306900 -0.239756
6.311902 -0.218690
6.316903 -0.166898
6.321905 -0.097057
6.326906 -0.027907
6.331908 0.023473
6.336909 0.048561
6.341911 0.050854
6.346912 0.044393
6.351914 0.047507
6.356915 0.074220
6.361917 0.127345
6.366918 0.196611
6.371920 0.262522
6.376921 0.304049
6.381923 0.307081
6.386924 0.270454
6.391926 0.206911
6.396927 0.138200
6.401929 0.086332
6.406930 0.065090
6.411932 0.075494
6.416933 0.106713
6.421935 0.141510
6.426936 0.163744
6.431938 0.164871
6.436939 0.146834
6.441941 0.119990
6.446942 0.096690
6.451944 0.083640
6.456945 0.077908
6.461947 0.069825
6.466948 0.050915
6.471950 0.020476
6.476951 -0.014628
6.481953 -0.046364
6.486954 -0.072048
6.491956 -0.095227
6.496958 -0.120572
6.501959 -0.147660
6.506961 -0.169202
6.511962 -0.175464
6.516964 -0.161594
6.521965 -0.132106
6.526967 -0.098916
6.531968 -0.074503
6.536970 -0.065286
6.541971 -0.069340
6.546973 -0.078773
6.551974 -0.084573
6.556976 -0.081562
6.561977 -0.071430
6.566979 -0.061952
6.571980 -0.062034
6.576982 -0.075283
6.581983 -0.096774
6.586985 -0.115806
6.591986 -0.122780
6.596988 -0.114721
6.601989 -0.095163
6.606991 -0.069249
6.611992 -0.039253
6.616994 -0.004663
6.621995 0.034166
6.626997 0.073244
6.631998 0.106176
6.637000 0.128419
6.642001 0.140913
6.647003 0.149963
6.652004 0.163359
6.657006 0.185726
6.662007 0.216123
6.667009 0.248339
6.672010 0.272493
6.677012 0.277369
6.682013 0.254314
6.687015 0.202201
6.692016 0.130268
6.697018 0.055718
6.702019 -0.003324
6.707021 -0.035405
6.712022 -0.039948
6.717024 -0.026756
6.722025 -0.012049
6.727027 -0.013016
6.732028 -0.042176
6.737030 -0.102268
6.742031 -0.182992
6.747033 -0.262012
6.752034 -0.311992
6.757036 -0.311926
6.762037 -0.257196
6.767039 -0.162733
6.772040 -0.057774
6.777042 0.024693
6.782043 0.059125
6.787045 0.035591
6.792046 -0.037394
6.797048 -0.136309
6.802049 -0.231262
6.807051 -0.296618
6.812052 -0.319496
6.817054 -0.302662
6.822055 -0.260663
6.827057 -0.211346
6.832058 -0.167547
6.837060 -0.133620
6.842061 -0.107951
6.847063 -0.088033
6.852064 -0.073034
6.857066 -0.062032
6.862068 -0.050815
6.867069 -0.031730
6.872071 0.002199
6.877072 0.052278
6.882074 0.112919
6.887075 0.175290
6.892077 0.232247
6.897078 0.280246
6.902080 0.317720
6.907081 0.343150
6.912083 0.355345
6.917084 0.355004
6.922086 0.344982
6.927087 0.328339
6.932089 0.305934
6.937090 0.276064
6.942092 0.237036
6.947093 0.190668
6.952095 0.142974
6.957096 0.100279
6.962098 0.063651
6.967099 0.026960
6.972101 -0.018689
6.977102 -0.076618
6.982104 -0.138197
6.987105 -0.183472
6.992107 -0.189635
6.997108 -0.143227
7.002110 -0.049261
7.007111 0.068142
7.012113 0.174326
7.017114 0.237796
7.022116 0.242512
7.027117 0.192980
7.032119 0.110142
7.037120 0.021145
7.042122 -0.050856
7.047123 -0.092516
7.052125 -0.101714
7.057126 -0.086587
7.062128 -0.062574
7.067129 -0.046685
7.072131 -0.049979
7.077132 -0.071963
7.082134 -0.100745
7.087135 -0.119469
7.092137 -0.115319
7.097138 -0.085675
7.102140 -0.038272
7.107141 0.013833
7.112143 0.059172
7.117144 0.092992
7.122146 0.117920
7.127147 0.139682
7.132149 0.160576
7.137150 0.175638
7.142152 0.174950
7.147153 0.150544
7.152155 0.102337
7.157156 0.038635
7.162158 -0.028268
7.167159 -0.086972
7.172161 -0.128818
7.177162 -0.147320
7.182164 -0.138353
7.187165 -0.102521
7.192167 -0.047464
7.197168 0.013202
7.202170 0.064730
7.207171 0.096596
7.212173 0.104582
7.217175 0.089045
7.222176 0.052349
7.227178 -0.001456
7.232179 -0.064773
7.237181 -0.125228
7.242182 -0.167496
7.247184 -0.178238
7.252185 -0.152166
7.257187 -0.096227
7.262188 -0.028948
7.267190 0.025967
7.272191 0.049222
7.277193 0.033708
7.282194 -0.013435
7.287196 -0.074561
7.292197 -0.128045
7.297199 -0.154764
7.302200 -0.143570
7.307202 -0.095405
7.312203 -0.024346
7.317205 0.046617
7.322206 0.094623
7.327208 0.106368
7.332209 0.082506
7.337211 0.035216
7.342212 -0.018313
7.347214 -0.062661
7.352215 -0.089323
7.357217 -0.099289
7.362218 -0.101315
7.367220 -0.105357
7.372221 -0.114656
7.377223 -0.122250
7.382224 -0.114601
7.387226 -0.079579
7.392227 -0.013545
7.397229 0.075969
7.402230 0.172370
7.407232 0.255255
7.412233 0.306655
7.417235 0.316438
7.422236 0.285157
7.427238 0.222836
7.432239 0.143894
7.437241 0.061215
7.442242 -0.016782
7.447244 -0.085118
7.452245 -0.139923
7.457247 -0.177728
7.462248 -0.196582
7.467250 -0.197216
7.472251 -0.183008
7.477253 -0.158850
7.482254 -0.129447
7.487256 -0.097546
7.492257 -0.063114
7.497259 -0.024695
7.502260 0.017380
7.507262 0.058447
7.512263 0.090157
7.517265 0.104422
7.522266 0.098074
7.527268 0.075068
7.532269 0.044661
7.537271 0.016672
7.542272 -0.003221
7.547274 -0.015431
7.552275 -0.024963
7.557277 -0.037819
7.562278 -0.057398
7.567280 -0.082705
7.572281 -0.109204
7.577283 -0.131415
7.582285 -0.144758
7.587286 -0.145039
7.592288 -0.127015
7.597289 -0.085026
7.602291 -0.016851
7.607292 0.071470
7.612294 0.163861
7.617295 0.238181
7.622297 0.274928
7.627298 0.265979
7.632300 0.217824
7.637301 0.147151
7.642303 0.072026
7.647304 0.004761
7.652306 -0.049755
7.657307 -0.091350
7.662309 -0.121243
7.667310 -0.140429
7.672312 -0.149352
7.677313 -0.147553
7.682315 -0.133263
7.687316 -0.104202
7.692318 -0.060225
7.697319 -0.005976
7.702321 0.049309
7.707322 0.095267
7.712324 0.124055
7.717325 0.131257
7.722327 0.114772
7.727328 0.074595
7.732330 0.014617
7.737331 -0.055681
7.742333 -0.122449
7.747334 -0.172008
7.752336 -0.196160
7.757337 -0.194921
7.762339 -0.175433
7.767340 -0.148612
7.772342 -0.125564
7.777343 -0.114236
7.782345 -0.116007
7.787346 -0.123482
7.792348 -0.122089
7.797349 -0.096250
7.802351 -0.037176
7.807352 0.052116
7.812354 0.156693
7.817355 0.253744
7.822357 0.318955
7.827358 0.333612
7.832360 0.290632
7.837361 0.197384
7.842363 0.073691
7.847364 -0.054616
7.852366 -0.163798
7.857367 -0.238521
7.862369 -0.274352
7.867370 -0.276471
7.872372 -0.255803
7.877373 -0.223981
7.882375 -0.188536
7.887376 -0.150317
7.892378 -0.104991
7.897379 -0.048108
7.902381 0.019779
7.907382 0.091622
7.912384 0.156588
7.917385 0.204463
7.922387 0.228950
7.927388 0.228779
7.932390 0.207118
7.937392 0.170161
7.942393 0.125346
7.947395 0.079402
7.952396 0.036806
7.957398 -0.000446
7.962399 -0.031551
7.967401 -0.055327
7.972402 -0.070095
7.977404 -0.075295
7.982405 -0.072964
7.987407 -0.067143
7.992408 -0.061686
7.997410 -0.058728
8.002411 -0.058844
8.007413 -0.061535
8.012414 -0.064811
8.017416 -0.064874
8.022417 -0.057818
8.027419 -0.042985
8.032420 -0.024902
8.037422 -0.011157
8.042423 -0.007265
8.047425 -0.012479
8.052426 -0.019726
8.057428 -0.019508
8.062429 -0.004909
8.067431 0.025114
8.072432 0.065125
8.077434 0.104935
8.082435 0.133173
8.087437 0.141968
8.092438 0.130616
8.097440 0.105779
8.102441 0.077913
8.107443 0.056413
8.112444 0.046401
8.117446 0.048205
8.122447 0.058718
8.127449 0.073222
8.132450 0.086548
8.137452 0.093363
8.142453 0.088324
8.147455 0.067002
8.152456 0.027684
8.157458 -0.026585
8.162459 -0.086795
8.167461 -0.138908
8.172462 -0.167741
8.177464 -0.162673
8.182465 -0.122150
8.187467 -0.054272
8.192468 0.026373
8.197470 0.103174
8.202471 0.161259
8.207473 0.190280
8.212474 0.186439
8.217476 0.153308
8.222477 0.100833
8.227479 0.042621
8.232480 -0.007631
8.237482 -0.039634
8.242483 -0.048983
8.247485 -0.037754
8.252486 -0.012887
8.257488 0.017082
8.262489 0.045512
8.267491 0.069413
8.272492 0.088432
8.277494 0.102302
8.282495 0.109273
8.287497 0.106629
8.292498 0.092146
8.297500 0.065054
8.302502 0.026666
8.307503 -0.018522
8.312505 -0.062072
8.317506 -0.093268
8.322508 -0.103562
8.327509 -0.091087
8.332511 -0.061802
8.337512 -0.026311
8.342514 0.005499
8.347515 0.028473
8.352517 0.042656
8.357518 0.050767
8.362520 0.055080
8.367521 0.055555
8.372523 0.049647
8.377524 0.033432
8.382526 0.003632
8.387527 -0.040151
8.392529 -0.093931
8.397530 -0.149259
8.402532 -0.194869
8.407533 -0.219648
8.412535 -0.215986
8.417536 -0.182293
8.422538 -0.123912
8.427539 -0.052191
8.432541 0.018227
8.437542 0.073393
8.442544 0.104059
8.447545 0.107993
8.452547 0.089457
8.457548 0.056452
8.462550 0.017915
8.467551 -0.017533
8.472553 -0.042097
8.477554 -0.050152
8.482556 -0.040133
8.487557 -0.015112
8.492559 0.018573
8.497560 0.053336
8.502562 0.081585
8.507563 0.096149
8.512565 0.090799
8.517566 0.061750
8.522568 0.010153
8.527569 -0.055813
8.532571 -0.121411
8.537572 -0.169365
8.542574 -0.185893
8.547575 -0.165867
8.552577 -0.114811
8.557578 -0.046892
8.562580 0.020404
8.567581 0.072588
8.572583 0.102348
8.577584 0.109811
8.582586 0.099849
8.587587 0.079003
8.592589 0.053746
8.597590 0.029953
8.602592 0.012700
8.607593 0.005736
8.612595 0.010410
8.617596 0.024348
8.622598 0.041054
8.627599 0.051740
8.632601 0.049031
8.637602 0.030328
8.642604 -0.001135
8.647605 -0.037767
8.652607 -0.070606
8.657608 -0.092651
8.662610 -0.101255
8.667612 -0.098488
8.672613 -0.089577
8.677615 -0.080559
8.682616 -0.076102
8.687618 -0.077838
8.692619 -0.083685
8.697621 -0.088654
8.702622 -0.086864
8.707624 -0.073631
8.712625 -0.046816
8.717627 -0.007307
8.722628 0.041176
8.727630 0.092737
8.732631 0.140172
8.737633 0.176079
8.742634 0.194307
8.747636 0.191570
8.752637 0.168804
8.757639 0.131793
8.762640 0.090543
8.767642 0.056800
8.772643 0.039765
8.777645 0.041560
8.782646 0.055196
8.787648 0.067045
8.792649 0.063195
8.797651 0.036388
8.802652 -0.010423
8.807654 -0.065818
8.812655 -0.115489
8.817657 -0.148023
8.822658 -0.157661
8.827660 -0.143538
8.832661 -0.107676
8.837663 -0.054167
8.842664 0.010245
8.847666 0.075832
8.852667 0.131094
8.857669 0.165490
8.862670 0.172744
8.867672 0.153129
8.872673 0.113166
8.877675 0.062595
8.882676 0.010532
8.887678 -0.036850
8.892679 -0.076325
8.897681 -0.106311
8.902682 -0.125621
8.907684 -0.133033
8.912685 -0.128003
8.917687 -0.112204
8.922688 -0.090402
8.927690 -0.069030
8.932691 -0.052874
8.937693 -0.042308
8.942694 -0.033411
8.947696 -0.020964
8.952697 -0.002218
8.957699 0.021229
8.962700 0.044616
8.967702 0.063017
8.972703 0.073515
8.977705 0.075056
8.982706 0.066938
8.987708 0.048064
8.992709 0.017848
8.997711 -0.022206
9.002712 -0.067936
9.007714 -0.113581
9.012715 -0.153460
9.017717 -0.182760
9.022719 -0.197259
9.027720 -0.193203
9.032722 -0.168441
9.037723 -0.124350
9.042725 -0.066909
9.047726 -0.005613
9.052728 0.049361
9.057729 0.090112
9.062731 0.112746
9.067732 0.117673
9.072734 0.108922
9.077735 0.092940
9.082737 0.077223
9.087738 0.068803
9.092740 0.072254
9.097741 0.087360
9.102743 0.107962
9.107744 0.123739
9.112746 0.124713
9.117747 0.106035
9.122749 0.070407
9.127750 0.026922
9.132752 -0.012937
9.137753 -0.040035
9.142755 -0.050656
9.147756 -0.046811
9.152758 -0.034510
9.157759 -0.021565
9.162761 -0.015673
9.167762 -0.022516
9.172764 -0.043960
9.177765 -0.077092
9.182767 -0.114662
9.187768 -0.146685
9.192770 -0.162958
9.197771 -0.156377
9.202773 -0.126087
9.207774 -0.078547
9.212776 -0.025294
9.217777 0.021713
9.222779 0.054720
9.227780 0.072422
9.232782 0.078971
9.237783 0.080648
9.242785 0.082325
9.247786 0.085522
9.252788 0.088436
9.257789 0.087356
9.262791 0.078899
9.267792 0.062353
9.272794 0.040759
9.277795 0.019704
9.282797 0.004428
9.287798 -0.002945
9.292800 -0.004602
9.297801 -0.006266
9.302803 -0.014815
9.307804 -0.035111
9.312806 -0.067194
9.317807 -0.104977
9.322809 -0.137237
9.327810 -0.151042
9.332812 -0.136603
9.337813 -0.091201
9.342815 -0.019962
9.347816 0.066405
9.352818 0.154679
9.357819 0.231280
9.362821 0.283820
9.367822 0.302941
9.372824 0.284221
9.377825 0.229231
9.382827 0.145365
9.387829 0.044730
9.392830 -0.057763
9.397832 -0.147235
9.402833 -0.212260
9.407835 -0.247568
9.412836 -0.254632
9.417838 -0.239996
9.422839 -0.212326
9.427841 -0.179411
9.432842 -0.146093
9.437844 -0.113734
9.442845 -0.081205
9.447847 -0.046736
9.452848 -0.009724
9.457850 0.028304
9.462851 0.064061
9.467853 0.093920
9.472854 0.115235
9.477856 0.126598
9.482857 0.127114
9.487859 0.115814
9.492860 0.092150
9.497862 0.057444
9.502863 0.016194
9.507865 -0.023851
9.512866 -0.053356
9.517868 -0.064539
9.522869 -0.054519
9.527871 -0.026987
9.532872 0.009025
9.537874 0.042919
9.542875 0.066950
9.547877 0.078854
9.552878 0.081184
9.557880 0.078122
9.562881 0.072302
9.567883 0.063772
9.572884 0.051132
9.577886 0.033459
9.582887 0.011711
9.587889 -0.010937
9.592890 -0.029919
9.597892 -0.040877
9.602893 -0.041102
9.607895 -0.030101
9.612896 -0.009479
9.617898 0.017342
9.622899 0.045574
9.627901 0.070022
9.632902 0.086521
9.637904 0.093272
9.642905 0.091332
9.647907 0.083715
9.652908 0.073209
9.657910 0.060208
9.662911 0.042356
9.667913 0.016519
9.672914 -0.018431
9.677916 -0.060047
9.682917 -0.102700
9.687919 -0.139449
9.692920 -0.164468
9.697922 -0.174873
9.702923 -0.170942
9.707925 -0.154809
9.712926 -0.128980
9.717928 -0.095789
9.722929 -0.057619
9.727931 -0.016896
9.732932 0.024380
9.737934 0.064851
9.742936 0.103123
9.747937 0.136575
9.752939 0.160912
9.757940 0.171487
9.762942 0.165984
9.767943 0.146595
9.772945 0.119718
9.777946 0.093023
9.782948 0.071770
9.787949 0.056851
9.792951 0.045587
9.797952 0.034286
9.802954 0.020704
9.807955 0.005167
9.812957 -0.009847
9.817958 -0.021186
9.822960 -0.026732
9.827961 -0.026425
9.832963 -0.022047
9.837964 -0.016000
9.842966 -0.009717
9.847967 -0.002609
9.852969 0.007485
9.857970 0.022489
9.862972 0.042525
9.867973 0.065994
9.872975 0.090577
9.877976 0.113489
9.882978 0.130911
9.887979 0.138181
9.892981 0.131560
9.897982 0.110369
9.902984 0.077644
9.907985 0.038607
9.912987 -0.001944
9.917988 -0.041400
9.922990 -0.079206
9.927991 -0.115438
9.932993 -0.149407
9.937994 -0.178882
9.942996 -0.200051
9.947997 -0.208551
9.952999 -0.201665
9.958000 -0.180532
9.963002 -0.150422
9.968003 -0.118397
9.973005 -0.089883
9.978006 -0.066427
9.983008 -0.045677
9.988009 -0.023123
9.993011 0.005259
9.998012 0.040378
10.003014 0.078631
10.008015 0.112770
10.013017 0.134999
10.018018 0.140663
10.023020 0.130144
10.028021 0.107752
10.033023 0.078610
10.038024 0.045943
10.043026 0.010530
10.048027 -0.027723
10.053029 -0.067652
10.058030 -0.105714
10.063032 -0.136095
10.068033 -0.151748
10.073035 -0.146569
10.078036 -0.118319
10.083038 -0.070352
10.088039 -0.010671
10.093041 0.050619
10.098042 0.103435
10.103044 0.139165
10.108046 0.152465
10.113047 0.143214
10.118049 0.116944
10.123050 0.082706
10.128052 0.049256
10.133053 0.021706
10.138055 0.000493
10.143056 -0.016958
10.148058 -0.033379
10.153059 -0.049859
10.158061 -0.066090
10.163062 -0.081482
10.168064 -0.095415
10.173065 -0.106564
10.178067 -0.112797
10.183068 -0.112382
10.188070 -0.105449
10.193071 -0.094265
10.198073 -0.082078
10.203074 -0.071422
10.208076 -0.063088
10.213077 -0.056387
10.218079 -0.050198
10.223080 -0.043638
10.228082 -0.035855
10.233083 -0.025727
10.238085 -0.012444
10.243086 0.003445
10.248088 0.019794
10.253089 0.033842
10.258091 0.043502
10.263092 0.048128
10.268094 0.048811
10.273095 0.048348
10.278097 0.050369
10.283098 0.057364
10.288100 0.068579
10.293101 0.079538
10.298103 0.084088
10.303104 0.078069
10.308106 0.062143
10.313107 0.041669
10.318109 0.023723
10.323110 0.013603
10.328112 0.013070
10.333113 0.020614
10.338115 0.032736
10.343116 0.045632
10.348118 0.056892
10.353119 0.066166
10.358121 0.073943
10.363122 0.079519
10.368124 0.080269
10.373125 0.072946
10.378127 0.055745
10.383128 0.029629
10.388130 -0.001385
10.393131 -0.030695
10.398133 -0.050491
10.403134 -0.054385
10.408136 -0.040601
10.413137 -0.013657
10.418139 0.017251
10.423140 0.042664
10.428142 0.056903
10.433143 0.058811
10.438145 0.049570
10.443146 0.030909
10.448148 0.005709
10.453149 -0.020664
10.458151 -0.041125
10.463153 -0.049755
10.468154 -0.044346
10.473156 -0.026982
10.478157 -0.003121
10.483159 0.019953
10.488160 0.035222
10.493162 0.038374
10.498163 0.029609
10.503165 0.013442
10.508166 -0.003925
10.513168 -0.018199
10.518169 -0.028937
10.523171 -0.038400
10.528172 -0.048858
10.533174 -0.061095
10.538175 -0.074981
10.543177 -0.090312
10.548178 -0.106239
10.553180 -0.119981
10.558181 -0.126927
10.563183 -0.122783
10.568184 -0.106172
10.573186 -0.079733
10.578187 -0.049185
10.583189 -0.021204
10.588190 -0.001241
10.593192 0.007941
10.598193 0.006844
10.603195 -0.000935
10.608196 -0.009508
10.613198 -0.012307
10.618199 -0.004270
10.623201 0.016363
10.628202 0.047504
10.633204 0.083993
10.638205 0.119379
10.643207 0.148395
10.648208 0.168998
10.653210 0.182257
10.658211 0.189782
10.663213 0.191092
10.668214 0.183620
10.673216 0.165256
10.678217 0.136926
10.683219 0.103208
10.688220 0.071000
10.693222 0.047125
10.698223 0.035840
10.703225 0.037361
10.708226 0.048234
10.713228 0.063414
10.718229 0.078771
10.723231 0.092448
10.728232 0.104214
10.733234 0.113402
10.738235 0.117297
10.743237 0.111614
10.748238 0.092782
10.753240 0.060023
10.758241 0.015851
10.763243 -0.034506
10.768244 -0.083889
10.773246 -0.124404
10.778247 -0.149597
10.783249 -0.156894
10.788250 -0.148555
10.793252 -0.130353
10.798253 -0.109092
10.803255 -0.090483
10.808256 -0.077868
10.813258 -0.071513
10.818259 -0.068553
10.823261 -0.064212
10.828263 -0.054349
10.833264 -0.038117
10.838266 -0.018967
10.843267 -0.003178
10.848269 0.003199
10.853270 -0.002854
10.858272 -0.020108
10.863273 -0.043682
10.868275 -0.066739
10.873276 -0.082606
10.878278 -0.086850
10.883279 -0.078586
10.888281 -0.060176
10.893282 -0.035542
10.898284 -0.008532
10.903285 0.017534
10.908287 0.039457
10.913288 0.053967
10.918290 0.058324
10.923291 0.051435
10.928293 0.034503
10.933294 0.010414
10.938296 -0.017814
10.943297 -0.047942
10.948299 -0.077784
10.953300 -0.103833
10.958302 -0.121152
10.963303 -0.125095
10.968305 -0.113654
10.973306 -0.088836
10.978308 -0.056265
10.983309 -0.023242
10.988311 0.003598
10.993312 0.019862
10.998314 0.023783
11.003315 0.015971
11.008317 -0.000896
11.013318 -0.022383
11.018320 -0.042841
11.023321 -0.056332
11.028323 -0.058271
11.033324 -0.047633
11.038326 -0.028285
11.043327 -0.007583
11.048329 0.007563
11.053330 0.014184
11.058332 0.013388
11.063333 0.007565
11.068335 -0.002096
11.073336 -0.015389
11.078338 -0.031019
11.083339 -0.045351
11.088341 -0.053430
11.093342 -0.051428
11.098344 -0.038529
11.103345 -0.017015
11.108347 0.009114
11.113348 0.035680
11.118350 0.059384
11.123351 0.078432
11.128353 0.092485
11.133354 0.101581
11.138356 0.104965
11.143357 0.101457
11.148359 0.091309
11.153360 0.077354
11.158362 0.063842
11.163363 0.053946
11.168365 0.048240
11.173366 0.045097
11.178368 0.042075
11.183369 0.036968
11.188371 0.028092
11.193373 0.014305
11.198374 -0.004447
11.203376 -0.025961
11.208377 -0.045243
11.213379 -0.055970
11.218380 -0.053403
11.223382 -0.036541
11.228383 -0.008155
11.233385 0.026581
11.238386 0.061534
11.243388 0.090773
11.248389 0.109623
11.253391 0.115320
11.258392 0.106836
11.263394 0.084417
11.268395 0.049849
11.273397 0.007336
11.278398 -0.036319
11.283400 -0.073256
11.288401 -0.097365
11.293403 -0.106604
11.298404 -0.103102
11.303406 -0.090997
11.308407 -0.073979
11.313409 -0.054613
11.318410 -0.035242
11.323412 -0.018448
11.328413 -0.006024
11.333415 0.002317
11.338416 0.008851
11.343418 0.016481
11.348419 0.027312
11.353421 0.041634
11.358422 0.057288
11.363424 0.069873
11.368425 0.074324
11.373427 0.067365
11.378428 0.049361
11.383430 0.024403
11.388431 -0.001501
11.393433 -0.023124
11.398434 -0.038015
11.403436 -0.046593
11.408437 -0.050506
11.413439 -0.050836
11.418440 -0.047708
11.423442 -0.041234
11.428443 -0.032301
11.433445 -0.022359
11.438446 -0.012621
11.443448 -0.003443
11.448449 0.005738
11.453451 0.015807
11.458452 0.027074
11.463454 0.038855
11.468455 0.049875
11.473457 0.058927
11.478458 0.065010
11.483460 0.067015
11.488461 0.063517
11.493463 0.053010
11.498464 0.034586
11.503466 0.008833
11.508467 -0.021691
11.513469 -0.053153
11.518470 -0.081879
11.523472 -0.105166
11.528473 -0.120898
11.533475 -0.127039
11.538476 -0.122099
11.543478 -0.106190
11.548480 -0.081488
11.553481 -0.051726
11.558483 -0.021360
11.563484 0.005113
11.568486 0.023820
11.573487 0.032421
11.578489 0.030967
11.583490 0.022104
11.588492 0.010233
11.593493 -0.000248
11.598495 -0.006858
11.603496 -0.009862
11.608498 -0.011489
11.613499 -0.014373
11.618501 -0.020443
11.623502 -0.030427
11.628504 -0.043437
11.633505 -0.056846
11.638507 -0.067021
11.643508 -0.070650
11.648510 -0.065772
11.653511 -0.052181
11.658513 -0.031351
11.663514 -0.005834
11.668516 0.021794
11.673517 0.049702
11.678519 0.076563
11.683520 0.100541
11.688522 0.118521
11.693523 0.126378
11.698525 0.120397
11.703526 0.099326
11.708528 0.065957
11.713529 0.026973
11.718531 -0.009290
11.723532 -0.035902
11.728534 -0.049382
11.733535 -0.049947
11.738537 -0.040339
11.743538 -0.023945
11.748540 -0.003094
11.753541 0.021330
11.758543 0.048666
11.763544 0.076875
11.768546 0.102174
11.773547 0.120200
11.778549 0.127637
11.783550 0.123196
11.788552 0.107728
11.793553 0.083682
11.798555 0.054195
11.803556 0.022304
11.808558 -0.009422
11.813559 -0.039044
11.818561 -0.065438
11.823562 -0.088040
11.828564 -0.105855
11.833565 -0.116733
11.838567 -0.118100
11.843568 -0.108702
11.848570 -0.089629
11.853571 -0.063626
11.858573 -0.033501
11.863574 -0.001165
11.868576 0.031900
11.873577 0.063341
11.878579 0.089230
11.883580 0.104996
11.888582 0.107444
11.893583 0.096318
11.898585 0.074358
11.903586 0.046150
11.908588 0.016508
11.913590 -0.011158
11.918591 -0.035804
11.923593 -0.058012
11.928594 -0.077700
11.933596 -0.092515
11.938597 -0.099070
11.943599 -0.096124
11.948600 -0.086369
11.953602 -0.075003
11.958603 -0.066637
11.963605 -0.063108
11.968606 -0.063141
11.973608 -0.063373
11.978609 -0.059895
11.983611 -0.049621
11.988612 -0.031225
11.993614 -0.005767
11.998615 0.023218
12.003617 0.050652
12.008618 0.071639
12.013620 0.082845
12.018621 0.082750
12.023623 0.071275
12.028624 0.049814
12.033626 0.021700
12.038627 -0.008018
12.043629 -0.034035
12.048630 -0.052475
12.053632 -0.061539
12.058633 -0.061242
12.063635 -0.053164
12.068636 -0.040299
12.073638 -0.026425
12.078639 -0.014865
12.083641 -0.007310
12.088642 -0.003514
12.093644 -0.002099
12.098645 -0.001839
12.103647 -0.002281
12.108648 -0.003357
12.113650 -0.004758
12.118651 -0.005862
12.123653 -0.005945
12.128654 -0.003980
12.133656 0.001620
12.138657 0.012363
12.143659 0.028195
12.148660 0.046565
12.153662 0.063104
12.158663 0.073445
12.163665 0.074809
12.168666 0.066557
12.173668 0.049936
12.178669 0.027594
12.183671 0.003085
12.188672 -0.019801
12.193674 -0.038028
12.198675 -0.050238
12.203677 -0.056695
12.208678 -0.058089
12.213680 -0.054487
12.218681 -0.045528
12.223683 -0.031206
12.228684 -0.012180
12.233686 0.010148
12.238687 0.033232
12.243689 0.053342
12.248690 0.066845
12.253692 0.072170
12.258693 0.070610
12.263695 0.065048
12.268697 0.057636
12.273698 0.048422
12.278700 0.036167
12.283701 0.020668
12.288703 0.004321
12.293704 -0.008806
12.298706 -0.015664
12.303707 -0.016153
12.308709 -0.012821
12.313710 -0.009172
12.318712 -0.008081
12.323713 -0.010814
12.328715 -0.016669
12.333716 -0.023372
12.338718 -0.028248
12.343719 -0.029606
12.348721 -0.027419
12.353722 -0.022886
12.358724 -0.017321
12.363725 -0.011248
12.368727 -0.004199
12.373728 0.004808
12.378730 0.016384
12.383731 0.029956
12.388733 0.043549
12.393734 0.054349
12.398736 0.059667
12.403737 0.057813
12.408739 0.048615
12.413740 0.033441
12.418742 0.014699
12.423743 -0.004863
12.428745 -0.022664
12.433746 -0.036671
12.438748 -0.045948
12.443749 -0.050997
12.448751 -0.053260
12.453752 -0.054006
12.458754 -0.053594
12.463755 -0.051582
12.468757 -0.047293
12.473758 -0.040388
12.478760 -0.031370
12.483761 -0.021757
12.488763 -0.013589
12.493764 -0.008420
12.498766 -0.006585
12.503767 -0.007118
12.508769 -0.008117
12.513770 -0.007420
12.518772 -0.003645
12.523773 0.002901
12.528775 0.010307
12.533776 0.016310
12.538778 0.019864
12.543779 0.021898
12.548781 0.024626
12.553782 0.029728
12.558784 0.036758
12.563785 0.043196
12.568787 0.046143
12.573788 0.044097
12.578790 0.037239
12.583791 0.026381
12.588793 0.011989
12.593794 -0.005702
12.598796 -0.025658
12.603797 -0.045057
12.608799 -0.059261
12.613800 -0.063362
12.618802 -0.054740
12.623803 -0.034755
12.628805 -0.008033
12.633807 0.019973
12.638808 0.045043
12.643810 0.064709
12.648811 0.077761
12.653813 0.083612
12.658814 0.081744
12.663816 0.071366
12.668817 0.051791
12.673819 0.023635
12.678820 -0.010122
12.683822 -0.044435
12.688823 -0.074091
12.693825 -0.096019
12.698826 -0.110221
12.703828 -0.118505
12.708829 -0.122269
12.713831 -0.121583
12.718832 -0.116228
12.723834 -0.106974
12.728835 -0.095371
12.733837 -0.082481
12.738838 -0.068196
12.743840 -0.051663
12.748841 -0.032043
12.753843 -0.009078
12.758844 0.016315
12.763846 0.041551
12.768847 0.062824
12.773849 0.076705
12.778850 0.081831
12.783852 0.079517
12.788853 0.073017
12.793855 0.065829
12.798856 0.059911
12.803858 0.054987
12.808859 0.049477
12.813861 0.042042
12.818862 0.032278
12.823864 0.020407
12.828865 0.006945
12.833867 -0.007228
12.838868 -0.020746
12.843870 -0.031919
12.848871 -0.039098
12.853873 -0.041194
12.858874 -0.038198
12.863876 -0.031395
12.868877 -0.023011
12.873879 -0.015285
12.878880 -0.009366
12.883882 -0.004798
12.888883 -0.000202
12.893885 0.005084
12.898886 0.009705
12.903888 0.010702
12.908889 0.005612
12.913891 -0.005424
12.918892 -0.019362
12.923894 -0.031794
12.928895 -0.038823
12.933897 -0.038018
12.938898 -0.028498
12.943900 -0.010805
12.948901 0.013164
12.953903 0.040342
12.958904 0.067040
12.963906 0.089848
12.968907 0.106465
12.973909 0.115886
12.978910 0.117922
12.983912 0.112810
12.988914 0.101372
12.993915 0.085049
12.998917 0.065232
13.003918 0.042695
13.008920 0.018202
13.013921 -0.006414
13.018923 -0.028335
13.023924 -0.045203
13.028926 -0.056403
13.033927 -0.063032
13.038929 -0.066938
13.043930 -0.069762
13.048932 -0.072369
13.053933 -0.074548
13.058935 -0.075011
13.063936 -0.071968
13.068938 -0.064328
13.073939 -0.052942
13.078941 -0.040668
13.083942 -0.030789
13.088944 -0.025040
13.093945 -0.022971
13.098947 -0.022902
13.103948 -0.023169
13.108950 -0.022622
13.113951 -0.020525
13.118953 -0.016557
13.123954 -0.010936
13.128956 -0.004205
13.133957 0.003183
13.138959 0.010876
13.143960 0.018295
13.148962 0.024716
13.153963 0.029841
13.158965 0.034170
13.163966 0.038640
13.168968 0.043800
13.173969 0.049256
13.178971 0.053935
13.183972 0.057003
13.188974 0.058478
13.193975 0.058839
13.198977 0.058184
13.203978 0.056210
13.208980 0.053100
13.213981 0.049984
13.218983 0.048058
13.223984 0.047307
13.228986 0.046362
13.233987 0.043621
13.238989 0.038286
13.243990 0.030381
13.248992 0.020255
13.253993 0.008461
13.258995 -0.003992
13.263996 -0.015545
13.268998 -0.024503
13.273999 -0.029878
13.279001 -0.032030
13.284002 -0.032352
13.289004 -0.032054
13.294005 -0.031212
13.299007 -0.029097
13.304008 -0.025310
13.309010 -0.020448
13.314011 -0.015832
13.319013 -0.012837
13.324014 -0.012395
13.329016 -0.014729
13.334017 -0.019356
13.339019 -0.025395
13.344020 -0.031977
13.349022 -0.038313
13.354024 -0.043452
13.359025 -0.046291
13.364027 -0.046027
13.369028 -0.042563
13.374030 -0.036354
13.379031 -0.027873
13.384033 -0.017150
13.389034 -0.003780
13.394036 0.012513
13.399037 0.031120
13.404039 0.050283
13.409040 0.067569
13.414042 0.080437
13.419043 0.086508
13.424045 0.084060
13.429046 0.073052
13.434048 0.055570
13.439049 0.034756
13.444051 0.013148
13.449052 -0.007938
13.454054 -0.027756
13.459055 -0.045198
13.464057 -0.058446
13.469058 -0.065454
13.474060 -0.065066
13.479061 -0.057981
13.484063 -0.046593
13.489064 -0.033792
13.494066 -0.021866
13.499067 -0.012164
13.504069 -0.005066
13.509070 0.000060
13.514072 0.004454
13.519073 0.009014
13.524075 0.013647
13.529076 0.017559
13.534078 0.020103
13.539079 0.021283
13.544081 0.021438
13.549082 0.020465
13.554084 0.017549
13.559085 0.011876
13.564087 0.003717
13.569088 -0.005293
13.574090 -0.013034
13.579091 -0.018104
13.584093 -0.020371
13.589094 -0.020802
13.594096 -0.021041
13.599097 -0.022789
13.604099 -0.026865
13.609100 -0.032423
13.614102 -0.037212
13.619103 -0.038885
13.624105 -0.036307
13.629106 -0.029894
13.634108 -0.020991
13.639109 -0.010921
13.644111 -0.000316
13.649112 0.010877
13.654114 0.022709
13.659115 0.034356
13.664117 0.043914
13.669118 0.049212
13.674120 0.049084
13.679121 0.044024
13.684123 0.035779
13.689124 0.026364
13.694126 0.017283
13.699127 0.009326
13.704129 0.002923
13.709131 -0.001406
13.714132 -0.003225
13.719134 -0.003085
13.724135 -0.003039
13.729137 -0.005711
13.734138 -0.012599
13.739140 -0.023461
13.744141 -0.037311
13.749143 -0.053467
13.754144 -0.071230
13.759146 -0.088748
13.764147 -0.102675
13.769149 -0.109180
13.774150 -0.105604
13.779152 -0.091845
13.784153 -0.070754
13.789155 -0.047244
13.794156 -0.026432
13.799158 -0.011770
13.804159 -0.003949
13.809161 -0.001012
13.814162 0.000241
13.819164 0.002225
13.824165 0.005384
13.829167 0.008730
13.834168 0.011388
13.839170 0.013531
13.844171 0.016044
13.849173 0.019632
13.854174 0.024361
13.859176 0.029713
13.864177 0.034707
13.869179 0.037946
13.874180 0.037941
13.879182 0.033869
13.884183 0.026248
13.889185 0.016893
13.894186 0.008066
13.899188 0.001512
13.904189 -0.001929
13.909191 -0.002152
13.914192 0.000354
13.919194 0.004314
13.924195 0.007543
13.929197 0.007449
13.934198 0.002075
13.939200 -0.008896
13.944201 -0.023797
13.949203 -0.039504
13.954204 -0.052531
13.959206 -0.060061
13.964207 -0.060412
13.969209 -0.052995
13.974210 -0.038111
13.979212 -0.016947
13.984213 0.008303
13.989215 0.034431
13.994216 0.057474
13.999218 0.073406
14.004219 0.079518
14.009221 0.076012
14.014222 0.066394
14.019224 0.055638
14.024225 0.047249
14.029227 0.041693
14.034228 0.037340
14.039230 0.032626
14.044231 0.027450
14.049233 0.023033
14.054234 0.020723
14.059236 0.020840
14.064237 0.022397
14.069239 0.023753
14.074241 0.023451
14.079242 0.020630
14.084244 0.015188
14.089245 0.007855
14.094247 -0.000065
14.099248 -0.007326
14.104250 -0.013063
14.109251 -0.016517
14.114253 -0.016796
14.119254 -0.013291
14.124256 -0.006369
14.129257 0.002503
14.134259 0.011471
14.139260 0.019275
14.144262 0.025789
14.149263 0.031846
14.154265 0.038555
14.159266 0.046453
14.164268 0.054865
14.169269 0.061775
14.174271 0.064316
14.179272 0.059932
14.184274 0.047978
14.189275 0.030807
14.194277 0.013084
14.199278 -0.000584
14.204280 -0.007933
14.209281 -0.009419
14.214283 -0.006817
14.219284 -0.001778
14.224286 0.004394
14.229287 0.010250
14.234289 0.014127
14.239290 0.014677
14.244292 0.011322
14.249293 0.004412
14.254295 -0.004762
14.259296 -0.014058
14.264298 -0.020946
14.269299 -0.023366
14.274301 -0.020706
14.279302 -0.014265
14.284304 -0.006540
14.289305 0.000430
14.294307 0.006261
14.299308 0.011783
14.304310 0.017582
14.309311 0.023132
14.314313 0.027200
14.319314 0.028711
14.324316 0.027189
14.329317 0.022802
14.334319 0.016381
14.339320 0.009394
14.344322 0.003608
14.349323 0.000364
14.354325 -0.000108
14.359326 0.001188
14.364328 0.002651
14.369329 0.002867
14.374331 0.000900
14.379332 -0.003846
14.384334 -0.011510
14.389335 -0.021344
14.394337 -0.031756
14.399338 -0.041111
14.404340 -0.048394
14.409341 -0.052997
14.414343 -0.054229
14.419344 -0.051505
14.424346 -0.045128
14.429347 -0.036763
14.434349 -0.028993
14.439351 -0.024219
14.444352 -0.023717
14.449354 -0.027340
14.454355 -0.033781
14.459357 -0.040997
14.464358 -0.046572
14.469360 -0.048086
14.474361 -0.043683
14.479363 -0.032730
14.484364 -0.016079
14.489366 0.004246
14.494367 0.025593
14.499369 0.045103
14.504370 0.060219
14.509372 0.069391
14.514373 0.072600
14.519375 0.071162
14.524376 0.066921
14.529378 0.061489
14.534379 0.056012
14.539381 0.051324
14.544382 0.047991
14.549384 0.045994
14.554385 0.044436
14.559387 0.041965
14.564388 0.037809
14.569390 0.032308
14.574391 0.026201
14.579393 0.019522
14.584394 0.011479
14.589396 0.001496
14.594397 -0.009750
14.599399 -0.020357
14.604400 -0.028110
14.609402 -0.031382
14.614403 -0.029549
14.619405 -0.023176
14.624406 -0.013986
14.629408 -0.004347
14.634409 0.003513
14.639411 0.008004
14.644412 0.008244
14.649414 0.004063
14.654415 -0.003964
14.659417 -0.014546
14.664418 -0.025803
14.669420 -0.035562
14.674421 -0.041989
14.679423 -0.044270
14.684424 -0.042836
14.689426 -0.038990
14.694427 -0.034297
14.699429 -0.030057
14.704430 -0.026935
14.709432 -0.024766
14.714433 -0.022771
14.719435 -0.020190
14.724436 -0.016832
14.729438 -0.012981
14.734439 -0.008946
14.739441 -0.004938
14.744442 -0.001278
14.749444 0.001657
14.754445 0.003781
14.759447 0.005383
14.764448 0.006837
14.769450 0.008336
14.774451 0.009767
14.779453 0.010566
14.784454 0.009811
14.789456 0.006923
14.794458 0.002556
14.799459 -0.001341
14.804461 -0.002610
14.809462 -0.000219
14.814464 0.005123
14.819465 0.011297
14.824467 0.015853
14.829468 0.017463
14.834470 0.016806
14.839471 0.015876
14.844473 0.016163
14.849474 0.017437
14.854476 0.018164
14.859477 0.016937
14.864479 0.013701
14.869480 0.009872
14.874482 0.007278
14.879483 0.006807
14.884485 0.007975
14.889486 0.009591
14.894488 0.010607
14.899489 0.010421
14.904491 0.008840
14.909492 0.006133
14.914494 0.003019
14.919495 0.000130
14.924497 -0.002713
14.929498 -0.006471
14.934500 -0.012004
14.939501 -0.019205
14.944503 -0.026993
14.949504 -0.034088
14.954506 -0.039874
14.959507 -0.044502
14.964509 -0.048035
14.969510 -0.049569
14.974512 -0.047520
14.979513 -0.040950
14.984515 -0.030454
14.989516 -0.017701
14.994518 -0.004393
14.999519 0.008060
15.004521 0.018185
15.009522 0.024455
15.014524 0.025971
15.019525 0.023048
15.024527 0.017065
15.029528 0.009785
15.034530 0.002616
15.039531 -0.003839
15.044533 -0.009735
15.049534 -0.015443
15.054536 -0.020882
15.059537 -0.025260
15.064539 -0.027441
15.069540 -0.026609
15.074542 -0.022736
15.079543 -0.016548
15.084545 -0.008935
15.089546 -0.000234
15.094548 0.009758
15.099549 0.020826
15.104551 0.031591
15.109552 0.040076
15.114554 0.044987
15.119555 0.046156
15.124557 0.043833
15.129558 0.037931
15.134560 0.028040
15.139561 0.014063
15.144563 -0.003062
15.149564 -0.021102
15.154566 -0.037071
15.159568 -0.048356
15.164569 -0.053571
15.169571 -0.052693
15.174572 -0.046874
15.179574 -0.038295
15.184575 -0.029564
15.189577 -0.022448
15.194578 -0.017015
15.199580 -0.012327
15.204581 -0.007977
15.209583 -0.004628
15.214584 -0.002939
15.219586 -0.002295
15.224587 -0.000929
15.229589 0.002704
15.234590 0.008849
15.239592 0.016499
15.244593 0.024141
15.249595 0.030384
15.254596 0.034252
15.259598 0.035376
15.264599 0.034264
15.269601 0.032400
15.274602 0.031641
15.279604 0.033137
15.284605 0.036839
15.289607 0.042072
15.294608 0.048179
15.299610 0.054233
15.304611 0.058485
15.309613 0.058846
15.314614 0.054306
15.319616 0.045816
15.324617 0.035635
15.329619 0.025650
15.334620 0.016118
15.339622 0.005880
15.344623 -0.006174
15.349625 -0.019723
15.354626 -0.032882
15.359628 -0.043292
15.364629 -0.049361
15.369631 -0.050724
15.374632 -0.047971
15.379634 -0.042240
15.384635 -0.034874
15.389637 -0.026914
15.394638 -0.018662
15.399640 -0.009906
15.404641 -0.000747
15.409643 0.007869
15.414644 0.014515
15.419646 0.018092
15.424647 0.018327
15.429649 0.015733
15.434650 0.011350
15.439652 0.006439
15.444653 0.002150
15.449655 -0.000777
15.454656 -0.002149
15.459658 -0.002233
15.464659 -0.001444
15.469661 -0.000006
15.474662 0.001970
15.479664 0.003948
15.484665 0.004751
15.489667 0.003386
15.494668 0.000266
15.499670 -0.002789
15.504671 -0.004110
15.509673 -0.003821
15.514675 -0.003926
15.519676 -0.006867
15.524678 -0.013926
15.529679 -0.024681
15.534681 -0.037650
15.539682 -0.051218
15.544684 -0.063866
15.549685 -0.073849
15.554687 -0.079282
15.559688 -0.078894
15.564690 -0.072609
15.569691 -0.061314
15.574693 -0.046223
15.579694 -0.028605
15.584696 -0.010004
15.589697 0.007579
15.594699 0.021952
15.599700 0.031348
15.604702 0.035088
15.609703 0.033845
15.614705 0.029143
15.619706 0.022278
15.624708 0.013636
15.629709 0.003158
15.634711 -0.008630
15.639712 -0.020245
15.644714 -0.029799
15.649715 -0.035734
15.654717 -0.037249
15.659718 -0.034485
15.664720 -0.028472
15.669721 -0.020652
15.674723 -0.012188
15.679724 -0.003634
15.684726 0.004822
15.689727 0.012967
15.694729 0.020401
15.699730 0.026388
15.704732 0.029750
15.709733 0.029389
15.714735 0.025360
15.719736 0.019333
15.724738 0.013750
15.729739 0.010410
15.734741 0.009617
15.739742 0.010284
15.744744 0.010886
15.749745 0.010642
15.754747 0.010019
15.759748 0.010174
15.764750 0.012026
15.769751 0.015733
15.774753 0.020601
15.779754 0.025260
15.784756 0.028315
15.789757 0.029293
15.794759 0.028953
15.799760 0.028458
15.804762 0.028301
15.809763 0.028256
15.814765 0.028193
15.819766 0.028467
15.824768 0.029420
15.829769 0.030899
15.834771 0.032469
15.839772 0.033884
15.844774 0.035182
15.849775 0.036389
15.854777 0.037184
15.859778 0.036845
15.864780 0.034711
15.869781 0.030997
15.874783 0.027125
15.879785 0.024839
15.884786 0.024823
15.889788 0.026320
15.894789 0.028005
15.899791 0.028819
15.904792 0.027973
15.909794 0.024689
15.914795 0.018434
15.919797 0.009304
15.924798 -0.001984
15.929800 -0.014373
15.934801 -0.026641
15.939803 -0.037648
15.944804 -0.046855
15.949806 -0.054672
15.954807 -0.062038
15.959809 -0.069425
15.964810 -0.076082
15.969812 -0.080149
15.974813 -0.079742
15.979815 -0.074465
15.984816 -0.066083
15.989818 -0.057516
15.994819 -0.051046
15.999821 -0.047374
16.004822 -0.045887
16.009824 -0.045222
16.014825 -0.043646
16.019827 -0.039620
16.024828 -0.032578
16.029830 -0.023285
16.034831 -0.013381
16.039833 -0.004382
16.044834 0.003171
16.049836 0.009714
16.054837 0.015840
16.059839 0.021664
16.064840 0.027183
16.069842 0.033006
16.074843 0.040119
16.079845 0.048691
16.084846 0.057504
16.089848 0.064973
16.094849 0.070543
16.099851 0.074631
16.104852 0.077260
16.109854 0.077226
16.114855 0.072998
16.119857 0.064419
16.124858 0.053272
16.129860 0.041975
16.134861 0.031724
16.139863 0.022113
16.144864 0.012538
16.149866 0.003553
16.154867 -0.003607
16.159869 -0.008685
16.164870 -0.013099
16.169872 -0.018781
16.174873 -0.026442
16.179875 -0.035006
16.184876 -0.042511
16.189878 -0.047279
16.194879 -0.048344
16.199881 -0.045353
16.204882 -0.038652
16.209884 -0.029503
16.214885 -0.019762
16.219887 -0.011000
16.224888 -0.003898
16.229890 0.001463
16.234892 0.004782
16.239893 0.005025
16.244895 0.000883
16.249896 -0.008096
16.254898 -0.020816
16.259899 -0.035058
16.264901 -0.048323
16.269902 -0.058145
16.274904 -0.062255
16.279905 -0.059495
16.284907 -0.050948
16.289908 -0.039707
16.294910 -0.029018
16.299911 -0.020515
16.304913 -0.014147
16.309914 -0.009456
16.314916 -0.006609
16.319917 -0.006224
16.324919 -0.008376
16.329920 -0.011858
16.334922 -0.014522
16.339923 -0.014471
16.344925 -0.011145
16.349926 -0.005490
16.354928 0.000626
16.359929 0.005114
16.364931 0.006335
16.369932 0.003895
16.374934 -0.000892
16.379935 -0.005598
16.384937 -0.008064
16.389938 -0.007311
16.394940 -0.003357
16.399941 0.003226
16.404943 0.011200
16.409944 0.018425
16.414946 0.022369
16.419947 0.021307
16.424949 0.015353
16.429950 0.006617
16.434952 -0.001788
16.439953 -0.007385
16.444955 -0.009414
16.449956 -0.008449
16.454958 -0.005217
16.459959 -0.000075
16.464961 0.006537
16.469962 0.013586
16.474964 0.019472
16.479965 0.022385
16.484967 0.020785
16.489968 0.014110
16.494970 0.003362
16.499971 -0.009096
16.504973 -0.020631
16.509974 -0.029542
16.514976 -0.035536
16.519977 -0.039122
16.524979 -0.040381
16.529980 -0.038291
16.534982 -0.031505
16.539983 -0.020041
16.544985 -0.006231
16.549986 0.006118
16.554988 0.013686
16.559989 0.015128
16.564991 0.011319
16.569992 0.004813
16.574994 -0.001081
16.579995 -0.003852
16.584997 -0.003418
16.589998 -0.001847
16.595000 -0.000915
0.000000 0.000000
0.005001 -0.000399
0.010002 -0.000399
0.015002 -0.000399
0.020003 0.000152
0.025004 -0.000399
0.030005 0.000152
0.035005 0.000152
0.040006 0.000152
0.045007 0.000152
0.050008 0.000152
0.055008 0.000152
0.060009 0.000152
0.065010 0.000152
0.070011 0.000152
0.075012 0.000152
0.080012 0.000152
0.085013 0.000152
0.090014 0.000151
0.095015 0.000151
0.100015 0.000151
0.105016 -0.000400
0.110017 -0.000400
0.115018 -0.000400
0.120018 -0.000400
0.125019 -0.000400
0.130020 -0.000400
0.135021 -0.000400
0.140022 0.000151
0.145022 0.000151
0.150023 0.000151
0.155024 0.000151
0.160025 0.000151
0.165025 0.000151
0.170026 0.000151
0.175027 0.000151
0.180028 0.000151
0.185028 0.000151
0.190029 0.000151
0.195030 0.000151
0.200031 0.000151
0.205032 0.000151
0.210032 -0.000400
0.215033 -0.000400
0.220034 0.000151
0.225035 0.000151
0.230035 -0.000400
0.235036 -0.000400
0.240037 -0.000400
0.245038 0.000151
0.250039 -0.000400
0.255039 0.000151
0.260040 -0.000400
0.265041 0.000504
0.270042 -0.000400
0.275042 0.000151
0.280043 0.000151
0.285044 0.000151
0.290045 0.000151
0.295045 0.000151
0.300046 0.000151
0.305047 0.000151
0.310048 0.000151
0.315049 0.000151
0.320049 0.000151
0.325050 0.000151
0.330051 0.000151
0.335052 0.000151
0.340052 0.000151
0.345053 -0.000400
0.350054 -0.000400
0.355055 -0.000400
0.360055 0.000151
0.365056 -0.000400
0.370057 0.000151
0.375058 -0.000400
0.380059 0.000151
0.385059 -0.000400
0.390060 -0.000400
0.395061 0.000151
0.400062 0.000151
0.405062 0.000151
0.410063 0.000151
0.415064 0.000151
0.420065 0.000151
0.425065 0.000151
0.430066 0.000151
0.435067 0.000151
0.440068 0.000151
0.445069 -0.000400
0.450069 -0.000400
0.455070 -0.000400
0.460071 -0.000400
0.465072 -0.000401
0.470072 -0.000401
0.475073 -0.000401
0.480074 -0.000401
0.485075 -0.000401
0.490075 -0.000401
0.495076 0.000151
0.500077 0.000150
0.505078 0.000150
0.510079 0.000150
0.515079 0.000150
0.520080 0.000150
0.525081 0.000150
0.530082 0.000150
0.535082 0.000150
0.540083 0.000150
0.545084 0.000150
0.550085 0.000150
0.555085 0.000150
0.560086 -0.000401
0.565087 -0.000401
0.570088 -0.000401
0.575089 -0.000401
0.580089 -0.000401
0.585090 -0.000401
0.590091 -0.000401
0.595092 0.000150
0.600092 0.000150
0.605093 -0.000401
0.610094 -0.000401
0.615095 -0.000401
0.620096 0.000150
0.625096 0.000150
0.630097 0.000150
0.635098 0.000150
0.640099 0.000150
0.645099 0.000150
0.650100 0.000150
0.655101 0.000150
0.660102 0.000150
0.665102 0.000150
0.670103 0.000150
0.675104 0.000150
0.680105 -0.000401
0.685106 -0.000401
0.690106 -0.000401
0.695107 -0.000401
0.700108 -0.000401
0.705109 -0.000401
0.710109 -0.000401
0.715110 0.000150
0.720111 0.000150
0.725112 -0.000401
0.730112 0.000150
0.735113 0.000150
0.740114 0.000150
0.745115 0.000150
0.750116 0.000150
0.755116 0.000150
0.760117 0.000150
0.765118 0.000150
0.770119 0.000150
0.775119 0.000150
0.780120 0.000150
0.785121 -0.000401
0.790122 -0.000401
0.795122 -0.000401
0.800123 -0.000401
0.805124 -0.000401
0.810125 -0.000401
0.815126 -0.000401
0.820126 -0.000401
0.825127 0.000150
0.830128 0.000150
0.835129 0.000150
0.840129 0.000150
0.845130 0.000150
0.850131 0.000150
0.855132 0.000150
0.860132 0.000150
0.865133 0.000150
0.870134 0.000150
0.875135 0.000150
0.880136 0.000150
0.885136 0.000150
0.890137 0.000150
0.895138 -0.000402
0.900139 0.000150
0.905139 0.000149
0.910140 0.000149
0.915141 -0.000402
0.920142 -0.000402
0.925142 -0.000402
0.930143 -0.000402
0.935144 0.000149
0.940145 0.000149
0.945146 0.000149
0.950146 0.000149
0.955147 0.000149
0.960148 0.000149
0.965149 0.000149
0.970149 0.000149
0.975150 0.000149
0.980151 0.000149
0.985152 0.000149
0.990152 0.000149
0.995153 0.000149
1.000154 0.000149
1.005155 0.000149
1.010156 0.000149
1.015156 0.000149
1.020157 0.000149
1.025158 0.000149
1.030159 -0.000402
1.035159 0.000149
1.040160 0.000149
1.045161 0.000149
1.050162 0.000149
1.055163 0.000149
1.060163 0.000149
1.065164 0.000149
1.070165 0.000149
1.075166 0.000149
1.080166 0.000149
1.085167 0.000149
1.090168 0.000149
1.095169 0.000149
1.100169 0.000149
1.105170 0.000149
1.110171 0.000149
1.115172 0.000149
1.120173 0.000149
1.125173 0.000149
1.130174 0.000149
1.135175 0.000149
1.140176 -0.000402
1.145176 -0.000402
1.150177 -0.000402
1.155178 -0.000402
1.160179 0.000149
1.165179 0.000149
1.170180 0.000149
1.175181 -0.000050
1.180182 0.000149
1.185183 0.000149
1.190183 0.000149
1.195184 0.000149
1.200185 0.000149
1.205186 0.000149
1.210186 0.000149
1.215187 0.000149
1.220188 0.000149
1.225189 0.000149
1.230189 0.000149
1.235190 0.000149
1.240191 -0.000402
1.245192 -0.000402
1.250193 -0.000402
1.255193 -0.000402
1.260194 -0.000402
1.265195 -0.000402
1.270196 -0.000402
1.275196 -0.000403
1.280197 0.000149
1.285198 0.000149
1.290199 -0.000403
1.295199 0.000149
1.300200 0.000149
1.305201 0.000149
1.310202 0.000148
1.315203 0.000148
1.320203 0.000148
1.325204 0.000148
1.330205 0.000148
1.335206 0.000501
1.340206 0.000148
1.345207 0.000148
1.350208 0.000148
1.355209 0.000148
1.360209 0.000148
1.365210 -0.000403
1.370211 -0.000403
1.375212 -0.000403
1.380213 -0.000403
1.385213 0.000148
1.390214 -0.000403
1.395215 0.000148
1.400216 0.000148
1.405216 0.000148
1.410217 0.000148
1.415218 0.000148
1.420219 0.000148
1.425220 0.000148
1.430220 0.000148
1.435221 0.000148
1.440222 0.000148
1.445223 0.000148
1.450223 -0.000403
1.455224 0.000148
1.460225 0.000148
1.465226 0.000148
1.470226 -0.000403
1.475227 -0.000051
1.480228 0.000148
1.485229 -0.000403
1.490230 -0.000403
1.495230 -0.000403
1.500231 -0.000403
1.505232 -0.000403
1.510233 0.000148
1.515233 0.000148
1.520234 0.000148
1.525235 0.000148
1.530236 0.000148
1.535236 0.000148
1.540237 0.000148
1.545238 0.000148
1.550239 0.000148
1.555240 0.000148
1.560240 0.000148
1.565241 0.000148
1.570242 0.000148
1.575243 0.000148
1.580243 0.000148
1.585244 -0.000403
1.590245 -0.000403
1.595246 -0.000403
1.600246 -0.000403
1.605247 -0.000403
1.610248 -0.000403
1.615249 -0.000403
1.620250 0.000148
1.625250 0.000148
1.630251 -0.000403
1.635252 0.000148
1.640253 0.000500
1.645253 0.000148
1.650254 0.000148
1.655255 0.000148
1.660256 0.000148
1.665256 0.000500
1.670257 0.000500
1.675258 0.000148
1.680259 0.000148
1.685260 -0.000404
1.690260 -0.000051
1.695261 -0.000404
1.700262 -0.000404
1.705263 -0.000404
1.710263 -0.000404
1.715264 -0.000404
1.720265 -0.000404
1.725266 -0.000404
1.730266 -0.000404
1.735267 0.000147
1.740268 -0.000404
1.745269 0.000147
1.750270 0.000147
1.755270 0.000147
1.760271 0.000147
1.765272 0.000147
1.770273 0.000147
1.775273 0.000147
1.780274 0.000147
1.785275 0.000147
1.790276 0.000147
1.795276 -0.000404
1.800277 -0.000404
1.805278 0.000147
1.810279 -0.000404
1.815280 -0.000404
1.820280 -0.000404
1.825281 -0.000404
1.830282 0.000147
1.835283 -0.000404
1.840283 -0.000404
1.845284 0.000147
1.850285 0.000147
1.855286 -0.000404
1.860287 0.000147
1.865287 0.000147
1.870288 0.000147
1.875289 0.000147
1.880290 0.000147
1.885290 0.000147
1.890291 0.000147
1.895292 0.000147
1.900293 0.000147
1.905293 0.000147
1.910294 -0.000404
1.915295 0.000147
1.920296 0.000147
1.925297 0.000147
1.930297 -0.000404
1.935298 -0.000404
1.940299 -0.000404
1.945300 -0.000404
1.950300 -0.000404
1.955301 0.000147
1.960302 0.000147
1.965303 0.000147
1.970303 0.000147
1.975304 0.000147
1.980305 0.000147
1.985306 0.000147
1.990307 0.000147
1.995307 0.000147
2.000308 0.000147
2.005309 0.000147
2.010310 0.000147
2.015310 0.000147
2.020311 0.000147
2.025312 0.000147
2.030313 -0.000404
2.035313 -0.000404
2.040314 -0.000404
2.045315 -0.000404
2.050316 0.000147
2.055317 -0.000404
2.060317 -0.000404
2.065318 -0.000404
2.070319 -0.000404
2.075320 0.000147
2.080320 -0.000404
2.085321 0.000147
2.090322 0.000147
2.095323 0.000147
2.100323 0.000147
2.105324 0.000147
2.110325 0.000147
2.115326 0.000147
2.120327 0.000147
2.125327 0.000146
2.130328 0.000146
2.135329 0.000146
2.140330 0.000146
2.145330 -0.000405
2.150331 -0.000405
2.155332 -0.000405
2.160333 -0.000405
2.165333 -0.000405
2.170334 -0.000405
2.175335 0.000146
2.180336 0.000146
2.185337 0.000146
2.190337 0.000146
2.195338 -0.000405
2.200339 0.000146
2.205340 0.000146
2.210340 0.000146
2.215341 0.000146
2.220342 0.000146
2.225343 0.000146
2.230343 0.000146
2.235344 0.000146
2.240345 0.000146
2.245346 0.000146
2.250347 -0.000405
2.255347 0.000146
2.260348 -0.000405
2.265349 -0.000053
2.270350 -0.000405
2.275350 -0.000405
2.280351 -0.000405
2.285352 -0.000405
2.290353 -0.000053
2.295354 0.000146
2.300354 0.000146
2.305355 0.000146
2.310356 0.000146
2.315357 0.000146
2.320357 0.000146
2.325358 0.000146
2.330359 0.000146
2.335360 0.000146
2.340360 0.000146
2.345361 0.000146
2.350362 0.000146
2.355363 0.000146
2.360364 0.000146
2.365364 0.000146
2.370365 0.000146
2.375366 0.000146
2.380367 0.000498
2.385367 -0.000405
2.390368 -0.000405
2.395369 -0.000405
2.400370 -0.000405
2.405370 -0.000405
2.410371 -0.000053
2.415372 0.000146
2.420373 -0.000405
2.425374 0.000146
2.430374 0.000146
2.435375 0.000498
2.440376 0.000498
2.445377 0.000146
2.450377 0.000146
2.455378 0.000146
2.460379 0.000146
2.465380 0.000146
2.470380 0.000146
2.475381 0.000146
2.480382 0.000146
2.485383 -0.000405
2.490384 0.000146
2.495384 -0.000406
2.500385 -0.000406
2.505386 -0.000406
2.510387 -0.000406
2.515387 -0.000406
2.520388 -0.000406
2.525389 0.000146
2.530390 0.000145
2.535390 -0.000406
2.540391 0.000145
2.545392 0.000145
2.550393 -0.000406
2.555394 0.000498
2.560394 0.000145
2.565395 0.000145
2.570396 0.000145
2.575397 0.000145
2.580397 0.000145
2.585398 0.000145
2.590399 -0.000406
2.595400 -0.000053
2.600400 0.000145
2.605401 -0.000406
2.610402 -0.000406
2.615403 0.000145
2.620404 -0.000406
2.625404 -0.000406
2.630405 0.000145
2.635406 -0.000406
2.640407 0.000145
2.645407 -0.000406
2.650408 -0.000406
2.655409 0.000145
2.660410 0.000145
2.665411 0.000145
2.670411 0.000145
2.675412 0.000145
2.680413 0.000145
2.685414 0.000145
2.690414 0.000145
2.695415 0.000498
2.700416 0.000498
2.705417 -0.000406
2.710417 -0.000406
2.715418 -0.000406
2.720419 -0.000406
2.725420 -0.000406
2.730421 -0.000406
2.735421 -0.000054
2.740422 -0.000054
2.745423 -0.000406
2.750424 -0.000406
2.755424 0.000145
2.760425 0.000145
2.765426 0.000145
2.770427 0.000145
2.775427 0.000145
2.780428 0.000145
2.785429 0.000145
2.790430 0.000145
2.795431 0.000145
2.800431 0.000145
2.805432 0.000145
2.810433 0.000145
2.815434 0.000145
2.820434 0.000145
2.825435 -0.000406
2.830436 0.000145
2.835437 0.000145
2.840437 -0.000406
2.845438 0.000145
2.850439 0.000145
2.855440 -0.000406
2.860441 -0.000406
2.865441 -0.000054
2.870442 0.000145
2.875443 -0.000406
2.880444 0.000145
2.885444 0.000145
2.890445 0.000145
2.895446 0.000145
2.900447 0.000145
2.905447 0.000145
2.910448 0.000145
2.915449 0.000145
2.920450 0.000145
2.925451 0.000145
2.930451 0.000145
2.935452 0.000145
2.940453 -0.000407
2.945454 -0.000407
2.950454 -0.000407
2.955455 -0.000407
2.960456 0.000144
2.965457 -0.000407
2.970457 0.000144
2.975458 0.000144
2.980459 0.000144
2.985460 0.000144
2.990461 0.000144
2.995461 0.000144
3.000462 0.000144
3.005463 0.000144
3.010464 0.000144
3.015464 0.000144
3.020465 0.000144
3.025466 0.000144
3.030467 0.000144
3.035467 0.000144
3.040468 0.000144
3.045469 0.000144
3.050470 -0.000407
3.055471 -0.000407
3.060471 -0.000407
3.065472 -0.000407
3.070473 -0.000407
3.075474 -0.000407
3.080474 -0.000407
3.085475 0.000144
3.090476 -0.000407
3.095477 0.000144
3.100478 0.000144
3.105478 0.000144
3.110479 0.000144
3.115480 0.000144
3.120481 0.000144
3.125481 0.000144
3.130482 0.000144
3.135483 0.000144
3.140484 0.000144
3.145484 0.000144
3.150485 0.000144
3.155486 -0.000407
3.160487 -0.000407
3.165488 -0.000407
3.170488 -0.000407
3.175489 -0.000407
3.180490 -0.000407
3.185491 -0.000407
3.190491 -0.000407
3.195492 -0.000407
3.200493 0.000144
3.205494 -0.000407
3.210494 0.000144
3.215495 0.000144
3.220496 0.000144
3.225497 0.000144
3.230498 0.000144
3.235498 0.000144
3.240499 0.000144
3.245500 0.000144
3.250501 0.000144
3.255501 0.000144
3.260502 0.000144
3.265503 0.000144
3.270504 0.000144
3.275504 0.000144
3.280505 0.000144
3.285506 0.000144
3.290507 -0.000407
3.295508 -0.000407
3.300508 0.000144
3.305509 -0.000407
3.310510 -0.000408
3.315511 0.000144
3.320511 0.000144
3.325512 -0.000408
3.330513 0.000144
3.335514 0.000144
3.340514 0.000144
3.345515 0.000143
3.350516 0.000143
3.355517 0.000143
3.360518 0.000143
3.365518 0.000143
3.370519 -0.000408
3.375520 0.000143
3.380521 0.000143
3.385521 0.000143
3.390522 -0.000408
3.395523 -0.000408
3.400524 0.000143
3.405524 0.000143
3.410525 -0.000408
3.415526 -0.000408
3.420527 -0.000408
3.425528 0.000143
3.430528 0.000143
3.435529 0.000143
3.440530 0.000143
3.445531 0.000143
3.450531 0.000143
3.455532 0.000143
3.460533 0.000143
3.465534 0.000143
3.470535 0.000143
3.475535 0.000143
3.480536 0.000143
3.485537 0.000143
3.490538 0.000143
3.495538 -0.000408
3.500539 -0.000408
3.505540 -0.000408
3.510541 -0.000408
3.515541 -0.000408
3.520542 -0.000408
3.525543 -0.000408
3.530544 -0.000056
3.535545 0.000495
3.540545 0.000495
3.545546 0.000143
3.550547 -0.000408
3.555548 -0.000408
3.560548 0.000143
3.565549 0.000143
3.570550 0.000143
3.575551 0.000143
3.580551 0.000143
3.585552 0.000143
3.590553 0.000143
3.595554 0.000143
3.600555 0.000143
3.605555 0.000143
3.610556 0.000143
3.615557 0.000143
3.620558 0.000143
3.625558 -0.000408
3.630559 -0.000408
3.635560 -0.000408
3.640561 0.000143
3.645561 -0.000408
3.650562 -0.000408
3.655563 0.000143
3.660564 0.000143
3.665565 0.000143
3.670565 0.000143
3.675566 0.000143
3.680567 0.000143
3.685568 0.000143
3.690568 0.000143
3.695569 0.000143
3.700570 0.000143
3.705571 0.000143
3.710571 0.000143
3.715572 0.000143
3.720573 0.000143
3.725574 0.000143
3.730575 -0.000409
3.735575 -0.000409
3.740576 -0.000409
3.745577 -0.000409
3.750578 -0.000409
3.755578 0.000142
3.760579 -0.000409
3.765580 -0.000409
3.770581 0.000142
3.775581 0.000142
3.780582 0.000142
3.785583 0.000142
3.790584 0.000142
3.795585 0.000142
3.800585 0.000142
3.805586 0.000142
3.810587 0.000142
3.815588 0.000142
3.820588 0.000142
3.825589 0.000142
3.830590 0.000142
3.835591 -0.000409
3.840591 -0.000409
3.845592 -0.000409
3.850593 -0.000409
3.855594 -0.000409
3.860595 -0.000409
3.865595 -0.000409
3.870596 -0.000409
3.875597 -0.000409
3.880598 0.000142
3.885598 0.000142
3.890599 0.000142
3.895600 0.000142
3.900601 0.000142
3.905602 0.000142
3.910602 0.000142
3.915603 0.000142
3.920604 0.000142
3.925605 0.000142
3.930605 0.000142
3.935606 0.000142
3.940607 0.000142
3.945608 0.000142
3.950608 0.000142
3.955609 0.000494
3.960610 0.000142
3.965611 0.000142
3.970612 0.000142
3.975612 -0.000409
3.980613 -0.000409
3.985614 -0.000409
3.990615 0.000142
3.995615 0.000142
4.000616 0.000142
4.005617 0.000142
4.010618 0.000142
4.015618 0.000142
4.020619 0.000142
4.025620 0.000142
4.030621 0.000142
4.035622 0.000142
4.040622 0.000142
4.045623 0.000142
4.050624 0.000142
4.055625 0.000142
4.060625 0.000142
4.065626 0.000142
4.070627 -0.000409
4.075628 -0.000409
4.080628 -0.000409
4.085629 -0.000409
4.090630 -0.000409
4.095631 -0.000409
4.100632 0.000142
4.105632 0.000142
4.110633 0.000142
4.115634 -0.000409
4.120635 0.000142
4.125635 0.000142
4.130636 0.000142
4.135637 0.000142
4.140638 0.000142
4.145638 0.000142
4.150639 0.000142
4.155640 0.000142
4.160641 0.000141
4.165642 0.000141
4.170642 0.000141
4.175643 0.000141
4.180644 0.000141
4.185645 -0.000410
4.190645 0.000141
4.195646 -0.000410
4.200647 0.000141
4.205648 0.000141
4.210648 -0.000410
4.215649 -0.000410
4.220650 -0.000410
4.225651 0.000141
4.230652 -0.000410
4.235652 0.000141
4.240653 0.000141
4.245654 0.000141
4.250655 0.000141
4.255655 0.000141
4.260656 0.000141
4.265657 0.000141
4.270658 0.000141
4.275659 0.000141
4.280659 0.000141
4.285660 0.000141
4.290661 0.000141
4.295662 0.000494
4.300662 0.000494
4.305663 -0.000410
4.310664 -0.000058
4.315665 -0.000058
4.320665 0.000141
4.325666 0.000141
4.330667 -0.000410
4.335668 -0.000410
4.340669 0.000141
4.345669 0.000141
4.350670 0.000141
4.355671 0.000141
4.360672 0.000141
4.365672 0.000141
4.370673 0.000141
4.375674 0.000141
4.380675 0.000141
4.385675 0.000141
4.390676 0.000141
4.395677 0.000141
4.400678 0.000141
4.405679 0.000141
4.410679 -0.000410
4.415680 -0.000410
4.420681 -0.000410
4.425682 -0.000410
4.430682 -0.000410
4.435683 -0.000410
4.440684 0.000141
4.445685 -0.000410
4.450685 0.000141
4.455686 -0.000058
4.460687 0.000141
4.465688 0.000141
4.470689 0.000141
4.475689 0.000493
4.480690 0.000141
4.485691 0.000141
4.490692 0.000141
4.495692 0.000141
4.500693 0.000141
4.505694 0.000141
4.510695 0.000141
4.515695 0.000141
4.520696 0.000141
4.525697 0.000141
4.530698 -0.000411
4.535699 -0.000411
4.540699 -0.000411
4.545700 -0.000411
4.550701 -0.000411
4.555702 -0.000411
4.560702 -0.000411
4.565703 0.000140
4.570704 0.000140
4.575705 0.000140
4.580705 0.000140
4.585706 0.000140
4.590707 0.000140
4.595708 0.000140
4.600709 0.000140
4.605709 0.000140
4.610710 0.000140
4.615711 0.000140
4.620712 0.000140
4.625712 -0.000411
4.630713 0.000140
4.635714 -0.000411
4.640715 -0.000411
4.645715 -0.000411
4.650716 -0.000411
4.655717 0.000140
4.660718 -0.000411
4.665719 -0.000411
4.670719 -0.000411
4.675720 0.000140
4.680721 0.000140
4.685722 -0.000411
4.690722 -0.000411
4.695723 0.000140
4.700724 0.000140
4.705725 0.000140
4.710726 0.000140
4.715726 0.000140
4.720727 0.000140
4.725728 0.000140
4.730729 0.000140
4.735729 0.000140
4.740730 0.000140
4.745731 -0.000411
4.750732 -0.000411
4.755732 -0.000411
4.760733 -0.000411
4.765734 -0.000411
4.770735 -0.000411
4.775736 -0.000411
4.780736 0.000140
4.785737 -0.000411
4.790738 0.000140
4.795739 -0.000411
4.800739 0.000140
4.805740 0.000140
4.810741 0.000140
4.815742 0.000140
4.820742 0.000140
4.825743 0.000140
4.830744 0.000140
4.835745 0.000140
4.840746 0.000140
4.845746 0.000140
4.850747 0.000140
4.855748 0.000140
4.860749 0.000140
4.865749 -0.000411
4.870750 -0.000411
4.875751 -0.000411
4.880752 0.000140
4.885752 -0.000411
4.890753 -0.000411
4.895754 -0.000411
4.900755 -0.000411
4.905756 0.000492
4.910756 -0.000411
4.915757 0.000140
4.920758 0.000140
4.925759 0.000140
4.930759 0.000691
4.935760 0.000691
4.940761 0.000691
4.945762 -0.000412
4.950762 -0.000412
4.955763 -0.000764
4.960764 -0.000963
4.965765 -0.000963
4.970766 0.001594
4.975766 0.001287
4.980767 0.000338
4.985768 -0.000303
4.990769 0.000953
4.995769 0.002850
5.000770 0.000825
5.005771 -0.002988
5.010772 -0.003718
5.015772 -0.000085
5.020773 0.004413
5.025774 0.004529
5.030775 0.000806
5.035776 0.000030
5.040776 0.002978
5.045777 0.005842
5.050778 0.003292
5.055779 -0.000008
5.060779 -0.006269
5.065780 -0.009979
5.070781 -0.007031
5.075782 -0.003148
5.080783 -0.002347
5.085783 -0.002917
5.090784 -0.003033
5.095785 0.001081
5.100786 0.008085
5.105786 0.012718
5.110787 0.017313
5.115788 0.013615
5.120789 0.003407
5.125789 -0.000547
5.130790 0.000376
5.135791 -0.002616
5.140792 -0.009133
5.145793 -0.018188
5.150793 -0.016823
5.155794 -0.006339
5.160795 -0.000771
5.165796 0.003830
5.170796 0.013089
5.175797 0.016383
5.180798 0.002286
5.185799 -0.014977
5.190799 -0.019200
5.195800 -0.006487
5.200801 -0.002245
5.205802 -0.014240
5.210803 -0.018534
5.215803 -0.000713
5.220804 0.019837
5.225805 0.025232
5.230806 0.018824
5.235806 0.016165
5.240807 0.016543
5.245808 0.007066
5.250809 -0.002130
5.255809 0.000068
5.260810 -0.000509
5.265811 -0.013818
5.270812 -0.033317
5.275813 -0.039879
5.280813 -0.021981
5.285814 0.003535
5.290815 0.015409
5.295816 0.018536
5.300816 0.019241
5.305817 0.018408
5.310818 0.012641
5.315819 0.001228
5.320819 -0.010082
5.325820 -0.016945
5.330821 -0.017721
5.335822 -0.012844
5.340823 -0.003514
5.345823 0.006207
5.350824 0.014005
5.355825 0.015479
5.360826 0.009084
5.365826 0.006655
5.370827 0.016639
5.375828 0.025130
5.380829 0.016607
5.385829 -0.004219
5.390830 -0.011255
5.395831 -0.009102
5.400832 -0.014190
5.405833 -0.022443
5.410833 -0.023295
5.415834 -0.015567
5.420835 -0.006372
5.425836 -0.001573
5.430836 0.005008
5.435837 0.006809
5.440838 -0.004430
5.445839 -0.016087
5.450839 -0.016747
5.455840 -0.010224
5.460841 -0.003329
5.465842 -0.004520
5.470843 -0.007666
5.475843 0.003515
5.480844 0.019234
5.485845 0.027122
5.490846 0.029801
5.495846 0.019478
5.500847 0.004912
5.505848 -0.001662
5.510849 0.002586
5.515850 0.012922
5.520850 0.011576
5.525851 -0.004008
5.530852 -0.016151
5.535853 -0.023751
5.540853 -0.028640
5.545854 -0.019143
5.550855 0.002381
5.555856 0.016965
5.560856 0.010820
5.565857 -0.006648
5.570858 -0.012767
5.575859 0.000324
5.580860 0.011954
5.585860 0.013249
5.590861 0.009833
5.595862 0.003336
5.600863 -0.001823
5.605863 0.003617
5.610864 0.011025
5.615865 0.015793
5.620866 0.007001
5.625866 0.000888
5.630867 0.006539
5.635868 0.021322
5.640869 0.023668
5.645870 0.016036
5.650870 -0.008352
5.655871 -0.029979
5.660872 -0.028275
5.665873 -0.009551
5.670873 0.000214
5.675874 -0.000195
5.680875 -0.002502
5.685876 0.001266
5.690876 0.001964
5.695877 0.001387
5.700878 0.009173
5.705879 0.021412
5.710880 0.014581
5.715880 0.002739
5.720881 -0.004893
5.725882 -0.011832
5.730883 -0.022091
5.735883 -0.026071
5.740884 -0.017215
5.745885 0.000138
5.750886 0.009737
5.755886 0.016125
5.760887 0.016458
5.765888 0.014722
5.770889 0.008622
5.775890 -0.005681
5.780890 -0.016991
5.785891 -0.017920
5.790892 -0.006681
5.795893 0.000330
5.800893 -0.001823
5.805894 -0.005822
5.810895 0.001548
5.815896 0.012800
5.820896 0.018996
5.825897 0.025596
5.830898 0.037765
5.835899 0.040886
5.840900 0.029967
5.845900 0.007513
5.850901 -0.008674
5.855902 -0.021541
5.860903 -0.031134
5.865903 -0.037048
5.870904 -0.035574
5.875905 -0.032684
5.880906 -0.028705
5.885907 -0.013153
5.890907 0.009307
5.895908 0.021963
5.900909 0.017067
5.905910 0.005578
5.910910 0.000111
5.915911 -0.007309
5.920912 -0.021631
5.925913 -0.023335
5.930913 -0.005451
5.935914 0.011626
5.940915 0.015779
5.945916 0.017048
5.950917 0.024763
5.955917 0.032113
5.960918 0.028973
5.965919 0.022872
5.970920 0.020175
5.975920 0.013966
5.980921 0.005231
5.985922 -0.005842
5.990923 -0.022458
5.995923 -0.036068
6.000924 -0.038330
6.005925 -0.022707
6.010926 -0.004054
6.015927 0.007179
6.020927 0.012895
6.025928 0.014382
6.030929 0.004001
6.035930 -0.011218
6.040930 -0.018216
6.045931 -0.021984
6.050932 -0.029378
6.055933 -0.034441
6.060933 -0.027148
6.065934 -0.008091
6.070935 0.008678
6.075936 0.015580
6.080937 0.018489
6.085937 0.018572
6.090938 0.016784
6.095939 0.009319
6.100940 0.003841
6.105940 0.002764
6.110941 0.005186
6.115942 0.002693
6.120943 -0.006912
6.125943 -0.016428
6.130944 -0.017684
6.135945 -0.010129
6.140946 0.003443
6.145947 0.017592
6.150947 0.023500
6.155948 0.015016
6.160949 0.004129
6.165950 -0.000985
6.170950 -0.004733
6.175951 -0.014698
6.180952 -0.021311
6.185953 -0.019703
6.190953 -0.011878
6.195954 0.003706
6.200955 0.020085
6.205956 0.030555
6.210957 0.027402
6.215957 0.020456
6.220958 0.016047
6.225959 0.017175
6.230960 0.014644
6.235960 0.005827
6.240961 -0.001914
6.245962 -0.004715
6.250963 -0.008438
6.255963 -0.012340
6.260964 -0.012347
6.265965 -0.006490
6.270966 0.002283
6.275967 0.009915
6.280967 0.009832
6.285968 0.000950
6.290969 -0.009277
6.295970 -0.010642
6.300970 -0.006054
6.305971 -0.003119
6.310972 -0.002722
6.315973 -0.003119
6.320974 -0.000671
6.325974 0.005923
6.330975 0.013529
6.335976 0.015048
6.340977 0.010812
6.345977 0.004353
6.350978 -0.001620
6.355979 -0.007220
6.360980 -0.012603
6.365980 -0.016794
6.370981 -0.017915
6.375982 -0.014846
6.380983 -0.006599
6.385984 0.007704
6.390984 0.022397
6.395985 0.029728
6.400986 0.028049
6.405987 0.024614
6.410987 0.022814
6.415988 0.016822
6.420989 0.007608
6.425990 0.000969
6.430990 0.001142
6.435991 0.001276
6.440992 -0.004491
6.445993 -0.012462
6.450994 -0.018434
6.455994 -0.018351
6.460995 -0.014519
6.465996 -0.011033
6.470997 -0.014532
6.475997 -0.024624
6.480998 -0.035537
6.485999 -0.043938
6.491000 -0.048898
6.496000 -0.054319
6.501001 -0.054364
6.506002 -0.044118
6.511003 -0.026707
6.516004 -0.007048
6.521004 0.010606
6.526005 0.024665
6.531006 0.030016
6.536007 0.028337
6.541007 0.026376
6.546008 0.026203
6.551009 0.024486
6.556010 0.019084
6.561010 0.010331
6.566011 0.001206
6.571012 -0.006792
6.576013 -0.013642
6.581014 -0.018070
6.586014 -0.017563
6.591015 -0.013091
6.596016 -0.006125
6.601017 0.000821
6.606017 0.007261
6.611018 0.009754
6.616019 0.007152
6.621020 0.001904
6.626020 -0.002793
6.631021 -0.004184
6.636022 -0.002268
6.641023 0.001590
6.646024 0.006486
6.651024 0.011138
6.656025 0.014861
6.661026 0.016687
6.666027 0.015937
6.671027 0.015367
6.676028 0.017155
6.681029 0.024428
6.686030 0.035424
6.691030 0.043203
6.696031 0.044549
6.701032 0.041576
6.706033 0.035757
6.711034 0.030355
6.716034 0.023652
6.721035 0.012874
6.726036 -0.000570
6.731037 -0.011502
6.736037 -0.017961
6.741038 -0.022658
6.746039 -0.026804
6.751040 -0.031104
6.756041 -0.030995
6.761041 -0.026984
6.766042 -0.020281
6.771043 -0.010380
6.776044 0.003973
6.781044 0.020224
6.786045 0.035571
6.791046 0.047875
6.796047 0.056032
6.801047 0.058743
6.806048 0.054795
6.811049 0.047298
6.816050 0.039756
6.821051 0.030009
6.826051 0.018212
6.831052 0.006921
6.836053 -0.002012
6.841054 -0.010349
6.846054 -0.020800
6.851055 -0.032354
6.856056 -0.040095
6.861057 -0.042921
6.866057 -0.038077
6.871058 -0.025209
6.876059 -0.006460
6.881060 0.014116
6.886061 0.030591
6.891061 0.040786
6.896062 0.048296
6.901063 0.052128
6.906064 0.051045
6.911064 0.040285
6.916065 0.018377
6.921066 -0.015099
6.926067 -0.055469
6.931067 -0.099209
6.936068 -0.140592
6.941069 -0.177809
6.946070 -0.206254
6.951071 -0.219602
6.956071 -0.219397
6.961072 -0.211502
6.966073 -0.202441
6.971074 -0.194463
6.976074 -0.191426
6.981075 -0.194079
6.986076 -0.198917
6.991077 -0.198469
6.996077 -0.186717
7.001078 -0.161656
7.006079 -0.125291
7.011080 -0.079827
7.016081 -0.029826
7.021081 0.021143
7.026082 0.068651
7.031083 0.115480
7.036084 0.165666
7.041084 0.218993
7.046085 0.272948
7.051086 0.323149
7.056087 0.357765
7.061087 0.362169
7.066088 0.331553
7.071089 0.271332
7.076090 0.182558
7.081091 0.070004
7.086091 -0.047298
7.091092 -0.141020
7.096093 -0.197678
7.101094 -0.226238
7.106094 -0.244059
7.111095 -0.257394
7.116096 -0.264943
7.121097 -0.266218
7.126098 -0.257625
7.131098 -0.227130
7.136099 -0.167306
7.141100 -0.082408
7.146101 0.010616
7.151101 0.093406
7.156102 0.158074
7.161103 0.207491
7.166104 0.239658
7.171104 0.253127
7.176105 0.251845
7.181106 0.234909
7.186107 0.208066
7.191108 0.179070
7.196108 0.155630
7.201109 0.143096
7.206110 0.138668
7.211111 0.134060
7.216111 0.125551
7.221112 0.107012
7.226113 0.075825
7.231114 0.028925
7.236114 -0.031329
7.241115 -0.090347
7.246116 -0.130736
7.251117 -0.139207
7.256118 -0.115363
7.261118 -0.070686
7.266119 -0.021203
7.271120 0.023736
7.276121 0.057212
7.281121 0.078230
7.286122 0.088816
7.291123 0.092539
7.296124 0.092020
7.301124 0.094243
7.306125 0.097735
7.311126 0.099259
7.316127 0.094017
7.321128 0.080534
7.326128 0.056984
7.331129 0.026674
7.336130 0.003002
7.341131 -0.006648
7.346131 -0.001971
7.351132 0.011351
7.356133 0.026224
7.361134 0.035464
7.366134 0.038585
7.371135 0.035163
7.376136 0.027577
7.381137 0.021355
7.386138 0.016760
7.391138 0.008988
7.396139 -0.008929
7.401140 -0.034894
7.406141 -0.060840
7.411141 -0.081672
7.416142 -0.095956
7.421143 -0.103889
7.426144 -0.105010
7.431144 -0.098218
7.436145 -0.081704
7.441146 -0.058821
7.446147 -0.040020
7.451148 -0.033061
7.456148 -0.037105
7.461149 -0.051664
7.466150 -0.076098
7.471151 -0.106748
7.476151 -0.143568
7.481152 -0.183163
7.486153 -0.225860
7.491154 -0.265614
7.496154 -0.297622
7.501155 -0.318159
7.506156 -0.317838
7.511157 -0.287932
7.516158 -0.226786
7.521158 -0.138060
7.526159 -0.032712
7.531160 0.073360
7.536161 0.160401
7.541161 0.216702
7.546162 0.239200
7.551163 0.237002
7.556164 0.218708
7.561165 0.194985
7.566165 0.170551
7.571166 0.148226
7.576167 0.123445
7.581168 0.094603
7.586168 0.061171
7.591169 0.026683
7.596170 -0.003217
7.601171 -0.028728
7.606171 -0.053265
7.611172 -0.077993
7.616173 -0.100575
7.621174 -0.120017
7.626175 -0.134601
7.631175 -0.143098
7.636176 -0.144739
7.641177 -0.134697
7.646178 -0.109776
7.651178 -0.069624
7.656179 -0.010253
7.661180 0.068904
7.666181 0.164652
7.671181 0.268769
7.676182 0.366753
7.681183 0.444853
7.686184 0.495688
7.691185 0.518000
7.696185 0.513399
7.701186 0.481839
7.706187 0.427730
7.711188 0.357927
7.716188 0.276623
7.721189 0.193735
7.726190 0.114225
7.731191 0.041110
7.736191 -0.022899
7.741192 -0.073990
7.746193 -0.110798
7.751194 -0.135174
7.756195 -0.148662
7.761195 -0.151616
7.766196 -0.144895
7.771197 -0.132508
7.776198 -0.117962
7.781198 -0.105268
7.786199 -0.098040
7.791200 -0.094932
7.796201 -0.097354
7.801201 -0.103807
7.806202 -0.113982
7.811203 -0.128189
7.816204 -0.143472
7.821205 -0.156415
7.826205 -0.164752
7.831206 -0.166565
7.836207 -0.161394
7.841208 -0.149481
7.846208 -0.135037
7.851209 -0.121875
7.856210 -0.110655
7.861211 -0.101530
7.866211 -0.092450
7.871212 -0.080108
7.876213 -0.061794
7.881214 -0.041718
7.886215 -0.020232
7.891215 0.000459
7.896216 0.017338
7.901217 0.028045
7.906218 0.033178
7.911218 0.031371
7.916219 0.026437
7.921220 0.017933
7.926221 0.008527
7.931222 -0.000528
7.936222 -0.010178
7.941223 -0.020226
7.946224 -0.030472
7.951225 -0.040718
7.956225 -0.050061
7.961226 -0.058654
7.966227 -0.065152
7.971228 -0.069112
7.976228 -0.070028
7.981229 -0.069246
7.986230 -0.066061
7.991231 -0.060871
7.996232 -0.054975
8.001232 -0.050028
8.006233 -0.045017
8.011234 -0.037872
8.016235 -0.024428
8.021235 -0.003782
8.026236 0.020453
8.031237 0.045367
8.036238 0.067545
8.041238 0.081962
8.046239 0.089523
8.051240 0.091529
8.056241 0.089830
8.061242 0.083858
8.066242 0.075046
8.071243 0.066440
8.076244 0.060904
8.081245 0.059295
8.086245 0.060820
8.091246 0.061865
8.096247 0.060071
8.101248 0.055791
8.106248 0.050588
8.111249 0.044481
8.116250 0.036677
8.121251 0.027437
8.126252 0.018017
8.131252 0.009476
8.136253 -0.000437
8.141254 -0.011523
8.146255 -0.021270
8.151255 -0.027825
8.156256 -0.028082
8.161257 -0.022148
8.166258 -0.011037
8.171258 0.002278
8.176259 0.014626
8.181260 0.024750
8.186261 0.032651
8.191262 0.041436
8.196262 0.050600
8.201263 0.058379
8.206264 0.062967
8.211265 0.064165
8.216265 0.059526
8.221266 0.050613
8.226267 0.037534
8.231268 0.023860
8.236268 0.010737
8.241269 -0.001131
8.246270 -0.011434
8.251271 -0.020572
8.256272 -0.029646
8.261272 -0.038457
8.266273 -0.046300
8.271274 -0.053727
8.276275 -0.059084
8.281275 -0.063230
8.286276 -0.065767
8.291277 -0.066146
8.296278 -0.066569
8.301278 -0.069241
8.306279 -0.073810
8.311280 -0.077123
8.316281 -0.076777
8.321282 -0.072618
8.326282 -0.065948
8.331283 -0.058021
8.336284 -0.051152
8.341285 -0.046596
8.346285 -0.045763
8.351286 -0.045545
8.356287 -0.043892
8.361288 -0.040848
8.366289 -0.036106
8.371289 -0.031916
8.376290 -0.029179
8.381291 -0.029750
8.386292 -0.032415
8.391292 -0.037023
8.396293 -0.041367
8.401294 -0.042495
8.406295 -0.040317
8.411295 -0.035491
8.416296 -0.029519
8.421297 -0.023855
8.426298 -0.019600
8.431299 -0.017062
8.436299 -0.015338
8.441300 -0.013371
8.446301 -0.007789
8.451302 -0.001747
8.456302 0.006718
8.461303 0.013991
8.466304 0.020822
8.471305 0.025711
8.476305 0.028704
8.481306 0.031299
8.486307 0.034048
8.491308 0.036047
8.496309 0.035182
8.501309 0.032952
8.506310 0.027902
8.511311 0.022391
8.516312 0.019726
8.521312 0.022507
8.526313 0.030030
8.531314 0.040642
8.536315 0.052291
8.541315 0.063083
8.546316 0.072374
8.551317 0.079571
8.556318 0.084473
8.561319 0.087389
8.566319 0.087216
8.571320 0.084307
8.576321 0.077604
8.581322 0.069510
8.586322 0.062231
8.591323 0.058873
8.596324 0.058930
8.601325 0.061346
8.606325 0.065659
8.611326 0.068805
8.616327 0.069375
8.621328 0.065915
8.626329 0.060141
8.631329 0.054214
8.636330 0.050292
8.641331 0.047626
8.646332 0.044365
8.651332 0.037841
8.656333 0.027505
8.661334 0.013004
8.666335 -0.003657
8.671335 -0.021573
8.676336 -0.038939
8.681337 -0.054651
8.686338 -0.069415
8.691339 -0.081424
8.696339 -0.089068
8.701340 -0.092349
8.706341 -0.093669
8.711342 -0.092676
8.716342 -0.091529
8.721343 -0.090074
8.726344 -0.088312
8.731345 -0.085691
8.736346 -0.083115
8.741346 -0.079130
8.746347 -0.071927
8.751348 -0.062213
8.756349 -0.051044
8.761349 -0.039125
8.766350 -0.028264
8.771351 -0.019408
8.776352 -0.013109
8.781352 -0.008816
8.786353 -0.007079
8.791354 -0.005497
8.796355 -0.004817
8.801356 -0.004292
8.806356 -0.002818
8.811357 -0.001453
8.816358 0.001654
8.821359 0.006505
8.826359 0.013054
8.831360 0.020398
8.836361 0.028139
8.841362 0.034822
8.846362 0.040051
8.851363 0.043826
8.856364 0.045748
8.861365 0.046370
8.866366 0.046440
8.871366 0.046159
8.876367 0.045922
8.881368 0.043724
8.886369 0.039366
8.891369 0.033554
8.896370 0.025891
8.901371 0.016881
8.906372 0.007936
8.911372 0.001918
8.916373 -0.000972
8.921374 -0.001439
8.926375 0.000912
8.931376 0.004366
8.936376 0.008525
8.941377 0.012331
8.946378 0.015938
8.951379 0.019347
8.956379 0.022602
8.961380 0.025749
8.966381 0.028433
8.971382 0.029049
8.976382 0.027946
8.981383 0.023826
8.986384 0.017591
8.991385 0.008844
8.996386 -0.001159
9.001386 -0.011514
9.006387 -0.020216
9.011388 -0.025457
9.016389 -0.026688
9.021389 -0.024060
9.026390 -0.019780
9.031391 -0.014596
9.036392 -0.007803
9.041392 -0.001805
9.046393 0.005756
9.051394 0.011972
9.056395 0.017944
9.061396 0.020764
9.066396 0.019572
9.071397 0.013311
9.076398 0.001277
9.081399 -0.012917
9.086399 -0.028168
9.091400 -0.040862
9.096401 -0.050846
9.101402 -0.057061
9.106402 -0.058804
9.111403 -0.058234
9.116404 -0.054998
9.121405 -0.049404
9.126406 -0.042554
9.131406 -0.035704
9.136407 -0.031565
9.141408 -0.028681
9.146409 -0.026502
9.151409 -0.023773
9.156410 -0.020646
9.161411 -0.017871
9.166412 -0.014103
9.171413 -0.009541
9.176413 -0.004184
9.181414 0.000821
9.186415 0.004525
9.191416 0.006530
9.196416 0.005383
9.201417 0.001833
9.206418 -0.004472
9.211419 -0.012828
9.216419 -0.022684
9.221420 -0.032385
9.226421 -0.039729
9.231422 -0.043811
9.236423 -0.044433
9.241423 -0.040492
9.246424 -0.032892
9.251425 -0.022338
9.256426 -0.009734
9.261426 0.002915
9.266427 0.013251
9.271428 0.021274
9.276429 0.024626
9.281429 0.024760
9.286430 0.021479
9.291431 0.015885
9.296432 0.009785
9.301433 0.004082
9.306433 0.000782
9.311434 0.000192
9.316435 0.001961
9.321436 0.005338
9.326436 0.009773
9.331437 0.013457
9.336438 0.016591
9.341439 0.019571
9.346439 0.022198
9.351440 0.024120
9.356441 0.026748
9.361442 0.029926
9.366443 0.033611
9.371443 0.038705
9.376444 0.043556
9.381445 0.047260
9.386446 0.050720
9.391446 0.053187
9.396447 0.056160
9.401448 0.058935
9.406449 0.061511
9.411449 0.064087
9.416450 0.067214
9.421451 0.069591
9.426452 0.070315
9.431453 0.069386
9.436453 0.064996
9.441454 0.058954
9.446455 0.050905
9.451456 0.042107
9.456456 0.033309
9.461457 0.024754
9.466458 0.016795
9.471459 0.008177
9.476459 -0.001256
9.481460 -0.009894
9.486461 -0.017737
9.491462 -0.023530
9.496463 -0.026567
9.501463 -0.027753
9.506464 -0.028541
9.511465 -0.028579
9.516466 -0.028816
9.521466 -0.027842
9.526467 -0.026804
9.531468 -0.024401
9.536469 -0.021184
9.541470 -0.016910
9.546470 -0.013232
9.551471 -0.010656
9.556472 -0.010086
9.561473 -0.011521
9.566473 -0.015116
9.571474 -0.020121
9.576475 -0.026337
9.581476 -0.033411
9.586476 -0.039185
9.591477 -0.043305
9.596478 -0.046169
9.601479 -0.046169
9.606480 -0.044606
9.611480 -0.040729
9.616481 -0.036698
9.621482 -0.031963
9.626483 -0.027228
9.631483 -0.024805
9.636484 -0.023441
9.641485 -0.023287
9.646486 -0.023088
9.651486 -0.022492
9.656487 -0.020794
9.661488 -0.017641
9.666489 -0.014335
9.671490 -0.009926
9.676490 -0.006421
9.681491 -0.003070
9.686492 -0.000974
9.691493 -0.000289
9.696493 0.001147
9.701494 0.002980
9.706495 0.004614
9.711496 0.007151
9.716496 0.010592
9.721497 0.012028
9.726498 0.012515
9.731499 0.010048
9.736500 0.006235
9.741500 0.000372
9.746501 -0.005889
9.751502 -0.011445
9.756503 -0.016648
9.761503 -0.020749
9.766504 -0.023947
9.771505 -0.026747
9.776506 -0.027894
9.781506 -0.027343
9.786507 -0.024741
9.791508 -0.020794
9.796509 -0.014642
9.801510 -0.008138
9.806510 -0.000929
9.811511 0.004934
9.816512 0.009849
9.821513 0.011259
9.826513 0.010067
9.831514 0.005568
9.836515 0.000121
9.841516 -0.007530
9.846516 -0.015380
9.851517 -0.022525
9.856518 -0.028215
9.861519 -0.031701
9.866520 -0.033335
9.871520 -0.032919
9.876521 -0.031156
9.881522 -0.028798
9.886523 -0.026197
9.891523 -0.022647
9.896524 -0.019250
9.901525 -0.015104
9.906526 -0.011663
9.911526 -0.008773
9.916527 -0.006281
9.921528 -0.002929
9.926529 -0.000372
9.931530 0.004100
9.936530 0.011040
9.941531 0.020095
9.946532 0.031417
9.951533 0.043951
9.956533 0.056286
9.961534 0.068622
9.966535 0.078445
9.971536 0.085647
9.976537 0.089281
9.981537 0.090447
9.986538 0.088595
9.991539 0.084782
9.996540 0.079009
10.001540 0.072178
10.006541 0.065193
10.011542 0.058055
10.016543 0.052217
10.021543 0.046732
10.026544 0.042349
10.031545 0.038318
10.036546 0.034839
10.041547 0.032263
10.046547 0.029334
10.051548 0.026758
10.056549 0.023279
10.061550 0.018896
10.066550 0.013609
10.071551 0.006516
10.076552 -0.001834
10.081553 -0.010888
10.086553 -0.021000
10.091554 -0.031817
10.096555 -0.040627
10.101556 -0.047984
10.106557 -0.053181
10.111557 -0.054609
10.116558 -0.053219
10.121559 -0.049912
10.126560 -0.044889
10.131560 -0.037949
10.136561 -0.029997
10.141562 -0.021186
10.146563 -0.012067
10.151563 -0.002443
10.156564 0.006631
10.161565 0.015153
10.166566 0.023874
10.171567 0.030635
10.176567 0.036735
10.181568 0.040368
10.186569 0.042284
10.191570 0.040676
10.196570 0.036049
10.201571 0.028956
10.206572 0.019703
10.211573 0.008841
10.216573 -0.003827
10.221574 -0.017399
10.226575 -0.032272
10.231576 -0.046241
10.236577 -0.058955
10.241577 -0.068958
10.246578 -0.075744
10.251579 -0.078012
10.256580 -0.075917
10.261580 -0.069656
10.266581 -0.059935
10.271582 -0.049311
10.276583 -0.039039
10.281583 -0.031323
10.286584 -0.025966
10.291585 -0.024774
10.296586 -0.026844
10.301587 -0.030170
10.306587 -0.034245
10.311588 -0.037968
10.316589 -0.041185
10.321590 -0.041890
10.326590 -0.039929
10.331591 -0.035655
10.336592 -0.029773
10.341593 -0.022833
10.346593 -0.015188
10.351594 -0.006288
10.356595 0.001863
10.361596 0.011469
10.366597 0.021074
10.371597 0.030878
10.376598 0.041784
10.381599 0.051787
10.386600 0.059983
10.391600 0.066968
10.396601 0.073094
10.401602 0.076708
10.406603 0.078207
10.411604 0.077746
10.416604 0.075676
10.421605 0.074004
10.426606 0.071780
10.431607 0.070108
10.436607 0.068038
10.441608 0.066122
10.446609 0.063059
10.451610 0.058298
10.456610 0.054395
10.461611 0.048795
10.466612 0.043899
10.471613 0.039708
10.476614 0.035318
10.481614 0.031281
10.486615 0.028346
10.491616 0.025963
10.496617 0.023579
10.501617 0.020490
10.506618 0.016850
10.511619 0.011954
10.516620 0.005450
10.521620 -0.004315
10.526621 -0.016042
10.531622 -0.029730
10.536623 -0.044827
10.541624 -0.059725
10.546624 -0.073323
10.551625 -0.084563
10.556626 -0.093245
10.561627 -0.097917
10.566627 -0.099679
10.571628 -0.097231
10.576629 -0.091874
10.581630 -0.083761
10.586630 -0.073996
10.591631 -0.062775
10.596632 -0.050805
10.601633 -0.039937
10.606634 -0.029467
10.611634 -0.019393
10.616635 -0.010819
10.621636 -0.002444
10.626637 0.004630
10.631637 0.011352
10.636638 0.017523
10.641639 0.022239
10.646640 0.024597
10.651640 0.025148
10.656641 0.024245
10.661642 0.020829
10.666643 0.016863
10.671644 0.013294
10.676644 0.009724
10.681645 0.008161
10.686646 0.006950
10.691647 0.007193
10.696647 0.008539
10.701648 0.010237
10.706649 0.012486
10.711650 0.015088
10.716650 0.017337
10.721651 0.019035
10.726652 0.019080
10.731653 0.018023
10.736654 0.014761
10.741654 0.009295
10.746655 0.002528
10.751656 -0.004790
10.756657 -0.011556
10.761657 -0.017022
10.766658 -0.021540
10.771659 -0.023104
10.776660 -0.023719
10.781661 -0.022437
10.786661 -0.020957
10.791662 -0.019983
10.796663 -0.019714
10.801664 -0.019246
10.806664 -0.020232
10.811665 -0.020316
10.816666 -0.019694
10.821667 -0.019470
10.826667 -0.017836
10.831668 -0.015849
10.836669 -0.013356
10.841670 -0.011261
10.846671 -0.009012
10.851671 -0.006609
10.856672 -0.004052
10.861673 -0.000790
10.866674 0.002824
10.871674 0.008046
10.876675 0.012519
10.881676 0.018600
10.886677 0.022829
10.891677 0.027014
10.896678 0.029346
10.901679 0.029826
10.906680 0.029160
10.911681 0.026994
10.916681 0.022976
10.921682 0.018208
10.926683 0.012140
10.931684 0.006975
10.936684 0.001457
10.941685 -0.002407
10.946686 -0.004771
10.951687 -0.005636
10.956687 -0.005002
10.961688 -0.002119
10.966689 0.000457
10.971690 0.003629
10.976691 0.006141
10.981691 0.007794
10.986692 0.008038
10.991693 0.007775
10.996694 0.007910
11.001694 0.007339
11.006695 0.008775
11.011696 0.011114
11.016697 0.015811
11.021697 0.022116
11.026698 0.029479
11.031699 0.037547
11.036700 0.045922
11.041701 0.054451
11.046701 0.062032
11.051702 0.068311
11.056703 0.072938
11.061704 0.074456
11.066704 0.073066
11.071705 0.068766
11.076706 0.060852
11.081707 0.051330
11.086707 0.039494
11.091708 0.027505
11.096709 0.014458
11.101710 0.001655
11.106711 -0.011302
11.111711 -0.023111
11.116712 -0.033620
11.121713 -0.043181
11.126714 -0.050185
11.131714 -0.055888
11.136715 -0.059585
11.141716 -0.062180
11.146717 -0.063872
11.151717 -0.064109
11.156718 -0.063442
11.161719 -0.062975
11.166720 -0.061802
11.171721 -0.059572
11.176721 -0.058643
11.181722 -0.057053
11.186723 -0.055355
11.191724 -0.053702
11.196724 -0.051389
11.201725 -0.048416
11.206726 -0.044936
11.211727 -0.040598
11.216728 -0.035555
11.221728 -0.029256
11.226729 -0.022054
11.231730 -0.014300
11.236731 -0.006348
11.241731 0.001803
11.246732 0.009448
11.251733 0.015836
11.256734 0.021014
11.261734 0.024231
11.266735 0.025134
11.271736 0.024276
11.276737 0.021655
11.281738 0.016721
11.286738 0.010729
11.291739 0.004033
11.296740 -0.003170
11.301741 -0.010372
11.306741 -0.016120
11.311742 -0.021515
11.316743 -0.025501
11.321744 -0.027923
11.326744 -0.029685
11.331745 -0.030083
11.336746 -0.029820
11.341747 -0.029602
11.346748 -0.028878
11.351748 -0.027449
11.356749 -0.024412
11.361750 -0.019766
11.366751 -0.014217
11.371751 -0.006111
11.376752 0.003097
11.381753 0.014157
11.386754 0.025416
11.391754 0.036719
11.396755 0.048773
11.401756 0.059416
11.406757 0.069201
11.411758 0.077025
11.416758 0.081434
11.421759 0.083331
11.426760 0.081614
11.431761 0.076436
11.436761 0.067997
11.441762 0.057904
11.446763 0.044550
11.451764 0.030292
11.456764 0.014580
11.461765 -0.000780
11.466766 -0.015787
11.471767 -0.028635
11.476768 -0.040426
11.481768 -0.049352
11.486769 -0.056119
11.491770 -0.060175
11.496771 -0.061874
11.501771 -0.061214
11.506772 -0.057446
11.511773 -0.052928
11.516774 -0.045854
11.521774 -0.036928
11.526775 -0.025797
11.531776 -0.014820
11.536777 -0.003446
11.541778 0.005570
11.546778 0.012978
11.551779 0.018380
11.556780 0.020520
11.561781 0.021007
11.566781 0.019091
11.571782 0.015522
11.576783 0.011203
11.581784 0.006839
11.586785 0.002981
11.591785 -0.001273
11.596786 -0.004471
11.601787 -0.007316
11.606788 -0.009809
11.611788 -0.012302
11.616789 -0.014596
11.621790 -0.015833
11.626791 -0.017422
11.631791 -0.017204
11.636792 -0.016435
11.641793 -0.014212
11.646794 -0.010534
11.651795 -0.006106
11.656795 0.000129
11.661796 0.006563
11.666797 0.013547
11.671798 0.020180
11.676798 0.026613
11.681799 0.032893
11.686800 0.038071
11.691801 0.042543
11.696801 0.045010
11.701802 0.046420
11.706803 0.046926
11.711804 0.046176
11.716805 0.044722
11.721805 0.042915
11.726806 0.040403
11.731807 0.037538
11.736808 0.034322
11.741808 0.031855
11.746809 0.028484
11.751810 0.025863
11.756811 0.023242
11.761811 0.019366
11.766812 0.016040
11.771813 0.012009
11.776814 0.008882
11.781815 0.005050
11.786815 0.001923
11.791816 -0.001005
11.796817 -0.003934
11.801818 -0.006862
11.806818 -0.009438
11.811819 -0.011815
11.816820 -0.014193
11.821821 -0.016570
11.826821 -0.017999
11.831822 -0.018524
11.836823 -0.017947
11.841824 -0.016820
11.846825 -0.014634
11.851825 -0.012295
11.856826 -0.009450
11.861827 -0.007598
11.866828 -0.006342
11.871828 -0.005330
11.876829 -0.005663
11.881830 -0.006746
11.886831 -0.008932
11.891831 -0.011315
11.896832 -0.014404
11.901833 -0.018550
11.906834 -0.022145
11.911835 -0.025894
11.916835 -0.028694
11.921836 -0.030745
11.926837 -0.031494
11.931838 -0.030789
11.936838 -0.028982
11.941839 -0.026073
11.946840 -0.022812
11.951841 -0.018646
11.956841 -0.015231
11.961842 -0.012918
11.966843 -0.011002
11.971844 -0.011290
11.976845 -0.011777
11.981845 -0.013367
11.986846 -0.015154
11.991847 -0.016744
11.996848 -0.018134
12.001848 -0.018423
12.006849 -0.018314
12.011850 -0.017808
12.016851 -0.015449
12.021852 -0.013444
12.026852 -0.010336
12.031853 -0.006126
12.036854 -0.000814
12.041855 0.003948
12.046855 0.009612
12.051856 0.014726
12.056857 0.019993
12.061858 0.024511
12.066858 0.027375
12.071859 0.030393
12.076860 0.032309
12.081861 0.033321
12.086862 0.034885
12.091862 0.036647
12.096863 0.038256
12.101864 0.041363
12.106865 0.044317
12.111865 0.048021
12.116866 0.052122
12.121867 0.055519
12.126868 0.058562
12.131868 0.061254
12.136869 0.062689
12.141870 0.063221
12.146871 0.062452
12.151872 0.060229
12.156872 0.056506
12.161873 0.051482
12.166874 0.044959
12.171875 0.036583
12.176875 0.027811
12.181876 0.017033
12.186877 0.005703
12.191878 -0.007081
12.196878 -0.020217
12.201879 -0.033706
12.206880 -0.046644
12.211881 -0.058678
12.216882 -0.068508
12.221882 -0.076684
12.226883 -0.082855
12.231884 -0.087020
12.236885 -0.090083
12.241885 -0.091141
12.246886 -0.092198
12.251887 -0.091448
12.256888 -0.090698
12.261888 -0.089244
12.266889 -0.086732
12.271890 -0.083515
12.276891 -0.078491
12.281892 -0.071859
12.286892 -0.063420
12.291893 -0.053526
12.296894 -0.042729
12.301895 -0.031380
12.306895 -0.020935
12.311896 -0.011041
12.316897 -0.002404
12.321898 0.003876
12.326898 0.008701
12.331899 0.011367
12.336900 0.013129
12.341901 0.012931
12.346902 0.012777
12.351902 0.011213
12.356903 0.010598
12.361904 0.008772
12.366905 0.008599
12.371905 0.008272
12.376906 0.008497
12.381907 0.009624
12.386908 0.012207
12.391909 0.015296
12.396909 0.018890
12.401910 0.022287
12.406911 0.026542
12.411912 0.030201
12.416912 0.033661
12.421913 0.036724
12.426914 0.038685
12.431915 0.040248
12.436915 0.040709
12.441916 0.040069
12.446917 0.039229
12.451918 0.038390
12.456919 0.036999
12.461919 0.035256
12.466920 0.033161
12.471921 0.031616
12.476922 0.030271
12.481922 0.028572
12.486923 0.026522
12.491924 0.024471
12.496925 0.022972
12.501925 0.021120
12.506926 0.018364
12.511927 0.015256
12.516928 0.011995
12.521929 0.007830
12.526929 0.003158
12.531930 -0.001513
12.536931 -0.004884
12.541932 -0.008056
12.546932 -0.010677
12.551933 -0.012548
12.556934 -0.013515
12.561935 -0.013932
12.566935 -0.014547
12.571936 -0.015008
12.576937 -0.015470
12.581938 -0.015425
12.586939 -0.014675
12.591939 -0.014323
12.596940 -0.013618
12.601941 -0.011657
12.606942 -0.010247
12.611942 -0.008485
12.616943 -0.006524
12.621944 -0.004012
12.626945 -0.001302
12.631945 0.000505
12.636946 0.002312
12.641947 0.003767
12.646948 0.005375
12.651949 0.006785
12.656949 0.007996
12.661950 0.009560
12.666951 0.011476
12.671952 0.013193
12.676952 0.014910
12.681953 0.016076
12.686954 0.016691
12.691955 0.017659
12.696955 0.017371
12.701956 0.016531
12.706957 0.015692
12.711958 0.014147
12.716959 0.012052
12.721959 0.008899
12.726960 0.005195
12.731961 0.000434
12.736962 -0.005231
12.741962 -0.009992
12.746963 -0.016009
12.751964 -0.021475
12.756965 -0.025288
12.761965 -0.028549
12.766966 -0.029805
12.771967 -0.030158
12.776968 -0.028658
12.781969 -0.025704
12.786969 -0.022551
12.791970 -0.019200
12.796971 -0.014746
12.801972 -0.009191
12.806972 -0.004538
12.811973 -0.000040
12.816974 0.005009
12.821975 0.009508
12.826976 0.013654
12.831976 0.016698
12.836977 0.019543
12.841978 0.022189
12.846979 0.022984
12.851979 0.024483
12.856980 0.024682
12.861981 0.024682
12.866982 0.023029
12.871982 0.020824
12.876983 0.018421
12.881984 0.015467
12.886985 0.012161
12.891986 0.008303
12.896986 0.004644
12.901987 0.000985
12.906988 -0.002674
12.911989 -0.005583
12.916989 -0.008845
12.921990 -0.011754
12.926991 -0.015016
12.931992 -0.017021
12.936992 -0.019027
12.941993 -0.021231
12.946994 -0.023083
12.951995 -0.024230
12.956996 -0.025025
12.961996 -0.025820
12.966997 -0.025358
12.971998 -0.024192
12.976999 -0.022475
12.981999 -0.019854
12.987000 -0.017034
12.992001 -0.013664
12.997002 -0.009544
13.002002 -0.006128
13.007003 -0.001611
13.012004 0.002952
13.017005 0.008110
13.022006 0.012916
13.027006 0.017921
13.032007 0.023124
13.037008 0.027424
13.042009 0.031173
13.047009 0.033467
13.052010 0.034659
13.057011 0.033845
13.062012 0.031378
13.067012 0.027456
13.072013 0.022234
13.077014 0.016812
13.082015 0.010488
13.087016 0.004868
13.092016 -0.001303
13.097017 -0.006218
13.102018 -0.009524
13.107019 -0.012478
13.112019 -0.014375
13.117020 -0.014817
13.122021 -0.015458
13.127022 -0.015196
13.132022 -0.014228
13.137023 -0.013260
13.142024 -0.013196
13.147025 -0.013485
13.152026 -0.013575
13.157026 -0.014369
13.162027 -0.015670
13.167028 -0.016772
13.172029 -0.018381
13.177029 -0.019989
13.182030 -0.021751
13.187031 -0.022610
13.192032 -0.023821
13.197033 -0.025032
13.202033 -0.024987
13.207034 -0.024744
13.212035 -0.024699
13.217036 -0.023001
13.222036 -0.021303
13.227037 -0.019406
13.232038 -0.015856
13.237039 -0.012107
13.242039 -0.006904
13.247040 -0.002405
13.252041 0.002997
13.257042 0.009302
13.262043 0.015607
13.267043 0.021714
13.272044 0.027071
13.277045 0.032582
13.282046 0.038247
13.287046 0.042963
13.292047 0.047833
13.297048 0.051402
13.302049 0.054023
13.307049 0.055894
13.312050 0.057567
13.317051 0.056682
13.322052 0.054894
13.327053 0.051851
13.332053 0.046801
13.337054 0.041047
13.342055 0.034786
13.347056 0.027071
13.352056 0.018849
13.357057 0.010827
13.362058 0.003355
13.367059 -0.004117
13.372059 -0.010486
13.377060 -0.015600
13.382061 -0.019810
13.387062 -0.022764
13.392063 -0.024815
13.397063 -0.025609
13.402064 -0.025500
13.407065 -0.025392
13.412066 -0.024379
13.417066 -0.022111
13.422067 -0.020746
13.427068 -0.019381
13.432069 -0.017465
13.437069 -0.015350
13.442070 -0.013037
13.447071 -0.011076
13.452072 -0.008917
13.457073 -0.007815
13.462073 -0.007417
13.467074 -0.006469
13.472075 -0.005873
13.477076 -0.005982
13.482076 -0.005540
13.487077 -0.005098
13.492078 -0.003355
13.497079 -0.001964
13.502079 -0.000023
13.507080 0.001765
13.512081 0.003201
13.517082 0.003733
13.522083 0.003361
13.527083 0.002637
13.532084 0.001163
13.537085 -0.001214
13.542086 -0.004341
13.547086 -0.007667
13.552087 -0.010839
13.557088 -0.013857
13.562089 -0.016170
13.567089 -0.017977
13.572090 -0.019080
13.577091 -0.019477
13.582092 -0.019720
13.587093 -0.019259
13.592093 -0.019349
13.597094 -0.017984
13.602095 -0.016818
13.607096 -0.014748
13.612096 -0.013229
13.617097 -0.011160
13.622098 -0.008738
13.627099 -0.006315
13.632100 -0.004246
13.637100 -0.002176
13.642101 0.000445
13.647102 0.001810
13.652103 0.003726
13.657103 0.005289
13.662104 0.007404
13.667105 0.009916
13.672106 0.011172
13.677106 0.013530
13.682107 0.015183
13.687108 0.016484
13.692109 0.016881
13.697110 0.016926
13.702110 0.016420
13.707111 0.015010
13.712112 0.013049
13.717113 0.010185
13.722113 0.005866
13.727114 0.002450
13.732115 -0.000965
13.737116 -0.004028
13.742116 -0.007091
13.747117 -0.008898
13.752118 -0.011256
13.757119 -0.012711
13.762120 -0.013262
13.767120 -0.014364
13.772121 -0.014012
13.777122 -0.013659
13.782123 -0.012403
13.787123 -0.011147
13.792124 -0.009891
13.797125 -0.007732
13.802126 -0.005925
13.807126 -0.003214
13.812127 -0.000504
13.817128 0.001656
13.822129 0.004917
13.827130 0.007474
13.832130 0.010031
13.837131 0.012786
13.842132 0.013735
13.847133 0.015234
13.852133 0.015478
13.857134 0.015721
13.862135 0.015612
13.867136 0.014798
13.872136 0.014337
13.877137 0.013171
13.882138 0.011453
13.887139 0.009384
13.892140 0.008217
13.897140 0.006301
13.902141 0.004584
13.907142 0.002822
13.912143 0.001060
13.917143 -0.000549
13.922144 -0.002003
13.927145 -0.003105
13.932146 -0.003701
13.937146 -0.004297
13.942147 -0.004740
13.947148 -0.004829
13.952149 -0.004016
13.957150 -0.003753
13.962150 -0.002939
13.967151 -0.002676
13.972152 -0.001863
13.977153 -0.001401
13.982153 -0.000940
13.987154 -0.001183
13.992155 -0.001978
13.997156 -0.003478
14.002157 -0.004977
14.007157 -0.007181
14.012158 -0.010289
14.017159 -0.013397
14.022160 -0.017210
14.027160 -0.021023
14.032161 -0.025188
14.037162 -0.028802
14.042163 -0.031865
14.047163 -0.033826
14.052164 -0.034685
14.057165 -0.034089
14.062166 -0.032743
14.067167 -0.029789
14.072167 -0.025733
14.077168 -0.020971
14.082169 -0.014756
14.087170 -0.008739
14.092170 -0.002017
14.097171 0.004859
14.102172 0.011735
14.107173 0.018963
14.112173 0.025441
14.117174 0.031567
14.122175 0.037495
14.127176 0.042518
14.132177 0.046088
14.137177 0.048401
14.142178 0.050163
14.147179 0.050118
14.152180 0.049368
14.157180 0.047715
14.162181 0.045158
14.167182 0.042800
14.172183 0.040442
14.177183 0.037732
14.182184 0.035021
14.187185 0.033214
14.192186 0.031606
14.197187 0.029798
14.202187 0.028895
14.207188 0.027088
14.212189 0.025082
14.217190 0.023275
14.222190 0.020718
14.227191 0.018161
14.232192 0.014701
14.237193 0.011946
14.242193 0.008287
14.247194 0.004429
14.252195 0.000770
14.257196 -0.002338
14.262197 -0.005997
14.267197 -0.009457
14.272198 -0.012366
14.277199 -0.015275
14.282200 -0.017435
14.287200 -0.019594
14.292201 -0.021203
14.297202 -0.022613
14.302203 -0.024022
14.307203 -0.025785
14.312204 -0.026291
14.317205 -0.027701
14.322206 -0.028405
14.327207 -0.028559
14.332207 -0.029264
14.337208 -0.029264
14.342209 -0.029264
14.347210 -0.028361
14.352210 -0.027105
14.357211 -0.025099
14.362212 -0.023093
14.367213 -0.021440
14.372213 -0.019236
14.377214 -0.018287
14.382215 -0.016788
14.387216 -0.016544
14.392217 -0.016653
14.397217 -0.016564
14.402218 -0.017025
14.407219 -0.018390
14.412220 -0.019204
14.417220 -0.019665
14.422221 -0.020126
14.427222 -0.020786
14.432223 -0.020543
14.437224 -0.019947
14.442224 -0.018998
14.447225 -0.017698
14.452226 -0.015493
14.457227 -0.013488
14.462227 -0.012033
14.467228 -0.010226
14.472229 -0.008618
14.477230 -0.007208
14.482230 -0.005997
14.487231 -0.005138
14.492232 -0.004126
14.497233 -0.003466
14.502234 -0.003004
14.507234 -0.002344
14.512235 -0.001883
14.517236 -0.000871
14.522237 0.001045
14.527237 0.002058
14.532238 0.003423
14.537239 0.004986
14.542240 0.006550
14.547240 0.007562
14.552241 0.007472
14.557242 0.007934
14.562243 0.006940
14.567244 0.005748
14.572244 0.004403
14.577245 0.001602
14.582246 -0.000448
14.587247 -0.002499
14.592247 -0.004703
14.597248 -0.005805
14.602249 -0.006356
14.607250 -0.006356
14.612250 -0.005805
14.617251 -0.004703
14.622252 -0.003954
14.627253 -0.001749
14.632254 0.000808
14.637254 0.003364
14.642255 0.006120
14.647256 0.008324
14.652257 0.010528
14.657257 0.013284
14.662258 0.015488
14.667259 0.017693
14.672260 0.019544
14.677260 0.021595
14.682261 0.023998
14.687262 0.026049
14.692263 0.028650
14.697264 0.030150
14.702264 0.032200
14.707265 0.033700
14.712266 0.034648
14.717267 0.035244
14.722267 0.035840
14.727268 0.034981
14.732269 0.033924
14.737270 0.032713
14.742270 0.030951
14.747271 0.029188
14.752272 0.026875
14.757273 0.024209
14.762274 0.021896
14.767274 0.018679
14.772275 0.016366
14.777276 0.013502
14.782277 0.010637
14.787277 0.008324
14.792278 0.005658
14.797279 0.003698
14.802280 0.001935
14.807280 0.000526
14.812281 0.000372
14.817282 -0.000685
14.822283 -0.000134
14.827284 0.000968
14.832284 0.001673
14.837285 0.002378
14.842286 0.003787
14.847287 0.005197
14.852287 0.005505
14.857288 0.005966
14.862289 0.005524
14.867290 0.004530
14.872291 0.002634
14.877291 0.000538
14.882292 -0.001910
14.887293 -0.004909
14.892294 -0.007908
14.897294 -0.010356
14.902295 -0.014059
14.907296 -0.016860
14.912297 -0.020365
14.917297 -0.023120
14.922298 -0.026581
14.927299 -0.029490
14.932300 -0.033104
14.937301 -0.036519
14.942301 -0.040287
14.947302 -0.042953
14.952303 -0.045266
14.957304 -0.047028
14.962304 -0.048086
14.967305 -0.048592
14.972306 -0.047842
14.977307 -0.046740
14.982307 -0.044933
14.987308 -0.042223
14.992309 -0.040262
14.997310 -0.037397
15.002311 -0.034533
15.007311 -0.031316
15.012312 -0.028100
15.017313 -0.024332
15.022314 -0.021269
15.027314 -0.017853
15.032315 -0.014239
15.037316 -0.010779
15.042317 -0.007319
15.047317 -0.004012
15.052318 -0.000154
15.057319 0.002998
15.062320 0.006151
15.067321 0.009502
15.072321 0.012104
15.077322 0.014904
15.082323 0.018057
15.087324 0.019909
15.092324 0.022113
15.097325 0.024318
15.102326 0.025221
15.107327 0.027381
15.112327 0.028085
15.117328 0.028592
15.122329 0.029098
15.127330 0.029956
15.132331 0.029559
15.137331 0.029162
15.142332 0.028765
15.147333 0.028918
15.152334 0.028169
15.157334 0.027617
15.162335 0.026868
15.167336 0.025413
15.172337 0.024311
15.177337 0.022305
15.182338 0.020851
15.187339 0.018845
15.192340 0.016839
15.197341 0.014481
15.202341 0.013026
15.207342 0.010668
15.212343 0.008509
15.217344 0.006349
15.222344 0.004388
15.227345 0.003331
15.232346 0.001921
15.237347 0.001063
15.242348 0.000204
15.247348 -0.000655
15.252349 -0.000610
15.257350 -0.001116
15.262351 -0.001821
15.267351 -0.002173
15.272352 -0.002724
15.277353 -0.003474
15.282354 -0.004775
15.287354 -0.005723
15.292355 -0.007223
15.297356 -0.008921
15.302357 -0.010421
15.307358 -0.012471
15.312358 -0.014874
15.317359 -0.016726
15.322360 -0.018578
15.327361 -0.020782
15.332361 -0.022987
15.337362 -0.024992
15.342363 -0.026095
15.347364 -0.026293
15.352364 -0.026293
15.357365 -0.025941
15.362366 -0.025037
15.367367 -0.023230
15.372368 -0.021974
15.377368 -0.019616
15.382369 -0.017457
15.387370 -0.013843
15.392371 -0.010581
15.397371 -0.007319
15.402372 -0.003507
15.407373 -0.000598
15.412374 0.002863
15.417374 0.005618
15.422375 0.008374
15.427376 0.010777
15.432377 0.012827
15.437378 0.014327
15.442378 0.016025
15.447379 0.017524
15.452380 0.018473
15.457381 0.019773
15.462381 0.020523
15.467382 0.021074
15.472383 0.021978
15.477384 0.022881
15.482384 0.023234
15.487385 0.023035
15.492386 0.022836
15.497387 0.022638
15.502388 0.021535
15.507388 0.020984
15.512389 0.020081
15.517390 0.018825
15.522391 0.017569
15.527391 0.015960
15.532392 0.013647
15.537393 0.011686
15.542394 0.009572
15.547394 0.007258
15.552395 0.004945
15.557396 0.002279
15.562397 -0.000585
15.567398 -0.003449
15.572398 -0.006512
15.577399 -0.008672
15.582400 -0.010831
15.587401 -0.012638
15.592401 -0.013894
15.597402 -0.014798
15.602403 -0.015349
15.607404 -0.015349
15.612404 -0.015349
15.617405 -0.015701
15.622406 -0.014798
15.627407 -0.014445
15.632408 -0.012991
15.637408 -0.012087
15.642409 -0.010831
15.647410 -0.009575
15.652411 -0.008319
15.657411 -0.007262
15.662412 -0.005301
15.667413 -0.003892
15.672414 -0.002834
15.677415 -0.001976
15.682415 -0.000765
15.687416 -0.000457
15.692417 -0.000150
15.697418 -0.000194
15.702418 -0.000790
15.707419 -0.002290
15.712420 -0.003238
15.717421 -0.004539
15.722421 -0.005840
15.727422 -0.007493
15.732423 -0.009499
15.737424 -0.010601
15.742425 -0.011152
15.747425 -0.012056
15.752426 -0.012607
15.757427 -0.012056
15.762428 -0.011703
15.767428 -0.011152
15.772429 -0.009896
15.777430 -0.008640
15.782431 -0.007384
15.787431 -0.005424
15.792432 -0.004366
15.797433 -0.003860
15.802434 -0.003354
15.807435 -0.003399
15.812435 -0.003444
15.817436 -0.003841
15.822437 -0.004591
15.827438 -0.005693
15.832438 -0.006244
15.837439 -0.006795
15.842440 -0.007148
15.847441 -0.006949
15.852441 -0.006750
15.857442 -0.006353
15.862443 -0.006308
15.867444 -0.005360
15.872445 -0.004213
15.877445 -0.003969
15.882446 -0.003175
15.887447 -0.002028
15.892448 -0.000682
15.897448 0.001016
15.902449 0.002714
15.907450 0.004412
15.912451 0.005912
15.917451 0.007962
15.922452 0.009462
15.927453 0.011314
15.932454 0.013166
15.937455 0.014819
15.942455 0.017023
15.947456 0.018478
15.952457 0.020285
15.957458 0.021541
15.962458 0.023149
15.967459 0.024207
15.972460 0.025065
15.977461 0.025924
15.982461 0.026430
15.987462 0.026936
15.992463 0.027442
15.997464 0.027244
16.002465 0.026846
16.007465 0.026648
16.012466 0.025546
16.017467 0.024443
16.022468 0.023341
16.027468 0.022040
16.032469 0.019484
16.037470 0.017478
16.042471 0.015472
16.047472 0.012364
16.052472 0.009807
16.057473 0.007251
16.062474 0.004341
16.067475 0.001432
16.072475 -0.000926
16.077476 -0.002932
16.082477 -0.005290
16.087478 -0.007097
16.092478 -0.008904
16.097479 -0.009807
16.102480 -0.011614
16.107481 -0.012166
16.112482 -0.013069
16.117482 -0.014171
16.122483 -0.014722
16.127484 -0.015825
16.132485 -0.017125
16.137485 -0.017875
16.142486 -0.018977
16.147487 -0.019727
16.152488 -0.021182
16.157488 -0.021733
16.162489 -0.022989
16.167490 -0.024245
16.172491 -0.024950
16.177492 -0.026007
16.182492 -0.026315
16.187493 -0.027372
16.192494 -0.027327
16.197495 -0.027282
16.202495 -0.027237
16.207496 -0.026289
16.212497 -0.025892
16.217498 -0.025142
16.222498 -0.023489
16.227499 -0.021835
16.232500 -0.019279
16.237501 -0.016920
16.242502 -0.014011
16.247502 -0.011301
16.252503 -0.007687
16.257504 -0.004976
16.262505 -0.002817
16.267505 0.000246
16.272506 0.002406
16.277507 0.004014
16.282508 0.005270
16.287508 0.006526
16.292509 0.007583
16.297510 0.008487
16.302511 0.009192
16.307512 0.009897
16.312512 0.010800
16.317513 0.011704
16.322514 0.013158
16.327515 0.013709
16.332515 0.015363
16.337516 0.017016
16.342517 0.018868
16.347518 0.021072
16.352518 0.023475
16.357519 0.025327
16.362520 0.027179
16.367521 0.029229
16.372522 0.030530
16.377522 0.031479
16.382523 0.032228
16.387524 0.031523
16.392525 0.030620
16.397525 0.028813
16.402526 0.025904
16.407527 0.022796
16.412528 0.019137
16.417528 0.015478
16.422529 0.011268
16.427530 0.006859
16.432531 0.002649
16.437532 -0.001209
16.442532 -0.004515
16.447533 -0.006918
16.452534 -0.008770
16.457535 -0.010071
16.462535 -0.010468
16.467536 -0.010315
16.472537 -0.009059
16.477538 -0.008354
16.482539 -0.007098
16.487539 -0.005842
16.492540 -0.004035
16.497541 -0.003330
16.502542 -0.002426
16.507542 -0.001722
16.512543 -0.001920
16.517544 -0.002471
16.522545 -0.002119
16.527545 -0.003221
16.532546 -0.003772
16.537547 -0.003772
16.542548 -0.004477
16.547549 -0.004830
16.552549 -0.005534
16.557550 -0.004785
16.562551 -0.004939
16.567552 -0.004541
16.572552 -0.004144
16.577553 -0.002843
16.582554 -0.002093
16.587555 -0.001895
16.592555 -0.001145
16.597556 -0.000594
16.602557 -0.000043
16.607558 -0.000946
16.612559 -0.001498
16.617559 -0.002600
16.622560 -0.003702
16.627561 -0.005355
16.632562 -0.007361
16.637562 -0.009565
16.642563 -0.012122
16.647564 -0.014326
16.652565 -0.015980
16.657565 -0.017280
16.662566 -0.018030
16.667567 -0.018780
16.672568 -0.018428
16.677569 -0.018075
16.682569 -0.017172
16.687570 -0.015717
16.692571 -0.014064
16.697572 -0.012411
16.702572 -0.010206
16.707573 -0.008354
16.712574 -0.006150
16.717575 -0.004298
16.722575 -0.002446
16.727576 -0.000793
16.732577 -0.000043
16.737578 0.001059
16.742579 0.001258
16.747579 0.000707
16.752580 0.000707
16.757581 0.000508
16.762582 -0.000043
16.767582 -0.001145
16.772583 -0.001697
16.777584 -0.002600
16.782585 -0.003151
16.787585 -0.003856
16.792586 -0.004760
16.797587 -0.005464
16.802588 -0.005618
16.807589 -0.005772
16.812589 -0.005926
16.817590 -0.005529
16.822591 -0.005131
16.827592 -0.003830
16.832592 -0.002530
16.837593 -0.001427
16.842594 0.000226
16.847595 0.001879
16.852596 0.003334
16.857596 0.006243
16.862597 0.008953
16.867598 0.011664
16.872599 0.014374
16.877599 0.016886
16.882600 0.019398
16.887601 0.022263
16.892602 0.024576
16.897602 0.026889
16.902603 0.028651
16.907604 0.030215
16.912605 0.030875
16.917606 0.030631
16.922606 0.030939
16.927607 0.030144
16.932608 0.029548
16.937609 0.028952
16.942609 0.027100
16.947610 0.025248
16.952611 0.023595
16.957612 0.021391
16.962612 0.019584
16.967613 0.017578
16.972614 0.015418
16.977615 0.013810
16.982616 0.012202
16.987616 0.009690
16.992617 0.008280
16.997618 0.006319
17.002619 0.004909
17.007619 0.003500
17.012620 0.002442
17.017621 0.001033
17.022622 -0.000576
17.027622 -0.002184
17.032623 -0.003793
17.037624 -0.005401
17.042625 -0.007913
17.047626 -0.010072
17.052626 -0.012584
17.057627 -0.014898
17.062628 -0.017762
17.067629 -0.020075
17.072629 -0.022389
17.077630 -0.024349
17.082631 -0.025208
17.087632 -0.026618
17.092632 -0.027124
17.097633 -0.026727
17.102634 -0.026528
17.107635 -0.026131
17.112636 -0.025029
17.117636 -0.023574
17.122637 -0.022671
17.127638 -0.020864
17.132639 -0.019608
17.137639 -0.017999
17.142640 -0.016589
17.147641 -0.015180
17.152642 -0.013770
17.157642 -0.012360
17.162643 -0.011502
17.167644 -0.010995
17.172645 -0.010489
17.177646 -0.009983
17.182646 -0.009829
17.187647 -0.009675
17.192648 -0.009874
17.197649 -0.010073
17.202649 -0.010271
17.207650 -0.010823
17.212651 -0.011726
17.217652 -0.011726
17.222652 -0.013181
17.227653 -0.013732
17.232654 -0.014283
17.237655 -0.014834
17.242656 -0.015033
17.247656 -0.015782
17.252657 -0.015629
17.257658 -0.015475
17.262659 -0.014418
17.267659 -0.012809
17.272660 -0.011400
17.277661 -0.009791
17.282662 -0.007830
17.287663 -0.005318
17.292663 -0.003159
17.297664 -0.000096
17.302665 0.002064
17.307666 0.004774
17.312666 0.006581
17.317667 0.008939
17.322668 0.010394
17.327669 0.012047
17.332669 0.013149
17.337670 0.013899
17.342671 0.014649
17.347672 0.015597
17.352673 0.015994
17.357673 0.016039
17.362674 0.016635
17.367675 0.017032
17.372676 0.017077
17.377676 0.017673
17.382677 0.017519
17.387678 0.017917
17.392679 0.017962
17.397679 0.017808
17.402680 0.018205
17.407681 0.018955
17.412682 0.019705
17.417683 0.020102
17.422683 0.020300
17.427684 0.021050
17.432685 0.021800
17.437686 0.022550
17.442686 0.023652
17.447687 0.023850
17.452688 0.024049
17.457689 0.024248
17.462689 0.025350
17.467690 0.024799
17.472691 0.024446
17.477692 0.023895
17.482693 0.023344
17.487693 0.021890
17.492694 0.020236
17.497695 0.018583
17.502696 0.016930
17.507696 0.014725
17.512697 0.012169
17.517698 0.009413
17.522699 0.006305
17.527699 0.003197
17.532700 0.000089
17.537701 -0.002115
17.542702 -0.005223
17.547703 -0.007427
17.552703 -0.009433
17.557704 -0.011086
17.562705 -0.012387
17.567706 -0.013489
17.572706 -0.013688
17.577707 -0.013886
17.582708 -0.013534
17.587709 -0.012829
17.592709 -0.012477
17.597710 -0.011221
17.602711 -0.010516
17.607712 -0.009260
17.612713 -0.008555
17.617713 -0.008203
17.622714 -0.008049
17.627715 -0.008248
17.632716 -0.008094
17.637716 -0.008844
17.642717 -0.010144
17.647718 -0.010894
17.652719 -0.011996
17.657720 -0.013099
17.662720 -0.014201
17.667721 -0.015655
17.672722 -0.015655
17.677723 -0.016911
17.682723 -0.017264
17.687724 -0.017418
17.692725 -0.017219
17.697726 -0.017373
17.702726 -0.016975
17.707727 -0.017129
17.712728 -0.016380
17.717729 -0.015431
17.722730 -0.014681
17.727730 -0.013932
17.732731 -0.012278
17.737732 -0.011176
17.742733 -0.009523
17.747733 -0.008421
17.752734 -0.006966
17.757735 -0.004961
17.762736 -0.003307
17.767736 -0.001853
17.772737 -0.000046
17.777738 0.001960
17.782739 0.003415
17.787740 0.004318
17.792740 0.006125
17.797741 0.007029
17.802742 0.008285
17.807743 0.009188
17.812743 0.010444
17.817744 0.011700
17.822745 0.012052
17.827746 0.012757
17.832746 0.014013
17.837747 0.013814
17.842748 0.014167
17.847749 0.014872
17.852750 0.014673
17.857750 0.014673
17.862751 0.014122
17.867752 0.014122
17.872753 0.013218
17.877753 0.011962
17.882754 0.010707
17.887755 0.009451
17.892756 0.007842
17.897756 0.006234
17.902757 0.004625
17.907758 0.002466
17.912759 0.000505
17.917760 -0.001654
17.922760 -0.003263
17.927761 -0.005422
17.932762 -0.007031
17.937763 -0.008639
17.942763 -0.010799
17.947764 -0.012407
17.952765 -0.013464
17.957766 -0.014720
17.962766 -0.015778
17.967767 -0.016483
17.972768 -0.017540
17.977769 -0.017694
17.982770 -0.018399
17.987770 -0.018552
17.992771 -0.018706
17.997772 -0.017956
18.002773 -0.017758
18.007773 -0.017008
18.012774 -0.015906
18.017775 -0.015002
18.022776 -0.013900
18.027776 -0.012997
18.032777 -0.011741
18.037778 -0.010683
18.042779 -0.009626
18.047780 -0.008569
18.052780 -0.007159
18.057781 -0.006301
18.062782 -0.005442
18.067783 -0.003878
18.072783 -0.002667
18.077784 -0.001104
18.082785 0.000107
18.087786 0.001671
18.092787 0.003234
18.097787 0.004798
18.102788 0.006361
18.107789 0.007572
18.112790 0.009335
18.117790 0.010193
18.122791 0.011250
18.127792 0.012308
18.132793 0.013365
18.137793 0.013717
18.142794 0.014070
18.147795 0.014070
18.152796 0.014621
18.157797 0.014269
18.162797 0.013916
18.167798 0.013762
18.172799 0.013608
18.177800 0.013455
18.182800 0.013301
18.187801 0.012795
18.192802 0.012641
18.197803 0.012487
18.202803 0.011981
18.207804 0.011276
18.212805 0.010770
18.217806 0.010264
18.222807 0.009757
18.227807 0.008700
18.232808 0.007290
18.237809 0.006233
18.242810 0.004272
18.247810 0.002664
18.252811 0.000152
18.257812 -0.002008
18.262813 -0.004167
18.267813 -0.005974
18.272814 -0.007429
18.277815 -0.008884
18.282816 -0.010338
18.287817 -0.010889
18.292817 -0.011639
18.297818 -0.011287
18.302819 -0.010582
18.307820 -0.009877
18.312820 -0.008621
18.317821 -0.007365
18.322822 -0.005558
18.327823 -0.003751
18.332823 -0.002296
18.337824 -0.000842
18.342825 0.000260
18.347826 0.001363
18.352827 0.002465
18.357827 0.003016
18.362828 0.003214
18.367829 0.003061
18.372830 0.003259
18.377830 0.003458
18.382831 0.003105
18.387832 0.002401
18.392833 0.002048
18.397833 0.001696
18.402834 0.001343
18.407835 0.000440
18.412836 0.000638
18.417837 0.000286
18.422837 0.000837
18.427838 0.000485
18.432839 0.001036
18.437840 0.001785
18.442840 0.002336
18.447841 0.002888
18.452842 0.003439
18.457843 0.003990
18.462843 0.004541
18.467844 0.005444
18.472845 0.005797
18.477846 0.006149
18.482847 0.006854
18.487847 0.007206
18.492848 0.006809
18.497849 0.006610
18.502850 0.006213
18.507850 0.005265
18.512851 0.004515
18.517852 0.004118
18.522853 0.002817
18.527854 0.001868
18.532854 0.000766
18.537855 -0.000336
18.542856 -0.001438
18.547857 -0.002342
18.552857 -0.002694
18.557858 -0.003399
18.562859 -0.003905
18.567860 -0.004963
18.572860 -0.004918
18.577861 -0.004873
18.582862 -0.005379
18.587863 -0.005334
18.592864 -0.005488
18.597864 -0.005091
18.602865 -0.005245
18.607866 -0.005245
18.612867 -0.004694
18.617867 -0.003438
18.622868 -0.002733
18.627869 -0.002028
18.632870 -0.000419
18.637870 0.000990
18.642871 0.002048
18.647872 0.003105
18.652873 0.004713
18.657874 0.005418
18.662874 0.006123
18.667875 0.007379
18.672876 0.007731
18.677877 0.007180
18.682877 0.007180
18.687878 0.007180
18.692879 0.006828
18.697880 0.006277
18.702880 0.005373
18.707881 0.004822
18.712882 0.003918
18.717883 0.003015
18.722884 0.002464
18.727884 0.001362
18.732885 0.000811
18.737886 -0.000292
18.742887 -0.000843
18.747887 -0.001592
18.752888 -0.002144
18.757889 -0.002695
18.762890 -0.002893
18.767890 -0.003444
18.772891 -0.003444
18.777892 -0.003643
18.782893 -0.003291
18.787894 -0.003291
18.792894 -0.003489
18.797895 -0.003137
18.802896 -0.002983
18.807897 -0.002631
18.812897 -0.002477
18.817898 -0.001772
18.822899 -0.001420
18.827900 -0.001266
18.832900 -0.001465
18.837901 -0.001112
18.842902 -0.001663
18.847903 -0.002016
18.852904 -0.002016
18.857904 -0.002721
18.862905 -0.003073
18.867906 -0.003778
18.872907 -0.005034
18.877907 -0.005188
18.882908 -0.006245
18.887909 -0.006950
18.892910 -0.008206
18.897911 -0.008911
18.902911 -0.009814
18.907912 -0.010167
18.912913 -0.010519
18.917914 -0.011423
18.922914 -0.011775
18.927915 -0.012326
18.932916 -0.012326
18.937917 -0.012326
18.942917 -0.012877
18.947918 -0.012877
18.952919 -0.013429
18.957920 -0.013429
18.962921 -0.013429
18.967921 -0.013076
18.972922 -0.013076
18.977923 -0.013076
18.982924 -0.012173
18.987924 -0.011622
18.992925 -0.011070
18.997926 -0.010718
19.002927 -0.009616
19.007927 -0.009065
19.012928 -0.007610
19.017929 -0.006508
19.022930 -0.005053
19.027931 -0.003400
19.032931 -0.001946
19.037932 -0.000292
19.042933 0.001713
19.047934 0.003367
19.052934 0.005372
19.057935 0.007378
19.062936 0.009031
19.067937 0.010486
19.072937 0.011940
19.077938 0.013395
19.082939 0.014497
19.087940 0.015952
19.092941 0.016503
19.097941 0.017054
19.102942 0.017605
19.107943 0.018355
19.112944 0.018355
19.117944 0.018553
19.122945 0.018752
19.127946 0.018047
19.132947 0.017893
19.137947 0.017188
19.142948 0.017035
19.147949 0.016330
19.152950 0.015625
19.157951 0.014568
19.162951 0.013863
19.167952 0.013158
19.172953 0.011902
19.177954 0.011197
19.182954 0.010293
19.187955 0.009390
19.192956 0.008486
19.197957 0.008288
19.202957 0.007737
19.207958 0.007185
19.212959 0.006987
19.217960 0.006237
19.222961 0.006038
19.227961 0.005840
19.232962 0.005641
19.237963 0.005442
19.242964 0.005795
19.247964 0.004693
19.252965 0.004494
19.257966 0.003392
19.262967 0.002642
19.267967 0.001540
19.272968 0.000438
19.277969 -0.000665
19.282970 -0.002318
19.287971 -0.003619
19.292971 -0.004721
19.297972 -0.006022
19.302973 -0.007323
19.307974 -0.008623
19.312974 -0.009373
19.317975 -0.009770
19.322976 -0.010168
19.327977 -0.010565
19.332978 -0.010411
19.337978 -0.010809
19.342979 -0.010456
19.347980 -0.010302
19.352981 -0.009598
19.357981 -0.009796
19.362982 -0.009091
19.367983 -0.008739
19.372984 -0.008387
19.377984 -0.008387
19.382985 -0.008387
19.387986 -0.008387
19.392987 -0.008387
19.397988 -0.007836
19.402988 -0.008188
19.407989 -0.007989
19.412990 -0.008342
19.417991 -0.008694
19.422991 -0.008496
19.427992 -0.008297
19.432993 -0.008649
19.437994 -0.008451
19.442994 -0.007701
19.447995 -0.007855
19.452996 -0.007105
19.457997 -0.006355
19.462998 -0.005958
19.467998 -0.005759
19.472999 -0.005010
19.478000 -0.004061
19.483001 -0.003863
19.488001 -0.002562
19.493002 -0.002363
19.498003 -0.001261
19.503004 -0.000511
19.508004 0.000591
19.513005 0.001142
19.518006 0.002244
19.523007 0.003346
19.528008 0.003897
19.533008 0.004999
19.538009 0.005903
19.543010 0.007005
19.548011 0.007909
19.553011 0.009011
19.558012 0.009914
19.563013 0.010465
19.568014 0.011369
19.573014 0.012272
19.578015 0.012625
19.583016 0.013528
19.588017 0.013881
19.593018 0.014233
19.598018 0.013483
19.603019 0.012932
19.608020 0.012183
19.613021 0.011080
19.618021 0.009780
19.623022 0.008677
19.628023 0.007024
19.633024 0.005723
19.638024 0.004070
19.643025 0.002769
19.648026 0.001116
19.653027 0.000014
19.658028 -0.001640
19.663028 -0.002389
19.668029 -0.003492
19.673030 -0.004043
19.678031 -0.004241
19.683031 -0.004440
19.688032 -0.004440
19.693033 -0.003536
19.698034 -0.003536
19.703035 -0.003184
19.708035 -0.002281
19.713036 -0.001729
19.718037 -0.001377
19.723038 -0.000826
19.728038 -0.000275
19.733039 0.000629
19.738040 0.000276
19.743041 0.000827
19.748041 0.000827
19.753042 0.000475
19.758043 0.001026
19.763044 0.000673
19.768045 -0.000230
19.773045 -0.000583
19.778046 -0.001486
19.783047 -0.002191
19.788048 -0.003447
19.793048 -0.004703
19.798049 -0.005408
19.803050 -0.006664
19.808051 -0.008272
19.813051 -0.008977
19.818052 -0.010233
19.823053 -0.011290
19.828054 -0.011995
19.833055 -0.012700
19.838055 -0.013053
19.843056 -0.013757
19.848057 -0.013559
19.853058 -0.013911
19.858058 -0.013713
19.863059 -0.013162
19.868060 -0.012963
19.873061 -0.012412
19.878061 -0.012213
19.883062 -0.011662
19.888063 -0.011111
19.893064 -0.010560
19.898065 -0.009656
19.903065 -0.009105
19.908066 -0.008202
19.913067 -0.007298
19.918068 -0.007298
19.923068 -0.006042
19.928069 -0.005690
19.933070 -0.004082
19.938071 -0.003377
19.943071 -0.002672
19.948072 -0.001064
19.953073 0.000545
19.958074 0.001602
19.963075 0.003211
19.968075 0.004819
19.973076 0.005876
19.978077 0.007485
19.983078 0.009093
19.988078 0.010701
19.993079 0.011406
19.998080 0.012861
20.003081 0.014117
20.008081 0.014117
20.013082 0.015020
20.018083 0.015571
20.023084 0.015770
20.028085 0.015770
20.033085 0.015969
20.038086 0.016167
20.043087 0.016013
20.048088 0.015661
20.053088 0.015860
20.058089 0.015706
20.063090 0.015904
20.068091 0.015552
20.073091 0.015200
20.078092 0.014847
20.083093 0.014495
20.088094 0.014495
20.093095 0.014142
20.098095 0.013591
20.103096 0.012688
20.108097 0.012136
20.113098 0.011233
20.118098 0.010131
20.123099 0.009580
20.128100 0.009029
20.133101 0.007574
20.138102 0.007574
20.143102 0.006119
20.148103 0.005568
20.153104 0.005921
20.158105 0.005370
20.163105 0.004267
20.168106 0.004069
20.173107 0.002966
20.178108 0.002768
20.183108 0.002018
20.188109 0.000717
20.193110 -0.000033
20.198111 -0.001135
20.203112 -0.001884
20.208112 -0.003538
20.213113 -0.004089
20.218114 -0.005191
20.223115 -0.006646
20.228115 -0.007549
20.233116 -0.007902
20.238117 -0.008805
20.243118 -0.009510
20.248118 -0.010215
20.253119 -0.010369
20.258120 -0.010523
20.263121 -0.010676
20.268122 -0.011183
20.273122 -0.011336
20.278123 -0.011490
20.283124 -0.011996
20.288125 -0.012150
20.293125 -0.012304
20.298126 -0.012105
20.303127 -0.012810
20.308128 -0.012612
20.313128 -0.012964
20.318129 -0.012964
20.323130 -0.013316
20.328131 -0.013316
20.333132 -0.013669
20.338132 -0.013669
20.343133 -0.013118
20.348134 -0.012765
20.353135 -0.012765
20.358135 -0.012413
20.363136 -0.012061
20.368137 -0.011708
20.373138 -0.011356
20.378138 -0.011554
20.383139 -0.010850
20.388140 -0.010343
20.393141 -0.009638
20.398142 -0.009485
20.403142 -0.008979
20.408143 -0.008472
20.413144 -0.007767
20.418145 -0.007261
20.423145 -0.007107
20.428146 -0.006050
20.433147 -0.005345
20.438148 -0.004442
20.443148 -0.003737
20.448149 -0.002833
20.453150 -0.001379
20.458151 -0.000475
20.463152 0.000979
20.468152 0.002434
20.473153 0.003536
20.478154 0.004991
20.483155 0.006445
20.488155 0.007900
20.493156 0.008803
20.498157 0.010258
20.503158 0.011713
20.508159 0.012968
20.513159 0.014423
20.518160 0.015327
20.523161 0.016781
20.528162 0.017685
20.533162 0.018588
20.538163 0.018941
20.543164 0.019492
20.548165 0.019492
20.553165 0.019492
20.558166 0.019139
20.563167 0.018787
20.568168 0.017883
20.573169 0.016980
20.578169 0.015173
20.583170 0.013718
20.588171 0.011360
20.593172 0.009553
20.598172 0.007195
20.603173 0.005388
20.608174 0.003029
20.613175 0.000870
20.618175 -0.000937
20.623176 -0.003097
20.628177 -0.004705
20.633178 -0.006313
20.638179 -0.007371
20.643179 -0.008979
20.648180 -0.010036
20.653181 -0.010543
20.658182 -0.011049
20.663182 -0.011555
20.668183 -0.012061
20.673184 -0.012215
20.678185 -0.011818
20.683185 -0.011421
20.688186 -0.011574
20.693187 -0.010825
20.698188 -0.010075
20.703189 -0.009325
20.708189 -0.008223
20.713190 -0.007121
20.718191 -0.006019
20.723192 -0.004564
20.728192 -0.003462
20.733193 -0.001655
20.738194 0.000351
20.743195 0.001254
20.748195 0.003061
20.753196 0.004868
20.758197 0.006675
20.763198 0.007380
20.768199 0.008636
20.773199 0.009341
20.778200 0.010949
20.783201 0.011654
20.788202 0.012712
20.793202 0.012513
20.798203 0.013019
20.803204 0.012820
20.808205 0.012423
20.813205 0.012026
20.818206 0.010373
20.823207 0.009072
20.828208 0.008322
20.833209 0.006118
20.838209 0.003913
20.843210 0.002061
20.848211 -0.000143
20.853212 -0.002347
20.858212 -0.004904
20.863213 -0.006557
20.868214 -0.008762
20.873215 -0.010415
20.878215 -0.012068
20.883216 -0.013523
20.888217 -0.014625
20.893218 -0.015176
20.898219 -0.015529
20.903219 -0.015881
20.908220 -0.015330
20.913221 -0.014580
20.918222 -0.013831
20.923222 -0.013081
20.928223 -0.011780
20.933224 -0.010479
20.938225 -0.009178
20.943226 -0.007327
20.948226 -0.006026
20.953227 -0.004373
20.958228 -0.003072
20.963229 -0.001771
20.968229 -0.000316
20.973230 0.000786
20.978231 0.001888
20.983232 0.002439
20.988232 0.003695
20.993233 0.004599
20.998234 0.004951
21.003235 0.005656
21.008236 0.006361
21.013236 0.007066
21.018237 0.007418
21.023238 0.008123
21.028239 0.008277
21.033239 0.008981
21.038240 0.009135
21.043241 0.009289
21.048242 0.009443
21.053242 0.009597
21.058243 0.009750
21.063244 0.009001
21.068245 0.008603
21.073246 0.007853
21.078246 0.007104
21.083247 0.006553
21.088248 0.005803
21.093249 0.004701
21.098249 0.003599
21.103250 0.003047
21.108251 0.001945
21.113252 0.001042
21.118252 0.000138
21.123253 -0.000765
21.128254 -0.001470
21.133255 -0.001823
21.138256 -0.002528
21.143256 -0.002681
21.148257 -0.003386
21.153258 -0.003540
21.158259 -0.003694
21.163259 -0.003848
21.168260 -0.004001
21.173261 -0.004155
21.178262 -0.003957
21.183262 -0.004110
21.188263 -0.003912
21.193264 -0.003162
21.198265 -0.002963
21.203266 -0.003316
21.208266 -0.003117
21.213267 -0.002566
21.218268 -0.002566
21.223269 -0.002566
21.228269 -0.002566
21.233270 -0.002566
21.238271 -0.002015
21.243272 -0.002214
21.248272 -0.002214
21.253273 -0.002412
21.258274 -0.002060
21.263275 -0.002810
21.268276 -0.003361
21.273276 -0.003207
21.278277 -0.004309
21.283278 -0.004508
21.288279 -0.004707
21.293279 -0.004905
21.298280 -0.005655
21.303281 -0.005303
21.308282 -0.005854
21.313283 -0.006052
21.318283 -0.005700
21.323284 -0.005700
21.328285 -0.005348
21.333286 -0.004444
21.338286 -0.003893
21.343287 -0.002989
21.348288 -0.002086
21.353289 -0.000984
21.358289 0.000118
21.363290 0.001573
21.368291 0.003226
21.373292 0.004879
21.378293 0.006533
21.383293 0.007834
21.388294 0.008583
21.393295 0.010237
21.398296 0.011537
21.403296 0.012486
21.408297 0.012883
21.413298 0.013280
21.418299 0.013678
21.423299 0.013524
21.428300 0.013370
21.433301 0.012313
21.438302 0.011608
21.443303 0.011454
21.448303 0.010198
21.453304 0.008942
21.458305 0.007135
21.463306 0.006231
21.468306 0.004424
21.473307 0.002970
21.478308 0.001515
21.483309 0.000413
21.488309 -0.001042
21.493310 -0.003047
21.498311 -0.004150
21.503312 -0.005252
21.508313 -0.006354
21.513313 -0.006905
21.518314 -0.007104
21.523315 -0.007302
21.528316 -0.007501
21.533316 -0.008052
21.538317 -0.007700
21.543318 -0.007347
21.548319 -0.007546
21.553319 -0.007193
21.558320 -0.007392
21.563321 -0.007040
21.568322 -0.007591
21.573323 -0.007789
21.578323 -0.008341
21.583324 -0.008892
21.588325 -0.009443
21.593326 -0.009994
21.598326 -0.010897
21.603327 -0.011449
21.608328 -0.011449
21.613329 -0.011449
21.618329 -0.012000
21.623330 -0.011449
21.628331 -0.010545
21.633332 -0.009642
21.638333 -0.007835
21.643333 -0.006579
21.648334 -0.004772
21.653335 -0.002964
21.658336 -0.001157
21.663336 0.000451
21.668337 0.002059
21.673338 0.004219
21.678339 0.004924
21.683339 0.005628
21.688340 0.006686
21.693341 0.007038
21.698342 0.007192
21.703343 0.007544
21.708343 0.007346
21.713344 0.007147
21.718345 0.007499
21.723346 0.006948
21.728346 0.006397
21.733347 0.005846
21.738348 0.005846
21.743349 0.005846
21.748350 0.006397
21.753350 0.006045
21.758351 0.006596
21.763352 0.007499
21.768353 0.008050
21.773353 0.008602
21.778354 0.009153
21.783355 0.009704
21.788356 0.010607
21.793356 0.011158
21.798357 0.011709
21.803358 0.011357
21.808359 0.011357
21.813360 0.011908
21.818360 0.011555
21.823361 0.010652
21.828362 0.010300
21.833363 0.009947
21.838363 0.009044
21.843364 0.008140
21.848365 0.007236
21.853366 0.006333
21.858366 0.005077
21.863367 0.003622
21.868368 0.002719
21.873369 0.001463
21.878370 0.000559
21.883370 -0.000344
21.888371 -0.001248
21.893372 -0.001600
21.898373 -0.001953
21.903373 -0.002856
21.908374 -0.002856
21.913375 -0.003561
21.918376 -0.003914
21.923376 -0.004817
21.928377 -0.005170
21.933378 -0.005874
21.938379 -0.006579
21.943380 -0.007284
21.948380 -0.007989
21.953381 -0.008694
21.958382 -0.009399
21.963383 -0.010104
21.968383 -0.010257
21.973384 -0.010610
21.978385 -0.010764
21.983386 -0.010565
21.988386 -0.010918
21.993387 -0.010366
21.998388 -0.009815
22.003389 -0.009264
22.008390 -0.008361
22.013390 -0.007457
22.018391 -0.006554
22.023392 -0.006201
22.028393 -0.005497
22.033393 -0.004792
22.038394 -0.003536
22.043395 -0.003183
22.048396 -0.002478
22.053396 -0.001774
22.058397 -0.001972
22.063398 -0.001620
22.068399 -0.001818
22.073400 -0.001466
22.078400 -0.001665
22.083401 -0.001863
22.088402 -0.001511
22.093403 -0.002062
22.098403 -0.002261
22.103404 -0.002812
22.108405 -0.003363
22.113406 -0.003562
22.118407 -0.004113
22.123407 -0.004664
22.128408 -0.004862
22.133409 -0.005414
22.138410 -0.005965
22.143410 -0.005965
22.148411 -0.005612
22.153412 -0.005612
22.158413 -0.005061
22.163413 -0.005061
22.168414 -0.004158
22.173415 -0.003607
22.178416 -0.003056
22.183417 -0.002857
22.188417 -0.001755
22.193418 -0.001755
22.198419 -0.000653
22.203420 -0.000102
22.208420 0.000450
22.213421 0.001001
22.218422 0.002103
22.223423 0.002301
22.228423 0.003404
22.233424 0.003602
22.238425 0.004352
22.243426 0.005454
22.248427 0.006204
22.253427 0.006954
22.258428 0.007703
22.263429 0.008453
22.268430 0.009203
22.273430 0.009952
22.278431 0.010151
22.283432 0.010350
22.288433 0.011100
22.293433 0.010747
22.298434 0.010395
22.303435 0.009844
22.308436 0.009292
22.313437 0.008741
22.318437 0.008543
22.323438 0.007793
22.328439 0.007043
22.333440 0.006293
22.338440 0.005345
22.343441 0.004948
22.348442 0.003999
22.353443 0.003051
22.358443 0.003006
22.363444 0.002058
22.368445 0.001462
22.373446 0.000866
22.378447 0.000468
22.383447 -0.000128
22.388448 -0.000525
22.393449 -0.001473
22.398450 -0.002223
22.403450 -0.002620
22.408451 -0.002819
22.413452 -0.003018
22.418453 -0.003216
22.423453 -0.003216
22.428454 -0.002864
22.433455 -0.002864
22.438456 -0.002313
22.443457 -0.002114
22.448457 -0.001916
22.453458 -0.001365
22.458459 -0.000967
22.463460 -0.000218
22.468460 -0.000371
22.473461 0.000378
22.478462 0.000776
22.483463 0.001173
22.488463 0.001019
22.493464 0.001416
22.498465 0.000910
22.503466 0.001109
22.508467 0.001506
22.513467 0.000801
22.518468 0.000647
22.523469 0.000846
22.528470 -0.000057
22.533470 0.000494
22.538471 -0.000410
22.543472 -0.000410
22.548473 -0.000961
22.553474 -0.000609
22.558474 -0.001160
22.563475 -0.001358
22.568476 -0.001909
22.573477 -0.002108
22.578477 -0.002659
22.583478 -0.002858
22.588479 -0.002858
22.593480 -0.002858
22.598480 -0.002858
22.603481 -0.003210
22.608482 -0.002659
22.613483 -0.002659
22.618484 -0.002461
22.623484 -0.001910
22.628485 -0.000807
22.633486 -0.000609
22.638487 -0.000410
22.643487 -0.000211
22.648488 0.000340
22.653489 0.000538
22.658490 0.000737
22.663490 0.000583
22.668491 0.000231
22.673492 0.000077
22.678493 -0.000276
22.683494 -0.000628
22.688494 -0.001333
22.693495 -0.001685
22.698496 -0.002038
22.703497 -0.002941
22.708497 -0.002941
22.713498 -0.003492
22.718499 -0.004044
22.723500 -0.004595
22.728500 -0.004793
22.733501 -0.004793
22.738502 -0.004992
22.743503 -0.005191
22.748504 -0.004133
22.753504 -0.004332
22.758505 -0.003826
22.763506 -0.002769
22.768507 -0.002615
22.773507 -0.001558
22.778508 -0.000500
22.783509 0.000557
22.788510 0.000711
22.793510 0.001967
22.798511 0.003024
22.803512 0.003928
22.808513 0.004632
22.813514 0.005536
22.818514 0.006439
22.823515 0.007343
22.828516 0.008445
22.833517 0.009547
22.838517 0.009746
22.843518 0.010496
22.848519 0.011245
22.853520 0.011995
22.858520 0.012392
22.863521 0.012239
22.868522 0.012085
22.873523 0.011028
22.878524 0.010874
22.883524 0.011072
22.888525 0.009816
22.893526 0.009663
22.898527 0.008407
22.903527 0.007503
22.908528 0.007151
22.913529 0.005344
22.918530 0.004440
22.923530 0.002985
22.928531 0.001531
22.933532 0.000076
22.938533 -0.000827
22.943534 -0.002282
22.948534 -0.003737
22.953535 -0.005191
22.958536 -0.006844
22.963537 -0.007947
22.968537 -0.008696
22.973538 -0.009799
22.978539 -0.010548
22.983540 -0.011298
22.988541 -0.011695
22.993541 -0.011542
22.998542 -0.011939
23.003543 -0.011785
23.008544 -0.011631
23.013544 -0.010927
23.018545 -0.010773
23.023546 -0.010068
23.028547 -0.009716
23.033547 -0.008812
23.038548 -0.007909
23.043549 -0.007005
23.048550 -0.005903
23.053551 -0.004801
23.058551 -0.004051
23.063552 -0.002949
23.068553 -0.002199
23.073554 -0.000898
23.078554 -0.000149
23.083555 0.000954
23.088556 0.001703
23.093557 0.001902
23.098557 0.002453
23.103558 0.003004
23.108559 0.003555
23.113560 0.003555
23.118561 0.003555
23.123561 0.003357
23.128562 0.003158
23.133563 0.003158
23.138564 0.002959
23.143564 0.002408
23.148565 0.002209
23.153566 0.002209
23.158567 0.001658
23.163567 0.001460
23.168568 0.000909
23.173569 0.000909
23.178570 0.000357
23.183571 0.000710
23.188571 0.000159
23.193572 0.000159
23.198573 0.000159
23.203574 -0.000392
23.208574 -0.000392
23.213575 -0.000591
23.218576 -0.000591
23.223577 -0.000943
23.228577 -0.001495
23.233578 -0.001495
23.238579 -0.001495
23.243580 -0.001847
23.248581 -0.001296
23.253581 -0.001648
23.258582 -0.001450
23.263583 -0.001251
23.268584 -0.001604
23.273584 -0.001405
23.278585 -0.001559
23.283586 -0.001360
23.288587 -0.002065
23.293587 -0.001866
23.298588 -0.002219
23.303589 -0.002571
23.308590 -0.002571
23.313591 -0.002924
23.318591 -0.003475
23.323592 -0.003475
23.328593 -0.002924
23.333594 -0.002924
23.338594 -0.002571
23.343595 -0.002571
23.348596 -0.002219
23.353597 -0.001668
23.358598 -0.000764
23.363598 -0.000412
23.368599 0.000139
23.373600 0.001594
23.378601 0.002145
23.383601 0.002696
23.388602 0.003247
23.393603 0.003247
23.398604 0.003798
23.403604 0.003798
23.408605 0.004349
23.413606 0.003997
23.418607 0.003997
23.423608 0.003644
23.428608 0.003644
23.433609 0.003292
23.438610 0.002939
23.443611 0.003490
23.448611 0.003138
23.453612 0.003138
23.458613 0.002785
23.463614 0.002234
23.468614 0.001882
23.473615 0.000978
23.478616 0.000626
23.483617 0.000273
23.488618 -0.000630
23.493618 -0.000983
23.498619 -0.001534
23.503620 -0.002437
23.508621 -0.003341
23.513621 -0.003892
23.518622 -0.004443
23.523623 -0.005346
23.528624 -0.005898
23.533624 -0.006449
23.538625 -0.006647
23.543626 -0.007198
23.548627 -0.007397
23.553628 -0.007596
23.558628 -0.007243
23.563629 -0.007442
23.568630 -0.007641
23.573631 -0.007288
23.578631 -0.006936
23.583632 -0.006583
23.588633 -0.005878
23.593634 -0.005526
23.598634 -0.004270
23.603635 -0.003918
23.608636 -0.002662
23.613637 -0.001406
23.618638 -0.000502
23.623638 0.001305
23.628639 0.002561
23.633640 0.004368
23.638641 0.005624
23.643641 0.006527
23.648642 0.007783
23.653643 0.009039
23.658644 0.009943
23.663644 0.010647
23.668645 0.011551
23.673646 0.011352
23.678647 0.011352
23.683648 0.011154
23.688648 0.011154
23.693649 0.010955
23.698650 0.010404
23.703651 0.009853
23.708651 0.009302
23.713652 0.008398
23.718653 0.007847
23.723654 0.006943
23.728654 0.005489
23.733655 0.004585
23.738656 0.003682
23.743657 0.002426
23.748658 0.001522
23.753658 0.000817
23.758659 -0.000439
23.763660 -0.001143
23.768661 -0.001848
23.773661 -0.002906
23.778662 -0.003963
23.783663 -0.004668
23.788664 -0.005373
23.793665 -0.006078
23.798665 -0.006231
23.803666 -0.006936
23.808667 -0.006738
23.813668 -0.007090
23.818668 -0.006891
23.823669 -0.006340
23.828670 -0.005789
23.833671 -0.005789
23.838671 -0.005238
23.843672 -0.004136
23.848673 -0.003233
23.853674 -0.002682
23.858675 -0.001778
23.863675 -0.000323
23.868676 0.000779
23.873677 0.001682
23.878678 0.002784
23.883678 0.003688
23.888679 0.004790
23.893680 0.005143
23.898681 0.005694
23.903681 0.006046
23.908682 0.006046
23.913683 0.006398
23.918684 0.005847
23.923685 0.006200
23.928685 0.005450
23.933686 0.005802
23.938687 0.005053
23.943688 0.004502
23.948688 0.003752
23.953689 0.003002
23.958690 0.002803
23.963691 0.002054
23.968691 0.000951
23.973692 0.000753
23.978693 -0.000349
23.983694 -0.000900
23.988695 -0.001452
23.993695 -0.002003
23.998696 -0.002554
24.003697 -0.003105
24.008698 -0.003105
24.013698 -0.003656
24.018699 -0.003656
24.023700 -0.003656
24.028701 -0.003656
24.033701 -0.003304
24.038702 -0.002753
24.043703 -0.002753
24.048704 -0.002201
24.053705 -0.001650
24.058705 -0.001298
24.063706 -0.000747
24.068707 -0.000196
24.073708 0.000708
24.078708 0.000708
24.083709 0.001259
24.088710 0.001611
24.093711 0.001060
24.098711 0.001060
24.103712 0.001412
24.108713 0.001412
24.113714 0.000861
24.118715 0.000861
24.123715 0.000861
24.128716 0.000310
24.133717 0.000310
24.138718 -0.000042
24.143718 0.000509
24.148719 0.000156
24.153720 0.000156
24.158721 0.000355
24.163722 0.000554
24.168722 0.000201
24.173723 0.000400
24.178724 0.000599
24.183725 0.000246
24.188725 0.000445
24.193726 0.000092
24.198727 0.000291
24.203728 -0.000062
24.208728 -0.000414
24.213729 -0.000766
24.218730 -0.001119
24.223731 -0.001471
24.228732 -0.001824
24.233732 -0.002727
24.238733 -0.003080
24.243734 -0.003631
24.248735 -0.003983
24.253735 -0.004534
24.258736 -0.004887
24.263737 -0.005239
24.268738 -0.005790
24.273738 -0.005790
24.278739 -0.006143
24.283740 -0.006143
24.288741 -0.006143
24.293742 -0.006495
24.298742 -0.006495
24.303743 -0.006495
24.308744 -0.005944
24.313745 -0.005592
24.318745 -0.005041
24.323746 -0.005041
24.328747 -0.004137
24.333748 -0.003785
24.338748 -0.003234
24.343749 -0.002881
24.348750 -0.002177
24.353751 -0.001273
24.358752 -0.000921
24.363752 -0.000216
24.368753 0.000688
24.373754 0.001393
24.378755 0.001745
24.383755 0.002649
24.388756 0.003353
24.393757 0.003706
24.398758 0.004257
24.403758 0.004257
24.408759 0.004609
24.413760 0.004609
24.418761 0.004808
24.423762 0.004456
24.428762 0.004103
24.433763 0.003751
24.438764 0.003398
24.443765 0.002693
24.448765 0.002892
24.453766 0.002539
24.458767 0.002187
24.463768 0.001284
24.468768 0.000931
24.473769 0.000579
24.478770 0.000226
24.483771 0.000777
24.488772 0.000425
24.493772 0.000425
24.498773 0.000425
24.503774 0.000777
24.508775 0.001328
24.513775 0.001328
24.518776 0.002232
24.523777 0.002232
24.528778 0.002584
24.533778 0.002937
24.538779 0.002937
24.543780 0.002738
24.548781 0.003090
24.553782 0.003443
24.558782 0.003244
24.563783 0.003597
24.568784 0.003199
24.573785 0.003552
24.578785 0.003353
24.583786 0.003154
24.588787 0.002757
24.593788 0.002558
24.598789 0.002360
24.603789 0.001610
24.608790 0.001059
24.613791 0.000860
24.618792 0.000309
24.623792 0.000110
24.628793 0.000110
24.633794 -0.000793
24.638795 -0.001344
24.643795 -0.001895
24.648796 -0.002248
24.653797 -0.002799
24.658798 -0.003151
24.663799 -0.004055
24.668799 -0.004407
24.673800 -0.004760
24.678801 -0.005311
24.683802 -0.005663
24.688802 -0.005663
24.693803 -0.006016
24.698804 -0.006567
24.703805 -0.006016
24.708805 -0.006368
24.713806 -0.006016
24.718807 -0.006016
24.723808 -0.006016
24.728809 -0.005663
24.733809 -0.005663
24.738810 -0.005311
24.743811 -0.004760
24.748812 -0.004209
24.753812 -0.003856
24.758813 -0.002953
24.763814 -0.002402
24.768815 -0.001498
24.773815 -0.000396
24.778816 0.000507
24.783817 0.001058
24.788818 0.001962
24.793819 0.003064
24.798819 0.003615
24.803820 0.004717
24.808821 0.005621
24.813822 0.006172
24.818822 0.006371
24.823823 0.006922
24.828824 0.008024
24.833825 0.008222
24.838825 0.008421
24.843826 0.008421
24.848827 0.008620
24.853828 0.007915
24.858829 0.008466
24.863829 0.008664
24.868830 0.008312
24.873831 0.007960
24.878832 0.007607
24.883832 0.007255
24.888833 0.006351
24.893834 0.006351
24.898835 0.004897
24.903835 0.004345
24.908836 0.003794
24.913837 0.002692
24.918838 0.002141
24.923839 0.001590
24.928839 0.000488
24.933840 0.000840
24.938841 -0.000262
24.943842 -0.000262
24.948842 -0.000813
24.953843 -0.001364
24.958844 -0.001915
24.963845 -0.001915
24.968846 -0.002819
24.973846 -0.003171
24.978847 -0.003722
24.983848 -0.004075
24.988849 -0.004427
24.993849 -0.004780
24.998850 -0.006036
25.003851 -0.006388
25.008852 -0.006741
25.013852 -0.007445
25.018853 -0.007798
25.023854 -0.008150
25.028855 -0.008855
25.033856 -0.008657
25.038856 -0.009009
25.043857 -0.008810
25.048858 -0.008810
25.053859 -0.008259
25.058859 -0.008061
25.063860 -0.007510
25.068861 -0.006959
25.073862 -0.006055
25.078862 -0.005504
25.083863 -0.004600
25.088864 -0.003697
25.093865 -0.002441
25.098866 -0.001538
25.103866 -0.000282
25.108867 0.000071
25.113868 0.001327
25.118869 0.001679
25.123869 0.002384
25.128870 0.002736
25.133871 0.003441
25.138872 0.003243
25.143872 0.003595
25.148873 0.003948
25.153874 0.003948
25.158875 0.003749
25.163876 0.003749
25.168876 0.003749
25.173877 0.003198
25.178878 0.003198
25.183879 0.002647
25.188879 0.002448
25.193880 0.001897
25.198881 0.001897
25.203882 0.001346
25.208882 0.000795
25.213883 0.000244
25.218884 0.000045
25.223885 -0.000859
25.228886 -0.000506
25.233886 -0.001057
25.238887 -0.001057
25.243888 -0.001608
25.248889 -0.001256
25.253889 -0.001256
25.258890 -0.000904
25.263891 -0.000904
25.268892 -0.000904
25.273892 -0.000551
25.278893 -0.000199
25.283894 0.000352
25.288895 0.000154
25.293896 0.000506
25.298896 0.000506
25.303897 0.000858
25.308898 0.001211
25.313899 0.001563
25.318899 0.001365
25.323900 0.001717
25.328901 0.002069
25.333902 0.001871
25.338902 0.002774
25.343903 0.003127
25.348904 0.003127
25.353905 0.002928
25.358906 0.003479
25.363906 0.003479
25.368907 0.003127
25.373908 0.003678
25.378909 0.003325
25.383909 0.002973
25.388910 0.003171
25.393911 0.002819
25.398912 0.002467
25.403913 0.002114
25.408913 0.001960
25.413914 0.001608
25.418915 0.001255
25.423916 0.000903
25.428916 0.000198
25.433917 -0.000154
25.438918 -0.000507
25.443919 -0.000308
25.448919 -0.001212
25.453920 -0.000661
25.458921 -0.001013
25.463922 -0.000814
25.468923 -0.000263
25.473923 0.000288
25.478924 0.000486
25.483925 0.000685
25.488926 0.001236
25.493926 0.001787
25.498927 0.002338
25.503928 0.002889
25.508929 0.002889
25.513929 0.003440
25.518930 0.003991
25.523931 0.003639
25.528932 0.004543
25.533933 0.004190
25.538933 0.004190
25.543934 0.004190
25.548935 0.004741
25.553936 0.004389
25.558936 0.003485
25.563937 0.003485
25.568938 0.002031
25.573939 0.001678
25.578939 0.000775
25.583940 0.000223
25.588941 -0.000680
25.593942 -0.001033
25.598943 -0.001936
25.603943 -0.002289
25.608944 -0.002840
25.613945 -0.003391
25.618946 -0.003942
25.623946 -0.003589
25.628947 -0.004140
25.633948 -0.004339
25.638949 -0.004538
25.643949 -0.004736
25.648950 -0.005486
25.653951 -0.005685
25.658952 -0.005531
25.663953 -0.005377
25.668953 -0.005576
25.673954 -0.004871
25.678955 -0.005070
25.683956 -0.004365
25.688956 -0.004564
25.693957 -0.004211
25.698958 -0.003859
25.703959 -0.002955
25.708959 -0.002603
25.713960 -0.001699
25.718961 -0.001699
25.723962 -0.000796
25.728963 0.000108
25.733963 0.000659
25.738964 0.001210
25.743965 0.001960
25.748966 0.002511
25.753966 0.002709
25.758967 0.003811
25.763968 0.004010
25.768969 0.004209
25.773970 0.004606
25.778970 0.004805
25.783971 0.004651
25.788972 0.004497
25.793973 0.003792
25.798973 0.003638
25.803974 0.002933
25.808975 0.001678
25.813976 0.000620
25.818976 -0.000085
25.823977 -0.001341
25.828978 -0.002046
25.833979 -0.002949
25.838980 -0.004205
25.843980 -0.004557
25.848981 -0.005262
25.853982 -0.005813
25.858983 -0.006717
25.863983 -0.007268
25.868984 -0.007268
25.873985 -0.008018
25.878986 -0.007665
25.883986 -0.008063
25.888987 -0.008261
25.893988 -0.008108
25.898989 -0.007954
25.903990 -0.008153
25.908990 -0.007095
25.913991 -0.006941
25.918992 -0.006237
25.923993 -0.006083
25.928993 -0.005026
25.933994 -0.004872
25.938995 -0.004167
25.943996 -0.003815
25.948996 -0.003661
25.953997 -0.002956
25.958998 -0.002052
25.963999 -0.001348
25.969000 -0.001546
25.974000 -0.001194
25.979001 0.000062
25.984002 0.000415
25.989003 0.000415
25.994003 0.000767
25.999004 0.001671
26.004005 0.002023
26.009006 0.002574
26.014006 0.002926
26.019007 0.003478
26.024008 0.004029
26.029009 0.004029
26.034010 0.004227
26.039010 0.004227
26.044011 0.004426
26.049012 0.004977
26.054013 0.004624
26.059013 0.004272
26.064014 0.004823
26.069015 0.004471
26.074016 0.004118
26.079016 0.003766
26.084017 0.003215
26.089018 0.002862
26.094019 0.002862
26.099020 0.002510
26.104020 0.002157
26.109021 0.002157
26.114022 0.001606
26.119023 0.001805
26.124023 0.001254
26.129024 0.001805
26.134025 0.001452
26.139026 0.002003
26.144026 0.002003
26.149027 0.002202
26.154028 0.002202
26.159029 0.003304
26.164030 0.003855
26.169030 0.004406
26.174031 0.004054
26.179032 0.005156
26.184033 0.004804
26.189033 0.005355
26.194034 0.005553
26.199035 0.006104
26.204036 0.005752
26.209037 0.005951
26.214037 0.005598
26.219038 0.005797
26.224039 0.005444
26.229040 0.004739
26.234040 0.004387
26.239041 0.004233
26.244042 0.003528
26.249043 0.003176
26.254043 0.001920
26.259044 0.001567
26.264045 0.000312
26.269046 -0.000041
26.274047 -0.000393
26.279047 -0.001297
26.284048 -0.001649
26.289049 -0.002200
26.294050 -0.002200
26.299050 -0.002200
26.304051 -0.002752
26.309052 -0.002399
26.314053 -0.002598
26.319053 -0.002598
26.324054 -0.002797
26.329055 -0.002995
26.334056 -0.002290
26.339057 -0.002489
26.344057 -0.002335
26.349058 -0.002181
26.354059 -0.001477
26.359060 -0.001675
26.364060 -0.001874
26.369061 -0.001169
26.374062 -0.001368
26.379063 -0.001566
26.384063 -0.001765
26.389064 -0.001413
26.394065 -0.001964
26.399066 -0.001964
26.404067 -0.001964
26.409067 -0.001964
26.414068 -0.002515
26.419069 -0.002515
26.424070 -0.002515
26.429070 -0.002867
26.434071 -0.002867
26.439072 -0.003418
26.444073 -0.003066
26.449073 -0.003066
26.454074 -0.002714
26.459075 -0.002714
26.464076 -0.002912
26.469077 -0.002912
26.474077 -0.002560
26.479078 -0.002560
26.484079 -0.003111
26.489080 -0.002759
26.494080 -0.002759
26.499081 -0.002759
26.504082 -0.002208
26.509083 -0.002208
26.514083 -0.002560
26.519084 -0.002009
26.524085 -0.001810
26.529086 -0.002163
26.534087 -0.001612
26.539087 -0.001413
26.544088 -0.001214
26.549089 -0.001016
26.554090 -0.000817
26.559090 -0.001170
26.564091 -0.000067
26.569092 -0.000420
26.574093 0.000131
26.579093 0.000682
26.584094 0.000881
26.589095 0.001785
26.594096 0.002336
26.599097 0.002887
26.604097 0.003438
26.609098 0.004341
26.614099 0.004341
26.619100 0.004892
26.624100 0.005796
26.629101 0.005796
26.634102 0.005796
26.639103 0.006347
26.644104 0.006347
26.649104 0.006347
26.654105 0.006347
26.659106 0.005796
26.664107 0.005245
26.669107 0.004694
26.674108 0.003591
26.679109 0.003040
26.684110 0.001586
26.689110 0.001035
26.694111 0.000285
26.699112 -0.000817
26.704113 -0.002272
26.709114 -0.003022
26.714114 -0.003573
26.719115 -0.004323
26.724116 -0.005425
26.729117 -0.006175
26.734117 -0.006726
26.739118 -0.007475
26.744119 -0.007674
26.749120 -0.007873
26.754120 -0.008071
26.759121 -0.008270
26.764122 -0.007565
26.769123 -0.007764
26.774124 -0.007411
26.779124 -0.007059
26.784125 -0.006354
26.789126 -0.006002
26.794127 -0.005649
26.799127 -0.004746
26.804128 -0.004746
26.809129 -0.003842
26.814130 -0.003291
26.819130 -0.002740
26.824131 -0.002189
26.829132 -0.001439
26.834133 -0.000888
26.839134 -0.000139
26.844134 0.000611
26.849135 0.001361
26.854136 0.002111
26.859137 0.002860
26.864137 0.003258
26.869138 0.004007
26.874139 0.005308
26.879140 0.005705
26.884140 0.006455
26.889141 0.006654
26.894142 0.007404
26.899143 0.007250
26.904144 0.007999
26.909144 0.007295
26.914145 0.006590
26.919146 0.006788
26.924147 0.006083
26.929147 0.005731
26.934148 0.005026
26.939149 0.004674
26.944150 0.004321
26.949150 0.003969
26.954151 0.003065
26.959152 0.002162
26.964153 0.002162
26.969154 0.001809
26.974154 0.001258
26.979155 0.001258
26.984156 0.000707
26.989157 0.000707
26.994157 0.001059
26.999158 0.000861
27.004159 0.000310
27.009160 0.000111
27.014161 -0.000088
27.019161 0.000066
27.024162 -0.000133
27.029163 0.000220
27.034164 0.000374
27.039164 0.000175
27.044165 0.000329
27.049166 0.000681
27.054167 0.001386
27.059167 0.001540
27.064168 0.001892
27.069169 0.002046
27.074170 0.002398
27.079171 0.002751
27.084171 0.002552
27.089172 0.002905
27.094173 0.002706
27.099174 0.002706
27.104174 0.002155
27.109175 0.002155
27.114176 0.001604
27.119177 0.001251
27.124177 0.000700
27.129178 0.000348
27.134179 -0.000556
27.139180 -0.000908
27.144181 -0.001613
27.149181 -0.001966
27.154182 -0.002318
27.159183 -0.002670
27.164184 -0.003023
27.169184 -0.003375
27.174185 -0.003728
27.179186 -0.003728
27.184187 -0.004080
27.189187 -0.004080
27.194188 -0.003882
27.199189 -0.003882
27.204190 -0.003882
27.209191 -0.003882
27.214191 -0.003882
27.219192 -0.003882
27.224193 -0.002978
27.229194 -0.003177
27.234194 -0.003177
27.239195 -0.002824
27.244196 -0.002824
27.249197 -0.002472
27.254197 -0.002671
27.259198 -0.002318
27.264199 -0.002318
27.269200 -0.002517
27.274201 -0.003068
27.279201 -0.003068
27.284202 -0.003267
27.289203 -0.003267
27.294204 -0.003818
27.299204 -0.004170
27.304205 -0.004721
27.309206 -0.004721
27.314207 -0.004721
27.319207 -0.005074
27.324208 -0.005074
27.329209 -0.005074
27.334210 -0.005426
27.339211 -0.004875
27.344211 -0.004324
27.349212 -0.003773
27.354213 -0.003574
27.359214 -0.003574
27.364214 -0.003023
27.369215 -0.002472
27.374216 -0.001370
27.379217 -0.000819
27.384217 -0.000268
27.389218 0.000283
27.394219 0.000834
27.399220 0.000834
27.404221 0.001385
27.409221 0.001385
27.414222 0.002289
27.419223 0.002289
27.424224 0.002840
27.429224 0.002840
27.434225 0.003743
27.439226 0.003743
27.444227 0.003743
27.449228 0.003743
27.454228 0.004096
27.459229 0.004647
27.464230 0.004647
27.469231 0.004647
27.474231 0.005198
27.479232 0.005198
27.484233 0.005198
27.489234 0.005550
27.494234 0.006101
27.499235 0.006101
27.504236 0.006101
27.509237 0.005550
27.514238 0.005903
27.519238 0.005550
27.524239 0.004999
27.529240 0.005351
27.534241 0.004800
27.539241 0.004800
27.544242 0.004800
27.549243 0.003897
27.554244 0.003346
27.559244 0.003346
27.564245 0.002442
27.569246 0.001891
27.574247 0.000987
27.579248 0.000987
27.584248 0.000084
27.589249 -0.001018
27.594250 -0.001371
27.599251 -0.001922
27.604251 -0.002473
27.609252 -0.003024
27.614253 -0.003575
27.619254 -0.004126
27.624254 -0.004677
27.629255 -0.004325
27.634256 -0.004876
27.639257 -0.004524
27.644258 -0.004524
27.649258 -0.004171
27.654259 -0.003819
27.659260 -0.003466
27.664261 -0.003466
27.669261 -0.003114
27.674262 -0.002210
27.679263 -0.001659
27.684264 -0.000756
27.689264 -0.000756
27.694265 -0.000205
27.699266 0.000346
27.704267 0.000897
27.709268 0.001096
27.714268 0.001647
27.719269 0.001846
27.724270 0.002044
27.729271 0.002243
27.734271 0.002442
27.739272 0.002640
27.744273 0.002288
27.749274 0.001935
27.754274 0.002134
27.759275 0.001429
27.764276 0.001077
27.769277 0.000724
27.774278 -0.000179
27.779278 0.000019
27.784279 -0.000884
27.789280 -0.000884
27.794281 -0.001237
27.799281 -0.001788
27.804282 -0.002140
27.809283 -0.002691
27.814284 -0.002691
27.819285 -0.003242
27.824285 -0.003242
27.829286 -0.003441
27.834287 -0.003441
27.839288 -0.003441
27.844288 -0.003640
27.849289 -0.004191
27.854290 -0.004191
27.859291 -0.003838
27.864291 -0.004037
27.869292 -0.004037
27.874293 -0.003685
27.879294 -0.003685
27.884295 -0.003332
27.889295 -0.003332
27.894296 -0.002980
27.899297 -0.002429
27.904298 -0.002076
27.909298 -0.001724
27.914299 -0.001371
27.919300 -0.000820
27.924301 -0.000468
27.929301 0.000436
27.934302 0.000788
27.939303 0.001140
27.944304 0.001493
27.949305 0.002396
27.954305 0.002749
27.959306 0.002550
27.964307 0.002902
27.969308 0.003255
27.974308 0.003607
27.979309 0.003409
27.984310 0.003761
27.989311 0.003761
27.994311 0.003562
27.999312 0.003562
28.004313 0.003562
28.009314 0.003562
28.014315 0.003562
28.019315 0.003562
28.024316 0.003761
28.029317 0.003409
28.034318 0.003409
28.039318 0.003607
28.044319 0.003806
28.049320 0.003453
28.054321 0.003300
28.059321 0.003498
28.064322 0.003146
28.069323 0.003344
28.074324 0.002992
28.079325 0.002287
28.084325 0.002486
28.089326 0.002133
28.094327 0.001428
28.099328 0.001627
28.104328 0.001275
28.109329 0.000922
28.114330 0.000570
28.119331 0.000570
28.124331 0.000217
28.129332 -0.000334
28.134333 -0.000686
28.139334 -0.000686
28.144335 -0.001237
28.149335 -0.001789
28.154336 -0.001987
28.159337 -0.002538
28.164338 -0.002737
28.169338 -0.003288
28.174339 -0.003487
28.179340 -0.003685
28.184341 -0.003884
28.189341 -0.004435
28.194342 -0.004634
28.199343 -0.004833
28.204344 -0.004480
28.209345 -0.004480
28.214345 -0.004128
28.219346 -0.004326
28.224347 -0.003775
28.229348 -0.003423
28.234348 -0.003423
28.239349 -0.002872
28.244350 -0.002519
28.249351 -0.002519
28.254352 -0.001968
28.259352 -0.001968
28.264353 -0.001065
28.269354 -0.000514
28.274355 -0.000514
28.279355 0.000037
28.284356 0.000588
28.289357 0.001139
28.294358 0.001691
28.299358 0.001691
28.304359 0.002242
28.309360 0.002440
28.314361 0.002440
28.319362 0.002991
28.324362 0.002639
28.329363 0.003190
28.334364 0.003190
28.339365 0.003389
28.344365 0.003389
28.349366 0.003940
28.354367 0.004491
28.359368 0.004491
28.364368 0.004491
28.369369 0.004491
28.374370 0.004491
28.379371 0.005394
28.384372 0.004843
28.389372 0.004843
28.394373 0.005196
28.399374 0.005195
28.404375 0.004997
28.409375 0.004997
28.414376 0.004997
28.419377 0.004798
28.424378 0.004798
28.429378 0.004798
28.434379 0.004247
28.439380 0.004247
28.444381 0.003696
28.449382 0.003145
28.454382 0.003145
28.459383 0.002594
28.464384 0.001690
28.469385 0.001690
28.474385 0.001139
28.479386 0.000236
28.484387 -0.000117
28.489388 -0.000668
28.494388 -0.001572
28.499389 -0.002123
28.504390 -0.002475
28.509391 -0.003379
28.514392 -0.004282
28.519392 -0.004635
28.524393 -0.005538
28.529394 -0.006442
28.534395 -0.006794
28.539395 -0.007698
28.544396 -0.008249
28.549397 -0.008601
28.554398 -0.009505
28.559398 -0.009505
28.564399 -0.010408
28.569400 -0.010408
28.574401 -0.010408
28.579402 -0.010408
28.584402 -0.010408
28.589403 -0.010408
28.594404 -0.010056
28.599405 -0.009505
28.604405 -0.009152
28.609406 -0.009152
28.614407 -0.008249
28.619408 -0.007897
28.624409 -0.007345
28.629409 -0.006993
28.634410 -0.006090
28.639411 -0.005186
28.644412 -0.004834
28.649412 -0.003930
28.654413 -0.003027
28.659414 -0.002475
28.664415 -0.001572
28.669415 -0.000668
28.674416 0.000235
28.679417 0.000786
28.684418 0.001690
28.689419 0.002241
28.694419 0.002593
28.699420 0.003144
28.704421 0.003497
28.709422 0.004048
28.714422 0.004599
28.719423 0.004951
28.724424 0.005502
28.729425 0.005502
28.734425 0.005502
28.739426 0.006053
28.744427 0.006053
28.749428 0.006053
28.754429 0.006053
28.759429 0.006604
28.764430 0.006053
28.769431 0.006053
28.774432 0.005502
28.779432 0.005150
28.784433 0.005150
28.789434 0.004599
28.794435 0.004599
28.799435 0.004599
28.804436 0.004047
28.809437 0.004047
28.814438 0.004047
28.819439 0.003496
28.824439 0.003496
28.829440 0.003496
28.834441 0.002945
28.839442 0.002945
28.844442 0.003298
28.849443 0.002747
28.854444 0.002746
28.859445 0.002746
28.864445 0.002195
28.869446 0.002548
28.874447 0.002195
28.879448 0.002195
28.884449 0.002195
28.889449 0.002195
28.894450 0.001843
28.899451 0.001843
28.904452 0.001292
28.909452 0.000939
28.914453 0.000587
28.919454 0.000587
28.924455 0.000234
28.929455 -0.000317
28.934456 -0.000669
28.939457 -0.001573
28.944458 -0.002124
28.949459 -0.002476
28.954459 -0.003027
28.959460 -0.003380
28.964461 -0.003931
28.969462 -0.003931
28.974462 -0.004482
28.979463 -0.004482
28.984464 -0.004482
28.989465 -0.004482
28.994465 -0.004482
28.999466 -0.004482
29.004467 -0.004130
29.009468 -0.004130
29.014469 -0.003579
29.019469 -0.003579
29.024470 -0.002675
29.029471 -0.002675
29.034472 -0.002124
29.039472 -0.001220
29.044473 -0.000669
29.049474 -0.000118
29.054475 -0.000118
29.059476 0.000080
29.064476 0.000631
29.069477 0.000631
29.074478 0.001182
29.079479 0.001381
29.084479 0.001580
29.089480 0.001580
29.094481 0.001778
29.099482 0.001778
29.104482 0.001977
29.109483 0.001977
29.114484 0.001625
29.119485 0.001272
29.124486 0.001823
29.129486 0.001471
29.134487 0.001471
29.139488 0.001471
29.144489 0.001471
29.149489 0.000920
29.154490 0.000920
29.159491 0.000920
29.164492 0.001272
29.169492 0.000721
29.174493 0.000721
29.179494 0.000522
29.184495 -0.000029
29.189496 -0.000029
29.194496 -0.000580
29.199497 -0.000779
29.204498 -0.000779
29.209499 -0.000779
29.214499 -0.000977
29.219500 -0.000977
29.224501 -0.000977
29.229502 -0.001176
29.234502 -0.001176
29.239503 -0.001176
29.244504 -0.000824
29.249505 -0.000471
29.254506 -0.000471
29.259506 -0.000119
29.264507 -0.000119
29.269508 0.000234
29.274509 0.000586
29.279509 0.000586
29.284510 0.000938
29.289511 0.000938
29.294512 0.001842
29.299512 0.001842
29.304513 0.001842
29.309514 0.002194
29.314515 0.002194
29.319516 0.002194
29.324516 0.002194
29.329517 0.002547
29.334518 0.002547
29.339519 0.002547
29.344519 0.002547
29.349520 0.002899
29.354521 0.002348
29.359522 0.002348
29.364522 0.002348
29.369523 0.001797
29.374524 0.001797
29.379525 0.001797
29.384526 0.000893
29.389526 0.000893
29.394527 0.000893
29.399528 0.000541
29.404529 0.000541
29.409529 0.000188
29.414530 -0.000164
29.419531 -0.000164
29.424532 0.000035
29.429533 0.000035
29.434533 -0.000318
29.439534 0.000233
29.444535 -0.000119
29.449536 -0.000119
29.454536 -0.000472
29.459537 0.000079
29.464538 -0.000273
29.469539 -0.000273
29.474539 -0.000273
29.479540 -0.000626
29.484541 -0.000626
29.489542 -0.000978
29.494543 -0.000978
29.499543 -0.001331
29.504544 -0.001331
29.509545 -0.002234
29.514546 -0.001683
29.519546 -0.002234
29.524547 -0.002587
29.529548 -0.003138
29.534549 -0.003138
29.539549 -0.003138
29.544550 -0.003689
29.549551 -0.003336
29.554552 -0.003336
29.559553 -0.002984
29.564553 -0.003535
29.569554 -0.003183
29.574555 -0.002830
29.579556 -0.002830
29.584556 -0.003029
29.589557 -0.002125
29.594558 -0.001773
29.599559 -0.001421
29.604559 -0.001068
29.609560 -0.000716
29.614561 -0.000363
29.619562 -0.000011
29.624563 -0.000011
29.629563 0.000342
29.634564 0.000893
29.639565 0.001245
29.644566 0.001245
29.649566 0.001796
29.654567 0.001796
29.659568 0.001796
29.664569 0.002347
29.669569 0.001995
29.674570 0.002193
29.679571 0.002193
29.684572 0.002392
29.689573 0.002040
29.694573 0.002238
29.699574 0.002437
29.704575 0.002635
29.709576 0.002283
29.714576 0.002482
29.719577 0.002680
29.724578 0.002879
29.729579 0.003078
29.734579 0.002725
29.739580 0.003276
29.744581 0.002924
29.749582 0.002924
29.754583 0.002020
29.759583 0.002020
29.764584 0.002020
29.769585 0.002020
29.774586 0.001469
29.779586 0.001117
29.784587 0.000918
29.789588 0.000918
29.794589 0.000367
29.799589 0.000367
29.804590 0.000168
29.809591 0.000168
29.814592 -0.000030
29.819593 -0.000030
29.824593 -0.000229
29.829594 -0.000428
29.834595 -0.000979
29.839596 -0.000626
29.844596 -0.000825
29.849597 -0.000825
29.854598 -0.001024
29.859599 -0.001222
29.864600 -0.000870
29.869600 -0.001069
29.874601 -0.001620
29.879602 -0.001267
29.884603 -0.001466
29.889603 -0.001466
29.894604 -0.001114
29.899605 -0.001665
29.904606 -0.001665
29.909606 -0.002216
29.914607 -0.002568
29.919608 -0.002568
29.924609 -0.002568
29.929610 -0.003472
29.934610 -0.002921
29.939611 -0.003273
29.944612 -0.003273
29.949613 -0.003273
29.954613 -0.003626
29.959614 -0.003427
29.964615 -0.003427
29.969616 -0.003780
29.974616 -0.003780
29.979617 -0.004132
29.984618 -0.003581
29.989619 -0.003933
29.994620 -0.003933
29.999620 -0.003933
30.004621 -0.004286
30.009622 -0.003735
30.014623 -0.004087
30.019623 -0.004087
30.024624 -0.003536
30.029625 -0.003536
30.034626 -0.002985
30.039626 -0.002434
30.044627 -0.002434
30.049628 -0.002235
30.054629 -0.001332
30.059630 -0.000781
30.064630 -0.000781
30.069631 -0.000230
30.074632 0.000321
30.079633 0.000872
30.084633 0.000872
30.089634 0.001423
30.094635 0.001975
30.099636 0.001975
30.104636 0.002526
30.109637 0.002878
30.114638 0.002878
30.119639 0.002878
30.124640 0.002878
30.129640 0.002878
30.134641 0.002878
30.139642 0.002878
30.144643 0.002878
30.149643 0.002878
30.154644 0.002878
30.159645 0.002878
30.164646 0.002679
30.169646 0.002679
30.174647 0.002679
30.179648 0.001577
30.184649 0.001577
30.189650 0.001026
30.194650 0.000475
30.199651 -0.000076
30.204652 -0.000627
30.209653 -0.001178
30.214653 -0.002082
30.219654 -0.002082
30.224655 -0.002633
30.229656 -0.002633
30.234657 -0.003184
30.239657 -0.003184
30.244658 -0.003184
30.249659 -0.003184
30.254660 -0.003184
30.259660 -0.003184
30.264661 -0.002633
30.269662 -0.002281
30.274663 -0.002281
30.279663 -0.001928
30.284664 -0.001025
30.289665 -0.000672
30.294666 0.000231
30.299667 0.000583
30.304667 0.000583
30.309668 0.001487
30.314669 0.002192
30.319670 0.002544
30.324670 0.002544
30.329671 0.003448
30.334672 0.003800
30.339673 0.004153
30.344673 0.004153
30.349674 0.004505
30.354675 0.004505
30.359676 0.004505
30.364677 0.004505
30.369677 0.004505
30.374678 0.004505
30.379679 0.004505
30.384680 0.004152
30.389680 0.004152
30.394681 0.004152
30.399682 0.003800
30.404683 0.003800
30.409683 0.003800
30.414684 0.003448
30.419685 0.003448
30.424686 0.003095
30.429687 0.003095
30.434687 0.003095
30.439688 0.002743
30.444689 0.002743
30.449690 0.002390
30.454690 0.002390
30.459691 0.002038
30.464692 0.002038
30.469693 0.001685
30.474693 0.001333
30.479694 0.001333
30.484695 0.000980
30.489696 0.000628
30.494697 0.000827
30.499697 -0.000077
30.504698 0.000122
30.509699 -0.000429
30.514700 -0.000782
30.519700 -0.001134
30.524701 -0.001487
30.529702 -0.001487
30.534703 -0.001839
30.539703 -0.002192
30.544704 -0.002544
30.549705 -0.002544
30.554706 -0.002897
30.559707 -0.002897
30.564707 -0.002346
30.569708 -0.002698
30.574709 -0.002698
30.579710 -0.002698
30.584710 -0.002147
30.589711 -0.001795
30.594712 -0.001795
30.599713 -0.001795
30.604713 -0.002346
30.609714 -0.001993
30.614715 -0.001993
30.619716 -0.001993
30.624717 -0.001641
30.629717 -0.001840
30.634718 -0.001487
30.639719 -0.001487
30.644720 -0.001686
30.649720 -0.001333
30.654721 -0.000981
30.659722 -0.000629
30.664723 -0.000629
30.669724 -0.000276
30.674724 -0.000475
30.679725 -0.000122
30.684726 -0.000122
30.689727 0.000230
30.694727 0.000230
30.699728 0.000031
30.704729 0.000031
30.709730 0.000031
30.714730 0.000384
30.719731 -0.000167
30.724732 -0.000167
30.729733 -0.000718
30.734734 -0.001071
30.739734 -0.001071
30.744735 -0.001071
30.749736 -0.001071
30.754737 -0.001071
30.759737 -0.001974
30.764738 -0.001423
30.769739 -0.001423
30.774740 -0.001423
30.779740 -0.001776
30.784741 -0.001423
30.789742 -0.001776
30.794743 -0.001776
30.799744 -0.001776
30.804744 -0.001225
30.809745 -0.001225
30.814746 -0.001225
30.819747 -0.001577
30.824747 -0.001577
30.829748 -0.001225
30.834749 -0.001225
30.839750 -0.000674
30.844750 -0.000674
30.849751 -0.000674
30.854752 -0.000674
30.859753 -0.000674
30.864754 -0.000674
30.869754 -0.000674
30.874755 0.000230
30.879756 0.000230
30.884757 0.000230
30.889757 0.000230
30.894758 0.000230
30.899759 0.000230
30.904760 0.000781
30.909760 0.000781
30.914761 0.000781
30.919762 0.000781
30.924763 0.000428
30.929764 0.000979
30.934764 0.000979
30.939765 0.000979
30.944766 0.000627
30.949767 0.000627
30.954767 0.000627
30.959768 -0.000277
30.964769 -0.000277
30.969770 -0.000277
30.974770 -0.001180
30.979771 -0.001180
30.984772 -0.001731
30.989773 -0.001731
30.994774 -0.002283
30.999774 -0.002283
31.004775 -0.002283
31.009776 -0.002834
31.014777 -0.002834
31.019777 -0.002834
31.024778 -0.002834
31.029779 -0.002481
31.034780 -0.002481
31.039780 -0.002481
31.044781 -0.002129
31.049782 -0.002129
31.054783 -0.002129
31.059784 -0.001225
31.064784 -0.001225
31.069785 -0.000322
31.074786 -0.000322
31.079787 0.000030
31.084787 0.000582
31.089788 0.000582
31.094789 0.001133
31.099790 0.001133
31.104791 0.002036
31.109791 0.002036
31.114792 0.002036
31.119793 0.002587
31.124794 0.002587
31.129794 0.002587
31.134795 0.002587
31.139796 0.002940
31.144797 0.002587
31.149797 0.002587
31.154798 0.002587
31.159799 0.002587
31.164800 0.002235
31.169801 0.002235
31.174801 0.001882
31.179802 0.001882
31.184803 0.001882
31.189804 0.001530
31.194804 0.001530
31.199805 0.001530
31.204806 0.001530
31.209807 0.001177
31.214807 0.001177
31.219808 0.001177
31.224809 0.001177
31.229810 0.001177
31.234811 0.001177
31.239811 0.001376
31.244812 0.001177
31.249813 0.001177
31.254814 0.001376
31.259814 0.001376
31.264815 0.001376
31.269816 0.001376
31.274817 0.001023
31.279817 0.001023
31.284818 0.001023
31.289819 0.001574
31.294820 0.001222
31.299821 0.000671
31.304821 0.000671
31.309822 0.000671
31.314823 0.000120
31.319824 -0.000233
31.324824 -0.000233
31.329825 -0.000784
31.334826 -0.000784
31.339827 -0.000784
31.344827 -0.000784
31.349828 -0.001335
31.354829 -0.001688
31.359830 -0.001136
31.364831 -0.001688
31.369831 -0.001688
31.374832 -0.001136
31.379833 -0.001136
31.384834 -0.000938
31.389834 -0.000585
31.394835 -0.000585
31.399836 -0.000585
31.404837 -0.000233
31.409837 -0.000233
31.414838 0.000119
31.419839 0.000119
31.424840 -0.000079
31.429841 0.000273
31.434841 0.000273
31.439842 0.000273
31.444843 0.000074
31.449844 0.000427
31.454844 0.000427
31.459845 0.000228
31.464846 0.000228
31.469847 -0.000323
31.474848 -0.000323
31.479848 0.000029
31.484849 0.000029
31.489850 -0.000169
31.494851 -0.000169
31.499851 -0.000169
31.504852 -0.000169
31.509853 -0.000720
31.514854 -0.000368
31.519854 -0.000368
31.524855 -0.000368
31.529856 -0.000919
31.534857 -0.000368
31.539858 -0.000919
31.544858 -0.000919
31.549859 -0.000919
31.554860 -0.000919
31.559861 -0.000919
31.564861 -0.000919
31.569862 -0.000368
31.574863 -0.000368
31.579864 -0.000368
31.584864 0.000183
31.589865 0.000183
31.594866 0.000183
31.599867 0.000734
31.604868 0.000734
31.609868 0.001285
31.614869 0.001285
31.619870 0.001285
31.624871 0.001285
31.629871 0.001836
31.634872 0.001836
31.639873 0.001836
31.644874 0.001836
31.649874 0.001836
31.654875 0.001836
31.659876 0.002035
31.664877 0.002035
31.669878 0.002035
31.674878 0.001484
31.679879 0.001484
31.684880 0.001484
31.689881 0.001484
31.694881 0.001131
31.699882 0.000580
31.704883 0.000580
31.709884 0.000580
31.714884 0.000228
31.719885 -0.000676
31.724886 -0.000676
31.729887 -0.000676
31.734888 -0.001028
31.739888 -0.001028
31.744889 -0.001932
31.749890 -0.002284
31.754891 -0.002284
31.759891 -0.002284
31.764892 -0.002637
31.769893 -0.002989
31.774894 -0.003342
31.779894 -0.003342
31.784895 -0.004245
31.789896 -0.004245
31.794897 -0.004245
31.799898 -0.004598
31.804898 -0.004598
31.809899 -0.004598
31.814900 -0.004598
31.819901 -0.004047
31.824901 -0.004047
31.829902 -0.004047
31.834903 -0.004047
31.839904 -0.003496
31.844904 -0.003496
31.849905 -0.002592
31.854906 -0.002592
31.859907 -0.002041
31.864908 -0.002041
31.869908 -0.001138
31.874909 -0.001138
31.879910 -0.000234
31.884911 -0.000234
31.889911 -0.000234
31.894912 0.000118
31.899913 0.000471
31.904914 0.000471
31.909915 0.000471
31.914915 0.000823
31.919916 0.000823
31.924917 0.001175
31.929918 0.001175
31.934918 0.001175
31.939919 0.001175
31.944920 0.001175
31.949921 0.000624
31.954921 0.000977
31.959922 0.001175
31.964923 0.000624
31.969924 0.000624
31.974925 0.001175
31.979925 0.001175
31.984926 0.001175
31.989927 0.000823
31.994928 0.000823
31.999928 0.000823
32.004929 0.000823
32.009930 0.000823
32.014931 0.000823
32.019931 0.000470
32.024932 0.000823
32.029933 0.000823
32.034934 0.000823
32.039935 0.000823
32.044935 0.000823
32.049936 0.000823
32.054937 0.000823
32.059938 0.000823
32.064938 0.000823
32.069939 0.000823
32.074940 0.000823
32.079941 0.000823
32.084941 0.001175
32.089942 0.000624
32.094943 0.000624
32.099944 0.000624
32.104945 0.000624
32.109945 0.000073
32.114946 0.000073
32.119947 -0.000478
32.124948 -0.000478
32.129948 -0.000677
32.134949 -0.000677
32.139950 -0.000677
32.144951 -0.000677
32.149951 -0.000677
32.154952 -0.000677
32.159953 -0.000677
32.164954 -0.000677
32.169955 -0.000677
32.174955 -0.000677
32.179956 -0.000677
32.184957 -0.000126
32.189958 0.000226
32.194958 0.000777
32.199959 0.000777
32.204960 0.001329
32.209961 0.001681
32.214961 0.002232
32.219962 0.002232
32.224963 0.002232
32.229964 0.002584
32.234965 0.003135
32.239965 0.003135
32.244966 0.003135
32.249967 0.003488
32.254968 0.003488
32.259968 0.003488
32.264969 0.003488
32.269970 0.003488
32.274971 0.003488
32.279972 0.003488
32.284972 0.003488
32.289973 0.003488
32.294974 0.003488
32.299975 0.003488
32.304975 0.002937
32.309976 0.002937
32.314977 0.002937
32.319978 0.002584
32.324978 0.002584
32.329979 0.002033
32.334980 0.002033
32.339981 0.002033
32.344982 0.002033
32.349982 0.001130
32.354983 0.001130
32.359984 0.001129
32.364985 0.001129
32.369985 0.000578
32.374986 0.001129
32.379987 0.001129
32.384988 0.000226
32.389988 0.000226
32.394989 0.000226
32.399990 0.000226
32.404991 -0.000127
32.409992 -0.000127
32.414992 -0.000127
32.419993 -0.000479
32.424994 -0.000479
32.429995 -0.001383
32.434995 -0.000832
32.439996 -0.001184
32.444997 -0.001184
32.449998 -0.002088
32.454998 -0.001536
32.459999 -0.001889
32.465000 -0.001889
0.000000 0.000000
0.005001 -0.000049
0.010002 -0.000575
0.015003 0.002463
0.020004 -0.002443
0.025005 -0.000969
0.030006 0.005026
0.035007 -0.000969
0.040008 -0.001267
0.045009 -0.000679
0.050010 0.001850
0.055011 -0.000542
0.060012 -0.002238
0.065013 0.003862
0.070014 0.001114
0.075015 -0.003307
0.080016 0.001402
0.085017 0.000252
0.090018 0.000097
0.095019 0.004332
0.100020 -0.003789
0.105021 -0.001466
0.110022 0.004284
0.115023 0.001478
0.120024 -0.004491
0.125025 0.001675
0.130026 0.001652
0.135027 -0.000988
0.140028 0.001855
0.145029 -0.003489
0.150030 0.004686
0.155031 -0.001604
0.160032 -0.001651
0.165033 0.003818
0.170034 -0.001805
0.175035 0.003742
0.180036 -0.001359
0.185037 -0.002213
0.190038 0.002631
0.195039 -0.001050
0.200040 0.002358
0.205041 0.000946
0.210042 -0.001719
0.215043 0.001085
0.220044 -0.001535
0.225045 0.000960
0.230046 0.002202
0.235047 -0.001034
0.240048 -0.001709
0.245049 0.000172
0.250050 0.000660
0.255051 0.000785
0.260052 -0.000673
0.265053 0.000885
0.270054 0.001699
0.275055 -0.003314
0.280056 0.000072
0.285057 0.000022
0.290058 0.001695
0.295059 -0.000232
0.300060 -0.001385
0.305061 0.001552
0.310062 -0.001778
0.315063 0.001526
0.320064 -0.001109
0.325065 0.000126
0.330066 0.002067
0.335067 -0.000103
0.340068 -0.001925
0.345069 -0.003241
0.350070 0.004412
0.355071 -0.000005
0.360072 -0.001466
0.365073 0.000701
0.370074 -0.001185
0.375075 0.001762
0.380076 -0.003290
0.385077 0.001112
0.390078 0.002326
0.395079 -0.002130
0.400080 0.000073
0.405081 -0.000212
0.410082 -0.000278
0.415083 0.001481
0.420084 0.001150
0.425085 -0.004853
0.430086 0.002548
0.435087 0.001680
0.440088 -0.002426
0.445089 0.002719
0.450090 -0.002006
0.455091 0.000502
0.460092 -0.000116
0.465093 -0.001284
0.470094 0.001191
0.475095 0.000212
0.480096 -0.000112
0.485097 -0.003025
0.490098 0.002585
0.495099 0.001484
0.500100 -0.002850
0.505101 0.001229
0.510102 -0.000479
0.515103 0.000513
0.520104 0.000401
0.525105 -0.001115
0.530106 -0.000047
0.535107 0.002421
0.540108 -0.001084
0.545109 -0.001822
0.550110 0.003162
0.555111 -0.000617
0.560112 -0.000658
0.565113 -0.000567
0.570114 0.000106
0.575115 0.001129
0.580116 0.001674
0.585117 -0.001502
0.590118 -0.001440
0.595119 0.001456
0.600120 -0.002146
0.605121 0.002664
0.610122 -0.001300
0.615123 -0.001857
0.620124 0.001441
0.625125 -0.000724
0.630126 0.002771
0.635127 -0.001277
0.640128 -0.000944
0.645129 0.000778
0.650130 -0.000921
0.655131 0.002513
0.660132 -0.000983
0.665133 -0.001638
0.670134 0.002702
0.675135 -0.000820
0.680136 -0.001721
0.685137 0.000720
0.690138 0.002747
0.695139 -0.003002
0.700140 -0.001462
0.705141 0.003397
0.710142 -0.000918
0.715143 -0.000301
0.720144 0.000618
0.725145 0.001568
0.730146 -0.001220
0.735147 -0.000338
0.740148 -0.001158
0.745149 0.000925
0.750150 0.000961
0.755151 -0.000396
0.760152 0.002882
0.765153 -0.004188
0.770154 0.001708
0.775155 0.002235
0.780156 -0.002890
0.785157 0.001710
0.790158 0.000886
0.795159 -0.000822
0.800160 0.000742
0.805161 0.001703
0.810162 -0.002720
0.815163 -0.000128
0.820164 0.001799
0.825165 0.000699
0.830166 -0.000499
0.835167 -0.000680
0.840168 0.002252
0.845169 -0.002466
0.850170 0.001002
0.855171 0.001021
0.860172 -0.001379
0.865173 0.001119
0.870174 -0.000739
0.875175 0.001283
0.880176 -0.001843
0.885177 0.000577
0.890178 0.001282
0.895179 -0.001224
0.900180 0.001474
0.905181 0.000084
0.910182 -0.000317
0.915183 0.000189
0.920184 -0.000677
0.925185 0.000575
0.930186 0.001484
0.935187 -0.000690
0.940188 0.002776
0.945189 -0.001705
0.950190 -0.000392
0.955191 0.002192
0.960192 -0.002952
0.965193 0.002384
0.970194 0.000671
0.975195 -0.000039
0.980196 -0.000900
0.985197 -0.000555
0.990198 0.003269
0.995199 -0.000426
1.000200 -0.002559
1.005201 0.001215
1.010202 0.001615
1.015203 -0.000108
1.020204 -0.000441
1.025205 0.000500
1.030206 0.003748
1.035207 -0.002038
1.040208 -0.002170
1.045209 0.003276
1.050210 0.002224
1.055211 -0.002383
1.060212 0.001254
1.065213 0.001213
1.070214 -0.002082
1.075215 0.004700
1.080216 -0.002858
1.085217 -0.000218
1.090218 0.003323
1.095219 -0.002903
1.100220 0.001482
1.105221 -0.000626
1.110222 -0.000444
1.115223 0.002664
1.120224 0.000727
1.125225 -0.002818
1.130226 -0.000025
1.135228 0.002240
1.140229 -0.002215
1.145230 0.001057
1.150231 0.000705
1.155232 -0.001888
1.160233 0.001435
1.165234 0.000866
1.170235 -0.001603
1.175236 0.001450
1.180237 0.001352
1.185238 -0.001358
1.190239 0.002261
1.195240 -0.001579
1.200241 -0.000765
1.205242 0.002324
1.210243 -0.000442
1.215244 0.000756
1.220245 -0.000122
1.225246 0.000322
1.230247 0.000061
1.235248 0.000412
1.240249 -0.000344
1.245250 -0.000744
1.250251 0.002149
1.255252 0.000117
1.260253 -0.000877
1.265254 0.000134
1.270255 -0.000283
1.275256 0.001998
1.280257 -0.001556
1.285258 0.001552
1.290259 0.002853
1.295260 -0.004152
1.300261 0.002185
1.305262 -0.001415
1.310263 0.000307
1.315264 0.003005
1.320265 -0.002402
1.325266 0.001533
1.330267 -0.001689
1.335268 -0.000285
1.340269 0.004035
1.345270 -0.000776
1.350271 -0.003974
1.355272 0.004339
1.360273 -0.000883
1.365274 -0.001864
1.370275 0.005772
1.375276 -0.004807
1.380277 0.001508
1.385278 0.003219
1.390279 -0.002268
1.395280 0.001825
1.400281 0.000135
1.405282 -0.002047
1.410283 0.001083
1.415284 0.001937
1.420285 -0.003247
1.425286 0.002480
1.430287 0.001246
1.435288 -0.001418
1.440289 -0.000250
1.445290 0.000221
1.450291 0.003366
1.455292 -0.003557
1.460293 0.001764
1.465294 0.001035
1.470295 -0.002672
1.475296 0.002780
1.480297 -0.001403
1.485298 0.002452
1.490299 0.000272
1.495300 -0.001302
1.500301 0.001444
1.505302 -0.001472
1.510303 0.001400
1.515304 -0.000146
1.520305 -0.001615
1.525306 0.001132
1.530307 0.002132
1.535308 -0.000335
1.540309 -0.000272
1.545310 0.000008
1.550311 -0.000086
1.555312 0.000557
1.560313 -0.001370
1.565314 0.001632
1.570315 0.001575
1.575316 -0.001624
1.580317 0.000758
1.585318 0.001116
1.590319 -0.001346
1.595320 0.003412
1.600321 -0.000992
1.605322 -0.002478
1.610323 0.004165
1.615324 -0.001353
1.620325 0.000367
1.625326 0.002173
1.630327 0.001031
1.635328 -0.002287
1.640329 -0.000741
1.645330 0.002624
1.650331 -0.001885
1.655332 0.002986
1.660333 0.001189
1.665334 -0.002660
1.670335 0.000998
1.675336 0.002105
1.680337 -0.002918
1.685338 0.000445
1.690339 0.003962
1.695340 -0.001849
1.700341 0.000662
1.705342 -0.000098
1.710343 0.001656
1.715344 -0.001213
1.720345 0.000780
1.725346 0.001338
1.730347 -0.003622
1.735348 0.004411
1.740349 -0.000863
1.745350 0.000578
1.750351 0.000855
1.755352 -0.001848
1.760353 0.002323
1.765354 -0.002275
1.770355 0.002490
1.775356 0.001299
1.780357 -0.001665
1.785358 0.001098
1.790359 0.000200
1.795360 -0.001208
1.800361 -0.000292
1.805362 0.002383
1.810363 -0.002647
1.815364 0.003342
1.820365 -0.000656
1.825366 -0.002571
1.830367 0.005387
1.835368 -0.003508
1.840369 -0.000121
1.845370 0.000371
1.850371 0.001772
1.855372 -0.000616
1.860373 -0.001102
1.865374 0.003350
1.870375 -0.003887
1.875376 0.003749
1.880377 0.000897
1.885378 -0.002938
1.890379 0.003195
1.895380 0.000350
1.900381 -0.002508
1.905382 0.002260
1.910383 0.001102
1.915384 -0.002303
1.920385 0.003423
1.925386 -0.003619
1.930387 0.000215
1.935388 0.002816
1.940389 -0.004576
1.945390 0.002647
1.950391 0.002120
1.955392 -0.002832
1.960393 0.000669
1.965394 0.000629
1.970395 -0.000243
1.975396 0.001568
1.980397 -0.001590
1.985398 0.001273
1.990399 -0.000238
1.995400 0.000845
2.000401 -0.000368
2.005402 -0.000740
2.010403 0.004726
2.015404 -0.002992
2.020405 0.001973
2.025406 -0.001562
2.030407 -0.000785
2.035408 0.003934
2.040409 -0.003353
2.045410 0.000771
2.050411 -0.000486
2.055412 0.001227
2.060413 0.000055
2.065414 -0.002019
2.070415 0.002668
2.075416 -0.001254
2.080417 -0.001789
2.085418 0.002545
2.090419 0.000417
2.095420 -0.001091
2.100421 -0.000290
2.105422 0.000869
2.110423 0.002453
2.115424 0.000090
2.120425 -0.001702
2.125426 -0.001875
2.130427 0.003444
2.135428 0.000087
2.140429 -0.002481
2.145430 0.002985
2.150431 -0.001931
2.155432 -0.000267
2.160433 -0.001091
2.165434 0.001700
2.170435 0.001635
2.175436 -0.003386
2.180437 0.002223
2.185438 -0.002273
2.190439 0.000606
2.195440 0.000720
2.200441 -0.002890
2.205442 0.002643
2.210443 0.000260
2.215444 0.001365
2.220445 -0.001934
2.225446 -0.000693
2.230447 0.003814
2.235448 -0.003861
2.240449 0.002942
2.245450 0.000747
2.250451 -0.002714
2.255452 0.005066
2.260453 -0.004398
2.265454 -0.001458
2.270455 0.002296
2.275456 0.000968
2.280457 -0.000010
2.285458 -0.004306
2.290459 0.003765
2.295460 0.000519
2.300461 -0.001047
2.305462 0.001225
2.310463 -0.002988
2.315464 0.001592
2.320465 -0.000043
2.325466 -0.001952
2.330467 0.003499
2.335468 -0.002946
2.340469 -0.002773
2.345470 0.003601
2.350471 -0.001990
2.355472 -0.000178
2.360473 0.001186
2.365474 -0.001360
2.370475 -0.001578
2.375476 0.001674
2.380477 0.000781
2.385478 -0.001895
2.390479 0.000299
2.395480 -0.000594
2.400481 0.000091
2.405482 -0.003422
2.410483 0.001353
2.415484 0.004007
2.420485 -0.003058
2.425486 -0.001803
2.430487 0.002658
2.435488 -0.000370
2.440489 -0.001303
2.445490 0.001425
2.450491 -0.003352
2.455492 0.002353
2.460493 0.001888
2.465494 -0.002849
2.470495 0.001450
2.475496 -0.000244
2.480497 -0.000698
2.485498 0.000145
2.490499 0.000197
2.495500 0.000256
2.500501 -0.000079
2.505502 -0.001064
2.510503 0.000241
2.515504 0.000532
2.520505 -0.001937
2.525506 0.000591
2.530507 0.000775
2.535508 0.000416
2.540509 -0.000231
2.545510 -0.001923
2.550511 0.004793
2.555512 -0.001960
2.560513 -0.001541
2.565514 0.004500
2.570515 -0.003820
2.575516 -0.000216
2.580517 0.003000
2.585518 0.001852
2.590519 -0.002500
2.595520 0.001781
2.600521 0.000527
2.605522 -0.002928
2.610523 0.004644
2.615524 -0.002276
2.620525 0.000320
2.625526 0.002721
2.630527 -0.002771
2.635528 0.001558
2.640529 0.001363
2.645530 -0.002152
2.650531 0.001160
2.655532 0.001275
2.660533 -0.002345
2.665534 0.001360
2.670535 0.002540
2.675536 0.001051
2.680537 -0.001430
2.685538 -0.001277
2.690539 0.002558
2.695540 -0.000562
2.700541 -0.000297
2.705542 0.000107
2.710543 0.000773
2.715544 0.001243
2.720545 -0.002526
2.725546 0.002761
2.730547 -0.000086
2.735548 -0.001011
2.740549 0.001497
2.745550 -0.002483
2.750551 0.002141
2.755552 -0.000840
2.760553 0.000151
2.765554 0.001071
2.770555 0.000025
2.775556 0.000798
2.780557 -0.003225
2.785558 0.001803
2.790559 -0.001305
2.795560 0.001104
2.800561 0.001625
2.805562 -0.001000
2.810563 0.000942
2.815564 -0.001927
2.820565 0.003176
2.825566 -0.003049
2.830567 -0.000468
2.835568 0.005593
2.840569 -0.003115
2.845570 -0.001196
2.850571 0.001857
2.855572 0.000810
2.860573 -0.001006
2.865574 -0.000004
2.870575 0.001372
2.875576 -0.001262
2.880577 0.001215
2.885578 0.000406
2.890579 -0.001053
2.895580 -0.000477
2.900581 -0.000162
2.905582 0.002098
2.910583 -0.000602
2.915584 0.001847
2.920585 -0.000565
2.925586 -0.003445
2.930587 0.003928
2.935588 0.001002
2.940589 -0.002856
2.945590 0.000593
2.950591 0.002821
2.955592 -0.000875
2.960593 -0.002150
2.965594 0.002572
2.970595 -0.001127
2.975596 0.000262
2.980597 0.000112
2.985598 -0.002492
2.990599 0.002572
2.995600 -0.000438
3.000601 0.002837
3.005602 0.000228
3.010603 -0.003091
3.015604 0.004443
3.020605 -0.001319
3.025606 -0.000107
3.030607 0.002786
3.035608 -0.002112
3.040609 0.000558
3.045610 0.000060
3.050611 0.000122
3.055612 0.002321
3.060613 -0.000418
3.065614 -0.000881
3.070615 0.003559
3.075616 -0.001974
3.080617 -0.000925
3.085618 0.005312
3.090619 -0.002486
3.095620 0.002641
3.100621 -0.001391
3.105622 -0.002781
3.110623 0.006485
3.115624 -0.000995
3.120625 -0.000868
3.125626 0.001107
3.130627 -0.000589
3.135628 0.002588
3.140629 -0.000588
3.145630 -0.004183
3.150631 0.006398
3.155632 -0.000392
3.160633 -0.004592
3.165634 0.005318
3.170635 -0.000412
3.175636 -0.000958
3.180637 -0.000320
3.185638 0.001949
3.190639 0.001348
3.195640 -0.002481
3.200641 0.000634
3.205642 0.000767
3.210643 0.000210
3.215644 0.000749
3.220645 -0.001573
3.225646 -0.000423
3.230647 0.000497
3.235648 0.000081
3.240649 0.001271
3.245650 -0.000989
3.250651 0.001606
3.255652 -0.000224
3.260653 -0.001213
3.265654 0.001132
3.270655 0.002012
3.275656 0.000212
3.280657 -0.001947
3.285658 0.003163
3.290659 -0.000441
3.295660 0.000431
3.300661 -0.000594
3.305662 -0.002104
3.310663 0.003752
3.315664 -0.000557
3.320665 0.000515
3.325666 0.000644
3.330667 -0.001353
3.335668 0.003305
3.340669 -0.001294
3.345670 -0.000197
3.350671 0.001463
3.355672 -0.001311
3.360673 0.002977
3.365674 -0.001096
3.370675 0.001778
3.375676 0.001903
3.380677 -0.003733
3.385678 0.002714
3.390679 0.002503
3.395680 -0.001869
3.400681 0.000296
3.405683 0.001000
3.410684 -0.000748
3.415685 0.001233
3.420686 0.001420
3.425687 -0.002247
3.430688 0.001275
3.435689 0.002759
3.440690 -0.003195
3.445691 0.002966
3.450692 0.001106
3.455693 -0.001925
3.460694 0.001368
3.465695 -0.000395
3.470696 0.004038
3.475697 -0.001794
3.480698 0.000090
3.485699 0.000108
3.490700 0.001001
3.495701 0.002986
3.500702 -0.006793
3.505703 0.003565
3.510704 0.000388
3.515705 -0.000316
3.520706 0.003824
3.525707 -0.004096
3.530708 0.003862
3.535709 0.000358
3.540710 -0.002006
3.545711 0.000745
3.550712 0.000314
3.555713 0.002781
3.560714 -0.002115
3.565715 0.003621
3.570716 0.001081
3.575717 -0.003760
3.580718 0.002207
3.585719 0.002355
3.590720 0.001913
3.595721 -0.004978
3.600722 0.002975
3.605723 0.003138
3.610724 -0.003887
3.615725 0.002518
3.620726 -0.000584
3.625727 0.001130
3.630728 0.000352
3.635729 0.000743
3.640730 0.000529
3.645731 -0.001056
3.650732 0.001436
3.655733 0.000625
3.660734 0.001267
3.665735 0.000121
3.670736 0.002011
3.675737 -0.001894
3.680738 -0.001368
3.685739 0.002947
3.690740 0.000384
3.695741 -0.000850
3.700742 0.000866
3.705743 0.000607
3.710744 -0.001757
3.715745 0.003914
3.720746 -0.001999
3.725747 0.000145
3.730748 0.003724
3.735749 -0.002337
3.740750 0.002172
3.745751 -0.002321
3.750752 0.002114
3.755753 0.001222
3.760754 -0.002023
3.765755 0.002247
3.770756 0.000426
3.775757 0.000833
3.780758 -0.003666
3.785759 0.002309
3.790760 0.001899
3.795761 -0.001905
3.800762 0.002062
3.805763 -0.001532
3.810764 0.001861
3.815765 0.001017
3.820766 -0.001764
3.825767 0.001050
3.830768 -0.000026
3.835769 0.002136
3.840770 -0.000459
3.845771 -0.001314
3.850772 0.002187
3.855773 -0.001351
3.860774 0.001615
3.865775 0.000822
3.870776 -0.002162
3.875777 0.001940
3.880778 -0.001186
3.885779 0.000422
3.890780 0.001972
3.895781 -0.000536
3.900782 -0.001580
3.905783 0.000188
3.910784 0.003210
3.915785 -0.003451
3.920786 0.001259
3.925787 0.000811
3.930788 -0.001115
3.935789 0.005183
3.940790 -0.004099
3.945791 -0.000593
3.950792 0.002351
3.955793 -0.001027
3.960794 0.000651
3.965795 0.000965
3.970796 -0.001291
3.975797 -0.000293
3.980798 0.002534
3.985799 -0.002551
3.990800 0.001777
3.995801 0.000817
4.000802 -0.001345
4.005803 -0.000386
4.010804 0.001021
4.015805 0.002035
4.020806 -0.002526
4.025807 0.001195
4.030808 0.001385
4.035809 -0.000591
4.040810 -0.001083
4.045811 0.000283
4.050812 0.000860
4.055813 -0.000430
4.060814 0.001136
4.065815 -0.001134
4.070816 -0.000481
4.075817 0.001528
4.080818 -0.000171
4.085819 0.000045
4.090820 -0.000032
4.095821 0.001072
4.100822 -0.001134
4.105823 -0.002360
4.110824 0.002527
4.115825 0.001828
4.120826 -0.002372
4.125827 -0.000232
4.130828 0.001521
4.135829 -0.000861
4.140830 0.003291
4.145831 -0.001582
4.150832 -0.002331
4.155833 0.004641
4.160834 -0.000207
4.165835 0.000305
4.170836 -0.000002
4.175837 -0.002117
4.180838 0.001859
4.185839 0.001597
4.190840 -0.001402
4.195841 0.002141
4.200842 -0.000833
4.205843 -0.001557
4.210844 0.003574
4.215845 -0.001050
4.220846 -0.001532
4.225847 0.000946
4.230848 0.001862
4.235849 -0.000910
4.240850 -0.000290
4.245851 0.001508
4.250852 -0.000162
4.255853 -0.000094
4.260854 -0.000607
4.265855 0.000346
4.270856 -0.002085
4.275857 0.002076
4.280858 0.001760
4.285859 -0.003157
4.290860 0.003286
4.295861 0.000609
4.300862 -0.002102
4.305863 0.001580
4.310864 -0.000597
4.315865 0.001519
4.320866 -0.000111
4.325867 -0.001008
4.330868 0.002085
4.335869 -0.000624
4.340870 -0.000204
4.345871 -0.000661
4.350872 0.002097
4.355873 0.001694
4.360874 -0.001599
4.365875 0.000081
4.370876 0.001879
4.375877 0.000070
4.380878 -0.002947
4.385879 0.003751
4.390880 0.002084
4.395881 -0.002782
4.400882 0.001589
4.405883 0.001798
4.410884 -0.001935
4.415885 0.001430
4.420886 0.001410
4.425887 -0.000712
4.430888 0.002523
4.435889 -0.000601
4.440890 -0.000288
4.445891 -0.000387
4.450892 0.001876
4.455893 0.001889
4.460894 -0.002862
4.465895 0.000296
4.470896 0.002427
4.475897 0.000104
4.480898 -0.000632
4.485899 0.000311
4.490900 -0.000711
4.495901 0.001510
4.500902 -0.001101
4.505903 0.000222
4.510904 0.001371
4.515905 -0.000449
4.520906 0.001679
4.525907 -0.002026
4.530908 0.002232
4.535909 0.001546
4.540910 -0.000272
4.545911 0.000407
4.550912 -0.002807
4.555913 0.002108
4.560914 0.000685
4.565915 -0.000716
4.570916 0.001442
4.575917 -0.001845
4.580918 -0.000460
4.585919 0.002170
4.590920 0.000795
4.595921 -0.000454
4.600922 0.000472
4.605923 0.000708
4.610924 -0.000610
4.615925 0.004741
4.620926 -0.003138
4.625927 -0.002941
4.630928 0.004894
4.635929 -0.002163
4.640930 0.003245
4.645931 -0.000383
4.650932 0.002057
4.655933 0.001043
4.660934 -0.000974
4.665935 0.006846
4.670936 -0.002867
4.675937 -0.001064
4.680938 -0.002432
4.685939 0.002989
4.690940 0.003177
4.695941 -0.004300
4.700942 0.003502
4.705943 -0.002414
4.710944 -0.000762
4.715945 0.003358
4.720946 0.000574
4.725947 0.001381
4.730948 0.001109
4.735949 0.000225
4.740950 -0.001431
4.745951 0.000854
4.750952 0.001244
4.755953 -0.001337
4.760954 -0.001236
4.765955 0.002018
4.770956 0.001967
4.775957 -0.000519
4.780958 0.001358
4.785959 -0.000141
4.790960 -0.001454
4.795961 0.002858
4.800962 -0.001613
4.805963 -0.001788
4.810964 0.002626
4.815965 -0.001964
4.820966 0.000689
4.825967 0.002202
4.830968 -0.001280
4.835969 0.001083
4.840970 0.000858
4.845971 -0.001351
4.850972 -0.003416
4.855973 0.000071
4.860974 0.002305
4.865975 -0.004476
4.870976 -0.005221
4.875977 -0.000510
4.880978 0.001185
4.885979 0.004042
4.890980 0.009306
4.895981 0.005583
4.900982 0.004880
4.905983 0.004740
4.910984 0.006884
4.915985 0.010022
4.920986 0.004305
4.925987 0.005230
4.930988 -0.003310
4.935989 -0.009146
4.940990 -0.011720
4.945991 -0.011147
4.950992 -0.001172
4.955993 -0.005714
4.960994 -0.006151
4.965995 -0.003109
4.970996 -0.004728
4.975997 0.003098
4.980998 0.009618
4.985999 0.014772
4.991000 0.016816
4.996001 0.008649
5.001002 0.007906
5.006003 0.005019
5.011004 0.004539
5.016005 -0.000245
5.021006 -0.006439
5.026007 -0.003902
5.031008 -0.012994
5.036009 -0.006182
5.041010 -0.000893
5.046011 -0.002061
5.051012 -0.006740
5.056013 -0.020378
5.061014 -0.019900
5.066015 -0.013390
5.071016 0.000856
5.076017 0.003270
5.081018 0.006613
5.086019 0.014762
5.091020 0.007997
5.096021 0.009164
5.101022 0.012191
5.106023 0.011348
5.111024 0.002002
5.116025 -0.012006
5.121026 -0.008922
5.126027 0.003120
5.131028 0.008036
5.136029 0.000995
5.141030 -0.007028
5.146031 -0.011116
5.151032 -0.015385
5.156033 -0.005424
5.161034 0.013558
5.166035 0.029557
5.171036 0.037169
5.176037 0.020467
5.181038 -0.000443
5.186039 -0.015391
5.191040 -0.008129
5.196041 0.021082
5.201042 0.023782
5.206043 0.002283
5.211044 -0.028334
5.216045 -0.049882
5.221046 -0.046373
5.226047 -0.013618
5.231048 0.027859
5.236049 0.032812
5.241050 0.011873
5.246051 -0.005600
5.251052 -0.008577
5.256053 0.009211
5.261054 0.032775
5.266055 0.036518
5.271056 0.017028
5.276057 -0.019894
5.281058 -0.052495
5.286059 -0.046711
5.291060 -0.000006
5.296061 0.042161
5.301062 0.027780
5.306063 -0.012795
5.311064 -0.033774
5.316065 -0.031895
5.321066 -0.004985
5.326067 0.014546
5.331068 0.009382
5.336069 -0.010238
5.341070 -0.036580
5.346071 -0.036149
5.351072 -0.014155
5.356073 0.016452
5.361074 0.038396
5.366075 0.014055
5.371076 -0.016406
5.376077 -0.014666
5.381078 0.018042
5.386079 0.060038
5.391080 0.058547
5.396081 0.018051
5.401082 -0.011584
5.406083 -0.001691
5.411084 0.028971
5.416085 0.037178
5.421086 0.013916
5.426087 -0.017563
5.431088 -0.040356
5.436089 -0.036275
5.441090 -0.006061
5.446091 0.004742
5.451092 -0.010289
5.456093 -0.031489
5.461094 -0.054095
5.466095 -0.043621
5.471096 -0.009543
5.476097 0.010119
5.481098 0.021270
5.486099 0.013699
5.491100 0.000099
5.496101 0.000874
5.501102 0.020108
5.506103 0.055868
5.511104 0.058079
5.516105 0.024478
5.521106 -0.015663
5.526107 -0.026451
5.531108 -0.014470
5.536109 -0.024428
5.541110 -0.032970
5.546111 -0.043763
5.551112 -0.043904
5.556113 -0.026260
5.561114 -0.003837
5.566115 0.021042
5.571116 0.031318
5.576117 0.028194
5.581118 0.023053
5.586119 0.034838
5.591120 0.041776
5.596121 0.035385
5.601122 -0.001562
5.606123 -0.036719
5.611124 -0.033230
5.616125 -0.014788
5.621126 0.005889
5.626127 0.001446
5.631128 -0.014912
5.636129 -0.028032
5.641130 -0.015161
5.646131 0.007004
5.651132 0.028875
5.656133 0.036175
5.661134 0.005252
5.666135 -0.009184
5.671137 -0.006673
5.676138 0.001319
5.681139 -0.000649
5.686140 -0.004046
5.691141 -0.003757
5.696142 -0.013364
5.701143 -0.009012
5.706144 -0.007223
5.711145 0.002246
5.716146 0.016463
5.721147 0.012274
5.726148 0.007380
5.731149 0.004527
5.736150 0.003677
5.741151 0.000355
5.746152 -0.007189
5.751153 -0.010240
5.756154 -0.021287
5.761155 -0.032598
5.766156 -0.022288
5.771157 -0.013211
5.776158 -0.007196
5.781159 0.001647
5.786160 0.003126
5.791161 0.011278
5.796162 0.013076
5.801163 0.023466
5.806164 0.047120
5.811165 0.040851
5.816166 0.025846
5.821167 0.021369
5.826168 0.034406
5.831169 0.049326
5.836170 0.040051
5.841171 0.021798
5.846172 -0.010649
5.851173 -0.036345
5.856174 -0.058272
5.861175 -0.086908
5.866176 -0.094164
5.871177 -0.080684
5.876178 -0.044274
5.881179 -0.004790
5.886180 0.015074
5.891181 0.020956
5.896182 0.029385
5.901183 0.037414
5.906184 0.050858
5.911185 0.066728
5.916186 0.054909
5.921187 0.028813
5.926188 0.003563
5.931189 -0.005686
5.936190 -0.011036
5.941191 -0.017113
5.946192 -0.013783
5.951193 -0.013335
5.956194 -0.015880
5.961195 -0.030405
5.966196 -0.037056
5.971197 -0.025371
5.976198 -0.009265
5.981199 0.001208
5.986200 0.000409
5.991201 -0.010875
5.996202 -0.021828
6.001203 -0.011425
6.006204 0.011282
6.011205 0.034411
6.016206 0.043470
6.021207 0.034660
6.026208 0.019492
6.031209 0.009853
6.036210 0.012888
6.041211 0.017286
6.046212 0.027394
6.051213 0.019881
6.056214 0.000000
6.061215 -0.002166
6.066216 -0.006998
6.071217 -0.014540
6.076218 -0.026788
6.081219 -0.037465
6.086220 -0.047985
6.091221 -0.060529
6.096222 -0.054047
6.101223 -0.024159
6.106224 0.022826
6.111225 0.053662
6.116226 0.060677
6.121227 0.045566
6.126228 0.023677
6.131229 0.018906
6.136230 0.026582
6.141231 0.038129
6.146232 0.023269
6.151233 -0.021325
6.156234 -0.061083
6.161235 -0.069710
6.166236 -0.043574
6.171237 -0.013454
6.176238 0.001528
6.181239 0.006590
6.186240 -0.004276
6.191241 -0.003813
6.196242 0.012691
6.201243 0.031499
6.206244 0.035033
6.211245 0.007282
6.216246 -0.013868
6.221247 -0.024847
6.226248 -0.024344
6.231249 -0.019485
6.236250 0.001772
6.241251 0.030013
6.246252 0.032258
6.251253 0.033841
6.256254 0.033714
6.261255 0.041783
6.266256 0.036140
6.271257 0.006384
6.276258 -0.015059
6.281259 -0.023424
6.286260 -0.029654
6.291261 -0.032528
6.296262 -0.028175
6.301263 -0.034358
6.306264 -0.039699
6.311265 -0.043445
6.316266 -0.028385
6.321267 0.003621
6.326268 0.032946
6.331269 0.054554
6.336270 0.045302
6.341271 0.028211
6.346272 0.020880
6.351273 0.027977
6.356274 0.036625
6.361275 0.032109
6.366276 0.018601
6.371277 -0.005366
6.376278 -0.033441
6.381279 -0.050190
6.386280 -0.040204
6.391281 -0.022570
6.396282 -0.008397
6.401283 -0.002129
6.406284 -0.004944
6.411285 -0.007454
6.416286 -0.007282
6.421287 0.008604
6.426288 0.028496
6.431289 0.035363
6.436290 0.017490
6.441291 -0.018015
6.446292 -0.037824
6.451293 -0.038507
6.456294 -0.031642
6.461295 -0.015709
6.466296 0.008295
6.471297 0.025992
6.476298 0.044354
6.481299 0.046498
6.486300 0.037931
6.491301 0.041519
6.496302 0.030306
6.501303 0.019156
6.506304 0.001468
6.511305 -0.017807
6.516306 -0.025543
6.521307 -0.036659
6.526308 -0.030537
6.531309 -0.023076
6.536310 -0.018084
6.541311 0.002768
6.546312 0.032041
6.551313 0.041931
6.556314 0.028579
6.561315 0.014503
6.566316 0.004325
6.571317 0.012664
6.576318 0.021732
6.581319 0.008463
6.586320 -0.020543
6.591321 -0.040814
6.596322 -0.034816
6.601323 -0.015365
6.606324 0.007314
6.611325 0.003109
6.616326 -0.014447
6.621327 -0.013201
6.626328 0.001381
6.631329 0.039725
6.636330 0.071464
6.641331 0.082048
6.646332 0.068898
6.651333 0.031693
6.656334 0.011995
6.661335 -0.001313
6.666336 -0.013649
6.671337 -0.032941
6.676338 -0.065272
6.681339 -0.086156
6.686340 -0.088891
6.691341 -0.074023
6.696342 -0.051215
6.701343 -0.029471
6.706344 -0.022921
6.711345 -0.018906
6.716346 0.001640
6.721347 0.023181
6.726348 0.035386
6.731349 0.038981
6.736350 0.038253
6.741351 0.042234
6.746352 0.046502
6.751353 0.044812
6.756354 0.026325
6.761355 0.005953
6.766356 0.000515
6.771357 -0.000513
6.776358 0.014843
6.781359 0.016222
6.786360 0.000868
6.791361 0.001813
6.796362 -0.005383
6.801363 -0.014879
6.806364 -0.025114
6.811365 -0.031241
6.816366 -0.027721
6.821367 -0.030488
6.826368 -0.020265
6.831369 -0.009622
6.836370 -0.000980
6.841371 0.002552
6.846372 -0.006310
6.851373 -0.003084
6.856374 0.004779
6.861375 0.027243
6.866376 0.047725
6.871377 0.037603
6.876378 0.022411
6.881379 0.011341
6.886380 0.010210
6.891381 0.018369
6.896382 0.009370
6.901383 0.000638
6.906384 -0.003727
6.911385 -0.015340
6.916386 -0.010646
6.921387 -0.020479
6.926388 -0.045538
6.931389 -0.074721
6.936390 -0.099487
6.941391 -0.085042
6.946392 -0.053916
6.951393 -0.015378
6.956394 0.001796
6.961395 0.001334
6.966396 0.009135
6.971397 0.014003
6.976398 0.027169
6.981399 0.024920
6.986400 0.001078
6.991401 -0.038820
6.996402 -0.076025
7.001403 -0.093498
7.006404 -0.099327
7.011405 -0.098794
7.016406 -0.133984
7.021407 -0.180797
7.026408 -0.220002
7.031409 -0.247105
7.036410 -0.248675
7.041411 -0.251714
7.046412 -0.260892
7.051413 -0.301460
7.056414 -0.343851
7.061415 -0.358231
7.066416 -0.346643
7.071417 -0.308792
7.076418 -0.265183
7.081419 -0.214774
7.086420 -0.164239
7.091421 -0.095129
7.096422 -0.006863
7.101423 0.106622
7.106424 0.216209
7.111425 0.279273
7.116426 0.321967
7.121427 0.344424
7.126428 0.390866
7.131429 0.448605
7.136430 0.491651
7.141431 0.518000
7.146432 0.484913
7.151433 0.426353
7.156434 0.354867
7.161435 0.284332
7.166436 0.202189
7.171437 0.105471
7.176438 0.007339
7.181439 -0.102338
7.186440 -0.165070
7.191441 -0.194095
7.196442 -0.193727
7.201443 -0.159711
7.206444 -0.131434
7.211445 -0.102080
7.216446 -0.066345
7.221447 -0.020748
7.226448 0.042898
7.231449 0.123899
7.236450 0.201374
7.241451 0.278655
7.246452 0.336667
7.251453 0.367535
7.256454 0.388110
7.261455 0.382108
7.266456 0.354302
7.271457 0.293485
7.276458 0.205313
7.281459 0.095485
7.286460 -0.035406
7.291461 -0.170393
7.296462 -0.297993
7.301463 -0.389260
7.306464 -0.437787
7.311465 -0.429107
7.316466 -0.380569
7.321467 -0.306803
7.326468 -0.211750
7.331469 -0.143527
7.336470 -0.078962
7.341471 -0.016166
7.346472 0.040249
7.351473 0.101086
7.356474 0.139272
7.361475 0.166232
7.366476 0.173352
7.371477 0.158542
7.376478 0.136022
7.381479 0.107390
7.386480 0.076045
7.391481 0.037540
7.396482 -0.012099
7.401483 -0.071603
7.406484 -0.116194
7.411485 -0.141159
7.416486 -0.157578
7.421487 -0.161465
7.426488 -0.163375
7.431489 -0.158170
7.436490 -0.136831
7.441491 -0.100694
7.446492 -0.055328
7.451493 -0.016384
7.456494 0.017098
7.461495 0.040826
7.466496 0.059029
7.471497 0.080936
7.476498 0.103119
7.481499 0.120665
7.486500 0.125653
7.491501 0.120908
7.496502 0.099836
7.501503 0.069267
7.506504 0.033040
7.511505 -0.013544
7.516506 -0.059392
7.521507 -0.097317
7.526508 -0.107529
7.531509 -0.100757
7.536510 -0.082226
7.541511 -0.053491
7.546512 -0.034799
7.551513 -0.012037
7.556514 0.018530
7.561515 0.037603
7.566516 0.057306
7.571517 0.081279
7.576518 0.095463
7.581519 0.114689
7.586520 0.117817
7.591521 0.119811
7.596522 0.119212
7.601523 0.103035
7.606524 0.091069
7.611525 0.052015
7.616526 0.017113
7.621527 -0.020371
7.626528 -0.059641
7.631529 -0.073408
7.636530 -0.091955
7.641531 -0.092280
7.646532 -0.072245
7.651533 -0.031478
7.656534 0.007502
7.661535 0.027114
7.666536 0.044359
7.671537 0.032619
7.676538 0.022868
7.681539 0.026128
7.686540 0.041373
7.691541 0.071982
7.696542 0.078777
7.701543 0.073745
7.706544 0.051772
7.711545 0.010484
7.716546 -0.032403
7.721547 -0.069402
7.726548 -0.093089
7.731549 -0.107044
7.736550 -0.116707
7.741551 -0.125359
7.746552 -0.127565
7.751553 -0.145398
7.756554 -0.173423
7.761555 -0.193313
7.766556 -0.206662
7.771557 -0.204251
7.776558 -0.187292
7.781559 -0.152601
7.786560 -0.111971
7.791561 -0.087645
7.796562 -0.053487
7.801563 0.000539
7.806564 0.056031
7.811565 0.124849
7.816566 0.180166
7.821567 0.228212
7.826568 0.268428
7.831569 0.275371
7.836570 0.261225
7.841571 0.221759
7.846572 0.173234
7.851573 0.102853
7.856574 0.028982
7.861575 -0.032732
7.866576 -0.082613
7.871577 -0.111686
7.876578 -0.137092
7.881579 -0.142784
7.886580 -0.145580
7.891581 -0.149107
7.896582 -0.146727
7.901583 -0.141036
7.906584 -0.123322
7.911585 -0.102953
7.916586 -0.092314
7.921587 -0.086800
7.926588 -0.076449
7.931589 -0.067743
7.936590 -0.048263
7.941592 -0.015647
7.946593 0.034724
7.951594 0.095773
7.956595 0.145939
7.961596 0.189396
7.966597 0.216805
7.971598 0.227971
7.976599 0.225130
7.981600 0.207262
7.986601 0.178994
7.991602 0.134529
7.996603 0.086533
8.001604 0.040560
8.006605 -0.009512
8.011606 -0.043590
8.016607 -0.070926
8.021608 -0.092338
8.026609 -0.097648
8.031610 -0.113583
8.036611 -0.120486
8.041612 -0.131877
8.046613 -0.142214
8.051614 -0.132818
8.056615 -0.130987
8.061616 -0.094211
8.066617 -0.047676
8.071618 -0.000709
8.076619 0.052432
8.081620 0.084702
8.086621 0.113181
8.091622 0.115552
8.096623 0.110026
8.101624 0.095815
8.106625 0.083092
8.111626 0.091035
8.116627 0.104020
8.121628 0.134180
8.126629 0.151719
8.131630 0.159063
8.136631 0.153715
8.141632 0.131947
8.146633 0.103815
8.151634 0.069151
8.156635 0.047445
8.161636 0.020534
8.166637 0.003034
8.171638 -0.010613
8.176639 -0.032511
8.181640 -0.049878
8.186641 -0.073146
8.191642 -0.090920
8.196643 -0.108422
8.201644 -0.117178
8.206645 -0.118558
8.211646 -0.121268
8.216647 -0.118305
8.221648 -0.106488
8.226649 -0.091177
8.231650 -0.080704
8.236651 -0.065660
8.241652 -0.047276
8.246653 -0.026985
8.251654 -0.013486
8.256655 0.005532
8.261656 0.017506
8.266657 0.024592
8.271658 0.033901
8.276659 0.022316
8.281660 0.011503
8.286661 -0.007749
8.291662 -0.033701
8.296663 -0.065181
8.301664 -0.101625
8.306665 -0.139192
8.311666 -0.173128
8.316667 -0.188381
8.321668 -0.199757
8.326669 -0.193910
8.331670 -0.178929
8.336671 -0.163605
8.341672 -0.145605
8.346673 -0.129860
8.351674 -0.121029
8.356675 -0.130756
8.361676 -0.130673
8.366677 -0.115922
8.371678 -0.084253
8.376679 -0.021873
8.381680 0.048717
8.386681 0.118758
8.391682 0.171426
8.396683 0.207834
8.401684 0.242243
8.406685 0.259136
8.411686 0.266235
8.416687 0.264806
8.421688 0.241691
8.426689 0.214866
8.431690 0.185420
8.436691 0.138647
8.441692 0.101765
8.446693 0.072288
8.451694 0.035809
8.456695 0.005626
8.461696 -0.022552
8.466697 -0.044661
8.471698 -0.063240
8.476699 -0.080343
8.481700 -0.083351
8.486701 -0.069326
8.491702 -0.054269
8.496703 -0.038758
8.501704 -0.013430
8.506705 0.010239
8.511706 0.034774
8.516707 0.055757
8.521708 0.069353
8.526709 0.075630
8.531710 0.083940
8.536711 0.092908
8.541712 0.087408
8.546713 0.086338
8.551714 0.078152
8.556715 0.062943
8.561716 0.041628
8.566717 0.002961
8.571718 -0.033280
8.576719 -0.076850
8.581720 -0.115254
8.586721 -0.144936
8.591722 -0.173263
8.596723 -0.183950
8.601724 -0.180209
8.606725 -0.161320
8.611726 -0.139950
8.616727 -0.114575
8.621728 -0.093532
8.626729 -0.081953
8.631730 -0.065190
8.636731 -0.046355
8.641732 -0.017120
8.646733 0.005023
8.651734 0.023448
8.656735 0.050137
8.661736 0.077163
8.666737 0.108368
8.671738 0.136593
8.676739 0.158630
8.681740 0.165136
8.686741 0.164480
8.691742 0.153120
8.696743 0.130797
8.701744 0.118338
8.706745 0.101225
8.711746 0.085547
8.716747 0.065845
8.721748 0.042459
8.726749 0.021987
8.731750 -0.001745
8.736751 -0.016831
8.741752 -0.032794
8.746753 -0.046506
8.751754 -0.069842
8.756755 -0.086275
8.761756 -0.084832
8.766757 -0.086602
8.771758 -0.074140
8.776759 -0.053493
8.781760 -0.026652
8.786761 0.003248
8.791762 0.032773
8.796763 0.058242
8.801764 0.075456
8.806765 0.084265
8.811766 0.068140
8.816767 0.039690
8.821768 -0.004667
8.826769 -0.053906
8.831770 -0.088144
8.836771 -0.115552
8.841772 -0.116553
8.846773 -0.094907
8.851774 -0.059127
8.856775 -0.017117
8.861776 0.010814
8.866777 0.029256
8.871778 0.038078
8.876779 0.039017
8.881780 0.033345
8.886781 0.032139
8.891782 0.032177
8.896783 0.025328
8.901784 0.021573
8.906785 0.015789
8.911786 0.015988
8.916787 0.010600
8.921788 0.011306
8.926789 0.019530
8.931790 0.018374
8.936791 0.023020
8.941792 0.023482
8.946793 0.022908
8.951794 0.013561
8.956795 -0.003887
8.961796 -0.024998
8.966797 -0.045824
8.971798 -0.054924
8.976799 -0.062685
8.981800 -0.052423
8.986801 -0.042002
8.991802 -0.033215
8.996803 -0.016534
9.001804 -0.007426
9.006805 0.023242
9.011806 0.055773
9.016807 0.078759
9.021808 0.099287
9.026809 0.107936
9.031810 0.110964
9.036811 0.099684
9.041812 0.089078
9.046813 0.063596
9.051814 0.030049
9.056815 0.004568
9.061816 -0.022040
9.066817 -0.038771
9.071818 -0.046319
9.076819 -0.042434
9.081820 -0.048789
9.086821 -0.036747
9.091822 -0.014684
9.096823 -0.010564
9.101824 -0.002976
9.106825 0.001392
9.111826 0.012255
9.116827 0.012106
9.121828 0.009212
9.126829 -0.004890
9.131830 -0.023235
9.136831 -0.029782
9.141832 -0.049474
9.146833 -0.044547
9.151834 -0.047597
9.156835 -0.062350
9.161836 -0.056142
9.166837 -0.059972
9.171838 -0.052840
9.176839 -0.039924
9.181840 -0.026696
9.186841 -0.006752
9.191842 0.010699
9.196843 0.025275
9.201844 0.015731
9.206845 -0.002086
9.211846 -0.029211
9.216847 -0.059510
9.221848 -0.084214
9.226849 -0.107642
9.231850 -0.112417
9.236851 -0.123700
9.241852 -0.113830
9.246853 -0.092104
9.251854 -0.073052
9.256855 -0.032767
9.261856 0.000407
9.266857 0.030023
9.271858 0.048072
9.276859 0.062619
9.281860 0.072124
9.286861 0.075336
9.291862 0.075087
9.296863 0.065969
9.301864 0.054743
9.306865 0.030968
9.311866 0.009446
9.316867 -0.019910
9.321868 -0.044859
9.326869 -0.053736
9.331870 -0.067360
9.336871 -0.076082
9.341872 -0.079034
9.346873 -0.084488
9.351874 -0.089471
9.356875 -0.090409
9.361876 -0.088316
9.366877 -0.084105
9.371878 -0.077387
9.376879 -0.067954
9.381880 -0.053562
9.386881 -0.039420
9.391882 -0.029127
9.396883 -0.009376
9.401884 0.001339
9.406885 0.002398
9.411886 0.010465
9.416887 0.010681
9.421888 0.011838
9.426889 0.015984
9.431890 0.021491
9.436891 0.027309
9.441892 0.034796
9.446893 0.055137
9.451894 0.071014
9.456895 0.082156
9.461896 0.100295
9.466897 0.114843
9.471898 0.121067
9.476899 0.124011
9.481900 0.122384
9.486901 0.116715
9.491902 0.106943
9.496903 0.095698
9.501904 0.084259
9.506905 0.072831
9.511906 0.069556
9.516907 0.064113
9.521908 0.060675
9.526909 0.063655
9.531910 0.057184
9.536911 0.050971
9.541912 0.038010
9.546913 0.018795
9.551914 0.002293
9.556915 -0.028224
9.561916 -0.052626
9.566917 -0.071176
9.571918 -0.095598
9.576919 -0.111552
9.581920 -0.117656
9.586921 -0.120553
9.591922 -0.119517
9.596923 -0.103989
9.601924 -0.088981
9.606925 -0.074425
9.611926 -0.051799
9.616927 -0.028853
9.621928 -0.004337
9.626929 0.025015
9.631930 0.049382
9.636931 0.067448
9.641932 0.078049
9.646933 0.072527
9.651934 0.067136
9.656935 0.055103
9.661936 0.033735
9.666937 0.015800
9.671938 -0.002595
9.676939 -0.021635
9.681940 -0.028143
9.686941 -0.024653
9.691942 -0.029339
9.696943 -0.037840
9.701944 -0.050326
9.706945 -0.063950
9.711946 -0.077962
9.716947 -0.088815
9.721948 -0.093975
9.726949 -0.093519
9.731950 -0.079567
9.736951 -0.067725
9.741952 -0.047687
9.746953 -0.009851
9.751954 0.024886
9.756955 0.061661
9.761956 0.091749
9.766957 0.114642
9.771958 0.128621
9.776959 0.119005
9.781960 0.110851
9.786961 0.088710
9.791962 0.054876
9.796963 0.018150
9.801964 -0.029037
9.806965 -0.060343
9.811966 -0.090547
9.816967 -0.107905
9.821968 -0.101240
9.826969 -0.087111
9.831970 -0.055015
9.836971 -0.016273
9.841972 0.020754
9.846973 0.068595
9.851974 0.107973
9.856975 0.139245
9.861976 0.174760
9.866977 0.190431
9.871978 0.192649
9.876979 0.181975
9.881980 0.158834
9.886981 0.135646
9.891982 0.103905
9.896983 0.068867
9.901984 0.038771
9.906985 0.008121
9.911986 -0.023753
9.916987 -0.045579
9.921988 -0.061952
9.926989 -0.068809
9.931990 -0.062174
9.936991 -0.061660
9.941992 -0.060022
9.946993 -0.049697
9.951994 -0.049561
9.956995 -0.047871
9.961996 -0.034684
9.966997 -0.028783
9.971998 -0.013459
9.976999 0.006935
9.982000 0.021848
9.987001 0.045569
9.992002 0.058873
9.997003 0.064433
10.002004 0.061576
10.007005 0.043589
10.012006 0.017803
10.017007 -0.020241
10.022008 -0.053502
10.027009 -0.093304
10.032010 -0.133197
10.037011 -0.161181
10.042012 -0.191849
10.047013 -0.202807
10.052014 -0.204169
10.057015 -0.201647
10.062016 -0.189507
10.067017 -0.172123
10.072018 -0.150841
10.077019 -0.128082
10.082020 -0.103642
10.087021 -0.080268
10.092022 -0.057420
10.097023 -0.040651
10.102024 -0.022628
10.107025 -0.004596
10.112026 0.008097
10.117027 0.011604
10.122028 0.024383
10.127029 0.033886
10.132030 0.037405
10.137031 0.053424
10.142032 0.069825
10.147033 0.093573
10.152034 0.114375
10.157035 0.133666
10.162036 0.144595
10.167037 0.164106
10.172038 0.184173
10.177039 0.186057
10.182040 0.196012
10.187041 0.198179
10.192042 0.189757
10.197043 0.171853
10.202044 0.150966
10.207046 0.125373
10.212047 0.089581
10.217048 0.057406
10.222049 0.025575
10.227050 -0.008886
10.232051 -0.041036
10.237052 -0.067025
10.242053 -0.081285
10.247054 -0.085960
10.252055 -0.086050
10.257056 -0.065991
10.262057 -0.045854
10.267058 -0.018482
10.272059 0.025759
10.277060 0.063520
10.282061 0.106462
10.287062 0.140549
10.292063 0.165424
10.297064 0.174914
10.302065 0.176849
10.307066 0.167142
10.312067 0.143927
10.317068 0.121715
10.322069 0.081791
10.327070 0.044963
10.332071 0.001032
10.337072 -0.045072
10.342073 -0.081120
10.347074 -0.116522
10.352075 -0.143417
10.357076 -0.159331
10.362077 -0.168350
10.367078 -0.171361
10.372079 -0.165929
10.377080 -0.160927
10.382081 -0.147410
10.387082 -0.133037
10.392083 -0.121443
10.397084 -0.110477
10.402085 -0.105272
10.407086 -0.100711
10.412087 -0.094190
10.417088 -0.095578
10.422089 -0.096025
10.427090 -0.083184
10.432091 -0.073809
10.437092 -0.051391
10.442093 -0.029245
10.447094 -0.011819
10.452095 0.012470
10.457096 0.026342
10.462097 0.038907
10.467098 0.046466
10.472099 0.053871
10.477100 0.051878
10.482101 0.044463
10.487102 0.043986
10.492103 0.037979
10.497104 0.021698
10.502105 0.005662
10.507106 0.003716
10.512107 -0.010345
10.517108 -0.019026
10.522109 -0.015776
10.527110 -0.015261
10.532111 -0.007959
10.537112 -0.006937
10.542113 0.000510
10.547114 0.007614
10.552115 0.011598
10.557116 0.024377
10.562117 0.031711
10.567118 0.041409
10.572119 0.054436
10.577120 0.060410
10.582121 0.061367
10.587122 0.056931
10.592123 0.049244
10.597124 0.037187
10.602125 0.020157
10.607126 0.006311
10.612127 -0.001465
10.617128 -0.007425
10.622129 -0.015801
10.627130 -0.012343
10.632131 -0.009989
10.637132 -0.017792
10.642133 -0.016505
10.647134 -0.026067
10.652135 -0.031986
10.657136 -0.038725
10.662137 -0.054451
10.667138 -0.064334
10.672139 -0.083685
10.677140 -0.099957
10.682141 -0.120739
10.687142 -0.130133
10.692143 -0.133151
10.697144 -0.138476
10.702145 -0.126965
10.707146 -0.112725
10.712147 -0.087836
10.717148 -0.062119
10.722149 -0.033199
10.727150 -0.006827
10.732151 0.018549
10.737152 0.044682
10.742153 0.058439
10.747154 0.077200
10.752155 0.084147
10.757156 0.085753
10.762157 0.079794
10.767158 0.065823
10.772159 0.053561
10.777160 0.025257
10.782161 -0.003736
10.787162 -0.033952
10.792163 -0.063831
10.797164 -0.092304
10.802165 -0.117727
10.807166 -0.125936
10.812167 -0.130773
10.817168 -0.135547
10.822169 -0.124656
10.827170 -0.104989
10.832171 -0.084405
10.837172 -0.053240
10.842173 -0.014682
10.847174 0.024128
10.852175 0.063521
10.857176 0.099975
10.862177 0.130857
10.867178 0.162254
10.872179 0.185618
10.877180 0.203847
10.882181 0.213548
10.887182 0.214333
10.892183 0.214450
10.897184 0.205211
10.902185 0.189859
10.907186 0.169177
10.912187 0.149930
10.917188 0.117352
10.922189 0.083324
10.927190 0.053808
10.932191 0.016385
10.937192 -0.012245
10.942193 -0.040235
10.947194 -0.064032
10.952195 -0.081152
10.957196 -0.089024
10.962197 -0.088733
10.967198 -0.077579
10.972199 -0.050519
10.977200 -0.025232
10.982201 0.007726
10.987202 0.038815
10.992203 0.065614
10.997204 0.084143
11.002205 0.088438
11.007206 0.096963
11.012207 0.087706
11.017208 0.084530
11.022209 0.076214
11.027210 0.059949
11.032211 0.054669
11.037212 0.037776
11.042213 0.035469
11.047214 0.027103
11.052215 0.019492
11.057216 0.015395
11.062217 0.007821
11.067218 0.001670
11.072219 -0.010097
11.077220 -0.016114
11.082221 -0.031471
11.087222 -0.036369
11.092223 -0.047126
11.097224 -0.062181
11.102225 -0.063614
11.107226 -0.078770
11.112227 -0.085376
11.117228 -0.087953
11.122229 -0.098541
11.127230 -0.098657
11.132231 -0.099825
11.137232 -0.093908
11.142233 -0.085591
11.147234 -0.080380
11.152235 -0.068709
11.157236 -0.066336
11.162237 -0.057895
11.167238 -0.052202
11.172239 -0.048481
11.177240 -0.050014
11.182241 -0.059832
11.187242 -0.059182
11.192243 -0.065082
11.197244 -0.063859
11.202245 -0.070598
11.207246 -0.068000
11.212247 -0.054989
11.217248 -0.058165
11.222249 -0.048208
11.227250 -0.045941
11.232251 -0.047463
11.237252 -0.050733
11.242253 -0.060350
11.247254 -0.066335
11.252255 -0.078981
11.257256 -0.084940
11.262257 -0.086093
11.267258 -0.081522
11.272259 -0.062806
11.277260 -0.049227
11.282261 -0.026871
11.287262 0.013489
11.292263 0.044147
11.297264 0.082789
11.302265 0.124305
11.307266 0.159073
11.312267 0.199692
11.317268 0.219117
11.322269 0.233465
11.327270 0.244374
11.332271 0.236934
11.337272 0.231500
11.342273 0.209447
11.347274 0.182975
11.352275 0.158117
11.357276 0.120652
11.362277 0.093285
11.367278 0.065147
11.372279 0.043603
11.377280 0.026543
11.382281 0.012175
11.387282 0.016086
11.392283 0.013558
11.397284 0.013076
11.402285 0.018814
11.407286 0.025736
11.412287 0.023554
11.417288 0.019963
11.422289 0.020235
11.427290 0.006725
11.432291 0.000725
11.437292 -0.006309
11.442293 -0.017544
11.447294 -0.019763
11.452295 -0.021418
11.457296 -0.022751
11.462297 -0.017200
11.467298 -0.018550
11.472299 -0.020090
11.477300 -0.023886
11.482301 -0.038401
11.487302 -0.048466
11.492303 -0.066418
11.497304 -0.088270
11.502305 -0.110522
11.507306 -0.124643
11.512307 -0.140007
11.517308 -0.154853
11.522309 -0.151826
11.527310 -0.147119
11.532311 -0.128204
11.537312 -0.105323
11.542313 -0.085987
11.547314 -0.053123
11.552315 -0.028680
11.557316 -0.004969
11.562317 0.012713
11.567318 0.021897
11.572319 0.038962
11.577320 0.038844
11.582321 0.042660
11.587322 0.043581
11.592323 0.036847
11.597324 0.034444
11.602325 0.024302
11.607326 0.020391
11.612327 0.014292
11.617328 0.013124
11.622329 0.012325
11.627330 0.011585
11.632331 0.014313
11.637332 0.013724
11.642333 0.017514
11.647334 0.010806
11.652335 0.004105
11.657336 -0.006998
11.662337 -0.027392
11.667338 -0.045800
11.672339 -0.069941
11.677340 -0.088258
11.682341 -0.106957
11.687342 -0.115332
11.692343 -0.113229
11.697344 -0.110024
11.702345 -0.090599
11.707346 -0.072651
11.712347 -0.046241
11.717348 -0.018500
11.722349 0.001481
11.727350 0.029363
11.732351 0.041360
11.737352 0.046240
11.742353 0.055035
11.747354 0.052487
11.752355 0.047319
11.757356 0.038933
11.762357 0.026804
11.767358 0.016594
11.772359 0.002266
11.777360 -0.007804
11.782361 -0.012662
11.787362 -0.017681
11.792363 -0.019676
11.797364 -0.023248
11.802365 -0.020513
11.807366 -0.007521
11.812367 -0.003503
11.817368 0.002958
11.822369 0.013909
11.827370 0.017479
11.832371 0.026122
11.837372 0.030701
11.842373 0.026573
11.847374 0.019424
11.852375 0.011811
11.857376 -0.002107
11.862377 -0.016145
11.867378 -0.024128
11.872379 -0.033688
11.877380 -0.037601
11.882381 -0.040425
11.887382 -0.038545
11.892383 -0.031050
11.897384 -0.027378
11.902385 -0.020198
11.907386 -0.007770
11.912387 -0.000892
11.917388 0.005001
11.922389 0.010497
11.927390 0.012283
11.932391 0.014064
11.937392 0.010119
11.942393 0.006840
11.947394 0.001408
11.952395 0.002407
11.957396 0.001178
11.962397 -0.003687
11.967398 0.006177
11.972399 0.014870
11.977400 0.025592
11.982401 0.037709
11.987402 0.056722
11.992403 0.072141
11.997404 0.081744
12.002405 0.095090
12.007406 0.099405
12.012407 0.102888
12.017408 0.098883
12.022409 0.092104
12.027410 0.088709
12.032411 0.076665
12.037412 0.062263
12.042413 0.052084
12.047414 0.039217
12.052415 0.024674
12.057416 0.010252
12.062417 -0.004366
12.067418 -0.016785
12.072419 -0.030348
12.077420 -0.035554
12.082421 -0.041012
12.087422 -0.047961
12.092423 -0.044535
12.097424 -0.046342
12.102425 -0.038774
12.107426 -0.028911
12.112427 -0.025962
12.117428 -0.011193
12.122429 -0.001809
12.127430 0.012933
12.132431 0.032091
12.137432 0.044739
12.142433 0.064849
12.147434 0.083012
12.152435 0.090642
12.157436 0.095285
12.162437 0.093359
12.167438 0.083572
12.172439 0.065666
12.177440 0.037094
12.182441 0.011460
12.187442 -0.020966
12.192443 -0.054900
12.197444 -0.085059
12.202445 -0.112239
12.207446 -0.128444
12.212447 -0.135906
12.217448 -0.134202
12.222449 -0.128655
12.227450 -0.109021
12.232451 -0.083443
12.237452 -0.055851
12.242453 -0.028173
12.247454 -0.002393
12.252455 0.024052
12.257456 0.038031
12.262457 0.049154
12.267458 0.051028
12.272459 0.044406
12.277460 0.039506
12.282461 0.020851
12.287462 0.003518
12.292463 -0.001129
12.297464 -0.015304
12.302465 -0.017740
12.307466 -0.013565
12.312467 -0.017588
12.317468 -0.007748
12.322469 -0.004052
12.327470 0.003269
12.332471 0.012804
12.337472 0.011185
12.342473 0.019892
12.347474 0.026438
12.352475 0.024372
12.357476 0.026501
12.362477 0.030643
12.367478 0.032329
12.372479 0.033592
12.377480 0.039102
12.382481 0.041596
12.387482 0.044645
12.392483 0.054696
12.397484 0.052799
12.402485 0.048982
12.407486 0.050363
12.412487 0.047545
12.417488 0.037426
12.422489 0.030682
12.427490 0.027790
12.432491 0.011454
12.437492 0.000252
12.442493 -0.007752
12.447494 -0.018637
12.452495 -0.023632
12.457496 -0.029365
12.462497 -0.034080
12.467498 -0.032862
12.472499 -0.031880
12.477501 -0.034888
12.482502 -0.032669
12.487503 -0.030636
12.492504 -0.031204
12.497505 -0.034169
12.502506 -0.034820
12.507507 -0.034842
12.512508 -0.040454
12.517509 -0.042508
12.522510 -0.048904
12.527511 -0.052375
12.532512 -0.060036
12.537513 -0.065085
12.542514 -0.061936
12.547515 -0.067931
12.552516 -0.065431
12.557517 -0.064077
12.562518 -0.063613
12.567519 -0.060535
12.572520 -0.064166
12.577521 -0.064816
12.582522 -0.060390
12.587523 -0.062107
12.592524 -0.065804
12.597525 -0.060980
12.602526 -0.059186
12.607527 -0.060355
12.612528 -0.053487
12.617529 -0.049574
12.622530 -0.048415
12.627531 -0.033359
12.632532 -0.023654
12.637533 -0.012053
12.642534 0.003830
12.647535 0.017829
12.652536 0.036333
12.657537 0.047277
12.662538 0.060997
12.667539 0.070879
12.672540 0.079384
12.677541 0.081262
12.682542 0.076474
12.687543 0.076932
12.692544 0.066082
12.697545 0.055501
12.702546 0.044273
12.707547 0.029495
12.712548 0.017923
12.717549 0.002958
12.722550 -0.006229
12.727551 -0.011751
12.732552 -0.017022
12.737553 -0.014109
12.742554 -0.015972
12.747555 -0.017816
12.752556 -0.004163
12.757557 -0.002826
12.762558 0.003170
12.767559 0.018653
12.772560 0.018108
12.777561 0.029640
12.782562 0.038912
12.787563 0.045666
12.792564 0.051946
12.797565 0.056409
12.802566 0.065357
12.807567 0.062275
12.812568 0.070686
12.817569 0.072754
12.822570 0.066745
12.827571 0.075013
12.832572 0.074108
12.837573 0.069140
12.842574 0.075871
12.847575 0.073539
12.852576 0.066773
12.857577 0.067757
12.862578 0.056023
12.867579 0.046925
12.872580 0.039609
12.877581 0.020855
12.882582 0.002951
12.887583 -0.014856
12.892584 -0.030644
12.897585 -0.050719
12.902586 -0.071835
12.907587 -0.079411
12.912588 -0.089382
12.917589 -0.097469
12.922590 -0.096758
12.927591 -0.098682
12.932592 -0.091539
12.937593 -0.086931
12.942594 -0.084581
12.947595 -0.074492
12.952596 -0.067126
12.957597 -0.058525
12.962598 -0.049324
12.967599 -0.038306
12.972600 -0.021722
12.977601 -0.008112
12.982602 0.010871
12.987603 0.031321
12.992604 0.039813
12.997605 0.057902
13.002606 0.068898
13.007607 0.072592
13.012608 0.081009
13.017609 0.073736
13.022610 0.068465
13.027611 0.061684
13.032612 0.045591
13.037613 0.035188
13.042614 0.019290
13.047615 -0.001987
13.052616 -0.014232
13.057617 -0.033155
13.062618 -0.050576
13.067619 -0.058838
13.072620 -0.072348
13.077621 -0.075821
13.082622 -0.077615
13.087623 -0.080307
13.092624 -0.071946
13.097625 -0.065796
13.102626 -0.065255
13.107627 -0.054429
13.112628 -0.040417
13.117629 -0.039873
13.122630 -0.032879
13.127631 -0.017360
13.132632 -0.011029
13.137633 -0.003062
13.142634 0.012773
13.147635 0.022737
13.152636 0.034176
13.157637 0.048139
13.162638 0.053967
13.167639 0.060359
13.172640 0.066431
13.177641 0.064520
13.182642 0.060543
13.187643 0.055091
13.192644 0.041717
13.197645 0.026229
13.202646 0.009934
13.207647 -0.008885
13.212648 -0.030667
13.217649 -0.047418
13.222650 -0.061994
13.227651 -0.074223
13.232652 -0.080913
13.237653 -0.082994
13.242654 -0.076028
13.247655 -0.064257
13.252656 -0.043057
13.257657 -0.027445
13.262658 -0.004307
13.267659 0.019476
13.272660 0.038844
13.277661 0.062846
13.282662 0.069819
13.287663 0.086555
13.292664 0.096022
13.297665 0.093825
13.302666 0.097827
13.307667 0.093533
13.312668 0.086603
13.317669 0.073662
13.322670 0.065003
13.327671 0.052628
13.332672 0.030231
13.337673 0.018907
13.342674 0.007052
13.347675 -0.003920
13.352676 -0.012535
13.357677 -0.022834
13.362678 -0.022011
13.367679 -0.023472
13.372680 -0.026840
13.377681 -0.026297
13.382682 -0.024437
13.387683 -0.020622
13.392684 -0.022408
13.397685 -0.020506
13.402686 -0.010948
13.407687 -0.010370
13.412688 -0.004996
13.417689 0.006988
13.422690 0.006518
13.427691 0.017499
13.432692 0.026530
13.437693 0.026539
13.442694 0.033843
13.447695 0.030451
13.452696 0.024969
13.457697 0.017182
13.462698 0.008131
13.467699 -0.006089
13.472700 -0.023910
13.477701 -0.035903
13.482702 -0.054457
13.487703 -0.057799
13.492704 -0.064549
13.497705 -0.075485
13.502706 -0.069931
13.507707 -0.062719
13.512708 -0.049917
13.517709 -0.043507
13.522710 -0.025705
13.527711 -0.007176
13.532712 0.001470
13.537713 0.015864
13.542714 0.022791
13.547715 0.029339
13.552716 0.028075
13.557717 0.024852
13.562718 0.020049
13.567719 0.012013
13.572720 0.003008
13.577721 -0.007031
13.582722 -0.013613
13.587723 -0.027600
13.592724 -0.030481
13.597725 -0.036312
13.602726 -0.044718
13.607727 -0.042243
13.612728 -0.044300
13.617729 -0.038188
13.622730 -0.036797
13.627731 -0.034159
13.632732 -0.023324
13.637733 -0.022945
13.642734 -0.017118
13.647735 -0.014210
13.652736 -0.014897
13.657737 -0.005835
13.662738 -0.007778
13.667739 -0.006898
13.672740 -0.004330
13.677741 -0.008253
13.682742 -0.001878
13.687743 -0.003163
13.692744 0.001816
13.697745 0.001964
13.702746 0.001787
13.707747 0.011323
13.712748 0.005110
13.717749 0.009481
13.722750 0.008291
13.727751 0.009665
13.732752 0.010211
13.737753 0.003285
13.742754 0.005824
13.747755 0.000932
13.752756 0.003960
13.757757 -0.000800
13.762758 0.001857
13.767759 0.010618
13.772760 0.009243
13.777761 0.023946
13.782762 0.031125
13.787763 0.039865
13.792764 0.057395
13.797765 0.061408
13.802766 0.067795
13.807767 0.077562
13.812768 0.075918
13.817769 0.068468
13.822770 0.066931
13.827771 0.059886
13.832772 0.046659
13.837773 0.037987
13.842774 0.025661
13.847775 0.015992
13.852776 0.008773
13.857777 0.002458
13.862778 -0.003724
13.867779 -0.005022
13.872780 -0.000955
13.877781 -0.004238
13.882782 -0.002553
13.887783 0.002911
13.892784 0.008058
13.897785 0.003824
13.902786 0.001002
13.907787 0.005587
13.912788 -0.006477
13.917789 -0.012270
13.922790 -0.015655
13.927791 -0.026594
13.932792 -0.027730
13.937793 -0.034237
13.942794 -0.037914
13.947795 -0.032314
13.952796 -0.031471
13.957797 -0.026481
13.962798 -0.018481
13.967799 -0.012424
13.972800 -0.001545
13.977801 0.007566
13.982802 0.013017
13.987803 0.022963
13.992804 0.024062
13.997805 0.024996
14.002806 0.025526
14.007807 0.019251
14.012808 0.011232
14.017809 -0.000031
14.022810 -0.008330
14.027811 -0.023432
14.032812 -0.029526
14.037813 -0.041576
14.042814 -0.053129
14.047815 -0.052983
14.052816 -0.057456
14.057817 -0.056322
14.062818 -0.060170
14.067819 -0.052935
14.072820 -0.052982
14.077821 -0.049962
14.082822 -0.040203
14.087823 -0.038321
14.092824 -0.026281
14.097825 -0.026690
14.102826 -0.015368
14.107827 -0.001871
14.112828 0.002462
14.117829 0.012272
14.122830 0.022717
14.127831 0.032407
14.132832 0.037470
14.137833 0.051572
14.142834 0.058110
14.147835 0.062913
14.152836 0.070252
14.157837 0.073514
14.162838 0.076435
14.167839 0.074197
14.172840 0.074656
14.177841 0.067503
14.182842 0.056486
14.187843 0.048929
14.192844 0.037813
14.197845 0.021824
14.202846 0.007167
14.207847 -0.003699
14.212848 -0.022827
14.217849 -0.034954
14.222850 -0.041692
14.227851 -0.053290
14.232852 -0.053075
14.237853 -0.058641
14.242854 -0.059314
14.247855 -0.052536
14.252856 -0.047654
14.257857 -0.036140
14.262858 -0.030713
14.267859 -0.013273
14.272860 -0.000750
14.277861 0.006032
14.282862 0.018275
14.287863 0.023149
14.292864 0.032886
14.297865 0.036364
14.302866 0.036039
14.307867 0.033771
14.312868 0.034176
14.317869 0.031461
14.322870 0.024417
14.327871 0.026132
14.332872 0.021299
14.337873 0.020705
14.342874 0.015819
14.347875 0.012902
14.352876 0.013982
14.357877 0.004898
14.362878 0.006882
14.367879 0.000761
14.372880 -0.006532
14.377881 -0.011693
14.382882 -0.020639
14.387883 -0.024300
14.392884 -0.032859
14.397885 -0.041395
14.402886 -0.046516
14.407887 -0.050167
14.412888 -0.056037
14.417889 -0.059720
14.422890 -0.062924
14.427891 -0.060897
14.432892 -0.060996
14.437893 -0.059905
14.442894 -0.056765
14.447895 -0.050803
14.452896 -0.042520
14.457897 -0.042686
14.462898 -0.036884
14.467899 -0.032452
14.472900 -0.021550
14.477901 -0.020484
14.482902 -0.019508
14.487903 -0.008841
14.492904 -0.010493
14.497905 -0.009417
14.502906 -0.003574
14.507907 -0.002474
14.512908 -0.007658
14.517909 -0.004925
14.522910 -0.009171
14.527911 -0.010336
14.532912 -0.008888
14.537913 -0.016580
14.542914 -0.015551
14.547915 -0.011008
14.552916 -0.009659
14.557917 -0.010726
14.562918 -0.000246
14.567919 0.006996
14.572920 0.014561
14.577921 0.027216
14.582922 0.039197
14.587923 0.053451
14.592924 0.058361
14.597925 0.073377
14.602926 0.082174
14.607927 0.083912
14.612928 0.090598
14.617929 0.085865
14.622930 0.088417
14.627931 0.081751
14.632932 0.069709
14.637933 0.063406
14.642934 0.047349
14.647935 0.037100
14.652936 0.022294
14.657937 0.011018
14.662938 0.002376
14.667939 -0.011905
14.672940 -0.017741
14.677941 -0.022988
14.682942 -0.026415
14.687943 -0.029743
14.692944 -0.025061
14.697945 -0.025091
14.702946 -0.027677
14.707947 -0.013739
14.712948 -0.009210
14.717949 -0.005769
14.722950 0.003642
14.727951 0.007082
14.732952 0.017937
14.737953 0.021780
14.742954 0.027660
14.747956 0.041951
14.752957 0.039517
14.757958 0.044144
14.762959 0.052084
14.767960 0.052299
14.772961 0.053805
14.777962 0.055149
14.782963 0.050307
14.787964 0.049185
14.792965 0.049171
14.797966 0.037369
14.802967 0.033420
14.807968 0.024572
14.812969 0.018920
14.817970 0.010337
14.822971 -0.003011
14.827972 -0.007794
14.832973 -0.017739
14.837974 -0.025437
14.842975 -0.034093
14.847976 -0.037247
14.852977 -0.045523
14.857978 -0.051179
14.862979 -0.052736
14.867980 -0.057472
14.872981 -0.059143
14.877982 -0.063994
14.882983 -0.063345
14.887984 -0.066192
14.892985 -0.062278
14.897986 -0.068080
14.902987 -0.070493
14.907988 -0.058192
14.912989 -0.065129
14.917990 -0.060730
14.922991 -0.053889
14.927992 -0.050088
14.932993 -0.041184
14.937994 -0.040753
14.942995 -0.035549
14.947996 -0.026787
14.952997 -0.024138
14.957998 -0.023707
14.962999 -0.019322
14.968000 -0.017773
14.973001 -0.015170
14.978002 -0.017569
14.983003 -0.017866
14.988004 -0.014386
14.993005 -0.017253
14.998006 -0.014055
15.003007 -0.013467
15.008008 -0.008650
15.013009 -0.005056
15.018010 -0.004533
15.023011 0.005305
15.028012 0.009717
15.033013 0.011890
15.038014 0.015883
15.043015 0.021262
15.048016 0.024036
15.053017 0.021112
15.058018 0.026809
15.063019 0.027295
15.068020 0.020676
15.073021 0.026921
15.078022 0.023866
15.083023 0.022579
15.088024 0.025644
15.093025 0.025523
15.098026 0.028219
15.103027 0.026535
15.108028 0.035029
15.113029 0.032618
15.118030 0.036102
15.123031 0.039733
15.128032 0.037386
15.133033 0.042981
15.138034 0.037520
15.143035 0.038316
15.148036 0.034992
15.153037 0.031367
15.158038 0.025990
15.163039 0.021897
15.168040 0.016922
15.173041 0.010581
15.178042 0.007874
15.183043 -0.003984
15.188044 -0.006530
15.193045 -0.009040
15.198046 -0.014071
15.203047 -0.016702
15.208048 -0.016096
15.213049 -0.010464
15.218050 -0.007717
15.223051 -0.002121
15.228052 0.010963
15.233053 0.019815
15.238054 0.031223
15.243055 0.046657
15.248056 0.052894
15.253057 0.065982
15.258058 0.071616
15.263059 0.076736
15.268060 0.085667
15.273061 0.079538
15.278062 0.082958
15.283063 0.078555
15.288064 0.067942
15.293065 0.063531
15.298066 0.048297
15.303067 0.038852
15.308068 0.028089
15.313069 0.012820
15.318070 0.000108
15.323071 -0.015569
15.328072 -0.027187
15.333073 -0.037296
15.338074 -0.046427
15.343075 -0.055846
15.348076 -0.060494
15.353077 -0.058412
15.358078 -0.063277
15.363079 -0.063856
15.368080 -0.056451
15.373081 -0.053311
15.378082 -0.052018
15.383083 -0.043694
15.388084 -0.037596
15.393085 -0.034445
15.398086 -0.024760
15.403087 -0.022674
15.408088 -0.015298
15.413089 -0.007342
15.418090 -0.007841
15.423091 -0.003894
15.428092 0.000406
15.433093 0.002066
15.438094 -0.002871
15.443095 -0.004320
15.448096 -0.009458
15.453097 -0.017696
15.458098 -0.021963
15.463099 -0.031638
15.468100 -0.039865
15.473101 -0.048425
15.478102 -0.053878
15.483103 -0.061329
15.488104 -0.064038
15.493105 -0.058442
15.498106 -0.065957
15.503107 -0.059203
15.508108 -0.048142
15.513109 -0.044351
15.518110 -0.030858
15.523111 -0.022459
15.528112 -0.006708
15.533113 0.007974
15.538114 0.014056
15.543115 0.028321
15.548116 0.037836
15.553117 0.043300
15.558118 0.052943
15.563119 0.050806
15.568120 0.054182
15.573121 0.056073
15.578122 0.046525
15.583123 0.045156
15.588124 0.040532
15.593125 0.035880
15.598126 0.024161
15.603127 0.014244
15.608128 0.011022
15.613129 -0.000910
15.618130 -0.009515
15.623131 -0.018146
15.628132 -0.026840
15.633133 -0.031725
15.638134 -0.041650
15.643135 -0.043450
15.648136 -0.047855
15.653137 -0.055640
15.658138 -0.050365
15.663139 -0.057429
15.668140 -0.058344
15.673141 -0.050700
15.678142 -0.049047
15.683143 -0.047374
15.688144 -0.041464
15.693145 -0.029954
15.698146 -0.029060
15.703147 -0.015638
15.708148 -0.006349
15.713149 -0.001816
15.718150 0.011732
15.723151 0.012047
15.728152 0.022042
15.733153 0.023802
15.738154 0.024198
15.743155 0.031827
15.748156 0.022710
15.753157 0.021948
15.758158 0.020615
15.763159 0.014795
15.768160 0.008721
15.773161 0.006259
15.778162 0.000684
15.783163 -0.006865
15.788164 -0.005756
15.793165 -0.015619
15.798166 -0.010466
15.803167 -0.013910
15.808168 -0.016440
15.813169 -0.005205
15.818170 -0.011297
15.823171 -0.004330
15.828172 0.000418
15.833173 0.005850
15.838174 0.008985
15.843175 0.011796
15.848176 0.021707
15.853177 0.023383
15.858178 0.028442
15.863179 0.032568
15.868180 0.040023
15.873181 0.042973
15.878182 0.046054
15.883183 0.049318
15.888184 0.051731
15.893185 0.054902
15.898186 0.050627
15.903187 0.048373
15.908188 0.047115
15.913189 0.043865
15.918190 0.036295
15.923191 0.032192
15.928192 0.029153
15.933193 0.022738
15.938194 0.016508
15.943195 0.018377
15.948196 0.014842
15.953197 0.006930
15.958198 0.012814
15.963199 0.011694
15.968200 0.013039
15.973201 0.015534
15.978202 0.011618
15.983203 0.016416
15.988204 0.019479
15.993205 0.017331
15.998206 0.017453
16.003207 0.016709
16.008208 0.015219
16.013209 0.015772
16.018210 0.009253
16.023211 0.006697
16.028212 0.005217
16.033213 -0.001959
16.038214 -0.002573
16.043215 -0.008355
16.048216 -0.011411
16.053217 -0.015735
16.058218 -0.018304
16.063219 -0.020295
16.068220 -0.029176
16.073221 -0.025233
16.078222 -0.037391
16.083223 -0.041113
16.088224 -0.039828
16.093225 -0.052467
16.098226 -0.049745
16.103227 -0.058758
16.108228 -0.056641
16.113229 -0.057067
16.118230 -0.061849
16.123231 -0.053166
16.128232 -0.052745
16.133233 -0.042680
16.138234 -0.039431
16.143235 -0.034472
16.148236 -0.023454
16.153237 -0.020393
16.158238 -0.016713
16.163239 -0.010320
16.168240 -0.009534
16.173241 -0.012579
16.178242 -0.012468
16.183243 -0.018532
16.188244 -0.018292
16.193245 -0.021868
16.198246 -0.031507
16.203247 -0.029025
16.208248 -0.033480
16.213249 -0.034025
16.218250 -0.027308
16.223251 -0.031867
16.228252 -0.020313
16.233253 -0.014578
16.238254 -0.015473
16.243255 0.002090
16.248256 0.006713
16.253257 0.011475
16.258258 0.019257
16.263259 0.026724
16.268260 0.032586
16.273261 0.035722
16.278262 0.044449
16.283263 0.043857
16.288264 0.049498
16.293265 0.053832
16.298266 0.052758
16.303267 0.056266
16.308268 0.058101
16.313269 0.057462
16.318270 0.053645
16.323271 0.055809
16.328272 0.050164
16.333273 0.044774
16.338274 0.043980
16.343275 0.031304
16.348276 0.027325
16.353277 0.023201
16.358278 0.012077
16.363279 0.010285
16.368280 0.002394
16.373281 0.002573
16.378282 0.003661
16.383283 -0.000618
16.388284 0.009878
16.393285 0.012047
16.398286 0.015637
16.403287 0.021983
16.408288 0.030847
16.413289 0.033597
16.418290 0.031491
16.423291 0.043601
16.428292 0.037227
16.433293 0.038200
16.438294 0.039864
16.443295 0.029281
16.448296 0.031798
16.453297 0.022110
16.458298 0.014101
16.463299 0.010762
16.468300 0.003367
16.473301 -0.000190
16.478302 -0.012196
16.483303 -0.020272
16.488304 -0.016503
16.493305 -0.023866
16.498306 -0.033788
16.503307 -0.033827
16.508308 -0.038705
16.513309 -0.043780
16.518310 -0.044301
16.523311 -0.050399
16.528312 -0.049572
16.533313 -0.048574
16.538314 -0.056389
16.543315 -0.048457
16.548316 -0.043915
16.553317 -0.043486
16.558318 -0.037581
16.563319 -0.031972
16.568320 -0.023218
16.573321 -0.016543
16.578322 -0.006791
16.583323 -0.003111
16.588324 0.004293
16.593325 0.014232
16.598326 0.014707
16.603327 0.018314
16.608328 0.025285
16.613329 0.028468
16.618330 0.026447
16.623331 0.026826
16.628332 0.028212
16.633333 0.025463
16.638334 0.020303
16.643335 0.018165
16.648336 0.015017
16.653337 0.010295
16.658338 0.008706
16.663339 0.001560
16.668340 -0.000442
16.673341 -0.001673
16.678342 -0.007315
16.683343 -0.005750
16.688344 -0.012761
16.693345 -0.016355
16.698346 -0.016533
16.703347 -0.021040
16.708348 -0.019409
16.713349 -0.022692
16.718350 -0.025005
16.723351 -0.026457
16.728352 -0.024575
16.733353 -0.023619
16.738354 -0.024204
16.743355 -0.022720
16.748356 -0.021518
16.753357 -0.012905
16.758358 -0.017739
16.763359 -0.014817
16.768360 -0.005837
16.773361 -0.013222
16.778362 -0.010035
16.783363 -0.005051
16.788364 -0.008152
16.793365 -0.006807
16.798366 -0.005827
16.803367 -0.009298
16.808368 -0.007881
16.813369 -0.006747
16.818370 -0.008181
16.823371 -0.009130
16.828372 -0.007844
16.833373 -0.007530
16.838374 -0.006568
16.843375 -0.005167
16.848376 -0.006453
16.853377 -0.001945
16.858378 -0.004200
16.863379 -0.001871
16.868380 0.002097
16.873381 -0.002431
16.878382 -0.000236
16.883383 -0.000711
16.888384 0.001076
16.893385 0.001587
16.898386 -0.000400
16.903387 0.001054
16.908388 0.001294
16.913389 0.003164
16.918390 0.004331
16.923391 0.007343
16.928392 0.008050
16.933393 0.010441
16.938394 0.015528
16.943395 0.017769
16.948396 0.021042
16.953397 0.019587
16.958398 0.021714
16.963399 0.023234
16.968400 0.022134
16.973401 0.023952
16.978402 0.020438
16.983403 0.021047
16.988404 0.021647
16.993405 0.020377
16.998406 0.020126
17.003407 0.019207
17.008408 0.021747
17.013410 0.021739
17.018411 0.016233
17.023412 0.017506
17.028413 0.019862
17.033414 0.015631
17.038415 0.018352
17.043416 0.016658
17.048417 0.015020
17.053418 0.017006
17.058419 0.015183
17.063420 0.017621
17.068421 0.017004
17.073422 0.017515
17.078423 0.016431
17.083424 0.013819
17.088425 0.015658
17.093426 0.012985
17.098427 0.011064
17.103428 0.007112
17.108429 0.000935
17.113430 -0.000176
17.118431 -0.006977
17.123432 -0.015229
17.128433 -0.019400
17.133434 -0.027244
17.138435 -0.032538
17.143436 -0.039805
17.148437 -0.043429
17.153438 -0.047518
17.158439 -0.055698
17.163440 -0.052158
17.168441 -0.055515
17.173442 -0.055754
17.178443 -0.052199
17.183444 -0.055360
17.188445 -0.050679
17.193446 -0.043415
17.198447 -0.038789
17.203448 -0.038018
17.208449 -0.030567
17.213450 -0.024512
17.218451 -0.023747
17.223452 -0.015431
17.228453 -0.011948
17.233454 -0.005968
17.238455 -0.002388
17.243456 -0.004072
17.248457 0.004727
17.253458 0.006046
17.258459 0.007915
17.263460 0.010341
17.268461 0.011369
17.273462 0.015102
17.278463 0.015228
17.283464 0.020040
17.288465 0.021443
17.293466 0.023321
17.298467 0.025044
17.303468 0.029804
17.308469 0.033950
17.313470 0.034495
17.318471 0.038438
17.323472 0.040890
17.328473 0.042097
17.333474 0.041864
17.338475 0.045046
17.343476 0.041098
17.348477 0.041138
17.353478 0.041328
17.358479 0.032794
17.363480 0.032973
17.368481 0.023781
17.373482 0.017284
17.378483 0.015467
17.383484 0.002903
17.388485 0.000066
17.393486 -0.006781
17.398487 -0.014365
17.403488 -0.012120
17.408489 -0.020337
17.413490 -0.020638
17.418491 -0.016753
17.423492 -0.019494
17.428493 -0.016017
17.433494 -0.013697
17.438495 -0.010621
17.443496 -0.007636
17.448497 -0.003009
17.453498 0.000468
17.458499 0.003964
17.463500 0.006376
17.468501 0.009538
17.473502 0.012623
17.478503 0.009144
17.483504 0.013673
17.488505 0.008702
17.493506 0.007445
17.498507 0.008168
17.503508 0.002133
17.508509 0.000681
17.513510 -0.005449
17.518511 -0.004043
17.523512 -0.012032
17.528513 -0.014640
17.533514 -0.012088
17.538515 -0.019007
17.543516 -0.021784
17.548517 -0.023289
17.553518 -0.018423
17.558519 -0.023888
17.563520 -0.022830
17.568521 -0.017900
17.573522 -0.020927
17.578523 -0.015573
17.583524 -0.015132
17.588525 -0.012180
17.593526 -0.008651
17.598527 -0.006295
17.603528 -0.002459
17.608529 -0.001738
17.613530 -0.000248
17.618531 0.004684
17.623532 0.008036
17.628533 0.004953
17.633534 0.007871
17.638535 0.007978
17.643536 0.008603
17.648537 0.011185
17.653538 0.008861
17.658539 0.009634
17.663540 0.007901
17.668541 0.008260
17.673542 0.007238
17.678543 0.004436
17.683544 0.004804
17.688545 0.006700
17.693546 0.005428
17.698547 0.003379
17.703548 0.004349
17.708549 0.005976
17.713550 0.010090
17.718551 0.005148
17.723552 0.007120
17.728553 0.015057
17.733554 0.013589
17.738555 0.012145
17.743556 0.014542
17.748557 0.018632
17.753558 0.014439
17.758559 0.013088
17.763560 0.012359
17.768561 0.008903
17.773562 0.006717
17.778563 -0.001239
17.783564 -0.003566
17.788565 -0.002809
17.793566 -0.012905
17.798567 -0.016587
17.803568 -0.015494
17.808569 -0.020307
17.813570 -0.018893
17.818571 -0.022912
17.823572 -0.021420
17.828573 -0.017547
17.833574 -0.020364
17.838575 -0.020363
17.843576 -0.016363
17.848577 -0.008872
17.853578 -0.014851
17.858579 -0.007624
17.863580 0.000001
17.868581 -0.001749
17.873582 0.006117
17.878583 0.006497
17.883584 0.011060
17.888585 0.013888
17.893586 0.016019
17.898587 0.015222
17.903588 0.014019
17.908589 0.015218
17.913590 0.012623
17.918591 0.008508
17.923592 0.001470
17.928593 0.006174
17.933594 -0.002959
17.938595 -0.009606
17.943596 -0.008025
17.948597 -0.014568
17.953598 -0.013170
17.958599 -0.019061
17.963600 -0.016897
17.968601 -0.015263
17.973602 -0.017579
17.978603 -0.013857
17.983604 -0.015882
17.988605 -0.009432
17.993606 -0.007248
17.998607 -0.009358
18.003608 -0.007903
18.008609 -0.004567
18.013610 -0.001096
18.018611 -0.005205
18.023612 0.000851
18.028613 -0.001186
18.033614 0.002635
18.038615 0.010976
18.043616 0.001747
18.048617 0.013558
18.053618 0.013904
18.058619 0.014455
18.063620 0.023573
18.068621 0.020629
18.073622 0.028267
18.078623 0.023009
18.083624 0.023721
18.088625 0.027529
18.093626 0.020509
18.098627 0.017861
18.103628 0.015430
18.108629 0.010557
18.113630 0.004529
18.118631 -0.000021
18.123632 -0.008304
18.128633 -0.009644
18.133634 -0.014558
18.138635 -0.019251
18.143636 -0.017605
18.148637 -0.022652
18.153638 -0.020261
18.158639 -0.018212
18.163640 -0.020750
18.168641 -0.017097
18.173642 -0.015461
18.178643 -0.015187
18.183644 -0.013609
18.188645 -0.012587
18.193646 -0.010027
18.198647 -0.009703
18.203648 -0.009643
18.208649 -0.009056
18.213650 -0.008123
18.218651 -0.010553
18.223652 -0.008766
18.228653 -0.000109
18.233654 -0.005659
18.238655 -0.004578
18.243656 0.002025
18.248657 -0.001828
18.253658 0.006358
18.258659 0.008457
18.263660 0.006160
18.268661 0.012378
18.273662 0.012206
18.278663 0.012779
18.283664 0.014470
18.288665 0.016270
18.293666 0.014815
18.298667 0.012535
18.303668 0.009168
18.308669 0.007967
18.313670 0.008525
18.318671 -0.001967
18.323672 -0.004366
18.328673 -0.003827
18.333674 -0.009839
18.338675 -0.014797
18.343676 -0.018124
18.348677 -0.015988
18.353678 -0.019343
18.358679 -0.022204
18.363680 -0.016521
18.368681 -0.019165
18.373682 -0.017685
18.378683 -0.010086
18.383684 -0.011227
18.388685 -0.005512
18.393686 0.000235
18.398687 0.000848
18.403688 0.003980
18.408689 0.008845
18.413690 0.014784
18.418691 0.017596
18.423692 0.017133
18.428693 0.020307
18.433694 0.023295
18.438695 0.022309
18.443696 0.018394
18.448697 0.014755
18.453698 0.015654
18.458699 0.008749
18.463700 0.004197
18.468701 -0.001200
18.473702 -0.006324
18.478703 -0.009122
18.483704 -0.017325
18.488705 -0.016546
18.493706 -0.020953
18.498707 -0.022385
18.503708 -0.019688
18.508709 -0.023749
18.513710 -0.018663
18.518711 -0.017528
18.523712 -0.016793
18.528713 -0.010889
18.533714 -0.011143
18.538715 -0.008586
18.543716 -0.007919
18.548717 -0.006115
18.553718 -0.003096
18.558719 -0.005519
18.563720 -0.005920
18.568721 -0.006335
18.573722 -0.007041
18.578723 -0.008278
18.583724 -0.012964
18.588725 -0.009533
18.593726 -0.007783
18.598727 -0.017827
18.603728 -0.015289
18.608729 -0.013771
18.613730 -0.016873
18.618731 -0.014373
18.623732 -0.017390
18.628733 -0.017736
18.633734 -0.012944
18.638735 -0.017448
18.643736 -0.019835
18.648737 -0.007697
18.653738 -0.011615
18.658739 -0.013160
18.663740 -0.004967
18.668741 -0.003937
18.673742 -0.000699
18.678743 0.000415
18.683744 0.004831
18.688745 0.008862
18.693746 0.012850
18.698747 0.013487
18.703748 0.019458
18.708749 0.023711
18.713750 0.024853
18.718751 0.030497
18.723752 0.028118
18.728753 0.033748
18.733754 0.033201
18.738755 0.031483
18.743756 0.032396
18.748757 0.029722
18.753758 0.029082
18.758759 0.025355
18.763760 0.023934
18.768761 0.019022
18.773762 0.017875
18.778763 0.014932
18.783764 0.011933
18.788765 0.007484
18.793766 0.008261
18.798767 0.009938
18.803768 0.000341
18.808769 0.008828
18.813770 0.006772
18.818771 0.004697
18.823772 0.015248
18.828773 0.010709
18.833774 0.016027
18.838775 0.020250
18.843776 0.020138
18.848777 0.021659
18.853778 0.022946
18.858779 0.025457
18.863780 0.022189
18.868781 0.023083
18.873782 0.019044
18.878783 0.014349
18.883784 0.015447
18.888785 0.008306
18.893786 0.004773
18.898787 0.003634
18.903788 -0.006084
18.908789 -0.006154
18.913790 -0.010437
18.918791 -0.018722
18.923792 -0.018493
18.928793 -0.020874
18.933794 -0.024249
18.938795 -0.028274
18.943796 -0.026477
18.948797 -0.031301
18.953798 -0.031036
18.958799 -0.030960
18.963800 -0.032596
18.968801 -0.029413
18.973802 -0.033327
18.978803 -0.028905
18.983804 -0.029005
18.988805 -0.025837
18.993806 -0.026324
18.998807 -0.022417
19.003808 -0.016212
19.008809 -0.018099
19.013810 -0.013535
19.018811 -0.013861
19.023812 -0.008675
19.028813 -0.007624
19.033814 -0.005223
19.038815 -0.003737
19.043816 -0.001130
19.048817 -0.002866
19.053818 -0.003350
19.058819 0.006094
19.063820 -0.002116
19.068821 0.004363
19.073822 0.005566
19.078823 -0.000189
19.083824 0.009201
19.088825 0.006257
19.093826 0.006392
19.098827 0.008867
19.103828 0.008441
19.108829 0.010235
19.113830 0.012369
19.118831 0.010917
19.123832 0.006964
19.128833 0.011541
19.133834 0.010707
19.138835 0.005222
19.143836 0.008906
19.148837 0.008486
19.153838 0.004289
19.158839 0.002599
19.163840 0.002399
19.168841 -0.000092
19.173842 -0.007123
19.178843 -0.007737
19.183844 -0.008539
19.188845 -0.016055
19.193846 -0.016762
19.198847 -0.019032
19.203848 -0.025665
19.208849 -0.019692
19.213850 -0.020614
19.218851 -0.021480
19.223852 -0.020657
19.228853 -0.019447
19.233854 -0.008636
19.238855 -0.011868
19.243856 -0.006516
19.248857 -0.001726
19.253858 -0.000168
19.258859 0.005290
19.263860 0.006307
19.268861 0.013994
19.273862 0.014131
19.278863 0.016107
19.283865 0.016871
19.288866 0.020133
19.293867 0.023046
19.298868 0.018379
19.303869 0.022968
19.308870 0.022188
19.313871 0.017369
19.318872 0.019998
19.323873 0.015567
19.328874 0.012810
19.333875 0.013583
19.338876 0.006010
19.343877 0.008367
19.348878 0.005195
19.353879 0.000789
19.358880 0.002657
19.363881 -0.006326
19.368882 -0.002576
19.373883 0.000877
19.378884 -0.004475
19.383885 -0.006567
19.388886 -0.001860
19.393887 0.001698
19.398888 -0.002476
19.403889 0.002670
19.408890 0.003842
19.413891 0.007380
19.418892 0.010264
19.423893 0.008058
19.428894 0.013152
19.433895 0.014335
19.438896 0.014478
19.443897 0.013340
19.448898 0.015298
19.453899 0.013556
19.458900 0.012452
19.463901 0.013346
19.468902 0.008106
19.473903 0.005583
19.478904 0.003997
19.483905 0.002885
19.488906 -0.002030
19.493907 -0.000082
19.498908 -0.002322
19.503909 -0.008343
19.508910 -0.003576
19.513911 -0.002908
19.518912 -0.003282
19.523913 -0.001796
19.528914 0.000853
19.533915 0.001475
19.538916 0.002151
19.543917 0.004362
19.548918 0.006763
19.553919 0.008082
19.558920 0.005770
19.563921 0.010762
19.568922 0.011700
19.573923 0.007971
19.578924 0.010254
19.583925 0.005963
19.588926 0.007628
19.593927 0.006963
19.598928 0.002324
19.603929 0.003816
19.608930 -0.002322
19.613931 -0.000623
19.618932 -0.005887
19.623933 -0.009611
19.628934 -0.002845
19.633935 -0.010768
19.638936 -0.011635
19.643937 -0.009854
19.648938 -0.011274
19.653939 -0.009790
19.658940 -0.011834
19.663941 -0.009739
19.668942 -0.008544
19.673943 -0.008507
19.678944 -0.007250
19.683945 -0.005257
19.688946 -0.009084
19.693947 -0.008090
19.698948 -0.001279
19.703949 -0.011046
19.708950 -0.005020
19.713951 -0.003456
19.718952 -0.013668
19.723953 -0.002861
19.728954 -0.010491
19.733955 -0.014019
19.738956 -0.008428
19.743957 -0.015083
19.748958 -0.015879
19.753959 -0.019095
19.758960 -0.017754
19.763961 -0.022308
19.768962 -0.024692
19.773963 -0.025410
19.778964 -0.027233
19.783965 -0.024650
19.788966 -0.029793
19.793967 -0.023139
19.798968 -0.029942
19.803969 -0.025439
19.808970 -0.018479
19.813971 -0.024338
19.818972 -0.011996
19.823973 -0.015158
19.828974 -0.010704
19.833975 -0.004353
19.838976 -0.004153
19.843977 -0.000462
19.848978 0.003209
19.853979 0.006819
19.858980 0.006428
19.863981 0.010477
19.868982 0.010428
19.873983 0.011935
19.878984 0.010674
19.883985 0.011361
19.888986 0.011144
19.893987 0.009180
19.898988 0.010426
19.903989 0.004655
19.908990 0.004647
19.913991 0.006433
19.918992 0.001578
19.923993 -0.001356
19.928994 -0.001260
19.933995 -0.002997
19.938996 -0.005714
19.943997 -0.004329
19.948998 -0.008687
19.953999 -0.007512
19.959000 -0.004826
19.964001 -0.013136
19.969002 -0.005633
19.974003 -0.005613
19.979004 -0.006027
19.984005 0.000185
19.989006 -0.002823
19.994007 0.002177
19.999008 0.002483
20.004009 0.007681
20.009010 0.010932
20.014011 0.009149
20.019012 0.014861
20.024013 0.013535
20.029014 0.013013
20.034015 0.018982
20.039016 0.016989
20.044017 0.012954
20.049018 0.017999
20.054019 0.016855
20.059020 0.011441
20.064021 0.012518
20.069022 0.015239
20.074023 0.013803
20.079024 0.011155
20.084025 0.011582
20.089026 0.013886
20.094027 0.017451
20.099028 0.014035
20.104029 0.015745
20.109030 0.020982
20.114031 0.018721
20.119032 0.020698
20.124033 0.023723
20.129034 0.025342
20.134035 0.024140
20.139036 0.027877
20.144037 0.028390
20.149038 0.024926
20.154039 0.027907
20.159040 0.023246
20.164041 0.021699
20.169042 0.022569
20.174043 0.016949
20.179044 0.011149
20.184045 0.006704
20.189046 0.005355
20.194047 0.001336
20.199048 -0.005787
20.204049 -0.007704
20.209050 -0.011421
20.214051 -0.016098
20.219052 -0.017699
20.224053 -0.019472
20.229054 -0.015647
20.234055 -0.021441
20.239056 -0.021955
20.244057 -0.015387
20.249058 -0.019113
20.254059 -0.015009
20.259060 -0.018336
20.264061 -0.016813
20.269062 -0.013675
20.274063 -0.020899
20.279064 -0.015663
20.284065 -0.019559
20.289066 -0.022409
20.294067 -0.019903
20.299068 -0.026345
20.304069 -0.025176
20.309070 -0.025583
20.314071 -0.028860
20.319072 -0.032435
20.324073 -0.036602
20.329074 -0.032062
20.334075 -0.036490
20.339076 -0.041079
20.344077 -0.038281
20.349078 -0.041178
20.354079 -0.041524
20.359080 -0.039481
20.364081 -0.040101
20.369082 -0.040601
20.374083 -0.034564
20.379084 -0.036691
20.384085 -0.035473
20.389086 -0.026591
20.394087 -0.028047
20.399088 -0.023723
20.404089 -0.017199
20.409090 -0.015480
20.414091 -0.007786
20.419092 -0.004003
20.424093 -0.001204
20.429094 0.008448
20.434095 0.008236
20.439096 0.011225
20.444097 0.016796
20.449098 0.020904
20.454099 0.023436
20.459100 0.023793
20.464101 0.030590
20.469102 0.029269
20.474103 0.032608
20.479104 0.035350
20.484105 0.031003
20.489106 0.034863
20.494107 0.033521
20.499108 0.031172
20.504109 0.032616
20.509110 0.027519
20.514111 0.030125
20.519112 0.028520
20.524113 0.024240
20.529114 0.028225
20.534115 0.022684
20.539116 0.019939
20.544117 0.020902
20.549118 0.020834
20.554119 0.021092
20.559120 0.017382
20.564121 0.015171
20.569122 0.018965
20.574123 0.017705
20.579124 0.014458
20.584125 0.017821
20.589126 0.018636
20.594127 0.017424
20.599128 0.019213
20.604129 0.019537
20.609130 0.016042
20.614131 0.020698
20.619132 0.017809
20.624133 0.015423
20.629134 0.022406
20.634135 0.016799
20.639136 0.014911
20.644137 0.016579
20.649138 0.015537
20.654139 0.016206
20.659140 0.014343
20.664141 0.009875
20.669142 0.012904
20.674143 0.013520
20.679144 0.008621
20.684145 0.012575
20.689146 0.009460
20.694147 0.009486
20.699148 0.009463
20.704149 0.007262
20.709150 0.010549
20.714151 0.007960
20.719152 0.006629
20.724153 0.006131
20.729154 0.005874
20.734155 0.002744
20.739156 0.002762
20.744157 0.001314
20.749158 -0.000307
20.754159 0.000859
20.759160 -0.001608
20.764161 -0.003822
20.769162 -0.004612
20.774163 -0.000491
20.779164 -0.008027
20.784165 -0.005334
20.789166 -0.002641
20.794167 -0.011638
20.799168 -0.007322
20.804169 -0.010960
20.809170 -0.010543
20.814171 -0.013805
20.819172 -0.017862
20.824173 -0.015569
20.829174 -0.019969
20.834175 -0.021730
20.839176 -0.023401
20.844177 -0.024584
20.849178 -0.026680
20.854179 -0.023249
20.859180 -0.028393
20.864181 -0.026161
20.869182 -0.022861
20.874183 -0.029706
20.879184 -0.020083
20.884185 -0.020953
20.889186 -0.020870
20.894187 -0.017945
20.899188 -0.017468
20.904189 -0.014491
20.909190 -0.017190
20.914191 -0.011823
20.919192 -0.015822
20.924193 -0.017558
20.929194 -0.011683
20.934195 -0.015987
20.939196 -0.017563
20.944197 -0.015086
20.949198 -0.016555
20.954199 -0.017984
20.959200 -0.017685
20.964201 -0.020345
20.969202 -0.016050
20.974203 -0.017551
20.979204 -0.021347
20.984205 -0.015774
20.989206 -0.016615
20.994207 -0.018257
20.999208 -0.018094
21.004209 -0.017063
21.009210 -0.017154
21.014211 -0.015232
21.019212 -0.014807
21.024213 -0.014208
21.029214 -0.012910
21.034215 -0.014425
21.039216 -0.009322
21.044217 -0.008545
21.049218 -0.006958
21.054219 -0.004424
21.059220 -0.004816
21.064221 -0.003768
21.069222 0.002239
21.074223 0.004031
21.079224 -0.001365
21.084225 0.005469
21.089226 0.004330
21.094227 0.003011
21.099228 0.006880
21.104229 0.002003
21.109230 0.001533
21.114231 0.004064
21.119232 0.002573
21.124233 -0.000045
21.129234 0.002277
21.134235 0.003382
21.139236 0.004734
21.144237 0.000722
21.149238 0.001206
21.154239 0.009427
21.159240 0.005863
21.164241 0.009110
21.169242 0.015932
21.174243 0.013421
21.179244 0.018303
21.184245 0.020754
21.189246 0.025977
21.194247 0.030367
21.199248 0.024382
21.204249 0.034966
21.209250 0.034550
21.214251 0.033055
21.219252 0.037700
21.224253 0.033055
21.229254 0.036541
21.234255 0.033927
21.239256 0.037266
21.244257 0.033441
21.249258 0.031266
21.254259 0.033013
21.259260 0.029250
21.264261 0.030414
21.269262 0.025043
21.274263 0.030089
21.279264 0.023389
21.284265 0.022106
21.289266 0.027643
21.294267 0.021109
21.299268 0.022424
21.304269 0.017897
21.309270 0.018429
21.314271 0.014496
21.319272 0.011995
21.324273 0.009626
21.329274 0.004396
21.334275 0.002483
21.339276 -0.006948
21.344277 -0.003587
21.349278 -0.012564
21.354279 -0.019925
21.359280 -0.017820
21.364281 -0.026435
21.369282 -0.026173
21.374283 -0.028916
21.379284 -0.034726
21.384285 -0.032683
21.389286 -0.034126
21.394287 -0.038128
21.399288 -0.034692
21.404289 -0.036948
21.409290 -0.037054
21.414291 -0.034626
21.419292 -0.034404
21.424293 -0.030071
21.429294 -0.027611
21.434295 -0.027052
21.439296 -0.026974
21.444297 -0.018181
21.449298 -0.017992
21.454299 -0.016301
21.459300 -0.011712
21.464301 -0.015020
21.469302 -0.006571
21.474303 -0.003699
21.479304 -0.005318
21.484305 -0.005719
21.489306 -0.000058
21.494307 0.002743
21.499308 -0.003396
21.504309 0.002922
21.509310 0.000891
21.514311 0.001177
21.519312 0.001897
21.524313 -0.002792
21.529314 0.003115
21.534315 -0.002297
21.539316 -0.002657
21.544317 -0.001750
21.549319 -0.003541
21.554320 -0.001049
21.559321 -0.005131
21.564322 -0.001406
21.569323 -0.000037
21.574324 -0.001833
21.579325 -0.001088
21.584326 0.000754
21.589327 0.006595
21.594328 0.004317
21.599329 0.003372
21.604330 0.009969
21.609331 0.008648
21.614332 0.008794
21.619333 0.009135
21.624334 0.006186
21.629335 0.008927
21.634336 0.008588
21.639337 0.006657
21.644338 0.004898
21.649339 0.004787
21.654340 0.003823
21.659341 0.001586
21.664342 -0.000606
21.669343 -0.002598
21.674344 -0.001287
21.679345 -0.003759
21.684346 -0.003520
21.689347 -0.004607
21.694348 -0.003663
21.699349 0.002049
21.704350 -0.001229
21.709351 0.002753
21.714352 0.010184
21.719353 0.009932
21.724354 0.012403
21.729355 0.016682
21.734356 0.019274
21.739357 0.019657
21.744358 0.022446
21.749359 0.019507
21.754360 0.017369
21.759361 0.022942
21.764362 0.015107
21.769363 0.011580
21.774364 0.014238
21.779365 0.005415
21.784366 0.001497
21.789367 0.002996
21.794368 -0.001628
21.799369 -0.005016
21.804370 -0.004293
21.809371 -0.006710
21.814372 -0.009859
21.819373 -0.009375
21.824374 -0.007783
21.829375 -0.008891
21.834376 -0.006280
21.839377 -0.006242
21.844378 -0.006233
21.849379 -0.003303
21.854380 -0.004059
21.859381 -0.000774
21.864382 -0.000173
21.869383 0.000893
21.874384 0.005588
21.879385 0.005092
21.884386 0.005778
21.889387 0.011903
21.894388 0.011934
21.899389 0.013118
21.904390 0.011888
21.909391 0.013936
21.914392 0.020971
21.919393 0.009942
21.924394 0.016335
21.929395 0.018404
21.934396 0.008250
21.939397 0.014782
21.944398 0.009998
21.949399 0.009360
21.954400 0.009327
21.959401 0.004735
21.964402 0.005059
21.969403 0.003506
21.974404 0.003082
21.979405 0.000070
21.984406 0.001053
21.989407 -0.001216
21.994408 -0.004552
21.999409 -0.002426
22.004410 -0.004027
22.009411 -0.001951
22.014412 -0.001163
22.019413 -0.004726
22.024414 -0.002295
22.029415 0.001698
22.034416 -0.001112
22.039417 0.000280
22.044418 0.004379
22.049419 0.001427
22.054420 0.002571
22.059421 0.003663
22.064422 0.004694
22.069423 0.002284
22.074424 0.002033
22.079425 0.005167
22.084426 -0.000957
22.089427 0.000369
22.094428 0.001338
22.099429 -0.002320
22.104430 -0.006241
22.109431 -0.005844
22.114432 -0.004993
22.119433 -0.013599
22.124434 -0.010370
22.129435 -0.008324
22.134436 -0.013328
22.139437 -0.014167
22.144438 -0.014979
22.149439 -0.008690
22.154440 -0.009714
22.159441 -0.014958
22.164442 -0.011184
22.169443 -0.009785
22.174444 -0.007892
22.179445 -0.009981
22.184446 -0.008465
22.189447 -0.002881
22.194448 -0.006899
22.199449 -0.006376
22.204450 -0.004249
22.209451 -0.003724
22.214452 -0.002584
22.219453 -0.006340
22.224454 -0.009732
22.229455 -0.010024
22.234456 -0.009000
22.239457 -0.013560
22.244458 -0.016847
22.249459 -0.014710
22.254460 -0.019816
22.259461 -0.023333
22.264462 -0.019801
22.269463 -0.023010
22.274464 -0.023918
22.279465 -0.019659
22.284466 -0.023184
22.289467 -0.021071
22.294468 -0.018210
22.299469 -0.019428
22.304470 -0.013010
22.309471 -0.010490
22.314472 -0.012308
22.319473 -0.006684
22.324474 -0.007277
22.329475 -0.002884
22.334476 0.005109
22.339477 -0.009336
22.344478 0.000745
22.349479 0.007754
22.354480 -0.003326
22.359481 0.005142
22.364482 0.002462
22.369483 0.002535
22.374484 0.002504
22.379485 0.003627
22.384486 0.002570
22.389487 -0.000530
22.394488 0.006296
22.399489 0.001906
22.404490 0.004210
22.409491 0.006742
22.414492 0.006251
22.419493 0.010318
22.424494 0.008139
22.429495 0.009289
22.434496 0.016521
22.439497 0.016168
22.444498 0.011918
22.449499 0.018802
22.454500 0.019678
22.459501 0.016869
22.464502 0.019848
22.469503 0.019416
22.474504 0.017805
22.479505 0.017899
22.484506 0.019692
22.489507 0.014280
22.494508 0.018587
22.499509 0.018931
22.504510 0.012393
22.509511 0.018391
22.514512 0.013810
22.519513 0.015588
22.524514 0.015813
22.529515 0.014363
22.534516 0.014665
22.539517 0.012245
22.544518 0.017798
22.549519 0.015900
22.554520 0.018499
22.559521 0.016100
22.564522 0.015581
22.569523 0.016764
22.574524 0.014572
22.579525 0.018392
22.584526 0.012273
22.589527 0.013946
22.594528 0.012806
22.599529 0.008455
22.604530 0.013025
22.609531 0.006486
22.614532 0.005323
22.619533 0.002703
22.624534 -0.001481
22.629535 0.001446
22.634536 -0.005490
22.639537 -0.007441
22.644538 -0.011331
22.649539 -0.015304
22.654540 -0.014911
22.659541 -0.019094
22.664542 -0.018627
22.669543 -0.023362
22.674544 -0.024650
22.679545 -0.023554
22.684546 -0.026475
22.689547 -0.021602
22.694548 -0.023869
22.699549 -0.024991
22.704550 -0.018875
22.709551 -0.017076
22.714552 -0.014783
22.719553 -0.012938
22.724554 -0.010199
22.729555 -0.006604
22.734556 -0.002779
22.739557 -0.004949
22.744558 -0.004212
22.749559 0.000488
22.754560 -0.002652
22.759561 -0.004282
22.764562 -0.005204
22.769563 -0.005863
22.774564 -0.005662
22.779565 -0.007830
22.784566 -0.013813
22.789567 -0.011297
22.794568 -0.007748
22.799569 -0.015404
22.804570 -0.015091
22.809571 -0.012201
22.814572 -0.012125
22.819573 -0.013263
22.824574 -0.013839
22.829575 -0.013052
22.834576 -0.013739
22.839577 -0.011236
22.844578 -0.014711
22.849579 -0.015356
22.854580 -0.012843
22.859581 -0.012597
22.864582 -0.012168
22.869583 -0.013181
22.874584 -0.009395
22.879585 -0.013177
22.884586 -0.010646
22.889587 -0.002216
22.894588 -0.007303
22.899589 -0.005343
22.904590 -0.001127
22.909591 -0.002970
22.914592 0.001544
22.919593 0.003563
22.924594 -0.001488
22.929595 0.004852
22.934596 0.007984
22.939597 0.000836
22.944598 0.006463
22.949599 0.009135
22.954600 0.008401
22.959601 0.010221
22.964602 0.011932
22.969603 0.013131
22.974604 0.011450
22.979605 0.016420
22.984606 0.015770
22.989607 0.016585
22.994608 0.018840
22.999609 0.016106
23.004610 0.018192
23.009611 0.016484
23.014612 0.017939
23.019613 0.018304
23.024614 0.013266
23.029615 0.016470
23.034616 0.015568
23.039617 0.010662
23.044618 0.011231
23.049619 0.011073
23.054620 0.010411
23.059621 0.008035
23.064622 0.009633
23.069623 0.010717
23.074624 0.006748
23.079625 0.008532
23.084626 0.010408
23.089627 0.007447
23.094628 0.011573
23.099629 0.008303
23.104630 0.004400
23.109631 0.013380
23.114632 0.005464
23.119633 0.005632
23.124634 0.008934
23.129635 0.004441
23.134636 0.007848
23.139637 0.003998
23.144638 0.003231
23.149639 0.005358
23.154640 0.004291
23.159641 -0.002172
23.164642 -0.000037
23.169643 -0.000158
23.174644 -0.004285
23.179645 -0.004612
23.184646 -0.009951
23.189647 -0.011450
23.194648 -0.012010
23.199649 -0.014187
23.204650 -0.019459
23.209651 -0.017918
23.214652 -0.021610
23.219653 -0.019380
23.224654 -0.021015
23.229655 -0.025027
23.234656 -0.016543
23.239657 -0.021701
23.244658 -0.017063
23.249659 -0.015351
23.254660 -0.014125
23.259661 -0.011954
23.264662 -0.009878
23.269663 -0.003979
23.274664 -0.009864
23.279665 -0.003980
23.284666 -0.004325
23.289667 -0.003033
23.294668 -0.000090
23.299669 -0.004144
23.304670 0.000191
23.309671 0.002273
23.314672 0.003288
23.319673 0.001809
23.324674 0.004452
23.329675 0.007522
23.334676 0.007286
23.339677 0.004781
23.344678 0.008018
23.349679 0.011511
23.354680 0.005552
23.359681 0.010466
23.364682 0.010649
23.369683 0.006105
23.374684 0.012607
23.379685 0.007308
23.384686 0.005062
23.389687 0.009426
23.394688 0.007570
23.399689 0.010466
23.404690 0.004973
23.409691 0.010153
23.414692 0.012211
23.419693 0.008345
23.424694 0.014956
23.429695 0.010294
23.434696 0.013875
23.439697 0.012856
23.444698 0.012850
23.449699 0.015520
23.454700 0.010654
23.459701 0.012605
23.464702 0.011862
23.469703 0.010363
23.474704 0.007415
23.479705 0.009541
23.484706 0.006620
23.489707 0.003172
23.494708 0.005189
23.499709 0.000561
23.504710 -0.000269
23.509711 -0.002300
23.514712 -0.003568
23.519713 -0.006706
23.524714 -0.009907
23.529715 -0.007877
23.534716 -0.013659
23.539717 -0.010912
23.544718 -0.012871
23.549719 -0.016455
23.554720 -0.010842
23.559721 -0.017525
23.564722 -0.015889
23.569723 -0.016630
23.574724 -0.014149
23.579725 -0.015280
23.584726 -0.021143
23.589727 -0.015059
23.594728 -0.019097
23.599729 -0.017490
23.604730 -0.021188
23.609731 -0.018888
23.614732 -0.015902
23.619733 -0.022508
23.624734 -0.017271
23.629735 -0.017008
23.634736 -0.015152
23.639737 -0.017854
23.644738 -0.014268
23.649739 -0.009836
23.654740 -0.014913
23.659741 -0.007978
23.664742 -0.007989
23.669743 -0.008922
23.674744 -0.003476
23.679745 -0.005598
23.684746 -0.005315
23.689747 -0.000203
23.694748 0.000485
23.699749 0.000871
23.704750 -0.000387
23.709751 0.003161
23.714752 0.007779
23.719753 0.002964
23.724754 0.008414
23.729755 0.010491
23.734756 0.007698
23.739757 0.012578
23.744758 0.010997
23.749759 0.012323
23.754760 0.013069
23.759761 0.009245
23.764762 0.012082
23.769763 0.010865
23.774764 0.008978
23.779765 0.008053
23.784766 0.002903
23.789767 0.004985
23.794768 0.003659
23.799769 -0.001051
23.804770 -0.002970
23.809771 -0.003865
23.814772 -0.001770
23.819774 -0.007682
23.824775 -0.008259
23.829776 -0.004935
23.834777 -0.010173
23.839778 -0.008376
23.844779 -0.008995
23.849780 -0.010110
23.854781 -0.006639
23.859782 -0.010926
23.864783 -0.009168
23.869784 -0.007187
23.874785 -0.004697
23.879786 -0.006213
23.884787 -0.007202
23.889788 0.002525
23.894789 -0.004767
23.899790 -0.004339
23.904791 0.001890
23.909792 0.000139
23.914793 0.001741
23.919794 -0.000730
23.924795 0.004720
23.929796 0.003953
23.934797 0.000982
23.939798 0.005778
23.944799 0.002299
23.949800 0.004880
23.954801 0.005320
23.959802 0.003517
23.964803 0.006495
23.969804 0.001896
23.974805 0.006025
23.979806 0.008090
23.984807 0.003294
23.989808 0.004648
23.994809 0.008419
23.999810 0.009589
24.004811 0.006548
24.009812 0.009648
24.014813 0.012098
24.019814 0.010873
24.024815 0.014358
24.029816 0.015222
24.034817 0.014980
24.039818 0.018131
24.044819 0.016311
24.049820 0.020356
24.054821 0.021063
24.059822 0.015279
24.064823 0.021985
24.069824 0.022252
24.074825 0.016723
24.079826 0.018247
24.084827 0.017716
24.089828 0.015706
24.094829 0.014535
24.099830 0.013597
24.104831 0.009814
24.109832 0.008790
24.114833 0.009122
24.119834 0.006952
24.124835 0.004093
24.129836 0.000597
24.134837 0.006070
24.139838 0.001144
24.144839 -0.002573
24.149840 0.000641
24.154841 -0.000208
24.159842 -0.000051
24.164843 -0.004519
24.169844 0.000823
24.174845 -0.002159
24.179846 -0.002585
24.184847 -0.000097
24.189848 -0.006409
24.194849 -0.002273
24.199850 -0.000874
24.204851 -0.005397
24.209852 -0.006849
24.214853 -0.002595
24.219854 -0.005910
24.224855 -0.004999
24.229856 -0.001931
24.234857 -0.005536
24.239858 -0.004074
24.244859 -0.006509
24.249860 -0.006518
24.254861 -0.004779
24.259862 -0.005176
24.264863 -0.008756
24.269864 -0.009640
24.274865 -0.006349
24.279866 -0.011404
24.284867 -0.010767
24.289868 -0.008265
24.294869 -0.011430
24.299870 -0.010244
24.304871 -0.011341
24.309872 -0.010414
24.314873 -0.010212
24.319874 -0.012780
24.324875 -0.010425
24.329876 -0.009685
24.334877 -0.009923
24.339878 -0.009926
24.344879 -0.008463
24.349880 -0.007734
24.354881 -0.009558
24.359882 -0.006169
24.364883 -0.005858
24.369884 -0.009185
24.374885 -0.002725
24.379886 -0.007617
24.384887 -0.010643
24.389888 -0.002684
24.394889 -0.006105
24.399890 -0.007434
24.404891 -0.008285
24.409892 -0.004853
24.414893 -0.006295
24.419894 -0.007808
24.424895 -0.005755
24.429896 -0.010456
24.434897 -0.006065
24.439898 -0.006701
24.444899 -0.010689
24.449900 -0.005660
24.454901 -0.006536
24.459902 -0.010727
24.464903 -0.005630
24.469904 -0.007438
24.474905 -0.007993
24.479906 -0.006128
24.484907 -0.006120
24.489908 -0.003142
24.494909 -0.008468
24.499910 -0.006358
24.504911 -0.004760
24.509912 -0.000024
24.514913 -0.002494
24.519914 -0.008854
24.524915 -0.000617
24.529916 -0.003259
24.534917 -0.000658
24.539918 -0.002811
24.544919 -0.006501
24.549920 -0.000293
24.554921 -0.003229
24.559922 -0.002393
24.564923 -0.002490
24.569924 -0.001467
24.574925 -0.001013
24.579926 -0.000017
24.584927 0.001788
24.589928 0.001049
24.594929 0.002106
24.599930 0.004138
24.604931 0.005308
24.609932 0.000326
24.614933 0.005372
24.619934 0.002280
24.624935 0.003407
24.629936 0.002904
24.634937 -0.003726
24.639938 0.004536
24.644939 -0.005418
24.649940 -0.000893
24.654941 0.001289
24.659942 -0.008648
24.664943 -0.004783
24.669944 -0.003267
24.674945 -0.005399
24.679946 -0.008797
24.684947 -0.004441
24.689948 -0.006078
24.694949 -0.002650
24.699950 -0.003699
24.704951 -0.007806
24.709952 -0.002487
24.714953 -0.000203
24.719954 -0.000472
24.724955 -0.001067
24.729956 0.001091
24.734957 0.001873
24.739958 0.006858
24.744959 0.004218
24.749960 0.010241
24.754961 0.013994
24.759962 0.007684
24.764963 0.015593
24.769964 0.016209
24.774965 0.017933
24.779966 0.020464
24.784967 0.015378
24.789968 0.020720
24.794969 0.023964
24.799970 0.014557
24.804971 0.019847
24.809972 0.021806
24.814973 0.013430
24.819974 0.017867
24.824975 0.013655
24.829976 0.016528
24.834977 0.015067
24.839978 0.007522
24.844979 0.014504
24.849980 0.012550
24.854981 0.012304
24.859982 0.010211
24.864983 0.014378
24.869984 0.011154
24.874985 0.008899
24.879986 0.018764
24.884987 0.010038
24.889988 0.016302
24.894989 0.016950
24.899990 0.012478
24.904991 0.016943
24.909992 0.016511
24.914993 0.018727
24.919994 0.014416
24.924995 0.018483
24.929996 0.016841
24.934997 0.014623
24.939998 0.016246
24.944999 0.013781
24.950000 0.015475
