0.000000 0.000000
0.005001 0.002758
0.010003 0.001211
0.015004 -0.000320
0.020006 -0.000982
0.025007 -0.000771
0.030009 -0.000157
0.035010 0.000533
0.040012 0.001120
0.045013 0.001330
0.050015 0.001007
0.055016 0.000413
0.060018 -0.000028
0.065019 -0.000175
0.070021 -0.000164
0.075022 -0.000112
0.080024 -0.000028
0.085025 0.000106
0.090027 0.000346
0.095028 0.000723
0.100030 0.001030
0.105031 0.000918
0.110033 0.000388
0.115034 -0.000066
0.120036 -0.000030
0.125037 0.000341
0.130039 0.000620
0.135040 0.000653
0.140042 0.000564
0.145043 0.000494
0.150045 0.000576
0.155046 0.000931
0.160048 0.001398
0.165049 0.001504
0.170051 0.000988
0.175052 0.000220
0.180054 -0.000182
0.185055 -0.000021
0.190057 0.000417
0.195058 0.000748
0.200060 0.000728
0.205061 0.000327
0.210063 -0.000137
0.215064 -0.000178
0.220066 0.000287
0.225067 0.000763
0.230069 0.000808
0.235070 0.000560
0.240072 0.000391
0.245073 0.000316
0.250075 0.000103
0.255076 -0.000263
0.260078 -0.000567
0.265079 -0.000670
0.270081 -0.000571
0.275082 -0.000327
0.280084 -0.000133
0.285085 -0.000252
0.290087 -0.000629
0.295088 -0.000792
0.300090 -0.000392
0.305091 0.000355
0.310093 0.000935
0.315094 0.001007
0.320096 0.000547
0.325097 -0.000161
0.330099 -0.000543
0.335100 -0.000130
0.340102 0.000862
0.345103 0.001660
0.350105 0.001794
0.355106 0.001511
0.360108 0.001232
0.365109 0.000991
0.370111 0.000671
0.375112 0.000408
0.380114 0.000413
0.385115 0.000615
0.390117 0.000817
0.395118 0.000972
0.400120 0.001060
0.405121 0.000913
0.410123 0.000486
0.415124 0.000077
0.420126 0.000007
0.425127 0.000278
0.430129 0.000712
0.435130 0.001189
0.440132 0.001548
0.445133 0.001580
0.450135 0.001354
0.455136 0.001263
0.460138 0.001490
0.465139 0.001697
0.470141 0.001492
0.475142 0.000985
0.480144 0.000574
0.485145 0.000410
0.490147 0.000389
0.495148 0.000473
0.500150 0.000678
0.505151 0.000877
0.510153 0.000924
0.515154 0.000878
0.520156 0.000862
0.525157 0.000854
0.530159 0.000792
0.535160 0.000727
0.540162 0.000671
0.545163 0.000515
0.550165 0.000288
0.555166 0.000253
0.560168 0.000552
0.565169 0.000978
0.570171 0.001279
0.575172 0.001444
0.580174 0.001521
0.585175 0.001440
0.590177 0.001238
0.595178 0.001160
0.600180 0.001289
0.605181 0.001335
0.610183 0.001058
0.615184 0.000612
0.620186 0.000260
0.625187 0.000025
0.630189 -0.000108
0.635190 0.000025
0.640192 0.000479
0.645193 0.000930
0.650195 0.001011
0.655196 0.000745
0.660198 0.000401
0.665199 0.000124
0.670201 -0.000041
0.675202 -0.000006
0.680204 0.000210
0.685205 0.000357
0.690207 0.000263
0.695208 0.000079
0.700210 0.000016
0.705211 0.000090
0.710213 0.000286
0.715214 0.000682
0.720216 0.001202
0.725217 0.001536
0.730219 0.001538
0.735220 0.001429
0.740222 0.001400
0.745223 0.001308
0.750225 0.001020
0.755226 0.000771
0.760228 0.000859
0.765229 0.001209
0.770231 0.001540
0.775232 0.001762
0.780234 0.001915
0.785235 0.001927
0.790237 0.001751
0.795238 0.001555
0.800240 0.001507
0.805241 0.001495
0.810243 0.001350
0.815244 0.001156
0.820246 0.001081
0.825247 0.001102
0.830249 0.001129
0.835250 0.001204
0.840252 0.001309
0.845253 0.001215
0.850255 0.000829
0.855256 0.000465
0.860258 0.000466
0.865259 0.000719
0.870261 0.000876
0.875262 0.000851
0.880264 0.000794
0.885265 0.000759
0.890267 0.000743
0.895268 0.000841
0.900270 0.001035
0.905271 0.001056
0.910273 0.000767
0.915274 0.000426
0.920276 0.000323
0.925277 0.000402
0.930279 0.000500
0.935280 0.000635
0.940282 0.000821
0.945283 0.000887
0.950285 0.000762
0.955286 0.000647
0.960288 0.000685
0.965289 0.000740
0.970291 0.000742
0.975292 0.000898
0.980294 0.001311
0.985295 0.001688
0.990296 0.001734
0.995298 0.001533
1.000299 0.001297
1.005301 0.001037
1.010302 0.000777
1.015304 0.000756
1.020305 0.001089
1.025307 0.001479
1.030308 0.001576
1.035310 0.001405
1.040311 0.001153
1.045313 0.000828
1.050314 0.000432
1.055316 0.000244
1.060317 0.000550
1.065319 0.001219
1.070320 0.001809
1.075322 0.001978
1.080323 0.001617
1.085325 0.000844
1.090326 0.000086
1.095328 -0.000113
1.100329 0.000332
1.105331 0.000907
1.110332 0.001136
1.115334 0.001083
1.120335 0.001031
1.125337 0.001038
1.130338 0.001080
1.135340 0.001266
1.140341 0.001571
1.145343 0.001652
1.150344 0.001271
1.155346 0.000713
1.160347 0.000456
1.165349 0.000625
1.170350 0.000972
1.175352 0.001207
1.180353 0.001145
1.185355 0.000749
1.190356 0.000251
1.195358 0.000045
1.200359 0.000256
1.205361 0.000593
1.210362 0.000747
1.215364 0.000728
1.220365 0.000639
1.225367 0.000476
1.230368 0.000317
1.235370 0.000403
1.240371 0.000740
1.245373 0.000927
1.250374 0.000656
1.255376 0.000129
1.260377 -0.000257
1.265379 -0.000403
1.270380 -0.000438
1.275382 -0.000438
1.280383 -0.000432
1.285385 -0.000471
1.290386 -0.000462
1.295388 -0.000188
1.300389 0.000303
1.305391 0.000619
1.310392 0.000519
1.315394 0.000225
1.320395 0.000050
1.325397 0.000012
1.330398 0.000028
1.335400 0.000172
1.340401 0.000485
1.345403 0.000775
1.350404 0.000880
1.355406 0.000896
1.360407 0.000923
1.365409 0.000893
1.370410 0.000883
1.375412 0.001244
1.380413 0.002096
1.385415 0.002983
1.390416 0.003337
1.395418 0.003072
1.400419 0.002480
1.405421 0.001816
1.410422 0.001238
1.415424 0.000854
1.420425 0.000549
1.425427 -0.000008
1.430428 -0.000924
1.435430 -0.001873
1.440431 -0.002528
1.445433 -0.002962
1.450434 -0.003393
1.455436 -0.003804
1.460437 -0.004014
1.465439 -0.003877
1.470440 -0.003249
1.475442 -0.002070
1.480443 -0.000726
1.485445 -0.000028
1.490446 -0.000567
1.495448 -0.002265
1.500449 -0.004725
1.505451 -0.007703
1.510452 -0.011102
1.515454 -0.014847
1.520455 -0.018969
1.525457 -0.023434
1.530458 -0.027585
1.535460 -0.030020
1.540461 -0.029341
1.545463 -0.024985
1.550464 -0.017272
1.555466 -0.007002
1.560467 0.004702
1.565469 0.016478
1.570470 0.027110
1.575472 0.035834
1.580473 0.042136
1.585475 0.045521
1.590476 0.045719
1.595478 0.042897
1.600479 0.037407
1.605481 0.029577
1.610482 0.020075
1.615484 0.010333
1.620485 0.002286
1.625487 -0.002278
1.630488 -0.002130
1.635490 0.003172
1.640491 0.012909
1.645493 0.025053
1.650494 0.036750
1.655496 0.045108
1.660497 0.047698
1.665499 0.042878
1.670500 0.030226
1.675502 0.010907
1.680503 -0.012332
1.685505 -0.035419
1.690506 -0.053625
1.695508 -0.063044
1.700509 -0.062381
1.705511 -0.053399
1.710512 -0.039324
1.715514 -0.022635
1.720515 -0.004235
1.725517 0.015636
1.730518 0.035861
1.735520 0.053376
1.740521 0.063328
1.745523 0.060948
1.750524 0.044349
1.755526 0.016140
1.760527 -0.017568
1.765529 -0.049799
1.770530 -0.075000
1.775532 -0.090109
1.780533 -0.094539
1.785535 -0.089280
1.790536 -0.075678
1.795538 -0.054942
1.800539 -0.028739
1.805541 0.000156
1.810542 0.028046
1.815544 0.050940
1.820545 0.065060
1.825547 0.067625
1.830548 0.058186
1.835550 0.039558
1.840551 0.017322
1.845553 -0.001814
1.850554 -0.012027
1.855556 -0.010435
1.860557 0.001410
1.865559 0.018026
1.870560 0.032956
1.875562 0.042378
1.880563 0.046688
1.885565 0.049144
1.890566 0.052787
1.895568 0.057603
1.900569 0.059685
1.905571 0.053294
1.910572 0.034805
1.915574 0.005793
1.920575 -0.027053
1.925577 -0.054938
1.930578 -0.070932
1.935580 -0.073042
1.940581 -0.065068
1.945583 -0.054528
1.950584 -0.048511
1.955586 -0.049954
1.960587 -0.056439
1.965588 -0.061620
1.970590 -0.058262
1.975591 -0.041806
1.980593 -0.012925
1.985594 0.022688
1.990596 0.057504
1.995597 0.085829
2.000599 0.105226
2.005600 0.115267
2.010602 0.115272
2.015603 0.102845
2.020605 0.074533
2.025606 0.028887
2.030608 -0.030113
2.035609 -0.092583
2.040611 -0.146207
2.045612 -0.180759
2.050614 -0.190331
2.055615 -0.172988
2.060617 -0.129918
2.065618 -0.065576
2.070620 0.011334
2.075621 0.087414
2.080623 0.146648
2.085624 0.175713
2.090626 0.169973
2.095627 0.135521
2.100629 0.085177
2.105630 0.031472
2.110632 -0.018246
2.115633 -0.061822
2.120635 -0.098530
2.125636 -0.124854
2.130638 -0.133279
2.135639 -0.115574
2.140641 -0.068722
2.145642 0.000756
2.150644 0.077274
2.155645 0.141251
2.160647 0.176258
2.165648 0.175158
2.170650 0.142543
2.175651 0.091874
2.180653 0.038747
2.185654 -0.005559
2.190656 -0.036682
2.195657 -0.055779
2.200659 -0.066316
2.205660 -0.071109
2.210662 -0.070844
2.215663 -0.064796
2.220665 -0.053200
2.225666 -0.039156
2.230668 -0.028070
2.235669 -0.024888
2.240671 -0.030990
2.245672 -0.042482
2.250674 -0.051025
2.255675 -0.047647
2.260677 -0.027904
2.265678 0.005124
2.270680 0.042349
2.275681 0.073407
2.280683 0.091242
2.285684 0.094214
2.290686 0.085324
2.295687 0.069247
2.300689 0.048860
2.305690 0.023765
2.310692 -0.007934
2.315693 -0.046020
2.320695 -0.085545
2.325696 -0.117136
2.330698 -0.130484
2.335699 -0.119627
2.340701 -0.086970
2.345702 -0.042894
2.350704 -0.000645
2.355705 0.030183
2.360707 0.047459
2.365708 0.055809
2.370710 0.062321
2.375711 0.071194
2.380713 0.080602
2.385714 0.084146
2.390716 0.075989
2.395717 0.055427
2.400719 0.027352
2.405720 -0.000880
2.410722 -0.023025
2.415723 -0.035800
2.420725 -0.038828
2.425726 -0.033394
2.430728 -0.021140
2.435729 -0.003900
2.440731 0.015398
2.445732 0.032345
2.450734 0.042280
2.455735 0.042236
2.460737 0.032101
2.465738 0.014672
2.470740 -0.005168
2.475741 -0.022268
2.480743 -0.033574
2.485744 -0.039317
2.490746 -0.041854
2.495747 -0.043146
2.500749 -0.042996
2.505750 -0.039076
2.510752 -0.028509
2.515753 -0.010311
2.520755 0.012540
2.525756 0.033104
2.530758 0.043261
2.535759 0.037716
2.540761 0.016769
2.545762 -0.013357
2.550764 -0.042466
2.555765 -0.059945
2.560767 -0.058739
2.565768 -0.037899
2.570770 -0.002600
2.575771 0.037728
2.580773 0.071970
2.585774 0.090329
2.590776 0.087592
2.595777 0.065329
2.600779 0.031420
2.605780 -0.003234
2.610782 -0.029310
2.615783 -0.042942
2.620785 -0.046767
2.625786 -0.046993
2.630788 -0.048079
2.635789 -0.049114
2.640791 -0.044699
2.645792 -0.029322
2.650794 -0.001980
2.655795 0.031573
2.660797 0.060167
2.665798 0.071989
2.670800 0.060510
2.675801 0.027937
2.680803 -0.015725
2.685804 -0.056770
2.690806 -0.082634
2.695807 -0.086043
2.700809 -0.067450
2.705810 -0.034547
2.710812 0.001244
2.715813 0.029318
2.720815 0.043196
2.725816 0.041944
2.730818 0.029882
2.735819 0.014481
2.740821 0.002941
2.745822 -0.000787
2.750824 0.003143
2.755825 0.011699
2.760827 0.021108
2.765828 0.028827
2.770830 0.034383
2.775831 0.038444
2.780833 0.040879
2.785834 0.039815
2.790836 0.032693
2.795837 0.018163
2.800839 -0.002723
2.805840 -0.026322
2.810842 -0.046937
2.815843 -0.058337
2.820845 -0.055987
2.825846 -0.038754
2.830848 -0.009279
2.835849 0.026482
2.840851 0.060155
2.845852 0.082724
2.850854 0.087166
2.855855 0.070682
2.860857 0.035442
2.865858 -0.011977
2.870860 -0.061849
2.875861 -0.103178
2.880863 -0.126198
2.885864 -0.124771
2.890866 -0.097991
2.895867 -0.050908
2.900869 0.005825
2.905870 0.058111
2.910872 0.092458
2.915873 0.100343
2.920875 0.080872
2.925876 0.040773
2.930878 -0.008162
2.935879 -0.053329
2.940881 -0.085423
2.945882 -0.100318
2.950883 -0.098182
2.955885 -0.081539
2.960886 -0.054082
2.965888 -0.020394
2.970889 0.014257
2.975891 0.044322
2.980892 0.064549
2.985894 0.070965
2.990895 0.062190
2.995897 0.040206
3.000898 0.010148
3.005900 -0.020194
3.010901 -0.041036
3.015903 -0.042668
3.020904 -0.019534
3.025906 0.025622
3.030907 0.080585
3.035909 0.126868
3.040910 0.146381
3.045912 0.129025
3.050913 0.077530
3.055915 0.006298
3.060916 -0.065456
3.065918 -0.121761
3.070919 -0.154226
3.075921 -0.161384
3.080922 -0.145249
3.085924 -0.108170
3.090925 -0.052266
3.095927 0.018051
3.100928 0.092591
3.105930 0.154763
3.110931 0.185848
3.115933 0.172377
3.120934 0.112702
3.125936 0.019548
3.130937 -0.082893
3.135939 -0.166959
3.140940 -0.211556
3.145942 -0.209080
3.150943 -0.165627
3.155945 -0.095701
3.160946 -0.015877
3.165948 0.059283
3.170949 0.118642
3.175951 0.154381
3.180952 0.161787
3.185954 0.139965
3.190955 0.092872
3.195957 0.028899
3.200958 -0.041524
3.205960 -0.108393
3.210961 -0.162769
3.215963 -0.196120
3.220964 -0.200435
3.225966 -0.170284
3.230967 -0.106167
3.235969 -0.017227
3.240970 0.078998
3.245972 0.160994
3.250973 0.210262
3.255975 0.217168
3.260976 0.183059
3.265978 0.118793
3.270979 0.041089
3.275981 -0.032290
3.280982 -0.087140
3.285984 -0.115274
3.290985 -0.114269
3.295987 -0.086296
3.300988 -0.037684
3.305990 0.021317
3.310991 0.078125
3.315993 0.120867
3.320994 0.141532
3.325996 0.137820
3.330997 0.112806
3.335999 0.072394
3.341000 0.022193
3.346002 -0.033560
3.351003 -0.090287
3.356005 -0.140838
3.361006 -0.175388
3.366008 -0.183879
3.371009 -0.159668
3.376011 -0.103003
3.381012 -0.022920
3.386014 0.063821
3.391015 0.136945
3.396017 0.178371
3.401018 0.177395
3.406020 0.134286
3.411021 0.061287
3.416023 -0.020439
3.421024 -0.088105
3.426026 -0.125980
3.431027 -0.130935
3.436029 -0.111852
3.441030 -0.083165
3.446032 -0.055967
3.451033 -0.031905
3.456035 -0.004054
3.461036 0.035478
3.466038 0.086582
3.471039 0.137479
3.476041 0.169330
3.481042 0.166584
3.486044 0.126754
3.491045 0.063268
3.496047 -0.000977
3.501048 -0.045544
3.506050 -0.062148
3.511051 -0.056564
3.516053 -0.043040
3.521054 -0.035560
3.526056 -0.040668
3.531057 -0.055058
3.536059 -0.068819
3.541060 -0.071905
3.546062 -0.059440
3.551063 -0.033128
3.556065 0.000384
3.561066 0.031943
3.566068 0.052240
3.571069 0.054268
3.576071 0.035662
3.581072 0.000025
3.586074 -0.043429
3.591075 -0.082482
3.596077 -0.106661
3.601078 -0.111980
3.606080 -0.102002
3.611081 -0.083868
3.616083 -0.062502
3.621084 -0.037949
3.626086 -0.007801
3.631087 0.027697
3.636089 0.062255
3.641090 0.085007
3.646092 0.086424
3.651093 0.064664
3.656095 0.027466
3.661096 -0.012048
3.666098 -0.042518
3.671099 -0.059221
3.676101 -0.063631
3.681102 -0.058698
3.686104 -0.043795
3.691105 -0.013655
3.696107 0.036982
3.701108 0.105916
3.706110 0.179275
3.711111 0.234697
3.716113 0.250532
3.721114 0.215753
3.726116 0.135414
3.731117 0.029054
3.736119 -0.077305
3.741120 -0.161463
3.746122 -0.212022
3.751123 -0.228882
3.756125 -0.218754
3.761126 -0.189675
3.766128 -0.147442
3.771129 -0.094805
3.776131 -0.032908
3.781132 0.036312
3.786134 0.108404
3.791135 0.176061
3.796137 0.229822
3.801138 0.259575
3.806140 0.257296
3.811141 0.220479
3.816143 0.154136
3.821144 0.069540
3.826146 -0.019764
3.831147 -0.102360
3.836149 -0.171531
3.841150 -0.224756
3.846152 -0.260453
3.851153 -0.274472
3.856155 -0.259752
3.861156 -0.210274
3.866158 -0.126860
3.871159 -0.020896
3.876161 0.086669
3.881162 0.171389
3.886164 0.214436
3.891165 0.210233
3.896167 0.167841
3.901168 0.105093
3.906170 0.039621
3.911171 -0.017598
3.916173 -0.063266
3.921174 -0.098038
3.926176 -0.121061
3.931177 -0.126766
3.936178 -0.106810
3.941180 -0.056276
3.946181 0.020223
3.951183 0.106767
3.956184 0.179879
3.961186 0.216357
3.966187 0.202425
3.971189 0.140308
3.976190 0.048255
3.981192 -0.046763
3.986193 -0.119697
3.991195 -0.155575
3.996196 -0.151869
4.001198 -0.115535
4.006199 -0.057465
4.011201 0.012151
4.016202 0.084916
4.021204 0.152021
4.026205 0.202018
4.031207 0.221946
4.036208 0.202067
4.041210 0.141377
4.046211 0.050199
4.051213 -0.052485
4.056214 -0.146207
4.061216 -0.216631
4.066217 -0.258796
4.071219 -0.274556
4.076220 -0.267331
4.081222 -0.238633
4.086223 -0.188369
4.091225 -0.118027
4.096226 -0.034295
4.101228 0.049640
4.106229 0.117024
4.111231 0.153824
4.116232 0.154591
4.121234 0.124292
4.126235 0.075463
4.131237 0.022594
4.136238 -0.023618
4.141240 -0.059495
4.146241 -0.087375
4.151243 -0.111269
4.156244 -0.132488
4.161246 -0.147857
4.166247 -0.150390
4.171249 -0.131099
4.176250 -0.081530
4.181252 0.002697
4.186253 0.117848
4.191255 0.249008
4.196256 0.369957
4.201258 0.447951
4.206259 0.453615
4.211261 0.372522
4.216262 0.212523
4.221264 0.002753
4.226265 -0.214910
4.231267 -0.397738
4.236268 -0.512847
4.241270 -0.543325
4.246271 -0.488369
4.251273 -0.358998
4.256274 -0.173216
4.261276 0.046412
4.266277 0.273131
4.271279 0.476503
4.276280 0.624791
4.281282 0.689882
4.286283 0.654438
4.291285 0.518793
4.296286 0.303418
4.301288 0.044777
4.306289 -0.213171
4.311291 -0.427851
4.316292 -0.565437
4.321294 -0.606573
4.326295 -0.549623
4.331297 -0.410092
4.336298 -0.216222
4.341300 -0.002395
4.346301 0.197676
4.351303 0.356299
4.356304 0.454630
4.361306 0.483192
4.366307 0.441428
4.371309 0.337022
4.376310 0.184703
4.381312 0.004799
4.386313 -0.177530
4.391315 -0.333092
4.396316 -0.432220
4.401318 -0.452310
4.406319 -0.386389
4.411321 -0.247879
4.416322 -0.068759
4.421324 0.108463
4.426325 0.242554
4.431327 0.305393
4.436328 0.289449
4.441330 0.207924
4.446331 0.087830
4.451333 -0.040770
4.456334 -0.154596
4.461336 -0.241499
4.466337 -0.297538
4.471339 -0.320029
4.476340 -0.303107
4.481342 -0.239932
4.486343 -0.129753
4.491345 0.015649
4.496346 0.170762
4.501348 0.301862
4.506349 0.377518
4.511351 0.379504
4.516352 0.308663
4.521354 0.183055
4.526355 0.030451
4.531357 -0.120201
4.536358 -0.244909
4.541360 -0.327624
4.546361 -0.360924
4.551363 -0.345500
4.556364 -0.288753
4.561366 -0.201988
4.566367 -0.096419
4.571369 0.019524
4.576370 0.138766
4.581372 0.251031
4.586373 0.340455
4.591375 0.389448
4.596376 0.387011
4.601378 0.335376
4.606379 0.250176
4.611381 0.153642
4.616382 0.064347
4.621384 -0.010729
4.626385 -0.076521
4.631387 -0.141957
4.636388 -0.209396
4.641390 -0.269315
4.646391 -0.304016
4.651393 -0.297590
4.656394 -0.245498
4.661396 -0.157860
4.666397 -0.055096
4.671399 0.040093
4.676400 0.108749
4.681402 0.137736
4.686403 0.120628
4.691405 0.060107
4.696406 -0.029475
4.701408 -0.123298
4.706409 -0.193081
4.711411 -0.217892
4.716412 -0.193506
4.721414 -0.134388
4.726415 -0.065651
4.731417 -0.008960
4.736418 0.028561
4.741420 0.055000
4.746421 0.083964
4.751423 0.121493
4.756424 0.158616
4.761426 0.175328
4.766427 0.154594
4.771429 0.097178
4.776430 0.025870
4.781432 -0.025469
4.786433 -0.031645
4.791435 0.007874
4.796436 0.066745
4.801438 0.105225
4.806439 0.092126
4.811441 0.022317
4.816442 -0.081205
4.821444 -0.181517
4.826445 -0.247900
4.831447 -0.268565
4.836448 -0.249781
4.841450 -0.205149
4.846451 -0.144140
4.851453 -0.067667
4.856454 0.027521
4.861456 0.140466
4.866457 0.260879
4.871459 0.370611
4.876460 0.449284
4.881462 0.479819
4.886463 0.452222
4.891465 0.366375
4.896466 0.234138
4.901468 0.079407
4.906469 -0.065825
4.911471 -0.170373
4.916472 -0.215659
4.921473 -0.204376
4.926475 -0.159406
4.931476 -0.112071
4.936478 -0.086660
4.941479 -0.090495
4.946481 -0.114012
4.951482 -0.138943
4.956484 -0.149453
4.961485 -0.140625
4.966487 -0.120015
4.971488 -0.101581
4.976490 -0.095901
4.981491 -0.102743
4.986493 -0.110312
4.991494 -0.101658
4.996496 -0.064774
5.001497 -0.000337
5.006499 0.078004
5.011500 0.150797
5.016502 0.202086
5.021503 0.224837
5.026505 0.220576
5.031506 0.195434
5.036508 0.156021
5.041509 0.107647
5.046511 0.055493
5.051512 0.006755
5.056514 -0.029446
5.061515 -0.045414
5.066517 -0.038781
5.071518 -0.013531
5.076520 0.022384
5.081521 0.060564
5.086523 0.094334
5.091524 0.118517
5.096526 0.127610
5.101527 0.115161
5.106529 0.076949
5.111530 0.016646
5.116532 -0.051543
5.121533 -0.107674
5.126535 -0.136609
5.131536 -0.137371
5.136538 -0.124507
5.141539 -0.119658
5.146541 -0.137897
5.151542 -0.177526
5.156544 -0.220585
5.161545 -0.243994
5.166547 -0.233381
5.171548 -0.190107
5.176550 -0.127696
5.181551 -0.061361
5.186553 0.001668
5.191554 0.064439
5.196556 0.133905
5.201557 0.211161
5.206559 0.286384
5.211560 0.342421
5.216562 0.363640
5.221563 0.343189
5.226565 0.284597
5.231566 0.198498
5.236568 0.098018
5.241569 -0.003902
5.246571 -0.094505
5.251572 -0.160879
5.256574 -0.192237
5.261575 -0.184754
5.266577 -0.145276
5.271578 -0.090429
5.276580 -0.041074
5.281581 -0.014803
5.286583 -0.019447
5.291584 -0.050118
5.296586 -0.091536
5.301587 -0.125255
5.306589 -0.138366
5.311590 -0.129053
5.316592 -0.106299
5.321593 -0.084083
5.326595 -0.072966
5.331596 -0.073584
5.336598 -0.076176
5.341599 -0.066842
5.346601 -0.036663
5.351602 0.011797
5.356604 0.064138
5.361605 0.100099
5.366607 0.103342
5.371608 0.070365
5.376610 0.013385
5.381611 -0.045074
5.386613 -0.083187
5.391614 -0.090407
5.396616 -0.071833
5.401617 -0.043846
5.406619 -0.023368
5.411620 -0.017474
5.416622 -0.020230
5.421623 -0.018342
5.426625 -0.000677
5.431626 0.035017
5.436628 0.081453
5.441629 0.126224
5.446631 0.158192
5.451632 0.172360
5.456634 0.170666
5.461635 0.158700
5.466637 0.141087
5.471638 0.118574
5.476640 0.088073
5.481641 0.045239
5.486643 -0.011480
5.491644 -0.077195
5.496646 -0.139681
5.501647 -0.182289
5.506649 -0.189475
5.511650 -0.152926
5.516652 -0.076571
5.521653 0.021506
5.526655 0.112696
5.531656 0.167325
5.536658 0.166137
5.541659 0.108127
5.546661 0.011233
5.551662 -0.094244
5.556664 -0.177103
5.561665 -0.217054
5.566667 -0.211098
5.571668 -0.171097
5.576670 -0.114547
5.581671 -0.054559
5.586673 0.005259
5.591674 0.068816
5.596676 0.140299
5.601677 0.216630
5.606679 0.284976
5.611680 0.327298
5.616682 0.328946
5.621683 0.285791
5.626685 0.205951
5.631686 0.105798
5.636688 0.003118
5.641689 -0.088265
5.646691 -0.159580
5.651692 -0.204896
5.656694 -0.219459
5.661695 -0.201169
5.666697 -0.153975
5.671698 -0.089714
5.676700 -0.025965
5.681701 0.019864
5.686703 0.037638
5.691704 0.028741
5.696706 0.004366
5.701707 -0.021402
5.706709 -0.039119
5.711710 -0.047383
5.716712 -0.050862
5.721713 -0.055169
5.726715 -0.062134
5.731716 -0.068377
5.736718 -0.067955
5.741719 -0.056820
5.746721 -0.035399
5.751722 -0.007700
5.756724 0.021173
5.761725 0.046625
5.766727 0.064836
5.771728 0.072734
5.776730 0.068395
5.781731 0.051981
5.786733 0.026918
5.791734 0.000178
5.796736 -0.019800
5.801737 -0.027185
5.806739 -0.022126
5.811740 -0.010792
5.816742 -0.001803
5.821743 -0.001139
5.826745 -0.008444
5.831746 -0.017215
5.836748 -0.019383
5.841749 -0.011510
5.846751 0.002194
5.851752 0.012646
5.856754 0.012328
5.861755 0.000655
5.866757 -0.015083
5.871758 -0.023513
5.876760 -0.015542
5.881761 0.010395
5.886763 0.047618
5.891764 0.085319
5.896765 0.114151
5.901767 0.129425
5.906768 0.130739
5.911770 0.119539
5.916771 0.096899
5.921773 0.063278
5.926774 0.020531
5.931776 -0.025719
5.936777 -0.066162
5.941779 -0.091180
5.946780 -0.095121
5.951782 -0.078471
5.956783 -0.047115
5.961785 -0.009908
5.966786 0.024076
5.971788 0.047525
5.976789 0.055359
5.981791 0.044209
5.986792 0.012607
5.991794 -0.037317
5.996795 -0.098178
6.001797 -0.157945
6.006798 -0.203272
6.011800 -0.223933
6.016801 -0.216064
6.021803 -0.182430
6.026804 -0.129592
6.031806 -0.064263
6.036807 0.007956
6.041809 0.080829
6.046810 0.145414
6.051812 0.190563
6.056813 0.206196
6.061815 0.187444
6.066816 0.137602
6.071818 0.068246
6.076819 -0.004205
6.081821 -0.064037
6.086822 -0.100668
6.091824 -0.109742
6.096825 -0.091667
6.101827 -0.049885
6.106828 0.009739
6.111830 0.078482
6.116831 0.144343
6.121833 0.193204
6.126834 0.212664
6.131836 0.197220
6.136837 0.151239
6.141839 0.087145
6.146840 0.019922
6.151842 -0.038487
6.156843 -0.082116
6.161845 -0.110551
6.166846 -0.126039
6.171848 -0.130161
6.176849 -0.122391
6.181851 -0.101376
6.186852 -0.067440
6.191854 -0.024334
6.196855 0.020534
6.201857 0.057391
6.206858 0.076955
6.211860 0.074057
6.216861 0.050028
6.221863 0.012300
6.226864 -0.028397
6.231866 -0.061683
6.236867 -0.080722
6.241869 -0.083951
6.246870 -0.074572
6.251872 -0.058101
6.256873 -0.039486
6.261875 -0.021219
6.266876 -0.002770
6.271878 0.018546
6.276879 0.045122
6.281881 0.076114
6.286882 0.106281
6.291884 0.127698
6.296885 0.132998
6.301887 0.118161
6.306888 0.084041
6.311890 0.036320
6.316891 -0.016542
6.321893 -0.066699
6.326894 -0.109460
6.331896 -0.143314
6.336897 -0.168099
6.341899 -0.183078
6.346900 -0.185982
6.351902 -0.173318
6.356903 -0.142132
6.361905 -0.092624
6.366906 -0.029873
6.371908 0.036583
6.376909 0.094955
6.381911 0.134156
6.386912 0.146888
6.391914 0.131989
6.396915 0.094653
6.401917 0.044141
6.406918 -0.009432
6.411920 -0.057452
6.416921 -0.093970
6.421923 -0.116137
6.426924 -0.123889
6.431926 -0.118894
6.436927 -0.103580
6.441929 -0.080839
6.446930 -0.054018
6.451932 -0.026627
6.456933 -0.001988
6.461935 0.017025
6.466936 0.028650
6.471938 0.033365
6.476939 0.034274
6.481941 0.035874
6.486942 0.041937
6.491944 0.053871
6.496945 0.070142
6.501947 0.086908
6.506948 0.099938
6.511950 0.106881
6.516951 0.108122
6.521953 0.105536
6.526954 0.100561
6.531956 0.093306
6.536957 0.082933
6.541959 0.068636
6.546960 0.050830
6.551962 0.032026
6.556963 0.016473
6.561965 0.008421
6.566966 0.010307
6.571968 0.021884
6.576969 0.040132
6.581971 0.059591
6.586972 0.073552
6.591974 0.076119
6.596975 0.064056
6.601977 0.037523
6.606978 -0.000045
6.611980 -0.042562
6.616981 -0.082762
6.621983 -0.114392
6.626984 -0.133866
6.631986 -0.140437
6.636987 -0.135421
6.641989 -0.121316
6.646990 -0.100875
6.651992 -0.076228
6.656993 -0.048799
6.661995 -0.020180
6.666996 0.007094
6.671998 0.029607
6.676999 0.043480
6.682001 0.044752
6.687002 0.030347
6.692004 -0.000247
6.697005 -0.043820
6.702007 -0.093941
6.707008 -0.142693
6.712010 -0.182605
6.717011 -0.208320
6.722013 -0.217542
6.727014 -0.210550
6.732016 -0.188553
6.737017 -0.152468
6.742019 -0.103094
6.747020 -0.042080
6.752022 0.027187
6.757023 0.098908
6.762025 0.164774
6.767026 0.215432
6.772028 0.243439
6.777029 0.245885
6.782031 0.225103
6.787032 0.187705
6.792034 0.142925
6.797035 0.100574
6.802037 0.068812
6.807038 0.052503
6.812040 0.052664
6.817041 0.066740
6.822043 0.089518
6.827044 0.114900
6.832046 0.137865
6.837047 0.155031
6.842049 0.163396
6.847050 0.159006
6.852052 0.137401
6.857053 0.095736
6.862055 0.035233
6.867056 -0.037327
6.872058 -0.110158
6.877059 -0.169690
6.882060 -0.205438
6.887062 -0.213828
6.892063 -0.198953
6.897065 -0.170358
6.902066 -0.139179
6.907068 -0.113978
6.912069 -0.097880
6.917071 -0.088588
6.922072 -0.081081
6.927074 -0.070822
6.932075 -0.055610
6.937077 -0.036036
6.942078 -0.015013
6.947080 0.003557
6.952081 0.016557
6.957083 0.022603
6.962084 0.021753
6.967086 0.015014
6.972087 0.004430
6.977089 -0.006875
6.982090 -0.015381
6.987092 -0.018021
6.992093 -0.012513
6.997095 0.002470
7.002096 0.026820
7.007098 0.058543
7.012099 0.093809
7.017101 0.127219
7.022102 0.152174
7.027104 0.161963
7.032105 0.151807
7.037107 0.120713
7.042108 0.071962
7.047110 0.012294
7.052111 -0.049606
7.057113 -0.105116
7.062114 -0.147656
7.067116 -0.173531
7.072117 -0.181389
7.077119 -0.171395
7.082120 -0.144963
7.087122 -0.104679
7.092123 -0.054147
7.097125 0.001869
7.102126 0.057146
7.107128 0.104622
7.112129 0.138171
7.117131 0.154207
7.122132 0.151880
7.127134 0.132277
7.132135 0.097689
7.137137 0.051387
7.142138 -0.001968
7.147140 -0.055337
7.152141 -0.098844
7.157143 -0.121628
7.162144 -0.116026
7.167146 -0.081411
7.172147 -0.024920
7.177149 0.041197
7.182150 0.103836
7.187152 0.152854
7.192153 0.182861
7.197155 0.192298
7.202156 0.180954
7.207158 0.148444
7.212159 0.095152
7.217161 0.024689
7.222162 -0.054260
7.227164 -0.128236
7.232165 -0.181972
7.237167 -0.203399
7.242168 -0.188411
7.247170 -0.142387
7.252171 -0.077576
7.257173 -0.008515
7.262174 0.051652
7.267176 0.093039
7.272177 0.109627
7.277179 0.099359
7.282180 0.064222
7.287182 0.010586
7.292183 -0.051015
7.297185 -0.108025
7.302186 -0.149614
7.307188 -0.169686
7.312189 -0.167493
7.317191 -0.146578
7.322192 -0.113276
7.327194 -0.074979
7.332195 -0.038235
7.337197 -0.007682
7.342198 0.013776
7.347200 0.024556
7.352201 0.024659
7.357203 0.015990
7.362204 0.001948
7.367206 -0.013286
7.372207 -0.025212
7.377209 -0.029655
7.382210 -0.024055
7.387212 -0.008636
7.392213 0.013544
7.397215 0.037640
7.402216 0.058649
7.407218 0.073311
7.412219 0.081562
7.417221 0.086295
7.422222 0.091231
7.427224 0.098428
7.432225 0.107034
7.437227 0.113496
7.442228 0.112853
7.447230 0.100924
7.452231 0.076451
7.457233 0.041724
7.462234 0.001384
7.467236 -0.039274
7.472237 -0.075420
7.477239 -0.103568
7.482240 -0.122460
7.487242 -0.133089
7.492243 -0.137357
7.497245 -0.136428
7.502246 -0.130046
7.507248 -0.116867
7.512249 -0.095375
7.517251 -0.065397
7.522252 -0.029761
7.527254 0.005496
7.532255 0.033155
7.537257 0.047699
7.542258 0.047222
7.547260 0.033884
7.552261 0.013069
7.557263 -0.008778
7.562264 -0.026833
7.567266 -0.039169
7.572267 -0.045828
7.577269 -0.047121
7.582270 -0.042787
7.587272 -0.031991
7.592273 -0.013714
7.597275 0.012313
7.602276 0.044348
7.607278 0.078395
7.612279 0.109607
7.617281 0.134094
7.622282 0.149698
7.627284 0.155811
7.632285 0.152934
7.637287 0.141930
7.642288 0.123053
7.647290 0.095849
7.652291 0.060540
7.657293 0.019602
7.662294 -0.022028
7.667296 -0.058145
7.672297 -0.083045
7.677299 -0.093388
7.682300 -0.089534
7.687302 -0.075255
7.692303 -0.055618
7.697305 -0.034661
7.702306 -0.014486
7.707308 0.004259
7.712309 0.021465
7.717311 0.036643
7.722312 0.048237
7.727314 0.053759
7.732315 0.050907
7.737317 0.038788
7.742318 0.018515
7.747320 -0.006686
7.752321 -0.031741
7.757323 -0.050832
7.762324 -0.059299
7.767326 -0.055262
7.772327 -0.040090
7.777329 -0.017883
7.782330 0.005605
7.787332 0.024586
7.792333 0.034920
7.797335 0.034947
7.802336 0.025231
7.807338 0.008111
7.812339 -0.012561
7.817341 -0.032134
7.822342 -0.046609
7.827344 -0.053815
7.832345 -0.053387
7.837347 -0.046094
7.842348 -0.033452
7.847350 -0.017488
7.852351 -0.000302
7.857353 0.016147
7.862354 0.029655
7.867355 0.037421
7.872357 0.036543
7.877358 0.025175
7.882360 0.003705
7.887361 -0.024469
7.892363 -0.053110
7.897364 -0.074850
7.902366 -0.083873
7.907367 -0.077861
7.912369 -0.058194
7.917370 -0.028971
7.922372 0.004339
7.927373 0.036457
7.932375 0.063741
7.937376 0.084440
7.942378 0.097570
7.947379 0.101860
7.952381 0.096041
7.957382 0.079994
7.962384 0.055471
7.967385 0.026023
7.972387 -0.003673
7.977388 -0.029054
7.982390 -0.047130
7.987391 -0.057220
7.992393 -0.060552
7.997394 -0.059333
8.002396 -0.055926
8.007397 -0.051993
8.012399 -0.047742
8.017400 -0.042116
8.022402 -0.034041
8.027403 -0.023543
8.032405 -0.011827
8.037406 -0.000885
8.042408 0.006695
8.047409 0.008228
8.052411 0.002150
8.057412 -0.010960
8.062414 -0.028565
8.067415 -0.047225
8.072417 -0.063605
8.077418 -0.075223
8.082420 -0.080916
8.087421 -0.080518
8.092423 -0.073875
8.097424 -0.060322
8.102426 -0.039344
8.107427 -0.011613
8.112429 0.020594
8.117430 0.053525
8.122432 0.082306
8.127433 0.101860
8.132435 0.108490
8.137436 0.101200
8.142438 0.081882
8.147439 0.054605
8.152441 0.024589
8.157442 -0.003025
8.162444 -0.024400
8.167445 -0.037437
8.172447 -0.041298
8.177448 -0.035931
8.182450 -0.022204
8.187451 -0.001963
8.192453 0.022486
8.197454 0.048759
8.202456 0.074212
8.207457 0.095944
8.212459 0.111600
8.217460 0.120097
8.222462 0.121363
8.227463 0.115638
8.232465 0.103272
8.237466 0.084882
8.242468 0.061361
8.247469 0.033934
8.252471 0.004416
8.257472 -0.024972
8.262474 -0.052443
8.267475 -0.077082
8.272477 -0.098189
8.277478 -0.114397
8.282480 -0.123651
8.287481 -0.123898
8.292483 -0.113878
8.297484 -0.093963
8.302486 -0.066881
8.307487 -0.037468
8.312489 -0.011115
8.317490 0.008058
8.322492 0.018089
8.327493 0.019100
8.332495 0.012704
8.337496 0.001090
8.342498 -0.013890
8.347499 -0.030831
8.352501 -0.048000
8.357502 -0.062737
8.362504 -0.071823
8.367505 -0.072472
8.372507 -0.063367
8.377508 -0.045614
8.382510 -0.023080
8.387511 -0.001129
8.392513 0.015996
8.397514 0.027197
8.402516 0.034406
8.407517 0.040816
8.412519 0.048879
8.417520 0.058882
8.422522 0.068555
8.427523 0.074208
8.432525 0.072900
8.437526 0.063976
8.442528 0.048878
8.447529 0.029986
8.452531 0.009681
8.457532 -0.010194
8.462534 -0.028709
8.467535 -0.045706
8.472537 -0.060960
8.477538 -0.073516
8.482540 -0.081959
8.487541 -0.085100
8.492543 -0.082309
8.497544 -0.073648
8.502546 -0.060145
8.507547 -0.043808
8.512549 -0.027002
8.517550 -0.011770
8.522552 0.000418
8.527553 0.008744
8.532555 0.013257
8.537556 0.014838
8.542558 0.014657
8.547559 0.013698
8.552561 0.012796
8.557562 0.012823
8.562564 0.014696
8.567565 0.019443
8.572567 0.028264
8.577568 0.041869
8.582570 0.059196
8.587571 0.076989
8.592573 0.091116
8.597574 0.098485
8.602576 0.098012
8.607577 0.090535
8.612579 0.078226
8.617580 0.063620
8.622582 0.048529
8.627583 0.033755
8.632585 0.019859
8.637586 0.007849
8.642588 -0.001019
8.647589 -0.005708
8.652591 -0.005532
8.657592 -0.000323
8.662594 0.009130
8.667595 0.021008
8.672597 0.033041
8.677598 0.043048
8.682600 0.049001
8.687601 0.049110
8.692603 0.042338
8.697604 0.028834
8.702606 0.009846
8.707607 -0.012568
8.712609 -0.035775
8.717610 -0.057136
8.722612 -0.074827
8.727613 -0.088047
8.732615 -0.096296
8.737616 -0.098730
8.742618 -0.094457
8.747619 -0.083210
8.752621 -0.065644
8.757622 -0.043422
8.762624 -0.019298
8.767625 0.003361
8.772627 0.021751
8.777628 0.034482
8.782630 0.041307
8.787631 0.042395
8.792633 0.038000
8.797634 0.028337
8.802636 0.013432
8.807637 -0.006479
8.812639 -0.029852
8.817640 -0.053271
8.822642 -0.072360
8.827643 -0.083345
8.832645 -0.084019
8.837646 -0.074040
8.842647 -0.054942
8.847649 -0.029543
8.852650 -0.000718
8.857652 0.029480
8.862653 0.059564
8.867655 0.087902
8.872656 0.112505
8.877658 0.131135
8.882659 0.141276
8.887661 0.140382
8.892662 0.126804
8.897664 0.100730
8.902665 0.064373
8.907667 0.021602
8.912668 -0.022550
8.917670 -0.062615
8.922671 -0.093729
8.927673 -0.112452
8.932674 -0.117077
8.937676 -0.107811
8.942677 -0.086985
8.947679 -0.058786
8.952680 -0.028231
8.957682 0.000039
8.962683 0.022527
8.967685 0.037281
8.972686 0.044020
8.977688 0.043597
8.982689 0.036995
8.987691 0.024939
8.992692 0.008472
8.997694 -0.010533
9.002695 -0.029670
9.007697 -0.046468
9.012698 -0.058438
9.017700 -0.063249
9.022701 -0.059538
9.027703 -0.047744
9.032704 -0.030159
9.037706 -0.010352
9.042707 0.007718
9.047709 0.020954
9.052710 0.028253
9.057712 0.030412
9.062713 0.028708
9.067715 0.023695
9.072716 0.015389
9.077718 0.004155
9.082719 -0.008817
9.087721 -0.021585
9.092722 -0.031739
9.097724 -0.037105
9.102725 -0.036732
9.107727 -0.031241
9.112728 -0.022109
9.117730 -0.010836
9.122731 0.001193
9.127733 0.012653
9.132734 0.022530
9.137736 0.030198
9.142737 0.035062
9.147739 0.036444
9.152740 0.034086
9.157742 0.028460
9.162743 0.020413
9.167745 0.010929
9.172746 0.001395
9.177748 -0.006453
9.182749 -0.011367
9.187751 -0.013212
9.192752 -0.012664
9.197754 -0.010681
9.202755 -0.008416
9.207757 -0.006974
9.212758 -0.006631
9.217760 -0.006412
9.222761 -0.004755
9.227763 -0.000525
9.232764 0.006651
9.237766 0.016529
9.242767 0.028361
9.247769 0.041092
9.252770 0.053866
9.257772 0.066275
9.262773 0.077991
9.267775 0.088338
9.272776 0.096406
9.277778 0.101314
9.282779 0.102109
9.287781 0.097696
9.292782 0.087262
9.297784 0.070734
9.302785 0.048835
9.307787 0.023079
9.312788 -0.004097
9.317790 -0.029633
9.322791 -0.050747
9.327793 -0.065630
9.332794 -0.073405
9.337796 -0.073973
9.342797 -0.068258
9.347799 -0.058314
9.352800 -0.046927
9.357802 -0.037082
9.362803 -0.031593
9.367805 -0.032478
9.372806 -0.040099
9.377808 -0.052905
9.382809 -0.068180
9.387811 -0.082998
9.392812 -0.094727
9.397814 -0.101368
9.402815 -0.101972
9.407817 -0.096676
9.412818 -0.086116
9.417820 -0.070887
9.422821 -0.051625
9.427823 -0.029406
9.432824 -0.005988
9.437826 0.016175
9.442827 0.034231
9.447829 0.045843
9.452830 0.050292
9.457832 0.048672
9.462833 0.042946
9.467835 0.034978
9.472836 0.026255
9.477838 0.017780
9.482839 0.009793
9.487841 0.001928
9.492842 -0.005905
9.497844 -0.012886
9.502845 -0.017664
9.507847 -0.019150
9.512848 -0.016937
9.517850 -0.011342
9.522851 -0.003351
9.527853 0.005725
9.532854 0.014759
9.537856 0.022878
9.542857 0.028982
9.547859 0.031585
9.552860 0.029515
9.557862 0.022758
9.562863 0.012665
9.567865 0.001683
9.572866 -0.007095
9.577868 -0.010757
9.582869 -0.007609
9.587871 0.002433
9.592872 0.018361
9.597874 0.038578
9.602875 0.060816
9.607877 0.082129
9.612878 0.099575
9.617880 0.111018
9.622881 0.115385
9.627883 0.112673
9.632884 0.103973
9.637886 0.091097
9.642887 0.075764
9.647889 0.059242
9.652890 0.042848
9.657892 0.028329
9.662893 0.017325
9.667895 0.010554
9.672896 0.007554
9.677898 0.006862
9.682899 0.006232
9.687901 0.003251
9.692902 -0.003541
9.697904 -0.013927
9.702905 -0.026464
9.707907 -0.039516
9.712908 -0.051821
9.717910 -0.062538
9.722911 -0.071242
9.727913 -0.077767
9.732914 -0.081837
9.737916 -0.083042
9.742917 -0.081449
9.747919 -0.078126
9.752920 -0.074800
9.757922 -0.073031
9.762923 -0.073622
9.767925 -0.076332
9.772926 -0.079762
9.777928 -0.081737
9.782929 -0.080292
9.787931 -0.074535
9.792932 -0.064742
9.797934 -0.051990
9.802935 -0.037918
9.807937 -0.024387
9.812938 -0.012800
9.817940 -0.003583
9.822941 0.003555
9.827942 0.009028
9.832944 0.013174
9.837945 0.016324
9.842947 0.018665
9.847948 0.020174
9.852950 0.020861
9.857951 0.020906
9.862953 0.020364
9.867954 0.019085
9.872956 0.017211
9.877957 0.015472
9.882959 0.014713
9.887960 0.015303
9.892962 0.017205
9.897963 0.020359
9.902965 0.024729
9.907966 0.030197
9.912968 0.036612
9.917969 0.043715
9.922971 0.050833
9.927972 0.057010
9.932974 0.061772
9.937975 0.065563
9.942977 0.069087
9.947978 0.072338
9.952980 0.074493
9.957981 0.074619
9.962983 0.072351
9.967984 0.068168
9.972986 0.063249
9.977987 0.058699
9.982989 0.054509
9.987990 0.049344
9.992992 0.041465
9.997993 0.029678
10.002995 0.013477
10.007996 -0.007008
10.012998 -0.030657
10.017999 -0.055162
10.023001 -0.077606
10.028002 -0.095245
10.033004 -0.105866
10.038005 -0.108067
10.043007 -0.101765
10.048008 -0.088324
10.053010 -0.070047
10.058011 -0.049639
10.063013 -0.030054
10.068014 -0.014137
10.073016 -0.003805
10.078017 0.000450
10.083019 -0.000817
10.088020 -0.006576
10.093022 -0.015452
10.098023 -0.025771
10.103025 -0.035921
10.108026 -0.044507
10.113028 -0.050096
10.118029 -0.051290
10.123031 -0.047474
10.128032 -0.039236
10.133034 -0.027796
10.138035 -0.014280
10.143037 0.000300
10.148038 0.014802
10.153040 0.028160
10.158041 0.039750
10.163043 0.049397
10.168044 0.057350
10.173046 0.064444
10.178047 0.071873
10.183049 0.080336
10.188050 0.089496
10.193052 0.098333
10.198053 0.105674
10.203055 0.110125
10.208056 0.109957
10.213058 0.103640
10.218059 0.090639
10.223061 0.071733
10.228062 0.048869
10.233064 0.024735
10.238065 0.001907
10.243067 -0.018083
10.248068 -0.034822
10.253070 -0.048140
10.258071 -0.057510
10.263073 -0.062510
10.268074 -0.063605
10.273076 -0.062165
10.278077 -0.059880
10.283079 -0.058259
10.288080 -0.058320
10.293082 -0.060303
10.298083 -0.063675
10.303085 -0.067520
10.308086 -0.070787
10.313088 -0.072242
10.318089 -0.070705
10.323091 -0.065616
10.328092 -0.057166
10.333094 -0.045835
10.338095 -0.032200
10.343097 -0.017363
10.348098 -0.003054
10.353100 0.009188
10.358101 0.018918
10.363103 0.026775
10.368104 0.033773
10.373106 0.040636
10.378107 0.047257
10.383109 0.052443
10.388110 0.054507
10.393112 0.052632
10.398113 0.047687
10.403115 0.041665
10.408116 0.036542
10.413118 0.033649
10.418119 0.033445
10.423121 0.035289
10.428122 0.037652
10.433124 0.038999
10.438125 0.038461
10.443127 0.035608
10.448128 0.029992
10.453130 0.021230
10.458131 0.009273
10.463133 -0.005664
10.468134 -0.023128
10.473136 -0.042050
10.478137 -0.060436
10.483139 -0.075705
10.488140 -0.085364
10.493142 -0.087592
10.498143 -0.081845
10.503145 -0.069353
10.508146 -0.052809
10.513148 -0.035185
10.518149 -0.018798
10.523151 -0.005372
10.528152 0.003580
10.533154 0.006833
10.538155 0.003793
10.543157 -0.005311
10.548158 -0.019204
10.553160 -0.035343
10.558161 -0.050312
10.563163 -0.060864
10.568164 -0.064678
10.573166 -0.060382
10.578167 -0.047573
10.583169 -0.027321
10.588170 -0.002330
10.593172 0.023819
10.598173 0.047737
10.603175 0.066775
10.608176 0.079218
10.613178 0.084507
10.618179 0.083214
10.623181 0.076555
10.628182 0.065985
10.633184 0.053225
10.638185 0.040237
10.643187 0.028803
10.648188 0.020137
10.653190 0.014901
10.658191 0.013307
10.663193 0.015073
10.668194 0.019483
10.673196 0.025689
10.678197 0.032833
10.683199 0.039862
10.688200 0.045563
10.693202 0.048978
10.698203 0.049601
10.703205 0.047116
10.708206 0.041368
10.713208 0.032922
10.718209 0.023348
10.723211 0.014434
10.728212 0.007083
10.733214 0.001037
10.738215 -0.004545
10.743217 -0.010360
10.748218 -0.016426
10.753220 -0.021899
10.758221 -0.025491
10.763223 -0.026295
10.768224 -0.024189
10.773226 -0.019527
10.778227 -0.012828
10.783229 -0.004962
10.788230 0.002729
10.793232 0.008883
10.798233 0.012588
10.803235 0.013244
10.808236 0.010336
10.813237 0.003695
10.818239 -0.006070
10.823240 -0.017555
10.828242 -0.028778
10.833243 -0.037494
10.838245 -0.041925
10.843246 -0.041726
10.848248 -0.038148
10.853249 -0.033039
10.858251 -0.027795
10.863252 -0.023198
10.868254 -0.019749
10.873255 -0.017841
10.878257 -0.017890
10.883258 -0.020514
10.888260 -0.026269
10.893261 -0.034900
10.898263 -0.045033
10.903264 -0.054751
10.908266 -0.062260
10.913267 -0.066053
10.918269 -0.065111
10.923270 -0.059489
10.928272 -0.050557
10.933273 -0.040352
10.938275 -0.030669
10.943276 -0.022618
10.948278 -0.016578
10.953279 -0.012292
10.958281 -0.009277
10.963282 -0.007304
10.968284 -0.006208
10.973285 -0.005133
10.978287 -0.002369
10.983288 0.003728
10.988290 0.013788
10.993291 0.027349
10.998293 0.043164
11.003294 0.059313
11.008296 0.073579
11.013297 0.084379
11.018299 0.091321
11.023300 0.094672
11.028302 0.094523
11.033303 0.090696
11.038305 0.083147
11.043306 0.072183
11.048308 0.058588
11.053309 0.043798
11.058311 0.029646
11.063312 0.017550
11.068314 0.007972
11.073315 0.000651
11.078317 -0.005006
11.083318 -0.009898
11.088320 -0.015022
11.093321 -0.020791
11.098323 -0.026676
11.103324 -0.031748
11.108326 -0.035458
11.113327 -0.037865
11.118329 -0.039503
11.123330 -0.041232
11.128332 -0.043837
11.133333 -0.047398
11.138335 -0.051208
11.143336 -0.054460
11.148338 -0.056788
11.153339 -0.058097
11.158341 -0.058325
11.163342 -0.057717
11.168344 -0.056956
11.173345 -0.056632
11.178347 -0.056725
11.183348 -0.056664
11.188350 -0.055511
11.193351 -0.051951
11.198353 -0.044665
11.203354 -0.033220
11.208356 -0.018532
11.213357 -0.002333
11.218359 0.013584
11.223360 0.027619
11.228362 0.038482
11.233363 0.045524
11.238365 0.048805
11.243366 0.048601
11.248368 0.045089
11.253369 0.038614
11.258371 0.029903
11.263372 0.019755
11.268374 0.008847
11.273375 -0.001940
11.278377 -0.011341
11.283378 -0.018153
11.288380 -0.021667
11.293381 -0.021550
11.298383 -0.017628
11.303384 -0.010055
11.308386 0.000548
11.313387 0.013275
11.318389 0.027001
11.323390 0.040070
11.328392 0.050331
11.333393 0.055852
11.338395 0.055619
11.343396 0.049631
11.348398 0.038876
11.353399 0.025451
11.358401 0.012218
11.363402 0.001714
11.368404 -0.004756
11.373405 -0.007019
11.378407 -0.005424
11.383408 -0.000555
11.388410 0.006754
11.393411 0.015526
11.398413 0.024713
11.403414 0.033083
11.408416 0.039331
11.413417 0.042582
11.418419 0.042667
11.423420 0.039832
11.428422 0.034509
11.433423 0.027503
11.438425 0.019946
11.443426 0.012632
11.448428 0.005567
11.453429 -0.001609
11.458431 -0.008974
11.463432 -0.016228
11.468434 -0.022968
11.473435 -0.028791
11.478437 -0.033328
11.483438 -0.036413
11.488440 -0.038028
11.493441 -0.037959
11.498443 -0.035808
11.503444 -0.031648
11.508446 -0.026447
11.513447 -0.021578
11.518449 -0.018054
11.523450 -0.016441
11.528452 -0.017133
11.533453 -0.020262
11.538455 -0.025485
11.543456 -0.032176
11.548458 -0.039711
11.553459 -0.047346
11.558461 -0.054021
11.563462 -0.058568
11.568464 -0.059992
11.573465 -0.057487
11.578467 -0.050662
11.583468 -0.040156
11.588470 -0.027769
11.593471 -0.015597
11.598473 -0.005057
11.603474 0.003188
11.608476 0.008781
11.613477 0.011535
11.618479 0.011546
11.623480 0.009183
11.628482 0.005098
11.633483 0.000354
11.638485 -0.003764
11.643486 -0.006329
11.648488 -0.006970
11.653489 -0.005375
11.658491 -0.000979
11.663492 0.006506
11.668494 0.016441
11.673495 0.027438
11.678497 0.038036
11.683498 0.047022
11.688500 0.053431
11.693501 0.056629
11.698503 0.056337
11.703504 0.052468
11.708506 0.045190
11.713507 0.035403
11.718509 0.024837
11.723510 0.015379
11.728512 0.008394
11.733513 0.004706
11.738515 0.004755
11.743516 0.008408
11.748518 0.014797
11.753519 0.022574
11.758521 0.030236
11.763522 0.036241
11.768524 0.039263
11.773525 0.038686
11.778527 0.034750
11.783528 0.028131
11.788529 0.019650
11.793531 0.010446
11.798532 0.001921
11.803534 -0.004867
11.808535 -0.009581
11.813537 -0.012223
11.818538 -0.012721
11.823540 -0.011156
11.828541 -0.008148
11.833543 -0.004728
11.838544 -0.001953
11.843546 -0.000763
11.848547 -0.001897
11.853549 -0.005622
11.858550 -0.011638
11.863552 -0.019345
11.868553 -0.028013
11.873555 -0.036607
11.878556 -0.043787
11.883558 -0.048321
11.888559 -0.049398
11.893561 -0.046621
11.898562 -0.040134
11.903564 -0.030987
11.908565 -0.020976
11.913567 -0.011797
11.918568 -0.004441
11.923570 0.000586
11.928571 0.002946
11.933573 0.002680
11.938574 0.000368
11.943576 -0.003258
11.948577 -0.007631
11.953579 -0.012085
11.958580 -0.015626
11.963582 -0.017385
11.968583 -0.017186
11.973585 -0.015503
11.978586 -0.013115
11.983588 -0.010976
11.988589 -0.010020
11.993591 -0.010613
11.998592 -0.012236
12.003594 -0.013924
12.008595 -0.014917
12.013597 -0.014846
12.018598 -0.013641
12.023600 -0.011572
12.028601 -0.009135
12.033603 -0.006545
12.038604 -0.003437
12.043606 0.000701
12.048607 0.005897
12.053609 0.011645
12.058610 0.017248
12.063612 0.022055
12.068613 0.025678
12.073615 0.028315
12.078616 0.030704
12.083618 0.033560
12.088619 0.037148
12.093621 0.041418
12.098622 0.046209
12.103624 0.051157
12.108625 0.055667
12.113627 0.059138
12.118628 0.061010
12.123630 0.060548
12.128631 0.056998
12.133633 0.050193
12.138634 0.040750
12.143636 0.029547
12.148637 0.017366
12.153639 0.005144
12.158640 -0.005952
12.163642 -0.015096
12.168643 -0.022208
12.173645 -0.027559
12.178646 -0.031274
12.183648 -0.033504
12.188649 -0.034778
12.193651 -0.035802
12.198652 -0.037069
12.203654 -0.038895
12.208655 -0.041549
12.213657 -0.044984
12.218658 -0.048631
12.223660 -0.051746
12.228661 -0.053875
12.233663 -0.054960
12.238664 -0.055320
12.243666 -0.055678
12.248667 -0.056851
12.253669 -0.059046
12.258670 -0.061529
12.263672 -0.063048
12.268673 -0.062481
12.273675 -0.059155
12.278676 -0.052993
12.283678 -0.044579
12.288679 -0.034774
12.293681 -0.024074
12.298682 -0.012497
12.303684 -0.000216
12.308685 0.012051
12.313687 0.023456
12.318688 0.033542
12.323690 0.042252
12.328691 0.049760
12.333693 0.056496
12.338694 0.062959
12.343696 0.069249
12.348697 0.075002
12.353699 0.079933
12.358700 0.084167
12.363702 0.087866
12.368703 0.090807
12.373705 0.092523
12.378706 0.092642
12.383708 0.090912
12.388709 0.087211
12.393711 0.081747
12.398712 0.074987
12.403714 0.067085
12.408715 0.057605
12.413717 0.046095
12.418718 0.032784
12.423720 0.018551
12.428721 0.004500
12.433723 -0.008306
12.438724 -0.019162
12.443726 -0.028225
12.448727 -0.036433
12.453729 -0.044597
12.458730 -0.052660
12.463732 -0.059994
12.468733 -0.066057
12.473735 -0.070546
12.478736 -0.073313
12.483738 -0.074569
12.488739 -0.074929
12.493741 -0.074961
12.498742 -0.074782
12.503744 -0.074231
12.508745 -0.073173
12.513747 -0.071520
12.518748 -0.069220
12.523750 -0.066360
12.528751 -0.063011
12.533753 -0.058836
12.538754 -0.053190
12.543756 -0.045846
12.548757 -0.037337
12.553759 -0.028353
12.558760 -0.019065
12.563762 -0.009282
12.568763 0.001055
12.573765 0.011789
12.578766 0.022612
12.583768 0.032809
12.588769 0.041186
12.593771 0.046698
12.598772 0.049111
12.603774 0.048911
12.608775 0.046810
12.613777 0.043476
12.618778 0.039389
12.623780 0.034595
12.628781 0.028815
12.633783 0.022090
12.638784 0.015155
12.643786 0.009016
12.648787 0.004369
12.653789 0.001528
12.658790 0.000535
12.663792 0.001081
12.668793 0.002639
12.673795 0.005000
12.678796 0.008513
12.683798 0.013576
12.688799 0.020016
12.693801 0.027109
12.698802 0.033951
12.703804 0.039626
12.708805 0.043286
12.713807 0.044448
12.718808 0.043214
12.723810 0.040078
12.728811 0.035625
12.733813 0.030454
12.738814 0.025113
12.743816 0.019915
12.748817 0.015042
12.753819 0.010964
12.758820 0.008423
12.763822 0.007758
12.768823 0.008456
12.773824 0.009566
12.778826 0.010348
12.783827 0.010395
12.788829 0.009502
12.793830 0.007693
12.798832 0.005118
12.803833 0.001617
12.808835 -0.003366
12.813836 -0.010093
12.818838 -0.017872
12.823839 -0.025310
12.828841 -0.031100
12.833842 -0.034506
12.838844 -0.035458
12.843845 -0.034552
12.848847 -0.032693
12.853848 -0.030416
12.858850 -0.027646
12.863851 -0.024238
12.868853 -0.020516
12.873854 -0.017156
12.878856 -0.014900
12.883857 -0.014539
12.888859 -0.016741
12.893860 -0.021432
12.898862 -0.027536
12.903863 -0.033610
12.908865 -0.038613
12.913866 -0.041962
12.918868 -0.043276
12.923869 -0.042443
12.928871 -0.039677
12.933872 -0.035182
12.938874 -0.028955
12.943875 -0.021155
12.948877 -0.012438
12.953878 -0.003683
12.958880 0.004418
12.963881 0.011371
12.968883 0.016828
12.973884 0.020871
12.978886 0.024098
12.983887 0.027097
12.988889 0.030010
12.993890 0.032872
12.998892 0.036086
13.003893 0.040237
13.008895 0.045584
13.013896 0.051920
13.018898 0.058652
13.023899 0.064804
13.028901 0.069208
13.033902 0.071001
13.038904 0.069815
13.043905 0.065425
13.048907 0.057619
13.053908 0.046686
13.058910 0.033737
13.063911 0.020210
13.068913 0.007159
13.073914 -0.004815
13.078916 -0.015249
13.083917 -0.023751
13.088919 -0.030049
13.093920 -0.033863
13.098922 -0.034864
13.103923 -0.032979
13.108925 -0.028694
13.113926 -0.022985
13.118928 -0.017156
13.123929 -0.012766
13.128931 -0.011230
13.133932 -0.013027
13.138934 -0.017380
13.143935 -0.022921
13.148937 -0.028529
13.153938 -0.033459
13.158940 -0.037093
13.163941 -0.038965
13.168943 -0.038864
13.173944 -0.036634
13.178946 -0.032156
13.183947 -0.025781
13.188949 -0.018515
13.193950 -0.011465
13.198952 -0.005234
13.203953 0.000031
13.208955 0.004375
13.213956 0.008059
13.218958 0.011508
13.223959 0.014889
13.228961 0.017913
13.233962 0.020238
13.238964 0.021812
13.243965 0.022630
13.248967 0.022438
13.253968 0.020905
13.258970 0.017804
13.263971 0.012913
13.268973 0.006160
13.273974 -0.001805
13.278976 -0.009472
13.283977 -0.015244
13.288979 -0.018259
13.293980 -0.018438
13.298982 -0.016144
13.303983 -0.012091
13.308985 -0.007167
13.313986 -0.001862
13.318988 0.004018
13.323989 0.010746
13.328991 0.017879
13.333992 0.024255
13.338994 0.028619
13.343995 0.030115
13.348997 0.028515
13.353998 0.024357
13.359000 0.018767
13.364001 0.012859
13.369003 0.007274
13.374004 0.002252
13.379006 -0.002215
13.384007 -0.006443
13.389009 -0.010824
13.394010 -0.015162
13.399012 -0.018487
13.404013 -0.019898
13.409015 -0.019411
13.414016 -0.017776
13.419018 -0.015762
13.424019 -0.013884
13.429021 -0.012502
13.434022 -0.011753
13.439024 -0.011478
13.444025 -0.011512
13.449027 -0.011968
13.454028 -0.013037
13.459030 -0.014666
13.464031 -0.016579
13.469033 -0.018400
13.474034 -0.019623
13.479036 -0.019746
13.484037 -0.018602
13.489039 -0.016345
13.494040 -0.012998
13.499042 -0.008372
13.504043 -0.002610
13.509045 0.003493
13.514046 0.008950
13.519048 0.013157
13.524049 0.015946
13.529051 0.017468
13.534052 0.018285
13.539054 0.019219
13.544055 0.020753
13.549057 0.022711
13.554058 0.024663
13.559060 0.026302
13.564061 0.027263
13.569063 0.027037
13.574064 0.025418
13.579066 0.022775
13.584067 0.019612
13.589069 0.016091
13.594070 0.012204
13.599072 0.008061
13.604073 0.003712
13.609075 -0.001044
13.614076 -0.006334
13.619078 -0.011827
13.624079 -0.016904
13.629081 -0.021056
13.634082 -0.023991
13.639084 -0.025703
13.644085 -0.026717
13.649087 -0.027966
13.654088 -0.029991
13.659090 -0.032359
13.664091 -0.034079
13.669093 -0.034397
13.674094 -0.033011
13.679096 -0.029890
13.684097 -0.025239
13.689099 -0.019449
13.694100 -0.012731
13.699102 -0.004948
13.704103 0.003916
13.709105 0.013278
13.714106 0.022112
13.719108 0.029345
13.724109 0.033978
13.729111 0.035360
13.734112 0.033867
13.739114 0.031039
13.744115 0.028565
13.749117 0.027116
13.754118 0.026258
13.759119 0.025154
13.764121 0.023163
13.769122 0.020125
13.774124 0.016499
13.779125 0.013092
13.784127 0.010429
13.789128 0.008453
13.794130 0.006867
13.799131 0.005481
13.804133 0.004158
13.809134 0.002822
13.814136 0.001742
13.819137 0.001470
13.824139 0.002221
13.829140 0.003484
13.834142 0.004406
13.839143 0.004310
13.844145 0.002771
13.849146 -0.000411
13.854148 -0.004978
13.859149 -0.010179
13.864151 -0.015207
13.869152 -0.019523
13.874154 -0.022681
13.879155 -0.024174
13.884157 -0.023728
13.889158 -0.021553
13.894160 -0.018124
13.899161 -0.013940
13.904163 -0.009701
13.909164 -0.006432
13.914166 -0.005087
13.919167 -0.006120
13.924169 -0.009522
13.929170 -0.014958
13.934172 -0.021625
13.939173 -0.028335
13.944175 -0.034095
13.949176 -0.038428
13.954178 -0.040962
13.959179 -0.041124
13.964181 -0.038610
13.969182 -0.033822
13.974184 -0.027487
13.979185 -0.020091
13.984187 -0.011944
13.989188 -0.003475
13.994190 0.004904
13.999191 0.013000
14.004193 0.020612
14.009194 0.027376
14.014196 0.033156
14.019197 0.038270
14.024199 0.043021
14.029200 0.047233
14.034202 0.050486
14.039203 0.052498
14.044205 0.053016
14.049206 0.051678
14.054208 0.048328
14.059209 0.043256
14.064211 0.036863
14.069212 0.029304
14.074214 0.020726
14.079215 0.011638
14.084217 0.002715
14.089218 -0.005633
14.094220 -0.013299
14.099221 -0.020333
14.104223 -0.026943
14.109224 -0.033382
14.114226 -0.039564
14.119227 -0.045071
14.124229 -0.049787
14.129230 -0.054229
14.134232 -0.058901
14.139233 -0.063543
14.144235 -0.067245
14.149236 -0.069040
14.154238 -0.068181
14.159239 -0.064296
14.164241 -0.057743
14.169242 -0.049617
14.174244 -0.040993
14.179245 -0.032198
14.184247 -0.023010
14.189248 -0.013290
14.194250 -0.003152
14.199251 0.007120
14.204253 0.016908
14.209254 0.025219
14.214256 0.031278
14.219257 0.035158
14.224259 0.037654
14.229260 0.039726
14.234262 0.042181
14.239263 0.045471
14.244265 0.049413
14.249266 0.053309
14.254268 0.056633
14.259269 0.059438
14.264271 0.061952
14.269272 0.064072
14.274274 0.065443
14.279275 0.065704
14.284277 0.064396
14.289278 0.060981
14.294280 0.055403
14.299281 0.048431
14.304283 0.041113
14.309284 0.033987
14.314286 0.027038
14.319287 0.020126
14.324289 0.013144
14.329290 0.005935
14.334292 -0.001605
14.339293 -0.009435
14.344295 -0.017469
14.349296 -0.025590
14.354298 -0.033404
14.359299 -0.040240
14.364301 -0.045652
14.369302 -0.049746
14.374304 -0.052793
14.379305 -0.054696
14.384307 -0.055031
14.389308 -0.053391
14.394310 -0.049515
14.399311 -0.043344
14.404313 -0.035234
14.409314 -0.025959
14.414316 -0.016354
14.419317 -0.007184
14.424319 0.000582
14.429320 0.005857
14.434322 0.008198
14.439323 0.008241
14.444325 0.007092
14.449326 0.005506
14.454328 0.003814
14.459329 0.002224
14.464331 0.000807
14.469332 -0.000500
14.474334 -0.001499
14.479335 -0.001586
14.484337 -0.000344
14.489338 0.001916
14.494340 0.004439
14.499341 0.006531
14.504343 0.007565
14.509344 0.006906
14.514346 0.004305
14.519347 0.000235
14.524349 -0.004420
14.529350 -0.008843
14.534352 -0.012344
14.539353 -0.014365
14.544355 -0.014786
14.549356 -0.014029
14.554358 -0.012555
14.559359 -0.010443
14.564361 -0.007624
14.569362 -0.004258
14.574364 -0.000691
14.579365 0.002630
14.584367 0.004977
14.589368 0.005467
14.594370 0.003715
14.599371 0.000248
14.604373 -0.003879
14.609374 -0.007684
14.614376 -0.010469
14.619377 -0.011852
14.624379 -0.011888
14.629380 -0.010940
14.634382 -0.009225
14.639383 -0.006683
14.644385 -0.003447
14.649386 -0.000117
14.654388 0.002620
14.659389 0.004388
14.664391 0.005001
14.669392 0.004372
14.674394 0.002786
14.679395 0.000911
14.684397 -0.000723
14.689398 -0.002001
14.694400 -0.002764
14.699401 -0.002454
14.704403 -0.000534
14.709404 0.002958
14.714406 0.007533
14.719407 0.012562
14.724409 0.017160
14.729410 0.020164
14.734412 0.020783
14.739413 0.019246
14.744414 0.016581
14.749416 0.013918
14.754417 0.012126
14.759419 0.011709
14.764420 0.012646
14.769422 0.014495
14.774423 0.016960
14.779425 0.020225
14.784426 0.024521
14.789428 0.029525
14.794429 0.034445
14.799431 0.038484
14.804432 0.040980
14.809434 0.041348
14.814435 0.039232
14.819437 0.034710
14.824438 0.028206
14.829440 0.020407
14.834441 0.012320
14.839443 0.005053
14.844444 -0.000783
14.849446 -0.005296
14.854447 -0.008781
14.859449 -0.011253
14.864450 -0.012622
14.869452 -0.012981
14.874453 -0.012481
14.879455 -0.011243
14.884456 -0.009643
14.889458 -0.008395
14.894459 -0.008061
14.899461 -0.008692
14.904462 -0.010158
14.909464 -0.012579
14.914465 -0.016158
14.919467 -0.020749
14.924468 -0.025819
14.929470 -0.030689
14.934471 -0.034599
14.939473 -0.036822
14.944474 -0.037081
14.949476 -0.035761
14.954477 -0.033443
14.959479 -0.030358
14.964480 -0.026467
14.969482 -0.021867
14.974483 -0.016835
14.979485 -0.011710
14.984486 -0.007028
14.989488 -0.003571
14.994489 -0.001917
14.999491 -0.002030
15.004492 -0.003432
15.009494 -0.005547
15.014495 -0.007714
15.019497 -0.009294
15.024498 -0.010117
15.029500 -0.010532
15.034501 -0.010748
15.039503 -0.010474
15.044504 -0.009441
15.049506 -0.007882
15.054507 -0.006207
15.059509 -0.004476
15.064510 -0.002499
15.069512 -0.000140
15.074513 0.002646
15.079515 0.005751
15.084516 0.008587
15.089518 0.010137
15.094519 0.009679
15.099521 0.007296
15.104522 0.003538
15.109524 -0.001112
15.114525 -0.006209
15.119527 -0.011136
15.124528 -0.015321
15.129530 -0.018425
15.134531 -0.020006
15.139533 -0.019274
15.144534 -0.015606
15.149536 -0.009196
15.154537 -0.000907
15.159539 0.008259
15.164540 0.017293
15.169542 0.025141
15.174543 0.031005
15.179545 0.034597
15.184546 0.035893
15.189548 0.034867
15.194549 0.031704
15.199551 0.027033
15.204552 0.021680
15.209554 0.016419
15.214555 0.012169
15.219557 0.010056
15.224558 0.010838
15.229560 0.014393
15.234561 0.019950
15.239563 0.026523
15.244564 0.032904
15.249566 0.037692
15.254567 0.039811
15.259569 0.038923
15.264570 0.035191
15.269572 0.028929
15.274573 0.020721
15.279575 0.011501
15.284576 0.002165
15.289578 -0.006713
15.294579 -0.014650
15.299581 -0.021157
15.304582 -0.026154
15.309584 -0.030070
15.314585 -0.033126
15.319587 -0.034801
15.324588 -0.034372
15.329590 -0.031759
15.334591 -0.027595
15.339593 -0.022755
15.344594 -0.018138
15.349596 -0.014579
15.354597 -0.012454
15.359599 -0.011432
15.364600 -0.010864
15.369602 -0.010282
15.374603 -0.009378
15.379605 -0.007816
15.384606 -0.005432
15.389608 -0.002402
15.394609 0.001104
15.399611 0.005241
15.404612 0.010167
15.409614 0.015581
15.414615 0.020864
15.419617 0.025469
15.424618 0.028926
15.429620 0.030757
15.434621 0.030722
15.439623 0.028972
15.444624 0.025704
15.449626 0.020886
15.454627 0.014626
15.459629 0.007650
15.464630 0.001122
15.469632 -0.003843
15.474633 -0.006407
15.479635 -0.006194
15.484636 -0.003687
15.489638 -0.000254
15.494639 0.002603
15.499641 0.004025
15.504642 0.003798
15.509644 0.001962
15.514645 -0.001246
15.519647 -0.005356
15.524648 -0.009962
15.529650 -0.014989
15.534651 -0.020402
15.539653 -0.025838
15.544654 -0.030775
15.549656 -0.034903
15.554657 -0.038036
15.559659 -0.039870
15.564660 -0.040170
15.569662 -0.039172
15.574663 -0.037492
15.579665 -0.035624
15.584666 -0.033672
15.589668 -0.031452
15.594669 -0.028642
15.599671 -0.024976
15.604672 -0.020518
15.609674 -0.015626
15.614675 -0.010527
15.619677 -0.005141
15.624678 0.000542
15.629680 0.006219
15.634681 0.011613
15.639683 0.016732
15.644684 0.021464
15.649686 0.025261
15.654687 0.027624
15.659689 0.028729
15.664690 0.029284
15.669692 0.029951
15.674693 0.031119
15.679695 0.032988
15.684696 0.035500
15.689698 0.038303
15.694699 0.041029
15.699701 0.043456
15.704702 0.045249
15.709704 0.045802
15.714705 0.044670
15.719706 0.041967
15.724708 0.038104
15.729709 0.033398
15.734711 0.028174
15.739712 0.022915
15.744714 0.017981
15.749715 0.013410
15.754717 0.009224
15.759718 0.005638
15.764720 0.002704
15.769721 0.000023
15.774723 -0.002884
15.779724 -0.006168
15.784726 -0.009892
15.789727 -0.014372
15.794729 -0.019870
15.799730 -0.026094
15.804732 -0.032290
15.809733 -0.037657
15.814735 -0.041470
15.819736 -0.043168
15.824738 -0.042738
15.829739 -0.040863
15.834741 -0.038365
15.839742 -0.035635
15.844744 -0.032819
15.849745 -0.030268
15.854747 -0.028420
15.859748 -0.027410
15.864750 -0.027063
15.869751 -0.027069
15.874753 -0.026919
15.879754 -0.025959
15.884756 -0.023865
15.889757 -0.020890
15.894759 -0.017376
15.899760 -0.013294
15.904762 -0.008534
15.909763 -0.003372
15.914765 0.001659
15.919766 0.006166
15.924768 0.009918
15.929769 0.012717
15.934771 0.014546
15.939772 0.015700
15.944774 0.016512
15.949775 0.017122
15.954777 0.017671
15.959778 0.018406
15.964780 0.019335
15.969781 0.020014
15.974783 0.019998
15.979784 0.019311
15.984786 0.018225
15.989787 0.016854
15.994789 0.015247
15.999790 0.013636
16.004792 0.012264
16.009793 0.011151
16.014795 0.010237
16.019796 0.009498
16.024798 0.008687
16.029799 0.007291
16.034801 0.005043
16.039802 0.002190
16.044804 -0.001025
16.049805 -0.004800
16.054807 -0.009308
16.059808 -0.014026
16.064810 -0.017867
16.069811 -0.019791
16.074813 -0.019117
16.079814 -0.015604
16.084816 -0.009653
16.089817 -0.002212
16.094819 0.005807
16.099820 0.013860
16.104822 0.021460
16.109823 0.027923
16.114825 0.032683
16.119826 0.035534
16.124828 0.036324
16.129829 0.034734
16.134831 0.030738
16.139832 0.025114
16.144834 0.019190
16.149835 0.014112
16.154837 0.010493
16.159838 0.008559
16.164840 0.008374
16.169841 0.009968
16.174843 0.013334
16.179844 0.018144
16.184846 0.023352
16.189847 0.027338
16.194849 0.028726
16.199850 0.027063
16.204852 0.022691
16.209853 0.016224
16.214855 0.008319
16.219856 -0.000384
16.224858 -0.009423
16.229859 -0.018486
16.234861 -0.026970
16.239862 -0.033770
16.244864 -0.037822
16.249865 -0.038776
16.254867 -0.036982
16.259868 -0.033097
16.264870 -0.028001
16.269871 -0.022872
16.274873 -0.018862
16.279874 -0.016706
16.284876 -0.016768
16.289877 -0.019193
16.294879 -0.023615
16.299880 -0.028911
16.304882 -0.033646
16.309883 -0.036715
16.314885 -0.037432
16.319886 -0.035357
16.324888 -0.030452
16.329889 -0.023227
16.334891 -0.014465
16.339892 -0.004945
16.344894 0.004451
16.349895 0.012692
16.354897 0.018987
16.359898 0.023052
16.364900 0.024903
16.369901 0.024743
16.374903 0.023227
16.379904 0.021397
16.384906 0.019960
16.389907 0.018823
16.394909 0.017589
16.399910 0.016277
16.404912 0.015253
16.409913 0.014737
16.414915 0.014707
16.419916 0.015059
16.424918 0.015436
16.429919 0.015058
16.434921 0.013143
16.439922 0.009513
16.444924 0.004589
16.449925 -0.001055
16.454927 -0.006877
16.459928 -0.012306
16.464930 -0.016868
16.469931 -0.020400
16.474933 -0.022996
16.479934 -0.024889
16.484936 -0.026457
16.489937 -0.028025
16.494939 -0.029427
16.499940 -0.030057
16.504942 -0.029609
16.509943 -0.028474
16.514945 -0.027131
16.519946 -0.025530
16.524948 -0.023454
16.529949 -0.021212
16.534951 -0.019489
16.539952 -0.018671
16.544954 -0.018572
16.549955 -0.018587
16.554957 -0.017802
16.559958 -0.015251
16.564960 -0.010536
16.569961 -0.004162
16.574963 0.002974
16.579964 0.010266
16.584966 0.017375
16.589967 0.023844
16.594969 0.029154
16.599970 0.033054
16.604972 0.035568
16.609973 0.036841
16.614975 0.037217
16.619976 0.037228
16.624978 0.037145
16.629979 0.036727
16.634981 0.035633
16.639982 0.033899
16.644984 0.031816
16.649985 0.029582
16.654987 0.027216
16.659988 0.024518
16.664990 0.020929
16.669991 0.015890
16.674993 0.009763
16.679994 0.004126
16.684996 0.000622
16.689997 -0.000508
16.694999 -0.000395
16.700000 -0.000160
0.000000 0.000000
0.005001 0.000058
0.010002 -0.000178
0.015002 0.000058
0.020003 0.000058
0.025004 0.000058
0.030005 0.000058
0.035005 0.000058
0.040006 0.000058
0.045007 0.000058
0.050008 0.000058
0.055008 0.000058
0.060009 0.000058
0.065010 0.000058
0.070011 0.000058
0.075012 0.000058
0.080012 0.000058
0.085013 0.000058
0.090014 0.000058
0.095015 0.000058
0.100015 0.000058
0.105016 0.000058
0.110017 0.000058
0.115018 0.000058
0.120018 0.000058
0.125019 0.000058
0.130020 0.000058
0.135021 0.000058
0.140022 0.000058
0.145022 0.000058
0.150023 -0.000178
0.155024 0.000058
0.160025 -0.000178
0.165025 0.000058
0.170026 0.000058
0.175027 0.000058
0.180028 0.000058
0.185028 0.000058
0.190029 0.000058
0.195030 0.000058
0.200031 0.000058
0.205032 0.000058
0.210032 0.000058
0.215033 0.000058
0.220034 0.000058
0.225035 0.000058
0.230035 0.000058
0.235036 0.000058
0.240037 0.000058
0.245038 0.000058
0.250039 0.000058
0.255039 0.000058
0.260040 0.000058
0.265041 0.000058
0.270042 0.000058
0.275042 0.000058
0.280043 0.000058
0.285044 0.000058
0.290045 0.000058
0.295045 0.000058
0.300046 0.000058
0.305047 0.000058
0.310048 0.000058
0.315049 0.000058
0.320049 0.000058
0.325050 0.000058
0.330051 0.000058
0.335052 0.000058
0.340052 0.000058
0.345053 0.000058
0.350054 0.000058
0.355055 -0.000178
0.360055 -0.000178
0.365056 0.000058
0.370057 0.000058
0.375058 0.000058
0.380059 -0.000178
0.385059 -0.000178
0.390060 0.000058
0.395061 0.000058
0.400062 0.000058
0.405062 0.000058
0.410063 0.000058
0.415064 0.000058
0.420065 0.000058
0.425065 0.000058
0.430066 0.000058
0.435067 0.000058
0.440068 0.000058
0.445069 0.000058
0.450069 0.000058
0.455070 0.000058
0.460071 0.000058
0.465072 0.000058
0.470072 0.000058
0.475073 0.000058
0.480074 0.000058
0.485075 0.000058
0.490075 0.000058
0.495076 0.000058
0.500077 0.000058
0.505078 0.000058
0.510079 0.000058
0.515079 0.000058
0.520080 0.000058
0.525081 0.000058
0.530082 0.000058
0.535082 0.000058
0.540083 0.000058
0.545084 0.000058
0.550085 0.000058
0.555085 0.000058
0.560086 -0.000178
0.565087 0.000058
0.570088 0.000058
0.575089 0.000058
0.580089 -0.000178
0.585090 0.000058
0.590091 0.000058
0.595092 0.000058
0.600092 0.000058
0.605093 0.000058
0.610094 0.000058
0.615095 0.000058
0.620096 0.000058
0.625096 0.000058
0.630097 0.000058
0.635098 0.000058
0.640099 0.000058
0.645099 0.000058
0.650100 0.000058
0.655101 0.000058
0.660102 0.000058
0.665102 0.000058
0.670103 0.000058
0.675104 0.000058
0.680105 0.000058
0.685106 0.000058
0.690106 0.000058
0.695107 0.000058
0.700108 0.000058
0.705109 0.000058
0.710109 0.000058
0.715110 0.000058
0.720111 0.000058
0.725112 0.000058
0.730112 0.000058
0.735113 0.000058
0.740114 0.000058
0.745115 0.000058
0.750116 0.000058
0.755116 0.000058
0.760117 0.000058
0.765118 0.000058
0.770119 0.000058
0.775119 -0.000178
0.780120 0.000058
0.785121 0.000058
0.790122 0.000058
0.795122 0.000058
0.800123 0.000058
0.805124 0.000058
0.810125 0.000058
0.815126 0.000058
0.820126 0.000058
0.825127 0.000058
0.830128 0.000058
0.835129 0.000058
0.840129 0.000058
0.845130 0.000058
0.850131 0.000058
0.855132 0.000058
0.860132 0.000058
0.865133 0.000058
0.870134 0.000058
0.875135 0.000058
0.880136 0.000058
0.885136 0.000058
0.890137 0.000058
0.895138 0.000058
0.900139 0.000058
0.905139 0.000058
0.910140 0.000058
0.915141 0.000058
0.920142 0.000058
0.925142 0.000058
0.930143 0.000058
0.935144 0.000058
0.940145 -0.000178
0.945146 -0.000178
0.950146 -0.000178
0.955147 0.000058
0.960148 -0.000178
0.965149 -0.000178
0.970149 0.000058
0.975150 0.000058
0.980151 0.000058
0.985152 0.000058
0.990152 0.000058
0.995153 0.000058
1.000154 0.000058
1.005155 -0.000178
1.010156 0.000058
1.015156 0.000058
1.020157 0.000058
1.025158 0.000058
1.030159 0.000058
1.035159 0.000058
1.040160 0.000058
1.045161 0.000058
1.050162 0.000058
1.055163 0.000058
1.060163 0.000058
1.065164 0.000058
1.070165 0.000058
1.075166 0.000058
1.080166 0.000058
1.085167 0.000058
1.090168 0.000058
1.095169 0.000058
1.100169 0.000058
1.105170 0.000058
1.110171 0.000058
1.115172 0.000058
1.120173 0.000058
1.125173 0.000058
1.130174 0.000058
1.135175 0.000058
1.140176 0.000058
1.145176 0.000058
1.150177 -0.000178
1.155178 -0.000178
1.160179 -0.000178
1.165179 0.000058
1.170180 -0.000178
1.175181 0.000058
1.180182 -0.000178
1.185183 -0.000178
1.190183 0.000058
1.195184 0.000058
1.200185 0.000058
1.205186 0.000058
1.210186 0.000058
1.215187 0.000058
1.220188 0.000058
1.225189 0.000058
1.230189 0.000058
1.235190 0.000058
1.240191 0.000058
1.245192 0.000058
1.250193 0.000058
1.255193 0.000058
1.260194 0.000058
1.265195 0.000058
1.270196 0.000058
1.275196 0.000058
1.280197 0.000058
1.285198 0.000058
1.290199 0.000058
1.295199 0.000058
1.300200 0.000058
1.305201 0.000058
1.310202 0.000058
1.315203 0.000058
1.320203 0.000058
1.325204 0.000058
1.330205 0.000058
1.335206 0.000058
1.340206 0.000058
1.345207 0.000058
1.350208 -0.000178
1.355209 -0.000178
1.360209 0.000058
1.365210 0.000058
1.370211 0.000058
1.375212 0.000058
1.380213 0.000058
1.385213 0.000058
1.390214 0.000058
1.395215 0.000058
1.400216 0.000058
1.405216 0.000058
1.410217 0.000058
1.415218 0.000058
1.420219 0.000058
1.425220 0.000058
1.430220 0.000058
1.435221 0.000058
1.440222 0.000058
1.445223 0.000058
1.450223 0.000058
1.455224 0.000058
1.460225 0.000058
1.465226 0.000058
1.470226 0.000058
1.475227 0.000058
1.480228 0.000058
1.485229 0.000058
1.490230 0.000058
1.495230 0.000058
1.500231 0.000058
1.505232 0.000058
1.510233 0.000058
1.515233 0.000058
1.520234 0.000058
1.525235 0.000058
1.530236 0.000058
1.535236 0.000058
1.540237 -0.000178
1.545238 -0.000178
1.550239 -0.000178
1.555240 0.000058
1.560240 0.000058
1.565241 -0.000178
1.570242 -0.000178
1.575243 0.000058
1.580243 -0.000178
1.585244 -0.000178
1.590245 0.000058
1.595246 0.000058
1.600246 0.000058
1.605247 0.000058
1.610248 0.000058
1.615249 0.000058
1.620250 0.000058
1.625250 0.000058
1.630251 0.000058
1.635252 0.000058
1.640253 0.000058
1.645253 0.000058
1.650254 0.000058
1.655255 0.000058
1.660256 0.000058
1.665256 0.000058
1.670257 0.000058
1.675258 0.000058
1.680259 0.000058
1.685260 0.000058
1.690260 0.000058
1.695261 0.000058
1.700262 0.000058
1.705263 0.000058
1.710263 0.000058
1.715264 0.000058
1.720265 0.000058
1.725266 0.000058
1.730266 0.000058
1.735267 0.000058
1.740268 0.000058
1.745269 -0.000178
1.750270 0.000058
1.755270 0.000058
1.760271 -0.000178
1.765272 -0.000178
1.770273 0.000058
1.775273 0.000058
1.780274 -0.000178
1.785275 -0.000178
1.790276 -0.000178
1.795276 -0.000178
1.800277 0.000058
1.805278 0.000058
1.810279 0.000058
1.815280 0.000058
1.820280 0.000058
1.825281 0.000058
1.830282 0.000058
1.835283 0.000058
1.840283 0.000058
1.845284 0.000058
1.850285 0.000058
1.855286 0.000058
1.860287 0.000058
1.865287 0.000058
1.870288 0.000058
1.875289 0.000058
1.880290 0.000058
1.885290 0.000058
1.890291 0.000058
1.895292 0.000058
1.900293 0.000058
1.905293 0.000058
1.910294 0.000058
1.915295 0.000058
1.920296 -0.000178
1.925297 -0.000178
1.930297 -0.000178
1.935298 -0.000178
1.940299 -0.000178
1.945300 -0.000178
1.950300 -0.000178
1.955301 -0.000178
1.960302 0.000058
1.965303 -0.000178
1.970303 -0.000178
1.975304 -0.000178
1.980305 0.000058
1.985306 -0.000178
1.990307 0.000058
1.995307 0.000058
2.000308 0.000058
2.005309 0.000058
2.010310 0.000058
2.015310 0.000058
2.020311 0.000058
2.025312 0.000058
2.030313 0.000058
2.035313 0.000058
2.040314 0.000058
2.045315 0.000058
2.050316 0.000058
2.055317 0.000058
2.060317 0.000058
2.065318 0.000058
2.070319 0.000058
2.075320 0.000058
2.080320 0.000058
2.085321 0.000058
2.090322 0.000058
2.095323 0.000058
2.100323 0.000058
2.105324 -0.000178
2.110325 0.000058
2.115326 0.000058
2.120327 0.000058
2.125327 -0.000178
2.130328 0.000058
2.135329 -0.000178
2.140330 -0.000178
2.145330 0.000058
2.150331 0.000058
2.155332 0.000058
2.160333 -0.000178
2.165333 0.000058
2.170334 -0.000178
2.175335 0.000058
2.180336 0.000058
2.185337 0.000058
2.190337 0.000058
2.195338 0.000058
2.200339 0.000058
2.205340 0.000058
2.210340 0.000058
2.215341 0.000058
2.220342 0.000058
2.225343 0.000058
2.230343 0.000058
2.235344 0.000058
2.240345 0.000058
2.245346 0.000059
2.250347 0.000059
2.255347 0.000059
2.260348 0.000059
2.265349 0.000059
2.270350 0.000059
2.275350 0.000059
2.280351 0.000059
2.285352 0.000059
2.290353 0.000059
2.295354 0.000059
2.300354 0.000059
2.305355 0.000059
2.310356 0.000059
2.315357 -0.000178
2.320357 -0.000178
2.325358 -0.000178
2.330359 -0.000178
2.335360 -0.000178
2.340360 -0.000178
2.345361 -0.000178
2.350362 -0.000178
2.355363 0.000059
2.360364 0.000059
2.365364 -0.000178
2.370365 -0.000178
2.375366 0.000059
2.380367 0.000059
2.385367 0.000059
2.390368 0.000059
2.395369 0.000059
2.400370 0.000059
2.405370 0.000059
2.410371 0.000059
2.415372 0.000059
2.420373 0.000059
2.425374 0.000059
2.430374 0.000059
2.435375 0.000059
2.440376 0.000059
2.445377 0.000059
2.450377 0.000059
2.455378 0.000059
2.460379 0.000059
2.465380 0.000059
2.470380 0.000059
2.475381 0.000059
2.480382 0.000059
2.485383 0.000059
2.490384 0.000059
2.495384 0.000059
2.500385 0.000059
2.505386 0.000059
2.510387 0.000059
2.515387 -0.000178
2.520388 -0.000178
2.525389 -0.000178
2.530390 -0.000178
2.535390 0.000059
2.540391 0.000059
2.545392 -0.000178
2.550393 -0.000178
2.555394 0.000059
2.560394 -0.000178
2.565395 0.000059
2.570396 -0.000178
2.575397 0.000059
2.580397 0.000059
2.585398 0.000059
2.590399 0.000059
2.595400 0.000059
2.600400 0.000059
2.605401 0.000059
2.610402 0.000059
2.615403 0.000059
2.620404 0.000059
2.625404 0.000059
2.630405 0.000059
2.635406 0.000059
2.640407 0.000059
2.645407 0.000059
2.650408 0.000059
2.655409 0.000059
2.660410 0.000059
2.665411 0.000059
2.670411 0.000059
2.675412 0.000059
2.680413 0.000059
2.685414 0.000059
2.690414 0.000059
2.695415 0.000059
2.700416 0.000059
2.705417 -0.000178
2.710417 0.000059
2.715418 -0.000178
2.720419 -0.000178
2.725420 -0.000178
2.730421 0.000059
2.735421 0.000059
2.740422 0.000059
2.745423 -0.000178
2.750424 -0.000178
2.755424 0.000059
2.760425 0.000059
2.765426 0.000059
2.770427 0.000059
2.775427 0.000059
2.780428 0.000059
2.785429 0.000059
2.790430 0.000059
2.795431 0.000059
2.800431 0.000059
2.805432 0.000059
2.810433 0.000059
2.815434 0.000059
2.820434 0.000059
2.825435 0.000059
2.830436 0.000059
2.835437 0.000059
2.840437 0.000059
2.845438 0.000059
2.850439 0.000059
2.855440 0.000059
2.860441 0.000059
2.865441 0.000059
2.870442 0.000059
2.875443 0.000059
2.880444 0.000059
2.885444 0.000059
2.890445 0.000059
2.895446 0.000059
2.900447 0.000059
2.905447 -0.000178
2.910448 -0.000178
2.915449 -0.000178
2.920450 -0.000178
2.925451 -0.000178
2.930451 0.000059
2.935452 -0.000178
2.940453 -0.000178
2.945454 0.000059
2.950454 0.000059
2.955455 -0.000178
2.960456 0.000059
2.965457 0.000059
2.970457 0.000059
2.975458 0.000059
2.980459 0.000059
2.985460 0.000059
2.990461 0.000059
2.995461 0.000059
3.000462 0.000059
3.005463 0.000059
3.010464 0.000059
3.015464 0.000059
3.020465 0.000059
3.025466 0.000059
3.030467 0.000059
3.035467 0.000059
3.040468 0.000059
3.045469 0.000059
3.050470 0.000059
3.055471 0.000059
3.060471 0.000059
3.065472 0.000059
3.070473 0.000059
3.075474 0.000059
3.080474 0.000059
3.085475 0.000059
3.090476 0.000059
3.095477 0.000059
3.100478 0.000059
3.105478 0.000059
3.110479 0.000059
3.115480 0.000059
3.120481 -0.000178
3.125481 0.000059
3.130482 0.000059
3.135483 0.000059
3.140484 0.000059
3.145484 0.000059
3.150485 0.000059
3.155486 0.000059
3.160487 0.000059
3.165488 0.000059
3.170488 0.000059
3.175489 0.000059
3.180490 0.000059
3.185491 0.000059
3.190491 0.000059
3.195492 0.000059
3.200493 0.000059
3.205494 0.000059
3.210494 0.000059
3.215495 0.000059
3.220496 0.000059
3.225497 0.000059
3.230498 0.000059
3.235498 0.000059
3.240499 0.000059
3.245500 0.000059
3.250501 0.000059
3.255501 0.000059
3.260502 0.000059
3.265503 0.000059
3.270504 0.000059
3.275504 0.000059
3.280505 0.000059
3.285506 0.000059
3.290507 0.000059
3.295508 0.000059
3.300508 0.000059
3.305509 0.000059
3.310510 -0.000178
3.315511 0.000059
3.320511 -0.000178
3.325512 0.000059
3.330513 0.000059
3.335514 0.000059
3.340514 0.000059
3.345515 0.000059
3.350516 0.000059
3.355517 0.000059
3.360518 0.000059
3.365518 0.000059
3.370519 0.000059
3.375520 0.000059
3.380521 0.000059
3.385521 0.000059
3.390522 0.000059
3.395523 0.000059
3.400524 0.000059
3.405524 0.000059
3.410525 0.000059
3.415526 0.000059
3.420527 0.000059
3.425528 0.000059
3.430528 0.000059
3.435529 0.000059
3.440530 0.000059
3.445531 0.000059
3.450531 0.000059
3.455532 0.000059
3.460533 0.000059
3.465534 0.000059
3.470535 0.000059
3.475535 0.000059
3.480536 0.000059
3.485537 0.000059
3.490538 0.000059
3.495538 0.000059
3.500539 0.000059
3.505540 0.000059
3.510541 -0.000178
3.515541 0.000059
3.520542 -0.000178
3.525543 0.000059
3.530544 0.000059
3.535545 0.000059
3.540545 -0.000178
3.545546 0.000059
3.550547 0.000059
3.555548 0.000059
3.560548 0.000059
3.565549 0.000059
3.570550 0.000059
3.575551 0.000059
3.580551 0.000059
3.585552 0.000059
3.590553 0.000059
3.595554 0.000059
3.600555 0.000059
3.605555 0.000059
3.610556 0.000059
3.615557 0.000059
3.620558 0.000059
3.625558 0.000059
3.630559 0.000059
3.635560 0.000059
3.640561 0.000059
3.645561 0.000059
3.650562 0.000059
3.655563 0.000059
3.660564 0.000059
3.665565 0.000059
3.670565 0.000059
3.675566 0.000059
3.680567 0.000059
3.685568 -0.000178
3.690568 0.000059
3.695569 0.000059
3.700570 0.000059
3.705571 -0.000178
3.710571 -0.000178
3.715572 -0.000178
3.720573 -0.000178
3.725574 0.000059
3.730575 0.000059
3.735575 0.000059
3.740576 0.000059
3.745577 0.000059
3.750578 0.000059
3.755578 0.000059
3.760579 0.000059
3.765580 0.000059
3.770581 0.000059
3.775581 0.000059
3.780582 0.000059
3.785583 0.000059
3.790584 0.000059
3.795585 0.000059
3.800585 0.000059
3.805586 0.000059
3.810587 0.000059
3.815588 0.000059
3.820588 0.000059
3.825589 0.000059
3.830590 0.000059
3.835591 0.000059
3.840591 0.000059
3.845592 0.000059
3.850593 0.000059
3.855594 0.000059
3.860595 0.000059
3.865595 0.000059
3.870596 0.000059
3.875597 0.000059
3.880598 0.000059
3.885598 0.000059
3.890599 0.000059
3.895600 -0.000177
3.900601 -0.000177
3.905602 -0.000177
3.910602 -0.000177
3.915603 -0.000177
3.920604 -0.000177
3.925605 -0.000177
3.930605 -0.000177
3.935606 -0.000177
3.940607 -0.000177
3.945608 0.000059
3.950608 -0.000177
3.955609 0.000059
3.960610 0.000059
3.965611 0.000059
3.970612 0.000059
3.975612 0.000059
3.980613 0.000059
3.985614 0.000059
3.990615 0.000059
3.995615 0.000059
4.000616 0.000059
4.005617 0.000059
4.010618 0.000059
4.015618 0.000059
4.020619 0.000059
4.025620 0.000059
4.030621 0.000059
4.035622 0.000059
4.040622 0.000059
4.045623 0.000059
4.050624 0.000059
4.055625 0.000059
4.060625 0.000059
4.065626 0.000059
4.070627 0.000059
4.075628 0.000059
4.080628 -0.000177
4.085629 0.000059
4.090630 0.000059
4.095631 -0.000177
4.100632 -0.000177
4.105632 -0.000177
4.110633 -0.000177
4.115634 0.000059
4.120635 0.000059
4.125635 0.000059
4.130636 0.000059
4.135637 -0.000177
4.140638 0.000059
4.145638 -0.000177
4.150639 0.000059
4.155640 0.000059
4.160641 0.000059
4.165642 0.000059
4.170642 0.000059
4.175643 0.000059
4.180644 0.000059
4.185645 0.000059
4.190645 0.000059
4.195646 0.000059
4.200647 0.000059
4.205648 0.000059
4.210648 0.000059
4.215649 0.000059
4.220650 0.000059
4.225651 0.000059
4.230652 0.000059
4.235652 0.000059
4.240653 0.000059
4.245654 -0.000177
4.250655 0.000059
4.255655 0.000059
4.260656 0.000059
4.265657 0.000059
4.270658 0.000059
4.275659 -0.000177
4.280659 0.000059
4.285660 -0.000177
4.290661 -0.000177
4.295662 -0.000177
4.300662 -0.000177
4.305663 -0.000177
4.310664 0.000059
4.315665 0.000059
4.320665 0.000059
4.325666 -0.000177
4.330667 0.000059
4.335668 0.000059
4.340669 -0.000177
4.345669 0.000059
4.350670 0.000059
4.355671 0.000059
4.360672 0.000059
4.365672 0.000059
4.370673 0.000059
4.375674 0.000059
4.380675 0.000059
4.385675 0.000059
4.390676 0.000059
4.395677 0.000059
4.400678 0.000059
4.405679 0.000059
4.410679 0.000059
4.415680 0.000059
4.420681 0.000059
4.425682 0.000059
4.430682 0.000059
4.435683 0.000059
4.440684 0.000059
4.445685 0.000059
4.450685 0.000059
4.455686 0.000059
4.460687 0.000059
4.465688 0.000059
4.470689 0.000059
4.475689 0.000059
4.480690 0.000059
4.485691 0.000059
4.490692 0.000059
4.495692 0.000059
4.500693 -0.000177
4.505694 -0.000177
4.510695 0.000059
4.515695 0.000059
4.520696 -0.000177
4.525697 -0.000177
4.530698 -0.000177
4.535699 -0.000177
4.540699 -0.000177
4.545700 0.000059
4.550701 0.000059
4.555702 0.000059
4.560702 0.000059
4.565703 0.000059
4.570704 0.000059
4.575705 0.000059
4.580705 0.000059
4.585706 0.000059
4.590707 0.000059
4.595708 0.000059
4.600709 0.000059
4.605709 0.000059
4.610710 0.000059
4.615711 0.000059
4.620712 0.000059
4.625712 0.000059
4.630713 0.000059
4.635714 0.000059
4.640715 0.000059
4.645715 0.000059
4.650716 0.000059
4.655717 0.000059
4.660718 0.000059
4.665719 -0.000177
4.670719 0.000059
4.675720 0.000059
4.680721 0.000059
4.685722 0.000059
4.690722 -0.000177
4.695723 -0.000177
4.700724 -0.000177
4.705725 -0.000177
4.710726 0.000059
4.715726 0.000059
4.720727 -0.000177
4.725728 0.000059
4.730729 0.000059
4.735729 0.000059
4.740730 0.000059
4.745731 0.000059
4.750732 0.000059
4.755732 0.000059
4.760733 0.000059
4.765734 0.000059
4.770735 0.000059
4.775736 0.000059
4.780736 0.000059
4.785737 0.000059
4.790738 0.000059
4.795739 0.000059
4.800739 0.000059
4.805740 0.000059
4.810741 0.000059
4.815742 0.000059
4.820742 0.000059
4.825743 0.000059
4.830744 0.000059
4.835745 0.000059
4.840746 0.000059
4.845746 0.000059
4.850747 0.000059
4.855748 0.000059
4.860749 0.000059
4.865749 0.000059
4.870750 0.000059
4.875751 0.000059
4.880752 0.000059
4.885752 0.000059
4.890753 0.000059
4.895754 -0.000177
4.900755 -0.000177
4.905756 0.000059
4.910756 0.000059
4.915757 0.000059
4.920758 0.000059
4.925759 0.001241
4.930759 0.002896
4.935760 0.002896
4.940761 0.001241
4.945762 -0.001123
4.950762 -0.005851
4.955763 -0.012469
4.960764 -0.012706
4.965765 -0.005141
4.970766 0.006442
4.975766 0.015424
4.980767 0.017079
4.985768 0.011642
4.990769 0.006205
4.995769 0.006914
5.000770 0.006442
5.005771 -0.001123
5.010772 -0.012469
5.015772 -0.017434
5.020773 -0.005614
5.025774 0.020861
5.030775 0.046155
5.035776 0.049465
5.040776 0.026771
5.045777 0.007151
5.050778 0.002896
5.055779 -0.001832
5.060779 -0.021216
5.065780 -0.057147
5.070781 -0.092606
5.075782 -0.101116
5.080783 -0.061402
5.085783 0.002659
5.090784 0.044264
5.095785 0.049937
5.100786 0.046155
5.105786 0.060102
5.110787 0.094379
5.115788 0.130546
5.120789 0.131019
5.125789 0.075231
5.130790 -0.022398
5.135791 -0.114826
5.140792 -0.160922
5.145793 -0.144375
5.150793 -0.099934
5.155794 -0.070858
5.160795 -0.065184
5.165796 -0.038472
5.170796 0.014715
5.175797 0.071213
5.180798 0.095324
5.185799 0.062466
5.190799 -0.017906
5.195800 -0.101352
5.200801 -0.124755
5.205802 -0.061639
5.210803 0.046155
5.215803 0.124400
5.220804 0.125582
5.225805 0.075468
5.230806 0.026062
5.235806 -0.005614
5.240807 -0.016015
5.245808 -0.012233
5.250809 -0.004905
5.255809 -0.018616
5.260810 -0.053838
5.265811 -0.087641
5.270812 -0.097333
5.275813 -0.070858
5.280813 -0.021216
5.285814 0.026298
5.290815 0.065776
5.295816 0.083978
5.300816 0.070976
5.305817 0.042373
5.310818 0.013770
5.315819 -0.015542
5.320819 -0.037054
5.325820 -0.041309
5.330821 -0.038472
5.335822 -0.034690
5.340823 -0.013179
5.345823 0.014243
5.350824 0.029135
5.355825 0.021807
5.360826 0.003841
5.365826 -0.003959
5.370827 0.020625
5.375828 0.071922
5.380829 0.125819
5.385829 0.146621
5.390830 0.111399
5.395831 0.043555
5.400832 -0.008451
5.405833 -0.029489
5.410833 -0.058329
5.415834 -0.129955
5.420835 -0.211273
5.425836 -0.230421
5.430836 -0.155485
5.435837 -0.023343
5.440838 0.082796
5.445839 0.096033
5.450839 0.017079
5.455840 -0.080786
5.460841 -0.098515
5.465842 -0.013651
5.470843 0.109744
5.475843 0.190589
5.480844 0.197917
5.485845 0.152767
5.490846 0.092251
5.495846 0.040246
5.500847 0.014243
5.505848 0.005260
5.510849 -0.007505
5.515850 -0.034217
5.520850 -0.068967
5.525851 -0.095442
5.530852 -0.103479
5.535853 -0.087878
5.540853 -0.049819
5.545854 0.004787
5.550855 0.049701
5.555856 0.062703
5.560856 0.048992
5.565857 0.025353
5.570858 -0.004432
5.575859 -0.029962
5.580860 -0.026653
5.585860 0.015661
5.590861 0.065776
5.595862 0.074995
5.600863 0.027953
5.605863 -0.048637
5.610864 -0.103243
5.615865 -0.089296
5.620866 -0.016252
5.625866 0.055138
5.630867 0.073813
5.635868 0.041664
5.640869 -0.010342
5.645870 -0.044382
5.650870 -0.044618
5.655871 -0.033272
5.660872 -0.046273
5.665873 -0.073694
5.670873 -0.076295
5.675874 -0.047219
5.680875 -0.014597
5.685876 0.009042
5.690876 0.040009
5.695877 0.103598
5.700878 0.186098
5.705879 0.260797
5.710880 0.266943
5.715880 0.180188
5.720881 0.028190
5.725882 -0.113881
5.730883 -0.184325
5.735883 -0.178888
5.740884 -0.128064
5.745885 -0.068494
5.750886 -0.041309
5.755886 -0.038709
5.760887 -0.034217
5.765888 -0.030435
5.770889 -0.028071
5.775890 -0.011524
5.780890 0.021571
5.785891 0.024171
5.790892 -0.028780
5.795893 -0.087168
5.800893 -0.107498
5.805894 -0.069203
5.810895 0.001241
5.815896 0.061048
5.820896 0.075231
5.825897 0.032681
5.830898 -0.022634
5.835899 -0.031380
5.840900 0.016134
5.845900 0.062939
5.850901 0.065067
5.855902 0.033154
5.860903 -0.008451
5.865903 -0.041309
5.870904 -0.053601
5.875905 -0.042018
5.880906 -0.007032
5.885907 0.037173
5.890907 0.070267
5.895908 0.071449
5.900909 0.039536
5.905910 -0.015070
5.910910 -0.076058
5.915911 -0.110571
5.920912 -0.109389
5.925913 -0.089060
5.930913 -0.067075
5.935914 -0.041545
5.940915 0.006678
5.945916 0.054193
5.950917 0.067667
5.955917 0.050410
5.960918 0.041191
5.965919 0.066721
5.970920 0.108090
5.975920 0.122982
5.980921 0.082087
5.985922 0.003605
5.990923 -0.060220
5.995923 -0.069439
6.000924 -0.039654
6.005925 -0.010105
6.010926 0.004078
6.015927 0.016134
6.020927 0.035281
6.025928 0.050410
6.030929 0.044501
6.035930 0.006678
6.040930 -0.057620
6.045931 -0.111989
6.050932 -0.125227
6.055933 -0.104898
6.060933 -0.067784
6.065934 -0.025943
6.070935 0.007151
6.075936 0.023935
6.080937 0.033627
6.085937 0.042137
6.090938 0.052774
6.095939 0.074995
6.100940 0.104071
6.105940 0.118491
6.110941 0.103598
6.115942 0.064830
6.120943 0.019680
6.125943 -0.014124
6.130944 -0.027598
6.135945 -0.030198
6.140946 -0.034926
6.145947 -0.040836
6.150947 -0.043673
6.155948 -0.040600
6.160949 -0.029726
6.165950 -0.015542
6.170950 -0.008214
6.175951 -0.002777
6.180952 0.012825
6.185953 0.036227
6.190953 0.061521
6.195954 0.084451
6.200955 0.092961
6.205956 0.079014
6.210957 0.048047
6.215957 0.006442
6.220958 -0.046509
6.225959 -0.105843
6.230960 -0.157849
6.235960 -0.185743
6.240961 -0.177469
6.245962 -0.141302
6.250963 -0.092842
6.255963 -0.042491
6.260964 0.004314
6.265965 0.044737
6.270966 0.078304
6.275967 0.101943
6.280967 0.113290
6.285968 0.107853
6.290969 0.085396
6.295970 0.054666
6.300970 0.026299
6.305971 0.005496
6.310972 -0.008451
6.315973 -0.014833
6.320974 -0.013178
6.325974 -0.014360
6.330975 -0.023816
6.335976 -0.029489
6.340977 -0.021452
6.345977 -0.001595
6.350978 0.015898
6.355979 0.017080
6.360980 -0.006796
6.365980 -0.048637
6.370981 -0.078186
6.375982 -0.069912
6.380983 -0.027834
6.385984 0.014243
6.390984 0.027717
6.395985 0.011406
6.400986 -0.013887
6.405987 -0.026416
6.410987 -0.015069
6.415988 0.012352
6.420989 0.031499
6.425990 0.025826
6.430990 0.005024
6.435991 -0.008687
6.440992 -0.004195
6.445993 0.014479
6.450994 0.033154
6.455994 0.044264
6.460995 0.051120
6.465996 0.055611
6.470997 0.053484
6.475997 0.041664
6.480998 0.016370
6.485999 -0.019088
6.491000 -0.050055
6.496000 -0.062820
6.501001 -0.058565
6.506002 -0.046036
6.511003 -0.031380
6.516004 -0.017670
6.521004 -0.006323
6.526005 0.000532
6.531006 0.003605
6.536007 0.011170
6.541007 0.030317
6.546008 0.053484
6.551009 0.062466
6.556010 0.049229
6.561010 0.021098
6.566011 -0.007978
6.571012 -0.026652
6.576013 -0.031144
6.581014 -0.029726
6.586014 -0.031617
6.591015 -0.035399
6.596016 -0.030435
6.601017 -0.007269
6.606017 0.027954
6.611018 0.060812
6.616019 0.076413
6.621020 0.068140
6.626020 0.038118
6.631021 -0.000177
6.636022 -0.027362
6.641023 -0.032799
6.646024 -0.020979
6.651024 -0.003723
6.656025 0.008097
6.661026 0.012115
6.666027 0.011406
6.671027 0.009752
6.676028 0.006206
6.681029 -0.001122
6.686030 -0.011051
6.691030 -0.018142
6.696031 -0.016724
6.701032 -0.008450
6.706033 -0.000413
6.711034 -0.001595
6.716034 -0.011051
6.721035 -0.022634
6.726036 -0.031380
6.731037 -0.036344
6.736037 -0.037526
6.741038 -0.034453
6.746039 -0.025470
6.751040 -0.009396
6.756041 0.011879
6.761041 0.033863
6.766042 0.053484
6.771043 0.063412
6.776044 0.056793
6.781044 0.036464
6.786045 0.011170
6.791046 -0.010342
6.796047 -0.021452
6.801047 -0.022634
6.806048 -0.019797
6.811049 -0.017433
6.816050 -0.017197
6.821051 -0.017197
6.826051 -0.015306
6.831052 -0.011287
6.836053 -0.008450
6.841054 -0.007978
6.846054 -0.012469
6.851055 -0.022634
6.856056 -0.033980
6.861057 -0.038945
6.866057 -0.029725
6.871058 -0.005614
6.876059 0.021335
6.881060 0.036464
6.886061 0.037646
6.891061 0.031736
6.896062 0.024644
6.901063 0.021807
6.906064 0.024171
6.911064 0.024644
6.916065 0.017316
6.921066 0.002187
6.926067 -0.016015
6.931067 -0.030198
6.936068 -0.032089
6.941069 -0.018379
6.946070 0.006442
6.951071 0.029608
6.956071 0.038828
6.961072 0.029845
6.966073 0.007624
6.971074 -0.017670
6.976074 -0.035162
6.981075 -0.038708
6.986076 -0.029016
6.991077 -0.014597
6.996077 -0.003486
7.001078 0.003369
7.006079 0.011643
7.011080 0.026772
7.016081 0.045919
7.021081 0.061285
7.026082 0.063176
7.031083 0.046865
7.036084 0.019444
7.041084 -0.005141
7.046085 -0.015069
7.051086 -0.009396
7.056087 0.003133
7.061087 0.010224
7.066088 0.003606
7.071089 -0.014833
7.076090 -0.035635
7.081091 -0.051473
7.086091 -0.060692
7.091092 -0.068730
7.096093 -0.078894
7.101094 -0.089768
7.106094 -0.097097
7.111095 -0.094733
7.116096 -0.080786
7.121097 -0.059038
7.126098 -0.032798
7.131098 -0.003723
7.136099 0.025353
7.141100 0.050411
7.146101 0.070977
7.151101 0.085396
7.156102 0.090124
7.161103 0.085869
7.166104 0.077123
7.171104 0.068376
7.176105 0.061994
7.181106 0.058212
7.186107 0.055848
7.191108 0.055139
7.196108 0.056557
7.201109 0.059157
7.206110 0.059394
7.211111 0.051120
7.216111 0.032209
7.221112 0.005969
7.226113 -0.020743
7.231114 -0.041781
7.236114 -0.054546
7.241115 -0.059511
7.246116 -0.058329
7.251117 -0.058801
7.256118 -0.064002
7.261118 -0.068257
7.266119 -0.065420
7.271120 -0.053837
7.276121 -0.036344
7.281121 -0.022634
7.286122 -0.018379
7.291123 -0.021215
7.296124 -0.022397
7.301124 -0.014124
7.306125 0.004315
7.311126 0.027245
7.316127 0.045919
7.321128 0.056320
7.326128 0.061285
7.331129 0.063649
7.336130 0.062230
7.341131 0.052538
7.346131 0.033863
7.351132 0.011643
7.356133 -0.008214
7.361134 -0.020743
7.366134 -0.022870
7.371135 -0.017906
7.376136 -0.012233
7.381137 -0.010105
7.386138 -0.012233
7.391138 -0.014596
7.396139 -0.013414
7.401140 -0.008450
7.406141 -0.003013
7.411141 -0.001831
7.416142 -0.009632
7.421143 -0.024525
7.426144 -0.037999
7.431144 -0.042963
7.436145 -0.041308
7.441146 -0.035635
7.446147 -0.030907
7.451148 -0.030671
7.456148 -0.031616
7.461149 -0.027834
7.466150 -0.019797
7.471151 -0.011760
7.476151 -0.008450
7.481152 -0.011760
7.486153 -0.018379
7.491154 -0.021215
7.496154 -0.017197
7.501155 -0.006323
7.506156 0.007388
7.511157 0.018498
7.516158 0.024172
7.521158 0.027717
7.526159 0.031736
7.531160 0.036937
7.536161 0.041428
7.541161 0.042374
7.546162 0.038119
7.551163 0.030790
7.556164 0.027481
7.561165 0.033627
7.566165 0.048047
7.571166 0.060103
7.576167 0.058921
7.581168 0.044028
7.586168 0.022990
7.591169 0.003606
7.596170 -0.012232
7.601171 -0.026179
7.606171 -0.041072
7.611172 -0.057147
7.616173 -0.070621
7.621174 -0.074403
7.626175 -0.064238
7.631175 -0.045327
7.636176 -0.026179
7.641177 -0.011523
7.646178 -0.001595
7.651178 0.007624
7.656179 0.018262
7.661180 0.027717
7.666181 0.032209
7.671181 0.028190
7.676182 0.018025
7.681183 0.009043
7.686184 0.007388
7.691185 0.014480
7.696185 0.024881
7.701186 0.030790
7.706187 0.028663
7.711188 0.018262
7.716188 0.004078
7.721189 -0.008687
7.726190 -0.018615
7.731191 -0.026652
7.736191 -0.033035
7.741192 -0.037999
7.746193 -0.041781
7.751194 -0.043436
7.756195 -0.041308
7.761195 -0.034453
7.766196 -0.024052
7.771197 -0.012705
7.776198 -0.002304
7.781198 0.005970
7.786199 0.011643
7.791200 0.014952
7.796201 0.018262
7.801201 0.021099
7.806202 0.022280
7.811203 0.021571
7.816204 0.020389
7.821205 0.019444
7.826205 0.020862
7.831206 0.025590
7.836207 0.030791
7.841208 0.034809
7.846208 0.037409
7.851209 0.040246
7.856210 0.043083
7.861211 0.043556
7.866211 0.040010
7.871212 0.031500
7.876213 0.018498
7.881214 0.003842
7.886215 -0.009632
7.891215 -0.020979
7.896216 -0.031144
7.901217 -0.041781
7.906218 -0.053128
7.911218 -0.062820
7.916219 -0.067784
7.921220 -0.067311
7.926221 -0.063293
7.931222 -0.056674
7.936222 -0.048164
7.941223 -0.037290
7.946224 -0.024052
7.951225 -0.008450
7.956225 0.007152
7.961226 0.020862
7.966227 0.031973
7.971228 0.041192
7.976228 0.048283
7.981229 0.052302
7.986230 0.051829
7.991231 0.045210
7.996232 0.033627
8.001232 0.021099
8.006233 0.013061
8.011234 0.013771
8.016235 0.022281
8.021235 0.032445
8.026236 0.038828
8.031237 0.039064
8.036238 0.035282
8.041238 0.029609
8.046239 0.022281
8.051240 0.011879
8.056241 -0.002540
8.061242 -0.020506
8.066242 -0.037290
8.071243 -0.048873
8.076244 -0.053601
8.081245 -0.052655
8.086245 -0.048636
8.091246 -0.043909
8.096247 -0.040835
8.101248 -0.041545
8.106248 -0.045800
8.111249 -0.051709
8.116250 -0.055728
8.121251 -0.055019
8.126252 -0.048873
8.131252 -0.038472
8.136253 -0.025707
8.141254 -0.011287
8.146255 0.004788
8.151255 0.021099
8.156256 0.034573
8.161257 0.043319
8.166258 0.048756
8.171258 0.053011
8.176259 0.057975
8.181260 0.064122
8.186261 0.069559
8.191262 0.071686
8.196262 0.068849
8.201263 0.062703
8.206264 0.055139
8.211265 0.046392
8.216265 0.033864
8.221266 0.016607
8.226267 -0.004195
8.231268 -0.026179
8.236268 -0.044618
8.241269 -0.056201
8.246270 -0.059747
8.251271 -0.056437
8.256272 -0.048400
8.261272 -0.039181
8.266273 -0.031616
8.271274 -0.026416
8.276275 -0.023579
8.281275 -0.022161
8.286276 -0.020979
8.291277 -0.019324
8.296278 -0.016487
8.301278 -0.014123
8.306279 -0.012941
8.311280 -0.013651
8.316281 -0.015305
8.321282 -0.016251
8.326282 -0.014360
8.331283 -0.010105
8.336284 -0.004431
8.341285 0.001951
8.346285 0.008806
8.351286 0.015898
8.356287 0.023463
8.361288 0.030318
8.366289 0.035046
8.371289 0.037410
8.376290 0.038119
8.381291 0.038119
8.386292 0.037410
8.391292 0.034809
8.396293 0.029136
8.401294 0.021099
8.406295 0.013061
8.411295 0.006443
8.416296 0.001478
8.421297 -0.002540
8.426298 -0.005613
8.431299 -0.007032
8.436299 -0.006086
8.441300 -0.002304
8.446301 0.001715
8.451302 0.003369
8.456302 0.002424
8.461303 -0.000176
8.466304 -0.002777
8.471305 -0.004904
8.476305 -0.007977
8.481306 -0.012941
8.486307 -0.020742
8.491308 -0.028307
8.496309 -0.033507
8.501309 -0.034926
8.506310 -0.033744
8.511311 -0.032325
8.516312 -0.031143
8.521312 -0.029489
8.526313 -0.025706
8.531314 -0.019324
8.536315 -0.011287
8.541315 -0.002777
8.546316 0.004079
8.551317 0.009988
8.556318 0.015898
8.561319 0.022044
8.566319 0.026536
8.571320 0.027954
8.576321 0.025827
8.581322 0.020626
8.586322 0.015189
8.591323 0.013298
8.596324 0.015189
8.601325 0.020862
8.606325 0.027718
8.611326 0.033627
8.616327 0.035519
8.621328 0.033627
8.626329 0.028900
8.631329 0.022990
8.636330 0.016844
8.641331 0.010698
8.646332 0.004551
8.651332 -0.001122
8.656333 -0.006559
8.661334 -0.011050
8.666335 -0.013887
8.671335 -0.014123
8.676336 -0.013178
8.681337 -0.012941
8.686338 -0.014123
8.691339 -0.017196
8.696339 -0.020979
8.701340 -0.022633
8.706341 -0.020742
8.711342 -0.015542
8.716342 -0.007504
8.721343 0.000296
8.726344 0.005497
8.731345 0.007152
8.736346 0.005733
8.741346 0.002424
8.746347 -0.000885
8.751348 -0.003013
8.756349 -0.003722
8.761349 -0.003013
8.766350 -0.003013
8.771351 -0.003722
8.776352 -0.005850
8.781352 -0.008686
8.786353 -0.011050
8.791354 -0.011996
8.796355 -0.012232
8.801356 -0.012469
8.806356 -0.012232
8.811357 -0.011759
8.816358 -0.010341
8.821359 -0.007741
8.826359 -0.003959
8.831360 0.000769
8.836361 0.005970
8.841362 0.010698
8.846362 0.014007
8.851363 0.015425
8.856364 0.015425
8.861365 0.014480
8.866366 0.013771
8.871366 0.013771
8.876367 0.013771
8.881368 0.013298
8.886369 0.011880
8.891369 0.009043
8.896370 0.004552
8.901371 -0.000885
8.906372 -0.006086
8.911372 -0.010814
8.916373 -0.015305
8.921374 -0.018615
8.926375 -0.021215
8.931376 -0.022161
8.936376 -0.020269
8.941377 -0.016487
8.946378 -0.011287
8.951379 -0.006559
8.956379 -0.002777
8.961380 -0.000176
8.966381 0.001715
8.971382 0.003370
8.976382 0.005497
8.981383 0.008807
8.986384 0.013771
8.991385 0.020862
8.996386 0.028900
9.001386 0.035755
9.006387 0.039064
9.011388 0.038119
9.016389 0.033627
9.021389 0.027245
9.026390 0.021099
9.031391 0.015898
9.036392 0.012352
9.041392 0.010225
9.046393 0.009279
9.051394 0.009989
9.056395 0.013298
9.061396 0.017789
9.066396 0.021808
9.071397 0.023463
9.076398 0.021808
9.081399 0.017317
9.086399 0.010934
9.091400 0.003842
9.096401 -0.003486
9.101402 -0.010814
9.106402 -0.018615
9.111403 -0.025706
9.116404 -0.030907
9.121405 -0.033980
9.126406 -0.035162
9.131406 -0.034689
9.136407 -0.033507
9.141408 -0.031380
9.146409 -0.029016
9.151409 -0.026415
9.156410 -0.023579
9.161411 -0.021215
9.166412 -0.018615
9.171413 -0.016251
9.176413 -0.013650
9.181414 -0.011523
9.186415 -0.010577
9.191416 -0.011996
9.196416 -0.014832
9.201417 -0.017669
9.206418 -0.019560
9.211419 -0.019797
9.216419 -0.017905
9.221420 -0.014360
9.226421 -0.010341
9.231422 -0.006086
9.236423 -0.001831
9.241423 0.002188
9.246424 0.005970
9.251425 0.009516
9.256426 0.012589
9.261426 0.015189
9.266427 0.017317
9.271428 0.018735
9.276429 0.019444
9.281429 0.018971
9.286430 0.017080
9.291431 0.013298
9.296432 0.007861
9.301433 0.001479
9.306433 -0.004195
9.311434 -0.008213
9.316435 -0.009632
9.321436 -0.009159
9.326436 -0.008213
9.331437 -0.007741
9.336438 -0.008686
9.341439 -0.010341
9.346439 -0.012232
9.351440 -0.014123
9.356441 -0.014832
9.361442 -0.013887
9.366443 -0.010814
9.371443 -0.005613
9.376444 0.001479
9.381445 0.009043
9.386446 0.015426
9.391446 0.019917
9.396447 0.021572
9.401448 0.021808
9.406449 0.022044
9.411449 0.022990
9.416450 0.024881
9.421451 0.026536
9.426452 0.027009
9.431453 0.025827
9.436453 0.023699
9.441454 0.021335
9.446455 0.020390
9.451456 0.021099
9.456456 0.022517
9.461457 0.023699
9.466458 0.023226
9.471459 0.021572
9.476459 0.018735
9.481460 0.015898
9.486461 0.013062
9.491462 0.009752
9.496463 0.005261
9.501463 -0.000885
9.506464 -0.007504
9.511465 -0.013414
9.516466 -0.016723
9.521466 -0.016960
9.526467 -0.015069
9.531468 -0.012232
9.536469 -0.010104
9.541470 -0.009159
9.546470 -0.008923
9.551471 -0.009159
9.556472 -0.009868
9.561473 -0.011523
9.566473 -0.014359
9.571474 -0.018615
9.576475 -0.023106
9.581476 -0.026652
9.586476 -0.028306
9.591477 -0.028306
9.596478 -0.027597
9.601479 -0.026652
9.606480 -0.025470
9.611480 -0.023815
9.616481 -0.021451
9.621482 -0.018378
9.626483 -0.014832
9.631483 -0.010814
9.636484 -0.007504
9.641485 -0.005377
9.646486 -0.004904
9.651486 -0.005140
9.656487 -0.005613
9.661488 -0.005613
9.666489 -0.004195
9.671490 -0.001358
9.676490 0.002424
9.681491 0.006206
9.686492 0.009752
9.691493 0.012353
9.696493 0.014007
9.701494 0.014244
9.706495 0.014007
9.711496 0.012589
9.716496 0.010934
9.721497 0.009989
9.726498 0.010225
9.731499 0.011171
9.736500 0.012353
9.741500 0.012589
9.746501 0.010698
9.751502 0.006916
9.756503 0.002424
9.761503 -0.001831
9.766504 -0.005140
9.771505 -0.007504
9.776506 -0.008922
9.781506 -0.010341
9.786507 -0.011523
9.791508 -0.011996
9.796509 -0.011050
9.801510 -0.008450
9.806510 -0.005377
9.811511 -0.001831
9.816512 0.000770
9.821513 0.001951
9.826513 0.001951
9.831514 0.001715
9.836515 0.001715
9.841516 0.002188
9.846516 0.003133
9.851517 0.004079
9.856518 0.004788
9.861519 0.005261
9.866520 0.005970
9.871520 0.007388
9.876521 0.009516
9.881522 0.012116
9.886523 0.014244
9.891523 0.014953
9.896524 0.014717
9.901525 0.013771
9.906526 0.012589
9.911526 0.011643
9.916527 0.009752
9.921528 0.006916
9.926529 0.002661
9.931530 -0.002067
9.936530 -0.006322
9.941531 -0.009159
9.946532 -0.010104
9.951533 -0.009395
9.956533 -0.007740
9.961534 -0.005613
9.966535 -0.003722
9.971536 -0.002067
9.976537 -0.001122
9.981537 -0.001358
9.986538 -0.002540
9.991539 -0.004904
9.996540 -0.008686
10.001540 -0.012468
10.006541 -0.015778
10.011542 -0.018142
10.016543 -0.018851
10.021543 -0.018142
10.026544 -0.015778
10.031545 -0.012468
10.036546 -0.007977
10.041547 -0.003013
10.046547 0.002661
10.051548 0.008334
10.056549 0.013535
10.061550 0.017790
10.066550 0.020390
10.071551 0.021099
10.076552 0.019917
10.081553 0.017080
10.086553 0.013062
10.091554 0.008807
10.096555 0.005025
10.101556 0.003370
10.106557 0.003133
10.111557 0.003370
10.116558 0.003606
10.121559 0.003370
10.126560 0.002661
10.131560 0.002424
10.136561 0.002897
10.141562 0.004079
10.146563 0.004315
10.151563 0.003370
10.156564 0.001242
10.161565 -0.001358
10.166566 -0.003013
10.171567 -0.003249
10.176567 -0.001831
10.181568 0.000770
10.186569 0.004079
10.191570 0.007389
10.196570 0.010698
10.201571 0.014007
10.206572 0.016135
10.211573 0.016608
10.216573 0.014717
10.221574 0.010225
10.226575 0.004079
10.231576 -0.002303
10.236577 -0.008450
10.241577 -0.012941
10.246578 -0.015778
10.251579 -0.016960
10.256580 -0.016723
10.261580 -0.015305
10.266581 -0.013887
10.271582 -0.013177
10.276583 -0.013414
10.281583 -0.014123
10.286584 -0.015305
10.291585 -0.016250
10.296586 -0.016250
10.301587 -0.015068
10.306587 -0.013177
10.311588 -0.011286
10.316589 -0.009868
10.321590 -0.009159
10.326590 -0.008922
10.331591 -0.009159
10.336592 -0.009632
10.341593 -0.009632
10.346593 -0.009868
10.351594 -0.009632
10.356595 -0.008922
10.361596 -0.007031
10.366597 -0.003958
10.371597 0.000060
10.376598 0.004315
10.381599 0.008098
10.386600 0.010462
10.391600 0.012116
10.396601 0.012589
10.401602 0.012826
10.406603 0.012826
10.411604 0.012353
10.416604 0.011407
10.421605 0.010698
10.426606 0.010225
10.431607 0.010462
10.436607 0.010698
10.441608 0.010225
10.446609 0.008098
10.451610 0.004079
10.456610 -0.001121
10.461611 -0.006322
10.466612 -0.010577
10.471613 -0.013177
10.476614 -0.013886
10.481614 -0.013414
10.486615 -0.012232
10.491616 -0.011050
10.496617 -0.009395
10.501617 -0.007740
10.506618 -0.006086
10.511619 -0.004195
10.516620 -0.002303
10.521620 -0.000176
10.526621 0.001715
10.531622 0.003843
10.536623 0.005497
10.541624 0.006443
10.546624 0.005970
10.551625 0.004552
10.556626 0.001715
10.561627 -0.001594
10.566627 -0.004431
10.571628 -0.006086
10.576629 -0.006086
10.581630 -0.004667
10.586630 -0.002067
10.591631 0.001479
10.596632 0.005497
10.601633 0.009753
10.606634 0.013535
10.611634 0.016371
10.616635 0.018263
10.621636 0.018735
10.626637 0.018499
10.631637 0.017553
10.636638 0.016844
10.641639 0.015899
10.646640 0.015189
10.651640 0.013298
10.656641 0.010698
10.661642 0.006916
10.666643 0.002897
10.671644 -0.001121
10.676644 -0.004194
10.681645 -0.006322
10.686646 -0.007031
10.691647 -0.006795
10.696647 -0.005613
10.701648 -0.003958
10.706649 -0.002303
10.711650 -0.001121
10.716650 -0.000885
10.721651 -0.001831
10.726652 -0.004194
10.731653 -0.006795
10.736654 -0.009395
10.741654 -0.010813
10.746655 -0.011050
10.751656 -0.010341
10.756657 -0.009631
10.761657 -0.009159
10.766658 -0.008922
10.771659 -0.008686
10.776660 -0.007740
10.781661 -0.006558
10.786661 -0.004904
10.791662 -0.003485
10.796663 -0.003012
10.801664 -0.003012
10.806664 -0.003722
10.811665 -0.003958
10.816666 -0.003249
10.821667 -0.001831
10.826667 0.000297
10.831668 0.003370
10.836669 0.006443
10.841670 0.009043
10.846671 0.010698
10.851671 0.010935
10.856672 0.009753
10.861673 0.008098
10.866674 0.006680
10.871674 0.005734
10.876675 0.005261
10.881676 0.004788
10.886677 0.004552
10.891677 0.003843
10.896678 0.003134
10.901679 0.002188
10.906680 0.001243
10.911681 0.000533
10.916681 -0.000412
10.921682 -0.000885
10.926683 -0.001121
10.931684 -0.001358
10.936684 -0.001831
10.941685 -0.003012
10.946686 -0.004667
10.951687 -0.006795
10.956687 -0.009159
10.961688 -0.011050
10.966689 -0.012468
10.971690 -0.013650
10.976691 -0.014359
10.981691 -0.014359
10.986692 -0.014123
10.991693 -0.013414
10.996694 -0.012704
11.001694 -0.012232
11.006695 -0.011995
11.011696 -0.011759
11.016697 -0.011286
11.021697 -0.009868
11.026698 -0.007267
11.031699 -0.003485
11.036700 0.000533
11.041701 0.005025
11.046701 0.009989
11.051702 0.014717
11.056703 0.019681
11.061704 0.023700
11.066704 0.026300
11.071705 0.027482
11.076706 0.026773
11.081707 0.024409
11.086707 0.021572
11.091708 0.018263
11.096709 0.015426
11.101710 0.013062
11.106711 0.011407
11.111711 0.009989
11.116712 0.008571
11.121713 0.007152
11.126714 0.006443
11.131714 0.005970
11.136715 0.005970
11.141716 0.005498
11.146717 0.004552
11.151717 0.002425
11.156718 0.000061
11.161719 -0.002067
11.166720 -0.003249
11.171721 -0.003249
11.176721 -0.002067
11.181722 -0.000176
11.186723 0.001243
11.191724 0.001952
11.196724 0.001715
11.201725 0.001243
11.206726 0.000770
11.211727 0.000770
11.216728 0.001006
11.221728 0.001243
11.226729 0.000770
11.231730 -0.000885
11.236731 -0.003249
11.241731 -0.005849
11.246732 -0.008213
11.251733 -0.010104
11.256734 -0.011286
11.261734 -0.012232
11.266735 -0.013177
11.271736 -0.013886
11.276737 -0.014123
11.281738 -0.013414
11.286738 -0.011759
11.291739 -0.009868
11.296740 -0.008449
11.301741 -0.007504
11.306741 -0.006558
11.311742 -0.005140
11.316743 -0.003012
11.321744 -0.000176
11.326744 0.002897
11.331745 0.005261
11.336746 0.005970
11.341747 0.005261
11.346748 0.003607
11.351748 0.001715
11.356749 0.000061
11.361750 -0.001121
11.366751 -0.001830
11.371751 -0.002776
11.376752 -0.004194
11.381753 -0.006322
11.386754 -0.008449
11.391754 -0.010340
11.396755 -0.011759
11.401756 -0.012468
11.406757 -0.012704
11.411758 -0.012941
11.416758 -0.013413
11.421759 -0.013413
11.426760 -0.012704
11.431761 -0.011286
11.436761 -0.008922
11.441762 -0.006322
11.446763 -0.003721
11.451764 -0.001358
11.456764 0.000061
11.461765 0.001243
11.466766 0.002425
11.471767 0.004079
11.476768 0.005970
11.481768 0.008098
11.486769 0.010935
11.491770 0.013535
11.496771 0.015426
11.501771 0.017317
11.506772 0.018499
11.511773 0.019917
11.516774 0.021099
11.521774 0.021809
11.526775 0.022281
11.531776 0.021809
11.536777 0.020627
11.541778 0.018736
11.546778 0.016608
11.551779 0.013771
11.556780 0.010462
11.561781 0.006443
11.566781 0.002425
11.571782 -0.001358
11.576783 -0.004667
11.581784 -0.007267
11.586785 -0.009395
11.591785 -0.010813
11.596786 -0.012231
11.601787 -0.013413
11.606788 -0.013650
11.611788 -0.013177
11.616789 -0.012468
11.621790 -0.011286
11.626791 -0.009868
11.631791 -0.008213
11.636792 -0.006558
11.641793 -0.004431
11.646794 -0.002540
11.651795 -0.000176
11.656795 0.001716
11.661796 0.003370
11.666797 0.004789
11.671798 0.005971
11.676798 0.006680
11.681799 0.006916
11.686800 0.006916
11.691801 0.006207
11.696801 0.005261
11.701802 0.003843
11.706803 0.002425
11.711804 0.001006
11.716805 0.000061
11.721805 -0.000885
11.726806 -0.001121
11.731807 -0.000648
11.736808 0.000297
11.741808 0.001716
11.746809 0.003370
11.751810 0.004552
11.756811 0.005498
11.761811 0.005971
11.766812 0.005971
11.771813 0.005971
11.776814 0.005734
11.781815 0.005734
11.786815 0.005025
11.791816 0.003843
11.796817 0.002661
11.801818 0.001243
11.806818 -0.000176
11.811819 -0.001358
11.816820 -0.002776
11.821821 -0.003958
11.826821 -0.004431
11.831822 -0.004194
11.836823 -0.003485
11.841824 -0.002067
11.846825 -0.000176
11.851825 0.001479
11.856826 0.002898
11.861827 0.003607
11.866828 0.003607
11.871828 0.002898
11.876829 0.001479
11.881830 -0.000176
11.886831 -0.001830
11.891831 -0.003249
11.896832 -0.004194
11.901833 -0.004194
11.906834 -0.003485
11.911835 -0.002303
11.916835 -0.000885
11.921836 0.000534
11.926837 0.001479
11.931838 0.001716
11.936838 0.001479
11.941839 0.000770
11.946840 0.000297
11.951841 0.000061
11.956841 0.000061
11.961842 0.000297
11.966843 0.000534
11.971844 0.000297
11.976845 -0.000648
11.981845 -0.002067
11.986846 -0.003958
11.991847 -0.006085
11.996848 -0.007976
12.001848 -0.009631
12.006849 -0.010340
12.011850 -0.011049
12.016851 -0.011286
12.021852 -0.011522
12.026852 -0.011759
12.031853 -0.011995
12.036854 -0.011995
12.041855 -0.011286
12.046855 -0.009631
12.051856 -0.007740
12.056857 -0.005849
12.061858 -0.004194
12.066858 -0.003012
12.071859 -0.002776
12.076860 -0.003249
12.081861 -0.004194
12.086862 -0.005140
12.091862 -0.005612
12.096863 -0.005612
12.101864 -0.005376
12.106865 -0.004667
12.111865 -0.003958
12.116866 -0.003249
12.121867 -0.003012
12.126868 -0.002776
12.131868 -0.002776
12.136869 -0.002303
12.141870 -0.001594
12.146871 -0.000648
12.151872 0.000770
12.156872 0.001952
12.161873 0.003134
12.166874 0.004080
12.171875 0.004552
12.176875 0.004789
12.181876 0.004789
12.186877 0.004789
12.191878 0.004789
12.196878 0.005025
12.201879 0.005498
12.206880 0.006443
12.211881 0.007625
12.216882 0.009044
12.221882 0.010698
12.226883 0.012117
12.231884 0.013062
12.236885 0.014008
12.241885 0.014244
12.246886 0.014717
12.251887 0.014953
12.256888 0.015190
12.261888 0.015899
12.266889 0.016135
12.271890 0.016135
12.276891 0.015899
12.281892 0.015190
12.286892 0.014244
12.291893 0.013062
12.296894 0.011880
12.301895 0.010226
12.306895 0.008335
12.311896 0.006207
12.316897 0.003843
12.321898 0.001716
12.326898 -0.000175
12.331899 -0.001594
12.336900 -0.002539
12.341901 -0.003249
12.346902 -0.003958
12.351902 -0.004903
12.356903 -0.006085
12.361904 -0.007504
12.366905 -0.009158
12.371905 -0.010813
12.376906 -0.012231
12.381907 -0.013177
12.386908 -0.013886
12.391909 -0.014359
12.396909 -0.014359
12.401910 -0.013886
12.406911 -0.013177
12.411912 -0.012468
12.416912 -0.011286
12.421913 -0.009867
12.426914 -0.008213
12.431915 -0.007031
12.436915 -0.006085
12.441916 -0.005849
12.446917 -0.005612
12.451918 -0.005849
12.456919 -0.005849
12.461919 -0.006085
12.466920 -0.005849
12.471921 -0.005849
12.476922 -0.005612
12.481922 -0.005140
12.486923 -0.004194
12.491924 -0.003248
12.496925 -0.002539
12.501925 -0.001830
12.506926 -0.001594
12.511927 -0.001594
12.516928 -0.001830
12.521929 -0.002067
12.526929 -0.002303
12.531930 -0.002539
12.536931 -0.002539
12.541932 -0.002539
12.546932 -0.002539
12.551933 -0.002303
12.556934 -0.001830
12.561935 -0.001830
12.566935 -0.001830
12.571936 -0.001594
12.576937 -0.001357
12.581938 -0.001121
12.586939 -0.000885
12.591939 -0.000648
12.596940 -0.000648
12.601941 -0.001121
12.606942 -0.001830
12.611942 -0.003012
12.616943 -0.004194
12.621944 -0.004903
12.626945 -0.004903
12.631945 -0.003958
12.636946 -0.001830
12.641947 0.000770
12.646948 0.003843
12.651949 0.006680
12.656949 0.009044
12.661950 0.010935
12.666951 0.012353
12.671952 0.013299
12.676952 0.013772
12.681953 0.013062
12.686954 0.012117
12.691955 0.010935
12.696955 0.009753
12.701956 0.009280
12.706957 0.009280
12.711958 0.009753
12.716959 0.010226
12.721959 0.010462
12.726960 0.010699
12.731961 0.010462
12.736962 0.009989
12.741962 0.008571
12.746963 0.007389
12.751964 0.006444
12.756965 0.005262
12.761965 0.004552
12.766966 0.004080
12.771967 0.003134
12.776968 0.002425
12.781969 0.001479
12.786969 0.001007
12.791970 0.001007
12.796971 0.001243
12.801972 0.001479
12.806972 0.001479
12.811973 0.001479
12.816974 0.001479
12.821975 0.001479
12.826976 0.001479
12.831976 0.001243
12.836977 0.001243
12.841978 0.001007
12.846979 0.000534
12.851979 -0.000175
12.856980 -0.001357
12.861981 -0.002539
12.866982 -0.004430
12.871982 -0.006794
12.876983 -0.009395
12.881984 -0.011522
12.886985 -0.013177
12.891986 -0.014359
12.896986 -0.015068
12.901987 -0.015304
12.906988 -0.015068
12.911989 -0.014595
12.916989 -0.013650
12.921990 -0.012231
12.926991 -0.010813
12.931992 -0.009631
12.936992 -0.008685
12.941993 -0.007503
12.946994 -0.006085
12.951995 -0.004430
12.956996 -0.003248
12.961996 -0.002066
12.966997 -0.001121
12.971998 -0.000884
12.976999 -0.001121
12.981999 -0.001357
12.987000 -0.001357
12.992001 -0.000648
12.997002 0.000061
13.002002 0.000770
13.007003 0.001007
13.012004 0.000770
13.017005 0.000534
13.022006 0.000298
13.027006 0.000061
13.032007 -0.000175
13.037008 -0.000884
13.042009 -0.001830
13.047009 -0.003012
13.052010 -0.004194
13.057011 -0.005376
13.062012 -0.005849
13.067012 -0.005612
13.072013 -0.005376
13.077014 -0.004903
13.082015 -0.004430
13.087016 -0.003721
13.092016 -0.002303
13.097017 -0.000648
13.102018 0.001243
13.107019 0.003371
13.112019 0.005498
13.117020 0.007626
13.122021 0.009517
13.127022 0.011171
13.132022 0.012590
13.137023 0.013535
13.142024 0.014008
13.147025 0.014008
13.152026 0.013772
13.157026 0.013063
13.162027 0.011881
13.167028 0.010699
13.172029 0.009280
13.177029 0.007389
13.182030 0.005498
13.187031 0.003134
13.192032 0.000534
13.197033 -0.002066
13.202033 -0.004194
13.207034 -0.005612
13.212035 -0.006558
13.217036 -0.006558
13.222036 -0.006321
13.227037 -0.006085
13.232038 -0.005376
13.237039 -0.004903
13.242039 -0.004667
13.247040 -0.004430
13.252041 -0.003957
13.257042 -0.003248
13.262043 -0.001830
13.267043 0.000061
13.272044 0.001952
13.277045 0.003843
13.282046 0.005262
13.287046 0.005971
13.292047 0.006207
13.297048 0.006207
13.302049 0.005498
13.307049 0.005025
13.312050 0.004080
13.317051 0.003607
13.322052 0.003134
13.327053 0.002661
13.332053 0.002189
13.337054 0.001243
13.342055 0.000061
13.347056 -0.001594
13.352056 -0.003248
13.357057 -0.004667
13.362058 -0.006085
13.367059 -0.006558
13.372059 -0.006794
13.377060 -0.006321
13.382061 -0.005612
13.387062 -0.004903
13.392063 -0.004430
13.397063 -0.004194
13.402064 -0.003721
13.407065 -0.003721
13.412066 -0.003485
13.417066 -0.003012
13.422067 -0.002303
13.427068 -0.001594
13.432069 -0.000412
13.437069 0.001007
13.442070 0.002189
13.447071 0.002898
13.452072 0.003134
13.457073 0.002662
13.462073 0.001952
13.467074 0.000534
13.472075 -0.000884
13.477076 -0.002539
13.482076 -0.003721
13.487077 -0.004667
13.492078 -0.005139
13.497079 -0.005612
13.502079 -0.005612
13.507080 -0.005612
13.512081 -0.005612
13.517082 -0.005612
13.522083 -0.005612
13.527083 -0.005376
13.532084 -0.004903
13.537085 -0.004430
13.542086 -0.003721
13.547086 -0.002775
13.552087 -0.001830
13.557088 -0.000648
13.562089 0.000061
13.567089 0.000770
13.572090 0.001480
13.577091 0.001952
13.582092 0.002189
13.587093 0.002662
13.592093 0.002898
13.597094 0.002898
13.602095 0.003134
13.607096 0.003134
13.612096 0.003371
13.617097 0.003371
13.622098 0.003607
13.627099 0.003607
13.632100 0.003844
13.637100 0.003607
13.642101 0.003371
13.647102 0.002898
13.652103 0.002425
13.657103 0.001716
13.662104 0.001243
13.667105 0.000770
13.672106 0.000061
13.677106 -0.000412
13.682107 -0.000884
13.687108 -0.000884
13.692109 -0.000411
13.697110 0.000061
13.702110 0.001007
13.707111 0.001952
13.712112 0.002189
13.717113 0.002189
13.722113 0.002189
13.727114 0.002189
13.732115 0.002662
13.737116 0.003371
13.742116 0.004553
13.747117 0.005735
13.752118 0.006680
13.757119 0.007389
13.762120 0.007862
13.767120 0.008099
13.772121 0.007862
13.777122 0.007626
13.782123 0.006917
13.787123 0.005971
13.792124 0.004789
13.797125 0.003607
13.802126 0.002425
13.807126 0.001480
13.812127 0.000298
13.817128 -0.000884
13.822129 -0.002066
13.827130 -0.003248
13.832130 -0.004194
13.837131 -0.004903
13.842132 -0.005139
13.847133 -0.005376
13.852133 -0.005376
13.857134 -0.005612
13.862135 -0.005848
13.867136 -0.006085
13.872136 -0.006321
13.877137 -0.006558
13.882138 -0.006558
13.887139 -0.006085
13.892140 -0.005848
13.897140 -0.005376
13.902141 -0.004903
13.907142 -0.004194
13.912143 -0.003485
13.917143 -0.002303
13.922144 -0.001121
13.927145 0.000298
13.932146 0.001952
13.937146 0.003371
13.942147 0.004316
13.947148 0.004789
13.952149 0.004789
13.957150 0.004316
13.962150 0.004080
13.967151 0.003844
13.972152 0.003607
13.977153 0.003371
13.982153 0.003134
13.987154 0.002662
13.992155 0.002189
13.997156 0.001480
14.002157 0.000771
14.007157 -0.000411
14.012158 -0.001357
14.017159 -0.002303
14.022160 -0.003484
14.027160 -0.004430
14.032161 -0.005376
14.037162 -0.005848
14.042163 -0.006085
14.047163 -0.005612
14.052164 -0.004903
14.057165 -0.004194
14.062166 -0.003484
14.067167 -0.002775
14.072167 -0.002066
14.077168 -0.001593
14.082169 -0.001121
14.087170 -0.000411
14.092170 0.000298
14.097171 0.000771
14.102172 0.001243
14.107173 0.001716
14.112173 0.002189
14.117174 0.002898
14.122175 0.003371
14.127176 0.003844
14.132177 0.004080
14.137177 0.003607
14.142178 0.003371
14.147179 0.002425
14.152180 0.001716
14.157180 0.001007
14.162181 0.000771
14.167182 0.000534
14.172183 0.000771
14.177183 0.001007
14.182184 0.001480
14.187185 0.002189
14.192186 0.002662
14.197187 0.003371
14.202187 0.003844
14.207188 0.004080
14.212189 0.004080
14.217190 0.004080
14.222190 0.004080
14.227191 0.004316
14.232192 0.005026
14.237193 0.005735
14.242193 0.006208
14.247194 0.006680
14.252195 0.006917
14.257196 0.006680
14.262197 0.006444
14.267197 0.006208
14.272198 0.005735
14.277199 0.005026
14.282200 0.004080
14.287200 0.002662
14.292201 0.001243
14.297202 -0.000175
14.302203 -0.001593
14.307203 -0.003012
14.312204 -0.004430
14.317205 -0.005848
14.322206 -0.007030
14.327207 -0.007976
14.332207 -0.008449
14.337208 -0.008685
14.342209 -0.008449
14.347210 -0.007976
14.352210 -0.007267
14.357211 -0.006085
14.362212 -0.004903
14.367213 -0.003721
14.372213 -0.002775
14.377214 -0.002302
14.382215 -0.002302
14.387216 -0.002302
14.392217 -0.002539
14.397217 -0.002539
14.402218 -0.002539
14.407219 -0.002302
14.412220 -0.001593
14.417220 -0.000884
14.422221 -0.000175
14.427222 0.000534
14.432223 0.001480
14.437224 0.002189
14.442224 0.002662
14.447225 0.003135
14.452226 0.002898
14.457227 0.002662
14.462227 0.001716
14.467228 0.000771
14.472229 -0.000411
14.477230 -0.001120
14.482230 -0.002066
14.487231 -0.002539
14.492232 -0.002775
14.497233 -0.003012
14.502234 -0.003012
14.507234 -0.003012
14.512235 -0.003248
14.517236 -0.003248
14.522237 -0.003721
14.527237 -0.003957
14.532238 -0.003957
14.537239 -0.003721
14.542240 -0.003484
14.547240 -0.002775
14.552241 -0.001830
14.557242 -0.001120
14.562243 -0.000648
14.567244 0.000061
14.572244 0.000771
14.577245 0.001243
14.582246 0.001716
14.587247 0.001953
14.592247 0.001953
14.597248 0.001953
14.602249 0.001953
14.607250 0.001953
14.612250 0.002425
14.617251 0.003135
14.622252 0.003844
14.627253 0.004789
14.632254 0.005498
14.637254 0.005735
14.642255 0.005498
14.647256 0.005262
14.652257 0.004553
14.657257 0.003607
14.662258 0.002662
14.667259 0.001716
14.672260 0.000771
14.677260 0.000298
14.682261 0.000062
14.687262 0.000298
14.692263 0.000771
14.697264 0.001243
14.702264 0.001953
14.707265 0.002425
14.712266 0.002662
14.717267 0.002662
14.722267 0.002425
14.727268 0.002189
14.732269 0.001953
14.737270 0.001953
14.742270 0.002189
14.747271 0.002662
14.752272 0.003135
14.757273 0.003607
14.762274 0.003844
14.767274 0.004080
14.772275 0.004080
14.777276 0.003844
14.782277 0.003371
14.787277 0.002898
14.792278 0.001953
14.797279 0.000534
14.802280 -0.000884
14.807280 -0.002302
14.812281 -0.003721
14.817282 -0.004666
14.822283 -0.005375
14.827284 -0.005848
14.832284 -0.005848
14.837285 -0.005612
14.842286 -0.004903
14.847287 -0.004193
14.852287 -0.003248
14.857288 -0.002539
14.862289 -0.001830
14.867290 -0.001357
14.872291 -0.000884
14.877291 -0.000648
14.882292 -0.000648
14.887293 -0.000411
14.892294 -0.000648
14.897294 -0.000648
14.902295 -0.000411
14.907296 -0.000175
14.912297 0.000062
14.917297 0.000534
14.922298 0.000771
14.927299 0.000771
14.932300 0.000534
14.937301 -0.000175
14.942301 -0.000648
14.947302 -0.001120
14.952303 -0.001357
14.957304 -0.001357
14.962304 -0.001357
14.967305 -0.001120
14.972306 -0.000884
14.977307 -0.000648
14.982307 -0.000411
14.987308 -0.000411
14.992309 -0.000411
14.997310 -0.000411
15.002311 -0.000648
15.007311 -0.000884
15.012312 -0.001120
15.017313 -0.001357
15.022314 -0.001593
15.027314 -0.001593
15.032315 -0.001357
15.037316 -0.001120
15.042317 -0.000648
15.047317 -0.000411
15.052318 -0.000411
15.057319 -0.000648
15.062320 -0.000884
15.067321 -0.001357
15.072321 -0.001593
15.077322 -0.001593
15.082323 -0.001593
15.087324 -0.001120
15.092324 -0.000648
15.097325 -0.000411
15.102326 -0.000175
15.107327 0.000062
15.112327 0.000298
15.117328 0.000298
15.122329 0.000298
15.127330 0.000298
15.132331 0.000298
15.137331 0.000062
15.142332 -0.000411
15.147333 -0.000411
15.152334 -0.000648
15.157334 -0.000648
15.162335 -0.000411
15.167336 0.000062
15.172337 0.000534
15.177337 0.000771
15.182338 0.000771
15.187339 0.000771
15.192340 0.000298
15.197341 -0.000411
15.202341 -0.001120
15.207342 -0.001829
15.212343 -0.002302
15.217344 -0.002302
15.222344 -0.001829
15.227345 -0.001357
15.232346 -0.000411
15.237347 0.000062
15.242348 0.000771
15.247348 0.001480
15.252349 0.001953
15.257350 0.002426
15.262351 0.002662
15.267351 0.002898
15.272352 0.002898
15.277353 0.002898
15.282354 0.002662
15.287354 0.002898
15.292355 0.003135
15.297356 0.003608
15.302357 0.004080
15.307358 0.004553
15.312358 0.004317
15.317359 0.003844
15.322360 0.003135
15.327361 0.002662
15.332361 0.001953
15.337362 0.001716
15.342363 0.001716
15.347364 0.001953
15.352364 0.002426
15.357365 0.002662
15.362366 0.002898
15.367367 0.002662
15.372368 0.002426
15.377368 0.002189
15.382369 0.001716
15.387370 0.001244
15.392371 0.000771
15.397371 0.000298
15.402372 -0.000411
15.407373 -0.000647
15.412374 -0.001120
15.417374 -0.001593
15.422375 -0.001829
15.427376 -0.002066
15.432377 -0.002302
15.437378 -0.002302
15.442378 -0.002302
15.447379 -0.002539
15.452380 -0.002539
15.457381 -0.002539
15.462381 -0.002302
15.467382 -0.001829
15.472383 -0.001120
15.477384 -0.000647
15.482384 -0.000411
15.487385 0.000062
15.492386 -0.000175
15.497387 -0.000411
15.502388 -0.000884
15.507388 -0.001357
15.512389 -0.001829
15.517390 -0.002066
15.522391 -0.002302
15.527391 -0.002066
15.532392 -0.002066
15.537393 -0.001829
15.542394 -0.001593
15.547394 -0.001357
15.552395 -0.001593
15.557396 -0.001593
15.562397 -0.002066
15.567398 -0.002302
15.572398 -0.002539
15.577399 -0.003011
15.582400 -0.003011
15.587401 -0.003248
15.592401 -0.003011
15.597402 -0.003248
15.602403 -0.003248
15.607404 -0.003248
15.612404 -0.003248
15.617405 -0.003484
15.622406 -0.003248
15.627407 -0.003011
15.632408 -0.002539
15.637408 -0.001829
15.642409 -0.000647
15.647410 0.000535
15.652411 0.001716
15.657411 0.002662
15.662412 0.003135
15.667413 0.003371
15.672414 0.002898
15.677415 0.002189
15.682415 0.001244
15.687416 0.000298
15.692417 -0.000647
15.697418 -0.001120
15.702418 -0.001357
15.707419 -0.001357
15.712420 -0.001120
15.717421 -0.000647
15.722421 -0.000175
15.727422 0.000535
15.732423 0.001007
15.737424 0.001480
15.742425 0.001717
15.747425 0.001953
15.752426 0.001953
15.757427 0.001717
15.762428 0.001480
15.767428 0.001244
15.772429 0.001007
15.777430 0.000771
15.782431 0.000771
15.787431 0.001007
15.792432 0.001007
15.797433 0.001244
15.802434 0.001480
15.807435 0.001717
15.812435 0.001717
15.817436 0.001953
15.822437 0.001953
15.827438 0.001717
15.832438 0.001480
15.837439 0.001007
15.842440 0.000535
15.847441 0.000062
15.852441 -0.000175
15.857442 -0.000411
15.862443 -0.000411
15.867444 0.000062
15.872445 0.000298
15.877445 0.000535
15.882446 0.000771
15.887447 0.001007
15.892448 0.001007
15.897448 0.001007
15.902449 0.001244
15.907450 0.001244
15.912451 0.001480
15.917451 0.001244
15.922452 0.001007
15.927453 0.000535
15.932454 0.000062
15.937455 -0.000175
15.942455 -0.000411
15.947456 -0.000884
15.952457 -0.001120
15.957458 -0.001357
15.962458 -0.001593
15.967459 -0.001593
15.972460 -0.001593
15.977461 -0.001593
15.982461 -0.001356
15.987462 -0.001356
15.992463 -0.001356
15.997464 -0.001356
16.002465 -0.001593
16.007465 -0.001593
16.012466 -0.001593
16.017467 -0.001829
16.022468 -0.002066
16.027468 -0.002066
16.032469 -0.002066
16.037470 -0.002302
16.042471 -0.002066
16.047472 -0.002066
16.052472 -0.001829
16.057473 -0.001829
16.062474 -0.001829
16.067475 -0.001829
16.072475 -0.002066
16.077476 -0.002302
16.082477 -0.002538
16.087478 -0.002775
16.092478 -0.002775
16.097479 -0.002775
16.102480 -0.002538
16.107481 -0.002302
16.112482 -0.002066
16.117482 -0.001829
16.122483 -0.001829
16.127484 -0.001593
16.132485 -0.001593
16.137485 -0.001593
16.142486 -0.001593
16.147487 -0.001593
16.152488 -0.001829
16.157488 -0.001829
16.162489 -0.001829
16.167490 -0.001829
16.172491 -0.001593
16.177492 -0.001593
16.182492 -0.001356
16.187493 -0.001356
16.192494 -0.001120
16.197495 -0.000647
16.202495 -0.000411
16.207496 0.000062
16.212497 0.000771
16.217498 0.001717
16.222498 0.002662
16.227499 0.003608
16.232500 0.004790
16.237501 0.005972
16.242502 0.006917
16.247502 0.007626
16.252503 0.008336
16.257504 0.008572
16.262505 0.008808
16.267505 0.008808
16.272506 0.008572
16.277507 0.008336
16.282508 0.007863
16.287508 0.007154
16.292509 0.006444
16.297510 0.005499
16.302511 0.004317
16.307512 0.003135
16.312512 0.001953
16.317513 0.001007
16.322514 0.000298
16.327515 0.000062
16.332515 0.000062
16.337516 0.000062
16.342517 0.000298
16.347518 0.000298
16.352518 0.000298
16.357519 0.000062
16.362520 -0.000174
16.367521 -0.000411
16.372522 -0.000884
16.377522 -0.001356
16.382523 -0.001593
16.387524 -0.002066
16.392525 -0.002302
16.397525 -0.002775
16.402526 -0.003248
16.407527 -0.003484
16.412528 -0.003720
16.417528 -0.004193
16.422529 -0.004429
16.427530 -0.004902
16.432531 -0.005139
16.437532 -0.005139
16.442532 -0.005139
16.447533 -0.004902
16.452534 -0.004429
16.457535 -0.003720
16.462535 -0.003247
16.467536 -0.002302
16.472537 -0.001593
16.477538 -0.000884
16.482539 -0.000174
16.487539 0.000298
16.492540 0.000535
16.497541 0.001008
16.502542 0.001008
16.507542 0.001008
16.512543 0.001244
16.517544 0.001008
16.522545 0.001008
16.527545 0.000771
16.532546 0.000535
16.537547 0.000298
16.542548 0.000062
16.547549 0.000062
16.552549 0.000062
16.557550 -0.000174
16.562551 -0.000174
16.567552 -0.000411
16.572552 -0.000411
16.577553 -0.000411
16.582554 -0.000411
16.587555 -0.000174
16.592555 0.000062
16.597556 0.000535
16.602557 0.000535
16.607558 0.001008
16.612559 0.001244
16.617559 0.001244
16.622560 0.001480
16.627561 0.001717
16.632562 0.001717
16.637562 0.001953
16.642563 0.001717
16.647564 0.001717
16.652565 0.001480
16.657565 0.001480
16.662566 0.001480
16.667567 0.001717
16.672568 0.001717
16.677569 0.001953
16.682569 0.002190
16.687570 0.002662
16.692571 0.002899
16.697572 0.003371
16.702572 0.003371
16.707573 0.003371
16.712574 0.003135
16.717575 0.002662
16.722575 0.001953
16.727576 0.001244
16.732577 0.000535
16.737578 -0.000174
16.742579 -0.000884
16.747579 -0.001829
16.752580 -0.002538
16.757581 -0.003247
16.762582 -0.003720
16.767582 -0.004429
16.772583 -0.005139
16.777584 -0.005611
16.782585 -0.006320
16.787585 -0.006793
16.792586 -0.007030
16.797587 -0.007030
16.802588 -0.006793
16.807589 -0.006320
16.812589 -0.005611
16.817590 -0.004666
16.822591 -0.003720
16.827592 -0.002775
16.832592 -0.001829
16.837593 -0.000884
16.842594 0.000062
16.847595 0.001008
16.852596 0.001480
16.857596 0.001953
16.862597 0.002190
16.867598 0.002662
16.872599 0.002899
16.877599 0.003135
16.882600 0.003608
16.887601 0.003844
16.892602 0.004081
16.897602 0.003844
16.902603 0.003608
16.907604 0.003372
16.912605 0.002899
16.917606 0.002426
16.922606 0.001717
16.927607 0.001244
16.932608 0.000771
16.937609 0.000298
16.942609 -0.000174
16.947610 -0.000411
16.952611 -0.000883
16.957612 -0.000883
16.962612 -0.000883
16.967613 -0.000883
16.972614 -0.000883
16.977615 -0.000647
16.982616 -0.000647
16.987616 -0.000174
16.992617 0.000062
16.997618 0.000298
17.002619 0.000771
17.007619 0.001008
17.012620 0.001244
17.017621 0.001480
17.022622 0.001717
17.027622 0.002190
17.032623 0.002426
17.037624 0.002426
17.042625 0.002426
17.047626 0.002426
17.052626 0.002190
17.057627 0.001480
17.062628 0.001008
17.067629 0.000535
17.072629 0.000298
17.077630 0.000062
17.082631 0.000062
17.087632 -0.000174
17.092632 -0.000174
17.097633 -0.000411
17.102634 -0.000647
17.107635 -0.000647
17.112636 -0.000647
17.117636 -0.000883
17.122637 -0.000647
17.127638 -0.000647
17.132639 -0.000411
17.137639 0.000062
17.142640 0.000299
17.147641 0.000771
17.152642 0.001008
17.157642 0.001244
17.162643 0.001008
17.167644 0.000771
17.172645 0.000299
17.177646 -0.000174
17.182646 -0.000411
17.187647 -0.000647
17.192648 -0.000883
17.197649 -0.001356
17.202649 -0.001356
17.207650 -0.001593
17.212651 -0.001829
17.217652 -0.002065
17.222652 -0.002065
17.227653 -0.002302
17.232654 -0.002302
17.237655 -0.002302
17.242656 -0.002065
17.247656 -0.002065
17.252657 -0.001829
17.257658 -0.001593
17.262659 -0.001120
17.267659 -0.000647
17.272660 0.000062
17.277661 0.000771
17.282662 0.001480
17.287663 0.002190
17.292663 0.003135
17.297664 0.003608
17.302665 0.003844
17.307666 0.004081
17.312666 0.003844
17.317667 0.003608
17.322668 0.002899
17.327669 0.002190
17.332669 0.001481
17.337670 0.000771
17.342671 0.000062
17.347672 -0.000647
17.352673 -0.001356
17.357673 -0.001829
17.362674 -0.002302
17.367675 -0.002538
17.372676 -0.002774
17.377676 -0.002774
17.382677 -0.002538
17.387678 -0.002538
17.392679 -0.002302
17.397679 -0.001829
17.402680 -0.001593
17.407681 -0.001120
17.412682 -0.000647
17.417683 0.000062
17.422683 0.000535
17.427684 0.001008
17.432685 0.001717
17.437686 0.002190
17.442686 0.002662
17.447687 0.003135
17.452688 0.003372
17.457689 0.003608
17.462689 0.003372
17.467690 0.003372
17.472691 0.003372
17.477692 0.003135
17.482693 0.003135
17.487693 0.002899
17.492694 0.002899
17.497695 0.002426
17.502696 0.001953
17.507696 0.001481
17.512697 0.001008
17.517698 0.000299
17.522699 -0.000174
17.527699 -0.000411
17.532700 -0.000883
17.537701 -0.001120
17.542702 -0.001120
17.547703 -0.001356
17.552703 -0.001593
17.557704 -0.001829
17.562705 -0.002065
17.567706 -0.002538
17.572706 -0.002774
17.577707 -0.003247
17.582708 -0.003484
17.587709 -0.003720
17.592709 -0.003956
17.597710 -0.004193
17.602711 -0.004429
17.607712 -0.004666
17.612713 -0.004666
17.617713 -0.004902
17.622714 -0.004666
17.627715 -0.004429
17.632716 -0.004429
17.637716 -0.003956
17.642717 -0.003720
17.647718 -0.003484
17.652719 -0.003011
17.657720 -0.002538
17.662720 -0.002065
17.667721 -0.001592
17.672722 -0.000883
17.677723 -0.000647
17.682723 -0.000411
17.687724 -0.000411
17.692725 -0.000174
17.697726 0.000062
17.702726 0.000299
17.707727 0.000535
17.712728 0.000771
17.717729 0.001244
17.722730 0.001717
17.727730 0.002190
17.732731 0.002899
17.737732 0.003372
17.742733 0.003845
17.747733 0.004317
17.752734 0.004317
17.757735 0.004317
17.762736 0.004081
17.767736 0.004081
17.772737 0.003845
17.777738 0.003845
17.782739 0.004081
17.787740 0.004081
17.792740 0.004081
17.797741 0.004081
17.802742 0.004081
17.807743 0.004081
17.812743 0.004317
17.817744 0.004081
17.822745 0.003845
17.827746 0.003608
17.832746 0.003135
17.837747 0.002663
17.842748 0.002190
17.847749 0.001717
17.852750 0.001008
17.857750 0.000535
17.862751 0.000062
17.867752 -0.000410
17.872753 -0.000647
17.877753 -0.000883
17.882754 -0.001120
17.887755 -0.001120
17.892756 -0.001120
17.897756 -0.001356
17.902757 -0.001356
17.907758 -0.001120
17.912759 -0.001120
17.917760 -0.000883
17.922760 -0.000647
17.927761 -0.000410
17.932762 -0.000410
17.937763 -0.000174
17.942763 0.000062
17.947764 0.000062
17.952765 0.000062
17.957766 0.000062
17.962766 0.000062
17.967767 0.000062
17.972768 0.000062
17.977769 0.000062
17.982770 -0.000174
17.987770 -0.000410
17.992771 -0.000410
17.997772 -0.000647
18.002773 -0.000883
18.007773 -0.001356
18.012774 -0.001592
18.017775 -0.001829
18.022776 -0.002302
18.027776 -0.002774
18.032777 -0.003247
18.037778 -0.003720
18.042779 -0.004429
18.047780 -0.004665
18.052780 -0.005138
18.057781 -0.005375
18.062782 -0.005611
18.067783 -0.005375
18.072783 -0.005375
18.077784 -0.005138
18.082785 -0.004665
18.087786 -0.004193
18.092787 -0.003483
18.097787 -0.002774
18.102788 -0.002065
18.107789 -0.001356
18.112790 -0.000410
18.117790 0.000299
18.122791 0.001008
18.127792 0.001953
18.132793 0.002426
18.137793 0.002899
18.142794 0.003135
18.147795 0.003372
18.152796 0.003135
18.157797 0.002899
18.162797 0.002663
18.167798 0.002426
18.172799 0.002190
18.177800 0.002190
18.182800 0.002426
18.187801 0.002663
18.192802 0.002899
18.197803 0.003135
18.202803 0.003372
18.207804 0.003608
18.212805 0.003372
18.217806 0.003135
18.222807 0.002899
18.227807 0.002426
18.232808 0.001954
18.237809 0.001717
18.242810 0.001244
18.247810 0.001008
18.252811 0.000772
18.257812 0.000535
18.262813 0.000299
18.267813 0.000062
18.272814 0.000062
18.277815 0.000062
18.282816 0.000062
18.287817 0.000535
18.292817 0.000772
18.297818 0.000772
18.302819 0.001008
18.307820 0.001008
18.312820 0.000772
18.317821 0.000772
18.322822 0.000299
18.327823 0.000062
18.332823 -0.000410
18.337824 -0.000647
18.342825 -0.000883
18.347826 -0.001120
18.352827 -0.001592
18.357827 -0.001592
18.362828 -0.001829
18.367829 -0.002065
18.372830 -0.002301
18.377830 -0.002538
18.382831 -0.002774
18.387832 -0.003011
18.392833 -0.003247
18.397833 -0.003720
18.402834 -0.003720
18.407835 -0.003483
18.412836 -0.003247
18.417837 -0.002774
18.422837 -0.002301
18.427838 -0.001592
18.432839 -0.000883
18.437840 -0.000410
18.442840 0.000299
18.447841 0.001008
18.452842 0.001244
18.457843 0.001717
18.462843 0.001954
18.467844 0.002190
18.472845 0.002190
18.477846 0.002190
18.482847 0.002190
18.487847 0.001954
18.492848 0.001954
18.497849 0.001954
18.502850 0.001954
18.507850 0.001954
18.512851 0.001717
18.517852 0.001481
18.522853 0.001244
18.527854 0.000772
18.532854 0.000299
18.537855 0.000062
18.542856 -0.000410
18.547857 -0.000410
18.552857 -0.000647
18.557858 -0.000883
18.562859 -0.000883
18.567860 -0.000883
18.572860 -0.000883
18.577861 -0.000883
18.582862 -0.000883
18.587863 -0.000647
18.592864 -0.000647
18.597864 -0.000647
18.602865 -0.000647
18.607866 -0.000647
18.612867 -0.000647
18.617867 -0.000647
18.622868 -0.000410
18.627869 -0.000410
18.632870 -0.000174
18.637870 0.000062
18.642871 0.000062
18.647872 0.000299
18.652873 0.000299
18.657874 0.000299
18.662874 0.000062
18.667875 -0.000174
18.672876 -0.000410
18.677877 -0.000883
18.682877 -0.001119
18.687878 -0.001119
18.692879 -0.001356
18.697880 -0.001356
18.702880 -0.001356
18.707881 -0.001356
18.712882 -0.001592
18.717883 -0.001829
18.722884 -0.002065
18.727884 -0.002301
18.732885 -0.002538
18.737886 -0.002774
18.742887 -0.002774
18.747887 -0.002774
18.752888 -0.002774
18.757889 -0.002774
18.762890 -0.002774
18.767890 -0.002538
18.772891 -0.002301
18.777892 -0.002301
18.782893 -0.002065
18.787894 -0.001829
18.792894 -0.001829
18.797895 -0.001592
18.802896 -0.001119
18.807897 -0.000883
18.812897 -0.000883
18.817898 -0.000647
18.822899 -0.000410
18.827900 -0.000174
18.832900 0.000063
18.837901 0.000535
18.842902 0.001008
18.847903 0.001481
18.852904 0.001954
18.857904 0.002190
18.862905 0.002426
18.867906 0.002426
18.872907 0.002426
18.877907 0.002426
18.882908 0.002426
18.887909 0.002663
18.892910 0.002663
18.897911 0.002663
18.902911 0.002663
18.907912 0.002663
18.912913 0.002899
18.917914 0.002663
18.922914 0.002663
18.927915 0.002426
18.932916 0.002190
18.937917 0.002190
18.942917 0.001954
18.947918 0.001954
18.952919 0.001954
18.957920 0.002190
18.962921 0.002190
18.967921 0.002190
18.972922 0.001954
18.977923 0.001717
18.982924 0.001717
18.987924 0.001245
18.992925 0.001008
18.997926 0.000772
19.002927 0.000772
19.007927 0.000535
19.012928 0.000299
19.017929 0.000299
19.022930 0.000063
19.027931 0.000063
19.032931 -0.000174
19.037932 -0.000410
19.042933 -0.000647
19.047934 -0.000647
19.052934 -0.000647
19.057935 -0.000647
19.062936 -0.000647
19.067937 -0.000647
19.072937 -0.000647
19.077938 -0.000883
19.082939 -0.001119
19.087940 -0.001356
19.092941 -0.001592
19.097941 -0.001829
19.102942 -0.001829
19.107943 -0.001829
19.112944 -0.001829
19.117944 -0.001592
19.122945 -0.001592
19.127946 -0.001592
19.132947 -0.001356
19.137947 -0.001119
19.142948 -0.000883
19.147949 -0.000410
19.152950 -0.000174
19.157951 0.000063
19.162951 0.000063
19.167952 0.000299
19.172953 0.000535
19.177954 0.000535
19.182954 0.000535
19.187955 0.000772
19.192956 0.000772
19.197957 0.000535
19.202957 0.000535
19.207958 0.000535
19.212959 0.000299
19.217960 0.000063
19.222961 -0.000174
19.227961 -0.000174
19.232962 -0.000410
19.237963 -0.000410
19.242964 -0.000647
19.247964 -0.000647
19.252965 -0.000647
19.257966 -0.000883
19.262967 -0.000883
19.267967 -0.000883
19.272968 -0.000883
19.277969 -0.000647
19.282970 -0.000647
19.287971 -0.000647
19.292971 -0.000410
19.297972 -0.000410
19.302973 -0.000174
19.307974 0.000063
19.312974 0.000299
19.317975 0.000535
19.322976 0.000772
19.327977 0.001008
19.332978 0.001245
19.337978 0.001245
19.342979 0.001481
19.347980 0.001481
19.352981 0.001481
19.357981 0.001481
19.362982 0.001481
19.367983 0.001481
19.372984 0.001717
19.377984 0.001717
19.382985 0.001717
19.387986 0.001481
19.392987 0.001481
19.397988 0.001008
19.402988 0.000772
19.407989 0.000299
19.412990 -0.000174
19.417991 -0.000646
19.422991 -0.001119
19.427992 -0.001356
19.432993 -0.001592
19.437994 -0.002065
19.442994 -0.002065
19.447995 -0.002301
19.452996 -0.002301
19.457997 -0.002301
19.462998 -0.002301
19.467998 -0.002538
19.472999 -0.002538
19.478000 -0.002538
19.483001 -0.002301
19.488001 -0.002065
19.493002 -0.001828
19.498003 -0.001592
19.503004 -0.001592
19.508004 -0.001356
19.513005 -0.001592
19.518006 -0.001592
19.523007 -0.001592
19.528008 -0.001828
19.533008 -0.002065
19.538009 -0.002065
19.543010 -0.002301
19.548011 -0.002301
19.553011 -0.002301
19.558012 -0.002065
19.563013 -0.001828
19.568014 -0.001356
19.573014 -0.001119
19.578015 -0.000646
19.583016 -0.000174
19.588017 0.000063
19.593018 0.000535
19.598018 0.001008
19.603019 0.001245
19.608020 0.001481
19.613021 0.001717
19.618021 0.002190
19.623022 0.002427
19.628023 0.002427
19.633024 0.002663
19.638024 0.002663
19.643025 0.002663
19.648026 0.002663
19.653027 0.002427
19.658028 0.002427
19.663028 0.002427
19.668029 0.002427
19.673030 0.002190
19.678031 0.002190
19.683031 0.001954
19.688032 0.001717
19.693033 0.001717
19.698034 0.001481
19.703035 0.001481
19.708035 0.001481
19.713036 0.001481
19.718037 0.001481
19.723038 0.001481
19.728038 0.001481
19.733039 0.001481
19.738040 0.001245
19.743041 0.001245
19.748041 0.001008
19.753042 0.000772
19.758043 0.000772
19.763044 0.000536
19.768045 0.000299
19.773045 0.000063
19.778046 -0.000174
19.783047 -0.000410
19.788048 -0.000410
19.793048 -0.000646
19.798049 -0.000646
19.803050 -0.000883
19.808051 -0.000883
19.813051 -0.001119
19.818052 -0.000883
19.823053 -0.001119
19.828054 -0.000883
19.833055 -0.000883
19.838055 -0.000646
19.843056 -0.000646
19.848057 -0.000410
19.853058 -0.000174
19.858058 0.000063
19.863059 0.000299
19.868060 0.000536
19.873061 0.000536
19.878061 0.000536
19.883062 0.000536
19.888063 0.000536
19.893064 0.000536
19.898065 0.000536
19.903065 0.000536
19.908066 0.000299
19.913067 0.000063
19.918068 0.000063
19.923068 -0.000174
19.928069 -0.000174
19.933070 -0.000174
19.938071 -0.000174
19.943071 -0.000174
19.948072 -0.000174
19.953073 -0.000174
19.958074 -0.000174
19.963075 -0.000174
19.968075 -0.000174
19.973076 -0.000410
19.978077 -0.000410
19.983078 -0.000410
19.988078 -0.000410
19.993079 -0.000174
19.998080 0.000063
20.003081 0.000536
20.008081 0.000772
20.013082 0.001008
20.018083 0.001245
20.023084 0.001245
20.028085 0.001481
20.033085 0.001481
20.038086 0.001245
20.043087 0.001245
20.048088 0.001245
20.053088 0.001008
20.058089 0.000772
20.063090 0.000536
20.068091 0.000299
20.073091 0.000299
20.078092 0.000063
20.083093 0.000063
20.088094 0.000063
20.093095 0.000063
20.098095 0.000063
20.103096 0.000063
20.108097 0.000063
20.113098 0.000063
20.118098 0.000063
20.123099 0.000063
20.128100 -0.000174
20.133101 -0.000410
20.138102 -0.000646
20.143102 -0.000646
20.148103 -0.000883
20.153104 -0.001119
20.158105 -0.001119
20.163105 -0.001119
20.168106 -0.000883
20.173107 -0.000883
20.178108 -0.000883
20.183108 -0.000883
20.188109 -0.000883
20.193110 -0.000883
20.198111 -0.000883
20.203112 -0.001119
20.208112 -0.001119
20.213113 -0.001355
20.218114 -0.001592
20.223115 -0.001828
20.228115 -0.001828
20.233116 -0.002065
20.238117 -0.002065
20.243118 -0.002065
20.248118 -0.002065
20.253119 -0.002065
20.258120 -0.002065
20.263121 -0.002065
20.268122 -0.001828
20.273122 -0.001592
20.278123 -0.001592
20.283124 -0.001355
20.288125 -0.001355
20.293125 -0.001355
20.298126 -0.001355
20.303127 -0.001355
20.308128 -0.001119
20.313128 -0.001119
20.318129 -0.000883
20.323130 -0.000646
20.328131 -0.000410
20.333132 0.000063
20.338132 0.000536
20.343133 0.000772
20.348134 0.001008
20.353135 0.001245
20.358135 0.001245
20.363136 0.001245
20.368137 0.001481
20.373138 0.001481
20.378138 0.001718
20.383139 0.001954
20.388140 0.002190
20.393141 0.002663
20.398142 0.002900
20.403142 0.003136
20.408143 0.003136
20.413144 0.003136
20.418145 0.003136
20.423145 0.002900
20.428146 0.002900
20.433147 0.002663
20.438148 0.002427
20.443148 0.002427
20.448149 0.002190
20.453150 0.001954
20.458151 0.001718
20.463152 0.001718
20.468152 0.001481
20.473153 0.001008
20.478154 0.001008
20.483155 0.000772
20.488155 0.000536
20.493156 0.000536
20.498157 0.000299
20.503158 0.000299
20.508159 0.000299
20.513159 0.000299
20.518160 0.000299
20.523161 0.000063
20.528162 -0.000173
20.533162 -0.000173
20.538163 -0.000410
20.543164 -0.000410
20.548165 -0.000410
20.553165 -0.000410
20.558166 -0.000410
20.563167 -0.000410
20.568168 -0.000410
20.573169 -0.000410
20.578169 -0.000410
20.583170 -0.000410
20.588171 -0.000410
20.593172 -0.000173
20.598172 -0.000173
20.603173 -0.000410
20.608174 -0.000410
20.613175 -0.000410
20.618175 -0.000646
20.623176 -0.000646
20.628177 -0.000883
20.633178 -0.001119
20.638179 -0.001119
20.643179 -0.001355
20.648180 -0.001119
20.653181 -0.001119
20.658182 -0.000883
20.663182 -0.000883
20.668183 -0.000410
20.673184 -0.000410
20.678185 -0.000410
20.683185 -0.000173
20.688186 -0.000173
20.693187 -0.000173
20.698188 -0.000173
20.703189 0.000063
20.708189 0.000063
20.713190 0.000299
20.718191 0.000299
20.723192 0.000299
20.728192 0.000536
20.733193 0.000536
20.738194 0.000536
20.743195 0.000536
20.748195 0.000299
20.753196 0.000063
20.758197 -0.000410
20.763198 -0.000646
20.768199 -0.000883
20.773199 -0.000883
20.778200 -0.000883
20.783201 -0.000883
20.788202 -0.000883
20.793202 -0.000883
20.798203 -0.001119
20.803204 -0.001119
20.808205 -0.001355
20.813205 -0.001592
20.818206 -0.001592
20.823207 -0.001828
20.828208 -0.002064
20.833209 -0.002301
20.838209 -0.002064
20.843210 -0.002064
20.848211 -0.001828
20.853212 -0.001355
20.858212 -0.000883
20.863213 -0.000410
20.868214 0.000063
20.873215 0.000536
20.878215 0.001009
20.883216 0.001481
20.888217 0.001718
20.893218 0.001954
20.898219 0.001954
20.903219 0.002191
20.908220 0.002427
20.913221 0.002663
20.918222 0.002663
20.923222 0.002663
20.928223 0.002663
20.933224 0.002427
20.938225 0.002191
20.943226 0.002191
20.948226 0.002191
20.953227 0.001954
20.958228 0.001718
20.963229 0.001481
20.968229 0.001245
20.973230 0.000772
20.978231 0.000299
20.983232 -0.000173
20.988232 -0.000646
20.993233 -0.000883
20.998234 -0.001119
21.003235 -0.001355
21.008236 -0.001592
21.013236 -0.001592
21.018237 -0.001592
21.023238 -0.001119
21.028239 -0.001119
21.033239 -0.000882
21.038240 -0.000646
21.043241 -0.000410
21.048242 -0.000410
21.053242 -0.000173
21.058243 0.000063
21.063244 0.000063
21.068245 0.000299
21.073246 0.000063
21.078246 0.000063
21.083247 0.000063
21.088248 -0.000173
21.093249 -0.000173
21.098249 -0.000410
21.103250 -0.000646
21.108251 -0.000882
21.113252 -0.000882
21.118252 -0.001119
21.123253 -0.001355
21.128254 -0.001355
21.133255 -0.001592
21.138256 -0.001592
21.143256 -0.001828
21.148257 -0.001828
21.153258 -0.001828
21.158259 -0.001828
21.163259 -0.001828
21.168260 -0.001592
21.173261 -0.001592
21.178262 -0.001592
21.183262 -0.001592
21.188263 -0.001592
21.193264 -0.001592
21.198265 -0.001592
21.203266 -0.001355
21.208266 -0.001355
21.213267 -0.001119
21.218268 -0.001119
21.223269 -0.001119
21.228269 -0.000882
21.233270 -0.000882
21.238271 -0.000882
21.243272 -0.000882
21.248272 -0.000882
21.253273 -0.000646
21.258274 -0.000410
21.263275 -0.000410
21.268276 -0.000173
21.273276 0.000300
21.278277 0.000536
21.283278 0.000536
21.288279 0.000772
21.293279 0.001009
21.298280 0.001245
21.303281 0.001245
21.308282 0.001481
21.313283 0.001718
21.318283 0.001718
21.323284 0.001954
21.328285 0.002191
21.333286 0.002427
21.338286 0.002427
21.343287 0.002427
21.348288 0.002427
21.353289 0.002427
21.358289 0.002427
21.363290 0.002427
21.368291 0.002427
21.373292 0.002191
21.378293 0.002191
21.383293 0.002191
21.388294 0.002191
21.393295 0.001954
21.398296 0.001954
21.403296 0.001718
21.408297 0.001718
21.413298 0.001481
21.418299 0.001481
21.423299 0.001245
21.428300 0.001009
21.433301 0.000772
21.438302 0.000300
21.443303 -0.000173
21.448303 -0.000410
21.453304 -0.000882
21.458305 -0.001355
21.463306 -0.001592
21.468306 -0.001592
21.473307 -0.001828
21.478308 -0.002064
21.483309 -0.002064
21.488309 -0.002064
21.493310 -0.001828
21.498311 -0.001828
21.503312 -0.001592
21.508313 -0.001355
21.513313 -0.001119
21.518314 -0.000882
21.523315 -0.000882
21.528316 -0.000646
21.533316 -0.000410
21.538317 -0.000173
21.543318 -0.000410
21.548319 -0.000410
21.553319 -0.000410
21.558320 -0.000410
21.563321 -0.000410
21.568322 -0.000410
21.573323 -0.000646
21.578323 -0.000646
21.583324 -0.000646
21.588325 -0.000410
21.593326 -0.000410
21.598326 -0.000410
21.603327 -0.000410
21.608328 -0.000173
21.613329 -0.000173
21.618329 0.000063
21.623330 0.000063
21.628331 0.000300
21.633332 0.000300
21.638333 0.000300
21.643333 0.000063
21.648334 0.000063
21.653335 0.000063
21.658336 -0.000173
21.663336 -0.000173
21.668337 -0.000173
21.673338 -0.000410
21.678339 -0.000410
21.683339 -0.000646
21.688340 -0.000882
21.693341 -0.000882
21.698342 -0.001119
21.703343 -0.001355
21.708343 -0.001355
21.713344 -0.001355
21.718345 -0.001119
21.723346 -0.001119
21.728346 -0.000882
21.733347 -0.000882
21.738348 -0.000646
21.743349 -0.000646
21.748350 -0.000882
21.753350 -0.000882
21.758351 -0.000882
21.763352 -0.000646
21.768353 -0.000410
21.773353 -0.000173
21.778354 0.000300
21.783355 0.000772
21.788356 0.001009
21.793356 0.001245
21.798357 0.001245
21.803358 0.001245
21.808359 0.001009
21.813360 0.000772
21.818360 0.000536
21.823361 0.000300
21.828362 0.000063
21.833363 -0.000410
21.838363 -0.000646
21.843364 -0.000882
21.848365 -0.000882
21.853366 -0.000882
21.858366 -0.000882
21.863367 -0.000882
21.868368 -0.000882
21.873369 -0.000646
21.878370 -0.000646
21.883370 -0.000410
21.888371 -0.000173
21.893372 0.000063
21.898373 0.000063
21.903373 0.000300
21.908374 0.000536
21.913375 0.000536
21.918376 0.000772
21.923376 0.000772
21.928377 0.000772
21.933378 0.000772
21.938379 0.000772
21.943380 0.000536
21.948380 0.000536
21.953381 0.000536
21.958382 0.000300
21.963383 0.000300
21.968383 0.000536
21.973384 0.000772
21.978385 0.000772
21.983386 0.001009
21.988386 0.001245
21.993387 0.001482
21.998388 0.001718
22.003389 0.001954
22.008390 0.001954
22.013390 0.002191
22.018391 0.002191
22.023392 0.002191
22.028393 0.002191
22.033393 0.002191
22.038394 0.001954
22.043395 0.001718
22.048396 0.001482
22.053396 0.001245
22.058397 0.000772
22.063398 0.000536
22.068399 0.000300
22.073400 0.000063
22.078400 -0.000173
22.083401 -0.000409
22.088402 -0.000409
22.093403 -0.000646
22.098403 -0.000646
22.103404 -0.000882
22.108405 -0.001119
22.113406 -0.001119
22.118407 -0.001355
22.123407 -0.001355
22.128408 -0.001119
22.133409 -0.001119
22.138410 -0.001119
22.143410 -0.000882
22.148411 -0.000882
22.153412 -0.000646
22.158413 -0.000646
22.163413 -0.000646
22.168414 -0.000646
22.173415 -0.000646
22.178416 -0.000646
22.183417 -0.000646
22.188417 -0.000409
22.193418 -0.000409
22.198419 -0.000646
22.203420 -0.000646
22.208420 -0.000646
22.213421 -0.000882
22.218422 -0.001119
22.223423 -0.001119
22.228423 -0.001355
22.233424 -0.001591
22.238425 -0.001591
22.243426 -0.001591
22.248427 -0.001591
22.253427 -0.001591
22.258428 -0.001355
22.263429 -0.001355
22.268430 -0.001119
22.273430 -0.001119
22.278431 -0.001119
22.283432 -0.001119
22.288433 -0.000882
22.293433 -0.001119
22.298434 -0.001119
22.303435 -0.001119
22.308436 -0.001119
22.313437 -0.001119
22.318437 -0.001119
22.323438 -0.001119
22.328439 -0.000882
22.333440 -0.000882
22.338440 -0.000882
22.343441 -0.000646
22.348442 -0.000173
22.353443 0.000063
22.358443 0.000536
22.363444 0.001009
22.368445 0.001482
22.373446 0.001718
22.378447 0.001955
22.383447 0.001955
22.388448 0.002191
22.393449 0.002191
22.398450 0.001955
22.403450 0.001955
22.408451 0.001718
22.413452 0.001718
22.418453 0.001482
22.423453 0.001482
22.428454 0.001482
22.433455 0.001718
22.438456 0.001718
22.443457 0.001955
22.448457 0.001955
22.453458 0.002191
22.458459 0.002427
22.463460 0.002427
22.468460 0.002664
22.473461 0.002664
22.478462 0.002427
22.483463 0.002191
22.488463 0.001955
22.493464 0.001718
22.498465 0.001482
22.503466 0.001245
22.508467 0.001009
22.513467 0.000773
22.518468 0.000536
22.523469 0.000063
22.528470 -0.000173
22.533470 -0.000646
22.538471 -0.000882
22.543472 -0.001119
22.548473 -0.001355
22.553474 -0.001355
22.558474 -0.001355
22.563475 -0.001355
22.568476 -0.001355
22.573477 -0.001355
22.578477 -0.001591
22.583478 -0.001828
22.588479 -0.002064
22.593480 -0.002300
22.598480 -0.002300
22.603481 -0.002300
22.608482 -0.002300
22.613483 -0.002300
22.618484 -0.002064
22.623484 -0.002064
22.628485 -0.001828
22.633486 -0.001591
22.638487 -0.001591
22.643487 -0.001355
22.648488 -0.001355
22.653489 -0.001355
22.658490 -0.001355
22.663490 -0.001355
22.668491 -0.001355
22.673492 -0.001118
22.678493 -0.001118
22.683494 -0.000882
22.688494 -0.000882
22.693495 -0.000646
22.698496 -0.000646
22.703497 -0.000409
22.708497 -0.000409
22.713498 -0.000173
22.718499 -0.000173
22.723500 0.000063
22.728500 0.000300
22.733501 0.000300
22.738502 0.000536
22.743503 0.000536
22.748504 0.000773
22.753504 0.000773
22.758505 0.001009
22.763506 0.001009
22.768507 0.001009
22.773507 0.001245
22.778508 0.001245
22.783509 0.001482
22.788510 0.001482
22.793510 0.001482
22.798511 0.001482
22.803512 0.001482
22.808513 0.001482
22.813514 0.001482
22.818514 0.001482
22.823515 0.001482
22.828516 0.001482
22.833517 0.001245
22.838517 0.001245
22.843518 0.001009
22.848519 0.000773
22.853520 0.000536
22.858520 0.000300
22.863521 0.000064
22.868522 -0.000173
22.873523 -0.000173
22.878524 -0.000409
22.883524 -0.000409
22.888525 -0.000646
22.893526 -0.000646
22.898527 -0.000646
22.903527 -0.000646
22.908528 -0.000646
22.913529 -0.000409
22.918530 -0.000409
22.923530 -0.000173
22.928531 -0.000173
22.933532 0.000064
22.938533 0.000064
22.943534 0.000300
22.948534 0.000536
22.953535 0.000773
22.958536 0.000773
22.963537 0.000773
22.968537 0.000773
22.973538 0.000536
22.978539 0.000536
22.983540 0.000300
22.988541 0.000300
22.993541 0.000064
22.998542 0.000064
23.003543 0.000064
23.008544 0.000064
23.013544 0.000064
23.018545 0.000064
23.023546 -0.000173
23.028547 -0.000173
23.033547 -0.000173
23.038548 -0.000173
23.043549 -0.000173
23.048550 -0.000173
23.053551 -0.000409
23.058551 -0.000409
23.063552 -0.000409
23.068553 -0.000173
23.073554 -0.000173
23.078554 0.000064
23.083555 0.000064
23.088556 0.000300
23.093557 0.000536
23.098557 0.000536
23.103558 0.000773
23.108559 0.000773
23.113560 0.000773
23.118561 0.000773
23.123561 0.000773
23.128562 0.000773
23.133563 0.000773
23.138564 0.001009
23.143564 0.001009
23.148565 0.001009
23.153566 0.001009
23.158567 0.000773
23.163567 0.000773
23.168568 0.000536
23.173569 0.000536
23.178570 0.000536
23.183571 0.000300
23.188571 0.000064
23.193572 -0.000173
23.198573 -0.000173
23.203574 -0.000409
23.208574 -0.000646
23.213575 -0.000646
23.218576 -0.000882
23.223577 -0.001118
23.228577 -0.001118
23.233578 -0.001118
23.238579 -0.001118
23.243580 -0.000882
23.248581 -0.000646
23.253581 -0.000409
23.258582 -0.000173
23.263583 -0.000173
23.268584 0.000064
23.273584 0.000064
23.278585 0.000064
23.283586 0.000064
23.288587 -0.000173
23.293587 -0.000409
23.298588 -0.000646
23.303589 -0.000882
23.308590 -0.001118
23.313591 -0.001355
23.318591 -0.001591
23.323592 -0.001591
23.328593 -0.001591
23.333594 -0.001355
23.338594 -0.001355
23.343595 -0.001355
23.348596 -0.001355
23.353597 -0.001355
23.358598 -0.001355
23.363598 -0.001118
23.368599 -0.000882
23.373600 -0.000882
23.378601 -0.000646
23.383601 -0.000646
23.388602 -0.000646
23.393603 -0.000646
23.398604 -0.000646
23.403604 -0.000646
23.408605 -0.000646
23.413606 -0.000646
23.418607 -0.000646
23.423608 -0.000646
23.428608 -0.000409
23.433609 -0.000409
23.438610 -0.000173
23.443611 0.000064
23.448611 0.000064
23.453612 0.000300
23.458613 0.000536
23.463614 0.000536
23.468614 0.000773
23.473615 0.000773
23.478616 0.000773
23.483617 0.000536
23.488618 0.000536
23.493618 0.000536
23.498619 0.000536
23.503620 0.000300
23.508621 0.000300
23.513621 0.000300
23.518622 0.000300
23.523623 0.000536
23.528624 0.000536
23.533624 0.000773
23.538625 0.001009
23.543626 0.001009
23.548627 0.001246
23.553628 0.001482
23.558628 0.001718
23.563629 0.001955
23.568630 0.001955
23.573631 0.001955
23.578631 0.002191
23.583632 0.002191
23.588633 0.002191
23.593634 0.002428
23.598634 0.002191
23.603635 0.002428
23.608636 0.002428
23.613637 0.002428
23.618638 0.002428
23.623638 0.002428
23.628639 0.002191
23.633640 0.002191
23.638641 0.001955
23.643641 0.001718
23.648642 0.001482
23.653643 0.001482
23.658644 0.001009
23.663644 0.000773
23.668645 0.000536
23.673646 0.000300
23.678647 -0.000173
23.683648 -0.000409
23.688648 -0.000882
23.693649 -0.001118
23.698650 -0.001355
23.703651 -0.001591
23.708651 -0.001827
23.713652 -0.002064
23.718653 -0.002537
23.723654 -0.002773
23.728654 -0.003009
23.733655 -0.003246
23.738656 -0.003482
23.743657 -0.003482
23.748658 -0.003482
23.753658 -0.003482
23.758659 -0.003482
23.763660 -0.003482
23.768661 -0.003246
23.773661 -0.003246
23.778662 -0.003009
23.783663 -0.003009
23.788664 -0.002773
23.793665 -0.002537
23.798665 -0.002300
23.803666 -0.002064
23.808667 -0.001827
23.813668 -0.001591
23.818668 -0.001355
23.823669 -0.000882
23.828670 -0.000645
23.833671 -0.000409
23.838671 -0.000173
23.843672 0.000064
23.848673 0.000300
23.853674 0.000537
23.858675 0.000537
23.863675 0.000537
23.868676 0.000773
23.873677 0.000773
23.878678 0.001009
23.883678 0.001009
23.888679 0.001009
23.893680 0.001009
23.898681 0.001009
23.903681 0.000773
23.908682 0.000773
23.913683 0.000537
23.918684 0.000537
23.923685 0.000300
23.928685 0.000300
23.933686 0.000300
23.938687 0.000300
23.943688 0.000300
23.948688 0.000300
23.953689 0.000300
23.958690 0.000537
23.963691 0.000537
23.968691 0.000537
23.973692 0.000773
23.978693 0.000773
23.983694 0.001009
23.988695 0.001009
23.993695 0.001009
23.998696 0.001246
24.003697 0.001246
24.008698 0.001482
24.013698 0.001482
24.018699 0.001719
24.023700 0.001955
24.028701 0.002191
24.033701 0.002191
24.038702 0.002191
24.043703 0.002191
24.048704 0.001955
24.053705 0.001955
24.058705 0.001719
24.063706 0.001482
24.068707 0.001482
24.073708 0.001246
24.078708 0.001009
24.083709 0.000773
24.088710 0.000773
24.093711 0.000537
24.098711 0.000300
24.103712 0.000300
24.108713 0.000300
24.113714 0.000300
24.118715 0.000300
24.123715 0.000300
24.128716 0.000300
24.133717 0.000300
24.138718 0.000064
24.143718 0.000064
24.148719 0.000064
24.153720 0.000064
24.158721 0.000064
24.163722 -0.000173
24.168722 -0.000173
24.173723 -0.000173
24.178724 -0.000409
24.183725 -0.000409
24.188725 -0.000173
24.193726 -0.000173
24.198727 -0.000173
24.203728 -0.000173
24.208728 0.000064
24.213729 0.000064
24.218730 -0.000173
24.223731 -0.000173
24.228732 -0.000173
24.233732 -0.000173
24.238733 -0.000173
24.243734 -0.000173
24.248735 -0.000409
24.253735 -0.000409
24.258736 -0.000409
24.263737 -0.000409
24.268738 -0.000409
24.273738 -0.000409
24.278739 -0.000409
24.283740 -0.000409
24.288741 -0.000173
24.293742 -0.000173
24.298742 -0.000409
24.303743 -0.000409
24.308744 -0.000645
24.313745 -0.000645
24.318745 -0.000645
24.323746 -0.000882
24.328747 -0.000882
24.333748 -0.001118
24.338748 -0.000882
24.343749 -0.001118
24.348750 -0.001118
24.353751 -0.001354
24.358752 -0.001591
24.363752 -0.001591
24.368753 -0.001591
24.373754 -0.001827
24.378755 -0.002064
24.383755 -0.002300
24.388756 -0.002300
24.393757 -0.002536
24.398758 -0.002536
24.403758 -0.002536
24.408759 -0.002536
24.413760 -0.002773
24.418761 -0.002773
24.423762 -0.002773
24.428762 -0.002536
24.433763 -0.002536
24.438764 -0.002300
24.443765 -0.002064
24.448765 -0.001591
24.453766 -0.001354
24.458767 -0.001118
24.463768 -0.000882
24.468768 -0.000645
24.473769 -0.000172
24.478770 0.000064
24.483771 0.000300
24.488772 0.000537
24.493772 0.001009
24.498773 0.001246
24.503774 0.001482
24.508775 0.001719
24.513775 0.002191
24.518776 0.002191
24.523777 0.002428
24.528778 0.002664
24.533778 0.002428
24.538779 0.002428
24.543780 0.002428
24.548781 0.002191
24.553782 0.002191
24.558782 0.002191
24.563783 0.002191
24.568784 0.001955
24.573785 0.001955
24.578785 0.001719
24.583786 0.001719
24.588787 0.001482
24.593788 0.001482
24.598789 0.001246
24.603789 0.001246
24.608790 0.001246
24.613791 0.001009
24.618792 0.001009
24.623792 0.001009
24.628793 0.001010
24.633794 0.001010
24.638795 0.001010
24.643795 0.001010
24.648796 0.001010
24.653797 0.000773
24.658798 0.000773
24.663799 0.000537
24.668799 0.000537
24.673800 0.000537
24.678801 0.000537
24.683802 0.000537
24.688802 0.000537
24.693803 0.000537
24.698804 0.000537
24.703805 0.000537
24.708805 0.000300
24.713806 0.000300
24.718807 0.000064
24.723808 -0.000172
24.728809 -0.000409
24.733809 -0.000409
24.738810 -0.000645
24.743811 -0.000882
24.748812 -0.000882
24.753812 -0.001118
24.758813 -0.001118
24.763814 -0.001118
24.768815 -0.001354
24.773815 -0.001354
24.778816 -0.001354
24.783817 -0.001354
24.788818 -0.001354
24.793819 -0.001354
24.798819 -0.001354
24.803820 -0.001354
24.808821 -0.001118
24.813822 -0.001118
24.818822 -0.001118
24.823823 -0.001118
24.828824 -0.000882
24.833825 -0.000882
24.838825 -0.000645
24.843826 -0.000645
24.848827 -0.000645
24.853828 -0.000409
24.858829 -0.000172
24.863829 0.000064
24.868830 0.000300
24.873831 0.000300
24.878832 0.000537
24.883832 0.000773
24.888833 0.000773
24.893834 0.000773
24.898835 0.000773
24.903835 0.000773
24.908836 0.000537
24.913837 0.000537
24.918838 0.000537
24.923839 0.000773
24.928839 0.000773
24.933840 0.000773
24.938841 0.000773
24.943842 0.000773
24.948842 0.000773
24.953843 0.000773
24.958844 0.000537
24.963845 0.000300
24.968846 0.000064
24.973846 0.000064
24.978847 -0.000172
24.983848 -0.000409
24.988849 -0.000645
24.993849 -0.000645
24.998850 -0.000882
25.003851 -0.000882
25.008852 -0.001118
25.013852 -0.000882
25.018853 -0.001118
25.023854 -0.001118
25.028855 -0.000882
25.033856 -0.000882
25.038856 -0.000882
25.043857 -0.000882
25.048858 -0.000645
25.053859 -0.000645
25.058859 -0.000409
25.063860 -0.000409
25.068861 -0.000172
25.073862 0.000064
25.078862 0.000064
25.083863 0.000300
25.088864 0.000537
25.093865 0.000537
25.098866 0.000773
25.103866 0.000773
25.108867 0.000773
25.113868 0.000773
25.118869 0.000773
25.123869 0.000773
25.128870 0.000537
25.133871 0.000537
25.138872 0.000300
25.143872 0.000300
25.148873 0.000064
25.153874 -0.000172
25.158875 -0.000409
25.163876 -0.000645
25.168876 -0.000645
25.173877 -0.000881
25.178878 -0.000881
25.183879 -0.000881
25.188879 -0.000881
25.193880 -0.000881
25.198881 -0.000881
25.203882 -0.001118
25.208882 -0.001118
25.213883 -0.001118
25.218884 -0.000881
25.223885 -0.000881
25.228886 -0.000645
25.233886 -0.000409
25.238887 -0.000172
25.243888 -0.000172
25.248889 0.000064
25.253889 0.000300
25.258890 0.000300
25.263891 0.000537
25.268892 0.000537
25.273892 0.000773
25.278893 0.000773
25.283894 0.000773
25.288895 0.000773
25.293896 0.000773
25.298896 0.000773
25.303897 0.000773
25.308898 0.000773
25.313899 0.000773
25.318899 0.000773
25.323900 0.000537
25.328901 0.000537
25.333902 0.000537
25.338902 0.000537
25.343903 0.000537
25.348904 0.000537
25.353905 0.000301
25.358906 0.000301
25.363906 0.000064
25.368907 0.000064
25.373908 0.000064
25.378909 0.000064
25.383909 0.000064
25.388910 0.000064
25.393911 0.000064
25.398912 0.000064
25.403913 0.000064
25.408913 0.000064
25.413914 0.000064
25.418915 -0.000172
25.423916 -0.000172
25.428916 -0.000172
25.433917 -0.000409
25.438918 -0.000409
25.443919 -0.000409
25.448919 -0.000409
25.453920 -0.000409
25.458921 -0.000645
25.463922 -0.000409
25.468923 -0.000409
25.473923 -0.000409
25.478924 -0.000409
25.483925 -0.000645
25.488926 -0.000409
25.493926 -0.000409
25.498927 -0.000172
25.503928 -0.000172
25.508929 -0.000172
25.513929 -0.000172
25.518930 0.000064
25.523931 -0.000172
25.528932 -0.000172
25.533933 -0.000172
25.538933 -0.000172
25.543934 -0.000172
25.548935 0.000064
25.553936 -0.000172
25.558936 -0.000172
25.563937 -0.000172
25.568938 -0.000172
25.573939 -0.000172
25.578939 -0.000409
25.583940 -0.000409
25.588941 -0.000172
25.593942 -0.000172
25.598943 -0.000172
25.603943 0.000064
25.608944 0.000301
25.613945 0.000537
25.618946 0.000537
25.623946 0.000537
25.628947 0.000773
25.633948 0.000537
25.638949 0.000773
25.643949 0.000537
25.648950 0.000537
25.653951 0.000537
25.658952 0.000537
25.663953 0.000537
25.668953 0.000537
25.673954 0.000537
25.678955 0.000537
25.683956 0.000773
25.688956 0.000773
25.693957 0.000773
25.698958 0.000773
25.703959 0.000773
25.708959 0.000773
25.713960 0.001010
25.718961 0.000773
25.723962 0.000773
25.728963 0.001010
25.733963 0.001010
25.738964 0.000773
25.743965 0.000773
25.748966 0.000773
25.753966 0.000537
25.758967 0.000537
25.763968 0.000537
25.768969 0.000301
25.773970 0.000301
25.778970 0.000064
25.783971 0.000064
25.788972 -0.000172
25.793973 -0.000172
25.798973 -0.000409
25.803974 -0.000409
25.808975 -0.000645
25.813976 -0.000645
25.818976 -0.000881
25.823977 -0.000881
25.828978 -0.000881
25.833979 -0.000645
25.838980 -0.000645
25.843980 -0.000409
25.848981 -0.000409
25.853982 -0.000172
25.858983 -0.000172
25.863983 0.000064
25.868984 0.000301
25.873985 0.000301
25.878986 0.000537
25.883986 0.000537
25.888987 0.000773
25.893988 0.000773
25.898989 0.000773
25.903990 0.000773
25.908990 0.001010
25.913991 0.000773
25.918992 0.000773
25.923993 0.000773
25.928993 0.000773
25.933994 0.000537
25.938995 0.000301
25.943996 0.000301
25.948996 0.000301
25.953997 0.000064
25.958998 0.000064
25.963999 0.000064
25.969000 -0.000172
25.974000 -0.000172
25.979001 -0.000172
25.984002 -0.000409
25.989003 -0.000409
25.994003 -0.000409
25.999004 -0.000645
26.004005 -0.000645
26.009006 -0.000881
26.014006 -0.000881
26.019007 -0.000881
26.024008 -0.001118
26.029009 -0.001118
26.034010 -0.001354
26.039010 -0.001354
26.044011 -0.001590
26.049012 -0.001590
26.054013 -0.001827
26.059013 -0.001827
26.064014 -0.001827
26.069015 -0.001827
26.074016 -0.001590
26.079016 -0.001354
26.084017 -0.001118
26.089018 -0.000881
26.094019 -0.000645
26.099020 -0.000408
26.104020 -0.000408
26.109021 -0.000172
26.114022 0.000064
26.119023 0.000064
26.124023 0.000301
26.129024 0.000537
26.134025 0.000537
26.139026 0.000773
26.144026 0.001010
26.149027 0.001246
26.154028 0.001483
26.159029 0.001483
26.164030 0.001483
26.169030 0.001483
26.174031 0.001246
26.179032 0.001246
26.184033 0.001010
26.189033 0.000773
26.194034 0.000537
26.199035 0.000301
26.204036 0.000064
26.209037 0.000064
26.214037 -0.000172
26.219038 -0.000645
26.224039 -0.000645
26.229040 -0.000881
26.234040 -0.000881
26.239041 -0.000881
26.244042 -0.000881
26.249043 -0.001118
26.254043 -0.000881
26.259044 -0.001118
26.264045 -0.000881
26.269046 -0.001118
26.274047 -0.000881
26.279047 -0.000881
26.284048 -0.000881
26.289049 -0.000645
26.294050 -0.000645
26.299050 -0.000408
26.304051 -0.000408
26.309052 -0.000172
26.314053 0.000064
26.319053 0.000301
26.324054 0.000537
26.329055 0.000774
26.334056 0.001010
26.339057 0.001010
26.344057 0.001246
26.349058 0.001246
26.354059 0.001246
26.359060 0.001246
26.364060 0.001246
26.369061 0.001246
26.374062 0.001246
26.379063 0.001010
26.384063 0.001010
26.389064 0.000774
26.394065 0.000774
26.399066 0.000537
26.404067 0.000537
26.409067 0.000301
26.414068 0.000301
26.419069 0.000064
26.424070 -0.000172
26.429070 -0.000172
26.434071 -0.000172
26.439072 -0.000172
26.444073 -0.000408
26.449073 -0.000172
26.454074 -0.000172
26.459075 -0.000172
26.464076 -0.000172
26.469077 -0.000172
26.474077 -0.000172
26.479078 -0.000172
26.484079 0.000064
26.489080 0.000064
26.494080 0.000301
26.499081 0.000301
26.504082 0.000537
26.509083 0.000537
26.514083 0.000537
26.519084 0.000537
26.524085 0.000537
26.529086 0.000537
26.534087 0.000537
26.539087 0.000774
26.544088 0.000774
26.549089 0.000774
26.554090 0.000774
26.559090 0.000774
26.564091 0.000774
26.569092 0.000537
26.574093 0.000537
26.579093 0.000537
26.584094 0.000301
26.589095 0.000301
26.594096 0.000301
26.599097 0.000301
26.604097 0.000301
26.609098 0.000301
26.614099 0.000064
26.619100 0.000064
26.624100 0.000064
26.629101 0.000064
26.634102 -0.000172
26.639103 -0.000172
26.644104 -0.000172
26.649104 -0.000408
26.654105 -0.000408
26.659106 -0.000408
26.664107 -0.000408
26.669107 -0.000408
26.674108 -0.000408
26.679109 -0.000408
26.684110 -0.000408
26.689110 -0.000408
26.694111 -0.000408
26.699112 -0.000172
26.704113 -0.000172
26.709114 0.000064
26.714114 0.000064
26.719115 0.000064
26.724116 0.000301
26.729117 0.000301
26.734117 0.000537
26.739118 0.000537
26.744119 0.000774
26.749120 0.000774
26.754120 0.001010
26.759121 0.001010
26.764122 0.001010
26.769123 0.001010
26.774124 0.001010
26.779124 0.001010
26.784125 0.000774
26.789126 0.000774
26.794127 0.000537
26.799127 0.000301
26.804128 0.000064
26.809129 0.000064
26.814130 -0.000172
26.819130 -0.000408
26.824131 -0.000408
26.829132 -0.000645
26.834133 -0.000645
26.839134 -0.000881
26.844134 -0.000881
26.849135 -0.001117
26.854136 -0.001354
26.859137 -0.001354
26.864137 -0.001590
26.869138 -0.001590
26.874139 -0.001590
26.879140 -0.001590
26.884140 -0.001590
26.889141 -0.001590
26.894142 -0.001354
26.899143 -0.001354
26.904144 -0.001354
26.909144 -0.001117
26.914145 -0.001117
26.919146 -0.000881
26.924147 -0.000881
26.929147 -0.000881
26.934148 -0.000881
26.939149 -0.000645
26.944150 -0.000645
26.949150 -0.000645
26.954151 -0.000408
26.959152 -0.000408
26.964153 -0.000172
26.969154 -0.000172
26.974154 0.000065
26.979155 0.000065
26.984156 0.000065
26.989157 0.000301
26.994157 0.000301
26.999158 0.000537
27.004159 0.000537
27.009160 0.000537
27.014161 0.000774
27.019161 0.000537
27.024162 0.000537
27.029163 0.000537
27.034164 0.000537
27.039164 0.000537
27.044165 0.000301
27.049166 0.000301
27.054167 0.000301
27.059167 0.000065
27.064168 0.000065
27.069169 -0.000172
27.074170 -0.000172
27.079171 -0.000172
27.084171 -0.000408
27.089172 -0.000172
27.094173 -0.000172
27.099174 -0.000172
27.104174 -0.000172
27.109175 0.000065
27.114176 0.000065
27.119177 0.000065
27.124177 0.000065
27.129178 0.000065
27.134179 0.000065
27.139180 0.000065
27.144181 -0.000172
27.149181 -0.000172
27.154182 0.000065
27.159183 0.000065
27.164184 0.000065
27.169184 0.000301
27.174185 0.000301
27.179186 0.000537
27.184187 0.000537
27.189187 0.000774
27.194188 0.001010
27.199189 0.001010
27.204190 0.001010
27.209191 0.001247
27.214191 0.001247
27.219192 0.001483
27.224193 0.001483
27.229194 0.001483
27.234194 0.001483
27.239195 0.001483
27.244196 0.001483
27.249197 0.001247
27.254197 0.001247
27.259198 0.001247
27.264199 0.001247
27.269200 0.001010
27.274201 0.001010
27.279201 0.000774
27.284202 0.000537
27.289203 0.000301
27.294204 0.000065
27.299204 -0.000172
27.304205 -0.000172
27.309206 -0.000408
27.314207 -0.000408
27.319207 -0.000645
27.324208 -0.000645
27.329209 -0.000645
27.334210 -0.000881
27.339211 -0.000881
27.344211 -0.000881
27.349212 -0.000881
27.354213 -0.000881
27.359214 -0.000881
27.364214 -0.000881
27.369215 -0.000881
27.374216 -0.000645
27.379217 -0.000645
27.384217 -0.000645
27.389218 -0.000645
27.394219 -0.000645
27.399220 -0.000645
27.404221 -0.000645
27.409221 -0.000645
27.414222 -0.000408
27.419223 -0.000408
27.424224 -0.000408
27.429224 -0.000408
27.434225 -0.000408
27.439226 -0.000408
27.444227 -0.000408
27.449228 -0.000408
27.454228 -0.000408
27.459229 -0.000172
27.464230 -0.000172
27.469231 0.000065
27.474231 0.000065
27.479232 0.000065
27.484233 0.000065
27.489234 0.000065
27.494234 0.000065
27.499235 0.000065
27.504236 0.000065
27.509237 0.000065
27.514238 0.000065
27.519238 0.000065
27.524239 0.000065
27.529240 0.000065
27.534241 0.000065
27.539241 0.000065
27.544242 0.000065
27.549243 0.000065
27.554244 0.000065
27.559244 0.000065
27.564245 -0.000172
27.569246 -0.000172
27.574247 -0.000172
27.579248 -0.000172
27.584248 -0.000172
27.589249 -0.000172
27.594250 -0.000172
27.599251 -0.000172
27.604251 -0.000172
27.609252 -0.000172
27.614253 -0.000172
27.619254 0.000065
27.624254 0.000065
27.629255 0.000301
27.634256 0.000301
27.639257 0.000537
27.644258 0.000537
27.649258 0.000774
27.654259 0.000774
27.659260 0.000774
27.664261 0.000774
27.669261 0.000774
27.674262 0.000774
27.679263 0.000774
27.684264 0.000774
27.689264 0.000774
27.694265 0.000774
27.699266 0.000774
27.704267 0.000774
27.709268 0.000537
27.714268 0.000537
27.719269 0.000301
27.724270 0.000301
27.729271 0.000065
27.734271 -0.000172
27.739272 -0.000172
27.744273 -0.000408
27.749274 -0.000408
27.754274 -0.000644
27.759275 -0.000644
27.764276 -0.000644
27.769277 -0.000644
27.774278 -0.000644
27.779278 -0.000644
27.784279 -0.000881
27.789280 -0.000881
27.794281 -0.000644
27.799281 -0.000881
27.804282 -0.000881
27.809283 -0.000881
27.814284 -0.000881
27.819285 -0.000881
27.824285 -0.000881
27.829286 -0.000881
27.834287 -0.000644
27.839288 -0.000644
27.844288 -0.000644
27.849289 -0.000408
27.854290 -0.000408
27.859291 -0.000408
27.864291 -0.000172
27.869292 -0.000172
27.874293 -0.000172
27.879294 -0.000172
27.884295 -0.000172
27.889295 -0.000172
27.894296 -0.000172
27.899297 -0.000172
27.904298 -0.000172
27.909298 -0.000172
27.914299 -0.000172
27.919300 -0.000172
27.924301 -0.000172
27.929301 -0.000172
27.934302 -0.000172
27.939303 -0.000172
27.944304 -0.000172
27.949305 -0.000172
27.954305 0.000065
27.959306 -0.000172
27.964307 -0.000172
27.969308 -0.000172
27.974308 -0.000172
27.979309 -0.000172
27.984310 -0.000408
27.989311 -0.000408
27.994311 -0.000408
27.999312 -0.000408
28.004313 -0.000408
28.009314 -0.000408
28.014315 -0.000172
28.019315 -0.000172
28.024316 -0.000172
28.029317 0.000065
28.034318 0.000301
28.039318 0.000301
28.044319 0.000538
28.049320 0.000538
28.054321 0.000774
28.059321 0.000774
28.064322 0.000774
28.069323 0.000774
28.074324 0.000774
28.079325 0.000774
28.084325 0.001010
28.089326 0.001010
28.094327 0.001010
28.099328 0.001247
28.104328 0.001247
28.109329 0.001247
28.114330 0.001247
28.119331 0.001247
28.124331 0.001010
28.129332 0.001010
28.134333 0.001010
28.139334 0.000774
28.144335 0.000774
28.149335 0.000774
28.154336 0.000774
28.159337 0.000774
28.164338 0.000774
28.169338 0.000774
28.174339 0.000538
28.179340 0.000538
28.184341 0.000301
28.189341 0.000301
28.194342 0.000301
28.199343 0.000065
28.204344 0.000065
28.209345 0.000065
28.214345 -0.000172
28.219346 -0.000172
28.224347 -0.000408
28.229348 -0.000644
28.234348 -0.000644
28.239349 -0.000644
28.244350 -0.000881
28.249351 -0.000881
28.254352 -0.000881
28.259352 -0.000881
28.264353 -0.001117
28.269354 -0.001117
28.274355 -0.000881
28.279355 -0.000881
28.284356 -0.000881
28.289357 -0.000881
28.294358 -0.000881
28.299358 -0.000881
28.304359 -0.000881
28.309360 -0.000881
28.314361 -0.000881
28.319362 -0.000644
28.324362 -0.000644
28.329363 -0.000408
28.334364 -0.000408
28.339365 -0.000172
28.344365 0.000065
28.349366 0.000065
28.354367 0.000301
28.359368 0.000538
28.364368 0.000538
28.369369 0.000538
28.374370 0.000538
28.379371 0.000538
28.384372 0.000538
28.389372 0.000538
28.394373 0.000538
28.399374 0.000538
28.404375 0.000538
28.409375 0.000538
28.414376 0.000538
28.419377 0.000301
28.424378 0.000301
28.429378 0.000301
28.434379 0.000065
28.439380 -0.000172
28.444381 -0.000172
28.449382 -0.000408
28.454382 -0.000644
28.459383 -0.000644
28.464384 -0.000644
28.469385 -0.000644
28.474385 -0.000644
28.479386 -0.000644
28.484387 -0.000644
28.489388 -0.000408
28.494388 -0.000408
28.499389 -0.000408
28.504390 -0.000408
28.509391 -0.000408
28.514392 -0.000172
28.519392 -0.000172
28.524393 -0.000172
28.529394 -0.000171
28.534395 -0.000171
28.539395 0.000065
28.544396 0.000065
28.549397 0.000065
28.554398 0.000065
28.559398 0.000065
28.564399 0.000065
28.569400 0.000065
28.574401 0.000301
28.579402 0.000301
28.584402 0.000301
28.589403 0.000301
28.594404 0.000301
28.599405 0.000301
28.604405 0.000301
28.609406 0.000301
28.614407 0.000301
28.619408 0.000065
28.624409 0.000301
28.629409 0.000301
28.634410 0.000065
28.639411 0.000065
28.644412 0.000065
28.649412 0.000065
28.654413 0.000065
28.659414 -0.000171
28.664415 -0.000171
28.669415 -0.000171
28.674416 -0.000171
28.679417 -0.000171
28.684418 -0.000171
28.689419 -0.000171
28.694419 -0.000171
28.699420 -0.000171
28.704421 -0.000171
28.709422 -0.000171
28.714422 0.000065
28.719423 0.000065
28.724424 0.000301
28.729425 0.000538
28.734425 0.000538
28.739426 0.000538
28.744427 0.000538
28.749428 0.000774
28.754429 0.000774
28.759429 0.000774
28.764430 0.000774
28.769431 0.000774
28.774432 0.000774
28.779432 0.001011
28.784433 0.000774
28.789434 0.000774
28.794435 0.000774
28.799435 0.000774
28.804436 0.000538
28.809437 0.000538
28.814438 0.000538
28.819439 0.000301
28.824439 0.000301
28.829440 0.000301
28.834441 0.000301
28.839442 0.000301
28.844442 0.000065
28.849443 0.000065
28.854444 0.000065
28.859445 -0.000171
28.864445 -0.000171
28.869446 -0.000408
28.874447 -0.000644
28.879448 -0.000644
28.884449 -0.000644
28.889449 -0.000881
28.894450 -0.000881
28.899451 -0.000881
28.904452 -0.000881
28.909452 -0.000881
28.914453 -0.000881
28.919454 -0.000881
28.924455 -0.000644
28.929455 -0.000644
28.934456 -0.000644
28.939457 -0.000644
28.944458 -0.000408
28.949459 -0.000408
28.954459 -0.000171
28.959460 -0.000171
28.964461 0.000065
28.969462 0.000301
28.974462 0.000301
28.979463 0.000538
28.984464 0.000538
28.989465 0.000774
28.994465 0.000774
28.999466 0.000774
29.004467 0.000774
29.009468 0.001011
29.014469 0.001011
29.019469 0.000774
29.024470 0.000774
29.029471 0.001011
29.034472 0.000774
29.039472 0.000774
29.044473 0.000774
29.049474 0.000538
29.054475 0.000538
29.059476 0.000301
29.064476 0.000065
29.069477 -0.000171
29.074478 -0.000171
29.079479 -0.000408
29.084479 -0.000408
29.089480 -0.000408
29.094481 -0.000644
29.099482 -0.000644
29.104482 -0.000644
29.109483 -0.000644
29.114484 -0.000644
29.119485 -0.000644
29.124486 -0.000408
29.129486 -0.000408
29.134487 -0.000171
29.139488 -0.000171
29.144489 -0.000171
29.149489 0.000065
29.154490 0.000301
29.159491 0.000301
29.164492 0.000301
29.169492 0.000301
29.174493 0.000301
29.179494 0.000301
29.184495 0.000301
29.189496 0.000065
29.194496 0.000065
29.199497 -0.000171
29.204498 -0.000171
29.209499 -0.000171
29.214499 -0.000408
29.219500 -0.000644
29.224501 -0.000644
29.229502 -0.000880
29.234502 -0.000880
29.239503 -0.001117
29.244504 -0.001117
29.249505 -0.001117
29.254506 -0.001117
29.259506 -0.001117
29.264507 -0.001117
29.269508 -0.000880
29.274509 -0.000644
29.279509 -0.000644
29.284510 -0.000644
29.289511 -0.000408
29.294512 -0.000408
29.299512 -0.000171
29.304513 -0.000171
29.309514 0.000065
29.314515 0.000065
29.319516 0.000065
29.324516 0.000065
29.329517 0.000301
29.334518 0.000301
29.339519 0.000301
29.344519 0.000301
29.349520 0.000301
29.354521 0.000301
29.359522 0.000538
29.364522 0.000538
29.369523 0.000538
29.374524 0.000538
29.379525 0.000538
29.384526 0.000538
29.389526 0.000538
29.394527 0.000538
29.399528 0.000538
29.404529 0.000538
29.409529 0.000538
29.414530 0.000538
29.419531 0.000301
29.424532 0.000301
29.429533 0.000301
29.434533 0.000065
29.439534 0.000065
29.444535 0.000065
29.449536 0.000065
29.454536 0.000302
29.459537 0.000302
29.464538 0.000302
29.469539 0.000302
29.474539 0.000302
29.479540 0.000302
29.484541 0.000302
29.489542 0.000302
29.494543 0.000302
29.499543 0.000302
29.504544 0.000302
29.509545 0.000302
29.514546 0.000302
29.519546 0.000302
29.524547 0.000302
29.529548 0.000302
29.534549 0.000302
29.539549 0.000302
29.544550 0.000302
29.549551 0.000302
29.554552 0.000302
29.559553 0.000302
29.564553 0.000302
29.569554 0.000302
29.574555 0.000302
29.579556 0.000302
29.584556 0.000302
29.589557 0.000302
29.594558 0.000538
29.599559 0.000302
29.604559 0.000302
29.609560 0.000302
29.614561 0.000302
29.619562 0.000065
29.624563 0.000065
29.629563 0.000065
29.634564 -0.000171
29.639565 -0.000171
29.644566 -0.000408
29.649566 -0.000408
29.654567 -0.000408
29.659568 -0.000408
29.664569 -0.000644
29.669569 -0.000408
29.674570 -0.000408
29.679571 -0.000644
29.684572 -0.000408
29.689573 -0.000408
29.694573 -0.000408
29.699574 -0.000408
29.704575 -0.000408
29.709576 -0.000408
29.714576 -0.000408
29.719577 -0.000408
29.724578 -0.000171
29.729579 -0.000171
29.734579 -0.000408
29.739580 -0.000408
29.744581 -0.000408
29.749582 -0.000408
29.754583 -0.000408
29.759583 -0.000408
29.764584 -0.000408
29.769585 -0.000408
29.774586 -0.000408
29.779586 -0.000408
29.784587 -0.000408
29.789588 -0.000408
29.794589 -0.000408
29.799589 -0.000644
29.804590 -0.000644
29.809591 -0.000644
29.814592 -0.000644
29.819593 -0.000644
29.824593 -0.000408
29.829594 -0.000408
29.834595 -0.000408
29.839596 -0.000171
29.844596 -0.000171
29.849597 -0.000171
29.854598 0.000065
29.859599 0.000065
29.864600 0.000302
29.869600 0.000302
29.874601 0.000302
29.879602 0.000302
29.884603 0.000538
29.889603 0.000538
29.894604 0.000538
29.899605 0.000538
29.904606 0.000538
29.909606 0.000538
29.914607 0.000774
29.919608 0.000538
29.924609 0.000538
29.929610 0.000538
29.934610 0.000538
29.939611 0.000538
29.944612 0.000538
29.949613 0.000538
29.954613 0.000538
29.959614 0.000302
29.964615 0.000302
29.969616 0.000302
29.974616 0.000302
29.979617 0.000302
29.984618 0.000302
29.989619 0.000302
29.994620 0.000065
29.999620 0.000065
30.004621 0.000065
30.009622 0.000065
30.014623 0.000065
30.019623 -0.000171
30.024624 -0.000171
30.029625 -0.000171
30.034626 -0.000171
30.039626 -0.000408
30.044627 -0.000408
30.049628 -0.000171
30.054629 -0.000408
30.059630 -0.000408
30.064630 -0.000408
30.069631 -0.000408
30.074632 -0.000408
30.079633 -0.000408
30.084633 -0.000408
30.089634 -0.000408
30.094635 -0.000408
30.099636 -0.000408
30.104636 -0.000408
30.109637 -0.000408
30.114638 -0.000171
30.119639 -0.000171
30.124640 -0.000408
30.129640 -0.000171
30.134641 -0.000171
30.139642 -0.000171
30.144643 -0.000171
30.149643 -0.000171
30.154644 0.000065
30.159645 0.000065
30.164646 0.000065
30.169646 0.000065
30.174647 0.000065
30.179648 0.000302
30.184649 0.000065
30.189650 0.000302
30.194650 0.000302
30.199651 0.000302
30.204652 0.000302
30.209653 0.000302
30.214653 0.000302
30.219654 0.000065
30.224655 0.000065
30.229656 0.000302
30.234657 0.000302
30.239657 0.000065
30.244658 0.000302
30.249659 0.000302
30.254660 0.000302
30.259660 0.000302
30.264661 0.000302
30.269662 0.000302
30.274663 0.000302
30.279663 0.000302
30.284664 0.000302
30.289665 0.000302
30.294666 0.000302
30.299667 0.000302
30.304667 0.000302
30.309668 0.000302
30.314669 0.000302
30.319670 0.000065
30.324670 0.000065
30.329671 0.000065
30.334672 -0.000171
30.339673 -0.000171
30.344673 -0.000171
30.349674 -0.000407
30.354675 -0.000407
30.359676 -0.000407
30.364677 -0.000407
30.369677 -0.000407
30.374678 -0.000407
30.379679 -0.000407
30.384680 -0.000171
30.389680 -0.000171
30.394681 0.000065
30.399682 0.000065
30.404683 0.000065
30.409683 0.000302
30.414684 0.000302
30.419685 0.000302
30.424686 0.000302
30.429687 0.000538
30.434687 0.000538
30.439688 0.000775
30.444689 0.000775
30.449690 0.001011
30.454690 0.001011
30.459691 0.001011
30.464692 0.001011
30.469693 0.001011
30.474693 0.000775
30.479694 0.000775
30.484695 0.000538
30.489696 0.000538
30.494697 0.000302
30.499697 0.000065
30.504698 0.000065
30.509699 -0.000171
30.514700 -0.000171
30.519700 -0.000407
30.524701 -0.000644
30.529702 -0.000644
30.534703 -0.000644
30.539703 -0.000880
30.544704 -0.001117
30.549705 -0.001117
30.554706 -0.001117
30.559707 -0.001117
30.564707 -0.001353
30.569708 -0.001353
30.574709 -0.001353
30.579710 -0.001589
30.584710 -0.001589
30.589711 -0.001589
30.594712 -0.001589
30.599713 -0.001589
30.604713 -0.001353
30.609714 -0.001353
30.614715 -0.001353
30.619716 -0.001117
30.624717 -0.001117
30.629717 -0.000880
30.634718 -0.000880
30.639719 -0.000880
30.644720 -0.000644
30.649720 -0.000644
30.654721 -0.000644
30.659722 -0.000407
30.664723 -0.000407
30.669724 -0.000171
30.674724 -0.000171
30.679725 -0.000171
30.684726 0.000065
30.689727 0.000065
30.694727 0.000065
30.699728 0.000302
30.704729 0.000302
30.709730 0.000538
30.714730 0.000538
30.719731 0.000538
30.724732 0.000538
30.729733 0.000538
30.734734 0.000538
30.739734 0.000538
30.744735 0.000538
30.749736 0.000538
30.754737 0.000538
30.759737 0.000538
30.764738 0.000538
30.769739 0.000538
30.774740 0.000538
30.779740 0.000538
30.784741 0.000538
30.789742 0.000538
30.794743 0.000538
30.799744 0.000538
30.804744 0.000538
30.809745 0.000538
30.814746 0.000538
30.819747 0.000538
30.824747 0.000538
30.829748 0.000538
30.834749 0.000775
30.839750 0.000775
30.844750 0.000775
30.849751 0.000775
30.854752 0.000775
30.859753 0.000775
30.864754 0.000775
30.869754 0.001011
30.874755 0.001011
30.879756 0.001011
30.884757 0.000775
30.889757 0.001011
30.894758 0.000775
30.899759 0.000775
30.904760 0.000775
30.909760 0.000775
30.914761 0.000775
30.919762 0.000775
30.924763 0.000538
30.929764 0.000538
30.934764 0.000538
30.939765 0.000302
30.944766 0.000302
30.949767 0.000302
30.954767 0.000065
30.959768 0.000065
30.964769 0.000065
30.969770 -0.000171
30.974770 -0.000407
30.979771 -0.000407
30.984772 -0.000407
30.989773 -0.000644
30.994774 -0.000644
30.999774 -0.000644
31.004775 -0.000644
31.009776 -0.000644
31.014777 -0.000644
31.019777 -0.000644
31.024778 -0.000407
31.029779 -0.000407
31.034780 -0.000407
31.039780 -0.000407
31.044781 -0.000407
31.049782 -0.000407
31.054783 -0.000407
31.059784 -0.000407
31.064784 -0.000407
31.069785 -0.000407
31.074786 -0.000407
31.079787 -0.000407
31.084787 -0.000407
31.089788 -0.000407
31.094789 -0.000407
31.099790 -0.000644
31.104791 -0.000644
31.109791 -0.000880
31.114792 -0.000880
31.119793 -0.000880
31.124794 -0.001116
31.129794 -0.001116
31.134795 -0.001116
31.139796 -0.001116
31.144797 -0.001353
31.149797 -0.001353
31.154798 -0.001353
31.159799 -0.001353
31.164800 -0.001589
31.169801 -0.001589
31.174801 -0.001353
31.179802 -0.001353
31.184803 -0.001353
31.189804 -0.001353
31.194804 -0.001116
31.199805 -0.001116
31.204806 -0.000880
31.209807 -0.000880
31.214807 -0.000644
31.219808 -0.000644
31.224809 -0.000407
31.229810 -0.000407
31.234811 -0.000171
31.239811 -0.000171
31.244812 0.000066
31.249813 0.000302
31.254814 0.000302
31.259814 0.000302
31.264815 0.000538
31.269816 0.000538
31.274817 0.000775
31.279817 0.000775
31.284818 0.000775
31.289819 0.000775
31.294820 0.001011
31.299821 0.001011
31.304821 0.001011
31.309822 0.001248
31.314823 0.001248
31.319824 0.001248
31.324824 0.001248
31.329825 0.001484
31.334826 0.001484
31.339827 0.001484
31.344827 0.001484
31.349828 0.001720
31.354829 0.001720
31.359830 0.001720
31.364831 0.001484
31.369831 0.001484
31.374832 0.001484
31.379833 0.001484
31.384834 0.001484
31.389834 0.001248
31.394835 0.001248
31.399836 0.001248
31.404837 0.001011
31.409837 0.001011
31.414838 0.000775
31.419839 0.000538
31.424840 0.000538
31.429841 0.000302
31.434841 0.000066
31.439842 0.000066
31.444843 -0.000171
31.449844 -0.000407
31.454844 -0.000407
31.459845 -0.000644
31.464846 -0.000880
31.469847 -0.000880
31.474848 -0.001116
31.479848 -0.001116
31.484849 -0.001116
31.489850 -0.001353
31.494851 -0.001353
31.499851 -0.001353
31.504852 -0.001353
31.509853 -0.001116
31.514854 -0.001116
31.519854 -0.001116
31.524855 -0.001116
31.529856 -0.000880
31.534857 -0.000880
31.539858 -0.000880
31.544858 -0.000644
31.549859 -0.000644
31.554860 -0.000644
31.559861 -0.000644
31.564861 -0.000407
31.569862 -0.000407
31.574863 -0.000407
31.579864 -0.000407
31.584864 -0.000644
31.589865 -0.000644
31.594866 -0.000644
31.599867 -0.000880
31.604868 -0.000644
31.609868 -0.000880
31.614869 -0.000644
31.619870 -0.000644
31.624871 -0.000644
31.629871 -0.000644
31.634872 -0.000644
31.639873 -0.000644
31.644874 -0.000644
31.649874 -0.000644
31.654875 -0.000407
31.659876 -0.000407
31.664877 -0.000407
31.669878 -0.000407
31.674878 -0.000171
31.679879 0.000066
31.684880 0.000066
31.689881 0.000302
31.694881 0.000302
31.699882 0.000538
31.704883 0.000538
31.709884 0.000775
31.714884 0.000775
31.719885 0.000775
31.724886 0.001011
31.729887 0.001011
31.734888 0.001011
31.739888 0.001011
31.744889 0.001011
31.749890 0.001011
31.754891 0.001011
31.759891 0.001011
31.764892 0.001011
31.769893 0.001011
31.774894 0.001011
31.779894 0.001011
31.784895 0.001011
31.789896 0.001011
31.794897 0.001011
31.799898 0.001011
31.804898 0.001011
31.809899 0.001011
31.814900 0.001011
31.819901 0.001011
31.824901 0.001011
31.829902 0.000775
31.834903 0.000775
31.839904 0.000775
31.844904 0.000775
31.849905 0.000775
31.854906 0.000538
31.859907 0.000538
31.864908 0.000538
31.869908 0.000538
31.874909 0.000538
31.879910 0.000538
31.884911 0.000302
31.889911 0.000302
31.894912 0.000302
31.899913 0.000066
31.904914 0.000066
31.909915 -0.000171
31.914915 -0.000171
31.919916 -0.000171
31.924917 -0.000407
31.929918 -0.000407
31.934918 -0.000643
31.939919 -0.000643
31.944920 -0.000880
31.949921 -0.000880
31.954921 -0.001116
31.959922 -0.001116
31.964923 -0.001116
31.969924 -0.001353
31.974925 -0.001353
31.979925 -0.001353
31.984926 -0.001353
31.989927 -0.001353
31.994928 -0.001116
31.999928 -0.001116
32.004929 -0.001116
32.009930 -0.001116
32.014931 -0.000880
32.019931 -0.000880
32.024932 -0.000880
32.029933 -0.000880
32.034934 -0.000880
32.039935 -0.000880
32.044935 -0.000880
32.049936 -0.000880
32.054937 -0.000880
32.059938 -0.000880
32.064938 -0.001116
32.069939 -0.000880
32.074940 -0.000880
32.079941 -0.000880
32.084941 -0.000643
32.089942 -0.000643
32.094943 -0.000407
32.099944 -0.000407
32.104945 -0.000407
32.109945 -0.000407
32.114946 -0.000171
32.119947 -0.000171
32.124948 -0.000171
32.129948 0.000066
32.134949 0.000066
32.139950 0.000066
32.144951 0.000302
32.149951 0.000302
32.154952 0.000539
32.159953 0.000539
32.164954 0.000539
32.169955 0.000775
32.174955 0.000775
32.179956 0.000775
32.184957 0.000775
32.189958 0.000775
32.194958 0.000775
32.199959 0.000775
32.204960 0.000775
32.209961 0.000775
32.214961 0.000775
32.219962 0.000775
32.224963 0.000775
32.229964 0.000775
32.234965 0.000775
32.239965 0.000775
32.244966 0.000775
32.249967 0.000775
32.254968 0.000775
32.259968 0.000775
32.264969 0.000539
32.269970 0.000539
32.274971 0.000539
32.279972 0.000539
32.284972 0.000539
32.289973 0.000539
32.294974 0.000775
32.299975 0.000539
32.304975 0.000539
32.309976 0.000775
32.314977 0.000775
32.319978 0.000539
32.324978 0.000775
32.329979 0.000539
32.334980 0.000539
32.339981 0.000539
32.344982 0.000539
32.349982 0.000539
32.354983 0.000539
32.359984 0.000539
32.364985 0.000302
32.369985 0.000302
32.374986 0.000302
32.379987 0.000302
32.384988 0.000302
32.389988 0.000066
32.394989 0.000066
32.399990 0.000066
32.404991 0.000066
32.409992 0.000066
32.414992 -0.000171
32.419993 -0.000171
32.424994 -0.000171
32.429995 -0.000171
32.434995 -0.000407
32.439996 -0.000407
32.444997 -0.000407
32.449998 -0.000407
32.454998 -0.000643
32.459999 -0.000643
32.465000 -0.000643
0.000000 0.000000
0.005001 0.000364
0.010002 0.000206
0.015003 0.000324
0.020004 0.000561
0.025005 0.000640
0.030006 0.000443
0.035007 0.000718
0.040008 0.000561
0.045009 0.000127
0.050010 0.000442
0.055011 0.000718
0.060012 0.000245
0.065013 0.000166
0.070014 0.000837
0.075015 0.000048
0.080016 0.000127
0.085017 0.000363
0.090018 -0.000740
0.095019 0.000009
0.100020 0.000521
0.105021 0.000166
0.110022 -0.000188
0.115023 -0.000307
0.120024 0.000482
0.125025 -0.000307
0.130026 -0.000977
0.135027 -0.000819
0.140028 -0.000898
0.145029 -0.000189
0.150031 -0.000307
0.155032 -0.000189
0.160033 0.000284
0.165034 0.000403
0.170035 0.000481
0.175036 -0.000070
0.180037 -0.000110
0.185038 0.000284
0.190039 0.000363
0.195040 -0.000071
0.200041 0.000048
0.205042 0.000166
0.210043 0.000126
0.215044 0.000166
0.220045 -0.000307
0.225046 -0.000071
0.230047 0.000363
0.235048 -0.000228
0.240049 -0.000701
0.245050 0.000047
0.250051 0.000047
0.255052 -0.000307
0.260053 0.000087
0.265054 0.000047
0.270055 0.000442
0.275056 0.000402
0.280057 0.000166
0.285058 0.000441
0.290059 0.000126
0.295060 -0.000820
0.300061 -0.000820
0.305062 0.000165
0.310063 -0.000071
0.315064 -0.000347
0.320065 -0.000071
0.325066 -0.000032
0.330067 0.000008
0.335068 -0.000111
0.340069 -0.000268
0.345070 0.000284
0.350071 0.000796
0.355072 -0.000032
0.360073 -0.000387
0.365074 -0.000347
0.370075 -0.000150
0.375076 0.000047
0.380077 -0.000465
0.385078 -0.000308
0.390079 -0.000111
0.395080 -0.000150
0.400081 -0.000071
0.405082 0.000283
0.410083 0.000402
0.415084 -0.000032
0.420085 -0.000032
0.425086 0.000283
0.430087 0.000480
0.435088 -0.000072
0.440089 -0.000190
0.445090 0.000244
0.450092 -0.000111
0.455093 -0.000308
0.460094 0.000283
0.465095 0.000480
0.470096 0.000007
0.475097 0.000322
0.480098 0.000677
0.485099 0.000717
0.490100 0.000519
0.495101 -0.000072
0.500102 -0.000505
0.505103 -0.000308
0.510104 -0.000032
0.515105 -0.000032
0.520106 0.000519
0.525107 0.000046
0.530108 -0.000190
0.535109 0.000165
0.540110 -0.000072
0.545111 -0.000387
0.550112 -0.000506
0.555113 -0.000387
0.560114 -0.000900
0.565115 -0.000900
0.570116 -0.000860
0.575117 -0.000703
0.580118 -0.000230
0.585119 -0.000427
0.590120 0.000125
0.595121 0.000677
0.600122 0.000204
0.605123 -0.000269
0.610124 0.000282
0.615125 0.000164
0.620126 0.000204
0.625127 0.000992
0.630128 0.000164
0.635129 0.000282
0.640130 0.000637
0.645131 0.000243
0.650132 -0.000348
0.655133 -0.000309
0.660134 0.000479
0.665135 -0.000151
0.670136 0.000400
0.675137 0.000597
0.680138 -0.000191
0.685139 0.000203
0.690140 0.000440
0.695141 0.000440
0.700142 -0.000152
0.705143 -0.000349
0.710144 -0.000585
0.715145 -0.000427
0.720146 0.000282
0.725147 0.000045
0.730148 -0.000388
0.735149 -0.000270
0.740150 0.000006
0.745151 -0.000073
0.750153 -0.000231
0.755154 -0.000191
0.760155 -0.000231
0.765156 -0.000822
0.770157 -0.000625
0.775158 -0.000428
0.780159 -0.000152
0.785160 0.000321
0.790161 -0.000467
0.795162 -0.000152
0.800163 0.000045
0.805164 -0.000191
0.810165 -0.000349
0.815166 -0.000152
0.820167 0.000518
0.825168 0.000557
0.830169 0.000518
0.835170 0.000597
0.840171 0.000794
0.845172 0.000006
0.850173 -0.000113
0.855174 0.000084
0.860175 0.000084
0.865176 0.000597
0.870177 -0.000152
0.875178 -0.000546
0.880179 -0.000349
0.885180 -0.000428
0.890181 -0.000704
0.895182 -0.000665
0.900183 -0.000310
0.905184 -0.000113
0.910185 -0.000231
0.915186 -0.000901
0.920187 -0.000074
0.925188 0.000045
0.930189 -0.000468
0.935190 0.000439
0.940191 -0.000192
0.945192 -0.000034
0.950193 0.001148
0.955194 0.000202
0.960195 -0.000271
0.965196 0.000123
0.970197 0.000202
0.975198 0.000044
0.980199 -0.000153
0.985200 0.000281
0.990201 0.000281
0.995202 -0.000547
1.000203 -0.000350
1.005204 0.000478
1.010205 0.000360
1.015206 -0.000153
1.020207 -0.000586
1.025208 -0.000389
1.030209 0.000123
1.035210 -0.000153
1.040211 -0.000153
1.045212 0.000438
1.050214 0.000359
1.055215 0.000517
1.060216 0.000202
1.065217 0.000123
1.070218 0.000793
1.075219 -0.000350
1.080220 -0.000626
1.085221 -0.000114
1.090222 -0.000587
1.095223 -0.000193
1.100224 -0.000429
1.105225 -0.000508
1.110226 -0.000114
1.115227 -0.000114
1.120228 -0.000232
1.125229 -0.000193
1.130230 -0.000074
1.135231 -0.000390
1.140232 -0.000350
1.145233 0.000280
1.150234 -0.000075
1.155235 -0.000705
1.160236 0.000044
1.165237 -0.000272
1.170238 0.000280
1.175239 0.000753
1.180240 -0.000193
1.185241 0.000398
1.190242 -0.000272
1.195243 -0.000075
1.200244 0.000201
1.205245 -0.000430
1.210246 0.000162
1.215247 -0.000035
1.220248 -0.000351
1.225249 -0.000469
1.230250 0.000122
1.235251 0.000280
1.240252 -0.000154
1.245253 -0.000311
1.250254 -0.000548
1.255255 0.000083
1.260256 0.000674
1.265257 0.000201
1.270258 0.000477
1.275259 0.001462
1.280260 0.000831
1.285261 0.000556
1.290262 0.000358
1.295263 0.000319
1.300264 0.000240
1.305265 -0.000312
1.310266 0.000280
1.315267 0.000122
1.320268 -0.000075
1.325269 -0.000233
1.330270 -0.000036
1.335271 0.000792
1.340272 0.000831
1.345273 0.000319
1.350275 -0.000115
1.355276 0.000437
1.360277 0.000082
1.365278 -0.000430
1.370279 -0.000548
1.375280 -0.000746
1.380281 -0.001061
1.385282 -0.001416
1.390283 -0.000864
1.395284 -0.000943
1.400285 -0.000785
1.405286 0.000043
1.410287 0.000476
1.415288 0.000318
1.420289 0.000594
1.425290 0.000949
1.430291 0.000200
1.435292 0.000279
1.440293 0.000634
1.445294 0.000594
1.450295 0.000161
1.455296 0.000161
1.460297 0.000594
1.465298 0.000515
1.470299 0.000712
1.475300 0.000161
1.480301 0.000003
1.485302 0.000909
1.490303 0.000673
1.495304 0.000279
1.500305 0.000752
1.505306 0.000358
1.510307 -0.000588
1.515308 -0.000549
1.520309 -0.000313
1.525310 -0.000391
1.530311 -0.001259
1.535312 -0.001574
1.540313 -0.000746
1.545314 -0.000470
1.550315 -0.000194
1.555316 -0.000234
1.560317 -0.000116
1.565318 -0.000155
1.570319 -0.000470
1.575320 0.000002
1.580321 -0.000116
1.585322 -0.000037
1.590323 -0.000076
1.595324 -0.000392
1.600325 0.000042
1.605326 0.000239
1.610327 0.000357
1.615328 0.000554
1.620329 0.000830
1.625330 0.000909
1.630331 0.000712
1.635332 0.000278
1.640333 0.000278
1.645334 0.000751
1.650336 0.000042
1.655337 0.000160
1.660338 0.000751
1.665339 0.000633
1.670340 0.001066
1.675341 0.000712
1.680342 0.000436
1.685343 0.000593
1.690344 0.000554
1.695345 0.000633
1.700346 -0.000156
1.705347 -0.000747
1.710348 -0.000708
1.715349 -0.001181
1.720350 -0.001259
1.725351 -0.000905
1.730352 -0.000747
1.735353 -0.000786
1.740354 -0.000747
1.745355 0.000120
1.750356 0.000435
1.755357 -0.000117
1.760358 -0.000511
1.765359 -0.000195
1.770360 0.000238
1.775361 -0.000195
1.780362 0.000475
1.785363 0.000987
1.790364 0.000159
1.795365 0.000514
1.800366 0.000790
1.805367 0.000790
1.810368 0.000947
1.815369 0.000474
1.820370 0.000199
1.825371 0.000553
1.830372 0.000908
1.835373 0.000711
1.840374 0.000001
1.845375 0.000041
1.850376 0.000120
1.855377 -0.000393
1.860378 -0.000472
1.865379 -0.000038
1.870380 0.000001
1.875381 -0.000511
1.880382 -0.000905
1.885383 -0.000787
1.890384 -0.000117
1.895385 0.000041
1.900386 -0.000117
1.905387 -0.000235
1.910388 -0.000669
1.915389 -0.000038
1.920390 -0.000196
1.925391 -0.000235
1.930392 0.000277
1.935393 -0.000551
1.940394 0.000040
1.945395 0.000474
1.950397 0.000040
1.955398 0.000237
1.960399 0.000159
1.965400 0.000001
1.970401 0.000513
1.975402 0.000750
1.980403 0.000434
1.985404 0.000395
1.990405 -0.000078
1.995406 0.000434
2.000407 0.000553
2.005408 0.000395
2.010409 0.000355
2.015410 -0.000236
2.020411 0.000513
2.025412 0.000198
2.030413 -0.000433
2.035414 -0.000197
2.040415 -0.000709
2.045416 -0.000315
2.050417 -0.000039
2.055418 -0.000118
2.060419 0.000158
2.065420 -0.000157
2.070421 -0.000118
2.075422 0.000237
2.080423 -0.000276
2.085424 -0.000473
2.090425 -0.000276
2.095426 0.000040
2.100427 0.000631
2.105428 0.000552
2.110429 0.000316
2.115430 -0.000039
2.120431 -0.000079
2.125432 0.000276
2.130433 0.000473
2.135434 -0.000118
2.140435 -0.000394
2.145436 0.000473
2.150437 0.000039
2.155438 0.000039
2.160439 0.000631
2.165440 0.000434
2.170441 0.000552
2.175442 -0.000079
2.180443 -0.000237
2.185444 -0.000079
2.190445 -0.000355
2.195446 -0.000552
2.200447 -0.000513
2.205448 -0.000040
2.210449 -0.000394
2.215450 -0.000394
2.220451 -0.000118
2.225452 0.000118
2.230453 0.000512
2.235454 -0.000237
2.240455 0.000079
2.245456 0.000236
2.250458 -0.000395
2.255459 -0.000237
2.260460 -0.000079
2.265461 0.000551
2.270462 0.000157
2.275463 -0.000040
2.280464 0.000394
2.285465 -0.000198
2.290466 -0.000079
2.295467 0.000039
2.300468 -0.000079
2.305469 0.000394
2.310470 -0.000079
2.315471 -0.000079
2.320472 0.000394
2.325473 0.000078
2.330474 -0.000198
2.335475 -0.000434
2.340476 -0.000080
2.345477 -0.000040
2.350478 0.000039
2.355479 0.000157
2.360480 -0.000080
2.365481 0.000117
2.370482 -0.000080
2.375483 0.000157
2.380484 -0.000080
2.385485 -0.000237
2.390486 0.000669
2.395487 0.000314
2.400488 -0.000080
2.405489 -0.000435
2.410490 -0.000277
2.415491 0.000196
2.420492 -0.000513
2.425493 -0.000435
2.430494 0.000551
2.435495 0.000157
2.440496 -0.000356
2.445497 -0.000041
2.450498 0.000275
2.455499 0.000078
2.460500 -0.000277
2.465501 -0.000001
2.470502 0.000393
2.475503 0.000353
2.480504 0.000314
2.485505 0.000275
2.490506 0.000314
2.495507 0.000866
2.500508 0.000117
2.505509 -0.000514
2.510510 0.000314
2.515511 -0.000080
2.520512 -0.000750
2.525513 -0.000908
2.530514 -0.000553
2.535515 -0.000120
2.540516 -0.000750
2.545517 -0.000317
2.550519 -0.000080
2.555520 -0.000632
2.560521 0.000314
2.565522 0.000511
2.570523 -0.000238
2.575524 0.000077
2.580525 0.000353
2.585526 0.000156
2.590527 -0.000278
2.595528 -0.000238
2.600529 -0.000081
2.605530 -0.000278
2.610531 0.000235
2.615532 0.000708
2.620533 0.000432
2.625534 0.000274
2.630535 -0.000002
2.635536 0.000235
2.640537 0.000668
2.645538 0.000589
2.650539 0.000550
2.655540 0.000077
2.660541 0.000313
2.665542 -0.000002
2.670543 -0.000278
2.675544 0.000471
2.680545 -0.000239
2.685546 -0.000396
2.690547 -0.000475
2.695548 -0.000554
2.700549 0.000077
2.705550 -0.000672
2.710551 -0.000791
2.715552 -0.000121
2.720553 -0.000042
2.725554 -0.000278
2.730555 -0.000515
2.735556 -0.000121
2.740557 -0.000278
2.745558 -0.000475
2.750559 -0.000042
2.755560 0.000431
2.760561 0.000273
2.765562 -0.000397
2.770563 0.000037
2.775564 0.000746
2.780565 0.000470
2.785566 0.000273
2.790567 0.000194
2.795568 0.000273
2.800569 0.000589
2.805570 0.000667
2.810571 0.000628
2.815572 0.000510
2.820573 0.000510
2.825574 0.000273
2.830575 -0.000200
2.835576 0.000313
2.840577 0.000825
2.845578 0.000431
2.850580 0.000312
2.855581 0.000155
2.860582 -0.000318
2.865583 -0.000515
2.870584 -0.000555
2.875585 -0.000476
2.880586 0.000076
2.885587 0.000352
2.890588 -0.000082
2.895589 -0.000042
2.900590 0.000588
2.905591 0.000352
2.910592 0.000312
2.915593 0.000391
2.920594 -0.000003
2.925595 0.000430
2.930596 0.000509
2.935597 0.000430
2.940598 0.001022
2.945599 0.000864
2.950600 0.000273
2.955601 0.000273
2.960602 0.000824
2.965603 0.000667
2.970604 0.000115
2.975605 0.000115
2.980606 -0.000003
2.985607 0.000312
2.990608 0.000391
2.995609 -0.000319
3.000610 -0.000279
3.005611 0.000075
3.010612 -0.000122
3.015613 -0.000752
3.020614 -0.000240
3.025615 0.000430
3.030616 -0.000082
3.035617 -0.000082
3.040618 -0.000004
3.045619 -0.000083
3.050620 -0.000201
3.055621 -0.000122
3.060622 0.000430
3.065623 0.000390
3.070624 0.000075
3.075625 -0.000043
3.080626 0.000311
3.085627 0.000311
3.090628 -0.000043
3.095629 0.000154
3.100630 0.000627
3.105631 0.000706
3.110632 0.000390
3.115633 0.000469
3.120634 0.000193
3.125635 -0.000043
3.130636 0.000351
3.135637 0.000154
3.140638 -0.000122
3.145639 -0.000083
3.150641 0.000193
3.155642 0.000272
3.160643 -0.000083
3.165644 0.000035
3.170645 -0.000044
3.175646 -0.000359
3.180647 -0.000477
3.185648 -0.000280
3.190649 0.000193
3.195650 -0.000123
3.200651 -0.000280
3.205652 -0.000162
3.210653 -0.000083
3.215654 0.000153
3.220655 -0.000083
3.225656 -0.000517
3.230657 0.000114
3.235658 0.001060
3.240659 0.000350
3.245660 0.000114
3.250661 0.000744
3.255662 0.000390
3.260663 -0.000005
3.265664 0.000271
3.270665 0.000271
3.275666 -0.000083
3.280667 0.000350
3.285668 0.000823
3.290669 0.000626
3.295670 0.000350
3.300671 0.000350
3.305672 0.000271
3.310673 0.000626
3.315674 0.000586
3.320675 0.000192
3.325676 0.000192
3.330677 -0.000399
3.335678 0.000232
3.340679 0.000507
3.345680 -0.000005
3.350681 0.000153
3.355682 -0.000241
3.360683 -0.000320
3.365684 -0.000360
3.370685 -0.000163
3.375686 -0.000281
3.380687 -0.000399
3.385688 -0.000084
3.390689 -0.000163
3.395690 -0.000242
3.400691 -0.000005
3.405692 -0.000084
3.410693 -0.000399
3.415694 0.000271
3.420695 -0.000321
3.425696 -0.000202
3.430697 0.000744
3.435698 0.000034
3.440699 0.000428
3.445700 0.000665
3.450702 0.000231
3.455703 0.000625
3.460704 0.000468
3.465705 -0.000045
3.470706 0.000349
3.475707 0.001098
3.480708 0.000704
3.485709 0.000192
3.490710 0.000586
3.495711 0.000783
3.500712 0.000704
3.505713 0.000625
3.510714 0.000191
3.515715 0.000310
3.520716 0.000704
3.525717 0.000231
3.530718 -0.000124
3.535719 -0.000203
3.540720 -0.000282
3.545721 0.000270
3.550722 0.000467
3.555723 -0.000006
3.560724 -0.000045
3.565725 -0.000164
3.570726 -0.000361
3.575727 -0.000242
3.580728 0.000743
3.585729 0.000546
3.590730 -0.000558
3.595731 -0.000440
3.600732 -0.000518
3.605733 0.000191
3.610734 -0.000045
3.615735 -0.000479
3.620736 0.000349
3.625737 -0.000006
3.630738 0.000349
3.635739 -0.000124
3.640740 -0.000479
3.645741 0.000230
3.650742 -0.000479
3.655743 -0.000322
3.660744 -0.000085
3.665745 -0.000046
3.670746 -0.000006
3.675747 -0.000282
3.680748 -0.000085
3.685749 -0.000282
3.690750 0.000072
3.695751 -0.000282
3.700752 -0.000401
3.705753 0.000269
3.710754 -0.000006
3.715755 -0.000164
3.720756 -0.000046
3.725757 0.000545
3.730758 0.000151
3.735759 -0.000401
3.740760 -0.000164
3.745761 0.000388
3.750763 0.000506
3.755764 0.000190
3.760765 -0.000046
3.765766 -0.000046
3.770767 0.001215
3.775768 0.000703
3.780769 0.000033
3.785770 0.000506
3.790771 0.000151
3.795772 0.000348
3.800773 0.000151
3.805774 0.000033
3.810775 0.000348
3.815776 0.000308
3.820777 0.000111
3.825778 0.000072
3.830779 0.000348
3.835780 0.000348
3.840781 0.000072
3.845782 -0.000362
3.850783 -0.000046
3.855784 0.000229
3.860785 0.000229
3.865786 -0.000007
3.870787 -0.000125
3.875788 0.000190
3.880789 -0.000204
3.885790 -0.000323
3.890791 -0.000086
3.895792 0.000347
3.900793 0.000347
3.905794 -0.000047
3.910795 0.000623
3.915796 0.000505
3.920797 -0.000165
3.925798 -0.000244
3.930799 0.000584
3.935800 0.000505
3.940801 0.000111
3.945802 0.000466
3.950803 0.000268
3.955804 0.000426
3.960805 0.000150
3.965806 -0.000244
3.970807 -0.000047
3.975808 0.000189
3.980809 -0.000205
3.985810 -0.000559
3.990811 0.000032
3.995812 0.000032
4.000813 -0.000008
4.005814 0.000150
4.010815 -0.000087
4.015816 -0.000284
4.020817 -0.000402
4.025818 -0.000244
4.030819 -0.000126
4.035820 0.000071
4.040821 -0.000087
4.045822 -0.000441
4.050824 -0.000166
4.055825 0.000110
4.060826 0.000189
4.065827 -0.000047
4.070828 -0.000166
4.075829 -0.000323
4.080830 -0.000402
4.085831 0.000228
4.090832 0.000110
4.095833 0.000071
4.100834 0.000544
4.105835 -0.000008
4.110836 -0.000166
4.115837 -0.000363
4.120838 0.000110
4.125839 0.000425
4.130840 -0.000245
4.135841 0.000386
4.140842 0.000425
4.145843 0.000268
4.150844 0.000465
4.155845 0.000504
4.160846 0.000465
4.165847 -0.000363
4.170848 0.000031
4.175849 0.000267
4.180850 0.000346
4.185851 0.000386
4.190852 -0.000403
4.195853 0.000307
4.200854 0.000740
4.205855 0.000189
4.210856 -0.000009
4.215857 -0.000087
4.220858 0.000267
4.225859 -0.000087
4.230860 -0.000521
4.235861 -0.000088
4.240862 0.000385
4.245863 0.000267
4.250864 -0.000285
4.255865 -0.000088
4.260866 0.000070
4.265867 -0.000285
4.270868 -0.000166
4.275869 0.000306
4.280870 0.000346
4.285871 0.000267
4.290872 0.000267
4.295873 -0.000127
4.300874 0.000228
4.305875 0.000622
4.310876 0.000227
4.315877 0.000661
4.320878 0.000346
4.325879 -0.000206
4.330880 0.000503
4.335881 0.000779
4.340882 0.001134
4.345883 0.000976
4.350885 0.000503
4.355886 0.000424
4.360887 0.000227
4.365888 0.000661
4.370889 0.000464
4.375890 0.000503
4.380891 0.000543
4.385892 0.000030
4.390893 0.000030
4.395894 0.000109
4.400895 0.000188
4.405896 0.000227
4.410897 0.000464
4.415898 0.000188
4.420899 0.000266
4.425900 -0.000088
4.430901 -0.000364
4.435902 0.000385
4.440903 0.000069
4.445904 0.000385
4.450905 0.000345
4.455906 -0.000246
4.460907 0.000069
4.465908 0.000069
4.470909 0.000384
4.475910 0.000109
4.480911 -0.000246
4.485912 0.000581
4.490913 0.000108
4.495914 -0.000089
4.500915 0.000463
4.505916 0.000266
4.510917 0.000503
4.515918 -0.000089
4.520919 -0.000089
4.525920 0.000266
4.530921 0.000069
4.535922 0.000542
4.540923 0.000108
4.545924 -0.000089
4.550925 0.000069
4.555926 0.000108
4.560927 0.000226
4.565928 0.000266
4.570929 -0.000168
4.575930 -0.000325
4.580931 0.000581
4.585932 -0.000168
4.590933 -0.000444
4.595934 0.000423
4.600935 0.000069
4.605936 0.000147
4.610937 0.000305
4.615938 -0.000050
4.620939 0.000226
4.625940 -0.000089
4.630941 -0.000404
4.635942 0.000187
4.640943 -0.000680
4.645944 -0.000759
4.650946 -0.000010
4.655947 -0.000483
4.660948 -0.000168
4.665949 -0.000720
4.670950 -0.001035
4.675951 -0.000996
4.680952 -0.001824
4.685953 -0.001430
4.690954 -0.001784
4.695955 -0.001784
4.700956 -0.001745
4.705957 -0.002376
4.710958 -0.001114
4.715959 -0.000444
4.720960 0.000817
4.725961 0.002157
4.730962 0.002078
4.735963 0.003418
4.740964 0.003379
4.745965 0.001526
4.750966 0.000304
4.755967 -0.000957
4.760968 -0.003204
4.765969 -0.003716
4.770970 -0.001903
4.775971 -0.000445
4.780972 0.001014
4.785973 0.003576
4.790974 0.006493
4.795975 0.008582
4.800976 0.010158
4.805977 0.009685
4.810978 0.005783
4.815979 0.001565
4.820980 -0.002770
4.825981 -0.007658
4.830982 -0.010811
4.835983 -0.012624
4.840984 -0.012939
4.845985 -0.011639
4.850986 -0.008998
4.855987 -0.003519
4.860988 0.001565
4.865989 0.004403
4.870990 0.005822
4.875991 0.005822
4.880992 0.005743
4.885993 0.005231
4.890994 0.001999
4.895995 -0.004032
4.900996 -0.011205
4.905997 -0.021099
4.910998 -0.031702
4.915999 -0.042304
4.921000 -0.052395
4.926001 -0.059411
4.931002 -0.063865
4.936003 -0.063865
4.941004 -0.059056
4.946005 -0.047626
4.951007 -0.028864
4.956008 -0.005451
4.961009 0.021706
4.966010 0.053357
4.971011 0.089816
4.976012 0.129192
4.981013 0.163405
4.986014 0.178225
4.991015 0.163523
4.996016 0.116303
5.001017 0.045316
5.006018 -0.037693
5.011019 -0.120741
5.016020 -0.182584
5.021021 -0.210491
5.026022 -0.197129
5.031023 -0.140410
5.036024 -0.052592
5.041025 0.054657
5.046026 0.160645
5.051027 0.238530
5.056028 0.276448
5.061029 0.278537
5.066030 0.247320
5.071031 0.180668
5.076032 0.082563
5.081033 -0.040807
5.086034 -0.174544
5.091035 -0.298230
5.096036 -0.387506
5.101037 -0.415964
5.106038 -0.367601
5.111039 -0.237057
5.116040 -0.049834
5.121041 0.146652
5.126042 0.304354
5.131043 0.383855
5.136044 0.378100
5.141045 0.299151
5.146046 0.172075
5.151047 0.026159
5.156048 -0.115421
5.161049 -0.214906
5.166050 -0.258736
5.171051 -0.265909
5.176052 -0.244270
5.181053 -0.200519
5.186054 -0.135996
5.191055 -0.054879
5.196056 0.028603
5.201057 0.112715
5.206058 0.180865
5.211059 0.205775
5.216060 0.175149
5.221061 0.094781
5.226062 0.002628
5.231063 -0.057086
5.236064 -0.064063
5.241065 -0.020075
5.246066 0.063288
5.251068 0.165493
5.256069 0.246215
5.261070 0.270692
5.266071 0.228163
5.271072 0.122293
5.276073 -0.017750
5.281074 -0.153773
5.286075 -0.267053
5.291076 -0.338079
5.296077 -0.346593
5.301078 -0.291845
5.306079 -0.199219
5.311080 -0.094965
5.316081 0.015832
5.321082 0.130570
5.326083 0.232065
5.331084 0.292765
5.336085 0.298086
5.341086 0.243850
5.346087 0.143814
5.351088 0.014097
5.356089 -0.148925
5.361090 -0.309425
5.366091 -0.401933
5.371092 -0.396572
5.376093 -0.294013
5.381094 -0.117077
5.386095 0.074285
5.391096 0.218348
5.396097 0.287246
5.401098 0.285748
5.406099 0.249250
5.411100 0.202148
5.416101 0.151105
5.421102 0.105265
5.426103 0.064943
5.431104 0.013663
5.436105 -0.067138
5.441106 -0.166781
5.446107 -0.248883
5.451108 -0.281992
5.456109 -0.257160
5.461110 -0.184163
5.466111 -0.082392
5.471112 0.023990
5.476113 0.115000
5.481114 0.178578
5.486115 0.205695
5.491116 0.198167
5.496117 0.153470
5.501118 0.074166
5.506119 -0.009119
5.511120 -0.088778
5.516121 -0.152749
5.521122 -0.158267
5.526123 -0.108328
5.531124 -0.034503
5.536125 0.032740
5.541126 0.060016
5.546127 0.057848
5.551129 0.052448
5.556130 0.042870
5.561131 0.038258
5.566132 0.056507
5.571133 0.089459
5.576134 0.107077
5.581135 0.082009
5.586136 0.022847
5.591137 -0.032532
5.596138 -0.074313
5.601139 -0.102100
5.606140 -0.096701
5.611141 -0.056142
5.616142 -0.002103
5.621143 0.046772
5.626144 0.077437
5.631145 0.072786
5.636146 0.033292
5.641147 -0.026738
5.646148 -0.086059
5.651149 -0.118340
5.656150 -0.118222
5.661151 -0.095242
5.666152 -0.063513
5.671153 -0.036710
5.676154 -0.018855
5.681155 0.001680
5.686156 0.042396
5.691157 0.093360
5.696158 0.132973
5.701159 0.149922
5.706160 0.131120
5.711161 0.074835
5.716162 0.003020
5.721163 -0.069741
5.726164 -0.136668
5.731165 -0.164653
5.736166 -0.138008
5.741167 -0.081368
5.746168 -0.011406
5.751169 0.067307
5.756170 0.130608
5.761171 0.152247
5.766172 0.136441
5.771173 0.087960
5.776174 0.018510
5.781175 -0.049048
5.786176 -0.103441
5.791177 -0.130756
5.796178 -0.128864
5.801179 -0.112192
5.806180 -0.088621
5.811181 -0.055670
5.816182 -0.013417
5.821183 0.040898
5.826184 0.105618
5.831185 0.152325
5.836186 0.158356
5.841187 0.117048
5.846188 0.038809
5.851190 -0.047866
5.856191 -0.121652
5.861192 -0.151804
5.866193 -0.122952
5.871194 -0.058547
5.876195 0.014095
5.881196 0.072194
5.886197 0.108732
5.891198 0.126074
5.896199 0.118783
5.901200 0.089497
5.906201 0.054023
5.911202 0.029861
5.916203 0.005818
5.921204 -0.043097
5.926205 -0.109906
5.931206 -0.157835
5.936207 -0.140335
5.941208 -0.058745
5.946209 0.030019
5.951210 0.088314
5.956211 0.104829
5.961212 0.076489
5.966213 0.015947
5.971214 -0.060440
5.976215 -0.134304
5.981216 -0.181997
5.986217 -0.193704
5.991218 -0.173444
5.996219 -0.123268
6.001220 -0.045344
6.006221 0.042631
6.011222 0.112239
6.016223 0.149171
6.021224 0.155044
6.026225 0.144954
6.031226 0.130331
6.036227 0.103371
6.041228 0.060486
6.046229 0.007354
6.051230 -0.041363
6.056231 -0.068087
6.061232 -0.073093
6.066233 -0.064973
6.071234 -0.043019
6.076235 -0.008215
6.081236 0.024579
6.086237 0.045745
6.091238 0.048346
6.096239 0.025840
6.101240 -0.009043
6.106241 -0.032810
6.111242 -0.031707
6.116243 -0.009752
6.121244 0.017169
6.126245 0.034432
6.131246 0.032738
6.136247 0.007709
6.141248 -0.026031
6.146249 -0.054174
6.151251 -0.068481
6.156252 -0.046448
6.161253 0.018863
6.166254 0.096433
6.171255 0.137583
6.176256 0.130251
6.181257 0.103055
6.186258 0.068093
6.191259 0.020046
6.196260 -0.040457
6.201261 -0.099620
6.206262 -0.117830
6.211263 -0.078651
6.216264 -0.021735
6.221265 0.011098
6.226266 0.010270
6.231267 -0.005220
6.236268 -0.013458
6.241269 -0.000411
6.246270 0.038610
6.251271 0.078341
6.256272 0.084687
6.261273 0.044877
6.266274 -0.042665
6.271275 -0.158034
6.276276 -0.255745
6.281277 -0.311045
6.286278 -0.316445
6.291279 -0.267569
6.296280 -0.186334
6.301281 -0.096349
6.306282 -0.004826
6.311283 0.084016
6.316284 0.163793
6.321285 0.225912
6.326286 0.265249
6.331287 0.275772
6.336288 0.249364
6.341289 0.183737
6.346290 0.083386
6.351291 -0.034585
6.356292 -0.137459
6.361293 -0.192720
6.366294 -0.190867
6.371295 -0.144199
6.376296 -0.064304
6.381297 0.031751
6.386298 0.113696
6.391299 0.160403
6.396300 0.153505
6.401301 0.079917
6.406302 -0.021342
6.411303 -0.080898
6.416304 -0.085392
6.421305 -0.068128
6.426306 -0.045740
6.431307 -0.035137
6.436308 -0.052677
6.441309 -0.081017
6.446310 -0.090122
6.451312 -0.062413
6.456313 0.010545
6.461314 0.110109
6.466315 0.185077
6.471316 0.215506
6.476317 0.221260
6.481318 0.208253
6.486319 0.177588
6.491320 0.137029
6.496321 0.089652
6.501322 0.044797
6.506323 0.007510
6.511324 -0.032142
6.516325 -0.077903
6.521326 -0.119684
6.526327 -0.141402
6.531328 -0.129735
6.536329 -0.075775
6.541330 0.017127
6.546331 0.114247
6.551332 0.161979
6.556333 0.139473
6.561334 0.073018
6.566335 -0.007586
6.571336 -0.076524
6.576337 -0.107229
6.581338 -0.098281
6.586339 -0.069863
6.591340 -0.040814
6.596341 -0.026782
6.601342 -0.040459
6.606343 -0.075263
6.611344 -0.105692
6.616345 -0.100410
6.621346 -0.043612
6.626347 0.038569
6.631348 0.099190
6.636349 0.113340
6.641350 0.080546
6.646351 0.008534
6.651352 -0.075618
6.656353 -0.132928
6.661354 -0.140693
6.666355 -0.098360
6.671356 -0.032300
6.676357 0.012082
6.681358 0.010781
6.686359 -0.020239
6.691360 -0.053072
6.696361 -0.063675
6.701362 -0.042154
6.706363 -0.002226
6.711364 0.037268
6.716365 0.055596
6.721366 0.042865
6.726367 0.014446
6.731368 -0.022249
6.736369 -0.060088
6.741370 -0.073766
6.746371 -0.051023
6.751373 0.002425
6.756374 0.071756
6.761375 0.130761
6.766376 0.156894
6.771377 0.145345
6.776378 0.103998
6.781379 0.050235
6.786380 0.000059
6.791381 -0.034074
6.796382 -0.040854
6.801383 -0.030133
6.806384 -0.024221
6.811385 -0.033720
6.816386 -0.049210
6.821387 -0.052284
6.826388 -0.035809
6.831389 0.004474
6.836390 0.069036
6.841391 0.141403
6.846392 0.190239
6.851393 0.186218
6.856394 0.121262
6.861395 0.008731
6.866396 -0.117911
6.871397 -0.219051
6.876398 -0.274548
6.881399 -0.281564
6.886400 -0.251293
6.891401 -0.217357
6.896402 -0.205374
6.901403 -0.208764
6.906404 -0.203640
6.911405 -0.168206
6.916406 -0.103958
6.921407 -0.029384
6.926408 0.039632
6.931409 0.088113
6.936410 0.110383
6.941411 0.116729
6.946412 0.124651
6.951413 0.156223
6.956414 0.212074
6.961415 0.265482
6.966416 0.286254
6.971417 0.255589
6.976418 0.185154
6.981419 0.108727
6.986420 0.063439
6.991421 0.057881
6.996422 0.058985
7.001423 0.036281
7.006424 -0.014604
7.011425 -0.071086
7.016426 -0.093987
7.021427 -0.066435
7.026428 -0.018191
7.031429 0.000098
7.036430 -0.035100
7.041431 -0.105063
7.046432 -0.168561
7.051434 -0.191540
7.056435 -0.164856
7.061436 -0.107625
7.066437 -0.050118
7.071438 -0.006209
7.076439 0.019175
7.081440 0.025363
7.086441 0.020278
7.091442 0.010661
7.096443 0.000373
7.101444 -0.014880
7.106445 -0.039081
7.111446 -0.054020
7.116447 -0.030647
7.121448 0.033167
7.126449 0.124296
7.131450 0.222243
7.136451 0.289643
7.141452 0.306237
7.146453 0.276873
7.151454 0.208881
7.156455 0.106795
7.161456 -0.011688
7.166457 -0.121775
7.171458 -0.208647
7.176459 -0.266785
7.181460 -0.293311
7.186461 -0.276442
7.191462 -0.215111
7.196463 -0.117400
7.201464 0.000610
7.206465 0.091620
7.211466 0.128316
7.216467 0.132218
7.221468 0.129064
7.226469 0.130010
7.231470 0.135726
7.236471 0.137539
7.241472 0.120511
7.246473 0.088466
7.251474 0.053623
7.256475 0.012946
7.261476 -0.030095
7.266477 -0.069590
7.271478 -0.093633
7.276479 -0.081808
7.281480 -0.036599
7.286481 0.018070
7.291482 0.060954
7.296483 0.092802
7.301484 0.118264
7.306485 0.130680
7.311486 0.126029
7.316487 0.103641
7.321488 0.075183
7.326489 0.045779
7.331490 -0.001125
7.336491 -0.074753
7.341492 -0.168996
7.346493 -0.264697
7.351495 -0.327131
7.356496 -0.329693
7.361497 -0.273329
7.366498 -0.169390
7.371499 -0.044246
7.376500 0.060441
7.381501 0.124216
7.386502 0.143963
7.391503 0.124610
7.396504 0.083263
7.401505 0.032338
7.406506 -0.012477
7.411507 -0.035614
7.416508 -0.040147
7.421509 -0.026903
7.426510 0.007782
7.431511 0.051021
7.436512 0.085155
7.441513 0.101985
7.446514 0.102064
7.451515 0.089333
7.456516 0.070965
7.461517 0.052637
7.466518 0.036201
7.471519 0.023115
7.476520 0.002776
7.481521 -0.033052
7.486522 -0.079523
7.491523 -0.126980
7.496524 -0.160404
7.501525 -0.173017
7.506526 -0.168445
7.511527 -0.152324
7.516528 -0.130291
7.521529 -0.106799
7.526530 -0.084175
7.531531 -0.063363
7.536532 -0.043104
7.541533 -0.025800
7.546534 -0.013739
7.551535 -0.000101
7.556536 0.021814
7.561537 0.056184
7.566538 0.107542
7.571539 0.175061
7.576540 0.239229
7.581541 0.275728
7.586542 0.269421
7.591543 0.213215
7.596544 0.115543
7.601545 -0.005344
7.606546 -0.118939
7.611547 -0.200372
7.616548 -0.242152
7.621549 -0.245148
7.626550 -0.216020
7.631551 -0.154689
7.636552 -0.059304
7.641553 0.060204
7.646554 0.170961
7.651556 0.239347
7.656557 0.251763
7.661558 0.210180
7.666559 0.134187
7.671560 0.039865
7.676561 -0.057215
7.681562 -0.140027
7.686563 -0.201318
7.691564 -0.227884
7.696565 -0.210896
7.701566 -0.150196
7.706567 -0.051145
7.711568 0.066471
7.716569 0.161619
7.721570 0.204464
7.726571 0.200680
7.731572 0.161028
7.736573 0.107620
7.741574 0.058114
7.746575 0.009909
7.751576 -0.028639
7.756577 -0.061630
7.761578 -0.097892
7.766579 -0.123315
7.771580 -0.136086
7.776581 -0.138608
7.781582 -0.127138
7.786583 -0.097419
7.791584 -0.047046
7.796585 0.023310
7.801586 0.104506
7.806587 0.165088
7.811588 0.195004
7.816589 0.194846
7.821590 0.161540
7.826591 0.111719
7.831592 0.062056
7.836593 0.022364
7.841594 -0.002862
7.846595 -0.015120
7.851596 -0.021190
7.856597 -0.027260
7.861598 -0.035537
7.866599 -0.043105
7.871600 -0.052407
7.876601 -0.063483
7.881602 -0.064665
7.886603 -0.059541
7.891604 -0.060803
7.896605 -0.074165
7.901606 -0.093754
7.906607 -0.110979
7.911608 -0.121621
7.916609 -0.109875
7.921610 -0.071169
7.926611 -0.014450
7.931612 0.043885
7.936613 0.084956
7.941614 0.110891
7.946615 0.116961
7.951617 0.100012
7.956618 0.074510
7.961619 0.050664
7.966620 0.030168
7.971621 -0.000458
7.976622 -0.042987
7.981623 -0.081102
7.986624 -0.105027
7.991625 -0.106013
7.996626 -0.087645
8.001627 -0.064587
8.006628 -0.041490
8.011629 -0.028364
8.016630 -0.033252
8.021631 -0.048821
8.026632 -0.063523
8.031633 -0.067543
8.036634 -0.058832
8.041635 -0.035853
8.046636 0.007267
8.051637 0.065168
8.056638 0.119641
8.061639 0.160041
8.066640 0.187002
8.071641 0.205369
8.076642 0.218376
8.081643 0.215381
8.086644 0.184321
8.091645 0.128982
8.096646 0.061227
8.101647 -0.003493
8.106648 -0.054497
8.111649 -0.090050
8.116650 -0.117798
8.121651 -0.140305
8.126652 -0.146966
8.131653 -0.132658
8.136654 -0.090168
8.141655 -0.032503
8.146656 0.020353
8.151657 0.065641
8.156658 0.085506
8.161659 0.082826
8.166660 0.066508
8.171661 0.047983
8.176662 0.041676
8.181663 0.049126
8.186664 0.071593
8.191665 0.086807
8.196666 0.106042
8.201667 0.099578
8.206668 0.059334
8.211669 0.027132
8.216670 -0.033726
8.221671 -0.071762
8.226672 -0.074521
8.231673 -0.086464
8.236674 -0.059937
8.241675 -0.034751
8.246676 -0.035145
8.251678 -0.029154
8.256679 -0.045432
8.261680 -0.070343
8.266681 -0.076255
8.271682 -0.088001
8.276683 -0.099668
8.281684 -0.100023
8.286685 -0.113582
8.291686 -0.124421
8.296687 -0.132067
8.301688 -0.136127
8.306689 -0.112005
8.311690 -0.077122
8.316691 -0.020246
8.321692 0.030679
8.326693 0.064931
8.331694 0.107854
8.336695 0.116368
8.341696 0.112545
8.346697 0.096818
8.351698 0.048258
8.356699 0.005847
8.361700 -0.032268
8.366701 -0.060213
8.371702 -0.067584
8.376703 -0.060923
8.381704 -0.044368
8.386705 -0.021665
8.391706 0.010104
8.396707 0.035724
8.401708 0.050583
8.406709 0.055155
8.411710 0.036945
8.416711 0.013927
8.421712 0.002851
8.426713 0.002772
8.431714 0.021297
8.436715 0.050307
8.441716 0.079711
8.446717 0.101744
8.451718 0.106514
8.456719 0.093861
8.461720 0.067768
8.466721 0.043331
8.471722 0.028983
8.476723 0.025869
8.481724 0.026579
8.486725 0.018459
8.491726 0.006477
8.496727 -0.005702
8.501728 -0.012718
8.506729 -0.009210
8.511730 0.000683
8.516731 0.015779
8.521732 0.028825
8.526733 0.031230
8.531734 0.023347
8.536735 0.010182
8.541736 -0.003614
8.546737 -0.018513
8.551739 -0.038339
8.556740 -0.064313
8.561741 -0.089697
8.566742 -0.104872
8.571743 -0.107119
8.576744 -0.095531
8.581745 -0.070581
8.586746 -0.039245
8.591747 -0.008777
8.596748 0.016488
8.601749 0.033634
8.606750 0.036156
8.611751 0.020903
8.616752 -0.004087
8.621753 -0.029076
8.626754 -0.043660
8.631755 -0.042635
8.636756 -0.029628
8.641757 -0.006649
8.646758 0.019720
8.651759 0.040531
8.656760 0.046759
8.661761 0.034146
8.666762 0.016015
8.671763 0.003323
8.676764 -0.003890
8.681765 -0.004205
8.686766 -0.002432
8.691767 -0.006176
8.696768 -0.016188
8.701769 -0.034674
8.706770 -0.057811
8.711771 -0.077203
8.716772 -0.090998
8.721773 -0.097029
8.726774 -0.091511
8.731775 -0.069793
8.736776 -0.031087
8.741777 0.019601
8.746778 0.070684
8.751779 0.107419
8.756780 0.122515
8.761781 0.113528
8.766782 0.084558
8.771783 0.045852
8.776784 0.007895
8.781785 -0.022810
8.786786 -0.041532
8.791787 -0.046144
8.796788 -0.039128
8.801789 -0.023322
8.806790 -0.004876
8.811791 0.016527
8.816792 0.041910
8.821793 0.070092
8.826794 0.097486
8.831795 0.118573
8.836796 0.132920
8.841797 0.137059
8.846798 0.134930
8.851800 0.121805
8.856801 0.101585
8.861802 0.075689
8.866803 0.038008
8.871804 0.006554
8.876805 -0.030575
8.881806 -0.063881
8.886807 -0.078899
8.891808 -0.098054
8.896809 -0.108460
8.901810 -0.117289
8.906811 -0.137076
8.911812 -0.152487
8.916813 -0.160173
8.921814 -0.153749
8.926815 -0.127419
8.931816 -0.086112
8.936817 -0.042439
8.941818 -0.005231
8.946819 0.022872
8.951820 0.036746
8.956821 0.042304
8.961822 0.048886
8.966823 0.053576
8.971824 0.059095
8.976825 0.062366
8.981826 0.054956
8.986827 0.042777
8.991828 0.029257
8.996829 0.017590
9.001830 0.012781
9.006831 0.014358
9.011832 0.017078
9.016833 0.019640
9.021834 0.025631
9.026835 0.032252
9.031836 0.040609
9.036837 0.048255
9.041838 0.049280
9.046839 0.044353
9.051840 0.032213
9.056841 0.015580
9.061842 0.002770
9.066843 -0.001133
9.071844 0.001193
9.076845 0.007263
9.081846 0.015501
9.086847 0.019324
9.091848 0.018339
9.096849 0.015501
9.101850 0.010850
9.106851 0.003439
9.111852 -0.008582
9.116853 -0.025728
9.121854 -0.047840
9.126855 -0.071608
9.131856 -0.091710
9.136857 -0.106017
9.141858 -0.112403
9.146859 -0.107752
9.151861 -0.096873
9.156862 -0.083354
9.161863 -0.068179
9.166864 -0.056788
9.171865 -0.046697
9.176866 -0.035897
9.181867 -0.017530
9.186868 0.007420
9.191869 0.028980
9.196870 0.048491
9.201871 0.059172
9.206872 0.062010
9.211873 0.070800
9.216874 0.082191
9.221875 0.086251
9.226876 0.094016
9.231877 0.097405
9.236878 0.086369
9.241879 0.082585
9.246880 0.073835
9.251881 0.058463
9.256882 0.054127
9.261883 0.044667
9.266884 0.033237
9.271885 0.026457
9.276886 0.008090
9.281887 -0.019541
9.286888 -0.051506
9.291889 -0.091671
9.296890 -0.124267
9.301891 -0.134279
9.306892 -0.126632
9.311893 -0.103850
9.316894 -0.069519
9.321895 -0.033376
9.326896 0.001034
9.331897 0.031345
9.336898 0.051919
9.341899 0.062877
9.346900 0.069499
9.351901 0.072888
9.356902 0.070760
9.361903 0.059881
9.366904 0.043563
9.371905 0.024486
9.376906 0.003162
9.381907 -0.012880
9.386908 -0.022339
9.391909 -0.027542
9.396910 -0.029395
9.401911 -0.031247
9.406912 -0.033258
9.411913 -0.033888
9.416914 -0.033809
9.421915 -0.028725
9.426916 -0.018319
9.431917 -0.009490
9.436918 -0.004957
9.441919 -0.003854
9.446920 -0.003341
9.451922 -0.004445
9.456923 -0.007717
9.461924 -0.014141
9.466925 -0.024547
9.471926 -0.034086
9.476927 -0.040037
9.481928 -0.038894
9.486929 -0.026991
9.491930 -0.008899
9.496931 0.009192
9.501932 0.024722
9.506933 0.032842
9.511934 0.032132
9.516935 0.023500
9.521936 0.009586
9.526937 -0.003105
9.531938 -0.011934
9.536939 -0.015364
9.541940 -0.013432
9.546941 -0.009333
9.551942 -0.006416
9.556943 -0.004997
9.561944 -0.005667
9.566945 -0.005667
9.571946 -0.000031
9.576947 0.007261
9.581948 0.013094
9.586949 0.014355
9.591950 0.009429
9.596951 -0.000031
9.601952 -0.016743
9.606953 -0.038934
9.611954 -0.062111
9.616955 -0.084420
9.621956 -0.101132
9.626957 -0.107793
9.631958 -0.105152
9.636959 -0.094274
9.641960 -0.075197
9.646961 -0.051547
9.651962 -0.025218
9.656963 0.002018
9.661964 0.024406
9.666965 0.038359
9.671966 0.044271
9.676967 0.042971
9.681968 0.035403
9.686969 0.026377
9.691970 0.020504
9.696971 0.020228
9.701972 0.022199
9.706973 0.021923
9.711974 0.020701
9.716975 0.015064
9.721976 0.005684
9.726977 -0.002515
9.731978 -0.008270
9.736979 -0.005747
9.741980 0.008364
9.746981 0.030633
9.751983 0.057357
9.756984 0.081873
9.761985 0.094132
9.766986 0.096851
9.771987 0.090348
9.776988 0.072532
9.781989 0.055229
9.786990 0.033629
9.791991 0.010650
9.796992 -0.000505
9.801993 -0.012369
9.806994 -0.015956
9.811995 -0.003855
9.816996 0.007969
9.821997 0.032210
9.826998 0.062914
9.831999 0.080415
9.837000 0.084948
9.842001 0.069339
9.847002 0.032328
9.852003 -0.016074
9.857004 -0.061126
9.862005 -0.097586
9.867006 -0.118160
9.872007 -0.118358
9.877008 -0.103498
9.882009 -0.071729
9.887010 -0.034245
9.892011 0.003278
9.897012 0.039777
9.902013 0.068196
9.907014 0.086721
9.912015 0.094328
9.917016 0.090781
9.922017 0.076473
9.927018 0.057435
9.932019 0.036703
9.937020 0.019202
9.942021 0.006077
9.947022 -0.005945
9.952023 -0.015484
9.957024 -0.029082
9.962025 -0.044888
9.967026 -0.056673
9.972027 -0.064871
9.977028 -0.064714
9.982029 -0.054308
9.987030 -0.039606
9.992031 -0.022539
9.997032 -0.002437
10.002033 0.011871
10.007034 0.020227
10.012035 0.026573
10.017036 0.027440
10.022037 0.026375
10.027038 0.026139
10.032039 0.024878
10.037040 0.019832
10.042041 0.012422
10.047042 0.002962
10.052044 -0.008468
10.057045 -0.016469
10.062046 -0.021790
10.067047 -0.024668
10.072048 -0.024510
10.077049 -0.024392
10.082050 -0.026717
10.087051 -0.031093
10.092052 -0.038306
10.097053 -0.049145
10.102054 -0.060181
10.107055 -0.070548
10.112056 -0.080126
10.117057 -0.085801
10.122058 -0.087063
10.127059 -0.085920
10.132060 -0.083673
10.137061 -0.080559
10.142062 -0.074923
10.147063 -0.063768
10.152064 -0.046504
10.157065 -0.024274
10.162066 0.002923
10.167067 0.032681
10.172068 0.061967
10.177069 0.089361
10.182070 0.109896
10.187071 0.122273
10.192072 0.127239
10.197073 0.123297
10.202074 0.111236
10.207075 0.094248
10.212076 0.073594
10.217077 0.051009
10.222078 0.032523
10.227079 0.019950
10.232080 0.015102
10.237081 0.018255
10.242082 0.026020
10.247083 0.033627
10.252084 0.035164
10.257085 0.032996
10.262086 0.027320
10.267087 0.019792
10.272088 0.014904
10.277089 0.012264
10.282090 0.012145
10.287091 0.010805
10.292092 0.005563
10.297093 -0.002438
10.302094 -0.012844
10.307095 -0.024432
10.312096 -0.035232
10.317097 -0.041539
10.322098 -0.043312
10.327099 -0.041066
10.332100 -0.034010
10.337101 -0.026640
10.342102 -0.020333
10.347103 -0.017456
10.352105 -0.019309
10.357106 -0.019427
10.362107 -0.016944
10.367108 -0.014460
10.372109 -0.013199
10.377110 -0.015209
10.382111 -0.025260
10.387112 -0.041460
10.392113 -0.059039
10.397114 -0.075436
10.402115 -0.085960
10.407116 -0.089823
10.412117 -0.085724
10.417118 -0.076737
10.422119 -0.065701
10.427120 -0.052024
10.432121 -0.039608
10.437122 -0.031764
10.442123 -0.027271
10.447124 -0.026088
10.452125 -0.024512
10.457126 -0.018481
10.462127 -0.010204
10.467128 0.001108
10.472129 0.013997
10.477130 0.026176
10.482131 0.035951
10.487132 0.041943
10.492133 0.045175
10.497134 0.043795
10.502135 0.040129
10.507136 0.036424
10.512137 0.032601
10.517138 0.030591
10.522139 0.031655
10.527140 0.033310
10.532141 0.035518
10.537142 0.041115
10.542143 0.049707
10.547144 0.058654
10.552145 0.065394
10.557146 0.069178
10.562147 0.065119
10.567148 0.051796
10.572149 0.032088
10.577150 0.006350
10.582151 -0.020334
10.587152 -0.042249
10.592153 -0.055848
10.597154 -0.060578
10.602155 -0.056597
10.607156 -0.043944
10.612157 -0.025774
10.617158 -0.006303
10.622159 0.009858
10.627160 0.020303
10.632161 0.023732
10.637162 0.020973
10.642163 0.015179
10.647164 0.009385
10.652166 0.005167
10.657167 0.003551
10.662168 0.004576
10.667169 0.005364
10.672170 0.005758
10.677171 0.005955
10.682172 0.005916
10.687173 0.006862
10.692174 0.006428
10.697175 0.002881
10.702176 -0.002204
10.707177 -0.008510
10.712178 -0.015881
10.717179 -0.021084
10.722180 -0.022897
10.727181 -0.022266
10.732182 -0.020650
10.737183 -0.019586
10.742184 -0.019468
10.747185 -0.021084
10.752186 -0.023133
10.757187 -0.026326
10.762188 -0.029440
10.767189 -0.030583
10.772190 -0.030898
10.777191 -0.030701
10.782192 -0.031569
10.787193 -0.031805
10.792194 -0.031056
10.797195 -0.028061
10.802196 -0.022858
10.807197 -0.015014
10.812198 -0.002795
10.817199 0.010566
10.822200 0.025426
10.827201 0.040010
10.832202 0.052623
10.837203 0.063383
10.842204 0.068744
10.847205 0.069690
10.852206 0.071187
10.857207 0.072922
10.862208 0.076705
10.867209 0.083288
10.872210 0.087545
10.877211 0.088293
10.882212 0.083051
10.887213 0.071897
10.892214 0.057076
10.897215 0.040207
10.902216 0.023928
10.907217 0.008792
10.912218 -0.004333
10.917219 -0.016394
10.922220 -0.027706
10.927221 -0.040201
10.932222 -0.054943
10.937223 -0.071221
10.942224 -0.087933
10.947225 -0.099443
10.952227 -0.102044
10.957228 -0.098457
10.962229 -0.089313
10.967230 -0.077094
10.972231 -0.068068
10.977232 -0.058530
10.982233 -0.049858
10.987234 -0.042093
10.992235 -0.030190
10.997236 -0.018444
11.002237 -0.002717
11.007238 0.015887
11.012239 0.029840
11.017240 0.042492
11.022241 0.050572
11.027242 0.051242
11.032243 0.050257
11.037244 0.048720
11.042245 0.047143
11.047246 0.045251
11.052247 0.040758
11.057248 0.034333
11.062249 0.024518
11.067250 0.014113
11.072251 0.007530
11.077252 0.005954
11.082253 0.010565
11.087254 0.017148
11.092255 0.025425
11.097256 0.034254
11.102257 0.037644
11.107258 0.036264
11.112259 0.030352
11.117260 0.020143
11.122261 0.008594
11.127262 -0.002245
11.132263 -0.010128
11.137264 -0.014937
11.142265 -0.018208
11.147266 -0.022071
11.152267 -0.027077
11.157268 -0.033186
11.162269 -0.039650
11.167270 -0.041700
11.172271 -0.038665
11.177272 -0.031846
11.182273 -0.023214
11.187274 -0.015292
11.192275 -0.011626
11.197276 -0.012848
11.202277 -0.016908
11.207278 -0.023135
11.212279 -0.028141
11.217280 -0.031097
11.222281 -0.031610
11.227282 -0.030191
11.232283 -0.027865
11.237284 -0.025343
11.242285 -0.024279
11.247286 -0.023569
11.252288 -0.023924
11.257289 -0.024160
11.262290 -0.023372
11.267291 -0.023372
11.272292 -0.022544
11.277293 -0.019588
11.282294 -0.015529
11.287295 -0.009064
11.292296 -0.000432
11.297297 0.009973
11.302298 0.023020
11.307299 0.038628
11.312300 0.054434
11.317301 0.067677
11.322302 0.077295
11.327303 0.080527
11.332304 0.075994
11.337305 0.064090
11.342306 0.046669
11.347307 0.026567
11.352308 0.007569
11.357309 -0.007409
11.362310 -0.017105
11.367311 -0.018524
11.372312 -0.013400
11.377313 -0.003783
11.382314 0.008672
11.387315 0.020576
11.392316 0.031888
11.397317 0.040559
11.402318 0.044501
11.407319 0.044895
11.412320 0.041584
11.417321 0.033977
11.422322 0.023926
11.427323 0.013402
11.432324 0.002365
11.437325 -0.006464
11.442326 -0.011154
11.447327 -0.012415
11.452328 -0.008710
11.457329 -0.002010
11.462330 0.003272
11.467331 0.009697
11.472332 0.015175
11.477333 0.015018
11.482334 0.015294
11.487335 0.011746
11.492336 0.005755
11.497337 0.007056
11.502338 0.007765
11.507339 0.010958
11.512340 0.017540
11.517341 0.018171
11.522342 0.015766
11.527343 0.010682
11.532344 0.001498
11.537345 -0.011352
11.542346 -0.027197
11.547347 -0.045761
11.552349 -0.066888
11.557350 -0.086005
11.562351 -0.100352
11.567352 -0.109339
11.572353 -0.109930
11.577354 -0.103820
11.582355 -0.094715
11.587356 -0.083009
11.592357 -0.070238
11.597358 -0.057547
11.602359 -0.046037
11.607360 -0.032715
11.612361 -0.017028
11.617362 -0.001104
11.622363 0.016239
11.627364 0.030034
11.632365 0.039888
11.637366 0.045288
11.642367 0.044184
11.647368 0.041859
11.652369 0.038903
11.657370 0.038233
11.662371 0.040006
11.667372 0.040479
11.672373 0.042095
11.677374 0.043081
11.682375 0.042765
11.687376 0.041740
11.692377 0.039021
11.697378 0.037562
11.702379 0.037168
11.707380 0.038469
11.712381 0.041583
11.717382 0.044145
11.722383 0.046076
11.727384 0.045918
11.732385 0.043041
11.737386 0.037759
11.742387 0.030743
11.747388 0.021954
11.752389 0.012021
11.757390 0.003862
11.762391 -0.003075
11.767392 -0.008120
11.772393 -0.009737
11.777394 -0.010643
11.782395 -0.011471
11.787396 -0.012653
11.792397 -0.013678
11.797398 -0.013875
11.802399 -0.013757
11.807400 -0.011353
11.812401 -0.008515
11.817402 -0.006426
11.822403 -0.004061
11.827404 -0.003470
11.832405 -0.004849
11.837406 -0.007490
11.842407 -0.010328
11.847408 -0.012693
11.852410 -0.014624
11.857411 -0.015216
11.862412 -0.014270
11.867413 -0.012693
11.872414 -0.013127
11.877415 -0.015413
11.882416 -0.019039
11.887417 -0.026331
11.892418 -0.035988
11.897419 -0.045172
11.902420 -0.051754
11.907421 -0.053488
11.912422 -0.050532
11.917423 -0.043043
11.922424 -0.033111
11.927425 -0.024045
11.932426 -0.016674
11.937427 -0.012023
11.942428 -0.007136
11.947429 -0.002603
11.952430 -0.000632
11.957431 0.002797
11.962432 0.007054
11.967433 0.013202
11.972434 0.022071
11.977435 0.033186
11.982436 0.045208
11.987437 0.053840
11.992438 0.057387
11.997439 0.053564
12.002440 0.043868
12.007441 0.030230
12.012442 0.013202
12.017443 -0.004022
12.022444 -0.018843
12.027445 -0.030470
12.032446 -0.039417
12.037447 -0.045330
12.042448 -0.048680
12.047449 -0.050690
12.052450 -0.051873
12.057451 -0.049429
12.062452 -0.043556
12.067453 -0.035003
12.072454 -0.024597
12.077455 -0.014271
12.082456 -0.002131
12.087457 0.008945
12.092458 0.018957
12.097459 0.027707
12.102460 0.034841
12.107461 0.042369
12.112462 0.046784
12.117463 0.049149
12.122464 0.050962
12.127465 0.051395
12.132466 0.051356
12.137467 0.050646
12.142468 0.048479
12.147469 0.045680
12.152471 0.042960
12.157472 0.039807
12.162473 0.037639
12.167474 0.035668
12.172475 0.031924
12.177476 0.025381
12.182477 0.016788
12.187478 0.007250
12.192479 -0.001737
12.197480 -0.008832
12.202481 -0.015572
12.207482 -0.020459
12.212483 -0.023967
12.217484 -0.028224
12.222485 -0.031377
12.227486 -0.033506
12.232487 -0.034886
12.237488 -0.036107
12.242489 -0.039221
12.247490 -0.042808
12.252491 -0.045449
12.257492 -0.048208
12.262493 -0.048799
12.267494 -0.047065
12.272495 -0.043360
12.277496 -0.036659
12.282497 -0.028343
12.287498 -0.017149
12.292499 -0.004299
12.297500 0.005988
12.302501 0.015054
12.307502 0.022542
12.312503 0.026996
12.317504 0.029834
12.322505 0.029401
12.327506 0.026287
12.332507 0.023331
12.337508 0.020059
12.342509 0.017340
12.347510 0.015802
12.352511 0.015881
12.357512 0.018522
12.362513 0.021872
12.367514 0.025695
12.372515 0.030622
12.377516 0.035234
12.382517 0.037954
12.387518 0.038308
12.392519 0.037481
12.397520 0.036101
12.402521 0.033618
12.407522 0.030819
12.412523 0.028691
12.417524 0.027154
12.422525 0.025419
12.427526 0.023961
12.432527 0.019743
12.437528 0.011742
12.442529 0.003307
12.447531 -0.007414
12.452532 -0.018805
12.457533 -0.028816
12.462534 -0.039419
12.467535 -0.048209
12.472536 -0.054910
12.477537 -0.060310
12.482538 -0.063857
12.487539 -0.066301
12.492540 -0.067838
12.497541 -0.069336
12.502542 -0.070203
12.507543 -0.070361
12.512544 -0.071070
12.517545 -0.070242
12.522546 -0.067877
12.527547 -0.064764
12.532548 -0.059640
12.537549 -0.053136
12.542550 -0.044701
12.547551 -0.035517
12.552552 -0.026610
12.557553 -0.016125
12.562554 -0.004971
12.567555 0.005947
12.572556 0.016668
12.577557 0.026168
12.582558 0.034602
12.587559 0.042328
12.592560 0.048674
12.597561 0.053443
12.602562 0.056990
12.607563 0.060065
12.612564 0.062193
12.617565 0.064558
12.622566 0.068500
12.627567 0.071929
12.632568 0.074609
12.637569 0.075437
12.642570 0.074412
12.647571 0.070983
12.652572 0.064518
12.657573 0.056714
12.662574 0.046387
12.667575 0.033932
12.672576 0.019348
12.677577 0.005435
12.682578 -0.007967
12.687579 -0.020304
12.692580 -0.030394
12.697581 -0.039893
12.702582 -0.044860
12.707583 -0.049353
12.712584 -0.052309
12.717585 -0.051284
12.722586 -0.048919
12.727587 -0.043598
12.732588 -0.036898
12.737589 -0.028542
12.742590 -0.019516
12.747592 -0.011081
12.752593 -0.003434
12.757594 0.003542
12.762595 0.009297
12.767596 0.014066
12.772597 0.018441
12.777598 0.021476
12.782599 0.024354
12.787600 0.026679
12.792601 0.028453
12.797602 0.028689
12.802603 0.028098
12.807604 0.027704
12.812605 0.027034
12.817606 0.025694
12.822607 0.021870
12.827608 0.016510
12.832609 0.007720
12.837610 -0.002489
12.842611 -0.012461
12.847612 -0.021369
12.852613 -0.026532
12.857614 -0.028779
12.862615 -0.026256
12.867616 -0.019831
12.872617 -0.010648
12.877618 0.000270
12.882619 0.010834
12.887620 0.018047
12.892621 0.020648
12.897622 0.019860
12.902623 0.014657
12.907624 0.006458
12.912625 -0.003553
12.917626 -0.015496
12.922627 -0.028109
12.927628 -0.038357
12.932629 -0.047265
12.937630 -0.053374
12.942631 -0.054557
12.947632 -0.054360
12.952633 -0.050852
12.957634 -0.045176
12.962635 -0.040959
12.967636 -0.038791
12.972637 -0.037056
12.977638 -0.035283
12.982639 -0.033627
12.987640 -0.030514
12.992641 -0.024286
12.997642 -0.014156
13.002643 -0.003238
13.007644 0.009572
13.012645 0.024077
13.017646 0.036690
13.022647 0.046859
13.027648 0.052653
13.032649 0.053481
13.037650 0.048869
13.042651 0.039133
13.047653 0.027742
13.052654 0.016509
13.057655 0.005709
13.062656 -0.002765
13.067657 -0.008954
13.072658 -0.013132
13.077659 -0.015418
13.082660 -0.016521
13.087661 -0.018492
13.092662 -0.024089
13.097663 -0.030396
13.102664 -0.036229
13.107665 -0.042378
13.112666 -0.046201
13.117667 -0.046674
13.122668 -0.043088
13.127669 -0.035953
13.132670 -0.025784
13.137671 -0.011240
13.142672 0.004290
13.147673 0.017612
13.152674 0.030343
13.157675 0.041419
13.162676 0.049696
13.167677 0.055648
13.172678 0.058604
13.177679 0.060299
13.182680 0.061363
13.187681 0.059747
13.192682 0.057224
13.197683 0.056081
13.202684 0.057027
13.207685 0.059629
13.212686 0.061166
13.217687 0.061560
13.222688 0.061442
13.227689 0.057737
13.232690 0.050327
13.237691 0.041024
13.242692 0.029042
13.247693 0.016271
13.252694 0.002949
13.257695 -0.009703
13.262696 -0.019281
13.267697 -0.028820
13.272698 -0.037570
13.277699 -0.043207
13.282700 -0.046990
13.287701 -0.049237
13.292702 -0.049316
13.297703 -0.046991
13.302704 -0.042261
13.307705 -0.036940
13.312706 -0.032092
13.317707 -0.026495
13.322708 -0.022868
13.327709 -0.021174
13.332710 -0.019163
13.337711 -0.019124
13.342712 -0.020031
13.347714 -0.021174
13.352715 -0.022435
13.357716 -0.023144
13.362717 -0.024918
13.367718 -0.027125
13.372719 -0.029687
13.377720 -0.032920
13.382721 -0.035994
13.387722 -0.038122
13.392723 -0.039660
13.397724 -0.041039
13.402725 -0.040763
13.407726 -0.040409
13.412727 -0.039936
13.417728 -0.038004
13.422729 -0.033747
13.427730 -0.026653
13.432731 -0.017666
13.437732 -0.006866
13.442733 0.005707
13.447734 0.018438
13.452735 0.029711
13.457736 0.040511
13.462737 0.050720
13.467738 0.057184
13.472739 0.058563
13.477740 0.057144
13.482741 0.053124
13.487742 0.046739
13.492743 0.039013
13.497744 0.032510
13.502745 0.028765
13.507746 0.026440
13.512747 0.027504
13.517748 0.031130
13.522749 0.035190
13.527750 0.037200
13.532751 0.035071
13.537752 0.031012
13.542753 0.025257
13.547754 0.017571
13.552755 0.009215
13.557756 0.001884
13.562757 -0.005014
13.567758 -0.010217
13.572759 -0.012464
13.577760 -0.014395
13.582761 -0.014632
13.587762 -0.012937
13.592763 -0.010217
13.597764 -0.006591
13.602765 -0.002531
13.607766 0.000346
13.612767 -0.000206
13.617768 -0.002452
13.622769 -0.006946
13.627770 -0.013489
13.632771 -0.019914
13.637772 -0.026102
13.642773 -0.030319
13.647775 -0.031896
13.652776 -0.028388
13.657777 -0.023461
13.662778 -0.020663
13.667779 -0.016682
13.672780 -0.013883
13.677781 -0.013055
13.682782 -0.012701
13.687783 -0.013528
13.692784 -0.013923
13.697785 -0.014277
13.702786 -0.013726
13.707787 -0.011164
13.712788 -0.007498
13.717789 -0.004384
13.722790 -0.002335
13.727791 -0.000285
13.732792 0.001765
13.737793 0.005115
13.742794 0.008071
13.747795 0.011461
13.752796 0.015915
13.757797 0.018555
13.762798 0.020723
13.767799 0.022260
13.772800 0.023601
13.777801 0.025098
13.782802 0.024625
13.787803 0.022891
13.792804 0.020211
13.797805 0.016939
13.802806 0.012879
13.807807 0.005982
13.812808 -0.000758
13.817809 -0.005331
13.822810 -0.007459
13.827811 -0.006277
13.832812 -0.002453
13.837813 0.003656
13.842814 0.010041
13.847815 0.016663
13.852816 0.022221
13.857817 0.026202
13.862818 0.027975
13.867819 0.025374
13.872820 0.020841
13.877821 0.013510
13.882822 0.004720
13.887823 -0.003636
13.892824 -0.012426
13.897825 -0.019993
13.902826 -0.026812
13.907827 -0.032173
13.912828 -0.036390
13.917829 -0.040687
13.922830 -0.043800
13.927831 -0.045692
13.932832 -0.046954
13.937833 -0.046363
13.942834 -0.044195
13.947836 -0.041515
13.952837 -0.037336
13.957838 -0.032922
13.962839 -0.028468
13.967840 -0.024487
13.972841 -0.021097
13.977842 -0.017511
13.982843 -0.014988
13.987844 -0.013214
13.992845 -0.011756
13.997846 -0.011086
14.002847 -0.011323
14.007848 -0.011520
14.012849 -0.010652
14.017850 -0.007381
14.022851 -0.002139
14.027852 0.003616
14.032853 0.010514
14.037854 0.016820
14.042855 0.022220
14.047856 0.027975
14.052857 0.033138
14.057858 0.038538
14.062859 0.044726
14.067860 0.050284
14.072861 0.055250
14.077862 0.059586
14.082863 0.062699
14.087864 0.062778
14.092865 0.060256
14.097866 0.056590
14.102867 0.049574
14.107868 0.041967
14.112869 0.032901
14.117870 0.021471
14.122871 0.011617
14.127872 0.001921
14.132873 -0.007027
14.137874 -0.014870
14.142875 -0.021216
14.147876 -0.026774
14.152877 -0.031425
14.157878 -0.034775
14.162879 -0.038756
14.167880 -0.041713
14.172881 -0.044669
14.177882 -0.047152
14.182883 -0.048098
14.187884 -0.048610
14.192885 -0.049280
14.197886 -0.051330
14.202887 -0.053183
14.207888 -0.053971
14.212889 -0.053774
14.217890 -0.052197
14.222891 -0.047743
14.227892 -0.041003
14.232893 -0.033909
14.237894 -0.026301
14.242895 -0.019640
14.247897 -0.014083
14.252898 -0.008919
14.257899 -0.004111
14.262900 0.001211
14.267901 0.006847
14.272902 0.011577
14.277903 0.015834
14.282904 0.019775
14.287905 0.022495
14.292906 0.024505
14.297907 0.027382
14.302908 0.031284
14.307909 0.036014
14.312910 0.041493
14.317911 0.047287
14.322912 0.053002
14.327913 0.058323
14.332914 0.062738
14.337915 0.064906
14.342916 0.065694
14.347917 0.066088
14.352918 0.064906
14.357919 0.064038
14.362920 0.061831
14.367921 0.057889
14.372922 0.052726
14.377923 0.044173
14.382924 0.034950
14.387925 0.024820
14.392926 0.015400
14.397927 0.007832
14.402928 0.001880
14.407929 -0.001273
14.412930 -0.003559
14.417931 -0.004781
14.422932 -0.006476
14.427933 -0.010615
14.432934 -0.016685
14.437935 -0.022991
14.442936 -0.028076
14.447937 -0.032609
14.452938 -0.036393
14.457939 -0.038009
14.462940 -0.039231
14.467941 -0.039704
14.472942 -0.037693
14.477943 -0.036472
14.482944 -0.035999
14.487945 -0.035289
14.492946 -0.033831
14.497947 -0.030480
14.502948 -0.026736
14.507949 -0.022913
14.512950 -0.019089
14.517951 -0.015463
14.522952 -0.013138
14.527953 -0.012744
14.532954 -0.012152
14.537955 -0.011955
14.542956 -0.012862
14.547958 -0.013690
14.552959 -0.014557
14.557960 -0.014675
14.562961 -0.013926
14.567962 -0.012744
14.572963 -0.011877
14.577964 -0.010024
14.582965 -0.006359
14.587966 -0.004191
14.592967 -0.003363
14.597968 -0.002220
14.602969 -0.000801
14.607970 -0.000013
14.612971 0.000500
14.617972 0.002037
14.622973 0.004086
14.627974 0.006609
14.632975 0.008658
14.637976 0.012048
14.642977 0.016344
14.647978 0.018473
14.652979 0.018512
14.657980 0.017330
14.662981 0.014413
14.667982 0.009013
14.672983 0.003850
14.677984 -0.001511
14.682985 -0.006635
14.687986 -0.009670
14.692987 -0.011759
14.697988 -0.012074
14.702989 -0.009158
14.707990 -0.004428
14.712991 -0.000329
14.717992 0.004086
14.722993 0.007436
14.727994 0.008934
14.732995 0.009683
14.737996 0.007673
14.742997 0.005426
14.747998 0.003573
14.752999 0.001484
14.758000 0.001011
14.763001 0.002864
14.768002 0.007791
14.773003 0.014373
14.778004 0.021980
14.783005 0.029745
14.788006 0.036288
14.793007 0.040624
14.798008 0.041412
14.803009 0.040505
14.808010 0.037589
14.813011 0.033568
14.818012 0.030060
14.823013 0.026198
14.828014 0.024148
14.833015 0.023596
14.838016 0.022571
14.843017 0.022256
14.848019 0.022571
14.853020 0.020916
14.858021 0.018275
14.863022 0.014728
14.868023 0.009209
14.873024 0.003060
14.878025 -0.003995
14.883026 -0.011326
14.888027 -0.017475
14.893028 -0.022284
14.898029 -0.026738
14.903030 -0.028433
14.908031 -0.027290
14.913032 -0.026620
14.918033 -0.026935
14.923034 -0.027802
14.928035 -0.028078
14.933036 -0.030049
14.938037 -0.032768
14.943038 -0.034739
14.948039 -0.037577
14.953040 -0.039311
14.958041 -0.039982
14.963042 -0.040376
14.968043 -0.039666
14.973044 -0.039193
14.978045 -0.038799
14.983046 -0.037104
14.988047 -0.035055
14.993048 -0.030798
14.998049 -0.025437
15.003050 -0.020432
15.008051 -0.013652
15.013052 -0.006755
15.018053 -0.000960
15.023054 0.004834
15.028055 0.009958
15.033056 0.013032
15.038057 0.015909
15.043058 0.017643
15.048059 0.018077
15.053060 0.018865
15.058061 0.018944
15.063062 0.018905
15.068063 0.018038
15.073064 0.017880
15.078065 0.018786
15.083066 0.019102
15.088067 0.019496
15.093068 0.019772
15.098069 0.020718
15.103070 0.021191
15.108071 0.021427
15.113072 0.021703
15.118073 0.021703
15.123074 0.021033
15.128075 0.019220
15.133076 0.017210
15.138077 0.013386
15.143078 0.008223
15.148080 0.002153
15.153081 -0.003287
15.158082 -0.007465
15.163083 -0.010500
15.168084 -0.011643
15.173085 -0.012155
15.178086 -0.008687
15.183087 -0.004627
15.188088 -0.002025
15.193089 0.001995
15.198090 0.004478
15.203091 0.006370
15.208092 0.006725
15.213093 0.005227
15.218094 0.003769
15.223095 0.000852
15.228096 -0.002420
15.233097 -0.004706
15.238098 -0.006874
15.243099 -0.008608
15.248100 -0.009199
15.253101 -0.008726
15.258102 -0.007110
15.263103 -0.005140
15.268104 -0.002420
15.273105 0.000733
15.278106 0.004084
15.283107 0.007710
15.288108 0.009562
15.293109 0.011730
15.298110 0.011257
15.303111 0.009759
15.308112 0.009444
15.313113 0.006015
15.318114 0.003729
15.323115 0.001403
15.328116 -0.001277
15.333117 -0.002223
15.338118 -0.003090
15.343119 -0.001947
15.348120 -0.000095
15.353121 0.001521
15.358122 0.005266
15.363123 0.009404
15.368124 0.011966
15.373125 0.015829
15.378126 0.019692
15.383127 0.022096
15.388128 0.022648
15.393129 0.021426
15.398130 0.021071
15.403131 0.021347
15.408132 0.021978
15.413133 0.023002
15.418134 0.024658
15.423135 0.026826
15.428136 0.027535
15.433137 0.025880
15.438138 0.022175
15.443139 0.015947
15.448141 0.007118
15.453142 -0.003248
15.458143 -0.014718
15.463144 -0.026031
15.468145 -0.035372
15.473146 -0.043768
15.478147 -0.051848
15.483148 -0.056775
15.488149 -0.058824
15.493150 -0.059692
15.498151 -0.059731
15.503152 -0.058430
15.508153 -0.053897
15.513154 -0.047985
15.518155 -0.041797
15.523156 -0.033717
15.528157 -0.025282
15.533158 -0.018424
15.538159 -0.012157
15.543160 -0.006639
15.548161 -0.003485
15.553162 -0.002224
15.558163 -0.002224
15.563164 -0.004313
15.568165 -0.007112
15.573166 -0.009358
15.578167 -0.012748
15.583168 -0.014719
15.588169 -0.015901
15.593170 -0.017202
15.598171 -0.016138
15.603172 -0.014285
15.608173 -0.012157
15.613174 -0.010975
15.618175 -0.009319
15.623176 -0.007900
15.628177 -0.007348
15.633178 -0.005851
15.638179 -0.005811
15.643180 -0.005259
15.648181 -0.002737
15.653182 0.000535
15.658183 0.006092
15.663184 0.013266
15.668185 0.021661
15.673186 0.030806
15.678187 0.038137
15.683188 0.044246
15.688189 0.048818
15.693190 0.050474
15.698191 0.049843
15.703192 0.045941
15.708193 0.040659
15.713194 0.035732
15.718195 0.031475
15.723196 0.027849
15.728197 0.025051
15.733198 0.023592
15.738199 0.021937
15.743200 0.019257
15.748202 0.016419
15.753203 0.014251
15.758204 0.010979
15.763205 0.008457
15.768206 0.006683
15.773207 0.004712
15.778208 0.004633
15.783209 0.005225
15.788210 0.005934
15.793211 0.007313
15.798212 0.009205
15.803213 0.010664
15.808214 0.011294
15.813215 0.012240
15.818216 0.012634
15.823217 0.010861
15.828218 0.009048
15.833219 0.007707
15.838220 0.005382
15.843221 0.003017
15.848222 0.000179
15.853223 -0.001082
15.858224 -0.000609
15.863225 -0.000018
15.868226 0.001086
15.873227 0.001834
15.878228 0.000731
15.883229 -0.001674
15.888230 -0.004787
15.893231 -0.009399
15.898232 -0.013814
15.903233 -0.017795
15.908234 -0.022130
15.913235 -0.027412
15.918236 -0.031629
15.923237 -0.034783
15.928238 -0.038330
15.933239 -0.040143
15.938240 -0.041365
15.943241 -0.040498
15.948242 -0.037187
15.953243 -0.033443
15.958244 -0.027846
15.963245 -0.021618
15.968246 -0.016218
15.973247 -0.012237
15.978248 -0.008532
15.983249 -0.005379
15.988250 -0.004827
15.993251 -0.005103
15.998252 -0.005143
16.003253 -0.005813
16.008254 -0.006443
16.013255 -0.006365
16.018256 -0.005773
16.023257 -0.004118
16.028258 -0.001595
16.033259 0.002031
16.038260 0.006642
16.043261 0.011688
16.048263 0.015590
16.053264 0.017757
16.058265 0.018861
16.063266 0.017600
16.068267 0.015668
16.073268 0.013461
16.078269 0.011333
16.083270 0.011963
16.088271 0.013185
16.093272 0.015432
16.098273 0.018585
16.103274 0.021423
16.108275 0.023945
16.113276 0.024418
16.118277 0.024143
16.123278 0.023512
16.128279 0.021147
16.133280 0.018506
16.138281 0.016772
16.143282 0.014249
16.148283 0.011766
16.153284 0.009283
16.158285 0.005775
16.163286 0.003765
16.168287 0.001478
16.173288 -0.000808
16.178289 -0.002108
16.183290 -0.002936
16.188291 -0.003527
16.193292 -0.006089
16.198293 -0.009519
16.203294 -0.012475
16.208295 -0.014840
16.213296 -0.016850
16.218297 -0.017796
16.223298 -0.016141
16.228299 -0.012711
16.233300 -0.009046
16.238301 -0.005893
16.243302 -0.003015
16.248303 -0.002306
16.253304 -0.001912
16.258305 -0.001202
16.263306 -0.002227
16.268307 -0.001951
16.273308 -0.001912
16.278309 -0.003331
16.283310 -0.004592
16.288311 -0.005538
16.293312 -0.006839
16.298313 -0.007942
16.303314 -0.009046
16.308315 -0.009874
16.313316 -0.009125
16.318317 -0.010386
16.323318 -0.011608
16.328319 -0.011845
16.333320 -0.012121
16.338321 -0.010662
16.343322 -0.009795
16.348324 -0.008021
16.353325 -0.005341
16.358326 -0.002937
16.363327 -0.000138
16.368328 0.002699
16.373329 0.005183
16.378330 0.007390
16.383331 0.010346
16.388332 0.012593
16.393333 0.014012
16.398334 0.014839
16.403335 0.016179
16.408336 0.018032
16.413337 0.018465
16.418338 0.019530
16.423339 0.019333
16.428340 0.018268
16.433341 0.017795
16.438342 0.016100
16.443343 0.014484
16.448344 0.012671
16.453345 0.009676
16.458346 0.006838
16.463347 0.004236
16.468348 0.000807
16.473349 -0.002386
16.478350 -0.005026
16.483351 -0.007037
16.488352 -0.008929
16.493353 -0.009835
16.498354 -0.010151
16.503355 -0.011294
16.508356 -0.011254
16.513357 -0.012043
16.518358 -0.013067
16.523359 -0.013935
16.528360 -0.016339
16.533361 -0.016378
16.538362 -0.014841
16.543363 -0.012752
16.548364 -0.009559
16.553365 -0.005776
16.558366 -0.001401
16.563367 0.001713
16.568368 0.004945
16.573369 0.008335
16.578370 0.010069
16.583371 0.011291
16.588372 0.011567
16.593373 0.011055
16.598374 0.010660
16.603375 0.008453
16.608376 0.005655
16.613377 0.003250
16.618378 0.000136
16.623379 -0.002977
16.628380 -0.005815
16.633381 -0.006919
16.638382 -0.007116
16.643383 -0.007629
16.648385 -0.007274
16.653386 -0.007313
16.658387 -0.008141
16.663388 -0.008417
16.668389 -0.008456
16.673390 -0.008732
16.678391 -0.008969
16.683392 -0.009166
16.688393 -0.009284
16.693394 -0.010112
16.698395 -0.010348
16.703396 -0.010073
16.708397 -0.010506
16.713398 -0.009008
16.718399 -0.007038
16.723400 -0.005225
16.728401 -0.002190
16.733402 -0.000692
16.738403 -0.000337
16.743404 -0.000416
16.748405 -0.001795
16.753406 -0.002623
16.758407 -0.003333
16.763408 -0.004042
16.768409 -0.003017
16.773410 -0.002071
16.778411 -0.001244
16.783412 0.001082
16.788413 0.003880
16.793414 0.006797
16.798415 0.009714
16.803416 0.012394
16.808417 0.015113
16.813418 0.016848
16.818419 0.017321
16.823420 0.017794
16.828421 0.017478
16.833422 0.015389
16.838423 0.012394
16.843424 0.008649
16.848425 0.005654
16.853426 0.003604
16.858427 0.001830
16.863428 0.000490
16.868429 0.000293
16.873430 0.001515
16.878431 0.002146
16.883432 0.003289
16.888433 0.004589
16.893434 0.004865
16.898435 0.004471
16.903436 0.004037
16.908437 0.004313
16.913438 0.002540
16.918439 0.000135
16.923440 -0.001678
16.928441 -0.005186
16.933442 -0.008221
16.938443 -0.012044
16.943444 -0.016814
16.948446 -0.019730
16.953447 -0.022292
16.958448 -0.024184
16.963449 -0.024500
16.968450 -0.023396
16.973451 -0.021228
16.978452 -0.018351
16.983453 -0.014685
16.988454 -0.010980
16.993455 -0.007354
16.998456 -0.003925
17.003457 -0.000259
17.008458 0.002933
17.013459 0.005101
17.018460 0.006993
17.023461 0.008609
17.028462 0.009043
17.033463 0.009752
17.038464 0.009989
17.043465 0.008885
17.048466 0.009082
17.053467 0.009791
17.058468 0.009003
17.063469 0.007584
17.068470 0.007111
17.073471 0.005298
17.078472 0.002302
17.083473 -0.000693
17.088474 -0.004004
17.093475 -0.006211
17.098476 -0.009404
17.103477 -0.012360
17.108478 -0.013503
17.113479 -0.013898
17.118480 -0.012991
17.123481 -0.011730
17.128482 -0.009483
17.133483 -0.007000
17.138484 -0.004280
17.143485 -0.000260
17.148486 0.004391
17.153487 0.009830
17.158488 0.015822
17.163489 0.020236
17.168490 0.022956
17.173491 0.025321
17.178492 0.024453
17.183493 0.022010
17.188494 0.018265
17.193495 0.013654
17.198496 0.011722
17.203497 0.009515
17.208498 0.008372
17.213499 0.007938
17.218500 0.007110
17.223501 0.006007
17.228502 0.003484
17.233503 0.001237
17.238504 -0.002428
17.243505 -0.007040
17.248507 -0.012203
17.253508 -0.017327
17.258509 -0.020323
17.263510 -0.022097
17.268511 -0.023752
17.273512 -0.024146
17.278513 -0.021781
17.283514 -0.019062
17.288515 -0.015278
17.293516 -0.010390
17.298517 -0.005621
17.303518 -0.001167
17.308519 0.001750
17.313520 0.004351
17.318521 0.005652
17.323522 0.005652
17.328523 0.004745
17.333524 0.004036
17.338525 0.004666
17.343526 0.005454
17.348527 0.006873
17.353528 0.008411
17.358529 0.010263
17.363530 0.011524
17.368531 0.011918
17.373532 0.011682
17.378533 0.011327
17.383534 0.011918
17.388535 0.011761
17.393536 0.012037
17.398537 0.012864
17.403538 0.014283
17.408539 0.016530
17.413540 0.018895
17.418541 0.021654
17.423542 0.024886
17.428543 0.028039
17.433544 0.029970
17.438545 0.030877
17.443546 0.030877
17.448547 0.030325
17.453548 0.028670
17.458549 0.026778
17.463550 0.025792
17.468551 0.023033
17.473552 0.018895
17.478553 0.014204
17.483554 0.008725
17.488555 0.002971
17.493556 -0.003927
17.498557 -0.010391
17.503558 -0.015476
17.508559 -0.020521
17.513560 -0.025172
17.518561 -0.028759
17.523562 -0.031242
17.528563 -0.033686
17.533564 -0.035578
17.538565 -0.036760
17.543566 -0.036327
17.548568 -0.035184
17.553569 -0.034435
17.558570 -0.031912
17.563571 -0.029271
17.568572 -0.025803
17.573573 -0.021113
17.578574 -0.016816
17.583575 -0.011613
17.588576 -0.007041
17.593577 -0.003139
17.598578 0.001118
17.603579 0.004468
17.608580 0.007266
17.613581 0.009986
17.618582 0.011484
17.623583 0.012745
17.628584 0.014085
17.633585 0.013967
17.638586 0.013849
17.643587 0.014322
17.648588 0.013100
17.653589 0.010971
17.658590 0.008882
17.663591 0.005571
17.668592 0.002970
17.673593 0.000368
17.678594 -0.004007
17.683595 -0.008185
17.688596 -0.012481
17.693597 -0.016501
17.698598 -0.018906
17.703599 -0.020285
17.708600 -0.020995
17.713601 -0.020207
17.718602 -0.018393
17.723603 -0.016620
17.728604 -0.014846
17.733605 -0.014058
17.738606 -0.013900
17.743607 -0.014610
17.748608 -0.015792
17.753609 -0.015516
17.758610 -0.014964
17.763611 -0.013861
17.768612 -0.011023
17.773613 -0.007752
17.778614 -0.004007
17.783615 0.000723
17.788616 0.004901
17.793617 0.009236
17.798618 0.013533
17.803619 0.016647
17.808620 0.020430
17.813621 0.024411
17.818622 0.027840
17.823623 0.030836
17.828624 0.033713
17.833625 0.036039
17.838626 0.037773
17.843627 0.038128
17.848629 0.036709
17.853630 0.035250
17.858631 0.033358
17.863632 0.032610
17.868633 0.032255
17.873634 0.029811
17.878635 0.028156
17.883636 0.025830
17.888637 0.022440
17.893638 0.019957
17.898639 0.017395
17.903640 0.014281
17.908641 0.010537
17.913642 0.007226
17.918643 0.002654
17.923644 -0.001958
17.928645 -0.006806
17.933646 -0.013349
17.938647 -0.017606
17.943648 -0.022139
17.948649 -0.026317
17.953650 -0.028682
17.958651 -0.031323
17.963652 -0.032978
17.968653 -0.035067
17.973654 -0.037629
17.978655 -0.039797
17.983656 -0.041689
17.988657 -0.043857
17.993658 -0.046616
17.998659 -0.047720
18.003660 -0.048587
18.008661 -0.048981
18.013662 -0.047956
18.018663 -0.046459
18.023664 -0.042517
18.028665 -0.037787
18.033666 -0.031796
18.038667 -0.023952
18.043668 -0.016345
18.048669 -0.007989
18.053670 -0.000264
18.058671 0.007146
18.063672 0.013965
18.068673 0.018774
18.073674 0.021966
18.078675 0.024055
18.083676 0.025908
18.088677 0.026184
18.093678 0.026342
18.098679 0.027130
18.103680 0.027248
18.108681 0.026814
18.113682 0.026460
18.118683 0.025632
18.123684 0.024607
18.128685 0.023937
18.133686 0.021611
18.138687 0.019365
18.143688 0.016763
18.148690 0.013098
18.153691 0.010496
18.158692 0.007382
18.163693 0.003953
18.168694 0.001470
18.173695 0.000406
18.178696 -0.000698
18.183697 -0.002117
18.188698 -0.002590
18.193699 -0.003260
18.198700 -0.003812
18.203701 -0.003142
18.208702 -0.001565
18.213703 -0.001368
18.218704 -0.001605
18.223705 -0.001132
18.228706 -0.001171
18.233707 -0.001683
18.238708 -0.002787
18.243709 -0.002945
18.248710 -0.002511
18.253711 -0.003300
18.258712 -0.004088
18.263713 -0.004719
18.268714 -0.005192
18.273715 -0.005901
18.278716 -0.006177
18.283717 -0.005034
18.288718 -0.003930
18.293719 -0.002236
18.298720 0.000445
18.303721 0.004426
18.308722 0.008761
18.313723 0.012821
18.318724 0.016960
18.323725 0.020428
18.328726 0.022990
18.333727 0.023818
18.338728 0.024370
18.343729 0.024843
18.348730 0.023463
18.353731 0.021808
18.358732 0.020822
18.363733 0.018891
18.368734 0.017630
18.373735 0.017669
18.378736 0.016762
18.383737 0.015698
18.388738 0.014516
18.393739 0.013175
18.398740 0.011875
18.403741 0.009904
18.408742 0.008130
18.413743 0.005962
18.418744 0.003755
18.423745 0.001430
18.428746 -0.001842
18.433747 -0.003379
18.438748 -0.005744
18.443749 -0.009370
18.448751 -0.011814
18.453752 -0.014258
18.458753 -0.015598
18.463754 -0.017096
18.468755 -0.017490
18.473756 -0.017293
18.478757 -0.017017
18.483758 -0.014849
18.488759 -0.013312
18.493760 -0.011026
18.498761 -0.008385
18.503762 -0.005823
18.508763 -0.003498
18.513764 -0.001842
18.518765 0.000286
18.523766 0.000838
18.528767 0.001547
18.533768 0.002375
18.538769 0.001981
18.543770 0.001350
18.548771 -0.000502
18.553772 -0.002276
18.558773 -0.005548
18.563774 -0.010238
18.568775 -0.014258
18.573776 -0.017569
18.578777 -0.020328
18.583778 -0.023521
18.588779 -0.024940
18.593780 -0.025728
18.598781 -0.026911
18.603782 -0.027581
18.608783 -0.028803
18.613784 -0.029670
18.618785 -0.031010
18.623786 -0.032469
18.628787 -0.033651
18.633788 -0.035267
18.638789 -0.035425
18.643790 -0.035622
18.648791 -0.035977
18.653792 -0.035110
18.658793 -0.033099
18.663794 -0.029946
18.668795 -0.026556
18.673796 -0.023088
18.678797 -0.018989
18.683798 -0.014141
18.688799 -0.010712
18.693800 -0.006809
18.698801 -0.000897
18.703802 0.003872
18.708803 0.008405
18.713804 0.013962
18.718805 0.020466
18.723806 0.025945
18.728807 0.030517
18.733808 0.035680
18.738809 0.040055
18.743810 0.044194
18.748812 0.048135
18.753813 0.051131
18.758814 0.054166
18.763815 0.055703
18.768816 0.055861
18.773817 0.055309
18.778818 0.054718
18.783819 0.053851
18.788820 0.051052
18.793821 0.048569
18.798822 0.045573
18.803823 0.043011
18.808824 0.040607
18.813825 0.036429
18.818826 0.033118
18.823827 0.028073
18.828828 0.023816
18.833829 0.019165
18.838830 0.012701
18.843831 0.008050
18.848832 0.002847
18.853833 -0.001450
18.858834 -0.006140
18.863835 -0.010082
18.868836 -0.013353
18.873837 -0.018004
18.878838 -0.022498
18.883839 -0.027779
18.888840 -0.032154
18.893841 -0.036766
18.898842 -0.041220
18.903843 -0.044137
18.908844 -0.045713
18.913845 -0.046147
18.918846 -0.046462
18.923847 -0.045438
18.928848 -0.043427
18.933849 -0.040156
18.938850 -0.036845
18.943851 -0.031760
18.948852 -0.024272
18.953853 -0.017571
18.958854 -0.010319
18.963855 -0.002869
18.968856 0.003635
18.973857 0.009468
18.978858 0.014316
18.983859 0.018100
18.988860 0.021411
18.993861 0.023539
18.998862 0.024367
19.003863 0.025313
19.008864 0.025983
19.013865 0.024958
19.018866 0.022160
19.023867 0.020346
19.028868 0.017548
19.033869 0.012582
19.038870 0.009389
19.043871 0.006393
19.048873 0.003595
19.053874 0.001190
19.058875 -0.001687
19.063876 -0.003579
19.068877 -0.006062
19.073878 -0.008782
19.078879 -0.011659
19.083880 -0.014970
19.088881 -0.017099
19.093882 -0.018044
19.098883 -0.017926
19.103884 -0.017887
19.108885 -0.017099
19.113886 -0.015010
19.118887 -0.012842
19.123888 -0.011108
19.128889 -0.010004
19.133890 -0.009531
19.138891 -0.009216
19.143892 -0.009097
19.148893 -0.009452
19.153894 -0.008230
19.158895 -0.006930
19.163896 -0.006535
19.168897 -0.006141
19.173898 -0.006181
19.178899 -0.006181
19.183900 -0.007166
19.188901 -0.008191
19.193902 -0.008822
19.198903 -0.010280
19.203904 -0.012251
19.208905 -0.012606
19.213906 -0.013473
19.218907 -0.014971
19.223908 -0.014064
19.228909 -0.013197
19.233910 -0.011029
19.238911 -0.007245
19.243912 -0.003816
19.248913 -0.000269
19.253914 0.003003
19.258915 0.006235
19.263916 0.008876
19.268917 0.011083
19.273918 0.013487
19.278919 0.015616
19.283920 0.017113
19.288921 0.018769
19.293922 0.019991
19.298923 0.020345
19.303924 0.021843
19.308925 0.023617
19.313926 0.025154
19.318927 0.027479
19.323928 0.029647
19.328929 0.030554
19.333930 0.030396
19.338931 0.029923
19.343932 0.026770
19.348934 0.020503
19.353935 0.014472
19.358936 0.007890
19.363937 0.001741
19.368938 -0.003580
19.373939 -0.009138
19.378940 -0.012567
19.383941 -0.014971
19.388942 -0.017100
19.393943 -0.018440
19.398944 -0.019938
19.403945 -0.021120
19.408946 -0.022539
19.413947 -0.023879
19.418948 -0.023801
19.423949 -0.023603
19.428950 -0.024274
19.433951 -0.023682
19.438952 -0.021002
19.443953 -0.018322
19.448954 -0.015405
19.453955 -0.011424
19.458956 -0.007207
19.463957 -0.002792
19.468958 0.000992
19.473959 0.003475
19.478960 0.005879
19.483961 0.007653
19.488962 0.008599
19.493963 0.010057
19.498964 0.011200
19.503965 0.012974
19.508966 0.015693
19.513967 0.018413
19.518968 0.021212
19.523969 0.023103
19.528970 0.024049
19.533971 0.023892
19.538972 0.023300
19.543973 0.021881
19.548974 0.019477
19.553975 0.016954
19.558976 0.013683
19.563977 0.011357
19.568978 0.009347
19.573979 0.006667
19.578980 0.004617
19.583981 0.003001
19.588982 0.001779
19.593983 0.000163
19.598984 -0.001571
19.603985 -0.002399
19.608986 -0.002990
19.613987 -0.004370
19.618988 -0.005552
19.623989 -0.005710
19.628990 -0.006143
19.633991 -0.006774
19.638992 -0.006813
19.643993 -0.007799
19.648995 -0.009218
19.653996 -0.010361
19.658997 -0.011662
19.663998 -0.012647
19.668999 -0.013908
19.674000 -0.014618
19.679001 -0.014421
19.684002 -0.013790
19.689003 -0.012450
19.694004 -0.010795
19.699005 -0.008075
19.704006 -0.005079
19.709007 -0.001611
19.714008 0.002607
19.719009 0.005996
19.724010 0.008243
19.729011 0.008637
19.734012 0.008125
19.739013 0.006863
19.744014 0.004301
19.749015 0.001187
19.754016 -0.002202
19.759017 -0.004410
19.764018 -0.005829
19.769019 -0.006144
19.774020 -0.005671
19.779021 -0.005277
19.784022 -0.005198
19.789023 -0.006459
19.794024 -0.006814
19.799025 -0.007721
19.804026 -0.009297
19.809027 -0.010283
19.814028 -0.010795
19.819029 -0.009810
19.824030 -0.009179
19.829031 -0.007484
19.834032 -0.005001
19.839033 -0.002794
19.844034 0.000162
19.849035 0.002803
19.854036 0.005838
19.859037 0.008518
19.864038 0.009819
19.869039 0.009661
19.874040 0.007809
19.879041 0.005562
19.884042 0.002291
19.889043 -0.001572
19.894044 -0.004252
19.899045 -0.006184
19.904046 -0.008233
19.909047 -0.008943
19.914048 -0.007839
19.919049 -0.006302
19.924050 -0.005199
19.929051 -0.002794
19.934052 0.000044
19.939053 0.002014
19.944054 0.004695
19.949056 0.006429
19.954057 0.008084
19.959058 0.009070
19.964059 0.009227
19.969060 0.009700
19.974061 0.009385
19.979062 0.009700
19.984063 0.008360
19.989064 0.006744
19.994065 0.006941
19.999066 0.006626
20.004067 0.006074
20.009068 0.004891
20.014069 0.004182
20.019070 0.002369
20.024071 0.000162
20.029072 -0.000942
20.034073 -0.002795
20.039074 -0.003938
20.044075 -0.004568
20.049076 -0.004332
20.054077 -0.004017
20.059078 -0.003583
20.064079 -0.001652
20.069080 -0.000390
20.074081 -0.000666
20.079082 -0.001534
20.084083 -0.002598
20.089084 -0.004253
20.094085 -0.006579
20.099086 -0.008865
20.104087 -0.010166
20.109088 -0.010954
20.114089 -0.011466
20.119090 -0.010442
20.124091 -0.008865
20.129092 -0.007485
20.134093 -0.006855
20.139094 -0.005475
20.144095 -0.003110
20.149096 -0.002440
20.154097 -0.001731
20.159098 0.000161
20.164099 0.001383
20.169100 0.002526
20.174101 0.003511
20.179102 0.004457
20.184103 0.005837
20.189104 0.006310
20.194105 0.007768
20.199106 0.009345
20.204107 0.010448
20.209108 0.011867
20.214109 0.011473
20.219110 0.012182
20.224111 0.012261
20.229112 0.010921
20.234113 0.011906
20.239114 0.012813
20.244115 0.013995
20.249117 0.014705
20.254118 0.014863
20.259119 0.015217
20.264120 0.014114
20.269121 0.013325
20.274122 0.011315
20.279123 0.008595
20.284124 0.005915
20.289125 0.002762
20.294126 0.001737
20.299127 0.000239
20.304128 -0.000628
20.309129 0.000160
20.314130 0.000200
20.319131 0.000988
20.324132 0.001697
20.329133 0.002052
20.334134 0.002131
20.339135 0.000594
20.344136 -0.000155
20.349137 -0.000668
20.354138 -0.002284
20.359139 -0.003427
20.364140 -0.004254
20.369141 -0.004452
20.374142 -0.005122
20.379143 -0.005595
20.384144 -0.004727
20.389145 -0.004294
20.394146 -0.004806
20.399147 -0.005476
20.404148 -0.005871
20.409149 -0.005831
20.414150 -0.005674
20.419151 -0.005713
20.424152 -0.004373
20.429153 -0.003624
20.434154 -0.003506
20.439155 -0.002836
20.444156 -0.002205
20.449157 -0.001180
20.454158 -0.001496
20.459159 -0.001890
20.464160 -0.002284
20.469161 -0.002836
20.474162 -0.004413
20.479163 -0.006856
20.484164 -0.007369
20.489165 -0.008315
20.494166 -0.008867
20.499167 -0.008906
20.504168 -0.008670
20.509169 -0.007645
20.514170 -0.006541
20.519171 -0.004886
20.524172 -0.003624
20.529173 -0.001733
20.534174 0.000869
20.539175 0.003746
20.544176 0.006151
20.549178 0.008476
20.554179 0.010447
20.559180 0.010999
20.564181 0.011393
20.569182 0.010565
20.574183 0.010053
20.579184 0.009698
20.584185 0.008161
20.589186 0.006939
20.594187 0.005362
20.599188 0.004495
20.604189 0.003588
20.609190 0.002682
20.614191 0.003076
20.619192 0.002839
20.624193 0.002603
20.629194 0.003273
20.634195 0.003509
20.639196 0.003233
20.644197 0.002879
20.649198 0.001499
20.654199 0.000317
20.659200 0.000119
20.664201 -0.000038
20.669202 0.000632
20.674203 0.001026
20.679204 0.000789
20.684205 0.001144
20.689206 0.000711
20.694207 -0.000314
20.699208 -0.000038
20.704209 -0.000669
20.709210 -0.001812
20.714211 -0.001852
20.719212 -0.003152
20.724213 -0.003901
20.729214 -0.003980
20.734215 -0.004414
20.739216 -0.004926
20.744217 -0.004138
20.749218 -0.002364
20.754219 -0.002364
20.759220 -0.001300
20.764221 -0.000709
20.769222 -0.001576
20.774223 -0.002009
20.779224 -0.002719
20.784225 -0.002482
20.789226 -0.002601
20.794227 -0.002640
20.799228 -0.002561
20.804229 -0.002837
20.809230 -0.002995
20.814231 -0.004020
20.819232 -0.004493
20.824233 -0.004808
20.829234 -0.005636
20.834235 -0.005754
20.839236 -0.005833
20.844237 -0.005124
20.849239 -0.004414
20.854240 -0.005478
20.859241 -0.006148
20.864242 -0.006858
20.869243 -0.007331
20.874244 -0.007449
20.879245 -0.007449
20.884246 -0.006109
20.889247 -0.004611
20.894248 -0.003035
20.899249 -0.001025
20.904250 0.001104
20.909251 0.003390
20.914252 0.006110
20.919253 0.008317
20.924254 0.010169
20.929255 0.011588
20.934256 0.012258
20.939257 0.013322
20.944258 0.013677
20.949259 0.012810
20.954260 0.012061
20.959261 0.010760
20.964262 0.009617
20.969263 0.009105
20.974264 0.008829
20.979265 0.008277
20.984266 0.006188
20.989267 0.004060
20.994268 0.001537
20.999269 -0.002129
21.004270 -0.006386
21.009271 -0.011155
21.014272 -0.014466
21.019273 -0.017067
21.024274 -0.019432
21.029275 -0.019787
21.034276 -0.019984
21.039277 -0.020339
21.044278 -0.020418
21.049279 -0.019472
21.054280 -0.017777
21.059281 -0.016673
21.064282 -0.015648
21.069283 -0.014111
21.074284 -0.011589
21.079285 -0.010130
21.084286 -0.008633
21.089287 -0.006583
21.094288 -0.005440
21.099289 -0.003587
21.104290 -0.001853
21.109291 0.001142
21.114292 0.003862
21.119293 0.004926
21.124294 0.007646
21.129295 0.009538
21.134296 0.011587
21.139297 0.014228
21.144298 0.015489
21.149300 0.018091
21.154301 0.019667
21.159302 0.020062
21.164303 0.020456
21.169304 0.019864
21.174305 0.020613
21.179306 0.019825
21.184307 0.018051
21.189308 0.017421
21.194309 0.016593
21.199310 0.016632
21.204311 0.015883
21.209312 0.015450
21.214313 0.014977
21.219314 0.014070
21.224315 0.013715
21.229316 0.012533
21.234317 0.012021
21.239318 0.011311
21.244319 0.008907
21.249320 0.006187
21.254321 0.004334
21.259322 0.002521
21.264323 0.000393
21.269324 -0.001775
21.274325 -0.003549
21.279326 -0.004140
21.284327 -0.005598
21.289328 -0.006308
21.294329 -0.005362
21.299330 -0.004810
21.304331 -0.004574
21.309332 -0.004771
21.314333 -0.005165
21.319334 -0.005677
21.324335 -0.006623
21.329336 -0.007175
21.334337 -0.006899
21.339338 -0.007096
21.344339 -0.007845
21.349340 -0.007767
21.354341 -0.007964
21.359342 -0.008555
21.364343 -0.008752
21.369344 -0.010092
21.374345 -0.010999
21.379346 -0.011275
21.384347 -0.012457
21.389348 -0.013443
21.394349 -0.013679
21.399350 -0.013009
21.404351 -0.012260
21.409352 -0.011432
21.414353 -0.010999
21.419354 -0.010959
21.424355 -0.010605
21.429356 -0.009935
21.434357 -0.008516
21.439358 -0.008122
21.444359 -0.007846
21.449361 -0.005993
21.454362 -0.004298
21.459363 -0.001776
21.464364 0.000589
21.469365 0.002481
21.474366 0.004885
21.479367 0.006501
21.484368 0.007684
21.489369 0.008551
21.494370 0.009970
21.499371 0.011113
21.504372 0.011270
21.509373 0.010719
21.514374 0.009339
21.519375 0.008866
21.524376 0.007762
21.529377 0.006186
21.534378 0.005673
21.539379 0.004727
21.544380 0.003663
21.549381 0.002954
21.554382 0.001692
21.559383 0.000234
21.564384 -0.001540
21.569385 -0.003747
21.574386 -0.005639
21.579387 -0.007570
21.584388 -0.009147
21.589389 -0.009975
21.594390 -0.011709
21.599391 -0.011906
21.604392 -0.010211
21.609393 -0.009187
21.614394 -0.007492
21.619395 -0.005087
21.624396 -0.002998
21.629397 -0.001343
21.634398 0.001258
21.639399 0.003623
21.644400 0.004530
21.649401 0.005436
21.654402 0.005358
21.659403 0.004806
21.664404 0.004490
21.669405 0.003860
21.674406 0.002717
21.679407 0.000549
21.684408 -0.000437
21.689409 -0.001028
21.694410 -0.002210
21.699411 -0.002486
21.704412 -0.002723
21.709413 -0.002565
21.714414 -0.002920
21.719415 -0.003472
21.724416 -0.002959
21.729417 -0.003511
21.734418 -0.003275
21.739419 -0.002999
21.744420 -0.003551
21.749422 -0.002487
21.754423 -0.002014
21.759424 -0.002053
21.764425 -0.001974
21.769426 -0.002250
21.774427 -0.002487
21.779428 -0.003117
21.784429 -0.002171
21.789430 -0.001817
21.794431 -0.002408
21.799432 -0.001974
21.804433 -0.001817
21.809434 -0.000595
21.814435 0.000193
21.819436 0.000469
21.824437 0.001179
21.829438 0.001021
21.834439 0.001809
21.839440 0.002401
21.844441 0.002243
21.849442 0.002992
21.854443 0.002479
21.859444 0.002716
21.864445 0.003819
21.869446 0.004844
21.874447 0.006894
21.879448 0.007485
21.884449 0.008234
21.889450 0.008076
21.894451 0.007248
21.899452 0.006854
21.904453 0.005790
21.909454 0.005751
21.914455 0.005356
21.919456 0.005987
21.924457 0.005514
21.929458 0.004529
21.934459 0.004844
21.939460 0.004410
21.944461 0.004607
21.949462 0.004450
21.954463 0.004213
21.959464 0.003543
21.964465 0.002834
21.969466 0.002637
21.974467 0.002045
21.979468 0.002597
21.984469 0.003740
21.989470 0.005159
21.994471 0.006341
21.999472 0.007958
22.004473 0.010047
22.009474 0.010835
22.014475 0.010914
22.019476 0.010204
22.024477 0.008982
22.029478 0.007484
22.034479 0.005671
22.039480 0.003898
22.044481 0.002281
22.049483 0.000468
22.054484 -0.000990
22.059485 -0.002330
22.064486 -0.003907
22.069487 -0.005523
22.074488 -0.006981
22.079489 -0.007888
22.084490 -0.009386
22.089491 -0.010647
22.094492 -0.011514
22.099493 -0.012184
22.104494 -0.012815
22.109495 -0.013209
22.114496 -0.012618
22.119497 -0.012973
22.124498 -0.013406
22.129499 -0.013209
22.134500 -0.012854
22.139501 -0.012224
22.144502 -0.012184
22.149503 -0.011633
22.154504 -0.011160
22.159505 -0.010963
22.164506 -0.009583
22.169507 -0.008282
22.174508 -0.008440
22.179509 -0.008401
22.184510 -0.007415
22.189511 -0.007336
22.194512 -0.007928
22.199513 -0.008992
22.204514 -0.010411
22.209515 -0.011633
22.214516 -0.013091
22.219517 -0.013525
22.224518 -0.013407
22.229519 -0.013210
22.234520 -0.012027
22.239521 -0.011199
22.244522 -0.009229
22.249523 -0.006194
22.254524 -0.004341
22.259525 -0.003395
22.264526 -0.002016
22.269527 -0.000597
22.274528 -0.000479
22.279529 -0.000360
22.284530 -0.000479
22.289531 -0.000282
22.294532 0.000467
22.299533 0.001650
22.304534 0.003699
22.309535 0.006498
22.314536 0.009099
22.319537 0.011622
22.324538 0.014184
22.329539 0.015366
22.334540 0.016746
22.339541 0.016194
22.344542 0.014617
22.349544 0.014144
22.354545 0.013317
22.359546 0.012568
22.364547 0.011346
22.369548 0.011425
22.374549 0.011385
22.379550 0.010400
22.384551 0.010321
22.389552 0.010242
22.394553 0.009611
22.399554 0.008586
22.404555 0.007089
22.409556 0.005354
22.414557 0.003068
22.419558 -0.000124
22.424559 -0.003002
22.429560 -0.005682
22.434561 -0.007456
22.439562 -0.008835
22.444563 -0.010727
22.449564 -0.010767
22.454565 -0.009308
22.459566 -0.008126
22.464567 -0.006707
22.469568 -0.004539
22.474569 -0.003199
22.479570 -0.002766
22.484571 -0.002135
22.489572 -0.002529
22.494573 -0.002726
22.499574 -0.002214
22.504575 -0.001662
22.509576 0.000309
22.514577 0.003777
22.519578 0.006891
22.524579 0.010596
22.529580 0.015247
22.534581 0.018124
22.539582 0.019898
22.544583 0.021002
22.549584 0.020765
22.554585 0.018321
22.559586 0.015602
22.564587 0.014065
22.569588 0.012173
22.574589 0.010281
22.579590 0.008113
22.584591 0.006773
22.589592 0.005669
22.594593 0.004565
22.599594 0.004762
22.604595 0.004999
22.609596 0.004723
22.614597 0.004920
22.619598 0.005196
22.624599 0.003895
22.629600 0.003107
22.634601 0.002358
22.639602 0.000899
22.644603 -0.000165
22.649605 -0.002096
22.654606 -0.003279
22.659607 -0.003200
22.664608 -0.003988
22.669609 -0.005171
22.674610 -0.005052
22.679611 -0.006393
22.684612 -0.007417
22.689613 -0.007812
22.694614 -0.008718
22.699615 -0.008009
22.704616 -0.008679
22.709617 -0.009309
22.714618 -0.009034
22.719619 -0.009112
22.724620 -0.009231
22.729621 -0.010374
22.734622 -0.010768
22.739623 -0.011004
22.744624 -0.012384
22.749625 -0.013015
22.754626 -0.013133
22.759627 -0.013330
22.764628 -0.013172
22.769629 -0.013172
22.774630 -0.013133
22.779631 -0.012345
22.784632 -0.011911
22.789633 -0.011438
22.794634 -0.010374
22.799635 -0.009625
22.804636 -0.008561
22.809637 -0.007733
22.814638 -0.006866
22.819639 -0.005565
22.824640 -0.005368
22.829641 -0.004895
22.834642 -0.004028
22.839643 -0.003595
22.844644 -0.002649
22.849645 -0.001703
22.854646 -0.000875
22.859647 0.000701
22.864648 0.002633
22.869649 0.004209
22.874650 0.005392
22.879651 0.006101
22.884652 0.007560
22.889653 0.008624
22.894654 0.007993
22.899655 0.007835
22.904656 0.007678
22.909657 0.006653
22.914658 0.005628
22.919659 0.004406
22.924660 0.003500
22.929661 0.002790
22.934662 0.001805
22.939663 0.001726
22.944664 0.000938
22.949666 0.000228
22.954667 -0.000166
22.959668 -0.001506
22.964669 -0.001743
22.969670 -0.003280
22.974671 -0.004581
22.979672 -0.004975
22.984673 -0.005527
22.989674 -0.004857
22.994675 -0.006315
22.999676 -0.006315
23.004677 -0.004620
23.009678 -0.003635
23.014679 -0.002137
23.019680 -0.001546
23.024681 -0.000363
23.029682 0.000385
23.034683 0.001253
23.039684 0.002711
23.044685 0.003578
23.049686 0.004958
23.054687 0.006061
23.059688 0.007362
23.064689 0.008268
23.069690 0.009096
23.074691 0.010476
23.079692 0.011185
23.084693 0.011737
23.089694 0.012722
23.094695 0.013116
23.099696 0.012801
23.104697 0.013116
23.109698 0.012683
23.114699 0.012367
23.119700 0.012525
23.124701 0.010909
23.129702 0.010318
23.134703 0.010042
23.139704 0.008702
23.144705 0.007440
23.149706 0.006100
23.154707 0.005745
23.159708 0.004445
23.164709 0.002513
23.169710 0.001213
23.174711 0.000464
23.179712 0.000306
23.184713 -0.000128
23.189714 0.000464
23.194715 0.000424
23.199716 0.000306
23.204717 0.000700
23.209718 -0.000285
23.214719 -0.000246
23.219720 -0.001507
23.224721 -0.004030
23.229722 -0.004661
23.234723 -0.005370
23.239724 -0.006001
23.244725 -0.006158
23.249727 -0.005331
23.254728 -0.005252
23.259729 -0.005488
23.264730 -0.005173
23.269731 -0.005528
23.274732 -0.004543
23.279733 -0.004543
23.284734 -0.004503
23.289735 -0.004188
23.294736 -0.004779
23.299737 -0.004582
23.304738 -0.005567
23.309739 -0.005883
23.314740 -0.005883
23.319741 -0.006119
23.324742 -0.005883
23.329743 -0.006356
23.334744 -0.006474
23.339745 -0.006514
23.344746 -0.006159
23.349747 -0.006435
23.354748 -0.007578
23.359749 -0.007972
23.364750 -0.007775
23.369751 -0.007933
23.374752 -0.007341
23.379753 -0.005647
23.384754 -0.004346
23.389755 -0.003321
23.394756 -0.002178
23.399757 -0.000917
23.404758 0.000344
23.409759 0.001212
23.414760 0.002433
23.419761 0.003458
23.424762 0.003025
23.429763 0.003103
23.434764 0.003103
23.439765 0.003340
23.444766 0.004207
23.449767 0.004049
23.454768 0.004365
23.459769 0.004719
23.464770 0.004207
23.469771 0.003576
23.474772 0.003103
23.479773 0.002709
23.484774 0.001921
23.489775 0.001093
23.494776 0.000975
23.499777 0.000581
23.504778 0.000659
23.509779 0.001132
23.514780 0.001053
23.519781 0.001014
23.524782 0.000502
23.529783 0.000659
23.534784 0.000896
23.539785 0.000344
23.544786 0.000226
23.549788 0.000423
23.554789 0.000383
23.559790 0.000186
23.564791 0.000659
23.569792 0.001802
23.574793 0.002709
23.579794 0.002551
23.584795 0.002748
23.589796 0.003852
23.594797 0.003773
23.599798 0.002906
23.604799 0.002511
23.609800 0.001329
23.614801 -0.000287
23.619802 -0.001312
23.624803 -0.003086
23.629804 -0.004583
23.634805 -0.005648
23.639806 -0.006357
23.644807 -0.006042
23.649808 -0.006278
23.654809 -0.006397
23.659810 -0.006476
23.664811 -0.005766
23.669812 -0.005057
23.674813 -0.005175
23.679814 -0.004781
23.684815 -0.004190
23.689816 -0.003401
23.694817 -0.003717
23.699818 -0.003598
23.704819 -0.002534
23.709820 -0.002613
23.714821 -0.002850
23.719822 -0.002889
23.724823 -0.002652
23.729824 -0.002771
23.734825 -0.001904
23.739826 -0.000288
23.744827 -0.000485
23.749828 -0.000091
23.754829 0.001250
23.759830 0.002235
23.764831 0.003693
23.769832 0.004560
23.774833 0.005822
23.779834 0.006807
23.784835 0.007004
23.789836 0.007556
23.794837 0.007911
23.799838 0.007989
23.804839 0.007122
23.809840 0.006570
23.814841 0.006255
23.819842 0.005624
23.824843 0.005112
23.829844 0.004600
23.834845 0.005151
23.839846 0.004363
23.844847 0.003417
23.849849 0.004008
23.854850 0.003180
23.859851 0.002313
23.864852 0.001170
23.869853 0.000185
23.874854 -0.000406
23.879855 -0.001550
23.884856 -0.001471
23.889857 -0.001747
23.894858 -0.001077
23.899859 -0.000919
23.904860 -0.001628
23.909861 -0.000761
23.914862 -0.000722
23.919863 -0.000525
23.924864 -0.000052
23.929865 0.000145
23.934866 0.000460
23.939867 0.000855
23.944868 0.001288
23.949869 0.001603
23.954870 0.001525
23.959871 0.001761
23.964872 0.002076
23.969873 0.001840
23.974874 0.002668
23.979875 0.002668
23.984876 0.002116
23.989877 0.002392
23.994878 0.001446
23.999879 0.000697
24.004880 0.000697
24.009881 0.000618
24.014882 0.001445
24.019883 0.002273
24.024884 0.003298
24.029885 0.005072
24.034886 0.005505
24.039887 0.005545
24.044888 0.005860
24.049889 0.005347
24.054890 0.005150
24.059891 0.005426
24.064892 0.005466
24.069893 0.004756
24.074894 0.003928
24.079895 0.003692
24.084896 0.003179
24.089897 0.002549
24.094898 0.001603
24.099899 0.001248
24.104900 0.000775
24.109901 -0.000565
24.114902 -0.001156
24.119903 -0.001708
24.124904 -0.001629
24.129905 -0.002851
24.134906 -0.005177
24.139907 -0.005965
24.144908 -0.006911
24.149910 -0.007660
24.154911 -0.008133
24.159912 -0.008685
24.164913 -0.008724
24.169914 -0.008448
24.174915 -0.008646
24.179916 -0.008724
24.184917 -0.008843
24.189918 -0.009079
24.194919 -0.008685
24.199920 -0.008764
24.204921 -0.007897
24.209922 -0.006990
24.214923 -0.006911
24.219924 -0.006517
24.224925 -0.006163
24.229926 -0.005808
24.234927 -0.006320
24.239928 -0.005729
24.244929 -0.005611
24.249930 -0.006399
24.254931 -0.005887
24.259932 -0.005650
24.264933 -0.003837
24.269934 -0.002458
24.274935 -0.001591
24.279936 0.000617
24.284937 0.001681
24.289938 0.003021
24.294939 0.004282
24.299940 0.004558
24.304941 0.004479
24.309942 0.004519
24.314943 0.004637
24.319944 0.004164
24.324945 0.004203
24.329946 0.004085
24.334947 0.003533
24.339948 0.002824
24.344949 0.002351
24.349950 0.002429
24.354951 0.001286
24.359952 -0.000448
24.364953 -0.001552
24.369954 -0.002892
24.374955 -0.004981
24.379956 -0.006163
24.384957 -0.006833
24.389958 -0.007385
24.394959 -0.007346
24.399960 -0.007661
24.404961 -0.006676
24.409962 -0.004784
24.414963 -0.004074
24.419964 -0.002340
24.424965 -0.000448
24.429966 0.000340
24.434967 0.001798
24.439968 0.002823
24.444969 0.002587
24.449971 0.002823
24.454972 0.002705
24.459973 0.002271
24.464974 0.002547
24.469975 0.002626
24.474976 0.002863
24.479977 0.003572
24.484978 0.005227
24.489979 0.006843
24.494980 0.007908
24.499981 0.008932
24.504982 0.010154
24.509983 0.011021
24.514984 0.011337
24.519985 0.012204
24.524986 0.012046
24.529987 0.011494
24.534988 0.010864
24.539989 0.009996
24.544990 0.009129
24.549991 0.007395
24.554992 0.006804
24.559993 0.006134
24.564994 0.004596
24.569995 0.003177
24.574996 0.001680
24.579997 -0.000409
24.584998 -0.001828
24.589999 -0.002814
24.595000 -0.004863
0.000000 0.000000
0.005001 0.000364
0.010002 0.000206
0.015003 0.000324
0.020004 0.000561
0.025005 0.000640
0.030006 0.000443
0.035007 0.000718
0.040008 0.000561
0.045009 0.000127
0.050010 0.000442
0.055011 0.000718
0.060012 0.000245
0.065013 0.000166
0.070014 0.000837
0.075015 0.000048
0.080016 0.000127
0.085017 0.000363
0.090018 -0.000740
0.095019 0.000009
0.100020 0.000521
0.105021 0.000166
0.110022 -0.000188
0.115023 -0.000307
0.120024 0.000482
0.125025 -0.000307
0.130026 -0.000977
0.135027 -0.000819
0.140028 -0.000898
0.145029 -0.000189
0.150031 -0.000307
0.155032 -0.000189
0.160033 0.000284
0.165034 0.000403
0.170035 0.000481
0.175036 -0.000070
0.180037 -0.000110
0.185038 0.000284
0.190039 0.000363
0.195040 -0.000071
0.200041 0.000048
0.205042 0.000166
0.210043 0.000126
0.215044 0.000166
0.220045 -0.000307
0.225046 -0.000071
0.230047 0.000363
0.235048 -0.000228
0.240049 -0.000701
0.245050 0.000047
0.250051 0.000047
0.255052 -0.000307
0.260053 0.000087
0.265054 0.000047
0.270055 0.000442
0.275056 0.000402
0.280057 0.000166
0.285058 0.000441
0.290059 0.000126
0.295060 -0.000820
0.300061 -0.000820
0.305062 0.000165
0.310063 -0.000071
0.315064 -0.000347
0.320065 -0.000071
0.325066 -0.000032
0.330067 0.000008
0.335068 -0.000111
0.340069 -0.000268
0.345070 0.000284
0.350071 0.000796
0.355072 -0.000032
0.360073 -0.000387
0.365074 -0.000347
0.370075 -0.000150
0.375076 0.000047
0.380077 -0.000465
0.385078 -0.000308
0.390079 -0.000111
0.395080 -0.000150
0.400081 -0.000071
0.405082 0.000283
0.410083 0.000402
0.415084 -0.000032
0.420085 -0.000032
0.425086 0.000283
0.430087 0.000480
0.435088 -0.000072
0.440089 -0.000190
0.445090 0.000244
0.450092 -0.000111
0.455093 -0.000308
0.460094 0.000283
0.465095 0.000480
0.470096 0.000007
0.475097 0.000322
0.480098 0.000677
0.485099 0.000717
0.490100 0.000519
0.495101 -0.000072
0.500102 -0.000505
0.505103 -0.000308
0.510104 -0.000032
0.515105 -0.000032
0.520106 0.000519
0.525107 0.000046
0.530108 -0.000190
0.535109 0.000165
0.540110 -0.000072
0.545111 -0.000387
0.550112 -0.000506
0.555113 -0.000387
0.560114 -0.000900
0.565115 -0.000900
0.570116 -0.000860
0.575117 -0.000703
0.580118 -0.000230
0.585119 -0.000427
0.590120 0.000125
0.595121 0.000677
0.600122 0.000204
0.605123 -0.000269
0.610124 0.000282
0.615125 0.000164
0.620126 0.000204
0.625127 0.000992
0.630128 0.000164
0.635129 0.000282
0.640130 0.000637
0.645131 0.000243
0.650132 -0.000348
0.655133 -0.000309
0.660134 0.000479
0.665135 -0.000151
0.670136 0.000400
0.675137 0.000597
0.680138 -0.000191
0.685139 0.000203
0.690140 0.000440
0.695141 0.000440
0.700142 -0.000152
0.705143 -0.000349
0.710144 -0.000585
0.715145 -0.000427
0.720146 0.000282
0.725147 0.000045
0.730148 -0.000388
0.735149 -0.000270
0.740150 0.000006
0.745151 -0.000073
0.750153 -0.000231
0.755154 -0.000191
0.760155 -0.000231
0.765156 -0.000822
0.770157 -0.000625
0.775158 -0.000428
0.780159 -0.000152
0.785160 0.000321
0.790161 -0.000467
0.795162 -0.000152
0.800163 0.000045
0.805164 -0.000191
0.810165 -0.000349
0.815166 -0.000152
0.820167 0.000518
0.825168 0.000557
0.830169 0.000518
0.835170 0.000597
0.840171 0.000794
0.845172 0.000006
0.850173 -0.000113
0.855174 0.000084
0.860175 0.000084
0.865176 0.000597
0.870177 -0.000152
0.875178 -0.000546
0.880179 -0.000349
0.885180 -0.000428
0.890181 -0.000704
0.895182 -0.000665
0.900183 -0.000310
0.905184 -0.000113
0.910185 -0.000231
0.915186 -0.000901
0.920187 -0.000074
0.925188 0.000045
0.930189 -0.000468
0.935190 0.000439
0.940191 -0.000192
0.945192 -0.000034
0.950193 0.001148
0.955194 0.000202
0.960195 -0.000271
0.965196 0.000123
0.970197 0.000202
0.975198 0.000044
0.980199 -0.000153
0.985200 0.000281
0.990201 0.000281
0.995202 -0.000547
1.000203 -0.000350
1.005204 0.000478
1.010205 0.000360
1.015206 -0.000153
1.020207 -0.000586
1.025208 -0.000389
1.030209 0.000123
1.035210 -0.000153
1.040211 -0.000153
1.045212 0.000438
1.050214 0.000359
1.055215 0.000517
1.060216 0.000202
1.065217 0.000123
1.070218 0.000793
1.075219 -0.000350
1.080220 -0.000626
1.085221 -0.000114
1.090222 -0.000587
1.095223 -0.000193
1.100224 -0.000429
1.105225 -0.000508
1.110226 -0.000114
1.115227 -0.000114
1.120228 -0.000232
1.125229 -0.000193
1.130230 -0.000074
1.135231 -0.000390
1.140232 -0.000350
1.145233 0.000280
1.150234 -0.000075
1.155235 -0.000705
1.160236 0.000044
1.165237 -0.000272
1.170238 0.000280
1.175239 0.000753
1.180240 -0.000193
1.185241 0.000398
1.190242 -0.000272
1.195243 -0.000075
1.200244 0.000201
1.205245 -0.000430
1.210246 0.000162
1.215247 -0.000035
1.220248 -0.000351
1.225249 -0.000469
1.230250 0.000122
1.235251 0.000280
1.240252 -0.000154
1.245253 -0.000311
1.250254 -0.000548
1.255255 0.000083
1.260256 0.000674
1.265257 0.000201
1.270258 0.000477
1.275259 0.001462
1.280260 0.000831
1.285261 0.000556
1.290262 0.000358
1.295263 0.000319
1.300264 0.000240
1.305265 -0.000312
1.310266 0.000280
1.315267 0.000122
1.320268 -0.000075
1.325269 -0.000233
1.330270 -0.000036
1.335271 0.000792
1.340272 0.000831
1.345273 0.000319
1.350275 -0.000115
1.355276 0.000437
1.360277 0.000082
1.365278 -0.000430
1.370279 -0.000548
1.375280 -0.000746
1.380281 -0.001061
1.385282 -0.001416
1.390283 -0.000864
1.395284 -0.000943
1.400285 -0.000785
1.405286 0.000043
1.410287 0.000476
1.415288 0.000318
1.420289 0.000594
1.425290 0.000949
1.430291 0.000200
1.435292 0.000279
1.440293 0.000634
1.445294 0.000594
1.450295 0.000161
1.455296 0.000161
1.460297 0.000594
1.465298 0.000515
1.470299 0.000712
1.475300 0.000161
1.480301 0.000003
1.485302 0.000909
1.490303 0.000673
1.495304 0.000279
1.500305 0.000752
1.505306 0.000358
1.510307 -0.000588
1.515308 -0.000549
1.520309 -0.000313
1.525310 -0.000391
1.530311 -0.001259
1.535312 -0.001574
1.540313 -0.000746
1.545314 -0.000470
1.550315 -0.000194
1.555316 -0.000234
1.560317 -0.000116
1.565318 -0.000155
1.570319 -0.000470
1.575320 0.000002
1.580321 -0.000116
1.585322 -0.000037
1.590323 -0.000076
1.595324 -0.000392
1.600325 0.000042
1.605326 0.000239
1.610327 0.000357
1.615328 0.000554
1.620329 0.000830
1.625330 0.000909
1.630331 0.000712
1.635332 0.000278
1.640333 0.000278
1.645334 0.000751
1.650336 0.000042
1.655337 0.000160
1.660338 0.000751
1.665339 0.000633
1.670340 0.001066
1.675341 0.000712
1.680342 0.000436
1.685343 0.000593
1.690344 0.000554
1.695345 0.000633
1.700346 -0.000156
1.705347 -0.000747
1.710348 -0.000708
1.715349 -0.001181
1.720350 -0.001259
1.725351 -0.000905
1.730352 -0.000747
1.735353 -0.000786
1.740354 -0.000747
1.745355 0.000120
1.750356 0.000435
1.755357 -0.000117
1.760358 -0.000511
1.765359 -0.000195
1.770360 0.000238
1.775361 -0.000195
1.780362 0.000475
1.785363 0.000987
1.790364 0.000159
1.795365 0.000514
1.800366 0.000790
1.805367 0.000790
1.810368 0.000947
1.815369 0.000474
1.820370 0.000199
1.825371 0.000553
1.830372 0.000908
1.835373 0.000711
1.840374 0.000001
1.845375 0.000041
1.850376 0.000120
1.855377 -0.000393
1.860378 -0.000472
1.865379 -0.000038
1.870380 0.000001
1.875381 -0.000511
1.880382 -0.000905
1.885383 -0.000787
1.890384 -0.000117
1.895385 0.000041
1.900386 -0.000117
1.905387 -0.000235
1.910388 -0.000669
1.915389 -0.000038
1.920390 -0.000196
1.925391 -0.000235
1.930392 0.000277
1.935393 -0.000551
1.940394 0.000040
1.945395 0.000474
1.950397 0.000040
1.955398 0.000237
1.960399 0.000159
1.965400 0.000001
1.970401 0.000513
1.975402 0.000750
1.980403 0.000434
1.985404 0.000395
1.990405 -0.000078
1.995406 0.000434
2.000407 0.000553
2.005408 0.000395
2.010409 0.000355
2.015410 -0.000236
2.020411 0.000513
2.025412 0.000198
2.030413 -0.000433
2.035414 -0.000197
2.040415 -0.000709
2.045416 -0.000315
2.050417 -0.000039
2.055418 -0.000118
2.060419 0.000158
2.065420 -0.000157
2.070421 -0.000118
2.075422 0.000237
2.080423 -0.000276
2.085424 -0.000473
2.090425 -0.000276
2.095426 0.000040
2.100427 0.000631
2.105428 0.000552
2.110429 0.000316
2.115430 -0.000039
2.120431 -0.000079
2.125432 0.000276
2.130433 0.000473
2.135434 -0.000118
2.140435 -0.000394
2.145436 0.000473
2.150437 0.000039
2.155438 0.000039
2.160439 0.000631
2.165440 0.000434
2.170441 0.000552
2.175442 -0.000079
2.180443 -0.000237
2.185444 -0.000079
2.190445 -0.000355
2.195446 -0.000552
2.200447 -0.000513
2.205448 -0.000040
2.210449 -0.000394
2.215450 -0.000394
2.220451 -0.000118
2.225452 0.000118
2.230453 0.000512
2.235454 -0.000237
2.240455 0.000079
2.245456 0.000236
2.250458 -0.000395
2.255459 -0.000237
2.260460 -0.000079
2.265461 0.000551
2.270462 0.000157
2.275463 -0.000040
2.280464 0.000394
2.285465 -0.000198
2.290466 -0.000079
2.295467 0.000039
2.300468 -0.000079
2.305469 0.000394
2.310470 -0.000079
2.315471 -0.000079
2.320472 0.000394
2.325473 0.000078
2.330474 -0.000198
2.335475 -0.000434
2.340476 -0.000080
2.345477 -0.000040
2.350478 0.000039
2.355479 0.000157
2.360480 -0.000080
2.365481 0.000117
2.370482 -0.000080
2.375483 0.000157
2.380484 -0.000080
2.385485 -0.000237
2.390486 0.000669
2.395487 0.000314
2.400488 -0.000080
2.405489 -0.000435
2.410490 -0.000277
2.415491 0.000196
2.420492 -0.000513
2.425493 -0.000435
2.430494 0.000551
2.435495 0.000157
2.440496 -0.000356
2.445497 -0.000041
2.450498 0.000275
2.455499 0.000078
2.460500 -0.000277
2.465501 -0.000001
2.470502 0.000393
2.475503 0.000353
2.480504 0.000314
2.485505 0.000275
2.490506 0.000314
2.495507 0.000866
2.500508 0.000117
2.505509 -0.000514
2.510510 0.000314
2.515511 -0.000080
2.520512 -0.000750
2.525513 -0.000908
2.530514 -0.000553
2.535515 -0.000120
2.540516 -0.000750
2.545517 -0.000317
2.550519 -0.000080
2.555520 -0.000632
2.560521 0.000314
2.565522 0.000511
2.570523 -0.000238
2.575524 0.000077
2.580525 0.000353
2.585526 0.000156
2.590527 -0.000278
2.595528 -0.000238
2.600529 -0.000081
2.605530 -0.000278
2.610531 0.000235
2.615532 0.000708
2.620533 0.000432
2.625534 0.000274
2.630535 -0.000002
2.635536 0.000235
2.640537 0.000668
2.645538 0.000589
2.650539 0.000550
2.655540 0.000077
2.660541 0.000313
2.665542 -0.000002
2.670543 -0.000278
2.675544 0.000471
2.680545 -0.000239
2.685546 -0.000396
2.690547 -0.000475
2.695548 -0.000554
2.700549 0.000077
2.705550 -0.000672
2.710551 -0.000791
2.715552 -0.000121
2.720553 -0.000042
2.725554 -0.000278
2.730555 -0.000515
2.735556 -0.000121
2.740557 -0.000278
2.745558 -0.000475
2.750559 -0.000042
2.755560 0.000431
2.760561 0.000273
2.765562 -0.000397
2.770563 0.000037
2.775564 0.000746
2.780565 0.000470
2.785566 0.000273
2.790567 0.000194
2.795568 0.000273
2.800569 0.000589
2.805570 0.000667
2.810571 0.000628
2.815572 0.000510
2.820573 0.000510
2.825574 0.000273
2.830575 -0.000200
2.835576 0.000313
2.840577 0.000825
2.845578 0.000431
2.850580 0.000312
2.855581 0.000155
2.860582 -0.000318
2.865583 -0.000515
2.870584 -0.000555
2.875585 -0.000476
2.880586 0.000076
2.885587 0.000352
2.890588 -0.000082
2.895589 -0.000042
2.900590 0.000588
2.905591 0.000352
2.910592 0.000312
2.915593 0.000391
2.920594 -0.000003
2.925595 0.000430
2.930596 0.000509
2.935597 0.000430
2.940598 0.001022
2.945599 0.000864
2.950600 0.000273
2.955601 0.000273
2.960602 0.000824
2.965603 0.000667
2.970604 0.000115
2.975605 0.000115
2.980606 -0.000003
2.985607 0.000312
2.990608 0.000391
2.995609 -0.000319
3.000610 -0.000279
3.005611 0.000075
3.010612 -0.000122
3.015613 -0.000752
3.020614 -0.000240
3.025615 0.000430
3.030616 -0.000082
3.035617 -0.000082
3.040618 -0.000004
3.045619 -0.000083
3.050620 -0.000201
3.055621 -0.000122
3.060622 0.000430
3.065623 0.000390
3.070624 0.000075
3.075625 -0.000043
3.080626 0.000311
3.085627 0.000311
3.090628 -0.000043
3.095629 0.000154
3.100630 0.000627
3.105631 0.000706
3.110632 0.000390
3.115633 0.000469
3.120634 0.000193
3.125635 -0.000043
3.130636 0.000351
3.135637 0.000154
3.140638 -0.000122
3.145639 -0.000083
3.150641 0.000193
3.155642 0.000272
3.160643 -0.000083
3.165644 0.000035
3.170645 -0.000044
3.175646 -0.000359
3.180647 -0.000477
3.185648 -0.000280
3.190649 0.000193
3.195650 -0.000123
3.200651 -0.000280
3.205652 -0.000162
3.210653 -0.000083
3.215654 0.000153
3.220655 -0.000083
3.225656 -0.000517
3.230657 0.000114
3.235658 0.001060
3.240659 0.000350
3.245660 0.000114
3.250661 0.000744
3.255662 0.000390
3.260663 -0.000005
3.265664 0.000271
3.270665 0.000271
3.275666 -0.000083
3.280667 0.000350
3.285668 0.000823
3.290669 0.000626
3.295670 0.000350
3.300671 0.000350
3.305672 0.000271
3.310673 0.000626
3.315674 0.000586
3.320675 0.000192
3.325676 0.000192
3.330677 -0.000399
3.335678 0.000232
3.340679 0.000507
3.345680 -0.000005
3.350681 0.000153
3.355682 -0.000241
3.360683 -0.000320
3.365684 -0.000360
3.370685 -0.000163
3.375686 -0.000281
3.380687 -0.000399
3.385688 -0.000084
3.390689 -0.000163
3.395690 -0.000242
3.400691 -0.000005
3.405692 -0.000084
3.410693 -0.000399
3.415694 0.000271
3.420695 -0.000321
3.425696 -0.000202
3.430697 0.000744
3.435698 0.000034
3.440699 0.000428
3.445700 0.000665
3.450702 0.000231
3.455703 0.000625
3.460704 0.000468
3.465705 -0.000045
3.470706 0.000349
3.475707 0.001098
3.480708 0.000704
3.485709 0.000192
3.490710 0.000586
3.495711 0.000783
3.500712 0.000704
3.505713 0.000625
3.510714 0.000191
3.515715 0.000310
3.520716 0.000704
3.525717 0.000231
3.530718 -0.000124
3.535719 -0.000203
3.540720 -0.000282
3.545721 0.000270
3.550722 0.000467
3.555723 -0.000006
3.560724 -0.000045
3.565725 -0.000164
3.570726 -0.000361
3.575727 -0.000242
3.580728 0.000743
3.585729 0.000546
3.590730 -0.000558
3.595731 -0.000440
3.600732 -0.000518
3.605733 0.000191
3.610734 -0.000045
3.615735 -0.000479
3.620736 0.000349
3.625737 -0.000006
3.630738 0.000349
3.635739 -0.000124
3.640740 -0.000479
3.645741 0.000230
3.650742 -0.000479
3.655743 -0.000322
3.660744 -0.000085
3.665745 -0.000046
3.670746 -0.000006
3.675747 -0.000282
3.680748 -0.000085
3.685749 -0.000282
3.690750 0.000072
3.695751 -0.000282
3.700752 -0.000401
3.705753 0.000269
3.710754 -0.000006
3.715755 -0.000164
3.720756 -0.000046
3.725757 0.000545
3.730758 0.000151
3.735759 -0.000401
3.740760 -0.000164
3.745761 0.000388
3.750763 0.000506
3.755764 0.000190
3.760765 -0.000046
3.765766 -0.000046
3.770767 0.001215
3.775768 0.000703
3.780769 0.000033
3.785770 0.000506
3.790771 0.000151
3.795772 0.000348
3.800773 0.000151
3.805774 0.000033
3.810775 0.000348
3.815776 0.000308
3.820777 0.000111
3.825778 0.000072
3.830779 0.000348
3.835780 0.000348
3.840781 0.000072
3.845782 -0.000362
3.850783 -0.000046
3.855784 0.000229
3.860785 0.000229
3.865786 -0.000007
3.870787 -0.000125
3.875788 0.000190
3.880789 -0.000204
3.885790 -0.000323
3.890791 -0.000086
3.895792 0.000347
3.900793 0.000347
3.905794 -0.000047
3.910795 0.000623
3.915796 0.000505
3.920797 -0.000165
3.925798 -0.000244
3.930799 0.000584
3.935800 0.000505
3.940801 0.000111
3.945802 0.000466
3.950803 0.000268
3.955804 0.000426
3.960805 0.000150
3.965806 -0.000244
3.970807 -0.000047
3.975808 0.000189
3.980809 -0.000205
3.985810 -0.000559
3.990811 0.000032
3.995812 0.000032
4.000813 -0.000008
4.005814 0.000150
4.010815 -0.000087
4.015816 -0.000284
4.020817 -0.000402
4.025818 -0.000244
4.030819 -0.000126
4.035820 0.000071
4.040821 -0.000087
4.045822 -0.000441
4.050824 -0.000166
4.055825 0.000110
4.060826 0.000189
4.065827 -0.000047
4.070828 -0.000166
4.075829 -0.000323
4.080830 -0.000402
4.085831 0.000228
4.090832 0.000110
4.095833 0.000071
4.100834 0.000544
4.105835 -0.000008
4.110836 -0.000166
4.115837 -0.000363
4.120838 0.000110
4.125839 0.000425
4.130840 -0.000245
4.135841 0.000386
4.140842 0.000425
4.145843 0.000268
4.150844 0.000465
4.155845 0.000504
4.160846 0.000465
4.165847 -0.000363
4.170848 0.000031
4.175849 0.000267
4.180850 0.000346
4.185851 0.000386
4.190852 -0.000403
4.195853 0.000307
4.200854 0.000740
4.205855 0.000189
4.210856 -0.000009
4.215857 -0.000087
4.220858 0.000267
4.225859 -0.000087
4.230860 -0.000521
4.235861 -0.000088
4.240862 0.000385
4.245863 0.000267
4.250864 -0.000285
4.255865 -0.000088
4.260866 0.000070
4.265867 -0.000285
4.270868 -0.000166
4.275869 0.000306
4.280870 0.000346
4.285871 0.000267
4.290872 0.000267
4.295873 -0.000127
4.300874 0.000228
4.305875 0.000622
4.310876 0.000227
4.315877 0.000661
4.320878 0.000346
4.325879 -0.000206
4.330880 0.000503
4.335881 0.000779
4.340882 0.001134
4.345883 0.000976
4.350885 0.000503
4.355886 0.000424
4.360887 0.000227
4.365888 0.000661
4.370889 0.000464
4.375890 0.000503
4.380891 0.000543
4.385892 0.000030
4.390893 0.000030
4.395894 0.000109
4.400895 0.000188
4.405896 0.000227
4.410897 0.000464
4.415898 0.000188
4.420899 0.000266
4.425900 -0.000088
4.430901 -0.000364
4.435902 0.000385
4.440903 0.000069
4.445904 0.000385
4.450905 0.000345
4.455906 -0.000246
4.460907 0.000069
4.465908 0.000069
4.470909 0.000384
4.475910 0.000109
4.480911 -0.000246
4.485912 0.000581
4.490913 0.000108
4.495914 -0.000089
4.500915 0.000463
4.505916 0.000266
4.510917 0.000503
4.515918 -0.000089
4.520919 -0.000089
4.525920 0.000266
4.530921 0.000069
4.535922 0.000542
4.540923 0.000108
4.545924 -0.000089
4.550925 0.000069
4.555926 0.000108
4.560927 0.000226
4.565928 0.000266
4.570929 -0.000168
4.575930 -0.000325
4.580931 0.000581
4.585932 -0.000168
4.590933 -0.000444
4.595934 0.000423
4.600935 0.000069
4.605936 0.000147
4.610937 0.000305
4.615938 -0.000050
4.620939 0.000226
4.625940 -0.000089
4.630941 -0.000404
4.635942 0.000187
4.640943 -0.000680
4.645944 -0.000759
4.650946 -0.000010
4.655947 -0.000483
4.660948 -0.000168
4.665949 -0.000720
4.670950 -0.001035
4.675951 -0.000996
4.680952 -0.001824
4.685953 -0.001430
4.690954 -0.001784
4.695955 -0.001784
4.700956 -0.001745
4.705957 -0.002376
4.710958 -0.001114
4.715959 -0.000444
4.720960 0.000817
4.725961 0.002157
4.730962 0.002078
4.735963 0.003418
4.740964 0.003379
4.745965 0.001526
4.750966 0.000304
4.755967 -0.000957
4.760968 -0.003204
4.765969 -0.003716
4.770970 -0.001903
4.775971 -0.000445
4.780972 0.001014
4.785973 0.003576
4.790974 0.006493
4.795975 0.008582
4.800976 0.010158
4.805977 0.009685
4.810978 0.005783
4.815979 0.001565
4.820980 -0.002770
4.825981 -0.007658
4.830982 -0.010811
4.835983 -0.012624
4.840984 -0.012939
4.845985 -0.011639
4.850986 -0.008998
4.855987 -0.003519
4.860988 0.001565
4.865989 0.004403
4.870990 0.005822
4.875991 0.005822
4.880992 0.005743
4.885993 0.005231
4.890994 0.001999
4.895995 -0.004032
4.900996 -0.011205
4.905997 -0.021099
4.910998 -0.031702
4.915999 -0.042304
4.921000 -0.052395
4.926001 -0.059411
4.931002 -0.063865
4.936003 -0.063865
4.941004 -0.059056
4.946005 -0.047626
4.951007 -0.028864
4.956008 -0.005451
4.961009 0.021706
4.966010 0.053357
4.971011 0.089816
4.976012 0.129192
4.981013 0.163405
4.986014 0.178225
4.991015 0.163523
4.996016 0.116303
5.001017 0.045316
5.006018 -0.037693
5.011019 -0.120741
5.016020 -0.182584
5.021021 -0.210491
5.026022 -0.197129
5.031023 -0.140410
5.036024 -0.052592
5.041025 0.054657
5.046026 0.160645
5.051027 0.238530
5.056028 0.276448
5.061029 0.278537
5.066030 0.247320
5.071031 0.180668
5.076032 0.082563
5.081033 -0.040807
5.086034 -0.174544
5.091035 -0.298230
5.096036 -0.387506
5.101037 -0.415964
5.106038 -0.367601
5.111039 -0.237057
5.116040 -0.049834
5.121041 0.146652
5.126042 0.304354
5.131043 0.383855
5.136044 0.378100
5.141045 0.299151
5.146046 0.172075
5.151047 0.026159
5.156048 -0.115421
5.161049 -0.214906
5.166050 -0.258736
5.171051 -0.265909
5.176052 -0.244270
5.181053 -0.200519
5.186054 -0.135996
5.191055 -0.054879
5.196056 0.028603
5.201057 0.112715
5.206058 0.180865
5.211059 0.205775
5.216060 0.175149
5.221061 0.094781
5.226062 0.002628
5.231063 -0.057086
5.236064 -0.064063
5.241065 -0.020075
5.246066 0.063288
5.251068 0.165493
5.256069 0.246215
5.261070 0.270692
5.266071 0.228163
5.271072 0.122293
5.276073 -0.017750
5.281074 -0.153773
5.286075 -0.267053
5.291076 -0.338079
5.296077 -0.346593
5.301078 -0.291845
5.306079 -0.199219
5.311080 -0.094965
5.316081 0.015832
5.321082 0.130570
5.326083 0.232065
5.331084 0.292765
5.336085 0.298086
5.341086 0.243850
5.346087 0.143814
5.351088 0.014097
5.356089 -0.148925
5.361090 -0.309425
5.366091 -0.401933
5.371092 -0.396572
5.376093 -0.294013
5.381094 -0.117077
5.386095 0.074285
5.391096 0.218348
5.396097 0.287246
5.401098 0.285748
5.406099 0.249250
5.411100 0.202148
5.416101 0.151105
5.421102 0.105265
5.426103 0.064943
5.431104 0.013663
5.436105 -0.067138
5.441106 -0.166781
5.446107 -0.248883
5.451108 -0.281992
5.456109 -0.257160
5.461110 -0.184163
5.466111 -0.082392
5.471112 0.023990
5.476113 0.115000
5.481114 0.178578
5.486115 0.205695
5.491116 0.198167
5.496117 0.153470
5.501118 0.074166
5.506119 -0.009119
5.511120 -0.088778
5.516121 -0.152749
5.521122 -0.158267
5.526123 -0.108328
5.531124 -0.034503
5.536125 0.032740
5.541126 0.060016
5.546127 0.057848
5.551129 0.052448
5.556130 0.042870
5.561131 0.038258
5.566132 0.056507
5.571133 0.089459
5.576134 0.107077
5.581135 0.082009
5.586136 0.022847
5.591137 -0.032532
5.596138 -0.074313
5.601139 -0.102100
5.606140 -0.096701
5.611141 -0.056142
5.616142 -0.002103
5.621143 0.046772
5.626144 0.077437
5.631145 0.072786
5.636146 0.033292
5.641147 -0.026738
5.646148 -0.086059
5.651149 -0.118340
5.656150 -0.118222
5.661151 -0.095242
5.666152 -0.063513
5.671153 -0.036710
5.676154 -0.018855
5.681155 0.001680
5.686156 0.042396
5.691157 0.093360
5.696158 0.132973
5.701159 0.149922
5.706160 0.131120
5.711161 0.074835
5.716162 0.003020
5.721163 -0.069741
5.726164 -0.136668
5.731165 -0.164653
5.736166 -0.138008
5.741167 -0.081368
5.746168 -0.011406
5.751169 0.067307
5.756170 0.130608
5.761171 0.152247
5.766172 0.136441
5.771173 0.087960
5.776174 0.018510
5.781175 -0.049048
5.786176 -0.103441
5.791177 -0.130756
5.796178 -0.128864
5.801179 -0.112192
5.806180 -0.088621
5.811181 -0.055670
5.816182 -0.013417
5.821183 0.040898
5.826184 0.105618
5.831185 0.152325
5.836186 0.158356
5.841187 0.117048
5.846188 0.038809
5.851190 -0.047866
5.856191 -0.121652
5.861192 -0.151804
5.866193 -0.122952
5.871194 -0.058547
5.876195 0.014095
5.881196 0.072194
5.886197 0.108732
5.891198 0.126074
5.896199 0.118783
5.901200 0.089497
5.906201 0.054023
5.911202 0.029861
5.916203 0.005818
5.921204 -0.043097
5.926205 -0.109906
5.931206 -0.157835
5.936207 -0.140335
5.941208 -0.058745
5.946209 0.030019
5.951210 0.088314
5.956211 0.104829
5.961212 0.076489
5.966213 0.015947
5.971214 -0.060440
5.976215 -0.134304
5.981216 -0.181997
5.986217 -0.193704
5.991218 -0.173444
5.996219 -0.123268
6.001220 -0.045344
6.006221 0.042631
6.011222 0.112239
6.016223 0.149171
6.021224 0.155044
6.026225 0.144954
6.031226 0.130331
6.036227 0.103371
6.041228 0.060486
6.046229 0.007354
6.051230 -0.041363
6.056231 -0.068087
6.061232 -0.073093
6.066233 -0.064973
6.071234 -0.043019
6.076235 -0.008215
6.081236 0.024579
6.086237 0.045745
6.091238 0.048346
6.096239 0.025840
6.101240 -0.009043
6.106241 -0.032810
6.111242 -0.031707
6.116243 -0.009752
6.121244 0.017169
6.126245 0.034432
6.131246 0.032738
6.136247 0.007709
6.141248 -0.026031
6.146249 -0.054174
6.151251 -0.068481
6.156252 -0.046448
6.161253 0.018863
6.166254 0.096433
6.171255 0.137583
6.176256 0.130251
6.181257 0.103055
6.186258 0.068093
6.191259 0.020046
6.196260 -0.040457
6.201261 -0.099620
6.206262 -0.117830
6.211263 -0.078651
6.216264 -0.021735
6.221265 0.011098
6.226266 0.010270
6.231267 -0.005220
6.236268 -0.013458
6.241269 -0.000411
6.246270 0.038610
6.251271 0.078341
6.256272 0.084687
6.261273 0.044877
6.266274 -0.042665
6.271275 -0.158034
6.276276 -0.255745
6.281277 -0.311045
6.286278 -0.316445
6.291279 -0.267569
6.296280 -0.186334
6.301281 -0.096349
6.306282 -0.004826
6.311283 0.084016
6.316284 0.163793
6.321285 0.225912
6.326286 0.265249
6.331287 0.275772
6.336288 0.249364
6.341289 0.183737
6.346290 0.083386
6.351291 -0.034585
6.356292 -0.137459
6.361293 -0.192720
6.366294 -0.190867
6.371295 -0.144199
6.376296 -0.064304
6.381297 0.031751
6.386298 0.113696
6.391299 0.160403
6.396300 0.153505
6.401301 0.079917
6.406302 -0.021342
6.411303 -0.080898
6.416304 -0.085392
6.421305 -0.068128
6.426306 -0.045740
6.431307 -0.035137
6.436308 -0.052677
6.441309 -0.081017
6.446310 -0.090122
6.451312 -0.062413
6.456313 0.010545
6.461314 0.110109
6.466315 0.185077
6.471316 0.215506
6.476317 0.221260
6.481318 0.208253
6.486319 0.177588
6.491320 0.137029
6.496321 0.089652
6.501322 0.044797
6.506323 0.007510
6.511324 -0.032142
6.516325 -0.077903
6.521326 -0.119684
6.526327 -0.141402
6.531328 -0.129735
6.536329 -0.075775
6.541330 0.017127
6.546331 0.114247
6.551332 0.161979
6.556333 0.139473
6.561334 0.073018
6.566335 -0.007586
6.571336 -0.076524
6.576337 -0.107229
6.581338 -0.098281
6.586339 -0.069863
6.591340 -0.040814
6.596341 -0.026782
6.601342 -0.040459
6.606343 -0.075263
6.611344 -0.105692
6.616345 -0.100410
6.621346 -0.043612
6.626347 0.038569
6.631348 0.099190
6.636349 0.113340
6.641350 0.080546
6.646351 0.008534
6.651352 -0.075618
6.656353 -0.132928
6.661354 -0.140693
6.666355 -0.098360
6.671356 -0.032300
6.676357 0.012082
6.681358 0.010781
6.686359 -0.020239
6.691360 -0.053072
6.696361 -0.063675
6.701362 -0.042154
6.706363 -0.002226
6.711364 0.037268
6.716365 0.055596
6.721366 0.042865
6.726367 0.014446
6.731368 -0.022249
6.736369 -0.060088
6.741370 -0.073766
6.746371 -0.051023
6.751373 0.002425
6.756374 0.071756
6.761375 0.130761
6.766376 0.156894
6.771377 0.145345
6.776378 0.103998
6.781379 0.050235
6.786380 0.000059
6.791381 -0.034074
6.796382 -0.040854
6.801383 -0.030133
6.806384 -0.024221
6.811385 -0.033720
6.816386 -0.049210
6.821387 -0.052284
6.826388 -0.035809
6.831389 0.004474
6.836390 0.069036
6.841391 0.141403
6.846392 0.190239
6.851393 0.186218
6.856394 0.121262
6.861395 0.008731
6.866396 -0.117911
6.871397 -0.219051
6.876398 -0.274548
6.881399 -0.281564
6.886400 -0.251293
6.891401 -0.217357
6.896402 -0.205374
6.901403 -0.208764
6.906404 -0.203640
6.911405 -0.168206
6.916406 -0.103958
6.921407 -0.029384
6.926408 0.039632
6.931409 0.088113
6.936410 0.110383
6.941411 0.116729
6.946412 0.124651
6.951413 0.156223
6.956414 0.212074
6.961415 0.265482
6.966416 0.286254
6.971417 0.255589
6.976418 0.185154
6.981419 0.108727
6.986420 0.063439
6.991421 0.057881
6.996422 0.058985
7.001423 0.036281
7.006424 -0.014604
7.011425 -0.071086
7.016426 -0.093987
7.021427 -0.066435
7.026428 -0.018191
7.031429 0.000098
7.036430 -0.035100
7.041431 -0.105063
7.046432 -0.168561
7.051434 -0.191540
7.056435 -0.164856
7.061436 -0.107625
7.066437 -0.050118
7.071438 -0.006209
7.076439 0.019175
7.081440 0.025363
7.086441 0.020278
7.091442 0.010661
7.096443 0.000373
7.101444 -0.014880
7.106445 -0.039081
7.111446 -0.054020
7.116447 -0.030647
7.121448 0.033167
7.126449 0.124296
7.131450 0.222243
7.136451 0.289643
7.141452 0.306237
7.146453 0.276873
7.151454 0.208881
7.156455 0.106795
7.161456 -0.011688
7.166457 -0.121775
7.171458 -0.208647
7.176459 -0.266785
7.181460 -0.293311
7.186461 -0.276442
7.191462 -0.215111
7.196463 -0.117400
7.201464 0.000610
7.206465 0.091620
7.211466 0.128316
7.216467 0.132218
7.221468 0.129064
7.226469 0.130010
7.231470 0.135726
7.236471 0.137539
7.241472 0.120511
7.246473 0.088466
7.251474 0.053623
7.256475 0.012946
7.261476 -0.030095
7.266477 -0.069590
7.271478 -0.093633
7.276479 -0.081808
7.281480 -0.036599
7.286481 0.018070
7.291482 0.060954
7.296483 0.092802
7.301484 0.118264
7.306485 0.130680
7.311486 0.126029
7.316487 0.103641
7.321488 0.075183
7.326489 0.045779
7.331490 -0.001125
7.336491 -0.074753
7.341492 -0.168996
7.346493 -0.264697
7.351495 -0.327131
7.356496 -0.329693
7.361497 -0.273329
7.366498 -0.169390
7.371499 -0.044246
7.376500 0.060441
7.381501 0.124216
7.386502 0.143963
7.391503 0.124610
7.396504 0.083263
7.401505 0.032338
7.406506 -0.012477
7.411507 -0.035614
7.416508 -0.040147
7.421509 -0.026903
7.426510 0.007782
7.431511 0.051021
7.436512 0.085155
7.441513 0.101985
7.446514 0.102064
7.451515 0.089333
7.456516 0.070965
7.461517 0.052637
7.466518 0.036201
7.471519 0.023115
7.476520 0.002776
7.481521 -0.033052
7.486522 -0.079523
7.491523 -0.126980
7.496524 -0.160404
7.501525 -0.173017
7.506526 -0.168445
7.511527 -0.152324
7.516528 -0.130291
7.521529 -0.106799
7.526530 -0.084175
7.531531 -0.063363
7.536532 -0.043104
7.541533 -0.025800
7.546534 -0.013739
7.551535 -0.000101
7.556536 0.021814
7.561537 0.056184
7.566538 0.107542
7.571539 0.175061
7.576540 0.239229
7.581541 0.275728
7.586542 0.269421
7.591543 0.213215
7.596544 0.115543
7.601545 -0.005344
7.606546 -0.118939
7.611547 -0.200372
7.616548 -0.242152
7.621549 -0.245148
7.626550 -0.216020
7.631551 -0.154689
7.636552 -0.059304
7.641553 0.060204
7.646554 0.170961
7.651556 0.239347
7.656557 0.251763
7.661558 0.210180
7.666559 0.134187
7.671560 0.039865
7.676561 -0.057215
7.681562 -0.140027
7.686563 -0.201318
7.691564 -0.227884
7.696565 -0.210896
7.701566 -0.150196
7.706567 -0.051145
7.711568 0.066471
7.716569 0.161619
7.721570 0.204464
7.726571 0.200680
7.731572 0.161028
7.736573 0.107620
7.741574 0.058114
7.746575 0.009909
7.751576 -0.028639
7.756577 -0.061630
7.761578 -0.097892
7.766579 -0.123315
7.771580 -0.136086
7.776581 -0.138608
7.781582 -0.127138
7.786583 -0.097419
7.791584 -0.047046
7.796585 0.023310
7.801586 0.104506
7.806587 0.165088
7.811588 0.195004
7.816589 0.194846
7.821590 0.161540
7.826591 0.111719
7.831592 0.062056
7.836593 0.022364
7.841594 -0.002862
7.846595 -0.015120
7.851596 -0.021190
7.856597 -0.027260
7.861598 -0.035537
7.866599 -0.043105
7.871600 -0.052407
7.876601 -0.063483
7.881602 -0.064665
7.886603 -0.059541
7.891604 -0.060803
7.896605 -0.074165
7.901606 -0.093754
7.906607 -0.110979
7.911608 -0.121621
7.916609 -0.109875
7.921610 -0.071169
7.926611 -0.014450
7.931612 0.043885
7.936613 0.084956
7.941614 0.110891
7.946615 0.116961
7.951617 0.100012
7.956618 0.074510
7.961619 0.050664
7.966620 0.030168
7.971621 -0.000458
7.976622 -0.042987
7.981623 -0.081102
7.986624 -0.105027
7.991625 -0.106013
7.996626 -0.087645
8.001627 -0.064587
8.006628 -0.041490
8.011629 -0.028364
8.016630 -0.033252
8.021631 -0.048821
8.026632 -0.063523
8.031633 -0.067543
8.036634 -0.058832
8.041635 -0.035853
8.046636 0.007267
8.051637 0.065168
8.056638 0.119641
8.061639 0.160041
8.066640 0.187002
8.071641 0.205369
8.076642 0.218376
8.081643 0.215381
8.086644 0.184321
8.091645 0.128982
8.096646 0.061227
8.101647 -0.003493
8.106648 -0.054497
8.111649 -0.090050
8.116650 -0.117798
8.121651 -0.140305
8.126652 -0.146966
8.131653 -0.132658
8.136654 -0.090168
8.141655 -0.032503
8.146656 0.020353
8.151657 0.065641
8.156658 0.085506
8.161659 0.082826
8.166660 0.066508
8.171661 0.047983
8.176662 0.041676
8.181663 0.049126
8.186664 0.071593
8.191665 0.086807
8.196666 0.106042
8.201667 0.099578
8.206668 0.059334
8.211669 0.027132
8.216670 -0.033726
8.221671 -0.071762
8.226672 -0.074521
8.231673 -0.086464
8.236674 -0.059937
8.241675 -0.034751
8.246676 -0.035145
8.251678 -0.029154
8.256679 -0.045432
8.261680 -0.070343
8.266681 -0.076255
8.271682 -0.088001
8.276683 -0.099668
8.281684 -0.100023
8.286685 -0.113582
8.291686 -0.124421
8.296687 -0.132067
8.301688 -0.136127
8.306689 -0.112005
8.311690 -0.077122
8.316691 -0.020246
8.321692 0.030679
8.326693 0.064931
8.331694 0.107854
8.336695 0.116368
8.341696 0.112545
8.346697 0.096818
8.351698 0.048258
8.356699 0.005847
8.361700 -0.032268
8.366701 -0.060213
8.371702 -0.067584
8.376703 -0.060923
8.381704 -0.044368
8.386705 -0.021665
8.391706 0.010104
8.396707 0.035724
8.401708 0.050583
8.406709 0.055155
8.411710 0.036945
8.416711 0.013927
8.421712 0.002851
8.426713 0.002772
8.431714 0.021297
8.436715 0.050307
8.441716 0.079711
8.446717 0.101744
8.451718 0.106514
8.456719 0.093861
8.461720 0.067768
8.466721 0.043331
8.471722 0.028983
8.476723 0.025869
8.481724 0.026579
8.486725 0.018459
8.491726 0.006477
8.496727 -0.005702
8.501728 -0.012718
8.506729 -0.009210
8.511730 0.000683
8.516731 0.015779
8.521732 0.028825
8.526733 0.031230
8.531734 0.023347
8.536735 0.010182
8.541736 -0.003614
8.546737 -0.018513
8.551739 -0.038339
8.556740 -0.064313
8.561741 -0.089697
8.566742 -0.104872
8.571743 -0.107119
8.576744 -0.095531
8.581745 -0.070581
8.586746 -0.039245
8.591747 -0.008777
8.596748 0.016488
8.601749 0.033634
8.606750 0.036156
8.611751 0.020903
8.616752 -0.004087
8.621753 -0.029076
8.626754 -0.043660
8.631755 -0.042635
8.636756 -0.029628
8.641757 -0.006649
8.646758 0.019720
8.651759 0.040531
8.656760 0.046759
8.661761 0.034146
8.666762 0.016015
8.671763 0.003323
8.676764 -0.003890
8.681765 -0.004205
8.686766 -0.002432
8.691767 -0.006176
8.696768 -0.016188
8.701769 -0.034674
8.706770 -0.057811
8.711771 -0.077203
8.716772 -0.090998
8.721773 -0.097029
8.726774 -0.091511
8.731775 -0.069793
8.736776 -0.031087
8.741777 0.019601
8.746778 0.070684
8.751779 0.107419
8.756780 0.122515
8.761781 0.113528
8.766782 0.084558
8.771783 0.045852
8.776784 0.007895
8.781785 -0.022810
8.786786 -0.041532
8.791787 -0.046144
8.796788 -0.039128
8.801789 -0.023322
8.806790 -0.004876
8.811791 0.016527
8.816792 0.041910
8.821793 0.070092
8.826794 0.097486
8.831795 0.118573
8.836796 0.132920
8.841797 0.137059
8.846798 0.134930
8.851800 0.121805
8.856801 0.101585
8.861802 0.075689
8.866803 0.038008
8.871804 0.006554
8.876805 -0.030575
8.881806 -0.063881
8.886807 -0.078899
8.891808 -0.098054
8.896809 -0.108460
8.901810 -0.117289
8.906811 -0.137076
8.911812 -0.152487
8.916813 -0.160173
8.921814 -0.153749
8.926815 -0.127419
8.931816 -0.086112
8.936817 -0.042439
8.941818 -0.005231
8.946819 0.022872
8.951820 0.036746
8.956821 0.042304
8.961822 0.048886
8.966823 0.053576
8.971824 0.059095
8.976825 0.062366
8.981826 0.054956
8.986827 0.042777
8.991828 0.029257
8.996829 0.017590
9.001830 0.012781
9.006831 0.014358
9.011832 0.017078
9.016833 0.019640
9.021834 0.025631
9.026835 0.032252
9.031836 0.040609
9.036837 0.048255
9.041838 0.049280
9.046839 0.044353
9.051840 0.032213
9.056841 0.015580
9.061842 0.002770
9.066843 -0.001133
9.071844 0.001193
9.076845 0.007263
9.081846 0.015501
9.086847 0.019324
9.091848 0.018339
9.096849 0.015501
9.101850 0.010850
9.106851 0.003439
9.111852 -0.008582
9.116853 -0.025728
9.121854 -0.047840
9.126855 -0.071608
9.131856 -0.091710
9.136857 -0.106017
9.141858 -0.112403
9.146859 -0.107752
9.151861 -0.096873
9.156862 -0.083354
9.161863 -0.068179
9.166864 -0.056788
9.171865 -0.046697
9.176866 -0.035897
9.181867 -0.017530
9.186868 0.007420
9.191869 0.028980
9.196870 0.048491
9.201871 0.059172
9.206872 0.062010
9.211873 0.070800
9.216874 0.082191
9.221875 0.086251
9.226876 0.094016
9.231877 0.097405
9.236878 0.086369
9.241879 0.082585
9.246880 0.073835
9.251881 0.058463
9.256882 0.054127
9.261883 0.044667
9.266884 0.033237
9.271885 0.026457
9.276886 0.008090
9.281887 -0.019541
9.286888 -0.051506
9.291889 -0.091671
9.296890 -0.124267
9.301891 -0.134279
9.306892 -0.126632
9.311893 -0.103850
9.316894 -0.069519
9.321895 -0.033376
9.326896 0.001034
9.331897 0.031345
9.336898 0.051919
9.341899 0.062877
9.346900 0.069499
9.351901 0.072888
9.356902 0.070760
9.361903 0.059881
9.366904 0.043563
9.371905 0.024486
9.376906 0.003162
9.381907 -0.012880
9.386908 -0.022339
9.391909 -0.027542
9.396910 -0.029395
9.401911 -0.031247
9.406912 -0.033258
9.411913 -0.033888
9.416914 -0.033809
9.421915 -0.028725
9.426916 -0.018319
9.431917 -0.009490
9.436918 -0.004957
9.441919 -0.003854
9.446920 -0.003341
9.451922 -0.004445
9.456923 -0.007717
9.461924 -0.014141
9.466925 -0.024547
9.471926 -0.034086
9.476927 -0.040037
9.481928 -0.038894
9.486929 -0.026991
9.491930 -0.008899
9.496931 0.009192
9.501932 0.024722
9.506933 0.032842
9.511934 0.032132
9.516935 0.023500
9.521936 0.009586
9.526937 -0.003105
9.531938 -0.011934
9.536939 -0.015364
9.541940 -0.013432
9.546941 -0.009333
9.551942 -0.006416
9.556943 -0.004997
9.561944 -0.005667
9.566945 -0.005667
9.571946 -0.000031
9.576947 0.007261
9.581948 0.013094
9.586949 0.014355
9.591950 0.009429
9.596951 -0.000031
9.601952 -0.016743
9.606953 -0.038934
9.611954 -0.062111
9.616955 -0.084420
9.621956 -0.101132
9.626957 -0.107793
9.631958 -0.105152
9.636959 -0.094274
9.641960 -0.075197
9.646961 -0.051547
9.651962 -0.025218
9.656963 0.002018
9.661964 0.024406
9.666965 0.038359
9.671966 0.044271
9.676967 0.042971
9.681968 0.035403
9.686969 0.026377
9.691970 0.020504
9.696971 0.020228
9.701972 0.022199
9.706973 0.021923
9.711974 0.020701
9.716975 0.015064
9.721976 0.005684
9.726977 -0.002515
9.731978 -0.008270
9.736979 -0.005747
9.741980 0.008364
9.746981 0.030633
9.751983 0.057357
9.756984 0.081873
9.761985 0.094132
9.766986 0.096851
9.771987 0.090348
9.776988 0.072532
9.781989 0.055229
9.786990 0.033629
9.791991 0.010650
9.796992 -0.000505
9.801993 -0.012369
9.806994 -0.015956
9.811995 -0.003855
9.816996 0.007969
9.821997 0.032210
9.826998 0.062914
9.831999 0.080415
9.837000 0.084948
9.842001 0.069339
9.847002 0.032328
9.852003 -0.016074
9.857004 -0.061126
9.862005 -0.097586
9.867006 -0.118160
9.872007 -0.118358
9.877008 -0.103498
9.882009 -0.071729
9.887010 -0.034245
9.892011 0.003278
9.897012 0.039777
9.902013 0.068196
9.907014 0.086721
9.912015 0.094328
9.917016 0.090781
9.922017 0.076473
9.927018 0.057435
9.932019 0.036703
9.937020 0.019202
9.942021 0.006077
9.947022 -0.005945
9.952023 -0.015484
9.957024 -0.029082
9.962025 -0.044888
9.967026 -0.056673
9.972027 -0.064871
9.977028 -0.064714
9.982029 -0.054308
9.987030 -0.039606
9.992031 -0.022539
9.997032 -0.002437
10.002033 0.011871
10.007034 0.020227
10.012035 0.026573
10.017036 0.027440
10.022037 0.026375
10.027038 0.026139
10.032039 0.024878
10.037040 0.019832
10.042041 0.012422
10.047042 0.002962
10.052044 -0.008468
10.057045 -0.016469
10.062046 -0.021790
10.067047 -0.024668
10.072048 -0.024510
10.077049 -0.024392
10.082050 -0.026717
10.087051 -0.031093
10.092052 -0.038306
10.097053 -0.049145
10.102054 -0.060181
10.107055 -0.070548
10.112056 -0.080126
10.117057 -0.085801
10.122058 -0.087063
10.127059 -0.085920
10.132060 -0.083673
10.137061 -0.080559
10.142062 -0.074923
10.147063 -0.063768
10.152064 -0.046504
10.157065 -0.024274
10.162066 0.002923
10.167067 0.032681
10.172068 0.061967
10.177069 0.089361
10.182070 0.109896
10.187071 0.122273
10.192072 0.127239
10.197073 0.123297
10.202074 0.111236
10.207075 0.094248
10.212076 0.073594
10.217077 0.051009
10.222078 0.032523
10.227079 0.019950
10.232080 0.015102
10.237081 0.018255
10.242082 0.026020
10.247083 0.033627
10.252084 0.035164
10.257085 0.032996
10.262086 0.027320
10.267087 0.019792
10.272088 0.014904
10.277089 0.012264
10.282090 0.012145
10.287091 0.010805
10.292092 0.005563
10.297093 -0.002438
10.302094 -0.012844
10.307095 -0.024432
10.312096 -0.035232
10.317097 -0.041539
10.322098 -0.043312
10.327099 -0.041066
10.332100 -0.034010
10.337101 -0.026640
10.342102 -0.020333
10.347103 -0.017456
10.352105 -0.019309
10.357106 -0.019427
10.362107 -0.016944
10.367108 -0.014460
10.372109 -0.013199
10.377110 -0.015209
10.382111 -0.025260
10.387112 -0.041460
10.392113 -0.059039
10.397114 -0.075436
10.402115 -0.085960
10.407116 -0.089823
10.412117 -0.085724
10.417118 -0.076737
10.422119 -0.065701
10.427120 -0.052024
10.432121 -0.039608
10.437122 -0.031764
10.442123 -0.027271
10.447124 -0.026088
10.452125 -0.024512
10.457126 -0.018481
10.462127 -0.010204
10.467128 0.001108
10.472129 0.013997
10.477130 0.026176
10.482131 0.035951
10.487132 0.041943
10.492133 0.045175
10.497134 0.043795
10.502135 0.040129
10.507136 0.036424
10.512137 0.032601
10.517138 0.030591
10.522139 0.031655
10.527140 0.033310
10.532141 0.035518
10.537142 0.041115
10.542143 0.049707
10.547144 0.058654
10.552145 0.065394
10.557146 0.069178
10.562147 0.065119
10.567148 0.051796
10.572149 0.032088
10.577150 0.006350
10.582151 -0.020334
10.587152 -0.042249
10.592153 -0.055848
10.597154 -0.060578
10.602155 -0.056597
10.607156 -0.043944
10.612157 -0.025774
10.617158 -0.006303
10.622159 0.009858
10.627160 0.020303
10.632161 0.023732
10.637162 0.020973
10.642163 0.015179
10.647164 0.009385
10.652166 0.005167
10.657167 0.003551
10.662168 0.004576
10.667169 0.005364
10.672170 0.005758
10.677171 0.005955
10.682172 0.005916
10.687173 0.006862
10.692174 0.006428
10.697175 0.002881
10.702176 -0.002204
10.707177 -0.008510
10.712178 -0.015881
10.717179 -0.021084
10.722180 -0.022897
10.727181 -0.022266
10.732182 -0.020650
10.737183 -0.019586
10.742184 -0.019468
10.747185 -0.021084
10.752186 -0.023133
10.757187 -0.026326
10.762188 -0.029440
10.767189 -0.030583
10.772190 -0.030898
10.777191 -0.030701
10.782192 -0.031569
10.787193 -0.031805
10.792194 -0.031056
10.797195 -0.028061
10.802196 -0.022858
10.807197 -0.015014
10.812198 -0.002795
10.817199 0.010566
10.822200 0.025426
10.827201 0.040010
10.832202 0.052623
10.837203 0.063383
10.842204 0.068744
10.847205 0.069690
10.852206 0.071187
10.857207 0.072922
10.862208 0.076705
10.867209 0.083288
10.872210 0.087545
10.877211 0.088293
10.882212 0.083051
10.887213 0.071897
10.892214 0.057076
10.897215 0.040207
10.902216 0.023928
10.907217 0.008792
10.912218 -0.004333
10.917219 -0.016394
10.922220 -0.027706
10.927221 -0.040201
10.932222 -0.054943
10.937223 -0.071221
10.942224 -0.087933
10.947225 -0.099443
10.952227 -0.102044
10.957228 -0.098457
10.962229 -0.089313
10.967230 -0.077094
10.972231 -0.068068
10.977232 -0.058530
10.982233 -0.049858
10.987234 -0.042093
10.992235 -0.030190
10.997236 -0.018444
11.002237 -0.002717
11.007238 0.015887
11.012239 0.029840
11.017240 0.042492
11.022241 0.050572
11.027242 0.051242
11.032243 0.050257
11.037244 0.048720
11.042245 0.047143
11.047246 0.045251
11.052247 0.040758
11.057248 0.034333
11.062249 0.024518
11.067250 0.014113
11.072251 0.007530
11.077252 0.005954
11.082253 0.010565
11.087254 0.017148
11.092255 0.025425
11.097256 0.034254
11.102257 0.037644
11.107258 0.036264
11.112259 0.030352
11.117260 0.020143
11.122261 0.008594
11.127262 -0.002245
11.132263 -0.010128
11.137264 -0.014937
11.142265 -0.018208
11.147266 -0.022071
11.152267 -0.027077
11.157268 -0.033186
11.162269 -0.039650
11.167270 -0.041700
11.172271 -0.038665
11.177272 -0.031846
11.182273 -0.023214
11.187274 -0.015292
11.192275 -0.011626
11.197276 -0.012848
11.202277 -0.016908
11.207278 -0.023135
11.212279 -0.028141
11.217280 -0.031097
11.222281 -0.031610
11.227282 -0.030191
11.232283 -0.027865
11.237284 -0.025343
11.242285 -0.024279
11.247286 -0.023569
11.252288 -0.023924
11.257289 -0.024160
11.262290 -0.023372
11.267291 -0.023372
11.272292 -0.022544
11.277293 -0.019588
11.282294 -0.015529
11.287295 -0.009064
11.292296 -0.000432
11.297297 0.009973
11.302298 0.023020
11.307299 0.038628
11.312300 0.054434
11.317301 0.067677
11.322302 0.077295
11.327303 0.080527
11.332304 0.075994
11.337305 0.064090
11.342306 0.046669
11.347307 0.026567
11.352308 0.007569
11.357309 -0.007409
11.362310 -0.017105
11.367311 -0.018524
11.372312 -0.013400
11.377313 -0.003783
11.382314 0.008672
11.387315 0.020576
11.392316 0.031888
11.397317 0.040559
11.402318 0.044501
11.407319 0.044895
11.412320 0.041584
11.417321 0.033977
11.422322 0.023926
11.427323 0.013402
11.432324 0.002365
11.437325 -0.006464
11.442326 -0.011154
11.447327 -0.012415
11.452328 -0.008710
11.457329 -0.002010
11.462330 0.003272
11.467331 0.009697
11.472332 0.015175
11.477333 0.015018
11.482334 0.015294
11.487335 0.011746
11.492336 0.005755
11.497337 0.007056
11.502338 0.007765
11.507339 0.010958
11.512340 0.017540
11.517341 0.018171
11.522342 0.015766
11.527343 0.010682
11.532344 0.001498
11.537345 -0.011352
11.542346 -0.027197
11.547347 -0.045761
11.552349 -0.066888
11.557350 -0.086005
11.562351 -0.100352
11.567352 -0.109339
11.572353 -0.109930
11.577354 -0.103820
11.582355 -0.094715
11.587356 -0.083009
11.592357 -0.070238
11.597358 -0.057547
11.602359 -0.046037
11.607360 -0.032715
11.612361 -0.017028
11.617362 -0.001104
11.622363 0.016239
11.627364 0.030034
11.632365 0.039888
11.637366 0.045288
11.642367 0.044184
11.647368 0.041859
11.652369 0.038903
11.657370 0.038233
11.662371 0.040006
11.667372 0.040479
11.672373 0.042095
11.677374 0.043081
11.682375 0.042765
11.687376 0.041740
11.692377 0.039021
11.697378 0.037562
11.702379 0.037168
11.707380 0.038469
11.712381 0.041583
11.717382 0.044145
11.722383 0.046076
11.727384 0.045918
11.732385 0.043041
11.737386 0.037759
11.742387 0.030743
11.747388 0.021954
11.752389 0.012021
11.757390 0.003862
11.762391 -0.003075
11.767392 -0.008120
11.772393 -0.009737
11.777394 -0.010643
11.782395 -0.011471
11.787396 -0.012653
11.792397 -0.013678
11.797398 -0.013875
11.802399 -0.013757
11.807400 -0.011353
11.812401 -0.008515
11.817402 -0.006426
11.822403 -0.004061
11.827404 -0.003470
11.832405 -0.004849
11.837406 -0.007490
11.842407 -0.010328
11.847408 -0.012693
11.852410 -0.014624
11.857411 -0.015216
11.862412 -0.014270
11.867413 -0.012693
11.872414 -0.013127
11.877415 -0.015413
11.882416 -0.019039
11.887417 -0.026331
11.892418 -0.035988
11.897419 -0.045172
11.902420 -0.051754
11.907421 -0.053488
11.912422 -0.050532
11.917423 -0.043043
11.922424 -0.033111
11.927425 -0.024045
11.932426 -0.016674
11.937427 -0.012023
11.942428 -0.007136
11.947429 -0.002603
11.952430 -0.000632
11.957431 0.002797
11.962432 0.007054
11.967433 0.013202
11.972434 0.022071
11.977435 0.033186
11.982436 0.045208
11.987437 0.053840
11.992438 0.057387
11.997439 0.053564
12.002440 0.043868
12.007441 0.030230
12.012442 0.013202
12.017443 -0.004022
12.022444 -0.018843
12.027445 -0.030470
12.032446 -0.039417
12.037447 -0.045330
12.042448 -0.048680
12.047449 -0.050690
12.052450 -0.051873
12.057451 -0.049429
12.062452 -0.043556
12.067453 -0.035003
12.072454 -0.024597
12.077455 -0.014271
12.082456 -0.002131
12.087457 0.008945
12.092458 0.018957
12.097459 0.027707
12.102460 0.034841
12.107461 0.042369
12.112462 0.046784
12.117463 0.049149
12.122464 0.050962
12.127465 0.051395
12.132466 0.051356
12.137467 0.050646
12.142468 0.048479
12.147469 0.045680
12.152471 0.042960
12.157472 0.039807
12.162473 0.037639
12.167474 0.035668
12.172475 0.031924
12.177476 0.025381
12.182477 0.016788
12.187478 0.007250
12.192479 -0.001737
12.197480 -0.008832
12.202481 -0.015572
12.207482 -0.020459
12.212483 -0.023967
12.217484 -0.028224
12.222485 -0.031377
12.227486 -0.033506
12.232487 -0.034886
12.237488 -0.036107
12.242489 -0.039221
12.247490 -0.042808
12.252491 -0.045449
12.257492 -0.048208
12.262493 -0.048799
12.267494 -0.047065
12.272495 -0.043360
12.277496 -0.036659
12.282497 -0.028343
12.287498 -0.017149
12.292499 -0.004299
12.297500 0.005988
12.302501 0.015054
12.307502 0.022542
12.312503 0.026996
12.317504 0.029834
12.322505 0.029401
12.327506 0.026287
12.332507 0.023331
12.337508 0.020059
12.342509 0.017340
12.347510 0.015802
12.352511 0.015881
12.357512 0.018522
12.362513 0.021872
12.367514 0.025695
12.372515 0.030622
12.377516 0.035234
12.382517 0.037954
12.387518 0.038308
12.392519 0.037481
12.397520 0.036101
12.402521 0.033618
12.407522 0.030819
12.412523 0.028691
12.417524 0.027154
12.422525 0.025419
12.427526 0.023961
12.432527 0.019743
12.437528 0.011742
12.442529 0.003307
12.447531 -0.007414
12.452532 -0.018805
12.457533 -0.028816
12.462534 -0.039419
12.467535 -0.048209
12.472536 -0.054910
12.477537 -0.060310
12.482538 -0.063857
12.487539 -0.066301
12.492540 -0.067838
12.497541 -0.069336
12.502542 -0.070203
12.507543 -0.070361
12.512544 -0.071070
12.517545 -0.070242
12.522546 -0.067877
12.527547 -0.064764
12.532548 -0.059640
12.537549 -0.053136
12.542550 -0.044701
12.547551 -0.035517
12.552552 -0.026610
12.557553 -0.016125
12.562554 -0.004971
12.567555 0.005947
12.572556 0.016668
12.577557 0.026168
12.582558 0.034602
12.587559 0.042328
12.592560 0.048674
12.597561 0.053443
12.602562 0.056990
12.607563 0.060065
12.612564 0.062193
12.617565 0.064558
12.622566 0.068500
12.627567 0.071929
12.632568 0.074609
12.637569 0.075437
12.642570 0.074412
12.647571 0.070983
12.652572 0.064518
12.657573 0.056714
12.662574 0.046387
12.667575 0.033932
12.672576 0.019348
12.677577 0.005435
12.682578 -0.007967
12.687579 -0.020304
12.692580 -0.030394
12.697581 -0.039893
12.702582 -0.044860
12.707583 -0.049353
12.712584 -0.052309
12.717585 -0.051284
12.722586 -0.048919
12.727587 -0.043598
12.732588 -0.036898
12.737589 -0.028542
12.742590 -0.019516
12.747592 -0.011081
12.752593 -0.003434
12.757594 0.003542
12.762595 0.009297
12.767596 0.014066
12.772597 0.018441
12.777598 0.021476
12.782599 0.024354
12.787600 0.026679
12.792601 0.028453
12.797602 0.028689
12.802603 0.028098
12.807604 0.027704
12.812605 0.027034
12.817606 0.025694
12.822607 0.021870
12.827608 0.016510
12.832609 0.007720
12.837610 -0.002489
12.842611 -0.012461
12.847612 -0.021369
12.852613 -0.026532
12.857614 -0.028779
12.862615 -0.026256
12.867616 -0.019831
12.872617 -0.010648
12.877618 0.000270
12.882619 0.010834
12.887620 0.018047
12.892621 0.020648
12.897622 0.019860
12.902623 0.014657
12.907624 0.006458
12.912625 -0.003553
12.917626 -0.015496
12.922627 -0.028109
12.927628 -0.038357
12.932629 -0.047265
12.937630 -0.053374
12.942631 -0.054557
12.947632 -0.054360
12.952633 -0.050852
12.957634 -0.045176
12.962635 -0.040959
12.967636 -0.038791
12.972637 -0.037056
12.977638 -0.035283
12.982639 -0.033627
12.987640 -0.030514
12.992641 -0.024286
12.997642 -0.014156
13.002643 -0.003238
13.007644 0.009572
13.012645 0.024077
13.017646 0.036690
13.022647 0.046859
13.027648 0.052653
13.032649 0.053481
13.037650 0.048869
13.042651 0.039133
13.047653 0.027742
13.052654 0.016509
13.057655 0.005709
13.062656 -0.002765
13.067657 -0.008954
13.072658 -0.013132
13.077659 -0.015418
13.082660 -0.016521
13.087661 -0.018492
13.092662 -0.024089
13.097663 -0.030396
13.102664 -0.036229
13.107665 -0.042378
13.112666 -0.046201
13.117667 -0.046674
13.122668 -0.043088
13.127669 -0.035953
13.132670 -0.025784
13.137671 -0.011240
13.142672 0.004290
13.147673 0.017612
13.152674 0.030343
13.157675 0.041419
13.162676 0.049696
13.167677 0.055648
13.172678 0.058604
13.177679 0.060299
13.182680 0.061363
13.187681 0.059747
13.192682 0.057224
13.197683 0.056081
13.202684 0.057027
13.207685 0.059629
13.212686 0.061166
13.217687 0.061560
13.222688 0.061442
13.227689 0.057737
13.232690 0.050327
13.237691 0.041024
13.242692 0.029042
13.247693 0.016271
13.252694 0.002949
13.257695 -0.009703
13.262696 -0.019281
13.267697 -0.028820
13.272698 -0.037570
13.277699 -0.043207
13.282700 -0.046990
13.287701 -0.049237
13.292702 -0.049316
13.297703 -0.046991
13.302704 -0.042261
13.307705 -0.036940
13.312706 -0.032092
13.317707 -0.026495
13.322708 -0.022868
13.327709 -0.021174
13.332710 -0.019163
13.337711 -0.019124
13.342712 -0.020031
13.347714 -0.021174
13.352715 -0.022435
13.357716 -0.023144
13.362717 -0.024918
13.367718 -0.027125
13.372719 -0.029687
13.377720 -0.032920
13.382721 -0.035994
13.387722 -0.038122
13.392723 -0.039660
13.397724 -0.041039
13.402725 -0.040763
13.407726 -0.040409
13.412727 -0.039936
13.417728 -0.038004
13.422729 -0.033747
13.427730 -0.026653
13.432731 -0.017666
13.437732 -0.006866
13.442733 0.005707
13.447734 0.018438
13.452735 0.029711
13.457736 0.040511
13.462737 0.050720
13.467738 0.057184
13.472739 0.058563
13.477740 0.057144
13.482741 0.053124
13.487742 0.046739
13.492743 0.039013
13.497744 0.032510
13.502745 0.028765
13.507746 0.026440
13.512747 0.027504
13.517748 0.031130
13.522749 0.035190
13.527750 0.037200
13.532751 0.035071
13.537752 0.031012
13.542753 0.025257
13.547754 0.017571
13.552755 0.009215
13.557756 0.001884
13.562757 -0.005014
13.567758 -0.010217
13.572759 -0.012464
13.577760 -0.014395
13.582761 -0.014632
13.587762 -0.012937
13.592763 -0.010217
13.597764 -0.006591
13.602765 -0.002531
13.607766 0.000346
13.612767 -0.000206
13.617768 -0.002452
13.622769 -0.006946
13.627770 -0.013489
13.632771 -0.019914
13.637772 -0.026102
13.642773 -0.030319
13.647775 -0.031896
13.652776 -0.028388
13.657777 -0.023461
13.662778 -0.020663
13.667779 -0.016682
13.672780 -0.013883
13.677781 -0.013055
13.682782 -0.012701
13.687783 -0.013528
13.692784 -0.013923
13.697785 -0.014277
13.702786 -0.013726
13.707787 -0.011164
13.712788 -0.007498
13.717789 -0.004384
13.722790 -0.002335
13.727791 -0.000285
13.732792 0.001765
13.737793 0.005115
13.742794 0.008071
13.747795 0.011461
13.752796 0.015915
13.757797 0.018555
13.762798 0.020723
13.767799 0.022260
13.772800 0.023601
13.777801 0.025098
13.782802 0.024625
13.787803 0.022891
13.792804 0.020211
13.797805 0.016939
13.802806 0.012879
13.807807 0.005982
13.812808 -0.000758
13.817809 -0.005331
13.822810 -0.007459
13.827811 -0.006277
13.832812 -0.002453
13.837813 0.003656
13.842814 0.010041
13.847815 0.016663
13.852816 0.022221
13.857817 0.026202
13.862818 0.027975
13.867819 0.025374
13.872820 0.020841
13.877821 0.013510
13.882822 0.004720
13.887823 -0.003636
13.892824 -0.012426
13.897825 -0.019993
13.902826 -0.026812
13.907827 -0.032173
13.912828 -0.036390
13.917829 -0.040687
13.922830 -0.043800
13.927831 -0.045692
13.932832 -0.046954
13.937833 -0.046363
13.942834 -0.044195
13.947836 -0.041515
13.952837 -0.037336
13.957838 -0.032922
13.962839 -0.028468
13.967840 -0.024487
13.972841 -0.021097
13.977842 -0.017511
13.982843 -0.014988
13.987844 -0.013214
13.992845 -0.011756
13.997846 -0.011086
14.002847 -0.011323
14.007848 -0.011520
14.012849 -0.010652
14.017850 -0.007381
14.022851 -0.002139
14.027852 0.003616
14.032853 0.010514
14.037854 0.016820
14.042855 0.022220
14.047856 0.027975
14.052857 0.033138
14.057858 0.038538
14.062859 0.044726
14.067860 0.050284
14.072861 0.055250
14.077862 0.059586
14.082863 0.062699
14.087864 0.062778
14.092865 0.060256
14.097866 0.056590
14.102867 0.049574
14.107868 0.041967
14.112869 0.032901
14.117870 0.021471
14.122871 0.011617
14.127872 0.001921
14.132873 -0.007027
14.137874 -0.014870
14.142875 -0.021216
14.147876 -0.026774
14.152877 -0.031425
14.157878 -0.034775
14.162879 -0.038756
14.167880 -0.041713
14.172881 -0.044669
14.177882 -0.047152
14.182883 -0.048098
14.187884 -0.048610
14.192885 -0.049280
14.197886 -0.051330
14.202887 -0.053183
14.207888 -0.053971
14.212889 -0.053774
14.217890 -0.052197
14.222891 -0.047743
14.227892 -0.041003
14.232893 -0.033909
14.237894 -0.026301
14.242895 -0.019640
14.247897 -0.014083
14.252898 -0.008919
14.257899 -0.004111
14.262900 0.001211
14.267901 0.006847
14.272902 0.011577
14.277903 0.015834
14.282904 0.019775
14.287905 0.022495
14.292906 0.024505
14.297907 0.027382
14.302908 0.031284
14.307909 0.036014
14.312910 0.041493
14.317911 0.047287
14.322912 0.053002
14.327913 0.058323
14.332914 0.062738
14.337915 0.064906
14.342916 0.065694
14.347917 0.066088
14.352918 0.064906
14.357919 0.064038
14.362920 0.061831
14.367921 0.057889
14.372922 0.052726
14.377923 0.044173
14.382924 0.034950
14.387925 0.024820
14.392926 0.015400
14.397927 0.007832
14.402928 0.001880
14.407929 -0.001273
14.412930 -0.003559
14.417931 -0.004781
14.422932 -0.006476
14.427933 -0.010615
14.432934 -0.016685
14.437935 -0.022991
14.442936 -0.028076
14.447937 -0.032609
14.452938 -0.036393
14.457939 -0.038009
14.462940 -0.039231
14.467941 -0.039704
14.472942 -0.037693
14.477943 -0.036472
14.482944 -0.035999
14.487945 -0.035289
14.492946 -0.033831
14.497947 -0.030480
14.502948 -0.026736
14.507949 -0.022913
14.512950 -0.019089
14.517951 -0.015463
14.522952 -0.013138
14.527953 -0.012744
14.532954 -0.012152
14.537955 -0.011955
14.542956 -0.012862
14.547958 -0.013690
14.552959 -0.014557
14.557960 -0.014675
14.562961 -0.013926
14.567962 -0.012744
14.572963 -0.011877
14.577964 -0.010024
14.582965 -0.006359
14.587966 -0.004191
14.592967 -0.003363
14.597968 -0.002220
14.602969 -0.000801
14.607970 -0.000013
14.612971 0.000500
14.617972 0.002037
14.622973 0.004086
14.627974 0.006609
14.632975 0.008658
14.637976 0.012048
14.642977 0.016344
14.647978 0.018473
14.652979 0.018512
14.657980 0.017330
14.662981 0.014413
14.667982 0.009013
14.672983 0.003850
14.677984 -0.001511
14.682985 -0.006635
14.687986 -0.009670
14.692987 -0.011759
14.697988 -0.012074
14.702989 -0.009158
14.707990 -0.004428
14.712991 -0.000329
14.717992 0.004086
14.722993 0.007436
14.727994 0.008934
14.732995 0.009683
14.737996 0.007673
14.742997 0.005426
14.747998 0.003573
14.752999 0.001484
14.758000 0.001011
14.763001 0.002864
14.768002 0.007791
14.773003 0.014373
14.778004 0.021980
14.783005 0.029745
14.788006 0.036288
14.793007 0.040624
14.798008 0.041412
14.803009 0.040505
14.808010 0.037589
14.813011 0.033568
14.818012 0.030060
14.823013 0.026198
14.828014 0.024148
14.833015 0.023596
14.838016 0.022571
14.843017 0.022256
14.848019 0.022571
14.853020 0.020916
14.858021 0.018275
14.863022 0.014728
14.868023 0.009209
14.873024 0.003060
14.878025 -0.003995
14.883026 -0.011326
14.888027 -0.017475
14.893028 -0.022284
14.898029 -0.026738
14.903030 -0.028433
14.908031 -0.027290
14.913032 -0.026620
14.918033 -0.026935
14.923034 -0.027802
14.928035 -0.028078
14.933036 -0.030049
14.938037 -0.032768
14.943038 -0.034739
14.948039 -0.037577
14.953040 -0.039311
14.958041 -0.039982
14.963042 -0.040376
14.968043 -0.039666
14.973044 -0.039193
14.978045 -0.038799
14.983046 -0.037104
14.988047 -0.035055
14.993048 -0.030798
14.998049 -0.025437
15.003050 -0.020432
15.008051 -0.013652
15.013052 -0.006755
15.018053 -0.000960
15.023054 0.004834
15.028055 0.009958
15.033056 0.013032
15.038057 0.015909
15.043058 0.017643
15.048059 0.018077
15.053060 0.018865
15.058061 0.018944
15.063062 0.018905
15.068063 0.018038
15.073064 0.017880
15.078065 0.018786
15.083066 0.019102
15.088067 0.019496
15.093068 0.019772
15.098069 0.020718
15.103070 0.021191
15.108071 0.021427
15.113072 0.021703
15.118073 0.021703
15.123074 0.021033
15.128075 0.019220
15.133076 0.017210
15.138077 0.013386
15.143078 0.008223
15.148080 0.002153
15.153081 -0.003287
15.158082 -0.007465
15.163083 -0.010500
15.168084 -0.011643
15.173085 -0.012155
15.178086 -0.008687
15.183087 -0.004627
15.188088 -0.002025
15.193089 0.001995
15.198090 0.004478
15.203091 0.006370
15.208092 0.006725
15.213093 0.005227
15.218094 0.003769
15.223095 0.000852
15.228096 -0.002420
15.233097 -0.004706
15.238098 -0.006874
15.243099 -0.008608
15.248100 -0.009199
15.253101 -0.008726
15.258102 -0.007110
15.263103 -0.005140
15.268104 -0.002420
15.273105 0.000733
15.278106 0.004084
15.283107 0.007710
15.288108 0.009562
15.293109 0.011730
15.298110 0.011257
15.303111 0.009759
15.308112 0.009444
15.313113 0.006015
15.318114 0.003729
15.323115 0.001403
15.328116 -0.001277
15.333117 -0.002223
15.338118 -0.003090
15.343119 -0.001947
15.348120 -0.000095
15.353121 0.001521
15.358122 0.005266
15.363123 0.009404
15.368124 0.011966
15.373125 0.015829
15.378126 0.019692
15.383127 0.022096
15.388128 0.022648
15.393129 0.021426
15.398130 0.021071
15.403131 0.021347
15.408132 0.021978
15.413133 0.023002
15.418134 0.024658
15.423135 0.026826
15.428136 0.027535
15.433137 0.025880
15.438138 0.022175
15.443139 0.015947
15.448141 0.007118
15.453142 -0.003248
15.458143 -0.014718
15.463144 -0.026031
15.468145 -0.035372
15.473146 -0.043768
15.478147 -0.051848
15.483148 -0.056775
15.488149 -0.058824
15.493150 -0.059692
15.498151 -0.059731
15.503152 -0.058430
15.508153 -0.053897
15.513154 -0.047985
15.518155 -0.041797
15.523156 -0.033717
15.528157 -0.025282
15.533158 -0.018424
15.538159 -0.012157
15.543160 -0.006639
15.548161 -0.003485
15.553162 -0.002224
15.558163 -0.002224
15.563164 -0.004313
15.568165 -0.007112
15.573166 -0.009358
15.578167 -0.012748
15.583168 -0.014719
15.588169 -0.015901
15.593170 -0.017202
15.598171 -0.016138
15.603172 -0.014285
15.608173 -0.012157
15.613174 -0.010975
15.618175 -0.009319
15.623176 -0.007900
15.628177 -0.007348
15.633178 -0.005851
15.638179 -0.005811
15.643180 -0.005259
15.648181 -0.002737
15.653182 0.000535
15.658183 0.006092
15.663184 0.013266
15.668185 0.021661
15.673186 0.030806
15.678187 0.038137
15.683188 0.044246
15.688189 0.048818
15.693190 0.050474
15.698191 0.049843
15.703192 0.045941
15.708193 0.040659
15.713194 0.035732
15.718195 0.031475
15.723196 0.027849
15.728197 0.025051
15.733198 0.023592
15.738199 0.021937
15.743200 0.019257
15.748202 0.016419
15.753203 0.014251
15.758204 0.010979
15.763205 0.008457
15.768206 0.006683
15.773207 0.004712
15.778208 0.004633
15.783209 0.005225
15.788210 0.005934
15.793211 0.007313
15.798212 0.009205
15.803213 0.010664
15.808214 0.011294
15.813215 0.012240
15.818216 0.012634
15.823217 0.010861
15.828218 0.009048
15.833219 0.007707
15.838220 0.005382
15.843221 0.003017
15.848222 0.000179
15.853223 -0.001082
15.858224 -0.000609
15.863225 -0.000018
15.868226 0.001086
15.873227 0.001834
15.878228 0.000731
15.883229 -0.001674
15.888230 -0.004787
15.893231 -0.009399
15.898232 -0.013814
15.903233 -0.017795
15.908234 -0.022130
15.913235 -0.027412
15.918236 -0.031629
15.923237 -0.034783
15.928238 -0.038330
15.933239 -0.040143
15.938240 -0.041365
15.943241 -0.040498
15.948242 -0.037187
15.953243 -0.033443
15.958244 -0.027846
15.963245 -0.021618
15.968246 -0.016218
15.973247 -0.012237
15.978248 -0.008532
15.983249 -0.005379
15.988250 -0.004827
15.993251 -0.005103
15.998252 -0.005143
16.003253 -0.005813
16.008254 -0.006443
16.013255 -0.006365
16.018256 -0.005773
16.023257 -0.004118
16.028258 -0.001595
16.033259 0.002031
16.038260 0.006642
16.043261 0.011688
16.048263 0.015590
16.053264 0.017757
16.058265 0.018861
16.063266 0.017600
16.068267 0.015668
16.073268 0.013461
16.078269 0.011333
16.083270 0.011963
16.088271 0.013185
16.093272 0.015432
16.098273 0.018585
16.103274 0.021423
16.108275 0.023945
16.113276 0.024418
16.118277 0.024143
16.123278 0.023512
16.128279 0.021147
16.133280 0.018506
16.138281 0.016772
16.143282 0.014249
16.148283 0.011766
16.153284 0.009283
16.158285 0.005775
16.163286 0.003765
16.168287 0.001478
16.173288 -0.000808
16.178289 -0.002108
16.183290 -0.002936
16.188291 -0.003527
16.193292 -0.006089
16.198293 -0.009519
16.203294 -0.012475
16.208295 -0.014840
16.213296 -0.016850
16.218297 -0.017796
16.223298 -0.016141
16.228299 -0.012711
16.233300 -0.009046
16.238301 -0.005893
16.243302 -0.003015
16.248303 -0.002306
16.253304 -0.001912
16.258305 -0.001202
16.263306 -0.002227
16.268307 -0.001951
16.273308 -0.001912
16.278309 -0.003331
16.283310 -0.004592
16.288311 -0.005538
16.293312 -0.006839
16.298313 -0.007942
16.303314 -0.009046
16.308315 -0.009874
16.313316 -0.009125
16.318317 -0.010386
16.323318 -0.011608
16.328319 -0.011845
16.333320 -0.012121
16.338321 -0.010662
16.343322 -0.009795
16.348324 -0.008021
16.353325 -0.005341
16.358326 -0.002937
16.363327 -0.000138
16.368328 0.002699
16.373329 0.005183
16.378330 0.007390
16.383331 0.010346
16.388332 0.012593
16.393333 0.014012
16.398334 0.014839
16.403335 0.016179
16.408336 0.018032
16.413337 0.018465
16.418338 0.019530
16.423339 0.019333
16.428340 0.018268
16.433341 0.017795
16.438342 0.016100
16.443343 0.014484
16.448344 0.012671
16.453345 0.009676
16.458346 0.006838
16.463347 0.004236
16.468348 0.000807
16.473349 -0.002386
16.478350 -0.005026
16.483351 -0.007037
16.488352 -0.008929
16.493353 -0.009835
16.498354 -0.010151
16.503355 -0.011294
16.508356 -0.011254
16.513357 -0.012043
16.518358 -0.013067
16.523359 -0.013935
16.528360 -0.016339
16.533361 -0.016378
16.538362 -0.014841
16.543363 -0.012752
16.548364 -0.009559
16.553365 -0.005776
16.558366 -0.001401
16.563367 0.001713
16.568368 0.004945
16.573369 0.008335
16.578370 0.010069
16.583371 0.011291
16.588372 0.011567
16.593373 0.011055
16.598374 0.010660
16.603375 0.008453
16.608376 0.005655
16.613377 0.003250
16.618378 0.000136
16.623379 -0.002977
16.628380 -0.005815
16.633381 -0.006919
16.638382 -0.007116
16.643383 -0.007629
16.648385 -0.007274
16.653386 -0.007313
16.658387 -0.008141
16.663388 -0.008417
16.668389 -0.008456
16.673390 -0.008732
16.678391 -0.008969
16.683392 -0.009166
16.688393 -0.009284
16.693394 -0.010112
16.698395 -0.010348
16.703396 -0.010073
16.708397 -0.010506
16.713398 -0.009008
16.718399 -0.007038
16.723400 -0.005225
16.728401 -0.002190
16.733402 -0.000692
16.738403 -0.000337
16.743404 -0.000416
16.748405 -0.001795
16.753406 -0.002623
16.758407 -0.003333
16.763408 -0.004042
16.768409 -0.003017
16.773410 -0.002071
16.778411 -0.001244
16.783412 0.001082
16.788413 0.003880
16.793414 0.006797
16.798415 0.009714
16.803416 0.012394
16.808417 0.015113
16.813418 0.016848
16.818419 0.017321
16.823420 0.017794
16.828421 0.017478
16.833422 0.015389
16.838423 0.012394
16.843424 0.008649
16.848425 0.005654
16.853426 0.003604
16.858427 0.001830
16.863428 0.000490
16.868429 0.000293
16.873430 0.001515
16.878431 0.002146
16.883432 0.003289
16.888433 0.004589
16.893434 0.004865
16.898435 0.004471
16.903436 0.004037
16.908437 0.004313
16.913438 0.002540
16.918439 0.000135
16.923440 -0.001678
16.928441 -0.005186
16.933442 -0.008221
16.938443 -0.012044
16.943444 -0.016814
16.948446 -0.019730
16.953447 -0.022292
16.958448 -0.024184
16.963449 -0.024500
16.968450 -0.023396
16.973451 -0.021228
16.978452 -0.018351
16.983453 -0.014685
16.988454 -0.010980
16.993455 -0.007354
16.998456 -0.003925
17.003457 -0.000259
17.008458 0.002933
17.013459 0.005101
17.018460 0.006993
17.023461 0.008609
17.028462 0.009043
17.033463 0.009752
17.038464 0.009989
17.043465 0.008885
17.048466 0.009082
17.053467 0.009791
17.058468 0.009003
17.063469 0.007584
17.068470 0.007111
17.073471 0.005298
17.078472 0.002302
17.083473 -0.000693
17.088474 -0.004004
17.093475 -0.006211
17.098476 -0.009404
17.103477 -0.012360
17.108478 -0.013503
17.113479 -0.013898
17.118480 -0.012991
17.123481 -0.011730
17.128482 -0.009483
17.133483 -0.007000
17.138484 -0.004280
17.143485 -0.000260
17.148486 0.004391
17.153487 0.009830
17.158488 0.015822
17.163489 0.020236
17.168490 0.022956
17.173491 0.025321
17.178492 0.024453
17.183493 0.022010
17.188494 0.018265
17.193495 0.013654
17.198496 0.011722
17.203497 0.009515
17.208498 0.008372
17.213499 0.007938
17.218500 0.007110
17.223501 0.006007
17.228502 0.003484
17.233503 0.001237
17.238504 -0.002428
17.243505 -0.007040
17.248507 -0.012203
17.253508 -0.017327
17.258509 -0.020323
17.263510 -0.022097
17.268511 -0.023752
17.273512 -0.024146
17.278513 -0.021781
17.283514 -0.019062
17.288515 -0.015278
17.293516 -0.010390
17.298517 -0.005621
17.303518 -0.001167
17.308519 0.001750
17.313520 0.004351
17.318521 0.005652
17.323522 0.005652
17.328523 0.004745
17.333524 0.004036
17.338525 0.004666
17.343526 0.005454
17.348527 0.006873
17.353528 0.008411
17.358529 0.010263
17.363530 0.011524
17.368531 0.011918
17.373532 0.011682
17.378533 0.011327
17.383534 0.011918
17.388535 0.011761
17.393536 0.012037
17.398537 0.012864
17.403538 0.014283
17.408539 0.016530
17.413540 0.018895
17.418541 0.021654
17.423542 0.024886
17.428543 0.028039
17.433544 0.029970
17.438545 0.030877
17.443546 0.030877
17.448547 0.030325
17.453548 0.028670
17.458549 0.026778
17.463550 0.025792
17.468551 0.023033
17.473552 0.018895
17.478553 0.014204
17.483554 0.008725
17.488555 0.002971
17.493556 -0.003927
17.498557 -0.010391
17.503558 -0.015476
17.508559 -0.020521
17.513560 -0.025172
17.518561 -0.028759
17.523562 -0.031242
17.528563 -0.033686
17.533564 -0.035578
17.538565 -0.036760
17.543566 -0.036327
17.548568 -0.035184
17.553569 -0.034435
17.558570 -0.031912
17.563571 -0.029271
17.568572 -0.025803
17.573573 -0.021113
17.578574 -0.016816
17.583575 -0.011613
17.588576 -0.007041
17.593577 -0.003139
17.598578 0.001118
17.603579 0.004468
17.608580 0.007266
17.613581 0.009986
17.618582 0.011484
17.623583 0.012745
17.628584 0.014085
17.633585 0.013967
17.638586 0.013849
17.643587 0.014322
17.648588 0.013100
17.653589 0.010971
17.658590 0.008882
17.663591 0.005571
17.668592 0.002970
17.673593 0.000368
17.678594 -0.004007
17.683595 -0.008185
17.688596 -0.012481
17.693597 -0.016501
17.698598 -0.018906
17.703599 -0.020285
17.708600 -0.020995
17.713601 -0.020207
17.718602 -0.018393
17.723603 -0.016620
17.728604 -0.014846
17.733605 -0.014058
17.738606 -0.013900
17.743607 -0.014610
17.748608 -0.015792
17.753609 -0.015516
17.758610 -0.014964
17.763611 -0.013861
17.768612 -0.011023
17.773613 -0.007752
17.778614 -0.004007
17.783615 0.000723
17.788616 0.004901
17.793617 0.009236
17.798618 0.013533
17.803619 0.016647
17.808620 0.020430
17.813621 0.024411
17.818622 0.027840
17.823623 0.030836
17.828624 0.033713
17.833625 0.036039
17.838626 0.037773
17.843627 0.038128
17.848629 0.036709
17.853630 0.035250
17.858631 0.033358
17.863632 0.032610
17.868633 0.032255
17.873634 0.029811
17.878635 0.028156
17.883636 0.025830
17.888637 0.022440
17.893638 0.019957
17.898639 0.017395
17.903640 0.014281
17.908641 0.010537
17.913642 0.007226
17.918643 0.002654
17.923644 -0.001958
17.928645 -0.006806
17.933646 -0.013349
17.938647 -0.017606
17.943648 -0.022139
17.948649 -0.026317
17.953650 -0.028682
17.958651 -0.031323
17.963652 -0.032978
17.968653 -0.035067
17.973654 -0.037629
17.978655 -0.039797
17.983656 -0.041689
17.988657 -0.043857
17.993658 -0.046616
17.998659 -0.047720
18.003660 -0.048587
18.008661 -0.048981
18.013662 -0.047956
18.018663 -0.046459
18.023664 -0.042517
18.028665 -0.037787
18.033666 -0.031796
18.038667 -0.023952
18.043668 -0.016345
18.048669 -0.007989
18.053670 -0.000264
18.058671 0.007146
18.063672 0.013965
18.068673 0.018774
18.073674 0.021966
18.078675 0.024055
18.083676 0.025908
18.088677 0.026184
18.093678 0.026342
18.098679 0.027130
18.103680 0.027248
18.108681 0.026814
18.113682 0.026460
18.118683 0.025632
18.123684 0.024607
18.128685 0.023937
18.133686 0.021611
18.138687 0.019365
18.143688 0.016763
18.148690 0.013098
18.153691 0.010496
18.158692 0.007382
18.163693 0.003953
18.168694 0.001470
18.173695 0.000406
18.178696 -0.000698
18.183697 -0.002117
18.188698 -0.002590
18.193699 -0.003260
18.198700 -0.003812
18.203701 -0.003142
18.208702 -0.001565
18.213703 -0.001368
18.218704 -0.001605
18.223705 -0.001132
18.228706 -0.001171
18.233707 -0.001683
18.238708 -0.002787
18.243709 -0.002945
18.248710 -0.002511
18.253711 -0.003300
18.258712 -0.004088
18.263713 -0.004719
18.268714 -0.005192
18.273715 -0.005901
18.278716 -0.006177
18.283717 -0.005034
18.288718 -0.003930
18.293719 -0.002236
18.298720 0.000445
18.303721 0.004426
18.308722 0.008761
18.313723 0.012821
18.318724 0.016960
18.323725 0.020428
18.328726 0.022990
18.333727 0.023818
18.338728 0.024370
18.343729 0.024843
18.348730 0.023463
18.353731 0.021808
18.358732 0.020822
18.363733 0.018891
18.368734 0.017630
18.373735 0.017669
18.378736 0.016762
18.383737 0.015698
18.388738 0.014516
18.393739 0.013175
18.398740 0.011875
18.403741 0.009904
18.408742 0.008130
18.413743 0.005962
18.418744 0.003755
18.423745 0.001430
18.428746 -0.001842
18.433747 -0.003379
18.438748 -0.005744
18.443749 -0.009370
18.448751 -0.011814
18.453752 -0.014258
18.458753 -0.015598
18.463754 -0.017096
18.468755 -0.017490
18.473756 -0.017293
18.478757 -0.017017
18.483758 -0.014849
18.488759 -0.013312
18.493760 -0.011026
18.498761 -0.008385
18.503762 -0.005823
18.508763 -0.003498
18.513764 -0.001842
18.518765 0.000286
18.523766 0.000838
18.528767 0.001547
18.533768 0.002375
18.538769 0.001981
18.543770 0.001350
18.548771 -0.000502
18.553772 -0.002276
18.558773 -0.005548
18.563774 -0.010238
18.568775 -0.014258
18.573776 -0.017569
18.578777 -0.020328
18.583778 -0.023521
18.588779 -0.024940
18.593780 -0.025728
18.598781 -0.026911
18.603782 -0.027581
18.608783 -0.028803
18.613784 -0.029670
18.618785 -0.031010
18.623786 -0.032469
18.628787 -0.033651
18.633788 -0.035267
18.638789 -0.035425
18.643790 -0.035622
18.648791 -0.035977
18.653792 -0.035110
18.658793 -0.033099
18.663794 -0.029946
18.668795 -0.026556
18.673796 -0.023088
18.678797 -0.018989
18.683798 -0.014141
18.688799 -0.010712
18.693800 -0.006809
18.698801 -0.000897
18.703802 0.003872
18.708803 0.008405
18.713804 0.013962
18.718805 0.020466
18.723806 0.025945
18.728807 0.030517
18.733808 0.035680
18.738809 0.040055
18.743810 0.044194
18.748812 0.048135
18.753813 0.051131
18.758814 0.054166
18.763815 0.055703
18.768816 0.055861
18.773817 0.055309
18.778818 0.054718
18.783819 0.053851
18.788820 0.051052
18.793821 0.048569
18.798822 0.045573
18.803823 0.043011
18.808824 0.040607
18.813825 0.036429
18.818826 0.033118
18.823827 0.028073
18.828828 0.023816
18.833829 0.019165
18.838830 0.012701
18.843831 0.008050
18.848832 0.002847
18.853833 -0.001450
18.858834 -0.006140
18.863835 -0.010082
18.868836 -0.013353
18.873837 -0.018004
18.878838 -0.022498
18.883839 -0.027779
18.888840 -0.032154
18.893841 -0.036766
18.898842 -0.041220
18.903843 -0.044137
18.908844 -0.045713
18.913845 -0.046147
18.918846 -0.046462
18.923847 -0.045438
18.928848 -0.043427
18.933849 -0.040156
18.938850 -0.036845
18.943851 -0.031760
18.948852 -0.024272
18.953853 -0.017571
18.958854 -0.010319
18.963855 -0.002869
18.968856 0.003635
18.973857 0.009468
18.978858 0.014316
18.983859 0.018100
18.988860 0.021411
18.993861 0.023539
18.998862 0.024367
19.003863 0.025313
19.008864 0.025983
19.013865 0.024958
19.018866 0.022160
19.023867 0.020346
19.028868 0.017548
19.033869 0.012582
19.038870 0.009389
19.043871 0.006393
19.048873 0.003595
19.053874 0.001190
19.058875 -0.001687
19.063876 -0.003579
19.068877 -0.006062
19.073878 -0.008782
19.078879 -0.011659
19.083880 -0.014970
19.088881 -0.017099
19.093882 -0.018044
19.098883 -0.017926
19.103884 -0.017887
19.108885 -0.017099
19.113886 -0.015010
19.118887 -0.012842
19.123888 -0.011108
19.128889 -0.010004
19.133890 -0.009531
19.138891 -0.009216
19.143892 -0.009097
19.148893 -0.009452
19.153894 -0.008230
19.158895 -0.006930
19.163896 -0.006535
19.168897 -0.006141
19.173898 -0.006181
19.178899 -0.006181
19.183900 -0.007166
19.188901 -0.008191
19.193902 -0.008822
19.198903 -0.010280
19.203904 -0.012251
19.208905 -0.012606
19.213906 -0.013473
19.218907 -0.014971
19.223908 -0.014064
19.228909 -0.013197
19.233910 -0.011029
19.238911 -0.007245
19.243912 -0.003816
19.248913 -0.000269
19.253914 0.003003
19.258915 0.006235
19.263916 0.008876
19.268917 0.011083
19.273918 0.013487
19.278919 0.015616
19.283920 0.017113
19.288921 0.018769
19.293922 0.019991
19.298923 0.020345
19.303924 0.021843
19.308925 0.023617
19.313926 0.025154
19.318927 0.027479
19.323928 0.029647
19.328929 0.030554
19.333930 0.030396
19.338931 0.029923
19.343932 0.026770
19.348934 0.020503
19.353935 0.014472
19.358936 0.007890
19.363937 0.001741
19.368938 -0.003580
19.373939 -0.009138
19.378940 -0.012567
19.383941 -0.014971
19.388942 -0.017100
19.393943 -0.018440
19.398944 -0.019938
19.403945 -0.021120
19.408946 -0.022539
19.413947 -0.023879
19.418948 -0.023801
19.423949 -0.023603
19.428950 -0.024274
19.433951 -0.023682
19.438952 -0.021002
19.443953 -0.018322
19.448954 -0.015405
19.453955 -0.011424
19.458956 -0.007207
19.463957 -0.002792
19.468958 0.000992
19.473959 0.003475
19.478960 0.005879
19.483961 0.007653
19.488962 0.008599
19.493963 0.010057
19.498964 0.011200
19.503965 0.012974
19.508966 0.015693
19.513967 0.018413
19.518968 0.021212
19.523969 0.023103
19.528970 0.024049
19.533971 0.023892
19.538972 0.023300
19.543973 0.021881
19.548974 0.019477
19.553975 0.016954
19.558976 0.013683
19.563977 0.011357
19.568978 0.009347
19.573979 0.006667
19.578980 0.004617
19.583981 0.003001
19.588982 0.001779
19.593983 0.000163
19.598984 -0.001571
19.603985 -0.002399
19.608986 -0.002990
19.613987 -0.004370
19.618988 -0.005552
19.623989 -0.005710
19.628990 -0.006143
19.633991 -0.006774
19.638992 -0.006813
19.643993 -0.007799
19.648995 -0.009218
19.653996 -0.010361
19.658997 -0.011662
19.663998 -0.012647
19.668999 -0.013908
19.674000 -0.014618
19.679001 -0.014421
19.684002 -0.013790
19.689003 -0.012450
19.694004 -0.010795
19.699005 -0.008075
19.704006 -0.005079
19.709007 -0.001611
19.714008 0.002607
19.719009 0.005996
19.724010 0.008243
19.729011 0.008637
19.734012 0.008125
19.739013 0.006863
19.744014 0.004301
19.749015 0.001187
19.754016 -0.002202
19.759017 -0.004410
19.764018 -0.005829
19.769019 -0.006144
19.774020 -0.005671
19.779021 -0.005277
19.784022 -0.005198
19.789023 -0.006459
19.794024 -0.006814
19.799025 -0.007721
19.804026 -0.009297
19.809027 -0.010283
19.814028 -0.010795
19.819029 -0.009810
19.824030 -0.009179
19.829031 -0.007484
19.834032 -0.005001
19.839033 -0.002794
19.844034 0.000162
19.849035 0.002803
19.854036 0.005838
19.859037 0.008518
19.864038 0.009819
19.869039 0.009661
19.874040 0.007809
19.879041 0.005562
19.884042 0.002291
19.889043 -0.001572
19.894044 -0.004252
19.899045 -0.006184
19.904046 -0.008233
19.909047 -0.008943
19.914048 -0.007839
19.919049 -0.006302
19.924050 -0.005199
19.929051 -0.002794
19.934052 0.000044
19.939053 0.002014
19.944054 0.004695
19.949056 0.006429
19.954057 0.008084
19.959058 0.009070
19.964059 0.009227
19.969060 0.009700
19.974061 0.009385
19.979062 0.009700
19.984063 0.008360
19.989064 0.006744
19.994065 0.006941
19.999066 0.006626
20.004067 0.006074
20.009068 0.004891
20.014069 0.004182
20.019070 0.002369
20.024071 0.000162
20.029072 -0.000942
20.034073 -0.002795
20.039074 -0.003938
20.044075 -0.004568
20.049076 -0.004332
20.054077 -0.004017
20.059078 -0.003583
20.064079 -0.001652
20.069080 -0.000390
20.074081 -0.000666
20.079082 -0.001534
20.084083 -0.002598
20.089084 -0.004253
20.094085 -0.006579
20.099086 -0.008865
20.104087 -0.010166
20.109088 -0.010954
20.114089 -0.011466
20.119090 -0.010442
20.124091 -0.008865
20.129092 -0.007485
20.134093 -0.006855
20.139094 -0.005475
20.144095 -0.003110
20.149096 -0.002440
20.154097 -0.001731
20.159098 0.000161
20.164099 0.001383
20.169100 0.002526
20.174101 0.003511
20.179102 0.004457
20.184103 0.005837
20.189104 0.006310
20.194105 0.007768
20.199106 0.009345
20.204107 0.010448
20.209108 0.011867
20.214109 0.011473
20.219110 0.012182
20.224111 0.012261
20.229112 0.010921
20.234113 0.011906
20.239114 0.012813
20.244115 0.013995
20.249117 0.014705
20.254118 0.014863
20.259119 0.015217
20.264120 0.014114
20.269121 0.013325
20.274122 0.011315
20.279123 0.008595
20.284124 0.005915
20.289125 0.002762
20.294126 0.001737
20.299127 0.000239
20.304128 -0.000628
20.309129 0.000160
20.314130 0.000200
20.319131 0.000988
20.324132 0.001697
20.329133 0.002052
20.334134 0.002131
20.339135 0.000594
20.344136 -0.000155
20.349137 -0.000668
20.354138 -0.002284
20.359139 -0.003427
20.364140 -0.004254
20.369141 -0.004452
20.374142 -0.005122
20.379143 -0.005595
20.384144 -0.004727
20.389145 -0.004294
20.394146 -0.004806
20.399147 -0.005476
20.404148 -0.005871
20.409149 -0.005831
20.414150 -0.005674
20.419151 -0.005713
20.424152 -0.004373
20.429153 -0.003624
20.434154 -0.003506
20.439155 -0.002836
20.444156 -0.002205
20.449157 -0.001180
20.454158 -0.001496
20.459159 -0.001890
20.464160 -0.002284
20.469161 -0.002836
20.474162 -0.004413
20.479163 -0.006856
20.484164 -0.007369
20.489165 -0.008315
20.494166 -0.008867
20.499167 -0.008906
20.504168 -0.008670
20.509169 -0.007645
20.514170 -0.006541
20.519171 -0.004886
20.524172 -0.003624
20.529173 -0.001733
20.534174 0.000869
20.539175 0.003746
20.544176 0.006151
20.549178 0.008476
20.554179 0.010447
20.559180 0.010999
20.564181 0.011393
20.569182 0.010565
20.574183 0.010053
20.579184 0.009698
20.584185 0.008161
20.589186 0.006939
20.594187 0.005362
20.599188 0.004495
20.604189 0.003588
20.609190 0.002682
20.614191 0.003076
20.619192 0.002839
20.624193 0.002603
20.629194 0.003273
20.634195 0.003509
20.639196 0.003233
20.644197 0.002879
20.649198 0.001499
20.654199 0.000317
20.659200 0.000119
20.664201 -0.000038
20.669202 0.000632
20.674203 0.001026
20.679204 0.000789
20.684205 0.001144
20.689206 0.000711
20.694207 -0.000314
20.699208 -0.000038
20.704209 -0.000669
20.709210 -0.001812
20.714211 -0.001852
20.719212 -0.003152
20.724213 -0.003901
20.729214 -0.003980
20.734215 -0.004414
20.739216 -0.004926
20.744217 -0.004138
20.749218 -0.002364
20.754219 -0.002364
20.759220 -0.001300
20.764221 -0.000709
20.769222 -0.001576
20.774223 -0.002009
20.779224 -0.002719
20.784225 -0.002482
20.789226 -0.002601
20.794227 -0.002640
20.799228 -0.002561
20.804229 -0.002837
20.809230 -0.002995
20.814231 -0.004020
20.819232 -0.004493
20.824233 -0.004808
20.829234 -0.005636
20.834235 -0.005754
20.839236 -0.005833
20.844237 -0.005124
20.849239 -0.004414
20.854240 -0.005478
20.859241 -0.006148
20.864242 -0.006858
20.869243 -0.007331
20.874244 -0.007449
20.879245 -0.007449
20.884246 -0.006109
20.889247 -0.004611
20.894248 -0.003035
20.899249 -0.001025
20.904250 0.001104
20.909251 0.003390
20.914252 0.006110
20.919253 0.008317
20.924254 0.010169
20.929255 0.011588
20.934256 0.012258
20.939257 0.013322
20.944258 0.013677
20.949259 0.012810
20.954260 0.012061
20.959261 0.010760
20.964262 0.009617
20.969263 0.009105
20.974264 0.008829
20.979265 0.008277
20.984266 0.006188
20.989267 0.004060
20.994268 0.001537
20.999269 -0.002129
21.004270 -0.006386
21.009271 -0.011155
21.014272 -0.014466
21.019273 -0.017067
21.024274 -0.019432
21.029275 -0.019787
21.034276 -0.019984
21.039277 -0.020339
21.044278 -0.020418
21.049279 -0.019472
21.054280 -0.017777
21.059281 -0.016673
21.064282 -0.015648
21.069283 -0.014111
21.074284 -0.011589
21.079285 -0.010130
21.084286 -0.008633
21.089287 -0.006583
21.094288 -0.005440
21.099289 -0.003587
21.104290 -0.001853
21.109291 0.001142
21.114292 0.003862
21.119293 0.004926
21.124294 0.007646
21.129295 0.009538
21.134296 0.011587
21.139297 0.014228
21.144298 0.015489
21.149300 0.018091
21.154301 0.019667
21.159302 0.020062
21.164303 0.020456
21.169304 0.019864
21.174305 0.020613
21.179306 0.019825
21.184307 0.018051
21.189308 0.017421
21.194309 0.016593
21.199310 0.016632
21.204311 0.015883
21.209312 0.015450
21.214313 0.014977
21.219314 0.014070
21.224315 0.013715
21.229316 0.012533
21.234317 0.012021
21.239318 0.011311
21.244319 0.008907
21.249320 0.006187
21.254321 0.004334
21.259322 0.002521
21.264323 0.000393
21.269324 -0.001775
21.274325 -0.003549
21.279326 -0.004140
21.284327 -0.005598
21.289328 -0.006308
21.294329 -0.005362
21.299330 -0.004810
21.304331 -0.004574
21.309332 -0.004771
21.314333 -0.005165
21.319334 -0.005677
21.324335 -0.006623
21.329336 -0.007175
21.334337 -0.006899
21.339338 -0.007096
21.344339 -0.007845
21.349340 -0.007767
21.354341 -0.007964
21.359342 -0.008555
21.364343 -0.008752
21.369344 -0.010092
21.374345 -0.010999
21.379346 -0.011275
21.384347 -0.012457
21.389348 -0.013443
21.394349 -0.013679
21.399350 -0.013009
21.404351 -0.012260
21.409352 -0.011432
21.414353 -0.010999
21.419354 -0.010959
21.424355 -0.010605
21.429356 -0.009935
21.434357 -0.008516
21.439358 -0.008122
21.444359 -0.007846
21.449361 -0.005993
21.454362 -0.004298
21.459363 -0.001776
21.464364 0.000589
21.469365 0.002481
21.474366 0.004885
21.479367 0.006501
21.484368 0.007684
21.489369 0.008551
21.494370 0.009970
21.499371 0.011113
21.504372 0.011270
21.509373 0.010719
21.514374 0.009339
21.519375 0.008866
21.524376 0.007762
21.529377 0.006186
21.534378 0.005673
21.539379 0.004727
21.544380 0.003663
21.549381 0.002954
21.554382 0.001692
21.559383 0.000234
21.564384 -0.001540
21.569385 -0.003747
21.574386 -0.005639
21.579387 -0.007570
21.584388 -0.009147
21.589389 -0.009975
21.594390 -0.011709
21.599391 -0.011906
21.604392 -0.010211
21.609393 -0.009187
21.614394 -0.007492
21.619395 -0.005087
21.624396 -0.002998
21.629397 -0.001343
21.634398 0.001258
21.639399 0.003623
21.644400 0.004530
21.649401 0.005436
21.654402 0.005358
21.659403 0.004806
21.664404 0.004490
21.669405 0.003860
21.674406 0.002717
21.679407 0.000549
21.684408 -0.000437
21.689409 -0.001028
21.694410 -0.002210
21.699411 -0.002486
21.704412 -0.002723
21.709413 -0.002565
21.714414 -0.002920
21.719415 -0.003472
21.724416 -0.002959
21.729417 -0.003511
21.734418 -0.003275
21.739419 -0.002999
21.744420 -0.003551
21.749422 -0.002487
21.754423 -0.002014
21.759424 -0.002053
21.764425 -0.001974
21.769426 -0.002250
21.774427 -0.002487
21.779428 -0.003117
21.784429 -0.002171
21.789430 -0.001817
21.794431 -0.002408
21.799432 -0.001974
21.804433 -0.001817
21.809434 -0.000595
21.814435 0.000193
21.819436 0.000469
21.824437 0.001179
21.829438 0.001021
21.834439 0.001809
21.839440 0.002401
21.844441 0.002243
21.849442 0.002992
21.854443 0.002479
21.859444 0.002716
21.864445 0.003819
21.869446 0.004844
21.874447 0.006894
21.879448 0.007485
21.884449 0.008234
21.889450 0.008076
21.894451 0.007248
21.899452 0.006854
21.904453 0.005790
21.909454 0.005751
21.914455 0.005356
21.919456 0.005987
21.924457 0.005514
21.929458 0.004529
21.934459 0.004844
21.939460 0.004410
21.944461 0.004607
21.949462 0.004450
21.954463 0.004213
21.959464 0.003543
21.964465 0.002834
21.969466 0.002637
21.974467 0.002045
21.979468 0.002597
21.984469 0.003740
21.989470 0.005159
21.994471 0.006341
21.999472 0.007958
22.004473 0.010047
22.009474 0.010835
22.014475 0.010914
22.019476 0.010204
22.024477 0.008982
22.029478 0.007484
22.034479 0.005671
22.039480 0.003898
22.044481 0.002281
22.049483 0.000468
22.054484 -0.000990
22.059485 -0.002330
22.064486 -0.003907
22.069487 -0.005523
22.074488 -0.006981
22.079489 -0.007888
22.084490 -0.009386
22.089491 -0.010647
22.094492 -0.011514
22.099493 -0.012184
22.104494 -0.012815
22.109495 -0.013209
22.114496 -0.012618
22.119497 -0.012973
22.124498 -0.013406
22.129499 -0.013209
22.134500 -0.012854
22.139501 -0.012224
22.144502 -0.012184
22.149503 -0.011633
22.154504 -0.011160
22.159505 -0.010963
22.164506 -0.009583
22.169507 -0.008282
22.174508 -0.008440
22.179509 -0.008401
22.184510 -0.007415
22.189511 -0.007336
22.194512 -0.007928
22.199513 -0.008992
22.204514 -0.010411
22.209515 -0.011633
22.214516 -0.013091
22.219517 -0.013525
22.224518 -0.013407
22.229519 -0.013210
22.234520 -0.012027
22.239521 -0.011199
22.244522 -0.009229
22.249523 -0.006194
22.254524 -0.004341
22.259525 -0.003395
22.264526 -0.002016
22.269527 -0.000597
22.274528 -0.000479
22.279529 -0.000360
22.284530 -0.000479
22.289531 -0.000282
22.294532 0.000467
22.299533 0.001650
22.304534 0.003699
22.309535 0.006498
22.314536 0.009099
22.319537 0.011622
22.324538 0.014184
22.329539 0.015366
22.334540 0.016746
22.339541 0.016194
22.344542 0.014617
22.349544 0.014144
22.354545 0.013317
22.359546 0.012568
22.364547 0.011346
22.369548 0.011425
22.374549 0.011385
22.379550 0.010400
22.384551 0.010321
22.389552 0.010242
22.394553 0.009611
22.399554 0.008586
22.404555 0.007089
22.409556 0.005354
22.414557 0.003068
22.419558 -0.000124
22.424559 -0.003002
22.429560 -0.005682
22.434561 -0.007456
22.439562 -0.008835
22.444563 -0.010727
22.449564 -0.010767
22.454565 -0.009308
22.459566 -0.008126
22.464567 -0.006707
22.469568 -0.004539
22.474569 -0.003199
22.479570 -0.002766
22.484571 -0.002135
22.489572 -0.002529
22.494573 -0.002726
22.499574 -0.002214
22.504575 -0.001662
22.509576 0.000309
22.514577 0.003777
22.519578 0.006891
22.524579 0.010596
22.529580 0.015247
22.534581 0.018124
22.539582 0.019898
22.544583 0.021002
22.549584 0.020765
22.554585 0.018321
22.559586 0.015602
22.564587 0.014065
22.569588 0.012173
22.574589 0.010281
22.579590 0.008113
22.584591 0.006773
22.589592 0.005669
22.594593 0.004565
22.599594 0.004762
22.604595 0.004999
22.609596 0.004723
22.614597 0.004920
22.619598 0.005196
22.624599 0.003895
22.629600 0.003107
22.634601 0.002358
22.639602 0.000899
22.644603 -0.000165
22.649605 -0.002096
22.654606 -0.003279
22.659607 -0.003200
22.664608 -0.003988
22.669609 -0.005171
22.674610 -0.005052
22.679611 -0.006393
22.684612 -0.007417
22.689613 -0.007812
22.694614 -0.008718
22.699615 -0.008009
22.704616 -0.008679
22.709617 -0.009309
22.714618 -0.009034
22.719619 -0.009112
22.724620 -0.009231
22.729621 -0.010374
22.734622 -0.010768
22.739623 -0.011004
22.744624 -0.012384
22.749625 -0.013015
22.754626 -0.013133
22.759627 -0.013330
22.764628 -0.013172
22.769629 -0.013172
22.774630 -0.013133
22.779631 -0.012345
22.784632 -0.011911
22.789633 -0.011438
22.794634 -0.010374
22.799635 -0.009625
22.804636 -0.008561
22.809637 -0.007733
22.814638 -0.006866
22.819639 -0.005565
22.824640 -0.005368
22.829641 -0.004895
22.834642 -0.004028
22.839643 -0.003595
22.844644 -0.002649
22.849645 -0.001703
22.854646 -0.000875
22.859647 0.000701
22.864648 0.002633
22.869649 0.004209
22.874650 0.005392
22.879651 0.006101
22.884652 0.007560
22.889653 0.008624
22.894654 0.007993
22.899655 0.007835
22.904656 0.007678
22.909657 0.006653
22.914658 0.005628
22.919659 0.004406
22.924660 0.003500
22.929661 0.002790
22.934662 0.001805
22.939663 0.001726
22.944664 0.000938
22.949666 0.000228
22.954667 -0.000166
22.959668 -0.001506
22.964669 -0.001743
22.969670 -0.003280
22.974671 -0.004581
22.979672 -0.004975
22.984673 -0.005527
22.989674 -0.004857
22.994675 -0.006315
22.999676 -0.006315
23.004677 -0.004620
23.009678 -0.003635
23.014679 -0.002137
23.019680 -0.001546
23.024681 -0.000363
23.029682 0.000385
23.034683 0.001253
23.039684 0.002711
23.044685 0.003578
23.049686 0.004958
23.054687 0.006061
23.059688 0.007362
23.064689 0.008268
23.069690 0.009096
23.074691 0.010476
23.079692 0.011185
23.084693 0.011737
23.089694 0.012722
23.094695 0.013116
23.099696 0.012801
23.104697 0.013116
23.109698 0.012683
23.114699 0.012367
23.119700 0.012525
23.124701 0.010909
23.129702 0.010318
23.134703 0.010042
23.139704 0.008702
23.144705 0.007440
23.149706 0.006100
23.154707 0.005745
23.159708 0.004445
23.164709 0.002513
23.169710 0.001213
23.174711 0.000464
23.179712 0.000306
23.184713 -0.000128
23.189714 0.000464
23.194715 0.000424
23.199716 0.000306
23.204717 0.000700
23.209718 -0.000285
23.214719 -0.000246
23.219720 -0.001507
23.224721 -0.004030
23.229722 -0.004661
23.234723 -0.005370
23.239724 -0.006001
23.244725 -0.006158
23.249727 -0.005331
23.254728 -0.005252
23.259729 -0.005488
23.264730 -0.005173
23.269731 -0.005528
23.274732 -0.004543
23.279733 -0.004543
23.284734 -0.004503
23.289735 -0.004188
23.294736 -0.004779
23.299737 -0.004582
23.304738 -0.005567
23.309739 -0.005883
23.314740 -0.005883
23.319741 -0.006119
23.324742 -0.005883
23.329743 -0.006356
23.334744 -0.006474
23.339745 -0.006514
23.344746 -0.006159
23.349747 -0.006435
23.354748 -0.007578
23.359749 -0.007972
23.364750 -0.007775
23.369751 -0.007933
23.374752 -0.007341
23.379753 -0.005647
23.384754 -0.004346
23.389755 -0.003321
23.394756 -0.002178
23.399757 -0.000917
23.404758 0.000344
23.409759 0.001212
23.414760 0.002433
23.419761 0.003458
23.424762 0.003025
23.429763 0.003103
23.434764 0.003103
23.439765 0.003340
23.444766 0.004207
23.449767 0.004049
23.454768 0.004365
23.459769 0.004719
23.464770 0.004207
23.469771 0.003576
23.474772 0.003103
23.479773 0.002709
23.484774 0.001921
23.489775 0.001093
23.494776 0.000975
23.499777 0.000581
23.504778 0.000659
23.509779 0.001132
23.514780 0.001053
23.519781 0.001014
23.524782 0.000502
23.529783 0.000659
23.534784 0.000896
23.539785 0.000344
23.544786 0.000226
23.549788 0.000423
23.554789 0.000383
23.559790 0.000186
23.564791 0.000659
23.569792 0.001802
23.574793 0.002709
23.579794 0.002551
23.584795 0.002748
23.589796 0.003852
23.594797 0.003773
23.599798 0.002906
23.604799 0.002511
23.609800 0.001329
23.614801 -0.000287
23.619802 -0.001312
23.624803 -0.003086
23.629804 -0.004583
23.634805 -0.005648
23.639806 -0.006357
23.644807 -0.006042
23.649808 -0.006278
23.654809 -0.006397
23.659810 -0.006476
23.664811 -0.005766
23.669812 -0.005057
23.674813 -0.005175
23.679814 -0.004781
23.684815 -0.004190
23.689816 -0.003401
23.694817 -0.003717
23.699818 -0.003598
23.704819 -0.002534
23.709820 -0.002613
23.714821 -0.002850
23.719822 -0.002889
23.724823 -0.002652
23.729824 -0.002771
23.734825 -0.001904
23.739826 -0.000288
23.744827 -0.000485
23.749828 -0.000091
23.754829 0.001250
23.759830 0.002235
23.764831 0.003693
23.769832 0.004560
23.774833 0.005822
23.779834 0.006807
23.784835 0.007004
23.789836 0.007556
23.794837 0.007911
23.799838 0.007989
23.804839 0.007122
23.809840 0.006570
23.814841 0.006255
23.819842 0.005624
23.824843 0.005112
23.829844 0.004600
23.834845 0.005151
23.839846 0.004363
23.844847 0.003417
23.849849 0.004008
23.854850 0.003180
23.859851 0.002313
23.864852 0.001170
23.869853 0.000185
23.874854 -0.000406
23.879855 -0.001550
23.884856 -0.001471
23.889857 -0.001747
23.894858 -0.001077
23.899859 -0.000919
23.904860 -0.001628
23.909861 -0.000761
23.914862 -0.000722
23.919863 -0.000525
23.924864 -0.000052
23.929865 0.000145
23.934866 0.000460
23.939867 0.000855
23.944868 0.001288
23.949869 0.001603
23.954870 0.001525
23.959871 0.001761
23.964872 0.002076
23.969873 0.001840
23.974874 0.002668
23.979875 0.002668
23.984876 0.002116
23.989877 0.002392
23.994878 0.001446
23.999879 0.000697
24.004880 0.000697
24.009881 0.000618
24.014882 0.001445
24.019883 0.002273
24.024884 0.003298
24.029885 0.005072
24.034886 0.005505
24.039887 0.005545
24.044888 0.005860
24.049889 0.005347
24.054890 0.005150
24.059891 0.005426
24.064892 0.005466
24.069893 0.004756
24.074894 0.003928
24.079895 0.003692
24.084896 0.003179
24.089897 0.002549
24.094898 0.001603
24.099899 0.001248
24.104900 0.000775
24.109901 -0.000565
24.114902 -0.001156
24.119903 -0.001708
24.124904 -0.001629
24.129905 -0.002851
24.134906 -0.005177
24.139907 -0.005965
24.144908 -0.006911
24.149910 -0.007660
24.154911 -0.008133
24.159912 -0.008685
24.164913 -0.008724
24.169914 -0.008448
24.174915 -0.008646
24.179916 -0.008724
24.184917 -0.008843
24.189918 -0.009079
24.194919 -0.008685
24.199920 -0.008764
24.204921 -0.007897
24.209922 -0.006990
24.214923 -0.006911
24.219924 -0.006517
24.224925 -0.006163
24.229926 -0.005808
24.234927 -0.006320
24.239928 -0.005729
24.244929 -0.005611
24.249930 -0.006399
24.254931 -0.005887
24.259932 -0.005650
24.264933 -0.003837
24.269934 -0.002458
24.274935 -0.001591
24.279936 0.000617
24.284937 0.001681
24.289938 0.003021
24.294939 0.004282
24.299940 0.004558
24.304941 0.004479
24.309942 0.004519
24.314943 0.004637
24.319944 0.004164
24.324945 0.004203
24.329946 0.004085
24.334947 0.003533
24.339948 0.002824
24.344949 0.002351
24.349950 0.002429
24.354951 0.001286
24.359952 -0.000448
24.364953 -0.001552
24.369954 -0.002892
24.374955 -0.004981
24.379956 -0.006163
24.384957 -0.006833
24.389958 -0.007385
24.394959 -0.007346
24.399960 -0.007661
24.404961 -0.006676
24.409962 -0.004784
24.414963 -0.004074
24.419964 -0.002340
24.424965 -0.000448
24.429966 0.000340
24.434967 0.001798
24.439968 0.002823
24.444969 0.002587
24.449971 0.002823
24.454972 0.002705
24.459973 0.002271
24.464974 0.002547
24.469975 0.002626
24.474976 0.002863
24.479977 0.003572
24.484978 0.005227
24.489979 0.006843
24.494980 0.007908
24.499981 0.008932
24.504982 0.010154
24.509983 0.011021
24.514984 0.011337
24.519985 0.012204
24.524986 0.012046
24.529987 0.011494
24.534988 0.010864
24.539989 0.009996
24.544990 0.009129
24.549991 0.007395
24.554992 0.006804
24.559993 0.006134
24.564994 0.004596
24.569995 0.003177
24.574996 0.001680
24.579997 -0.000409
24.584998 -0.001828
24.589999 -0.002814
24.595000 -0.004863
