0.000000 0.000000
0.005001 0.000214
0.010002 0.000268
0.015003 0.000282
0.020004 0.000258
0.025005 0.000207
0.030006 0.000140
0.035007 0.000065
0.040008 -0.000014
0.045009 -0.000088
0.050010 -0.000148
0.055011 -0.000177
0.060012 -0.000158
0.065013 -0.000076
0.070014 0.000065
0.075015 0.000236
0.080016 0.000389
0.085017 0.000474
0.090018 0.000467
0.095019 0.000381
0.100020 0.000258
0.105021 0.000150
0.110022 0.000089
0.115023 0.000085
0.120024 0.000121
0.125025 0.000164
0.130026 0.000183
0.135027 0.000161
0.140028 0.000109
0.145029 0.000059
0.150031 0.000044
0.155032 0.000068
0.160033 0.000111
0.165034 0.000140
0.170035 0.000145
0.175036 0.000143
0.180037 0.000166
0.185038 0.000226
0.190039 0.000299
0.195040 0.000342
0.200041 0.000325
0.205042 0.000255
0.210043 0.000170
0.215044 0.000111
0.220045 0.000094
0.225046 0.000106
0.230047 0.000124
0.235048 0.000124
0.240049 0.000088
0.245050 0.000011
0.250051 -0.000098
0.255052 -0.000206
0.260053 -0.000276
0.265054 -0.000289
0.270055 -0.000265
0.275056 -0.000250
0.280057 -0.000288
0.285058 -0.000385
0.290059 -0.000509
0.295060 -0.000610
0.300061 -0.000654
0.305062 -0.000629
0.310063 -0.000544
0.315064 -0.000419
0.320065 -0.000283
0.325066 -0.000169
0.330067 -0.000107
0.335068 -0.000107
0.340069 -0.000156
0.345070 -0.000219
0.350071 -0.000256
0.355072 -0.000246
0.360073 -0.000194
0.365074 -0.000129
0.370075 -0.000086
0.375076 -0.000087
0.380077 -0.000123
0.385078 -0.000164
0.390079 -0.000171
0.395080 -0.000119
0.400081 -0.000014
0.405082 0.000110
0.410083 0.000206
0.415084 0.000236
0.420085 0.000190
0.425086 0.000083
0.430087 -0.000052
0.435088 -0.000178
0.440089 -0.000269
0.445090 -0.000306
0.450092 -0.000282
0.455093 -0.000203
0.460094 -0.000091
0.465095 0.000021
0.470096 0.000096
0.475097 0.000121
0.480098 0.000107
0.485099 0.000080
0.490100 0.000065
0.495101 0.000076
0.500102 0.000108
0.505103 0.000147
0.510104 0.000175
0.515105 0.000177
0.520106 0.000145
0.525107 0.000092
0.530108 0.000042
0.535109 0.000022
0.540110 0.000040
0.545111 0.000080
0.550112 0.000112
0.555113 0.000108
0.560114 0.000061
0.565115 -0.000017
0.570116 -0.000088
0.575117 -0.000112
0.580118 -0.000067
0.585119 0.000026
0.590120 0.000110
0.595121 0.000126
0.600122 0.000045
0.605123 -0.000112
0.610124 -0.000292
0.615125 -0.000436
0.620126 -0.000508
0.625127 -0.000507
0.630128 -0.000452
0.635129 -0.000365
0.640130 -0.000263
0.645131 -0.000161
0.650132 -0.000073
0.655133 -0.000010
0.660134 0.000031
0.665135 0.000059
0.670136 0.000081
0.675137 0.000091
0.680138 0.000077
0.685139 0.000031
0.690140 -0.000043
0.695141 -0.000134
0.700142 -0.000228
0.705143 -0.000310
0.710144 -0.000354
0.715145 -0.000329
0.720146 -0.000219
0.725147 -0.000045
0.730148 0.000134
0.735149 0.000251
0.740150 0.000271
0.745151 0.000203
0.750153 0.000091
0.755154 -0.000022
0.760155 -0.000110
0.765156 -0.000171
0.770157 -0.000221
0.775158 -0.000274
0.780159 -0.000333
0.785160 -0.000382
0.790161 -0.000397
0.795162 -0.000357
0.800163 -0.000262
0.805164 -0.000133
0.810165 -0.000008
0.815166 0.000083
0.820167 0.000130
0.825168 0.000151
0.830169 0.000166
0.835170 0.000179
0.840171 0.000176
0.845172 0.000140
0.850173 0.000072
0.855174 -0.000009
0.860175 -0.000072
0.865176 -0.000098
0.870177 -0.000084
0.875178 -0.000045
0.880179 0.000001
0.885180 0.000040
0.890181 0.000062
0.895182 0.000055
0.900183 0.000006
0.905184 -0.000086
0.910185 -0.000204
0.915186 -0.000313
0.920187 -0.000374
0.925188 -0.000366
0.930189 -0.000296
0.935190 -0.000198
0.940191 -0.000109
0.945192 -0.000053
0.950193 -0.000025
0.955194 -0.000010
0.960195 0.000004
0.965196 0.000014
0.970197 0.000012
0.975198 -0.000007
0.980199 -0.000036
0.985200 -0.000062
0.990201 -0.000075
0.995202 -0.000066
1.000203 -0.000030
1.005204 0.000029
1.010205 0.000099
1.015206 0.000158
1.020207 0.000182
1.025208 0.000169
1.030209 0.000136
1.035210 0.000113
1.040211 0.000122
1.045212 0.000162
1.050214 0.000208
1.055215 0.000226
1.060216 0.000201
1.065217 0.000141
1.070218 0.000072
1.075219 0.000022
1.080220 0.000003
1.085221 0.000008
1.090222 0.000012
1.095223 -0.000013
1.100224 -0.000088
1.105225 -0.000204
1.110226 -0.000321
1.115227 -0.000386
1.120228 -0.000365
1.125229 -0.000260
1.130230 -0.000111
1.135231 0.000032
1.140232 0.000134
1.145233 0.000185
1.150234 0.000197
1.155235 0.000182
1.160236 0.000148
1.165237 0.000107
1.170238 0.000073
1.175239 0.000065
1.180240 0.000088
1.185241 0.000129
1.190242 0.000165
1.195243 0.000182
1.200244 0.000187
1.205245 0.000195
1.210246 0.000211
1.215247 0.000217
1.220248 0.000191
1.225249 0.000130
1.230250 0.000059
1.235251 0.000012
1.240252 0.000002
1.245253 0.000008
1.250254 -0.000006
1.255255 -0.000059
1.260256 -0.000140
1.265257 -0.000216
1.270258 -0.000259
1.275259 -0.000266
1.280260 -0.000253
1.285261 -0.000246
1.290262 -0.000257
1.295263 -0.000276
1.300264 -0.000283
1.305265 -0.000262
1.310266 -0.000210
1.315267 -0.000143
1.320268 -0.000078
1.325269 -0.000027
1.330270 0.000002
1.335271 0.000001
1.340272 -0.000045
1.345273 -0.000142
1.350275 -0.000276
1.355276 -0.000399
1.360277 -0.000456
1.365278 -0.000411
1.370279 -0.000274
1.375280 -0.000092
1.380281 0.000077
1.385282 0.000195
1.390283 0.000255
1.395284 0.000272
1.400285 0.000276
1.405286 0.000288
1.410287 0.000314
1.415288 0.000340
1.420289 0.000329
1.425290 0.000247
1.430291 0.000078
1.435292 -0.000152
1.440293 -0.000382
1.445294 -0.000544
1.450295 -0.000591
1.455296 -0.000520
1.460297 -0.000365
1.465298 -0.000180
1.470299 -0.000015
1.475300 0.000097
1.480301 0.000145
1.485302 0.000133
1.490303 0.000084
1.495304 0.000021
1.500305 -0.000029
1.505306 -0.000049
1.510307 -0.000034
1.515308 0.000009
1.520309 0.000060
1.525310 0.000100
1.530311 0.000116
1.535312 0.000108
1.540313 0.000087
1.545314 0.000068
1.550315 0.000051
1.555316 0.000028
1.560317 -0.000018
1.565318 -0.000097
1.570319 -0.000198
1.575320 -0.000293
1.580321 -0.000346
1.585322 -0.000337
1.590323 -0.000276
1.595324 -0.000203
1.600325 -0.000154
1.605326 -0.000134
1.610327 -0.000120
1.615328 -0.000078
1.620329 0.000004
1.625330 0.000111
1.630331 0.000213
1.635332 0.000286
1.640333 0.000321
1.645334 0.000327
1.650336 0.000311
1.655337 0.000279
1.660338 0.000228
1.665339 0.000166
1.670340 0.000105
1.675341 0.000060
1.680342 0.000032
1.685343 0.000014
1.690344 -0.000002
1.695345 -0.000018
1.700346 -0.000024
1.705347 -0.000011
1.710348 0.000023
1.715349 0.000064
1.720350 0.000086
1.725351 0.000070
1.730352 0.000012
1.735353 -0.000064
1.740354 -0.000126
1.745355 -0.000145
1.750356 -0.000122
1.755357 -0.000082
1.760358 -0.000069
1.765359 -0.000116
1.770360 -0.000220
1.775361 -0.000340
1.780362 -0.000424
1.785363 -0.000431
1.790364 -0.000358
1.795365 -0.000233
1.800366 -0.000102
1.805367 -0.000007
1.810368 0.000031
1.815369 0.000021
1.820370 -0.000013
1.825371 -0.000044
1.830372 -0.000052
1.835373 -0.000031
1.840374 0.000005
1.845375 0.000027
1.850376 0.000003
1.855377 -0.000082
1.860378 -0.000210
1.865379 -0.000331
1.870380 -0.000387
1.875381 -0.000348
1.880382 -0.000228
1.885383 -0.000079
1.890384 0.000037
1.895385 0.000078
1.900386 0.000034
1.905387 -0.000069
1.910388 -0.000186
1.915389 -0.000271
1.920390 -0.000300
1.925391 -0.000271
1.930392 -0.000201
1.935393 -0.000115
1.940394 -0.000037
1.945395 0.000009
1.950397 0.000006
1.955398 -0.000049
1.960399 -0.000139
1.965400 -0.000226
1.970401 -0.000271
1.975402 -0.000248
1.980403 -0.000159
1.985404 -0.000033
1.990405 0.000093
1.995406 0.000187
2.000407 0.000239
2.005408 0.000261
2.010409 0.000278
2.015410 0.000313
2.020411 0.000375
2.025412 0.000444
2.030413 0.000487
2.035414 0.000480
2.040415 0.000424
2.045416 0.000340
2.050417 0.000245
2.055418 0.000146
2.060419 0.000043
2.065420 -0.000058
2.070421 -0.000145
2.075422 -0.000203
2.080423 -0.000234
2.085424 -0.000246
2.090425 -0.000249
2.095426 -0.000246
2.100427 -0.000233
2.105428 -0.000204
2.110429 -0.000156
2.115430 -0.000081
2.120431 0.000028
2.125432 0.000165
2.130433 0.000299
2.135434 0.000379
2.140435 0.000361
2.145436 0.000236
2.150437 0.000041
2.155438 -0.000159
2.160439 -0.000304
2.165440 -0.000369
2.170441 -0.000366
2.175442 -0.000324
2.180443 -0.000269
2.185444 -0.000203
2.190445 -0.000114
2.195446 0.000010
2.200447 0.000156
2.205448 0.000288
2.210449 0.000361
2.215450 0.000351
2.220451 0.000269
2.225452 0.000153
2.230453 0.000051
2.235454 -0.000005
2.240455 -0.000008
2.245456 0.000029
2.250458 0.000081
2.255459 0.000122
2.260460 0.000136
2.265461 0.000116
2.270462 0.000056
2.275463 -0.000045
2.280464 -0.000183
2.285465 -0.000340
2.290466 -0.000484
2.295467 -0.000570
2.300468 -0.000557
2.305469 -0.000433
2.310470 -0.000232
2.315471 -0.000024
2.320472 0.000120
2.325473 0.000168
2.330474 0.000141
2.335475 0.000086
2.340476 0.000045
2.345477 0.000029
2.350478 0.000027
2.355479 0.000030
2.360480 0.000043
2.365481 0.000076
2.370482 0.000126
2.375483 0.000166
2.380484 0.000168
2.385485 0.000120
2.390486 0.000043
2.395487 -0.000031
2.400488 -0.000076
2.405489 -0.000084
2.410490 -0.000061
2.415491 -0.000027
2.420492 -0.000008
2.425493 -0.000030
2.430494 -0.000107
2.435495 -0.000225
2.440496 -0.000342
2.445497 -0.000403
2.450498 -0.000372
2.455499 -0.000251
2.460500 -0.000083
2.465501 0.000076
2.470502 0.000183
2.475503 0.000223
2.480504 0.000207
2.485505 0.000160
2.490506 0.000108
2.495507 0.000075
2.500508 0.000070
2.505509 0.000089
2.510510 0.000116
2.515511 0.000129
2.520512 0.000114
2.525513 0.000075
2.530514 0.000032
2.535515 0.000008
2.540516 0.000011
2.545517 0.000019
2.550519 0.000000
2.555520 -0.000067
2.560521 -0.000174
2.565522 -0.000284
2.570523 -0.000349
2.575524 -0.000335
2.580525 -0.000238
2.585526 -0.000086
2.590527 0.000071
2.595528 0.000176
2.600529 0.000185
2.605530 0.000094
2.610531 -0.000052
2.615532 -0.000170
2.620533 -0.000192
2.625534 -0.000104
2.630535 0.000045
2.635536 0.000180
2.640537 0.000248
2.645538 0.000245
2.650539 0.000204
2.655540 0.000166
2.660541 0.000147
2.665542 0.000144
2.670543 0.000144
2.675544 0.000144
2.680545 0.000153
2.685546 0.000191
2.690547 0.000265
2.695548 0.000366
2.700549 0.000469
2.705550 0.000541
2.710551 0.000554
2.715552 0.000501
2.720553 0.000405
2.725554 0.000308
2.730555 0.000246
2.735556 0.000234
2.740557 0.000254
2.745558 0.000266
2.750559 0.000237
2.755560 0.000154
2.760561 0.000028
2.765562 -0.000119
2.770563 -0.000257
2.775564 -0.000355
2.780565 -0.000386
2.785566 -0.000338
2.790567 -0.000229
2.795568 -0.000097
2.800569 0.000006
2.805570 0.000043
2.810571 0.000008
2.815572 -0.000070
2.820573 -0.000144
2.825574 -0.000179
2.830575 -0.000169
2.835576 -0.000134
2.840577 -0.000093
2.845578 -0.000048
2.850580 0.000007
2.855581 0.000072
2.860582 0.000122
2.865583 0.000127
2.870584 0.000073
2.875585 -0.000017
2.880586 -0.000092
2.885587 -0.000109
2.890588 -0.000064
2.895589 -0.000001
2.900590 0.000022
2.905591 -0.000033
2.910592 -0.000161
2.915593 -0.000323
2.920594 -0.000465
2.925595 -0.000542
2.930596 -0.000536
2.935597 -0.000459
2.940598 -0.000341
2.945599 -0.000215
2.950600 -0.000106
2.955601 -0.000025
2.960602 0.000028
2.965603 0.000060
2.970604 0.000077
2.975605 0.000083
2.980606 0.000073
2.985607 0.000046
2.990608 0.000004
2.995609 -0.000041
3.000610 -0.000069
3.005611 -0.000068
3.010612 -0.000038
3.015613 0.000012
3.020614 0.000064
3.025615 0.000103
3.030616 0.000112
3.035617 0.000079
3.040618 -0.000002
3.045619 -0.000114
3.050620 -0.000222
3.055621 -0.000284
3.060622 -0.000275
3.065623 -0.000202
3.070624 -0.000101
3.075625 -0.000015
3.080626 0.000027
3.085627 0.000018
3.090628 -0.000031
3.095629 -0.000107
3.100630 -0.000190
3.105631 -0.000261
3.110632 -0.000301
3.115633 -0.000307
3.120634 -0.000289
3.125635 -0.000260
3.130636 -0.000219
3.135637 -0.000158
3.140638 -0.000078
3.145639 0.000005
3.150641 0.000063
3.155642 0.000083
3.160643 0.000069
3.165644 0.000040
3.170645 0.000012
3.175646 -0.000011
3.180647 -0.000033
3.185648 -0.000060
3.190649 -0.000087
3.195650 -0.000107
3.200651 -0.000118
3.205652 -0.000128
3.210653 -0.000141
3.215654 -0.000156
3.220655 -0.000165
3.225656 -0.000167
3.230657 -0.000171
3.235658 -0.000189
3.240659 -0.000224
3.245660 -0.000261
3.250661 -0.000273
3.255662 -0.000244
3.260663 -0.000183
3.265664 -0.000123
3.270665 -0.000099
3.275666 -0.000122
3.280667 -0.000176
3.285668 -0.000231
3.290669 -0.000265
3.295670 -0.000271
3.300671 -0.000257
3.305672 -0.000233
3.310673 -0.000200
3.315674 -0.000160
3.320675 -0.000123
3.325676 -0.000111
3.330677 -0.000139
3.335678 -0.000206
3.340679 -0.000286
3.345680 -0.000348
3.350681 -0.000372
3.355682 -0.000360
3.360683 -0.000324
3.365684 -0.000286
3.370685 -0.000265
3.375686 -0.000276
3.380687 -0.000316
3.385688 -0.000364
3.390689 -0.000387
3.395690 -0.000360
3.400691 -0.000283
3.405692 -0.000185
3.410693 -0.000102
3.415694 -0.000054
3.420695 -0.000032
3.425696 -0.000009
3.430697 0.000034
3.435698 0.000099
3.440699 0.000167
3.445700 0.000217
3.450702 0.000235
3.455703 0.000211
3.460704 0.000150
3.465705 0.000066
3.470706 -0.000017
3.475707 -0.000078
3.480708 -0.000107
3.485709 -0.000118
3.490710 -0.000141
3.495711 -0.000197
3.500712 -0.000282
3.505713 -0.000363
3.510714 -0.000393
3.515715 -0.000333
3.520716 -0.000185
3.525717 0.000004
3.530718 0.000156
3.535719 0.000207
3.540720 0.000136
3.545721 -0.000022
3.550722 -0.000203
3.555723 -0.000350
3.560724 -0.000435
3.565725 -0.000457
3.570726 -0.000425
3.575727 -0.000352
3.580728 -0.000250
3.585729 -0.000140
3.590730 -0.000047
3.595731 0.000006
3.600732 0.000014
3.605733 -0.000010
3.610734 -0.000042
3.615735 -0.000062
3.620736 -0.000064
3.625737 -0.000053
3.630738 -0.000040
3.635739 -0.000034
3.640740 -0.000031
3.645741 -0.000021
3.650742 0.000002
3.655743 0.000037
3.660744 0.000070
3.665745 0.000084
3.670746 0.000067
3.675747 0.000021
3.680748 -0.000041
3.685749 -0.000100
3.690750 -0.000144
3.695751 -0.000177
3.700752 -0.000215
3.705753 -0.000264
3.710754 -0.000317
3.715755 -0.000353
3.720756 -0.000353
3.725757 -0.000314
3.730758 -0.000244
3.735759 -0.000159
3.740760 -0.000072
3.745761 0.000007
3.750763 0.000069
3.755764 0.000112
3.760765 0.000138
3.765766 0.000157
3.770767 0.000176
3.775768 0.000192
3.780769 0.000187
3.785770 0.000145
3.790771 0.000063
3.795772 -0.000048
3.800773 -0.000164
3.805774 -0.000261
3.810775 -0.000328
3.815776 -0.000366
3.820777 -0.000384
3.825778 -0.000386
3.830779 -0.000372
3.835780 -0.000342
3.840781 -0.000307
3.845782 -0.000288
3.850783 -0.000298
3.855784 -0.000329
3.860785 -0.000359
3.865786 -0.000369
3.870787 -0.000354
3.875788 -0.000322
3.880789 -0.000279
3.885790 -0.000230
3.890791 -0.000180
3.895792 -0.000143
3.900793 -0.000137
3.905794 -0.000167
3.910795 -0.000218
3.915796 -0.000258
3.920797 -0.000261
3.925798 -0.000217
3.930799 -0.000136
3.935800 -0.000039
3.940801 0.000045
3.945802 0.000089
3.950803 0.000081
3.955804 0.000035
3.960805 -0.000017
3.965806 -0.000045
3.970807 -0.000031
3.975808 0.000015
3.980809 0.000061
3.985810 0.000069
3.990811 0.000022
3.995812 -0.000072
4.000813 -0.000182
4.005814 -0.000271
4.010815 -0.000314
4.015816 -0.000308
4.020817 -0.000266
4.025818 -0.000217
4.030819 -0.000190
4.035820 -0.000206
4.040821 -0.000261
4.045822 -0.000331
4.050824 -0.000382
4.055825 -0.000385
4.060826 -0.000336
4.065827 -0.000255
4.070828 -0.000170
4.075829 -0.000102
4.080830 -0.000055
4.085831 -0.000027
4.090832 -0.000014
4.095833 -0.000022
4.100834 -0.000053
4.105835 -0.000099
4.110836 -0.000137
4.115837 -0.000144
4.120838 -0.000116
4.125839 -0.000077
4.130840 -0.000070
4.135841 -0.000120
4.140842 -0.000218
4.145843 -0.000322
4.150844 -0.000380
4.155845 -0.000359
4.160846 -0.000263
4.165847 -0.000125
4.170848 0.000009
4.175849 0.000098
4.180850 0.000123
4.185851 0.000087
4.190852 0.000017
4.195853 -0.000047
4.200854 -0.000063
4.205855 -0.000007
4.210856 0.000110
4.215857 0.000247
4.220858 0.000347
4.225859 0.000366
4.230860 0.000298
4.235861 0.000170
4.240862 0.000027
4.245863 -0.000098
4.250864 -0.000194
4.255865 -0.000262
4.260866 -0.000308
4.265867 -0.000326
4.270868 -0.000309
4.275869 -0.000250
4.280870 -0.000159
4.285871 -0.000056
4.290872 0.000034
4.295873 0.000087
4.300874 0.000085
4.305875 0.000022
4.310876 -0.000092
4.315877 -0.000225
4.320878 -0.000341
4.325879 -0.000403
4.330880 -0.000397
4.335881 -0.000339
4.340882 -0.000265
4.345883 -0.000214
4.350885 -0.000208
4.355886 -0.000239
4.360887 -0.000274
4.365888 -0.000273
4.370889 -0.000210
4.375890 -0.000098
4.380891 0.000022
4.385892 0.000095
4.390893 0.000087
4.395894 0.000001
4.400895 -0.000115
4.405896 -0.000196
4.410897 -0.000187
4.415898 -0.000075
4.420899 0.000104
4.425900 0.000274
4.430901 0.000358
4.435902 0.000308
4.440903 0.000134
4.445904 -0.000101
4.450905 -0.000312
4.455906 -0.000429
4.460907 -0.000426
4.465908 -0.000325
4.470909 -0.000190
4.475910 -0.000093
4.480911 -0.000088
4.485912 -0.000180
4.490913 -0.000327
4.495914 -0.000466
4.500915 -0.000546
4.505916 -0.000551
4.510917 -0.000493
4.515918 -0.000398
4.520919 -0.000290
4.525920 -0.000183
4.530921 -0.000087
4.535922 -0.000011
4.540923 0.000039
4.545924 0.000069
4.550925 0.000090
4.555926 0.000112
4.560927 0.000127
4.565928 0.000123
4.570929 0.000099
4.575930 0.000072
4.580931 0.000069
4.585932 0.000094
4.590933 0.000123
4.595934 0.000121
4.600935 0.000071
4.605936 -0.000002
4.610937 -0.000046
4.615938 -0.000017
4.620939 0.000089
4.625940 0.000225
4.630941 0.000329
4.635942 0.000360
4.640943 0.000312
4.645944 0.000212
4.650946 0.000097
4.655947 -0.000002
4.660948 -0.000072
4.665949 -0.000122
4.670950 -0.000169
4.675951 -0.000223
4.680952 -0.000270
4.685953 -0.000284
4.690954 -0.000244
4.695955 -0.000159
4.700956 -0.000072
4.705957 -0.000035
4.710958 -0.000074
4.715959 -0.000170
4.720960 -0.000265
4.725961 -0.000302
4.730962 -0.000250
4.735963 -0.000122
4.740964 0.000035
4.745965 0.000166
4.750966 0.000230
4.755967 0.000216
4.760968 0.000138
4.765969 0.000028
4.770970 -0.000074
4.775971 -0.000135
4.780972 -0.000139
4.785973 -0.000104
4.790974 -0.000070
4.795975 -0.000077
4.800976 -0.000137
4.805977 -0.000221
4.810978 -0.000275
4.815979 -0.000254
4.820980 -0.000145
4.825981 0.000017
4.830982 0.000178
4.835983 0.000297
4.840984 0.000357
4.845985 0.000357
4.850986 0.000296
4.855987 0.000174
4.860988 0.000008
4.865989 -0.000165
4.870990 -0.000306
4.875991 -0.000393
4.880992 -0.000438
4.885993 -0.000464
4.890994 -0.000476
4.895995 -0.000453
4.900996 -0.000370
4.905997 -0.000225
4.910998 -0.000047
4.915999 0.000116
4.921000 0.000215
4.926001 0.000212
4.931002 0.000080
4.936003 -0.000179
4.941004 -0.000515
4.946005 -0.000829
4.951007 -0.001011
4.956008 -0.000997
4.961009 -0.000809
4.966010 -0.000551
4.971011 -0.000357
4.976012 -0.000336
4.981013 -0.000522
4.986014 -0.000863
4.991015 -0.001220
4.996016 -0.001425
5.001017 -0.001354
5.006018 -0.001003
5.011019 -0.000481
5.016020 0.000064
5.021021 0.000527
5.026022 0.000850
5.031023 0.000963
5.036024 0.000746
5.041025 0.000101
5.046026 -0.000920
5.051027 -0.002071
5.056028 -0.003032
5.061029 -0.003596
5.066030 -0.003739
5.071031 -0.003495
5.076032 -0.002763
5.081033 -0.001276
5.086034 0.001210
5.091035 0.004607
5.096036 0.008325
5.101037 0.011371
5.106038 0.012689
5.111039 0.011567
5.116040 0.007945
5.121041 0.002507
5.126042 -0.003486
5.131043 -0.008599
5.136044 -0.011732
5.141045 -0.012487
5.146046 -0.011166
5.151047 -0.008390
5.156048 -0.004672
5.161049 -0.000291
5.166050 0.004460
5.171051 0.008980
5.176052 0.012374
5.181053 0.013798
5.186054 0.012784
5.191055 0.009303
5.196056 0.003654
5.201057 -0.003508
5.206058 -0.010986
5.211059 -0.017046
5.216060 -0.019930
5.221061 -0.018717
5.226062 -0.013887
5.231063 -0.007082
5.236064 -0.000235
5.241065 0.005303
5.246066 0.009073
5.251068 0.011251
5.256069 0.012199
5.261070 0.012167
5.266071 0.011247
5.271072 0.009474
5.276073 0.006959
5.281074 0.003977
5.286075 0.000985
5.291076 -0.001479
5.296077 -0.003010
5.301078 -0.003557
5.306079 -0.003508
5.311080 -0.003508
5.316081 -0.004073
5.321082 -0.005222
5.326083 -0.006368
5.331084 -0.006533
5.336085 -0.004781
5.341086 -0.000661
5.346087 0.005528
5.351088 0.012750
5.356089 0.019490
5.361090 0.024157
5.366091 0.025495
5.371092 0.022882
5.376093 0.016433
5.381094 0.006973
5.386095 -0.004070
5.391096 -0.014868
5.396097 -0.023594
5.401098 -0.028955
5.406099 -0.030520
5.411100 -0.028563
5.416101 -0.023587
5.421102 -0.016013
5.426103 -0.006352
5.431104 0.004398
5.436105 0.014645
5.441106 0.022564
5.446107 0.026625
5.451108 0.025935
5.456109 0.020360
5.461110 0.010655
5.466111 -0.001383
5.471112 -0.013100
5.476113 -0.021796
5.481114 -0.025893
5.486115 -0.025610
5.491116 -0.022516
5.496117 -0.018273
5.501118 -0.013577
5.506119 -0.008133
5.511120 -0.001464
5.516121 0.006281
5.521122 0.014171
5.526123 0.020927
5.531124 0.025426
5.536125 0.026948
5.541126 0.025193
5.546127 0.020302
5.551129 0.012900
5.556130 0.004002
5.561131 -0.005306
5.566132 -0.014176
5.571133 -0.021957
5.576134 -0.027823
5.581135 -0.030518
5.586136 -0.028656
5.591137 -0.021535
5.596138 -0.009881
5.601139 0.004076
5.606140 0.017368
5.611141 0.027495
5.616142 0.033301
5.621143 0.035008
5.626144 0.033516
5.631145 0.029619
5.636146 0.023730
5.641147 0.016107
5.646148 0.007163
5.651149 -0.002436
5.656150 -0.011803
5.661151 -0.019816
5.666152 -0.025138
5.671153 -0.026547
5.676154 -0.023557
5.681155 -0.016925
5.686156 -0.008472
5.691157 -0.000225
5.696158 0.006502
5.701159 0.011301
5.706160 0.014090
5.711161 0.014469
5.716162 0.011789
5.721163 0.005931
5.726164 -0.002028
5.731165 -0.010010
5.736166 -0.015952
5.741167 -0.018880
5.746168 -0.019230
5.751169 -0.018249
5.756170 -0.017055
5.761171 -0.016074
5.766172 -0.015134
5.771173 -0.013854
5.776174 -0.011884
5.781175 -0.008904
5.786176 -0.004591
5.791177 0.001236
5.796178 0.008363
5.801179 0.016034
5.806180 0.023063
5.811181 0.028133
5.816182 0.030122
5.821183 0.028374
5.826184 0.022950
5.831185 0.014819
5.836186 0.005793
5.841187 -0.001983
5.846188 -0.006856
5.851190 -0.008338
5.856191 -0.007075
5.861192 -0.004098
5.866193 0.000061
5.871194 0.005609
5.876195 0.012807
5.881196 0.020991
5.886197 0.028195
5.891198 0.031847
5.896199 0.030054
5.901200 0.022560
5.906201 0.010821
5.911202 -0.002625
5.916203 -0.014974
5.921204 -0.023854
5.926205 -0.027968
5.931206 -0.027635
5.936207 -0.024803
5.941208 -0.022095
5.946209 -0.021153
5.951210 -0.021411
5.956211 -0.020456
5.961212 -0.015986
5.966213 -0.007919
5.971214 0.001135
5.976215 0.007532
5.981216 0.009028
5.986217 0.006016
5.991218 0.000770
5.996219 -0.004314
6.001220 -0.007883
6.006221 -0.009585
6.011222 -0.009518
6.016223 -0.008031
6.021224 -0.005866
6.026225 -0.003964
6.031226 -0.002717
6.036227 -0.001413
6.041228 0.001307
6.046229 0.006100
6.051230 0.011884
6.056231 0.016172
6.061232 0.016627
6.066233 0.012623
6.071234 0.005641
6.076235 -0.001654
6.081236 -0.006835
6.086237 -0.008654
6.091238 -0.007118
6.096239 -0.003013
6.101240 0.002555
6.106241 0.008365
6.111242 0.013160
6.116243 0.015819
6.121244 0.015641
6.126245 0.012524
6.131246 0.006927
6.136247 -0.000280
6.141248 -0.007895
6.146249 -0.014425
6.151251 -0.018366
6.156252 -0.018833
6.161253 -0.016175
6.166254 -0.011919
6.171255 -0.007866
6.176256 -0.004976
6.181257 -0.003057
6.186258 -0.001548
6.191259 -0.000562
6.196260 -0.001032
6.201261 -0.003740
6.206262 -0.008227
6.211263 -0.012761
6.216264 -0.015456
6.221265 -0.015475
6.226266 -0.013270
6.231267 -0.009909
6.236268 -0.006382
6.241269 -0.003482
6.246270 -0.001910
6.251271 -0.001996
6.256272 -0.003173
6.261273 -0.004012
6.266274 -0.003217
6.271275 -0.000814
6.276276 0.001674
6.281277 0.002398
6.286278 0.000725
6.291279 -0.002156
6.296280 -0.003994
6.301281 -0.002872
6.306282 0.001795
6.311283 0.009130
6.316284 0.017302
6.321285 0.024247
6.326286 0.028306
6.331287 0.028684
6.336288 0.025597
6.341289 0.020038
6.346290 0.013322
6.351291 0.006683
6.356292 0.001082
6.361293 -0.002815
6.366294 -0.004642
6.371295 -0.004315
6.376296 -0.001997
6.381297 0.001924
6.386298 0.006754
6.391299 0.011368
6.396300 0.014290
6.401301 0.014115
6.406302 0.010159
6.411303 0.002956
6.416304 -0.005776
6.421305 -0.013744
6.426306 -0.018969
6.431307 -0.020519
6.436308 -0.018751
6.441309 -0.014961
6.446310 -0.010623
6.451312 -0.006678
6.456313 -0.003363
6.461314 -0.000676
6.466315 0.001000
6.471316 0.000795
6.476317 -0.002019
6.481318 -0.007206
6.486319 -0.013362
6.491320 -0.018588
6.496321 -0.021433
6.501322 -0.021302
6.506323 -0.018169
6.511324 -0.012196
6.516325 -0.003825
6.521326 0.005811
6.526327 0.014832
6.531328 0.021226
6.536329 0.023788
6.541330 0.022720
6.546331 0.019480
6.551332 0.016015
6.556333 0.013828
6.561334 0.013356
6.566335 0.013932
6.571336 0.014331
6.576337 0.013619
6.581338 0.011844
6.586339 0.010092
6.591340 0.009805
6.596341 0.011747
6.601342 0.015275
6.606343 0.018386
6.611344 0.018502
6.616345 0.013618
6.621346 0.003288
6.626347 -0.010995
6.631348 -0.026226
6.636349 -0.039036
6.641350 -0.047052
6.646351 -0.049795
6.651352 -0.048596
6.656353 -0.045618
6.661354 -0.042635
6.666355 -0.040298
6.671356 -0.038171
6.676357 -0.035270
6.681358 -0.030675
6.686359 -0.023974
6.691360 -0.015580
6.696361 -0.006798
6.701362 0.000612
6.706363 0.005447
6.711364 0.008090
6.716365 0.010651
6.721366 0.015776
6.726367 0.024815
6.731368 0.036684
6.736369 0.048355
6.741370 0.056616
6.746371 0.059805
6.751373 0.058360
6.756374 0.054050
6.761375 0.048742
6.766376 0.043653
6.771377 0.039320
6.776378 0.035888
6.781379 0.033214
6.786380 0.030794
6.791381 0.027808
6.796382 0.023526
6.801383 0.017807
6.806384 0.011224
6.811385 0.004596
6.816386 -0.001688
6.821387 -0.007916
6.826388 -0.014576
6.831389 -0.021574
6.836390 -0.027909
6.841391 -0.032211
6.846392 -0.033736
6.851393 -0.032966
6.856394 -0.031290
6.861395 -0.030045
6.866396 -0.029765
6.871397 -0.030218
6.876398 -0.031069
6.881399 -0.032420
6.886400 -0.034736
6.891401 -0.038291
6.896402 -0.042790
6.901403 -0.047535
6.906404 -0.051882
6.911405 -0.055409
6.916406 -0.057557
6.921407 -0.057146
6.926408 -0.052443
6.931409 -0.042025
6.936410 -0.025949
6.941411 -0.006349
6.946412 0.013159
6.951413 0.029056
6.956414 0.039601
6.961415 0.045576
6.966416 0.049571
6.971417 0.054194
6.976418 0.060252
6.981419 0.066109
6.986420 0.068670
6.991421 0.065384
6.996422 0.055918
7.001423 0.042326
7.006424 0.027661
7.011425 0.014139
7.016426 0.002254
7.021427 -0.008603
7.026428 -0.018782
7.031429 -0.027602
7.036430 -0.033832
7.041431 -0.036867
7.046432 -0.037395
7.051434 -0.036928
7.056435 -0.036647
7.061436 -0.036608
7.066437 -0.035902
7.071438 -0.033496
7.076439 -0.028964
7.081440 -0.022676
7.086441 -0.015553
7.091442 -0.008791
7.096443 -0.003629
7.101444 -0.001008
7.106445 -0.001049
7.111446 -0.002700
7.116447 -0.004023
7.121448 -0.003124
7.126449 0.000857
7.131450 0.007430
7.136451 0.015216
7.141452 0.022655
7.146453 0.028365
7.151454 0.031137
7.156455 0.030072
7.161456 0.025093
7.166457 0.017402
7.171458 0.009181
7.176459 0.002492
7.181460 -0.001814
7.186461 -0.004280
7.191462 -0.006038
7.196463 -0.007781
7.201464 -0.009365
7.206465 -0.010139
7.211466 -0.009497
7.216467 -0.007173
7.221468 -0.003295
7.226469 0.001493
7.231470 0.005825
7.236471 0.007719
7.241472 0.005377
7.246473 -0.001600
7.251474 -0.011406
7.256475 -0.020421
7.261476 -0.024862
7.266477 -0.022883
7.271478 -0.015813
7.276479 -0.007547
7.281480 -0.002187
7.286481 -0.001364
7.291482 -0.003113
7.296483 -0.003248
7.301484 0.001693
7.306485 0.012139
7.311486 0.025477
7.316487 0.038090
7.321488 0.047577
7.326489 0.053479
7.331490 0.056489
7.336491 0.057449
7.341492 0.057209
7.346493 0.057051
7.351495 0.058582
7.356496 0.062606
7.361497 0.067873
7.366498 0.071125
7.371499 0.068857
7.376500 0.059632
7.381501 0.045115
7.386502 0.029012
7.391503 0.014831
7.396504 0.004210
7.401505 -0.003142
7.406506 -0.008369
7.411507 -0.012575
7.416508 -0.016893
7.421509 -0.023089
7.426510 -0.033606
7.431511 -0.050469
7.436512 -0.073689
7.441513 -0.100405
7.446514 -0.125557
7.451515 -0.143741
7.456516 -0.151140
7.461517 -0.146610
7.466518 -0.131762
7.471519 -0.110382
7.476520 -0.087441
7.481521 -0.067776
7.486522 -0.054621
7.491523 -0.048626
7.496524 -0.048035
7.501525 -0.050031
7.506526 -0.052359
7.511527 -0.054129
7.516528 -0.055461
7.521529 -0.056685
7.526530 -0.058107
7.531531 -0.060564
7.536532 -0.065976
7.541533 -0.076930
7.546534 -0.095192
7.551535 -0.120150
7.556536 -0.148463
7.561537 -0.175319
7.566538 -0.196539
7.571539 -0.210154
7.576540 -0.216575
7.581541 -0.217461
7.586542 -0.214182
7.591543 -0.206844
7.596544 -0.194304
7.601545 -0.174965
7.606546 -0.147760
7.611547 -0.112779
7.616548 -0.071267
7.621549 -0.025105
7.626550 0.023870
7.631551 0.074257
7.636552 0.124910
7.641553 0.174375
7.646554 0.220500
7.651556 0.260845
7.656557 0.293941
7.661558 0.320702
7.666559 0.344861
7.671560 0.371643
7.676561 0.404930
7.681562 0.444223
7.686563 0.483245
7.691564 0.511414
7.696565 0.518000
7.701566 0.497153
7.706567 0.451183
7.711568 0.390137
7.716569 0.327682
7.721570 0.275347
7.726571 0.238130
7.731572 0.213683
7.736573 0.195233
7.741574 0.176393
7.746575 0.155107
7.751576 0.134625
7.756577 0.121175
7.761578 0.119879
7.766579 0.131366
7.771580 0.151012
7.776581 0.171123
7.781582 0.184592
7.786583 0.187800
7.791584 0.181209
7.796585 0.167716
7.801586 0.150265
7.806587 0.130380
7.811588 0.108223
7.816589 0.083369
7.821590 0.055110
7.826591 0.021960
7.831592 -0.018688
7.836593 -0.069531
7.841594 -0.130993
7.846595 -0.199116
7.851596 -0.265656
7.856597 -0.320832
7.861598 -0.357259
7.866599 -0.372738
7.871600 -0.370530
7.876601 -0.357458
7.881602 -0.341273
7.886603 -0.328614
7.891604 -0.323971
7.896605 -0.329306
7.901606 -0.343914
7.906607 -0.364553
7.911608 -0.386092
7.916609 -0.402755
7.921610 -0.409611
7.926611 -0.403789
7.931612 -0.385079
7.936613 -0.355853
7.941614 -0.320359
7.946615 -0.283478
7.951617 -0.249226
7.956618 -0.219558
7.961619 -0.194122
7.966620 -0.171151
7.971621 -0.148992
7.976622 -0.127290
7.981623 -0.107115
7.986624 -0.090055
7.991625 -0.076978
7.996626 -0.067296
8.001627 -0.059129
8.006628 -0.050207
8.011629 -0.039010
8.016630 -0.025602
8.021631 -0.011737
8.026632 -0.000155
8.031633 0.006678
8.036634 0.007759
8.041635 0.004065
8.046636 -0.001824
8.051637 -0.006712
8.056638 -0.007823
8.061639 -0.003463
8.066640 0.006760
8.071641 0.021998
8.076642 0.040314
8.081643 0.058948
8.086644 0.074931
8.091645 0.086170
8.096646 0.092769
8.101647 0.097939
8.106648 0.107680
8.111649 0.128842
8.116650 0.165991
8.121651 0.218371
8.126652 0.278643
8.131653 0.334568
8.136654 0.373443
8.141655 0.387469
8.146656 0.377253
8.151657 0.351274
8.156658 0.321223
8.161659 0.295608
8.166660 0.275313
8.171661 0.253874
8.176662 0.222472
8.181663 0.176710
8.186664 0.120875
8.191665 0.066720
8.196666 0.027261
8.201667 0.009686
8.206668 0.012280
8.211669 0.027272
8.216670 0.046847
8.221671 0.067319
8.226672 0.088546
8.231673 0.110158
8.236674 0.128728
8.241675 0.138616
8.246676 0.135706
8.251678 0.120881
8.256679 0.100517
8.261680 0.083543
8.266681 0.076769
8.271682 0.081111
8.276683 0.090728
8.281684 0.095559
8.286685 0.086083
8.291686 0.058007
8.296687 0.014471
8.301688 -0.035423
8.306689 -0.080926
8.311690 -0.114226
8.316691 -0.132696
8.321692 -0.138004
8.326693 -0.133559
8.331694 -0.122730
8.336695 -0.108964
8.341696 -0.096778
8.346697 -0.091587
8.351698 -0.097738
8.356699 -0.116154
8.361700 -0.143704
8.366701 -0.174919
8.371702 -0.204647
8.376703 -0.229713
8.381704 -0.248833
8.386705 -0.261578
8.391706 -0.267613
8.396707 -0.266657
8.401708 -0.258792
8.406709 -0.244657
8.411710 -0.225551
8.416711 -0.203580
8.421712 -0.181648
8.426713 -0.162792
8.431714 -0.148817
8.436715 -0.139088
8.441716 -0.130666
8.446717 -0.120081
8.451718 -0.105622
8.456719 -0.088423
8.461720 -0.071553
8.466721 -0.057968
8.471722 -0.049038
8.476723 -0.044600
8.481724 -0.043957
8.486725 -0.046506
8.491726 -0.051333
8.496727 -0.056403
8.501728 -0.058545
8.506729 -0.054653
8.511730 -0.043315
8.516731 -0.025514
8.521732 -0.003807
8.526733 0.019400
8.531734 0.043187
8.536735 0.068101
8.541736 0.094896
8.546737 0.123018
8.551739 0.149960
8.556740 0.172039
8.561741 0.186203
8.566742 0.191845
8.571743 0.191469
8.576744 0.189716
8.581745 0.191162
8.586746 0.198020
8.591747 0.208954
8.596748 0.219593
8.601749 0.224447
8.606750 0.219233
8.611751 0.202491
8.616752 0.175861
8.621753 0.143180
8.626754 0.109103
8.631755 0.078013
8.636756 0.053494
8.641757 0.038134
8.646758 0.033286
8.651759 0.038704
8.656760 0.052317
8.661761 0.070485
8.666762 0.088780
8.671763 0.103002
8.676764 0.109998
8.681765 0.108072
8.686766 0.097019
8.691767 0.077933
8.696768 0.052880
8.701769 0.024484
8.706770 -0.004592
8.711771 -0.032172
8.716772 -0.056970
8.721773 -0.078687
8.726774 -0.097737
8.731775 -0.114644
8.736776 -0.129396
8.741777 -0.141097
8.746778 -0.148153
8.751779 -0.148964
8.756780 -0.142710
8.761781 -0.129763
8.766782 -0.111466
8.771783 -0.089496
8.776784 -0.065293
8.781785 -0.039940
8.786786 -0.014439
8.791787 0.010040
8.796788 0.032338
8.801789 0.051888
8.806790 0.069239
8.811791 0.085946
8.816792 0.103568
8.821793 0.122169
8.826794 0.139144
8.831795 0.149294
8.836796 0.146525
8.841797 0.126657
8.846798 0.089932
8.851800 0.041633
8.856801 -0.009879
8.861802 -0.056743
8.866803 -0.094580
8.871804 -0.122999
8.876805 -0.143691
8.881806 -0.158016
8.886807 -0.166201
8.891808 -0.168530
8.896809 -0.166909
8.901810 -0.164860
8.906811 -0.165537
8.911812 -0.169394
8.916813 -0.173504
8.921814 -0.173183
8.926815 -0.164629
8.931816 -0.146713
8.936817 -0.121102
8.941818 -0.091323
8.946819 -0.061891
8.951820 -0.037802
8.956821 -0.023857
8.961822 -0.023329
8.966823 -0.036455
8.971824 -0.059887
8.976825 -0.087772
8.981826 -0.113845
8.986827 -0.133220
8.991828 -0.143024
8.996829 -0.142145
9.001830 -0.130880
9.006831 -0.110876
9.011832 -0.084988
9.016833 -0.056612
9.021834 -0.028556
9.026835 -0.002155
9.031836 0.022798
9.036837 0.047353
9.041838 0.072551
9.046839 0.098919
9.051840 0.126322
9.056841 0.153878
9.061842 0.179789
9.066843 0.201333
9.071844 0.215414
9.076845 0.219683
9.081846 0.213752
9.086847 0.199727
9.091848 0.181544
9.096849 0.163327
9.101850 0.147606
9.106851 0.134433
9.111852 0.121971
9.116853 0.108287
9.121854 0.093350
9.126855 0.079995
9.131856 0.073053
9.136857 0.076876
9.141858 0.092433
9.146859 0.115638
9.151861 0.138135
9.156862 0.150539
9.161863 0.146784
9.166864 0.127325
9.171865 0.099272
9.176866 0.073028
9.181867 0.057022
9.186868 0.053455
9.191869 0.057644
9.196870 0.061346
9.201871 0.057834
9.206872 0.045389
9.211873 0.027132
9.216874 0.007878
9.221875 -0.009251
9.226876 -0.024018
9.231877 -0.037841
9.236878 -0.051939
9.241879 -0.066688
9.246880 -0.082354
9.251881 -0.099777
9.256882 -0.119730
9.261883 -0.141317
9.266884 -0.161121
9.271885 -0.174312
9.276886 -0.177181
9.281887 -0.169175
9.286888 -0.152961
9.291889 -0.132676
9.296890 -0.111883
9.301891 -0.092578
9.306892 -0.075383
9.311893 -0.060125
9.316894 -0.046104
9.321895 -0.032149
9.326896 -0.016987
9.331897 -0.000070
9.336898 0.017692
9.341899 0.034021
9.346900 0.046317
9.351901 0.052991
9.356902 0.054223
9.361903 0.051743
9.366904 0.047956
9.371905 0.045023
9.376906 0.044194
9.381907 0.045455
9.386908 0.047453
9.391909 0.047885
9.396910 0.044444
9.401911 0.036024
9.406912 0.023482
9.411913 0.009413
9.416914 -0.002997
9.421915 -0.011279
9.426916 -0.014373
9.431917 -0.012453
9.436918 -0.006333
9.441919 0.002952
9.446920 0.014163
9.451922 0.025744
9.456923 0.035967
9.461924 0.043399
9.466925 0.047345
9.471926 0.047881
9.476927 0.045441
9.481928 0.040301
9.486929 0.032384
9.491930 0.021529
9.496931 0.007944
9.501932 -0.007539
9.506933 -0.023590
9.511934 -0.038748
9.516935 -0.051773
9.521936 -0.061836
9.526937 -0.068630
9.531938 -0.072483
9.536939 -0.074378
9.541940 -0.075709
9.546941 -0.077701
9.551942 -0.080765
9.556943 -0.084214
9.561944 -0.086569
9.566945 -0.086249
9.571946 -0.082183
9.576947 -0.074034
9.581948 -0.062074
9.586949 -0.047031
9.591950 -0.030100
9.596951 -0.013031
9.601952 0.001939
9.606953 0.012460
9.611954 0.016650
9.616955 0.013638
9.621956 0.003873
9.626957 -0.010878
9.631958 -0.027828
9.636959 -0.043762
9.641960 -0.055874
9.646961 -0.062634
9.651962 -0.064321
9.656963 -0.062872
9.661964 -0.061027
9.666965 -0.061128
9.671966 -0.064136
9.676967 -0.069323
9.681968 -0.074642
9.686969 -0.077487
9.691970 -0.075461
9.696971 -0.066930
9.701972 -0.051328
9.706973 -0.029209
9.711974 -0.002060
9.716975 0.028036
9.721976 0.058709
9.726977 0.087376
9.731978 0.111135
9.736979 0.126809
9.741980 0.131535
9.746981 0.123994
9.751983 0.105651
9.756984 0.081034
9.761985 0.056323
9.766986 0.036671
9.771987 0.023797
9.776988 0.015592
9.781989 0.008143
9.786990 -0.001306
9.791991 -0.012735
9.796992 -0.024223
9.801993 -0.034216
9.806994 -0.042902
9.811995 -0.051418
9.816996 -0.059776
9.821997 -0.065701
9.826998 -0.065600
9.831999 -0.056824
9.837000 -0.039169
9.842001 -0.014440
9.847002 0.015255
9.852003 0.048676
9.857004 0.085007
9.862005 0.122271
9.867006 0.156211
9.872007 0.180902
9.877008 0.191126
9.882009 0.185201
9.887010 0.166498
9.892011 0.142512
9.897012 0.121732
9.902013 0.109896
9.907014 0.107685
9.912015 0.111138
9.917016 0.114450
9.922017 0.113365
9.927018 0.107102
9.932019 0.097806
9.937020 0.088239
9.942021 0.079552
9.947022 0.070779
9.952023 0.060200
9.957024 0.047277
9.962025 0.033427
9.967026 0.020965
9.972027 0.011165
9.977028 0.003133
9.982029 -0.005504
9.987030 -0.016708
9.992031 -0.030515
9.997032 -0.045063
10.002033 -0.057924
10.007034 -0.067518
10.012035 -0.073563
10.017036 -0.076581
10.022037 -0.077268
10.027038 -0.076406
10.032039 -0.075140
10.037040 -0.075007
10.042041 -0.077349
10.047042 -0.082518
10.052044 -0.089561
10.057045 -0.096658
10.062046 -0.101899
10.067047 -0.103785
10.072048 -0.101283
10.077049 -0.093835
10.082050 -0.081690
10.087051 -0.066407
10.092052 -0.050947
10.097053 -0.038952
10.102054 -0.033498
10.107055 -0.036027
10.112056 -0.046029
10.117057 -0.061366
10.122058 -0.078799
10.127059 -0.094474
10.132060 -0.104544
10.137061 -0.106180
10.142062 -0.098736
10.147063 -0.084355
10.152064 -0.067397
10.157065 -0.052802
10.162066 -0.044262
10.167067 -0.043157
10.172068 -0.048625
10.177069 -0.058396
10.182070 -0.069698
10.187071 -0.079839
10.192072 -0.086508
10.197073 -0.088001
10.202074 -0.083426
10.207075 -0.072752
10.212076 -0.056622
10.217077 -0.036068
10.222078 -0.012379
10.227079 0.012869
10.232080 0.037815
10.237081 0.060581
10.242082 0.079816
10.247083 0.095154
10.252084 0.107211
10.257085 0.117024
10.262086 0.125220
10.267087 0.131473
10.272088 0.134640
10.277089 0.133546
10.282090 0.127947
10.287091 0.118996
10.292092 0.108801
10.297093 0.099233
10.302094 0.090716
10.307095 0.081890
10.312096 0.070603
10.317097 0.055722
10.322098 0.038560
10.327099 0.022801
10.332100 0.012814
10.337101 0.011396
10.342102 0.018385
10.347103 0.030918
10.352105 0.044955
10.357106 0.056959
10.362107 0.064844
10.367108 0.068043
10.372109 0.067142
10.377110 0.063467
10.382111 0.058664
10.387112 0.054104
10.392113 0.050193
10.397114 0.045953
10.402115 0.039321
10.407116 0.028129
10.412117 0.011266
10.417118 -0.010631
10.422119 -0.035256
10.427120 -0.059288
10.432121 -0.079193
10.437122 -0.091927
10.442123 -0.095545
10.447124 -0.089785
10.452125 -0.076410
10.457126 -0.058997
10.462127 -0.041998
10.467128 -0.029374
10.472129 -0.023433
10.477130 -0.024382
10.482131 -0.030671
10.487132 -0.039751
10.492133 -0.048854
10.497134 -0.055592
10.502135 -0.058448
10.507136 -0.057150
10.512137 -0.052784
10.517138 -0.047429
10.522139 -0.043344
10.527140 -0.042086
10.532141 -0.044003
10.537142 -0.048340
10.542143 -0.053777
10.547144 -0.059022
10.552145 -0.063158
10.557146 -0.065705
10.562147 -0.066521
10.567148 -0.065686
10.572149 -0.063390
10.577150 -0.059815
10.582151 -0.055051
10.587152 -0.049060
10.592153 -0.041738
10.597154 -0.032980
10.602155 -0.022723
10.607156 -0.010979
10.612157 0.002103
10.617158 0.016123
10.622159 0.030377
10.627160 0.043976
10.632161 0.056134
10.637162 0.066461
10.642163 0.074994
10.647164 0.081912
10.652166 0.087109
10.657167 0.089988
10.662168 0.089697
10.667169 0.085693
10.672170 0.078200
10.677171 0.068190
10.682172 0.056826
10.687173 0.044775
10.692174 0.031952
10.697175 0.017979
10.702176 0.003038
10.707177 -0.011543
10.712178 -0.023526
10.717179 -0.030701
10.722180 -0.031887
10.727181 -0.027316
10.732182 -0.018247
10.737183 -0.006222
10.742184 0.007442
10.747185 0.021701
10.752186 0.035582
10.757187 0.048100
10.762188 0.058428
10.767189 0.066150
10.772190 0.071338
10.777191 0.074384
10.782192 0.075711
10.787193 0.075558
10.792194 0.073879
10.797195 0.070340
10.802196 0.064369
10.807197 0.055323
10.812198 0.042821
10.817199 0.027143
10.822200 0.009422
10.827201 -0.008578
10.832202 -0.025082
10.837203 -0.038987
10.842204 -0.050204
10.847205 -0.059453
10.852206 -0.067676
10.857207 -0.075436
10.862208 -0.082600
10.867209 -0.088359
10.872210 -0.091479
10.877211 -0.090643
10.882212 -0.084837
10.887213 -0.073699
10.892214 -0.057728
10.897215 -0.038210
10.902216 -0.016846
10.907217 0.004753
10.912218 0.025450
10.917219 0.044673
10.922220 0.062250
10.927221 0.078138
10.932222 0.092203
10.937223 0.104077
10.942224 0.113072
10.947225 0.118169
10.952227 0.118142
10.957228 0.111896
10.962229 0.098947
10.967230 0.079799
10.972231 0.055986
10.977232 0.029667
10.982233 0.003025
10.987234 -0.022184
10.992235 -0.044678
10.997236 -0.063456
11.002237 -0.077701
11.007238 -0.086966
11.012239 -0.091491
11.017240 -0.092254
11.022241 -0.090614
11.027242 -0.087767
11.032243 -0.084414
11.037244 -0.080809
11.042245 -0.076998
11.047246 -0.072994
11.052247 -0.068798
11.057248 -0.064467
11.062249 -0.060313
11.067250 -0.057092
11.072251 -0.055863
11.077252 -0.057488
11.082253 -0.062047
11.087254 -0.068646
11.092255 -0.075758
11.097256 -0.081857
11.102257 -0.085870
11.107258 -0.087234
11.112259 -0.085681
11.117260 -0.081079
11.122261 -0.073471
11.127262 -0.063204
11.132263 -0.050918
11.137264 -0.037355
11.142265 -0.023155
11.147266 -0.008811
11.152267 0.005226
11.157268 0.018484
11.162269 0.030580
11.167270 0.041418
11.172271 0.051277
11.177272 0.060621
11.182273 0.069744
11.187274 0.078464
11.192275 0.086060
11.197276 0.091461
11.202277 0.093532
11.207278 0.091376
11.212279 0.084613
11.217280 0.073614
11.222281 0.059584
11.227282 0.044339
11.232283 0.029757
11.237284 0.017140
11.242285 0.006870
11.247286 -0.001393
11.252288 -0.008134
11.257289 -0.013475
11.262290 -0.017111
11.267291 -0.018698
11.272292 -0.018308
11.277293 -0.016555
11.282294 -0.014344
11.287295 -0.012503
11.292296 -0.011609
11.297297 -0.012039
11.302298 -0.014040
11.307299 -0.017652
11.312300 -0.022508
11.317301 -0.027749
11.322302 -0.032207
11.327303 -0.034783
11.332304 -0.034770
11.337305 -0.031937
11.342306 -0.026382
11.347307 -0.018369
11.352308 -0.008263
11.357309 0.003430
11.362310 0.016076
11.367311 0.029033
11.372312 0.041851
11.377313 0.054398
11.382314 0.066877
11.387315 0.079741
11.392316 0.093563
11.397317 0.108858
11.402318 0.125815
11.407319 0.143999
11.412320 0.162154
11.417321 0.178293
11.422322 0.190122
11.427323 0.195617
11.432324 0.193503
11.437325 0.183426
11.442326 0.165876
11.447327 0.142061
11.452328 0.113888
11.457329 0.083945
11.462330 0.055177
11.467331 0.030076
11.472332 0.009699
11.477333 -0.006796
11.482334 -0.021590
11.487335 -0.036895
11.492336 -0.053797
11.497337 -0.072035
11.502338 -0.090713
11.507339 -0.109136
11.512340 -0.127007
11.517341 -0.143973
11.522342 -0.159155
11.527343 -0.171248
11.532344 -0.179110
11.537345 -0.182242
11.542346 -0.180695
11.547347 -0.174598
11.552349 -0.163890
11.557350 -0.148636
11.562351 -0.129607
11.567352 -0.108541
11.572353 -0.087743
11.577354 -0.069375
11.582355 -0.054978
11.587356 -0.045466
11.592357 -0.041322
11.597358 -0.042580
11.602359 -0.048573
11.607360 -0.057798
11.612361 -0.068239
11.617362 -0.078055
11.622363 -0.086115
11.627364 -0.092013
11.632365 -0.095617
11.637366 -0.096654
11.642367 -0.094678
11.647368 -0.089393
11.652369 -0.080921
11.657370 -0.069747
11.662371 -0.056413
11.667372 -0.041309
11.672373 -0.024765
11.677374 -0.007314
11.682375 0.010164
11.687376 0.026604
11.692377 0.041058
11.697378 0.052869
11.702379 0.061592
11.707380 0.066821
11.712381 0.068171
11.717382 0.065473
11.722383 0.059028
11.727384 0.049652
11.732385 0.038479
11.737386 0.026651
11.742387 0.015109
11.747388 0.004523
11.752389 -0.004724
11.757390 -0.012565
11.762391 -0.019248
11.767392 -0.025165
11.772393 -0.030511
11.777394 -0.034973
11.782395 -0.037697
11.787396 -0.037619
11.792397 -0.033952
11.797398 -0.026522
11.802399 -0.015761
11.807400 -0.002434
11.812401 0.012639
11.817402 0.028708
11.822403 0.045071
11.827404 0.061060
11.832405 0.076120
11.837406 0.089931
11.842407 0.102406
11.847408 0.113495
11.852410 0.122885
11.857411 0.129837
11.862412 0.133314
11.867413 0.132417
11.872414 0.126915
11.877415 0.117549
11.882416 0.105946
11.887417 0.094153
11.892418 0.084033
11.897419 0.076805
11.902420 0.072902
11.907421 0.072120
11.912422 0.073917
11.917423 0.077664
11.922424 0.082750
11.927425 0.088562
11.932426 0.094440
11.937427 0.099717
11.942428 0.103870
11.947429 0.106722
11.952430 0.108536
11.957431 0.109902
11.962432 0.111393
11.967433 0.113159
11.972434 0.114647
11.977435 0.114670
11.982436 0.111853
11.987437 0.105272
11.992438 0.094954
11.997439 0.081903
12.002440 0.067594
12.007441 0.053248
12.012442 0.039387
12.017443 0.025995
12.022444 0.013080
12.027445 0.001113
12.032446 -0.009111
12.037447 -0.017087
12.042448 -0.023138
12.047449 -0.028365
12.052450 -0.034043
12.057451 -0.040940
12.062452 -0.049080
12.067453 -0.058012
12.072454 -0.067216
12.077455 -0.076263
12.082456 -0.084660
12.087457 -0.091686
12.092458 -0.096504
12.097459 -0.098513
12.102460 -0.097677
12.107461 -0.094558
12.112462 -0.090084
12.117463 -0.085258
12.122464 -0.081006
12.127465 -0.078133
12.132466 -0.077256
12.137467 -0.078644
12.142468 -0.082078
12.147469 -0.086889
12.152471 -0.092199
12.157472 -0.097200
12.162473 -0.101316
12.167474 -0.104196
12.172475 -0.105636
12.177476 -0.105589
12.182477 -0.104231
12.187478 -0.102021
12.192479 -0.099625
12.197480 -0.097713
12.202481 -0.096737
12.207482 -0.096781
12.212483 -0.097531
12.217484 -0.098353
12.222485 -0.098455
12.227486 -0.097109
12.232487 -0.093878
12.237488 -0.088797
12.242489 -0.082404
12.247490 -0.075608
12.252491 -0.069422
12.257492 -0.064645
12.262493 -0.061594
12.267494 -0.059970
12.272495 -0.058899
12.277496 -0.057137
12.282497 -0.053393
12.287498 -0.046650
12.292499 -0.036380
12.297500 -0.022594
12.302501 -0.005768
12.307502 0.013285
12.312503 0.033545
12.317504 0.053914
12.322505 0.073370
12.327506 0.091137
12.332507 0.106783
12.337508 0.120185
12.342509 0.131369
12.347510 0.140341
12.352511 0.147018
12.357512 0.151329
12.362513 0.153394
12.367514 0.153615
12.372515 0.152527
12.377516 0.150446
12.382517 0.147114
12.387518 0.141628
12.392519 0.132820
12.397520 0.119941
12.402521 0.103288
12.407522 0.084309
12.412523 0.065059
12.417524 0.047281
12.422525 0.031735
12.427526 0.018205
12.432527 0.006087
12.437528 -0.004975
12.442529 -0.014926
12.447531 -0.023620
12.452532 -0.031194
12.457533 -0.038049
12.462534 -0.044475
12.467535 -0.050313
12.472536 -0.055031
12.477537 -0.058132
12.482538 -0.059511
12.487539 -0.059469
12.492540 -0.058460
12.497541 -0.056887
12.502542 -0.055143
12.507543 -0.053756
12.512544 -0.053381
12.517545 -0.054552
12.522546 -0.057398
12.527547 -0.061565
12.532548 -0.066404
12.537549 -0.071223
12.542550 -0.075419
12.547551 -0.078452
12.552552 -0.079803
12.557553 -0.079029
12.562554 -0.075905
12.567555 -0.070499
12.572556 -0.063091
12.577557 -0.054012
12.582558 -0.043572
12.587559 -0.032154
12.592560 -0.020368
12.597561 -0.009084
12.602562 0.000742
12.607563 0.008333
12.612564 0.013245
12.617565 0.015340
12.622566 0.014654
12.627567 0.011309
12.632568 0.005566
12.637569 -0.002085
12.642570 -0.010924
12.647571 -0.020134
12.652572 -0.028975
12.657573 -0.036878
12.662574 -0.043422
12.667575 -0.048279
12.672576 -0.051229
12.677577 -0.052212
12.682578 -0.051342
12.687579 -0.048817
12.692580 -0.044773
12.697581 -0.039213
12.702582 -0.032051
12.707583 -0.023241
12.712584 -0.012887
12.717585 -0.001260
12.722586 0.011249
12.727587 0.024189
12.732588 0.037107
12.737589 0.049603
12.742590 0.061414
12.747592 0.072484
12.752593 0.082967
12.757594 0.093126
12.762595 0.103157
12.767596 0.113019
12.772597 0.122356
12.777598 0.130517
12.782599 0.136709
12.787600 0.140212
12.792601 0.140601
12.797602 0.137846
12.802603 0.132214
12.807604 0.124014
12.812605 0.113344
12.817606 0.100056
12.822607 0.084023
12.827608 0.065547
12.832609 0.045619
12.837610 0.025788
12.842611 0.007665
12.847612 -0.007578
12.852613 -0.019403
12.857614 -0.027703
12.862615 -0.032484
12.867616 -0.033763
12.872617 -0.031760
12.877618 -0.027138
12.882619 -0.020965
12.887620 -0.014329
12.892621 -0.007892
12.897622 -0.001731
12.902623 0.004441
12.907624 0.010872
12.912625 0.017535
12.917626 0.024157
12.922627 0.030366
12.927628 0.035732
12.932629 0.039660
12.937630 0.041310
12.942631 0.039755
12.947632 0.034357
12.952633 0.025102
12.957634 0.012647
12.962635 -0.001996
12.967636 -0.017870
12.972637 -0.034306
12.977638 -0.050854
12.982639 -0.067067
12.987640 -0.082336
12.992641 -0.095906
12.997642 -0.106999
13.002643 -0.114922
13.007644 -0.119110
13.012645 -0.119153
13.017646 -0.114879
13.022647 -0.106472
13.027648 -0.094503
13.032649 -0.079819
13.037650 -0.063338
13.042651 -0.045875
13.047653 -0.028108
13.052654 -0.010646
13.057655 0.005899
13.062656 0.020932
13.067657 0.033965
13.072658 0.044708
13.077659 0.053050
13.082660 0.058945
13.087661 0.062274
13.092662 0.062795
13.097663 0.060263
13.102664 0.054655
13.107665 0.046369
13.112666 0.036269
13.117667 0.025529
13.122668 0.015379
13.127669 0.006880
13.132670 0.000814
13.137671 -0.002326
13.142672 -0.002340
13.147673 0.000667
13.152674 0.006271
13.157675 0.013793
13.162676 0.022438
13.167677 0.031433
13.172678 0.040072
13.177679 0.047678
13.182680 0.053548
13.187681 0.056990
13.192682 0.057455
13.197683 0.054695
13.202684 0.048827
13.207685 0.040272
13.212686 0.029607
13.217687 0.017421
13.222688 0.004219
13.227689 -0.009615
13.232690 -0.023817
13.237691 -0.038206
13.242692 -0.052623
13.247693 -0.066839
13.252694 -0.080473
13.257695 -0.092973
13.262696 -0.103684
13.267697 -0.111972
13.272698 -0.117362
13.277699 -0.119594
13.282700 -0.118604
13.287701 -0.114450
13.292702 -0.107238
13.297703 -0.097107
13.302704 -0.084283
13.307705 -0.069167
13.312706 -0.052393
13.317707 -0.034806
13.322708 -0.017357
13.327709 -0.000963
13.332710 0.013614
13.337711 0.025853
13.342712 0.035508
13.347714 0.042586
13.352715 0.047284
13.357716 0.049900
13.362717 0.050744
13.367718 0.050060
13.372719 0.047993
13.377720 0.044588
13.382721 0.039853
13.387722 0.033839
13.392723 0.026735
13.397724 0.018921
13.402725 0.010990
13.407726 0.003701
13.412727 -0.002122
13.417728 -0.005757
13.422729 -0.006747
13.427730 -0.004997
13.432731 -0.000760
13.437732 0.005504
13.442733 0.013295
13.447734 0.022160
13.452735 0.031661
13.457736 0.041271
13.462737 0.050319
13.467738 0.058061
13.472739 0.063835
13.477740 0.067208
13.482741 0.068015
13.487742 0.066305
13.492743 0.062252
13.497744 0.056116
13.502745 0.048255
13.507746 0.039152
13.512747 0.029375
13.517748 0.019473
13.522749 0.009874
13.527750 0.000858
13.532751 -0.007372
13.537752 -0.014586
13.542753 -0.020493
13.547754 -0.024824
13.552755 -0.027493
13.557756 -0.028703
13.562757 -0.028928
13.567758 -0.028754
13.572759 -0.028695
13.577760 -0.029059
13.582761 -0.029917
13.587762 -0.031136
13.592763 -0.032447
13.597764 -0.033528
13.602765 -0.034101
13.607766 -0.034033
13.612767 -0.033377
13.617768 -0.032326
13.622769 -0.031093
13.627770 -0.029778
13.632771 -0.028323
13.637772 -0.026568
13.642773 -0.024350
13.647775 -0.021581
13.652776 -0.018240
13.657777 -0.014324
13.662778 -0.009816
13.667779 -0.004693
13.672780 0.001052
13.677781 0.007401
13.682782 0.014331
13.687783 0.021823
13.692784 0.029832
13.697785 0.038221
13.702786 0.046706
13.707787 0.054858
13.712788 0.062184
13.717789 0.068237
13.722790 0.072708
13.727791 0.075456
13.732792 0.076501
13.737793 0.076007
13.742794 0.074286
13.747795 0.071779
13.752796 0.068997
13.757797 0.066394
13.762798 0.064239
13.767799 0.062533
13.772800 0.061014
13.777801 0.059246
13.782802 0.056738
13.787803 0.053051
13.792804 0.047888
13.797805 0.041148
13.802806 0.032954
13.807807 0.023603
13.812808 0.013475
13.817809 0.002931
13.822810 -0.007742
13.827811 -0.018318
13.832812 -0.028599
13.837813 -0.038378
13.842814 -0.047437
13.847815 -0.055563
13.852816 -0.062550
13.857817 -0.068222
13.862818 -0.072476
13.867819 -0.075346
13.872820 -0.077046
13.877821 -0.077948
13.882822 -0.078479
13.887823 -0.078994
13.892824 -0.079683
13.897825 -0.080563
13.902826 -0.081534
13.907827 -0.082459
13.912828 -0.083228
13.917829 -0.083792
13.922830 -0.084176
13.927831 -0.084461
13.932832 -0.084755
13.937833 -0.085120
13.942834 -0.085513
13.947836 -0.085750
13.952837 -0.085544
13.957838 -0.084571
13.962839 -0.082534
13.967840 -0.079217
13.972841 -0.074512
13.977842 -0.068462
13.982843 -0.061281
13.987844 -0.053336
13.992845 -0.045073
13.997846 -0.036914
14.002847 -0.029182
14.007848 -0.022099
14.012849 -0.015822
14.017850 -0.010450
14.022851 -0.005966
14.027852 -0.002139
14.032853 0.001494
14.037854 0.005541
14.042855 0.010577
14.047856 0.016986
14.052857 0.024890
14.057858 0.034169
14.062859 0.044502
14.067860 0.055400
14.072861 0.066236
14.077862 0.076325
14.082863 0.085040
14.087864 0.091931
14.092865 0.096782
14.097866 0.099582
14.102867 0.100470
14.107868 0.099698
14.112869 0.097618
14.117870 0.094674
14.122871 0.091327
14.127872 0.087941
14.132873 0.084663
14.137874 0.081410
14.142875 0.077969
14.147876 0.074187
14.152877 0.070105
14.157878 0.065967
14.162879 0.062083
14.167880 0.058664
14.172881 0.055744
14.177882 0.053225
14.182883 0.051010
14.187884 0.049099
14.192885 0.047588
14.197886 0.046571
14.202887 0.046024
14.207888 0.045751
14.212889 0.045408
14.217890 0.044596
14.222891 0.042967
14.227892 0.040308
14.232893 0.036570
14.237894 0.031843
14.242895 0.026312
14.247897 0.020217
14.252898 0.013824
14.257899 0.007398
14.262900 0.001175
14.267901 -0.004678
14.272902 -0.010092
14.277903 -0.015123
14.282904 -0.019950
14.287905 -0.024846
14.292906 -0.030121
14.297907 -0.036027
14.302908 -0.042660
14.307909 -0.049896
14.312910 -0.057369
14.317911 -0.064519
14.322912 -0.070689
14.327913 -0.075258
14.332914 -0.077776
14.337915 -0.078058
14.342916 -0.076213
14.347917 -0.072590
14.352918 -0.067673
14.357919 -0.061965
14.362920 -0.055909
14.367921 -0.049850
14.372922 -0.044020
14.377923 -0.038536
14.382924 -0.033399
14.387925 -0.028509
14.392926 -0.023728
14.397927 -0.018965
14.402928 -0.014244
14.407929 -0.009717
14.412930 -0.005605
14.417931 -0.002119
14.422932 0.000590
14.427933 0.002434
14.432934 0.003351
14.437935 0.003274
14.442936 0.002142
14.447937 -0.000068
14.452938 -0.003303
14.457939 -0.007388
14.462940 -0.012007
14.467941 -0.016715
14.472942 -0.020993
14.477943 -0.024348
14.482944 -0.026424
14.487945 -0.027071
14.492946 -0.026330
14.497947 -0.024366
14.502948 -0.021369
14.507949 -0.017496
14.512950 -0.012862
14.517951 -0.007583
14.522952 -0.001818
14.527953 0.004197
14.532954 0.010153
14.537955 0.015705
14.542956 0.020521
14.547958 0.024317
14.552959 0.026904
14.557960 0.028209
14.562961 0.028301
14.567962 0.027392
14.572963 0.025797
14.577964 0.023872
14.582965 0.021938
14.587966 0.020246
14.592967 0.018995
14.597968 0.018371
14.602969 0.018577
14.607970 0.019787
14.612971 0.022066
14.617972 0.025316
14.622973 0.029279
14.627974 0.033617
14.632975 0.037976
14.637976 0.042020
14.642977 0.045419
14.647978 0.047839
14.652979 0.048982
14.657980 0.048666
14.662981 0.046885
14.667982 0.043804
14.672983 0.039672
14.677984 0.034726
14.682985 0.029150
14.687986 0.023094
14.692987 0.016729
14.697988 0.010276
14.702989 0.003986
14.707990 -0.001904
14.712991 -0.007213
14.717992 -0.011841
14.722993 -0.015780
14.727994 -0.019119
14.732995 -0.022042
14.737996 -0.024795
14.742997 -0.027623
14.747998 -0.030696
14.752999 -0.034069
14.758000 -0.037688
14.763001 -0.041439
14.768002 -0.045175
14.773003 -0.048735
14.778004 -0.051928
14.783005 -0.054535
14.788006 -0.056333
14.793007 -0.057129
14.798008 -0.056795
14.803009 -0.055290
14.808010 -0.052652
14.813011 -0.048983
14.818012 -0.044419
14.823013 -0.039100
14.828014 -0.033154
14.833015 -0.026705
14.838016 -0.019867
14.843017 -0.012750
14.848019 -0.005448
14.853020 0.001956
14.858021 0.009356
14.863022 0.016560
14.868023 0.023254
14.873024 0.029003
14.878025 0.033326
14.883026 0.035799
14.888027 0.036152
14.893028 0.034327
14.898029 0.030480
14.903030 0.024955
14.908031 0.018259
14.913032 0.011034
14.918033 0.004004
14.923034 -0.002098
14.928035 -0.006639
14.933036 -0.009181
14.938037 -0.009544
14.943038 -0.007799
14.948039 -0.004202
14.953040 0.000897
14.958041 0.007110
14.963042 0.014029
14.968043 0.021208
14.973044 0.028159
14.978045 0.034390
14.983046 0.039482
14.988047 0.043167
14.993048 0.045347
14.998049 0.046068
15.003050 0.045455
15.008051 0.043661
15.013052 0.040851
15.018053 0.037213
15.023054 0.032956
15.028055 0.028298
15.033056 0.023431
15.038057 0.018510
15.043058 0.013662
15.048059 0.009010
15.053060 0.004672
15.058061 0.000743
15.063062 -0.002721
15.068063 -0.005667
15.073064 -0.007999
15.078065 -0.009538
15.083066 -0.010061
15.088067 -0.009383
15.093068 -0.007436
15.098069 -0.004296
15.103070 -0.000160
15.108071 0.004700
15.113072 0.009968
15.118073 0.015295
15.123074 0.020322
15.128075 0.024697
15.133076 0.028115
15.138077 0.030331
15.143078 0.031161
15.148080 0.030485
15.153081 0.028250
15.158082 0.024494
15.163083 0.019356
15.168084 0.013061
15.173085 0.005898
15.178086 -0.001817
15.183087 -0.009772
15.188088 -0.017688
15.193089 -0.025338
15.198090 -0.032555
15.203091 -0.039220
15.208092 -0.045222
15.213093 -0.050424
15.218094 -0.054651
15.223095 -0.057725
15.228096 -0.059517
15.233097 -0.059983
15.238098 -0.059166
15.243099 -0.057187
15.248100 -0.054244
15.253101 -0.050611
15.258102 -0.046621
15.263103 -0.042599
15.268104 -0.038774
15.273105 -0.035224
15.278106 -0.031881
15.283107 -0.028610
15.288108 -0.025310
15.293109 -0.021991
15.298110 -0.018779
15.303111 -0.015871
15.308112 -0.013443
15.313113 -0.011581
15.318114 -0.010271
15.323115 -0.009446
15.328116 -0.009047
15.333117 -0.009057
15.338118 -0.009475
15.343119 -0.010266
15.348120 -0.011328
15.353121 -0.012499
15.358122 -0.013580
15.363123 -0.014357
15.368124 -0.014596
15.373125 -0.014052
15.378126 -0.012487
15.383127 -0.009719
15.388128 -0.005671
15.393129 -0.000408
15.398130 0.005871
15.403131 0.012886
15.408132 0.020346
15.413133 0.027999
15.418134 0.035641
15.423135 0.043105
15.428136 0.050217
15.433137 0.056774
15.438138 0.062535
15.443139 0.067211
15.448141 0.070480
15.453142 0.071994
15.458143 0.071431
15.463144 0.068563
15.468145 0.063332
15.473146 0.055890
15.478147 0.046594
15.483148 0.035957
15.488149 0.024586
15.493150 0.013113
15.498151 0.002131
15.503152 -0.007855
15.508153 -0.016455
15.513154 -0.023403
15.518155 -0.028554
15.523156 -0.031882
15.528157 -0.033484
15.533158 -0.033595
15.538159 -0.032577
15.543160 -0.030886
15.548161 -0.029002
15.553162 -0.027356
15.558163 -0.026284
15.563164 -0.026004
15.568165 -0.026603
15.573166 -0.028043
15.578167 -0.030175
15.583168 -0.032773
15.588169 -0.035572
15.593170 -0.038306
15.598171 -0.040730
15.603172 -0.042624
15.608173 -0.043780
15.613174 -0.044006
15.618175 -0.043139
15.623176 -0.041086
15.628177 -0.037845
15.633178 -0.033501
15.638179 -0.028198
15.643180 -0.022097
15.648181 -0.015360
15.653182 -0.008160
15.658183 -0.000707
15.663184 0.006756
15.668185 0.014015
15.673186 0.020957
15.678187 0.027607
15.683188 0.034075
15.688189 0.040459
15.693190 0.046753
15.698191 0.052823
15.703192 0.058465
15.708193 0.063468
15.713194 0.067650
15.718195 0.070843
15.723196 0.072868
15.728197 0.073542
15.733198 0.072720
15.738199 0.070332
15.743200 0.066369
15.748202 0.060840
15.753203 0.053759
15.758204 0.045192
15.763205 0.035341
15.768206 0.024595
15.773207 0.013474
15.778208 0.002508
15.783209 -0.007906
15.788210 -0.017554
15.793211 -0.026364
15.798212 -0.034312
15.803213 -0.041354
15.808214 -0.047406
15.813215 -0.052358
15.818216 -0.056077
15.823217 -0.058409
15.828218 -0.059200
15.833219 -0.058354
15.838220 -0.055905
15.843221 -0.052061
15.848222 -0.047173
15.853223 -0.041648
15.858224 -0.035849
15.863225 -0.030035
15.868226 -0.024359
15.873227 -0.018897
15.878228 -0.013689
15.883229 -0.008766
15.888230 -0.004163
15.893231 0.000099
15.898232 0.004047
15.903233 0.007781
15.908234 0.011481
15.913235 0.015368
15.918236 0.019646
15.923237 0.024430
15.928238 0.029705
15.933239 0.035325
15.938240 0.041070
15.943241 0.046718
15.948242 0.052114
15.953243 0.057182
15.958244 0.061914
15.963245 0.066317
15.968246 0.070366
15.973247 0.073953
15.978248 0.076884
15.983249 0.078889
15.988250 0.079679
15.993251 0.079014
15.998252 0.076757
16.003253 0.072889
16.008254 0.067478
16.013255 0.060628
16.018256 0.052459
16.023257 0.043136
16.028258 0.032937
16.033259 0.022275
16.038260 0.011629
16.043261 0.001425
16.048263 -0.008062
16.053264 -0.016727
16.058265 -0.024568
16.063266 -0.031603
16.068267 -0.037837
16.073268 -0.043274
16.078269 -0.047940
16.083270 -0.051864
16.088271 -0.055054
16.093272 -0.057494
16.098273 -0.059202
16.103274 -0.060285
16.108275 -0.060958
16.113276 -0.061477
16.118277 -0.062049
16.123278 -0.062781
16.128279 -0.063708
16.133280 -0.064844
16.138281 -0.066198
16.143282 -0.067719
16.148283 -0.069250
16.153284 -0.070530
16.158285 -0.071288
16.163286 -0.071336
16.168287 -0.070620
16.173288 -0.069177
16.178289 -0.067075
16.183290 -0.064374
16.188291 -0.061161
16.193292 -0.057598
16.198293 -0.053948
16.203294 -0.050529
16.208295 -0.047634
16.213296 -0.045459
16.218297 -0.044067
16.223298 -0.043408
16.228299 -0.043344
16.233300 -0.043678
16.238301 -0.044164
16.243302 -0.044536
16.248303 -0.044548
16.253304 -0.044015
16.258305 -0.042835
16.263306 -0.040965
16.268307 -0.038399
16.273308 -0.035152
16.278309 -0.031273
16.283310 -0.026840
16.288311 -0.021950
16.293312 -0.016699
16.298313 -0.011182
16.303314 -0.005512
16.308315 0.000178
16.313316 0.005765
16.318317 0.011176
16.323318 0.016408
16.328319 0.021501
16.333320 0.026500
16.338321 0.031426
16.343322 0.036292
16.348324 0.041135
16.353325 0.046028
16.358326 0.051034
16.363327 0.056132
16.368328 0.061173
16.373329 0.065904
16.378330 0.070051
16.383331 0.073404
16.388332 0.075859
16.393333 0.077407
16.398334 0.078097
16.403335 0.078012
16.408336 0.077269
16.413337 0.076038
16.418338 0.074530
16.423339 0.072953
16.428340 0.071446
16.433341 0.070038
16.438342 0.068645
16.443343 0.067102
16.448344 0.065218
16.453345 0.062840
16.458346 0.059895
16.463347 0.056424
16.468348 0.052581
16.473349 0.048587
16.478350 0.044658
16.483351 0.040935
16.488352 0.037469
16.493353 0.034261
16.498354 0.031323
16.503355 0.028690
16.508356 0.026381
16.513357 0.024331
16.518358 0.022361
16.523359 0.020212
16.528360 0.017618
16.533361 0.014375
16.538362 0.010376
16.543363 0.005592
16.548364 0.000050
16.553365 -0.006173
16.558366 -0.012945
16.563367 -0.020083
16.568368 -0.027370
16.573369 -0.034577
16.578370 -0.041494
16.583371 -0.047946
16.588372 -0.053822
16.593373 -0.059084
16.598374 -0.063767
16.603375 -0.067940
16.608376 -0.071668
16.613377 -0.074967
16.618378 -0.077797
16.623379 -0.080095
16.628380 -0.081821
16.633381 -0.082990
16.638382 -0.083651
16.643383 -0.083850
16.648385 -0.083597
16.653386 -0.082872
16.658387 -0.081651
16.663388 -0.079933
16.668389 -0.077745
16.673390 -0.075129
16.678391 -0.072128
16.683392 -0.068771
16.688393 -0.065084
16.693394 -0.061092
16.698395 -0.056817
16.703396 -0.052266
16.708397 -0.047409
16.713398 -0.042182
16.718399 -0.036505
16.723400 -0.030322
16.728401 -0.023635
16.733402 -0.016528
16.738403 -0.009155
16.743404 -0.001717
16.748405 0.005574
16.753406 0.012524
16.758407 0.018975
16.763408 0.024809
16.768409 0.029956
16.773410 0.034411
16.778411 0.038256
16.783412 0.041678
16.788413 0.044952
16.793414 0.048375
16.798415 0.052187
16.803416 0.056510
16.808417 0.061344
16.813418 0.066617
16.818419 0.072238
16.823420 0.078143
16.828421 0.084292
16.833422 0.090640
16.838423 0.097102
16.843424 0.103510
16.848425 0.109598
16.853426 0.115002
16.858427 0.119301
16.863428 0.122092
16.868429 0.123077
16.873430 0.122125
16.878431 0.119264
16.883432 0.114638
16.888433 0.108461
16.893434 0.101000
16.898435 0.092601
16.903436 0.083673
16.908437 0.074614
16.913438 0.065687
16.918439 0.056945
16.923440 0.048292
16.928441 0.039649
16.933442 0.031098
16.938443 0.022861
16.943444 0.015148
16.948446 0.007984
16.953447 0.001179
16.958448 -0.005540
16.963449 -0.012355
16.968450 -0.019290
16.973451 -0.026272
16.978452 -0.033249
16.983453 -0.040221
16.988454 -0.047185
16.993455 -0.054064
16.998456 -0.060706
17.003457 -0.066957
17.008458 -0.072713
17.013459 -0.077907
17.018460 -0.082428
17.023461 -0.086087
17.028462 -0.088671
17.033463 -0.090050
17.038464 -0.090242
17.043465 -0.089375
17.048466 -0.087590
17.053467 -0.084967
17.058468 -0.081543
17.063469 -0.077378
17.068470 -0.072604
17.073471 -0.067397
17.078472 -0.061929
17.083473 -0.056338
17.088474 -0.050746
17.093475 -0.045272
17.098476 -0.040023
17.103477 -0.035067
17.108478 -0.030424
17.113479 -0.026089
17.118480 -0.022068
17.123481 -0.018387
17.128482 -0.015051
17.133483 -0.012015
17.138484 -0.009193
17.143485 -0.006508
17.148486 -0.003959
17.153487 -0.001620
17.158488 0.000416
17.163489 0.002104
17.168490 0.003469
17.173491 0.004562
17.178492 0.005411
17.183493 0.006005
17.188494 0.006337
17.193495 0.006447
17.198496 0.006421
17.203497 0.006337
17.208498 0.006207
17.213499 0.005965
17.218500 0.005509
17.223501 0.004753
17.228502 0.003641
17.233503 0.002122
17.238504 0.000134
17.243505 -0.002386
17.248507 -0.005460
17.253508 -0.009031
17.258509 -0.012969
17.263510 -0.017102
17.268511 -0.021255
17.273512 -0.025243
17.278513 -0.028872
17.283514 -0.031929
17.288515 -0.034211
17.293516 -0.035538
17.298517 -0.035749
17.303518 -0.034693
17.308519 -0.032234
17.313520 -0.028297
17.318521 -0.022934
17.323522 -0.016350
17.328523 -0.008878
17.333524 -0.000909
17.338525 0.007179
17.343526 0.015062
17.348527 0.022465
17.353528 0.029140
17.358529 0.034871
17.363530 0.039503
17.368531 0.042989
17.373532 0.045412
17.378533 0.046960
17.383534 0.047880
17.388535 0.048418
17.393536 0.048785
17.398537 0.049141
17.403538 0.049579
17.408539 0.050124
17.413540 0.050725
17.418541 0.051276
17.423542 0.051652
17.428543 0.051743
17.433544 0.051470
17.438545 0.050795
17.443546 0.049718
17.448547 0.048282
17.453548 0.046569
17.458549 0.044697
17.463550 0.042789
17.468551 0.040949
17.473552 0.039218
17.478553 0.037561
17.483554 0.035866
17.488555 0.033972
17.493556 0.031718
17.498557 0.028994
17.503558 0.025794
17.508559 0.022229
17.513560 0.018495
17.518561 0.014803
17.523562 0.011299
17.528563 0.008028
17.533564 0.004938
17.538565 0.001926
17.543566 -0.001117
17.548568 -0.004279
17.553569 -0.007626
17.558570 -0.011199
17.563571 -0.015013
17.568572 -0.019049
17.573573 -0.023242
17.578574 -0.027473
17.583575 -0.031566
17.588576 -0.035303
17.593577 -0.038443
17.598578 -0.040763
17.603579 -0.042089
17.608580 -0.042332
17.613581 -0.041511
17.618582 -0.039753
17.623583 -0.037262
17.628584 -0.034257
17.633585 -0.030935
17.638586 -0.027463
17.643587 -0.024009
17.648588 -0.020766
17.653589 -0.017945
17.658590 -0.015735
17.663591 -0.014259
17.668592 -0.013546
17.673593 -0.013552
17.678594 -0.014201
17.683595 -0.015427
17.688596 -0.017181
17.693597 -0.019420
17.698598 -0.022084
17.703599 -0.025081
17.708600 -0.028293
17.713601 -0.031580
17.718602 -0.034778
17.723603 -0.037708
17.728604 -0.040180
17.733605 -0.042010
17.738606 -0.043046
17.743607 -0.043195
17.748608 -0.042426
17.753609 -0.040757
17.758610 -0.038231
17.763611 -0.034904
17.768612 -0.030847
17.773613 -0.026164
17.778614 -0.020997
17.783615 -0.015520
17.788616 -0.009915
17.793617 -0.004337
17.798618 0.001101
17.803619 0.006314
17.808620 0.011226
17.813621 0.015767
17.818622 0.019887
17.823623 0.023568
17.828624 0.026825
17.833625 0.029685
17.838626 0.032175
17.843627 0.034318
17.848629 0.036145
17.853630 0.037702
17.858631 0.039030
17.863632 0.040151
17.868633 0.041061
17.873634 0.041762
17.878635 0.042300
17.883636 0.042782
17.888637 0.043348
17.893638 0.044107
17.898639 0.045083
17.903640 0.046194
17.908641 0.047297
17.913642 0.048257
17.918643 0.048997
17.923644 0.049507
17.928645 0.049793
17.933646 0.049819
17.938647 0.049489
17.943648 0.048673
17.948649 0.047252
17.953650 0.045152
17.958651 0.042349
17.963652 0.038846
17.968653 0.034665
17.973654 0.029850
17.978655 0.024494
17.983656 0.018751
17.988657 0.012829
17.993658 0.006950
17.998659 0.001309
18.003660 -0.003944
18.008661 -0.008710
18.013662 -0.012930
18.018663 -0.016569
18.023664 -0.019617
18.028665 -0.022086
18.033666 -0.024002
18.038667 -0.025392
18.043668 -0.026278
18.048669 -0.026684
18.053670 -0.026659
18.058671 -0.026285
18.063672 -0.025677
18.068673 -0.024960
18.073674 -0.024247
18.078675 -0.023616
18.083676 -0.023104
18.088677 -0.022710
18.093678 -0.022409
18.098679 -0.022168
18.103680 -0.021954
18.108681 -0.021741
18.113682 -0.021505
18.118683 -0.021219
18.123684 -0.020855
18.128685 -0.020393
18.133686 -0.019824
18.138687 -0.019146
18.143688 -0.018357
18.148690 -0.017461
18.153691 -0.016479
18.158692 -0.015468
18.163693 -0.014527
18.168694 -0.013777
18.173695 -0.013344
18.178696 -0.013336
18.183697 -0.013823
18.188698 -0.014833
18.193699 -0.016342
18.198700 -0.018280
18.203701 -0.020552
18.208702 -0.023054
18.213703 -0.025687
18.218704 -0.028340
18.223705 -0.030879
18.228706 -0.033144
18.233707 -0.034989
18.238708 -0.036320
18.243709 -0.037118
18.248710 -0.037416
18.253711 -0.037260
18.258712 -0.036677
18.263713 -0.035666
18.268714 -0.034212
18.273715 -0.032309
18.278716 -0.029963
18.283717 -0.027193
18.288718 -0.024015
18.293719 -0.020447
18.298720 -0.016515
18.303721 -0.012260
18.308722 -0.007746
18.313723 -0.003052
18.318724 0.001726
18.323725 0.006487
18.328726 0.011127
18.333727 0.015539
18.338728 0.019605
18.343729 0.023202
18.348730 0.026214
18.353731 0.028561
18.358732 0.030224
18.363733 0.031247
18.368734 0.031715
18.373735 0.031735
18.378736 0.031417
18.383737 0.030882
18.388738 0.030267
18.393739 0.029726
18.398740 0.029396
18.403741 0.029372
18.408742 0.029672
18.413743 0.030244
18.418744 0.030975
18.423745 0.031727
18.428746 0.032370
18.433747 0.032798
18.438748 0.032940
18.443749 0.032730
18.448751 0.032106
18.453752 0.031008
18.458753 0.029399
18.463754 0.027288
18.468755 0.024732
18.473756 0.021827
18.478757 0.018693
18.483758 0.015459
18.488759 0.012252
18.493760 0.009190
18.498761 0.006362
18.503762 0.003819
18.508763 0.001561
18.513764 -0.000452
18.518765 -0.002269
18.523766 -0.003932
18.528767 -0.005455
18.533768 -0.006831
18.538769 -0.008055
18.543770 -0.009135
18.548771 -0.010101
18.553772 -0.010989
18.558773 -0.011824
18.563774 -0.012609
18.568775 -0.013321
18.573776 -0.013917
18.578777 -0.014340
18.583778 -0.014531
18.588779 -0.014456
18.593780 -0.014125
18.598781 -0.013594
18.603782 -0.012941
18.608783 -0.012245
18.613784 -0.011562
18.618785 -0.010918
18.623786 -0.010301
18.628787 -0.009675
18.633788 -0.008999
18.638789 -0.008263
18.643790 -0.007520
18.648791 -0.006868
18.653792 -0.006414
18.658793 -0.006214
18.663794 -0.006261
18.668795 -0.006491
18.673796 -0.006822
18.678797 -0.007170
18.683798 -0.007449
18.688799 -0.007569
18.693800 -0.007431
18.698801 -0.006950
18.703802 -0.006072
18.708803 -0.004797
18.713804 -0.003181
18.718805 -0.001324
18.723806 0.000669
18.728807 0.002709
18.733808 0.004733
18.738809 0.006693
18.743810 0.008534
18.748812 0.010186
18.753813 0.011571
18.758814 0.012627
18.763815 0.013337
18.768816 0.013737
18.773817 0.013909
18.778818 0.013959
18.783819 0.013992
18.788820 0.014094
18.793821 0.014328
18.798822 0.014729
18.803823 0.015320
18.808824 0.016106
18.813825 0.017067
18.818826 0.018151
18.823827 0.019279
18.828828 0.020355
18.833829 0.021293
18.838830 0.022028
18.843831 0.022519
18.848832 0.022737
18.853833 0.022650
18.858834 0.022215
18.863835 0.021380
18.868836 0.020104
18.873837 0.018383
18.878838 0.016261
18.883839 0.013833
18.888840 0.011221
18.893841 0.008546
18.898842 0.005894
18.903843 0.003309
18.908844 0.000797
18.913845 -0.001657
18.918846 -0.004073
18.923847 -0.006481
18.928848 -0.008927
18.933849 -0.011480
18.938850 -0.014234
18.943851 -0.017277
18.948852 -0.020658
18.953853 -0.024357
18.958854 -0.028276
18.963855 -0.032265
18.968856 -0.036160
18.973857 -0.039823
18.978858 -0.043156
18.983859 -0.046084
18.988860 -0.048531
18.993861 -0.050409
18.998862 -0.051644
19.003863 -0.052195
19.008864 -0.052076
19.013865 -0.051344
19.018866 -0.050094
19.023867 -0.048438
19.028868 -0.046474
19.033869 -0.044262
19.038870 -0.041818
19.043871 -0.039136
19.048873 -0.036234
19.053874 -0.033172
19.058875 -0.030066
19.063876 -0.027067
19.068877 -0.024339
19.073878 -0.022038
19.078879 -0.020288
19.083880 -0.019155
19.088881 -0.018636
19.093882 -0.018658
19.098883 -0.019106
19.103884 -0.019836
19.108885 -0.020697
19.113886 -0.021528
19.118887 -0.022160
19.123888 -0.022433
19.128889 -0.022218
19.133890 -0.021438
19.138891 -0.020073
19.143892 -0.018153
19.148893 -0.015748
19.153894 -0.012949
19.158895 -0.009861
19.163896 -0.006596
19.168897 -0.003267
19.173898 0.000036
19.178899 0.003261
19.183900 0.006404
19.188901 0.009496
19.193902 0.012576
19.198903 0.015650
19.203904 0.018676
19.208905 0.021566
19.213906 0.024215
19.218907 0.026544
19.223908 0.028520
19.228909 0.030173
19.233910 0.031588
19.238911 0.032901
19.243912 0.034256
19.248913 0.035767
19.253914 0.037470
19.258915 0.039313
19.263916 0.041181
19.268917 0.042946
19.273918 0.044504
19.278919 0.045787
19.283920 0.046739
19.288921 0.047281
19.293922 0.047312
19.298923 0.046734
19.303924 0.045493
19.308925 0.043611
19.313926 0.041174
19.318927 0.038309
19.323928 0.035160
19.328929 0.031871
19.333930 0.028581
19.338931 0.025407
19.343932 0.022423
19.348934 0.019638
19.353935 0.016996
19.358936 0.014399
19.363937 0.011758
19.368938 0.009011
19.373939 0.006125
19.378940 0.003079
19.383941 -0.000140
19.388942 -0.003514
19.393943 -0.006965
19.398944 -0.010336
19.403945 -0.013415
19.408946 -0.015996
19.413947 -0.017931
19.418948 -0.019161
19.423949 -0.019700
19.428950 -0.019609
19.433951 -0.018972
19.438952 -0.017873
19.443953 -0.016380
19.448954 -0.014540
19.453955 -0.012392
19.458956 -0.009980
19.463957 -0.007373
19.468958 -0.004658
19.473959 -0.001932
19.478960 0.000705
19.483961 0.003142
19.488962 0.005238
19.493963 0.006842
19.498964 0.007832
19.503965 0.008166
19.508966 0.007897
19.513967 0.007140
19.518968 0.006015
19.523969 0.004614
19.528970 0.003002
19.533971 0.001246
19.538972 -0.000562
19.543973 -0.002319
19.548974 -0.003947
19.553975 -0.005408
19.558976 -0.006687
19.563977 -0.007745
19.568978 -0.008513
19.573979 -0.008905
19.578980 -0.008866
19.583981 -0.008394
19.588982 -0.007518
19.593983 -0.006275
19.598984 -0.004701
19.603985 -0.002837
19.608986 -0.000743
19.613987 0.001511
19.618988 0.003867
19.623989 0.006292
19.628990 0.008761
19.633991 0.011230
19.638992 0.013629
19.643993 0.015873
19.648995 0.017897
19.653996 0.019679
19.658997 0.021236
19.663998 0.022611
19.668999 0.023844
19.674000 0.024966
19.679001 0.025984
19.684002 0.026878
19.689003 0.027584
19.694004 0.028011
19.699005 0.028075
19.704006 0.027751
19.709007 0.027100
19.714008 0.026247
19.719009 0.025317
19.724010 0.024375
19.729011 0.023404
19.734012 0.022334
19.739013 0.021077
19.744014 0.019559
19.749015 0.017723
19.754016 0.015537
19.759017 0.013016
19.764018 0.010239
19.769019 0.007335
19.774020 0.004435
19.779021 0.001616
19.784022 -0.001110
19.789023 -0.003757
19.794024 -0.006319
19.799025 -0.008763
19.804026 -0.011050
19.809027 -0.013163
19.814028 -0.015101
19.819029 -0.016854
19.824030 -0.018384
19.829031 -0.019630
19.834032 -0.020516
19.839033 -0.020952
19.844034 -0.020829
19.849035 -0.020032
19.854036 -0.018482
19.859037 -0.016178
19.864038 -0.013225
19.869039 -0.009803
19.874040 -0.006115
19.879041 -0.002335
19.884042 0.001387
19.889043 0.004894
19.894044 0.008012
19.899045 0.010567
19.904046 0.012433
19.909047 0.013565
19.914048 0.013978
19.919049 0.013707
19.924050 0.012772
19.929051 0.011184
19.934052 0.008978
19.939053 0.006235
19.944054 0.003078
19.949056 -0.000356
19.954057 -0.003929
19.959058 -0.007501
19.964059 -0.010915
19.969060 -0.014015
19.974061 -0.016693
19.979062 -0.018920
19.984063 -0.020746
19.989064 -0.022255
19.994065 -0.023516
19.999066 -0.024570
20.004067 -0.025461
20.009068 -0.026270
20.014069 -0.027105
20.019070 -0.028064
20.024071 -0.029197
20.029072 -0.030504
20.034073 -0.031955
20.039074 -0.033525
20.044075 -0.035200
20.049076 -0.036971
20.054077 -0.038829
20.059078 -0.040758
20.064079 -0.042725
20.069080 -0.044668
20.074081 -0.046472
20.079082 -0.047976
20.084083 -0.049007
20.089084 -0.049438
20.094085 -0.049222
20.099086 -0.048389
20.104087 -0.046999
20.109088 -0.045100
20.114089 -0.042714
20.119090 -0.039858
20.124091 -0.036563
20.129092 -0.032894
20.134093 -0.028934
20.139094 -0.024769
20.144095 -0.020476
20.149096 -0.016122
20.154097 -0.011779
20.159098 -0.007544
20.164099 -0.003529
20.169100 0.000149
20.174101 0.003398
20.179102 0.006170
20.184103 0.008458
20.189104 0.010285
20.194105 0.011699
20.199106 0.012776
20.204107 0.013625
20.209108 0.014386
20.214109 0.015195
20.219110 0.016154
20.224111 0.017305
20.229112 0.018621
20.234113 0.020027
20.239114 0.021430
20.244115 0.022753
20.249117 0.023956
20.254118 0.025037
20.259119 0.026026
20.264120 0.026971
20.269121 0.027928
20.274122 0.028938
20.279123 0.030007
20.284124 0.031103
20.289125 0.032168
20.294126 0.033137
20.299127 0.033948
20.304128 0.034542
20.309129 0.034855
20.314130 0.034818
20.319131 0.034359
20.324132 0.033420
20.329133 0.031990
20.334134 0.030130
20.339135 0.027977
20.344136 0.025724
20.349137 0.023569
20.354138 0.021670
20.359139 0.020111
20.364140 0.018896
20.369141 0.017978
20.374142 0.017307
20.379143 0.016872
20.384144 0.016718
20.389145 0.016929
20.394146 0.017578
20.399147 0.018683
20.404148 0.020191
20.409149 0.021995
20.414150 0.023973
20.419151 0.026007
20.424152 0.027988
20.429153 0.029817
20.434154 0.031414
20.439155 0.032734
20.444156 0.033773
20.449157 0.034542
20.454158 0.035029
20.459159 0.035174
20.464160 0.034886
20.469161 0.034071
20.474162 0.032681
20.479163 0.030730
20.484164 0.028288
20.489165 0.025455
20.494166 0.022335
20.499167 0.019029
20.504168 0.015644
20.509169 0.012301
20.514170 0.009130
20.519171 0.006249
20.524172 0.003740
20.529173 0.001633
20.534174 -0.000095
20.539175 -0.001496
20.544176 -0.002648
20.549178 -0.003654
20.554179 -0.004642
20.559180 -0.005749
20.564181 -0.007084
20.569182 -0.008692
20.574183 -0.010542
20.579184 -0.012554
20.584185 -0.014654
20.589186 -0.016818
20.594187 -0.019069
20.599188 -0.021439
20.604189 -0.023923
20.609190 -0.026465
20.614191 -0.028975
20.619192 -0.031354
20.624193 -0.033499
20.629194 -0.035299
20.634195 -0.036627
20.639196 -0.037358
20.644197 -0.037401
20.649198 -0.036737
20.654199 -0.035412
20.659200 -0.033519
20.664201 -0.031177
20.669202 -0.028499
20.674203 -0.025579
20.679204 -0.022480
20.684205 -0.019251
20.689206 -0.015952
20.694207 -0.012675
20.699208 -0.009539
20.704209 -0.006652
20.709210 -0.004077
20.714211 -0.001813
20.719212 0.000196
20.724213 0.002018
20.729214 0.003695
20.734215 0.005228
20.739216 0.006590
20.744217 0.007761
20.749218 0.008742
20.754219 0.009558
20.759220 0.010248
20.764221 0.010847
20.769222 0.011373
20.774223 0.011812
20.779224 0.012107
20.784225 0.012164
20.789226 0.011871
20.794227 0.011149
20.799228 0.009988
20.804229 0.008456
20.809230 0.006676
20.814231 0.004769
20.819232 0.002830
20.824233 0.000914
20.829234 -0.000963
20.834235 -0.002810
20.839236 -0.004657
20.844237 -0.006534
20.849239 -0.008449
20.854240 -0.010372
20.859241 -0.012247
20.864242 -0.013999
20.869243 -0.015553
20.874244 -0.016842
20.879245 -0.017815
20.884246 -0.018447
20.889247 -0.018746
20.894248 -0.018763
20.899249 -0.018571
20.904250 -0.018250
20.909251 -0.017871
20.914252 -0.017486
20.919253 -0.017127
20.924254 -0.016809
20.929255 -0.016535
20.934256 -0.016301
20.939257 -0.016104
20.944258 -0.015953
20.949259 -0.015849
20.954260 -0.015778
20.959261 -0.015681
20.964262 -0.015464
20.969263 -0.015011
20.974264 -0.014226
20.979265 -0.013059
20.984266 -0.011518
20.989267 -0.009658
20.994268 -0.007559
20.999269 -0.005314
21.004270 -0.003026
21.009271 -0.000811
21.014272 0.001215
21.019273 0.002946
21.024274 0.004305
21.029275 0.005256
21.034276 0.005799
21.039277 0.005963
21.044278 0.005792
21.049279 0.005332
21.054280 0.004639
21.059281 0.003773
21.064282 0.002812
21.069283 0.001847
21.074284 0.000967
21.079285 0.000236
21.084286 -0.000317
21.089287 -0.000707
21.094288 -0.000969
21.099289 -0.001138
21.104290 -0.001224
21.109291 -0.001206
21.114292 -0.001041
21.119293 -0.000689
21.124294 -0.000126
21.129295 0.000646
21.134296 0.001609
21.139297 0.002739
21.144298 0.003999
21.149300 0.005340
21.154301 0.006683
21.159302 0.007926
21.164303 0.008961
21.169304 0.009718
21.174305 0.010195
21.179306 0.010457
21.184307 0.010606
21.189308 0.010730
21.194309 0.010868
21.199310 0.011013
21.204311 0.011142
21.209312 0.011248
21.214313 0.011344
21.219314 0.011442
21.224315 0.011526
21.229316 0.011551
21.234317 0.011457
21.239318 0.011195
21.244319 0.010748
21.249320 0.010122
21.254321 0.009339
21.259322 0.008415
21.264323 0.007348
21.269324 0.006114
21.274325 0.004687
21.279326 0.003065
21.284327 0.001296
21.289328 -0.000510
21.294329 -0.002213
21.299330 -0.003684
21.304331 -0.004845
21.309332 -0.005678
21.314333 -0.006199
21.319334 -0.006420
21.324335 -0.006318
21.329336 -0.005848
21.334337 -0.004961
21.339338 -0.003641
21.344339 -0.001914
21.349340 0.000152
21.354341 0.002474
21.359342 0.004980
21.364343 0.007612
21.369344 0.010320
21.374345 0.013051
21.379346 0.015738
21.384347 0.018316
21.389348 0.020725
21.394349 0.022922
21.399350 0.024881
21.404351 0.026587
21.409352 0.028030
21.414353 0.029199
21.419354 0.030074
21.424355 0.030624
21.429356 0.030813
21.434357 0.030602
21.439358 0.029954
21.444359 0.028840
21.449361 0.027237
21.454362 0.025142
21.459363 0.022573
21.464364 0.019569
21.469365 0.016186
21.474366 0.012488
21.479367 0.008554
21.484368 0.004480
21.489369 0.000380
21.494370 -0.003639
21.499371 -0.007497
21.504372 -0.011148
21.509373 -0.014550
21.514374 -0.017635
21.519375 -0.020295
21.524376 -0.022424
21.529377 -0.023975
21.534378 -0.025001
21.539379 -0.025629
21.544380 -0.025994
21.549381 -0.026164
21.554382 -0.026131
21.559383 -0.025851
21.564384 -0.025292
21.569385 -0.024473
21.574386 -0.023458
21.579387 -0.022338
21.584388 -0.021209
21.589389 -0.020161
21.594390 -0.019260
21.599391 -0.018520
21.604392 -0.017898
21.609393 -0.017309
21.614394 -0.016670
21.619395 -0.015942
21.624396 -0.015142
21.629397 -0.014327
21.634398 -0.013562
21.639399 -0.012900
21.644400 -0.012379
21.649401 -0.012026
21.654402 -0.011861
21.659403 -0.011890
21.664404 -0.012106
21.669405 -0.012487
21.674406 -0.013005
21.679407 -0.013620
21.684408 -0.014285
21.689409 -0.014939
21.694410 -0.015517
21.699411 -0.015958
21.704412 -0.016221
21.709413 -0.016288
21.714414 -0.016149
21.719415 -0.015795
21.724416 -0.015201
21.729417 -0.014339
21.734418 -0.013184
21.739419 -0.011731
21.744420 -0.009991
21.749422 -0.007983
21.754423 -0.005730
21.759424 -0.003277
21.764425 -0.000701
21.769426 0.001882
21.774427 0.004345
21.779428 0.006583
21.784429 0.008548
21.789430 0.010251
21.794431 0.011744
21.799432 0.013077
21.804433 0.014269
21.809434 0.015300
21.814435 0.016125
21.819436 0.016692
21.824437 0.016978
21.829438 0.017006
21.834439 0.016856
21.839440 0.016645
21.844441 0.016492
21.849442 0.016483
21.854443 0.016652
21.859444 0.016981
21.864445 0.017416
21.869446 0.017896
21.874447 0.018368
21.879448 0.018795
21.884449 0.019152
21.889450 0.019419
21.894451 0.019579
21.899452 0.019618
21.904453 0.019524
21.909454 0.019277
21.914455 0.018845
21.919456 0.018189
21.924457 0.017275
21.929458 0.016084
21.934459 0.014614
21.939460 0.012876
21.944461 0.010882
21.949462 0.008654
21.954463 0.006232
21.959464 0.003671
21.964465 0.001032
21.969466 -0.001636
21.974467 -0.004295
21.979468 -0.006907
21.984469 -0.009429
21.989470 -0.011812
21.994471 -0.014020
21.999472 -0.016045
22.004473 -0.017912
22.009474 -0.019657
22.014475 -0.021288
22.019476 -0.022760
22.024477 -0.023982
22.029478 -0.024856
22.034479 -0.025325
22.039480 -0.025386
22.044481 -0.025081
22.049483 -0.024461
22.054484 -0.023560
22.059485 -0.022391
22.064486 -0.020956
22.069487 -0.019263
22.074488 -0.017325
22.079489 -0.015162
22.084490 -0.012806
22.089491 -0.010315
22.094492 -0.007769
22.099493 -0.005246
22.104494 -0.002807
22.109495 -0.000492
22.114496 0.001662
22.119497 0.003616
22.124498 0.005325
22.129499 0.006769
22.134500 0.007960
22.139501 0.008935
22.144502 0.009729
22.149503 0.010369
22.154504 0.010878
22.159505 0.011283
22.164506 0.011614
22.169507 0.011883
22.174508 0.012078
22.179509 0.012187
22.184510 0.012233
22.189511 0.012294
22.194512 0.012485
22.199513 0.012911
22.204514 0.013623
22.209515 0.014599
22.214516 0.015754
22.219517 0.016965
22.224518 0.018105
22.229519 0.019071
22.234520 0.019788
22.239521 0.020218
22.244522 0.020354
22.249523 0.020222
22.254524 0.019868
22.259525 0.019350
22.264526 0.018723
22.269527 0.018029
22.274528 0.017303
22.279529 0.016572
22.284530 0.015869
22.289531 0.015222
22.294532 0.014639
22.299533 0.014100
22.304534 0.013553
22.309535 0.012929
22.314536 0.012164
22.319537 0.011220
22.324538 0.010101
22.329539 0.008855
22.334540 0.007565
22.339541 0.006331
22.344542 0.005246
22.349544 0.004379
22.354545 0.003773
22.359546 0.003430
22.364547 0.003326
22.369548 0.003404
22.374549 0.003596
22.379550 0.003827
22.384551 0.004034
22.389552 0.004184
22.394553 0.004267
22.399554 0.004288
22.404555 0.004252
22.409556 0.004160
22.414557 0.003996
22.419558 0.003718
22.424559 0.003272
22.429560 0.002601
22.434561 0.001669
22.439562 0.000465
22.444563 -0.001008
22.449564 -0.002747
22.454565 -0.004740
22.459566 -0.006955
22.464567 -0.009340
22.469568 -0.011827
22.474569 -0.014366
22.479570 -0.016937
22.484571 -0.019542
22.489572 -0.022176
22.494573 -0.024806
22.499574 -0.027381
22.504575 -0.029867
22.509576 -0.032268
22.514577 -0.034615
22.519578 -0.036924
22.524579 -0.039161
22.529580 -0.041242
22.534581 -0.043060
22.539582 -0.044527
22.544583 -0.045590
22.549584 -0.046234
22.554585 -0.046471
22.559586 -0.046325
22.564587 -0.045825
22.569588 -0.045005
22.574589 -0.043909
22.579590 -0.042595
22.584591 -0.041134
22.589592 -0.039586
22.594593 -0.037971
22.599594 -0.036254
22.604595 -0.034353
22.609596 -0.032183
22.614597 -0.029703
22.619598 -0.026941
22.624599 -0.023985
22.629600 -0.020942
22.634601 -0.017906
22.639602 -0.014948
22.644603 -0.012125
22.649605 -0.009481
22.654606 -0.007031
22.659607 -0.004748
22.664608 -0.002566
22.669609 -0.000413
22.674610 0.001751
22.679611 0.003923
22.684612 0.006061
22.689613 0.008114
22.694614 0.010040
22.699615 0.011807
22.704616 0.013396
22.709617 0.014803
22.714618 0.016047
22.719619 0.017181
22.724620 0.018272
22.729621 0.019377
22.734622 0.020517
22.739623 0.021672
22.744624 0.022811
22.749625 0.023923
22.754626 0.025050
22.759627 0.026283
22.764628 0.027735
22.769629 0.029492
22.774630 0.031580
22.779631 0.033966
22.784632 0.036572
22.789633 0.039315
22.794634 0.042133
22.799635 0.044993
22.804636 0.047888
22.809637 0.050799
22.814638 0.053667
22.819639 0.056383
22.824640 0.058801
22.829641 0.060764
22.834642 0.062137
22.839643 0.062823
22.844644 0.062766
22.849645 0.061945
22.854646 0.060374
22.859647 0.058099
22.864648 0.055191
22.869649 0.051724
22.874650 0.047748
22.879651 0.043299
22.884652 0.038419
22.889653 0.033193
22.894654 0.027754
22.899655 0.022253
22.904656 0.016814
22.909657 0.011507
22.914658 0.006350
22.919659 0.001347
22.924660 -0.003483
22.929661 -0.008099
22.934662 -0.012457
22.939663 -0.016522
22.944664 -0.020272
22.949666 -0.023697
22.954667 -0.026801
22.959668 -0.029609
22.964669 -0.032149
22.969670 -0.034430
22.974671 -0.036427
22.979672 -0.038086
22.984673 -0.039348
22.989674 -0.040172
22.994675 -0.040553
22.999676 -0.040520
23.004677 -0.040130
23.009678 -0.039446
23.014679 -0.038533
23.019680 -0.037436
23.024681 -0.036167
23.029682 -0.034708
23.034683 -0.033030
23.039684 -0.031118
23.044685 -0.028999
23.049686 -0.026736
23.054687 -0.024402
23.059688 -0.022045
23.064689 -0.019658
23.069690 -0.017191
23.074691 -0.014592
23.079692 -0.011844
23.084693 -0.008980
23.089694 -0.006064
23.094695 -0.003159
23.099696 -0.000316
23.104697 0.002418
23.109698 0.004991
23.114699 0.007346
23.119700 0.009432
23.124701 0.011224
23.129702 0.012726
23.134703 0.013961
23.139704 0.014952
23.144705 0.015712
23.149706 0.016244
23.154707 0.016552
23.159708 0.016642
23.164709 0.016529
23.169710 0.016228
23.174711 0.015771
23.179712 0.015203
23.184713 0.014585
23.189714 0.013966
23.194715 0.013365
23.199716 0.012765
23.204717 0.012133
23.209718 0.011451
23.214719 0.010727
23.219720 0.009982
23.224721 0.009231
23.229722 0.008475
23.234723 0.007706
23.239724 0.006917
23.244725 0.006101
23.249727 0.005244
23.254728 0.004320
23.259729 0.003295
23.264730 0.002137
23.269731 0.000824
23.274732 -0.000656
23.279733 -0.002310
23.284734 -0.004131
23.289735 -0.006089
23.294736 -0.008113
23.299737 -0.010109
23.304738 -0.011986
23.309739 -0.013691
23.314740 -0.015216
23.319741 -0.016580
23.324742 -0.017807
23.329743 -0.018905
23.334744 -0.019879
23.339745 -0.020736
23.344746 -0.021487
23.349747 -0.022143
23.354748 -0.022706
23.359749 -0.023180
23.364750 -0.023578
23.369751 -0.023931
23.374752 -0.024272
23.379753 -0.024614
23.384754 -0.024929
23.389755 -0.025152
23.394756 -0.025193
23.399757 -0.024967
23.404758 -0.024423
23.409759 -0.023558
23.414760 -0.022407
23.419761 -0.021015
23.424762 -0.019417
23.429763 -0.017627
23.434764 -0.015653
23.439765 -0.013519
23.444766 -0.011265
23.449767 -0.008956
23.454768 -0.006665
23.459769 -0.004456
23.464770 -0.002361
23.469771 -0.000363
23.474772 0.001595
23.479773 0.003587
23.484774 0.005666
23.489775 0.007834
23.494776 0.010053
23.499777 0.012265
23.504778 0.014426
23.509779 0.016503
23.514780 0.018462
23.519781 0.020250
23.524782 0.021798
23.529783 0.023055
23.534784 0.023998
23.539785 0.024639
23.544786 0.024999
23.549788 0.025088
23.554789 0.024902
23.559790 0.024436
23.564791 0.023708
23.569792 0.022760
23.574793 0.021639
23.579794 0.020383
23.584795 0.019019
23.589796 0.017574
23.594797 0.016090
23.599798 0.014628
23.604799 0.013246
23.609800 0.011989
23.614801 0.010869
23.619802 0.009874
23.624803 0.008986
23.629804 0.008191
23.634805 0.007476
23.639806 0.006816
23.644807 0.006174
23.649808 0.005513
23.654809 0.004799
23.659810 0.004008
23.664811 0.003125
23.669812 0.002147
23.674813 0.001082
23.679814 -0.000047
23.684815 -0.001204
23.689816 -0.002354
23.694817 -0.003467
23.699818 -0.004532
23.704819 -0.005547
23.709820 -0.006505
23.714821 -0.007396
23.719822 -0.008198
23.724823 -0.008894
23.729824 -0.009472
23.734825 -0.009922
23.739826 -0.010235
23.744827 -0.010412
23.749828 -0.010477
23.754829 -0.010475
23.759830 -0.010456
23.764831 -0.010447
23.769832 -0.010441
23.774833 -0.010413
23.779834 -0.010343
23.784835 -0.010222
23.789836 -0.010039
23.794837 -0.009761
23.799838 -0.009344
23.804839 -0.008757
23.809840 -0.008012
23.814841 -0.007164
23.819842 -0.006279
23.824843 -0.005403
23.829844 -0.004557
23.834845 -0.003757
23.839846 -0.003044
23.844847 -0.002480
23.849849 -0.002110
23.854850 -0.001921
23.859851 -0.001840
23.864852 -0.001763
23.869853 -0.001620
23.874854 -0.001396
23.879855 -0.001132
23.884856 -0.000888
23.889857 -0.000714
23.894858 -0.000627
23.899859 -0.000610
23.904860 -0.000619
23.909861 -0.000596
23.914862 -0.000483
23.919863 -0.000239
23.924864 0.000142
23.929865 0.000633
23.934866 0.001193
23.939867 0.001789
23.944868 0.002415
23.949869 0.003081
23.954870 0.003798
23.959871 0.004563
23.964872 0.005357
23.969873 0.006155
23.974874 0.006933
23.979875 0.007674
23.984876 0.008372
23.989877 0.009033
23.994878 0.009687
23.999879 0.010388
24.004880 0.011197
24.009881 0.012158
24.014882 0.013266
24.019883 0.014457
24.024884 0.015624
24.029885 0.016653
24.034886 0.017471
24.039887 0.018049
24.044888 0.018394
24.049889 0.018524
24.054890 0.018458
24.059891 0.018230
24.064892 0.017897
24.069893 0.017528
24.074894 0.017168
24.079895 0.016821
24.084896 0.016439
24.089897 0.015945
24.094898 0.015262
24.099899 0.014345
24.104900 0.013198
24.109901 0.011879
24.114902 0.010475
24.119903 0.009064
24.124904 0.007689
24.129905 0.006345
24.134906 0.004996
24.139907 0.003606
24.144908 0.002158
24.149910 0.000657
24.154911 -0.000899
24.159912 -0.002535
24.164913 -0.004301
24.169914 -0.006237
24.174915 -0.008345
24.179916 -0.010587
24.184917 -0.012908
24.189918 -0.015267
24.194919 -0.017634
24.199920 -0.019969
24.204921 -0.022202
24.209922 -0.024238
24.214923 -0.025998
24.219924 -0.027450
24.224925 -0.028614
24.229926 -0.029525
24.234927 -0.030204
24.239928 -0.030649
24.244929 -0.030865
24.249930 -0.030896
24.254931 -0.030820
24.259932 -0.030714
24.264933 -0.030603
24.269934 -0.030454
24.274935 -0.030212
24.279936 -0.029851
24.284937 -0.029390
24.289938 -0.028868
24.294939 -0.028313
24.299940 -0.027713
24.304941 -0.027036
24.309942 -0.026235
24.314943 -0.025268
24.319944 -0.024090
24.324945 -0.022667
24.329946 -0.020989
24.334947 -0.019092
24.339948 -0.017051
24.344949 -0.014942
24.349950 -0.012810
24.354951 -0.010656
24.359952 -0.008453
24.364953 -0.006175
24.369954 -0.003809
24.374955 -0.001365
24.379956 0.001131
24.384957 0.003636
24.389958 0.006092
24.394959 0.008434
24.399960 0.010596
24.404961 0.012529
24.409962 0.014210
24.414963 0.015625
24.419964 0.016768
24.424965 0.017636
24.429966 0.018239
24.434967 0.018605
24.439968 0.018777
24.444969 0.018791
24.449971 0.018661
24.454972 0.018384
24.459973 0.017964
24.464974 0.017434
24.469975 0.016850
24.474976 0.016266
24.479977 0.015697
24.484978 0.015121
24.489979 0.014508
24.494980 0.013845
24.499981 0.013138
24.504982 0.012399
24.509983 0.011631
24.514984 0.010825
24.519985 0.009979
24.524986 0.009108
24.529987 0.008254
24.534988 0.007475
24.539989 0.006831
24.544990 0.006354
24.549991 0.006035
24.554992 0.005806
24.559993 0.005539
24.564994 0.005070
24.569995 0.004275
24.574996 0.003170
24.579997 0.001957
24.584998 0.000949
24.589999 0.000359
24.595000 0.000147
0.000000 0.000000
0.005001 -0.000379
0.010002 -0.000488
0.015003 0.000228
0.020004 0.000492
0.025005 0.000420
0.030006 -0.000320
0.035007 -0.000060
0.040008 0.000634
0.045009 -0.000105
0.050010 -0.000207
0.055011 0.000190
0.060012 0.000241
0.065013 0.000156
0.070014 -0.000261
0.075015 0.000034
0.080016 0.000484
0.085017 -0.000017
0.090018 -0.000522
0.095019 0.000091
0.100020 0.000385
0.105021 -0.000156
0.110022 -0.000105
0.115023 0.000067
0.120024 0.000165
0.125025 -0.000124
0.130026 -0.000410
0.135027 -0.000193
0.140028 0.000357
0.145029 0.000208
0.150030 -0.000754
0.155031 -0.000320
0.160032 0.000300
0.165033 0.000122
0.170034 -0.000593
0.175035 -0.000510
0.180036 0.000556
0.185037 0.000159
0.190038 -0.000195
0.195039 0.000052
0.200040 0.000245
0.205041 0.000122
0.210042 -0.000394
0.215043 0.000064
0.220044 0.000609
0.225045 -0.000169
0.230046 -0.000741
0.235047 -0.000330
0.240049 0.000125
0.245050 -0.000011
0.250051 -0.000588
0.255052 -0.000027
0.260053 0.000465
0.265054 -0.000091
0.270055 -0.000381
0.275056 -0.000034
0.280057 0.000367
0.285058 -0.000009
0.290059 -0.000093
0.295060 0.000093
0.300061 0.000280
0.305062 0.000203
0.310063 -0.000055
0.315064 0.000267
0.320065 0.000267
0.325066 -0.000044
0.330067 -0.000539
0.335068 -0.000081
0.340069 0.000682
0.345070 0.000097
0.350071 -0.000447
0.355072 -0.000064
0.360073 0.000476
0.365074 -0.000091
0.370075 -0.000441
0.375076 -0.000025
0.380077 0.000394
0.385078 0.000050
0.390079 -0.000300
0.395080 0.000620
0.400081 0.000376
0.405082 -0.000271
0.410083 -0.000101
0.415084 -0.000058
0.420085 0.000445
0.425086 -0.000084
0.430087 -0.000766
0.435088 0.000279
0.440089 0.000558
0.445090 -0.000318
0.450091 -0.000437
0.455092 0.000355
0.460093 0.000520
0.465094 -0.000052
0.470095 -0.000130
0.475096 0.000150
0.480097 0.000566
0.485098 -0.000183
0.490099 -0.000404
0.495100 0.000205
0.500101 0.000218
0.505102 0.000242
0.510103 -0.000061
0.515104 0.000392
0.520105 0.000463
0.525106 0.000001
0.530107 -0.000145
0.535108 -0.000273
0.540109 0.000058
0.545110 -0.000118
0.550111 -0.000275
0.555112 0.000129
0.560113 0.000349
0.565114 -0.000066
0.570115 -0.000071
0.575116 0.000050
0.580117 -0.000138
0.585118 0.000095
0.590119 0.000119
0.595120 0.000463
0.600121 0.000653
0.605122 0.000166
0.610123 -0.000136
0.615124 -0.000187
0.620125 0.000177
0.625126 -0.000097
0.630127 0.000000
0.635128 0.000495
0.640129 0.000361
0.645130 -0.000054
0.650131 -0.000412
0.655132 0.000303
0.660133 0.000475
0.665134 -0.000445
0.670135 -0.000439
0.675136 0.000132
0.680137 0.000656
0.685138 0.000260
0.690139 -0.000310
0.695140 0.000459
0.700141 0.000557
0.705142 -0.000142
0.710143 -0.000186
0.715145 0.000005
0.720146 0.000359
0.725147 0.000228
0.730148 -0.000144
0.735149 0.000036
0.740150 0.000259
0.745151 0.000029
0.750152 -0.000376
0.755153 0.000113
0.760154 0.000365
0.765155 -0.000404
0.770156 -0.000380
0.775157 -0.000118
0.780158 0.000361
0.785159 0.000146
0.790160 -0.000517
0.795161 0.000082
0.800162 0.000340
0.805163 -0.000130
0.810164 -0.000073
0.815165 0.000633
0.820166 0.000537
0.825167 0.000027
0.830168 -0.000083
0.835169 -0.000118
0.840170 0.000101
0.845171 -0.000013
0.850172 -0.000501
0.855173 -0.000054
0.860174 0.000521
0.865175 0.000103
0.870176 -0.000202
0.875177 0.000291
0.880178 0.000437
0.885179 -0.000155
0.890180 -0.000243
0.895181 0.000083
0.900182 0.000157
0.905183 -0.000032
0.910184 -0.000097
0.915185 0.000390
0.920186 0.000447
0.925187 -0.000314
0.930188 -0.000189
0.935189 0.000391
0.940190 0.000396
0.945191 0.000262
0.950192 -0.000126
0.955193 0.000156
0.960194 0.000512
0.965195 -0.000441
0.970196 -0.000322
0.975197 0.000473
0.980198 0.000349
0.985199 -0.000291
0.990200 -0.000179
0.995201 0.000862
1.000202 0.000527
1.005203 -0.000196
1.010204 -0.000028
1.015205 -0.000050
1.020206 -0.000075
1.025207 -0.000015
1.030208 -0.000347
1.035209 -0.000003
1.040210 0.000692
1.045211 -0.000014
1.050212 -0.000255
1.055213 -0.000130
1.060214 0.000197
1.065215 0.000377
1.070216 -0.000134
1.075217 0.000401
1.080218 0.000670
1.085219 -0.000003
1.090220 -0.000112
1.095221 0.000148
1.100222 0.000338
1.105223 0.000111
1.110224 -0.000353
1.115225 -0.000079
1.120226 0.000389
1.125227 0.000015
1.130228 -0.000317
1.135229 0.000015
1.140230 0.000492
1.145231 0.000176
1.150232 -0.000358
1.155233 0.000044
1.160234 0.000557
1.165235 -0.000147
1.170236 -0.000439
1.175237 0.000371
1.180238 0.000526
1.185239 0.000005
1.190241 -0.000235
1.195242 0.000002
1.200243 0.000526
1.205244 -0.000057
1.210245 -0.000589
1.215246 0.000248
1.220247 0.000457
1.225248 0.000099
1.230249 -0.000114
1.235250 0.000191
1.240251 0.000537
1.245252 0.000347
1.250253 0.000015
1.255254 -0.000008
1.260255 0.000559
1.265256 0.000176
1.270257 -0.000112
1.275258 0.000387
1.280259 0.000377
1.285260 0.000052
1.290261 -0.000382
1.295262 -0.000157
1.300263 0.000735
1.305264 0.000011
1.310265 -0.000202
1.315266 0.000616
1.320267 0.000392
1.325268 0.000191
1.330269 -0.000175
1.335270 0.000070
1.340271 0.000698
1.345272 -0.000061
1.350273 -0.000466
1.355274 0.000230
1.360275 0.000328
1.365276 -0.000498
1.370277 -0.000899
1.375278 0.000179
1.380279 0.000874
1.385280 -0.000177
1.390281 -0.000290
1.395282 0.000310
1.400283 0.000238
1.405284 -0.000081
1.410285 -0.000580
1.415286 -0.000302
1.420287 0.000363
1.425288 0.000105
1.430289 -0.000519
1.435290 0.000060
1.440291 0.000494
1.445292 -0.000183
1.450293 -0.000134
1.455294 0.000240
1.460295 0.000453
1.465296 0.000098
1.470297 -0.000405
1.475298 0.000144
1.480299 0.000334
1.485300 -0.000266
1.490301 -0.000323
1.495302 0.000042
1.500303 0.000028
1.505304 -0.000102
1.510305 -0.000120
1.515306 0.000275
1.520307 0.000348
1.525308 -0.000235
1.530309 -0.000186
1.535310 -0.000089
1.540311 0.000459
1.545312 -0.000376
1.550313 -0.000899
1.555314 0.000557
1.560315 0.000228
1.565316 0.000025
1.570317 0.000009
1.575318 -0.000130
1.580319 0.000185
1.585320 -0.000097
1.590321 -0.000311
1.595322 -0.000016
1.600323 0.000295
1.605324 0.000015
1.610325 -0.000580
1.615326 -0.000147
1.620327 0.000821
1.625328 -0.000081
1.630329 -0.000433
1.635330 0.000309
1.640331 0.000160
1.645332 -0.000216
1.650333 -0.000464
1.655334 0.000021
1.660335 0.000291
1.665336 0.000043
1.670338 -0.000049
1.675339 -0.000010
1.680340 0.000013
1.685341 0.000049
1.690342 -0.000143
1.695343 0.000003
1.700344 0.000545
1.705345 0.000138
1.710346 -0.000384
1.715347 0.000004
1.720348 0.000444
1.725349 -0.000296
1.730350 -0.000485
1.735351 0.000364
1.740352 0.000528
1.745353 0.000074
1.750354 -0.000556
1.755355 -0.000290
1.760356 0.000406
1.765357 -0.000149
1.770358 -0.000198
1.775359 0.000342
1.780360 0.000307
1.785361 0.000380
1.790362 -0.000356
1.795363 -0.000210
1.800364 0.000305
1.805365 -0.000237
1.810366 0.000030
1.815367 0.000377
1.820368 0.000610
1.825369 0.000507
1.830370 -0.000010
1.835371 0.000064
1.840372 0.000696
1.845373 0.000139
1.850374 -0.000419
1.855375 0.000105
1.860376 0.000023
1.865377 -0.000221
1.870378 -0.000352
1.875379 0.000307
1.880380 0.000502
1.885381 -0.000229
1.890382 -0.000435
1.895383 -0.000055
1.900384 0.000541
1.905385 -0.000239
1.910386 -0.000372
1.915387 0.000152
1.920388 0.000301
1.925389 -0.000030
1.930390 -0.000892
1.935391 0.000002
1.940392 0.000643
1.945393 0.000004
1.950394 -0.000401
1.955395 0.000258
1.960396 0.000898
1.965397 0.000460
1.970398 -0.000166
1.975399 -0.000153
1.980400 0.000218
1.985401 0.000037
1.990402 0.000010
1.995403 -0.000245
2.000404 0.000045
2.005405 0.000340
2.010406 -0.000319
2.015407 0.000113
2.020408 0.000622
2.025409 0.000035
2.030410 0.000102
2.035411 0.000403
2.040412 0.000099
2.045413 -0.000347
2.050414 -0.000516
2.055415 0.000082
2.060416 -0.000057
2.065417 -0.000619
2.070418 -0.000374
2.075419 0.000583
2.080420 0.000436
2.085421 -0.000415
2.090422 -0.000188
2.095423 0.000348
2.100424 0.000798
2.105425 0.000039
2.110426 -0.000456
2.115427 0.000319
2.120428 0.000618
2.125429 0.000423
2.130430 -0.000252
2.135431 -0.000180
2.140432 0.000524
2.145434 0.000018
2.150435 -0.000565
2.155436 -0.000041
2.160437 0.000513
2.165438 0.000208
2.170439 -0.000135
2.175440 0.000198
2.180441 0.000601
2.185442 -0.000031
2.190443 -0.000538
2.195444 -0.000088
2.200445 0.000098
2.205446 0.000006
2.210447 -0.000460
2.215448 -0.000059
2.220449 0.000571
2.225450 0.000082
2.230451 -0.000366
2.235452 -0.000059
2.240453 0.000019
2.245454 -0.000501
2.250455 -0.000237
2.255456 0.000270
2.260457 0.000352
2.265458 -0.000004
2.270459 -0.000342
2.275460 0.000221
2.280461 0.000258
2.285462 -0.000092
2.290463 -0.000025
2.295464 0.000211
2.300465 0.000424
2.305466 -0.000319
2.310467 -0.000266
2.315468 0.000252
2.320469 0.000004
2.325470 -0.000141
2.330471 -0.000436
2.335472 -0.000100
2.340473 0.000499
2.345474 0.000143
2.350475 -0.000276
2.355476 -0.000151
2.360477 0.000299
2.365478 -0.000218
2.370479 -0.000511
2.375480 0.000225
2.380481 0.000074
2.385482 -0.000338
2.390483 -0.000164
2.395484 -0.000037
2.400485 0.000141
2.405486 -0.000289
2.410487 -0.000618
2.415488 0.000299
2.420489 0.000745
2.425490 0.000074
2.430491 -0.000454
2.435492 -0.000159
2.440493 0.000248
2.445494 -0.000045
2.450495 -0.000301
2.455496 0.000303
2.460497 0.000526
2.465498 -0.000243
2.470499 -0.000301
2.475500 0.000147
2.480501 0.000454
2.485502 0.000243
2.490503 -0.000726
2.495504 -0.000041
2.500505 0.000714
2.505506 -0.000018
2.510507 -0.000035
2.515508 0.000018
2.520509 0.000207
2.525510 0.000082
2.530511 -0.000507
2.535512 0.000123
2.540513 0.000391
2.545514 -0.000456
2.550515 -0.000608
2.555516 0.000268
2.560517 0.000575
2.565518 -0.000278
2.570519 -0.000475
2.575520 0.000386
2.580521 0.000403
2.585522 -0.000225
2.590523 -0.000546
2.595524 -0.000102
2.600525 0.000452
2.605526 -0.000207
2.610527 -0.000653
2.615528 0.000094
2.620530 0.000509
2.625531 -0.000209
2.630532 -0.000546
2.635533 0.000173
2.640534 0.000491
2.645535 -0.000223
2.650536 -0.000694
2.655537 0.000200
2.660538 0.000847
2.665539 0.000057
2.670540 -0.000556
2.675541 0.000059
2.680542 0.000070
2.685543 -0.000427
2.690544 -0.000311
2.695545 0.000241
2.700546 0.000454
2.705547 -0.000166
2.710548 0.000088
2.715549 0.000106
2.720550 -0.000110
2.725551 -0.000208
2.730552 -0.000497
2.735553 0.000595
2.740554 0.000759
2.745555 0.000063
2.750556 0.000100
2.755557 0.000225
2.760558 0.000428
2.765559 -0.000423
2.770560 -0.000481
2.775561 0.000143
2.780562 -0.000006
2.785563 0.000080
2.790564 -0.000094
2.795565 0.000374
2.800566 0.000667
2.805567 -0.000542
2.810568 -0.000544
2.815569 0.000268
2.820570 0.000358
2.825571 0.000182
2.830572 -0.000043
2.835573 0.000045
2.840574 0.000417
2.845575 -0.000013
2.850576 -0.000489
2.855577 0.000202
2.860578 0.000389
2.865579 0.000014
2.870580 -0.000311
2.875581 -0.000211
2.880582 0.000636
2.885583 0.000208
2.890584 -0.000092
2.895585 0.000327
2.900586 0.000243
2.905587 -0.000258
2.910588 -0.000387
2.915589 0.000241
2.920590 0.000317
2.925591 -0.000068
2.930592 -0.000246
2.935593 0.000113
2.940594 0.000411
2.945595 -0.000160
2.950596 -0.000180
2.955597 -0.000002
2.960598 0.000021
2.965599 -0.000278
2.970600 -0.000544
2.975601 0.000499
2.980602 0.000342
2.985603 -0.000559
2.990604 -0.000144
2.995605 0.000419
3.000606 0.000881
3.005607 0.000182
3.010608 -0.000604
3.015609 0.000593
3.020610 0.000536
3.025611 -0.000440
3.030612 -0.000084
3.035613 0.000204
3.040614 0.000728
3.045615 0.000500
3.050616 -0.000424
3.055617 0.000111
3.060618 0.000699
3.065619 0.000151
3.070620 -0.000325
3.075621 0.000018
3.080622 0.000611
3.085623 0.000055
3.090624 -0.000340
3.095626 0.000507
3.100627 0.000720
3.105628 0.000119
3.110629 -0.000152
3.115630 0.000110
3.120631 0.000587
3.125632 -0.000006
3.130633 -0.000646
3.135634 -0.000018
3.140635 0.000023
3.145636 -0.000462
3.150637 -0.000551
3.155638 0.000235
3.160639 0.000781
3.165640 -0.000010
3.170641 -0.000348
3.175642 -0.000059
3.180643 0.000385
3.185644 0.000214
3.190645 -0.000215
3.195646 0.000182
3.200647 0.000427
3.205648 -0.000015
3.210649 -0.000546
3.215650 -0.000346
3.220651 0.000507
3.225652 0.000280
3.230653 -0.000604
3.235654 0.000102
3.240655 0.000585
3.245656 0.000090
3.250657 -0.000203
3.255658 -0.000004
3.260659 0.000712
3.265660 0.000482
3.270661 -0.000264
3.275662 -0.000274
3.280663 0.000157
3.285664 -0.000031
3.290665 -0.000199
3.295666 0.000292
3.300667 0.000325
3.305668 0.000008
3.310669 -0.000259
3.315670 0.000018
3.320671 0.000338
3.325672 -0.000246
3.330673 -0.000481
3.335674 0.000071
3.340675 0.000490
3.345676 0.000049
3.350677 -0.000377
3.355678 0.000126
3.360679 0.000280
3.365680 -0.000174
3.370681 -0.000509
3.375682 0.000098
3.380683 0.000323
3.385684 -0.000268
3.390685 -0.000516
3.395686 -0.000127
3.400687 0.000425
3.405688 -0.000446
3.410689 -0.000508
3.415690 0.000251
3.420691 0.000290
3.425692 0.000210
3.430693 -0.000144
3.435694 0.000300
3.440695 0.000355
3.445696 -0.000230
3.450697 -0.000133
3.455698 0.000384
3.460699 0.000447
3.465700 -0.000125
3.470701 -0.000340
3.475702 0.000220
3.480703 0.000311
3.485704 -0.000291
3.490705 -0.000383
3.495706 -0.000180
3.500707 0.000220
3.505708 0.000173
3.510709 0.000065
3.515710 0.000603
3.520711 0.000609
3.525712 -0.000203
3.530713 -0.000277
3.535714 0.000069
3.540715 -0.000149
3.545716 -0.000246
3.550717 -0.000150
3.555718 0.000392
3.560719 0.000689
3.565720 0.000014
3.570722 -0.000263
3.575723 -0.000084
3.580724 0.000286
3.585725 0.000057
3.590726 -0.000490
3.595727 0.000439
3.600728 0.000568
3.605729 -0.000371
3.610730 0.000122
3.615731 0.000578
3.620732 0.000370
3.625733 0.000278
3.630734 0.000185
3.635735 0.000321
3.640736 0.000415
3.645737 -0.000164
3.650738 -0.000387
3.655739 0.000255
3.660740 0.000568
3.665741 0.000136
3.670742 -0.000169
3.675743 0.000184
3.680744 0.000482
3.685745 -0.000078
3.690746 -0.000330
3.695747 0.000184
3.700748 0.000135
3.705749 -0.000146
3.710750 -0.000056
3.715751 0.000232
3.720752 0.000327
3.725753 -0.000209
3.730754 -0.000453
3.735755 0.000008
3.740756 0.000143
3.745757 -0.000060
3.750758 -0.000346
3.755759 0.000259
3.760760 0.000666
3.765761 -0.000037
3.770762 -0.000142
3.775763 0.000283
3.780764 0.000652
3.785765 0.000114
3.790766 -0.000349
3.795767 0.000222
3.800768 0.000427
3.805769 -0.000119
3.810770 -0.000408
3.815771 0.000206
3.820772 0.000155
3.825773 -0.000553
3.830774 -0.000747
3.835775 0.000129
3.840776 0.000646
3.845777 -0.000313
3.850778 -0.000244
3.855779 0.000020
3.860780 -0.000001
3.865781 0.000048
3.870782 -0.000473
3.875783 -0.000072
3.880784 0.000326
3.885785 0.000093
3.890786 0.000175
3.895787 0.000367
3.900788 0.000450
3.905789 -0.000244
3.910790 -0.000721
3.915791 0.000294
3.920792 0.000233
3.925793 -0.000185
3.930794 -0.000167
3.935795 -0.000007
3.940796 0.000633
3.945797 -0.000095
3.950798 -0.000549
3.955799 0.000198
3.960800 0.000372
3.965801 -0.000191
3.970802 -0.000510
3.975803 -0.000066
3.980804 0.000171
3.985805 -0.000246
3.990806 -0.000690
3.995807 0.000098
4.000808 0.000576
4.005809 -0.000285
4.010810 -0.000470
4.015811 0.000209
4.020812 0.000353
4.025813 -0.000203
4.030814 -0.000451
4.035815 -0.000230
4.040816 0.000208
4.045818 0.000120
4.050819 -0.000244
4.055820 0.000134
4.060821 0.000502
4.065822 -0.000001
4.070823 -0.000404
4.075824 0.000108
4.080825 0.000235
4.085826 -0.000530
4.090827 -0.000424
4.095828 0.000126
4.100829 0.000457
4.105830 0.000191
4.110831 -0.000437
4.115832 -0.000021
4.120833 0.000273
4.125834 -0.000424
4.130835 -0.000502
4.135836 0.000181
4.140837 0.000549
4.145838 -0.000117
4.150839 -0.000641
4.155840 0.000068
4.160841 0.000484
4.165842 -0.000526
4.170843 -0.000616
4.175844 0.000445
4.180845 0.000445
4.185846 0.000050
4.190847 -0.000146
4.195848 0.000175
4.200849 0.000433
4.205850 -0.000482
4.210851 -0.000551
4.215852 0.000396
4.220853 0.000592
4.225854 0.000021
4.230855 -0.000144
4.235856 0.000426
4.240857 0.000451
4.245858 0.000065
4.250859 -0.000328
4.255860 -0.000263
4.260861 0.000241
4.265862 -0.000058
4.270863 -0.000175
4.275864 0.000126
4.280865 0.000163
4.285866 -0.000183
4.290867 -0.000553
4.295868 -0.000207
4.300869 0.000184
4.305870 -0.000275
4.310871 -0.000418
4.315872 0.000249
4.320873 0.000290
4.325874 -0.000171
4.330875 -0.000468
4.335876 0.000183
4.340877 0.000273
4.345878 -0.000387
4.350879 -0.000426
4.355880 -0.000150
4.360881 0.000382
4.365882 -0.000029
4.370883 -0.000363
4.375884 0.000019
4.380885 0.000398
4.385886 -0.000077
4.390887 -0.000508
4.395888 0.000120
4.400889 -0.000117
4.405890 -0.000197
4.410891 -0.000488
4.415892 -0.000299
4.420893 0.000535
4.425894 -0.000508
4.430895 -0.000723
4.435896 0.000155
4.440897 0.000232
4.445898 -0.000414
4.450899 -0.000598
4.455900 0.000144
4.460901 0.000193
4.465902 -0.000361
4.470903 -0.000246
4.475904 0.000273
4.480905 0.000222
4.485906 0.000167
4.490907 -0.000167
4.495908 -0.000015
4.500909 0.000715
4.505910 -0.000171
4.510911 -0.000803
4.515912 -0.000042
4.520914 0.000067
4.525915 -0.000224
4.530916 -0.000157
4.535917 -0.000073
4.540918 0.000384
4.545919 0.000011
4.550920 -0.000885
4.555921 0.000030
4.560922 0.000447
4.565923 -0.000355
4.570924 -0.000414
4.575925 -0.000011
4.580926 0.000500
4.585927 -0.000048
4.590928 -0.000738
4.595929 -0.000459
4.600930 0.000191
4.605931 0.000224
4.610932 -0.000187
4.615933 0.000418
4.620934 0.000189
4.625935 -0.000271
4.630936 -0.000091
4.635937 -0.000242
4.640938 -0.000117
4.645939 -0.000349
4.650940 -0.000554
4.655941 0.000251
4.660942 0.000126
4.665943 -0.000756
4.670944 -0.000557
4.675945 -0.000177
4.680946 0.000118
4.685947 -0.000247
4.690948 -0.000670
4.695949 -0.000154
4.700950 0.000091
4.705951 -0.000390
4.710952 -0.000455
4.715953 0.000261
4.720954 -0.000064
4.725955 -0.000555
4.730956 -0.000308
4.735957 0.000079
4.740958 0.000180
4.745959 -0.000091
4.750960 -0.000449
4.755961 -0.000500
4.760962 0.000155
4.765963 0.000054
4.770964 -0.000241
4.775965 -0.000087
4.780966 -0.000224
4.785967 -0.000181
4.790968 -0.000498
4.795969 -0.000060
4.800970 0.000420
4.805971 -0.000287
4.810972 -0.000429
4.815973 0.000114
4.820974 0.000269
4.825975 0.000001
4.830976 -0.000208
4.835977 0.000160
4.840978 0.000749
4.845979 0.000124
4.850980 -0.000275
4.855981 0.000015
4.860982 0.000393
4.865983 -0.000290
4.870984 -0.001911
4.875985 -0.000923
4.880986 0.001236
4.885987 0.002449
4.890988 0.000945
4.895989 0.002766
4.900990 0.004113
4.905991 0.001125
4.910992 -0.004355
4.915993 -0.008220
4.920994 -0.000961
4.925995 0.000605
4.930996 0.006041
4.935997 0.011640
4.940998 0.001755
4.945999 -0.003655
4.951000 -0.009976
4.956001 -0.007154
4.961002 0.000711
4.966003 0.002441
4.971004 0.004325
4.976005 0.003511
4.981006 0.010903
4.986007 0.008221
4.991008 0.002663
4.996009 0.007903
5.001011 0.009396
5.006012 0.010982
5.011013 0.009768
5.016014 0.006606
5.021015 -0.015405
5.026016 -0.044098
5.031017 -0.040208
5.036018 -0.018825
5.041019 0.005726
5.046020 0.016483
5.051021 -0.005684
5.056022 -0.012375
5.061023 -0.001359
5.066024 0.000721
5.071025 0.010360
5.076026 0.004480
5.081027 -0.004088
5.086028 0.009165
5.091029 0.007644
5.096030 -0.009469
5.101031 -0.003240
5.106032 0.014100
5.111033 0.026333
5.116034 0.024082
5.121035 0.016745
5.126036 0.017342
5.131037 -0.012239
5.136038 -0.042007
5.141039 -0.043769
5.146040 -0.016371
5.151041 0.030097
5.156042 0.052750
5.161043 0.048258
5.166044 0.024868
5.171045 0.000596
5.176046 -0.016498
5.181047 -0.045880
5.186048 -0.078480
5.191049 -0.069737
5.196050 -0.038188
5.201051 -0.011423
5.206052 0.019058
5.211053 0.038184
5.216054 0.041285
5.221055 0.040775
5.226056 0.034885
5.231057 0.018493
5.236058 0.008549
5.241059 -0.009538
5.246060 -0.009150
5.251061 0.017040
5.256062 0.013492
5.261063 -0.004200
5.266064 -0.026108
5.271065 -0.027160
5.276066 -0.019803
5.281067 -0.025255
5.286068 0.007094
5.291069 0.034720
5.296070 0.040652
5.301071 0.030673
5.306072 -0.027047
5.311073 -0.064148
5.316074 -0.050759
5.321075 -0.028455
5.326076 -0.004089
5.331077 0.036474
5.336078 0.062617
5.341079 0.040719
5.346080 -0.000673
5.351081 -0.031185
5.356082 -0.026718
5.361083 -0.010376
5.366084 -0.017522
5.371085 -0.027847
5.376086 0.007293
5.381087 0.041300
5.386088 0.010375
5.391089 -0.015068
5.396090 -0.000713
5.401091 0.034764
5.406092 0.041760
5.411093 0.005605
5.416094 -0.021281
5.421095 -0.031243
5.426096 -0.015264
5.431097 0.001538
5.436098 0.008507
5.441099 0.008360
5.446100 -0.021817
5.451101 -0.040875
5.456102 -0.022115
5.461103 0.014490
5.466104 0.044801
5.471105 0.063642
5.476107 0.073664
5.481108 0.059802
5.486109 0.006148
5.491110 -0.070123
5.496111 -0.109706
5.501112 -0.099814
5.506113 -0.049947
5.511114 0.034842
5.516115 0.090973
5.521116 0.074840
5.526117 0.004593
5.531118 -0.063977
5.536119 -0.058900
5.541120 -0.009570
5.546121 0.016225
5.551122 0.025437
5.556123 0.028620
5.561124 0.029635
5.566125 0.019657
5.571126 0.003474
5.576127 -0.007919
5.581128 -0.031626
5.586129 -0.027702
5.591130 0.022400
5.596131 0.057870
5.601132 0.046353
5.606133 0.017239
5.611134 0.005733
5.616135 -0.009748
5.621136 -0.042847
5.626137 -0.060816
5.631138 -0.043818
5.636139 -0.021200
5.641140 -0.024605
5.646141 -0.015925
5.651142 0.023090
5.656143 0.040769
5.661144 0.003324
5.666145 -0.040546
5.671146 -0.033549
5.676147 -0.015013
5.681148 0.004645
5.686149 0.035812
5.691150 0.045791
5.696151 0.051728
5.701152 0.026959
5.706153 -0.025768
5.711154 -0.034359
5.716155 -0.008777
5.721156 0.018762
5.726157 0.002222
5.731158 -0.029380
5.736159 -0.020427
5.741160 -0.005322
5.746161 0.010502
5.751162 0.026033
5.756163 0.032521
5.761164 0.027020
5.766165 0.007129
5.771166 -0.007884
5.776167 -0.014799
5.781168 -0.039282
5.786169 -0.064172
5.791170 -0.058995
5.796171 -0.019889
5.801172 0.032386
5.806173 0.073535
5.811174 0.092795
5.816175 0.059269
5.821176 0.025679
5.826177 0.026829
5.831178 0.019942
5.836179 -0.009497
5.841180 -0.037349
5.846181 -0.050417
5.851182 -0.059416
5.856183 -0.039424
5.861184 -0.011371
5.866185 0.018035
5.871186 0.030978
5.876187 0.002883
5.881188 -0.019013
5.886189 -0.019590
5.891190 0.011234
5.896191 0.035348
5.901192 0.003750
5.906193 -0.050867
5.911194 -0.070340
5.916195 -0.066974
5.921196 -0.052950
5.926197 -0.004814
5.931198 0.025362
5.936199 0.011980
5.941200 -0.003160
5.946201 0.031282
5.951203 0.060433
5.956204 0.046337
5.961205 0.057579
5.966206 0.062819
5.971207 0.035739
5.976208 0.010222
5.981209 -0.019204
5.986210 -0.056745
5.991211 -0.060651
5.996212 -0.040338
6.001213 -0.028653
6.006214 -0.009218
6.011215 0.012473
6.016216 0.031596
6.021217 0.025469
6.026218 -0.005932
6.031219 -0.021862
6.036220 -0.020828
6.041221 -0.005291
6.046222 0.011074
6.051223 0.023080
6.056224 0.033269
6.061225 0.015756
6.066226 0.003712
6.071227 0.007564
6.076228 -0.012250
6.081229 -0.056031
6.086230 -0.092749
6.091231 -0.075721
6.096232 -0.017066
6.101233 0.047927
6.106234 0.089616
6.111235 0.095147
6.116236 0.083389
6.121237 0.056196
6.126238 0.018948
6.131239 -0.024876
6.136240 -0.056974
6.141241 -0.063907
6.146242 -0.062042
6.151243 -0.040571
6.156244 -0.008666
6.161245 0.004728
6.166246 0.017869
6.171247 0.028052
6.176248 0.027248
6.181249 0.037528
6.186250 0.041347
6.191251 0.032531
6.196252 0.011729
6.201253 -0.033049
6.206254 -0.073359
6.211255 -0.082082
6.216256 -0.052403
6.221257 -0.006401
6.226258 0.020436
6.231259 0.024733
6.236260 0.014464
6.241261 -0.000023
6.246262 -0.001395
6.251263 0.009187
6.256264 0.014154
6.261265 -0.009188
6.266266 -0.053058
6.271267 -0.067951
6.276268 -0.036723
6.281269 0.009802
6.286270 0.038632
6.291271 0.047722
6.296272 0.051686
6.301273 0.060793
6.306274 0.058871
6.311275 0.025766
6.316276 0.000786
6.321277 0.005963
6.326278 0.025388
6.331279 0.035131
6.336280 0.014878
6.341281 -0.008717
6.346282 -0.017928
6.351283 -0.023529
6.356284 -0.033752
6.361285 -0.033931
6.366286 -0.014268
6.371287 0.005598
6.376288 0.008930
6.381289 0.000703
6.386290 -0.012075
6.391291 -0.034126
6.396292 -0.047091
6.401293 -0.038005
6.406294 -0.007107
6.411295 0.018163
6.416296 0.012888
6.421297 -0.000960
6.426299 -0.018924
6.431300 -0.041016
6.436301 -0.047876
6.441302 -0.026204
6.446303 0.006176
6.451304 0.036365
6.456305 0.058777
6.461306 0.050973
6.466307 0.016741
6.471308 -0.008099
6.476309 -0.005726
6.481310 0.001015
6.486311 0.000971
6.491312 -0.004883
6.496313 -0.003425
6.501314 0.012511
6.506315 0.014760
6.511316 0.001197
6.516317 -0.020824
6.521318 -0.044077
6.526319 -0.041081
6.531320 -0.012761
6.536321 0.018823
6.541322 0.039960
6.546323 0.048162
6.551324 0.040355
6.556325 0.016959
6.561326 -0.003959
6.566327 -0.024574
6.571328 -0.041117
6.576329 -0.032358
6.581330 -0.008449
6.586331 0.014399
6.591332 0.028986
6.596333 0.027567
6.601334 0.007665
6.606335 -0.011502
6.611336 -0.014282
6.616337 -0.014334
6.621338 -0.008366
6.626339 0.003521
6.631340 0.011200
6.636341 0.012979
6.641342 0.005673
6.646343 -0.004009
6.651344 -0.014859
6.656345 -0.008216
6.661346 0.021589
6.666347 0.044616
6.671348 0.041115
6.676349 0.015749
6.681350 -0.007107
6.686351 -0.020184
6.691352 -0.023543
6.696353 -0.015830
6.701354 -0.008535
6.706355 -0.009689
6.711356 -0.014500
6.716357 -0.010812
6.721358 -0.007550
6.726359 -0.015275
6.731360 -0.026887
6.736361 -0.044549
6.741362 -0.058167
6.746363 -0.066409
6.751364 -0.073777
6.756365 -0.057729
6.761366 -0.020344
6.766367 0.022199
6.771368 0.050113
6.776369 0.050413
6.781370 0.037161
6.786371 0.023878
6.791372 0.021534
6.796373 0.025606
6.801374 0.034756
6.806375 0.046268
6.811376 0.040883
6.816377 0.020541
6.821378 0.005452
6.826379 0.002889
6.831380 0.009379
6.836381 0.019470
6.841382 0.019423
6.846383 0.010962
6.851384 0.001425
6.856385 -0.004605
6.861386 -0.005883
6.866387 -0.007249
6.871388 -0.002877
6.876389 0.004014
6.881390 0.006306
6.886391 0.000338
6.891392 -0.009052
6.896393 -0.019700
6.901395 -0.032188
6.906396 -0.030851
6.911397 -0.010250
6.916398 0.016620
6.921399 0.033517
6.926400 0.041961
6.931401 0.040929
6.936402 0.015088
6.941403 -0.033081
6.946404 -0.080622
6.951405 -0.099860
6.956406 -0.079719
6.961407 -0.036585
6.966408 0.011748
6.971409 0.061382
6.976410 0.098610
6.981411 0.122206
6.986412 0.148020
6.991413 0.177804
6.996414 0.205771
7.001415 0.213421
7.006416 0.193504
7.011417 0.154785
7.016418 0.090878
7.021419 0.000435
7.026420 -0.103740
7.031421 -0.210031
7.036422 -0.305255
7.041423 -0.381347
7.046424 -0.441550
7.051425 -0.485850
7.056426 -0.510785
7.061427 -0.518000
7.066428 -0.507216
7.071429 -0.471836
7.076430 -0.402038
7.081431 -0.301813
7.086432 -0.180915
7.091433 -0.039676
7.096434 0.093600
7.101435 0.193820
7.106436 0.271505
7.111437 0.327973
7.116438 0.364787
7.121439 0.382454
7.126440 0.381914
7.131441 0.374821
7.136442 0.361780
7.141443 0.356182
7.146444 0.364581
7.151445 0.372667
7.156446 0.375004
7.161447 0.360377
7.166448 0.321674
7.171449 0.276737
7.176450 0.250283
7.181451 0.239840
7.186452 0.233004
7.191453 0.230406
7.196454 0.219524
7.201455 0.183558
7.206456 0.131392
7.211457 0.080196
7.216458 0.027554
7.221459 -0.030044
7.226460 -0.096118
7.231461 -0.173152
7.236462 -0.249687
7.241463 -0.318378
7.246464 -0.363209
7.251465 -0.375049
7.256466 -0.361691
7.261467 -0.335011
7.266468 -0.302524
7.271469 -0.248790
7.276470 -0.175974
7.281471 -0.108703
7.286472 -0.055169
7.291473 -0.004547
7.296474 0.053613
7.301475 0.123129
7.306476 0.195259
7.311477 0.254358
7.316478 0.292028
7.321479 0.296398
7.326480 0.276171
7.331481 0.247419
7.336482 0.213638
7.341483 0.174429
7.346484 0.126810
7.351485 0.079565
7.356486 0.039031
7.361487 0.005392
7.366488 -0.029600
7.371489 -0.076849
7.376491 -0.119159
7.381492 -0.131724
7.386493 -0.118907
7.391494 -0.099253
7.396495 -0.089508
7.401496 -0.097789
7.406497 -0.128176
7.411498 -0.184525
7.416499 -0.255904
7.421500 -0.337123
7.426501 -0.416534
7.431502 -0.468560
7.436503 -0.483757
7.441504 -0.459541
7.446505 -0.404536
7.451506 -0.330056
7.456507 -0.247995
7.461508 -0.179917
7.466509 -0.125165
7.471510 -0.080572
7.476511 -0.043297
7.481512 -0.001166
7.486513 0.040060
7.491514 0.074618
7.496515 0.094045
7.501516 0.093870
7.506517 0.077471
7.511518 0.052383
7.516519 0.027779
7.521520 -0.003767
7.526521 -0.036865
7.531522 -0.055048
7.536523 -0.053821
7.541524 -0.032600
7.546525 0.019598
7.551526 0.103990
7.556527 0.206806
7.561528 0.305974
7.566529 0.377656
7.571530 0.415786
7.576531 0.413357
7.581532 0.378474
7.586533 0.329320
7.591534 0.290610
7.596535 0.291578
7.601536 0.321469
7.606537 0.352830
7.611538 0.369466
7.616539 0.361262
7.621540 0.321590
7.626541 0.248251
7.631542 0.154282
7.636543 0.062647
7.641544 -0.012998
7.646545 -0.066763
7.651546 -0.095559
7.656547 -0.100097
7.661548 -0.087203
7.666549 -0.067065
7.671550 -0.041982
7.676551 -0.016355
7.681552 -0.000255
7.686553 0.011716
7.691554 0.032920
7.696555 0.058321
7.701556 0.068906
7.706557 0.045744
7.711558 -0.013781
7.716559 -0.096979
7.721560 -0.193064
7.726561 -0.291626
7.731562 -0.378188
7.736563 -0.445009
7.741564 -0.488430
7.746565 -0.508560
7.751566 -0.514989
7.756567 -0.506355
7.761568 -0.478417
7.766569 -0.435018
7.771570 -0.376243
7.776571 -0.305311
7.781572 -0.234645
7.786573 -0.176402
7.791574 -0.132211
7.796575 -0.094427
7.801576 -0.060414
7.806577 -0.033980
7.811578 -0.014120
7.816579 -0.003507
7.821580 -0.000811
7.826581 0.003030
7.831582 0.017773
7.836583 0.051582
7.841584 0.095692
7.846585 0.138922
7.851586 0.174261
7.856588 0.199758
7.861589 0.217210
7.866590 0.224738
7.871591 0.234126
7.876592 0.257231
7.881593 0.290218
7.886594 0.322971
7.891595 0.347002
7.896596 0.357429
7.901597 0.352189
7.906598 0.337052
7.911599 0.316093
7.916600 0.291716
7.921601 0.263881
7.926602 0.221803
7.931603 0.158960
7.936604 0.075792
7.941605 -0.016608
7.946606 -0.093397
7.951607 -0.132646
7.956608 -0.128282
7.961609 -0.094680
7.966610 -0.051276
7.971611 -0.011345
7.976612 0.015535
7.981613 0.023799
7.986614 0.010918
7.991615 -0.017008
7.996616 -0.052386
8.001617 -0.086956
8.006618 -0.110298
8.011619 -0.122361
8.016620 -0.131829
8.021621 -0.151926
8.026622 -0.184794
8.031623 -0.217449
8.036624 -0.233421
8.041625 -0.217244
8.046626 -0.162048
8.051627 -0.075768
8.056628 0.015335
8.061629 0.083316
8.066630 0.111885
8.071631 0.099226
8.076632 0.061180
8.081633 0.016852
8.086634 -0.017771
8.091635 -0.030679
8.096636 -0.024659
8.101637 -0.012426
8.106638 -0.005786
8.111639 -0.014198
8.116640 -0.036351
8.121641 -0.060991
8.126642 -0.076256
8.131643 -0.070676
8.136644 -0.046884
8.141645 -0.018328
8.146646 0.004725
8.151647 0.015765
8.156648 0.015934
8.161649 0.007516
8.166650 -0.004008
8.171651 -0.010470
8.176652 -0.009434
8.181653 -0.003301
8.186654 0.001984
8.191655 0.000203
8.196656 -0.007373
8.201657 -0.013532
8.206658 -0.020772
8.211659 -0.032079
8.216660 -0.042599
8.221661 -0.044358
8.226662 -0.033251
8.231663 -0.012791
8.236664 0.010365
8.241665 0.023646
8.246666 0.024615
8.251667 0.020648
8.256668 0.015066
8.261669 0.013027
8.266670 0.016489
8.271671 0.020285
8.276672 0.018606
8.281673 0.007620
8.286674 -0.014169
8.291675 -0.040883
8.296676 -0.061410
8.301677 -0.065298
8.306678 -0.047396
8.311679 -0.008905
8.316680 0.041665
8.321681 0.087762
8.326682 0.115652
8.331684 0.119087
8.336685 0.100206
8.341686 0.069188
8.346687 0.041168
8.351688 0.031454
8.356689 0.045133
8.361690 0.077799
8.366691 0.119699
8.371692 0.158575
8.376693 0.187304
8.381694 0.201794
8.386695 0.200667
8.391696 0.189572
8.396697 0.171986
8.401698 0.147845
8.406699 0.117241
8.411700 0.081114
8.416701 0.042333
8.421702 0.001548
8.426703 -0.039662
8.431704 -0.073726
8.436705 -0.092691
8.441706 -0.097263
8.446707 -0.094074
8.451708 -0.090708
8.456709 -0.092384
8.461710 -0.102956
8.466711 -0.124799
8.471712 -0.152720
8.476713 -0.180309
8.481714 -0.201870
8.486715 -0.212828
8.491716 -0.212339
8.496717 -0.198778
8.501718 -0.170962
8.506719 -0.130209
8.511720 -0.079595
8.516721 -0.027863
8.521722 0.013655
8.526723 0.038206
8.531724 0.043941
8.536725 0.036484
8.541726 0.023371
8.546727 0.010842
8.551728 0.005728
8.556729 0.007990
8.561730 0.010445
8.566731 0.010250
8.571732 0.006480
8.576733 -0.002749
8.581734 -0.017878
8.586735 -0.042430
8.591736 -0.074623
8.596737 -0.107837
8.601738 -0.136968
8.606739 -0.155851
8.611740 -0.159911
8.616741 -0.148809
8.621742 -0.125558
8.626743 -0.097650
8.631744 -0.072784
8.636745 -0.057484
8.641746 -0.055734
8.646747 -0.062027
8.651748 -0.066643
8.656749 -0.062453
8.661750 -0.045402
8.666751 -0.016736
8.671752 0.021322
8.676753 0.064853
8.681754 0.105720
8.686755 0.141838
8.691756 0.177324
8.696757 0.216310
8.701758 0.261203
8.706759 0.305847
8.711760 0.344192
8.716761 0.370896
8.721762 0.379659
8.726763 0.371303
8.731764 0.350588
8.736765 0.323340
8.741766 0.290257
8.746767 0.250701
8.751768 0.206142
8.756769 0.156551
8.761770 0.104465
8.766771 0.052304
8.771772 0.005638
8.776773 -0.030644
8.781774 -0.058387
8.786775 -0.077848
8.791776 -0.089243
8.796777 -0.093725
8.801778 -0.093906
8.806780 -0.093433
8.811781 -0.097188
8.816782 -0.109400
8.821783 -0.132564
8.826784 -0.167644
8.831785 -0.207817
8.836786 -0.248374
8.841787 -0.289561
8.846788 -0.325522
8.851789 -0.349047
8.856790 -0.358900
8.861791 -0.353798
8.866792 -0.332045
8.871793 -0.292319
8.876794 -0.237089
8.881795 -0.178907
8.886796 -0.125509
8.891797 -0.080419
8.896798 -0.048889
8.901799 -0.032295
8.906800 -0.028209
8.911801 -0.028999
8.916802 -0.025661
8.921803 -0.015628
8.926804 -0.003794
8.931805 0.006359
8.936806 0.010931
8.941807 0.009007
8.946808 0.005136
8.951809 0.005955
8.956810 0.020183
8.961811 0.050251
8.966812 0.094584
8.971813 0.146763
8.976814 0.195465
8.981815 0.228007
8.986816 0.239459
8.991817 0.234497
8.996818 0.216330
9.001819 0.190156
9.006820 0.162932
9.011821 0.141111
9.016822 0.127850
9.021823 0.119115
9.026824 0.111777
9.031825 0.107011
9.036826 0.105692
9.041827 0.108600
9.046828 0.114917
9.051829 0.118850
9.056830 0.113644
9.061831 0.093254
9.066832 0.057045
9.071833 0.015497
9.076834 -0.020621
9.081835 -0.045445
9.086836 -0.056025
9.091837 -0.052791
9.096838 -0.038584
9.101839 -0.020402
9.106840 -0.000994
9.111841 0.017871
9.116842 0.029576
9.121843 0.027850
9.126844 0.009525
9.131845 -0.022815
9.136846 -0.061353
9.141847 -0.096684
9.146848 -0.121982
9.151849 -0.130160
9.156850 -0.119222
9.161851 -0.095848
9.166852 -0.064833
9.171853 -0.028272
9.176854 0.007627
9.181855 0.034208
9.186856 0.045523
9.191857 0.039608
9.196858 0.019751
9.201859 -0.010976
9.206860 -0.046586
9.211861 -0.077653
9.216862 -0.101129
9.221863 -0.115635
9.226864 -0.120665
9.231865 -0.116595
9.236866 -0.104149
9.241867 -0.090253
9.246868 -0.080178
9.251869 -0.073612
9.256870 -0.069560
9.261871 -0.065465
9.266872 -0.058462
9.271873 -0.046224
9.276874 -0.028218
9.281876 -0.007627
9.286877 0.013470
9.291878 0.036784
9.296879 0.061771
9.301880 0.084618
9.306881 0.102874
9.311882 0.115945
9.316883 0.124431
9.321884 0.124773
9.326885 0.113916
9.331886 0.093005
9.336887 0.062028
9.341888 0.024932
9.346889 -0.012654
9.351890 -0.044870
9.356891 -0.065181
9.361892 -0.073484
9.366893 -0.069283
9.371894 -0.052344
9.376895 -0.025924
9.381896 0.006905
9.386897 0.042009
9.391898 0.078570
9.396899 0.114129
9.401900 0.143284
9.406901 0.164538
9.411902 0.175303
9.416903 0.174579
9.421904 0.164934
9.426905 0.148929
9.431906 0.130596
9.436907 0.111552
9.441908 0.090282
9.446909 0.067528
9.451910 0.046699
9.456911 0.030195
9.461912 0.017344
9.466913 0.004996
9.471914 -0.009080
9.476915 -0.026714
9.481916 -0.052292
9.486917 -0.081991
9.491918 -0.106202
9.496919 -0.118904
9.501920 -0.115472
9.506921 -0.096830
9.511922 -0.067567
9.516923 -0.034125
9.521924 -0.005720
9.526925 0.009843
9.531926 0.010862
9.536927 -0.001244
9.541928 -0.025076
9.546929 -0.056134
9.551930 -0.089073
9.556931 -0.118851
9.561932 -0.142251
9.566933 -0.156547
9.571934 -0.158877
9.576935 -0.148880
9.581936 -0.128814
9.586937 -0.102969
9.591938 -0.076770
9.596939 -0.054001
9.601940 -0.036075
9.606941 -0.024455
9.611942 -0.018434
9.616943 -0.019074
9.621944 -0.028290
9.626945 -0.043457
9.631946 -0.056985
9.636947 -0.061082
9.641948 -0.055348
9.646949 -0.040384
9.651950 -0.018316
9.656951 0.004814
9.661952 0.022945
9.666953 0.031275
9.671954 0.030176
9.676955 0.021953
9.681956 0.009617
9.686957 -0.001362
9.691958 -0.007752
9.696959 -0.008456
9.701960 -0.005398
9.706961 -0.002900
9.711962 -0.001131
9.716963 -0.000902
9.721964 -0.002016
9.726965 -0.000313
9.731966 0.008803
9.736967 0.030109
9.741968 0.061822
9.746969 0.097330
9.751970 0.131589
9.756972 0.159101
9.761973 0.176520
9.766974 0.183222
9.771975 0.180901
9.776976 0.172983
9.781977 0.159794
9.786978 0.141814
9.791979 0.121019
9.796980 0.096885
9.801981 0.068721
9.806982 0.039074
9.811983 0.010771
9.816984 -0.013174
9.821985 -0.031609
9.826986 -0.044484
9.831987 -0.049590
9.836988 -0.047564
9.841989 -0.040286
9.846990 -0.029828
9.851991 -0.016952
9.856992 0.000277
9.861993 0.020308
9.866994 0.039816
9.871995 0.057192
9.876996 0.068064
9.881997 0.067064
9.886998 0.050464
9.891999 0.018279
9.897000 -0.024460
9.902001 -0.070345
9.907002 -0.110596
9.912003 -0.139478
9.917004 -0.156029
9.922005 -0.165200
9.927006 -0.170717
9.932007 -0.172887
9.937008 -0.170672
9.942009 -0.161980
9.947010 -0.147588
9.952011 -0.127270
9.957012 -0.103185
9.962013 -0.080892
9.967014 -0.062495
9.972015 -0.048886
9.977016 -0.039789
9.982017 -0.033163
9.987018 -0.028416
9.992019 -0.022560
9.997020 -0.013180
10.002021 -0.004351
10.007022 0.002826
10.012023 0.010578
10.017024 0.019087
10.022025 0.030047
10.027026 0.045281
10.032027 0.064874
10.037028 0.088080
10.042029 0.110123
10.047030 0.125022
10.052031 0.129698
10.057032 0.122881
10.062033 0.103325
10.067034 0.072388
10.072035 0.035877
10.077036 0.001763
10.082037 -0.023226
10.087038 -0.037399
10.092039 -0.039400
10.097040 -0.030546
10.102041 -0.016054
10.107042 0.002895
10.112043 0.026082
10.117044 0.052094
10.122045 0.077108
10.127046 0.096382
10.132047 0.106746
10.137048 0.104529
10.142049 0.088829
10.147050 0.064138
10.152051 0.037656
10.157052 0.015720
10.162053 0.000505
10.167054 -0.009838
10.172055 -0.015989
10.177056 -0.019263
10.182057 -0.022491
10.187058 -0.024995
10.192059 -0.026233
10.197060 -0.026131
10.202061 -0.025365
10.207062 -0.026250
10.212063 -0.028616
10.217064 -0.033690
10.222065 -0.042751
10.227066 -0.052251
10.232068 -0.058916
10.237069 -0.060208
10.242070 -0.055817
10.247071 -0.047341
10.252072 -0.035936
10.257073 -0.023501
10.262074 -0.012746
10.267075 -0.007275
10.272076 -0.004727
10.277077 -0.003334
10.282078 -0.002670
10.287079 0.001255
10.292080 0.010193
10.297081 0.025535
10.302082 0.044143
10.307083 0.061789
10.312084 0.075372
10.317085 0.080930
10.322086 0.076858
10.327087 0.062173
10.332088 0.039427
10.337089 0.012484
10.342090 -0.015104
10.347091 -0.039518
10.352092 -0.060715
10.357093 -0.079258
10.362094 -0.096791
10.367095 -0.113419
10.372096 -0.126460
10.377097 -0.134277
10.382098 -0.136108
10.387099 -0.131363
10.392100 -0.118568
10.397101 -0.099565
10.402102 -0.078166
10.407103 -0.059279
10.412104 -0.044347
10.417105 -0.032558
10.422106 -0.027513
10.427107 -0.028405
10.432108 -0.033809
10.437109 -0.042497
10.442110 -0.053017
10.447111 -0.064094
10.452112 -0.072181
10.457113 -0.076277
10.462114 -0.077093
10.467115 -0.074771
10.472116 -0.067292
10.477117 -0.053199
10.482118 -0.033303
10.487119 -0.008152
10.492120 0.022897
10.497121 0.058232
10.502122 0.095094
10.507123 0.132004
10.512124 0.166539
10.517125 0.198963
10.522126 0.226833
10.527127 0.248602
10.532128 0.267255
10.537129 0.279952
10.542130 0.281952
10.547131 0.273566
10.552132 0.254720
10.557133 0.225043
10.562134 0.186296
10.567135 0.141647
10.572136 0.097469
10.577137 0.056461
10.582138 0.020426
10.587139 -0.006438
10.592140 -0.024729
10.597141 -0.035717
10.602142 -0.041751
10.607143 -0.046583
10.612144 -0.050131
10.617145 -0.054296
10.622146 -0.060268
10.627147 -0.064708
10.632148 -0.066723
10.637149 -0.063724
10.642150 -0.055893
10.647151 -0.048127
10.652152 -0.039986
10.657153 -0.031807
10.662154 -0.026368
10.667155 -0.022377
10.672156 -0.019025
10.677157 -0.016813
10.682158 -0.016457
10.687159 -0.019795
10.692160 -0.024172
10.697161 -0.027929
10.702162 -0.031238
10.707164 -0.032501
10.712165 -0.030192
10.717166 -0.024118
10.722167 -0.017724
10.727168 -0.012718
10.732169 -0.010692
10.737170 -0.012886
10.742171 -0.019677
10.747172 -0.030619
10.752173 -0.042251
10.757174 -0.053719
10.762175 -0.066464
10.767176 -0.080169
10.772177 -0.091750
10.777178 -0.097681
10.782179 -0.098019
10.787180 -0.094993
10.792181 -0.088339
10.797182 -0.079571
10.802183 -0.072203
10.807184 -0.066463
10.812185 -0.059980
10.817186 -0.051231
10.822187 -0.040462
10.827188 -0.027855
10.832189 -0.015264
10.837190 -0.004954
10.842191 0.001512
10.847192 0.003935
10.852193 0.006219
10.857194 0.010541
10.862195 0.014910
10.867196 0.019930
10.872197 0.027156
10.877198 0.034864
10.882199 0.040837
10.887200 0.044349
10.892201 0.045781
10.897202 0.045214
10.902203 0.041375
10.907204 0.033516
10.912205 0.023469
10.917206 0.011777
10.922207 -0.002841
10.927208 -0.020333
10.932209 -0.038001
10.937210 -0.052954
10.942211 -0.063780
10.947212 -0.067533
10.952213 -0.062016
10.957214 -0.049026
10.962215 -0.030795
10.967216 -0.009302
10.972217 0.013511
10.977218 0.035986
10.982219 0.054636
10.987220 0.068290
10.992221 0.077470
10.997222 0.083509
11.002223 0.087106
11.007224 0.089538
11.012225 0.093616
11.017226 0.098313
11.022227 0.103171
11.027228 0.106939
11.032229 0.109092
11.037230 0.109912
11.042231 0.106839
11.047232 0.098776
11.052233 0.086064
11.057234 0.069142
11.062235 0.046900
11.067236 0.020670
11.072237 -0.005718
11.077238 -0.029275
11.082239 -0.048468
11.087240 -0.061906
11.092241 -0.066864
11.097242 -0.064385
11.102243 -0.057247
11.107244 -0.049021
11.112245 -0.043464
11.117246 -0.042521
11.122247 -0.047436
11.127248 -0.056845
11.132249 -0.067766
11.137250 -0.078457
11.142251 -0.088789
11.147252 -0.098260
11.152253 -0.106143
11.157254 -0.110176
11.162255 -0.108958
11.167256 -0.102416
11.172257 -0.088050
11.177258 -0.066682
11.182259 -0.041117
11.187261 -0.013866
11.192262 0.010866
11.197263 0.031296
11.202264 0.045583
11.207265 0.053429
11.212266 0.057866
11.217267 0.060719
11.222268 0.062688
11.227269 0.064438
11.232270 0.066882
11.237271 0.069705
11.242272 0.070566
11.247273 0.068698
11.252274 0.065890
11.257275 0.061721
11.262276 0.055332
11.267277 0.046958
11.272278 0.036758
11.277279 0.026301
11.282280 0.014633
11.287281 0.002341
11.292282 -0.008315
11.297283 -0.016678
11.302284 -0.022006
11.307285 -0.024560
11.312286 -0.023867
11.317287 -0.020948
11.322288 -0.017683
11.327289 -0.015254
11.332290 -0.013129
11.337291 -0.010192
11.342292 -0.007412
11.347293 -0.004620
11.352294 -0.000679
11.357295 0.004842
11.362296 0.011003
11.367297 0.017266
11.372298 0.023177
11.377299 0.028114
11.382300 0.030098
11.387301 0.026937
11.392302 0.019619
11.397303 0.007572
11.402304 -0.007378
11.407305 -0.022925
11.412306 -0.037300
11.417307 -0.046760
11.422308 -0.051420
11.427309 -0.052850
11.432310 -0.052225
11.437311 -0.051520
11.442312 -0.053526
11.447313 -0.059345
11.452314 -0.067657
11.457315 -0.076736
11.462316 -0.085627
11.467317 -0.093167
11.472318 -0.097243
11.477319 -0.097660
11.482320 -0.094577
11.487321 -0.088028
11.492322 -0.077671
11.497323 -0.063083
11.502324 -0.045057
11.507325 -0.024551
11.512326 -0.002914
11.517327 0.019776
11.522328 0.040633
11.527329 0.056030
11.532330 0.067135
11.537331 0.073165
11.542332 0.074142
11.547333 0.071856
11.552334 0.067638
11.557335 0.063348
11.562336 0.058358
11.567337 0.053160
11.572338 0.049207
11.577339 0.046221
11.582340 0.043689
11.587341 0.040325
11.592342 0.036554
11.597343 0.033460
11.602344 0.029265
11.607345 0.024356
11.612346 0.020811
11.617347 0.019162
11.622348 0.018547
11.627349 0.018795
11.632350 0.022208
11.637351 0.030183
11.642352 0.041624
11.647353 0.054994
11.652354 0.070109
11.657355 0.084363
11.662357 0.095133
11.667358 0.100625
11.672359 0.100405
11.677360 0.097376
11.682361 0.090105
11.687362 0.079122
11.692363 0.066635
11.697364 0.051402
11.702365 0.032488
11.707366 0.008946
11.712367 -0.017636
11.717368 -0.045484
11.722369 -0.073470
11.727370 -0.099083
11.732371 -0.118111
11.737372 -0.128993
11.742373 -0.133987
11.747374 -0.132936
11.752375 -0.126999
11.757376 -0.117063
11.762377 -0.105252
11.767378 -0.093181
11.772379 -0.079233
11.777380 -0.064156
11.782381 -0.047812
11.787382 -0.031114
11.792383 -0.013351
11.797384 0.004543
11.802385 0.018508
11.807386 0.029302
11.812387 0.036898
11.817388 0.041332
11.822389 0.042640
11.827390 0.041622
11.832391 0.040384
11.837392 0.040098
11.842393 0.041076
11.847394 0.042352
11.852395 0.046091
11.857396 0.051655
11.862397 0.056493
11.867398 0.060700
11.872399 0.062689
11.877400 0.062824
11.882401 0.060017
11.887402 0.052571
11.892403 0.042372
11.897404 0.029443
11.902405 0.013060
11.907406 -0.004929
11.912407 -0.023628
11.917408 -0.042550
11.922409 -0.060432
11.927410 -0.075784
11.932411 -0.086475
11.937412 -0.091774
11.942413 -0.092414
11.947414 -0.089128
11.952415 -0.082334
11.957416 -0.073097
11.962417 -0.062704
11.967418 -0.051849
11.972419 -0.041566
11.977420 -0.032673
11.982421 -0.025537
11.987422 -0.020881
11.992423 -0.017188
11.997424 -0.013652
12.002425 -0.011083
12.007426 -0.009213
12.012427 -0.008300
12.017428 -0.009294
12.022429 -0.012680
12.027430 -0.017260
12.032431 -0.021779
12.037432 -0.025588
12.042433 -0.027784
12.047434 -0.028150
12.052435 -0.025779
12.057436 -0.019624
12.062437 -0.011208
12.067438 -0.002069
12.072439 0.008340
12.077440 0.019787
12.082441 0.031243
12.087442 0.042436
12.092443 0.054475
12.097444 0.066389
12.102445 0.076095
12.107446 0.083212
12.112447 0.088525
12.117448 0.092601
12.122449 0.094340
12.127450 0.093359
12.132451 0.091034
12.137453 0.086820
12.142454 0.079331
12.147455 0.069735
12.152456 0.058770
12.157457 0.048298
12.162458 0.037841
12.167459 0.027240
12.172460 0.019998
12.177461 0.015173
12.182462 0.013455
12.187463 0.013509
12.192464 0.015557
12.197465 0.021178
12.202466 0.025920
12.207467 0.028244
12.212468 0.026341
12.217469 0.020646
12.222470 0.011528
12.227471 -0.002435
12.232472 -0.016846
12.237473 -0.029723
12.242474 -0.041661
12.247475 -0.050428
12.252476 -0.053491
12.257477 -0.050348
12.262478 -0.042057
12.267479 -0.029746
12.272480 -0.014640
12.277481 0.002456
12.282482 0.018943
12.287483 0.032755
12.292484 0.044638
12.297485 0.052398
12.302486 0.055081
12.307487 0.052493
12.312488 0.044723
12.317489 0.033576
12.322490 0.019160
12.327491 0.003067
12.332492 -0.012701
12.337493 -0.025658
12.342494 -0.036351
12.347495 -0.045945
12.352496 -0.051553
12.357497 -0.053190
12.362498 -0.053347
12.367499 -0.052113
12.372500 -0.048503
12.377501 -0.044544
12.382502 -0.041109
12.387503 -0.038997
12.392504 -0.038549
12.397505 -0.038021
12.402506 -0.039362
12.407507 -0.042001
12.412508 -0.044282
12.417509 -0.046772
12.422510 -0.050399
12.427511 -0.054584
12.432512 -0.057207
12.437513 -0.057814
12.442514 -0.056787
12.447515 -0.055850
12.452516 -0.053823
12.457517 -0.050980
12.462518 -0.049198
12.467519 -0.048008
12.472520 -0.047189
12.477521 -0.044948
12.482522 -0.042667
12.487523 -0.040707
12.492524 -0.036386
12.497525 -0.030497
12.502526 -0.025012
12.507527 -0.019959
12.512528 -0.014938
12.517529 -0.009102
12.522530 -0.002602
12.527531 0.003009
12.532532 0.009410
12.537533 0.016774
12.542534 0.024416
12.547535 0.030997
12.552536 0.036401
12.557537 0.041620
12.562538 0.045745
12.567539 0.049584
12.572540 0.053074
12.577541 0.056399
12.582542 0.058153
12.587543 0.057077
12.592544 0.053662
12.597545 0.048811
12.602546 0.042409
12.607547 0.034624
12.612549 0.026756
12.617550 0.019809
12.622551 0.014783
12.627552 0.011329
12.632553 0.010938
12.637554 0.012251
12.642555 0.013953
12.647556 0.015290
12.652557 0.016022
12.657558 0.018216
12.662559 0.020545
12.667560 0.022054
12.672561 0.023869
12.677562 0.027366
12.682563 0.031515
12.687564 0.035716
12.692565 0.041093
12.697566 0.046838
12.702567 0.051730
12.707568 0.055375
12.712569 0.059666
12.717570 0.064922
12.722571 0.069800
12.727572 0.074308
12.732573 0.077050
12.737574 0.078046
12.742575 0.075795
12.747576 0.068636
12.752577 0.059041
12.757578 0.046425
12.762579 0.030849
12.767580 0.013161
12.772581 -0.004520
12.777582 -0.018311
12.782583 -0.030000
12.787584 -0.039845
12.792585 -0.045554
12.797586 -0.047883
12.802587 -0.049323
12.807588 -0.051193
12.812589 -0.054253
12.817590 -0.058929
12.822591 -0.064845
12.827592 -0.072766
12.832593 -0.080160
12.837594 -0.085866
12.842595 -0.090593
12.847596 -0.092282
12.852597 -0.089927
12.857598 -0.083118
12.862599 -0.073661
12.867600 -0.063839
12.872601 -0.053114
12.877602 -0.043162
12.882603 -0.036554
12.887604 -0.032741
12.892605 -0.030582
12.897606 -0.028883
12.902607 -0.029393
12.907608 -0.031679
12.912609 -0.031945
12.917610 -0.031223
12.922611 -0.030267
12.927612 -0.027138
12.932613 -0.021218
12.937614 -0.012919
12.942615 -0.003667
12.947616 0.005090
12.952617 0.014044
12.957618 0.023317
12.962619 0.031960
12.967620 0.039097
12.972621 0.045388
12.977622 0.052045
12.982623 0.056211
12.987624 0.056876
12.992625 0.056059
12.997626 0.051716
13.002627 0.043508
13.007628 0.032818
13.012629 0.020736
13.017630 0.010411
13.022631 0.001968
13.027632 -0.004624
13.032633 -0.006670
13.037634 -0.003922
13.042635 0.002398
13.047636 0.011650
13.052637 0.022719
13.057638 0.034696
13.062639 0.045375
13.067640 0.052968
13.072641 0.058799
13.077642 0.062023
13.082643 0.061746
13.087645 0.058761
13.092646 0.054207
13.097647 0.049171
13.102648 0.042784
13.107649 0.035272
13.112650 0.027565
13.117651 0.018849
13.122652 0.008488
13.127653 -0.004547
13.132654 -0.020391
13.137655 -0.037212
13.142656 -0.054912
13.147657 -0.072510
13.152658 -0.088071
13.157659 -0.100795
13.162660 -0.109445
13.167661 -0.115371
13.172662 -0.116941
13.177663 -0.113932
13.182664 -0.109858
13.187665 -0.103825
13.192666 -0.095888
13.197667 -0.086652
13.202668 -0.076954
13.207669 -0.067177
13.212670 -0.055785
13.217671 -0.043130
13.222672 -0.030758
13.227673 -0.018313
13.232674 -0.004288
13.237675 0.010096
13.242676 0.024207
13.247677 0.037311
13.252678 0.050345
13.257679 0.064004
13.262680 0.076090
13.267681 0.088210
13.272682 0.100728
13.277683 0.113938
13.282684 0.127584
13.287685 0.139472
13.292686 0.150585
13.297687 0.158666
13.302688 0.162500
13.307689 0.162196
13.312690 0.158496
13.317691 0.152410
13.322692 0.141449
13.327693 0.126508
13.332694 0.109368
13.337695 0.090127
13.342696 0.068027
13.347697 0.043770
13.352698 0.020593
13.357699 -0.001066
13.362700 -0.020680
13.367701 -0.037578
13.372702 -0.050896
13.377703 -0.059244
13.382704 -0.065092
13.387705 -0.069515
13.392706 -0.070340
13.397707 -0.068502
13.402708 -0.065177
13.407709 -0.060520
13.412710 -0.055258
13.417711 -0.048539
13.422712 -0.042374
13.427713 -0.038137
13.432714 -0.034085
13.437715 -0.031203
13.442716 -0.029516
13.447717 -0.028939
13.452718 -0.029240
13.457719 -0.029437
13.462720 -0.031014
13.467721 -0.034672
13.472722 -0.038561
13.477723 -0.041990
13.482724 -0.045584
13.487725 -0.048605
13.492726 -0.050730
13.497727 -0.050888
13.502728 -0.049673
13.507729 -0.049058
13.512730 -0.046022
13.517731 -0.040304
13.522732 -0.034684
13.527733 -0.030170
13.532734 -0.025321
13.537735 -0.020729
13.542736 -0.018538
13.547737 -0.017655
13.552738 -0.018302
13.557739 -0.019006
13.562741 -0.020482
13.567742 -0.024181
13.572743 -0.026746
13.577744 -0.027966
13.582745 -0.030516
13.587746 -0.033859
13.592747 -0.035753
13.597748 -0.037341
13.602749 -0.039308
13.607750 -0.040991
13.612751 -0.041789
13.617752 -0.040903
13.622753 -0.039607
13.627754 -0.038134
13.632755 -0.035913
13.637756 -0.032955
13.642757 -0.029092
13.647758 -0.026272
13.652759 -0.023446
13.657760 -0.019607
13.662761 -0.016909
13.667762 -0.014206
13.672763 -0.010947
13.677764 -0.005918
13.682765 0.000662
13.687766 0.008587
13.692767 0.020438
13.697768 0.035104
13.702769 0.050848
13.707770 0.067693
13.712771 0.084937
13.717772 0.102579
13.722773 0.119688
13.727774 0.134537
13.732775 0.147737
13.737776 0.159103
13.742777 0.166122
13.747778 0.168543
13.752779 0.167699
13.757780 0.163424
13.762781 0.154637
13.767782 0.140928
13.772783 0.123808
13.777784 0.105035
13.782785 0.083624
13.787786 0.060046
13.792787 0.036285
13.797788 0.013784
13.802789 -0.007064
13.807790 -0.027026
13.812791 -0.043572
13.817792 -0.056419
13.822793 -0.066704
13.827794 -0.074615
13.832795 -0.080195
13.837796 -0.083028
13.842797 -0.085487
13.847798 -0.087520
13.852799 -0.088269
13.857800 -0.087461
13.862801 -0.086296
13.867802 -0.085110
13.872803 -0.081642
13.877804 -0.075947
13.882805 -0.068986
13.887806 -0.061599
13.892807 -0.052712
13.897808 -0.042571
13.902809 -0.033191
13.907810 -0.025689
13.912811 -0.020753
13.917812 -0.017074
13.922813 -0.015987
13.927814 -0.018767
13.932815 -0.024049
13.937816 -0.031097
13.942817 -0.039171
13.947818 -0.048091
13.952819 -0.056281
13.957820 -0.061241
13.962821 -0.063182
13.967822 -0.062382
13.972823 -0.058136
13.977824 -0.050453
13.982825 -0.041049
13.987826 -0.031583
13.992827 -0.022206
13.997828 -0.012073
14.002829 -0.003163
14.007830 0.003706
14.012831 0.009944
14.017832 0.014802
14.022833 0.018529
14.027834 0.021351
14.032835 0.023950
14.037836 0.026848
14.042838 0.029414
14.047839 0.031535
14.052840 0.032628
14.057841 0.033784
14.062842 0.033645
14.067843 0.031826
14.072844 0.029396
14.077845 0.026975
14.082846 0.025073
14.087847 0.022263
14.092848 0.021518
14.097849 0.023089
14.102850 0.025356
14.107851 0.028229
14.112852 0.031325
14.117853 0.035477
14.122854 0.037784
14.127855 0.037460
14.132856 0.036048
14.137857 0.032690
14.142858 0.028227
14.147859 0.022854
14.152860 0.017418
14.157861 0.013924
14.162862 0.011415
14.167863 0.010276
14.172864 0.012203
14.177865 0.015874
14.182866 0.020143
14.187867 0.025008
14.192868 0.029642
14.197869 0.034128
14.202870 0.036805
14.207871 0.037079
14.212872 0.036010
14.217873 0.032948
14.222874 0.028574
14.227875 0.022331
14.232876 0.015402
14.237877 0.009259
14.242878 0.002381
14.247879 -0.004753
14.252880 -0.010673
14.257881 -0.014657
14.262882 -0.017661
14.267883 -0.020340
14.272884 -0.021378
14.277885 -0.020413
14.282886 -0.018808
14.287887 -0.017660
14.292888 -0.015497
14.297889 -0.011777
14.302890 -0.007830
14.307891 -0.003470
14.312892 0.001131
14.317893 0.007208
14.322894 0.013224
14.327895 0.017418
14.332896 0.021992
14.337897 0.025096
14.342898 0.025574
14.347899 0.024147
14.352900 0.021096
14.357901 0.017791
14.362902 0.013239
14.367903 0.007153
14.372904 0.002306
14.377905 -0.000801
14.382906 -0.003449
14.387907 -0.006289
14.392908 -0.008540
14.397909 -0.009771
14.402910 -0.012517
14.407911 -0.018149
14.412912 -0.025753
14.417913 -0.034541
14.422914 -0.045677
14.427915 -0.059599
14.432916 -0.074191
14.437917 -0.088897
14.442918 -0.103267
14.447919 -0.116564
14.452920 -0.126259
14.457921 -0.131389
14.462922 -0.132232
14.467923 -0.128236
14.472924 -0.119763
14.477925 -0.106946
14.482926 -0.091791
14.487927 -0.076076
14.492928 -0.060392
14.497929 -0.044141
14.502930 -0.028567
14.507931 -0.015344
14.512932 -0.002351
14.517934 0.010458
14.522935 0.021172
14.527936 0.029807
14.532937 0.037550
14.537938 0.044272
14.542939 0.049598
14.547940 0.054226
14.552941 0.059348
14.557942 0.065656
14.562943 0.072489
14.567944 0.080026
14.572945 0.088464
14.577946 0.098075
14.582947 0.108008
14.587948 0.116259
14.592949 0.123059
14.597950 0.129101
14.602951 0.132495
14.607952 0.132927
14.612953 0.131741
14.617954 0.128642
14.622955 0.123049
14.627956 0.113454
14.632957 0.101184
14.637958 0.087426
14.642959 0.070904
14.647960 0.052628
14.652961 0.034164
14.657962 0.015910
14.662963 -0.002387
14.667964 -0.021078
14.672965 -0.039605
14.677966 -0.055873
14.682967 -0.071750
14.687968 -0.087728
14.692969 -0.100981
14.697970 -0.111760
14.702971 -0.119452
14.707972 -0.125275
14.712973 -0.128172
14.717974 -0.127263
14.722975 -0.126051
14.727976 -0.123184
14.732977 -0.118124
14.737978 -0.111912
14.742979 -0.103984
14.747980 -0.095413
14.752981 -0.085128
14.757982 -0.072646
14.762983 -0.060192
14.767984 -0.046947
14.772985 -0.032539
14.777986 -0.016758
14.782987 -0.000001
14.787988 0.016021
14.792989 0.033078
14.797990 0.050334
14.802991 0.065663
14.807992 0.079440
14.812993 0.091707
14.817994 0.100920
14.822995 0.107064
14.827996 0.109843
14.832997 0.108978
14.837998 0.106315
14.842999 0.100615
14.848000 0.092356
14.853001 0.083202
14.858002 0.073186
14.863003 0.062731
14.868004 0.051792
14.873005 0.041327
14.878006 0.031306
14.883007 0.020932
14.888008 0.010165
14.893009 0.000739
14.898010 -0.007094
14.903011 -0.013773
14.908012 -0.019044
14.913013 -0.022596
14.918014 -0.023390
14.923015 -0.023688
14.928016 -0.025052
14.933017 -0.026325
14.938018 -0.028607
14.943019 -0.033452
14.948020 -0.040503
14.953021 -0.048595
14.958022 -0.056114
14.963023 -0.063087
14.968024 -0.070237
14.973025 -0.074986
14.978026 -0.075834
14.983027 -0.074490
14.988028 -0.070613
14.993030 -0.062780
14.998031 -0.051483
15.003032 -0.038169
15.008033 -0.024638
15.013034 -0.010973
15.018035 0.002594
15.023036 0.014439
15.028037 0.023626
15.033038 0.031127
15.038039 0.037882
15.043040 0.042898
15.048041 0.045574
15.053042 0.046722
15.058043 0.048211
15.063044 0.048454
15.068045 0.046109
15.073046 0.043469
15.078047 0.040583
15.083048 0.036588
15.088049 0.031724
15.093050 0.027026
15.098051 0.022334
15.103052 0.017544
15.108053 0.012696
15.113054 0.007542
15.118055 0.002931
15.123056 -0.002333
15.128057 -0.007880
15.133058 -0.012766
15.138059 -0.017417
15.143060 -0.021585
15.148061 -0.026908
15.153062 -0.031268
15.158063 -0.034500
15.163064 -0.037856
15.168065 -0.040376
15.173066 -0.042344
15.178067 -0.041332
15.183068 -0.038856
15.188069 -0.035614
15.193070 -0.029780
15.198071 -0.022028
15.203072 -0.013958
15.208073 -0.007008
15.213074 -0.000572
15.218075 0.005136
15.223076 0.008943
15.228077 0.010060
15.233078 0.010022
15.238079 0.009647
15.243080 0.007716
15.248081 0.005020
15.253082 0.002810
15.258083 0.001732
15.263084 0.000582
15.268085 -0.000701
15.273086 -0.001021
15.278087 -0.001205
15.283088 -0.002121
15.288089 -0.003764
15.293090 -0.006496
15.298091 -0.008697
15.303092 -0.011304
15.308093 -0.015885
15.313094 -0.019216
15.318095 -0.021504
15.323096 -0.023465
15.328097 -0.023967
15.333098 -0.022735
15.338099 -0.019342
15.343100 -0.013751
15.348101 -0.007025
15.353102 0.000570
15.358103 0.009834
15.363104 0.018529
15.368105 0.025818
15.373106 0.032762
15.378107 0.039479
15.383108 0.046002
15.388109 0.050650
15.393110 0.054791
15.398111 0.059616
15.403112 0.062744
15.408113 0.064802
15.413114 0.066370
15.418115 0.068342
15.423116 0.070601
15.428117 0.071175
15.433118 0.071179
15.438119 0.070392
15.443120 0.067816
15.448121 0.062831
15.453122 0.055630
15.458123 0.047375
15.463124 0.037341
15.468126 0.025015
15.473127 0.011840
15.478128 -0.000966
15.483129 -0.014177
15.488130 -0.027980
15.493131 -0.040631
15.498132 -0.050820
15.503133 -0.059297
15.508134 -0.067044
15.513135 -0.072570
15.518136 -0.075526
15.523137 -0.077185
15.528138 -0.078320
15.533139 -0.078171
15.538140 -0.075512
15.543141 -0.072856
15.548142 -0.070041
15.553143 -0.065857
15.558144 -0.061003
15.563145 -0.055136
15.568146 -0.050680
15.573147 -0.045870
15.578148 -0.040561
15.583149 -0.036495
15.588150 -0.033041
15.593151 -0.030569
15.598152 -0.028001
15.603153 -0.026088
15.608154 -0.025814
15.613155 -0.025823
15.618156 -0.024506
15.623157 -0.022696
15.628158 -0.020954
15.633159 -0.018027
15.638160 -0.014084
15.643161 -0.009840
15.648162 -0.005741
15.653163 -0.001513
15.658164 0.002823
15.663165 0.006626
15.668166 0.009767
15.673167 0.012437
15.678168 0.014667
15.683169 0.016498
15.688170 0.018628
15.693171 0.020613
15.698172 0.023024
15.703173 0.026860
15.708174 0.029515
15.713175 0.032945
15.718176 0.037542
15.723177 0.041054
15.728178 0.044428
15.733179 0.046979
15.738180 0.050457
15.743181 0.053687
15.748182 0.054798
15.753183 0.056153
15.758184 0.058278
15.763185 0.059897
15.768186 0.060721
15.773187 0.061764
15.778188 0.062539
15.783189 0.062599
15.788190 0.060334
15.793191 0.056722
15.798192 0.052836
15.803193 0.046493
15.808194 0.038623
15.813195 0.029860
15.818196 0.020572
15.823197 0.010997
15.828198 0.000746
15.833199 -0.008619
15.838200 -0.017121
15.843201 -0.024716
15.848202 -0.031011
15.853203 -0.035732
15.858204 -0.038054
15.863205 -0.040119
15.868206 -0.041548
15.873207 -0.041138
15.878208 -0.040383
15.883209 -0.038662
15.888210 -0.036707
15.893211 -0.034470
15.898212 -0.030227
15.903213 -0.025320
15.908214 -0.020456
15.913215 -0.014492
15.918216 -0.008303
15.923217 -0.002530
15.928218 0.002375
15.933219 0.006400
15.938220 0.009693
15.943222 0.010792
15.948223 0.009726
15.953224 0.007727
15.958225 0.005799
15.963226 0.002908
15.968227 -0.001151
15.973228 -0.004756
15.978229 -0.007785
15.983230 -0.010316
15.988231 -0.012839
15.993232 -0.014790
15.998233 -0.015641
16.003234 -0.017113
16.008235 -0.019390
16.013236 -0.021222
16.018237 -0.022331
16.023238 -0.023213
16.028239 -0.024550
16.033240 -0.026016
16.038241 -0.027583
16.043242 -0.029485
16.048243 -0.032506
16.053244 -0.035408
16.058245 -0.037299
16.063246 -0.039543
16.068247 -0.041458
16.073248 -0.042007
16.078249 -0.040504
16.083250 -0.038581
16.088251 -0.036615
16.093252 -0.032199
16.098253 -0.025761
16.103254 -0.019373
16.108255 -0.012946
16.113256 -0.005816
16.118257 0.001808
16.123258 0.009391
16.128259 0.015676
16.133260 0.021711
16.138261 0.028495
16.143262 0.034503
16.148263 0.039645
16.153264 0.044611
16.158265 0.049616
16.163266 0.053793
16.168267 0.055879
16.173268 0.057671
16.178269 0.059980
16.183270 0.060521
16.188271 0.059496
16.193272 0.057807
16.198273 0.055802
16.203274 0.052669
16.208275 0.047449
16.213276 0.041958
16.218277 0.036532
16.223278 0.030546
16.228279 0.024406
16.233280 0.019002
16.238281 0.015074
16.243282 0.012231
16.248283 0.009755
16.253284 0.008124
16.258285 0.008862
16.263286 0.009878
16.268287 0.010505
16.273288 0.011531
16.278289 0.011871
16.283290 0.012204
16.288291 0.010013
16.293292 0.005985
16.298293 0.001853
16.303294 -0.004722
16.308295 -0.013050
16.313296 -0.022484
16.318297 -0.031511
16.323298 -0.040165
16.328299 -0.049590
16.333300 -0.057609
16.338301 -0.064775
16.343302 -0.071278
16.348303 -0.077017
16.353304 -0.081678
16.358305 -0.083586
16.363306 -0.084550
16.368307 -0.084528
16.373308 -0.081578
16.378309 -0.076418
16.383310 -0.070511
16.388311 -0.064520
16.393312 -0.057865
16.398313 -0.050523
16.403314 -0.044018
16.408315 -0.038749
16.413316 -0.033110
16.418318 -0.027228
16.423319 -0.021966
16.428320 -0.016763
16.433321 -0.010918
16.438322 -0.004299
16.443323 0.002540
16.448324 0.008738
16.453325 0.014827
16.458326 0.021307
16.463327 0.027398
16.468328 0.032248
16.473329 0.036969
16.478330 0.043154
16.483331 0.049159
16.488332 0.054307
16.493333 0.060375
16.498334 0.066923
16.503335 0.073397
16.508336 0.078806
16.513337 0.083112
16.518338 0.088355
16.523339 0.092225
16.528340 0.093614
16.533341 0.094636
16.538342 0.095163
16.543343 0.093685
16.548344 0.090638
16.553345 0.087013
16.558346 0.082432
16.563347 0.076613
16.568348 0.069169
16.573349 0.062133
16.578350 0.055434
16.583351 0.046655
16.588352 0.036944
16.593353 0.026974
16.598354 0.016846
16.603355 0.006358
16.608356 -0.004900
16.613357 -0.015392
16.618358 -0.024585
16.623359 -0.034222
16.628360 -0.044058
16.633361 -0.052821
16.638362 -0.060654
16.643363 -0.067272
16.648364 -0.074120
16.653365 -0.080040
16.658366 -0.083266
16.663367 -0.086034
16.668368 -0.088240
16.673369 -0.089151
16.678370 -0.088677
16.683371 -0.086912
16.688372 -0.085136
16.693373 -0.082017
16.698374 -0.077080
16.703375 -0.071659
16.708376 -0.065138
16.713377 -0.058673
16.718378 -0.051520
16.723379 -0.043858
16.728380 -0.037453
16.733381 -0.030579
16.738382 -0.023615
16.743383 -0.016955
16.748384 -0.010925
16.753385 -0.005236
16.758386 0.001198
16.763387 0.006027
16.768388 0.009813
16.773389 0.014124
16.778390 0.019576
16.783391 0.025155
16.788392 0.029690
16.793393 0.035182
16.798394 0.041322
16.803395 0.047329
16.808396 0.052349
16.813397 0.056333
16.818398 0.059926
16.823399 0.061124
16.828400 0.060338
16.833401 0.057456
16.838402 0.052163
16.843403 0.044585
16.848404 0.034305
16.853405 0.023365
16.858406 0.012701
16.863407 0.000523
16.868408 -0.012290
16.873409 -0.023343
16.878410 -0.033290
16.883411 -0.041753
16.888412 -0.048798
16.893414 -0.054528
16.898415 -0.057644
16.903416 -0.058733
16.908417 -0.058713
16.913418 -0.058121
16.918419 -0.055265
16.923420 -0.051126
16.928421 -0.047122
16.933422 -0.041604
16.938423 -0.034524
16.943424 -0.026413
16.948425 -0.018683
16.953426 -0.010567
16.958427 -0.000948
16.963428 0.008596
16.968429 0.017893
16.973430 0.026739
16.978431 0.035675
16.983432 0.043976
16.988433 0.050646
16.993434 0.056291
16.998435 0.061159
17.003436 0.064763
17.008437 0.066383
17.013438 0.067614
17.018439 0.068639
17.023440 0.067599
17.028441 0.065523
17.033442 0.063307
17.038443 0.060346
17.043444 0.056649
17.048445 0.051960
17.053446 0.046889
17.058447 0.042176
17.063448 0.037081
17.068449 0.030178
17.073450 0.023571
17.078451 0.018202
17.083452 0.012052
17.088453 0.005798
17.093454 -0.000095
17.098455 -0.004911
17.103456 -0.009599
17.108457 -0.014562
17.113458 -0.018764
17.118459 -0.022066
17.123460 -0.025059
17.128461 -0.029177
17.133462 -0.032475
17.138463 -0.034458
17.143464 -0.036794
17.148465 -0.039328
17.153466 -0.041106
17.158467 -0.041252
17.163468 -0.041052
17.168469 -0.040228
17.173470 -0.037525
17.178471 -0.033374
17.183472 -0.028537
17.188473 -0.023581
17.193474 -0.018510
17.198475 -0.012891
17.203476 -0.007167
17.208477 -0.003134
17.213478 0.000284
17.218479 0.003838
17.223480 0.006018
17.228481 0.006395
17.233482 0.005499
17.238483 0.004767
17.243484 0.002642
17.248485 -0.001612
17.253486 -0.005518
17.258487 -0.009201
17.263488 -0.012837
17.268489 -0.016936
17.273490 -0.020758
17.278491 -0.022370
17.283492 -0.023777
17.288493 -0.025975
17.293494 -0.026597
17.298495 -0.025682
17.303496 -0.024932
17.308497 -0.024125
17.313498 -0.022669
17.318499 -0.020325
17.323500 -0.017973
17.328501 -0.015906
17.333502 -0.013256
17.338503 -0.009570
17.343504 -0.005442
17.348505 -0.002431
17.353506 0.001300
17.358507 0.006608
17.363508 0.010962
17.368509 0.015098
17.373511 0.020042
17.378512 0.025357
17.383513 0.030621
17.388514 0.034754
17.393515 0.038434
17.398516 0.042734
17.403517 0.045295
17.408518 0.045480
17.413519 0.044804
17.418520 0.043210
17.423521 0.040197
17.428522 0.035329
17.433523 0.030257
17.438524 0.025393
17.443525 0.020047
17.448526 0.014595
17.453527 0.009342
17.458528 0.005737
17.463529 0.001974
17.468530 -0.002992
17.473531 -0.007184
17.478532 -0.010976
17.483533 -0.015393
17.488534 -0.020956
17.493535 -0.026584
17.498536 -0.030913
17.503537 -0.035070
17.508538 -0.039334
17.513539 -0.041881
17.518540 -0.042072
17.523541 -0.041402
17.528542 -0.039774
17.533543 -0.035561
17.538544 -0.029567
17.543545 -0.022775
17.548546 -0.015028
17.553547 -0.005616
17.558548 0.004946
17.563549 0.013966
17.568550 0.022058
17.573551 0.030210
17.578552 0.037152
17.583553 0.042423
17.588554 0.045612
17.593555 0.047212
17.598556 0.047505
17.603557 0.045559
17.608558 0.041892
17.613559 0.037468
17.618560 0.033167
17.623561 0.028566
17.628562 0.022680
17.633563 0.016088
17.638564 0.010024
17.643565 0.004350
17.648566 -0.002938
17.653567 -0.010750
17.658568 -0.017537
17.663569 -0.024111
17.668570 -0.030751
17.673571 -0.036543
17.678572 -0.039668
17.683573 -0.042041
17.688574 -0.044128
17.693575 -0.044027
17.698576 -0.042547
17.703577 -0.039944
17.708578 -0.037085
17.713579 -0.033751
17.718580 -0.029094
17.723581 -0.025232
17.728582 -0.022622
17.733583 -0.020131
17.738584 -0.017448
17.743585 -0.014821
17.748586 -0.013285
17.753587 -0.010987
17.758588 -0.007783
17.763589 -0.005196
17.768590 -0.002601
17.773591 0.000264
17.778592 0.004199
17.783593 0.008350
17.788594 0.012171
17.793595 0.016781
17.798596 0.022431
17.803597 0.027150
17.808598 0.030522
17.813599 0.033835
17.818600 0.036808
17.823601 0.038850
17.828602 0.038949
17.833603 0.037015
17.838604 0.035562
17.843605 0.033161
17.848607 0.028242
17.853608 0.023154
17.858609 0.017441
17.863610 0.011170
17.868611 0.004290
17.873612 -0.002817
17.878613 -0.008326
17.883614 -0.013122
17.888615 -0.018794
17.893616 -0.024134
17.898617 -0.027483
17.903618 -0.030783
17.908619 -0.034369
17.913620 -0.037180
17.918621 -0.038116
17.923622 -0.038238
17.928623 -0.037844
17.933624 -0.035508
17.938625 -0.031784
17.943626 -0.026335
17.948627 -0.020197
17.953628 -0.013347
17.958629 -0.005181
17.963630 0.003271
17.968631 0.010896
17.973632 0.018048
17.978633 0.025669
17.983634 0.031845
17.988635 0.035936
17.993636 0.038813
17.998637 0.040647
18.003638 0.040652
18.008639 0.038379
18.013640 0.035247
18.018641 0.032330
18.023642 0.028493
18.028643 0.023797
18.033644 0.019823
18.038645 0.016142
18.043646 0.012584
18.048647 0.008842
18.053648 0.004973
18.058649 0.002670
18.063650 0.000606
18.068651 -0.002029
18.073652 -0.003758
18.078653 -0.004692
18.083654 -0.005282
18.088655 -0.006341
18.093656 -0.007584
18.098657 -0.008027
18.103658 -0.008168
18.108659 -0.008222
18.113660 -0.007683
18.118661 -0.005757
18.123662 -0.003596
18.128663 -0.002497
18.133664 -0.000752
18.138665 0.001798
18.143666 0.004281
18.148667 0.006596
18.153668 0.008363
18.158669 0.011473
18.163670 0.014580
18.168671 0.015402
18.173672 0.016027
18.178673 0.016079
18.183674 0.015175
18.188675 0.012930
18.193676 0.009746
18.198677 0.007338
18.203678 0.004112
18.208679 -0.000161
18.213680 -0.004547
18.218681 -0.008916
18.223682 -0.012921
18.228683 -0.017392
18.233684 -0.021611
18.238685 -0.024380
18.243686 -0.026891
18.248687 -0.028452
18.253688 -0.028720
18.258689 -0.028282
18.263690 -0.026887
18.268691 -0.025729
18.273692 -0.023392
18.278693 -0.019263
18.283694 -0.014892
18.288695 -0.010478
18.293696 -0.006384
18.298697 -0.002144
18.303698 0.001946
18.308699 0.004824
18.313700 0.006975
18.318701 0.009058
18.323703 0.010385
18.328704 0.010510
18.333705 0.009934
18.338706 0.009051
18.343707 0.008010
18.348708 0.005345
18.353709 0.002066
18.358710 -0.000505
18.363711 -0.003794
18.368712 -0.007670
18.373713 -0.011673
18.378714 -0.015210
18.383715 -0.017858
18.388716 -0.020775
18.393717 -0.024292
18.398718 -0.026597
18.403719 -0.028564
18.408720 -0.030747
18.413721 -0.031517
18.418722 -0.031133
18.423723 -0.029334
18.428724 -0.027175
18.433725 -0.024530
18.438726 -0.019681
18.443727 -0.014689
18.448728 -0.009910
18.453729 -0.004615
18.458730 0.000952
18.463731 0.007062
18.468732 0.012117
18.473733 0.016321
18.478734 0.021359
18.483735 0.025384
18.488736 0.027764
18.493737 0.029945
18.498738 0.031588
18.503739 0.032494
18.508740 0.032761
18.513741 0.032505
18.518742 0.033592
18.523743 0.034559
18.528744 0.034522
18.533745 0.035896
18.538746 0.037246
18.543747 0.038641
18.548748 0.040143
18.553749 0.041333
18.558750 0.043051
18.563751 0.042756
18.568752 0.040444
18.573753 0.037337
18.578754 0.033061
18.583755 0.027252
18.588756 0.019210
18.593757 0.010889
18.598758 0.003182
18.603759 -0.004954
18.608760 -0.013606
18.613761 -0.021813
18.618762 -0.027585
18.623763 -0.032036
18.628764 -0.035728
18.633765 -0.037382
18.638766 -0.037628
18.643767 -0.036272
18.648768 -0.034136
18.653769 -0.031963
18.658770 -0.028954
18.663771 -0.025885
18.668772 -0.023777
18.673773 -0.021972
18.678774 -0.020347
18.683775 -0.020013
18.688776 -0.020839
18.693777 -0.021776
18.698778 -0.022892
18.703779 -0.024336
18.708780 -0.026275
18.713781 -0.027495
18.718782 -0.026981
18.723783 -0.025984
18.728784 -0.023847
18.733785 -0.020022
18.738786 -0.014175
18.743787 -0.007192
18.748788 -0.000415
18.753789 0.007054
18.758790 0.015305
18.763791 0.023464
18.768792 0.029598
18.773793 0.034970
18.778794 0.040296
18.783795 0.043456
18.788796 0.045021
18.793797 0.045219
18.798799 0.044702
18.803800 0.043191
18.808801 0.039618
18.813802 0.035256
18.818803 0.030975
18.823804 0.025873
18.828805 0.019571
18.833806 0.013048
18.838807 0.006399
18.843808 0.000090
18.848809 -0.006534
18.853810 -0.013254
18.858811 -0.018484
18.863812 -0.023113
18.868813 -0.027851
18.873814 -0.032047
18.878815 -0.034454
18.883816 -0.036223
18.888817 -0.038053
18.893818 -0.038594
18.898819 -0.037610
18.903820 -0.035277
18.908821 -0.033514
18.913822 -0.030649
18.918823 -0.026111
18.923824 -0.022219
18.928825 -0.018642
18.933826 -0.015383
18.938827 -0.011248
18.943828 -0.007263
18.948829 -0.005436
18.953830 -0.003106
18.958831 0.000208
18.963832 0.002128
18.968833 0.003391
18.973834 0.005029
18.978835 0.007152
18.983836 0.009766
18.988837 0.011321
18.993838 0.013005
18.998839 0.015799
19.003840 0.018690
19.008841 0.021532
19.013842 0.023786
19.018843 0.026609
19.023844 0.029805
19.028845 0.031931
19.033846 0.033775
19.038847 0.036659
19.043848 0.038877
19.048849 0.039566
19.053850 0.040827
19.058851 0.041795
19.063852 0.042321
19.068853 0.041679
19.073854 0.040120
19.078855 0.039533
19.083856 0.037369
19.088857 0.034070
19.093858 0.030922
19.098859 0.027422
19.103860 0.023082
19.108861 0.017199
19.113862 0.011741
19.118863 0.006221
19.123864 0.000191
19.128865 -0.006321
19.133866 -0.012937
19.138867 -0.018194
19.143868 -0.023703
19.148869 -0.029418
19.153870 -0.034136
19.158871 -0.037949
19.163872 -0.041106
19.168873 -0.044624
19.173874 -0.047013
19.178875 -0.047828
19.183876 -0.047997
19.188877 -0.048224
19.193878 -0.047631
19.198879 -0.044838
19.203880 -0.042013
19.208881 -0.039441
19.213882 -0.035825
19.218883 -0.031649
19.223884 -0.027895
19.228885 -0.024694
19.233886 -0.021338
19.238887 -0.017374
19.243888 -0.013351
19.248889 -0.010083
19.253890 -0.006906
19.258891 -0.003735
19.263892 -0.000990
19.268893 0.001035
19.273895 0.002772
19.278896 0.004583
19.283897 0.005887
19.288898 0.006814
19.293899 0.006556
19.298900 0.007032
19.303901 0.007670
19.308902 0.006554
19.313903 0.006392
19.318904 0.007076
19.323905 0.007607
19.328906 0.007323
19.333907 0.006774
19.338908 0.007504
19.343909 0.007928
19.348910 0.007075
19.353911 0.006377
19.358912 0.006202
19.363913 0.006121
19.368914 0.005214
19.373915 0.003541
19.378916 0.003340
19.383917 0.003031
19.388918 0.001506
19.393919 0.000878
19.398920 0.001137
19.403921 0.001424
19.408922 0.000999
19.413923 0.000368
19.418924 0.000911
19.423925 0.001805
19.428926 0.001981
19.433927 0.002820
19.438928 0.004159
19.443929 0.005134
19.448930 0.005679
19.453931 0.005717
19.458932 0.006203
19.463933 0.006075
19.468934 0.004875
19.473935 0.004360
19.478936 0.004580
19.483937 0.004836
19.488938 0.004516
19.493939 0.004731
19.498940 0.006463
19.503941 0.008562
19.508942 0.010437
19.513943 0.013097
19.518944 0.017057
19.523945 0.020749
19.528946 0.024387
19.533947 0.027913
19.538948 0.031787
19.543949 0.035718
19.548950 0.038008
19.553951 0.040069
19.558952 0.042257
19.563953 0.043817
19.568954 0.043504
19.573955 0.041804
19.578956 0.039734
19.583957 0.036637
19.588958 0.031146
19.593959 0.024952
19.598960 0.019558
19.603961 0.012464
19.608962 0.004493
19.613963 -0.003339
19.618964 -0.011053
19.623965 -0.018019
19.628966 -0.025604
19.633967 -0.032331
19.638968 -0.037448
19.643969 -0.042145
19.648970 -0.046010
19.653971 -0.049716
19.658972 -0.052307
19.663973 -0.054077
19.668974 -0.055766
19.673975 -0.056116
19.678976 -0.055861
19.683977 -0.055497
19.688978 -0.054711
19.693979 -0.052828
19.698980 -0.049933
19.703981 -0.046939
19.708982 -0.044358
19.713983 -0.041482
19.718984 -0.036953
19.723985 -0.032605
19.728986 -0.029088
19.733987 -0.024763
19.738988 -0.019940
19.743989 -0.015539
19.748991 -0.011946
19.753992 -0.008673
19.758993 -0.004626
19.763994 -0.000877
19.768995 0.002427
19.773996 0.006696
19.778997 0.011661
19.783998 0.016897
19.788999 0.021569
19.794000 0.026929
19.799001 0.032934
19.804002 0.038918
19.809003 0.044527
19.814004 0.048759
19.819005 0.053132
19.824006 0.056482
19.829007 0.057549
19.834008 0.057907
19.839009 0.057551
19.844010 0.055129
19.849011 0.051507
19.854012 0.047681
19.859013 0.042723
19.864014 0.037226
19.869015 0.030725
19.874016 0.023081
19.879017 0.016456
19.884018 0.010484
19.889019 0.002684
19.894020 -0.004551
19.899021 -0.009330
19.904022 -0.014182
19.909023 -0.018724
19.914024 -0.022300
19.919025 -0.024170
19.924026 -0.024752
19.929027 -0.026005
19.934028 -0.025737
19.939029 -0.023729
19.944030 -0.022243
19.949031 -0.020911
19.954032 -0.018739
19.959033 -0.016233
19.964034 -0.013747
19.969035 -0.011934
19.974036 -0.010268
19.979037 -0.007884
19.984038 -0.006052
19.989039 -0.005206
19.994040 -0.004487
19.999041 -0.003375
20.004042 -0.002658
20.009043 -0.002858
20.014044 -0.004002
20.019045 -0.004215
20.024046 -0.003610
20.029047 -0.004742
20.034048 -0.006454
20.039049 -0.007250
20.044050 -0.007842
20.049051 -0.008877
20.054052 -0.009858
20.059053 -0.009710
20.064054 -0.009025
20.069055 -0.009368
20.074056 -0.009182
20.079057 -0.007851
20.084058 -0.007546
20.089059 -0.007491
20.094060 -0.006486
20.099061 -0.004751
20.104062 -0.003118
20.109063 -0.002482
20.114064 -0.001556
20.119065 0.000299
20.124066 0.001783
20.129067 0.002999
20.134068 0.004433
20.139069 0.007047
20.144070 0.009942
20.149071 0.011736
20.154072 0.014407
20.159073 0.017542
20.164074 0.019707
20.169075 0.020792
20.174076 0.021206
20.179077 0.021415
20.184078 0.020705
20.189079 0.018679
20.194080 0.015666
20.199081 0.012885
20.204082 0.009772
20.209083 0.004870
20.214084 -0.000469
20.219085 -0.004498
20.224086 -0.008580
20.229088 -0.013734
20.234089 -0.017618
20.239090 -0.020726
20.244091 -0.023287
20.249092 -0.025373
20.254093 -0.027422
20.259094 -0.027631
20.264095 -0.027505
20.269096 -0.027158
20.274097 -0.025685
20.279098 -0.022997
20.284099 -0.019495
20.289100 -0.016320
20.294101 -0.012013
20.299102 -0.006902
20.304103 -0.002189
20.309104 0.002162
20.314105 0.006731
20.319106 0.012093
20.324107 0.016940
20.329108 0.020657
20.334109 0.024405
20.339110 0.028085
20.344111 0.030990
20.349112 0.032479
20.354113 0.033641
20.359114 0.035554
20.364115 0.035694
20.369116 0.034352
20.374117 0.033035
20.379118 0.031987
20.384119 0.029994
20.389120 0.026362
20.394121 0.022948
20.399122 0.020070
20.404123 0.017079
20.409124 0.012557
20.414125 0.008195
20.419126 0.004831
20.424127 0.000235
20.429128 -0.004195
20.434129 -0.008951
20.439130 -0.013030
20.444131 -0.016624
20.449132 -0.021926
20.454133 -0.026052
20.459134 -0.029486
20.464135 -0.032816
20.469136 -0.036337
20.474137 -0.039807
20.479138 -0.041575
20.484139 -0.043016
20.489140 -0.044603
20.494141 -0.045764
20.499142 -0.044847
20.504143 -0.043450
20.509144 -0.041970
20.514145 -0.038357
20.519146 -0.033566
20.524147 -0.027959
20.529148 -0.022287
20.534149 -0.015966
20.539150 -0.008704
20.544151 -0.002757
20.549152 0.002162
20.554153 0.007254
20.559154 0.012810
20.564155 0.017822
20.569156 0.021234
20.574157 0.024617
20.579158 0.028738
20.584159 0.031840
20.589160 0.034202
20.594161 0.036240
20.599162 0.038034
20.604163 0.039599
20.609164 0.039093
20.614165 0.037983
20.619166 0.037501
20.624167 0.036418
20.629168 0.033913
20.634169 0.030550
20.639170 0.027627
20.644171 0.024236
20.649172 0.019772
20.654173 0.015132
20.659174 0.011169
20.664175 0.007032
20.669176 0.002030
20.674177 -0.001950
20.679178 -0.005195
20.684179 -0.008359
20.689180 -0.011007
20.694181 -0.013889
20.699182 -0.015084
20.704184 -0.015112
20.709185 -0.016147
20.714186 -0.016301
20.719187 -0.015079
20.724188 -0.013410
20.729189 -0.011958
20.734190 -0.010585
20.739191 -0.008960
20.744192 -0.007210
20.749193 -0.006027
20.754194 -0.004667
20.759195 -0.002888
20.764196 -0.001572
20.769197 -0.000506
20.774198 -0.000228
20.779199 0.001219
20.784200 0.002700
20.789201 0.002736
20.794202 0.003711
20.799203 0.004442
20.804204 0.005095
20.809205 0.005351
20.814206 0.004809
20.819207 0.004913
20.824208 0.004744
20.829209 0.003638
20.834210 0.002150
20.839211 0.001099
20.844212 -0.000346
20.849213 -0.002748
20.854214 -0.005079
20.859215 -0.006948
20.864216 -0.008797
20.869217 -0.011032
20.874218 -0.012998
20.879219 -0.013881
20.884220 -0.013921
20.889221 -0.014389
20.894222 -0.015019
20.899223 -0.014444
20.904224 -0.013314
20.909225 -0.013137
20.914226 -0.013080
20.919227 -0.012001
20.924228 -0.010851
20.929229 -0.010495
20.934230 -0.010409
20.939231 -0.009527
20.944232 -0.008511
20.949233 -0.008663
20.954234 -0.008710
20.959235 -0.008065
20.964236 -0.007277
20.969237 -0.006554
20.974238 -0.005851
20.979239 -0.004439
20.984240 -0.002486
20.989241 -0.001144
20.994242 -0.000080
20.999243 0.002426
21.004244 0.004204
21.009245 0.005249
21.014246 0.007043
21.019247 0.008714
21.024248 0.010795
21.029249 0.012053
21.034250 0.012970
21.039251 0.013981
21.044252 0.015068
21.049253 0.015894
21.054254 0.016412
21.059255 0.018170
21.064256 0.019701
21.069257 0.020036
21.074258 0.020334
21.079259 0.021590
21.084260 0.022914
21.089261 0.023076
21.094262 0.022785
21.099263 0.022916
21.104264 0.022931
21.109265 0.021713
21.114266 0.019844
21.119267 0.018545
21.124268 0.016969
21.129269 0.014124
21.134270 0.011394
21.139271 0.009495
21.144272 0.007543
21.149273 0.004547
21.154274 0.002095
21.159275 0.000918
21.164276 -0.000606
21.169277 -0.002695
21.174278 -0.004638
21.179280 -0.005229
21.184281 -0.005888
21.189282 -0.007086
21.194283 -0.007856
21.199284 -0.008238
21.204285 -0.008156
21.209286 -0.008802
21.214287 -0.010079
21.219288 -0.010637
21.224289 -0.011437
21.229290 -0.013666
21.234291 -0.015651
21.239292 -0.017037
21.244293 -0.018533
21.249294 -0.020423
21.254295 -0.021893
21.259296 -0.022311
21.264297 -0.022718
21.269298 -0.022884
21.274299 -0.022946
21.279300 -0.022322
21.284301 -0.021145
21.289302 -0.020844
21.294303 -0.020454
21.299304 -0.019524
21.304305 -0.019070
21.309306 -0.019835
21.314307 -0.020319
21.319308 -0.020116
21.324309 -0.020347
21.329310 -0.021152
21.334311 -0.021923
21.339312 -0.021351
21.344313 -0.021384
21.349314 -0.021654
21.354315 -0.020500
21.359316 -0.019479
21.364317 -0.018393
21.369318 -0.017311
21.374319 -0.015804
21.379320 -0.013200
21.384321 -0.010260
21.389322 -0.007251
21.394323 -0.003928
21.399324 0.000015
21.404325 0.004235
21.409326 0.008628
21.414327 0.012483
21.419328 0.016163
21.424329 0.020079
21.429330 0.022847
21.434331 0.025455
21.439332 0.028248
21.444333 0.030497
21.449334 0.031936
21.454335 0.032412
21.459336 0.033072
21.464337 0.033513
21.469338 0.033325
21.474339 0.033343
21.479340 0.032888
21.484341 0.031921
21.489342 0.030730
21.494343 0.029174
21.499344 0.028653
21.504345 0.028322
21.509346 0.026423
21.514347 0.025088
21.519348 0.024760
21.524349 0.023671
21.529350 0.021458
21.534351 0.018908
21.539352 0.017120
21.544353 0.015543
21.549354 0.013181
21.554355 0.010967
21.559356 0.010018
21.564357 0.009250
21.569358 0.007844
21.574359 0.006561
21.579360 0.006238
21.584361 0.005570
21.589362 0.003971
21.594363 0.003169
21.599364 0.002526
21.604365 0.001721
21.609366 -0.000063
21.614367 -0.002316
21.619368 -0.003680
21.624369 -0.005616
21.629370 -0.008087
21.634371 -0.010451
21.639372 -0.011345
21.644373 -0.011981
21.649374 -0.013292
21.654376 -0.013611
21.659377 -0.013921
21.664378 -0.013946
21.669379 -0.015072
21.674380 -0.016542
21.679381 -0.016331
21.684382 -0.016812
21.689383 -0.018387
21.694384 -0.019407
21.699385 -0.019600
21.704386 -0.020728
21.709387 -0.022224
21.714388 -0.023769
21.719389 -0.024736
21.724390 -0.025198
21.729391 -0.026806
21.734392 -0.026564
21.739393 -0.025139
21.744394 -0.024091
21.749395 -0.022986
21.754396 -0.022278
21.759397 -0.020157
21.764398 -0.018172
21.769399 -0.017597
21.774400 -0.016799
21.779401 -0.015640
21.784402 -0.014754
21.789403 -0.014835
21.794404 -0.014868
21.799405 -0.014554
21.804406 -0.014350
21.809407 -0.014259
21.814408 -0.014056
21.819409 -0.011946
21.824410 -0.009564
21.829411 -0.007427
21.834412 -0.003745
21.839413 0.000525
21.844414 0.005709
21.849415 0.010317
21.854416 0.014661
21.859417 0.019962
21.864418 0.024325
21.869419 0.028211
21.874420 0.030936
21.879421 0.033178
21.884422 0.035241
21.889423 0.035000
21.894424 0.033494
21.899425 0.032267
21.904426 0.030796
21.909427 0.027878
21.914428 0.024546
21.919429 0.021412
21.924430 0.018866
21.929431 0.015443
21.934432 0.011077
21.939433 0.008498
21.944434 0.005874
21.949435 0.002310
21.954436 -0.000422
21.959437 -0.002087
21.964438 -0.003279
21.969439 -0.005209
21.974440 -0.006787
21.979441 -0.006333
21.984442 -0.005813
21.989443 -0.006158
21.994444 -0.005609
21.999445 -0.003899
22.004446 -0.002304
22.009447 -0.001707
22.014448 -0.000784
22.019449 0.000661
22.024450 0.001405
22.029451 0.000586
22.034452 -0.000267
22.039453 -0.000232
22.044454 -0.000438
22.049455 -0.000788
22.054456 -0.001821
22.059457 -0.001552
22.064458 -0.001280
22.069459 -0.001912
22.074460 -0.001380
22.079461 -0.000618
22.084462 0.001080
22.089463 0.002779
22.094464 0.003852
22.099465 0.005735
22.104466 0.007571
22.109467 0.008027
22.114468 0.007851
22.119469 0.008313
22.124470 0.008913
22.129472 0.008598
22.134473 0.007577
22.139474 0.007676
22.144475 0.007703
22.149476 0.006325
22.154477 0.004718
22.159478 0.004125
22.164479 0.003419
22.169480 0.001745
22.174481 0.000213
22.179482 -0.001400
22.184483 -0.002844
22.189484 -0.004466
22.194485 -0.006846
22.199486 -0.008792
22.204487 -0.010135
22.209488 -0.012528
22.214489 -0.014970
22.219490 -0.017051
22.224491 -0.019017
22.229492 -0.021061
22.234493 -0.023275
22.239494 -0.023880
22.244495 -0.024848
22.249496 -0.025704
22.254497 -0.025567
22.259498 -0.024659
22.264499 -0.022792
22.269500 -0.022028
22.274501 -0.020897
22.279502 -0.018803
22.284503 -0.016634
22.289504 -0.015526
22.294505 -0.014585
22.299506 -0.013050
22.304507 -0.012157
22.309508 -0.011095
22.314509 -0.011054
22.319510 -0.010174
22.324511 -0.008995
22.329512 -0.009966
22.334513 -0.009886
22.339514 -0.009267
22.344515 -0.009315
22.349516 -0.009208
22.354517 -0.009111
22.359518 -0.007920
22.364519 -0.005512
22.369520 -0.004323
22.374521 -0.002554
22.379522 0.001244
22.384523 0.003815
22.389524 0.006087
22.394525 0.009210
22.399526 0.012632
22.404527 0.016123
22.409528 0.018477
22.414529 0.020523
22.419530 0.023272
22.424531 0.025838
22.429532 0.027525
22.434533 0.029319
22.439534 0.031080
22.444535 0.032483
22.449536 0.033053
22.454537 0.033565
22.459538 0.034308
22.464539 0.034099
22.469540 0.033436
22.474541 0.032448
22.479542 0.031720
22.484543 0.030721
22.489544 0.028320
22.494545 0.025918
22.499546 0.024123
22.504547 0.021746
22.509548 0.018663
22.514549 0.015568
22.519550 0.012732
22.524551 0.010156
22.529552 0.007134
22.534553 0.003999
22.539554 0.001828
22.544555 0.000106
22.549556 -0.002324
22.554557 -0.004194
22.559558 -0.005152
22.564559 -0.006089
22.569560 -0.007398
22.574561 -0.009151
22.579562 -0.009543
22.584563 -0.009773
22.589564 -0.010830
22.594565 -0.011871
22.599566 -0.012602
22.604568 -0.012349
22.609569 -0.012743
22.614570 -0.013474
22.619571 -0.013200
22.624572 -0.013022
22.629573 -0.013708
22.634574 -0.015153
22.639575 -0.015446
22.644576 -0.015303
22.649577 -0.016654
22.654578 -0.017515
22.659579 -0.017156
22.664580 -0.016440
22.669581 -0.016922
22.674582 -0.016932
22.679583 -0.015094
22.684584 -0.014028
22.689585 -0.012616
22.694586 -0.009989
22.699587 -0.006654
22.704588 -0.003309
22.709589 -0.000423
22.714590 0.002367
22.719591 0.005459
22.724592 0.008324
22.729593 0.009958
22.734594 0.011489
22.739595 0.012509
22.744596 0.013108
22.749597 0.013033
22.754598 0.012397
22.759599 0.011935
22.764600 0.010847
22.769601 0.009537
22.774602 0.007205
22.779603 0.005321
22.784604 0.004087
22.789605 0.000932
22.794606 -0.001935
22.799607 -0.003960
22.804608 -0.006653
22.809609 -0.009789
22.814610 -0.012674
22.819611 -0.014718
22.824612 -0.016710
22.829613 -0.019097
22.834614 -0.020323
22.839615 -0.020712
22.844616 -0.021022
22.849617 -0.021141
22.854618 -0.021009
22.859619 -0.019535
22.864620 -0.017841
22.869621 -0.017185
22.874622 -0.015992
22.879623 -0.013827
22.884624 -0.011767
22.889625 -0.009844
22.894626 -0.007648
22.899627 -0.004900
22.904628 -0.001978
22.909629 0.000381
22.914630 0.002237
22.919631 0.004686
22.924632 0.007109
22.929633 0.007620
22.934634 0.008401
22.939635 0.009672
22.944636 0.009637
22.949637 0.009434
22.954638 0.008922
22.959639 0.008712
22.964640 0.008978
22.969641 0.008550
22.974642 0.008451
22.979643 0.009204
22.984644 0.010227
22.989645 0.010935
22.994646 0.011348
22.999647 0.012876
23.004648 0.014356
23.009649 0.014518
23.014650 0.014888
23.019651 0.015984
23.024652 0.016538
23.029653 0.016182
23.034654 0.015855
23.039655 0.016121
23.044656 0.015969
23.049657 0.014289
23.054658 0.012943
23.059659 0.012502
23.064660 0.012237
23.069661 0.011529
23.074662 0.010146
23.079664 0.009756
23.084665 0.009879
23.089666 0.008775
23.094667 0.007742
23.099668 0.008230
23.104669 0.007795
23.109670 0.006594
23.114671 0.005602
23.119672 0.005057
23.124673 0.005372
23.129674 0.004350
23.134675 0.003595
23.139676 0.003597
23.144677 0.002789
23.149678 0.001932
23.154679 0.000525
23.159680 -0.000016
23.164681 -0.000426
23.169682 -0.002588
23.174683 -0.004313
23.179684 -0.005419
23.184685 -0.006658
23.189686 -0.008140
23.194687 -0.009381
23.199688 -0.009398
23.204689 -0.009270
23.209690 -0.009924
23.214691 -0.009757
23.219692 -0.009073
23.224693 -0.008843
23.229694 -0.008625
23.234695 -0.009022
23.239696 -0.008811
23.244697 -0.008161
23.249698 -0.009173
23.254699 -0.010268
23.259700 -0.010410
23.264701 -0.010833
23.269702 -0.012152
23.274703 -0.013904
23.279704 -0.014320
23.284705 -0.014530
23.289706 -0.015367
23.294707 -0.015491
23.299708 -0.015226
23.304709 -0.014134
23.309710 -0.013643
23.314711 -0.013146
23.319712 -0.010894
23.324713 -0.009237
23.329714 -0.007782
23.334715 -0.006004
23.339716 -0.004471
23.344717 -0.002724
23.349718 -0.002024
23.354719 -0.001160
23.359720 0.000154
23.364721 0.000469
23.369722 0.000056
23.374723 -0.000626
23.379724 -0.000205
23.384725 0.000158
23.389726 -0.000411
23.394727 -0.001108
23.399728 -0.001091
23.404729 -0.000289
23.409730 -0.000781
23.414731 -0.001297
23.419732 -0.000561
23.424733 0.000010
23.429734 0.000356
23.434735 0.000628
23.439736 0.001836
23.444737 0.003544
23.449738 0.004006
23.454739 0.004409
23.459740 0.005746
23.464741 0.007027
23.469742 0.007320
23.474743 0.007292
23.479744 0.008141
23.484745 0.009223
23.489746 0.009383
23.494747 0.009352
23.499748 0.009765
23.504749 0.010260
23.509750 0.010511
23.514751 0.010042
23.519752 0.010514
23.524753 0.010859
23.529754 0.009911
23.534755 0.009007
23.539756 0.007999
23.544757 0.007320
23.549758 0.005784
23.554759 0.004078
23.559761 0.003337
23.564762 0.002238
23.569763 0.001161
23.574764 0.000121
23.579765 -0.000620
23.584766 -0.001017
23.589767 -0.002427
23.594768 -0.003728
23.599769 -0.003474
23.604770 -0.003234
23.609771 -0.003554
23.614772 -0.003484
23.619773 -0.002859
23.624774 -0.001505
23.629775 -0.000736
23.634776 -0.000819
23.639777 0.000365
23.644778 0.002276
23.649779 0.002646
23.654780 0.002969
23.659781 0.004345
23.664782 0.005238
23.669783 0.005904
23.674784 0.006489
23.679785 0.007407
23.684786 0.008703
23.689787 0.009053
23.694788 0.009591
23.699789 0.010527
23.704790 0.011015
23.709791 0.010840
23.714792 0.009524
23.719793 0.008987
23.724794 0.008389
23.729795 0.006259
23.734796 0.004300
23.739797 0.002559
23.744798 0.000960
23.749799 -0.001021
23.754800 -0.003519
23.759801 -0.004853
23.764802 -0.006312
23.769803 -0.008416
23.774804 -0.010308
23.779805 -0.011477
23.784806 -0.011801
23.789807 -0.012635
23.794808 -0.013111
23.799809 -0.012296
23.804810 -0.010861
23.809811 -0.009875
23.814812 -0.008795
23.819813 -0.006745
23.824814 -0.005302
23.829815 -0.004008
23.834816 -0.002944
23.839817 -0.001806
23.844818 -0.000124
23.849819 0.000072
23.854820 -0.000275
23.859821 -0.000047
23.864822 -0.000168
23.869823 -0.001001
23.874824 -0.002759
23.879825 -0.004426
23.884826 -0.005955
23.889827 -0.008031
23.894828 -0.010013
23.899829 -0.011386
23.904830 -0.012687
23.909831 -0.014114
23.914832 -0.015142
23.919833 -0.015346
23.924834 -0.015183
23.929835 -0.015374
23.934836 -0.015362
23.939837 -0.014726
23.944838 -0.013456
23.949839 -0.012579
23.954840 -0.012336
23.959841 -0.010892
23.964842 -0.008904
23.969843 -0.007314
23.974844 -0.005341
23.979845 -0.003230
23.984846 0.000003
23.989847 0.002563
23.994848 0.004391
23.999849 0.007600
24.004850 0.011153
24.009851 0.013889
24.014852 0.015723
24.019853 0.018513
24.024854 0.021430
24.029855 0.023422
24.034857 0.025127
24.039858 0.026974
24.044859 0.028381
24.049860 0.028331
24.054861 0.028685
24.059862 0.028926
24.064863 0.028617
24.069864 0.027570
24.074865 0.025292
24.079866 0.023780
24.084867 0.022161
24.089868 0.018949
24.094869 0.015860
24.099870 0.013392
24.104871 0.010181
24.109872 0.006568
24.114873 0.002587
24.119874 -0.000724
24.124875 -0.003975
24.129876 -0.007686
24.134877 -0.010961
24.139878 -0.013885
24.144879 -0.015751
24.149880 -0.018059
24.154881 -0.020257
24.159882 -0.021040
24.164883 -0.021552
24.169884 -0.022402
24.174885 -0.022960
24.179886 -0.022213
24.184887 -0.021284
24.189888 -0.020514
24.194889 -0.019804
24.199890 -0.018716
24.204891 -0.017057
24.209892 -0.016575
24.214893 -0.016022
24.219894 -0.014479
24.224895 -0.013143
24.229896 -0.012267
24.234897 -0.012396
24.239898 -0.011627
24.244899 -0.011029
24.249900 -0.011806
24.254901 -0.011682
24.259902 -0.011315
24.264903 -0.010673
24.269904 -0.010721
24.274905 -0.010597
24.279906 -0.008677
24.284907 -0.007218
24.289908 -0.006300
24.294909 -0.004369
24.299910 -0.002122
24.304911 -0.000310
24.309912 0.001247
24.314913 0.001881
24.319914 0.003469
24.324915 0.006083
24.329916 0.007283
24.334917 0.008481
24.339918 0.010238
24.344919 0.011779
24.349920 0.012922
24.354921 0.013918
24.359922 0.015303
24.364923 0.016412
24.369924 0.016952
24.374925 0.017507
24.379926 0.018794
24.384927 0.020410
24.389928 0.021094
24.394929 0.021478
24.399930 0.022949
24.404931 0.024420
24.409932 0.025256
24.414933 0.025681
24.419934 0.025974
24.424935 0.026332
24.429936 0.024877
24.434937 0.022470
24.439938 0.021045
24.444939 0.019596
24.449940 0.017349
24.454941 0.014056
24.459942 0.011742
24.464943 0.010234
24.469944 0.007528
24.474945 0.004749
24.479946 0.002777
24.484947 0.001311
24.489948 -0.000669
24.494949 -0.002917
24.499950 -0.004255
24.504951 -0.005378
24.509953 -0.006980
24.514954 -0.008508
24.519955 -0.009192
24.524956 -0.009788
24.529957 -0.011477
24.534958 -0.012801
24.539959 -0.013398
24.544960 -0.013987
24.549961 -0.014817
24.554962 -0.016464
24.559963 -0.016880
24.564964 -0.016460
24.569965 -0.017003
24.574966 -0.017118
24.579967 -0.016480
24.584968 -0.015545
24.589969 -0.015102
24.594970 -0.014366
24.599971 -0.012483
24.604972 -0.010904
24.609973 -0.009748
24.614974 -0.008975
24.619975 -0.007106
24.624976 -0.004847
24.629977 -0.003625
24.634978 -0.002063
24.639979 -0.000426
24.644980 0.001563
24.649981 0.002974
24.654982 0.003722
24.659983 0.004901
24.664984 0.005829
24.669985 0.005559
24.674986 0.004778
24.679987 0.005203
24.684988 0.004948
24.689989 0.004080
24.694990 0.002954
24.699991 0.001976
24.704992 0.002346
24.709993 0.001382
24.714994 -0.000034
24.719995 0.000440
24.724996 0.000566
24.729997 -0.000092
24.734998 -0.000647
24.739999 -0.000883
24.745000 -0.000543
0.000000 0.000000
0.005001 -0.000049
0.010002 -0.000575
0.015003 0.002463
0.020004 -0.002443
0.025005 -0.000969
0.030006 0.005026
0.035007 -0.000969
0.040008 -0.001267
0.045009 -0.000679
0.050010 0.001850
0.055011 -0.000542
0.060012 -0.002238
0.065013 0.003862
0.070014 0.001114
0.075015 -0.003307
0.080016 0.001402
0.085017 0.000252
0.090018 0.000097
0.095019 0.004332
0.100020 -0.003789
0.105021 -0.001466
0.110022 0.004284
0.115023 0.001478
0.120024 -0.004491
0.125025 0.001675
0.130026 0.001652
0.135027 -0.000988
0.140028 0.001855
0.145029 -0.003489
0.150030 0.004686
0.155031 -0.001604
0.160032 -0.001651
0.165033 0.003818
0.170034 -0.001805
0.175035 0.003742
0.180036 -0.001359
0.185037 -0.002213
0.190038 0.002631
0.195039 -0.001050
0.200040 0.002358
0.205041 0.000946
0.210042 -0.001719
0.215043 0.001085
0.220044 -0.001535
0.225045 0.000960
0.230046 0.002202
0.235047 -0.001034
0.240048 -0.001709
0.245049 0.000172
0.250050 0.000660
0.255051 0.000785
0.260052 -0.000673
0.265053 0.000885
0.270054 0.001699
0.275055 -0.003314
0.280056 0.000072
0.285057 0.000022
0.290058 0.001695
0.295059 -0.000232
0.300060 -0.001385
0.305061 0.001552
0.310062 -0.001778
0.315063 0.001526
0.320064 -0.001109
0.325065 0.000126
0.330066 0.002067
0.335067 -0.000103
0.340068 -0.001925
0.345069 -0.003241
0.350070 0.004412
0.355071 -0.000005
0.360072 -0.001466
0.365073 0.000701
0.370074 -0.001185
0.375075 0.001762
0.380076 -0.003290
0.385077 0.001112
0.390078 0.002326
0.395079 -0.002130
0.400080 0.000073
0.405081 -0.000212
0.410082 -0.000278
0.415083 0.001481
0.420084 0.001150
0.425085 -0.004853
0.430086 0.002548
0.435087 0.001680
0.440088 -0.002426
0.445089 0.002719
0.450090 -0.002006
0.455091 0.000502
0.460092 -0.000116
0.465093 -0.001284
0.470094 0.001191
0.475095 0.000212
0.480096 -0.000112
0.485097 -0.003025
0.490098 0.002585
0.495099 0.001484
0.500100 -0.002850
0.505101 0.001229
0.510102 -0.000479
0.515103 0.000513
0.520104 0.000401
0.525105 -0.001115
0.530106 -0.000047
0.535107 0.002421
0.540108 -0.001084
0.545109 -0.001822
0.550110 0.003162
0.555111 -0.000617
0.560112 -0.000658
0.565113 -0.000567
0.570114 0.000106
0.575115 0.001129
0.580116 0.001674
0.585117 -0.001502
0.590118 -0.001440
0.595119 0.001456
0.600120 -0.002146
0.605121 0.002664
0.610122 -0.001300
0.615123 -0.001857
0.620124 0.001441
0.625125 -0.000724
0.630126 0.002771
0.635127 -0.001277
0.640128 -0.000944
0.645129 0.000778
0.650130 -0.000921
0.655131 0.002513
0.660132 -0.000983
0.665133 -0.001638
0.670134 0.002702
0.675135 -0.000820
0.680136 -0.001721
0.685137 0.000720
0.690138 0.002747
0.695139 -0.003002
0.700140 -0.001462
0.705141 0.003397
0.710142 -0.000918
0.715143 -0.000301
0.720144 0.000618
0.725145 0.001568
0.730146 -0.001220
0.735147 -0.000338
0.740148 -0.001158
0.745149 0.000925
0.750150 0.000961
0.755151 -0.000396
0.760152 0.002882
0.765153 -0.004188
0.770154 0.001708
0.775155 0.002235
0.780156 -0.002890
0.785157 0.001710
0.790158 0.000886
0.795159 -0.000822
0.800160 0.000742
0.805161 0.001703
0.810162 -0.002720
0.815163 -0.000128
0.820164 0.001799
0.825165 0.000699
0.830166 -0.000499
0.835167 -0.000680
0.840168 0.002252
0.845169 -0.002466
0.850170 0.001002
0.855171 0.001021
0.860172 -0.001379
0.865173 0.001119
0.870174 -0.000739
0.875175 0.001283
0.880176 -0.001843
0.885177 0.000577
0.890178 0.001282
0.895179 -0.001224
0.900180 0.001474
0.905181 0.000084
0.910182 -0.000317
0.915183 0.000189
0.920184 -0.000677
0.925185 0.000575
0.930186 0.001484
0.935187 -0.000690
0.940188 0.002776
0.945189 -0.001705
0.950190 -0.000392
0.955191 0.002192
0.960192 -0.002952
0.965193 0.002384
0.970194 0.000671
0.975195 -0.000039
0.980196 -0.000900
0.985197 -0.000555
0.990198 0.003269
0.995199 -0.000426
1.000200 -0.002559
1.005201 0.001215
1.010202 0.001615
1.015203 -0.000108
1.020204 -0.000441
1.025205 0.000500
1.030206 0.003748
1.035207 -0.002038
1.040208 -0.002170
1.045209 0.003276
1.050210 0.002224
1.055211 -0.002383
1.060212 0.001254
1.065213 0.001213
1.070214 -0.002082
1.075215 0.004700
1.080216 -0.002858
1.085217 -0.000218
1.090218 0.003323
1.095219 -0.002903
1.100220 0.001482
1.105221 -0.000626
1.110222 -0.000444
1.115223 0.002664
1.120224 0.000727
1.125225 -0.002818
1.130226 -0.000025
1.135228 0.002240
1.140229 -0.002215
1.145230 0.001057
1.150231 0.000705
1.155232 -0.001888
1.160233 0.001435
1.165234 0.000866
1.170235 -0.001603
1.175236 0.001450
1.180237 0.001352
1.185238 -0.001358
1.190239 0.002261
1.195240 -0.001579
1.200241 -0.000765
1.205242 0.002324
1.210243 -0.000442
1.215244 0.000756
1.220245 -0.000122
1.225246 0.000322
1.230247 0.000061
1.235248 0.000412
1.240249 -0.000344
1.245250 -0.000744
1.250251 0.002149
1.255252 0.000117
1.260253 -0.000877
1.265254 0.000134
1.270255 -0.000283
1.275256 0.001998
1.280257 -0.001556
1.285258 0.001552
1.290259 0.002853
1.295260 -0.004152
1.300261 0.002185
1.305262 -0.001415
1.310263 0.000307
1.315264 0.003005
1.320265 -0.002402
1.325266 0.001533
1.330267 -0.001689
1.335268 -0.000285
1.340269 0.004035
1.345270 -0.000776
1.350271 -0.003974
1.355272 0.004339
1.360273 -0.000883
1.365274 -0.001864
1.370275 0.005772
1.375276 -0.004807
1.380277 0.001508
1.385278 0.003219
1.390279 -0.002268
1.395280 0.001825
1.400281 0.000135
1.405282 -0.002047
1.410283 0.001083
1.415284 0.001937
1.420285 -0.003247
1.425286 0.002480
1.430287 0.001246
1.435288 -0.001418
1.440289 -0.000250
1.445290 0.000221
1.450291 0.003366
1.455292 -0.003557
1.460293 0.001764
1.465294 0.001035
1.470295 -0.002672
1.475296 0.002780
1.480297 -0.001403
1.485298 0.002452
1.490299 0.000272
1.495300 -0.001302
1.500301 0.001444
1.505302 -0.001472
1.510303 0.001400
1.515304 -0.000146
1.520305 -0.001615
1.525306 0.001132
1.530307 0.002132
1.535308 -0.000335
1.540309 -0.000272
1.545310 0.000008
1.550311 -0.000086
1.555312 0.000557
1.560313 -0.001370
1.565314 0.001632
1.570315 0.001575
1.575316 -0.001624
1.580317 0.000758
1.585318 0.001116
1.590319 -0.001346
1.595320 0.003412
1.600321 -0.000992
1.605322 -0.002478
1.610323 0.004165
1.615324 -0.001353
1.620325 0.000367
1.625326 0.002173
1.630327 0.001031
1.635328 -0.002287
1.640329 -0.000741
1.645330 0.002624
1.650331 -0.001885
1.655332 0.002986
1.660333 0.001189
1.665334 -0.002660
1.670335 0.000998
1.675336 0.002105
1.680337 -0.002918
1.685338 0.000445
1.690339 0.003962
1.695340 -0.001849
1.700341 0.000662
1.705342 -0.000098
1.710343 0.001656
1.715344 -0.001213
1.720345 0.000780
1.725346 0.001338
1.730347 -0.003622
1.735348 0.004411
1.740349 -0.000863
1.745350 0.000578
1.750351 0.000855
1.755352 -0.001848
1.760353 0.002323
1.765354 -0.002275
1.770355 0.002490
1.775356 0.001299
1.780357 -0.001665
1.785358 0.001098
1.790359 0.000200
1.795360 -0.001208
1.800361 -0.000292
1.805362 0.002383
1.810363 -0.002647
1.815364 0.003342
1.820365 -0.000656
1.825366 -0.002571
1.830367 0.005387
1.835368 -0.003508
1.840369 -0.000121
1.845370 0.000371
1.850371 0.001772
1.855372 -0.000616
1.860373 -0.001102
1.865374 0.003350
1.870375 -0.003887
1.875376 0.003749
1.880377 0.000897
1.885378 -0.002938
1.890379 0.003195
1.895380 0.000350
1.900381 -0.002508
1.905382 0.002260
1.910383 0.001102
1.915384 -0.002303
1.920385 0.003423
1.925386 -0.003619
1.930387 0.000215
1.935388 0.002816
1.940389 -0.004576
1.945390 0.002647
1.950391 0.002120
1.955392 -0.002832
1.960393 0.000669
1.965394 0.000629
1.970395 -0.000243
1.975396 0.001568
1.980397 -0.001590
1.985398 0.001273
1.990399 -0.000238
1.995400 0.000845
2.000401 -0.000368
2.005402 -0.000740
2.010403 0.004726
2.015404 -0.002992
2.020405 0.001973
2.025406 -0.001562
2.030407 -0.000785
2.035408 0.003934
2.040409 -0.003353
2.045410 0.000771
2.050411 -0.000486
2.055412 0.001227
2.060413 0.000055
2.065414 -0.002019
2.070415 0.002668
2.075416 -0.001254
2.080417 -0.001789
2.085418 0.002545
2.090419 0.000417
2.095420 -0.001091
2.100421 -0.000290
2.105422 0.000869
2.110423 0.002453
2.115424 0.000090
2.120425 -0.001702
2.125426 -0.001875
2.130427 0.003444
2.135428 0.000087
2.140429 -0.002481
2.145430 0.002985
2.150431 -0.001931
2.155432 -0.000267
2.160433 -0.001091
2.165434 0.001700
2.170435 0.001635
2.175436 -0.003386
2.180437 0.002223
2.185438 -0.002273
2.190439 0.000606
2.195440 0.000720
2.200441 -0.002890
2.205442 0.002643
2.210443 0.000260
2.215444 0.001365
2.220445 -0.001934
2.225446 -0.000693
2.230447 0.003814
2.235448 -0.003861
2.240449 0.002942
2.245450 0.000747
2.250451 -0.002714
2.255452 0.005066
2.260453 -0.004398
2.265454 -0.001458
2.270455 0.002296
2.275456 0.000968
2.280457 -0.000010
2.285458 -0.004306
2.290459 0.003765
2.295460 0.000519
2.300461 -0.001047
2.305462 0.001225
2.310463 -0.002988
2.315464 0.001592
2.320465 -0.000043
2.325466 -0.001952
2.330467 0.003499
2.335468 -0.002946
2.340469 -0.002773
2.345470 0.003601
2.350471 -0.001990
2.355472 -0.000178
2.360473 0.001186
2.365474 -0.001360
2.370475 -0.001578
2.375476 0.001674
2.380477 0.000781
2.385478 -0.001895
2.390479 0.000299
2.395480 -0.000594
2.400481 0.000091
2.405482 -0.003422
2.410483 0.001353
2.415484 0.004007
2.420485 -0.003058
2.425486 -0.001803
2.430487 0.002658
2.435488 -0.000370
2.440489 -0.001303
2.445490 0.001425
2.450491 -0.003352
2.455492 0.002353
2.460493 0.001888
2.465494 -0.002849
2.470495 0.001450
2.475496 -0.000244
2.480497 -0.000698
2.485498 0.000145
2.490499 0.000197
2.495500 0.000256
2.500501 -0.000079
2.505502 -0.001064
2.510503 0.000241
2.515504 0.000532
2.520505 -0.001937
2.525506 0.000591
2.530507 0.000775
2.535508 0.000416
2.540509 -0.000231
2.545510 -0.001923
2.550511 0.004793
2.555512 -0.001960
2.560513 -0.001541
2.565514 0.004500
2.570515 -0.003820
2.575516 -0.000216
2.580517 0.003000
2.585518 0.001852
2.590519 -0.002500
2.595520 0.001781
2.600521 0.000527
2.605522 -0.002928
2.610523 0.004644
2.615524 -0.002276
2.620525 0.000320
2.625526 0.002721
2.630527 -0.002771
2.635528 0.001558
2.640529 0.001363
2.645530 -0.002152
2.650531 0.001160
2.655532 0.001275
2.660533 -0.002345
2.665534 0.001360
2.670535 0.002540
2.675536 0.001051
2.680537 -0.001430
2.685538 -0.001277
2.690539 0.002558
2.695540 -0.000562
2.700541 -0.000297
2.705542 0.000107
2.710543 0.000773
2.715544 0.001243
2.720545 -0.002526
2.725546 0.002761
2.730547 -0.000086
2.735548 -0.001011
2.740549 0.001497
2.745550 -0.002483
2.750551 0.002141
2.755552 -0.000840
2.760553 0.000151
2.765554 0.001071
2.770555 0.000025
2.775556 0.000798
2.780557 -0.003225
2.785558 0.001803
2.790559 -0.001305
2.795560 0.001104
2.800561 0.001625
2.805562 -0.001000
2.810563 0.000942
2.815564 -0.001927
2.820565 0.003176
2.825566 -0.003049
2.830567 -0.000468
2.835568 0.005593
2.840569 -0.003115
2.845570 -0.001196
2.850571 0.001857
2.855572 0.000810
2.860573 -0.001006
2.865574 -0.000004
2.870575 0.001372
2.875576 -0.001262
2.880577 0.001215
2.885578 0.000406
2.890579 -0.001053
2.895580 -0.000477
2.900581 -0.000162
2.905582 0.002098
2.910583 -0.000602
2.915584 0.001847
2.920585 -0.000565
2.925586 -0.003445
2.930587 0.003928
2.935588 0.001002
2.940589 -0.002856
2.945590 0.000593
2.950591 0.002821
2.955592 -0.000875
2.960593 -0.002150
2.965594 0.002572
2.970595 -0.001127
2.975596 0.000262
2.980597 0.000112
2.985598 -0.002492
2.990599 0.002572
2.995600 -0.000438
3.000601 0.002837
3.005602 0.000228
3.010603 -0.003091
3.015604 0.004443
3.020605 -0.001319
3.025606 -0.000107
3.030607 0.002786
3.035608 -0.002112
3.040609 0.000558
3.045610 0.000060
3.050611 0.000122
3.055612 0.002321
3.060613 -0.000418
3.065614 -0.000881
3.070615 0.003559
3.075616 -0.001974
3.080617 -0.000925
3.085618 0.005312
3.090619 -0.002486
3.095620 0.002641
3.100621 -0.001391
3.105622 -0.002781
3.110623 0.006485
3.115624 -0.000995
3.120625 -0.000868
3.125626 0.001107
3.130627 -0.000589
3.135628 0.002588
3.140629 -0.000588
3.145630 -0.004183
3.150631 0.006398
3.155632 -0.000392
3.160633 -0.004592
3.165634 0.005318
3.170635 -0.000412
3.175636 -0.000958
3.180637 -0.000320
3.185638 0.001949
3.190639 0.001348
3.195640 -0.002481
3.200641 0.000634
3.205642 0.000767
3.210643 0.000210
3.215644 0.000749
3.220645 -0.001573
3.225646 -0.000423
3.230647 0.000497
3.235648 0.000081
3.240649 0.001271
3.245650 -0.000989
3.250651 0.001606
3.255652 -0.000224
3.260653 -0.001213
3.265654 0.001132
3.270655 0.002012
3.275656 0.000212
3.280657 -0.001947
3.285658 0.003163
3.290659 -0.000441
3.295660 0.000431
3.300661 -0.000594
3.305662 -0.002104
3.310663 0.003752
3.315664 -0.000557
3.320665 0.000515
3.325666 0.000644
3.330667 -0.001353
3.335668 0.003305
3.340669 -0.001294
3.345670 -0.000197
3.350671 0.001463
3.355672 -0.001311
3.360673 0.002977
3.365674 -0.001096
3.370675 0.001778
3.375676 0.001903
3.380677 -0.003733
3.385678 0.002714
3.390679 0.002503
3.395680 -0.001869
3.400681 0.000296
3.405683 0.001000
3.410684 -0.000748
3.415685 0.001233
3.420686 0.001420
3.425687 -0.002247
3.430688 0.001275
3.435689 0.002759
3.440690 -0.003195
3.445691 0.002966
3.450692 0.001106
3.455693 -0.001925
3.460694 0.001368
3.465695 -0.000395
3.470696 0.004038
3.475697 -0.001794
3.480698 0.000090
3.485699 0.000108
3.490700 0.001001
3.495701 0.002986
3.500702 -0.006793
3.505703 0.003565
3.510704 0.000388
3.515705 -0.000316
3.520706 0.003824
3.525707 -0.004096
3.530708 0.003862
3.535709 0.000358
3.540710 -0.002006
3.545711 0.000745
3.550712 0.000314
3.555713 0.002781
3.560714 -0.002115
3.565715 0.003621
3.570716 0.001081
3.575717 -0.003760
3.580718 0.002207
3.585719 0.002355
3.590720 0.001913
3.595721 -0.004978
3.600722 0.002975
3.605723 0.003138
3.610724 -0.003887
3.615725 0.002518
3.620726 -0.000584
3.625727 0.001130
3.630728 0.000352
3.635729 0.000743
3.640730 0.000529
3.645731 -0.001056
3.650732 0.001436
3.655733 0.000625
3.660734 0.001267
3.665735 0.000121
3.670736 0.002011
3.675737 -0.001894
3.680738 -0.001368
3.685739 0.002947
3.690740 0.000384
3.695741 -0.000850
3.700742 0.000866
3.705743 0.000607
3.710744 -0.001757
3.715745 0.003914
3.720746 -0.001999
3.725747 0.000145
3.730748 0.003724
3.735749 -0.002337
3.740750 0.002172
3.745751 -0.002321
3.750752 0.002114
3.755753 0.001222
3.760754 -0.002023
3.765755 0.002247
3.770756 0.000426
3.775757 0.000833
3.780758 -0.003666
3.785759 0.002309
3.790760 0.001899
3.795761 -0.001905
3.800762 0.002062
3.805763 -0.001532
3.810764 0.001861
3.815765 0.001017
3.820766 -0.001764
3.825767 0.001050
3.830768 -0.000026
3.835769 0.002136
3.840770 -0.000459
3.845771 -0.001314
3.850772 0.002187
3.855773 -0.001351
3.860774 0.001615
3.865775 0.000822
3.870776 -0.002162
3.875777 0.001940
3.880778 -0.001186
3.885779 0.000422
3.890780 0.001972
3.895781 -0.000536
3.900782 -0.001580
3.905783 0.000188
3.910784 0.003210
3.915785 -0.003451
3.920786 0.001259
3.925787 0.000811
3.930788 -0.001115
3.935789 0.005183
3.940790 -0.004099
3.945791 -0.000593
3.950792 0.002351
3.955793 -0.001027
3.960794 0.000651
3.965795 0.000965
3.970796 -0.001291
3.975797 -0.000293
3.980798 0.002534
3.985799 -0.002551
3.990800 0.001777
3.995801 0.000817
4.000802 -0.001345
4.005803 -0.000386
4.010804 0.001021
4.015805 0.002035
4.020806 -0.002526
4.025807 0.001195
4.030808 0.001385
4.035809 -0.000591
4.040810 -0.001083
4.045811 0.000283
4.050812 0.000860
4.055813 -0.000430
4.060814 0.001136
4.065815 -0.001134
4.070816 -0.000481
4.075817 0.001528
4.080818 -0.000171
4.085819 0.000045
4.090820 -0.000032
4.095821 0.001072
4.100822 -0.001134
4.105823 -0.002360
4.110824 0.002527
4.115825 0.001828
4.120826 -0.002372
4.125827 -0.000232
4.130828 0.001521
4.135829 -0.000861
4.140830 0.003291
4.145831 -0.001582
4.150832 -0.002331
4.155833 0.004641
4.160834 -0.000207
4.165835 0.000305
4.170836 -0.000002
4.175837 -0.002117
4.180838 0.001859
4.185839 0.001597
4.190840 -0.001402
4.195841 0.002141
4.200842 -0.000833
4.205843 -0.001557
4.210844 0.003574
4.215845 -0.001050
4.220846 -0.001532
4.225847 0.000946
4.230848 0.001862
4.235849 -0.000910
4.240850 -0.000290
4.245851 0.001508
4.250852 -0.000162
4.255853 -0.000094
4.260854 -0.000607
4.265855 0.000346
4.270856 -0.002085
4.275857 0.002076
4.280858 0.001760
4.285859 -0.003157
4.290860 0.003286
4.295861 0.000609
4.300862 -0.002102
4.305863 0.001580
4.310864 -0.000597
4.315865 0.001519
4.320866 -0.000111
4.325867 -0.001008
4.330868 0.002085
4.335869 -0.000624
4.340870 -0.000204
4.345871 -0.000661
4.350872 0.002097
4.355873 0.001694
4.360874 -0.001599
4.365875 0.000081
4.370876 0.001879
4.375877 0.000070
4.380878 -0.002947
4.385879 0.003751
4.390880 0.002084
4.395881 -0.002782
4.400882 0.001589
4.405883 0.001798
4.410884 -0.001935
4.415885 0.001430
4.420886 0.001410
4.425887 -0.000712
4.430888 0.002523
4.435889 -0.000601
4.440890 -0.000288
4.445891 -0.000387
4.450892 0.001876
4.455893 0.001889
4.460894 -0.002862
4.465895 0.000296
4.470896 0.002427
4.475897 0.000104
4.480898 -0.000632
4.485899 0.000311
4.490900 -0.000711
4.495901 0.001510
4.500902 -0.001101
4.505903 0.000222
4.510904 0.001371
4.515905 -0.000449
4.520906 0.001679
4.525907 -0.002026
4.530908 0.002232
4.535909 0.001546
4.540910 -0.000272
4.545911 0.000407
4.550912 -0.002807
4.555913 0.002108
4.560914 0.000685
4.565915 -0.000716
4.570916 0.001442
4.575917 -0.001845
4.580918 -0.000460
4.585919 0.002170
4.590920 0.000795
4.595921 -0.000454
4.600922 0.000472
4.605923 0.000708
4.610924 -0.000610
4.615925 0.004741
4.620926 -0.003138
4.625927 -0.002941
4.630928 0.004894
4.635929 -0.002163
4.640930 0.003245
4.645931 -0.000383
4.650932 0.002057
4.655933 0.001043
4.660934 -0.000974
4.665935 0.006846
4.670936 -0.002867
4.675937 -0.001064
4.680938 -0.002432
4.685939 0.002989
4.690940 0.003177
4.695941 -0.004300
4.700942 0.003502
4.705943 -0.002414
4.710944 -0.000762
4.715945 0.003358
4.720946 0.000574
4.725947 0.001381
4.730948 0.001109
4.735949 0.000225
4.740950 -0.001431
4.745951 0.000854
4.750952 0.001244
4.755953 -0.001337
4.760954 -0.001236
4.765955 0.002018
4.770956 0.001967
4.775957 -0.000519
4.780958 0.001358
4.785959 -0.000141
4.790960 -0.001454
4.795961 0.002858
4.800962 -0.001613
4.805963 -0.001788
4.810964 0.002626
4.815965 -0.001964
4.820966 0.000689
4.825967 0.002202
4.830968 -0.001280
4.835969 0.001083
4.840970 0.000858
4.845971 -0.001351
4.850972 -0.003416
4.855973 0.000071
4.860974 0.002305
4.865975 -0.004476
4.870976 -0.005221
4.875977 -0.000510
4.880978 0.001185
4.885979 0.004042
4.890980 0.009306
4.895981 0.005583
4.900982 0.004880
4.905983 0.004740
4.910984 0.006884
4.915985 0.010022
4.920986 0.004305
4.925987 0.005230
4.930988 -0.003310
4.935989 -0.009146
4.940990 -0.011720
4.945991 -0.011147
4.950992 -0.001172
4.955993 -0.005714
4.960994 -0.006151
4.965995 -0.003109
4.970996 -0.004728
4.975997 0.003098
4.980998 0.009618
4.985999 0.014772
4.991000 0.016816
4.996001 0.008649
5.001002 0.007906
5.006003 0.005019
5.011004 0.004539
5.016005 -0.000245
5.021006 -0.006439
5.026007 -0.003902
5.031008 -0.012994
5.036009 -0.006182
5.041010 -0.000893
5.046011 -0.002061
5.051012 -0.006740
5.056013 -0.020378
5.061014 -0.019900
5.066015 -0.013390
5.071016 0.000856
5.076017 0.003270
5.081018 0.006613
5.086019 0.014762
5.091020 0.007997
5.096021 0.009164
5.101022 0.012191
5.106023 0.011348
5.111024 0.002002
5.116025 -0.012006
5.121026 -0.008922
5.126027 0.003120
5.131028 0.008036
5.136029 0.000995
5.141030 -0.007028
5.146031 -0.011116
5.151032 -0.015385
5.156033 -0.005424
5.161034 0.013558
5.166035 0.029557
5.171036 0.037169
5.176037 0.020467
5.181038 -0.000443
5.186039 -0.015391
5.191040 -0.008129
5.196041 0.021082
5.201042 0.023782
5.206043 0.002283
5.211044 -0.028334
5.216045 -0.049882
5.221046 -0.046373
5.226047 -0.013618
5.231048 0.027859
5.236049 0.032812
5.241050 0.011873
5.246051 -0.005600
5.251052 -0.008577
5.256053 0.009211
5.261054 0.032775
5.266055 0.036518
5.271056 0.017028
5.276057 -0.019894
5.281058 -0.052495
5.286059 -0.046711
5.291060 -0.000006
5.296061 0.042161
5.301062 0.027780
5.306063 -0.012795
5.311064 -0.033774
5.316065 -0.031895
5.321066 -0.004985
5.326067 0.014546
5.331068 0.009382
5.336069 -0.010238
5.341070 -0.036580
5.346071 -0.036149
5.351072 -0.014155
5.356073 0.016452
5.361074 0.038396
5.366075 0.014055
5.371076 -0.016406
5.376077 -0.014666
5.381078 0.018042
5.386079 0.060038
5.391080 0.058547
5.396081 0.018051
5.401082 -0.011584
5.406083 -0.001691
5.411084 0.028971
5.416085 0.037178
5.421086 0.013916
5.426087 -0.017563
5.431088 -0.040356
5.436089 -0.036275
5.441090 -0.006061
5.446091 0.004742
5.451092 -0.010289
5.456093 -0.031489
5.461094 -0.054095
5.466095 -0.043621
5.471096 -0.009543
5.476097 0.010119
5.481098 0.021270
5.486099 0.013699
5.491100 0.000099
5.496101 0.000874
5.501102 0.020108
5.506103 0.055868
5.511104 0.058079
5.516105 0.024478
5.521106 -0.015663
5.526107 -0.026451
5.531108 -0.014470
5.536109 -0.024428
5.541110 -0.032970
5.546111 -0.043763
5.551112 -0.043904
5.556113 -0.026260
5.561114 -0.003837
5.566115 0.021042
5.571116 0.031318
5.576117 0.028194
5.581118 0.023053
5.586119 0.034838
5.591120 0.041776
5.596121 0.035385
5.601122 -0.001562
5.606123 -0.036719
5.611124 -0.033230
5.616125 -0.014788
5.621126 0.005889
5.626127 0.001446
5.631128 -0.014912
5.636129 -0.028032
5.641130 -0.015161
5.646131 0.007004
5.651132 0.028875
5.656133 0.036175
5.661134 0.005252
5.666135 -0.009184
5.671137 -0.006673
5.676138 0.001319
5.681139 -0.000649
5.686140 -0.004046
5.691141 -0.003757
5.696142 -0.013364
5.701143 -0.009012
5.706144 -0.007223
5.711145 0.002246
5.716146 0.016463
5.721147 0.012274
5.726148 0.007380
5.731149 0.004527
5.736150 0.003677
5.741151 0.000355
5.746152 -0.007189
5.751153 -0.010240
5.756154 -0.021287
5.761155 -0.032598
5.766156 -0.022288
5.771157 -0.013211
5.776158 -0.007196
5.781159 0.001647
5.786160 0.003126
5.791161 0.011278
5.796162 0.013076
5.801163 0.023466
5.806164 0.047120
5.811165 0.040851
5.816166 0.025846
5.821167 0.021369
5.826168 0.034406
5.831169 0.049326
5.836170 0.040051
5.841171 0.021798
5.846172 -0.010649
5.851173 -0.036345
5.856174 -0.058272
5.861175 -0.086908
5.866176 -0.094164
5.871177 -0.080684
5.876178 -0.044274
5.881179 -0.004790
5.886180 0.015074
5.891181 0.020956
5.896182 0.029385
5.901183 0.037414
5.906184 0.050858
5.911185 0.066728
5.916186 0.054909
5.921187 0.028813
5.926188 0.003563
5.931189 -0.005686
5.936190 -0.011036
5.941191 -0.017113
5.946192 -0.013783
5.951193 -0.013335
5.956194 -0.015880
5.961195 -0.030405
5.966196 -0.037056
5.971197 -0.025371
5.976198 -0.009265
5.981199 0.001208
5.986200 0.000409
5.991201 -0.010875
5.996202 -0.021828
6.001203 -0.011425
6.006204 0.011282
6.011205 0.034411
6.016206 0.043470
6.021207 0.034660
6.026208 0.019492
6.031209 0.009853
6.036210 0.012888
6.041211 0.017286
6.046212 0.027394
6.051213 0.019881
6.056214 0.000000
6.061215 -0.002166
6.066216 -0.006998
6.071217 -0.014540
6.076218 -0.026788
6.081219 -0.037465
6.086220 -0.047985
6.091221 -0.060529
6.096222 -0.054047
6.101223 -0.024159
6.106224 0.022826
6.111225 0.053662
6.116226 0.060677
6.121227 0.045566
6.126228 0.023677
6.131229 0.018906
6.136230 0.026582
6.141231 0.038129
6.146232 0.023269
6.151233 -0.021325
6.156234 -0.061083
6.161235 -0.069710
6.166236 -0.043574
6.171237 -0.013454
6.176238 0.001528
6.181239 0.006590
6.186240 -0.004276
6.191241 -0.003813
6.196242 0.012691
6.201243 0.031499
6.206244 0.035033
6.211245 0.007282
6.216246 -0.013868
6.221247 -0.024847
6.226248 -0.024344
6.231249 -0.019485
6.236250 0.001772
6.241251 0.030013
6.246252 0.032258
6.251253 0.033841
6.256254 0.033714
6.261255 0.041783
6.266256 0.036140
6.271257 0.006384
6.276258 -0.015059
6.281259 -0.023424
6.286260 -0.029654
6.291261 -0.032528
6.296262 -0.028175
6.301263 -0.034358
6.306264 -0.039699
6.311265 -0.043445
6.316266 -0.028385
6.321267 0.003621
6.326268 0.032946
6.331269 0.054554
6.336270 0.045302
6.341271 0.028211
6.346272 0.020880
6.351273 0.027977
6.356274 0.036625
6.361275 0.032109
6.366276 0.018601
6.371277 -0.005366
6.376278 -0.033441
6.381279 -0.050190
6.386280 -0.040204
6.391281 -0.022570
6.396282 -0.008397
6.401283 -0.002129
6.406284 -0.004944
6.411285 -0.007454
6.416286 -0.007282
6.421287 0.008604
6.426288 0.028496
6.431289 0.035363
6.436290 0.017490
6.441291 -0.018015
6.446292 -0.037824
6.451293 -0.038507
6.456294 -0.031642
6.461295 -0.015709
6.466296 0.008295
6.471297 0.025992
6.476298 0.044354
6.481299 0.046498
6.486300 0.037931
6.491301 0.041519
6.496302 0.030306
6.501303 0.019156
6.506304 0.001468
6.511305 -0.017807
6.516306 -0.025543
6.521307 -0.036659
6.526308 -0.030537
6.531309 -0.023076
6.536310 -0.018084
6.541311 0.002768
6.546312 0.032041
6.551313 0.041931
6.556314 0.028579
6.561315 0.014503
6.566316 0.004325
6.571317 0.012664
6.576318 0.021732
6.581319 0.008463
6.586320 -0.020543
6.591321 -0.040814
6.596322 -0.034816
6.601323 -0.015365
6.606324 0.007314
6.611325 0.003109
6.616326 -0.014447
6.621327 -0.013201
6.626328 0.001381
6.631329 0.039725
6.636330 0.071464
6.641331 0.082048
6.646332 0.068898
6.651333 0.031693
6.656334 0.011995
6.661335 -0.001313
6.666336 -0.013649
6.671337 -0.032941
6.676338 -0.065272
6.681339 -0.086156
6.686340 -0.088891
6.691341 -0.074023
6.696342 -0.051215
6.701343 -0.029471
6.706344 -0.022921
6.711345 -0.018906
6.716346 0.001640
6.721347 0.023181
6.726348 0.035386
6.731349 0.038981
6.736350 0.038253
6.741351 0.042234
6.746352 0.046502
6.751353 0.044812
6.756354 0.026325
6.761355 0.005953
6.766356 0.000515
6.771357 -0.000513
6.776358 0.014843
6.781359 0.016222
6.786360 0.000868
6.791361 0.001813
6.796362 -0.005383
6.801363 -0.014879
6.806364 -0.025114
6.811365 -0.031241
6.816366 -0.027721
6.821367 -0.030488
6.826368 -0.020265
6.831369 -0.009622
6.836370 -0.000980
6.841371 0.002552
6.846372 -0.006310
6.851373 -0.003084
6.856374 0.004779
6.861375 0.027243
6.866376 0.047725
6.871377 0.037603
6.876378 0.022411
6.881379 0.011341
6.886380 0.010210
6.891381 0.018369
6.896382 0.009370
6.901383 0.000638
6.906384 -0.003727
6.911385 -0.015340
6.916386 -0.010646
6.921387 -0.020479
6.926388 -0.045538
6.931389 -0.074721
6.936390 -0.099487
6.941391 -0.085042
6.946392 -0.053916
6.951393 -0.015378
6.956394 0.001796
6.961395 0.001334
6.966396 0.009135
6.971397 0.014003
6.976398 0.027169
6.981399 0.024920
6.986400 0.001078
6.991401 -0.038820
6.996402 -0.076025
7.001403 -0.093498
7.006404 -0.099327
7.011405 -0.098794
7.016406 -0.133984
7.021407 -0.180797
7.026408 -0.220002
7.031409 -0.247105
7.036410 -0.248675
7.041411 -0.251714
7.046412 -0.260892
7.051413 -0.301460
7.056414 -0.343851
7.061415 -0.358231
7.066416 -0.346643
7.071417 -0.308792
7.076418 -0.265183
7.081419 -0.214774
7.086420 -0.164239
7.091421 -0.095129
7.096422 -0.006863
7.101423 0.106622
7.106424 0.216209
7.111425 0.279273
7.116426 0.321967
7.121427 0.344424
7.126428 0.390866
7.131429 0.448605
7.136430 0.491651
7.141431 0.518000
7.146432 0.484913
7.151433 0.426353
7.156434 0.354867
7.161435 0.284332
7.166436 0.202189
7.171437 0.105471
7.176438 0.007339
7.181439 -0.102338
7.186440 -0.165070
7.191441 -0.194095
7.196442 -0.193727
7.201443 -0.159711
7.206444 -0.131434
7.211445 -0.102080
7.216446 -0.066345
7.221447 -0.020748
7.226448 0.042898
7.231449 0.123899
7.236450 0.201374
7.241451 0.278655
7.246452 0.336667
7.251453 0.367535
7.256454 0.388110
7.261455 0.382108
7.266456 0.354302
7.271457 0.293485
7.276458 0.205313
7.281459 0.095485
7.286460 -0.035406
7.291461 -0.170393
7.296462 -0.297993
7.301463 -0.389260
7.306464 -0.437787
7.311465 -0.429107
7.316466 -0.380569
7.321467 -0.306803
7.326468 -0.211750
7.331469 -0.143527
7.336470 -0.078962
7.341471 -0.016166
7.346472 0.040249
7.351473 0.101086
7.356474 0.139272
7.361475 0.166232
7.366476 0.173352
7.371477 0.158542
7.376478 0.136022
7.381479 0.107390
7.386480 0.076045
7.391481 0.037540
7.396482 -0.012099
7.401483 -0.071603
7.406484 -0.116194
7.411485 -0.141159
7.416486 -0.157578
7.421487 -0.161465
7.426488 -0.163375
7.431489 -0.158170
7.436490 -0.136831
7.441491 -0.100694
7.446492 -0.055328
7.451493 -0.016384
7.456494 0.017098
7.461495 0.040826
7.466496 0.059029
7.471497 0.080936
7.476498 0.103119
7.481499 0.120665
7.486500 0.125653
7.491501 0.120908
7.496502 0.099836
7.501503 0.069267
7.506504 0.033040
7.511505 -0.013544
7.516506 -0.059392
7.521507 -0.097317
7.526508 -0.107529
7.531509 -0.100757
7.536510 -0.082226
7.541511 -0.053491
7.546512 -0.034799
7.551513 -0.012037
7.556514 0.018530
7.561515 0.037603
7.566516 0.057306
7.571517 0.081279
7.576518 0.095463
7.581519 0.114689
7.586520 0.117817
7.591521 0.119811
7.596522 0.119212
7.601523 0.103035
7.606524 0.091069
7.611525 0.052015
7.616526 0.017113
7.621527 -0.020371
7.626528 -0.059641
7.631529 -0.073408
7.636530 -0.091955
7.641531 -0.092280
7.646532 -0.072245
7.651533 -0.031478
7.656534 0.007502
7.661535 0.027114
7.666536 0.044359
7.671537 0.032619
7.676538 0.022868
7.681539 0.026128
7.686540 0.041373
7.691541 0.071982
7.696542 0.078777
7.701543 0.073745
7.706544 0.051772
7.711545 0.010484
7.716546 -0.032403
7.721547 -0.069402
7.726548 -0.093089
7.731549 -0.107044
7.736550 -0.116707
7.741551 -0.125359
7.746552 -0.127565
7.751553 -0.145398
7.756554 -0.173423
7.761555 -0.193313
7.766556 -0.206662
7.771557 -0.204251
7.776558 -0.187292
7.781559 -0.152601
7.786560 -0.111971
7.791561 -0.087645
7.796562 -0.053487
7.801563 0.000539
7.806564 0.056031
7.811565 0.124849
7.816566 0.180166
7.821567 0.228212
7.826568 0.268428
7.831569 0.275371
7.836570 0.261225
7.841571 0.221759
7.846572 0.173234
7.851573 0.102853
7.856574 0.028982
7.861575 -0.032732
7.866576 -0.082613
7.871577 -0.111686
7.876578 -0.137092
7.881579 -0.142784
7.886580 -0.145580
7.891581 -0.149107
7.896582 -0.146727
7.901583 -0.141036
7.906584 -0.123322
7.911585 -0.102953
7.916586 -0.092314
7.921587 -0.086800
7.926588 -0.076449
7.931589 -0.067743
7.936590 -0.048263
7.941592 -0.015647
7.946593 0.034724
7.951594 0.095773
7.956595 0.145939
7.961596 0.189396
7.966597 0.216805
7.971598 0.227971
7.976599 0.225130
7.981600 0.207262
7.986601 0.178994
7.991602 0.134529
7.996603 0.086533
8.001604 0.040560
8.006605 -0.009512
8.011606 -0.043590
8.016607 -0.070926
8.021608 -0.092338
8.026609 -0.097648
8.031610 -0.113583
8.036611 -0.120486
8.041612 -0.131877
8.046613 -0.142214
8.051614 -0.132818
8.056615 -0.130987
8.061616 -0.094211
8.066617 -0.047676
8.071618 -0.000709
8.076619 0.052432
8.081620 0.084702
8.086621 0.113181
8.091622 0.115552
8.096623 0.110026
8.101624 0.095815
8.106625 0.083092
8.111626 0.091035
8.116627 0.104020
8.121628 0.134180
8.126629 0.151719
8.131630 0.159063
8.136631 0.153715
8.141632 0.131947
8.146633 0.103815
8.151634 0.069151
8.156635 0.047445
8.161636 0.020534
8.166637 0.003034
8.171638 -0.010613
8.176639 -0.032511
8.181640 -0.049878
8.186641 -0.073146
8.191642 -0.090920
8.196643 -0.108422
8.201644 -0.117178
8.206645 -0.118558
8.211646 -0.121268
8.216647 -0.118305
8.221648 -0.106488
8.226649 -0.091177
8.231650 -0.080704
8.236651 -0.065660
8.241652 -0.047276
8.246653 -0.026985
8.251654 -0.013486
8.256655 0.005532
8.261656 0.017506
8.266657 0.024592
8.271658 0.033901
8.276659 0.022316
8.281660 0.011503
8.286661 -0.007749
8.291662 -0.033701
8.296663 -0.065181
8.301664 -0.101625
8.306665 -0.139192
8.311666 -0.173128
8.316667 -0.188381
8.321668 -0.199757
8.326669 -0.193910
8.331670 -0.178929
8.336671 -0.163605
8.341672 -0.145605
8.346673 -0.129860
8.351674 -0.121029
8.356675 -0.130756
8.361676 -0.130673
8.366677 -0.115922
8.371678 -0.084253
8.376679 -0.021873
8.381680 0.048717
8.386681 0.118758
8.391682 0.171426
8.396683 0.207834
8.401684 0.242243
8.406685 0.259136
8.411686 0.266235
8.416687 0.264806
8.421688 0.241691
8.426689 0.214866
8.431690 0.185420
8.436691 0.138647
8.441692 0.101765
8.446693 0.072288
8.451694 0.035809
8.456695 0.005626
8.461696 -0.022552
8.466697 -0.044661
8.471698 -0.063240
8.476699 -0.080343
8.481700 -0.083351
8.486701 -0.069326
8.491702 -0.054269
8.496703 -0.038758
8.501704 -0.013430
8.506705 0.010239
8.511706 0.034774
8.516707 0.055757
8.521708 0.069353
8.526709 0.075630
8.531710 0.083940
8.536711 0.092908
8.541712 0.087408
8.546713 0.086338
8.551714 0.078152
8.556715 0.062943
8.561716 0.041628
8.566717 0.002961
8.571718 -0.033280
8.576719 -0.076850
8.581720 -0.115254
8.586721 -0.144936
8.591722 -0.173263
8.596723 -0.183950
8.601724 -0.180209
8.606725 -0.161320
8.611726 -0.139950
8.616727 -0.114575
8.621728 -0.093532
8.626729 -0.081953
8.631730 -0.065190
8.636731 -0.046355
8.641732 -0.017120
8.646733 0.005023
8.651734 0.023448
8.656735 0.050137
8.661736 0.077163
8.666737 0.108368
8.671738 0.136593
8.676739 0.158630
8.681740 0.165136
8.686741 0.164480
8.691742 0.153120
8.696743 0.130797
8.701744 0.118338
8.706745 0.101225
8.711746 0.085547
8.716747 0.065845
8.721748 0.042459
8.726749 0.021987
8.731750 -0.001745
8.736751 -0.016831
8.741752 -0.032794
8.746753 -0.046506
8.751754 -0.069842
8.756755 -0.086275
8.761756 -0.084832
8.766757 -0.086602
8.771758 -0.074140
8.776759 -0.053493
8.781760 -0.026652
8.786761 0.003248
8.791762 0.032773
8.796763 0.058242
8.801764 0.075456
8.806765 0.084265
8.811766 0.068140
8.816767 0.039690
8.821768 -0.004667
8.826769 -0.053906
8.831770 -0.088144
8.836771 -0.115552
8.841772 -0.116553
8.846773 -0.094907
8.851774 -0.059127
8.856775 -0.017117
8.861776 0.010814
8.866777 0.029256
8.871778 0.038078
8.876779 0.039017
8.881780 0.033345
8.886781 0.032139
8.891782 0.032177
8.896783 0.025328
8.901784 0.021573
8.906785 0.015789
8.911786 0.015988
8.916787 0.010600
8.921788 0.011306
8.926789 0.019530
8.931790 0.018374
8.936791 0.023020
8.941792 0.023482
8.946793 0.022908
8.951794 0.013561
8.956795 -0.003887
8.961796 -0.024998
8.966797 -0.045824
8.971798 -0.054924
8.976799 -0.062685
8.981800 -0.052423
8.986801 -0.042002
8.991802 -0.033215
8.996803 -0.016534
9.001804 -0.007426
9.006805 0.023242
9.011806 0.055773
9.016807 0.078759
9.021808 0.099287
9.026809 0.107936
9.031810 0.110964
9.036811 0.099684
9.041812 0.089078
9.046813 0.063596
9.051814 0.030049
9.056815 0.004568
9.061816 -0.022040
9.066817 -0.038771
9.071818 -0.046319
9.076819 -0.042434
9.081820 -0.048789
9.086821 -0.036747
9.091822 -0.014684
9.096823 -0.010564
9.101824 -0.002976
9.106825 0.001392
9.111826 0.012255
9.116827 0.012106
9.121828 0.009212
9.126829 -0.004890
9.131830 -0.023235
9.136831 -0.029782
9.141832 -0.049474
9.146833 -0.044547
9.151834 -0.047597
9.156835 -0.062350
9.161836 -0.056142
9.166837 -0.059972
9.171838 -0.052840
9.176839 -0.039924
9.181840 -0.026696
9.186841 -0.006752
9.191842 0.010699
9.196843 0.025275
9.201844 0.015731
9.206845 -0.002086
9.211846 -0.029211
9.216847 -0.059510
9.221848 -0.084214
9.226849 -0.107642
9.231850 -0.112417
9.236851 -0.123700
9.241852 -0.113830
9.246853 -0.092104
9.251854 -0.073052
9.256855 -0.032767
9.261856 0.000407
9.266857 0.030023
9.271858 0.048072
9.276859 0.062619
9.281860 0.072124
9.286861 0.075336
9.291862 0.075087
9.296863 0.065969
9.301864 0.054743
9.306865 0.030968
9.311866 0.009446
9.316867 -0.019910
9.321868 -0.044859
9.326869 -0.053736
9.331870 -0.067360
9.336871 -0.076082
9.341872 -0.079034
9.346873 -0.084488
9.351874 -0.089471
9.356875 -0.090409
9.361876 -0.088316
9.366877 -0.084105
9.371878 -0.077387
9.376879 -0.067954
9.381880 -0.053562
9.386881 -0.039420
9.391882 -0.029127
9.396883 -0.009376
9.401884 0.001339
9.406885 0.002398
9.411886 0.010465
9.416887 0.010681
9.421888 0.011838
9.426889 0.015984
9.431890 0.021491
9.436891 0.027309
9.441892 0.034796
9.446893 0.055137
9.451894 0.071014
9.456895 0.082156
9.461896 0.100295
9.466897 0.114843
9.471898 0.121067
9.476899 0.124011
9.481900 0.122384
9.486901 0.116715
9.491902 0.106943
9.496903 0.095698
9.501904 0.084259
9.506905 0.072831
9.511906 0.069556
9.516907 0.064113
9.521908 0.060675
9.526909 0.063655
9.531910 0.057184
9.536911 0.050971
9.541912 0.038010
9.546913 0.018795
9.551914 0.002293
9.556915 -0.028224
9.561916 -0.052626
9.566917 -0.071176
9.571918 -0.095598
9.576919 -0.111552
9.581920 -0.117656
9.586921 -0.120553
9.591922 -0.119517
9.596923 -0.103989
9.601924 -0.088981
9.606925 -0.074425
9.611926 -0.051799
9.616927 -0.028853
9.621928 -0.004337
9.626929 0.025015
9.631930 0.049382
9.636931 0.067448
9.641932 0.078049
9.646933 0.072527
9.651934 0.067136
9.656935 0.055103
9.661936 0.033735
9.666937 0.015800
9.671938 -0.002595
9.676939 -0.021635
9.681940 -0.028143
9.686941 -0.024653
9.691942 -0.029339
9.696943 -0.037840
9.701944 -0.050326
9.706945 -0.063950
9.711946 -0.077962
9.716947 -0.088815
9.721948 -0.093975
9.726949 -0.093519
9.731950 -0.079567
9.736951 -0.067725
9.741952 -0.047687
9.746953 -0.009851
9.751954 0.024886
9.756955 0.061661
9.761956 0.091749
9.766957 0.114642
9.771958 0.128621
9.776959 0.119005
9.781960 0.110851
9.786961 0.088710
9.791962 0.054876
9.796963 0.018150
9.801964 -0.029037
9.806965 -0.060343
9.811966 -0.090547
9.816967 -0.107905
9.821968 -0.101240
9.826969 -0.087111
9.831970 -0.055015
9.836971 -0.016273
9.841972 0.020754
9.846973 0.068595
9.851974 0.107973
9.856975 0.139245
9.861976 0.174760
9.866977 0.190431
9.871978 0.192649
9.876979 0.181975
9.881980 0.158834
9.886981 0.135646
9.891982 0.103905
9.896983 0.068867
9.901984 0.038771
9.906985 0.008121
9.911986 -0.023753
9.916987 -0.045579
9.921988 -0.061952
9.926989 -0.068809
9.931990 -0.062174
9.936991 -0.061660
9.941992 -0.060022
9.946993 -0.049697
9.951994 -0.049561
9.956995 -0.047871
9.961996 -0.034684
9.966997 -0.028783
9.971998 -0.013459
9.976999 0.006935
9.982000 0.021848
9.987001 0.045569
9.992002 0.058873
9.997003 0.064433
10.002004 0.061576
10.007005 0.043589
10.012006 0.017803
10.017007 -0.020241
10.022008 -0.053502
10.027009 -0.093304
10.032010 -0.133197
10.037011 -0.161181
10.042012 -0.191849
10.047013 -0.202807
10.052014 -0.204169
10.057015 -0.201647
10.062016 -0.189507
10.067017 -0.172123
10.072018 -0.150841
10.077019 -0.128082
10.082020 -0.103642
10.087021 -0.080268
10.092022 -0.057420
10.097023 -0.040651
10.102024 -0.022628
10.107025 -0.004596
10.112026 0.008097
10.117027 0.011604
10.122028 0.024383
10.127029 0.033886
10.132030 0.037405
10.137031 0.053424
10.142032 0.069825
10.147033 0.093573
10.152034 0.114375
10.157035 0.133666
10.162036 0.144595
10.167037 0.164106
10.172038 0.184173
10.177039 0.186057
10.182040 0.196012
10.187041 0.198179
10.192042 0.189757
10.197043 0.171853
10.202044 0.150966
10.207046 0.125373
10.212047 0.089581
10.217048 0.057406
10.222049 0.025575
10.227050 -0.008886
10.232051 -0.041036
10.237052 -0.067025
10.242053 -0.081285
10.247054 -0.085960
10.252055 -0.086050
10.257056 -0.065991
10.262057 -0.045854
10.267058 -0.018482
10.272059 0.025759
10.277060 0.063520
10.282061 0.106462
10.287062 0.140549
10.292063 0.165424
10.297064 0.174914
10.302065 0.176849
10.307066 0.167142
10.312067 0.143927
10.317068 0.121715
10.322069 0.081791
10.327070 0.044963
10.332071 0.001032
10.337072 -0.045072
10.342073 -0.081120
10.347074 -0.116522
10.352075 -0.143417
10.357076 -0.159331
10.362077 -0.168350
10.367078 -0.171361
10.372079 -0.165929
10.377080 -0.160927
10.382081 -0.147410
10.387082 -0.133037
10.392083 -0.121443
10.397084 -0.110477
10.402085 -0.105272
10.407086 -0.100711
10.412087 -0.094190
10.417088 -0.095578
10.422089 -0.096025
10.427090 -0.083184
10.432091 -0.073809
10.437092 -0.051391
10.442093 -0.029245
10.447094 -0.011819
10.452095 0.012470
10.457096 0.026342
10.462097 0.038907
10.467098 0.046466
10.472099 0.053871
10.477100 0.051878
10.482101 0.044463
10.487102 0.043986
10.492103 0.037979
10.497104 0.021698
10.502105 0.005662
10.507106 0.003716
10.512107 -0.010345
10.517108 -0.019026
10.522109 -0.015776
10.527110 -0.015261
10.532111 -0.007959
10.537112 -0.006937
10.542113 0.000510
10.547114 0.007614
10.552115 0.011598
10.557116 0.024377
10.562117 0.031711
10.567118 0.041409
10.572119 0.054436
10.577120 0.060410
10.582121 0.061367
10.587122 0.056931
10.592123 0.049244
10.597124 0.037187
10.602125 0.020157
10.607126 0.006311
10.612127 -0.001465
10.617128 -0.007425
10.622129 -0.015801
10.627130 -0.012343
10.632131 -0.009989
10.637132 -0.017792
10.642133 -0.016505
10.647134 -0.026067
10.652135 -0.031986
10.657136 -0.038725
10.662137 -0.054451
10.667138 -0.064334
10.672139 -0.083685
10.677140 -0.099957
10.682141 -0.120739
10.687142 -0.130133
10.692143 -0.133151
10.697144 -0.138476
10.702145 -0.126965
10.707146 -0.112725
10.712147 -0.087836
10.717148 -0.062119
10.722149 -0.033199
10.727150 -0.006827
10.732151 0.018549
10.737152 0.044682
10.742153 0.058439
10.747154 0.077200
10.752155 0.084147
10.757156 0.085753
10.762157 0.079794
10.767158 0.065823
10.772159 0.053561
10.777160 0.025257
10.782161 -0.003736
10.787162 -0.033952
10.792163 -0.063831
10.797164 -0.092304
10.802165 -0.117727
10.807166 -0.125936
10.812167 -0.130773
10.817168 -0.135547
10.822169 -0.124656
10.827170 -0.104989
10.832171 -0.084405
10.837172 -0.053240
10.842173 -0.014682
10.847174 0.024128
10.852175 0.063521
10.857176 0.099975
10.862177 0.130857
10.867178 0.162254
10.872179 0.185618
10.877180 0.203847
10.882181 0.213548
10.887182 0.214333
10.892183 0.214450
10.897184 0.205211
10.902185 0.189859
10.907186 0.169177
10.912187 0.149930
10.917188 0.117352
10.922189 0.083324
10.927190 0.053808
10.932191 0.016385
10.937192 -0.012245
10.942193 -0.040235
10.947194 -0.064032
10.952195 -0.081152
10.957196 -0.089024
10.962197 -0.088733
10.967198 -0.077579
10.972199 -0.050519
10.977200 -0.025232
10.982201 0.007726
10.987202 0.038815
10.992203 0.065614
10.997204 0.084143
11.002205 0.088438
11.007206 0.096963
11.012207 0.087706
11.017208 0.084530
11.022209 0.076214
11.027210 0.059949
11.032211 0.054669
11.037212 0.037776
11.042213 0.035469
11.047214 0.027103
11.052215 0.019492
11.057216 0.015395
11.062217 0.007821
11.067218 0.001670
11.072219 -0.010097
11.077220 -0.016114
11.082221 -0.031471
11.087222 -0.036369
11.092223 -0.047126
11.097224 -0.062181
11.102225 -0.063614
11.107226 -0.078770
11.112227 -0.085376
11.117228 -0.087953
11.122229 -0.098541
11.127230 -0.098657
11.132231 -0.099825
11.137232 -0.093908
11.142233 -0.085591
11.147234 -0.080380
11.152235 -0.068709
11.157236 -0.066336
11.162237 -0.057895
11.167238 -0.052202
11.172239 -0.048481
11.177240 -0.050014
11.182241 -0.059832
11.187242 -0.059182
11.192243 -0.065082
11.197244 -0.063859
11.202245 -0.070598
11.207246 -0.068000
11.212247 -0.054989
11.217248 -0.058165
11.222249 -0.048208
11.227250 -0.045941
11.232251 -0.047463
11.237252 -0.050733
11.242253 -0.060350
11.247254 -0.066335
11.252255 -0.078981
11.257256 -0.084940
11.262257 -0.086093
11.267258 -0.081522
11.272259 -0.062806
11.277260 -0.049227
11.282261 -0.026871
11.287262 0.013489
11.292263 0.044147
11.297264 0.082789
11.302265 0.124305
11.307266 0.159073
11.312267 0.199692
11.317268 0.219117
11.322269 0.233465
11.327270 0.244374
11.332271 0.236934
11.337272 0.231500
11.342273 0.209447
11.347274 0.182975
11.352275 0.158117
11.357276 0.120652
11.362277 0.093285
11.367278 0.065147
11.372279 0.043603
11.377280 0.026543
11.382281 0.012175
11.387282 0.016086
11.392283 0.013558
11.397284 0.013076
11.402285 0.018814
11.407286 0.025736
11.412287 0.023554
11.417288 0.019963
11.422289 0.020235
11.427290 0.006725
11.432291 0.000725
11.437292 -0.006309
11.442293 -0.017544
11.447294 -0.019763
11.452295 -0.021418
11.457296 -0.022751
11.462297 -0.017200
11.467298 -0.018550
11.472299 -0.020090
11.477300 -0.023886
11.482301 -0.038401
11.487302 -0.048466
11.492303 -0.066418
11.497304 -0.088270
11.502305 -0.110522
11.507306 -0.124643
11.512307 -0.140007
11.517308 -0.154853
11.522309 -0.151826
11.527310 -0.147119
11.532311 -0.128204
11.537312 -0.105323
11.542313 -0.085987
11.547314 -0.053123
11.552315 -0.028680
11.557316 -0.004969
11.562317 0.012713
11.567318 0.021897
11.572319 0.038962
11.577320 0.038844
11.582321 0.042660
11.587322 0.043581
11.592323 0.036847
11.597324 0.034444
11.602325 0.024302
11.607326 0.020391
11.612327 0.014292
11.617328 0.013124
11.622329 0.012325
11.627330 0.011585
11.632331 0.014313
11.637332 0.013724
11.642333 0.017514
11.647334 0.010806
11.652335 0.004105
11.657336 -0.006998
11.662337 -0.027392
11.667338 -0.045800
11.672339 -0.069941
11.677340 -0.088258
11.682341 -0.106957
11.687342 -0.115332
11.692343 -0.113229
11.697344 -0.110024
11.702345 -0.090599
11.707346 -0.072651
11.712347 -0.046241
11.717348 -0.018500
11.722349 0.001481
11.727350 0.029363
11.732351 0.041360
11.737352 0.046240
11.742353 0.055035
11.747354 0.052487
11.752355 0.047319
11.757356 0.038933
11.762357 0.026804
11.767358 0.016594
11.772359 0.002266
11.777360 -0.007804
11.782361 -0.012662
11.787362 -0.017681
11.792363 -0.019676
11.797364 -0.023248
11.802365 -0.020513
11.807366 -0.007521
11.812367 -0.003503
11.817368 0.002958
11.822369 0.013909
11.827370 0.017479
11.832371 0.026122
11.837372 0.030701
11.842373 0.026573
11.847374 0.019424
11.852375 0.011811
11.857376 -0.002107
11.862377 -0.016145
11.867378 -0.024128
11.872379 -0.033688
11.877380 -0.037601
11.882381 -0.040425
11.887382 -0.038545
11.892383 -0.031050
11.897384 -0.027378
11.902385 -0.020198
11.907386 -0.007770
11.912387 -0.000892
11.917388 0.005001
11.922389 0.010497
11.927390 0.012283
11.932391 0.014064
11.937392 0.010119
11.942393 0.006840
11.947394 0.001408
11.952395 0.002407
11.957396 0.001178
11.962397 -0.003687
11.967398 0.006177
11.972399 0.014870
11.977400 0.025592
11.982401 0.037709
11.987402 0.056722
11.992403 0.072141
11.997404 0.081744
12.002405 0.095090
12.007406 0.099405
12.012407 0.102888
12.017408 0.098883
12.022409 0.092104
12.027410 0.088709
12.032411 0.076665
12.037412 0.062263
12.042413 0.052084
12.047414 0.039217
12.052415 0.024674
12.057416 0.010252
12.062417 -0.004366
12.067418 -0.016785
12.072419 -0.030348
12.077420 -0.035554
12.082421 -0.041012
12.087422 -0.047961
12.092423 -0.044535
12.097424 -0.046342
12.102425 -0.038774
12.107426 -0.028911
12.112427 -0.025962
12.117428 -0.011193
12.122429 -0.001809
12.127430 0.012933
12.132431 0.032091
12.137432 0.044739
12.142433 0.064849
12.147434 0.083012
12.152435 0.090642
12.157436 0.095285
12.162437 0.093359
12.167438 0.083572
12.172439 0.065666
12.177440 0.037094
12.182441 0.011460
12.187442 -0.020966
12.192443 -0.054900
12.197444 -0.085059
12.202445 -0.112239
12.207446 -0.128444
12.212447 -0.135906
12.217448 -0.134202
12.222449 -0.128655
12.227450 -0.109021
12.232451 -0.083443
12.237452 -0.055851
12.242453 -0.028173
12.247454 -0.002393
12.252455 0.024052
12.257456 0.038031
12.262457 0.049154
12.267458 0.051028
12.272459 0.044406
12.277460 0.039506
12.282461 0.020851
12.287462 0.003518
12.292463 -0.001129
12.297464 -0.015304
12.302465 -0.017740
12.307466 -0.013565
12.312467 -0.017588
12.317468 -0.007748
12.322469 -0.004052
12.327470 0.003269
12.332471 0.012804
12.337472 0.011185
12.342473 0.019892
12.347474 0.026438
12.352475 0.024372
12.357476 0.026501
12.362477 0.030643
12.367478 0.032329
12.372479 0.033592
12.377480 0.039102
12.382481 0.041596
12.387482 0.044645
12.392483 0.054696
12.397484 0.052799
12.402485 0.048982
12.407486 0.050363
12.412487 0.047545
12.417488 0.037426
12.422489 0.030682
12.427490 0.027790
12.432491 0.011454
12.437492 0.000252
12.442493 -0.007752
12.447494 -0.018637
12.452495 -0.023632
12.457496 -0.029365
12.462497 -0.034080
12.467498 -0.032862
12.472499 -0.031880
12.477501 -0.034888
12.482502 -0.032669
12.487503 -0.030636
12.492504 -0.031204
12.497505 -0.034169
12.502506 -0.034820
12.507507 -0.034842
12.512508 -0.040454
12.517509 -0.042508
12.522510 -0.048904
12.527511 -0.052375
12.532512 -0.060036
12.537513 -0.065085
12.542514 -0.061936
12.547515 -0.067931
12.552516 -0.065431
12.557517 -0.064077
12.562518 -0.063613
12.567519 -0.060535
12.572520 -0.064166
12.577521 -0.064816
12.582522 -0.060390
12.587523 -0.062107
12.592524 -0.065804
12.597525 -0.060980
12.602526 -0.059186
12.607527 -0.060355
12.612528 -0.053487
12.617529 -0.049574
12.622530 -0.048415
12.627531 -0.033359
12.632532 -0.023654
12.637533 -0.012053
12.642534 0.003830
12.647535 0.017829
12.652536 0.036333
12.657537 0.047277
12.662538 0.060997
12.667539 0.070879
12.672540 0.079384
12.677541 0.081262
12.682542 0.076474
12.687543 0.076932
12.692544 0.066082
12.697545 0.055501
12.702546 0.044273
12.707547 0.029495
12.712548 0.017923
12.717549 0.002958
12.722550 -0.006229
12.727551 -0.011751
12.732552 -0.017022
12.737553 -0.014109
12.742554 -0.015972
12.747555 -0.017816
12.752556 -0.004163
12.757557 -0.002826
12.762558 0.003170
12.767559 0.018653
12.772560 0.018108
12.777561 0.029640
12.782562 0.038912
12.787563 0.045666
12.792564 0.051946
12.797565 0.056409
12.802566 0.065357
12.807567 0.062275
12.812568 0.070686
12.817569 0.072754
12.822570 0.066745
12.827571 0.075013
12.832572 0.074108
12.837573 0.069140
12.842574 0.075871
12.847575 0.073539
12.852576 0.066773
12.857577 0.067757
12.862578 0.056023
12.867579 0.046925
12.872580 0.039609
12.877581 0.020855
12.882582 0.002951
12.887583 -0.014856
12.892584 -0.030644
12.897585 -0.050719
12.902586 -0.071835
12.907587 -0.079411
12.912588 -0.089382
12.917589 -0.097469
12.922590 -0.096758
12.927591 -0.098682
12.932592 -0.091539
12.937593 -0.086931
12.942594 -0.084581
12.947595 -0.074492
12.952596 -0.067126
12.957597 -0.058525
12.962598 -0.049324
12.967599 -0.038306
12.972600 -0.021722
12.977601 -0.008112
12.982602 0.010871
12.987603 0.031321
12.992604 0.039813
12.997605 0.057902
13.002606 0.068898
13.007607 0.072592
13.012608 0.081009
13.017609 0.073736
13.022610 0.068465
13.027611 0.061684
13.032612 0.045591
13.037613 0.035188
13.042614 0.019290
13.047615 -0.001987
13.052616 -0.014232
13.057617 -0.033155
13.062618 -0.050576
13.067619 -0.058838
13.072620 -0.072348
13.077621 -0.075821
13.082622 -0.077615
13.087623 -0.080307
13.092624 -0.071946
13.097625 -0.065796
13.102626 -0.065255
13.107627 -0.054429
13.112628 -0.040417
13.117629 -0.039873
13.122630 -0.032879
13.127631 -0.017360
13.132632 -0.011029
13.137633 -0.003062
13.142634 0.012773
13.147635 0.022737
13.152636 0.034176
13.157637 0.048139
13.162638 0.053967
13.167639 0.060359
13.172640 0.066431
13.177641 0.064520
13.182642 0.060543
13.187643 0.055091
13.192644 0.041717
13.197645 0.026229
13.202646 0.009934
13.207647 -0.008885
13.212648 -0.030667
13.217649 -0.047418
13.222650 -0.061994
13.227651 -0.074223
13.232652 -0.080913
13.237653 -0.082994
13.242654 -0.076028
13.247655 -0.064257
13.252656 -0.043057
13.257657 -0.027445
13.262658 -0.004307
13.267659 0.019476
13.272660 0.038844
13.277661 0.062846
13.282662 0.069819
13.287663 0.086555
13.292664 0.096022
13.297665 0.093825
13.302666 0.097827
13.307667 0.093533
13.312668 0.086603
13.317669 0.073662
13.322670 0.065003
13.327671 0.052628
13.332672 0.030231
13.337673 0.018907
13.342674 0.007052
13.347675 -0.003920
13.352676 -0.012535
13.357677 -0.022834
13.362678 -0.022011
13.367679 -0.023472
13.372680 -0.026840
13.377681 -0.026297
13.382682 -0.024437
13.387683 -0.020622
13.392684 -0.022408
13.397685 -0.020506
13.402686 -0.010948
13.407687 -0.010370
13.412688 -0.004996
13.417689 0.006988
13.422690 0.006518
13.427691 0.017499
13.432692 0.026530
13.437693 0.026539
13.442694 0.033843
13.447695 0.030451
13.452696 0.024969
13.457697 0.017182
13.462698 0.008131
13.467699 -0.006089
13.472700 -0.023910
13.477701 -0.035903
13.482702 -0.054457
13.487703 -0.057799
13.492704 -0.064549
13.497705 -0.075485
13.502706 -0.069931
13.507707 -0.062719
13.512708 -0.049917
13.517709 -0.043507
13.522710 -0.025705
13.527711 -0.007176
13.532712 0.001470
13.537713 0.015864
13.542714 0.022791
13.547715 0.029339
13.552716 0.028075
13.557717 0.024852
13.562718 0.020049
13.567719 0.012013
13.572720 0.003008
13.577721 -0.007031
13.582722 -0.013613
13.587723 -0.027600
13.592724 -0.030481
13.597725 -0.036312
13.602726 -0.044718
13.607727 -0.042243
13.612728 -0.044300
13.617729 -0.038188
13.622730 -0.036797
13.627731 -0.034159
13.632732 -0.023324
13.637733 -0.022945
13.642734 -0.017118
13.647735 -0.014210
13.652736 -0.014897
13.657737 -0.005835
13.662738 -0.007778
13.667739 -0.006898
13.672740 -0.004330
13.677741 -0.008253
13.682742 -0.001878
13.687743 -0.003163
13.692744 0.001816
13.697745 0.001964
13.702746 0.001787
13.707747 0.011323
13.712748 0.005110
13.717749 0.009481
13.722750 0.008291
13.727751 0.009665
13.732752 0.010211
13.737753 0.003285
13.742754 0.005824
13.747755 0.000932
13.752756 0.003960
13.757757 -0.000800
13.762758 0.001857
13.767759 0.010618
13.772760 0.009243
13.777761 0.023946
13.782762 0.031125
13.787763 0.039865
13.792764 0.057395
13.797765 0.061408
13.802766 0.067795
13.807767 0.077562
13.812768 0.075918
13.817769 0.068468
13.822770 0.066931
13.827771 0.059886
13.832772 0.046659
13.837773 0.037987
13.842774 0.025661
13.847775 0.015992
13.852776 0.008773
13.857777 0.002458
13.862778 -0.003724
13.867779 -0.005022
13.872780 -0.000955
13.877781 -0.004238
13.882782 -0.002553
13.887783 0.002911
13.892784 0.008058
13.897785 0.003824
13.902786 0.001002
13.907787 0.005587
13.912788 -0.006477
13.917789 -0.012270
13.922790 -0.015655
13.927791 -0.026594
13.932792 -0.027730
13.937793 -0.034237
13.942794 -0.037914
13.947795 -0.032314
13.952796 -0.031471
13.957797 -0.026481
13.962798 -0.018481
13.967799 -0.012424
13.972800 -0.001545
13.977801 0.007566
13.982802 0.013017
13.987803 0.022963
13.992804 0.024062
13.997805 0.024996
14.002806 0.025526
14.007807 0.019251
14.012808 0.011232
14.017809 -0.000031
14.022810 -0.008330
14.027811 -0.023432
14.032812 -0.029526
14.037813 -0.041576
14.042814 -0.053129
14.047815 -0.052983
14.052816 -0.057456
14.057817 -0.056322
14.062818 -0.060170
14.067819 -0.052935
14.072820 -0.052982
14.077821 -0.049962
14.082822 -0.040203
14.087823 -0.038321
14.092824 -0.026281
14.097825 -0.026690
14.102826 -0.015368
14.107827 -0.001871
14.112828 0.002462
14.117829 0.012272
14.122830 0.022717
14.127831 0.032407
14.132832 0.037470
14.137833 0.051572
14.142834 0.058110
14.147835 0.062913
14.152836 0.070252
14.157837 0.073514
14.162838 0.076435
14.167839 0.074197
14.172840 0.074656
14.177841 0.067503
14.182842 0.056486
14.187843 0.048929
14.192844 0.037813
14.197845 0.021824
14.202846 0.007167
14.207847 -0.003699
14.212848 -0.022827
14.217849 -0.034954
14.222850 -0.041692
14.227851 -0.053290
14.232852 -0.053075
14.237853 -0.058641
14.242854 -0.059314
14.247855 -0.052536
14.252856 -0.047654
14.257857 -0.036140
14.262858 -0.030713
14.267859 -0.013273
14.272860 -0.000750
14.277861 0.006032
14.282862 0.018275
14.287863 0.023149
14.292864 0.032886
14.297865 0.036364
14.302866 0.036039
14.307867 0.033771
14.312868 0.034176
14.317869 0.031461
14.322870 0.024417
14.327871 0.026132
14.332872 0.021299
14.337873 0.020705
14.342874 0.015819
14.347875 0.012902
14.352876 0.013982
14.357877 0.004898
14.362878 0.006882
14.367879 0.000761
14.372880 -0.006532
14.377881 -0.011693
14.382882 -0.020639
14.387883 -0.024300
14.392884 -0.032859
14.397885 -0.041395
14.402886 -0.046516
14.407887 -0.050167
14.412888 -0.056037
14.417889 -0.059720
14.422890 -0.062924
14.427891 -0.060897
14.432892 -0.060996
14.437893 -0.059905
14.442894 -0.056765
14.447895 -0.050803
14.452896 -0.042520
14.457897 -0.042686
14.462898 -0.036884
14.467899 -0.032452
14.472900 -0.021550
14.477901 -0.020484
14.482902 -0.019508
14.487903 -0.008841
14.492904 -0.010493
14.497905 -0.009417
14.502906 -0.003574
14.507907 -0.002474
14.512908 -0.007658
14.517909 -0.004925
14.522910 -0.009171
14.527911 -0.010336
14.532912 -0.008888
14.537913 -0.016580
14.542914 -0.015551
14.547915 -0.011008
14.552916 -0.009659
14.557917 -0.010726
14.562918 -0.000246
14.567919 0.006996
14.572920 0.014561
14.577921 0.027216
14.582922 0.039197
14.587923 0.053451
14.592924 0.058361
14.597925 0.073377
14.602926 0.082174
14.607927 0.083912
14.612928 0.090598
14.617929 0.085865
14.622930 0.088417
14.627931 0.081751
14.632932 0.069709
14.637933 0.063406
14.642934 0.047349
14.647935 0.037100
14.652936 0.022294
14.657937 0.011018
14.662938 0.002376
14.667939 -0.011905
14.672940 -0.017741
14.677941 -0.022988
14.682942 -0.026415
14.687943 -0.029743
14.692944 -0.025061
14.697945 -0.025091
14.702946 -0.027677
14.707947 -0.013739
14.712948 -0.009210
14.717949 -0.005769
14.722950 0.003642
14.727951 0.007082
14.732952 0.017937
14.737953 0.021780
14.742954 0.027660
14.747956 0.041951
14.752957 0.039517
14.757958 0.044144
14.762959 0.052084
14.767960 0.052299
14.772961 0.053805
14.777962 0.055149
14.782963 0.050307
14.787964 0.049185
14.792965 0.049171
14.797966 0.037369
14.802967 0.033420
14.807968 0.024572
14.812969 0.018920
14.817970 0.010337
14.822971 -0.003011
14.827972 -0.007794
14.832973 -0.017739
14.837974 -0.025437
14.842975 -0.034093
14.847976 -0.037247
14.852977 -0.045523
14.857978 -0.051179
14.862979 -0.052736
14.867980 -0.057472
14.872981 -0.059143
14.877982 -0.063994
14.882983 -0.063345
14.887984 -0.066192
14.892985 -0.062278
14.897986 -0.068080
14.902987 -0.070493
14.907988 -0.058192
14.912989 -0.065129
14.917990 -0.060730
14.922991 -0.053889
14.927992 -0.050088
14.932993 -0.041184
14.937994 -0.040753
14.942995 -0.035549
14.947996 -0.026787
14.952997 -0.024138
14.957998 -0.023707
14.962999 -0.019322
14.968000 -0.017773
14.973001 -0.015170
14.978002 -0.017569
14.983003 -0.017866
14.988004 -0.014386
14.993005 -0.017253
14.998006 -0.014055
15.003007 -0.013467
15.008008 -0.008650
15.013009 -0.005056
15.018010 -0.004533
15.023011 0.005305
15.028012 0.009717
15.033013 0.011890
15.038014 0.015883
15.043015 0.021262
15.048016 0.024036
15.053017 0.021112
15.058018 0.026809
15.063019 0.027295
15.068020 0.020676
15.073021 0.026921
15.078022 0.023866
15.083023 0.022579
15.088024 0.025644
15.093025 0.025523
15.098026 0.028219
15.103027 0.026535
15.108028 0.035029
15.113029 0.032618
15.118030 0.036102
15.123031 0.039733
15.128032 0.037386
15.133033 0.042981
15.138034 0.037520
15.143035 0.038316
15.148036 0.034992
15.153037 0.031367
15.158038 0.025990
15.163039 0.021897
15.168040 0.016922
15.173041 0.010581
15.178042 0.007874
15.183043 -0.003984
15.188044 -0.006530
15.193045 -0.009040
15.198046 -0.014071
15.203047 -0.016702
15.208048 -0.016096
15.213049 -0.010464
15.218050 -0.007717
15.223051 -0.002121
15.228052 0.010963
15.233053 0.019815
15.238054 0.031223
15.243055 0.046657
15.248056 0.052894
15.253057 0.065982
15.258058 0.071616
15.263059 0.076736
15.268060 0.085667
15.273061 0.079538
15.278062 0.082958
15.283063 0.078555
15.288064 0.067942
15.293065 0.063531
15.298066 0.048297
15.303067 0.038852
15.308068 0.028089
15.313069 0.012820
15.318070 0.000108
15.323071 -0.015569
15.328072 -0.027187
15.333073 -0.037296
15.338074 -0.046427
15.343075 -0.055846
15.348076 -0.060494
15.353077 -0.058412
15.358078 -0.063277
15.363079 -0.063856
15.368080 -0.056451
15.373081 -0.053311
15.378082 -0.052018
15.383083 -0.043694
15.388084 -0.037596
15.393085 -0.034445
15.398086 -0.024760
15.403087 -0.022674
15.408088 -0.015298
15.413089 -0.007342
15.418090 -0.007841
15.423091 -0.003894
15.428092 0.000406
15.433093 0.002066
15.438094 -0.002871
15.443095 -0.004320
15.448096 -0.009458
15.453097 -0.017696
15.458098 -0.021963
15.463099 -0.031638
15.468100 -0.039865
15.473101 -0.048425
15.478102 -0.053878
15.483103 -0.061329
15.488104 -0.064038
15.493105 -0.058442
15.498106 -0.065957
15.503107 -0.059203
15.508108 -0.048142
15.513109 -0.044351
15.518110 -0.030858
15.523111 -0.022459
15.528112 -0.006708
15.533113 0.007974
15.538114 0.014056
15.543115 0.028321
15.548116 0.037836
15.553117 0.043300
15.558118 0.052943
15.563119 0.050806
15.568120 0.054182
15.573121 0.056073
15.578122 0.046525
15.583123 0.045156
15.588124 0.040532
15.593125 0.035880
15.598126 0.024161
15.603127 0.014244
15.608128 0.011022
15.613129 -0.000910
15.618130 -0.009515
15.623131 -0.018146
15.628132 -0.026840
15.633133 -0.031725
15.638134 -0.041650
15.643135 -0.043450
15.648136 -0.047855
15.653137 -0.055640
15.658138 -0.050365
15.663139 -0.057429
15.668140 -0.058344
15.673141 -0.050700
15.678142 -0.049047
15.683143 -0.047374
15.688144 -0.041464
15.693145 -0.029954
15.698146 -0.029060
15.703147 -0.015638
15.708148 -0.006349
15.713149 -0.001816
15.718150 0.011732
15.723151 0.012047
15.728152 0.022042
15.733153 0.023802
15.738154 0.024198
15.743155 0.031827
15.748156 0.022710
15.753157 0.021948
15.758158 0.020615
15.763159 0.014795
15.768160 0.008721
15.773161 0.006259
15.778162 0.000684
15.783163 -0.006865
15.788164 -0.005756
15.793165 -0.015619
15.798166 -0.010466
15.803167 -0.013910
15.808168 -0.016440
15.813169 -0.005205
15.818170 -0.011297
15.823171 -0.004330
15.828172 0.000418
15.833173 0.005850
15.838174 0.008985
15.843175 0.011796
15.848176 0.021707
15.853177 0.023383
15.858178 0.028442
15.863179 0.032568
15.868180 0.040023
15.873181 0.042973
15.878182 0.046054
15.883183 0.049318
15.888184 0.051731
15.893185 0.054902
15.898186 0.050627
15.903187 0.048373
15.908188 0.047115
15.913189 0.043865
15.918190 0.036295
15.923191 0.032192
15.928192 0.029153
15.933193 0.022738
15.938194 0.016508
15.943195 0.018377
15.948196 0.014842
15.953197 0.006930
15.958198 0.012814
15.963199 0.011694
15.968200 0.013039
15.973201 0.015534
15.978202 0.011618
15.983203 0.016416
15.988204 0.019479
15.993205 0.017331
15.998206 0.017453
16.003207 0.016709
16.008208 0.015219
16.013209 0.015772
16.018210 0.009253
16.023211 0.006697
16.028212 0.005217
16.033213 -0.001959
16.038214 -0.002573
16.043215 -0.008355
16.048216 -0.011411
16.053217 -0.015735
16.058218 -0.018304
16.063219 -0.020295
16.068220 -0.029176
16.073221 -0.025233
16.078222 -0.037391
16.083223 -0.041113
16.088224 -0.039828
16.093225 -0.052467
16.098226 -0.049745
16.103227 -0.058758
16.108228 -0.056641
16.113229 -0.057067
16.118230 -0.061849
16.123231 -0.053166
16.128232 -0.052745
16.133233 -0.042680
16.138234 -0.039431
16.143235 -0.034472
16.148236 -0.023454
16.153237 -0.020393
16.158238 -0.016713
16.163239 -0.010320
16.168240 -0.009534
16.173241 -0.012579
16.178242 -0.012468
16.183243 -0.018532
16.188244 -0.018292
16.193245 -0.021868
16.198246 -0.031507
16.203247 -0.029025
16.208248 -0.033480
16.213249 -0.034025
16.218250 -0.027308
16.223251 -0.031867
16.228252 -0.020313
16.233253 -0.014578
16.238254 -0.015473
16.243255 0.002090
16.248256 0.006713
16.253257 0.011475
16.258258 0.019257
16.263259 0.026724
16.268260 0.032586
16.273261 0.035722
16.278262 0.044449
16.283263 0.043857
16.288264 0.049498
16.293265 0.053832
16.298266 0.052758
16.303267 0.056266
16.308268 0.058101
16.313269 0.057462
16.318270 0.053645
16.323271 0.055809
16.328272 0.050164
16.333273 0.044774
16.338274 0.043980
16.343275 0.031304
16.348276 0.027325
16.353277 0.023201
16.358278 0.012077
16.363279 0.010285
16.368280 0.002394
16.373281 0.002573
16.378282 0.003661
16.383283 -0.000618
16.388284 0.009878
16.393285 0.012047
16.398286 0.015637
16.403287 0.021983
16.408288 0.030847
16.413289 0.033597
16.418290 0.031491
16.423291 0.043601
16.428292 0.037227
16.433293 0.038200
16.438294 0.039864
16.443295 0.029281
16.448296 0.031798
16.453297 0.022110
16.458298 0.014101
16.463299 0.010762
16.468300 0.003367
16.473301 -0.000190
16.478302 -0.012196
16.483303 -0.020272
16.488304 -0.016503
16.493305 -0.023866
16.498306 -0.033788
16.503307 -0.033827
16.508308 -0.038705
16.513309 -0.043780
16.518310 -0.044301
16.523311 -0.050399
16.528312 -0.049572
16.533313 -0.048574
16.538314 -0.056389
16.543315 -0.048457
16.548316 -0.043915
16.553317 -0.043486
16.558318 -0.037581
16.563319 -0.031972
16.568320 -0.023218
16.573321 -0.016543
16.578322 -0.006791
16.583323 -0.003111
16.588324 0.004293
16.593325 0.014232
16.598326 0.014707
16.603327 0.018314
16.608328 0.025285
16.613329 0.028468
16.618330 0.026447
16.623331 0.026826
16.628332 0.028212
16.633333 0.025463
16.638334 0.020303
16.643335 0.018165
16.648336 0.015017
16.653337 0.010295
16.658338 0.008706
16.663339 0.001560
16.668340 -0.000442
16.673341 -0.001673
16.678342 -0.007315
16.683343 -0.005750
16.688344 -0.012761
16.693345 -0.016355
16.698346 -0.016533
16.703347 -0.021040
16.708348 -0.019409
16.713349 -0.022692
16.718350 -0.025005
16.723351 -0.026457
16.728352 -0.024575
16.733353 -0.023619
16.738354 -0.024204
16.743355 -0.022720
16.748356 -0.021518
16.753357 -0.012905
16.758358 -0.017739
16.763359 -0.014817
16.768360 -0.005837
16.773361 -0.013222
16.778362 -0.010035
16.783363 -0.005051
16.788364 -0.008152
16.793365 -0.006807
16.798366 -0.005827
16.803367 -0.009298
16.808368 -0.007881
16.813369 -0.006747
16.818370 -0.008181
16.823371 -0.009130
16.828372 -0.007844
16.833373 -0.007530
16.838374 -0.006568
16.843375 -0.005167
16.848376 -0.006453
16.853377 -0.001945
16.858378 -0.004200
16.863379 -0.001871
16.868380 0.002097
16.873381 -0.002431
16.878382 -0.000236
16.883383 -0.000711
16.888384 0.001076
16.893385 0.001587
16.898386 -0.000400
16.903387 0.001054
16.908388 0.001294
16.913389 0.003164
16.918390 0.004331
16.923391 0.007343
16.928392 0.008050
16.933393 0.010441
16.938394 0.015528
16.943395 0.017769
16.948396 0.021042
16.953397 0.019587
16.958398 0.021714
16.963399 0.023234
16.968400 0.022134
16.973401 0.023952
16.978402 0.020438
16.983403 0.021047
16.988404 0.021647
16.993405 0.020377
16.998406 0.020126
17.003407 0.019207
17.008408 0.021747
17.013410 0.021739
17.018411 0.016233
17.023412 0.017506
17.028413 0.019862
17.033414 0.015631
17.038415 0.018352
17.043416 0.016658
17.048417 0.015020
17.053418 0.017006
17.058419 0.015183
17.063420 0.017621
17.068421 0.017004
17.073422 0.017515
17.078423 0.016431
17.083424 0.013819
17.088425 0.015658
17.093426 0.012985
17.098427 0.011064
17.103428 0.007112
17.108429 0.000935
17.113430 -0.000176
17.118431 -0.006977
17.123432 -0.015229
17.128433 -0.019400
17.133434 -0.027244
17.138435 -0.032538
17.143436 -0.039805
17.148437 -0.043429
17.153438 -0.047518
17.158439 -0.055698
17.163440 -0.052158
17.168441 -0.055515
17.173442 -0.055754
17.178443 -0.052199
17.183444 -0.055360
17.188445 -0.050679
17.193446 -0.043415
17.198447 -0.038789
17.203448 -0.038018
17.208449 -0.030567
17.213450 -0.024512
17.218451 -0.023747
17.223452 -0.015431
17.228453 -0.011948
17.233454 -0.005968
17.238455 -0.002388
17.243456 -0.004072
17.248457 0.004727
17.253458 0.006046
17.258459 0.007915
17.263460 0.010341
17.268461 0.011369
17.273462 0.015102
17.278463 0.015228
17.283464 0.020040
17.288465 0.021443
17.293466 0.023321
17.298467 0.025044
17.303468 0.029804
17.308469 0.033950
17.313470 0.034495
17.318471 0.038438
17.323472 0.040890
17.328473 0.042097
17.333474 0.041864
17.338475 0.045046
17.343476 0.041098
17.348477 0.041138
17.353478 0.041328
17.358479 0.032794
17.363480 0.032973
17.368481 0.023781
17.373482 0.017284
17.378483 0.015467
17.383484 0.002903
17.388485 0.000066
17.393486 -0.006781
17.398487 -0.014365
17.403488 -0.012120
17.408489 -0.020337
17.413490 -0.020638
17.418491 -0.016753
17.423492 -0.019494
17.428493 -0.016017
17.433494 -0.013697
17.438495 -0.010621
17.443496 -0.007636
17.448497 -0.003009
17.453498 0.000468
17.458499 0.003964
17.463500 0.006376
17.468501 0.009538
17.473502 0.012623
17.478503 0.009144
17.483504 0.013673
17.488505 0.008702
17.493506 0.007445
17.498507 0.008168
17.503508 0.002133
17.508509 0.000681
17.513510 -0.005449
17.518511 -0.004043
17.523512 -0.012032
17.528513 -0.014640
17.533514 -0.012088
17.538515 -0.019007
17.543516 -0.021784
17.548517 -0.023289
17.553518 -0.018423
17.558519 -0.023888
17.563520 -0.022830
17.568521 -0.017900
17.573522 -0.020927
17.578523 -0.015573
17.583524 -0.015132
17.588525 -0.012180
17.593526 -0.008651
17.598527 -0.006295
17.603528 -0.002459
17.608529 -0.001738
17.613530 -0.000248
17.618531 0.004684
17.623532 0.008036
17.628533 0.004953
17.633534 0.007871
17.638535 0.007978
17.643536 0.008603
17.648537 0.011185
17.653538 0.008861
17.658539 0.009634
17.663540 0.007901
17.668541 0.008260
17.673542 0.007238
17.678543 0.004436
17.683544 0.004804
17.688545 0.006700
17.693546 0.005428
17.698547 0.003379
17.703548 0.004349
17.708549 0.005976
17.713550 0.010090
17.718551 0.005148
17.723552 0.007120
17.728553 0.015057
17.733554 0.013589
17.738555 0.012145
17.743556 0.014542
17.748557 0.018632
17.753558 0.014439
17.758559 0.013088
17.763560 0.012359
17.768561 0.008903
17.773562 0.006717
17.778563 -0.001239
17.783564 -0.003566
17.788565 -0.002809
17.793566 -0.012905
17.798567 -0.016587
17.803568 -0.015494
17.808569 -0.020307
17.813570 -0.018893
17.818571 -0.022912
17.823572 -0.021420
17.828573 -0.017547
17.833574 -0.020364
17.838575 -0.020363
17.843576 -0.016363
17.848577 -0.008872
17.853578 -0.014851
17.858579 -0.007624
17.863580 0.000001
17.868581 -0.001749
17.873582 0.006117
17.878583 0.006497
17.883584 0.011060
17.888585 0.013888
17.893586 0.016019
17.898587 0.015222
17.903588 0.014019
17.908589 0.015218
17.913590 0.012623
17.918591 0.008508
17.923592 0.001470
17.928593 0.006174
17.933594 -0.002959
17.938595 -0.009606
17.943596 -0.008025
17.948597 -0.014568
17.953598 -0.013170
17.958599 -0.019061
17.963600 -0.016897
17.968601 -0.015263
17.973602 -0.017579
17.978603 -0.013857
17.983604 -0.015882
17.988605 -0.009432
17.993606 -0.007248
17.998607 -0.009358
18.003608 -0.007903
18.008609 -0.004567
18.013610 -0.001096
18.018611 -0.005205
18.023612 0.000851
18.028613 -0.001186
18.033614 0.002635
18.038615 0.010976
18.043616 0.001747
18.048617 0.013558
18.053618 0.013904
18.058619 0.014455
18.063620 0.023573
18.068621 0.020629
18.073622 0.028267
18.078623 0.023009
18.083624 0.023721
18.088625 0.027529
18.093626 0.020509
18.098627 0.017861
18.103628 0.015430
18.108629 0.010557
18.113630 0.004529
18.118631 -0.000021
18.123632 -0.008304
18.128633 -0.009644
18.133634 -0.014558
18.138635 -0.019251
18.143636 -0.017605
18.148637 -0.022652
18.153638 -0.020261
18.158639 -0.018212
18.163640 -0.020750
18.168641 -0.017097
18.173642 -0.015461
18.178643 -0.015187
18.183644 -0.013609
18.188645 -0.012587
18.193646 -0.010027
18.198647 -0.009703
18.203648 -0.009643
18.208649 -0.009056
18.213650 -0.008123
18.218651 -0.010553
18.223652 -0.008766
18.228653 -0.000109
18.233654 -0.005659
18.238655 -0.004578
18.243656 0.002025
18.248657 -0.001828
18.253658 0.006358
18.258659 0.008457
18.263660 0.006160
18.268661 0.012378
18.273662 0.012206
18.278663 0.012779
18.283664 0.014470
18.288665 0.016270
18.293666 0.014815
18.298667 0.012535
18.303668 0.009168
18.308669 0.007967
18.313670 0.008525
18.318671 -0.001967
18.323672 -0.004366
18.328673 -0.003827
18.333674 -0.009839
18.338675 -0.014797
18.343676 -0.018124
18.348677 -0.015988
18.353678 -0.019343
18.358679 -0.022204
18.363680 -0.016521
18.368681 -0.019165
18.373682 -0.017685
18.378683 -0.010086
18.383684 -0.011227
18.388685 -0.005512
18.393686 0.000235
18.398687 0.000848
18.403688 0.003980
18.408689 0.008845
18.413690 0.014784
18.418691 0.017596
18.423692 0.017133
18.428693 0.020307
18.433694 0.023295
18.438695 0.022309
18.443696 0.018394
18.448697 0.014755
18.453698 0.015654
18.458699 0.008749
18.463700 0.004197
18.468701 -0.001200
18.473702 -0.006324
18.478703 -0.009122
18.483704 -0.017325
18.488705 -0.016546
18.493706 -0.020953
18.498707 -0.022385
18.503708 -0.019688
18.508709 -0.023749
18.513710 -0.018663
18.518711 -0.017528
18.523712 -0.016793
18.528713 -0.010889
18.533714 -0.011143
18.538715 -0.008586
18.543716 -0.007919
18.548717 -0.006115
18.553718 -0.003096
18.558719 -0.005519
18.563720 -0.005920
18.568721 -0.006335
18.573722 -0.007041
18.578723 -0.008278
18.583724 -0.012964
18.588725 -0.009533
18.593726 -0.007783
18.598727 -0.017827
18.603728 -0.015289
18.608729 -0.013771
18.613730 -0.016873
18.618731 -0.014373
18.623732 -0.017390
18.628733 -0.017736
18.633734 -0.012944
18.638735 -0.017448
18.643736 -0.019835
18.648737 -0.007697
18.653738 -0.011615
18.658739 -0.013160
18.663740 -0.004967
18.668741 -0.003937
18.673742 -0.000699
18.678743 0.000415
18.683744 0.004831
18.688745 0.008862
18.693746 0.012850
18.698747 0.013487
18.703748 0.019458
18.708749 0.023711
18.713750 0.024853
18.718751 0.030497
18.723752 0.028118
18.728753 0.033748
18.733754 0.033201
18.738755 0.031483
18.743756 0.032396
18.748757 0.029722
18.753758 0.029082
18.758759 0.025355
18.763760 0.023934
18.768761 0.019022
18.773762 0.017875
18.778763 0.014932
18.783764 0.011933
18.788765 0.007484
18.793766 0.008261
18.798767 0.009938
18.803768 0.000341
18.808769 0.008828
18.813770 0.006772
18.818771 0.004697
18.823772 0.015248
18.828773 0.010709
18.833774 0.016027
18.838775 0.020250
18.843776 0.020138
18.848777 0.021659
18.853778 0.022946
18.858779 0.025457
18.863780 0.022189
18.868781 0.023083
18.873782 0.019044
18.878783 0.014349
18.883784 0.015447
18.888785 0.008306
18.893786 0.004773
18.898787 0.003634
18.903788 -0.006084
18.908789 -0.006154
18.913790 -0.010437
18.918791 -0.018722
18.923792 -0.018493
18.928793 -0.020874
18.933794 -0.024249
18.938795 -0.028274
18.943796 -0.026477
18.948797 -0.031301
18.953798 -0.031036
18.958799 -0.030960
18.963800 -0.032596
18.968801 -0.029413
18.973802 -0.033327
18.978803 -0.028905
18.983804 -0.029005
18.988805 -0.025837
18.993806 -0.026324
18.998807 -0.022417
19.003808 -0.016212
19.008809 -0.018099
19.013810 -0.013535
19.018811 -0.013861
19.023812 -0.008675
19.028813 -0.007624
19.033814 -0.005223
19.038815 -0.003737
19.043816 -0.001130
19.048817 -0.002866
19.053818 -0.003350
19.058819 0.006094
19.063820 -0.002116
19.068821 0.004363
19.073822 0.005566
19.078823 -0.000189
19.083824 0.009201
19.088825 0.006257
19.093826 0.006392
19.098827 0.008867
19.103828 0.008441
19.108829 0.010235
19.113830 0.012369
19.118831 0.010917
19.123832 0.006964
19.128833 0.011541
19.133834 0.010707
19.138835 0.005222
19.143836 0.008906
19.148837 0.008486
19.153838 0.004289
19.158839 0.002599
19.163840 0.002399
19.168841 -0.000092
19.173842 -0.007123
19.178843 -0.007737
19.183844 -0.008539
19.188845 -0.016055
19.193846 -0.016762
19.198847 -0.019032
19.203848 -0.025665
19.208849 -0.019692
19.213850 -0.020614
19.218851 -0.021480
19.223852 -0.020657
19.228853 -0.019447
19.233854 -0.008636
19.238855 -0.011868
19.243856 -0.006516
19.248857 -0.001726
19.253858 -0.000168
19.258859 0.005290
19.263860 0.006307
19.268861 0.013994
19.273862 0.014131
19.278863 0.016107
19.283865 0.016871
19.288866 0.020133
19.293867 0.023046
19.298868 0.018379
19.303869 0.022968
19.308870 0.022188
19.313871 0.017369
19.318872 0.019998
19.323873 0.015567
19.328874 0.012810
19.333875 0.013583
19.338876 0.006010
19.343877 0.008367
19.348878 0.005195
19.353879 0.000789
19.358880 0.002657
19.363881 -0.006326
19.368882 -0.002576
19.373883 0.000877
19.378884 -0.004475
19.383885 -0.006567
19.388886 -0.001860
19.393887 0.001698
19.398888 -0.002476
19.403889 0.002670
19.408890 0.003842
19.413891 0.007380
19.418892 0.010264
19.423893 0.008058
19.428894 0.013152
19.433895 0.014335
19.438896 0.014478
19.443897 0.013340
19.448898 0.015298
19.453899 0.013556
19.458900 0.012452
19.463901 0.013346
19.468902 0.008106
19.473903 0.005583
19.478904 0.003997
19.483905 0.002885
19.488906 -0.002030
19.493907 -0.000082
19.498908 -0.002322
19.503909 -0.008343
19.508910 -0.003576
19.513911 -0.002908
19.518912 -0.003282
19.523913 -0.001796
19.528914 0.000853
19.533915 0.001475
19.538916 0.002151
19.543917 0.004362
19.548918 0.006763
19.553919 0.008082
19.558920 0.005770
19.563921 0.010762
19.568922 0.011700
19.573923 0.007971
19.578924 0.010254
19.583925 0.005963
19.588926 0.007628
19.593927 0.006963
19.598928 0.002324
19.603929 0.003816
19.608930 -0.002322
19.613931 -0.000623
19.618932 -0.005887
19.623933 -0.009611
19.628934 -0.002845
19.633935 -0.010768
19.638936 -0.011635
19.643937 -0.009854
19.648938 -0.011274
19.653939 -0.009790
19.658940 -0.011834
19.663941 -0.009739
19.668942 -0.008544
19.673943 -0.008507
19.678944 -0.007250
19.683945 -0.005257
19.688946 -0.009084
19.693947 -0.008090
19.698948 -0.001279
19.703949 -0.011046
19.708950 -0.005020
19.713951 -0.003456
19.718952 -0.013668
19.723953 -0.002861
19.728954 -0.010491
19.733955 -0.014019
19.738956 -0.008428
19.743957 -0.015083
19.748958 -0.015879
19.753959 -0.019095
19.758960 -0.017754
19.763961 -0.022308
19.768962 -0.024692
19.773963 -0.025410
19.778964 -0.027233
19.783965 -0.024650
19.788966 -0.029793
19.793967 -0.023139
19.798968 -0.029942
19.803969 -0.025439
19.808970 -0.018479
19.813971 -0.024338
19.818972 -0.011996
19.823973 -0.015158
19.828974 -0.010704
19.833975 -0.004353
19.838976 -0.004153
19.843977 -0.000462
19.848978 0.003209
19.853979 0.006819
19.858980 0.006428
19.863981 0.010477
19.868982 0.010428
19.873983 0.011935
19.878984 0.010674
19.883985 0.011361
19.888986 0.011144
19.893987 0.009180
19.898988 0.010426
19.903989 0.004655
19.908990 0.004647
19.913991 0.006433
19.918992 0.001578
19.923993 -0.001356
19.928994 -0.001260
19.933995 -0.002997
19.938996 -0.005714
19.943997 -0.004329
19.948998 -0.008687
19.953999 -0.007512
19.959000 -0.004826
19.964001 -0.013136
19.969002 -0.005633
19.974003 -0.005613
19.979004 -0.006027
19.984005 0.000185
19.989006 -0.002823
19.994007 0.002177
19.999008 0.002483
20.004009 0.007681
20.009010 0.010932
20.014011 0.009149
20.019012 0.014861
20.024013 0.013535
20.029014 0.013013
20.034015 0.018982
20.039016 0.016989
20.044017 0.012954
20.049018 0.017999
20.054019 0.016855
20.059020 0.011441
20.064021 0.012518
20.069022 0.015239
20.074023 0.013803
20.079024 0.011155
20.084025 0.011582
20.089026 0.013886
20.094027 0.017451
20.099028 0.014035
20.104029 0.015745
20.109030 0.020982
20.114031 0.018721
20.119032 0.020698
20.124033 0.023723
20.129034 0.025342
20.134035 0.024140
20.139036 0.027877
20.144037 0.028390
20.149038 0.024926
20.154039 0.027907
20.159040 0.023246
20.164041 0.021699
20.169042 0.022569
20.174043 0.016949
20.179044 0.011149
20.184045 0.006704
20.189046 0.005355
20.194047 0.001336
20.199048 -0.005787
20.204049 -0.007704
20.209050 -0.011421
20.214051 -0.016098
20.219052 -0.017699
20.224053 -0.019472
20.229054 -0.015647
20.234055 -0.021441
20.239056 -0.021955
20.244057 -0.015387
20.249058 -0.019113
20.254059 -0.015009
20.259060 -0.018336
20.264061 -0.016813
20.269062 -0.013675
20.274063 -0.020899
20.279064 -0.015663
20.284065 -0.019559
20.289066 -0.022409
20.294067 -0.019903
20.299068 -0.026345
20.304069 -0.025176
20.309070 -0.025583
20.314071 -0.028860
20.319072 -0.032435
20.324073 -0.036602
20.329074 -0.032062
20.334075 -0.036490
20.339076 -0.041079
20.344077 -0.038281
20.349078 -0.041178
20.354079 -0.041524
20.359080 -0.039481
20.364081 -0.040101
20.369082 -0.040601
20.374083 -0.034564
20.379084 -0.036691
20.384085 -0.035473
20.389086 -0.026591
20.394087 -0.028047
20.399088 -0.023723
20.404089 -0.017199
20.409090 -0.015480
20.414091 -0.007786
20.419092 -0.004003
20.424093 -0.001204
20.429094 0.008448
20.434095 0.008236
20.439096 0.011225
20.444097 0.016796
20.449098 0.020904
20.454099 0.023436
20.459100 0.023793
20.464101 0.030590
20.469102 0.029269
20.474103 0.032608
20.479104 0.035350
20.484105 0.031003
20.489106 0.034863
20.494107 0.033521
20.499108 0.031172
20.504109 0.032616
20.509110 0.027519
20.514111 0.030125
20.519112 0.028520
20.524113 0.024240
20.529114 0.028225
20.534115 0.022684
20.539116 0.019939
20.544117 0.020902
20.549118 0.020834
20.554119 0.021092
20.559120 0.017382
20.564121 0.015171
20.569122 0.018965
20.574123 0.017705
20.579124 0.014458
20.584125 0.017821
20.589126 0.018636
20.594127 0.017424
20.599128 0.019213
20.604129 0.019537
20.609130 0.016042
20.614131 0.020698
20.619132 0.017809
20.624133 0.015423
20.629134 0.022406
20.634135 0.016799
20.639136 0.014911
20.644137 0.016579
20.649138 0.015537
20.654139 0.016206
20.659140 0.014343
20.664141 0.009875
20.669142 0.012904
20.674143 0.013520
20.679144 0.008621
20.684145 0.012575
20.689146 0.009460
20.694147 0.009486
20.699148 0.009463
20.704149 0.007262
20.709150 0.010549
20.714151 0.007960
20.719152 0.006629
20.724153 0.006131
20.729154 0.005874
20.734155 0.002744
20.739156 0.002762
20.744157 0.001314
20.749158 -0.000307
20.754159 0.000859
20.759160 -0.001608
20.764161 -0.003822
20.769162 -0.004612
20.774163 -0.000491
20.779164 -0.008027
20.784165 -0.005334
20.789166 -0.002641
20.794167 -0.011638
20.799168 -0.007322
20.804169 -0.010960
20.809170 -0.010543
20.814171 -0.013805
20.819172 -0.017862
20.824173 -0.015569
20.829174 -0.019969
20.834175 -0.021730
20.839176 -0.023401
20.844177 -0.024584
20.849178 -0.026680
20.854179 -0.023249
20.859180 -0.028393
20.864181 -0.026161
20.869182 -0.022861
20.874183 -0.029706
20.879184 -0.020083
20.884185 -0.020953
20.889186 -0.020870
20.894187 -0.017945
20.899188 -0.017468
20.904189 -0.014491
20.909190 -0.017190
20.914191 -0.011823
20.919192 -0.015822
20.924193 -0.017558
20.929194 -0.011683
20.934195 -0.015987
20.939196 -0.017563
20.944197 -0.015086
20.949198 -0.016555
20.954199 -0.017984
20.959200 -0.017685
20.964201 -0.020345
20.969202 -0.016050
20.974203 -0.017551
20.979204 -0.021347
20.984205 -0.015774
20.989206 -0.016615
20.994207 -0.018257
20.999208 -0.018094
21.004209 -0.017063
21.009210 -0.017154
21.014211 -0.015232
21.019212 -0.014807
21.024213 -0.014208
21.029214 -0.012910
21.034215 -0.014425
21.039216 -0.009322
21.044217 -0.008545
21.049218 -0.006958
21.054219 -0.004424
21.059220 -0.004816
21.064221 -0.003768
21.069222 0.002239
21.074223 0.004031
21.079224 -0.001365
21.084225 0.005469
21.089226 0.004330
21.094227 0.003011
21.099228 0.006880
21.104229 0.002003
21.109230 0.001533
21.114231 0.004064
21.119232 0.002573
21.124233 -0.000045
21.129234 0.002277
21.134235 0.003382
21.139236 0.004734
21.144237 0.000722
21.149238 0.001206
21.154239 0.009427
21.159240 0.005863
21.164241 0.009110
21.169242 0.015932
21.174243 0.013421
21.179244 0.018303
21.184245 0.020754
21.189246 0.025977
21.194247 0.030367
21.199248 0.024382
21.204249 0.034966
21.209250 0.034550
21.214251 0.033055
21.219252 0.037700
21.224253 0.033055
21.229254 0.036541
21.234255 0.033927
21.239256 0.037266
21.244257 0.033441
21.249258 0.031266
21.254259 0.033013
21.259260 0.029250
21.264261 0.030414
21.269262 0.025043
21.274263 0.030089
21.279264 0.023389
21.284265 0.022106
21.289266 0.027643
21.294267 0.021109
21.299268 0.022424
21.304269 0.017897
21.309270 0.018429
21.314271 0.014496
21.319272 0.011995
21.324273 0.009626
21.329274 0.004396
21.334275 0.002483
21.339276 -0.006948
21.344277 -0.003587
21.349278 -0.012564
21.354279 -0.019925
21.359280 -0.017820
21.364281 -0.026435
21.369282 -0.026173
21.374283 -0.028916
21.379284 -0.034726
21.384285 -0.032683
21.389286 -0.034126
21.394287 -0.038128
21.399288 -0.034692
21.404289 -0.036948
21.409290 -0.037054
21.414291 -0.034626
21.419292 -0.034404
21.424293 -0.030071
21.429294 -0.027611
21.434295 -0.027052
21.439296 -0.026974
21.444297 -0.018181
21.449298 -0.017992
21.454299 -0.016301
21.459300 -0.011712
21.464301 -0.015020
21.469302 -0.006571
21.474303 -0.003699
21.479304 -0.005318
21.484305 -0.005719
21.489306 -0.000058
21.494307 0.002743
21.499308 -0.003396
21.504309 0.002922
21.509310 0.000891
21.514311 0.001177
21.519312 0.001897
21.524313 -0.002792
21.529314 0.003115
21.534315 -0.002297
21.539316 -0.002657
21.544317 -0.001750
21.549319 -0.003541
21.554320 -0.001049
21.559321 -0.005131
21.564322 -0.001406
21.569323 -0.000037
21.574324 -0.001833
21.579325 -0.001088
21.584326 0.000754
21.589327 0.006595
21.594328 0.004317
21.599329 0.003372
21.604330 0.009969
21.609331 0.008648
21.614332 0.008794
21.619333 0.009135
21.624334 0.006186
21.629335 0.008927
21.634336 0.008588
21.639337 0.006657
21.644338 0.004898
21.649339 0.004787
21.654340 0.003823
21.659341 0.001586
21.664342 -0.000606
21.669343 -0.002598
21.674344 -0.001287
21.679345 -0.003759
21.684346 -0.003520
21.689347 -0.004607
21.694348 -0.003663
21.699349 0.002049
21.704350 -0.001229
21.709351 0.002753
21.714352 0.010184
21.719353 0.009932
21.724354 0.012403
21.729355 0.016682
21.734356 0.019274
21.739357 0.019657
21.744358 0.022446
21.749359 0.019507
21.754360 0.017369
21.759361 0.022942
21.764362 0.015107
21.769363 0.011580
21.774364 0.014238
21.779365 0.005415
21.784366 0.001497
21.789367 0.002996
21.794368 -0.001628
21.799369 -0.005016
21.804370 -0.004293
21.809371 -0.006710
21.814372 -0.009859
21.819373 -0.009375
21.824374 -0.007783
21.829375 -0.008891
21.834376 -0.006280
21.839377 -0.006242
21.844378 -0.006233
21.849379 -0.003303
21.854380 -0.004059
21.859381 -0.000774
21.864382 -0.000173
21.869383 0.000893
21.874384 0.005588
21.879385 0.005092
21.884386 0.005778
21.889387 0.011903
21.894388 0.011934
21.899389 0.013118
21.904390 0.011888
21.909391 0.013936
21.914392 0.020971
21.919393 0.009942
21.924394 0.016335
21.929395 0.018404
21.934396 0.008250
21.939397 0.014782
21.944398 0.009998
21.949399 0.009360
21.954400 0.009327
21.959401 0.004735
21.964402 0.005059
21.969403 0.003506
21.974404 0.003082
21.979405 0.000070
21.984406 0.001053
21.989407 -0.001216
21.994408 -0.004552
21.999409 -0.002426
22.004410 -0.004027
22.009411 -0.001951
22.014412 -0.001163
22.019413 -0.004726
22.024414 -0.002295
22.029415 0.001698
22.034416 -0.001112
22.039417 0.000280
22.044418 0.004379
22.049419 0.001427
22.054420 0.002571
22.059421 0.003663
22.064422 0.004694
22.069423 0.002284
22.074424 0.002033
22.079425 0.005167
22.084426 -0.000957
22.089427 0.000369
22.094428 0.001338
22.099429 -0.002320
22.104430 -0.006241
22.109431 -0.005844
22.114432 -0.004993
22.119433 -0.013599
22.124434 -0.010370
22.129435 -0.008324
22.134436 -0.013328
22.139437 -0.014167
22.144438 -0.014979
22.149439 -0.008690
22.154440 -0.009714
22.159441 -0.014958
22.164442 -0.011184
22.169443 -0.009785
22.174444 -0.007892
22.179445 -0.009981
22.184446 -0.008465
22.189447 -0.002881
22.194448 -0.006899
22.199449 -0.006376
22.204450 -0.004249
22.209451 -0.003724
22.214452 -0.002584
22.219453 -0.006340
22.224454 -0.009732
22.229455 -0.010024
22.234456 -0.009000
22.239457 -0.013560
22.244458 -0.016847
22.249459 -0.014710
22.254460 -0.019816
22.259461 -0.023333
22.264462 -0.019801
22.269463 -0.023010
22.274464 -0.023918
22.279465 -0.019659
22.284466 -0.023184
22.289467 -0.021071
22.294468 -0.018210
22.299469 -0.019428
22.304470 -0.013010
22.309471 -0.010490
22.314472 -0.012308
22.319473 -0.006684
22.324474 -0.007277
22.329475 -0.002884
22.334476 0.005109
22.339477 -0.009336
22.344478 0.000745
22.349479 0.007754
22.354480 -0.003326
22.359481 0.005142
22.364482 0.002462
22.369483 0.002535
22.374484 0.002504
22.379485 0.003627
22.384486 0.002570
22.389487 -0.000530
22.394488 0.006296
22.399489 0.001906
22.404490 0.004210
22.409491 0.006742
22.414492 0.006251
22.419493 0.010318
22.424494 0.008139
22.429495 0.009289
22.434496 0.016521
22.439497 0.016168
22.444498 0.011918
22.449499 0.018802
22.454500 0.019678
22.459501 0.016869
22.464502 0.019848
22.469503 0.019416
22.474504 0.017805
22.479505 0.017899
22.484506 0.019692
22.489507 0.014280
22.494508 0.018587
22.499509 0.018931
22.504510 0.012393
22.509511 0.018391
22.514512 0.013810
22.519513 0.015588
22.524514 0.015813
22.529515 0.014363
22.534516 0.014665
22.539517 0.012245
22.544518 0.017798
22.549519 0.015900
22.554520 0.018499
22.559521 0.016100
22.564522 0.015581
22.569523 0.016764
22.574524 0.014572
22.579525 0.018392
22.584526 0.012273
22.589527 0.013946
22.594528 0.012806
22.599529 0.008455
22.604530 0.013025
22.609531 0.006486
22.614532 0.005323
22.619533 0.002703
22.624534 -0.001481
22.629535 0.001446
22.634536 -0.005490
22.639537 -0.007441
22.644538 -0.011331
22.649539 -0.015304
22.654540 -0.014911
22.659541 -0.019094
22.664542 -0.018627
22.669543 -0.023362
22.674544 -0.024650
22.679545 -0.023554
22.684546 -0.026475
22.689547 -0.021602
22.694548 -0.023869
22.699549 -0.024991
22.704550 -0.018875
22.709551 -0.017076
22.714552 -0.014783
22.719553 -0.012938
22.724554 -0.010199
22.729555 -0.006604
22.734556 -0.002779
22.739557 -0.004949
22.744558 -0.004212
22.749559 0.000488
22.754560 -0.002652
22.759561 -0.004282
22.764562 -0.005204
22.769563 -0.005863
22.774564 -0.005662
22.779565 -0.007830
22.784566 -0.013813
22.789567 -0.011297
22.794568 -0.007748
22.799569 -0.015404
22.804570 -0.015091
22.809571 -0.012201
22.814572 -0.012125
22.819573 -0.013263
22.824574 -0.013839
22.829575 -0.013052
22.834576 -0.013739
22.839577 -0.011236
22.844578 -0.014711
22.849579 -0.015356
22.854580 -0.012843
22.859581 -0.012597
22.864582 -0.012168
22.869583 -0.013181
22.874584 -0.009395
22.879585 -0.013177
22.884586 -0.010646
22.889587 -0.002216
22.894588 -0.007303
22.899589 -0.005343
22.904590 -0.001127
22.909591 -0.002970
22.914592 0.001544
22.919593 0.003563
22.924594 -0.001488
22.929595 0.004852
22.934596 0.007984
22.939597 0.000836
22.944598 0.006463
22.949599 0.009135
22.954600 0.008401
22.959601 0.010221
22.964602 0.011932
22.969603 0.013131
22.974604 0.011450
22.979605 0.016420
22.984606 0.015770
22.989607 0.016585
22.994608 0.018840
22.999609 0.016106
23.004610 0.018192
23.009611 0.016484
23.014612 0.017939
23.019613 0.018304
23.024614 0.013266
23.029615 0.016470
23.034616 0.015568
23.039617 0.010662
23.044618 0.011231
23.049619 0.011073
23.054620 0.010411
23.059621 0.008035
23.064622 0.009633
23.069623 0.010717
23.074624 0.006748
23.079625 0.008532
23.084626 0.010408
23.089627 0.007447
23.094628 0.011573
23.099629 0.008303
23.104630 0.004400
23.109631 0.013380
23.114632 0.005464
23.119633 0.005632
23.124634 0.008934
23.129635 0.004441
23.134636 0.007848
23.139637 0.003998
23.144638 0.003231
23.149639 0.005358
23.154640 0.004291
23.159641 -0.002172
23.164642 -0.000037
23.169643 -0.000158
23.174644 -0.004285
23.179645 -0.004612
23.184646 -0.009951
23.189647 -0.011450
23.194648 -0.012010
23.199649 -0.014187
23.204650 -0.019459
23.209651 -0.017918
23.214652 -0.021610
23.219653 -0.019380
23.224654 -0.021015
23.229655 -0.025027
23.234656 -0.016543
23.239657 -0.021701
23.244658 -0.017063
23.249659 -0.015351
23.254660 -0.014125
23.259661 -0.011954
23.264662 -0.009878
23.269663 -0.003979
23.274664 -0.009864
23.279665 -0.003980
23.284666 -0.004325
23.289667 -0.003033
23.294668 -0.000090
23.299669 -0.004144
23.304670 0.000191
23.309671 0.002273
23.314672 0.003288
23.319673 0.001809
23.324674 0.004452
23.329675 0.007522
23.334676 0.007286
23.339677 0.004781
23.344678 0.008018
23.349679 0.011511
23.354680 0.005552
23.359681 0.010466
23.364682 0.010649
23.369683 0.006105
23.374684 0.012607
23.379685 0.007308
23.384686 0.005062
23.389687 0.009426
23.394688 0.007570
23.399689 0.010466
23.404690 0.004973
23.409691 0.010153
23.414692 0.012211
23.419693 0.008345
23.424694 0.014956
23.429695 0.010294
23.434696 0.013875
23.439697 0.012856
23.444698 0.012850
23.449699 0.015520
23.454700 0.010654
23.459701 0.012605
23.464702 0.011862
23.469703 0.010363
23.474704 0.007415
23.479705 0.009541
23.484706 0.006620
23.489707 0.003172
23.494708 0.005189
23.499709 0.000561
23.504710 -0.000269
23.509711 -0.002300
23.514712 -0.003568
23.519713 -0.006706
23.524714 -0.009907
23.529715 -0.007877
23.534716 -0.013659
23.539717 -0.010912
23.544718 -0.012871
23.549719 -0.016455
23.554720 -0.010842
23.559721 -0.017525
23.564722 -0.015889
23.569723 -0.016630
23.574724 -0.014149
23.579725 -0.015280
23.584726 -0.021143
23.589727 -0.015059
23.594728 -0.019097
23.599729 -0.017490
23.604730 -0.021188
23.609731 -0.018888
23.614732 -0.015902
23.619733 -0.022508
23.624734 -0.017271
23.629735 -0.017008
23.634736 -0.015152
23.639737 -0.017854
23.644738 -0.014268
23.649739 -0.009836
23.654740 -0.014913
23.659741 -0.007978
23.664742 -0.007989
23.669743 -0.008922
23.674744 -0.003476
23.679745 -0.005598
23.684746 -0.005315
23.689747 -0.000203
23.694748 0.000485
23.699749 0.000871
23.704750 -0.000387
23.709751 0.003161
23.714752 0.007779
23.719753 0.002964
23.724754 0.008414
23.729755 0.010491
23.734756 0.007698
23.739757 0.012578
23.744758 0.010997
23.749759 0.012323
23.754760 0.013069
23.759761 0.009245
23.764762 0.012082
23.769763 0.010865
23.774764 0.008978
23.779765 0.008053
23.784766 0.002903
23.789767 0.004985
23.794768 0.003659
23.799769 -0.001051
23.804770 -0.002970
23.809771 -0.003865
23.814772 -0.001770
23.819774 -0.007682
23.824775 -0.008259
23.829776 -0.004935
23.834777 -0.010173
23.839778 -0.008376
23.844779 -0.008995
23.849780 -0.010110
23.854781 -0.006639
23.859782 -0.010926
23.864783 -0.009168
23.869784 -0.007187
23.874785 -0.004697
23.879786 -0.006213
23.884787 -0.007202
23.889788 0.002525
23.894789 -0.004767
23.899790 -0.004339
23.904791 0.001890
23.909792 0.000139
23.914793 0.001741
23.919794 -0.000730
23.924795 0.004720
23.929796 0.003953
23.934797 0.000982
23.939798 0.005778
23.944799 0.002299
23.949800 0.004880
23.954801 0.005320
23.959802 0.003517
23.964803 0.006495
23.969804 0.001896
23.974805 0.006025
23.979806 0.008090
23.984807 0.003294
23.989808 0.004648
23.994809 0.008419
23.999810 0.009589
24.004811 0.006548
24.009812 0.009648
24.014813 0.012098
24.019814 0.010873
24.024815 0.014358
24.029816 0.015222
24.034817 0.014980
24.039818 0.018131
24.044819 0.016311
24.049820 0.020356
24.054821 0.021063
24.059822 0.015279
24.064823 0.021985
24.069824 0.022252
24.074825 0.016723
24.079826 0.018247
24.084827 0.017716
24.089828 0.015706
24.094829 0.014535
24.099830 0.013597
24.104831 0.009814
24.109832 0.008790
24.114833 0.009122
24.119834 0.006952
24.124835 0.004093
24.129836 0.000597
24.134837 0.006070
24.139838 0.001144
24.144839 -0.002573
24.149840 0.000641
24.154841 -0.000208
24.159842 -0.000051
24.164843 -0.004519
24.169844 0.000823
24.174845 -0.002159
24.179846 -0.002585
24.184847 -0.000097
24.189848 -0.006409
24.194849 -0.002273
24.199850 -0.000874
24.204851 -0.005397
24.209852 -0.006849
24.214853 -0.002595
24.219854 -0.005910
24.224855 -0.004999
24.229856 -0.001931
24.234857 -0.005536
24.239858 -0.004074
24.244859 -0.006509
24.249860 -0.006518
24.254861 -0.004779
24.259862 -0.005176
24.264863 -0.008756
24.269864 -0.009640
24.274865 -0.006349
24.279866 -0.011404
24.284867 -0.010767
24.289868 -0.008265
24.294869 -0.011430
24.299870 -0.010244
24.304871 -0.011341
24.309872 -0.010414
24.314873 -0.010212
24.319874 -0.012780
24.324875 -0.010425
24.329876 -0.009685
24.334877 -0.009923
24.339878 -0.009926
24.344879 -0.008463
24.349880 -0.007734
24.354881 -0.009558
24.359882 -0.006169
24.364883 -0.005858
24.369884 -0.009185
24.374885 -0.002725
24.379886 -0.007617
24.384887 -0.010643
24.389888 -0.002684
24.394889 -0.006105
24.399890 -0.007434
24.404891 -0.008285
24.409892 -0.004853
24.414893 -0.006295
24.419894 -0.007808
24.424895 -0.005755
24.429896 -0.010456
24.434897 -0.006065
24.439898 -0.006701
24.444899 -0.010689
24.449900 -0.005660
24.454901 -0.006536
24.459902 -0.010727
24.464903 -0.005630
24.469904 -0.007438
24.474905 -0.007993
24.479906 -0.006128
24.484907 -0.006120
24.489908 -0.003142
24.494909 -0.008468
24.499910 -0.006358
24.504911 -0.004760
24.509912 -0.000024
24.514913 -0.002494
24.519914 -0.008854
24.524915 -0.000617
24.529916 -0.003259
24.534917 -0.000658
24.539918 -0.002811
24.544919 -0.006501
24.549920 -0.000293
24.554921 -0.003229
24.559922 -0.002393
24.564923 -0.002490
24.569924 -0.001467
24.574925 -0.001013
24.579926 -0.000017
24.584927 0.001788
24.589928 0.001049
24.594929 0.002106
24.599930 0.004138
24.604931 0.005308
24.609932 0.000326
24.614933 0.005372
24.619934 0.002280
24.624935 0.003407
24.629936 0.002904
24.634937 -0.003726
24.639938 0.004536
24.644939 -0.005418
24.649940 -0.000893
24.654941 0.001289
24.659942 -0.008648
24.664943 -0.004783
24.669944 -0.003267
24.674945 -0.005399
24.679946 -0.008797
24.684947 -0.004441
24.689948 -0.006078
24.694949 -0.002650
24.699950 -0.003699
24.704951 -0.007806
24.709952 -0.002487
24.714953 -0.000203
24.719954 -0.000472
24.724955 -0.001067
24.729956 0.001091
24.734957 0.001873
24.739958 0.006858
24.744959 0.004218
24.749960 0.010241
24.754961 0.013994
24.759962 0.007684
24.764963 0.015593
24.769964 0.016209
24.774965 0.017933
24.779966 0.020464
24.784967 0.015378
24.789968 0.020720
24.794969 0.023964
24.799970 0.014557
24.804971 0.019847
24.809972 0.021806
24.814973 0.013430
24.819974 0.017867
24.824975 0.013655
24.829976 0.016528
24.834977 0.015067
24.839978 0.007522
24.844979 0.014504
24.849980 0.012550
24.854981 0.012304
24.859982 0.010211
24.864983 0.014378
24.869984 0.011154
24.874985 0.008899
24.879986 0.018764
24.884987 0.010038
24.889988 0.016302
24.894989 0.016950
24.899990 0.012478
24.904991 0.016943
24.909992 0.016511
24.914993 0.018727
24.919994 0.014416
24.924995 0.018483
24.929996 0.016841
24.934997 0.014623
24.939998 0.016246
24.944999 0.013781
24.950000 0.015475
0.000000 0.000000
0.005001 0.000169
0.010002 -0.000225
0.015003 -0.000075
0.020004 0.000196
0.025005 0.000302
0.030006 -0.000180
0.035007 -0.000256
0.040008 0.000203
0.045009 0.000034
0.050010 -0.000302
0.055011 -0.000374
0.060012 0.000103
0.065013 0.000174
0.070014 -0.000185
0.075015 -0.000068
0.080016 0.000104
0.085017 0.000115
0.090018 -0.000216
0.095019 -0.000304
0.100020 0.000122
0.105021 0.000162
0.110022 -0.000092
0.115023 -0.000267
0.120024 0.000139
0.125025 0.000298
0.130026 -0.000056
0.135027 0.000126
0.140028 0.000198
0.145029 0.000190
0.150030 -0.000127
0.155031 -0.000179
0.160032 0.000497
0.165033 0.000128
0.170034 -0.000325
0.175035 -0.000155
0.180036 -0.000096
0.185037 -0.000019
0.190038 -0.000230
0.195039 -0.000220
0.200040 0.000157
0.205041 0.000210
0.210042 -0.000033
0.215043 -0.000009
0.220044 0.000291
0.225045 0.000145
0.230046 -0.000078
0.235047 -0.000008
0.240048 0.000081
0.245049 0.000210
0.250050 -0.000085
0.255051 -0.000114
0.260052 0.000269
0.265053 0.000070
0.270054 -0.000278
0.275055 -0.000121
0.280056 0.000156
0.285057 0.000087
0.290058 -0.000148
0.295059 -0.000091
0.300060 0.000204
0.305061 0.000081
0.310062 -0.000167
0.315063 -0.000043
0.320064 0.000240
0.325065 0.000093
0.330066 -0.000331
0.335067 -0.000125
0.340068 0.000427
0.345069 0.000305
0.350070 -0.000160
0.355071 -0.000002
0.360072 0.000193
0.365073 0.000069
0.370074 -0.000260
0.375075 -0.000461
0.380076 0.000045
0.385077 -0.000112
0.390078 -0.000425
0.395079 -0.000031
0.400080 0.000263
0.405081 0.000203
0.410082 -0.000243
0.415083 -0.000161
0.420084 0.000174
0.425085 0.000222
0.430086 -0.000142
0.435087 -0.000372
0.440088 0.000311
0.445089 -0.000010
0.450090 -0.000420
0.455091 -0.000174
0.460092 0.000007
0.465093 0.000358
0.470093 -0.000014
0.475094 -0.000184
0.480095 0.000187
0.485096 0.000205
0.490097 0.000038
0.495098 0.000060
0.500099 0.000240
0.505100 0.000106
0.510101 -0.000259
0.515102 -0.000147
0.520103 0.000357
0.525104 0.000169
0.530105 -0.000167
0.535106 -0.000267
0.540107 -0.000088
0.545108 0.000247
0.550109 0.000103
0.555110 0.000121
0.560111 0.000222
0.565112 -0.000006
0.570113 -0.000417
0.575114 -0.000483
0.580115 0.000071
0.585116 0.000123
0.590117 -0.000124
0.595118 -0.000088
0.600119 0.000152
0.605120 0.000182
0.610121 -0.000212
0.615122 0.000015
0.620123 0.000444
0.625124 0.000286
0.630125 0.000032
0.635126 -0.000043
0.640127 0.000147
0.645128 0.000164
0.650129 -0.000019
0.655130 0.000034
0.660131 0.000246
0.665132 0.000416
0.670133 -0.000018
0.675134 -0.000172
0.680135 0.000263
0.685136 0.000187
0.690137 0.000016
0.695138 0.000099
0.700139 0.000176
0.705140 0.000106
0.710141 -0.000189
0.715142 -0.000365
0.720143 0.000124
0.725144 0.000347
0.730145 -0.000351
0.735146 -0.000457
0.740147 -0.000075
0.745148 0.000072
0.750149 0.000053
0.755150 0.000169
0.760151 0.000434
0.765152 0.000230
0.770153 -0.000335
0.775154 -0.000165
0.780155 0.000393
0.785156 0.000176
0.790157 -0.000141
0.795158 -0.000112
0.800159 0.000312
0.805160 0.000441
0.810161 -0.000064
0.815162 -0.000122
0.820163 0.000225
0.825164 0.000290
0.830165 -0.000217
0.835166 -0.000234
0.840167 0.000376
0.845168 0.000089
0.850169 -0.000433
0.855170 -0.000153
0.860171 0.000201
0.865172 0.000119
0.870173 -0.000141
0.875174 -0.000286
0.880175 0.000177
0.885176 0.000387
0.890177 -0.000224
0.895178 -0.000123
0.900179 0.000282
0.905180 0.000195
0.910181 -0.000146
0.915182 -0.000117
0.920183 0.000318
0.925184 0.000207
0.930185 -0.000012
0.935186 -0.000169
0.940187 0.000323
0.945188 0.000399
0.950189 -0.000199
0.955190 0.000328
0.960191 0.000422
0.965192 -0.000057
0.970193 -0.000116
0.975194 -0.000034
0.980195 0.000389
0.985196 0.000131
0.990197 -0.000286
0.995198 0.000076
1.000199 0.000323
1.005200 0.000228
1.010201 -0.000012
1.015202 0.000070
1.020203 0.000358
1.025204 0.000208
1.030205 -0.000193
1.035206 -0.000252
1.040207 0.000136
1.045208 0.000083
1.050209 -0.000082
1.055210 -0.000046
1.060211 0.000010
1.065212 -0.000008
1.070213 -0.000281
1.075214 -0.000327
1.080215 -0.000219
1.085216 -0.000010
1.090217 -0.000145
1.095218 -0.000252
1.100219 0.000201
1.105220 0.000133
1.110221 -0.000227
1.115222 -0.000116
1.120223 0.000296
1.125224 0.000261
1.130225 -0.000144
1.135226 -0.000033
1.140227 0.000348
1.145228 -0.000121
1.150229 -0.000456
1.155230 0.000013
1.160231 0.000097
1.165232 -0.000043
1.170233 -0.000204
1.175234 -0.000199
1.180235 0.000137
1.185236 0.000285
1.190237 -0.000221
1.195238 -0.000315
1.200239 0.000277
1.205240 -0.000073
1.210241 -0.000263
1.215242 -0.000064
1.220243 -0.000090
1.225244 0.000050
1.230245 -0.000462
1.235246 -0.000273
1.240247 0.000385
1.245248 0.000114
1.250249 -0.000058
1.255250 0.000114
1.260251 0.000234
1.265252 0.000261
1.270253 0.000206
1.275254 0.000178
1.280255 0.000461
1.285256 0.000306
1.290257 -0.000093
1.295258 0.000106
1.300259 0.000160
1.305260 0.000178
1.310261 -0.000129
1.315262 -0.000182
1.320263 0.000242
1.325264 -0.000073
1.330265 -0.000269
1.335266 -0.000012
1.340267 0.000179
1.345268 0.000010
1.350269 -0.000461
1.355270 -0.000198
1.360271 0.000237
1.365272 0.000050
1.370273 -0.000231
1.375274 -0.000090
1.380275 0.000524
1.385276 0.000424
1.390277 -0.000087
1.395278 -0.000004
1.400278 0.000238
1.405279 0.000279
1.410280 -0.000091
1.415281 -0.000321
1.420282 0.000062
1.425283 0.000274
1.430284 -0.000157
1.435285 -0.000126
1.440286 0.000151
1.445287 -0.000083
1.450288 -0.000097
1.455289 0.000037
1.460290 0.000192
1.465291 0.000320
1.470292 -0.000009
1.475293 -0.000181
1.480294 0.000237
1.485295 0.000098
1.490296 -0.000420
1.495297 -0.000162
1.500298 0.000092
1.505299 0.000021
1.510300 -0.000087
1.515301 -0.000075
1.520302 0.000227
1.525303 0.000343
1.530304 0.000060
1.535305 -0.000016
1.540306 0.000261
1.545307 0.000040
1.550308 -0.000425
1.555309 -0.000198
1.560310 0.000307
1.565311 0.000103
1.570312 -0.000244
1.575313 -0.000010
1.580314 0.000333
1.585315 0.000297
1.590316 -0.000168
1.595317 -0.000155
1.600318 0.000356
1.605319 0.000110
1.610320 -0.000349
1.615321 -0.000231
1.620322 0.000245
1.625323 0.000333
1.630324 -0.000143
1.635325 -0.000127
1.640326 0.000426
1.645327 0.000320
1.650328 -0.000103
1.655329 -0.000002
1.660330 0.000326
1.665331 0.000561
1.670332 0.000038
1.675333 -0.000190
1.680334 0.000508
1.685335 0.000126
1.690336 -0.000401
1.695337 -0.000038
1.700338 0.000045
1.705339 -0.000188
1.710340 -0.000367
1.715341 -0.000033
1.720342 0.000313
1.725343 0.000302
1.730344 0.000049
1.735345 -0.000039
1.740346 0.000392
1.745347 0.000262
1.750348 -0.000144
1.755349 -0.000262
1.760350 -0.000031
1.765351 0.000251
1.770352 -0.000185
1.775353 -0.000306
1.780354 0.000223
1.785355 0.000240
1.790356 -0.000173
1.795357 -0.000096
1.800358 0.000345
1.805359 0.000418
1.810360 -0.000157
1.815361 -0.000137
1.820362 0.000345
1.825363 0.000146
1.830364 0.000027
1.835365 0.000143
1.840366 -0.000030
1.845367 -0.000059
1.850368 -0.000178
1.855369 -0.000131
1.860370 0.000275
1.865371 0.000028
1.870372 -0.000119
1.875373 -0.000101
1.880374 -0.000030
1.885375 0.000205
1.890376 -0.000149
1.895377 0.000021
1.900378 0.000081
1.905379 -0.000036
1.910380 0.000121
1.915381 -0.000009
1.920382 0.000129
1.925383 0.000011
1.930384 -0.000266
1.935385 0.000057
1.940386 0.000461
1.945387 0.000264
1.950388 -0.000183
1.955389 -0.000184
1.960390 -0.000017
1.965391 0.000140
1.970392 -0.000088
1.975393 -0.000522
1.980394 0.000077
1.985395 0.000135
1.990396 -0.000347
1.995397 -0.000194
2.000398 0.000028
2.005399 -0.000007
2.010400 -0.000359
2.015401 -0.000206
2.020402 0.000036
2.025403 0.000181
2.030404 0.000162
2.035405 -0.000001
2.040406 0.000463
2.045407 0.000387
2.050408 -0.000364
2.055409 -0.000171
2.060410 0.000253
2.065411 0.000054
2.070412 -0.000287
2.075413 -0.000374
2.080414 0.000177
2.085415 0.000206
2.090416 -0.000313
2.095417 -0.000195
2.100418 0.000328
2.105419 0.000327
2.110420 -0.000149
2.115421 -0.000092
2.120422 0.000215
2.125423 0.000035
2.130424 -0.000255
2.135425 -0.000112
2.140426 0.000208
2.145427 0.000102
2.150428 -0.000140
2.155429 -0.000146
2.160430 0.000072
2.165431 0.000188
2.170432 -0.000176
2.175433 -0.000171
2.180434 0.000287
2.185435 0.000087
2.190436 -0.000441
2.195437 -0.000136
2.200438 0.000310
2.205439 -0.000175
2.210440 -0.000182
2.215441 -0.000011
2.220442 0.000067
2.225443 0.000060
2.230444 -0.000304
2.235445 -0.000035
2.240446 0.000166
2.245447 0.000178
2.250448 -0.000106
2.255449 -0.000180
2.260450 0.000353
2.265451 0.000274
2.270452 -0.000120
2.275453 -0.000196
2.280454 0.000152
2.285455 0.000259
2.290456 -0.000012
2.295457 -0.000072
2.300458 0.000389
2.305459 0.000150
2.310460 -0.000478
2.315461 -0.000011
2.320462 0.000196
2.325463 0.000025
2.330463 -0.000223
2.335464 -0.000218
2.340465 0.000210
2.345466 0.000163
2.350467 -0.000113
2.355468 -0.000294
2.360469 -0.000100
2.365470 -0.000134
2.370471 -0.000345
2.375472 -0.000339
2.380473 -0.000097
2.385474 0.000244
2.390475 -0.000239
2.395476 -0.000247
2.400477 0.000340
2.405478 0.000282
2.410479 -0.000014
2.415480 0.000033
2.420481 0.000326
2.425482 0.000104
2.430483 -0.000173
2.435484 -0.000135
2.440485 0.000213
2.445486 0.000120
2.450487 -0.000338
2.455488 0.000013
2.460489 0.000173
2.465490 -0.000108
2.470491 -0.000215
2.475492 -0.000093
2.480493 0.000359
2.485494 0.000282
2.490495 -0.000131
2.495496 -0.000096
2.500497 0.000247
2.505498 0.000082
2.510499 -0.000265
2.515500 0.000019
2.520501 0.000378
2.525502 0.000483
2.530503 0.000113
2.535504 0.000008
2.540505 0.000654
2.545506 0.000405
2.550507 -0.000223
2.555508 -0.000040
2.560509 0.000254
2.565510 0.000340
2.570511 -0.000125
2.575512 -0.000336
2.580513 0.000047
2.585514 0.000129
2.590515 0.000033
2.595516 0.000071
2.600517 0.000318
2.605518 0.000278
2.610519 -0.000026
2.615520 0.000044
2.620521 0.000444
2.625522 0.000438
2.630523 -0.000046
2.635524 -0.000233
2.640525 -0.000080
2.645526 0.000201
2.650527 -0.000046
2.655528 -0.000194
2.660529 0.000388
2.665530 0.000205
2.670531 -0.000235
2.675532 -0.000133
2.680533 0.000185
2.685534 0.000614
2.690535 0.000267
2.695536 0.000119
2.700537 0.000308
2.705538 0.000120
2.710539 0.000037
2.715540 0.000064
2.720541 0.000340
2.725542 0.000230
2.730543 -0.000176
2.735544 -0.000123
2.740545 0.000243
2.745546 0.000132
2.750547 -0.000484
2.755548 -0.000244
2.760549 0.000284
2.765550 -0.000055
2.770551 -0.000244
2.775552 -0.000140
2.780553 0.000038
2.785554 0.000226
2.790555 -0.000344
2.795556 -0.000450
2.800557 0.000096
2.805558 -0.000027
2.810559 -0.000306
2.815560 -0.000140
2.820561 0.000319
2.825562 0.000308
2.830563 -0.000204
2.835564 -0.000162
2.840565 0.000320
2.845566 0.000243
2.850567 -0.000056
2.855568 0.000066
2.860569 0.000280
2.865570 0.000155
2.870571 -0.000311
2.875572 -0.000151
2.880573 0.000407
2.885574 -0.000015
2.890575 -0.000520
2.895576 -0.000242
2.900577 0.000099
2.905578 0.000155
2.910579 -0.000086
2.915580 -0.000004
2.920581 0.000092
2.925582 0.000052
2.930583 -0.000121
2.935584 -0.000213
2.940585 0.000149
2.945586 0.000014
2.950587 -0.000390
2.955588 -0.000228
2.960589 0.000074
2.965590 -0.000067
2.970591 -0.000191
2.975592 -0.000073
2.980593 0.000081
2.985594 0.000280
2.990595 -0.000116
2.995596 -0.000139
3.000597 0.000389
3.005598 0.000238
3.010599 -0.000244
3.015600 0.000112
3.020601 0.000378
3.025602 -0.000061
3.030603 -0.000109
3.035604 0.000101
3.040605 0.000391
3.045606 0.000134
3.050607 -0.000191
3.055608 -0.000096
3.060609 0.000070
3.065610 0.000120
3.070611 -0.000367
3.075612 -0.000244
3.080613 0.000254
3.085614 0.000074
3.090615 -0.000196
3.095616 0.000085
3.100617 0.000367
3.105618 0.000157
3.110619 -0.000074
3.115620 0.000085
3.120621 0.000346
3.125622 0.000085
3.130623 -0.000325
3.135624 -0.000085
3.140625 0.000230
3.145626 0.000133
3.150627 -0.000103
3.155628 -0.000190
3.160629 0.000233
3.165630 0.000075
3.170631 -0.000277
3.175632 0.000022
3.180633 0.000222
3.185634 0.000239
3.190635 -0.000272
3.195636 -0.000329
3.200637 0.000128
3.205638 0.000080
3.210639 -0.000145
3.215640 -0.000172
3.220641 0.000416
3.225642 0.000514
3.230643 -0.000084
3.235644 -0.000131
3.240645 0.000105
3.245646 0.000174
3.250647 0.000048
3.255648 -0.000248
3.260648 0.000164
3.265649 0.000234
3.270650 -0.000278
3.275651 0.000080
3.280652 0.000153
3.285653 0.000064
3.290654 -0.000226
3.295655 -0.000189
3.300656 0.000234
3.305657 -0.000019
3.310658 0.000085
3.315659 -0.000098
3.320660 -0.000083
3.325661 0.000099
3.330662 -0.000377
3.335663 -0.000191
3.340664 0.000439
3.345665 0.000264
3.350666 -0.000242
3.355667 0.000030
3.360668 0.000283
3.365669 0.000187
3.370670 -0.000019
3.375671 -0.000153
3.380672 0.000217
3.385673 0.000070
3.390674 -0.000435
3.395675 -0.000376
3.400676 0.000031
3.405677 0.000148
3.410678 -0.000295
3.415679 -0.000095
3.420680 0.000363
3.425681 -0.000107
3.430682 -0.000174
3.435683 -0.000008
3.440684 0.000187
3.445685 0.000316
3.450686 -0.000528
3.455687 -0.000581
3.460688 0.000128
3.465689 0.000076
3.470690 -0.000160
3.475691 -0.000078
3.480692 0.000071
3.485693 0.000036
3.490694 -0.000212
3.495695 -0.000341
3.500696 0.000059
3.505697 0.000028
3.510698 -0.000451
3.515699 -0.000247
3.520700 0.000193
3.525701 0.000230
3.530702 -0.000037
3.535703 -0.000189
3.540704 0.000170
3.545705 0.000439
3.550706 -0.000072
3.555707 -0.000206
3.560708 0.000170
3.565709 0.000047
3.570710 -0.000137
3.575711 -0.000049
3.580712 0.000113
3.585713 0.000107
3.590714 -0.000231
3.595715 -0.000048
3.600716 0.000183
3.605717 0.000007
3.610718 -0.000270
3.615719 -0.000504
3.620720 0.000083
3.625721 0.000117
3.630722 -0.000217
3.635723 -0.000064
3.640724 0.000111
3.645725 0.000323
3.650726 -0.000246
3.655727 -0.000451
3.660728 0.000126
3.665729 0.000323
3.670730 -0.000246
3.675731 -0.000467
3.680732 0.000500
3.685733 0.000153
3.690734 -0.000388
3.695735 0.000081
3.700736 0.000148
3.705737 0.000007
3.710738 -0.000310
3.715739 -0.000146
3.720740 0.000241
3.725741 0.000288
3.730742 -0.000129
3.735743 -0.000258
3.740744 0.000323
3.745745 0.000012
3.750746 -0.000406
3.755747 -0.000247
3.760748 0.000141
3.765749 0.000201
3.770750 -0.000199
3.775751 -0.000047
3.780752 0.000206
3.785753 0.000077
3.790754 -0.000246
3.795755 -0.000176
3.800756 0.000300
3.805757 0.000067
3.810758 -0.000315
3.815759 0.000059
3.820760 0.000570
3.825761 0.000361
3.830762 0.000030
3.835763 -0.000129
3.840764 0.000107
3.845765 0.000229
3.850766 -0.000169
3.855767 -0.000088
3.860768 0.000073
3.865769 0.000209
3.870770 -0.000117
3.875771 -0.000287
3.880772 0.000218
3.885773 -0.000057
3.890774 -0.000229
3.895775 0.000029
3.900776 0.000188
3.905777 0.000212
3.910778 -0.000327
3.915779 -0.000198
3.920780 0.000212
3.925781 0.000077
3.930782 0.000052
3.935783 -0.000023
3.940784 0.000179
3.945785 0.000056
3.950786 -0.000263
3.955787 0.000012
3.960788 0.000477
3.965789 0.000325
3.970790 -0.000474
3.975791 -0.000375
3.980792 0.000190
3.985793 0.000284
3.990794 -0.000023
3.995795 -0.000128
4.000796 0.000102
4.005797 0.000143
4.010798 -0.000140
4.015799 -0.000210
4.020800 0.000309
4.025801 0.000180
4.030802 -0.000111
4.035803 -0.000017
4.040804 0.000061
4.045805 0.000108
4.050806 -0.000174
4.055807 -0.000163
4.060808 0.000244
4.065809 0.000196
4.070810 -0.000174
4.075811 -0.000062
4.080812 0.000354
4.085813 0.000244
4.090814 -0.000128
4.095815 0.000042
4.100816 0.000297
4.105817 -0.000079
4.110818 -0.000460
4.115819 -0.000063
4.120820 0.000190
4.125821 0.000073
4.130822 -0.000051
4.135823 -0.000203
4.140824 0.000002
4.145825 0.000007
4.150826 -0.000245
4.155827 -0.000215
4.160828 0.000021
4.165829 -0.000073
4.170830 -0.000162
4.175831 0.000196
4.180832 0.000231
4.185833 0.000148
4.190833 -0.000121
4.195834 -0.000132
4.200835 0.000244
4.205836 0.000027
4.210837 -0.000174
4.215838 -0.000132
4.220839 0.000039
4.225840 -0.000044
4.230841 -0.000444
4.235842 -0.000280
4.240843 0.000103
4.245844 0.000103
4.250845 -0.000198
4.255846 -0.000379
4.260847 0.000004
4.265848 0.000184
4.270849 -0.000350
4.275850 -0.000185
4.280851 0.000250
4.285852 0.000031
4.290853 -0.000286
4.295854 -0.000273
4.300855 0.000033
4.305856 -0.000043
4.310857 -0.000444
4.315858 -0.000287
4.320859 0.000442
4.325860 0.000228
4.330861 -0.000272
4.335862 -0.000103
4.340863 0.000028
4.345864 0.000185
4.350865 -0.000138
4.355866 -0.000244
4.360867 0.000207
4.365868 0.000209
4.370869 -0.000261
4.375870 -0.000362
4.380871 0.000292
4.385872 0.000392
4.390873 -0.000121
4.395874 0.000019
4.400875 0.000237
4.405876 -0.000048
4.410877 -0.000372
4.415878 -0.000016
4.420879 0.000367
4.425880 0.000057
4.430881 -0.000132
4.435882 -0.000104
4.440883 0.000257
4.445884 0.000139
4.450885 -0.000315
4.455886 -0.000385
4.460887 -0.000137
4.465888 0.000309
4.470889 -0.000066
4.475890 -0.000144
4.480891 0.000232
4.485892 -0.000077
4.490893 -0.000267
4.495894 -0.000237
4.500895 0.000229
4.505896 0.000334
4.510897 -0.000154
4.515898 0.000004
4.520899 0.000245
4.525900 0.000121
4.530901 -0.000114
4.535902 -0.000202
4.540903 0.000093
4.545904 0.000152
4.550905 -0.000320
4.555906 -0.000273
4.560907 0.000256
4.565908 -0.000031
4.570909 -0.000166
4.575910 0.000078
4.580911 0.000081
4.585912 0.000158
4.590913 -0.000103
4.595914 -0.000132
4.600915 0.000081
4.605916 0.000139
4.610917 -0.000060
4.615918 -0.000301
4.620919 0.000216
4.625920 0.000238
4.630921 -0.000372
4.635922 -0.000014
4.640923 0.000398
4.645924 -0.000052
4.650925 -0.000225
4.655926 0.000044
4.660927 0.000315
4.665928 0.000040
4.670929 -0.000283
4.675930 -0.000019
4.680931 0.000017
4.685932 -0.000159
4.690933 -0.000436
4.695934 -0.000220
4.700935 0.000146
4.705936 -0.000095
4.710937 -0.000290
4.715938 -0.000230
4.720939 0.000192
4.725940 0.000146
4.730941 -0.000371
4.735942 -0.000166
4.740943 0.000328
4.745944 0.000333
4.750945 -0.000107
4.755946 -0.000018
4.760947 0.000199
4.765948 0.000047
4.770949 -0.000025
4.775950 -0.000049
4.780951 0.000129
4.785952 0.000145
4.790953 -0.000141
4.795954 -0.000183
4.800955 0.000148
4.805956 0.000141
4.810957 -0.000288
4.815958 -0.000401
4.820959 0.000021
4.825960 0.000112
4.830961 -0.000330
4.835962 -0.000028
4.840963 0.000512
4.845964 0.000257
4.850965 0.000012
4.855966 0.000039
4.860967 0.000042
4.865968 0.000091
4.870969 -0.000232
4.875970 -0.000517
4.880971 -0.000066
4.885972 0.000521
4.890973 0.000600
4.895974 0.000384
4.900975 0.000517
4.905976 -0.000129
4.910977 -0.001274
4.915978 -0.001046
4.920979 -0.000109
4.925980 0.000617
4.930981 0.000529
4.935982 0.000176
4.940983 0.000059
4.945984 -0.000382
4.950985 -0.000600
4.955986 -0.000529
4.960987 0.000090
4.965988 0.000428
4.970989 -0.000480
4.975990 -0.000815
4.980991 -0.000873
4.985992 -0.001525
4.990993 -0.001360
4.995994 -0.000957
5.000995 -0.001040
5.005996 -0.000842
5.010997 -0.000378
5.015998 0.000438
5.020999 0.001721
5.026000 0.003254
5.031001 0.004617
5.036002 0.005886
5.041003 0.006072
5.046004 0.003422
5.051005 0.001603
5.056006 0.001800
5.061007 0.000995
5.066008 -0.002057
5.071009 -0.006326
5.076010 -0.008307
5.081011 -0.008529
5.086012 -0.007981
5.091013 -0.008112
5.096014 -0.007236
5.101015 -0.003222
5.106016 -0.000262
5.111017 0.001485
5.116018 0.002721
5.121019 0.003397
5.126019 0.004127
5.131020 0.005604
5.136021 0.008058
5.141022 0.009123
5.146023 0.006993
5.151024 0.003326
5.156025 -0.000414
5.161026 -0.003835
5.166027 -0.002520
5.171028 -0.000049
5.176029 -0.002738
5.181030 -0.002370
5.186031 0.001137
5.191032 -0.003759
5.196033 -0.007200
5.201034 -0.002765
5.206035 0.000568
5.211036 0.006310
5.216037 0.006785
5.221038 -0.000511
5.226039 -0.002478
5.231040 0.000588
5.236041 0.004130
5.241042 0.004641
5.246043 0.004616
5.251044 0.003080
5.256045 0.000296
5.261046 -0.003399
5.266047 -0.013317
5.271048 -0.018375
5.276049 -0.011534
5.281050 -0.004291
5.286051 -0.002666
5.291052 0.000593
5.296053 0.002473
5.301054 0.000474
5.306055 0.005074
5.311056 0.010017
5.316057 0.010017
5.321058 0.012187
5.326059 0.010142
5.331060 -0.000468
5.336061 -0.005849
5.341062 -0.003222
5.346063 0.000390
5.351064 0.004794
5.356065 0.004020
5.361066 -0.003345
5.366067 -0.006549
5.371068 -0.003698
5.376069 -0.000077
5.381070 0.003920
5.386071 0.006180
5.391072 0.006381
5.396073 0.003487
5.401074 -0.003858
5.406075 -0.011019
5.411076 -0.011943
5.416077 -0.003248
5.421078 0.004842
5.426079 0.006892
5.431080 0.007710
5.436081 0.006561
5.441082 0.002532
5.446083 -0.004576
5.451084 -0.009907
5.456085 -0.010371
5.461086 -0.007983
5.466087 -0.005648
5.471088 -0.009004
5.476089 -0.014338
5.481090 -0.008119
5.486091 0.007415
5.491092 0.014990
5.496093 0.011970
5.501094 0.006025
5.506095 0.000781
5.511096 -0.001229
5.516097 0.003656
5.521098 0.008993
5.526099 0.009002
5.531100 0.012991
5.536101 0.015911
5.541102 0.010169
5.546103 0.005024
5.551104 0.002300
5.556105 0.000855
5.561106 -0.000625
5.566107 -0.007658
5.571108 -0.014397
5.576109 -0.017804
5.581110 -0.020848
5.586111 -0.021091
5.591112 -0.012942
5.596113 0.002089
5.601114 0.010264
5.606115 0.011117
5.611116 0.005988
5.616117 -0.003622
5.621118 -0.006800
5.626119 -0.006300
5.631120 -0.006564
5.636121 -0.000410
5.641122 0.009281
5.646123 0.009518
5.651124 0.004854
5.656125 0.004530
5.661126 0.005653
5.666127 0.005129
5.671128 0.003382
5.676129 0.000760
5.681130 -0.001321
5.686131 -0.000802
5.691132 0.000917
5.696133 0.004115
5.701134 0.008772
5.706135 0.011403
5.711136 0.009391
5.716137 0.003072
5.721138 -0.006848
5.726139 -0.018637
5.731140 -0.023491
5.736141 -0.017871
5.741142 -0.009115
5.746143 -0.002990
5.751144 -0.002264
5.756145 0.000153
5.761146 0.006303
5.766147 0.006220
5.771148 0.002061
5.776149 -0.000234
5.781150 -0.003260
5.786151 -0.010978
5.791152 -0.017128
5.796153 -0.016213
5.801154 -0.009691
5.806155 -0.000083
5.811156 0.005235
5.816157 0.008513
5.821158 0.013906
5.826159 0.015865
5.831160 0.014722
5.836161 0.013813
5.841162 0.013745
5.846163 0.015654
5.851164 0.017597
5.856165 0.013324
5.861166 0.004678
5.866167 0.000652
5.871168 0.004392
5.876169 0.007526
5.881170 -0.004472
5.886171 -0.021591
5.891172 -0.030687
5.896173 -0.029163
5.901174 -0.015028
5.906175 -0.007418
5.911176 -0.008486
5.916177 -0.002225
5.921178 0.005820
5.926179 0.006957
5.931180 0.006536
5.936181 0.008210
5.941182 0.007765
5.946183 0.000713
5.951184 -0.008349
5.956185 -0.011748
5.961186 -0.011465
5.966187 -0.012201
5.971188 -0.016175
5.976189 -0.014792
5.981190 -0.003420
5.986191 0.007799
5.991192 0.008280
5.996193 0.001856
6.001194 0.000863
6.006195 0.008674
6.011196 0.022966
6.016197 0.032298
6.021198 0.030053
6.026199 0.021891
6.031200 0.015273
6.036201 0.009323
6.041202 0.001566
6.046203 -0.001930
6.051204 -0.003642
6.056204 -0.007373
6.061205 -0.013959
6.066206 -0.023412
6.071207 -0.029533
6.076208 -0.029327
6.081209 -0.028380
6.086210 -0.030800
6.091211 -0.030947
6.096212 -0.020099
6.101213 0.003147
6.106214 0.020897
6.111215 0.020590
6.116216 0.017829
6.121217 0.018189
6.126218 0.011440
6.131219 0.000253
6.136220 -0.007308
6.141221 -0.010409
6.146222 -0.011150
6.151223 -0.009106
6.156224 -0.001617
6.161225 0.010095
6.166226 0.017599
6.171227 0.018281
6.176228 0.017229
6.181229 0.018653
6.186230 0.023463
6.191231 0.024968
6.196232 0.017467
6.201233 0.004153
6.206234 -0.008335
6.211235 -0.014460
6.216236 -0.014775
6.221237 -0.014022
6.226238 -0.012421
6.231239 -0.013101
6.236240 -0.017250
6.241241 -0.017428
6.246242 -0.013735
6.251243 -0.011079
6.256244 -0.008216
6.261245 -0.002614
6.266246 0.001233
6.271247 0.001456
6.276248 0.004643
6.281249 0.008264
6.286250 0.008713
6.291251 0.007599
6.296252 0.006266
6.301253 0.009230
6.306254 0.009124
6.311255 0.004957
6.316256 0.008432
6.321257 0.017112
6.326258 0.024936
6.331259 0.026347
6.336260 0.019575
6.341261 0.009484
6.346262 -0.002182
6.351263 -0.013357
6.356264 -0.021850
6.361265 -0.025773
6.366266 -0.022612
6.371267 -0.019061
6.376268 -0.019076
6.381269 -0.013935
6.386270 -0.002734
6.391271 0.003561
6.396272 -0.003804
6.401273 -0.018015
6.406274 -0.024304
6.411275 -0.017250
6.416276 -0.003814
6.421277 0.005150
6.426278 0.005947
6.431279 0.002782
6.436280 -0.000019
6.441281 -0.004387
6.446282 -0.009838
6.451283 -0.013455
6.456284 -0.012779
6.461285 -0.006470
6.466286 0.007227
6.471287 0.023379
6.476288 0.033070
6.481289 0.039930
6.486290 0.043706
6.491291 0.041597
6.496292 0.035041
6.501293 0.025819
6.506294 0.015901
6.511295 0.003767
6.516296 -0.006758
6.521297 -0.013586
6.526298 -0.018246
6.531299 -0.020139
6.536300 -0.021776
6.541301 -0.019842
6.546302 -0.012383
6.551303 -0.002002
6.556304 0.012933
6.561305 0.022807
6.566306 0.014880
6.571307 -0.004917
6.576308 -0.023708
6.581309 -0.038285
6.586310 -0.045791
6.591311 -0.042195
6.596312 -0.030665
6.601313 -0.015057
6.606314 0.000580
6.611315 0.011522
6.616316 0.016966
6.621317 0.019526
6.626318 0.016553
6.631319 0.007527
6.636320 0.003713
6.641321 0.009853
6.646322 0.017341
6.651323 0.017948
6.656324 0.011083
6.661325 0.002437
6.666326 -0.001749
6.671327 -0.001925
6.676328 -0.001371
6.681329 -0.001019
6.686330 -0.000692
6.691331 0.002626
6.696332 0.008111
6.701333 0.008809
6.706334 0.000218
6.711335 -0.012166
6.716336 -0.016990
6.721337 -0.013485
6.726338 -0.008449
6.731339 -0.007230
6.736340 -0.011023
6.741341 -0.014890
6.746342 -0.013192
6.751343 -0.006457
6.756344 -0.000988
6.761345 -0.000286
6.766346 -0.000082
6.771347 0.001929
6.776348 0.000569
6.781349 -0.004294
6.786350 -0.007368
6.791351 -0.003236
6.796352 0.007669
6.801353 0.019777
6.806354 0.029867
6.811355 0.034282
6.816356 0.030294
6.821357 0.019153
6.826358 0.006525
6.831359 -0.003379
6.836360 -0.005765
6.841361 0.004407
6.846362 0.020651
6.851363 0.031846
6.856364 0.030167
6.861365 0.013239
6.866366 -0.013389
6.871367 -0.040619
6.876368 -0.058867
6.881369 -0.062392
6.886370 -0.050881
6.891371 -0.030611
6.896372 -0.013478
6.901373 -0.007010
6.906374 -0.012440
6.911375 -0.024816
6.916376 -0.034162
6.921377 -0.034435
6.926378 -0.026666
6.931379 -0.017688
6.936380 -0.013153
6.941381 -0.011799
6.946382 -0.008238
6.951383 0.001161
6.956384 0.012707
6.961385 0.021408
6.966386 0.026534
6.971387 0.030101
6.976388 0.034595
6.981389 0.039249
6.986389 0.040901
6.991390 0.037568
6.996391 0.030823
7.001392 0.018802
7.006393 0.002553
7.011394 -0.012478
7.016395 -0.025153
7.021396 -0.031257
7.026397 -0.027221
7.031398 -0.014246
7.036399 0.004110
7.041400 0.022028
7.046401 0.032585
7.051402 0.033936
7.056403 0.030197
7.061404 0.025050
7.066405 0.021750
7.071406 0.020316
7.076407 0.019361
7.081408 0.017126
7.086409 0.011011
7.091410 0.000906
7.096411 -0.010397
7.101412 -0.019335
7.106413 -0.023787
7.111414 -0.024873
7.116415 -0.028870
7.121416 -0.041044
7.126417 -0.059501
7.131418 -0.077060
7.136419 -0.087807
7.141420 -0.084609
7.146421 -0.066094
7.151422 -0.036164
7.156423 0.000375
7.161424 0.033944
7.166425 0.066241
7.171426 0.098995
7.176427 0.135717
7.181428 0.179215
7.186429 0.221143
7.191430 0.263429
7.196431 0.304346
7.201432 0.338329
7.206433 0.356255
7.211434 0.342855
7.216435 0.294357
7.221436 0.214479
7.226437 0.108528
7.231438 -0.014002
7.236439 -0.139900
7.241440 -0.265224
7.246441 -0.383264
7.251442 -0.473313
7.256443 -0.518000
7.261444 -0.498550
7.266445 -0.410554
7.271446 -0.277937
7.276447 -0.133313
7.281448 -0.019287
7.286449 0.044385
7.291450 0.059743
7.296451 0.040353
7.301452 0.010411
7.306453 -0.025781
7.311454 -0.052279
7.316455 -0.062851
7.321456 -0.058242
7.326457 -0.044072
7.331458 -0.026529
7.336459 0.003993
7.341460 0.034514
7.346461 0.073362
7.351462 0.116451
7.356463 0.158627
7.361464 0.202197
7.366465 0.237257
7.371466 0.268171
7.376467 0.274604
7.381468 0.253150
7.386469 0.201618
7.391470 0.119966
7.396471 0.021821
7.401472 -0.081569
7.406473 -0.169295
7.411474 -0.232587
7.416475 -0.263233
7.421476 -0.258582
7.426477 -0.221373
7.431478 -0.162845
7.436479 -0.097629
7.441480 -0.039584
7.446481 -0.000602
7.451482 0.014455
7.456483 0.005281
7.461484 -0.029108
7.466485 -0.082429
7.471486 -0.134219
7.476487 -0.170991
7.481488 -0.176894
7.486489 -0.144422
7.491490 -0.075885
7.496491 0.016160
7.501492 0.110047
7.506493 0.184933
7.511494 0.223640
7.516495 0.225651
7.521496 0.200352
7.526497 0.158190
7.531498 0.103657
7.536499 0.051647
7.541500 0.002286
7.546501 -0.043240
7.551502 -0.064428
7.556503 -0.059988
7.561504 -0.029042
7.566505 0.010820
7.571506 0.036009
7.576507 0.040916
7.581508 0.017616
7.586509 -0.029829
7.591510 -0.085760
7.596511 -0.129029
7.601512 -0.142872
7.606513 -0.117837
7.611514 -0.050771
7.616515 0.042806
7.621516 0.143200
7.626517 0.228563
7.631518 0.275713
7.636519 0.273767
7.641520 0.225020
7.646521 0.150514
7.651522 0.073221
7.656523 0.010011
7.661524 -0.027367
7.666525 -0.040931
7.671526 -0.038025
7.676527 -0.035174
7.681528 -0.046366
7.686529 -0.071497
7.691530 -0.108030
7.696531 -0.144426
7.701532 -0.168800
7.706533 -0.168995
7.711534 -0.136702
7.716535 -0.078361
7.721536 -0.007355
7.726537 0.058782
7.731538 0.106590
7.736539 0.127433
7.741540 0.119398
7.746541 0.084777
7.751542 0.032378
7.756543 -0.027107
7.761544 -0.080180
7.766545 -0.109219
7.771546 -0.104622
7.776547 -0.067175
7.781548 -0.012871
7.786549 0.040241
7.791550 0.076413
7.796551 0.087376
7.801552 0.068056
7.806553 0.013812
7.811554 -0.068446
7.816555 -0.160714
7.821556 -0.236713
7.826557 -0.282133
7.831558 -0.289847
7.836559 -0.255373
7.841560 -0.182337
7.846561 -0.084647
7.851562 0.019776
7.856563 0.118564
7.861564 0.187150
7.866565 0.204649
7.871566 0.167976
7.876567 0.086952
7.881568 -0.013223
7.886569 -0.105895
7.891570 -0.163341
7.896571 -0.158395
7.901572 -0.085754
7.906573 0.042822
7.911574 0.194143
7.916574 0.325718
7.921575 0.416067
7.926576 0.446517
7.931577 0.410216
7.936578 0.321703
7.941579 0.202620
7.946580 0.070736
7.951581 -0.060003
7.956582 -0.174904
7.961583 -0.266060
7.966584 -0.329889
7.971585 -0.352134
7.976586 -0.320940
7.981587 -0.242647
7.986588 -0.122510
7.991589 0.003626
7.996590 0.091767
8.001591 0.121595
8.006592 0.086628
8.011593 0.015385
8.016594 -0.061734
8.021595 -0.118156
8.026596 -0.141038
8.031597 -0.128813
8.036598 -0.082622
8.041599 -0.019533
8.046600 0.056236
8.051601 0.132899
8.056602 0.196602
8.061603 0.239596
8.066604 0.248693
8.071605 0.224217
8.076606 0.176380
8.081607 0.116847
8.086608 0.060358
8.091609 0.030063
8.096610 0.032907
8.101611 0.049616
8.106612 0.048095
8.111613 -0.007529
8.116614 -0.118219
8.121615 -0.244816
8.126616 -0.344479
8.131617 -0.380106
8.136618 -0.326745
8.141619 -0.185449
8.146620 -0.001169
8.151621 0.153749
8.156622 0.227579
8.161623 0.210586
8.166624 0.137499
8.171625 0.063354
8.176626 0.038182
8.181627 0.069858
8.186628 0.119542
8.191629 0.149884
8.196630 0.138310
8.201631 0.082191
8.206632 0.005251
8.211633 -0.063301
8.216634 -0.096777
8.221635 -0.088364
8.226636 -0.061509
8.231637 -0.032870
8.236638 -0.018423
8.241639 -0.033600
8.246640 -0.073412
8.251641 -0.128889
8.256642 -0.178406
8.261643 -0.198674
8.266644 -0.184832
8.271645 -0.141828
8.276646 -0.088341
8.281647 -0.041160
8.286648 -0.007639
8.291649 0.010828
8.296650 0.016929
8.301651 0.008741
8.306652 -0.011605
8.311653 -0.039705
8.316654 -0.062280
8.321655 -0.066325
8.326656 -0.046023
8.331657 0.005283
8.336658 0.078125
8.341659 0.152375
8.346660 0.208882
8.351661 0.235500
8.356662 0.236912
8.361663 0.222705
8.366664 0.201054
8.371665 0.177492
8.376666 0.147777
8.381667 0.103333
8.386668 0.037643
8.391669 -0.041371
8.396670 -0.113540
8.401671 -0.158046
8.406672 -0.157714
8.411673 -0.112903
8.416674 -0.042181
8.421675 0.031331
8.426676 0.084288
8.431677 0.100644
8.436678 0.079939
8.441679 0.033639
8.446680 -0.016657
8.451681 -0.051284
8.456682 -0.062594
8.461683 -0.058548
8.466684 -0.050824
8.471685 -0.050777
8.476686 -0.067412
8.481687 -0.094459
8.486688 -0.120637
8.491689 -0.128396
8.496690 -0.107799
8.501691 -0.068496
8.506692 -0.026290
8.511693 0.008081
8.516694 0.032629
8.521695 0.046446
8.526696 0.054811
8.531697 0.063796
8.536698 0.072801
8.541699 0.078324
8.546700 0.072959
8.551701 0.054420
8.556702 0.028829
8.561703 0.000511
8.566704 -0.027828
8.571705 -0.050818
8.576706 -0.062186
8.581707 -0.057196
8.586708 -0.036678
8.591709 -0.007650
8.596710 0.020776
8.601711 0.039912
8.606712 0.047427
8.611713 0.047621
8.616714 0.047716
8.621715 0.048562
8.626716 0.046343
8.631717 0.040183
8.636718 0.027547
8.641719 0.011678
8.646720 -0.006733
8.651721 -0.032377
8.656722 -0.064733
8.661723 -0.098506
8.666724 -0.126278
8.671725 -0.145211
8.676726 -0.151827
8.681727 -0.142656
8.686728 -0.119281
8.691729 -0.085509
8.696730 -0.048494
8.701731 -0.014856
8.706732 0.013368
8.711733 0.038130
8.716734 0.060116
8.721735 0.075961
8.726736 0.084138
8.731737 0.086349
8.736738 0.087282
8.741739 0.086332
8.746740 0.080302
8.751741 0.067443
8.756742 0.044268
8.761743 0.014248
8.766744 -0.015449
8.771745 -0.032422
8.776746 -0.028966
8.781747 -0.008110
8.786748 0.022252
8.791749 0.049129
8.796750 0.063694
8.801751 0.062713
8.806752 0.049260
8.811753 0.029829
8.816754 0.010465
8.821755 -0.006654
8.826756 -0.023140
8.831757 -0.038452
8.836758 -0.050946
8.841759 -0.060179
8.846759 -0.065215
8.851760 -0.062826
8.856761 -0.046830
8.861762 -0.014617
8.866763 0.025030
8.871764 0.061391
8.876765 0.081804
8.881766 0.080097
8.886767 0.061791
8.891768 0.036324
8.896769 0.017083
8.901770 0.008526
8.906771 0.007463
8.911772 0.007076
8.916773 0.003322
8.921774 -0.004732
8.926775 -0.017167
8.931776 -0.027844
8.936777 -0.033955
8.941778 -0.035390
8.946779 -0.034094
8.951780 -0.030034
8.956781 -0.026223
8.961782 -0.027338
8.966783 -0.030790
8.971784 -0.035065
8.976785 -0.035756
8.981786 -0.029778
8.986787 -0.018675
8.991788 -0.006969
8.996789 -0.000896
9.001790 -0.004271
9.006791 -0.014139
9.011792 -0.023583
9.016793 -0.025906
9.021794 -0.014375
9.026795 0.007841
9.031796 0.034945
9.036797 0.061827
9.041798 0.082990
9.046799 0.093723
9.051800 0.091449
9.056801 0.078559
9.061802 0.055973
9.066803 0.027891
9.071804 0.001236
9.076805 -0.019141
9.081806 -0.033018
9.086807 -0.043553
9.091808 -0.053698
9.096809 -0.063658
9.101810 -0.071685
9.106811 -0.075978
9.111812 -0.071325
9.116813 -0.052415
9.121814 -0.018628
9.126815 0.021642
9.131816 0.056851
9.136817 0.079482
9.141818 0.084939
9.146819 0.073896
9.151820 0.051110
9.156821 0.023054
9.161822 -0.003786
9.166823 -0.025391
9.171824 -0.038193
9.176825 -0.040215
9.181826 -0.033242
9.186827 -0.019670
9.191828 -0.002628
9.196829 0.011814
9.201830 0.017014
9.206831 0.009263
9.211832 -0.010610
9.216833 -0.036890
9.221834 -0.064267
9.226835 -0.090168
9.231836 -0.111663
9.236837 -0.125373
9.241838 -0.129307
9.246839 -0.124006
9.251840 -0.108495
9.256841 -0.081993
9.261842 -0.046376
9.266843 -0.003830
9.271844 0.040394
9.276845 0.081056
9.281846 0.112904
9.286847 0.131071
9.291848 0.136436
9.296849 0.131521
9.301850 0.120621
9.306851 0.108344
9.311852 0.098099
9.316853 0.092704
9.321854 0.091711
9.326855 0.091555
9.331856 0.087493
9.336857 0.077552
9.341858 0.060353
9.346859 0.037774
9.351860 0.013019
9.356861 -0.011059
9.361862 -0.033118
9.366863 -0.054128
9.371864 -0.074875
9.376865 -0.095702
9.381866 -0.115094
9.386867 -0.132820
9.391868 -0.143390
9.396869 -0.143176
9.401870 -0.131550
9.406871 -0.109871
9.411872 -0.083287
9.416873 -0.055089
9.421874 -0.029820
9.426875 -0.006807
9.431876 0.016479
9.436877 0.044055
9.441878 0.077419
9.446879 0.111930
9.451880 0.143350
9.456881 0.165662
9.461882 0.171901
9.466883 0.158223
9.471884 0.129312
9.476885 0.091935
9.481886 0.053863
9.486887 0.022060
9.491888 -0.001829
9.496889 -0.018146
9.501890 -0.030619
9.506891 -0.041525
9.511892 -0.051742
9.516893 -0.060541
9.521894 -0.066605
9.526895 -0.070519
9.531896 -0.070301
9.536897 -0.063627
9.541898 -0.054388
9.546899 -0.049762
9.551900 -0.049486
9.556901 -0.052458
9.561902 -0.056010
9.566903 -0.055233
9.571904 -0.048395
9.576905 -0.033449
9.581906 -0.011263
9.586907 0.018681
9.591908 0.054753
9.596909 0.094723
9.601910 0.133693
9.606911 0.161967
9.611912 0.173299
9.616913 0.162975
9.621914 0.132201
9.626915 0.082237
9.631916 0.021033
9.636917 -0.040825
9.641918 -0.095915
9.646919 -0.134216
9.651920 -0.154057
9.656921 -0.154117
9.661922 -0.139267
9.666923 -0.115673
9.671924 -0.090403
9.676925 -0.071689
9.681926 -0.060165
9.686927 -0.063249
9.691928 -0.077264
9.696929 -0.093879
9.701930 -0.104433
9.706931 -0.101379
9.711932 -0.085146
9.716933 -0.052230
9.721934 -0.009169
9.726935 0.037481
9.731936 0.082801
9.736937 0.122363
9.741938 0.152009
9.746939 0.164599
9.751940 0.160604
9.756941 0.142828
9.761942 0.116327
9.766943 0.083097
9.771944 0.048273
9.776944 0.020369
9.781945 0.000250
9.786946 -0.012175
9.791947 -0.017079
9.796948 -0.013012
9.801949 -0.000488
9.806950 0.015193
9.811951 0.027954
9.816952 0.032283
9.821953 0.028529
9.826954 0.018439
9.831955 0.001274
9.836956 -0.019210
9.841957 -0.038021
9.846958 -0.051402
9.851959 -0.054858
9.856960 -0.047642
9.861961 -0.033167
9.866962 -0.018973
9.871963 -0.005915
9.876964 0.007019
9.881965 0.015777
9.886966 0.019048
9.891967 0.015633
9.896968 0.008031
9.901969 -0.001050
9.906970 -0.008798
9.911971 -0.012439
9.916972 -0.009715
9.921973 -0.000037
9.926974 0.013411
9.931975 0.029010
9.936976 0.041716
9.941977 0.046761
9.946978 0.042598
9.951979 0.030057
9.956980 0.010694
9.961981 -0.010540
9.966982 -0.030024
9.971983 -0.048213
9.976984 -0.061746
9.981985 -0.072667
9.986986 -0.080341
9.991987 -0.081532
9.996988 -0.074848
10.001989 -0.058187
10.006990 -0.036526
10.011991 -0.013516
10.016992 0.006500
10.021993 0.017419
10.026994 0.018092
10.031995 0.011193
10.036996 0.001691
10.041997 -0.006337
10.046998 -0.011000
10.051999 -0.010946
10.057000 -0.006474
10.062001 -0.001947
10.067002 0.002125
10.072003 0.006630
10.077004 0.011391
10.082005 0.016201
10.087006 0.018504
10.092007 0.017996
10.097008 0.013530
10.102009 0.006829
10.107010 -0.001149
10.112011 -0.011426
10.117012 -0.020720
10.122013 -0.027415
10.127014 -0.031309
10.132015 -0.032595
10.137016 -0.029486
10.142017 -0.020957
10.147018 -0.008600
10.152019 0.006738
10.157020 0.023657
10.162021 0.039753
10.167022 0.052510
10.172023 0.062717
10.177024 0.070679
10.182025 0.073901
10.187026 0.070687
10.192027 0.061635
10.197028 0.048676
10.202029 0.034389
10.207030 0.021915
10.212031 0.012463
10.217032 0.007281
10.222033 0.006328
10.227034 0.009010
10.232035 0.013876
10.237036 0.017810
10.242037 0.018610
10.247038 0.013100
10.252039 0.003398
10.257040 -0.007071
10.262041 -0.017318
10.267042 -0.027312
10.272043 -0.036994
10.277044 -0.044791
10.282045 -0.051246
10.287046 -0.055678
10.292047 -0.057953
10.297048 -0.054804
10.302049 -0.044926
10.307050 -0.031730
10.312051 -0.015286
10.317052 0.001949
10.322053 0.017378
10.327054 0.030446
10.332055 0.040376
10.337056 0.044977
10.342057 0.044705
10.347058 0.038624
10.352059 0.024653
10.357060 0.005551
10.362061 -0.014962
10.367062 -0.034684
10.372063 -0.051945
10.377064 -0.062558
10.382065 -0.067033
10.387066 -0.065205
10.392067 -0.058283
10.397068 -0.048972
10.402069 -0.036164
10.407070 -0.021813
10.412071 -0.004709
10.417072 0.014342
10.422073 0.033095
10.427074 0.048678
10.432075 0.056798
10.437076 0.058662
10.442077 0.053964
10.447078 0.042454
10.452079 0.026769
10.457080 0.010650
10.462081 -0.004734
10.467082 -0.019611
10.472083 -0.032670
10.477084 -0.042437
10.482085 -0.046259
10.487086 -0.043516
10.492087 -0.032561
10.497088 -0.012388
10.502089 0.012027
10.507090 0.033909
10.512091 0.049493
10.517092 0.056409
10.522093 0.053698
10.527094 0.042664
10.532095 0.025747
10.537096 0.007216
10.542097 -0.011132
10.547098 -0.026575
10.552099 -0.035746
10.557100 -0.037570
10.562101 -0.031904
10.567102 -0.020557
10.572103 -0.005939
10.577104 0.009110
10.582105 0.023931
10.587106 0.036463
10.592107 0.043831
10.597108 0.043580
10.602109 0.033267
10.607110 0.014219
10.612111 -0.008940
10.617112 -0.030260
10.622113 -0.046352
10.627114 -0.057078
10.632115 -0.061442
10.637116 -0.056808
10.642117 -0.045943
10.647118 -0.033645
10.652119 -0.021423
10.657120 -0.008737
10.662121 0.003558
10.667122 0.012508
10.672123 0.018282
10.677124 0.019364
10.682125 0.014473
10.687126 0.005824
10.692127 -0.004614
10.697128 -0.013223
10.702129 -0.015597
10.707130 -0.009022
10.712130 0.007674
10.717131 0.033461
10.722132 0.063544
10.727133 0.091650
10.732134 0.112185
10.737135 0.120389
10.742136 0.114337
10.747137 0.095538
10.752138 0.067335
10.757139 0.034645
10.762140 -0.000132
10.767141 -0.035032
10.772142 -0.062463
10.777143 -0.079102
10.782144 -0.087741
10.787145 -0.091275
10.792146 -0.089811
10.797147 -0.081735
10.802148 -0.072142
10.807149 -0.064577
10.812150 -0.057616
10.817151 -0.051233
10.822152 -0.046447
10.827153 -0.042330
10.832154 -0.034944
10.837155 -0.023715
10.842156 -0.007758
10.847157 0.013292
10.852158 0.037886
10.857159 0.063541
10.862160 0.085644
10.867161 0.101742
10.872162 0.109036
10.877163 0.107471
10.882164 0.097891
10.887165 0.080440
10.892166 0.060668
10.897167 0.043747
10.902168 0.030301
10.907169 0.020879
10.912170 0.013868
10.917171 0.007024
10.922172 -0.001118
10.927173 -0.012992
10.932174 -0.027107
10.937175 -0.041337
10.942176 -0.054081
10.947177 -0.065479
10.952178 -0.074660
10.957179 -0.079402
10.962180 -0.083160
10.967181 -0.086176
10.972182 -0.087147
10.977183 -0.085714
10.982184 -0.080365
10.987185 -0.071450
10.992186 -0.059039
10.997187 -0.043565
11.002188 -0.028362
11.007189 -0.014669
11.012190 -0.001898
11.017191 0.009808
11.022192 0.022835
11.027193 0.038638
11.032194 0.057954
11.037195 0.079975
11.042196 0.102208
11.047197 0.120856
11.052198 0.132137
11.057199 0.133361
11.062200 0.123764
11.067201 0.104546
11.072202 0.076819
11.077203 0.044678
11.082204 0.011031
11.087205 -0.022427
11.092206 -0.053351
11.097207 -0.079854
11.102208 -0.099874
11.107209 -0.112710
11.112210 -0.117357
11.117211 -0.110566
11.122212 -0.093033
11.127213 -0.069560
11.132214 -0.043218
11.137215 -0.017931
11.142216 0.002586
11.147217 0.015679
11.152218 0.021597
11.157219 0.022924
11.162220 0.021741
11.167221 0.020126
11.172222 0.022507
11.177223 0.029932
11.182224 0.040444
11.187225 0.054051
11.192226 0.067770
11.197227 0.081382
11.202228 0.092777
11.207229 0.097975
11.212230 0.097964
11.217231 0.093240
11.222232 0.084726
11.227233 0.073410
11.232234 0.058658
11.237235 0.040348
11.242236 0.018268
11.247237 -0.006518
11.252238 -0.030981
11.257239 -0.052566
11.262240 -0.068981
11.267241 -0.079740
11.272242 -0.082744
11.277243 -0.077348
11.282244 -0.067078
11.287245 -0.054153
11.292246 -0.039443
11.297247 -0.025258
11.302248 -0.013969
11.307249 -0.006370
11.312250 -0.003578
11.317251 -0.005596
11.322252 -0.013521
11.327253 -0.024825
11.332254 -0.036570
11.337255 -0.046834
11.342256 -0.053226
11.347257 -0.056337
11.352258 -0.054348
11.357259 -0.048169
11.362260 -0.040983
11.367261 -0.035820
11.372262 -0.033509
11.377263 -0.032902
11.382264 -0.032994
11.387265 -0.032398
11.392266 -0.032118
11.397267 -0.030813
11.402268 -0.027871
11.407269 -0.023389
11.412270 -0.016524
11.417271 -0.007817
11.422272 0.001801
11.427273 0.010378
11.432274 0.017190
11.437275 0.020884
11.442276 0.019746
11.447277 0.011786
11.452278 -0.002597
11.457279 -0.020980
11.462280 -0.043230
11.467281 -0.066179
11.472282 -0.086406
11.477283 -0.099694
11.482284 -0.102399
11.487285 -0.094159
11.492286 -0.073174
11.497287 -0.041712
11.502288 -0.005394
11.507289 0.029668
11.512290 0.059119
11.517291 0.082234
11.522292 0.098747
11.527293 0.109128
11.532294 0.115399
11.537295 0.120030
11.542296 0.123813
11.547297 0.126522
11.552298 0.126128
11.557299 0.122291
11.562300 0.115894
11.567301 0.105916
11.572302 0.093754
11.577303 0.080410
11.582304 0.066890
11.587305 0.052792
11.592306 0.037526
11.597307 0.024314
11.602308 0.013823
11.607309 0.004533
11.612310 -0.001413
11.617311 -0.002147
11.622312 0.000444
11.627313 0.005990
11.632314 0.012490
11.637315 0.018340
11.642315 0.022461
11.647316 0.021159
11.652317 0.014884
11.657318 0.004926
11.662319 -0.007766
11.667320 -0.021314
11.672321 -0.033230
11.677322 -0.040742
11.682323 -0.044312
11.687324 -0.044692
11.692325 -0.042493
11.697326 -0.038834
11.702327 -0.035315
11.707328 -0.033272
11.712329 -0.031409
11.717330 -0.028887
11.722331 -0.024965
11.727332 -0.019711
11.732333 -0.014707
11.737334 -0.009372
11.742335 -0.004430
11.747336 -0.002589
11.752337 -0.004595
11.757338 -0.010913
11.762339 -0.021003
11.767340 -0.032692
11.772341 -0.044665
11.777342 -0.053741
11.782343 -0.057191
11.787344 -0.054948
11.792345 -0.047359
11.797346 -0.035067
11.802347 -0.019888
11.807348 -0.006807
11.812349 0.000739
11.817350 0.002426
11.822351 -0.002217
11.827352 -0.013184
11.832353 -0.028403
11.837354 -0.044723
11.842355 -0.059899
11.847356 -0.071935
11.852357 -0.079216
11.857358 -0.079863
11.862359 -0.073439
11.867360 -0.062261
11.872361 -0.046502
11.877362 -0.026793
11.882363 -0.005251
11.887364 0.016458
11.892365 0.035630
11.897366 0.052083
11.902367 0.064364
11.907368 0.068902
11.912369 0.066525
11.917370 0.059683
11.922371 0.048799
11.927372 0.036251
11.932373 0.025256
11.937374 0.017380
11.942375 0.012680
11.947376 0.011297
11.952377 0.013815
11.957378 0.018541
11.962379 0.023974
11.967380 0.027451
11.972381 0.028796
11.977382 0.029205
11.982383 0.026432
11.987384 0.020781
11.992385 0.013369
11.997386 0.006502
12.002387 0.000020
12.007388 -0.006735
12.012389 -0.011356
12.017390 -0.014743
12.022391 -0.016540
12.027392 -0.017120
12.032393 -0.017000
12.037394 -0.015029
12.042395 -0.012745
12.047396 -0.010113
12.052397 -0.006111
12.057398 -0.000289
12.062399 0.007499
12.067400 0.016056
12.072401 0.023804
12.077402 0.030528
12.082403 0.035283
12.087404 0.036929
12.092405 0.036452
12.097406 0.034032
12.102407 0.030552
12.107408 0.026302
12.112409 0.021436
12.117410 0.017144
12.122411 0.012523
12.127412 0.008521
12.132413 0.005480
12.137414 0.003910
12.142415 0.005208
12.147416 0.006892
12.152417 0.007951
12.157418 0.008000
12.162419 0.005372
12.167420 -0.001004
12.172421 -0.010091
12.177422 -0.019552
12.182423 -0.028730
12.187424 -0.036708
12.192425 -0.042019
12.197426 -0.043305
12.202427 -0.040199
12.207428 -0.033319
12.212429 -0.023242
12.217430 -0.010893
12.222431 0.001376
12.227432 0.012002
12.232433 0.021053
12.237434 0.027727
12.242435 0.031801
12.247436 0.032906
12.252437 0.032417
12.257438 0.031731
12.262439 0.030873
12.267440 0.030261
12.272441 0.029605
12.277442 0.029687
12.282443 0.030097
12.287444 0.030038
12.292445 0.028582
12.297446 0.026035
12.302447 0.022736
12.307448 0.016912
12.312449 0.009541
12.317450 0.000379
12.322451 -0.009577
12.327452 -0.019716
12.332453 -0.029482
12.337454 -0.036494
12.342455 -0.041737
12.347456 -0.044930
12.352457 -0.047417
12.357458 -0.048725
12.362459 -0.048564
12.367460 -0.048915
12.372461 -0.047824
12.377462 -0.044999
12.382463 -0.040069
12.387464 -0.034596
12.392465 -0.029070
12.397466 -0.022452
12.402467 -0.016401
12.407468 -0.012088
12.412469 -0.010459
12.417470 -0.010981
12.422471 -0.013401
12.427472 -0.017944
12.432473 -0.023517
12.437474 -0.028695
12.442475 -0.033328
12.447476 -0.037450
12.452477 -0.040454
12.457478 -0.041588
12.462479 -0.041557
12.467480 -0.041706
12.472481 -0.040160
12.477482 -0.036386
12.482483 -0.030380
12.487484 -0.021862
12.492485 -0.011065
12.497486 0.002302
12.502487 0.015848
12.507488 0.027055
12.512489 0.035200
12.517490 0.041095
12.522491 0.044480
12.527492 0.045276
12.532493 0.044707
12.537494 0.042610
12.542495 0.039613
12.547496 0.035020
12.552497 0.028124
12.557498 0.020607
12.562499 0.013258
12.567500 0.006293
12.572500 0.001678
12.577501 0.000512
12.582502 0.001939
12.587503 0.005336
12.592504 0.009864
12.597505 0.015567
12.602506 0.022803
12.607507 0.030094
12.612508 0.036990
12.617509 0.044305
12.622510 0.051697
12.627511 0.058419
12.632512 0.063452
12.637513 0.066444
12.642514 0.066900
12.647515 0.063546
12.652516 0.056796
12.657517 0.047680
12.662518 0.036649
12.667519 0.024714
12.672520 0.014088
12.677521 0.006157
12.682522 0.000639
12.687523 -0.003207
12.692524 -0.006361
12.697525 -0.008624
12.702526 -0.011199
12.707527 -0.014952
12.712528 -0.018090
12.717529 -0.019037
12.722530 -0.017424
12.727531 -0.014776
12.732532 -0.011475
12.737533 -0.008189
12.742534 -0.006450
12.747535 -0.006804
12.752536 -0.008878
12.757537 -0.010293
12.762538 -0.010159
12.767539 -0.009420
12.772540 -0.006963
12.777541 -0.002036
12.782542 0.004031
12.787543 0.009227
12.792544 0.012196
12.797545 0.013511
12.802546 0.012799
12.807547 0.009988
12.812548 0.006428
12.817549 0.002625
12.822550 -0.001128
12.827551 -0.005858
12.832552 -0.011658
12.837553 -0.017531
12.842554 -0.024805
12.847555 -0.034118
12.852556 -0.045461
12.857557 -0.058748
12.862558 -0.073558
12.867559 -0.089486
12.872560 -0.105019
12.877561 -0.117994
12.882562 -0.125884
12.887563 -0.127730
12.892564 -0.122037
12.897565 -0.107728
12.902566 -0.086147
12.907567 -0.058974
12.912568 -0.028955
12.917569 0.002105
12.922570 0.031350
12.927571 0.056090
12.932572 0.075357
12.937573 0.088465
12.942574 0.095518
12.947575 0.095651
12.952576 0.090287
12.957577 0.081137
12.962578 0.067855
12.967579 0.051864
12.972580 0.034722
12.977581 0.017548
12.982582 0.000439
12.987583 -0.016482
12.992584 -0.032178
12.997585 -0.045219
13.002586 -0.055125
13.007587 -0.062781
13.012588 -0.067598
13.017589 -0.068931
13.022590 -0.065798
13.027591 -0.058752
13.032592 -0.048061
13.037593 -0.032943
13.042594 -0.015233
13.047595 0.003430
13.052596 0.022484
13.057597 0.042257
13.062598 0.061270
13.067599 0.077523
13.072600 0.091711
13.077601 0.104262
13.082602 0.114056
13.087603 0.120465
13.092604 0.123843
13.097605 0.125020
13.102606 0.123717
13.107607 0.119253
13.112608 0.112288
13.117609 0.103190
13.122610 0.092784
13.127611 0.080311
13.132612 0.066592
13.137613 0.053112
13.142614 0.038406
13.147615 0.022236
13.152616 0.004873
13.157617 -0.012226
13.162618 -0.028939
13.167619 -0.046058
13.172620 -0.062121
13.177621 -0.076016
13.182622 -0.086752
13.187623 -0.093942
13.192624 -0.097776
13.197625 -0.097531
13.202626 -0.093273
13.207627 -0.086273
13.212628 -0.076831
13.217629 -0.065547
13.222630 -0.053472
13.227631 -0.041529
13.232632 -0.030585
13.237633 -0.020056
13.242634 -0.009747
13.247635 -0.001118
13.252636 0.005354
13.257637 0.009953
13.262638 0.012812
13.267639 0.013136
13.272640 0.009305
13.277641 0.002697
13.282642 -0.005834
13.287643 -0.016736
13.292644 -0.028465
13.297645 -0.040178
13.302646 -0.051167
13.307647 -0.059742
13.312648 -0.064606
13.317649 -0.064878
13.322650 -0.060543
13.327651 -0.053063
13.332652 -0.043296
13.337653 -0.031633
13.342654 -0.020411
13.347655 -0.011596
13.352656 -0.004451
13.357657 0.000961
13.362658 0.004335
13.367659 0.007276
13.372660 0.010481
13.377661 0.015588
13.382662 0.022470
13.387663 0.029506
13.392664 0.037468
13.397665 0.045709
13.402666 0.051704
13.407667 0.054610
13.412668 0.055759
13.417669 0.053843
13.422670 0.048541
13.427671 0.040429
13.432672 0.030065
13.437673 0.019336
13.442674 0.008220
13.447675 -0.002395
13.452676 -0.010983
13.457677 -0.015494
13.462678 -0.015236
13.467679 -0.012567
13.472680 -0.007678
13.477681 -0.000224
13.482682 0.007686
13.487683 0.014606
13.492684 0.020296
13.497685 0.025326
13.502685 0.029394
13.507686 0.031532
13.512687 0.032076
13.517688 0.032001
13.522689 0.031917
13.527690 0.031284
13.532691 0.029983
13.537692 0.028717
13.542693 0.028485
13.547694 0.028147
13.552695 0.027444
13.557696 0.026811
13.562697 0.025509
13.567698 0.023144
13.572699 0.018687
13.577700 0.014644
13.582701 0.011307
13.587702 0.008228
13.592703 0.006544
13.597704 0.006625
13.602705 0.007970
13.607706 0.009195
13.612707 0.009676
13.617708 0.008021
13.622709 0.003872
13.627710 -0.003730
13.632711 -0.013256
13.637712 -0.022333
13.642713 -0.030585
13.647714 -0.037684
13.652715 -0.042582
13.657716 -0.044260
13.662717 -0.044149
13.667718 -0.042704
13.672719 -0.040418
13.677720 -0.036464
13.682721 -0.031477
13.687722 -0.026582
13.692723 -0.020895
13.697724 -0.015214
13.702725 -0.010235
13.707726 -0.006221
13.712727 -0.003116
13.717728 -0.001392
13.722729 -0.000702
13.727730 -0.001537
13.732731 -0.003967
13.737732 -0.007037
13.742733 -0.010730
13.747734 -0.014831
13.752735 -0.019230
13.757736 -0.022680
13.762737 -0.026034
13.767738 -0.029774
13.772739 -0.033790
13.777740 -0.037902
13.782741 -0.041100
13.787742 -0.044401
13.792743 -0.046884
13.797744 -0.046559
13.802745 -0.042716
13.807746 -0.036692
13.812747 -0.028599
13.817748 -0.017649
13.822749 -0.006018
13.827750 0.004598
13.832751 0.014015
13.837752 0.021416
13.842753 0.025785
13.847754 0.027497
13.852755 0.025960
13.857756 0.022145
13.862757 0.015982
13.867758 0.007500
13.872759 -0.000931
13.877760 -0.009204
13.882761 -0.015757
13.887762 -0.020570
13.892763 -0.023761
13.897764 -0.024217
13.902765 -0.022320
13.907766 -0.019488
13.912767 -0.016240
13.917768 -0.011345
13.922769 -0.005209
13.927770 0.001116
13.932771 0.008139
13.937772 0.016482
13.942773 0.025308
13.947774 0.033309
13.952775 0.038869
13.957776 0.042907
13.962777 0.044946
13.967778 0.043361
13.972779 0.040091
13.977780 0.036269
13.982781 0.032468
13.987782 0.029143
13.992783 0.026997
13.997784 0.027271
14.002785 0.029465
14.007786 0.031996
14.012787 0.034633
14.017788 0.036715
14.022789 0.037089
14.027790 0.035338
14.032791 0.031645
14.037792 0.027881
14.042793 0.023149
14.047794 0.016749
14.052795 0.010286
14.057796 0.003724
14.062797 -0.003076
14.067798 -0.010032
14.072799 -0.016598
14.077800 -0.021606
14.082801 -0.025007
14.087802 -0.027076
14.092803 -0.026368
14.097804 -0.022633
14.102805 -0.017267
14.107806 -0.010794
14.112807 -0.003575
14.117808 0.004187
14.122809 0.011687
14.127810 0.017213
14.132811 0.020998
14.137812 0.023363
14.142813 0.023472
14.147814 0.021451
14.152815 0.017643
14.157816 0.012987
14.162817 0.008140
14.167818 0.003106
14.172819 -0.001647
14.177820 -0.006074
14.182821 -0.010148
14.187822 -0.014396
14.192823 -0.019357
14.197824 -0.023644
14.202825 -0.027336
14.207826 -0.031583
14.212827 -0.035134
14.217828 -0.037349
14.222829 -0.037492
14.227830 -0.035320
14.232831 -0.032187
14.237832 -0.026706
14.242833 -0.019338
14.247834 -0.011628
14.252835 -0.003458
14.257836 0.004356
14.262837 0.011294
14.267838 0.015719
14.272839 0.018028
14.277840 0.018667
14.282841 0.016737
14.287842 0.012993
14.292843 0.007531
14.297844 0.001333
14.302845 -0.005170
14.307846 -0.010964
14.312847 -0.014922
14.317848 -0.017162
14.322849 -0.017199
14.327850 -0.016059
14.332851 -0.014308
14.337852 -0.012022
14.342853 -0.010190
14.347854 -0.009743
14.352855 -0.010512
14.357856 -0.011565
14.362857 -0.012817
14.367858 -0.013631
14.372859 -0.013344
14.377860 -0.011344
14.382861 -0.007303
14.387862 -0.002822
14.392863 0.001956
14.397864 0.007510
14.402865 0.012641
14.407866 0.016103
14.412867 0.017515
14.417868 0.017544
14.422869 0.015594
14.427870 0.011423
14.432870 0.006393
14.437871 0.001585
14.442872 -0.001765
14.447873 -0.003353
14.452874 -0.002808
14.457875 0.000314
14.462876 0.005344
14.467877 0.011703
14.472878 0.017911
14.477879 0.024091
14.482880 0.029676
14.487881 0.033164
14.492882 0.035485
14.497883 0.036724
14.502884 0.037165
14.507885 0.036339
14.512886 0.033942
14.517887 0.030884
14.522888 0.026311
14.527889 0.019439
14.532890 0.010681
14.537891 0.001132
14.542892 -0.009003
14.547893 -0.019553
14.552894 -0.029688
14.557895 -0.037420
14.562896 -0.042601
14.567897 -0.046447
14.572898 -0.047955
14.577899 -0.046782
14.582900 -0.043323
14.587901 -0.039156
14.592902 -0.034551
14.597903 -0.028221
14.602904 -0.021492
14.607905 -0.015259
14.612906 -0.009459
14.617907 -0.003897
14.622908 0.001947
14.627909 0.007167
14.632910 0.011832
14.637911 0.016702
14.642912 0.021249
14.647913 0.024961
14.652914 0.027326
14.657915 0.029185
14.662916 0.030614
14.667917 0.030095
14.672918 0.028561
14.677919 0.027039
14.682920 0.025139
14.687921 0.022302
14.692922 0.018239
14.697923 0.013526
14.702924 0.007833
14.707925 0.000462
14.712926 -0.008069
14.717927 -0.016418
14.722928 -0.023689
14.727929 -0.029675
14.732930 -0.033706
14.737931 -0.034953
14.742932 -0.033350
14.747933 -0.030414
14.752934 -0.026530
14.757935 -0.021493
14.762936 -0.016545
14.767937 -0.012713
14.772938 -0.010129
14.777939 -0.008221
14.782940 -0.006635
14.787941 -0.005556
14.792942 -0.004590
14.797943 -0.001777
14.802944 0.003050
14.807945 0.008149
14.812946 0.013583
14.817947 0.019585
14.822948 0.025104
14.827949 0.028253
14.832950 0.028296
14.837951 0.025768
14.842952 0.020414
14.847953 0.012810
14.852954 0.004205
14.857955 -0.004301
14.862956 -0.011196
14.867957 -0.016218
14.872958 -0.019171
14.877959 -0.018836
14.882960 -0.016037
14.887961 -0.012725
14.892962 -0.009551
14.897963 -0.006254
14.902964 -0.003147
14.907965 -0.001373
14.912966 -0.000217
14.917967 0.001101
14.922968 0.002121
14.927969 0.002675
14.932970 0.002342
14.937971 0.001438
14.942972 0.000402
14.947973 -0.001806
14.952974 -0.004237
14.957975 -0.004647
14.962976 -0.003246
14.967977 -0.000454
14.972978 0.004551
14.977979 0.011572
14.982980 0.019811
14.987981 0.028262
14.992982 0.035660
14.997983 0.042370
15.002984 0.047347
15.007985 0.049567
15.012986 0.050130
15.017987 0.049391
15.022988 0.047335
15.027989 0.043646
15.032990 0.038795
15.037991 0.033197
15.042992 0.026340
15.047993 0.018098
15.052994 0.008975
15.057995 -0.000352
15.062996 -0.009704
15.067997 -0.019667
15.072998 -0.029671
15.077999 -0.038871
15.083000 -0.047678
15.088001 -0.055959
15.093002 -0.063501
15.098003 -0.068766
15.103004 -0.071496
15.108005 -0.072462
15.113006 -0.070816
15.118007 -0.066006
15.123008 -0.058334
15.128009 -0.049307
15.133010 -0.039106
15.138011 -0.027331
15.143012 -0.015487
15.148013 -0.004609
15.153014 0.004950
15.158015 0.013231
15.163016 0.020440
15.168017 0.025003
15.173018 0.027811
15.178019 0.030022
15.183020 0.030710
15.188021 0.030123
15.193022 0.028219
15.198023 0.026801
15.203024 0.025976
15.208025 0.024730
15.213026 0.023558
15.218027 0.023164
15.223028 0.023405
15.228029 0.022074
15.233030 0.018989
15.238031 0.014723
15.243032 0.008974
15.248033 0.001189
15.253034 -0.007815
15.258035 -0.016375
15.263036 -0.024436
15.268037 -0.031945
15.273038 -0.037856
15.278039 -0.041323
15.283040 -0.042083
15.288041 -0.041115
15.293042 -0.038829
15.298043 -0.034585
15.303044 -0.029289
15.308045 -0.023604
15.313046 -0.018163
15.318047 -0.012484
15.323048 -0.006365
15.328049 -0.001380
15.333050 0.002801
15.338051 0.007026
15.343052 0.011291
15.348053 0.014616
15.353054 0.017500
15.358055 0.021301
15.363056 0.025779
15.368056 0.030198
15.373057 0.034063
15.378058 0.038937
15.383059 0.044626
15.388060 0.049402
15.393061 0.053175
15.398062 0.056096
15.403063 0.057356
15.408064 0.055555
15.413065 0.051613
15.418066 0.046056
15.423067 0.038865
15.428068 0.030605
15.433069 0.021315
15.438070 0.012604
15.443071 0.004896
15.448072 -0.002039
15.453073 -0.007648
15.458074 -0.011445
15.463075 -0.013652
15.468076 -0.015269
15.473077 -0.016474
15.478078 -0.016646
15.483079 -0.016049
15.488080 -0.015717
15.493081 -0.015095
15.498082 -0.013683
15.503083 -0.011687
15.508084 -0.009679
15.513085 -0.008310
15.518086 -0.006687
15.523087 -0.005067
15.528088 -0.004818
15.533089 -0.005861
15.538090 -0.007385
15.543091 -0.009450
15.548092 -0.012753
15.553093 -0.016374
15.558094 -0.019515
15.563095 -0.021778
15.568096 -0.022745
15.573097 -0.022661
15.578098 -0.019927
15.583099 -0.014891
15.588100 -0.010011
15.593101 -0.005532
15.598102 -0.001454
15.603103 0.001755
15.608104 0.002894
15.613105 0.001598
15.618106 0.000089
15.623107 -0.001880
15.628108 -0.005092
15.633109 -0.007776
15.638110 -0.009935
15.643111 -0.010829
15.648112 -0.011415
15.653113 -0.012743
15.658114 -0.013021
15.663115 -0.013077
15.668116 -0.013522
15.673117 -0.014616
15.678118 -0.015568
15.683119 -0.015366
15.688120 -0.015346
15.693121 -0.014659
15.698122 -0.012311
15.703123 -0.008859
15.708124 -0.004553
15.713125 0.000027
15.718126 0.005144
15.723127 0.009918
15.728128 0.012779
15.733129 0.014481
15.738130 0.015240
15.743131 0.014876
15.748132 0.013216
15.753133 0.011059
15.758134 0.009494
15.763135 0.008302
15.768136 0.007593
15.773137 0.007308
15.778138 0.008115
15.783139 0.009299
15.788140 0.009506
15.793141 0.009413
15.798142 0.009179
15.803143 0.008857
15.808144 0.008220
15.813145 0.007093
15.818146 0.006138
15.823147 0.005234
15.828148 0.004072
15.833149 0.002854
15.838150 0.002580
15.843151 0.002501
15.848152 0.001985
15.853153 0.002256
15.858154 0.003175
15.863155 0.004929
15.868156 0.006913
15.873157 0.008832
15.878158 0.011360
15.883159 0.013639
15.888160 0.015369
15.893161 0.016033
15.898162 0.016255
15.903163 0.016531
15.908164 0.015134
15.913165 0.012689
15.918166 0.009763
15.923167 0.005580
15.928168 0.000450
15.933169 -0.005104
15.938170 -0.010540
15.943171 -0.015852
15.948172 -0.021141
15.953173 -0.026081
15.958174 -0.030183
15.963175 -0.032993
15.968176 -0.034761
15.973177 -0.035543
15.978178 -0.034315
15.983179 -0.031028
15.988180 -0.026823
15.993181 -0.021644
15.998182 -0.015379
16.003183 -0.009027
16.008184 -0.003523
16.013185 0.001342
16.018186 0.005666
16.023187 0.009226
16.028188 0.011773
16.033189 0.013348
16.038190 0.014733
16.043191 0.015567
16.048192 0.015518
16.053193 0.015225
16.058194 0.014788
16.063195 0.013794
16.068196 0.011970
16.073197 0.009483
16.078198 0.006704
16.083199 0.004271
16.088200 0.001202
16.093201 -0.002679
16.098202 -0.005419
16.103203 -0.007943
16.108204 -0.010926
16.113205 -0.013688
16.118206 -0.016493
16.123207 -0.019211
16.128208 -0.022655
16.133209 -0.026174
16.138210 -0.028572
16.143211 -0.029940
16.148212 -0.030284
16.153213 -0.029874
16.158214 -0.027173
16.163215 -0.022385
16.168216 -0.016864
16.173217 -0.010133
16.178218 -0.001885
16.183219 0.007435
16.188220 0.016118
16.193221 0.024406
16.198222 0.032686
16.203223 0.040001
16.208224 0.045372
16.213225 0.048975
16.218226 0.051840
16.223227 0.053349
16.228228 0.053281
16.233229 0.051706
16.238230 0.048688
16.243231 0.044391
16.248232 0.038335
16.253233 0.030390
16.258234 0.022250
16.263235 0.014679
16.268236 0.006726
16.273237 -0.000570
16.278238 -0.006276
16.283239 -0.010459
16.288240 -0.013956
16.293241 -0.016838
16.298241 -0.018591
16.303242 -0.019794
16.308243 -0.020827
16.313244 -0.021906
16.318245 -0.022235
16.323246 -0.021900
16.328247 -0.021541
16.333248 -0.020857
16.338249 -0.019579
16.343250 -0.018263
16.348251 -0.017970
16.353252 -0.018262
16.358253 -0.018253
16.363254 -0.017836
16.368255 -0.017460
16.373256 -0.016634
16.378257 -0.014447
16.383258 -0.011174
16.388259 -0.006994
16.393260 -0.001726
16.398261 0.004483
16.403262 0.011038
16.408263 0.016974
16.413264 0.022203
16.418265 0.027230
16.423266 0.031195
16.428267 0.033315
16.433268 0.034314
16.438269 0.034192
16.443270 0.032966
16.448271 0.030920
16.453272 0.027930
16.458273 0.025351
16.463274 0.023312
16.468275 0.020658
16.473276 0.018137
16.478277 0.016044
16.483278 0.013825
16.488279 0.010682
16.493280 0.006191
16.498281 0.001076
16.503282 -0.004571
16.508283 -0.010981
16.513284 -0.017436
16.518285 -0.022516
16.523286 -0.026546
16.528287 -0.030075
16.533288 -0.031879
16.538289 -0.031835
16.543290 -0.029930
16.548291 -0.027821
16.553292 -0.025464
16.558293 -0.021095
16.563294 -0.016794
16.568295 -0.013239
16.573296 -0.009991
16.578297 -0.006873
16.583298 -0.004599
16.588299 -0.003513
16.593300 -0.003225
16.598301 -0.004092
16.603302 -0.005561
16.608303 -0.007896
16.613304 -0.010282
16.618305 -0.011826
16.623306 -0.012528
16.628307 -0.012843
16.633308 -0.013159
16.638309 -0.012340
16.643310 -0.011182
16.648311 -0.010589
16.653312 -0.010492
16.658313 -0.010598
16.663314 -0.011123
16.668315 -0.012641
16.673316 -0.015013
16.678317 -0.017732
16.683318 -0.019680
16.688319 -0.022023
16.693320 -0.024408
16.698321 -0.024927
16.703322 -0.024401
16.708323 -0.023197
16.713324 -0.021827
16.718325 -0.019300
16.723326 -0.016171
16.728327 -0.014365
16.733328 -0.012543
16.738329 -0.011185
16.743330 -0.010280
16.748331 -0.009930
16.753332 -0.011148
16.758333 -0.011946
16.763334 -0.012493
16.768335 -0.013275
16.773336 -0.013660
16.778337 -0.012729
16.783338 -0.010312
16.788339 -0.007354
16.793340 -0.003658
16.798341 0.000571
16.803342 0.005286
16.808343 0.009531
16.813344 0.013153
16.818345 0.016331
16.823346 0.019011
16.828347 0.020849
16.833348 0.021464
16.838349 0.022853
16.843350 0.024762
16.848351 0.026535
16.853352 0.028801
16.858353 0.031974
16.863354 0.035834
16.868355 0.039362
16.873356 0.042524
16.878357 0.045627
16.883358 0.048542
16.888359 0.050465
16.893360 0.051385
16.898361 0.051489
16.903362 0.050409
16.908363 0.047625
16.913364 0.043452
16.918365 0.038441
16.923366 0.032780
16.928367 0.025840
16.933368 0.018245
16.938369 0.011808
16.943370 0.006164
16.948371 0.001031
16.953372 -0.002762
16.958373 -0.004593
16.963374 -0.004911
16.968375 -0.003958
16.973376 -0.002188
16.978377 0.000615
16.983378 0.004289
16.988379 0.006903
16.993380 0.008965
16.998381 0.010961
17.003382 0.012013
17.008383 0.011653
17.013384 0.009977
17.018385 0.008020
17.023386 0.005683
17.028387 0.002292
17.033388 -0.001442
17.038389 -0.004994
17.043390 -0.008474
17.048391 -0.012116
17.053392 -0.015807
17.058393 -0.018941
17.063394 -0.021413
17.068395 -0.023519
17.073396 -0.025590
17.078397 -0.026682
17.083398 -0.026861
17.088399 -0.026964
17.093400 -0.027067
17.098401 -0.026676
17.103402 -0.025505
17.108403 -0.024680
17.113404 -0.024211
17.118405 -0.023362
17.123406 -0.021936
17.128407 -0.021095
17.133408 -0.020252
17.138409 -0.018411
17.143410 -0.016305
17.148411 -0.014010
17.153412 -0.011869
17.158413 -0.009298
17.163414 -0.006436
17.168415 -0.004183
17.173416 -0.002188
17.178417 0.000207
17.183418 0.002451
17.188419 0.003805
17.193420 0.004767
17.198421 0.005220
17.203422 0.005119
17.208423 0.004199
17.213424 0.002565
17.218425 0.000641
17.223426 -0.001516
17.228426 -0.003941
17.233427 -0.006629
17.238428 -0.008376
17.243429 -0.009345
17.248430 -0.010243
17.253431 -0.010370
17.258432 -0.009938
17.263433 -0.009299
17.268434 -0.008539
17.273435 -0.007442
17.278436 -0.006587
17.283437 -0.005619
17.288438 -0.004904
17.293439 -0.005455
17.298440 -0.005400
17.303441 -0.005341
17.308442 -0.005811
17.313443 -0.006137
17.318444 -0.005980
17.323445 -0.005166
17.328446 -0.004627
17.333447 -0.004169
17.338448 -0.002609
17.343449 -0.000333
17.348450 0.001074
17.353451 0.002466
17.358452 0.004094
17.363453 0.005514
17.368454 0.006573
17.373455 0.006942
17.378456 0.007771
17.383457 0.008799
17.388458 0.009305
17.393459 0.009367
17.398460 0.010028
17.403461 0.011146
17.408462 0.011296
17.413463 0.010852
17.418464 0.010405
17.423465 0.010021
17.428466 0.009273
17.433467 0.008093
17.438468 0.007198
17.443469 0.006845
17.448470 0.006394
17.453471 0.005872
17.458472 0.006039
17.463473 0.006812
17.468474 0.007521
17.473475 0.007620
17.478476 0.008109
17.483477 0.008643
17.488478 0.008116
17.493479 0.007316
17.498480 0.006334
17.503481 0.005572
17.508482 0.004746
17.513483 0.003536
17.518484 0.003152
17.523485 0.003438
17.528486 0.004199
17.533487 0.005096
17.538488 0.006704
17.543489 0.009428
17.548490 0.011408
17.553491 0.013082
17.558492 0.014495
17.563493 0.015057
17.568494 0.014467
17.573495 0.012402
17.578496 0.009647
17.583497 0.005666
17.588498 0.000749
17.593499 -0.004939
17.598500 -0.010562
17.603501 -0.015619
17.608502 -0.020728
17.613503 -0.024538
17.618504 -0.026660
17.623505 -0.027313
17.628506 -0.027177
17.633507 -0.025804
17.638508 -0.022838
17.643509 -0.019322
17.648510 -0.015874
17.653511 -0.012330
17.658512 -0.007907
17.663513 -0.003073
17.668514 0.001650
17.673515 0.006089
17.678516 0.010719
17.683517 0.015422
17.688518 0.019132
17.693519 0.021621
17.698520 0.023782
17.703521 0.025776
17.708522 0.026342
17.713523 0.026024
17.718524 0.025859
17.723525 0.025394
17.728526 0.024069
17.733527 0.021996
17.738528 0.019390
17.743529 0.016681
17.748530 0.012586
17.753531 0.006745
17.758532 0.001510
17.763533 -0.003891
17.768534 -0.009807
17.773535 -0.014790
17.778536 -0.018717
17.783537 -0.020943
17.788538 -0.021165
17.793539 -0.020112
17.798540 -0.017060
17.803541 -0.012416
17.808542 -0.007866
17.813543 -0.002558
17.818544 0.002767
17.823545 0.007396
17.828546 0.011071
17.833547 0.012771
17.838548 0.013717
17.843549 0.014057
17.848550 0.012780
17.853551 0.010708
17.858552 0.008646
17.863553 0.006202
17.868554 0.002779
17.873555 -0.000820
17.878556 -0.003808
17.883557 -0.006882
17.888558 -0.009939
17.893559 -0.012784
17.898560 -0.015093
17.903561 -0.016303
17.908562 -0.017745
17.913563 -0.019603
17.918564 -0.020976
17.923565 -0.022265
17.928566 -0.024224
17.933567 -0.026947
17.938568 -0.029492
17.943569 -0.031574
17.948570 -0.033599
17.953571 -0.035327
17.958572 -0.035573
17.963573 -0.033735
17.968574 -0.031090
17.973575 -0.026752
17.978576 -0.020629
17.983577 -0.013982
17.988578 -0.006874
17.993579 -0.000186
17.998580 0.005922
18.003581 0.011103
18.008582 0.014922
18.013583 0.017030
18.018584 0.018161
18.023585 0.018522
18.028586 0.017155
18.033587 0.015256
18.038588 0.013327
18.043589 0.011369
18.048590 0.009144
18.053591 0.006462
18.058592 0.004301
18.063593 0.002568
18.068594 0.000793
18.073595 -0.000797
18.078596 -0.001764
18.083597 -0.002441
18.088598 -0.003634
18.093599 -0.005126
18.098600 -0.005837
18.103601 -0.006168
18.108602 -0.006847
18.113603 -0.006902
18.118604 -0.005952
18.123605 -0.004485
18.128606 -0.002667
18.133607 -0.000376
18.138608 0.003289
18.143609 0.007932
18.148610 0.012609
18.153611 0.017244
18.158611 0.022295
18.163612 0.027789
18.168613 0.032070
18.173614 0.035221
18.178615 0.038548
18.183616 0.041508
18.188617 0.042487
18.193618 0.042110
18.198619 0.041420
18.203620 0.039553
18.208621 0.036483
18.213622 0.032287
18.218623 0.027117
18.223624 0.021668
18.228625 0.015383
18.233626 0.008276
18.238627 0.001657
18.243628 -0.004238
18.248629 -0.009866
18.253630 -0.015516
18.258631 -0.020030
18.263632 -0.022804
18.268633 -0.025432
18.273634 -0.027584
18.278635 -0.028123
18.283636 -0.027886
18.288637 -0.027570
18.293638 -0.026633
18.298639 -0.025391
18.303640 -0.023749
18.308641 -0.022083
18.313642 -0.020648
18.318643 -0.018790
18.323644 -0.017074
18.328645 -0.015601
18.333646 -0.014269
18.338647 -0.012381
18.343648 -0.009956
18.348649 -0.008073
18.353650 -0.006221
18.358651 -0.003654
18.363652 -0.000898
18.368653 0.001245
18.373654 0.003136
18.378655 0.005306
18.383656 0.007348
18.388657 0.008630
18.393658 0.008993
18.398659 0.008919
18.403660 0.008537
18.408661 0.007135
18.413662 0.005218
18.418663 0.003328
18.423664 0.001155
18.428665 -0.001262
18.433666 -0.004066
18.438667 -0.006004
18.443668 -0.006922
18.448669 -0.008011
18.453670 -0.008661
18.458671 -0.008181
18.463672 -0.006961
18.468673 -0.005300
18.473674 -0.003372
18.478675 -0.001151
18.483676 0.001490
18.488677 0.003745
18.493678 0.005767
18.498679 0.007963
18.503680 0.010113
18.508681 0.011788
18.513682 0.012581
18.518683 0.013514
18.523684 0.014260
18.528685 0.014018
18.533686 0.013243
18.538687 0.012393
18.543688 0.011263
18.548689 0.009305
18.553690 0.007209
18.558691 0.005310
18.563692 0.003045
18.568693 0.000442
18.573694 -0.002491
18.578695 -0.005021
18.583696 -0.006797
18.588697 -0.008453
18.593698 -0.009726
18.598699 -0.009908
18.603700 -0.008754
18.608701 -0.007523
18.613702 -0.006094
18.618703 -0.003743
18.623704 -0.001408
18.628705 0.000507
18.633706 0.001729
18.638707 0.002615
18.643708 0.003290
18.648709 0.003340
18.653710 0.002637
18.658711 0.001596
18.663712 0.000652
18.668713 -0.001065
18.673714 -0.003345
18.678715 -0.005043
18.683716 -0.006007
18.688717 -0.006984
18.693718 -0.007759
18.698719 -0.007136
18.703720 -0.005724
18.708721 -0.003951
18.713722 -0.002116
18.718723 0.000173
18.723724 0.003408
18.728725 0.005949
18.733726 0.007798
18.738727 0.009627
18.743728 0.010762
18.748729 0.010848
18.753730 0.010050
18.758731 0.008645
18.763732 0.006501
18.768733 0.003592
18.773734 0.000352
18.778735 -0.002748
18.783736 -0.005241
18.788737 -0.007475
18.793738 -0.009720
18.798739 -0.011303
18.803740 -0.012245
18.808741 -0.013096
18.813742 -0.013777
18.818743 -0.013827
18.823744 -0.013177
18.828745 -0.012812
18.833746 -0.012549
18.838747 -0.011152
18.843748 -0.009175
18.848749 -0.007499
18.853750 -0.005970
18.858751 -0.004357
18.863752 -0.002292
18.868753 -0.000869
18.873754 -0.000027
18.878755 0.001485
18.883756 0.002677
18.888757 0.003479
18.893758 0.004180
18.898759 0.005043
18.903760 0.006023
18.908761 0.006410
18.913762 0.006348
18.918763 0.006367
18.923764 0.006459
18.928765 0.005514
18.933766 0.003793
18.938767 0.002593
18.943768 0.001403
18.948769 -0.000010
18.953770 -0.001443
18.958771 -0.002199
18.963772 -0.001740
18.968773 -0.001598
18.973774 -0.000820
18.978775 0.001360
18.983776 0.003779
18.988777 0.006518
18.993778 0.009032
18.998779 0.011966
19.003780 0.015456
19.008781 0.018409
19.013782 0.020767
19.018783 0.022998
19.023784 0.024975
19.028785 0.025663
19.033786 0.025166
19.038787 0.024238
19.043788 0.022492
19.048789 0.019389
19.053790 0.015576
19.058791 0.011769
19.063792 0.007846
19.068793 0.003644
19.073794 -0.000661
19.078795 -0.004502
19.083796 -0.007805
19.088796 -0.011178
19.093797 -0.014457
19.098798 -0.016752
19.103799 -0.018580
19.108800 -0.020519
19.113801 -0.022154
19.118802 -0.023005
19.123803 -0.022929
19.128804 -0.022724
19.133805 -0.021898
19.138806 -0.019854
19.143807 -0.016794
19.148808 -0.012966
19.153809 -0.008986
19.158810 -0.004048
19.163811 0.001479
19.168812 0.006633
19.173813 0.011397
19.178814 0.015450
19.183815 0.019032
19.188816 0.021205
19.193817 0.021499
19.198818 0.021060
19.203819 0.019944
19.208820 0.017031
19.213821 0.013445
19.218822 0.010190
19.223823 0.006542
19.228824 0.002832
19.233825 -0.000622
19.238826 -0.003177
19.243827 -0.004738
19.248828 -0.005802
19.253829 -0.006641
19.258830 -0.006437
19.263831 -0.005135
19.268832 -0.004079
19.273833 -0.002973
19.278834 -0.001400
19.283835 0.000377
19.288836 0.001411
19.293837 0.001827
19.298838 0.002278
19.303839 0.002435
19.308840 0.002151
19.313841 0.001310
19.318842 0.000331
19.323843 -0.000547
19.328844 -0.001784
19.333845 -0.003569
19.338846 -0.005063
19.343847 -0.006150
19.348848 -0.008100
19.353849 -0.010770
19.358850 -0.013200
19.363851 -0.015071
19.368852 -0.017203
19.373853 -0.019590
19.378854 -0.021120
19.383855 -0.022029
19.388856 -0.022457
19.393857 -0.022285
19.398858 -0.021109
19.403859 -0.019166
19.408860 -0.017176
19.413861 -0.015161
19.418862 -0.013073
19.423863 -0.010295
19.428864 -0.008714
19.433865 -0.008388
19.438866 -0.007455
19.443867 -0.006712
19.448868 -0.006601
19.453869 -0.007424
19.458870 -0.007451
19.463871 -0.006451
19.468872 -0.005819
19.473873 -0.004800
19.478874 -0.003577
19.483875 -0.001644
19.488876 0.000272
19.493877 0.001949
19.498878 0.004396
19.503879 0.006458
19.508880 0.008244
19.513881 0.009632
19.518882 0.010832
19.523883 0.012192
19.528884 0.012977
19.533885 0.013127
19.538886 0.013425
19.543887 0.014171
19.548888 0.013966
19.553889 0.013272
19.558890 0.012889
19.563891 0.012343
19.568892 0.011305
19.573893 0.009673
19.578894 0.008428
19.583895 0.007555
19.588896 0.006197
19.593897 0.004600
19.598898 0.003736
19.603899 0.003631
19.608900 0.003476
19.613901 0.002906
19.618902 0.003448
19.623903 0.005367
19.628904 0.006678
19.633905 0.008107
19.638906 0.010175
19.643907 0.012192
19.648908 0.013662
19.653909 0.014334
19.658910 0.014664
19.663911 0.014435
19.668912 0.013054
19.673913 0.010797
19.678914 0.008558
19.683915 0.005913
19.688916 0.002637
19.693917 -0.000850
19.698918 -0.004275
19.703919 -0.007401
19.708920 -0.010854
19.713921 -0.014062
19.718922 -0.016390
19.723923 -0.017879
19.728924 -0.018741
19.733925 -0.019568
19.738926 -0.018966
19.743927 -0.016770
19.748928 -0.014802
19.753929 -0.012000
19.758930 -0.008145
19.763931 -0.004026
19.768932 0.000241
19.773933 0.004087
19.778934 0.007800
19.783935 0.011440
19.788936 0.014311
19.793937 0.015711
19.798938 0.016933
19.803939 0.018170
19.808940 0.017954
19.813941 0.017064
19.818942 0.016067
19.823943 0.015282
19.828944 0.013635
19.833945 0.010972
19.838946 0.008743
19.843947 0.006443
19.848948 0.003576
19.853949 0.000582
19.858950 -0.001869
19.863951 -0.003773
19.868952 -0.005594
19.873953 -0.007427
19.878954 -0.008538
19.883955 -0.009250
19.888956 -0.010143
19.893957 -0.010968
19.898958 -0.011686
19.903959 -0.011827
19.908960 -0.012749
19.913961 -0.013803
19.918962 -0.013989
19.923963 -0.013940
19.928964 -0.013761
19.933965 -0.013862
19.938966 -0.013126
19.943967 -0.011886
19.948968 -0.010699
19.953969 -0.009305
19.958970 -0.007730
19.963971 -0.005323
19.968972 -0.003591
19.973973 -0.002499
19.978974 -0.000962
19.983975 0.000567
19.988976 0.001722
19.993977 0.002265
19.998978 0.003529
20.003979 0.005358
20.008980 0.006655
20.013981 0.008169
20.018981 0.010157
20.023982 0.012514
20.028983 0.014260
20.033984 0.015385
20.038985 0.016750
20.043986 0.018322
20.048987 0.019606
20.053988 0.020345
20.058989 0.021460
20.063990 0.022798
20.068991 0.023213
20.073992 0.022850
20.078993 0.022029
20.083994 0.020493
20.088995 0.017698
20.093996 0.013819
20.098997 0.009640
20.103998 0.005228
20.108999 0.000319
20.114000 -0.005274
20.119001 -0.010450
20.124002 -0.015152
20.129003 -0.020097
20.134004 -0.024414
20.139005 -0.027652
20.144006 -0.029174
20.149007 -0.029933
20.154008 -0.030443
20.159009 -0.029573
20.164010 -0.027722
20.169011 -0.025587
20.174012 -0.023447
20.179013 -0.020164
20.184014 -0.016262
20.189015 -0.012249
20.194016 -0.008520
20.199017 -0.004941
20.204018 -0.000644
20.209019 0.002628
20.214020 0.005243
20.219021 0.007671
20.224022 0.009704
20.229023 0.010702
20.234024 0.010477
20.239025 0.010383
20.244026 0.010075
20.249027 0.009342
20.254028 0.007777
20.259029 0.006176
20.264030 0.004976
20.269031 0.002984
20.274032 0.000707
20.279033 -0.001072
20.284034 -0.002636
20.289035 -0.004205
20.294036 -0.005636
20.299037 -0.006608
20.304038 -0.006810
20.309039 -0.007077
20.314040 -0.007400
20.319041 -0.007048
20.324042 -0.005885
20.329043 -0.004802
20.334044 -0.004254
20.339045 -0.002653
20.344046 -0.000609
20.349047 0.000676
20.354048 0.001610
20.359049 0.002597
20.364050 0.003922
20.369051 0.004371
20.374052 0.004019
20.379053 0.004061
20.384054 0.003849
20.389055 0.002724
20.394056 0.000936
20.399057 -0.000660
20.404058 -0.001902
20.409059 -0.003905
20.414060 -0.006117
20.419061 -0.007190
20.424062 -0.007786
20.429063 -0.008319
20.434064 -0.008383
20.439065 -0.007701
20.444066 -0.006107
20.449067 -0.004737
20.454068 -0.003616
20.459069 -0.001907
20.464070 -0.000028
20.469071 0.001466
20.474072 0.002337
20.479073 0.003243
20.484074 0.004493
20.489075 0.005429
20.494076 0.005912
20.499077 0.006878
20.504078 0.008473
20.509079 0.009193
20.514080 0.009930
20.519081 0.011026
20.524082 0.011230
20.529083 0.011073
20.534084 0.010035
20.539085 0.008521
20.544086 0.007052
20.549087 0.005135
20.554088 0.003342
20.559089 0.001534
20.564090 0.000419
20.569091 -0.000311
20.574092 -0.001082
20.579093 -0.000271
20.584094 0.001183
20.589095 0.002568
20.594096 0.004026
20.599097 0.005668
20.604098 0.007942
20.609099 0.009460
20.614100 0.010551
20.619101 0.011922
20.624102 0.013696
20.629103 0.014641
20.634104 0.014822
20.639105 0.015984
20.644106 0.016480
20.649107 0.016357
20.654108 0.016120
20.659109 0.015169
20.664110 0.013834
20.669111 0.011673
20.674112 0.008942
20.679113 0.005875
20.684114 0.002880
20.689115 -0.000718
20.694116 -0.004838
20.699117 -0.007774
20.704118 -0.009988
20.709119 -0.012198
20.714120 -0.013701
20.719121 -0.013960
20.724122 -0.013224
20.729123 -0.012119
20.734124 -0.011370
20.739125 -0.010172
20.744126 -0.008255
20.749127 -0.007367
20.754128 -0.006911
20.759129 -0.006088
20.764130 -0.005055
20.769131 -0.004375
20.774132 -0.004197
20.779133 -0.003549
20.784134 -0.002661
20.789135 -0.002184
20.794136 -0.002261
20.799137 -0.001807
20.804138 -0.000510
20.809139 0.000131
20.814140 0.000047
20.819141 0.000485
20.824142 0.001364
20.829143 0.001577
20.834144 0.001212
20.839145 0.001512
20.844146 0.002013
20.849147 0.001580
20.854148 0.000718
20.859149 -0.000054
20.864150 -0.000653
20.869151 -0.001952
20.874152 -0.003852
20.879153 -0.005317
20.884154 -0.006569
20.889155 -0.008217
20.894156 -0.010256
20.899157 -0.011672
20.904158 -0.012591
20.909159 -0.013920
20.914160 -0.015049
20.919161 -0.015325
20.924162 -0.015065
20.929163 -0.014660
20.934164 -0.013960
20.939165 -0.012510
20.944166 -0.011008
20.949167 -0.009743
20.954167 -0.008316
20.959168 -0.006607
20.964169 -0.004464
20.969170 -0.002726
20.974171 -0.001448
20.979172 -0.000063
20.984173 0.001092
20.989174 0.001646
20.994175 0.001851
20.999176 0.001897
21.004177 0.001879
21.009178 0.001604
21.014179 0.000336
21.019180 -0.000523
21.024181 -0.000932
21.029182 -0.002126
21.034183 -0.003498
21.039184 -0.004495
21.044185 -0.004926
21.049186 -0.005762
21.054187 -0.006516
21.059188 -0.006362
21.064189 -0.005699
21.069190 -0.004678
21.074191 -0.003631
21.079192 -0.002096
21.084193 0.000180
21.089194 0.002574
21.094195 0.004301
21.099196 0.006534
21.104197 0.009139
21.109198 0.010532
21.114199 0.011820
21.119200 0.012995
21.124201 0.013791
21.129202 0.014058
21.134203 0.013536
21.139204 0.013451
21.144205 0.013378
21.149206 0.012909
21.154207 0.012353
21.159208 0.011905
21.164209 0.012086
21.169210 0.012406
21.174211 0.012338
21.179212 0.012619
21.184213 0.013499
21.189214 0.013643
21.194215 0.012950
21.199216 0.012935
21.204217 0.013070
21.209218 0.012442
21.214219 0.011684
21.219220 0.011175
21.224221 0.010941
21.229222 0.010490
21.234223 0.009689
21.239224 0.009318
21.244225 0.009124
21.249226 0.008511
21.254227 0.007309
21.259228 0.006427
21.264229 0.006141
21.269230 0.005280
21.274231 0.003964
21.279232 0.002766
21.284233 0.001638
21.289234 0.000283
21.294235 -0.001297
21.299236 -0.002790
21.304237 -0.003678
21.309238 -0.004504
21.314239 -0.005540
21.319240 -0.005545
21.324241 -0.005107
21.329242 -0.004711
21.334243 -0.004364
21.339244 -0.003828
21.344245 -0.002675
21.349246 -0.002301
21.354247 -0.002214
21.359248 -0.002115
21.364249 -0.002357
21.369250 -0.002874
21.374251 -0.004251
21.379252 -0.005361
21.384253 -0.006552
21.389254 -0.008640
21.394255 -0.010783
21.399256 -0.012701
21.404257 -0.013924
21.409258 -0.015236
21.414259 -0.016450
21.419260 -0.016392
21.424261 -0.015650
21.429262 -0.014742
21.434263 -0.013673
21.439264 -0.012260
21.444265 -0.010469
21.449266 -0.008857
21.454267 -0.007712
21.459268 -0.006706
21.464269 -0.005707
21.469270 -0.004951
21.474271 -0.004565
21.479272 -0.004073
21.484273 -0.003324
21.489274 -0.003071
21.494275 -0.002736
21.499276 -0.002073
21.504277 -0.001589
21.509278 -0.001439
21.514279 -0.001537
21.519280 -0.001227
21.524281 -0.000524
21.529282 -0.000026
21.534283 -0.000367
21.539284 -0.000063
21.544285 0.000777
21.549286 0.000228
21.554287 -0.000389
21.559288 -0.000323
21.564289 -0.000438
21.569290 -0.001284
21.574291 -0.002316
21.579292 -0.002716
21.584293 -0.002956
21.589294 -0.003281
21.594295 -0.003304
21.599296 -0.002617
21.604297 -0.001461
21.609298 -0.000360
21.614299 0.000628
21.619300 0.001604
21.624301 0.002622
21.629302 0.003138
21.634303 0.003353
21.639304 0.003778
21.644305 0.004052
21.649306 0.003511
21.654307 0.002226
21.659308 0.001650
21.664309 0.001196
21.669310 0.000075
21.674311 -0.001346
21.679312 -0.002609
21.684313 -0.003292
21.689314 -0.004468
21.694315 -0.006046
21.699316 -0.007246
21.704317 -0.007856
21.709318 -0.008770
21.714319 -0.009768
21.719320 -0.009638
21.724321 -0.009166
21.729322 -0.008403
21.734323 -0.007898
21.739324 -0.006590
21.744325 -0.004091
21.749326 -0.002537
21.754327 -0.000976
21.759328 0.001515
21.764329 0.004526
21.769330 0.006967
21.774331 0.009517
21.779332 0.012734
21.784333 0.015698
21.789334 0.018804
21.794335 0.021126
21.799336 0.023469
21.804337 0.026009
21.809338 0.027405
21.814339 0.028060
21.819340 0.028452
21.824341 0.029119
21.829342 0.028821
21.834343 0.027775
21.839344 0.026980
21.844345 0.026002
21.849346 0.024770
21.854347 0.022711
21.859348 0.020613
21.864349 0.018327
21.869350 0.015027
21.874351 0.011295
21.879352 0.007141
21.884352 0.003259
21.889353 -0.000593
21.894354 -0.004916
21.899355 -0.008387
21.904356 -0.010852
21.909357 -0.013173
21.914358 -0.014842
21.919359 -0.015595
21.924360 -0.015826
21.929361 -0.015596
21.934362 -0.015533
21.939363 -0.015095
21.944364 -0.013596
21.949365 -0.012455
21.954366 -0.011481
21.959367 -0.009892
21.964368 -0.008190
21.969369 -0.006782
21.974370 -0.006150
21.979371 -0.005440
21.984372 -0.004923
21.989373 -0.005383
21.994374 -0.006593
21.999375 -0.008036
22.004376 -0.009026
22.009377 -0.011014
22.014378 -0.013337
22.019379 -0.014805
22.024380 -0.016060
22.029381 -0.017358
22.034382 -0.018715
22.039383 -0.019225
22.044384 -0.019064
22.049385 -0.019241
22.054386 -0.019336
22.059387 -0.018688
22.064388 -0.018021
22.069389 -0.016969
22.074390 -0.015832
22.079391 -0.014310
22.084392 -0.011727
22.089393 -0.009588
22.094394 -0.007430
22.099395 -0.004935
22.104396 -0.002035
22.109397 0.000773
22.114398 0.002995
22.119399 0.005567
22.124400 0.008165
22.129401 0.010235
22.134402 0.011804
22.139403 0.013604
22.144404 0.015474
22.149405 0.016255
22.154406 0.016227
22.159407 0.016202
22.164408 0.016032
22.169409 0.015275
22.174410 0.013896
22.179411 0.012564
22.184412 0.011724
22.189413 0.010452
22.194414 0.009068
22.199415 0.008060
22.204416 0.006983
22.209417 0.005880
22.214418 0.004395
22.219419 0.003362
22.224420 0.002666
22.229421 0.001283
22.234422 -0.000072
22.239423 -0.001037
22.244424 -0.001496
22.249425 -0.002182
22.254426 -0.003284
22.259427 -0.003585
22.264428 -0.003098
22.269429 -0.002999
22.274430 -0.003165
22.279431 -0.002551
22.284432 -0.001514
22.289433 -0.000494
22.294434 -0.000006
22.299435 0.000255
22.304436 0.001180
22.309437 0.001568
22.314438 0.001193
22.319439 0.000939
22.324440 0.000528
22.329441 -0.000336
22.334442 -0.001450
22.339443 -0.002399
22.344444 -0.002851
22.349445 -0.003315
22.354446 -0.004174
22.359447 -0.004664
22.364448 -0.004478
22.369449 -0.004411
22.374450 -0.004555
22.379451 -0.004331
22.384452 -0.004009
22.389453 -0.003651
22.394454 -0.003053
22.399455 -0.002167
22.404456 -0.000957
22.409457 0.000597
22.414458 0.002203
22.419459 0.004032
22.424460 0.006628
22.429461 0.008913
22.434462 0.010930
22.439463 0.013465
22.444464 0.015917
22.449465 0.017500
22.454466 0.018438
22.459467 0.018974
22.464468 0.018743
22.469469 0.017319
22.474470 0.014603
22.479471 0.011586
22.484472 0.008450
22.489473 0.004444
22.494474 -0.000053
22.499475 -0.003890
22.504476 -0.006826
22.509477 -0.010112
22.514478 -0.013511
22.519479 -0.015434
22.524480 -0.016402
22.529481 -0.017249
22.534482 -0.018184
22.539483 -0.018480
22.544484 -0.017601
22.549485 -0.016820
22.554486 -0.016239
22.559487 -0.015143
22.564488 -0.013257
22.569489 -0.011691
22.574490 -0.010278
22.579491 -0.008105
22.584492 -0.005641
22.589493 -0.003301
22.594494 -0.001775
22.599495 0.000086
22.604496 0.002316
22.609497 0.003860
22.614498 0.004718
22.619499 0.005451
22.624500 0.006551
22.629501 0.006794
22.634502 0.006728
22.639503 0.007073
22.644504 0.007306
22.649505 0.007337
22.654506 0.007124
22.659507 0.007022
22.664508 0.007653
22.669509 0.008321
22.674510 0.008358
22.679511 0.009260
22.684512 0.010381
22.689513 0.010908
22.694514 0.011176
22.699515 0.011453
22.704516 0.011947
22.709517 0.011530
22.714518 0.010560
22.719519 0.009856
22.724520 0.009318
22.729521 0.008249
22.734522 0.006527
22.739523 0.004955
22.744524 0.003791
22.749525 0.002433
22.754526 -0.000016
22.759527 -0.001718
22.764528 -0.003076
22.769529 -0.005050
22.774530 -0.006877
22.779531 -0.008613
22.784532 -0.010219
22.789533 -0.011976
22.794534 -0.013816
22.799535 -0.015472
22.804536 -0.016017
22.809537 -0.016432
22.814537 -0.016883
22.819538 -0.016229
22.824539 -0.015305
22.829540 -0.013863
22.834541 -0.012436
22.839542 -0.010811
22.844543 -0.008060
22.849544 -0.005855
22.854545 -0.004294
22.859546 -0.002592
22.864547 -0.000964
22.869548 0.000360
22.874549 0.000813
22.879550 0.001384
22.884551 0.002115
22.889552 0.002367
22.894553 0.002062
22.899554 0.001547
22.904555 0.001224
22.909556 0.000258
22.914557 -0.000481
22.919558 -0.001338
22.924559 -0.002571
22.929560 -0.003297
22.934561 -0.004228
22.939562 -0.004661
22.944563 -0.004294
22.949564 -0.004231
22.954565 -0.004233
22.959566 -0.003597
22.964567 -0.002539
22.969568 -0.001589
22.974569 -0.001303
22.979570 -0.000572
22.984571 0.000692
22.989572 0.001322
22.994573 0.001644
22.999574 0.002443
23.004575 0.003777
23.009576 0.004438
23.014577 0.004744
23.019578 0.005281
23.024579 0.006128
23.029580 0.006351
23.034581 0.005889
23.039582 0.005727
23.044583 0.005459
23.049584 0.005282
23.054585 0.004863
23.059586 0.004709
23.064587 0.004927
23.069588 0.005096
23.074589 0.005071
23.079590 0.004852
23.084591 0.005788
23.089592 0.006303
23.094593 0.006193
23.099594 0.007222
23.104595 0.008448
23.109596 0.009327
23.114597 0.009773
23.119598 0.010268
23.124599 0.011125
23.129600 0.011507
23.134601 0.011417
23.139602 0.011800
23.144603 0.012186
23.149604 0.011667
23.154605 0.010912
23.159606 0.010435
23.164607 0.010320
23.169608 0.009547
23.174609 0.007988
23.179610 0.006722
23.184611 0.005564
23.189612 0.003911
23.194613 0.001824
23.199614 -0.000084
23.204615 -0.002244
23.209616 -0.004699
23.214617 -0.007389
23.219618 -0.009797
23.224619 -0.011270
23.229620 -0.012557
23.234621 -0.013784
23.239622 -0.014407
23.244623 -0.013787
23.249624 -0.013049
23.254625 -0.012648
23.259626 -0.011410
23.264627 -0.009883
23.269628 -0.008509
23.274629 -0.007526
23.279630 -0.006723
23.284631 -0.005562
23.289632 -0.005222
23.294633 -0.005599
23.299634 -0.005827
23.304635 -0.005770
23.309636 -0.006161
23.314637 -0.007524
23.319638 -0.008172
23.324639 -0.008308
23.329640 -0.008759
23.334641 -0.009528
23.339642 -0.010256
23.344643 -0.009899
23.349644 -0.009513
23.354645 -0.009732
23.359646 -0.009734
23.364647 -0.008913
23.369648 -0.007883
23.374649 -0.007328
23.379650 -0.006265
23.384651 -0.004853
23.389652 -0.003328
23.394653 -0.001992
23.399654 -0.000703
23.404655 0.001260
23.409656 0.002778
23.414657 0.003916
23.419658 0.004879
23.424659 0.005936
23.429660 0.006645
23.434661 0.006155
23.439662 0.005960
23.444663 0.005930
23.449664 0.005219
23.454665 0.004296
23.459666 0.003802
23.464667 0.003641
23.469668 0.003163
23.474669 0.002266
23.479670 0.001636
23.484671 0.001596
23.489672 0.001333
23.494673 0.000635
23.499674 0.000422
23.504675 0.000894
23.509676 0.001253
23.514677 0.001318
23.519678 0.001893
23.524679 0.002878
23.529680 0.003275
23.534681 0.003475
23.539682 0.004186
23.544683 0.005081
23.549684 0.005713
23.554685 0.005692
23.559686 0.006156
23.564687 0.006974
23.569688 0.007252
23.574689 0.007455
23.579690 0.007586
23.584691 0.008251
23.589692 0.008727
23.594693 0.008788
23.599694 0.009300
23.604695 0.009646
23.609696 0.010047
23.614697 0.009998
23.619698 0.009898
23.624699 0.010569
23.629700 0.010593
23.634701 0.010083
23.639702 0.010025
23.644703 0.009753
23.649704 0.009105
23.654705 0.008315
23.659706 0.007378
23.664707 0.006860
23.669708 0.005949
23.674709 0.004455
23.679710 0.003583
23.684711 0.003064
23.689712 0.002717
23.694713 0.001900
23.699714 0.000889
23.704715 0.001039
23.709716 0.000526
23.714717 -0.000631
23.719718 -0.000943
23.724719 -0.001309
23.729720 -0.001946
23.734721 -0.002991
23.739722 -0.003822
23.744722 -0.004058
23.749723 -0.004913
23.754724 -0.006333
23.759725 -0.007129
23.764726 -0.007539
23.769727 -0.008220
23.774728 -0.009115
23.779729 -0.009951
23.784730 -0.009902
23.789731 -0.010227
23.794732 -0.010835
23.799733 -0.010846
23.804734 -0.010741
23.809735 -0.010321
23.814736 -0.010576
23.819737 -0.010339
23.824738 -0.009652
23.829739 -0.009885
23.834740 -0.010110
23.839741 -0.010216
23.844742 -0.010128
23.849743 -0.010117
23.854744 -0.010431
23.859745 -0.010693
23.864746 -0.010232
23.869747 -0.009624
23.874748 -0.009482
23.879749 -0.008735
23.884750 -0.007862
23.889751 -0.007167
23.894752 -0.006780
23.899753 -0.006316
23.904754 -0.005307
23.909755 -0.004605
23.914756 -0.004385
23.919757 -0.004129
23.924758 -0.003531
23.929759 -0.003271
23.934760 -0.003400
23.939761 -0.003340
23.944762 -0.002647
23.949763 -0.002227
23.954764 -0.002401
23.959765 -0.001840
23.964766 -0.000986
23.969767 0.000137
23.974768 0.000930
23.979769 0.001993
23.984770 0.004020
23.989771 0.005294
23.994772 0.006423
23.999773 0.007518
24.004774 0.008747
24.009775 0.009581
24.014776 0.009470
24.019777 0.009727
24.024778 0.009771
24.029779 0.009407
24.034780 0.008222
24.039781 0.007337
24.044782 0.007174
24.049783 0.006309
24.054784 0.005264
24.059785 0.004545
24.064786 0.004580
24.069787 0.004494
24.074788 0.003810
24.079789 0.003509
24.084790 0.003722
24.089791 0.003791
24.094792 0.003447
24.099793 0.003640
24.104794 0.004293
24.109795 0.004941
24.114796 0.005317
24.119797 0.005806
24.124798 0.006852
24.129799 0.007509
24.134800 0.007682
24.139801 0.007992
24.144802 0.008553
24.149803 0.008546
24.154804 0.007680
24.159805 0.007223
24.164806 0.006814
24.169807 0.005606
24.174808 0.004215
24.179809 0.002853
24.184810 0.001697
24.189811 0.000646
24.194812 -0.000716
24.199813 -0.001801
24.204814 -0.002121
24.209815 -0.002815
24.214816 -0.003824
24.219817 -0.003800
24.224818 -0.003257
24.229819 -0.002934
24.234820 -0.003027
24.239821 -0.002670
24.244822 -0.001818
24.249823 -0.001170
24.254824 -0.000712
24.259825 -0.000375
24.264826 0.000983
24.269827 0.001883
24.274828 0.001807
24.279829 0.002293
24.284830 0.003299
24.289831 0.003792
24.294832 0.003480
24.299833 0.003401
24.304834 0.003446
24.309835 0.002988
24.314836 0.001528
24.319837 0.000076
24.324838 -0.001166
24.329839 -0.002980
24.334840 -0.004804
24.339841 -0.006524
24.344842 -0.007697
24.349843 -0.008739
24.354844 -0.009922
24.359845 -0.010688
24.364846 -0.010525
24.369847 -0.009944
24.374848 -0.009945
24.379849 -0.009540
24.384850 -0.008444
24.389851 -0.007478
24.394852 -0.006790
24.399853 -0.006053
24.404854 -0.005058
24.409855 -0.004241
24.414856 -0.003793
24.419857 -0.003171
24.424858 -0.002399
24.429859 -0.001833
24.434860 -0.001495
24.439861 -0.001457
24.444862 -0.001078
24.449863 -0.000829
24.454864 -0.001268
24.459865 -0.001434
24.464866 -0.001057
24.469867 -0.000863
24.474868 -0.001146
24.479869 -0.001177
24.484870 -0.000638
24.489871 -0.000321
24.494872 -0.000628
24.499873 -0.000389
24.504874 0.000285
24.509875 0.000250
24.514876 0.000081
24.519877 -0.000033
24.524878 0.000153
24.529879 0.000692
24.534880 0.000409
24.539881 0.000500
24.544882 0.001398
24.549883 0.001772
24.554884 0.001839
24.559885 0.001776
24.564886 0.002200
24.569887 0.002362
24.574888 0.001935
24.579889 0.001807
24.584890 0.001835
24.589891 0.002295
24.594892 0.002213
24.599893 0.002384
24.604894 0.003502
24.609895 0.004149
24.614896 0.004616
24.619897 0.005077
24.624898 0.005961
24.629899 0.006918
24.634900 0.006887
24.639901 0.007248
24.644902 0.008208
24.649903 0.008530
24.654904 0.008491
24.659905 0.008683
24.664906 0.009252
24.669907 0.009405
24.674907 0.008821
24.679908 0.008267
24.684909 0.008043
24.689910 0.007674
24.694911 0.006831
24.699912 0.006595
24.704913 0.006602
24.709914 0.006290
24.714915 0.006002
24.719916 0.005650
24.724917 0.006192
24.729918 0.006514
24.734919 0.005797
24.739920 0.005321
24.744921 0.004852
24.749922 0.003860
24.754923 0.002239
24.759924 0.000358
24.764925 -0.001159
24.769926 -0.002825
24.774927 -0.004743
24.779928 -0.006283
24.784929 -0.007505
24.789930 -0.008557
24.794931 -0.009553
24.799932 -0.010237
24.804933 -0.010504
24.809934 -0.010573
24.814935 -0.010981
24.819936 -0.011292
24.824937 -0.010797
24.829938 -0.010313
24.834939 -0.010267
24.839940 -0.010273
24.844941 -0.009615
24.849942 -0.009360
24.854943 -0.009383
24.859944 -0.009032
24.864945 -0.008401
24.869946 -0.007739
24.874947 -0.007631
24.879948 -0.006887
24.884949 -0.005619
24.889950 -0.004882
24.894951 -0.004411
24.899952 -0.003448
24.904953 -0.002459
24.909954 -0.001770
24.914955 -0.001259
24.919956 -0.000844
24.924957 -0.000153
24.929958 -0.000079
24.934959 -0.000477
24.939960 -0.000883
24.944961 -0.001010
24.949962 -0.001142
24.954963 -0.001884
24.959964 -0.002197
24.964965 -0.002001
24.969966 -0.002158
24.974967 -0.002437
24.979968 -0.002911
24.984969 -0.003108
24.989970 -0.002974
24.994971 -0.003572
24.999972 -0.003873
25.004973 -0.003589
25.009974 -0.003416
25.014975 -0.003298
25.019976 -0.002616
25.024977 -0.001327
25.029978 -0.000194
25.034979 0.000690
25.039980 0.001893
25.044981 0.003664
25.049982 0.005020
25.054983 0.005665
25.059984 0.006420
25.064985 0.007354
25.069986 0.007741
25.074987 0.007335
25.079988 0.007041
25.084989 0.006977
25.089990 0.006344
25.094991 0.005536
25.099992 0.004941
25.104993 0.004200
25.109994 0.003923
25.114995 0.003503
25.119996 0.002733
25.124997 0.002904
25.129998 0.002875
25.134999 0.002222
25.140000 0.001888
