0.000000 0.000000
0.005001 0.000364
0.010002 0.000206
0.015003 0.000324
0.020004 0.000561
0.025005 0.000640
0.030006 0.000443
0.035007 0.000718
0.040008 0.000561
0.045009 0.000127
0.050010 0.000442
0.055011 0.000718
0.060012 0.000245
0.065013 0.000166
0.070014 0.000837
0.075015 0.000048
0.080016 0.000127
0.085017 0.000363
0.090018 -0.000740
0.095019 0.000009
0.100020 0.000521
0.105021 0.000166
0.110022 -0.000188
0.115023 -0.000307
0.120024 0.000482
0.125025 -0.000307
0.130026 -0.000977
0.135027 -0.000819
0.140028 -0.000898
0.145029 -0.000189
0.150031 -0.000307
0.155032 -0.000189
0.160033 0.000284
0.165034 0.000403
0.170035 0.000481
0.175036 -0.000070
0.180037 -0.000110
0.185038 0.000284
0.190039 0.000363
0.195040 -0.000071
0.200041 0.000048
0.205042 0.000166
0.210043 0.000126
0.215044 0.000166
0.220045 -0.000307
0.225046 -0.000071
0.230047 0.000363
0.235048 -0.000228
0.240049 -0.000701
0.245050 0.000047
0.250051 0.000047
0.255052 -0.000307
0.260053 0.000087
0.265054 0.000047
0.270055 0.000442
0.275056 0.000402
0.280057 0.000166
0.285058 0.000441
0.290059 0.000126
0.295060 -0.000820
0.300061 -0.000820
0.305062 0.000165
0.310063 -0.000071
0.315064 -0.000347
0.320065 -0.000071
0.325066 -0.000032
0.330067 0.000008
0.335068 -0.000111
0.340069 -0.000268
0.345070 0.000284
0.350071 0.000796
0.355072 -0.000032
0.360073 -0.000387
0.365074 -0.000347
0.370075 -0.000150
0.375076 0.000047
0.380077 -0.000465
0.385078 -0.000308
0.390079 -0.000111
0.395080 -0.000150
0.400081 -0.000071
0.405082 0.000283
0.410083 0.000402
0.415084 -0.000032
0.420085 -0.000032
0.425086 0.000283
0.430087 0.000480
0.435088 -0.000072
0.440089 -0.000190
0.445090 0.000244
0.450092 -0.000111
0.455093 -0.000308
0.460094 0.000283
0.465095 0.000480
0.470096 0.000007
0.475097 0.000322
0.480098 0.000677
0.485099 0.000717
0.490100 0.000519
0.495101 -0.000072
0.500102 -0.000505
0.505103 -0.000308
0.510104 -0.000032
0.515105 -0.000032
0.520106 0.000519
0.525107 0.000046
0.530108 -0.000190
0.535109 0.000165
0.540110 -0.000072
0.545111 -0.000387
0.550112 -0.000506
0.555113 -0.000387
0.560114 -0.000900
0.565115 -0.000900
0.570116 -0.000860
0.575117 -0.000703
0.580118 -0.000230
0.585119 -0.000427
0.590120 0.000125
0.595121 0.000677
0.600122 0.000204
0.605123 -0.000269
0.610124 0.000282
0.615125 0.000164
0.620126 0.000204
0.625127 0.000992
0.630128 0.000164
0.635129 0.000282
0.640130 0.000637
0.645131 0.000243
0.650132 -0.000348
0.655133 -0.000309
0.660134 0.000479
0.665135 -0.000151
0.670136 0.000400
0.675137 0.000597
0.680138 -0.000191
0.685139 0.000203
0.690140 0.000440
0.695141 0.000440
0.700142 -0.000152
0.705143 -0.000349
0.710144 -0.000585
0.715145 -0.000427
0.720146 0.000282
0.725147 0.000045
0.730148 -0.000388
0.735149 -0.000270
0.740150 0.000006
0.745151 -0.000073
0.750153 -0.000231
0.755154 -0.000191
0.760155 -0.000231
0.765156 -0.000822
0.770157 -0.000625
0.775158 -0.000428
0.780159 -0.000152
0.785160 0.000321
0.790161 -0.000467
0.795162 -0.000152
0.800163 0.000045
0.805164 -0.000191
0.810165 -0.000349
0.815166 -0.000152
0.820167 0.000518
0.825168 0.000557
0.830169 0.000518
0.835170 0.000597
0.840171 0.000794
0.845172 0.000006
0.850173 -0.000113
0.855174 0.000084
0.860175 0.000084
0.865176 0.000597
0.870177 -0.000152
0.875178 -0.000546
0.880179 -0.000349
0.885180 -0.000428
0.890181 -0.000704
0.895182 -0.000665
0.900183 -0.000310
0.905184 -0.000113
0.910185 -0.000231
0.915186 -0.000901
0.920187 -0.000074
0.925188 0.000045
0.930189 -0.000468
0.935190 0.000439
0.940191 -0.000192
0.945192 -0.000034
0.950193 0.001148
0.955194 0.000202
0.960195 -0.000271
0.965196 0.000123
0.970197 0.000202
0.975198 0.000044
0.980199 -0.000153
0.985200 0.000281
0.990201 0.000281
0.995202 -0.000547
1.000203 -0.000350
1.005204 0.000478
1.010205 0.000360
1.015206 -0.000153
1.020207 -0.000586
1.025208 -0.000389
1.030209 0.000123
1.035210 -0.000153
1.040211 -0.000153
1.045212 0.000438
1.050214 0.000359
1.055215 0.000517
1.060216 0.000202
1.065217 0.000123
1.070218 0.000793
1.075219 -0.000350
1.080220 -0.000626
1.085221 -0.000114
1.090222 -0.000587
1.095223 -0.000193
1.100224 -0.000429
1.105225 -0.000508
1.110226 -0.000114
1.115227 -0.000114
1.120228 -0.000232
1.125229 -0.000193
1.130230 -0.000074
1.135231 -0.000390
1.140232 -0.000350
1.145233 0.000280
1.150234 -0.000075
1.155235 -0.000705
1.160236 0.000044
1.165237 -0.000272
1.170238 0.000280
1.175239 0.000753
1.180240 -0.000193
1.185241 0.000398
1.190242 -0.000272
1.195243 -0.000075
1.200244 0.000201
1.205245 -0.000430
1.210246 0.000162
1.215247 -0.000035
1.220248 -0.000351
1.225249 -0.000469
1.230250 0.000122
1.235251 0.000280
1.240252 -0.000154
1.245253 -0.000311
1.250254 -0.000548
1.255255 0.000083
1.260256 0.000674
1.265257 0.000201
1.270258 0.000477
1.275259 0.001462
1.280260 0.000831
1.285261 0.000556
1.290262 0.000358
1.295263 0.000319
1.300264 0.000240
1.305265 -0.000312
1.310266 0.000280
1.315267 0.000122
1.320268 -0.000075
1.325269 -0.000233
1.330270 -0.000036
1.335271 0.000792
1.340272 0.000831
1.345273 0.000319
1.350275 -0.000115
1.355276 0.000437
1.360277 0.000082
1.365278 -0.000430
1.370279 -0.000548
1.375280 -0.000746
1.380281 -0.001061
1.385282 -0.001416
1.390283 -0.000864
1.395284 -0.000943
1.400285 -0.000785
1.405286 0.000043
1.410287 0.000476
1.415288 0.000318
1.420289 0.000594
1.425290 0.000949
1.430291 0.000200
1.435292 0.000279
1.440293 0.000634
1.445294 0.000594
1.450295 0.000161
1.455296 0.000161
1.460297 0.000594
1.465298 0.000515
1.470299 0.000712
1.475300 0.000161
1.480301 0.000003
1.485302 0.000909
1.490303 0.000673
1.495304 0.000279
1.500305 0.000752
1.505306 0.000358
1.510307 -0.000588
1.515308 -0.000549
1.520309 -0.000313
1.525310 -0.000391
1.530311 -0.001259
1.535312 -0.001574
1.540313 -0.000746
1.545314 -0.000470
1.550315 -0.000194
1.555316 -0.000234
1.560317 -0.000116
1.565318 -0.000155
1.570319 -0.000470
1.575320 0.000002
1.580321 -0.000116
1.585322 -0.000037
1.590323 -0.000076
1.595324 -0.000392
1.600325 0.000042
1.605326 0.000239
1.610327 0.000357
1.615328 0.000554
1.620329 0.000830
1.625330 0.000909
1.630331 0.000712
1.635332 0.000278
1.640333 0.000278
1.645334 0.000751
1.650336 0.000042
1.655337 0.000160
1.660338 0.000751
1.665339 0.000633
1.670340 0.001066
1.675341 0.000712
1.680342 0.000436
1.685343 0.000593
1.690344 0.000554
1.695345 0.000633
1.700346 -0.000156
1.705347 -0.000747
1.710348 -0.000708
1.715349 -0.001181
1.720350 -0.001259
1.725351 -0.000905
1.730352 -0.000747
1.735353 -0.000786
1.740354 -0.000747
1.745355 0.000120
1.750356 0.000435
1.755357 -0.000117
1.760358 -0.000511
1.765359 -0.000195
1.770360 0.000238
1.775361 -0.000195
1.780362 0.000475
1.785363 0.000987
1.790364 0.000159
1.795365 0.000514
1.800366 0.000790
1.805367 0.000790
1.810368 0.000947
1.815369 0.000474
1.820370 0.000199
1.825371 0.000553
1.830372 0.000908
1.835373 0.000711
1.840374 0.000001
1.845375 0.000041
1.850376 0.000120
1.855377 -0.000393
1.860378 -0.000472
1.865379 -0.000038
1.870380 0.000001
1.875381 -0.000511
1.880382 -0.000905
1.885383 -0.000787
1.890384 -0.000117
1.895385 0.000041
1.900386 -0.000117
1.905387 -0.000235
1.910388 -0.000669
1.915389 -0.000038
1.920390 -0.000196
1.925391 -0.000235
1.930392 0.000277
1.935393 -0.000551
1.940394 0.000040
1.945395 0.000474
1.950397 0.000040
1.955398 0.000237
1.960399 0.000159
1.965400 0.000001
1.970401 0.000513
1.975402 0.000750
1.980403 0.000434
1.985404 0.000395
1.990405 -0.000078
1.995406 0.000434
2.000407 0.000553
2.005408 0.000395
2.010409 0.000355
2.015410 -0.000236
2.020411 0.000513
2.025412 0.000198
2.030413 -0.000433
2.035414 -0.000197
2.040415 -0.000709
2.045416 -0.000315
2.050417 -0.000039
2.055418 -0.000118
2.060419 0.000158
2.065420 -0.000157
2.070421 -0.000118
2.075422 0.000237
2.080423 -0.000276
2.085424 -0.000473
2.090425 -0.000276
2.095426 0.000040
2.100427 0.000631
2.105428 0.000552
2.110429 0.000316
2.115430 -0.000039
2.120431 -0.000079
2.125432 0.000276
2.130433 0.000473
2.135434 -0.000118
2.140435 -0.000394
2.145436 0.000473
2.150437 0.000039
2.155438 0.000039
2.160439 0.000631
2.165440 0.000434
2.170441 0.000552
2.175442 -0.000079
2.180443 -0.000237
2.185444 -0.000079
2.190445 -0.000355
2.195446 -0.000552
2.200447 -0.000513
2.205448 -0.000040
2.210449 -0.000394
2.215450 -0.000394
2.220451 -0.000118
2.225452 0.000118
2.230453 0.000512
2.235454 -0.000237
2.240455 0.000079
2.245456 0.000236
2.250458 -0.000395
2.255459 -0.000237
2.260460 -0.000079
2.265461 0.000551
2.270462 0.000157
2.275463 -0.000040
2.280464 0.000394
2.285465 -0.000198
2.290466 -0.000079
2.295467 0.000039
2.300468 -0.000079
2.305469 0.000394
2.310470 -0.000079
2.315471 -0.000079
2.320472 0.000394
2.325473 0.000078
2.330474 -0.000198
2.335475 -0.000434
2.340476 -0.000080
2.345477 -0.000040
2.350478 0.000039
2.355479 0.000157
2.360480 -0.000080
2.365481 0.000117
2.370482 -0.000080
2.375483 0.000157
2.380484 -0.000080
2.385485 -0.000237
2.390486 0.000669
2.395487 0.000314
2.400488 -0.000080
2.405489 -0.000435
2.410490 -0.000277
2.415491 0.000196
2.420492 -0.000513
2.425493 -0.000435
2.430494 0.000551
2.435495 0.000157
2.440496 -0.000356
2.445497 -0.000041
2.450498 0.000275
2.455499 0.000078
2.460500 -0.000277
2.465501 -0.000001
2.470502 0.000393
2.475503 0.000353
2.480504 0.000314
2.485505 0.000275
2.490506 0.000314
2.495507 0.000866
2.500508 0.000117
2.505509 -0.000514
2.510510 0.000314
2.515511 -0.000080
2.520512 -0.000750
2.525513 -0.000908
2.530514 -0.000553
2.535515 -0.000120
2.540516 -0.000750
2.545517 -0.000317
2.550519 -0.000080
2.555520 -0.000632
2.560521 0.000314
2.565522 0.000511
2.570523 -0.000238
2.575524 0.000077
2.580525 0.000353
2.585526 0.000156
2.590527 -0.000278
2.595528 -0.000238
2.600529 -0.000081
2.605530 -0.000278
2.610531 0.000235
2.615532 0.000708
2.620533 0.000432
2.625534 0.000274
2.630535 -0.000002
2.635536 0.000235
2.640537 0.000668
2.645538 0.000589
2.650539 0.000550
2.655540 0.000077
2.660541 0.000313
2.665542 -0.000002
2.670543 -0.000278
2.675544 0.000471
2.680545 -0.000239
2.685546 -0.000396
2.690547 -0.000475
2.695548 -0.000554
2.700549 0.000077
2.705550 -0.000672
2.710551 -0.000791
2.715552 -0.000121
2.720553 -0.000042
2.725554 -0.000278
2.730555 -0.000515
2.735556 -0.000121
2.740557 -0.000278
2.745558 -0.000475
2.750559 -0.000042
2.755560 0.000431
2.760561 0.000273
2.765562 -0.000397
2.770563 0.000037
2.775564 0.000746
2.780565 0.000470
2.785566 0.000273
2.790567 0.000194
2.795568 0.000273
2.800569 0.000589
2.805570 0.000667
2.810571 0.000628
2.815572 0.000510
2.820573 0.000510
2.825574 0.000273
2.830575 -0.000200
2.835576 0.000313
2.840577 0.000825
2.845578 0.000431
2.850580 0.000312
2.855581 0.000155
2.860582 -0.000318
2.865583 -0.000515
2.870584 -0.000555
2.875585 -0.000476
2.880586 0.000076
2.885587 0.000352
2.890588 -0.000082
2.895589 -0.000042
2.900590 0.000588
2.905591 0.000352
2.910592 0.000312
2.915593 0.000391
2.920594 -0.000003
2.925595 0.000430
2.930596 0.000509
2.935597 0.000430
2.940598 0.001022
2.945599 0.000864
2.950600 0.000273
2.955601 0.000273
2.960602 0.000824
2.965603 0.000667
2.970604 0.000115
2.975605 0.000115
2.980606 -0.000003
2.985607 0.000312
2.990608 0.000391
2.995609 -0.000319
3.000610 -0.000279
3.005611 0.000075
3.010612 -0.000122
3.015613 -0.000752
3.020614 -0.000240
3.025615 0.000430
3.030616 -0.000082
3.035617 -0.000082
3.040618 -0.000004
3.045619 -0.000083
3.050620 -0.000201
3.055621 -0.000122
3.060622 0.000430
3.065623 0.000390
3.070624 0.000075
3.075625 -0.000043
3.080626 0.000311
3.085627 0.000311
3.090628 -0.000043
3.095629 0.000154
3.100630 0.000627
3.105631 0.000706
3.110632 0.000390
3.115633 0.000469
3.120634 0.000193
3.125635 -0.000043
3.130636 0.000351
3.135637 0.000154
3.140638 -0.000122
3.145639 -0.000083
3.150641 0.000193
3.155642 0.000272
3.160643 -0.000083
3.165644 0.000035
3.170645 -0.000044
3.175646 -0.000359
3.180647 -0.000477
3.185648 -0.000280
3.190649 0.000193
3.195650 -0.000123
3.200651 -0.000280
3.205652 -0.000162
3.210653 -0.000083
3.215654 0.000153
3.220655 -0.000083
3.225656 -0.000517
3.230657 0.000114
3.235658 0.001060
3.240659 0.000350
3.245660 0.000114
3.250661 0.000744
3.255662 0.000390
3.260663 -0.000005
3.265664 0.000271
3.270665 0.000271
3.275666 -0.000083
3.280667 0.000350
3.285668 0.000823
3.290669 0.000626
3.295670 0.000350
3.300671 0.000350
3.305672 0.000271
3.310673 0.000626
3.315674 0.000586
3.320675 0.000192
3.325676 0.000192
3.330677 -0.000399
3.335678 0.000232
3.340679 0.000507
3.345680 -0.000005
3.350681 0.000153
3.355682 -0.000241
3.360683 -0.000320
3.365684 -0.000360
3.370685 -0.000163
3.375686 -0.000281
3.380687 -0.000399
3.385688 -0.000084
3.390689 -0.000163
3.395690 -0.000242
3.400691 -0.000005
3.405692 -0.000084
3.410693 -0.000399
3.415694 0.000271
3.420695 -0.000321
3.425696 -0.000202
3.430697 0.000744
3.435698 0.000034
3.440699 0.000428
3.445700 0.000665
3.450702 0.000231
3.455703 0.000625
3.460704 0.000468
3.465705 -0.000045
3.470706 0.000349
3.475707 0.001098
3.480708 0.000704
3.485709 0.000192
3.490710 0.000586
3.495711 0.000783
3.500712 0.000704
3.505713 0.000625
3.510714 0.000191
3.515715 0.000310
3.520716 0.000704
3.525717 0.000231
3.530718 -0.000124
3.535719 -0.000203
3.540720 -0.000282
3.545721 0.000270
3.550722 0.000467
3.555723 -0.000006
3.560724 -0.000045
3.565725 -0.000164
3.570726 -0.000361
3.575727 -0.000242
3.580728 0.000743
3.585729 0.000546
3.590730 -0.000558
3.595731 -0.000440
3.600732 -0.000518
3.605733 0.000191
3.610734 -0.000045
3.615735 -0.000479
3.620736 0.000349
3.625737 -0.000006
3.630738 0.000349
3.635739 -0.000124
3.640740 -0.000479
3.645741 0.000230
3.650742 -0.000479
3.655743 -0.000322
3.660744 -0.000085
3.665745 -0.000046
3.670746 -0.000006
3.675747 -0.000282
3.680748 -0.000085
3.685749 -0.000282
3.690750 0.000072
3.695751 -0.000282
3.700752 -0.000401
3.705753 0.000269
3.710754 -0.000006
3.715755 -0.000164
3.720756 -0.000046
3.725757 0.000545
3.730758 0.000151
3.735759 -0.000401
3.740760 -0.000164
3.745761 0.000388
3.750763 0.000506
3.755764 0.000190
3.760765 -0.000046
3.765766 -0.000046
3.770767 0.001215
3.775768 0.000703
3.780769 0.000033
3.785770 0.000506
3.790771 0.000151
3.795772 0.000348
3.800773 0.000151
3.805774 0.000033
3.810775 0.000348
3.815776 0.000308
3.820777 0.000111
3.825778 0.000072
3.830779 0.000348
3.835780 0.000348
3.840781 0.000072
3.845782 -0.000362
3.850783 -0.000046
3.855784 0.000229
3.860785 0.000229
3.865786 -0.000007
3.870787 -0.000125
3.875788 0.000190
3.880789 -0.000204
3.885790 -0.000323
3.890791 -0.000086
3.895792 0.000347
3.900793 0.000347
3.905794 -0.000047
3.910795 0.000623
3.915796 0.000505
3.920797 -0.000165
3.925798 -0.000244
3.930799 0.000584
3.935800 0.000505
3.940801 0.000111
3.945802 0.000466
3.950803 0.000268
3.955804 0.000426
3.960805 0.000150
3.965806 -0.000244
3.970807 -0.000047
3.975808 0.000189
3.980809 -0.000205
3.985810 -0.000559
3.990811 0.000032
3.995812 0.000032
4.000813 -0.000008
4.005814 0.000150
4.010815 -0.000087
4.015816 -0.000284
4.020817 -0.000402
4.025818 -0.000244
4.030819 -0.000126
4.035820 0.000071
4.040821 -0.000087
4.045822 -0.000441
4.050824 -0.000166
4.055825 0.000110
4.060826 0.000189
4.065827 -0.000047
4.070828 -0.000166
4.075829 -0.000323
4.080830 -0.000402
4.085831 0.000228
4.090832 0.000110
4.095833 0.000071
4.100834 0.000544
4.105835 -0.000008
4.110836 -0.000166
4.115837 -0.000363
4.120838 0.000110
4.125839 0.000425
4.130840 -0.000245
4.135841 0.000386
4.140842 0.000425
4.145843 0.000268
4.150844 0.000465
4.155845 0.000504
4.160846 0.000465
4.165847 -0.000363
4.170848 0.000031
4.175849 0.000267
4.180850 0.000346
4.185851 0.000386
4.190852 -0.000403
4.195853 0.000307
4.200854 0.000740
4.205855 0.000189
4.210856 -0.000009
4.215857 -0.000087
4.220858 0.000267
4.225859 -0.000087
4.230860 -0.000521
4.235861 -0.000088
4.240862 0.000385
4.245863 0.000267
4.250864 -0.000285
4.255865 -0.000088
4.260866 0.000070
4.265867 -0.000285
4.270868 -0.000166
4.275869 0.000306
4.280870 0.000346
4.285871 0.000267
4.290872 0.000267
4.295873 -0.000127
4.300874 0.000228
4.305875 0.000622
4.310876 0.000227
4.315877 0.000661
4.320878 0.000346
4.325879 -0.000206
4.330880 0.000503
4.335881 0.000779
4.340882 0.001134
4.345883 0.000976
4.350885 0.000503
4.355886 0.000424
4.360887 0.000227
4.365888 0.000661
4.370889 0.000464
4.375890 0.000503
4.380891 0.000543
4.385892 0.000030
4.390893 0.000030
4.395894 0.000109
4.400895 0.000188
4.405896 0.000227
4.410897 0.000464
4.415898 0.000188
4.420899 0.000266
4.425900 -0.000088
4.430901 -0.000364
4.435902 0.000385
4.440903 0.000069
4.445904 0.000385
4.450905 0.000345
4.455906 -0.000246
4.460907 0.000069
4.465908 0.000069
4.470909 0.000384
4.475910 0.000109
4.480911 -0.000246
4.485912 0.000581
4.490913 0.000108
4.495914 -0.000089
4.500915 0.000463
4.505916 0.000266
4.510917 0.000503
4.515918 -0.000089
4.520919 -0.000089
4.525920 0.000266
4.530921 0.000069
4.535922 0.000542
4.540923 0.000108
4.545924 -0.000089
4.550925 0.000069
4.555926 0.000108
4.560927 0.000226
4.565928 0.000266
4.570929 -0.000168
4.575930 -0.000325
4.580931 0.000581
4.585932 -0.000168
4.590933 -0.000444
4.595934 0.000423
4.600935 0.000069
4.605936 0.000147
4.610937 0.000305
4.615938 -0.000050
4.620939 0.000226
4.625940 -0.000089
4.630941 -0.000404
4.635942 0.000187
4.640943 -0.000680
4.645944 -0.000759
4.650946 -0.000010
4.655947 -0.000483
4.660948 -0.000168
4.665949 -0.000720
4.670950 -0.001035
4.675951 -0.000996
4.680952 -0.001824
4.685953 -0.001430
4.690954 -0.001784
4.695955 -0.001784
4.700956 -0.001745
4.705957 -0.002376
4.710958 -0.001114
4.715959 -0.000444
4.720960 0.000817
4.725961 0.002157
4.730962 0.002078
4.735963 0.003418
4.740964 0.003379
4.745965 0.001526
4.750966 0.000304
4.755967 -0.000957
4.760968 -0.003204
4.765969 -0.003716
4.770970 -0.001903
4.775971 -0.000445
4.780972 0.001014
4.785973 0.003576
4.790974 0.006493
4.795975 0.008582
4.800976 0.010158
4.805977 0.009685
4.810978 0.005783
4.815979 0.001565
4.820980 -0.002770
4.825981 -0.007658
4.830982 -0.010811
4.835983 -0.012624
4.840984 -0.012939
4.845985 -0.011639
4.850986 -0.008998
4.855987 -0.003519
4.860988 0.001565
4.865989 0.004403
4.870990 0.005822
4.875991 0.005822
4.880992 0.005743
4.885993 0.005231
4.890994 0.001999
4.895995 -0.004032
4.900996 -0.011205
4.905997 -0.021099
4.910998 -0.031702
4.915999 -0.042304
4.921000 -0.052395
4.926001 -0.059411
4.931002 -0.063865
4.936003 -0.063865
4.941004 -0.059056
4.946005 -0.047626
4.951007 -0.028864
4.956008 -0.005451
4.961009 0.021706
4.966010 0.053357
4.971011 0.089816
4.976012 0.129192
4.981013 0.163405
4.986014 0.178225
4.991015 0.163523
4.996016 0.116303
5.001017 0.045316
5.006018 -0.037693
5.011019 -0.120741
5.016020 -0.182584
5.021021 -0.210491
5.026022 -0.197129
5.031023 -0.140410
5.036024 -0.052592
5.041025 0.054657
5.046026 0.160645
5.051027 0.238530
5.056028 0.276448
5.061029 0.278537
5.066030 0.247320
5.071031 0.180668
5.076032 0.082563
5.081033 -0.040807
5.086034 -0.174544
5.091035 -0.298230
5.096036 -0.387506
5.101037 -0.415964
5.106038 -0.367601
5.111039 -0.237057
5.116040 -0.049834
5.121041 0.146652
5.126042 0.304354
5.131043 0.383855
5.136044 0.378100
5.141045 0.299151
5.146046 0.172075
5.151047 0.026159
5.156048 -0.115421
5.161049 -0.214906
5.166050 -0.258736
5.171051 -0.265909
5.176052 -0.244270
5.181053 -0.200519
5.186054 -0.135996
5.191055 -0.054879
5.196056 0.028603
5.201057 0.112715
5.206058 0.180865
5.211059 0.205775
5.216060 0.175149
5.221061 0.094781
5.226062 0.002628
5.231063 -0.057086
5.236064 -0.064063
5.241065 -0.020075
5.246066 0.063288
5.251068 0.165493
5.256069 0.246215
5.261070 0.270692
5.266071 0.228163
5.271072 0.122293
5.276073 -0.017750
5.281074 -0.153773
5.286075 -0.267053
5.291076 -0.338079
5.296077 -0.346593
5.301078 -0.291845
5.306079 -0.199219
5.311080 -0.094965
5.316081 0.015832
5.321082 0.130570
5.326083 0.232065
5.331084 0.292765
5.336085 0.298086
5.341086 0.243850
5.346087 0.143814
5.351088 0.014097
5.356089 -0.148925
5.361090 -0.309425
5.366091 -0.401933
5.371092 -0.396572
5.376093 -0.294013
5.381094 -0.117077
5.386095 0.074285
5.391096 0.218348
5.396097 0.287246
5.401098 0.285748
5.406099 0.249250
5.411100 0.202148
5.416101 0.151105
5.421102 0.105265
5.426103 0.064943
5.431104 0.013663
5.436105 -0.067138
5.441106 -0.166781
5.446107 -0.248883
5.451108 -0.281992
5.456109 -0.257160
5.461110 -0.184163
5.466111 -0.082392
5.471112 0.023990
5.476113 0.115000
5.481114 0.178578
5.486115 0.205695
5.491116 0.198167
5.496117 0.153470
5.501118 0.074166
5.506119 -0.009119
5.511120 -0.088778
5.516121 -0.152749
5.521122 -0.158267
5.526123 -0.108328
5.531124 -0.034503
5.536125 0.032740
5.541126 0.060016
5.546127 0.057848
5.551129 0.052448
5.556130 0.042870
5.561131 0.038258
5.566132 0.056507
5.571133 0.089459
5.576134 0.107077
5.581135 0.082009
5.586136 0.022847
5.591137 -0.032532
5.596138 -0.074313
5.601139 -0.102100
5.606140 -0.096701
5.611141 -0.056142
5.616142 -0.002103
5.621143 0.046772
5.626144 0.077437
5.631145 0.072786
5.636146 0.033292
5.641147 -0.026738
5.646148 -0.086059
5.651149 -0.118340
5.656150 -0.118222
5.661151 -0.095242
5.666152 -0.063513
5.671153 -0.036710
5.676154 -0.018855
5.681155 0.001680
5.686156 0.042396
5.691157 0.093360
5.696158 0.132973
5.701159 0.149922
5.706160 0.131120
5.711161 0.074835
5.716162 0.003020
5.721163 -0.069741
5.726164 -0.136668
5.731165 -0.164653
5.736166 -0.138008
5.741167 -0.081368
5.746168 -0.011406
5.751169 0.067307
5.756170 0.130608
5.761171 0.152247
5.766172 0.136441
5.771173 0.087960
5.776174 0.018510
5.781175 -0.049048
5.786176 -0.103441
5.791177 -0.130756
5.796178 -0.128864
5.801179 -0.112192
5.806180 -0.088621
5.811181 -0.055670
5.816182 -0.013417
5.821183 0.040898
5.826184 0.105618
5.831185 0.152325
5.836186 0.158356
5.841187 0.117048
5.846188 0.038809
5.851190 -0.047866
5.856191 -0.121652
5.861192 -0.151804
5.866193 -0.122952
5.871194 -0.058547
5.876195 0.014095
5.881196 0.072194
5.886197 0.108732
5.891198 0.126074
5.896199 0.118783
5.901200 0.089497
5.906201 0.054023
5.911202 0.029861
5.916203 0.005818
5.921204 -0.043097
5.926205 -0.109906
5.931206 -0.157835
5.936207 -0.140335
5.941208 -0.058745
5.946209 0.030019
5.951210 0.088314
5.956211 0.104829
5.961212 0.076489
5.966213 0.015947
5.971214 -0.060440
5.976215 -0.134304
5.981216 -0.181997
5.986217 -0.193704
5.991218 -0.173444
5.996219 -0.123268
6.001220 -0.045344
6.006221 0.042631
6.011222 0.112239
6.016223 0.149171
6.021224 0.155044
6.026225 0.144954
6.031226 0.130331
6.036227 0.103371
6.041228 0.060486
6.046229 0.007354
6.051230 -0.041363
6.056231 -0.068087
6.061232 -0.073093
6.066233 -0.064973
6.071234 -0.043019
6.076235 -0.008215
6.081236 0.024579
6.086237 0.045745
6.091238 0.048346
6.096239 0.025840
6.101240 -0.009043
6.106241 -0.032810
6.111242 -0.031707
6.116243 -0.009752
6.121244 0.017169
6.126245 0.034432
6.131246 0.032738
6.136247 0.007709
6.141248 -0.026031
6.146249 -0.054174
6.151251 -0.068481
6.156252 -0.046448
6.161253 0.018863
6.166254 0.096433
6.171255 0.137583
6.176256 0.130251
6.181257 0.103055
6.186258 0.068093
6.191259 0.020046
6.196260 -0.040457
6.201261 -0.099620
6.206262 -0.117830
6.211263 -0.078651
6.216264 -0.021735
6.221265 0.011098
6.226266 0.010270
6.231267 -0.005220
6.236268 -0.013458
6.241269 -0.000411
6.246270 0.038610
6.251271 0.078341
6.256272 0.084687
6.261273 0.044877
6.266274 -0.042665
6.271275 -0.158034
6.276276 -0.255745
6.281277 -0.311045
6.286278 -0.316445
6.291279 -0.267569
6.296280 -0.186334
6.301281 -0.096349
6.306282 -0.004826
6.311283 0.084016
6.316284 0.163793
6.321285 0.225912
6.326286 0.265249
6.331287 0.275772
6.336288 0.249364
6.341289 0.183737
6.346290 0.083386
6.351291 -0.034585
6.356292 -0.137459
6.361293 -0.192720
6.366294 -0.190867
6.371295 -0.144199
6.376296 -0.064304
6.381297 0.031751
6.386298 0.113696
6.391299 0.160403
6.396300 0.153505
6.401301 0.079917
6.406302 -0.021342
6.411303 -0.080898
6.416304 -0.085392
6.421305 -0.068128
6.426306 -0.045740
6.431307 -0.035137
6.436308 -0.052677
6.441309 -0.081017
6.446310 -0.090122
6.451312 -0.062413
6.456313 0.010545
6.461314 0.110109
6.466315 0.185077
6.471316 0.215506
6.476317 0.221260
6.481318 0.208253
6.486319 0.177588
6.491320 0.137029
6.496321 0.089652
6.501322 0.044797
6.506323 0.007510
6.511324 -0.032142
6.516325 -0.077903
6.521326 -0.119684
6.526327 -0.141402
6.531328 -0.129735
6.536329 -0.075775
6.541330 0.017127
6.546331 0.114247
6.551332 0.161979
6.556333 0.139473
6.561334 0.073018
6.566335 -0.007586
6.571336 -0.076524
6.576337 -0.107229
6.581338 -0.098281
6.586339 -0.069863
6.591340 -0.040814
6.596341 -0.026782
6.601342 -0.040459
6.606343 -0.075263
6.611344 -0.105692
6.616345 -0.100410
6.621346 -0.043612
6.626347 0.038569
6.631348 0.099190
6.636349 0.113340
6.641350 0.080546
6.646351 0.008534
6.651352 -0.075618
6.656353 -0.132928
6.661354 -0.140693
6.666355 -0.098360
6.671356 -0.032300
6.676357 0.012082
6.681358 0.010781
6.686359 -0.020239
6.691360 -0.053072
6.696361 -0.063675
6.701362 -0.042154
6.706363 -0.002226
6.711364 0.037268
6.716365 0.055596
6.721366 0.042865
6.726367 0.014446
6.731368 -0.022249
6.736369 -0.060088
6.741370 -0.073766
6.746371 -0.051023
6.751373 0.002425
6.756374 0.071756
6.761375 0.130761
6.766376 0.156894
6.771377 0.145345
6.776378 0.103998
6.781379 0.050235
6.786380 0.000059
6.791381 -0.034074
6.796382 -0.040854
6.801383 -0.030133
6.806384 -0.024221
6.811385 -0.033720
6.816386 -0.049210
6.821387 -0.052284
6.826388 -0.035809
6.831389 0.004474
6.836390 0.069036
6.841391 0.141403
6.846392 0.190239
6.851393 0.186218
6.856394 0.121262
6.861395 0.008731
6.866396 -0.117911
6.871397 -0.219051
6.876398 -0.274548
6.881399 -0.281564
6.886400 -0.251293
6.891401 -0.217357
6.896402 -0.205374
6.901403 -0.208764
6.906404 -0.203640
6.911405 -0.168206
6.916406 -0.103958
6.921407 -0.029384
6.926408 0.039632
6.931409 0.088113
6.936410 0.110383
6.941411 0.116729
6.946412 0.124651
6.951413 0.156223
6.956414 0.212074
6.961415 0.265482
6.966416 0.286254
6.971417 0.255589
6.976418 0.185154
6.981419 0.108727
6.986420 0.063439
6.991421 0.057881
6.996422 0.058985
7.001423 0.036281
7.006424 -0.014604
7.011425 -0.071086
7.016426 -0.093987
7.021427 -0.066435
7.026428 -0.018191
7.031429 0.000098
7.036430 -0.035100
7.041431 -0.105063
7.046432 -0.168561
7.051434 -0.191540
7.056435 -0.164856
7.061436 -0.107625
7.066437 -0.050118
7.071438 -0.006209
7.076439 0.019175
7.081440 0.025363
7.086441 0.020278
7.091442 0.010661
7.096443 0.000373
7.101444 -0.014880
7.106445 -0.039081
7.111446 -0.054020
7.116447 -0.030647
7.121448 0.033167
7.126449 0.124296
7.131450 0.222243
7.136451 0.289643
7.141452 0.306237
7.146453 0.276873
7.151454 0.208881
7.156455 0.106795
7.161456 -0.011688
7.166457 -0.121775
7.171458 -0.208647
7.176459 -0.266785
7.181460 -0.293311
7.186461 -0.276442
7.191462 -0.215111
7.196463 -0.117400
7.201464 0.000610
7.206465 0.091620
7.211466 0.128316
7.216467 0.132218
7.221468 0.129064
7.226469 0.130010
7.231470 0.135726
7.236471 0.137539
7.241472 0.120511
7.246473 0.088466
7.251474 0.053623
7.256475 0.012946
7.261476 -0.030095
7.266477 -0.069590
7.271478 -0.093633
7.276479 -0.081808
7.281480 -0.036599
7.286481 0.018070
7.291482 0.060954
7.296483 0.092802
7.301484 0.118264
7.306485 0.130680
7.311486 0.126029
7.316487 0.103641
7.321488 0.075183
7.326489 0.045779
7.331490 -0.001125
7.336491 -0.074753
7.341492 -0.168996
7.346493 -0.264697
7.351495 -0.327131
7.356496 -0.329693
7.361497 -0.273329
7.366498 -0.169390
7.371499 -0.044246
7.376500 0.060441
7.381501 0.124216
7.386502 0.143963
7.391503 0.124610
7.396504 0.083263
7.401505 0.032338
7.406506 -0.012477
7.411507 -0.035614
7.416508 -0.040147
7.421509 -0.026903
7.426510 0.007782
7.431511 0.051021
7.436512 0.085155
7.441513 0.101985
7.446514 0.102064
7.451515 0.089333
7.456516 0.070965
7.461517 0.052637
7.466518 0.036201
7.471519 0.023115
7.476520 0.002776
7.481521 -0.033052
7.486522 -0.079523
7.491523 -0.126980
7.496524 -0.160404
7.501525 -0.173017
7.506526 -0.168445
7.511527 -0.152324
7.516528 -0.130291
7.521529 -0.106799
7.526530 -0.084175
7.531531 -0.063363
7.536532 -0.043104
7.541533 -0.025800
7.546534 -0.013739
7.551535 -0.000101
7.556536 0.021814
7.561537 0.056184
7.566538 0.107542
7.571539 0.175061
7.576540 0.239229
7.581541 0.275728
7.586542 0.269421
7.591543 0.213215
7.596544 0.115543
7.601545 -0.005344
7.606546 -0.118939
7.611547 -0.200372
7.616548 -0.242152
7.621549 -0.245148
7.626550 -0.216020
7.631551 -0.154689
7.636552 -0.059304
7.641553 0.060204
7.646554 0.170961
7.651556 0.239347
7.656557 0.251763
7.661558 0.210180
7.666559 0.134187
7.671560 0.039865
7.676561 -0.057215
7.681562 -0.140027
7.686563 -0.201318
7.691564 -0.227884
7.696565 -0.210896
7.701566 -0.150196
7.706567 -0.051145
7.711568 0.066471
7.716569 0.161619
7.721570 0.204464
7.726571 0.200680
7.731572 0.161028
7.736573 0.107620
7.741574 0.058114
7.746575 0.009909
7.751576 -0.028639
7.756577 -0.061630
7.761578 -0.097892
7.766579 -0.123315
7.771580 -0.136086
7.776581 -0.138608
7.781582 -0.127138
7.786583 -0.097419
7.791584 -0.047046
7.796585 0.023310
7.801586 0.104506
7.806587 0.165088
7.811588 0.195004
7.816589 0.194846
7.821590 0.161540
7.826591 0.111719
7.831592 0.062056
7.836593 0.022364
7.841594 -0.002862
7.846595 -0.015120
7.851596 -0.021190
7.856597 -0.027260
7.861598 -0.035537
7.866599 -0.043105
7.871600 -0.052407
7.876601 -0.063483
7.881602 -0.064665
7.886603 -0.059541
7.891604 -0.060803
7.896605 -0.074165
7.901606 -0.093754
7.906607 -0.110979
7.911608 -0.121621
7.916609 -0.109875
7.921610 -0.071169
7.926611 -0.014450
7.931612 0.043885
7.936613 0.084956
7.941614 0.110891
7.946615 0.116961
7.951617 0.100012
7.956618 0.074510
7.961619 0.050664
7.966620 0.030168
7.971621 -0.000458
7.976622 -0.042987
7.981623 -0.081102
7.986624 -0.105027
7.991625 -0.106013
7.996626 -0.087645
8.001627 -0.064587
8.006628 -0.041490
8.011629 -0.028364
8.016630 -0.033252
8.021631 -0.048821
8.026632 -0.063523
8.031633 -0.067543
8.036634 -0.058832
8.041635 -0.035853
8.046636 0.007267
8.051637 0.065168
8.056638 0.119641
8.061639 0.160041
8.066640 0.187002
8.071641 0.205369
8.076642 0.218376
8.081643 0.215381
8.086644 0.184321
8.091645 0.128982
8.096646 0.061227
8.101647 -0.003493
8.106648 -0.054497
8.111649 -0.090050
8.116650 -0.117798
8.121651 -0.140305
8.126652 -0.146966
8.131653 -0.132658
8.136654 -0.090168
8.141655 -0.032503
8.146656 0.020353
8.151657 0.065641
8.156658 0.085506
8.161659 0.082826
8.166660 0.066508
8.171661 0.047983
8.176662 0.041676
8.181663 0.049126
8.186664 0.071593
8.191665 0.086807
8.196666 0.106042
8.201667 0.099578
8.206668 0.059334
8.211669 0.027132
8.216670 -0.033726
8.221671 -0.071762
8.226672 -0.074521
8.231673 -0.086464
8.236674 -0.059937
8.241675 -0.034751
8.246676 -0.035145
8.251678 -0.029154
8.256679 -0.045432
8.261680 -0.070343
8.266681 -0.076255
8.271682 -0.088001
8.276683 -0.099668
8.281684 -0.100023
8.286685 -0.113582
8.291686 -0.124421
8.296687 -0.132067
8.301688 -0.136127
8.306689 -0.112005
8.311690 -0.077122
8.316691 -0.020246
8.321692 0.030679
8.326693 0.064931
8.331694 0.107854
8.336695 0.116368
8.341696 0.112545
8.346697 0.096818
8.351698 0.048258
8.356699 0.005847
8.361700 -0.032268
8.366701 -0.060213
8.371702 -0.067584
8.376703 -0.060923
8.381704 -0.044368
8.386705 -0.021665
8.391706 0.010104
8.396707 0.035724
8.401708 0.050583
8.406709 0.055155
8.411710 0.036945
8.416711 0.013927
8.421712 0.002851
8.426713 0.002772
8.431714 0.021297
8.436715 0.050307
8.441716 0.079711
8.446717 0.101744
8.451718 0.106514
8.456719 0.093861
8.461720 0.067768
8.466721 0.043331
8.471722 0.028983
8.476723 0.025869
8.481724 0.026579
8.486725 0.018459
8.491726 0.006477
8.496727 -0.005702
8.501728 -0.012718
8.506729 -0.009210
8.511730 0.000683
8.516731 0.015779
8.521732 0.028825
8.526733 0.031230
8.531734 0.023347
8.536735 0.010182
8.541736 -0.003614
8.546737 -0.018513
8.551739 -0.038339
8.556740 -0.064313
8.561741 -0.089697
8.566742 -0.104872
8.571743 -0.107119
8.576744 -0.095531
8.581745 -0.070581
8.586746 -0.039245
8.591747 -0.008777
8.596748 0.016488
8.601749 0.033634
8.606750 0.036156
8.611751 0.020903
8.616752 -0.004087
8.621753 -0.029076
8.626754 -0.043660
8.631755 -0.042635
8.636756 -0.029628
8.641757 -0.006649
8.646758 0.019720
8.651759 0.040531
8.656760 0.046759
8.661761 0.034146
8.666762 0.016015
8.671763 0.003323
8.676764 -0.003890
8.681765 -0.004205
8.686766 -0.002432
8.691767 -0.006176
8.696768 -0.016188
8.701769 -0.034674
8.706770 -0.057811
8.711771 -0.077203
8.716772 -0.090998
8.721773 -0.097029
8.726774 -0.091511
8.731775 -0.069793
8.736776 -0.031087
8.741777 0.019601
8.746778 0.070684
8.751779 0.107419
8.756780 0.122515
8.761781 0.113528
8.766782 0.084558
8.771783 0.045852
8.776784 0.007895
8.781785 -0.022810
8.786786 -0.041532
8.791787 -0.046144
8.796788 -0.039128
8.801789 -0.023322
8.806790 -0.004876
8.811791 0.016527
8.816792 0.041910
8.821793 0.070092
8.826794 0.097486
8.831795 0.118573
8.836796 0.132920
8.841797 0.137059
8.846798 0.134930
8.851800 0.121805
8.856801 0.101585
8.861802 0.075689
8.866803 0.038008
8.871804 0.006554
8.876805 -0.030575
8.881806 -0.063881
8.886807 -0.078899
8.891808 -0.098054
8.896809 -0.108460
8.901810 -0.117289
8.906811 -0.137076
8.911812 -0.152487
8.916813 -0.160173
8.921814 -0.153749
8.926815 -0.127419
8.931816 -0.086112
8.936817 -0.042439
8.941818 -0.005231
8.946819 0.022872
8.951820 0.036746
8.956821 0.042304
8.961822 0.048886
8.966823 0.053576
8.971824 0.059095
8.976825 0.062366
8.981826 0.054956
8.986827 0.042777
8.991828 0.029257
8.996829 0.017590
9.001830 0.012781
9.006831 0.014358
9.011832 0.017078
9.016833 0.019640
9.021834 0.025631
9.026835 0.032252
9.031836 0.040609
9.036837 0.048255
9.041838 0.049280
9.046839 0.044353
9.051840 0.032213
9.056841 0.015580
9.061842 0.002770
9.066843 -0.001133
9.071844 0.001193
9.076845 0.007263
9.081846 0.015501
9.086847 0.019324
9.091848 0.018339
9.096849 0.015501
9.101850 0.010850
9.106851 0.003439
9.111852 -0.008582
9.116853 -0.025728
9.121854 -0.047840
9.126855 -0.071608
9.131856 -0.091710
9.136857 -0.106017
9.141858 -0.112403
9.146859 -0.107752
9.151861 -0.096873
9.156862 -0.083354
9.161863 -0.068179
9.166864 -0.056788
9.171865 -0.046697
9.176866 -0.035897
9.181867 -0.017530
9.186868 0.007420
9.191869 0.028980
9.196870 0.048491
9.201871 0.059172
9.206872 0.062010
9.211873 0.070800
9.216874 0.082191
9.221875 0.086251
9.226876 0.094016
9.231877 0.097405
9.236878 0.086369
9.241879 0.082585
9.246880 0.073835
9.251881 0.058463
9.256882 0.054127
9.261883 0.044667
9.266884 0.033237
9.271885 0.026457
9.276886 0.008090
9.281887 -0.019541
9.286888 -0.051506
9.291889 -0.091671
9.296890 -0.124267
9.301891 -0.134279
9.306892 -0.126632
9.311893 -0.103850
9.316894 -0.069519
9.321895 -0.033376
9.326896 0.001034
9.331897 0.031345
9.336898 0.051919
9.341899 0.062877
9.346900 0.069499
9.351901 0.072888
9.356902 0.070760
9.361903 0.059881
9.366904 0.043563
9.371905 0.024486
9.376906 0.003162
9.381907 -0.012880
9.386908 -0.022339
9.391909 -0.027542
9.396910 -0.029395
9.401911 -0.031247
9.406912 -0.033258
9.411913 -0.033888
9.416914 -0.033809
9.421915 -0.028725
9.426916 -0.018319
9.431917 -0.009490
9.436918 -0.004957
9.441919 -0.003854
9.446920 -0.003341
9.451922 -0.004445
9.456923 -0.007717
9.461924 -0.014141
9.466925 -0.024547
9.471926 -0.034086
9.476927 -0.040037
9.481928 -0.038894
9.486929 -0.026991
9.491930 -0.008899
9.496931 0.009192
9.501932 0.024722
9.506933 0.032842
9.511934 0.032132
9.516935 0.023500
9.521936 0.009586
9.526937 -0.003105
9.531938 -0.011934
9.536939 -0.015364
9.541940 -0.013432
9.546941 -0.009333
9.551942 -0.006416
9.556943 -0.004997
9.561944 -0.005667
9.566945 -0.005667
9.571946 -0.000031
9.576947 0.007261
9.581948 0.013094
9.586949 0.014355
9.591950 0.009429
9.596951 -0.000031
9.601952 -0.016743
9.606953 -0.038934
9.611954 -0.062111
9.616955 -0.084420
9.621956 -0.101132
9.626957 -0.107793
9.631958 -0.105152
9.636959 -0.094274
9.641960 -0.075197
9.646961 -0.051547
9.651962 -0.025218
9.656963 0.002018
9.661964 0.024406
9.666965 0.038359
9.671966 0.044271
9.676967 0.042971
9.681968 0.035403
9.686969 0.026377
9.691970 0.020504
9.696971 0.020228
9.701972 0.022199
9.706973 0.021923
9.711974 0.020701
9.716975 0.015064
9.721976 0.005684
9.726977 -0.002515
9.731978 -0.008270
9.736979 -0.005747
9.741980 0.008364
9.746981 0.030633
9.751983 0.057357
9.756984 0.081873
9.761985 0.094132
9.766986 0.096851
9.771987 0.090348
9.776988 0.072532
9.781989 0.055229
9.786990 0.033629
9.791991 0.010650
9.796992 -0.000505
9.801993 -0.012369
9.806994 -0.015956
9.811995 -0.003855
9.816996 0.007969
9.821997 0.032210
9.826998 0.062914
9.831999 0.080415
9.837000 0.084948
9.842001 0.069339
9.847002 0.032328
9.852003 -0.016074
9.857004 -0.061126
9.862005 -0.097586
9.867006 -0.118160
9.872007 -0.118358
9.877008 -0.103498
9.882009 -0.071729
9.887010 -0.034245
9.892011 0.003278
9.897012 0.039777
9.902013 0.068196
9.907014 0.086721
9.912015 0.094328
9.917016 0.090781
9.922017 0.076473
9.927018 0.057435
9.932019 0.036703
9.937020 0.019202
9.942021 0.006077
9.947022 -0.005945
9.952023 -0.015484
9.957024 -0.029082
9.962025 -0.044888
9.967026 -0.056673
9.972027 -0.064871
9.977028 -0.064714
9.982029 -0.054308
9.987030 -0.039606
9.992031 -0.022539
9.997032 -0.002437
10.002033 0.011871
10.007034 0.020227
10.012035 0.026573
10.017036 0.027440
10.022037 0.026375
10.027038 0.026139
10.032039 0.024878
10.037040 0.019832
10.042041 0.012422
10.047042 0.002962
10.052044 -0.008468
10.057045 -0.016469
10.062046 -0.021790
10.067047 -0.024668
10.072048 -0.024510
10.077049 -0.024392
10.082050 -0.026717
10.087051 -0.031093
10.092052 -0.038306
10.097053 -0.049145
10.102054 -0.060181
10.107055 -0.070548
10.112056 -0.080126
10.117057 -0.085801
10.122058 -0.087063
10.127059 -0.085920
10.132060 -0.083673
10.137061 -0.080559
10.142062 -0.074923
10.147063 -0.063768
10.152064 -0.046504
10.157065 -0.024274
10.162066 0.002923
10.167067 0.032681
10.172068 0.061967
10.177069 0.089361
10.182070 0.109896
10.187071 0.122273
10.192072 0.127239
10.197073 0.123297
10.202074 0.111236
10.207075 0.094248
10.212076 0.073594
10.217077 0.051009
10.222078 0.032523
10.227079 0.019950
10.232080 0.015102
10.237081 0.018255
10.242082 0.026020
10.247083 0.033627
10.252084 0.035164
10.257085 0.032996
10.262086 0.027320
10.267087 0.019792
10.272088 0.014904
10.277089 0.012264
10.282090 0.012145
10.287091 0.010805
10.292092 0.005563
10.297093 -0.002438
10.302094 -0.012844
10.307095 -0.024432
10.312096 -0.035232
10.317097 -0.041539
10.322098 -0.043312
10.327099 -0.041066
10.332100 -0.034010
10.337101 -0.026640
10.342102 -0.020333
10.347103 -0.017456
10.352105 -0.019309
10.357106 -0.019427
10.362107 -0.016944
10.367108 -0.014460
10.372109 -0.013199
10.377110 -0.015209
10.382111 -0.025260
10.387112 -0.041460
10.392113 -0.059039
10.397114 -0.075436
10.402115 -0.085960
10.407116 -0.089823
10.412117 -0.085724
10.417118 -0.076737
10.422119 -0.065701
10.427120 -0.052024
10.432121 -0.039608
10.437122 -0.031764
10.442123 -0.027271
10.447124 -0.026088
10.452125 -0.024512
10.457126 -0.018481
10.462127 -0.010204
10.467128 0.001108
10.472129 0.013997
10.477130 0.026176
10.482131 0.035951
10.487132 0.041943
10.492133 0.045175
10.497134 0.043795
10.502135 0.040129
10.507136 0.036424
10.512137 0.032601
10.517138 0.030591
10.522139 0.031655
10.527140 0.033310
10.532141 0.035518
10.537142 0.041115
10.542143 0.049707
10.547144 0.058654
10.552145 0.065394
10.557146 0.069178
10.562147 0.065119
10.567148 0.051796
10.572149 0.032088
10.577150 0.006350
10.582151 -0.020334
10.587152 -0.042249
10.592153 -0.055848
10.597154 -0.060578
10.602155 -0.056597
10.607156 -0.043944
10.612157 -0.025774
10.617158 -0.006303
10.622159 0.009858
10.627160 0.020303
10.632161 0.023732
10.637162 0.020973
10.642163 0.015179
10.647164 0.009385
10.652166 0.005167
10.657167 0.003551
10.662168 0.004576
10.667169 0.005364
10.672170 0.005758
10.677171 0.005955
10.682172 0.005916
10.687173 0.006862
10.692174 0.006428
10.697175 0.002881
10.702176 -0.002204
10.707177 -0.008510
10.712178 -0.015881
10.717179 -0.021084
10.722180 -0.022897
10.727181 -0.022266
10.732182 -0.020650
10.737183 -0.019586
10.742184 -0.019468
10.747185 -0.021084
10.752186 -0.023133
10.757187 -0.026326
10.762188 -0.029440
10.767189 -0.030583
10.772190 -0.030898
10.777191 -0.030701
10.782192 -0.031569
10.787193 -0.031805
10.792194 -0.031056
10.797195 -0.028061
10.802196 -0.022858
10.807197 -0.015014
10.812198 -0.002795
10.817199 0.010566
10.822200 0.025426
10.827201 0.040010
10.832202 0.052623
10.837203 0.063383
10.842204 0.068744
10.847205 0.069690
10.852206 0.071187
10.857207 0.072922
10.862208 0.076705
10.867209 0.083288
10.872210 0.087545
10.877211 0.088293
10.882212 0.083051
10.887213 0.071897
10.892214 0.057076
10.897215 0.040207
10.902216 0.023928
10.907217 0.008792
10.912218 -0.004333
10.917219 -0.016394
10.922220 -0.027706
10.927221 -0.040201
10.932222 -0.054943
10.937223 -0.071221
10.942224 -0.087933
10.947225 -0.099443
10.952227 -0.102044
10.957228 -0.098457
10.962229 -0.089313
10.967230 -0.077094
10.972231 -0.068068
10.977232 -0.058530
10.982233 -0.049858
10.987234 -0.042093
10.992235 -0.030190
10.997236 -0.018444
11.002237 -0.002717
11.007238 0.015887
11.012239 0.029840
11.017240 0.042492
11.022241 0.050572
11.027242 0.051242
11.032243 0.050257
11.037244 0.048720
11.042245 0.047143
11.047246 0.045251
11.052247 0.040758
11.057248 0.034333
11.062249 0.024518
11.067250 0.014113
11.072251 0.007530
11.077252 0.005954
11.082253 0.010565
11.087254 0.017148
11.092255 0.025425
11.097256 0.034254
11.102257 0.037644
11.107258 0.036264
11.112259 0.030352
11.117260 0.020143
11.122261 0.008594
11.127262 -0.002245
11.132263 -0.010128
11.137264 -0.014937
11.142265 -0.018208
11.147266 -0.022071
11.152267 -0.027077
11.157268 -0.033186
11.162269 -0.039650
11.167270 -0.041700
11.172271 -0.038665
11.177272 -0.031846
11.182273 -0.023214
11.187274 -0.015292
11.192275 -0.011626
11.197276 -0.012848
11.202277 -0.016908
11.207278 -0.023135
11.212279 -0.028141
11.217280 -0.031097
11.222281 -0.031610
11.227282 -0.030191
11.232283 -0.027865
11.237284 -0.025343
11.242285 -0.024279
11.247286 -0.023569
11.252288 -0.023924
11.257289 -0.024160
11.262290 -0.023372
11.267291 -0.023372
11.272292 -0.022544
11.277293 -0.019588
11.282294 -0.015529
11.287295 -0.009064
11.292296 -0.000432
11.297297 0.009973
11.302298 0.023020
11.307299 0.038628
11.312300 0.054434
11.317301 0.067677
11.322302 0.077295
11.327303 0.080527
11.332304 0.075994
11.337305 0.064090
11.342306 0.046669
11.347307 0.026567
11.352308 0.007569
11.357309 -0.007409
11.362310 -0.017105
11.367311 -0.018524
11.372312 -0.013400
11.377313 -0.003783
11.382314 0.008672
11.387315 0.020576
11.392316 0.031888
11.397317 0.040559
11.402318 0.044501
11.407319 0.044895
11.412320 0.041584
11.417321 0.033977
11.422322 0.023926
11.427323 0.013402
11.432324 0.002365
11.437325 -0.006464
11.442326 -0.011154
11.447327 -0.012415
11.452328 -0.008710
11.457329 -0.002010
11.462330 0.003272
11.467331 0.009697
11.472332 0.015175
11.477333 0.015018
11.482334 0.015294
11.487335 0.011746
11.492336 0.005755
11.497337 0.007056
11.502338 0.007765
11.507339 0.010958
11.512340 0.017540
11.517341 0.018171
11.522342 0.015766
11.527343 0.010682
11.532344 0.001498
11.537345 -0.011352
11.542346 -0.027197
11.547347 -0.045761
11.552349 -0.066888
11.557350 -0.086005
11.562351 -0.100352
11.567352 -0.109339
11.572353 -0.109930
11.577354 -0.103820
11.582355 -0.094715
11.587356 -0.083009
11.592357 -0.070238
11.597358 -0.057547
11.602359 -0.046037
11.607360 -0.032715
11.612361 -0.017028
11.617362 -0.001104
11.622363 0.016239
11.627364 0.030034
11.632365 0.039888
11.637366 0.045288
11.642367 0.044184
11.647368 0.041859
11.652369 0.038903
11.657370 0.038233
11.662371 0.040006
11.667372 0.040479
11.672373 0.042095
11.677374 0.043081
11.682375 0.042765
11.687376 0.041740
11.692377 0.039021
11.697378 0.037562
11.702379 0.037168
11.707380 0.038469
11.712381 0.041583
11.717382 0.044145
11.722383 0.046076
11.727384 0.045918
11.732385 0.043041
11.737386 0.037759
11.742387 0.030743
11.747388 0.021954
11.752389 0.012021
11.757390 0.003862
11.762391 -0.003075
11.767392 -0.008120
11.772393 -0.009737
11.777394 -0.010643
11.782395 -0.011471
11.787396 -0.012653
11.792397 -0.013678
11.797398 -0.013875
11.802399 -0.013757
11.807400 -0.011353
11.812401 -0.008515
11.817402 -0.006426
11.822403 -0.004061
11.827404 -0.003470
11.832405 -0.004849
11.837406 -0.007490
11.842407 -0.010328
11.847408 -0.012693
11.852410 -0.014624
11.857411 -0.015216
11.862412 -0.014270
11.867413 -0.012693
11.872414 -0.013127
11.877415 -0.015413
11.882416 -0.019039
11.887417 -0.026331
11.892418 -0.035988
11.897419 -0.045172
11.902420 -0.051754
11.907421 -0.053488
11.912422 -0.050532
11.917423 -0.043043
11.922424 -0.033111
11.927425 -0.024045
11.932426 -0.016674
11.937427 -0.012023
11.942428 -0.007136
11.947429 -0.002603
11.952430 -0.000632
11.957431 0.002797
11.962432 0.007054
11.967433 0.013202
11.972434 0.022071
11.977435 0.033186
11.982436 0.045208
11.987437 0.053840
11.992438 0.057387
11.997439 0.053564
12.002440 0.043868
12.007441 0.030230
12.012442 0.013202
12.017443 -0.004022
12.022444 -0.018843
12.027445 -0.030470
12.032446 -0.039417
12.037447 -0.045330
12.042448 -0.048680
12.047449 -0.050690
12.052450 -0.051873
12.057451 -0.049429
12.062452 -0.043556
12.067453 -0.035003
12.072454 -0.024597
12.077455 -0.014271
12.082456 -0.002131
12.087457 0.008945
12.092458 0.018957
12.097459 0.027707
12.102460 0.034841
12.107461 0.042369
12.112462 0.046784
12.117463 0.049149
12.122464 0.050962
12.127465 0.051395
12.132466 0.051356
12.137467 0.050646
12.142468 0.048479
12.147469 0.045680
12.152471 0.042960
12.157472 0.039807
12.162473 0.037639
12.167474 0.035668
12.172475 0.031924
12.177476 0.025381
12.182477 0.016788
12.187478 0.007250
12.192479 -0.001737
12.197480 -0.008832
12.202481 -0.015572
12.207482 -0.020459
12.212483 -0.023967
12.217484 -0.028224
12.222485 -0.031377
12.227486 -0.033506
12.232487 -0.034886
12.237488 -0.036107
12.242489 -0.039221
12.247490 -0.042808
12.252491 -0.045449
12.257492 -0.048208
12.262493 -0.048799
12.267494 -0.047065
12.272495 -0.043360
12.277496 -0.036659
12.282497 -0.028343
12.287498 -0.017149
12.292499 -0.004299
12.297500 0.005988
12.302501 0.015054
12.307502 0.022542
12.312503 0.026996
12.317504 0.029834
12.322505 0.029401
12.327506 0.026287
12.332507 0.023331
12.337508 0.020059
12.342509 0.017340
12.347510 0.015802
12.352511 0.015881
12.357512 0.018522
12.362513 0.021872
12.367514 0.025695
12.372515 0.030622
12.377516 0.035234
12.382517 0.037954
12.387518 0.038308
12.392519 0.037481
12.397520 0.036101
12.402521 0.033618
12.407522 0.030819
12.412523 0.028691
12.417524 0.027154
12.422525 0.025419
12.427526 0.023961
12.432527 0.019743
12.437528 0.011742
12.442529 0.003307
12.447531 -0.007414
12.452532 -0.018805
12.457533 -0.028816
12.462534 -0.039419
12.467535 -0.048209
12.472536 -0.054910
12.477537 -0.060310
12.482538 -0.063857
12.487539 -0.066301
12.492540 -0.067838
12.497541 -0.069336
12.502542 -0.070203
12.507543 -0.070361
12.512544 -0.071070
12.517545 -0.070242
12.522546 -0.067877
12.527547 -0.064764
12.532548 -0.059640
12.537549 -0.053136
12.542550 -0.044701
12.547551 -0.035517
12.552552 -0.026610
12.557553 -0.016125
12.562554 -0.004971
12.567555 0.005947
12.572556 0.016668
12.577557 0.026168
12.582558 0.034602
12.587559 0.042328
12.592560 0.048674
12.597561 0.053443
12.602562 0.056990
12.607563 0.060065
12.612564 0.062193
12.617565 0.064558
12.622566 0.068500
12.627567 0.071929
12.632568 0.074609
12.637569 0.075437
12.642570 0.074412
12.647571 0.070983
12.652572 0.064518
12.657573 0.056714
12.662574 0.046387
12.667575 0.033932
12.672576 0.019348
12.677577 0.005435
12.682578 -0.007967
12.687579 -0.020304
12.692580 -0.030394
12.697581 -0.039893
12.702582 -0.044860
12.707583 -0.049353
12.712584 -0.052309
12.717585 -0.051284
12.722586 -0.048919
12.727587 -0.043598
12.732588 -0.036898
12.737589 -0.028542
12.742590 -0.019516
12.747592 -0.011081
12.752593 -0.003434
12.757594 0.003542
12.762595 0.009297
12.767596 0.014066
12.772597 0.018441
12.777598 0.021476
12.782599 0.024354
12.787600 0.026679
12.792601 0.028453
12.797602 0.028689
12.802603 0.028098
12.807604 0.027704
12.812605 0.027034
12.817606 0.025694
12.822607 0.021870
12.827608 0.016510
12.832609 0.007720
12.837610 -0.002489
12.842611 -0.012461
12.847612 -0.021369
12.852613 -0.026532
12.857614 -0.028779
12.862615 -0.026256
12.867616 -0.019831
12.872617 -0.010648
12.877618 0.000270
12.882619 0.010834
12.887620 0.018047
12.892621 0.020648
12.897622 0.019860
12.902623 0.014657
12.907624 0.006458
12.912625 -0.003553
12.917626 -0.015496
12.922627 -0.028109
12.927628 -0.038357
12.932629 -0.047265
12.937630 -0.053374
12.942631 -0.054557
12.947632 -0.054360
12.952633 -0.050852
12.957634 -0.045176
12.962635 -0.040959
12.967636 -0.038791
12.972637 -0.037056
12.977638 -0.035283
12.982639 -0.033627
12.987640 -0.030514
12.992641 -0.024286
12.997642 -0.014156
13.002643 -0.003238
13.007644 0.009572
13.012645 0.024077
13.017646 0.036690
13.022647 0.046859
13.027648 0.052653
13.032649 0.053481
13.037650 0.048869
13.042651 0.039133
13.047653 0.027742
13.052654 0.016509
13.057655 0.005709
13.062656 -0.002765
13.067657 -0.008954
13.072658 -0.013132
13.077659 -0.015418
13.082660 -0.016521
13.087661 -0.018492
13.092662 -0.024089
13.097663 -0.030396
13.102664 -0.036229
13.107665 -0.042378
13.112666 -0.046201
13.117667 -0.046674
13.122668 -0.043088
13.127669 -0.035953
13.132670 -0.025784
13.137671 -0.011240
13.142672 0.004290
13.147673 0.017612
13.152674 0.030343
13.157675 0.041419
13.162676 0.049696
13.167677 0.055648
13.172678 0.058604
13.177679 0.060299
13.182680 0.061363
13.187681 0.059747
13.192682 0.057224
13.197683 0.056081
13.202684 0.057027
13.207685 0.059629
13.212686 0.061166
13.217687 0.061560
13.222688 0.061442
13.227689 0.057737
13.232690 0.050327
13.237691 0.041024
13.242692 0.029042
13.247693 0.016271
13.252694 0.002949
13.257695 -0.009703
13.262696 -0.019281
13.267697 -0.028820
13.272698 -0.037570
13.277699 -0.043207
13.282700 -0.046990
13.287701 -0.049237
13.292702 -0.049316
13.297703 -0.046991
13.302704 -0.042261
13.307705 -0.036940
13.312706 -0.032092
13.317707 -0.026495
13.322708 -0.022868
13.327709 -0.021174
13.332710 -0.019163
13.337711 -0.019124
13.342712 -0.020031
13.347714 -0.021174
13.352715 -0.022435
13.357716 -0.023144
13.362717 -0.024918
13.367718 -0.027125
13.372719 -0.029687
13.377720 -0.032920
13.382721 -0.035994
13.387722 -0.038122
13.392723 -0.039660
13.397724 -0.041039
13.402725 -0.040763
13.407726 -0.040409
13.412727 -0.039936
13.417728 -0.038004
13.422729 -0.033747
13.427730 -0.026653
13.432731 -0.017666
13.437732 -0.006866
13.442733 0.005707
13.447734 0.018438
13.452735 0.029711
13.457736 0.040511
13.462737 0.050720
13.467738 0.057184
13.472739 0.058563
13.477740 0.057144
13.482741 0.053124
13.487742 0.046739
13.492743 0.039013
13.497744 0.032510
13.502745 0.028765
13.507746 0.026440
13.512747 0.027504
13.517748 0.031130
13.522749 0.035190
13.527750 0.037200
13.532751 0.035071
13.537752 0.031012
13.542753 0.025257
13.547754 0.017571
13.552755 0.009215
13.557756 0.001884
13.562757 -0.005014
13.567758 -0.010217
13.572759 -0.012464
13.577760 -0.014395
13.582761 -0.014632
13.587762 -0.012937
13.592763 -0.010217
13.597764 -0.006591
13.602765 -0.002531
13.607766 0.000346
13.612767 -0.000206
13.617768 -0.002452
13.622769 -0.006946
13.627770 -0.013489
13.632771 -0.019914
13.637772 -0.026102
13.642773 -0.030319
13.647775 -0.031896
13.652776 -0.028388
13.657777 -0.023461
13.662778 -0.020663
13.667779 -0.016682
13.672780 -0.013883
13.677781 -0.013055
13.682782 -0.012701
13.687783 -0.013528
13.692784 -0.013923
13.697785 -0.014277
13.702786 -0.013726
13.707787 -0.011164
13.712788 -0.007498
13.717789 -0.004384
13.722790 -0.002335
13.727791 -0.000285
13.732792 0.001765
13.737793 0.005115
13.742794 0.008071
13.747795 0.011461
13.752796 0.015915
13.757797 0.018555
13.762798 0.020723
13.767799 0.022260
13.772800 0.023601
13.777801 0.025098
13.782802 0.024625
13.787803 0.022891
13.792804 0.020211
13.797805 0.016939
13.802806 0.012879
13.807807 0.005982
13.812808 -0.000758
13.817809 -0.005331
13.822810 -0.007459
13.827811 -0.006277
13.832812 -0.002453
13.837813 0.003656
13.842814 0.010041
13.847815 0.016663
13.852816 0.022221
13.857817 0.026202
13.862818 0.027975
13.867819 0.025374
13.872820 0.020841
13.877821 0.013510
13.882822 0.004720
13.887823 -0.003636
13.892824 -0.012426
13.897825 -0.019993
13.902826 -0.026812
13.907827 -0.032173
13.912828 -0.036390
13.917829 -0.040687
13.922830 -0.043800
13.927831 -0.045692
13.932832 -0.046954
13.937833 -0.046363
13.942834 -0.044195
13.947836 -0.041515
13.952837 -0.037336
13.957838 -0.032922
13.962839 -0.028468
13.967840 -0.024487
13.972841 -0.021097
13.977842 -0.017511
13.982843 -0.014988
13.987844 -0.013214
13.992845 -0.011756
13.997846 -0.011086
14.002847 -0.011323
14.007848 -0.011520
14.012849 -0.010652
14.017850 -0.007381
14.022851 -0.002139
14.027852 0.003616
14.032853 0.010514
14.037854 0.016820
14.042855 0.022220
14.047856 0.027975
14.052857 0.033138
14.057858 0.038538
14.062859 0.044726
14.067860 0.050284
14.072861 0.055250
14.077862 0.059586
14.082863 0.062699
14.087864 0.062778
14.092865 0.060256
14.097866 0.056590
14.102867 0.049574
14.107868 0.041967
14.112869 0.032901
14.117870 0.021471
14.122871 0.011617
14.127872 0.001921
14.132873 -0.007027
14.137874 -0.014870
14.142875 -0.021216
14.147876 -0.026774
14.152877 -0.031425
14.157878 -0.034775
14.162879 -0.038756
14.167880 -0.041713
14.172881 -0.044669
14.177882 -0.047152
14.182883 -0.048098
14.187884 -0.048610
14.192885 -0.049280
14.197886 -0.051330
14.202887 -0.053183
14.207888 -0.053971
14.212889 -0.053774
14.217890 -0.052197
14.222891 -0.047743
14.227892 -0.041003
14.232893 -0.033909
14.237894 -0.026301
14.242895 -0.019640
14.247897 -0.014083
14.252898 -0.008919
14.257899 -0.004111
14.262900 0.001211
14.267901 0.006847
14.272902 0.011577
14.277903 0.015834
14.282904 0.019775
14.287905 0.022495
14.292906 0.024505
14.297907 0.027382
14.302908 0.031284
14.307909 0.036014
14.312910 0.041493
14.317911 0.047287
14.322912 0.053002
14.327913 0.058323
14.332914 0.062738
14.337915 0.064906
14.342916 0.065694
14.347917 0.066088
14.352918 0.064906
14.357919 0.064038
14.362920 0.061831
14.367921 0.057889
14.372922 0.052726
14.377923 0.044173
14.382924 0.034950
14.387925 0.024820
14.392926 0.015400
14.397927 0.007832
14.402928 0.001880
14.407929 -0.001273
14.412930 -0.003559
14.417931 -0.004781
14.422932 -0.006476
14.427933 -0.010615
14.432934 -0.016685
14.437935 -0.022991
14.442936 -0.028076
14.447937 -0.032609
14.452938 -0.036393
14.457939 -0.038009
14.462940 -0.039231
14.467941 -0.039704
14.472942 -0.037693
14.477943 -0.036472
14.482944 -0.035999
14.487945 -0.035289
14.492946 -0.033831
14.497947 -0.030480
14.502948 -0.026736
14.507949 -0.022913
14.512950 -0.019089
14.517951 -0.015463
14.522952 -0.013138
14.527953 -0.012744
14.532954 -0.012152
14.537955 -0.011955
14.542956 -0.012862
14.547958 -0.013690
14.552959 -0.014557
14.557960 -0.014675
14.562961 -0.013926
14.567962 -0.012744
14.572963 -0.011877
14.577964 -0.010024
14.582965 -0.006359
14.587966 -0.004191
14.592967 -0.003363
14.597968 -0.002220
14.602969 -0.000801
14.607970 -0.000013
14.612971 0.000500
14.617972 0.002037
14.622973 0.004086
14.627974 0.006609
14.632975 0.008658
14.637976 0.012048
14.642977 0.016344
14.647978 0.018473
14.652979 0.018512
14.657980 0.017330
14.662981 0.014413
14.667982 0.009013
14.672983 0.003850
14.677984 -0.001511
14.682985 -0.006635
14.687986 -0.009670
14.692987 -0.011759
14.697988 -0.012074
14.702989 -0.009158
14.707990 -0.004428
14.712991 -0.000329
14.717992 0.004086
14.722993 0.007436
14.727994 0.008934
14.732995 0.009683
14.737996 0.007673
14.742997 0.005426
14.747998 0.003573
14.752999 0.001484
14.758000 0.001011
14.763001 0.002864
14.768002 0.007791
14.773003 0.014373
14.778004 0.021980
14.783005 0.029745
14.788006 0.036288
14.793007 0.040624
14.798008 0.041412
14.803009 0.040505
14.808010 0.037589
14.813011 0.033568
14.818012 0.030060
14.823013 0.026198
14.828014 0.024148
14.833015 0.023596
14.838016 0.022571
14.843017 0.022256
14.848019 0.022571
14.853020 0.020916
14.858021 0.018275
14.863022 0.014728
14.868023 0.009209
14.873024 0.003060
14.878025 -0.003995
14.883026 -0.011326
14.888027 -0.017475
14.893028 -0.022284
14.898029 -0.026738
14.903030 -0.028433
14.908031 -0.027290
14.913032 -0.026620
14.918033 -0.026935
14.923034 -0.027802
14.928035 -0.028078
14.933036 -0.030049
14.938037 -0.032768
14.943038 -0.034739
14.948039 -0.037577
14.953040 -0.039311
14.958041 -0.039982
14.963042 -0.040376
14.968043 -0.039666
14.973044 -0.039193
14.978045 -0.038799
14.983046 -0.037104
14.988047 -0.035055
14.993048 -0.030798
14.998049 -0.025437
15.003050 -0.020432
15.008051 -0.013652
15.013052 -0.006755
15.018053 -0.000960
15.023054 0.004834
15.028055 0.009958
15.033056 0.013032
15.038057 0.015909
15.043058 0.017643
15.048059 0.018077
15.053060 0.018865
15.058061 0.018944
15.063062 0.018905
15.068063 0.018038
15.073064 0.017880
15.078065 0.018786
15.083066 0.019102
15.088067 0.019496
15.093068 0.019772
15.098069 0.020718
15.103070 0.021191
15.108071 0.021427
15.113072 0.021703
15.118073 0.021703
15.123074 0.021033
15.128075 0.019220
15.133076 0.017210
15.138077 0.013386
15.143078 0.008223
15.148080 0.002153
15.153081 -0.003287
15.158082 -0.007465
15.163083 -0.010500
15.168084 -0.011643
15.173085 -0.012155
15.178086 -0.008687
15.183087 -0.004627
15.188088 -0.002025
15.193089 0.001995
15.198090 0.004478
15.203091 0.006370
15.208092 0.006725
15.213093 0.005227
15.218094 0.003769
15.223095 0.000852
15.228096 -0.002420
15.233097 -0.004706
15.238098 -0.006874
15.243099 -0.008608
15.248100 -0.009199
15.253101 -0.008726
15.258102 -0.007110
15.263103 -0.005140
15.268104 -0.002420
15.273105 0.000733
15.278106 0.004084
15.283107 0.007710
15.288108 0.009562
15.293109 0.011730
15.298110 0.011257
15.303111 0.009759
15.308112 0.009444
15.313113 0.006015
15.318114 0.003729
15.323115 0.001403
15.328116 -0.001277
15.333117 -0.002223
15.338118 -0.003090
15.343119 -0.001947
15.348120 -0.000095
15.353121 0.001521
15.358122 0.005266
15.363123 0.009404
15.368124 0.011966
15.373125 0.015829
15.378126 0.019692
15.383127 0.022096
15.388128 0.022648
15.393129 0.021426
15.398130 0.021071
15.403131 0.021347
15.408132 0.021978
15.413133 0.023002
15.418134 0.024658
15.423135 0.026826
15.428136 0.027535
15.433137 0.025880
15.438138 0.022175
15.443139 0.015947
15.448141 0.007118
15.453142 -0.003248
15.458143 -0.014718
15.463144 -0.026031
15.468145 -0.035372
15.473146 -0.043768
15.478147 -0.051848
15.483148 -0.056775
15.488149 -0.058824
15.493150 -0.059692
15.498151 -0.059731
15.503152 -0.058430
15.508153 -0.053897
15.513154 -0.047985
15.518155 -0.041797
15.523156 -0.033717
15.528157 -0.025282
15.533158 -0.018424
15.538159 -0.012157
15.543160 -0.006639
15.548161 -0.003485
15.553162 -0.002224
15.558163 -0.002224
15.563164 -0.004313
15.568165 -0.007112
15.573166 -0.009358
15.578167 -0.012748
15.583168 -0.014719
15.588169 -0.015901
15.593170 -0.017202
15.598171 -0.016138
15.603172 -0.014285
15.608173 -0.012157
15.613174 -0.010975
15.618175 -0.009319
15.623176 -0.007900
15.628177 -0.007348
15.633178 -0.005851
15.638179 -0.005811
15.643180 -0.005259
15.648181 -0.002737
15.653182 0.000535
15.658183 0.006092
15.663184 0.013266
15.668185 0.021661
15.673186 0.030806
15.678187 0.038137
15.683188 0.044246
15.688189 0.048818
15.693190 0.050474
15.698191 0.049843
15.703192 0.045941
15.708193 0.040659
15.713194 0.035732
15.718195 0.031475
15.723196 0.027849
15.728197 0.025051
15.733198 0.023592
15.738199 0.021937
15.743200 0.019257
15.748202 0.016419
15.753203 0.014251
15.758204 0.010979
15.763205 0.008457
15.768206 0.006683
15.773207 0.004712
15.778208 0.004633
15.783209 0.005225
15.788210 0.005934
15.793211 0.007313
15.798212 0.009205
15.803213 0.010664
15.808214 0.011294
15.813215 0.012240
15.818216 0.012634
15.823217 0.010861
15.828218 0.009048
15.833219 0.007707
15.838220 0.005382
15.843221 0.003017
15.848222 0.000179
15.853223 -0.001082
15.858224 -0.000609
15.863225 -0.000018
15.868226 0.001086
15.873227 0.001834
15.878228 0.000731
15.883229 -0.001674
15.888230 -0.004787
15.893231 -0.009399
15.898232 -0.013814
15.903233 -0.017795
15.908234 -0.022130
15.913235 -0.027412
15.918236 -0.031629
15.923237 -0.034783
15.928238 -0.038330
15.933239 -0.040143
15.938240 -0.041365
15.943241 -0.040498
15.948242 -0.037187
15.953243 -0.033443
15.958244 -0.027846
15.963245 -0.021618
15.968246 -0.016218
15.973247 -0.012237
15.978248 -0.008532
15.983249 -0.005379
15.988250 -0.004827
15.993251 -0.005103
15.998252 -0.005143
16.003253 -0.005813
16.008254 -0.006443
16.013255 -0.006365
16.018256 -0.005773
16.023257 -0.004118
16.028258 -0.001595
16.033259 0.002031
16.038260 0.006642
16.043261 0.011688
16.048263 0.015590
16.053264 0.017757
16.058265 0.018861
16.063266 0.017600
16.068267 0.015668
16.073268 0.013461
16.078269 0.011333
16.083270 0.011963
16.088271 0.013185
16.093272 0.015432
16.098273 0.018585
16.103274 0.021423
16.108275 0.023945
16.113276 0.024418
16.118277 0.024143
16.123278 0.023512
16.128279 0.021147
16.133280 0.018506
16.138281 0.016772
16.143282 0.014249
16.148283 0.011766
16.153284 0.009283
16.158285 0.005775
16.163286 0.003765
16.168287 0.001478
16.173288 -0.000808
16.178289 -0.002108
16.183290 -0.002936
16.188291 -0.003527
16.193292 -0.006089
16.198293 -0.009519
16.203294 -0.012475
16.208295 -0.014840
16.213296 -0.016850
16.218297 -0.017796
16.223298 -0.016141
16.228299 -0.012711
16.233300 -0.009046
16.238301 -0.005893
16.243302 -0.003015
16.248303 -0.002306
16.253304 -0.001912
16.258305 -0.001202
16.263306 -0.002227
16.268307 -0.001951
16.273308 -0.001912
16.278309 -0.003331
16.283310 -0.004592
16.288311 -0.005538
16.293312 -0.006839
16.298313 -0.007942
16.303314 -0.009046
16.308315 -0.009874
16.313316 -0.009125
16.318317 -0.010386
16.323318 -0.011608
16.328319 -0.011845
16.333320 -0.012121
16.338321 -0.010662
16.343322 -0.009795
16.348324 -0.008021
16.353325 -0.005341
16.358326 -0.002937
16.363327 -0.000138
16.368328 0.002699
16.373329 0.005183
16.378330 0.007390
16.383331 0.010346
16.388332 0.012593
16.393333 0.014012
16.398334 0.014839
16.403335 0.016179
16.408336 0.018032
16.413337 0.018465
16.418338 0.019530
16.423339 0.019333
16.428340 0.018268
16.433341 0.017795
16.438342 0.016100
16.443343 0.014484
16.448344 0.012671
16.453345 0.009676
16.458346 0.006838
16.463347 0.004236
16.468348 0.000807
16.473349 -0.002386
16.478350 -0.005026
16.483351 -0.007037
16.488352 -0.008929
16.493353 -0.009835
16.498354 -0.010151
16.503355 -0.011294
16.508356 -0.011254
16.513357 -0.012043
16.518358 -0.013067
16.523359 -0.013935
16.528360 -0.016339
16.533361 -0.016378
16.538362 -0.014841
16.543363 -0.012752
16.548364 -0.009559
16.553365 -0.005776
16.558366 -0.001401
16.563367 0.001713
16.568368 0.004945
16.573369 0.008335
16.578370 0.010069
16.583371 0.011291
16.588372 0.011567
16.593373 0.011055
16.598374 0.010660
16.603375 0.008453
16.608376 0.005655
16.613377 0.003250
16.618378 0.000136
16.623379 -0.002977
16.628380 -0.005815
16.633381 -0.006919
16.638382 -0.007116
16.643383 -0.007629
16.648385 -0.007274
16.653386 -0.007313
16.658387 -0.008141
16.663388 -0.008417
16.668389 -0.008456
16.673390 -0.008732
16.678391 -0.008969
16.683392 -0.009166
16.688393 -0.009284
16.693394 -0.010112
16.698395 -0.010348
16.703396 -0.010073
16.708397 -0.010506
16.713398 -0.009008
16.718399 -0.007038
16.723400 -0.005225
16.728401 -0.002190
16.733402 -0.000692
16.738403 -0.000337
16.743404 -0.000416
16.748405 -0.001795
16.753406 -0.002623
16.758407 -0.003333
16.763408 -0.004042
16.768409 -0.003017
16.773410 -0.002071
16.778411 -0.001244
16.783412 0.001082
16.788413 0.003880
16.793414 0.006797
16.798415 0.009714
16.803416 0.012394
16.808417 0.015113
16.813418 0.016848
16.818419 0.017321
16.823420 0.017794
16.828421 0.017478
16.833422 0.015389
16.838423 0.012394
16.843424 0.008649
16.848425 0.005654
16.853426 0.003604
16.858427 0.001830
16.863428 0.000490
16.868429 0.000293
16.873430 0.001515
16.878431 0.002146
16.883432 0.003289
16.888433 0.004589
16.893434 0.004865
16.898435 0.004471
16.903436 0.004037
16.908437 0.004313
16.913438 0.002540
16.918439 0.000135
16.923440 -0.001678
16.928441 -0.005186
16.933442 -0.008221
16.938443 -0.012044
16.943444 -0.016814
16.948446 -0.019730
16.953447 -0.022292
16.958448 -0.024184
16.963449 -0.024500
16.968450 -0.023396
16.973451 -0.021228
16.978452 -0.018351
16.983453 -0.014685
16.988454 -0.010980
16.993455 -0.007354
16.998456 -0.003925
17.003457 -0.000259
17.008458 0.002933
17.013459 0.005101
17.018460 0.006993
17.023461 0.008609
17.028462 0.009043
17.033463 0.009752
17.038464 0.009989
17.043465 0.008885
17.048466 0.009082
17.053467 0.009791
17.058468 0.009003
17.063469 0.007584
17.068470 0.007111
17.073471 0.005298
17.078472 0.002302
17.083473 -0.000693
17.088474 -0.004004
17.093475 -0.006211
17.098476 -0.009404
17.103477 -0.012360
17.108478 -0.013503
17.113479 -0.013898
17.118480 -0.012991
17.123481 -0.011730
17.128482 -0.009483
17.133483 -0.007000
17.138484 -0.004280
17.143485 -0.000260
17.148486 0.004391
17.153487 0.009830
17.158488 0.015822
17.163489 0.020236
17.168490 0.022956
17.173491 0.025321
17.178492 0.024453
17.183493 0.022010
17.188494 0.018265
17.193495 0.013654
17.198496 0.011722
17.203497 0.009515
17.208498 0.008372
17.213499 0.007938
17.218500 0.007110
17.223501 0.006007
17.228502 0.003484
17.233503 0.001237
17.238504 -0.002428
17.243505 -0.007040
17.248507 -0.012203
17.253508 -0.017327
17.258509 -0.020323
17.263510 -0.022097
17.268511 -0.023752
17.273512 -0.024146
17.278513 -0.021781
17.283514 -0.019062
17.288515 -0.015278
17.293516 -0.010390
17.298517 -0.005621
17.303518 -0.001167
17.308519 0.001750
17.313520 0.004351
17.318521 0.005652
17.323522 0.005652
17.328523 0.004745
17.333524 0.004036
17.338525 0.004666
17.343526 0.005454
17.348527 0.006873
17.353528 0.008411
17.358529 0.010263
17.363530 0.011524
17.368531 0.011918
17.373532 0.011682
17.378533 0.011327
17.383534 0.011918
17.388535 0.011761
17.393536 0.012037
17.398537 0.012864
17.403538 0.014283
17.408539 0.016530
17.413540 0.018895
17.418541 0.021654
17.423542 0.024886
17.428543 0.028039
17.433544 0.029970
17.438545 0.030877
17.443546 0.030877
17.448547 0.030325
17.453548 0.028670
17.458549 0.026778
17.463550 0.025792
17.468551 0.023033
17.473552 0.018895
17.478553 0.014204
17.483554 0.008725
17.488555 0.002971
17.493556 -0.003927
17.498557 -0.010391
17.503558 -0.015476
17.508559 -0.020521
17.513560 -0.025172
17.518561 -0.028759
17.523562 -0.031242
17.528563 -0.033686
17.533564 -0.035578
17.538565 -0.036760
17.543566 -0.036327
17.548568 -0.035184
17.553569 -0.034435
17.558570 -0.031912
17.563571 -0.029271
17.568572 -0.025803
17.573573 -0.021113
17.578574 -0.016816
17.583575 -0.011613
17.588576 -0.007041
17.593577 -0.003139
17.598578 0.001118
17.603579 0.004468
17.608580 0.007266
17.613581 0.009986
17.618582 0.011484
17.623583 0.012745
17.628584 0.014085
17.633585 0.013967
17.638586 0.013849
17.643587 0.014322
17.648588 0.013100
17.653589 0.010971
17.658590 0.008882
17.663591 0.005571
17.668592 0.002970
17.673593 0.000368
17.678594 -0.004007
17.683595 -0.008185
17.688596 -0.012481
17.693597 -0.016501
17.698598 -0.018906
17.703599 -0.020285
17.708600 -0.020995
17.713601 -0.020207
17.718602 -0.018393
17.723603 -0.016620
17.728604 -0.014846
17.733605 -0.014058
17.738606 -0.013900
17.743607 -0.014610
17.748608 -0.015792
17.753609 -0.015516
17.758610 -0.014964
17.763611 -0.013861
17.768612 -0.011023
17.773613 -0.007752
17.778614 -0.004007
17.783615 0.000723
17.788616 0.004901
17.793617 0.009236
17.798618 0.013533
17.803619 0.016647
17.808620 0.020430
17.813621 0.024411
17.818622 0.027840
17.823623 0.030836
17.828624 0.033713
17.833625 0.036039
17.838626 0.037773
17.843627 0.038128
17.848629 0.036709
17.853630 0.035250
17.858631 0.033358
17.863632 0.032610
17.868633 0.032255
17.873634 0.029811
17.878635 0.028156
17.883636 0.025830
17.888637 0.022440
17.893638 0.019957
17.898639 0.017395
17.903640 0.014281
17.908641 0.010537
17.913642 0.007226
17.918643 0.002654
17.923644 -0.001958
17.928645 -0.006806
17.933646 -0.013349
17.938647 -0.017606
17.943648 -0.022139
17.948649 -0.026317
17.953650 -0.028682
17.958651 -0.031323
17.963652 -0.032978
17.968653 -0.035067
17.973654 -0.037629
17.978655 -0.039797
17.983656 -0.041689
17.988657 -0.043857
17.993658 -0.046616
17.998659 -0.047720
18.003660 -0.048587
18.008661 -0.048981
18.013662 -0.047956
18.018663 -0.046459
18.023664 -0.042517
18.028665 -0.037787
18.033666 -0.031796
18.038667 -0.023952
18.043668 -0.016345
18.048669 -0.007989
18.053670 -0.000264
18.058671 0.007146
18.063672 0.013965
18.068673 0.018774
18.073674 0.021966
18.078675 0.024055
18.083676 0.025908
18.088677 0.026184
18.093678 0.026342
18.098679 0.027130
18.103680 0.027248
18.108681 0.026814
18.113682 0.026460
18.118683 0.025632
18.123684 0.024607
18.128685 0.023937
18.133686 0.021611
18.138687 0.019365
18.143688 0.016763
18.148690 0.013098
18.153691 0.010496
18.158692 0.007382
18.163693 0.003953
18.168694 0.001470
18.173695 0.000406
18.178696 -0.000698
18.183697 -0.002117
18.188698 -0.002590
18.193699 -0.003260
18.198700 -0.003812
18.203701 -0.003142
18.208702 -0.001565
18.213703 -0.001368
18.218704 -0.001605
18.223705 -0.001132
18.228706 -0.001171
18.233707 -0.001683
18.238708 -0.002787
18.243709 -0.002945
18.248710 -0.002511
18.253711 -0.003300
18.258712 -0.004088
18.263713 -0.004719
18.268714 -0.005192
18.273715 -0.005901
18.278716 -0.006177
18.283717 -0.005034
18.288718 -0.003930
18.293719 -0.002236
18.298720 0.000445
18.303721 0.004426
18.308722 0.008761
18.313723 0.012821
18.318724 0.016960
18.323725 0.020428
18.328726 0.022990
18.333727 0.023818
18.338728 0.024370
18.343729 0.024843
18.348730 0.023463
18.353731 0.021808
18.358732 0.020822
18.363733 0.018891
18.368734 0.017630
18.373735 0.017669
18.378736 0.016762
18.383737 0.015698
18.388738 0.014516
18.393739 0.013175
18.398740 0.011875
18.403741 0.009904
18.408742 0.008130
18.413743 0.005962
18.418744 0.003755
18.423745 0.001430
18.428746 -0.001842
18.433747 -0.003379
18.438748 -0.005744
18.443749 -0.009370
18.448751 -0.011814
18.453752 -0.014258
18.458753 -0.015598
18.463754 -0.017096
18.468755 -0.017490
18.473756 -0.017293
18.478757 -0.017017
18.483758 -0.014849
18.488759 -0.013312
18.493760 -0.011026
18.498761 -0.008385
18.503762 -0.005823
18.508763 -0.003498
18.513764 -0.001842
18.518765 0.000286
18.523766 0.000838
18.528767 0.001547
18.533768 0.002375
18.538769 0.001981
18.543770 0.001350
18.548771 -0.000502
18.553772 -0.002276
18.558773 -0.005548
18.563774 -0.010238
18.568775 -0.014258
18.573776 -0.017569
18.578777 -0.020328
18.583778 -0.023521
18.588779 -0.024940
18.593780 -0.025728
18.598781 -0.026911
18.603782 -0.027581
18.608783 -0.028803
18.613784 -0.029670
18.618785 -0.031010
18.623786 -0.032469
18.628787 -0.033651
18.633788 -0.035267
18.638789 -0.035425
18.643790 -0.035622
18.648791 -0.035977
18.653792 -0.035110
18.658793 -0.033099
18.663794 -0.029946
18.668795 -0.026556
18.673796 -0.023088
18.678797 -0.018989
18.683798 -0.014141
18.688799 -0.010712
18.693800 -0.006809
18.698801 -0.000897
18.703802 0.003872
18.708803 0.008405
18.713804 0.013962
18.718805 0.020466
18.723806 0.025945
18.728807 0.030517
18.733808 0.035680
18.738809 0.040055
18.743810 0.044194
18.748812 0.048135
18.753813 0.051131
18.758814 0.054166
18.763815 0.055703
18.768816 0.055861
18.773817 0.055309
18.778818 0.054718
18.783819 0.053851
18.788820 0.051052
18.793821 0.048569
18.798822 0.045573
18.803823 0.043011
18.808824 0.040607
18.813825 0.036429
18.818826 0.033118
18.823827 0.028073
18.828828 0.023816
18.833829 0.019165
18.838830 0.012701
18.843831 0.008050
18.848832 0.002847
18.853833 -0.001450
18.858834 -0.006140
18.863835 -0.010082
18.868836 -0.013353
18.873837 -0.018004
18.878838 -0.022498
18.883839 -0.027779
18.888840 -0.032154
18.893841 -0.036766
18.898842 -0.041220
18.903843 -0.044137
18.908844 -0.045713
18.913845 -0.046147
18.918846 -0.046462
18.923847 -0.045438
18.928848 -0.043427
18.933849 -0.040156
18.938850 -0.036845
18.943851 -0.031760
18.948852 -0.024272
18.953853 -0.017571
18.958854 -0.010319
18.963855 -0.002869
18.968856 0.003635
18.973857 0.009468
18.978858 0.014316
18.983859 0.018100
18.988860 0.021411
18.993861 0.023539
18.998862 0.024367
19.003863 0.025313
19.008864 0.025983
19.013865 0.024958
19.018866 0.022160
19.023867 0.020346
19.028868 0.017548
19.033869 0.012582
19.038870 0.009389
19.043871 0.006393
19.048873 0.003595
19.053874 0.001190
19.058875 -0.001687
19.063876 -0.003579
19.068877 -0.006062
19.073878 -0.008782
19.078879 -0.011659
19.083880 -0.014970
19.088881 -0.017099
19.093882 -0.018044
19.098883 -0.017926
19.103884 -0.017887
19.108885 -0.017099
19.113886 -0.015010
19.118887 -0.012842
19.123888 -0.011108
19.128889 -0.010004
19.133890 -0.009531
19.138891 -0.009216
19.143892 -0.009097
19.148893 -0.009452
19.153894 -0.008230
19.158895 -0.006930
19.163896 -0.006535
19.168897 -0.006141
19.173898 -0.006181
19.178899 -0.006181
19.183900 -0.007166
19.188901 -0.008191
19.193902 -0.008822
19.198903 -0.010280
19.203904 -0.012251
19.208905 -0.012606
19.213906 -0.013473
19.218907 -0.014971
19.223908 -0.014064
19.228909 -0.013197
19.233910 -0.011029
19.238911 -0.007245
19.243912 -0.003816
19.248913 -0.000269
19.253914 0.003003
19.258915 0.006235
19.263916 0.008876
19.268917 0.011083
19.273918 0.013487
19.278919 0.015616
19.283920 0.017113
19.288921 0.018769
19.293922 0.019991
19.298923 0.020345
19.303924 0.021843
19.308925 0.023617
19.313926 0.025154
19.318927 0.027479
19.323928 0.029647
19.328929 0.030554
19.333930 0.030396
19.338931 0.029923
19.343932 0.026770
19.348934 0.020503
19.353935 0.014472
19.358936 0.007890
19.363937 0.001741
19.368938 -0.003580
19.373939 -0.009138
19.378940 -0.012567
19.383941 -0.014971
19.388942 -0.017100
19.393943 -0.018440
19.398944 -0.019938
19.403945 -0.021120
19.408946 -0.022539
19.413947 -0.023879
19.418948 -0.023801
19.423949 -0.023603
19.428950 -0.024274
19.433951 -0.023682
19.438952 -0.021002
19.443953 -0.018322
19.448954 -0.015405
19.453955 -0.011424
19.458956 -0.007207
19.463957 -0.002792
19.468958 0.000992
19.473959 0.003475
19.478960 0.005879
19.483961 0.007653
19.488962 0.008599
19.493963 0.010057
19.498964 0.011200
19.503965 0.012974
19.508966 0.015693
19.513967 0.018413
19.518968 0.021212
19.523969 0.023103
19.528970 0.024049
19.533971 0.023892
19.538972 0.023300
19.543973 0.021881
19.548974 0.019477
19.553975 0.016954
19.558976 0.013683
19.563977 0.011357
19.568978 0.009347
19.573979 0.006667
19.578980 0.004617
19.583981 0.003001
19.588982 0.001779
19.593983 0.000163
19.598984 -0.001571
19.603985 -0.002399
19.608986 -0.002990
19.613987 -0.004370
19.618988 -0.005552
19.623989 -0.005710
19.628990 -0.006143
19.633991 -0.006774
19.638992 -0.006813
19.643993 -0.007799
19.648995 -0.009218
19.653996 -0.010361
19.658997 -0.011662
19.663998 -0.012647
19.668999 -0.013908
19.674000 -0.014618
19.679001 -0.014421
19.684002 -0.013790
19.689003 -0.012450
19.694004 -0.010795
19.699005 -0.008075
19.704006 -0.005079
19.709007 -0.001611
19.714008 0.002607
19.719009 0.005996
19.724010 0.008243
19.729011 0.008637
19.734012 0.008125
19.739013 0.006863
19.744014 0.004301
19.749015 0.001187
19.754016 -0.002202
19.759017 -0.004410
19.764018 -0.005829
19.769019 -0.006144
19.774020 -0.005671
19.779021 -0.005277
19.784022 -0.005198
19.789023 -0.006459
19.794024 -0.006814
19.799025 -0.007721
19.804026 -0.009297
19.809027 -0.010283
19.814028 -0.010795
19.819029 -0.009810
19.824030 -0.009179
19.829031 -0.007484
19.834032 -0.005001
19.839033 -0.002794
19.844034 0.000162
19.849035 0.002803
19.854036 0.005838
19.859037 0.008518
19.864038 0.009819
19.869039 0.009661
19.874040 0.007809
19.879041 0.005562
19.884042 0.002291
19.889043 -0.001572
19.894044 -0.004252
19.899045 -0.006184
19.904046 -0.008233
19.909047 -0.008943
19.914048 -0.007839
19.919049 -0.006302
19.924050 -0.005199
19.929051 -0.002794
19.934052 0.000044
19.939053 0.002014
19.944054 0.004695
19.949056 0.006429
19.954057 0.008084
19.959058 0.009070
19.964059 0.009227
19.969060 0.009700
19.974061 0.009385
19.979062 0.009700
19.984063 0.008360
19.989064 0.006744
19.994065 0.006941
19.999066 0.006626
20.004067 0.006074
20.009068 0.004891
20.014069 0.004182
20.019070 0.002369
20.024071 0.000162
20.029072 -0.000942
20.034073 -0.002795
20.039074 -0.003938
20.044075 -0.004568
20.049076 -0.004332
20.054077 -0.004017
20.059078 -0.003583
20.064079 -0.001652
20.069080 -0.000390
20.074081 -0.000666
20.079082 -0.001534
20.084083 -0.002598
20.089084 -0.004253
20.094085 -0.006579
20.099086 -0.008865
20.104087 -0.010166
20.109088 -0.010954
20.114089 -0.011466
20.119090 -0.010442
20.124091 -0.008865
20.129092 -0.007485
20.134093 -0.006855
20.139094 -0.005475
20.144095 -0.003110
20.149096 -0.002440
20.154097 -0.001731
20.159098 0.000161
20.164099 0.001383
20.169100 0.002526
20.174101 0.003511
20.179102 0.004457
20.184103 0.005837
20.189104 0.006310
20.194105 0.007768
20.199106 0.009345
20.204107 0.010448
20.209108 0.011867
20.214109 0.011473
20.219110 0.012182
20.224111 0.012261
20.229112 0.010921
20.234113 0.011906
20.239114 0.012813
20.244115 0.013995
20.249117 0.014705
20.254118 0.014863
20.259119 0.015217
20.264120 0.014114
20.269121 0.013325
20.274122 0.011315
20.279123 0.008595
20.284124 0.005915
20.289125 0.002762
20.294126 0.001737
20.299127 0.000239
20.304128 -0.000628
20.309129 0.000160
20.314130 0.000200
20.319131 0.000988
20.324132 0.001697
20.329133 0.002052
20.334134 0.002131
20.339135 0.000594
20.344136 -0.000155
20.349137 -0.000668
20.354138 -0.002284
20.359139 -0.003427
20.364140 -0.004254
20.369141 -0.004452
20.374142 -0.005122
20.379143 -0.005595
20.384144 -0.004727
20.389145 -0.004294
20.394146 -0.004806
20.399147 -0.005476
20.404148 -0.005871
20.409149 -0.005831
20.414150 -0.005674
20.419151 -0.005713
20.424152 -0.004373
20.429153 -0.003624
20.434154 -0.003506
20.439155 -0.002836
20.444156 -0.002205
20.449157 -0.001180
20.454158 -0.001496
20.459159 -0.001890
20.464160 -0.002284
20.469161 -0.002836
20.474162 -0.004413
20.479163 -0.006856
20.484164 -0.007369
20.489165 -0.008315
20.494166 -0.008867
20.499167 -0.008906
20.504168 -0.008670
20.509169 -0.007645
20.514170 -0.006541
20.519171 -0.004886
20.524172 -0.003624
20.529173 -0.001733
20.534174 0.000869
20.539175 0.003746
20.544176 0.006151
20.549178 0.008476
20.554179 0.010447
20.559180 0.010999
20.564181 0.011393
20.569182 0.010565
20.574183 0.010053
20.579184 0.009698
20.584185 0.008161
20.589186 0.006939
20.594187 0.005362
20.599188 0.004495
20.604189 0.003588
20.609190 0.002682
20.614191 0.003076
20.619192 0.002839
20.624193 0.002603
20.629194 0.003273
20.634195 0.003509
20.639196 0.003233
20.644197 0.002879
20.649198 0.001499
20.654199 0.000317
20.659200 0.000119
20.664201 -0.000038
20.669202 0.000632
20.674203 0.001026
20.679204 0.000789
20.684205 0.001144
20.689206 0.000711
20.694207 -0.000314
20.699208 -0.000038
20.704209 -0.000669
20.709210 -0.001812
20.714211 -0.001852
20.719212 -0.003152
20.724213 -0.003901
20.729214 -0.003980
20.734215 -0.004414
20.739216 -0.004926
20.744217 -0.004138
20.749218 -0.002364
20.754219 -0.002364
20.759220 -0.001300
20.764221 -0.000709
20.769222 -0.001576
20.774223 -0.002009
20.779224 -0.002719
20.784225 -0.002482
20.789226 -0.002601
20.794227 -0.002640
20.799228 -0.002561
20.804229 -0.002837
20.809230 -0.002995
20.814231 -0.004020
20.819232 -0.004493
20.824233 -0.004808
20.829234 -0.005636
20.834235 -0.005754
20.839236 -0.005833
20.844237 -0.005124
20.849239 -0.004414
20.854240 -0.005478
20.859241 -0.006148
20.864242 -0.006858
20.869243 -0.007331
20.874244 -0.007449
20.879245 -0.007449
20.884246 -0.006109
20.889247 -0.004611
20.894248 -0.003035
20.899249 -0.001025
20.904250 0.001104
20.909251 0.003390
20.914252 0.006110
20.919253 0.008317
20.924254 0.010169
20.929255 0.011588
20.934256 0.012258
20.939257 0.013322
20.944258 0.013677
20.949259 0.012810
20.954260 0.012061
20.959261 0.010760
20.964262 0.009617
20.969263 0.009105
20.974264 0.008829
20.979265 0.008277
20.984266 0.006188
20.989267 0.004060
20.994268 0.001537
20.999269 -0.002129
21.004270 -0.006386
21.009271 -0.011155
21.014272 -0.014466
21.019273 -0.017067
21.024274 -0.019432
21.029275 -0.019787
21.034276 -0.019984
21.039277 -0.020339
21.044278 -0.020418
21.049279 -0.019472
21.054280 -0.017777
21.059281 -0.016673
21.064282 -0.015648
21.069283 -0.014111
21.074284 -0.011589
21.079285 -0.010130
21.084286 -0.008633
21.089287 -0.006583
21.094288 -0.005440
21.099289 -0.003587
21.104290 -0.001853
21.109291 0.001142
21.114292 0.003862
21.119293 0.004926
21.124294 0.007646
21.129295 0.009538
21.134296 0.011587
21.139297 0.014228
21.144298 0.015489
21.149300 0.018091
21.154301 0.019667
21.159302 0.020062
21.164303 0.020456
21.169304 0.019864
21.174305 0.020613
21.179306 0.019825
21.184307 0.018051
21.189308 0.017421
21.194309 0.016593
21.199310 0.016632
21.204311 0.015883
21.209312 0.015450
21.214313 0.014977
21.219314 0.014070
21.224315 0.013715
21.229316 0.012533
21.234317 0.012021
21.239318 0.011311
21.244319 0.008907
21.249320 0.006187
21.254321 0.004334
21.259322 0.002521
21.264323 0.000393
21.269324 -0.001775
21.274325 -0.003549
21.279326 -0.004140
21.284327 -0.005598
21.289328 -0.006308
21.294329 -0.005362
21.299330 -0.004810
21.304331 -0.004574
21.309332 -0.004771
21.314333 -0.005165
21.319334 -0.005677
21.324335 -0.006623
21.329336 -0.007175
21.334337 -0.006899
21.339338 -0.007096
21.344339 -0.007845
21.349340 -0.007767
21.354341 -0.007964
21.359342 -0.008555
21.364343 -0.008752
21.369344 -0.010092
21.374345 -0.010999
21.379346 -0.011275
21.384347 -0.012457
21.389348 -0.013443
21.394349 -0.013679
21.399350 -0.013009
21.404351 -0.012260
21.409352 -0.011432
21.414353 -0.010999
21.419354 -0.010959
21.424355 -0.010605
21.429356 -0.009935
21.434357 -0.008516
21.439358 -0.008122
21.444359 -0.007846
21.449361 -0.005993
21.454362 -0.004298
21.459363 -0.001776
21.464364 0.000589
21.469365 0.002481
21.474366 0.004885
21.479367 0.006501
21.484368 0.007684
21.489369 0.008551
21.494370 0.009970
21.499371 0.011113
21.504372 0.011270
21.509373 0.010719
21.514374 0.009339
21.519375 0.008866
21.524376 0.007762
21.529377 0.006186
21.534378 0.005673
21.539379 0.004727
21.544380 0.003663
21.549381 0.002954
21.554382 0.001692
21.559383 0.000234
21.564384 -0.001540
21.569385 -0.003747
21.574386 -0.005639
21.579387 -0.007570
21.584388 -0.009147
21.589389 -0.009975
21.594390 -0.011709
21.599391 -0.011906
21.604392 -0.010211
21.609393 -0.009187
21.614394 -0.007492
21.619395 -0.005087
21.624396 -0.002998
21.629397 -0.001343
21.634398 0.001258
21.639399 0.003623
21.644400 0.004530
21.649401 0.005436
21.654402 0.005358
21.659403 0.004806
21.664404 0.004490
21.669405 0.003860
21.674406 0.002717
21.679407 0.000549
21.684408 -0.000437
21.689409 -0.001028
21.694410 -0.002210
21.699411 -0.002486
21.704412 -0.002723
21.709413 -0.002565
21.714414 -0.002920
21.719415 -0.003472
21.724416 -0.002959
21.729417 -0.003511
21.734418 -0.003275
21.739419 -0.002999
21.744420 -0.003551
21.749422 -0.002487
21.754423 -0.002014
21.759424 -0.002053
21.764425 -0.001974
21.769426 -0.002250
21.774427 -0.002487
21.779428 -0.003117
21.784429 -0.002171
21.789430 -0.001817
21.794431 -0.002408
21.799432 -0.001974
21.804433 -0.001817
21.809434 -0.000595
21.814435 0.000193
21.819436 0.000469
21.824437 0.001179
21.829438 0.001021
21.834439 0.001809
21.839440 0.002401
21.844441 0.002243
21.849442 0.002992
21.854443 0.002479
21.859444 0.002716
21.864445 0.003819
21.869446 0.004844
21.874447 0.006894
21.879448 0.007485
21.884449 0.008234
21.889450 0.008076
21.894451 0.007248
21.899452 0.006854
21.904453 0.005790
21.909454 0.005751
21.914455 0.005356
21.919456 0.005987
21.924457 0.005514
21.929458 0.004529
21.934459 0.004844
21.939460 0.004410
21.944461 0.004607
21.949462 0.004450
21.954463 0.004213
21.959464 0.003543
21.964465 0.002834
21.969466 0.002637
21.974467 0.002045
21.979468 0.002597
21.984469 0.003740
21.989470 0.005159
21.994471 0.006341
21.999472 0.007958
22.004473 0.010047
22.009474 0.010835
22.014475 0.010914
22.019476 0.010204
22.024477 0.008982
22.029478 0.007484
22.034479 0.005671
22.039480 0.003898
22.044481 0.002281
22.049483 0.000468
22.054484 -0.000990
22.059485 -0.002330
22.064486 -0.003907
22.069487 -0.005523
22.074488 -0.006981
22.079489 -0.007888
22.084490 -0.009386
22.089491 -0.010647
22.094492 -0.011514
22.099493 -0.012184
22.104494 -0.012815
22.109495 -0.013209
22.114496 -0.012618
22.119497 -0.012973
22.124498 -0.013406
22.129499 -0.013209
22.134500 -0.012854
22.139501 -0.012224
22.144502 -0.012184
22.149503 -0.011633
22.154504 -0.011160
22.159505 -0.010963
22.164506 -0.009583
22.169507 -0.008282
22.174508 -0.008440
22.179509 -0.008401
22.184510 -0.007415
22.189511 -0.007336
22.194512 -0.007928
22.199513 -0.008992
22.204514 -0.010411
22.209515 -0.011633
22.214516 -0.013091
22.219517 -0.013525
22.224518 -0.013407
22.229519 -0.013210
22.234520 -0.012027
22.239521 -0.011199
22.244522 -0.009229
22.249523 -0.006194
22.254524 -0.004341
22.259525 -0.003395
22.264526 -0.002016
22.269527 -0.000597
22.274528 -0.000479
22.279529 -0.000360
22.284530 -0.000479
22.289531 -0.000282
22.294532 0.000467
22.299533 0.001650
22.304534 0.003699
22.309535 0.006498
22.314536 0.009099
22.319537 0.011622
22.324538 0.014184
22.329539 0.015366
22.334540 0.016746
22.339541 0.016194
22.344542 0.014617
22.349544 0.014144
22.354545 0.013317
22.359546 0.012568
22.364547 0.011346
22.369548 0.011425
22.374549 0.011385
22.379550 0.010400
22.384551 0.010321
22.389552 0.010242
22.394553 0.009611
22.399554 0.008586
22.404555 0.007089
22.409556 0.005354
22.414557 0.003068
22.419558 -0.000124
22.424559 -0.003002
22.429560 -0.005682
22.434561 -0.007456
22.439562 -0.008835
22.444563 -0.010727
22.449564 -0.010767
22.454565 -0.009308
22.459566 -0.008126
22.464567 -0.006707
22.469568 -0.004539
22.474569 -0.003199
22.479570 -0.002766
22.484571 -0.002135
22.489572 -0.002529
22.494573 -0.002726
22.499574 -0.002214
22.504575 -0.001662
22.509576 0.000309
22.514577 0.003777
22.519578 0.006891
22.524579 0.010596
22.529580 0.015247
22.534581 0.018124
22.539582 0.019898
22.544583 0.021002
22.549584 0.020765
22.554585 0.018321
22.559586 0.015602
22.564587 0.014065
22.569588 0.012173
22.574589 0.010281
22.579590 0.008113
22.584591 0.006773
22.589592 0.005669
22.594593 0.004565
22.599594 0.004762
22.604595 0.004999
22.609596 0.004723
22.614597 0.004920
22.619598 0.005196
22.624599 0.003895
22.629600 0.003107
22.634601 0.002358
22.639602 0.000899
22.644603 -0.000165
22.649605 -0.002096
22.654606 -0.003279
22.659607 -0.003200
22.664608 -0.003988
22.669609 -0.005171
22.674610 -0.005052
22.679611 -0.006393
22.684612 -0.007417
22.689613 -0.007812
22.694614 -0.008718
22.699615 -0.008009
22.704616 -0.008679
22.709617 -0.009309
22.714618 -0.009034
22.719619 -0.009112
22.724620 -0.009231
22.729621 -0.010374
22.734622 -0.010768
22.739623 -0.011004
22.744624 -0.012384
22.749625 -0.013015
22.754626 -0.013133
22.759627 -0.013330
22.764628 -0.013172
22.769629 -0.013172
22.774630 -0.013133
22.779631 -0.012345
22.784632 -0.011911
22.789633 -0.011438
22.794634 -0.010374
22.799635 -0.009625
22.804636 -0.008561
22.809637 -0.007733
22.814638 -0.006866
22.819639 -0.005565
22.824640 -0.005368
22.829641 -0.004895
22.834642 -0.004028
22.839643 -0.003595
22.844644 -0.002649
22.849645 -0.001703
22.854646 -0.000875
22.859647 0.000701
22.864648 0.002633
22.869649 0.004209
22.874650 0.005392
22.879651 0.006101
22.884652 0.007560
22.889653 0.008624
22.894654 0.007993
22.899655 0.007835
22.904656 0.007678
22.909657 0.006653
22.914658 0.005628
22.919659 0.004406
22.924660 0.003500
22.929661 0.002790
22.934662 0.001805
22.939663 0.001726
22.944664 0.000938
22.949666 0.000228
22.954667 -0.000166
22.959668 -0.001506
22.964669 -0.001743
22.969670 -0.003280
22.974671 -0.004581
22.979672 -0.004975
22.984673 -0.005527
22.989674 -0.004857
22.994675 -0.006315
22.999676 -0.006315
23.004677 -0.004620
23.009678 -0.003635
23.014679 -0.002137
23.019680 -0.001546
23.024681 -0.000363
23.029682 0.000385
23.034683 0.001253
23.039684 0.002711
23.044685 0.003578
23.049686 0.004958
23.054687 0.006061
23.059688 0.007362
23.064689 0.008268
23.069690 0.009096
23.074691 0.010476
23.079692 0.011185
23.084693 0.011737
23.089694 0.012722
23.094695 0.013116
23.099696 0.012801
23.104697 0.013116
23.109698 0.012683
23.114699 0.012367
23.119700 0.012525
23.124701 0.010909
23.129702 0.010318
23.134703 0.010042
23.139704 0.008702
23.144705 0.007440
23.149706 0.006100
23.154707 0.005745
23.159708 0.004445
23.164709 0.002513
23.169710 0.001213
23.174711 0.000464
23.179712 0.000306
23.184713 -0.000128
23.189714 0.000464
23.194715 0.000424
23.199716 0.000306
23.204717 0.000700
23.209718 -0.000285
23.214719 -0.000246
23.219720 -0.001507
23.224721 -0.004030
23.229722 -0.004661
23.234723 -0.005370
23.239724 -0.006001
23.244725 -0.006158
23.249727 -0.005331
23.254728 -0.005252
23.259729 -0.005488
23.264730 -0.005173
23.269731 -0.005528
23.274732 -0.004543
23.279733 -0.004543
23.284734 -0.004503
23.289735 -0.004188
23.294736 -0.004779
23.299737 -0.004582
23.304738 -0.005567
23.309739 -0.005883
23.314740 -0.005883
23.319741 -0.006119
23.324742 -0.005883
23.329743 -0.006356
23.334744 -0.006474
23.339745 -0.006514
23.344746 -0.006159
23.349747 -0.006435
23.354748 -0.007578
23.359749 -0.007972
23.364750 -0.007775
23.369751 -0.007933
23.374752 -0.007341
23.379753 -0.005647
23.384754 -0.004346
23.389755 -0.003321
23.394756 -0.002178
23.399757 -0.000917
23.404758 0.000344
23.409759 0.001212
23.414760 0.002433
23.419761 0.003458
23.424762 0.003025
23.429763 0.003103
23.434764 0.003103
23.439765 0.003340
23.444766 0.004207
23.449767 0.004049
23.454768 0.004365
23.459769 0.004719
23.464770 0.004207
23.469771 0.003576
23.474772 0.003103
23.479773 0.002709
23.484774 0.001921
23.489775 0.001093
23.494776 0.000975
23.499777 0.000581
23.504778 0.000659
23.509779 0.001132
23.514780 0.001053
23.519781 0.001014
23.524782 0.000502
23.529783 0.000659
23.534784 0.000896
23.539785 0.000344
23.544786 0.000226
23.549788 0.000423
23.554789 0.000383
23.559790 0.000186
23.564791 0.000659
23.569792 0.001802
23.574793 0.002709
23.579794 0.002551
23.584795 0.002748
23.589796 0.003852
23.594797 0.003773
23.599798 0.002906
23.604799 0.002511
23.609800 0.001329
23.614801 -0.000287
23.619802 -0.001312
23.624803 -0.003086
23.629804 -0.004583
23.634805 -0.005648
23.639806 -0.006357
23.644807 -0.006042
23.649808 -0.006278
23.654809 -0.006397
23.659810 -0.006476
23.664811 -0.005766
23.669812 -0.005057
23.674813 -0.005175
23.679814 -0.004781
23.684815 -0.004190
23.689816 -0.003401
23.694817 -0.003717
23.699818 -0.003598
23.704819 -0.002534
23.709820 -0.002613
23.714821 -0.002850
23.719822 -0.002889
23.724823 -0.002652
23.729824 -0.002771
23.734825 -0.001904
23.739826 -0.000288
23.744827 -0.000485
23.749828 -0.000091
23.754829 0.001250
23.759830 0.002235
23.764831 0.003693
23.769832 0.004560
23.774833 0.005822
23.779834 0.006807
23.784835 0.007004
23.789836 0.007556
23.794837 0.007911
23.799838 0.007989
23.804839 0.007122
23.809840 0.006570
23.814841 0.006255
23.819842 0.005624
23.824843 0.005112
23.829844 0.004600
23.834845 0.005151
23.839846 0.004363
23.844847 0.003417
23.849849 0.004008
23.854850 0.003180
23.859851 0.002313
23.864852 0.001170
23.869853 0.000185
23.874854 -0.000406
23.879855 -0.001550
23.884856 -0.001471
23.889857 -0.001747
23.894858 -0.001077
23.899859 -0.000919
23.904860 -0.001628
23.909861 -0.000761
23.914862 -0.000722
23.919863 -0.000525
23.924864 -0.000052
23.929865 0.000145
23.934866 0.000460
23.939867 0.000855
23.944868 0.001288
23.949869 0.001603
23.954870 0.001525
23.959871 0.001761
23.964872 0.002076
23.969873 0.001840
23.974874 0.002668
23.979875 0.002668
23.984876 0.002116
23.989877 0.002392
23.994878 0.001446
23.999879 0.000697
24.004880 0.000697
24.009881 0.000618
24.014882 0.001445
24.019883 0.002273
24.024884 0.003298
24.029885 0.005072
24.034886 0.005505
24.039887 0.005545
24.044888 0.005860
24.049889 0.005347
24.054890 0.005150
24.059891 0.005426
24.064892 0.005466
24.069893 0.004756
24.074894 0.003928
24.079895 0.003692
24.084896 0.003179
24.089897 0.002549
24.094898 0.001603
24.099899 0.001248
24.104900 0.000775
24.109901 -0.000565
24.114902 -0.001156
24.119903 -0.001708
24.124904 -0.001629
24.129905 -0.002851
24.134906 -0.005177
24.139907 -0.005965
24.144908 -0.006911
24.149910 -0.007660
24.154911 -0.008133
24.159912 -0.008685
24.164913 -0.008724
24.169914 -0.008448
24.174915 -0.008646
24.179916 -0.008724
24.184917 -0.008843
24.189918 -0.009079
24.194919 -0.008685
24.199920 -0.008764
24.204921 -0.007897
24.209922 -0.006990
24.214923 -0.006911
24.219924 -0.006517
24.224925 -0.006163
24.229926 -0.005808
24.234927 -0.006320
24.239928 -0.005729
24.244929 -0.005611
24.249930 -0.006399
24.254931 -0.005887
24.259932 -0.005650
24.264933 -0.003837
24.269934 -0.002458
24.274935 -0.001591
24.279936 0.000617
24.284937 0.001681
24.289938 0.003021
24.294939 0.004282
24.299940 0.004558
24.304941 0.004479
24.309942 0.004519
24.314943 0.004637
24.319944 0.004164
24.324945 0.004203
24.329946 0.004085
24.334947 0.003533
24.339948 0.002824
24.344949 0.002351
24.349950 0.002429
24.354951 0.001286
24.359952 -0.000448
24.364953 -0.001552
24.369954 -0.002892
24.374955 -0.004981
24.379956 -0.006163
24.384957 -0.006833
24.389958 -0.007385
24.394959 -0.007346
24.399960 -0.007661
24.404961 -0.006676
24.409962 -0.004784
24.414963 -0.004074
24.419964 -0.002340
24.424965 -0.000448
24.429966 0.000340
24.434967 0.001798
24.439968 0.002823
24.444969 0.002587
24.449971 0.002823
24.454972 0.002705
24.459973 0.002271
24.464974 0.002547
24.469975 0.002626
24.474976 0.002863
24.479977 0.003572
24.484978 0.005227
24.489979 0.006843
24.494980 0.007908
24.499981 0.008932
24.504982 0.010154
24.509983 0.011021
24.514984 0.011337
24.519985 0.012204
24.524986 0.012046
24.529987 0.011494
24.534988 0.010864
24.539989 0.009996
24.544990 0.009129
24.549991 0.007395
24.554992 0.006804
24.559993 0.006134
24.564994 0.004596
24.569995 0.003177
24.574996 0.001680
24.579997 -0.000409
24.584998 -0.001828
24.589999 -0.002814
24.595000 -0.004863
0.000000 0.000000
0.005001 -0.000178
0.010002 -0.000236
0.015003 0.000089
0.020004 0.000079
0.025005 0.000022
0.030006 -0.000016
0.035007 -0.000083
0.040008 0.000070
0.045009 -0.000073
0.050010 -0.000255
0.055011 -0.000045
0.060012 -0.000045
0.065013 -0.000007
0.070014 -0.000007
0.075015 -0.000121
0.080016 -0.000035
0.085017 -0.000121
0.090018 -0.000169
0.095019 0.000013
0.100020 0.000032
0.105021 -0.000255
0.110022 -0.000197
0.115023 -0.000054
0.120024 -0.000064
0.125025 -0.000035
0.130026 -0.000083
0.135027 0.000079
0.140028 0.000003
0.145029 -0.000035
0.150030 -0.000035
0.155031 -0.000054
0.160032 0.000213
0.165033 0.000022
0.170034 -0.000102
0.175035 0.000070
0.180036 -0.000006
0.185037 -0.000121
0.190038 -0.000035
0.195039 0.000079
0.200040 0.000070
0.205041 -0.000130
0.210042 -0.000254
0.215043 0.000080
0.220044 0.000194
0.225045 -0.000054
0.230046 -0.000025
0.235047 -0.000102
0.240049 -0.000044
0.245050 0.000032
0.250051 -0.000111
0.255052 0.000127
0.260053 0.000175
0.265054 0.000022
0.270055 -0.000149
0.275056 -0.000111
0.280057 0.000013
0.285058 -0.000197
0.290059 -0.000121
0.295060 -0.000035
0.300061 0.000089
0.305062 -0.000035
0.310063 -0.000149
0.315064 0.000118
0.320065 0.000108
0.325066 0.000080
0.330067 -0.000121
0.335068 -0.000111
0.340069 0.000099
0.345070 -0.000054
0.350071 -0.000197
0.355072 0.000013
0.360073 0.000108
0.365074 -0.000063
0.370075 -0.000130
0.375076 -0.000130
0.380077 -0.000016
0.385078 -0.000025
0.390079 -0.000101
0.395080 0.000013
0.400081 0.000099
0.405082 0.000032
0.410083 0.000013
0.415084 -0.000054
0.420085 -0.000006
0.425086 0.000089
0.430087 -0.000159
0.435088 0.000070
0.440089 0.000175
0.445090 -0.000311
0.450091 -0.000159
0.455092 0.000166
0.460093 -0.000015
0.465094 -0.000244
0.470095 -0.000197
0.475096 -0.000015
0.480097 0.000089
0.485098 -0.000225
0.490099 -0.000130
0.495100 0.000214
0.500101 -0.000082
0.505102 -0.000158
0.510103 -0.000158
0.515104 -0.000082
0.520105 0.000090
0.525106 0.000023
0.530107 0.000051
0.535108 -0.000054
0.540109 -0.000054
0.545110 0.000023
0.550111 -0.000216
0.555112 -0.000187
0.560113 0.000013
0.565114 -0.000168
0.570115 -0.000197
0.575116 0.000023
0.580117 0.000032
0.585118 -0.000025
0.590119 -0.000053
0.595120 -0.000139
0.600121 -0.000053
0.605122 0.000090
0.610123 0.000023
0.615124 0.000052
0.620125 0.000004
0.625126 0.000023
0.630127 -0.000063
0.635128 -0.000139
0.640129 0.000128
0.645130 0.000004
0.650131 -0.000015
0.655132 0.000128
0.660133 0.000004
0.665134 -0.000082
0.670135 -0.000025
0.675136 0.000004
0.680137 0.000157
0.685138 0.000033
0.690139 -0.000273
0.695140 -0.000053
0.700141 0.000118
0.705142 0.000004
0.710143 0.000061
0.715145 0.000071
0.720146 -0.000063
0.725147 -0.000053
0.730148 -0.000091
0.735149 -0.000015
0.740150 0.000138
0.745151 0.000033
0.750152 0.000023
0.755153 -0.000044
0.760154 -0.000034
0.765155 -0.000053
0.770156 -0.000110
0.775157 0.000071
0.780158 0.000033
0.785159 0.000014
0.790160 -0.000015
0.795161 0.000023
0.800162 0.000147
0.805163 0.000023
0.810164 -0.000063
0.815165 0.000023
0.820166 0.000071
0.825167 -0.000158
0.830168 -0.000072
0.835169 0.000119
0.840170 0.000147
0.845171 0.000081
0.850172 -0.000129
0.855173 -0.000082
0.860174 0.000023
0.865175 0.000052
0.870176 -0.000063
0.875177 -0.000034
0.880178 -0.000062
0.885179 -0.000158
0.890180 0.000004
0.895181 -0.000024
0.900182 -0.000005
0.905183 -0.000062
0.910184 -0.000101
0.915185 0.000176
0.920186 0.000004
0.925187 -0.000206
0.930188 0.000071
0.935189 0.000186
0.940190 0.000004
0.945191 -0.000158
0.950192 -0.000205
0.955193 -0.000005
0.960194 0.000109
0.965195 0.000004
0.970196 -0.000034
0.975197 0.000043
0.980198 0.000081
0.985199 -0.000129
0.990200 -0.000244
0.995201 0.000024
1.000202 0.000205
1.005203 0.000024
1.010204 -0.000072
1.015205 0.000024
1.020206 0.000052
1.025207 0.000024
1.030208 -0.000091
1.035209 -0.000119
1.040210 -0.000091
1.045211 -0.000167
1.050212 -0.000043
1.055213 0.000090
1.060214 0.000014
1.065215 -0.000043
1.070216 -0.000148
1.075217 -0.000072
1.080218 0.000090
1.085219 -0.000024
1.090220 0.000090
1.095221 0.000062
1.100222 -0.000091
1.105223 0.000043
1.110224 -0.000081
1.115225 -0.000033
1.120226 0.000014
1.125227 -0.000100
1.130228 -0.000043
1.135229 -0.000167
1.140230 -0.000110
1.145231 0.000081
1.150232 -0.000062
1.155233 0.000014
1.160234 0.000138
1.165235 -0.000072
1.170236 -0.000052
1.175237 0.000024
1.180238 -0.000014
1.185239 0.000052
1.190241 0.000024
1.195242 -0.000033
1.200243 0.000033
1.205244 -0.000081
1.210245 -0.000129
1.215246 -0.000024
1.220247 0.000043
1.225248 0.000053
1.230249 -0.000110
1.235250 0.000043
1.240251 0.000158
1.245252 -0.000071
1.250253 -0.000110
1.255254 0.000034
1.260255 0.000005
1.265256 -0.000157
1.270257 -0.000157
1.275258 -0.000062
1.280259 0.000148
1.285260 0.000043
1.290261 -0.000157
1.295262 0.000005
1.300263 0.000005
1.305264 -0.000090
1.310265 -0.000138
1.315266 -0.000052
1.320267 0.000034
1.325268 -0.000014
1.330269 -0.000024
1.335270 0.000205
1.340271 0.000196
1.345272 -0.000129
1.350273 -0.000081
1.355274 0.000053
1.360275 0.000120
1.365276 0.000015
1.370277 -0.000014
1.375278 0.000205
1.380279 0.000091
1.385280 -0.000157
1.390281 -0.000043
1.395282 0.000129
1.400283 0.000120
1.405284 -0.000081
1.410285 -0.000138
1.415286 0.000110
1.420287 0.000158
1.425288 -0.000100
1.430289 -0.000233
1.435290 -0.000014
1.440291 0.000015
1.445292 -0.000042
1.450293 -0.000052
1.455294 -0.000176
1.460295 0.000034
1.465296 0.000129
1.470297 -0.000042
1.475298 0.000024
1.480299 0.000015
1.485300 -0.000090
1.490301 0.000072
1.495302 0.000148
1.500303 -0.000023
1.505304 -0.000205
1.510305 -0.000185
1.515306 0.000091
1.520307 0.000129
1.525308 0.000005
1.530309 0.000043
1.535310 0.000072
1.540311 0.000129
1.545312 0.000110
1.550313 0.000005
1.555314 0.000091
1.560315 0.000063
1.565316 -0.000166
1.570317 -0.000004
1.575318 0.000034
1.580319 -0.000061
1.585320 0.000072
1.590321 0.000005
1.595322 0.000044
1.600323 0.000063
1.605324 0.000063
1.610325 0.000168
1.615326 0.000025
1.620327 0.000015
1.625328 -0.000061
1.630329 -0.000128
1.635330 0.000025
1.640331 -0.000033
1.645332 -0.000166
1.650333 -0.000204
1.655334 -0.000061
1.660335 0.000006
1.665336 -0.000195
1.670338 -0.000090
1.675339 0.000091
1.680340 0.000034
1.685341 -0.000061
1.690342 -0.000061
1.695343 0.000101
1.700344 0.000111
1.705345 0.000034
1.710346 0.000006
1.715347 0.000063
1.720348 0.000244
1.725349 -0.000061
1.730350 -0.000281
1.735351 0.000006
1.740352 0.000006
1.745353 0.000006
1.750354 -0.000032
1.755355 -0.000004
1.760356 0.000111
1.765357 -0.000090
1.770358 -0.000052
1.775359 0.000092
1.780360 -0.000023
1.785361 -0.000118
1.790362 -0.000137
1.795363 -0.000023
1.800364 0.000206
1.805365 0.000034
1.810366 -0.000080
1.815367 0.000120
1.820368 0.000130
1.825369 0.000092
1.830370 0.000025
1.835371 -0.000013
1.840372 0.000101
1.845373 0.000054
1.850374 -0.000051
1.855375 0.000054
1.860376 -0.000032
1.865377 -0.000166
1.870378 -0.000032
1.875379 0.000082
1.880380 0.000015
1.885381 -0.000051
1.890382 -0.000013
1.895383 -0.000013
1.900384 0.000035
1.905385 -0.000061
1.910386 -0.000004
1.915387 0.000149
1.920388 0.000111
1.925389 -0.000109
1.930390 -0.000290
1.935391 0.000101
1.940392 0.000283
1.945393 -0.000042
1.950394 -0.000213
1.955395 0.000054
1.960396 0.000283
1.965397 0.000197
1.970398 -0.000099
1.975399 -0.000061
1.980400 0.000235
1.985401 0.000063
1.990402 -0.000127
1.995403 -0.000204
2.000404 -0.000089
2.005405 -0.000032
2.010406 0.000006
2.015407 0.000073
2.020408 0.000016
2.025409 -0.000042
2.030410 -0.000051
2.035411 0.000044
2.040412 -0.000099
2.045413 -0.000099
2.050414 0.000006
2.055415 0.000044
2.060416 0.000063
2.065417 -0.000118
2.070418 -0.000137
2.075419 -0.000146
2.080420 -0.000022
2.085421 -0.000089
2.090422 -0.000280
2.095423 -0.000003
2.100424 0.000092
2.105425 -0.000080
2.110426 -0.000156
2.115427 -0.000022
2.120428 0.000102
2.125429 0.000006
2.130430 -0.000060
2.135431 -0.000099
2.140432 -0.000060
2.145434 0.000025
2.150435 0.000025
2.155436 -0.000080
2.160437 -0.000118
2.165438 -0.000099
2.170439 -0.000079
2.175440 -0.000032
2.180441 -0.000022
2.185442 -0.000013
2.190443 -0.000118
2.195444 -0.000127
2.200445 0.000006
2.205446 -0.000003
2.210447 -0.000041
2.215448 0.000045
2.220449 -0.000032
2.225450 -0.000013
2.230451 0.000006
2.235452 -0.000041
2.240453 0.000083
2.245454 -0.000060
2.250455 -0.000079
2.255456 0.000111
2.260457 0.000150
2.265458 0.000007
2.270459 -0.000137
2.275460 0.000073
2.280461 0.000131
2.285462 -0.000022
2.290463 0.000054
2.295464 0.000150
2.300465 -0.000012
2.305466 -0.000194
2.310467 -0.000137
2.315468 0.000083
2.320469 0.000035
2.325470 -0.000022
2.330471 -0.000003
2.335472 0.000026
2.340473 0.000093
2.345474 0.000016
2.350475 0.000083
2.355476 0.000121
2.360477 0.000188
2.365478 0.000035
2.370479 -0.000003
2.375480 0.000102
2.380481 -0.000079
2.385482 -0.000012
2.390483 0.000007
2.395484 0.000255
2.400485 0.000283
2.405486 -0.000127
2.410487 0.000007
2.415488 0.000207
2.420489 0.000083
2.425490 -0.000174
2.430491 -0.000117
2.435492 0.000016
2.440493 0.000207
2.445494 0.000112
2.450495 -0.000270
2.455496 -0.000089
2.460497 0.000074
2.465498 0.000093
2.470499 -0.000069
2.475500 -0.000108
2.480501 0.000102
2.485502 0.000045
2.490503 -0.000012
2.495504 0.000045
2.500505 0.000055
2.505506 -0.000041
2.510507 -0.000041
2.515508 -0.000069
2.520509 -0.000136
2.525510 -0.000079
2.530511 -0.000069
2.535512 -0.000031
2.540513 -0.000003
2.545514 -0.000136
2.550515 -0.000012
2.555516 0.000160
2.560517 -0.000098
2.565518 -0.000146
2.570519 0.000055
2.575520 0.000122
2.580521 0.000045
2.585522 -0.000136
2.590523 -0.000174
2.595524 0.000064
2.600525 -0.000117
2.605526 -0.000298
2.610527 -0.000079
2.615528 0.000045
2.620530 0.000160
2.625531 -0.000088
2.630532 -0.000136
2.635533 0.000131
2.640534 0.000026
2.645535 -0.000050
2.650536 -0.000117
2.655537 -0.000069
2.660538 0.000007
2.665539 0.000036
2.670540 0.000074
2.675541 0.000045
2.680542 0.000017
2.685543 -0.000174
2.690544 -0.000155
2.695545 -0.000002
2.700546 -0.000088
2.705547 -0.000126
2.710548 -0.000079
2.715549 0.000017
2.720550 0.000055
2.725551 0.000026
2.730552 -0.000012
2.735553 -0.000050
2.740554 0.000007
2.745555 -0.000212
2.750556 -0.000250
2.755557 0.000065
2.760558 0.000084
2.765559 0.000026
2.770560 -0.000088
2.775561 -0.000002
2.780562 0.000026
2.785563 -0.000193
2.790564 -0.000050
2.795565 -0.000040
2.800566 -0.000050
2.805567 -0.000126
2.810568 -0.000212
2.815569 -0.000069
2.820570 -0.000088
2.825571 0.000046
2.830572 -0.000098
2.835573 -0.000078
2.840574 0.000027
2.845575 -0.000221
2.850576 -0.000155
2.855577 -0.000012
2.860578 -0.000002
2.865579 -0.000012
2.870580 0.000017
2.875581 -0.000050
2.880582 0.000055
2.885583 -0.000021
2.890584 -0.000221
2.895585 0.000046
2.900586 -0.000059
2.905587 -0.000145
2.910588 -0.000021
2.915589 -0.000069
2.920590 -0.000040
2.925591 -0.000221
2.930592 -0.000212
2.935593 -0.000031
2.940594 -0.000088
2.945595 -0.000097
2.950596 -0.000002
2.955597 -0.000011
2.960598 -0.000174
2.965599 -0.000212
2.970600 -0.000097
2.975601 0.000103
2.980602 0.000008
2.985603 -0.000279
2.990604 -0.000097
2.995605 0.000189
3.000606 0.000208
3.005607 -0.000107
3.010608 -0.000212
3.015609 -0.000002
3.020610 -0.000088
3.025611 -0.000126
3.030612 -0.000107
3.035613 -0.000069
3.040614 0.000084
3.045615 -0.000011
3.050616 -0.000193
3.055617 -0.000040
3.060618 0.000075
3.065619 -0.000126
3.070620 -0.000107
3.075621 -0.000059
3.080622 -0.000021
3.085623 -0.000011
3.090624 -0.000154
3.095626 -0.000030
3.100627 0.000084
3.105628 -0.000049
3.110629 -0.000288
3.115630 -0.000183
3.120631 -0.000011
3.125632 -0.000040
3.130633 -0.000259
3.135634 -0.000164
3.140635 0.000075
3.145636 -0.000135
3.150637 -0.000154
3.155638 -0.000068
3.160639 0.000037
3.165640 -0.000183
3.170641 -0.000402
3.175642 -0.000049
3.180643 0.000056
3.185644 -0.000049
3.190645 -0.000126
3.195646 -0.000087
3.200647 -0.000059
3.205648 -0.000164
3.210649 -0.000211
3.215650 -0.000106
3.220651 -0.000049
3.225652 -0.000173
3.230653 -0.000154
3.235654 -0.000049
3.240655 -0.000068
3.245656 -0.000049
3.250657 -0.000011
3.255658 -0.000068
3.260659 0.000065
3.265660 0.000094
3.270661 -0.000116
3.275662 0.000008
3.280663 -0.000011
3.285664 -0.000097
3.290665 -0.000020
3.295666 0.000008
3.300667 0.000037
3.305668 -0.000106
3.310669 -0.000125
3.315670 -0.000068
3.320671 0.000046
3.325672 -0.000059
3.330673 -0.000135
3.335674 0.000018
3.340675 -0.000135
3.345676 -0.000068
3.350677 -0.000059
3.355678 -0.000039
3.360679 0.000123
3.365680 -0.000039
3.370681 -0.000097
3.375682 -0.000125
3.380683 -0.000001
3.385684 0.000046
3.390685 -0.000202
3.395686 -0.000011
3.400687 0.000142
3.405688 0.000037
3.410689 -0.000011
3.415690 -0.000011
3.420691 0.000008
3.425692 -0.000087
3.430693 -0.000116
3.435694 -0.000039
3.440695 -0.000020
3.445696 -0.000182
3.450697 -0.000058
3.455698 0.000008
3.460699 -0.000135
3.465700 -0.000039
3.470701 -0.000039
3.475702 0.000113
3.480703 0.000008
3.485704 -0.000249
3.490705 -0.000096
3.495706 0.000104
3.500707 0.000085
3.505708 -0.000173
3.510709 -0.000182
3.515710 0.000009
3.520711 0.000104
3.525712 -0.000030
3.530713 -0.000068
3.535714 0.000056
3.540715 0.000104
3.545716 0.000056
3.550717 -0.000087
3.555718 -0.000010
3.560719 0.000066
3.565720 -0.000106
3.570722 -0.000249
3.575723 -0.000106
3.580724 -0.000106
3.585725 -0.000230
3.590726 -0.000144
3.595727 -0.000068
3.600728 0.000066
3.605729 -0.000020
3.610730 -0.000144
3.615731 0.000028
3.620732 0.000037
3.625733 0.000066
3.630734 0.000066
3.635735 -0.000020
3.640736 -0.000010
3.645737 -0.000001
3.650738 -0.000001
3.655739 -0.000068
3.660740 -0.000039
3.665741 -0.000153
3.670742 -0.000277
3.675743 -0.000172
3.680744 0.000009
3.685745 0.000047
3.690746 -0.000058
3.695747 0.000123
3.700748 0.000095
3.705749 -0.000144
3.710750 -0.000191
3.715751 -0.000029
3.720752 0.000085
3.725753 -0.000001
3.730754 -0.000182
3.735755 -0.000096
3.740756 0.000104
3.745757 -0.000220
3.750758 -0.000239
3.755759 -0.000096
3.760760 -0.000191
3.765761 -0.000001
3.770762 -0.000039
3.775763 0.000009
3.780764 0.000209
3.785765 0.000066
3.790766 -0.000010
3.795767 0.000076
3.800768 0.000057
3.805769 -0.000067
3.810770 -0.000086
3.815771 0.000057
3.820772 0.000047
3.825773 -0.000067
3.830774 0.000009
3.835775 0.000009
3.840776 -0.000077
3.845777 -0.000067
3.850778 -0.000000
3.855779 -0.000048
3.860780 0.000028
3.865781 0.000038
3.870782 -0.000163
3.875783 -0.000039
3.880784 -0.000019
3.885785 -0.000134
3.890786 -0.000058
3.895787 0.000038
3.900788 0.000019
3.905789 -0.000096
3.910790 -0.000010
3.915791 0.000057
3.920792 0.000028
3.925793 0.000076
3.930794 0.000009
3.935795 -0.000038
3.940796 0.000171
3.945797 0.000086
3.950798 -0.000124
3.955799 0.000038
3.960800 0.000095
3.965801 -0.000010
3.970802 -0.000038
3.975803 -0.000038
3.980804 0.000028
3.985805 -0.000172
3.990806 -0.000191
3.995807 0.000086
4.000808 -0.000029
4.005809 -0.000143
4.010810 -0.000067
4.015811 0.000048
4.020812 -0.000019
4.025813 -0.000220
4.030814 -0.000162
4.035815 -0.000029
4.040816 0.000114
4.045818 -0.000134
4.050819 -0.000305
4.055820 -0.000076
4.060821 0.000057
4.065822 0.000124
4.070823 0.000009
4.075824 0.000057
4.080825 0.000095
4.085826 -0.000067
4.090827 0.000009
4.095828 0.000029
4.100829 -0.000105
4.105830 -0.000219
4.110831 -0.000105
4.115832 0.000153
4.120833 -0.000086
4.125834 -0.000191
4.130835 0.000124
4.135836 0.000019
4.140837 -0.000181
4.145838 -0.000153
4.150839 -0.000181
4.155840 -0.000105
4.160841 0.000115
4.165842 0.000038
4.170843 -0.000019
4.175844 0.000048
4.180845 -0.000105
4.185846 -0.000105
4.190847 -0.000086
4.195848 0.000029
4.200849 0.000134
4.205850 0.000000
4.210851 0.000019
4.215852 0.000048
4.220853 -0.000114
4.225854 -0.000172
4.230855 0.000000
4.235856 -0.000019
4.240857 -0.000105
4.245858 0.000038
4.250859 0.000038
4.255860 0.000181
4.260861 0.000124
4.265862 -0.000191
4.270863 -0.000114
4.275864 0.000010
4.280865 0.000000
4.285866 -0.000124
4.290867 -0.000105
4.295868 0.000038
4.300869 -0.000019
4.305870 -0.000105
4.310871 0.000038
4.315872 0.000010
4.320873 -0.000124
4.325874 0.000019
4.330875 -0.000038
4.335876 0.000010
4.340877 0.000000
4.345878 -0.000171
4.350879 0.000000
4.355880 0.000115
4.360881 0.000058
4.365882 -0.000009
4.370883 -0.000085
4.375884 -0.000076
4.380885 0.000019
4.385886 -0.000181
4.390887 -0.000200
4.395888 0.000086
4.400889 0.000000
4.405890 -0.000124
4.410891 -0.000124
4.415892 -0.000019
4.420893 0.000096
4.425894 0.000010
4.430895 -0.000057
4.435896 -0.000009
4.440897 0.000010
4.445898 -0.000114
4.450899 -0.000171
4.455900 -0.000009
4.460901 0.000010
4.465902 -0.000123
4.470903 0.000048
4.475904 0.000220
4.480905 -0.000038
4.485906 -0.000133
4.490907 -0.000019
4.495908 0.000067
4.500909 0.000086
4.505910 -0.000228
4.510911 -0.000257
4.515912 0.000001
4.520914 0.000010
4.525915 -0.000123
4.530916 -0.000104
4.535917 0.000010
4.540918 0.000010
4.545919 -0.000095
4.550920 -0.000085
4.555921 0.000096
4.560922 0.000039
4.565923 -0.000018
4.570924 -0.000161
4.575925 -0.000009
4.580926 0.000249
4.585927 -0.000076
4.590928 -0.000028
4.595929 0.000144
4.600930 0.000087
4.605931 -0.000076
4.610932 -0.000180
4.615933 0.000087
4.620934 0.000125
4.625935 -0.000095
4.630936 -0.000133
4.635937 0.000115
4.640938 0.000049
4.645939 -0.000075
4.650940 0.000010
4.655941 -0.000114
4.660942 -0.000095
4.665943 -0.000075
4.670944 -0.000056
4.675945 0.000115
4.680946 0.000134
4.685947 0.000020
4.690948 0.000001
4.695949 -0.000056
4.700950 -0.000133
4.705951 -0.000133
4.710952 -0.000152
4.715953 -0.000056
4.720954 0.000068
4.725955 0.000010
4.730956 -0.000047
4.735957 0.000087
4.740958 0.000115
4.745959 -0.000037
4.750960 -0.000066
4.755961 0.000030
4.760962 0.000125
4.765963 -0.000028
4.770964 -0.000123
4.775965 0.000011
4.780966 0.000020
4.785967 -0.000037
4.790968 -0.000104
4.795969 -0.000123
4.800970 -0.000008
4.805971 0.000001
4.810972 -0.000066
4.815973 -0.000008
4.820974 -0.000285
4.825975 -0.000514
4.830976 -0.000857
4.835977 -0.001792
4.840978 -0.003385
4.845979 -0.004559
4.850980 -0.002374
4.855981 0.001938
4.860982 0.003884
4.865983 0.003130
4.870984 0.002071
4.875985 -0.003013
4.880986 -0.013250
4.885987 -0.024239
4.890988 -0.016684
4.895989 0.006879
4.900990 0.011525
4.905991 0.006975
4.910992 -0.003738
4.915993 -0.020948
4.920994 -0.021072
4.925995 -0.011408
4.930996 0.001766
4.935997 0.004018
4.940998 -0.003776
4.945999 -0.007821
4.951000 -0.007898
4.956001 -0.003872
4.961002 -0.011599
4.966003 -0.016312
4.971004 -0.005379
4.976005 0.005658
4.981006 -0.010216
4.986007 -0.052496
4.991008 -0.083090
4.996009 -0.107798
5.001011 -0.090922
5.006012 -0.009615
5.011013 0.048340
5.016014 0.051392
5.021015 0.022611
5.026016 -0.002183
5.031017 0.040651
5.036018 0.087081
5.041019 0.069976
5.046020 0.040116
5.051021 0.003751
5.056022 -0.019584
5.061023 -0.013192
5.066024 -0.022245
5.071025 -0.024096
5.076026 0.033486
5.081027 0.103747
5.086028 0.123647
5.091029 0.085039
5.096030 0.033343
5.101031 0.000345
5.106032 -0.058582
5.111033 -0.107378
5.116034 -0.072520
5.121035 0.009742
5.126036 0.049322
5.131037 0.028154
5.136038 0.003255
5.141039 0.001318
5.146040 0.011850
5.151041 0.005277
5.156042 -0.036355
5.161043 -0.072129
5.166044 -0.039932
5.171045 0.014416
5.176046 0.021132
5.181047 0.017231
5.186048 0.032189
5.191049 0.055972
5.196050 0.075977
5.201051 0.049904
5.206052 -0.002555
5.211053 -0.017666
5.216054 -0.001916
5.221055 0.038495
5.226056 0.039697
5.231057 -0.037766
5.236058 -0.107464
5.241059 -0.114819
5.246060 -0.059708
5.251061 -0.017437
5.256062 0.019034
5.261063 0.116960
5.266064 0.154594
5.271065 0.067935
5.276066 -0.049882
5.281067 -0.116288
5.286068 -0.089109
5.291069 -0.014232
5.296070 0.019072
5.301071 0.003913
5.306072 0.016868
5.311073 0.039392
5.316074 0.016811
5.321075 -0.014613
5.326076 -0.018687
5.331077 0.008655
5.336078 0.021371
5.341079 -0.004386
5.346080 -0.019679
5.351081 0.011335
5.356082 0.028087
5.361083 -0.006600
5.366084 -0.002889
5.371085 0.065207
5.376086 0.081710
5.381087 -0.014603
5.386088 -0.089195
5.391089 -0.051933
5.396090 0.025578
5.401091 0.073115
5.406092 0.063413
5.411093 0.023508
5.416094 -0.037604
5.421095 -0.101730
5.426096 -0.106529
5.431097 -0.059021
5.436098 -0.009328
5.441099 0.033410
5.446100 0.066065
5.451101 0.035137
5.456102 -0.076707
5.461103 -0.202652
5.466104 -0.231290
5.471105 -0.126725
5.476107 0.013930
5.481108 0.130058
5.486109 0.177538
5.491110 0.096507
5.496111 -0.033902
5.501112 -0.080666
5.506113 -0.019812
5.511114 0.061334
5.516115 0.062469
5.521116 0.001414
5.526117 -0.022559
5.531118 0.046223
5.536119 0.131260
5.541120 0.114251
5.546121 0.031999
5.551122 -0.024114
5.556123 -0.030697
5.561124 0.014331
5.566125 0.063719
5.571126 0.049562
5.576127 -0.027110
5.581128 -0.075810
5.586129 -0.067425
5.591130 -0.093678
5.596131 -0.136865
5.601132 -0.098811
5.606133 -0.008650
5.611134 0.028326
5.616135 0.020265
5.621136 0.064129
5.626137 0.139713
5.631138 0.119651
5.636139 -0.014689
5.641140 -0.096922
5.646141 -0.059783
5.651142 -0.017303
5.656143 0.006976
5.661144 0.033020
5.666145 0.029547
5.671146 0.003446
5.676147 -0.018314
5.681148 0.014741
5.686149 0.082617
5.691150 0.092643
5.696151 0.030911
5.701152 -0.074274
5.706153 -0.122088
5.711154 -0.061653
5.716155 0.013043
5.721156 0.039631
5.726157 0.030606
5.731158 0.010296
5.736159 -0.022435
5.741160 -0.034054
5.746161 -0.002993
5.751162 0.030511
5.756163 0.024444
5.761164 -0.018009
5.766165 -0.032433
5.771166 0.007205
5.776167 0.033010
5.781168 0.037914
5.786169 0.034394
5.791170 -0.025240
5.796171 -0.067425
5.801172 -0.042869
5.806173 -0.026070
5.811174 -0.043661
5.816175 -0.055633
5.821176 -0.047362
5.826177 -0.032433
5.831178 -0.003985
5.836179 0.027830
5.841180 0.051775
5.846181 0.022727
5.851182 -0.036735
5.856183 -0.019802
5.861184 0.051556
5.866185 0.081186
5.871186 0.016583
5.876187 -0.109733
5.881188 -0.172935
5.886189 -0.094136
5.891190 0.026256
5.896191 0.103023
5.901192 0.160434
5.906193 0.149148
5.911194 0.062164
5.916195 0.014637
5.921196 0.065866
5.926197 0.097643
5.931198 0.050068
5.936199 0.023270
5.941200 -0.025840
5.946201 -0.143771
5.951203 -0.202651
5.956204 -0.130683
5.961205 -0.012103
5.966206 0.058034
5.971207 0.068232
5.976208 0.049257
5.981209 0.039793
5.986210 0.065589
5.991211 0.099532
5.996212 0.067392
6.001213 -0.017169
6.006214 -0.067691
6.011215 -0.060632
6.016216 -0.017875
6.021217 0.014027
6.026218 0.026772
6.031219 0.042446
6.036220 0.032076
6.041221 0.010201
6.046222 0.020227
6.051223 0.022011
6.056224 -0.031793
6.061225 -0.074875
6.066226 -0.053954
6.071227 -0.020374
6.076228 0.004191
6.081229 0.035195
6.086230 0.065799
6.091231 0.048151
6.096232 -0.009508
6.101233 -0.036859
6.106234 -0.037040
6.111235 -0.019487
6.116236 0.002493
6.121237 -0.006150
6.126238 -0.023264
6.131239 -0.039348
6.136240 -0.036172
6.141241 0.006948
6.146242 0.028260
6.151243 0.024902
6.156244 0.034251
6.161245 0.022412
6.166246 -0.019210
6.171247 -0.062616
6.176248 -0.084758
6.181249 -0.070200
6.186250 -0.025888
6.191251 0.010583
6.196252 0.013063
6.201253 -0.001752
6.206254 -0.002887
6.211255 0.044487
6.216256 0.093007
6.221257 0.076637
6.226258 0.025284
6.231259 -0.031421
6.236260 -0.068569
6.241261 -0.055804
6.246262 -0.001208
6.251263 0.057853
6.256264 0.084488
6.261265 0.084087
6.266266 0.090756
6.271267 0.101068
6.276268 0.076847
6.281269 -0.001399
6.286270 -0.092036
6.291271 -0.107567
6.296272 -0.057913
6.301273 -0.037440
6.306274 -0.063512
6.311275 -0.082783
6.316276 -0.065688
6.321277 -0.041084
6.326278 -0.046131
6.331279 -0.061375
6.336280 -0.032365
6.341281 0.025465
6.346282 0.044965
6.351283 0.014390
6.356284 -0.021795
6.361285 -0.030886
6.366286 -0.026431
6.371287 -0.020402
6.376288 0.000538
6.381289 0.045785
6.386290 0.081474
6.391291 0.066839
6.396292 0.016040
6.401293 -0.032250
6.406294 -0.050223
6.411295 -0.021680
6.416296 0.037629
6.421297 0.064512
6.426299 0.044020
6.431300 0.024006
6.436301 0.007950
6.441302 -0.022892
6.446303 -0.037144
6.451304 -0.009374
6.456305 0.017090
6.461306 0.009706
6.466307 -0.007237
6.471308 0.004001
6.476309 0.037295
6.481310 0.048390
6.486311 0.039489
6.491312 0.031752
6.496313 0.024989
6.501314 0.028356
6.506315 0.039565
6.511316 0.039747
6.516317 0.032678
6.521318 0.030121
6.526319 0.012644
6.531320 -0.022186
6.536321 -0.055241
6.541322 -0.080789
6.546323 -0.077297
6.551324 -0.043116
6.556325 -0.013209
6.561326 -0.010137
6.566327 -0.021232
6.571328 -0.021365
6.576329 -0.009822
6.581330 0.007569
6.586331 0.014075
6.591332 0.001349
6.596333 0.004974
6.601334 0.031304
6.606335 0.040758
6.611336 0.001187
6.616337 -0.060612
6.621338 -0.084032
6.626339 -0.064285
6.631340 -0.015279
6.636341 0.034843
6.641342 0.034137
6.646343 -0.014258
6.651344 -0.046417
6.656345 -0.025028
6.661346 0.013436
6.666347 0.030274
6.671348 0.034901
6.676349 0.031314
6.681350 0.000262
6.686351 -0.033757
6.691352 -0.028320
6.696353 0.000624
6.701354 0.015544
6.706355 0.006224
6.711356 -0.015546
6.716357 -0.026993
6.721358 -0.022777
6.726359 -0.000005
6.731360 0.047054
6.736361 0.088047
6.741362 0.098894
6.746363 0.085548
6.751364 0.069015
6.756365 0.055612
6.761366 0.031266
6.766367 0.004517
6.771368 -0.018961
6.776369 -0.040216
6.781370 -0.053953
6.786371 -0.056080
6.791372 -0.038231
6.796373 -0.001331
6.801374 0.029215
6.806375 0.025399
6.811376 -0.001532
6.816377 -0.023549
6.821378 -0.025181
6.826379 -0.013037
6.831380 -0.008095
6.836381 -0.013199
6.841382 -0.011167
6.846383 0.009372
6.851384 0.034500
6.856385 0.034643
6.861386 -0.002743
6.866387 -0.051491
6.871388 -0.084470
6.876389 -0.081618
6.881390 -0.034940
6.886391 0.020515
6.891392 0.049258
6.896393 0.048991
6.901395 0.037610
6.906396 0.013045
6.911397 -0.039824
6.916398 -0.085062
6.921399 -0.069913
6.926400 -0.006731
6.931401 0.044670
6.936402 0.053322
6.941403 0.041693
6.946404 0.037362
6.951405 0.038355
6.956406 0.038011
6.961407 0.033518
6.966408 0.018617
6.971409 -0.002771
6.976410 -0.019857
6.981411 -0.023912
6.986412 -0.019819
6.991413 -0.019819
6.996414 -0.024694
7.001415 -0.033079
7.006416 -0.045529
7.011417 -0.056080
7.016418 -0.053752
7.021419 -0.035674
7.026420 -0.008581
7.031421 0.013980
7.036422 0.025257
7.041423 0.027641
7.046424 0.022404
7.051425 0.016614
7.056426 -0.002561
7.061427 -0.039166
7.066428 -0.060478
7.071429 -0.060363
7.076430 -0.045510
7.081431 -0.011042
7.086432 0.027527
7.091433 0.048973
7.096434 0.059371
7.101435 0.069731
7.106436 0.074320
7.111437 0.075426
7.116438 0.079261
7.121439 0.086378
7.126440 0.081274
7.131441 0.051596
7.136442 0.015364
7.141443 -0.004860
7.146444 -0.001235
7.151445 0.005528
7.156446 -0.013656
7.161447 -0.048572
7.166448 -0.065543
7.171449 -0.072478
7.176450 -0.087485
7.181451 -0.084995
7.186452 -0.049697
7.191453 -0.007684
7.196454 0.014238
7.201455 0.021651
7.206456 0.030380
7.211457 0.038698
7.216458 0.034940
7.221459 0.014649
7.226460 -0.003725
7.231461 -0.008695
7.236462 -0.014200
7.241463 -0.018330
7.246464 -0.010374
7.251465 -0.008819
7.256466 -0.036685
7.261467 -0.072669
7.266468 -0.077076
7.271469 -0.051357
7.276470 -0.027956
7.281471 -0.024255
7.286472 -0.031285
7.291473 -0.038736
7.296474 -0.035693
7.301475 -0.011643
7.306476 0.021584
7.311477 0.047637
7.316478 0.069751
7.321479 0.101289
7.326480 0.139153
7.331481 0.158280
7.336482 0.136462
7.341483 0.075541
7.346484 0.005672
7.351485 -0.034844
7.356486 -0.029644
7.361487 -0.005204
7.366488 0.001932
7.371489 -0.009267
7.376491 -0.021526
7.381492 -0.025809
7.386493 -0.027002
7.391494 -0.024846
7.396495 -0.011566
7.401496 0.012903
7.406497 0.048114
7.411498 0.085043
7.416499 0.104809
7.421500 0.094879
7.426501 0.055985
7.431502 0.003869
7.436503 -0.040577
7.441504 -0.068700
7.446505 -0.082371
7.451506 -0.084803
7.456507 -0.080625
7.461508 -0.081293
7.466509 -0.097730
7.471510 -0.116371
7.476511 -0.110370
7.481512 -0.077649
7.486513 -0.040873
7.491514 -0.021116
7.496515 -0.022079
7.501516 -0.023959
7.506517 -0.006367
7.511518 0.023893
7.516519 0.049841
7.521520 0.071182
7.526521 0.086293
7.531522 0.082801
7.536523 0.059696
7.541524 0.030056
7.546525 0.011615
7.551526 0.007771
7.556527 0.008563
7.561528 0.010642
7.566529 0.015374
7.571530 0.017845
7.576531 0.011625
7.581532 0.003049
7.586533 0.006044
7.591534 0.021012
7.596535 0.033977
7.601536 0.032880
7.606537 0.019658
7.611538 0.008553
7.616539 0.002810
7.621540 -0.004077
7.626541 -0.011671
7.631542 -0.021239
7.636543 -0.035625
7.641544 -0.050841
7.646545 -0.060410
7.651546 -0.063300
7.656547 -0.065619
7.661548 -0.067107
7.666549 -0.058092
7.671550 -0.042828
7.676551 -0.033613
7.681552 -0.022451
7.686553 0.004833
7.691554 0.041160
7.696555 0.063026
7.701556 0.059305
7.706557 0.041695
7.711558 0.026450
7.716559 0.016996
7.721560 0.005091
7.726561 -0.009753
7.731562 -0.023119
7.736563 -0.035377
7.741564 -0.045299
7.746565 -0.049677
7.751566 -0.042952
7.756567 -0.025103
7.761568 -0.005718
7.766569 0.006903
7.771570 0.012360
7.776571 0.014840
7.781572 0.015336
7.786573 0.015813
7.791574 0.018475
7.796575 0.018666
7.801576 0.016481
7.806577 0.018752
7.811578 0.026317
7.816579 0.031401
7.821580 0.027586
7.826581 0.022606
7.831582 0.021366
7.836583 0.017750
7.841584 0.013362
7.846585 0.013314
7.851586 0.016682
7.856588 0.021766
7.861589 0.031211
7.866590 0.042496
7.871591 0.047772
7.876592 0.044929
7.881593 0.036868
7.886594 0.028959
7.891595 0.024352
7.896596 0.024418
7.901597 0.025754
7.906598 0.020536
7.911599 0.009699
7.916600 -0.000242
7.921601 -0.007311
7.926602 -0.015553
7.931603 -0.028594
7.936604 -0.042265
7.941605 -0.050135
7.946606 -0.051366
7.951607 -0.049744
7.956608 -0.050679
7.961609 -0.054161
7.966610 -0.053350
7.971611 -0.044983
7.976612 -0.032715
7.981613 -0.021907
7.986614 -0.016707
7.991615 -0.017805
7.996616 -0.018854
8.001617 -0.013807
8.006618 -0.003409
8.011619 0.007896
8.016620 0.013992
8.021621 0.012627
8.026622 0.005396
8.031623 -0.001453
8.036624 0.001571
8.041625 0.014278
8.046626 0.026603
8.051627 0.031192
8.056628 0.030791
8.061629 0.031097
8.066630 0.030190
8.071631 0.023894
8.076632 0.010386
8.081633 -0.008503
8.086634 -0.023786
8.091635 -0.027459
8.096636 -0.020895
8.101637 -0.010526
8.106638 -0.001434
8.111639 0.005063
8.116640 0.011282
8.121641 0.016358
8.126642 0.016348
8.131643 0.010386
8.136644 0.002210
8.141645 -0.003075
8.146646 -0.005908
8.151647 -0.008446
8.156648 -0.010201
8.161649 -0.010087
8.166650 -0.007950
8.171651 -0.003008
8.176652 0.004242
8.181653 0.009060
8.186654 0.009432
8.191655 0.007457
8.196656 0.004519
8.201657 -0.001339
8.206658 -0.011384
8.211659 -0.021410
8.216660 -0.028327
8.221661 -0.031026
8.226662 -0.028279
8.231663 -0.020981
8.236664 -0.010945
8.241665 -0.002550
8.246666 -0.000928
8.251667 -0.003733
8.256668 -0.003275
8.261669 0.001609
8.266670 0.005120
8.271671 0.005301
8.276672 0.005444
8.281673 0.007600
8.286674 0.011578
8.291675 0.015910
8.296676 0.019353
8.301677 0.021118
8.306678 0.019649
8.311679 0.014345
8.316680 0.006675
8.321681 0.001609
8.326682 0.002325
8.331684 0.005893
8.336685 0.008554
8.341686 0.009222
8.346687 0.008450
8.351688 0.006026
8.356689 0.003050
8.361690 0.001619
8.366691 0.002449
8.371692 0.006389
8.376693 0.012265
8.381694 0.017589
8.386695 0.020870
8.391696 0.021214
8.396697 0.020451
8.401698 0.020260
8.406699 0.020298
8.411700 0.021042
8.416701 0.020975
8.421702 0.016549
8.426703 0.008497
8.431704 0.001829
8.436705 -0.001453
8.441706 -0.003580
8.446707 -0.006995
8.451708 -0.013148
8.456709 -0.021629
8.461710 -0.031255
8.466711 -0.040308
8.471712 -0.045517
8.476713 -0.046728
8.481714 -0.044964
8.486715 -0.039049
8.491716 -0.029690
8.496717 -0.019759
8.501718 -0.013368
8.506719 -0.012557
8.511720 -0.014722
8.516721 -0.015037
8.521722 -0.010267
8.526723 -0.003208
8.531724 0.002239
8.536725 0.006599
8.541726 0.013735
8.546727 0.025383
8.551728 0.034990
8.556729 0.034818
8.561730 0.026709
8.566731 0.019421
8.571732 0.018409
8.576733 0.020909
8.581734 0.019430
8.586735 0.010253
8.591736 -0.001815
8.596737 -0.010696
8.601738 -0.015724
8.606739 -0.018548
8.611740 -0.020017
8.616741 -0.021152
8.621742 -0.022344
8.626743 -0.022001
8.631744 -0.018061
8.636745 -0.009504
8.641746 0.003127
8.646747 0.017484
8.651748 0.029590
8.656749 0.035123
8.661750 0.032366
8.666751 0.022321
8.671752 0.007477
8.676753 -0.007167
8.681754 -0.017470
8.686755 -0.021782
8.691756 -0.021963
8.696757 -0.022173
8.701758 -0.024233
8.706759 -0.028068
8.711760 -0.032352
8.716761 -0.034603
8.721762 -0.033220
8.726763 -0.028230
8.731764 -0.020770
8.736765 -0.012757
8.741766 -0.005421
8.746767 -0.000164
8.751768 0.000914
8.756769 -0.001576
8.761770 -0.004848
8.766771 -0.005020
8.771772 -0.000326
8.776773 0.008527
8.781774 0.019726
8.786775 0.028407
8.791776 0.030783
8.796777 0.027959
8.801778 0.024525
8.806780 0.024410
8.811781 0.026643
8.816782 0.028570
8.821783 0.030888
8.826784 0.033340
8.831785 0.034704
8.836786 0.036268
8.841787 0.038100
8.846788 0.038873
8.851789 0.036974
8.856790 0.031937
8.861791 0.025250
8.866792 0.016550
8.871793 0.006180
8.876794 -0.002339
8.881795 -0.005716
8.886796 -0.003188
8.891797 0.002126
8.896798 0.006218
8.901799 0.005989
8.906800 0.001257
8.911801 -0.005974
8.916802 -0.014779
8.921803 -0.023489
8.926804 -0.030930
8.931805 -0.035061
8.936806 -0.035299
8.941807 -0.035289
8.946808 -0.037302
8.951809 -0.040861
8.956810 -0.044085
8.961811 -0.046508
8.966812 -0.049418
8.971813 -0.052289
8.976814 -0.054255
8.981815 -0.053320
8.986816 -0.047138
8.991817 -0.037961
8.996818 -0.029480
9.001819 -0.023870
9.006820 -0.020970
9.011821 -0.019263
9.016822 -0.018394
9.021823 -0.017307
9.026824 -0.014473
9.031825 -0.009761
9.036826 -0.006050
9.041827 -0.005697
9.046828 -0.007538
9.051829 -0.009494
9.056830 -0.008893
9.061831 -0.004085
9.066832 0.004549
9.071833 0.015071
9.076834 0.025107
9.081835 0.033636
9.086836 0.039579
9.091837 0.042050
9.096838 0.043548
9.101839 0.046887
9.106840 0.051370
9.111841 0.055768
9.116842 0.058964
9.121843 0.059441
9.126844 0.056608
9.131845 0.050588
9.136846 0.043090
9.141847 0.035887
9.146848 0.028608
9.151849 0.020395
9.156850 0.010664
9.161851 0.000065
9.166852 -0.008540
9.171853 -0.012355
9.176854 -0.011621
9.181855 -0.008282
9.186856 -0.003130
9.191857 0.003776
9.196858 0.010760
9.201859 0.014785
9.206860 0.014575
9.211861 0.010206
9.216862 0.002450
9.221863 -0.006126
9.226864 -0.012212
9.231865 -0.014111
9.236866 -0.013643
9.241867 -0.013824
9.246868 -0.015303
9.251869 -0.017039
9.256870 -0.017946
9.261871 -0.018404
9.266872 -0.019634
9.271873 -0.022735
9.276874 -0.028706
9.281876 -0.034755
9.286877 -0.036739
9.291878 -0.033524
9.296879 -0.026398
9.301880 -0.018833
9.306881 -0.013080
9.311882 -0.009198
9.316883 -0.007051
9.321884 -0.006450
9.326885 -0.007843
9.331886 -0.009989
9.336887 -0.010190
9.341888 -0.009121
9.346889 -0.008711
9.351890 -0.008701
9.356891 -0.007089
9.361892 -0.002758
9.366893 0.002575
9.371894 0.007383
9.376895 0.009777
9.381896 0.007545
9.386897 0.000552
9.391898 -0.009150
9.396899 -0.018298
9.401900 -0.025291
9.406901 -0.028888
9.411902 -0.027781
9.416903 -0.021733
9.421904 -0.010657
9.426905 0.004635
9.431906 0.021196
9.436907 0.036346
9.441908 0.049177
9.446909 0.058449
9.451910 0.063639
9.456911 0.065022
9.461912 0.064278
9.466913 0.063563
9.471914 0.061874
9.476915 0.056303
9.481916 0.045781
9.486917 0.031700
9.491918 0.017648
9.496919 0.006219
9.501920 -0.003912
9.506921 -0.013147
9.511922 -0.020120
9.516923 -0.024108
9.521924 -0.023879
9.526925 -0.019443
9.531926 -0.012641
9.536927 -0.005639
9.541928 0.000009
9.546929 0.004292
9.551930 0.007106
9.556931 0.007440
9.561932 0.005647
9.566933 0.002794
9.571934 0.000591
9.576935 0.000848
9.581936 0.002193
9.586937 0.002785
9.591938 0.001907
9.596939 -0.000134
9.601940 -0.002023
9.606941 -0.003864
9.611942 -0.006192
9.616943 -0.009035
9.621944 -0.012689
9.626945 -0.016953
9.631946 -0.020139
9.636947 -0.021875
9.641948 -0.023020
9.646949 -0.023993
9.651950 -0.025768
9.656951 -0.028257
9.661952 -0.030318
9.666953 -0.030060
9.671954 -0.026826
9.676955 -0.022934
9.681956 -0.021360
9.686957 -0.022858
9.691958 -0.025434
9.696959 -0.026035
9.701960 -0.022677
9.706961 -0.015598
9.711962 -0.007012
9.716963 -0.000830
9.721964 0.002289
9.726965 0.004846
9.731966 0.007326
9.736967 0.009320
9.741968 0.009062
9.746969 0.006496
9.751970 0.004063
9.756972 0.003081
9.761973 0.003968
9.766974 0.006057
9.771975 0.008700
9.776976 0.011180
9.781977 0.012382
9.786978 0.011915
9.791979 0.010093
9.796980 0.007431
9.801981 0.004178
9.806982 0.001593
9.811983 0.000477
9.816984 0.000620
9.821985 0.001946
9.826986 0.004035
9.831987 0.007431
9.836988 0.011800
9.841989 0.016418
9.846990 0.021827
9.851991 0.026921
9.856992 0.030766
9.861993 0.032807
9.866994 0.032674
9.871995 0.030842
9.876996 0.027388
9.881997 0.021636
9.886998 0.012745
9.891999 0.001450
9.897000 -0.010112
9.902001 -0.018927
9.907002 -0.022695
9.912003 -0.021503
9.917004 -0.016819
9.922005 -0.009817
9.927006 -0.002175
9.932007 0.004856
9.937008 0.011543
9.942009 0.017152
9.947010 0.021617
9.952011 0.025271
9.957012 0.027751
9.962013 0.028333
9.967014 0.025862
9.972015 0.019957
9.977016 0.010408
9.982017 -0.001937
9.987018 -0.014672
9.992019 -0.025252
9.997020 -0.031777
10.002021 -0.035011
10.007022 -0.037549
10.012023 -0.040525
10.017024 -0.043435
10.022025 -0.044541
10.027026 -0.042166
10.032027 -0.035774
10.037028 -0.026454
10.042029 -0.016189
10.047030 -0.005829
10.052031 0.003911
10.057032 0.011972
10.062033 0.017372
10.067034 0.020921
10.072035 0.023105
10.077036 0.023430
10.082037 0.022132
10.087038 0.018765
10.092039 0.013966
10.097040 0.008548
10.102041 0.002824
10.107042 -0.002910
10.112043 -0.008271
10.117044 -0.012373
10.122045 -0.015435
10.127046 -0.018354
10.132047 -0.020940
10.137048 -0.022390
10.142049 -0.022094
10.147050 -0.019413
10.152051 -0.014424
10.157052 -0.007985
10.162053 -0.000811
10.167054 0.006773
10.172055 0.014043
10.177056 0.020549
10.182057 0.024804
10.187058 0.025510
10.192059 0.023974
10.197060 0.021198
10.202061 0.018822
10.207062 0.017658
10.212063 0.017926
10.217064 0.019652
10.222065 0.021064
10.227066 0.022190
10.232068 0.022800
10.237069 0.022180
10.242070 0.020463
10.247071 0.018183
10.252072 0.016104
10.257073 0.013079
10.262074 0.007241
10.267075 -0.001774
10.272076 -0.011819
10.277077 -0.019537
10.282078 -0.022886
10.287079 -0.022628
10.292080 -0.020672
10.297081 -0.018879
10.302082 -0.019365
10.307083 -0.021502
10.312084 -0.022723
10.317085 -0.021273
10.322086 -0.016656
10.327087 -0.009749
10.332088 -0.002194
10.337089 0.004570
10.342090 0.010065
10.347091 0.014110
10.352092 0.017058
10.357093 0.019424
10.362094 0.020492
10.367095 0.019404
10.372096 0.016304
10.377097 0.010962
10.382098 0.003072
10.387099 -0.006410
10.392100 -0.015425
10.397101 -0.022742
10.402102 -0.028571
10.407103 -0.032444
10.412104 -0.033093
10.417105 -0.030393
10.422106 -0.024889
10.427107 -0.017219
10.432108 -0.009119
10.437109 -0.001793
10.442110 0.004112
10.447111 0.007966
10.452112 0.010161
10.457113 0.010847
10.462114 0.010523
10.467115 0.010199
10.472116 0.010180
10.477117 0.009817
10.482118 0.008587
10.487119 0.006793
10.492120 0.004380
10.497121 0.001289
10.502122 -0.002146
10.507123 -0.004912
10.512124 -0.005141
10.517125 -0.002308
10.522126 0.001336
10.527127 0.003130
10.532128 0.002491
10.537129 0.000802
10.542130 0.000487
10.547131 0.002243
10.552132 0.004857
10.557133 0.006860
10.562134 0.007156
10.567135 0.005658
10.572136 0.003311
10.577137 0.001260
10.582138 -0.000934
10.587139 -0.003510
10.592140 -0.006477
10.597141 -0.009720
10.602142 -0.012382
10.607143 -0.013336
10.612144 -0.011380
10.617145 -0.007602
10.622146 -0.002975
10.627147 0.001852
10.632148 0.005296
10.637149 0.007299
10.642150 0.007537
10.647151 0.005753
10.652152 0.003912
10.657153 0.003760
10.662154 0.005582
10.667155 0.008606
10.672156 0.011420
10.677157 0.012536
10.682158 0.012212
10.687159 0.012155
10.692160 0.012727
10.697161 0.013471
10.702162 0.014292
10.707164 0.015360
10.712165 0.017068
10.717166 0.019653
10.722167 0.022687
10.727168 0.024051
10.732169 0.021952
10.737170 0.016972
10.742171 0.010733
10.747172 0.005324
10.752173 0.001041
10.757174 -0.003071
10.762175 -0.007488
10.767176 -0.012887
10.772177 -0.018353
10.777178 -0.022513
10.782179 -0.025537
10.787180 -0.026882
10.792181 -0.026033
10.797182 -0.023781
10.802183 -0.020347
10.807184 -0.016970
10.812185 -0.014680
10.817186 -0.013459
10.822187 -0.013364
10.827188 -0.013087
10.832189 -0.011943
10.837190 -0.010321
10.842191 -0.007812
10.847192 -0.004330
10.852193 0.000039
10.857194 0.005334
10.862195 0.009646
10.867196 0.011831
10.872197 0.012603
10.877198 0.012002
10.882199 0.010867
10.887200 0.009627
10.892201 0.008053
10.897202 0.006441
10.902203 0.005267
10.907204 0.005554
10.912205 0.007490
10.917206 0.009455
10.922207 0.010018
10.927208 0.008788
10.932209 0.006107
10.937210 0.003092
10.942211 0.000917
10.947212 -0.000247
10.952213 -0.001267
10.957214 -0.003061
10.962215 -0.005875
10.967216 -0.008165
10.972217 -0.009357
10.977218 -0.009796
10.982219 -0.008995
10.987220 -0.007802
10.992221 -0.006371
10.997222 -0.004463
11.002223 -0.002803
11.007224 -0.001305
11.012225 0.000564
11.017226 0.002444
11.022227 0.002911
11.027228 0.002186
11.032229 0.001423
11.037230 0.000755
11.042231 0.000355
11.047232 0.000021
11.052233 -0.001067
11.057234 -0.003633
11.062235 -0.007907
11.067236 -0.012829
11.072237 -0.017342
11.077238 -0.020509
11.082239 -0.021577
11.087240 -0.021053
11.092241 -0.019259
11.097242 -0.016979
11.102243 -0.014527
11.107244 -0.011436
11.112245 -0.008117
11.117246 -0.005131
11.122247 -0.003289
11.127248 -0.002536
11.132249 -0.002068
11.137250 -0.001009
11.142251 0.000984
11.147252 0.003532
11.152253 0.006212
11.157254 0.008807
11.162255 0.011469
11.167256 0.013730
11.172257 0.015590
11.177258 0.017364
11.182259 0.018872
11.187261 0.019969
11.192262 0.020617
11.197263 0.020846
11.202264 0.020074
11.207265 0.018414
11.212266 0.016735
11.217267 0.014970
11.222268 0.013234
11.227269 0.011583
11.232270 0.010190
11.237271 0.009275
11.242272 0.008454
11.247273 0.007357
11.252274 0.005583
11.257275 0.003217
11.262276 0.000326
11.267277 -0.002936
11.272278 -0.005875
11.277279 -0.007859
11.282280 -0.008880
11.287281 -0.009051
11.292282 -0.008383
11.297283 -0.007038
11.302284 -0.005006
11.307285 -0.003137
11.312286 -0.002392
11.317287 -0.003079
11.322288 -0.005035
11.327289 -0.007029
11.332290 -0.007687
11.337291 -0.006580
11.342292 -0.004281
11.347293 -0.001000
11.352294 0.002883
11.357295 0.006193
11.362296 0.007920
11.367297 0.007901
11.372298 0.007596
11.377299 0.007481
11.382300 0.006642
11.387301 0.004820
11.392302 0.002301
11.397303 -0.000599
11.402304 -0.004100
11.407305 -0.008231
11.412306 -0.012295
11.417307 -0.015920
11.422308 -0.018801
11.427309 -0.020031
11.432310 -0.019201
11.437311 -0.016826
11.442312 -0.013353
11.447313 -0.009471
11.452314 -0.006170
11.457315 -0.003623
11.462316 -0.002392
11.467317 -0.002192
11.472318 -0.002220
11.477319 -0.002764
11.482320 -0.003451
11.487321 -0.004052
11.492322 -0.004062
11.497323 -0.003346
11.502324 -0.002612
11.507325 -0.002030
11.512326 -0.001743
11.517327 -0.001514
11.522328 -0.001200
11.527329 -0.000532
11.532330 0.000317
11.537331 0.000909
11.542332 0.000890
11.547333 -0.000265
11.552334 -0.001705
11.557335 -0.003270
11.562336 -0.004701
11.567337 -0.004949
11.572338 -0.003957
11.577339 -0.001152
11.582340 0.003132
11.587341 0.007978
11.592342 0.012652
11.597343 0.015753
11.602344 0.017317
11.607345 0.018061
11.612346 0.018224
11.617347 0.017766
11.622348 0.016878
11.627349 0.015829
11.632350 0.015009
11.637351 0.014742
11.642352 0.014074
11.647353 0.012977
11.652354 0.011164
11.657355 0.008808
11.662357 0.006995
11.667358 0.005250
11.672359 0.003799
11.677360 0.002082
11.682361 -0.000789
11.687362 -0.004386
11.692363 -0.007820
11.697364 -0.010491
11.702365 -0.012599
11.707366 -0.013849
11.712367 -0.013897
11.717368 -0.012666
11.722369 -0.011283
11.727370 -0.010119
11.732371 -0.008707
11.737372 -0.008230
11.742373 -0.008450
11.747374 -0.009155
11.752375 -0.009947
11.757376 -0.009795
11.762377 -0.008631
11.767378 -0.006417
11.772379 -0.003842
11.777380 -0.001180
11.782381 0.000804
11.787382 0.001195
11.792383 0.000184
11.797384 -0.002220
11.802385 -0.005950
11.807386 -0.009842
11.812387 -0.012590
11.817388 -0.014832
11.822389 -0.016654
11.827390 -0.017617
11.832391 -0.017379
11.837392 -0.015700
11.842393 -0.013238
11.847394 -0.009909
11.852395 -0.005835
11.857396 -0.001142
11.862397 0.004525
11.867398 0.010840
11.872399 0.017012
11.877400 0.022517
11.882401 0.026629
11.887402 0.029023
11.892403 0.029710
11.897404 0.028231
11.902405 0.024854
11.907406 0.020428
11.912407 0.015686
11.917408 0.011050
11.922409 0.006538
11.927410 0.002293
11.932411 -0.001495
11.937412 -0.005148
11.942413 -0.008382
11.947414 -0.010453
11.952415 -0.010853
11.957416 -0.009852
11.962417 -0.008459
11.967418 -0.007247
11.972419 -0.007066
11.977420 -0.008277
11.982421 -0.010681
11.987422 -0.013963
11.992423 -0.017064
11.997424 -0.019305
12.002425 -0.020383
12.007426 -0.019945
12.012427 -0.017693
12.017428 -0.013601
12.022429 -0.008001
12.027430 -0.002000
12.032431 0.003409
12.037432 0.007893
12.042433 0.010964
12.047434 0.012767
12.052435 0.013607
12.057436 0.013989
12.062437 0.014332
12.067438 0.014361
12.072439 0.013702
12.077440 0.012319
12.082441 0.010335
12.087442 0.008036
12.092443 0.005975
12.097444 0.004105
12.102445 0.002417
12.107446 0.001129
12.112447 0.000414
12.117448 0.000204
12.122449 0.000213
12.127450 0.000461
12.132451 0.000566
12.137453 0.000471
12.142454 -0.000149
12.147455 -0.001485
12.152456 -0.002868
12.157457 -0.004146
12.162458 -0.004833
12.167459 -0.004824
12.172460 -0.004385
12.177461 -0.003650
12.182462 -0.002677
12.187463 -0.001408
12.192464 0.000748
12.197465 0.003886
12.202466 0.006939
12.207467 0.009505
12.212468 0.010755
12.217469 0.010564
12.222470 0.009305
12.227471 0.006491
12.232472 0.002522
12.237473 -0.001847
12.242474 -0.006178
12.247475 -0.009403
12.252476 -0.010633
12.257477 -0.009985
12.262478 -0.007962
12.267479 -0.005196
12.272480 -0.001609
12.277481 0.002722
12.282482 0.006939
12.287483 0.010841
12.292484 0.014189
12.297485 0.016546
12.302486 0.017910
12.307487 0.017814
12.312488 0.016870
12.317489 0.015334
12.322490 0.012711
12.327491 0.009458
12.332492 0.005842
12.337493 0.002122
12.342494 -0.001589
12.347495 -0.005148
12.352496 -0.008410
12.357497 -0.011406
12.362498 -0.014363
12.367499 -0.016624
12.372500 -0.017750
12.377501 -0.018351
12.382502 -0.018589
12.387503 -0.018866
12.392504 -0.019104
12.397505 -0.019553
12.402506 -0.020058
12.407507 -0.020125
12.412508 -0.019314
12.417509 -0.016815
12.422510 -0.013123
12.427511 -0.009154
12.432512 -0.005672
12.437513 -0.002772
12.442514 -0.000750
12.447515 0.000586
12.452516 0.001721
12.457517 0.002980
12.462518 0.005012
12.467519 0.007168
12.472520 0.009229
12.477521 0.010889
12.482522 0.012110
12.487523 0.013694
12.492524 0.015115
12.497525 0.016136
12.502526 0.017204
12.507527 0.017758
12.512528 0.017281
12.517529 0.016613
12.522530 0.015392
12.527531 0.012864
12.532532 0.009592
12.537533 0.005671
12.542534 0.001187
12.547535 -0.002972
12.552536 -0.005958
12.557537 -0.007799
12.562538 -0.008992
12.567539 -0.010099
12.572540 -0.010957
12.577541 -0.011816
12.582542 -0.012732
12.587543 -0.012684
12.592544 -0.011482
12.597545 -0.008925
12.602546 -0.005596
12.607547 -0.002448
12.612549 0.000147
12.617550 0.002017
12.622551 0.002599
12.627552 0.001635
12.632553 0.000023
12.637554 -0.002238
12.642555 -0.004976
12.647556 -0.007361
12.652557 -0.008734
12.657558 -0.009059
12.662559 -0.008954
12.667560 -0.008105
12.672561 -0.006779
12.677562 -0.005395
12.682563 -0.003516
12.687564 -0.001474
12.692565 0.000271
12.697566 0.002141
12.702567 0.004011
12.707568 0.005480
12.712569 0.006978
12.717570 0.008399
12.722571 0.009544
12.727572 0.010107
12.732573 0.009754
12.737574 0.009191
12.742575 0.008380
12.747576 0.008046
12.752577 0.009144
12.757578 0.009725
12.762579 0.009516
12.767580 0.009611
12.772581 0.009497
12.777582 0.009239
12.782583 0.008342
12.787584 0.006921
12.792585 0.005623
12.797586 0.003944
12.802587 0.002323
12.807588 0.001082
12.812589 -0.000005
12.817590 -0.000864
12.822591 -0.001894
12.827592 -0.003420
12.832593 -0.005128
12.837594 -0.006740
12.842595 -0.007856
12.847596 -0.008486
12.852597 -0.009058
12.857598 -0.009030
12.862599 -0.008228
12.867600 -0.006635
12.872601 -0.004565
12.877602 -0.003239
12.882603 -0.002123
12.887604 -0.000854
12.892605 0.000110
12.897606 0.001340
12.902607 0.002733
12.907608 0.003763
12.912609 0.004717
12.917610 0.004851
12.922611 0.004364
12.927612 0.004288
12.932613 0.004154
12.937614 0.004240
12.942615 0.004307
12.947616 0.004231
12.952617 0.004059
12.957618 0.003124
12.962619 0.002199
12.967620 0.001274
12.972621 -0.000739
12.977622 -0.002781
12.982623 -0.004107
12.987624 -0.005767
12.992625 -0.006950
12.997626 -0.007942
13.002627 -0.009077
13.007628 -0.008944
13.012629 -0.007751
13.017630 -0.005814
13.022631 -0.003926
13.027632 -0.002972
13.032633 -0.002027
13.037634 -0.001016
13.042635 -0.000329
13.047636 0.000520
13.052637 0.001436
13.057638 0.002314
13.062639 0.002867
13.067640 0.003344
13.072641 0.004279
13.077642 0.005538
13.082643 0.006750
13.087645 0.007446
13.092646 0.007532
13.097647 0.006959
13.102648 0.006206
13.107649 0.004889
13.112650 0.002695
13.117651 0.000377
13.122652 -0.001760
13.127653 -0.003210
13.132654 -0.004002
13.137655 -0.004164
13.142656 -0.004212
13.147657 -0.004708
13.152658 -0.005623
13.157659 -0.006577
13.162660 -0.007407
13.167661 -0.008953
13.172662 -0.009897
13.177663 -0.009850
13.182664 -0.009983
13.187665 -0.009745
13.192666 -0.008991
13.197667 -0.007436
13.202668 -0.005223
13.207669 -0.002876
13.212670 -0.000424
13.217671 0.002142
13.222672 0.004994
13.227673 0.007599
13.232674 0.009764
13.237675 0.011758
13.242676 0.013819
13.247677 0.016032
13.252678 0.017883
13.257679 0.019304
13.262680 0.019905
13.267681 0.019714
13.272682 0.018675
13.277683 0.016185
13.282684 0.012779
13.287685 0.008706
13.292686 0.004842
13.297687 0.002018
13.302688 -0.000510
13.307689 -0.003315
13.312690 -0.005957
13.317691 -0.008380
13.322692 -0.011032
13.327693 -0.013541
13.332694 -0.015525
13.337695 -0.016689
13.342696 -0.017033
13.347697 -0.016613
13.352698 -0.015583
13.357699 -0.014400
13.362700 -0.012787
13.367701 -0.010975
13.372702 -0.009573
13.377703 -0.007894
13.382704 -0.005757
13.387705 -0.003658
13.392706 -0.001855
13.397707 -0.000443
13.402708 0.000874
13.407709 0.001904
13.412710 0.002705
13.417711 0.003736
13.422712 0.004546
13.427713 0.004670
13.432714 0.004747
13.437715 0.004785
13.442716 0.004117
13.447717 0.003249
13.452718 0.002791
13.457719 0.002925
13.462720 0.003335
13.467721 0.003926
13.472722 0.005128
13.477723 0.007313
13.482724 0.009946
13.487725 0.012159
13.492726 0.014163
13.497727 0.016080
13.502728 0.017463
13.507729 0.018274
13.512730 0.018208
13.517731 0.016385
13.522732 0.013094
13.527733 0.008935
13.532734 0.004337
13.537735 -0.000357
13.542736 -0.004440
13.547737 -0.007330
13.552738 -0.009505
13.557739 -0.011060
13.562741 -0.012243
13.567742 -0.013236
13.572743 -0.013789
13.577744 -0.013751
13.582745 -0.012987
13.587746 -0.011852
13.592747 -0.010917
13.597748 -0.009381
13.602749 -0.007225
13.607750 -0.005728
13.612751 -0.004278
13.617752 -0.003028
13.622753 -0.002446
13.627754 -0.001959
13.632755 -0.001874
13.637756 -0.002055
13.642757 -0.002017
13.647758 -0.002560
13.652759 -0.003104
13.657760 -0.002856
13.662761 -0.002484
13.667762 -0.001530
13.672763 0.000130
13.677764 0.001933
13.682765 0.003602
13.687766 0.004747
13.692767 0.005997
13.697768 0.007456
13.702769 0.008172
13.707770 0.008468
13.712771 0.008649
13.717772 0.008468
13.722773 0.008172
13.727774 0.007647
13.732775 0.006980
13.737776 0.005892
13.742777 0.004223
13.747778 0.002753
13.752779 0.001542
13.757780 0.000178
13.762781 -0.001396
13.767782 -0.002980
13.772783 -0.003800
13.777784 -0.003819
13.782785 -0.003619
13.787786 -0.002760
13.792787 -0.001034
13.797788 0.001075
13.802789 0.003326
13.807790 0.005434
13.812791 0.007209
13.817792 0.008754
13.822793 0.009708
13.827794 0.009470
13.832795 0.007962
13.837796 0.005749
13.842797 0.003059
13.847798 -0.000204
13.852799 -0.003428
13.857800 -0.006481
13.862801 -0.009343
13.867802 -0.011308
13.872803 -0.012281
13.877804 -0.012577
13.882805 -0.012758
13.887806 -0.012768
13.892807 -0.012062
13.897808 -0.010612
13.902809 -0.008971
13.907810 -0.007358
13.912811 -0.005317
13.917812 -0.003390
13.922813 -0.001749
13.927814 -0.000051
13.932815 0.001113
13.937816 0.001819
13.942817 0.002115
13.947818 0.001685
13.952819 0.001018
13.957820 -0.000032
13.962821 -0.001701
13.967822 -0.003228
13.972823 -0.004306
13.977824 -0.004926
13.982825 -0.005555
13.987826 -0.006185
13.992827 -0.005946
13.997828 -0.005183
14.002829 -0.004592
14.007830 -0.004019
14.012831 -0.002827
14.017832 -0.001043
14.022833 0.000865
14.027834 0.002639
14.032835 0.004423
14.037836 0.006141
14.042838 0.007333
14.047839 0.007925
14.052840 0.007810
14.057841 0.007629
14.062842 0.007200
14.067843 0.006570
14.072844 0.006150
14.077845 0.005521
14.082846 0.004605
14.087847 0.003260
14.092848 0.002048
14.097849 0.000655
14.102850 -0.000738
14.107851 -0.001768
14.112852 -0.002598
14.117853 -0.002397
14.122854 -0.002140
14.127855 -0.001825
14.132856 -0.000785
14.137857 0.000760
14.142858 0.002373
14.147859 0.003575
14.152860 0.004662
14.157861 0.005358
14.162862 0.005912
14.167863 0.006561
14.172864 0.007457
14.177865 0.008230
14.182866 0.008669
14.187867 0.009327
14.192868 0.009651
14.197869 0.009327
14.202870 0.008297
14.207871 0.006761
14.212872 0.004967
14.217873 0.003031
14.222874 0.000837
14.227875 -0.001729
14.232876 -0.004210
14.237877 -0.006232
14.242878 -0.007720
14.247879 -0.009199
14.252880 -0.010000
14.257881 -0.010201
14.262882 -0.010687
14.267883 -0.011117
14.272884 -0.011365
14.277885 -0.011040
14.282886 -0.010010
14.287887 -0.008627
14.292888 -0.006499
14.297889 -0.004019
14.302890 -0.001643
14.307891 0.000761
14.312892 0.003050
14.317893 0.005225
14.322894 0.006856
14.327895 0.007982
14.332896 0.009289
14.337897 0.010377
14.342898 0.010796
14.347899 0.010911
14.352900 0.010625
14.357901 0.009614
14.362902 0.007820
14.367903 0.005206
14.372904 0.002297
14.377905 -0.000422
14.382906 -0.002559
14.387907 -0.004658
14.392908 -0.006871
14.397909 -0.008197
14.402910 -0.009256
14.407911 -0.010143
14.412912 -0.010048
14.417913 -0.009475
14.422914 -0.008846
14.427915 -0.008541
14.432916 -0.007987
14.437917 -0.006518
14.442918 -0.005049
14.447919 -0.003704
14.452920 -0.002826
14.457921 -0.002349
14.462922 -0.002120
14.467923 -0.002502
14.472924 -0.002778
14.477925 -0.002979
14.482926 -0.003313
14.487927 -0.003437
14.492928 -0.003294
14.497929 -0.003084
14.502930 -0.002883
14.507931 -0.002702
14.512932 -0.002330
14.517934 -0.002015
14.522935 -0.002034
14.527936 -0.002025
14.532937 -0.001615
14.537938 -0.000670
14.542939 0.000341
14.547940 0.001581
14.552941 0.003318
14.557942 0.005149
14.562943 0.006733
14.567944 0.007925
14.572945 0.008641
14.577946 0.009299
14.582947 0.010062
14.587948 0.010444
14.592949 0.010883
14.597950 0.011360
14.602951 0.011236
14.607952 0.010482
14.612953 0.009328
14.617954 0.008078
14.622955 0.006666
14.627956 0.005121
14.632957 0.004291
14.637958 0.004195
14.642959 0.003986
14.647960 0.003909
14.652961 0.004129
14.657962 0.004148
14.662963 0.003928
14.667964 0.003413
14.672965 0.002707
14.677966 0.001734
14.682967 0.000389
14.687968 -0.001128
14.692969 -0.003045
14.697970 -0.005316
14.702971 -0.007624
14.707972 -0.010171
14.712973 -0.012375
14.717974 -0.013777
14.722975 -0.014884
14.727976 -0.015227
14.732977 -0.015142
14.737978 -0.014817
14.742979 -0.013959
14.747980 -0.012604
14.752981 -0.010372
14.757982 -0.007815
14.762983 -0.005344
14.767984 -0.003217
14.772985 -0.001585
14.777986 -0.000250
14.782987 0.000599
14.787988 0.000971
14.792989 0.001200
14.797990 0.001629
14.802991 0.001973
14.807992 0.001916
14.812993 0.002011
14.817994 0.002183
14.822995 0.002412
14.827996 0.002860
14.832997 0.003070
14.837998 0.003442
14.842999 0.003766
14.848000 0.003852
14.853001 0.004282
14.858002 0.004625
14.863003 0.004892
14.868004 0.004787
14.873005 0.003938
14.878006 0.003185
14.883007 0.002526
14.888008 0.001706
14.893009 0.000924
14.898010 0.000237
14.903011 -0.000498
14.908012 -0.001595
14.913013 -0.002520
14.918014 -0.003035
14.923015 -0.003159
14.928016 -0.002930
14.933017 -0.002673
14.938018 -0.001690
14.943019 -0.000297
14.948020 0.000981
14.953021 0.002383
14.958022 0.003690
14.963023 0.004730
14.968024 0.005179
14.973025 0.005722
14.978026 0.006600
14.983027 0.007153
14.988028 0.007439
14.993030 0.007497
14.998031 0.007087
15.003032 0.006333
15.008033 0.005140
15.013034 0.003833
15.018035 0.002994
15.023036 0.001973
15.028037 0.001229
15.033038 0.000924
15.038039 0.000552
15.043040 0.000294
15.048041 -0.000555
15.053042 -0.001442
15.058043 -0.002224
15.063044 -0.003216
15.068045 -0.003817
15.073046 -0.004113
15.078047 -0.003751
15.083048 -0.003111
15.088049 -0.002596
15.093050 -0.001967
15.098051 -0.001375
15.103052 -0.001633
15.108053 -0.002606
15.113054 -0.003512
15.118055 -0.004704
15.123056 -0.005926
15.128057 -0.007309
15.133058 -0.008721
15.138059 -0.009846
15.143060 -0.010819
15.148061 -0.011287
15.153062 -0.011201
15.158063 -0.010590
15.163064 -0.009694
15.168065 -0.008158
15.173066 -0.006011
15.178067 -0.003321
15.183068 -0.000469
15.188069 0.002050
15.193070 0.004616
15.198071 0.007096
15.203072 0.009348
15.208073 0.010741
15.213074 0.011380
15.218075 0.011599
15.223076 0.011218
15.228077 0.010674
15.233078 0.009844
15.238079 0.009157
15.243080 0.008327
15.248081 0.006972
15.253082 0.005637
15.258083 0.003977
15.263084 0.002203
15.268085 0.000381
15.273086 -0.001089
15.278087 -0.001814
15.283088 -0.002787
15.288089 -0.003626
15.293090 -0.004055
15.298091 -0.004609
15.303092 -0.005257
15.308093 -0.005858
15.313094 -0.006335
15.318095 -0.006679
15.323096 -0.006994
15.328097 -0.007432
15.333098 -0.007356
15.338099 -0.007003
15.343100 -0.006507
15.348101 -0.005467
15.353102 -0.003903
15.358103 -0.001632
15.363104 0.000638
15.368105 0.002775
15.373106 0.004836
15.378107 0.006610
15.383108 0.008184
15.388109 0.008957
15.393110 0.009215
15.398111 0.009300
15.403112 0.008499
15.408113 0.007068
15.413114 0.005818
15.418115 0.004760
15.423116 0.003853
15.428117 0.002937
15.433118 0.002251
15.438119 0.001974
15.443120 0.001602
15.448121 0.001163
15.453122 0.000886
15.458123 0.000791
15.463124 0.000486
15.468126 -0.000297
15.473127 -0.001403
15.478128 -0.002710
15.483129 -0.003988
15.488130 -0.005391
15.493131 -0.006335
15.498132 -0.006516
15.503133 -0.006936
15.508134 -0.007480
15.513135 -0.007823
15.518136 -0.007957
15.523137 -0.007747
15.528138 -0.007547
15.533139 -0.007051
15.538140 -0.006192
15.543141 -0.005705
15.548142 -0.005171
15.553143 -0.004227
15.558144 -0.003177
15.563145 -0.002128
15.568146 -0.001689
15.573147 -0.001451
15.578148 -0.000974
15.583149 -0.000869
15.588150 -0.001536
15.593151 -0.002252
15.598152 -0.002471
15.603153 -0.002700
15.608154 -0.002672
15.613155 -0.002452
15.618156 -0.002099
15.623157 -0.001355
15.628158 -0.000926
15.633159 -0.000277
15.638160 0.000696
15.643161 0.001783
15.648162 0.002861
15.653163 0.003901
15.658164 0.005590
15.663165 0.007116
15.668166 0.008309
15.673167 0.009787
15.678168 0.010970
15.683169 0.011734
15.688170 0.012087
15.693171 0.011772
15.698172 0.011276
15.703173 0.010532
15.708174 0.009463
15.713175 0.008624
15.718176 0.007565
15.723177 0.006382
15.728178 0.005313
15.733179 0.004254
15.738180 0.003329
15.743181 0.002270
15.748182 0.000811
15.753183 -0.000601
15.758184 -0.001555
15.763185 -0.002576
15.768186 -0.003463
15.773187 -0.004112
15.778188 -0.004360
15.783189 -0.004293
15.788190 -0.004341
15.793191 -0.004150
15.798192 -0.004226
15.803193 -0.004322
15.808194 -0.004207
15.813195 -0.003959
15.818196 -0.003377
15.823197 -0.002872
15.828198 -0.002442
15.833199 -0.002709
15.838200 -0.003101
15.843201 -0.003406
15.848202 -0.004188
15.853203 -0.004522
15.858204 -0.004379
15.863205 -0.004112
15.868206 -0.003950
15.873207 -0.003749
15.878208 -0.003301
15.883209 -0.003196
15.888210 -0.003377
15.893211 -0.003520
15.898212 -0.003043
15.903213 -0.002299
15.908214 -0.001822
15.913215 -0.001259
15.918216 -0.000544
15.923217 0.000191
15.928218 0.000534
15.933219 0.000906
15.938220 0.001555
15.943222 0.002061
15.948223 0.002719
15.953224 0.003501
15.958225 0.004331
15.963226 0.004951
15.968227 0.004808
15.973228 0.004217
15.978229 0.003625
15.983230 0.002833
15.988231 0.001774
15.993232 0.000763
15.998233 -0.000048
16.003234 -0.000649
16.008235 -0.001307
16.013236 -0.002032
16.018237 -0.002528
16.023238 -0.002833
16.028239 -0.002976
16.033240 -0.003043
16.038241 -0.003119
16.043242 -0.003196
16.048243 -0.003491
16.053244 -0.003787
16.058245 -0.003930
16.063246 -0.004188
16.068247 -0.004312
16.073248 -0.004131
16.078249 -0.003577
16.083250 -0.002642
16.088251 -0.002089
16.093252 -0.001469
16.098253 0.000124
16.103254 0.001403
16.108255 0.002109
16.113256 0.002929
16.118257 0.003635
16.123258 0.004017
16.128259 0.004026
16.133260 0.003969
16.138261 0.003950
16.143262 0.004207
16.148263 0.004789
16.153264 0.005734
16.158265 0.007232
16.163266 0.009025
16.168267 0.010590
16.173268 0.011734
16.178269 0.012955
16.183270 0.013671
16.188271 0.013518
16.193272 0.012994
16.198273 0.011982
16.203274 0.010761
16.208275 0.009082
16.213276 0.007251
16.218277 0.005142
16.223278 0.002452
16.228279 -0.000057
16.233280 -0.002661
16.238281 -0.005094
16.243282 -0.007088
16.248283 -0.008557
16.253284 -0.009501
16.258285 -0.009921
16.263286 -0.009377
16.268287 -0.008595
16.273288 -0.007793
16.278289 -0.006639
16.283290 -0.005513
16.288291 -0.004359
16.293292 -0.003100
16.298293 -0.002012
16.303294 -0.001192
16.308295 -0.000801
16.313296 -0.000858
16.318297 -0.000972
16.323298 -0.000972
16.328299 -0.001354
16.333300 -0.001888
16.338301 -0.001802
16.343302 -0.001468
16.348303 -0.001049
16.353304 -0.000562
16.358305 -0.000209
16.363306 0.000039
16.368307 -0.000057
16.373308 -0.000200
16.378309 -0.000142
16.383310 -0.000276
16.388311 -0.000724
16.393312 -0.000925
16.398313 -0.000791
16.403314 -0.000934
16.408315 -0.001373
16.413316 -0.002212
16.418318 -0.003300
16.423319 -0.004607
16.428320 -0.006105
16.433321 -0.007249
16.438322 -0.008003
16.443323 -0.008213
16.448324 -0.007927
16.453325 -0.007125
16.458326 -0.005771
16.463327 -0.004588
16.468328 -0.003462
16.473329 -0.002260
16.478330 -0.001087
16.483331 0.000001
16.488332 0.000831
16.493333 0.001985
16.498334 0.003054
16.503335 0.004084
16.508336 0.005229
16.513337 0.005992
16.518338 0.006622
16.523339 0.006831
16.528340 0.006698
16.533341 0.006593
16.538342 0.006326
16.543343 0.006116
16.548344 0.005601
16.553345 0.004828
16.558346 0.003960
16.563347 0.002768
16.568348 0.001546
16.573349 0.000592
16.578350 -0.000009
16.583351 -0.000524
16.588352 -0.000734
16.593353 -0.000762
16.598354 -0.000686
16.603355 -0.000581
16.608356 -0.000438
16.613357 0.000316
16.618358 0.000678
16.623359 0.000640
16.628360 0.001184
16.633361 0.001976
16.638362 0.002625
16.643363 0.002930
16.648364 0.003054
16.653365 0.003016
16.658366 0.002939
16.663367 0.002777
16.668368 0.002358
16.673369 0.001766
16.678370 0.001251
16.683371 0.000869
16.688372 0.000259
16.693373 -0.000266
16.698374 -0.000495
16.703375 -0.000752
16.708376 -0.001172
16.713377 -0.001344
16.718378 -0.001411
16.723379 -0.001725
16.728380 -0.001945
16.733381 -0.002174
16.738382 -0.002355
16.743383 -0.002288
16.748384 -0.002202
16.753385 -0.002145
16.758386 -0.001926
16.763387 -0.001382
16.768388 -0.001029
16.773389 -0.000437
16.778390 0.000745
16.783391 0.001843
16.788392 0.002892
16.793393 0.003626
16.798394 0.004142
16.803395 0.004313
16.808396 0.003770
16.813397 0.003245
16.818398 0.002797
16.823399 0.002005
16.828400 0.000688
16.833401 -0.000514
16.838402 -0.001439
16.843403 -0.002698
16.848404 -0.004311
16.853405 -0.005951
16.858406 -0.007497
16.863407 -0.009338
16.868408 -0.010960
16.873409 -0.011885
16.878410 -0.012143
16.883411 -0.011895
16.888412 -0.011675
16.893414 -0.010521
16.898415 -0.008556
16.903416 -0.006581
16.908417 -0.004215
16.913418 -0.001658
16.918419 0.000793
16.923420 0.002949
16.928421 0.004457
16.933422 0.005678
16.938423 0.006832
16.943424 0.007223
16.948425 0.006803
16.953426 0.006164
16.958427 0.005726
16.963428 0.005287
16.968429 0.004781
16.973430 0.004323
16.978431 0.004190
16.983432 0.004466
16.988433 0.004609
16.993434 0.004848
16.998435 0.005058
17.003436 0.005077
17.008437 0.004972
17.013438 0.004629
17.018439 0.003923
17.023440 0.002930
17.028441 0.001833
17.033442 0.000670
17.038443 0.000021
17.043444 -0.000618
17.048445 -0.001172
17.053446 -0.001286
17.058447 -0.001362
17.063448 -0.001534
17.068449 -0.001868
17.073450 -0.001963
17.078451 -0.001982
17.083452 -0.002278
17.088453 -0.003022
17.093454 -0.003518
17.098455 -0.003814
17.103456 -0.004348
17.108457 -0.004215
17.113458 -0.004224
17.118459 -0.004005
17.123460 -0.003404
17.128461 -0.002917
17.133462 -0.001839
17.138463 -0.000771
17.143464 0.000536
17.148465 0.001738
17.153466 0.002702
17.158467 0.003894
17.163468 0.004676
17.168469 0.005277
17.173470 0.005821
17.178471 0.006604
17.183472 0.007233
17.188473 0.007424
17.193474 0.007395
17.198475 0.007090
17.203476 0.006670
17.208477 0.005869
17.213478 0.005020
17.218479 0.004037
17.223480 0.002750
17.228481 0.001490
17.233482 -0.000017
17.238483 -0.001543
17.243484 -0.003136
17.248485 -0.005035
17.253486 -0.006685
17.258487 -0.007620
17.263488 -0.008441
17.268489 -0.008851
17.273490 -0.008517
17.278491 -0.007878
17.283492 -0.006857
17.288493 -0.005913
17.293494 -0.004567
17.298495 -0.003327
17.303496 -0.002574
17.308497 -0.001572
17.313498 -0.000933
17.318499 -0.000313
17.323500 0.000079
17.328501 -0.000084
17.333502 -0.000370
17.338503 -0.000828
17.343504 -0.001114
17.348505 -0.001581
17.353506 -0.002154
17.358507 -0.002430
17.363508 -0.002631
17.368509 -0.002917
17.373511 -0.003346
17.378512 -0.003527
17.383513 -0.003737
17.388514 -0.003871
17.393515 -0.003613
17.398516 -0.003193
17.403517 -0.002306
17.408518 -0.001343
17.413519 -0.000389
17.418520 0.000880
17.423521 0.001968
17.428522 0.002950
17.433523 0.003904
17.438524 0.004782
17.443525 0.005612
17.448526 0.006022
17.453527 0.006375
17.458528 0.006814
17.463529 0.007176
17.468530 0.007434
17.473531 0.007596
17.478532 0.007816
17.483533 0.007940
17.488534 0.007844
17.493535 0.007243
17.498536 0.006814
17.503537 0.006699
17.508538 0.006098
17.513539 0.005593
17.518540 0.005068
17.523541 0.004200
17.528542 0.003322
17.533543 0.002120
17.538544 0.001052
17.543545 0.000146
17.548546 -0.000808
17.553547 -0.001476
17.558548 -0.002163
17.563549 -0.002878
17.568550 -0.003508
17.573551 -0.004214
17.578552 -0.004662
17.583553 -0.004853
17.588554 -0.005044
17.593555 -0.004901
17.598556 -0.004252
17.603557 -0.003632
17.608558 -0.003050
17.613559 -0.002153
17.618560 -0.001257
17.623561 -0.000407
17.628562 0.000184
17.633563 0.000661
17.638564 0.001281
17.643565 0.001682
17.648566 0.001787
17.653567 0.001720
17.658568 0.001501
17.663569 0.000890
17.668570 -0.000245
17.673571 -0.001466
17.678572 -0.002344
17.683573 -0.003307
17.688574 -0.004271
17.693575 -0.004853
17.698576 -0.005568
17.703577 -0.005998
17.708578 -0.006265
17.713579 -0.006408
17.718580 -0.006341
17.723581 -0.006379
17.728582 -0.006236
17.733583 -0.006179
17.738584 -0.005797
17.743585 -0.005158
17.748586 -0.004624
17.753587 -0.003908
17.758588 -0.002811
17.763589 -0.001533
17.768590 -0.000531
17.773591 0.000499
17.778592 0.001443
17.783593 0.002159
17.788594 0.002665
17.793595 0.003123
17.798596 0.003638
17.803597 0.003628
17.808598 0.003256
17.813599 0.003027
17.818600 0.002703
17.823601 0.002235
17.828602 0.001539
17.833603 0.000499
17.838604 -0.000455
17.843605 -0.001552
17.848607 -0.002744
17.853608 -0.003336
17.858609 -0.003727
17.863610 -0.003841
17.868611 -0.003441
17.873612 -0.002697
17.878613 -0.001361
17.883614 0.000051
17.888615 0.001281
17.893616 0.002493
17.898617 0.003876
17.903618 0.005336
17.908619 0.006443
17.913620 0.007244
17.918621 0.007654
17.923622 0.007750
17.928623 0.007072
17.933624 0.005994
17.938625 0.005002
17.943626 0.003638
17.948627 0.002465
17.953628 0.001377
17.958629 0.000499
17.963630 -0.000130
17.968631 -0.000836
17.973632 -0.001046
17.978633 -0.000960
17.983634 -0.000827
17.988635 -0.000579
17.993636 0.000051
17.998637 0.000871
18.003638 0.001616
18.008639 0.002274
18.013640 0.002388
18.018641 0.002169
18.023642 0.001396
18.028643 0.000118
18.033644 -0.001170
18.038645 -0.002391
18.043646 -0.003307
18.048647 -0.004280
18.053648 -0.004852
18.058649 -0.004766
18.063650 -0.004805
18.068651 -0.004738
18.073652 -0.004423
18.078653 -0.003898
18.083654 -0.003030
18.088655 -0.002105
18.093656 -0.000865
18.098657 0.000452
18.103658 0.001186
18.108659 0.001864
18.113660 0.002703
18.118661 0.003171
18.123662 0.003514
18.128663 0.003781
18.133664 0.003715
18.138665 0.003304
18.143666 0.002493
18.148667 0.001396
18.153668 0.000032
18.158669 -0.001427
18.163670 -0.002696
18.168671 -0.003765
18.173672 -0.004700
18.178673 -0.005110
18.183674 -0.005072
18.188675 -0.004976
18.193676 -0.004518
18.198677 -0.003631
18.203678 -0.002753
18.208679 -0.001895
18.213680 -0.000635
18.218681 0.000633
18.223682 0.001883
18.228683 0.003324
18.233684 0.004487
18.238685 0.005451
18.243686 0.005966
18.248687 0.006233
18.253688 0.006386
18.258689 0.006567
18.263690 0.006787
18.268691 0.006166
18.273692 0.005461
18.278693 0.004821
18.283694 0.003648
18.288695 0.002360
18.293696 0.000862
18.298697 -0.000569
18.303698 -0.001656
18.308699 -0.002791
18.313700 -0.003822
18.318701 -0.004737
18.323703 -0.005539
18.328704 -0.006292
18.333705 -0.006760
18.338706 -0.006569
18.343707 -0.006140
18.348708 -0.005396
18.353709 -0.004337
18.358710 -0.003154
18.363711 -0.002209
18.368712 -0.001465
18.373713 -0.000692
18.378714 -0.000225
18.383715 -0.000091
18.388716 -0.000616
18.393717 -0.001322
18.398718 -0.001732
18.403719 -0.002572
18.408720 -0.003631
18.413721 -0.004337
18.418722 -0.004880
18.423723 -0.005157
18.428724 -0.005262
18.433725 -0.005357
18.438726 -0.004823
18.443727 -0.004089
18.448728 -0.003230
18.453729 -0.001732
18.458730 -0.000101
18.463731 0.001683
18.468732 0.003553
18.473733 0.005098
18.478734 0.006873
18.483735 0.008838
18.488736 0.010183
18.493737 0.011032
18.498738 0.011853
18.503739 0.012377
18.508740 0.012091
18.513741 0.011328
18.518742 0.010488
18.523743 0.009334
18.528744 0.007646
18.533745 0.005747
18.538746 0.003830
18.543747 0.001836
18.548748 -0.000005
18.553749 -0.001494
18.558750 -0.002753
18.563751 -0.003793
18.568752 -0.004384
18.573753 -0.004613
18.578754 -0.004403
18.583755 -0.004155
18.588756 -0.004002
18.593757 -0.003726
18.598758 -0.003201
18.603759 -0.002667
18.608760 -0.002476
18.613761 -0.002085
18.618762 -0.001770
18.623763 -0.001741
18.628764 -0.001837
18.633765 -0.002400
18.638766 -0.002963
18.643767 -0.003544
18.648768 -0.004365
18.653769 -0.004851
18.658770 -0.004975
18.663771 -0.005176
18.668772 -0.005128
18.673773 -0.004909
18.678774 -0.004565
18.683775 -0.004031
18.688776 -0.003707
18.693777 -0.003163
18.698778 -0.002380
18.703779 -0.001551
18.708780 -0.000778
18.713781 -0.000120
18.718782 0.000701
18.723783 0.001369
18.728784 0.001903
18.733785 0.002218
18.738786 0.002370
18.743787 0.002418
18.748788 0.001941
18.753789 0.001436
18.758790 0.000930
18.763791 -0.000081
18.768792 -0.001264
18.773793 -0.002237
18.778794 -0.003153
18.783795 -0.003859
18.788796 -0.004479
18.793797 -0.004803
18.798799 -0.004384
18.803800 -0.003592
18.808801 -0.002581
18.813802 -0.001331
18.818803 0.000215
18.823804 0.002103
18.828805 0.003897
18.833806 0.005690
18.838807 0.007684
18.843808 0.009144
18.848809 0.010041
18.853810 0.010546
18.858811 0.010642
18.863812 0.010508
18.868813 0.009735
18.873814 0.008571
18.878815 0.007389
18.883816 0.005757
18.888817 0.003897
18.893818 0.002018
18.898819 0.000138
18.903820 -0.001407
18.908821 -0.002790
18.913822 -0.003735
18.918823 -0.003840
18.923824 -0.003773
18.928825 -0.003926
18.933826 -0.003678
18.938827 -0.002924
18.943828 -0.001855
18.948829 -0.000854
18.953830 -0.000100
18.958831 0.001007
18.963832 0.002342
18.968833 0.003191
18.973834 0.003563
18.978835 0.003821
18.983836 0.003821
18.988837 0.003477
18.993838 0.002876
18.998839 0.001961
19.003840 0.000968
19.008841 -0.000224
19.013842 -0.001397
19.018843 -0.002466
19.023844 -0.003677
19.028845 -0.004870
19.033846 -0.005910
19.038847 -0.006329
19.043848 -0.006453
19.048849 -0.006511
19.053850 -0.006348
19.058851 -0.005805
19.063852 -0.004898
19.068853 -0.004154
19.073854 -0.003200
19.078855 -0.002084
19.083856 -0.001311
19.088857 -0.000615
19.093858 0.000129
19.098859 0.000597
19.103860 0.000902
19.108861 0.000950
19.113862 0.000597
19.118863 0.000215
19.123864 -0.000310
19.128865 -0.000710
19.133866 -0.001140
19.138867 -0.001645
19.143868 -0.001903
19.148869 -0.002199
19.153870 -0.002637
19.158871 -0.002761
19.163872 -0.002809
19.168873 -0.002990
19.173874 -0.002933
19.178875 -0.002981
19.183876 -0.002780
19.188877 -0.002437
19.193878 -0.002160
19.198879 -0.001397
19.203880 -0.000567
19.208881 0.000215
19.213882 0.001036
19.218883 0.001999
19.223884 0.003134
19.228885 0.004050
19.233886 0.004871
19.238887 0.005586
19.243888 0.005901
19.248889 0.005968
19.253890 0.005872
19.258891 0.005634
19.263892 0.005090
19.268893 0.004088
19.273895 0.003182
19.278896 0.002467
19.283897 0.001780
19.288898 0.001246
19.293899 0.000673
19.298900 0.000282
19.303901 0.000129
19.308902 -0.000014
19.313903 0.000129
19.318904 0.000645
19.323905 0.001112
19.328906 0.001475
19.333907 0.001818
19.338908 0.001923
19.343909 0.001780
19.348910 0.001503
19.353911 0.001370
19.358912 0.001465
19.363913 0.001351
19.368914 0.001408
19.373915 0.001427
19.378916 0.001122
19.383917 0.000864
19.388918 0.000139
19.393919 -0.000462
19.398920 -0.000834
19.403921 -0.001235
19.408922 -0.001378
19.413923 -0.001464
19.418924 -0.001368
19.423925 -0.001492
19.428926 -0.001692
19.433927 -0.001759
19.438928 -0.001969
19.443929 -0.001940
19.448930 -0.001712
19.453931 -0.001330
19.458932 -0.000986
19.463933 -0.000672
19.468934 -0.000481
19.473935 -0.000271
19.478936 0.000197
19.483937 0.000301
19.488938 0.000349
19.493939 0.000235
19.498940 0.000130
19.503941 0.000092
19.508942 -0.000509
19.513943 -0.000691
19.518944 -0.000834
19.523945 -0.000996
19.528946 -0.000662
19.533947 -0.000433
19.538948 0.000034
19.543949 0.000263
19.548950 0.000321
19.553951 0.000531
19.558952 0.000349
19.563953 0.000139
19.568954 -0.000214
19.573955 -0.000881
19.578956 -0.001387
19.583957 -0.001845
19.588958 -0.002293
19.593959 -0.002408
19.598960 -0.002379
19.603961 -0.002427
19.608962 -0.002112
19.613963 -0.001444
19.618964 -0.000814
19.623965 -0.000061
19.628966 0.000750
19.633967 0.001408
19.638968 0.002076
19.643969 0.002486
19.648970 0.002486
19.653971 0.002524
19.658972 0.002725
19.663973 0.002715
19.668974 0.002629
19.673975 0.002601
19.678976 0.002515
19.683977 0.002248
19.688978 0.001666
19.693979 0.001113
19.698980 0.000846
19.703981 0.000550
19.708982 -0.000175
19.713983 -0.001062
19.718984 -0.001673
19.723985 -0.002169
19.728986 -0.002407
19.733987 -0.002159
19.738988 -0.001644
19.743989 -0.001091
19.748991 -0.000499
19.753992 0.000216
19.758993 0.000941
19.763994 0.001657
19.768995 0.002200
19.773996 0.002582
19.778997 0.003154
19.783998 0.003393
19.788999 0.003068
19.794000 0.002696
19.799001 0.002296
19.804002 0.001781
19.809003 0.001027
19.814004 0.000388
19.819005 0.000292
19.824006 0.000140
19.829007 -0.000223
19.834008 -0.000433
19.839009 -0.000289
19.844010 -0.000213
19.849011 -0.000261
19.854012 -0.000022
19.859013 0.000159
19.864014 0.000359
19.869015 0.000388
19.874016 0.000264
19.879017 0.000378
19.884018 0.000321
19.889019 -0.000108
19.894020 -0.000604
19.899021 -0.001024
19.904022 -0.001587
19.909023 -0.002092
19.914024 -0.002579
19.919025 -0.002980
19.924026 -0.003094
19.929027 -0.003409
19.934028 -0.003447
19.939029 -0.003199
19.944030 -0.003237
19.949031 -0.003361
19.954032 -0.003247
19.959033 -0.002617
19.964034 -0.002083
19.969035 -0.001797
19.974036 -0.001348
19.979037 -0.000642
19.984038 -0.000003
19.989039 0.000073
19.994040 0.000360
19.999041 0.000808
20.004042 0.001018
20.009043 0.000970
20.014044 0.000321
20.019045 -0.000156
20.024046 -0.000270
20.029047 -0.000728
20.034048 -0.001205
20.039049 -0.001329
20.044050 -0.001606
20.049051 -0.002178
20.054052 -0.002703
20.059053 -0.003084
20.064054 -0.003494
20.069055 -0.003981
20.074056 -0.004248
20.079057 -0.004057
20.084058 -0.003599
20.089059 -0.003084
20.094060 -0.002521
20.099061 -0.001825
20.104062 -0.000671
20.109063 0.000350
20.114064 0.001161
20.119065 0.002172
20.124066 0.002888
20.129067 0.003355
20.134068 0.003689
20.139069 0.004071
20.144070 0.004300
20.149071 0.003889
20.154072 0.003575
20.159073 0.003365
20.164074 0.003031
20.169075 0.002697
20.174076 0.002115
20.179077 0.001724
20.184078 0.001457
20.189079 0.001123
20.194080 0.000932
20.199081 0.000741
20.204082 0.000579
20.209083 0.000093
20.214084 -0.000356
20.219085 -0.000356
20.224086 -0.000546
20.229088 -0.001033
20.234089 -0.001395
20.239090 -0.001701
20.244091 -0.002063
20.249092 -0.002111
20.254093 -0.001920
20.259094 -0.001500
20.264095 -0.000833
20.269096 -0.000403
20.274097 0.000179
20.279098 0.000885
20.284099 0.001362
20.289100 0.001791
20.294101 0.002163
20.299102 0.002697
20.304103 0.002964
20.309104 0.002573
20.314105 0.002249
20.319106 0.001972
20.324107 0.001371
20.329108 0.000847
20.334109 0.000742
20.339110 0.000732
20.344111 0.000780
20.349112 0.000923
20.354113 0.001285
20.359114 0.001848
20.364115 0.002335
20.369116 0.002860
20.374117 0.003279
20.379118 0.003699
20.384119 0.003833
20.389120 0.003928
20.394121 0.004147
20.399122 0.004147
20.404123 0.004071
20.409124 0.003546
20.414125 0.003232
20.419126 0.003031
20.424127 0.002593
20.429128 0.002144
20.434129 0.001467
20.439130 0.000914
20.444131 0.000065
20.449132 -0.000756
20.454133 -0.001462
20.459134 -0.002254
20.464135 -0.002950
20.469136 -0.003942
20.474137 -0.004906
20.479138 -0.005802
20.484139 -0.006413
20.489140 -0.006795
20.494141 -0.007310
20.499142 -0.007386
20.504143 -0.007243
20.509144 -0.007176
20.514145 -0.006756
20.519146 -0.005879
20.524147 -0.005011
20.529148 -0.004028
20.534149 -0.002845
20.539150 -0.001691
20.544151 -0.000641
20.549152 0.000408
20.554153 0.001505
20.559154 0.002354
20.564155 0.002955
20.569156 0.003318
20.574157 0.003451
20.579158 0.003442
20.584159 0.003375
20.589160 0.003032
20.594161 0.002478
20.599162 0.001935
20.604163 0.001276
20.609164 0.000685
20.614165 0.000093
20.619166 -0.000240
20.624167 -0.000412
20.629168 -0.000937
20.634169 -0.001280
20.639170 -0.001366
20.644171 -0.001280
20.649172 -0.001166
20.654173 -0.001166
20.659174 -0.000861
20.664175 -0.000956
20.669176 -0.001328
20.674177 -0.001357
20.679178 -0.001347
20.684179 -0.001271
20.689180 -0.001347
20.694181 -0.001347
20.699182 -0.001290
20.704184 -0.001213
20.709185 -0.001204
20.714186 -0.001271
20.719187 -0.001004
20.724188 -0.001003
20.729189 -0.000879
20.734190 -0.000717
20.739191 -0.000717
20.744192 -0.000383
20.749193 -0.000317
20.754194 -0.000221
20.759195 0.000275
20.764196 0.000847
20.769197 0.001267
20.774198 0.001649
20.779199 0.002202
20.784200 0.002650
20.789201 0.002832
20.794202 0.002994
20.799203 0.003414
20.804204 0.003461
20.809205 0.003385
20.814206 0.003614
20.819207 0.003719
20.824208 0.003957
20.829209 0.003976
20.834210 0.003757
20.839211 0.004148
20.844212 0.004549
20.849213 0.004387
20.854214 0.004473
20.859215 0.004473
20.864216 0.004024
20.869217 0.003681
20.874218 0.003061
20.879219 0.002288
20.884220 0.001496
20.889221 0.000571
20.894222 -0.000259
20.899223 -0.001108
20.904224 -0.001881
20.909225 -0.002644
20.914226 -0.003331
20.919227 -0.003951
20.924228 -0.004409
20.929229 -0.004857
20.934230 -0.005334
20.939231 -0.005315
20.944232 -0.005201
20.949233 -0.005430
20.954234 -0.005573
20.959235 -0.005544
20.964236 -0.005401
20.969237 -0.005353
20.974238 -0.005620
20.979239 -0.005611
20.984240 -0.005420
20.989241 -0.005267
20.994242 -0.005000
20.999243 -0.004571
21.004244 -0.003941
21.009245 -0.003321
21.014246 -0.002367
21.019247 -0.001261
21.024248 -0.000507
21.029249 -0.000039
21.034250 0.000371
21.039251 0.000686
21.044252 0.000857
21.049253 0.001086
21.054254 0.001058
21.059255 0.001268
21.064256 0.001764
21.069257 0.001964
21.074258 0.002336
21.079259 0.002861
21.084260 0.003404
21.089261 0.003881
21.094262 0.004263
21.099263 0.004597
21.104264 0.004807
21.109265 0.004616
21.114266 0.004177
21.119267 0.004110
21.124268 0.003862
21.129269 0.003023
21.134270 0.002222
21.139271 0.001964
21.144272 0.001487
21.149273 0.000829
21.154274 0.000380
21.159275 0.000113
21.164276 0.000008
21.169277 -0.000488
21.174278 -0.000802
21.179280 -0.000564
21.184281 -0.000392
21.189282 -0.000421
21.194283 -0.000201
21.199284 0.000104
21.204285 0.000571
21.209286 0.000867
21.214287 0.000743
21.219288 0.001010
21.224289 0.000905
21.229290 0.000724
21.234291 0.000724
21.239292 0.000390
21.244293 0.000476
21.249294 0.000180
21.254295 -0.000144
21.259296 0.000152
21.264297 -0.000077
21.269298 -0.000411
21.274299 -0.000383
21.279300 -0.000516
21.284301 -0.000554
21.289302 -0.000831
21.294303 -0.001184
21.299304 -0.001079
21.304305 -0.001136
21.309306 -0.001012
21.314307 -0.000945
21.319308 -0.000993
21.324309 -0.000650
21.329310 -0.000783
21.334311 -0.001003
21.339312 -0.000888
21.344313 -0.000669
21.349314 -0.000354
21.354315 -0.000010
21.359316 0.000562
21.364317 0.001049
21.369318 0.001306
21.374319 0.001507
21.379320 0.001812
21.384321 0.001898
21.389322 0.001535
21.394323 0.001363
21.399324 0.000944
21.404325 0.000219
21.409326 -0.000649
21.414327 -0.001718
21.419328 -0.002309
21.424329 -0.002815
21.429330 -0.003464
21.434331 -0.003731
21.439332 -0.003922
21.444333 -0.003950
21.449334 -0.003788
21.454335 -0.003721
21.459336 -0.003254
21.464337 -0.002719
21.469338 -0.002271
21.474339 -0.001575
21.479340 -0.001174
21.484341 -0.000716
21.489342 -0.000134
21.494343 0.000257
21.499344 0.000772
21.504345 0.001030
21.509346 0.000829
21.514347 0.000782
21.519348 0.000963
21.524349 0.000982
21.529350 0.000782
21.534351 0.000763
21.539352 0.001135
21.544353 0.001345
21.549354 0.001078
21.554355 0.000896
21.559356 0.000915
21.564357 0.000982
21.569358 0.001087
21.574359 0.001182
21.579360 0.001564
21.584361 0.001869
21.589362 0.001679
21.594363 0.001459
21.599364 0.001087
21.604365 0.000648
21.609366 0.000143
21.614367 -0.000468
21.619368 -0.001021
21.624369 -0.001469
21.629370 -0.001994
21.634371 -0.002700
21.639372 -0.003148
21.644373 -0.003473
21.649374 -0.003864
21.654376 -0.004055
21.659377 -0.003692
21.664378 -0.003129
21.669379 -0.002509
21.674380 -0.001431
21.679381 -0.000325
21.684382 0.000849
21.689383 0.001755
21.694384 0.002385
21.699385 0.003358
21.704386 0.004092
21.709387 0.004779
21.714388 0.005313
21.719389 0.005790
21.724390 0.006172
21.729391 0.005886
21.734392 0.005485
21.739393 0.004941
21.744394 0.004360
21.749395 0.003491
21.754396 0.002557
21.759397 0.001965
21.764398 0.001221
21.769399 0.000486
21.774400 -0.000363
21.779401 -0.001059
21.784402 -0.001479
21.789403 -0.002061
21.794404 -0.002480
21.799405 -0.002700
21.804406 -0.002690
21.809407 -0.002604
21.814408 -0.002414
21.819409 -0.001851
21.824410 -0.001364
21.829411 -0.000820
21.834412 -0.000401
21.839413 -0.000057
21.844414 0.000677
21.849415 0.001126
21.854416 0.001603
21.859417 0.002280
21.864418 0.002786
21.869419 0.002976
21.874420 0.002986
21.879421 0.003053
21.884422 0.002919
21.889423 0.002509
21.894424 0.001841
21.899425 0.001393
21.904426 0.000964
21.909427 0.000134
21.914428 -0.000773
21.919429 -0.001669
21.924430 -0.002232
21.929431 -0.002413
21.934432 -0.002728
21.939433 -0.002890
21.944434 -0.002480
21.949435 -0.002032
21.954436 -0.001831
21.959437 -0.001660
21.964438 -0.001431
21.969439 -0.001278
21.974440 -0.001259
21.979441 -0.001116
21.984442 -0.001326
21.989443 -0.001765
21.994444 -0.001879
21.999445 -0.002261
22.004446 -0.002785
22.009447 -0.003196
22.014448 -0.003444
22.019449 -0.003444
22.024450 -0.003358
22.029451 -0.002900
22.034452 -0.002346
22.039453 -0.001707
22.044454 -0.000849
22.049455 0.000019
22.054456 0.000783
22.059457 0.001670
22.064458 0.002528
22.069459 0.003129
22.074460 0.003616
22.079461 0.003978
22.084462 0.004150
22.089463 0.003807
22.094464 0.003454
22.099465 0.003330
22.104466 0.003025
22.109467 0.002595
22.114468 0.002090
22.119469 0.001803
22.124470 0.001374
22.129472 0.000802
22.134473 0.000554
22.139474 0.000306
22.144475 0.000191
22.149476 -0.000028
22.154477 -0.000219
22.159478 -0.000066
22.164479 -0.000076
22.169480 -0.000076
22.174481 0.000029
22.179482 0.000249
22.184483 0.000325
22.189484 0.000134
22.194485 0.000096
22.199486 0.000106
22.204487 0.000115
22.209488 -0.000143
22.214489 -0.000515
22.219490 -0.000553
22.224491 -0.000629
22.229492 -0.000925
22.234493 -0.001220
22.239494 -0.001163
22.244495 -0.001039
22.249496 -0.001135
22.254497 -0.001068
22.259498 -0.000801
22.264499 -0.000524
22.269500 -0.000562
22.274501 -0.000581
22.279502 -0.000238
22.284503 -0.000142
22.289504 -0.000371
22.294505 -0.000171
22.299506 0.000106
22.304507 0.000115
22.309508 0.000201
22.314509 0.000182
22.319510 0.000573
22.324511 0.000812
22.329512 0.000659
22.334513 0.001022
22.339514 0.001355
22.344515 0.001470
22.349516 0.001432
22.354517 0.001365
22.359518 0.001584
22.364519 0.001594
22.369520 0.001184
22.374521 0.000945
22.379522 0.000497
22.384523 -0.000304
22.389524 -0.000924
22.394525 -0.001230
22.399526 -0.001421
22.404527 -0.001936
22.409528 -0.002623
22.414529 -0.003004
22.419530 -0.003138
22.424531 -0.003567
22.429532 -0.004006
22.434533 -0.004158
22.439534 -0.004321
22.444535 -0.004263
22.449536 -0.004158
22.454537 -0.004034
22.459538 -0.003500
22.464539 -0.003004
22.469540 -0.002613
22.474541 -0.001955
22.479542 -0.001554
22.484543 -0.001211
22.489544 -0.000838
22.494545 -0.000485
22.499546 -0.000113
22.504547 -0.000056
22.509548 0.000011
22.514549 -0.000113
22.519550 -0.000142
22.524551 -0.000066
22.529552 -0.000199
22.534553 0.000030
22.539554 0.000449
22.544555 0.000879
22.549556 0.001308
22.554557 0.001938
22.559558 0.002863
22.564559 0.003903
22.569560 0.004733
22.574561 0.005563
22.579562 0.006698
22.584563 0.007356
22.589564 0.007519
22.594565 0.007862
22.599566 0.008015
22.604568 0.007757
22.609569 0.007232
22.614570 0.006250
22.619571 0.005067
22.624572 0.004189
22.629573 0.003226
22.634574 0.002119
22.639575 0.001308
22.644576 0.000421
22.649577 -0.000542
22.654578 -0.001315
22.659579 -0.001830
22.664580 -0.002040
22.669581 -0.002269
22.674582 -0.002393
22.679583 -0.002527
22.684584 -0.002555
22.689585 -0.002632
22.694586 -0.002880
22.699587 -0.002918
22.704588 -0.003042
22.709589 -0.003376
22.714590 -0.003795
22.719591 -0.003853
22.724592 -0.004034
22.729593 -0.004187
22.734594 -0.004167
22.739595 -0.004301
22.744596 -0.004129
22.749597 -0.004234
22.754598 -0.004091
22.759599 -0.003767
22.764600 -0.003528
22.769601 -0.002965
22.774602 -0.002517
22.779603 -0.001773
22.784604 -0.000943
22.789605 -0.000437
22.794606 -0.000094
22.799607 0.000746
22.804608 0.001681
22.809609 0.002005
22.814610 0.002558
22.819611 0.003255
22.824612 0.003732
22.829613 0.003980
22.834614 0.003951
22.839615 0.004008
22.844616 0.003808
22.849617 0.003264
22.854618 0.002902
22.859619 0.002444
22.864620 0.001824
22.869621 0.001137
22.874622 0.000440
22.879623 0.000078
22.884624 -0.000409
22.889625 -0.000847
22.894626 -0.000943
22.899627 -0.001057
22.904628 -0.000819
22.909629 -0.000571
22.914630 -0.000304
22.919631 0.000202
22.924632 0.000565
22.929633 0.000879
22.934634 0.000965
22.939635 0.000899
22.944636 0.000927
22.949637 0.000822
22.954638 0.000412
22.959639 0.000278
22.964640 0.000278
22.969641 -0.000380
22.974642 -0.000819
22.979643 -0.001162
22.984644 -0.001801
22.989645 -0.002250
22.994646 -0.002765
22.999647 -0.002955
23.004648 -0.003099
23.009649 -0.003394
23.014650 -0.003261
23.019651 -0.003118
23.024652 -0.002879
23.029653 -0.002374
23.034654 -0.001906
23.039655 -0.001171
23.044656 -0.000475
23.049657 0.000202
23.054658 0.000975
23.059659 0.001595
23.064660 0.002272
23.069661 0.002912
23.074662 0.003389
23.079664 0.003684
23.084665 0.003923
23.089666 0.003980
23.094667 0.003675
23.099668 0.003179
23.104669 0.002883
23.109670 0.002397
23.114671 0.001567
23.119672 0.000880
23.124673 0.000288
23.129674 -0.000294
23.134675 -0.000923
23.139676 -0.001133
23.144677 -0.001209
23.149678 -0.001162
23.154679 -0.001038
23.159680 -0.001047
23.164681 -0.000647
23.169682 -0.000427
23.174683 -0.000179
23.179684 0.000260
23.184685 0.000441
23.189686 0.000660
23.194687 0.000746
23.199688 0.000746
23.204689 0.000899
23.209690 0.000966
23.214691 0.000880
23.219692 0.000660
23.224693 0.000355
23.229694 0.000183
23.234695 -0.000131
23.239696 -0.000418
23.244697 -0.000656
23.249698 -0.001143
23.254699 -0.001438
23.259700 -0.001562
23.264701 -0.001619
23.269702 -0.001667
23.274703 -0.001743
23.279704 -0.001619
23.284705 -0.001419
23.289706 -0.001352
23.294707 -0.001266
23.299708 -0.001114
23.304709 -0.001076
23.309710 -0.001047
23.314711 -0.001142
23.319712 -0.001200
23.324713 -0.001285
23.329714 -0.001409
23.334715 -0.001352
23.339716 -0.001533
23.344717 -0.001667
23.349718 -0.001514
23.354719 -0.001429
23.359720 -0.001028
23.364721 -0.000389
23.369722 0.000041
23.374723 0.000804
23.379724 0.001624
23.384725 0.002349
23.389726 0.002826
23.394727 0.002941
23.399728 0.003303
23.404729 0.003523
23.409730 0.003609
23.414731 0.003570
23.419732 0.003570
23.424733 0.003590
23.429734 0.003246
23.434735 0.002960
23.439736 0.002616
23.444737 0.002006
23.449738 0.001538
23.454739 0.001214
23.459740 0.000623
23.464741 0.000203
23.469742 -0.000226
23.474743 -0.000799
23.479744 -0.000961
23.484745 -0.001018
23.489746 -0.001161
23.494747 -0.001142
23.499748 -0.000703
23.504749 -0.000322
23.509750 -0.000083
23.514751 0.000193
23.519752 0.000604
23.524753 0.000957
23.529754 0.000966
23.534755 0.001186
23.539756 0.001329
23.544757 0.001281
23.549758 0.000957
23.554759 0.000556
23.559761 0.000298
23.564762 -0.000236
23.569763 -0.000741
23.574764 -0.001295
23.579765 -0.001667
23.584766 -0.001934
23.589767 -0.002458
23.594768 -0.002706
23.599769 -0.002869
23.604770 -0.003040
23.609771 -0.003126
23.614772 -0.003145
23.619773 -0.002821
23.624774 -0.002477
23.629775 -0.002411
23.634776 -0.002201
23.639777 -0.001705
23.644778 -0.001314
23.649779 -0.001228
23.654780 -0.000970
23.659781 -0.000512
23.664782 -0.000197
23.669783 -0.000159
23.674784 -0.000092
23.679785 0.000261
23.684786 0.000203
23.689787 -0.000321
23.694788 -0.000588
23.699789 -0.000875
23.704790 -0.001237
23.709791 -0.001504
23.714792 -0.001876
23.719793 -0.002019
23.724794 -0.002067
23.729795 -0.002239
23.734796 -0.002143
23.739797 -0.001895
23.744798 -0.001714
23.749799 -0.001409
23.754800 -0.001027
23.759801 -0.000331
23.764802 0.000366
23.769803 0.000671
23.774804 0.001444
23.779805 0.002130
23.784806 0.002512
23.789807 0.003037
23.794808 0.003161
23.799809 0.003189
23.804810 0.003113
23.809811 0.002856
23.814812 0.002627
23.819813 0.002321
23.824814 0.001902
23.829815 0.001348
23.834816 0.000938
23.839817 0.000785
23.844818 0.000633
23.849819 0.000461
23.854820 0.000366
23.859821 0.000623
23.864822 0.001014
23.869823 0.001091
23.874824 0.001329
23.879825 0.001387
23.884826 0.001520
23.889827 0.001759
23.894828 0.001616
23.899829 0.001577
23.904830 0.001291
23.909831 0.001053
23.914832 0.000566
23.919833 0.000251
23.924834 0.000185
23.929835 -0.000493
23.934836 -0.001075
23.939837 -0.001523
23.944838 -0.001399
23.949839 -0.001494
23.954840 -0.001952
23.959841 -0.001599
23.964842 -0.001323
23.969843 -0.001246
23.974844 -0.000989
23.979845 -0.000655
23.984846 -0.000187
23.989847 0.000137
23.994848 0.000480
23.999849 0.001349
24.004850 0.002026
24.009851 0.002226
24.014852 0.002713
24.019853 0.002942
24.024854 0.002885
24.029855 0.002913
24.034857 0.002570
24.039858 0.002388
24.044859 0.002083
24.049860 0.001644
24.054861 0.001234
24.059862 0.000585
24.064863 0.000004
24.069864 -0.000693
24.074865 -0.001246
24.079866 -0.001637
24.084867 -0.002076
24.089868 -0.002591
24.094869 -0.002982
24.099870 -0.003135
24.104871 -0.003164
24.109872 -0.002982
24.114873 -0.003049
24.119874 -0.002963
24.124875 -0.002687
24.129876 -0.002715
24.134877 -0.002667
24.139878 -0.002553
24.144879 -0.002429
24.149880 -0.002410
24.154881 -0.002543
24.159882 -0.002391
24.164883 -0.002229
24.169884 -0.002438
24.174885 -0.002715
24.179886 -0.002963
24.184887 -0.002868
24.189888 -0.002734
24.194889 -0.002830
24.199890 -0.002353
24.204891 -0.002057
24.209892 -0.001923
24.214893 -0.001465
24.219894 -0.001017
24.224895 -0.000235
24.229896 0.000290
24.234897 0.000719
24.239898 0.001559
24.244899 0.002188
24.249900 0.002551
24.254901 0.002904
24.259902 0.003247
24.264903 0.003715
24.269904 0.003858
24.274905 0.003629
24.279906 0.003600
24.284907 0.003314
24.289908 0.002952
24.294909 0.002494
24.299910 0.001921
24.304911 0.001597
24.309912 0.001435
24.314913 0.001168
24.319914 0.000576
24.324915 0.000405
24.329916 0.000252
24.334917 0.000052
24.339918 0.000185
24.344919 0.000243
24.349920 0.000204
24.354921 0.000185
24.359922 0.000290
24.364923 0.000395
24.369924 0.000500
24.374925 0.000605
24.379926 0.000825
24.384927 0.001235
24.389928 0.001426
24.394929 0.001416
24.399930 0.001674
24.404931 0.001807
24.409932 0.001702
24.414933 0.001712
24.419934 0.001836
24.424935 0.001912
24.429936 0.001798
24.434937 0.001511
24.439938 0.001015
24.444939 0.000643
24.449940 0.000100
24.454941 -0.000406
24.459942 -0.000702
24.464943 -0.001083
24.469944 -0.001284
24.474945 -0.001703
24.479946 -0.001913
24.484947 -0.001732
24.489948 -0.001684
24.494949 -0.001799
24.499950 -0.001608
24.504951 -0.001207
24.509953 -0.001217
24.514954 -0.000892
24.519955 -0.000282
24.524956 0.000033
24.529957 0.000205
24.534958 0.000205
24.539959 0.000281
24.544960 0.000577
24.549961 0.000605
24.554962 0.000577
24.559963 0.000739
24.564964 0.000796
24.569965 0.000768
24.574966 0.000863
24.579967 0.001111
24.584968 0.001073
24.589969 0.000892
24.594970 0.000949
24.599971 0.000787
24.604972 0.000472
24.609973 0.000338
24.614974 -0.000015
24.619975 -0.000406
24.624976 -0.000616
24.629977 -0.001207
24.634978 -0.001865
24.639979 -0.002190
24.644980 -0.002724
24.649981 -0.003134
24.654982 -0.003334
24.659983 -0.003487
24.664984 -0.003258
24.669985 -0.003172
24.674986 -0.003163
24.679987 -0.002781
24.684988 -0.002419
24.689989 -0.002142
24.694990 -0.001665
24.699991 -0.001341
24.704992 -0.000968
24.709993 -0.000615
24.714994 -0.000568
24.719995 -0.000282
24.724996 -0.000053
24.729997 0.000215
24.734998 0.000253
24.739999 0.000482
24.745000 0.000882
0.000000 0.000000
0.005001 0.007377
0.010002 -0.008609
0.015003 -0.004366
0.020004 0.005529
0.025005 0.005419
0.030006 -0.004823
0.035007 -0.007018
0.040008 0.007541
0.045009 0.004432
0.050010 -0.005609
0.055011 -0.005811
0.060012 0.005291
0.065013 0.007065
0.070014 -0.007073
0.075015 -0.005317
0.080016 0.005584
0.085017 0.006443
0.090018 -0.005701
0.095019 -0.007457
0.100020 0.007285
0.105021 0.004797
0.110022 -0.006689
0.115023 -0.005555
0.120024 0.005053
0.125025 0.007047
0.130026 -0.007036
0.135027 -0.007055
0.140028 0.008162
0.145029 0.005291
0.150030 -0.007475
0.155031 -0.004604
0.160032 0.005730
0.165033 0.006425
0.170034 -0.005647
0.175035 -0.006159
0.180036 0.006370
0.185037 0.005528
0.190038 -0.006012
0.195039 -0.007183
0.200040 0.008546
0.205041 0.006004
0.210042 -0.008482
0.215043 -0.004824
0.220044 0.005181
0.225045 0.006004
0.230046 -0.006324
0.235047 -0.005793
0.240048 0.006955
0.245049 0.004522
0.250050 -0.006031
0.255051 -0.005482
0.260052 0.004925
0.265053 0.006132
0.270054 -0.006744
0.275055 -0.005556
0.280056 0.006863
0.285057 0.004156
0.290058 -0.005885
0.295059 -0.006708
0.300060 0.007101
0.305061 0.007174
0.310062 -0.007494
0.315063 -0.005263
0.320064 0.006881
0.325065 0.005436
0.330066 -0.007147
0.335067 -0.005684
0.340068 0.006534
0.345069 0.006150
0.350070 -0.007129
0.355071 -0.006233
0.360072 0.007558
0.365073 0.005747
0.370074 -0.005739
0.375075 -0.006397
0.380076 0.006058
0.385077 0.006479
0.390078 -0.008117
0.395079 -0.005520
0.400080 0.007393
0.405081 0.005729
0.410082 -0.006324
0.415083 -0.006434
0.420084 0.006405
0.425085 0.004960
0.430086 -0.005611
0.435087 -0.006398
0.440088 0.006515
0.445089 0.006643
0.450090 -0.007989
0.455091 -0.003636
0.460092 0.003991
0.465093 0.006515
0.470094 -0.004605
0.475095 -0.009050
0.480096 0.008838
0.485097 0.005216
0.490098 -0.007440
0.495099 -0.005300
0.500100 0.007027
0.505101 0.006350
0.510102 -0.006983
0.515103 -0.005447
0.520104 0.004009
0.525105 0.007191
0.530106 -0.005648
0.535107 -0.006544
0.540108 0.008051
0.545109 0.004558
0.550110 -0.006910
0.555111 -0.005667
0.560112 0.006478
0.565113 0.006295
0.570114 -0.006874
0.575115 -0.006252
0.580116 0.007081
0.585117 0.005198
0.590118 -0.007276
0.595119 -0.006600
0.600120 0.007026
0.605121 0.006459
0.610122 -0.008941
0.615123 -0.004496
0.620124 0.006240
0.625125 0.005088
0.630126 -0.004716
0.635127 -0.007880
0.640128 0.006057
0.645129 0.006441
0.650130 -0.007130
0.655131 -0.006838
0.660132 0.007849
0.665133 0.006843
0.670134 -0.009179
0.675135 -0.005466
0.680136 0.007447
0.685137 0.004319
0.690138 -0.008063
0.695139 -0.004844
0.700140 0.007556
0.705141 0.004776
0.710142 -0.006216
0.715143 -0.005393
0.720144 0.006642
0.725145 0.005087
0.730146 -0.006490
0.735147 -0.004844
0.740148 0.006276
0.745149 0.005051
0.750150 -0.006564
0.755151 -0.004296
0.760152 0.005819
0.765153 0.005563
0.770154 -0.006198
0.775155 -0.006911
0.780156 0.007556
0.785157 0.005581
0.790158 -0.006509
0.795159 -0.005686
0.800160 0.006440
0.805161 0.006056
0.810162 -0.006655
0.815163 -0.005210
0.820164 0.005160
0.825165 0.006696
0.830166 -0.006527
0.835167 -0.007094
0.840168 0.007611
0.845169 0.005782
0.850170 -0.006546
0.855171 -0.005467
0.860172 0.007172
0.865173 0.005635
0.870174 -0.007369
0.875175 -0.005266
0.880176 0.007647
0.885177 0.005050
0.890178 -0.007168
0.895179 -0.005229
0.900180 0.007153
0.905181 0.006294
0.910182 -0.008979
0.915183 -0.005979
0.920184 0.009366
0.925185 0.004757
0.930186 -0.007296
0.935187 -0.004681
0.940188 0.007793
0.945189 0.004062
0.950190 -0.007223
0.955191 -0.003876
0.960192 0.005946
0.965193 0.006129
0.970194 -0.008375
0.975195 -0.004297
0.980196 0.008287
0.985197 0.003477
0.990198 -0.006455
0.995199 -0.004150
1.000200 0.006769
1.005201 0.004025
1.010202 -0.005156
1.015203 -0.005028
1.020204 0.006988
1.025205 0.005342
1.030206 -0.008010
1.035207 -0.005760
1.040208 0.008012
1.045209 0.005817
1.050210 -0.009180
1.055211 -0.003821
1.060212 0.007665
1.065213 0.004500
1.070214 -0.005907
1.075215 -0.005998
1.080216 0.006677
1.085217 0.007207
1.090218 -0.007845
1.095219 -0.006730
1.100220 0.007756
1.105221 0.005689
1.110222 -0.006949
1.115223 -0.006547
1.120224 0.007061
1.125225 0.004829
1.130226 -0.006785
1.135228 -0.003932
1.140229 0.005872
1.145230 0.005671
1.150231 -0.007096
1.155232 -0.005194
1.160233 0.007884
1.165234 0.005561
1.170235 -0.007882
1.175236 -0.005175
1.180237 0.008560
1.185238 0.003128
1.190239 -0.007279
1.195240 -0.005230
1.200241 0.007682
1.205242 0.006713
1.210243 -0.008029
1.215244 -0.004206
1.220245 0.007207
1.225246 0.005396
1.230247 -0.007206
1.235248 -0.004828
1.240249 0.008359
1.245250 0.003969
1.250251 -0.006127
1.255252 -0.005212
1.260253 0.005359
1.265254 0.007060
1.270255 -0.007243
1.275256 -0.006420
1.280257 0.008615
1.285258 0.004024
1.290259 -0.007352
1.295260 -0.003146
1.300261 0.006164
1.305262 0.004646
1.310263 -0.006804
1.315264 -0.005597
1.320265 0.007115
1.325266 0.007243
1.330267 -0.006950
1.335268 -0.006347
1.340269 0.007956
1.345270 0.004207
1.350271 -0.006146
1.355272 -0.004170
1.360273 0.006328
1.365274 0.005286
1.370275 -0.007097
1.375276 -0.005067
1.380277 0.008230
1.385278 0.005889
1.390279 -0.008011
1.395280 -0.005597
1.400281 0.006822
1.405282 0.006090
1.410283 -0.007609
1.415284 -0.004701
1.420285 0.007590
1.425286 0.004096
1.430287 -0.005524
1.435288 -0.005725
1.440289 0.007315
1.445290 0.005468
1.450291 -0.007664
1.455292 -0.003659
1.460293 0.006511
1.465294 0.005523
1.470295 -0.006256
1.475296 -0.006073
1.480297 0.008321
1.485298 0.005870
1.490299 -0.008725
1.495300 -0.005140
1.500301 0.007407
1.505302 0.004773
1.510303 -0.006622
1.515304 -0.005616
1.520305 0.008230
1.525306 0.005669
1.530307 -0.007792
1.535308 -0.003970
1.540309 0.006967
1.545310 0.005651
1.550311 -0.006787
1.555312 -0.005232
1.560313 0.006913
1.565314 0.005486
1.570315 -0.005909
1.575316 -0.005909
1.580317 0.007205
1.585318 0.005065
1.590319 -0.007006
1.595320 -0.004555
1.600321 0.007242
1.605322 0.005138
1.610323 -0.007592
1.615324 -0.003257
1.620325 0.007918
1.625326 0.003693
1.630327 -0.006915
1.635328 -0.005031
1.640329 0.007369
1.645330 0.006181
1.650331 -0.008396
1.655332 -0.005360
1.660333 0.007150
1.665334 0.004608
1.670335 -0.005342
1.675336 -0.006129
1.680337 0.006491
1.685338 0.005138
1.690339 -0.007244
1.695340 -0.003623
1.700341 0.006967
1.705342 0.004461
1.710343 -0.006806
1.715344 -0.004519
1.720345 0.005705
1.725346 0.006400
1.730347 -0.006952
1.735348 -0.004922
1.740349 0.009107
1.745350 0.001278
1.750351 -0.005343
1.755352 -0.003056
1.760353 0.005394
1.765354 0.007259
1.770355 -0.007812
1.775356 -0.005306
1.780357 0.006930
1.785358 0.005009
1.790359 -0.005343
1.795360 -0.006806
1.800361 0.008210
1.805362 0.006052
1.810363 -0.009330
1.815364 -0.003880
1.820365 0.006930
1.825366 0.004131
1.830367 -0.006678
1.835368 -0.004904
1.840369 0.007734
1.845370 0.004223
1.850371 -0.007135
1.855372 -0.005288
1.860373 0.006545
1.865374 0.006271
1.870375 -0.007684
1.875376 -0.005855
1.880377 0.007679
1.885378 0.006289
1.890379 -0.007977
1.895380 -0.006441
1.900381 0.009088
1.905382 0.005594
1.910383 -0.007392
1.915384 -0.005197
1.920385 0.007862
1.925386 0.005576
1.930387 -0.009312
1.935388 -0.004411
1.940389 0.009197
1.945390 0.003966
1.950391 -0.007575
1.955392 -0.004319
1.960393 0.007277
1.965394 0.005265
1.970395 -0.008050
1.975396 -0.003752
1.980397 0.006856
1.985398 0.005210
1.990399 -0.006075
1.995400 -0.006404
2.000401 0.009105
2.005402 0.005191
2.010403 -0.007520
2.015404 -0.005142
2.020405 0.007916
2.025406 0.005411
2.030407 -0.006752
2.035408 -0.004758
2.040409 0.004716
2.045410 0.006947
2.050411 -0.007465
2.055412 -0.004448
2.060413 0.009014
2.065414 0.003819
2.070415 -0.007319
2.075416 -0.004722
2.080417 0.007861
2.085418 0.004697
2.090419 -0.005710
2.095420 -0.005143
2.100421 0.007093
2.105422 0.005392
2.110423 -0.008435
2.115424 -0.003204
2.120425 0.007642
2.125426 0.002703
2.130427 -0.006094
2.135428 -0.004027
2.140429 0.005429
2.145430 0.006380
2.150431 -0.008069
2.155432 -0.005271
2.160433 0.008958
2.165434 0.003343
2.170435 -0.006990
2.175436 -0.005216
2.180437 0.007587
2.185438 0.005556
2.190439 -0.008344
2.195440 -0.003863
2.200441 0.006745
2.205442 0.004203
2.210443 -0.007173
2.215444 -0.004156
2.220445 0.009452
2.225446 0.002996
2.230447 -0.007741
2.235448 -0.004229
2.240449 0.007111
2.245450 0.005702
2.250451 -0.009332
2.255452 -0.004448
2.260453 0.008885
2.265454 0.003800
2.270455 -0.008582
2.275456 -0.003278
2.280457 0.008354
2.285458 0.001953
2.290459 -0.007229
2.295460 -0.002857
2.300461 0.007879
2.305462 0.003727
2.310463 -0.008180
2.315464 -0.003790
2.320465 0.007787
2.325466 0.005976
2.330467 -0.008070
2.335468 -0.005162
2.340469 0.007129
2.345470 0.003946
2.350471 -0.006406
2.355472 -0.005052
2.360473 0.008866
2.365474 0.004641
2.370475 -0.008034
2.375476 -0.005235
2.380477 0.007476
2.385478 0.005354
2.390479 -0.009369
2.395480 -0.002785
2.400481 0.006763
2.405482 0.003836
2.410483 -0.006809
2.415484 -0.006223
2.420485 0.009195
2.425486 0.004184
2.430487 -0.007650
2.435488 -0.004120
2.440489 0.007512
2.445490 0.005153
2.450491 -0.009314
2.455492 -0.003334
2.460493 0.008262
2.465494 0.002702
2.470495 -0.008126
2.475496 -0.003370
2.480497 0.008244
2.485498 0.003123
2.490499 -0.006589
2.495500 -0.004541
2.500501 0.007750
2.505502 0.005226
2.510503 -0.008985
2.515504 -0.003444
2.520505 0.006762
2.525506 0.003891
2.530507 -0.006809
2.535508 -0.004468
2.540509 0.008097
2.545510 0.003817
2.550511 -0.007394
2.555512 -0.004870
2.560513 0.008371
2.565514 0.004969
2.570515 -0.008492
2.575516 -0.004834
2.580517 0.008371
2.585518 0.005134
2.590519 -0.010120
2.595520 -0.003920
2.600521 0.009322
2.605522 0.003726
2.610523 -0.007852
2.615524 -0.004377
2.620525 0.007420
2.625526 0.004512
2.630527 -0.007120
2.635528 -0.004871
2.640529 0.008133
2.645530 0.004969
2.650531 -0.008529
2.655532 -0.003847
2.660533 0.007731
2.665534 0.003250
2.670535 -0.008419
2.675536 -0.002768
2.680537 0.009541
2.685538 0.002555
2.690539 -0.007852
2.695540 -0.003957
2.700541 0.008645
2.705542 0.004457
2.710543 -0.008383
2.715544 -0.003847
2.720545 0.006505
2.725546 0.006267
2.730547 -0.007926
2.735548 -0.006554
2.740549 0.008883
2.745550 0.004603
2.750551 -0.009480
2.755552 -0.003920
2.760553 0.009358
2.765554 0.003121
2.770555 -0.008090
2.775556 -0.004524
2.780557 0.008992
2.785558 0.004530
2.790559 -0.009609
2.795560 -0.003061
2.800561 0.008187
2.805562 0.003670
2.810563 -0.008255
2.815564 -0.004780
2.820565 0.008425
2.825566 0.006029
2.830567 -0.008603
2.835568 -0.005585
2.840569 0.008882
2.845570 0.003853
2.850571 -0.008438
2.855572 -0.004543
2.860573 0.009394
2.865574 0.004474
2.870575 -0.009243
2.875576 -0.003793
2.880577 0.008589
2.885578 0.003706
2.890579 -0.008438
2.895580 -0.002641
2.900581 0.005919
2.905582 0.004931
2.910583 -0.006225
2.915584 -0.005860
2.920585 0.008772
2.925586 0.002993
2.930587 -0.007341
2.935588 -0.002988
2.940589 0.006907
2.945590 0.004108
2.950591 -0.007616
2.955592 -0.003921
2.960593 0.008260
2.965594 0.004949
2.970595 -0.008256
2.975596 -0.003519
2.980597 0.006943
2.985598 0.004218
2.990599 -0.005311
2.995600 -0.005970
3.000601 0.008552
3.005602 0.004382
3.010603 -0.007963
3.015604 -0.002239
3.020605 0.006229
3.025606 0.004675
3.030607 -0.007671
3.035608 -0.004232
3.040609 0.008132
3.045610 0.003907
3.050611 -0.008604
3.055612 -0.002769
3.060613 0.009448
3.065614 0.001364
3.070615 -0.007177
3.075616 -0.004324
3.080617 0.007711
3.085618 0.005479
3.090619 -0.008549
3.095620 -0.004105
3.100621 0.007052
3.105622 0.004144
3.110623 -0.007342
3.115624 -0.004397
3.120625 0.007692
3.125626 0.004729
3.130627 -0.008330
3.135628 -0.004123
3.140629 0.008533
3.145630 0.003412
3.150631 -0.008001
3.155632 -0.004946
3.160633 0.008479
3.165634 0.004693
3.170635 -0.008440
3.175636 -0.003355
3.180637 0.008039
3.185638 0.004089
3.190639 -0.007086
3.195640 -0.004581
3.200641 0.006631
3.205642 0.005003
3.210643 -0.008147
3.215644 -0.003172
3.220645 0.007765
3.225646 0.002936
3.230647 -0.005971
3.235648 -0.005111
3.240649 0.008935
3.245650 0.004107
3.250651 -0.008659
3.255652 -0.003301
3.260653 0.007618
3.265654 0.004582
3.270655 -0.008477
3.275656 -0.002843
3.280657 0.007088
3.285658 0.004491
3.290659 -0.007928
3.295660 -0.004892
3.300661 0.008606
3.305662 0.002863
3.310663 -0.005807
3.315664 -0.004691
3.320665 0.007454
3.325666 0.005753
3.330667 -0.008514
3.335668 -0.004490
3.340669 0.007801
3.345670 0.005076
3.350671 -0.008386
3.355672 -0.003594
3.360673 0.007636
3.365674 0.002753
3.370675 -0.008056
3.375676 -0.004033
3.380677 0.009337
3.385678 0.002040
3.390679 -0.008239
3.395680 -0.002496
3.400681 0.006466
3.405683 0.003759
3.410684 -0.006228
3.415685 -0.003484
3.420686 0.005825
3.425687 0.003521
3.430688 -0.006557
3.435689 -0.004216
3.440690 0.007581
3.445691 0.004417
3.450692 -0.009959
3.455693 -0.003301
3.460694 0.010105
3.465695 0.001747
3.470696 -0.008350
3.475697 -0.002405
3.480698 0.007965
3.485699 0.003612
3.490700 -0.007874
3.495701 -0.004216
3.500702 0.008312
3.505703 0.004472
3.510704 -0.009392
3.515705 -0.003503
3.520706 0.008312
3.525707 0.002551
3.530708 -0.007563
3.535709 -0.004802
3.540710 0.008898
3.545711 0.004435
3.550712 -0.009411
3.555713 -0.003101
3.560714 0.008385
3.565715 0.004380
3.570716 -0.009136
3.575717 -0.002936
3.580718 0.008221
3.585719 0.002240
3.590720 -0.005844
3.595721 -0.004985
3.600722 0.008660
3.605723 0.004014
3.610724 -0.009173
3.615725 -0.000705
3.620726 0.005294
3.625727 0.003246
3.630728 -0.006558
3.635729 -0.003979
3.640730 0.009610
3.645731 0.002477
3.650732 -0.008771
3.655733 -0.004509
3.660734 0.009885
3.665735 0.004197
3.670736 -0.009887
3.675737 -0.003376
3.680738 0.008531
3.685739 0.005074
3.690740 -0.009740
3.695741 -0.002772
3.700742 0.008714
3.705743 0.002075
3.710744 -0.006430
3.715745 -0.004345
3.720746 0.008129
3.725747 0.004068
3.730748 -0.008643
3.735749 -0.004071
3.740750 0.008293
3.745751 0.004909
3.750752 -0.009375
3.755753 -0.003248
3.760754 0.008055
3.765755 0.002824
3.770756 -0.007052
3.775757 -0.003595
3.780758 0.008147
3.785759 0.003007
3.790760 -0.007619
3.795761 -0.004291
3.800762 0.008439
3.805763 0.004251
3.810764 -0.009942
3.815765 -0.001017
3.820766 0.007579
3.825767 0.002111
3.830768 -0.006705
3.835769 -0.004272
3.840770 0.007762
3.845771 0.002733
3.850772 -0.007199
3.855773 -0.003449
3.860774 0.007470
3.865775 0.003574
3.870776 -0.008845
3.875777 -0.003779
3.880778 0.009390
3.885779 0.002056
3.890780 -0.009796
3.895781 0.000172
3.900782 0.007232
3.905783 0.002202
3.910784 -0.007400
3.915785 -0.003029
3.920786 0.007085
3.925787 0.002842
3.930788 -0.007419
3.935789 -0.004602
3.940790 0.010158
3.945791 0.000702
3.950792 -0.007126
3.955793 -0.000871
3.960794 0.005238
3.965795 0.005293
3.970796 -0.009065
3.975797 -0.003706
3.980798 0.009335
3.985799 0.002494
3.990800 -0.009047
3.995801 -0.002188
4.000802 0.009792
4.005803 0.001561
4.010804 -0.007913
4.015805 -0.003340
4.020806 0.007999
4.025807 0.003921
4.030808 -0.008590
4.035809 -0.003414
4.040810 0.007450
4.045811 0.004250
4.050812 -0.008352
4.055813 -0.004529
4.060814 0.008383
4.065815 0.002896
4.070816 -0.006779
4.075817 -0.003670
4.080818 0.007505
4.085819 0.004048
4.090820 -0.009450
4.095821 -0.001585
4.100822 0.007798
4.105823 0.002311
4.110824 -0.006578
4.115825 -0.005170
4.120826 0.007761
4.125827 0.005950
4.130828 -0.009285
4.135829 -0.005883
4.140830 0.011565
4.145831 0.002768
4.150832 -0.010291
4.155833 -0.000707
4.160834 0.007121
4.165835 0.003408
4.170836 -0.008535
4.175837 -0.003012
4.180838 0.009645
4.185839 0.001853
4.190840 -0.006889
4.195841 -0.003561
4.200842 0.007724
4.205843 0.004871
4.210844 -0.010383
4.215845 -0.003195
4.220846 0.010522
4.225847 0.001816
4.230848 -0.009194
4.235849 -0.002207
4.240850 0.008730
4.245851 0.002713
4.250852 -0.009011
4.255853 -0.003780
4.260854 0.008455
4.265855 0.003279
4.270856 -0.008792
4.275857 -0.002171
4.280858 0.008382
4.285859 0.001432
4.290860 -0.007621
4.295861 -0.003561
4.300862 0.008656
4.305863 0.003755
4.310864 -0.009579
4.315865 -0.001842
4.320866 0.007010
4.325867 0.003261
4.330868 -0.008609
4.335869 -0.003543
4.340870 0.009699
4.345871 0.000847
4.350872 -0.007768
4.355873 -0.002812
4.360874 0.007742
4.365875 0.003901
4.370876 -0.008829
4.375877 -0.003360
4.380878 0.009534
4.385879 0.001779
4.390880 -0.009542
4.395881 -0.001897
4.400882 0.007138
4.405883 0.003791
4.410884 -0.009103
4.415885 -0.003562
4.420886 0.009936
4.425887 0.000572
4.430888 -0.008262
4.435889 -0.003141
4.440890 0.008345
4.445891 0.003151
4.450892 -0.010146
4.455893 -0.001989
4.460894 0.008601
4.465895 0.003974
4.470896 -0.010274
4.475897 -0.002355
4.480898 0.009223
4.485899 0.000809
4.490900 -0.006781
4.495901 -0.004476
4.500902 0.009936
4.505903 0.002144
4.510904 -0.008756
4.515905 -0.002062
4.520906 0.005601
4.525907 0.005089
4.530908 -0.009013
4.535909 -0.003452
4.540910 0.007448
4.545911 0.002400
4.550912 -0.006909
4.555913 -0.004202
4.560914 0.008198
4.565915 0.003991
4.570916 -0.008208
4.575917 -0.005940
4.580918 0.008747
4.585919 0.004339
4.590920 -0.009159
4.595921 -0.003928
4.600922 0.007375
4.605923 0.002071
4.610924 -0.011738
4.615925 -0.005885
4.620926 0.002601
4.625927 -0.004312
4.630928 -0.013421
4.635929 -0.005721
4.640930 0.009021
4.645931 0.007484
4.650932 -0.001331
4.655933 0.004101
4.660934 0.015806
4.665935 0.006332
4.670936 -0.006763
4.675937 -0.002136
4.680938 0.007283
4.685939 0.000772
4.690940 -0.014390
4.695941 -0.007129
4.700942 0.003131
4.705943 -0.000198
4.710944 -0.003435
4.715945 0.004905
4.720946 0.019153
4.725947 0.010923
4.730948 -0.002447
4.735949 0.000132
4.740950 0.010612
4.745951 0.006405
4.750952 -0.011830
4.755953 -0.007678
4.760954 0.003844
4.765955 -0.002923
4.770956 -0.012105
4.775957 -0.007514
4.780958 0.005710
4.785959 0.003606
4.790960 -0.008849
4.795961 -0.001789
4.800962 0.011069
4.805963 0.006167
4.810964 -0.005008
4.815965 -0.000015
4.820966 0.011544
4.825967 0.000881
4.830968 -0.015287
4.835969 -0.012928
4.840970 -0.011940
4.845971 -0.023810
4.850972 -0.033431
4.855973 -0.028218
4.860974 -0.030358
4.865975 -0.057007
4.870976 -0.064030
4.875977 -0.042795
4.880978 -0.012453
4.885979 0.010995
4.890980 0.012861
4.895981 0.023011
4.900982 0.037296
4.905983 0.042380
4.910984 0.049020
4.915985 0.063286
4.920986 0.069943
4.925987 0.035229
4.930988 -0.020866
4.935989 -0.063427
4.940990 -0.080253
4.945991 -0.083070
4.950992 -0.085411
4.955993 -0.066609
4.960994 -0.040016
4.965995 -0.032352
4.970996 -0.014611
4.975997 0.033985
4.980998 0.092055
4.985999 0.130702
4.991000 0.142645
4.996001 0.143724
5.001002 0.128745
5.006003 0.081795
5.011004 0.019463
5.016005 -0.018873
5.021006 -0.036139
5.026007 -0.057263
5.031008 -0.062257
5.036009 -0.029664
5.041010 0.010208
5.046011 0.005782
5.051012 -0.031749
5.056013 -0.055069
5.061014 -0.045851
5.066015 -0.024470
5.071016 0.003642
5.076017 0.049531
5.081018 0.073235
5.086019 0.049549
5.091020 0.001904
5.096021 -0.018965
5.101022 -0.027360
5.106023 -0.074347
5.111024 -0.118736
5.116025 -0.101050
5.121026 -0.033341
5.126027 0.012750
5.131028 0.020560
5.136029 0.004483
5.141030 -0.036926
5.146031 -0.073414
5.151032 -0.075042
5.156033 -0.019642
5.161034 0.076911
5.166035 0.168049
5.171036 0.191899
5.176037 0.130829
5.181038 0.037313
5.186039 -0.029281
5.191040 0.025333
5.196041 0.145424
5.201042 0.162160
5.206043 0.049439
5.211044 -0.133387
5.216045 -0.265842
5.221046 -0.263373
5.226047 -0.138124
5.231048 0.033069
5.236049 0.141730
5.241050 0.134688
5.246051 0.033453
5.251052 -0.037932
5.256053 0.016334
5.261054 0.133316
5.266055 0.178858
5.271056 0.093005
5.276057 -0.061892
5.281058 -0.164352
5.286059 -0.146135
5.291060 -0.046089
5.296061 0.043494
5.301062 0.057230
5.306063 0.004921
5.311064 -0.036561
5.316065 -0.008723
5.321066 0.047719
5.326067 0.079836
5.331068 0.052603
5.336069 -0.018783
5.341070 -0.104873
5.346071 -0.188111
5.351072 -0.184471
5.356073 -0.104508
5.361074 -0.055399
5.366075 -0.083712
5.371076 -0.104069
5.376077 -0.038042
5.381078 0.083073
5.386079 0.195044
5.391080 0.220522
5.396081 0.198794
5.401082 0.196507
5.406083 0.183119
5.411084 0.100851
5.416085 -0.021673
5.421086 -0.117219
5.426087 -0.199414
5.431088 -0.202963
5.436089 -0.109812
5.441090 -0.037768
5.446091 -0.044773
5.451092 -0.087224
5.456093 -0.086785
5.461094 -0.038390
5.466095 0.045359
5.471096 0.117915
5.476097 0.128231
5.481098 0.095364
5.486099 0.029282
5.491100 -0.033562
5.496101 -0.074239
5.501102 -0.079817
5.506103 -0.036159
5.511104 -0.012565
5.516105 -0.000640
5.521106 0.022990
5.526107 -0.010517
5.531108 -0.069191
5.536109 -0.090956
5.541110 -0.062131
5.546111 0.008358
5.551112 0.052675
5.556113 0.050645
5.561114 0.017412
5.566115 -0.037238
5.571116 -0.055784
5.576117 -0.026868
5.581118 0.012199
5.586119 0.062935
5.591120 0.098747
5.596121 0.085395
5.601122 0.040786
5.606123 0.019735
5.611124 0.064362
5.616125 0.140082
5.621126 0.165432
5.626127 0.103996
5.631128 0.015290
5.636129 -0.050883
5.641130 -0.094632
5.646131 -0.111294
5.651132 -0.094248
5.656133 -0.079031
5.661134 -0.113764
5.666135 -0.151971
5.671137 -0.154166
5.676138 -0.122067
5.681139 -0.048085
5.686140 0.019935
5.691141 0.059679
5.696142 0.092400
5.701143 0.123548
5.706144 0.137997
5.711145 0.125706
5.716146 0.107928
5.721147 0.073323
5.726148 0.009217
5.731149 -0.062461
5.736150 -0.092182
5.741151 -0.091304
5.746152 -0.101162
5.751153 -0.098273
5.756154 -0.097175
5.761155 -0.088579
5.766156 -0.078648
5.771157 -0.067290
5.776158 0.015198
5.781159 0.116725
5.786160 0.135948
5.791161 0.073140
5.796162 0.002797
5.801163 -0.019224
5.806164 -0.021437
5.811165 -0.037367
5.816166 -0.015109
5.821167 0.068531
5.826168 0.158737
5.831169 0.238005
5.836170 0.295801
5.841171 0.298691
5.846172 0.235353
5.851173 0.108257
5.856174 -0.086824
5.861175 -0.294158
5.866176 -0.406257
5.871177 -0.380431
5.876178 -0.261236
5.881179 -0.159435
5.886180 -0.124812
5.891181 -0.110783
5.896182 -0.083056
5.901183 -0.002306
5.906184 0.145531
5.911185 0.296715
5.916186 0.379203
5.921187 0.346628
5.926188 0.219440
5.931189 0.111951
5.936190 0.061672
5.941191 0.046601
5.946192 0.055874
5.951193 0.029244
5.956194 -0.028900
5.961195 -0.123587
5.966196 -0.244958
5.971197 -0.286916
5.976198 -0.225224
5.981199 -0.114387
5.986200 -0.046349
5.991201 -0.061365
5.996202 -0.091781
6.001203 -0.076856
6.006204 -0.024565
6.011205 0.057081
6.016206 0.165503
6.021207 0.223080
6.026208 0.190780
6.031209 0.109134
6.036210 0.049161
6.041211 0.031237
6.046212 0.003290
6.051213 -0.042599
6.056214 -0.053189
6.061215 -0.023285
6.066216 -0.001209
6.071217 0.033724
6.076218 0.041406
6.081219 -0.028827
6.086220 -0.138439
6.091221 -0.237149
6.096222 -0.246550
6.101223 -0.163423
6.106224 -0.057634
6.111225 0.020062
6.116226 0.056129
6.121227 0.053130
6.126228 0.035388
6.131229 0.070048
6.136230 0.197071
6.141231 0.321717
6.146232 0.327789
6.151233 0.232389
6.156234 0.091374
6.161235 -0.030309
6.166236 -0.100048
6.171237 -0.122344
6.176238 -0.112669
6.181239 -0.139975
6.186240 -0.219262
6.191241 -0.265700
6.196242 -0.207977
6.201243 -0.081411
6.206244 0.026572
6.211245 0.056312
6.216246 0.030852
6.221247 -0.022957
6.226248 -0.094928
6.231249 -0.100597
6.236250 -0.043094
6.241251 0.022585
6.246252 0.062841
6.251253 0.090294
6.256254 0.161167
6.261255 0.210587
6.266256 0.192882
6.271257 0.122978
6.276258 0.031126
6.281259 -0.044064
6.286260 -0.111590
6.291261 -0.134855
6.296262 -0.102482
6.301263 -0.071937
6.306264 -0.059519
6.311265 -0.069505
6.316266 -0.088270
6.321267 -0.085582
6.326268 -0.075815
6.331269 -0.064256
6.336270 -0.049514
6.341271 -0.028883
6.346272 0.000509
6.351273 0.041954
6.356274 0.114272
6.361275 0.181579
6.366276 0.212031
6.371277 0.207751
6.376278 0.159027
6.381279 0.088995
6.386280 0.034107
6.391281 0.027760
6.396282 0.065090
6.401283 0.054994
6.406284 -0.057983
6.411285 -0.190383
6.416286 -0.242857
6.421287 -0.215660
6.426288 -0.149835
6.431289 -0.082510
6.436290 -0.033017
6.441291 -0.003260
6.446292 0.017061
6.451293 0.047239
6.456294 0.092342
6.461295 0.138652
6.466296 0.158258
6.471297 0.146077
6.476298 0.124623
6.481299 0.083453
6.486300 0.008062
6.491301 -0.063086
6.496302 -0.093850
6.501303 -0.090612
6.506304 -0.076493
6.511305 -0.048472
6.516306 -0.023104
6.521307 -0.029195
6.526308 -0.050850
6.531309 -0.062775
6.536310 -0.035651
6.541311 0.001056
6.546312 -0.015697
6.551313 -0.069232
6.556314 -0.100983
6.561315 -0.075395
6.566316 -0.006314
6.571317 0.075076
6.576318 0.125135
6.581319 0.089890
6.586320 0.016749
6.591321 -0.000279
6.596322 0.060206
6.601323 0.133932
6.606324 0.127988
6.611325 0.049671
6.616326 -0.021075
6.621327 -0.055862
6.626328 -0.062373
6.631329 -0.036676
6.636330 0.000562
6.641331 0.031399
6.646332 0.032204
6.651333 0.009012
6.656334 0.006287
6.661335 -0.000554
6.666336 -0.023873
6.671337 -0.037792
6.676338 -0.035981
6.681339 -0.041797
6.686340 -0.070915
6.691341 -0.097691
6.696342 -0.099996
6.701343 -0.080663
6.706344 -0.052296
6.711345 -0.003480
6.716346 0.051591
6.721347 0.075550
6.726348 0.064046
6.731349 0.054041
6.736350 0.079355
6.741351 0.096547
6.746352 0.072185
6.751353 0.029679
6.756354 -0.000280
6.761355 -0.007248
6.766356 -0.010193
6.771357 -0.009132
6.776358 -0.007669
6.781359 -0.011985
6.786360 -0.008144
6.791361 0.013785
6.796362 0.046579
6.801363 0.043799
6.806364 -0.020966
6.811365 -0.086773
6.816366 -0.082969
6.821367 -0.032397
6.826368 0.001128
6.831369 0.006195
6.836370 -0.000591
6.841371 -0.023654
6.846372 -0.050596
6.851373 -0.046883
6.856374 0.015193
6.861375 0.097827
6.866376 0.117836
6.871377 0.093510
6.876378 0.056400
6.881379 0.004018
6.886380 -0.056467
6.891381 -0.120628
6.896382 -0.135753
6.901383 -0.110843
6.906384 -0.077647
6.911385 -0.021405
6.916386 0.028307
6.921387 0.043981
6.926388 0.010309
6.931389 -0.044450
6.936390 -0.046975
6.941391 0.016089
6.946392 0.090822
6.951393 0.131315
6.956394 0.141814
6.961395 0.107465
6.966396 0.041676
6.971397 0.028947
6.976398 0.071507
6.981399 0.097259
6.986400 0.051425
6.991401 -0.046280
6.996402 -0.114501
7.001403 -0.126060
7.006404 -0.101131
7.011405 -0.057473
7.016406 -0.029636
7.021407 -0.049974
7.026408 -0.091346
7.031409 -0.095498
7.036410 -0.026746
7.041411 0.067081
7.046412 0.102472
7.051413 0.088535
7.056414 0.075403
7.061415 0.077597
7.066416 0.080195
7.071417 0.072714
7.076418 0.049577
7.081419 0.000505
7.086420 -0.073532
7.091421 -0.130432
7.096422 -0.119970
7.101423 -0.066308
7.106424 -0.027771
7.111425 -0.007433
7.116426 0.005828
7.121427 -0.014950
7.126428 -0.042952
7.131429 -0.024625
7.136430 0.051772
7.141431 0.131260
7.146432 0.146952
7.151433 0.102398
7.156434 0.039828
7.161435 0.014680
7.166436 -0.001361
7.171437 -0.023583
7.176438 -0.027222
7.181439 -0.060455
7.186440 -0.132865
7.191441 -0.176102
7.196442 -0.137748
7.201443 -0.031740
7.206444 0.075256
7.211445 0.128644
7.216446 0.158658
7.221447 0.156609
7.226448 0.110226
7.231449 0.077524
7.236450 0.057478
7.241451 0.036079
7.246452 -0.007415
7.251453 -0.052774
7.256454 -0.063400
7.261455 -0.076569
7.266456 -0.103199
7.271457 -0.103108
7.276458 -0.056724
7.281459 0.002096
7.286460 0.043266
7.291461 0.062526
7.296462 0.068543
7.301463 0.047711
7.306464 0.009101
7.311465 -0.012536
7.316466 -0.017365
7.321467 -0.013250
7.326468 -0.035179
7.331469 -0.074411
7.336470 -0.095060
7.341471 -0.089025
7.346472 -0.070131
7.351473 -0.058554
7.356474 -0.028485
7.361475 -0.003337
7.366476 -0.008275
7.371477 -0.031247
7.376478 -0.054603
7.381479 -0.053853
7.386480 -0.057347
7.391481 -0.046428
7.396482 -0.013305
7.401483 0.006576
7.406484 0.005040
7.411485 -0.014402
7.416486 -0.012262
7.421487 0.003467
7.426488 0.006759
7.431489 0.009375
7.436490 0.026274
7.441491 0.043302
7.446492 0.034048
7.451493 0.021885
7.456494 0.030993
7.461495 0.055703
7.466496 0.072475
7.471497 0.091789
7.476498 0.117394
7.481499 0.108780
7.486500 0.062598
7.491501 0.005277
7.496502 -0.028449
7.501503 -0.055701
7.506504 -0.085861
7.511505 -0.099652
7.516506 -0.096488
7.521507 -0.073863
7.526508 -0.058664
7.531509 -0.032016
7.536510 0.019799
7.541511 0.066548
7.546512 0.092904
7.551513 0.110974
7.556514 0.147152
7.561515 0.184939
7.566516 0.189310
7.571517 0.162223
7.576518 0.139214
7.581519 0.097275
7.586520 0.014861
7.591521 -0.054494
7.596522 -0.077247
7.601523 -0.081765
7.606524 -0.105889
7.611525 -0.130690
7.616526 -0.134549
7.621527 -0.116863
7.626528 -0.089081
7.631529 -0.060622
7.636530 -0.021353
7.641531 0.005039
7.646532 0.011422
7.651533 0.014495
7.656534 0.026511
7.661535 0.044636
7.666536 0.039534
7.671537 0.021225
7.676538 0.005606
7.681539 -0.005825
7.686540 -0.024536
7.691541 -0.041034
7.696542 -0.026895
7.701543 -0.010800
7.706544 -0.007051
7.711545 -0.013745
7.716546 -0.016251
7.721547 -0.016489
7.726548 -0.038290
7.731549 -0.052940
7.736550 -0.050398
7.741551 -0.045625
7.746552 -0.045295
7.751553 -0.036461
7.756554 -0.011423
7.761555 0.008550
7.766556 0.010653
7.771557 0.015537
7.776558 0.045331
7.781559 0.076515
7.786560 0.078545
7.791561 0.051348
7.796562 0.029602
7.801563 0.012866
7.806564 -0.016416
7.811565 -0.039772
7.816566 -0.045881
7.821567 -0.036059
7.826568 -0.034139
7.831569 -0.034212
7.836570 -0.007948
7.841571 0.022121
7.846572 0.020987
7.851573 0.007873
7.856574 0.009171
7.861575 0.010397
7.866576 0.007964
7.871577 0.015061
7.876578 0.042441
7.881579 0.063547
7.886580 0.053378
7.891581 0.035070
7.896582 0.019103
7.901583 0.004873
7.906584 -0.010637
7.911585 -0.026860
7.916586 -0.020897
7.921587 -0.013527
7.926588 -0.034304
7.931589 -0.055173
7.936590 -0.055118
7.941592 -0.031652
7.946593 -0.000705
7.951594 0.033972
7.956595 0.075893
7.961596 0.098462
7.966597 0.088769
7.971598 0.062980
7.976599 0.060255
7.981600 0.065540
7.986601 0.043336
7.991602 0.012939
7.996603 -0.009357
8.001604 -0.032622
8.006605 -0.069915
8.011606 -0.094057
8.016607 -0.080194
8.021608 -0.054478
8.026609 -0.037597
8.031610 -0.027171
8.036611 -0.020367
8.041612 -0.026732
8.046613 -0.057697
8.051614 -0.085864
8.056615 -0.078017
8.061616 -0.053417
8.066617 -0.036847
8.071618 -0.022764
8.076619 0.004561
8.081620 0.034081
8.086621 0.038069
8.091622 0.036331
8.096623 0.047817
8.101624 0.055810
8.106625 0.055554
8.111626 0.059285
8.116627 0.079404
8.121628 0.097401
8.126629 0.094090
8.131630 0.082476
8.136631 0.082787
8.141632 0.082604
8.146633 0.048768
8.151634 -0.001072
8.156635 -0.041310
8.161636 -0.066111
8.166637 -0.087583
8.171638 -0.104538
8.176639 -0.090802
8.181640 -0.083724
8.186641 -0.096637
8.191642 -0.100825
8.196643 -0.083651
8.201644 -0.059746
8.206645 -0.056216
8.211646 -0.050126
8.216647 -0.024740
8.221648 0.012041
8.226649 0.036330
8.231650 0.049993
8.236651 0.071868
8.241652 0.088438
8.246653 0.077611
8.251654 0.053779
8.256655 0.050231
8.261656 0.043884
8.266657 0.031703
8.271658 0.023966
8.276659 0.034428
8.281660 0.054199
8.286661 0.037976
8.291662 0.021424
8.296663 0.015077
8.301664 -0.003450
8.306665 -0.032221
8.311666 -0.062344
8.316667 -0.068983
8.321668 -0.072605
8.326669 -0.090895
8.331670 -0.105417
8.336671 -0.091388
8.341672 -0.055705
8.346673 -0.030264
8.351674 -0.001530
8.356675 0.033221
8.361676 0.052754
8.366677 0.051529
8.371678 0.044853
8.376679 0.063838
8.381680 0.079567
8.386681 0.068227
8.391682 0.050651
8.396683 0.034793
8.401684 0.019027
8.406685 -0.012468
8.411686 -0.038677
8.416687 -0.040579
8.421688 -0.037196
8.426689 -0.045390
8.431690 -0.055157
8.436691 -0.040781
8.441692 -0.025106
8.446693 -0.029368
8.451694 -0.036977
8.456695 -0.028563
8.461696 -0.024722
8.466697 -0.048774
8.471698 -0.057973
8.476699 -0.035148
8.481700 0.000938
8.486701 0.030733
8.491702 0.050870
8.496703 0.080883
8.501704 0.101149
8.506705 0.094217
8.511706 0.075744
8.516707 0.062721
8.521708 0.043133
8.526709 0.004230
8.531710 -0.026314
8.536711 -0.023534
8.541712 -0.005774
8.546713 -0.002244
8.551714 -0.002318
8.556715 0.004084
8.561716 0.005291
8.566717 -0.016474
8.571718 -0.040928
8.576719 -0.029423
8.581720 -0.011518
8.586721 -0.001952
8.591722 0.012753
8.596723 0.034573
8.601724 0.056484
8.606725 0.051765
8.611726 0.045053
8.616727 0.044779
8.621728 0.030641
8.626729 0.001907
8.631730 -0.033283
8.636731 -0.034764
8.641732 -0.027906
8.646733 -0.043543
8.651734 -0.055468
8.656735 -0.051061
8.661736 -0.037910
8.666737 -0.039538
8.671738 -0.031454
8.676739 -0.001422
8.681740 0.019429
8.686741 0.017709
8.691742 0.002437
8.696743 0.003736
8.701744 0.011710
8.706745 0.005455
8.711746 0.001102
8.716747 0.012881
8.721748 0.019044
8.726749 0.002218
8.731750 -0.007933
8.736751 0.004101
8.741752 0.020453
8.746753 0.011820
8.751754 -0.009525
8.756755 -0.019840
8.761756 -0.036685
8.766757 -0.058450
8.771758 -0.072058
8.776759 -0.058011
8.781760 -0.030101
8.786761 -0.016877
8.791762 -0.003251
8.796763 0.018221
8.801764 0.034225
8.806765 0.030365
8.811766 0.022062
8.816767 0.029176
8.821768 0.042053
8.826769 0.041796
8.831770 0.037023
8.836771 0.046149
8.841772 0.051618
8.846773 0.039675
8.851774 0.033529
8.856775 0.039766
8.861776 0.042674
8.866777 0.030109
8.871778 0.004613
8.876779 -0.005611
8.881780 -0.017134
8.886781 -0.045209
8.891782 -0.068309
8.896783 -0.065840
8.901784 -0.045392
8.906785 -0.039521
8.911786 -0.020810
8.916787 0.009331
8.921788 0.022482
8.926789 0.017342
8.931790 0.003204
8.936791 0.015934
8.941792 0.027786
8.946793 0.019885
8.951794 0.013757
8.956795 0.011014
8.961796 0.007411
8.966797 -0.014757
8.971798 -0.029370
8.976799 -0.016329
8.981800 -0.000216
8.986801 -0.009270
8.991802 -0.031986
8.996803 -0.044459
9.001804 -0.062951
9.006805 -0.086252
9.011806 -0.105950
9.016807 -0.099969
9.021808 -0.082411
9.026809 -0.080161
9.031810 -0.064140
9.036811 -0.029352
9.041812 0.009587
9.046813 0.031023
9.051814 0.035851
9.056815 0.042582
9.061816 0.046350
9.066817 0.032925
9.071818 0.023469
9.076819 0.039180
9.081820 0.044813
9.086821 0.031187
9.091822 0.005344
9.096823 -0.009106
9.101824 -0.014318
9.106825 -0.034711
9.111826 -0.041204
9.116827 -0.032572
9.121828 -0.020153
9.126829 -0.022457
9.131830 -0.030304
9.136831 -0.011044
9.141832 0.012330
9.146833 0.017982
9.151834 0.025791
9.156835 0.052806
9.161836 0.068882
9.166837 0.061493
9.171838 0.052367
9.176839 0.055476
9.181840 0.059664
9.186841 0.042709
9.191842 0.027126
9.196843 0.032083
9.201844 0.032430
9.206845 0.016518
9.211846 0.003148
9.216847 0.013134
9.221848 0.028352
9.226849 0.025535
9.231850 0.020853
9.236851 0.030821
9.241852 0.038667
9.246853 0.019243
9.251854 0.006330
9.256855 0.013098
9.261856 0.012842
9.266857 0.001740
9.271858 -0.019275
9.276859 -0.023756
9.281860 -0.020044
9.286861 -0.030981
9.291862 -0.033450
9.296863 -0.019111
9.301864 -0.010387
9.306865 -0.026025
9.311866 -0.050753
9.316867 -0.054374
9.321868 -0.047625
9.326869 -0.051173
9.331870 -0.046839
9.336871 -0.022458
9.341872 -0.000821
9.346873 -0.002687
9.351874 -0.008521
9.356875 0.007117
9.361876 0.023742
9.366877 0.021895
9.371878 0.021200
9.376879 0.028772
9.381880 0.033875
9.386881 0.015219
9.391882 -0.008832
9.396883 -0.005833
9.401884 -0.007168
9.406885 -0.020483
9.411886 -0.025129
9.416887 -0.013734
9.421888 0.006366
9.426889 0.007921
9.431890 -0.000803
9.436891 0.009841
9.441892 0.017468
9.446893 0.009695
9.451894 0.006732
9.456895 0.015767
9.461896 0.029521
9.466897 0.018547
9.471898 0.003934
9.476899 0.012475
9.481900 0.015493
9.486901 0.003531
9.491902 0.000074
9.496903 0.014231
9.501904 0.024784
9.506905 0.016023
9.511906 0.001812
9.516907 0.002635
9.521908 0.000769
9.526909 -0.018655
9.531910 -0.040328
9.536911 -0.046547
9.541912 -0.048961
9.546913 -0.069007
9.551914 -0.077457
9.556915 -0.059807
9.561916 -0.036250
9.566917 -0.024252
9.571918 -0.015966
9.576919 0.005305
9.581920 0.015255
9.586921 0.004025
9.591922 -0.002487
9.596923 0.007445
9.601924 0.013261
9.606925 0.003421
9.611926 -0.002249
9.616927 0.006018
9.621928 0.017559
9.626929 0.016699
9.631930 0.011011
9.636931 0.016644
9.641932 0.017266
9.646933 0.001519
9.651934 -0.004773
9.656935 0.012675
9.661936 0.028716
9.666937 0.026923
9.671938 0.018345
9.676939 0.022716
9.681940 0.028423
9.686941 0.012895
9.691942 0.001244
9.696943 0.001372
9.701944 -0.002451
9.706945 -0.018710
9.711946 -0.031751
9.716947 -0.012144
9.721948 0.008816
9.726949 0.013516
9.731950 0.018290
9.736951 0.028569
9.741952 0.039854
9.746953 0.032026
9.751954 0.022003
9.756955 0.024618
9.761956 0.026081
9.766957 0.010114
9.771958 -0.006786
9.776959 0.004463
9.781960 0.012035
9.786961 0.004408
9.791962 -0.001427
9.796963 0.002725
9.801964 0.013388
9.806965 0.002890
9.811966 -0.009840
9.816967 0.001682
9.821968 0.008870
9.826969 0.002140
9.831970 -0.005121
9.836971 -0.005158
9.841972 -0.004847
9.846973 -0.026941
9.851974 -0.047426
9.856975 -0.049054
9.861976 -0.046676
9.866977 -0.057979
9.871978 -0.067088
9.876979 -0.042854
9.881980 -0.021948
9.886981 -0.014761
9.891982 0.001902
9.896983 0.029501
9.901984 0.051979
9.906985 0.048468
9.911986 0.039323
9.916987 0.044901
9.921988 0.045358
9.926989 0.025422
9.931990 0.005120
9.936991 0.002212
9.941992 -0.005726
9.946993 -0.029630
9.951994 -0.039342
9.956995 -0.027856
9.961996 -0.014322
9.966997 -0.014633
9.971998 -0.023979
9.976999 -0.012310
9.982000 0.006254
9.987001 0.004443
9.992002 0.005925
9.997003 0.026172
10.002004 0.042230
10.007005 0.034549
10.012006 0.024416
10.017007 0.027123
10.022008 0.033012
10.027009 0.019368
10.032010 0.001956
10.037011 0.013552
10.042012 0.017941
10.047013 0.004425
10.052014 -0.009219
10.057015 -0.007921
10.062016 -0.003732
10.067017 -0.019809
10.072018 -0.031442
10.077019 -0.028717
10.082020 -0.025040
10.087021 -0.040129
10.092022 -0.050573
10.097023 -0.034002
10.102024 -0.019425
10.107025 -0.017706
10.112026 -0.014579
10.117027 0.002522
10.122028 0.019550
10.127029 0.018599
10.132030 0.017959
10.137031 0.031804
10.142032 0.038755
10.147033 0.028768
10.152034 0.012673
10.157035 0.010643
10.162036 0.011996
10.167037 -0.010171
10.172038 -0.023962
10.177039 -0.017414
10.182040 -0.009147
10.187041 -0.011086
10.192042 -0.020596
10.197043 -0.007665
10.202044 0.000766
10.207046 -0.009970
10.212047 -0.013793
10.217048 -0.007428
10.222049 -0.000350
10.227050 -0.019462
10.232051 -0.038722
10.237052 -0.032247
10.242053 -0.025736
10.247054 -0.029687
10.252055 -0.031132
10.257056 -0.011232
10.262057 0.007222
10.267058 0.002650
10.272059 0.004497
10.277060 0.023866
10.282061 0.038772
10.287062 0.039742
10.292063 0.036285
10.297064 0.040784
10.302065 0.044899
10.307066 0.027707
10.312067 0.012929
10.317068 0.021945
10.322069 0.024634
10.327070 0.014044
10.332071 0.003875
10.337072 0.005320
10.342073 0.010715
10.347074 -0.001960
10.352075 -0.016189
10.357076 -0.010336
10.362077 -0.002545
10.367078 -0.014543
10.372079 -0.020432
10.377080 -0.008361
10.382081 -0.001064
10.387082 -0.006514
10.392083 -0.011800
10.397084 0.003619
10.402085 0.018251
10.407086 0.012123
10.412087 0.004606
10.417088 0.011154
10.422089 0.017007
10.427090 0.005758
10.432091 -0.001942
10.437092 0.008392
10.442093 0.018799
10.447094 0.009983
10.452095 -0.000314
10.457096 0.003582
10.462097 0.003984
10.467098 -0.011782
10.472099 -0.030328
10.477100 -0.023414
10.482101 -0.013391
10.487102 -0.026560
10.492103 -0.030236
10.497104 -0.018330
10.502105 -0.011800
10.507106 -0.019134
10.512107 -0.028042
10.517108 -0.014105
10.522109 0.000326
10.527110 -0.002911
10.532111 -0.003588
10.537112 0.003435
10.542113 0.011629
10.547114 -0.000150
10.552115 -0.015605
10.557116 -0.002784
10.562117 0.005886
10.567118 -0.002125
10.572119 -0.007319
10.577120 0.002374
10.582121 0.011354
10.587122 0.002356
10.592123 -0.003021
10.597124 0.005319
10.602125 0.010129
10.607126 -0.003973
10.612127 -0.009679
10.617128 0.002026
10.622129 0.015799
10.627130 0.018451
10.632131 0.012506
10.637132 0.023078
10.642133 0.026096
10.647134 0.010147
10.652135 -0.003259
10.657136 0.002429
10.662137 0.008665
10.667138 -0.006113
10.672139 -0.016373
10.677140 -0.013593
10.682141 -0.006735
10.687142 -0.017690
10.692143 -0.029817
10.697144 -0.018715
10.702145 -0.016758
10.707146 -0.026854
10.712147 -0.027695
10.717148 -0.010137
10.722149 0.005794
10.727150 0.005318
10.732151 0.004861
10.737152 0.015981
10.742153 0.027467
10.747154 0.017371
10.752155 0.009781
10.757156 0.018542
10.762157 0.022584
10.767158 0.009927
10.772159 -0.001614
10.777160 0.008555
10.782161 0.013731
10.787162 0.001367
10.792163 -0.010997
10.797164 -0.003260
10.802165 0.006525
10.807166 -0.001870
10.812167 -0.001340
10.817168 0.010439
10.822169 0.019566
10.827170 0.010055
10.832171 -0.002785
10.837172 0.006196
10.842173 0.012341
10.847174 0.004293
10.852175 -0.001578
10.857176 0.014664
10.862177 0.030869
10.867178 0.026022
10.872179 0.020590
10.877180 0.031984
10.882181 0.036941
10.887182 0.013164
10.892183 0.002190
10.897184 0.003342
10.902185 -0.000005
10.907186 -0.014106
10.912187 -0.031829
10.917188 -0.028885
10.922189 -0.029433
10.927190 -0.035103
10.932191 -0.041560
10.937192 -0.028940
10.942193 -0.007687
10.947194 -0.013028
10.952195 -0.011144
10.957196 0.000233
10.962197 0.010146
10.967198 0.006963
10.972199 -0.003608
10.977200 0.010914
10.982201 0.022546
10.987202 0.014096
10.992203 0.009652
10.997204 0.019162
11.002205 0.021302
11.007206 0.004860
11.012207 -0.005163
11.017208 0.000799
11.022209 0.001750
11.027210 -0.012095
11.032211 -0.023087
11.037212 -0.019777
11.042213 -0.015570
11.047214 -0.026124
11.052215 -0.034281
11.057216 -0.023142
11.062217 -0.010211
11.067218 -0.015058
11.072219 -0.017454
11.077220 -0.000006
11.082221 0.014206
11.087222 0.014626
11.092223 0.015138
11.097224 0.030209
11.102225 0.042226
11.107226 0.035769
11.112227 0.026460
11.117228 0.029752
11.122229 0.031471
11.127230 0.015815
11.132231 0.001219
11.137232 0.003396
11.142233 0.007475
11.147234 -0.009535
11.152235 -0.022393
11.157236 -0.014675
11.162237 -0.004268
11.167238 -0.009169
11.172239 -0.016412
11.177240 -0.000171
11.182241 0.007694
11.187242 -0.002969
11.192243 -0.010029
11.197244 -0.003335
11.202245 0.006468
11.207246 -0.001012
11.212247 -0.010413
11.217248 -0.003463
11.222249 0.002536
11.227250 -0.012407
11.232251 -0.024972
11.237252 -0.016833
11.242253 -0.009426
11.247254 -0.016705
11.252255 -0.025484
11.257256 -0.015718
11.262257 -0.001506
11.267258 -0.003646
11.272259 0.000140
11.277260 0.020259
11.282261 0.036683
11.287262 0.036537
11.292263 0.031214
11.297264 0.043981
11.302265 0.054186
11.307266 0.038823
11.312267 0.026879
11.317268 0.024794
11.322269 0.015686
11.327270 -0.002915
11.332271 -0.023729
11.337272 -0.021497
11.342273 -0.014054
11.347274 -0.029929
11.352275 -0.036276
11.357276 -0.022485
11.362277 -0.016834
11.367278 -0.021406
11.372279 -0.024717
11.377280 -0.013359
11.382281 -0.001507
11.387282 -0.005677
11.392283 -0.005073
11.397284 0.006650
11.402285 0.022526
11.407286 0.015722
11.412287 0.007126
11.417288 0.023605
11.422289 0.029238
11.427290 0.020697
11.432291 0.010747
11.437292 0.013619
11.442293 0.011259
11.447294 -0.011420
11.452295 -0.029033
11.457296 -0.028558
11.462297 -0.022669
11.467298 -0.036423
11.472299 -0.044287
11.477300 -0.031375
11.482301 -0.023327
11.487302 -0.029107
11.492303 -0.032289
11.497304 -0.014420
11.502305 -0.000318
11.507306 -0.008458
11.512307 -0.013725
11.517308 -0.006025
11.522309 -0.001892
11.527310 -0.007305
11.532311 -0.013176
11.537312 -0.002148
11.542313 0.008223
11.547314 -0.000959
11.552315 -0.004580
11.557316 0.002663
11.562317 0.015228
11.567318 0.012813
11.572319 0.005808
11.577320 0.022251
11.582321 0.031286
11.587322 0.028030
11.592323 0.024208
11.597324 0.033005
11.602325 0.042735
11.607326 0.024939
11.612327 0.014167
11.617328 0.018392
11.622329 0.017806
11.627330 0.007088
11.632331 -0.008129
11.637332 0.001437
11.642333 0.008314
11.647334 -0.004581
11.652335 -0.006501
11.657336 0.002059
11.662337 0.011770
11.667338 0.002388
11.672339 -0.004947
11.677340 0.004107
11.682341 0.004253
11.687342 -0.007672
11.692343 -0.020621
11.697344 -0.013799
11.702345 -0.008623
11.707346 -0.017292
11.712347 -0.018628
11.717348 -0.004398
11.722349 0.009594
11.727350 0.006795
11.732351 0.006832
11.737352 0.022031
11.742353 0.031871
11.747354 0.016434
11.752355 0.000010
11.757356 0.004363
11.762357 0.004088
11.767358 -0.011714
11.772359 -0.020237
11.777360 -0.013397
11.782361 -0.006538
11.787362 -0.013324
11.792363 -0.022670
11.797364 -0.011751
11.802365 0.001857
11.807366 -0.006118
11.812367 -0.011824
11.817368 -0.002368
11.822369 0.002735
11.827370 -0.009044
11.832371 -0.016945
11.837372 -0.006996
11.842373 -0.001673
11.847374 -0.006008
11.852375 -0.009959
11.857376 0.001984
11.862377 0.016159
11.867378 0.009611
11.872379 0.004563
11.877380 0.019982
11.882381 0.029127
11.887382 0.017549
11.892383 0.012007
11.897384 0.016964
11.902385 0.019177
11.907386 0.006026
11.912387 -0.005844
11.917388 0.000064
11.922389 0.001307
11.927390 -0.012794
11.932391 -0.024189
11.937392 -0.017915
11.942393 -0.011934
11.947394 -0.020311
11.952395 -0.027353
11.957396 -0.014477
11.962397 -0.002149
11.967398 -0.010599
11.972399 -0.016836
11.977400 -0.002040
11.982401 0.009867
11.987402 0.000429
11.992403 -0.003320
11.997404 0.007050
12.002405 0.012062
12.007406 -0.000412
12.012407 -0.006064
12.017408 0.002606
12.022409 0.003191
12.027410 -0.008496
12.032411 -0.018025
12.037412 -0.007070
12.042413 -0.000632
12.047414 -0.002881
12.052415 0.001270
12.057416 0.016524
12.062417 0.031558
12.067418 0.024389
12.072419 0.019268
12.077420 0.031302
12.082421 0.037411
12.087422 0.023566
12.092423 0.010708
12.097424 0.015427
12.102425 0.020200
12.107426 0.005422
12.112427 -0.007034
12.117428 0.000337
12.122429 0.005532
12.127430 -0.009850
12.132431 -0.025470
12.137432 -0.014404
12.142433 -0.009558
12.147434 -0.024830
12.152435 -0.032621
12.157436 -0.021739
12.162437 -0.017313
12.167438 -0.032420
12.172439 -0.033097
12.177440 -0.020422
12.182441 -0.011094
12.187442 -0.011186
12.192443 -0.012887
12.197444 0.004233
12.202445 0.018572
12.207446 0.012628
12.212447 0.013725
12.217448 0.030223
12.222449 0.035325
12.227450 0.022065
12.232451 0.018810
12.237452 0.029509
12.242453 0.028467
12.247454 0.015920
12.252455 0.002531
12.257456 0.003684
12.262457 0.003556
12.267458 -0.017661
12.272459 -0.027336
12.277460 -0.021886
12.282461 -0.020788
12.287462 -0.031982
12.292463 -0.042700
12.297464 -0.031433
12.302465 -0.021118
12.307466 -0.031342
12.312467 -0.038347
12.317468 -0.026568
12.322469 -0.016673
12.327470 -0.024209
12.332471 -0.027757
12.337472 -0.013088
12.342473 0.000409
12.347474 -0.002060
12.352475 -0.003907
12.357476 0.012554
12.362477 0.025613
12.367478 0.016084
12.372479 0.008823
12.377480 0.019650
12.382481 0.024168
12.387482 0.012426
12.392483 0.002970
12.397484 0.012243
12.402485 0.019687
12.407486 0.007048
12.412487 0.000903
12.417488 0.012627
12.422489 0.021442
12.427490 0.009627
12.432491 0.002366
12.437492 0.013340
12.442493 0.019705
12.447494 0.009316
12.452495 0.000372
12.457496 0.010926
12.462497 0.014895
12.467498 0.003756
12.472499 -0.003121
12.477501 0.005475
12.482502 0.014145
12.487503 0.005695
12.492504 0.000116
12.497505 0.012663
12.502506 0.021662
12.507507 0.013797
12.512508 0.009919
12.517509 0.024862
12.522510 0.034099
12.527511 0.022997
12.532512 0.016778
12.537513 0.023948
12.542514 0.027331
12.547515 0.009645
12.552516 -0.003762
12.557517 -0.000286
12.562518 -0.000780
12.567519 -0.013821
12.572520 -0.029203
12.577521 -0.022234
12.582522 -0.019052
12.587523 -0.031672
12.592524 -0.031782
12.597525 -0.018375
12.602526 -0.004438
12.607527 -0.007932
12.612528 -0.012285
12.617529 0.002969
12.622530 0.009937
12.627531 0.001195
12.632532 -0.005262
12.637533 0.001121
12.642534 0.007925
12.647535 -0.006908
12.652536 -0.016345
12.657537 -0.007969
12.662538 -0.004640
12.667539 -0.015120
12.672540 -0.026259
12.677541 -0.015047
12.682542 -0.007347
12.687543 -0.016839
12.692544 -0.020095
12.697545 -0.008828
12.702546 0.005858
12.707547 -0.000744
12.712548 -0.006487
12.717549 0.006828
12.722550 0.015149
12.727551 0.006590
12.732552 -0.002080
12.737553 0.008053
12.742554 0.014838
12.747555 0.004560
12.752556 -0.004293
12.757557 0.003444
12.762558 0.006937
12.767559 -0.007548
12.772560 -0.012359
12.777561 -0.002939
12.782562 0.003352
12.787563 -0.006195
12.792564 -0.012688
12.797565 -0.001476
12.802566 0.006553
12.807567 -0.003379
12.812568 -0.012377
12.817569 0.004065
12.822570 0.009808
12.827571 -0.001678
12.832572 -0.003525
12.837573 0.005090
12.842574 0.017234
12.847575 0.005419
12.852576 -0.004147
12.857577 0.006041
12.862578 0.005400
12.867579 -0.006177
12.872580 -0.019108
12.877581 -0.016145
12.882582 -0.008720
12.887583 -0.021888
12.892584 -0.030759
12.897585 -0.016694
12.902586 -0.006086
12.907587 -0.012268
12.912588 -0.012140
12.917589 0.004888
12.922590 0.017746
12.927591 0.011710
12.932592 0.007010
12.937593 0.021916
12.942594 0.030512
12.947595 0.018038
12.952596 0.011180
12.957597 0.019556
12.962598 0.027732
12.967599 0.021019
12.972600 0.011472
12.977601 0.022080
12.982602 0.031957
12.987603 0.020708
12.992604 0.011929
12.997605 0.019209
13.002606 0.018642
13.007607 0.000114
13.012608 -0.011189
13.017609 -0.006379
13.022610 -0.002026
13.027611 -0.009726
13.032612 -0.014097
13.037613 -0.001368
13.042614 0.006241
13.047615 -0.000654
13.052616 -0.003215
13.057617 0.004997
13.062618 0.011929
13.067619 0.002766
13.072620 -0.009836
13.077621 -0.004660
13.082622 -0.000636
13.087623 -0.015140
13.092624 -0.025383
13.097625 -0.015817
13.102626 -0.010147
13.107627 -0.019694
13.112628 -0.023919
13.117629 -0.012909
13.122630 -0.003691
13.127631 -0.011519
13.132632 -0.014519
13.137633 -0.002594
13.142634 0.005637
13.147635 -0.002776
13.152636 -0.011665
13.157637 0.000241
13.162638 0.003698
13.167639 -0.008574
13.172640 -0.017957
13.177641 -0.010019
13.182642 -0.002319
13.187643 -0.017281
13.192644 -0.019219
13.197645 -0.010422
13.202646 -0.001807
13.207647 -0.009544
13.212648 -0.020042
13.217649 -0.005191
13.222650 -0.004514
13.227651 -0.013915
13.232652 -0.021670
13.237653 -0.016677
13.242654 -0.005466
13.247655 -0.015159
13.252656 -0.017409
13.257657 -0.001167
13.262658 0.010008
13.267659 0.003972
13.272660 0.002490
13.277661 0.018183
13.282662 0.028517
13.287663 0.018586
13.292664 0.010812
13.297665 0.023451
13.302666 0.029706
13.307667 0.017470
13.312668 0.008489
13.317669 0.018384
13.322670 0.022627
13.327671 0.004923
13.332672 -0.003600
13.337673 0.005032
13.342674 0.011068
13.347675 0.003350
13.352676 -0.005448
13.357677 0.005837
13.362678 0.015915
13.367679 0.000990
13.372680 -0.004405
13.377681 0.011379
13.382682 0.015659
13.387683 0.011726
13.392684 0.007556
13.397685 0.017652
13.402686 0.031388
13.407687 0.017305
13.412688 0.010665
13.417689 0.019079
13.422690 0.020725
13.427691 0.004739
13.432692 -0.012069
13.437693 -0.003930
13.442694 -0.003107
13.447695 -0.018507
13.452696 -0.027634
13.457697 -0.017337
13.462698 -0.012179
13.467699 -0.022293
13.472700 -0.026299
13.477701 -0.017885
13.482702 -0.004790
13.487703 -0.014977
13.492704 -0.020574
13.497705 -0.006198
13.502706 0.002361
13.507707 -0.006363
13.512708 -0.014337
13.517709 0.003002
13.522710 0.010299
13.527711 0.002672
13.532712 -0.001132
13.537713 0.007665
13.542714 0.016957
13.547715 0.002306
13.552716 -0.004004
13.557717 0.007263
13.562718 0.010134
13.567719 -0.000199
13.572720 -0.007424
13.577721 0.004227
13.582722 0.012055
13.587723 0.002379
13.592724 -0.000584
13.597725 0.008214
13.602726 0.014725
13.607727 0.005013
13.612728 -0.007150
13.617729 0.001172
13.622730 0.008762
13.627731 -0.002266
13.632732 -0.011229
13.637733 -0.000035
13.642734 0.006385
13.647735 -0.006107
13.652736 -0.012253
13.657737 -0.001370
13.662738 0.005653
13.667739 -0.006181
13.672740 -0.013734
13.677741 -0.004297
13.682742 0.001245
13.687743 -0.009638
13.692744 -0.016990
13.697745 -0.002175
13.702746 0.006732
13.707747 -0.003584
13.712748 -0.005193
13.717749 0.006768
13.722750 0.019443
13.727751 0.013956
13.732752 0.004226
13.737753 0.020047
13.742754 0.025186
13.747755 0.008433
13.752756 -0.000456
13.757757 0.003641
13.762758 0.008725
13.767759 -0.005340
13.772760 -0.014576
13.777761 -0.003840
13.782762 -0.000438
13.787763 -0.010680
13.792764 -0.016808
13.797765 -0.004499
13.802766 0.004207
13.807767 -0.004791
13.812768 -0.008285
13.817769 0.003256
13.822770 0.009859
13.827771 -0.001499
13.832772 -0.008596
13.837773 0.000696
13.842774 0.008487
13.847775 -0.002871
13.852776 -0.014503
13.857777 -0.001371
13.862778 0.002195
13.867779 -0.010370
13.872780 -0.014302
13.877781 -0.002871
13.882782 0.010334
13.887783 -0.001847
13.892784 -0.005596
13.897785 0.014724
13.902786 0.019772
13.907787 0.008414
13.912788 0.003567
13.917789 0.011413
13.922790 0.014486
13.927791 -0.001939
13.932792 -0.013699
13.937793 -0.004700
13.942794 0.000476
13.947795 -0.013278
13.952796 -0.019625
13.957797 -0.009181
13.962798 -0.002871
13.967799 -0.010700
13.972800 -0.020357
13.977801 -0.007444
13.982802 -0.002231
13.987803 -0.013919
13.992804 -0.017193
13.997805 -0.007462
14.002806 0.005231
14.007807 -0.003695
14.012808 -0.008651
14.017809 0.006200
14.022810 0.013992
14.027811 0.004481
14.032812 0.000859
14.037813 0.012583
14.042814 0.017796
14.047815 0.009712
14.052816 -0.000878
14.057817 0.008011
14.062818 0.014924
14.067819 0.000567
14.072820 -0.004244
14.077821 0.006511
14.082822 0.016351
14.087823 0.007151
14.092824 -0.000147
14.097825 0.013278
14.102826 0.020320
14.107827 0.008651
14.112828 0.000310
14.117829 0.011211
14.122830 0.012400
14.127831 -0.000751
14.132832 -0.008286
14.137833 -0.000495
14.142834 0.005980
14.147835 -0.006110
14.152836 -0.010298
14.157837 -0.000751
14.162838 0.005706
14.167839 -0.004208
14.172840 -0.011853
14.177841 0.000292
14.182842 0.005888
14.187843 -0.006329
14.192844 -0.011725
14.197845 -0.002013
14.202846 0.000401
14.207847 -0.008817
14.212848 -0.015968
14.217849 -0.008213
14.222850 -0.002104
14.227851 -0.012237
14.232852 -0.018675
14.237853 -0.008506
14.242854 0.002541
14.247855 -0.007555
14.252856 -0.009878
14.257857 0.007077
14.262858 0.014942
14.267859 0.011576
14.272860 0.006985
14.277861 0.016332
14.282862 0.024471
14.287863 0.008321
14.292864 -0.004684
14.297865 0.004608
14.302866 0.004864
14.307867 -0.012256
14.312868 -0.020047
14.317869 -0.014396
14.322870 -0.007793
14.327871 -0.017523
14.332872 -0.025040
14.337873 -0.007994
14.342874 -0.000459
14.347875 -0.008891
14.352876 -0.013097
14.357877 -0.001812
14.362878 0.012015
14.367879 0.000090
14.372880 -0.006367
14.377881 0.008192
14.382882 0.012765
14.387883 0.002266
14.392884 -0.003550
14.397885 0.003638
14.402886 0.006637
14.407887 -0.004355
14.412888 -0.014378
14.417889 -0.006477
14.422890 0.001077
14.427891 -0.013445
14.432892 -0.020176
14.437893 -0.007245
14.442894 0.000748
14.447895 -0.006824
14.452896 -0.010537
14.457897 0.008722
14.462898 0.014447
14.467899 0.007131
14.472900 0.005796
14.477901 0.012636
14.482902 0.021287
14.487903 0.006966
14.492904 0.000748
14.497905 0.011100
14.502906 0.015800
14.507907 0.003747
14.512908 -0.003990
14.517909 0.010972
14.522910 0.016422
14.527911 0.006929
14.532912 0.001406
14.537913 0.016678
14.542914 0.024707
14.547915 0.014648
14.552916 0.015452
14.557917 0.025896
14.562918 0.036230
14.567919 0.027085
14.572920 0.019714
14.577921 0.032133
14.582922 0.035023
14.587923 0.022037
14.592924 0.011282
14.597925 0.019202
14.602926 0.020043
14.607927 0.001735
14.612928 -0.006825
14.617929 -0.004008
14.622930 -0.000039
14.627931 -0.011964
14.632932 -0.024255
14.637933 -0.010520
14.642934 -0.005837
14.647935 -0.015933
14.652936 -0.016939
14.657937 -0.007209
14.662938 0.001771
14.667939 -0.006825
14.672940 -0.011946
14.677941 0.000034
14.682942 0.006545
14.687943 -0.004155
14.692944 -0.013757
14.697945 -0.003368
14.702946 -0.002802
14.707947 -0.018622
14.712948 -0.024676
14.717949 -0.023506
14.722950 -0.018220
14.727951 -0.032395
14.732952 -0.044905
14.737953 -0.029450
14.742954 -0.024676
14.747956 -0.034882
14.752957 -0.037443
14.757958 -0.021000
14.762959 -0.011855
14.767960 -0.020854
14.772961 -0.020342
14.777962 -0.006789
14.782963 0.000088
14.787964 -0.008691
14.792965 -0.014654
14.797966 -0.004247
14.802967 0.004038
14.807968 -0.009441
14.812969 -0.016611
14.817970 -0.001174
14.822971 0.005575
14.827972 -0.004156
14.832973 -0.006039
14.837974 0.008080
14.842975 0.017372
14.847976 0.010312
14.852977 0.005300
14.857978 0.016512
14.862979 0.024505
14.867980 0.013092
14.872981 0.005776
14.877982 0.014829
14.882983 0.020645
14.887984 0.010586
14.892985 0.001331
14.897986 0.011007
14.902987 0.018213
14.907988 0.007440
14.912989 -0.000553
14.917990 0.010238
14.922991 0.018725
14.927992 0.007696
14.932993 0.003160
14.937994 0.014994
14.942995 0.019822
14.947996 0.012268
14.952997 0.008574
14.957998 0.021011
14.962999 0.031656
14.968000 0.022401
14.973001 0.018450
14.978002 0.028784
14.983003 0.032350
14.988004 0.021431
14.993005 0.013512
14.998006 0.022382
15.003007 0.027577
15.008008 0.011866
15.013009 0.001038
15.018010 0.013969
15.023011 0.015835
15.028012 0.003964
15.033013 -0.002657
15.038014 0.003562
15.043015 0.011170
15.048016 -0.006242
15.053017 -0.016228
15.058018 -0.007632
15.063019 -0.005144
15.068020 -0.017673
15.073021 -0.028500
15.078022 -0.019721
15.083023 -0.015387
15.088024 -0.026726
15.093025 -0.033640
15.098026 -0.021550
15.103027 -0.017051
15.108028 -0.027293
15.113029 -0.026818
15.118030 -0.020252
15.123031 -0.012790
15.128032 -0.019264
15.133033 -0.029287
15.138034 -0.015826
15.143035 -0.011893
15.148036 -0.024257
15.153037 -0.030238
15.158038 -0.022118
15.163039 -0.012607
15.168040 -0.025702
15.173041 -0.033732
15.178042 -0.016795
15.183043 -0.006388
15.188044 -0.015259
15.193045 -0.017216
15.198046 -0.000152
15.203047 0.013346
15.208048 0.001897
15.213049 0.001659
15.218050 0.017718
15.223051 0.022509
15.228052 0.020424
15.233053 0.009103
15.238054 0.021394
15.243055 0.030795
15.248056 0.013858
15.253057 0.009798
15.258058 0.017315
15.263059 0.023296
15.268060 0.009688
15.273061 0.002244
15.278062 0.012742
15.283063 0.016053
15.288064 0.007036
15.293065 -0.001725
15.298066 0.010346
15.303067 0.018412
15.308068 0.006944
15.313069 0.002317
15.318070 0.013565
15.323071 0.018193
15.328072 0.007676
15.333073 0.002097
15.338074 0.009962
15.343075 0.014004
15.348076 0.003268
15.353077 -0.005511
15.358078 0.001585
15.363079 0.010401
15.368080 -0.002658
15.373081 -0.012955
15.378082 -0.001323
15.383083 0.002591
15.388084 -0.007395
15.393085 -0.014053
15.398086 -0.005822
15.403087 0.002280
15.408088 -0.008987
15.413089 -0.016175
15.418090 -0.000957
15.423091 0.006011
15.428092 -0.001963
15.433093 -0.003994
15.438094 0.005865
15.443095 0.016601
15.448096 0.004456
15.453097 0.000634
15.458098 0.015138
15.463099 0.018686
15.468100 0.010419
15.473101 0.002920
15.478102 0.015138
15.483103 0.019893
15.488104 0.009998
15.493105 0.001274
15.498106 0.006322
15.503107 0.014241
15.508108 -0.004817
15.513109 -0.011420
15.518110 -0.002220
15.523111 -0.001781
15.528112 -0.011109
15.533113 -0.022430
15.538114 -0.012682
15.543115 -0.005091
15.548116 -0.018297
15.553117 -0.025393
15.558118 -0.013285
15.563119 -0.010396
15.568120 -0.021790
15.573121 -0.024680
15.578122 -0.017053
15.583123 -0.011877
15.588124 -0.019010
15.593125 -0.022394
15.598126 -0.011457
15.603127 -0.000483
15.608128 -0.008841
15.613129 -0.013578
15.618130 0.001310
15.623131 0.006394
15.628132 -0.004324
15.633133 -0.010176
15.638134 -0.000355
15.643135 0.004913
15.648136 -0.005805
15.653137 -0.015481
15.658138 -0.004763
15.663139 0.001639
15.668140 -0.011658
15.673141 -0.017675
15.678142 -0.009079
15.683143 -0.001251
15.688144 -0.013816
15.693145 -0.019011
15.698146 -0.004068
15.703147 0.004821
15.708148 -0.002038
15.713149 -0.004982
15.718150 0.011698
15.723151 0.019233
15.728152 0.013216
15.733153 0.009869
15.738154 0.021812
15.743155 0.030299
15.748156 0.016874
15.753157 0.011497
15.758158 0.021209
15.763159 0.028360
15.768160 0.017715
15.773161 0.006778
15.778162 0.019526
15.783163 0.024464
15.788164 0.009155
15.793165 0.003687
15.798166 0.011753
15.803167 0.019324
15.808168 0.009503
15.813169 -0.001361
15.818170 0.009137
15.823171 0.016343
15.828172 0.005369
15.833173 -0.003300
15.838174 0.007491
15.843175 0.013087
15.848176 -0.000118
15.853177 -0.006263
15.858178 0.005040
15.863179 0.007033
15.868180 -0.005459
15.873181 -0.009482
15.878182 -0.001508
15.883183 0.004985
15.888184 -0.005971
15.893185 -0.012135
15.898186 -0.002953
15.903187 0.004180
15.908188 -0.003831
15.913189 -0.015098
15.918190 -0.002551
15.923191 0.003796
15.928192 -0.011970
15.933193 -0.017530
15.938194 -0.009391
15.943195 -0.005861
15.948196 -0.018445
15.953197 -0.028614
15.958198 -0.014823
15.963199 -0.012080
15.968200 -0.022249
15.973201 -0.022505
15.978202 -0.013635
15.983203 -0.001856
15.988204 -0.012409
15.993205 -0.015592
15.998206 -0.001179
16.003207 0.005588
16.008208 0.000412
16.013209 -0.008184
16.018210 0.006411
16.023211 0.012062
16.028212 -0.003393
16.033213 -0.006685
16.038214 0.000887
16.043215 0.003667
16.048216 -0.007727
16.053217 -0.015116
16.058218 -0.005441
16.063219 0.000668
16.068220 -0.009099
16.073221 -0.013946
16.078222 -0.000082
16.083223 0.007929
16.088224 -0.001399
16.093225 -0.006520
16.098226 0.005112
16.103227 0.015281
16.108228 0.001875
16.113229 -0.002204
16.118230 0.010434
16.123231 0.014147
16.128232 0.008166
16.133233 -0.002844
16.138234 0.010782
16.143235 0.017256
16.148236 0.001527
16.153237 -0.001198
16.158238 0.004600
16.163239 0.013196
16.168240 0.004782
16.173241 -0.005003
16.178242 0.006246
16.183243 0.014677
16.188244 0.000448
16.193245 -0.005460
16.198246 0.008440
16.203247 0.010251
16.208248 0.002039
16.213249 -0.005058
16.218250 0.005989
16.223251 0.012665
16.228252 0.001709
16.233253 -0.002113
16.238254 0.007599
16.243255 0.017841
16.248256 0.006337
16.253257 0.003557
16.258258 0.017731
16.263259 0.022871
16.268260 0.014659
16.273261 0.009098
16.278262 0.018609
16.283263 0.021206
16.288264 0.009592
16.293265 0.002148
16.298266 0.008001
16.303267 0.010744
16.308268 -0.000925
16.313269 -0.013380
16.318270 -0.005461
16.323271 0.003373
16.328272 -0.012923
16.333273 -0.020477
16.338274 -0.005680
16.343275 -0.002022
16.348276 -0.010618
16.353277 -0.013344
16.358278 -0.003613
16.363279 0.004233
16.368280 -0.009192
16.373281 -0.010253
16.378282 0.002788
16.383283 0.003300
16.388284 -0.003522
16.393285 -0.011679
16.398286 -0.000852
16.403287 0.004690
16.408288 -0.010125
16.413289 -0.014222
16.418290 -0.006906
16.423291 -0.001309
16.428292 -0.012155
16.433293 -0.021245
16.438294 -0.008314
16.443295 -0.003248
16.448296 -0.015228
16.453297 -0.016892
16.458298 -0.005882
16.463299 -0.000669
16.468300 -0.009558
16.473301 -0.017185
16.478302 -0.005918
16.483303 0.003226
16.488304 -0.010436
16.493305 -0.019106
16.498306 -0.003834
16.503307 -0.001163
16.508308 -0.013198
16.513309 -0.012814
16.518310 -0.003248
16.523311 0.003208
16.528312 -0.005718
16.533313 -0.007327
16.538314 0.003153
16.543315 0.007012
16.548316 0.002348
16.553317 -0.005864
16.558318 0.005787
16.563319 0.015041
16.568320 0.000885
16.573321 -0.003998
16.578322 0.006006
16.583323 0.012060
16.588324 0.002513
16.593325 -0.006193
16.598326 0.005146
16.603327 0.011932
16.608328 0.001488
16.613329 -0.002572
16.618330 0.011639
16.623331 0.018516
16.628332 0.006792
16.633333 0.003226
16.638334 0.013779
16.643335 0.019412
16.648336 0.009060
16.653337 0.002787
16.658338 0.013249
16.663339 0.019778
16.668340 0.007908
16.673341 0.001634
16.678342 0.013889
16.683343 0.017492
16.688344 0.006189
16.693345 -0.001329
16.698346 0.007871
16.703347 0.014273
16.708348 0.001872
16.713349 -0.005096
16.718350 0.005713
16.723351 0.010541
16.728352 -0.000926
16.733353 -0.006377
16.738354 0.004195
16.743355 0.010962
16.748356 -0.002024
16.753357 -0.007950
16.758358 0.003554
16.763359 0.007688
16.768360 -0.005152
16.773361 -0.014571
16.778362 -0.001366
16.783363 0.000335
16.788364 -0.013510
16.793365 -0.017186
16.798366 -0.008590
16.803367 -0.000963
16.808368 -0.012047
16.813369 -0.017278
16.818370 -0.004000
16.823371 0.003920
16.828372 -0.007548
16.833373 -0.011279
16.838374 0.001579
16.843375 0.005987
16.848376 -0.003872
16.853377 -0.013602
16.858378 -0.001805
16.863379 0.002566
16.868380 -0.010968
16.873381 -0.015925
16.878382 -0.007091
16.883383 0.000061
16.888384 -0.012066
16.893385 -0.018065
16.898386 -0.005683
16.903387 0.000646
16.908388 -0.009889
16.913389 -0.013694
16.918390 -0.000964
16.923391 0.005492
16.928392 -0.004567
16.933393 -0.009066
16.938394 0.008309
16.943395 0.014656
16.948396 0.004852
16.953397 0.000316
16.958398 0.009571
16.963399 0.016942
16.968400 0.002932
16.973401 -0.003671
16.978402 0.003261
16.983403 0.006407
16.988404 -0.003415
16.993405 -0.013438
16.998406 -0.003177
17.003407 0.001651
17.008408 -0.010164
17.013410 -0.013145
17.018411 -0.002318
17.023412 0.003462
17.028413 -0.004750
17.033414 -0.009359
17.038415 0.005273
17.043416 0.012899
17.048417 -0.000452
17.053418 -0.002793
17.058419 0.009753
17.063420 0.014893
17.068421 0.005309
17.073422 -0.001714
17.078423 0.009150
17.083424 0.013448
17.088425 0.000773
17.093426 -0.005866
17.098427 0.001157
17.103428 0.009168
17.108429 -0.000398
17.113430 -0.010549
17.118431 0.005327
17.123432 0.012167
17.128433 -0.000398
17.133434 -0.003489
17.138435 0.008839
17.143436 0.018294
17.148437 0.003809
17.153438 -0.001038
17.158439 0.011289
17.163440 0.015825
17.168441 0.007064
17.173442 -0.002044
17.178443 0.011216
17.183444 0.016593
17.188445 0.003242
17.193446 -0.000453
17.198447 0.009844
17.203448 0.016301
17.208449 0.003132
17.213450 -0.003654
17.218451 0.008948
17.223452 0.012789
17.228453 0.001833
17.233454 -0.003562
17.238455 0.007210
17.243456 0.011856
17.248457 0.001943
17.253458 -0.003526
17.258459 0.004887
17.263460 0.013374
17.268461 -0.000910
17.273462 -0.007641
17.278463 0.004650
17.283464 0.006735
17.288465 -0.003160
17.293466 -0.010952
17.298467 -0.000655
17.303468 0.006442
17.308469 -0.007641
17.313470 -0.014171
17.318471 -0.002008
17.323472 0.002857
17.328473 -0.011190
17.333474 -0.016165
17.338475 -0.004276
17.343476 -0.001405
17.348477 -0.010806
17.353478 -0.018890
17.358479 -0.007934
17.363480 -0.001880
17.368481 -0.017957
17.373482 -0.020847
17.378483 -0.011976
17.383484 -0.008648
17.388485 -0.018707
17.393486 -0.025804
17.398487 -0.013110
17.403488 -0.008190
17.408489 -0.019750
17.413490 -0.021890
17.418491 -0.008867
17.423492 -0.004514
17.428493 -0.012233
17.433494 -0.017976
17.438495 -0.006142
17.443496 0.002765
17.448497 -0.009855
17.453498 -0.012580
17.458499 -0.001094
17.463500 0.008709
17.468501 -0.002795
17.473502 -0.004679
17.478503 0.012678
17.483504 0.013849
17.488505 0.011233
17.493506 0.004246
17.498507 0.016226
17.503508 0.027182
17.508509 0.012678
17.513510 0.010593
17.518511 0.017890
17.523512 0.024639
17.528513 0.012385
17.533514 0.002070
17.538515 0.014763
17.543516 0.017214
17.548517 0.005014
17.553518 -0.001845
17.558519 0.010172
17.563520 0.012422
17.568521 0.001484
17.573522 -0.002210
17.578523 0.005270
17.583524 0.014049
17.588525 -0.000985
17.593526 -0.005393
17.598527 0.005672
17.603528 0.008983
17.608529 -0.000363
17.613530 -0.010148
17.618531 0.005617
17.623532 0.006971
17.628533 -0.003820
17.633534 -0.003912
17.638535 0.002325
17.643536 0.013372
17.648537 0.000313
17.653538 -0.005466
17.658539 0.008562
17.663540 0.008909
17.668541 -0.000583
17.673542 -0.007058
17.678543 0.002599
17.683544 0.008141
17.688545 -0.004552
17.693546 -0.011594
17.698547 0.000075
17.703548 0.005379
17.708549 -0.009051
17.713550 -0.013441
17.718551 -0.002559
17.723552 0.001776
17.728553 -0.009893
17.733554 -0.014630
17.738555 -0.002376
17.743556 0.001904
17.748557 -0.006436
17.753558 -0.010716
17.758559 0.002288
17.763560 0.009403
17.768561 -0.000766
17.773562 -0.004351
17.778563 0.006165
17.783564 0.013994
17.788565 0.003276
17.793566 -0.003949
17.798567 0.007391
17.803568 0.013683
17.808569 0.000148
17.813570 -0.005485
17.818571 0.005342
17.823572 0.007994
17.828573 -0.001462
17.833574 -0.010570
17.838575 -0.000309
17.843576 0.009622
17.848577 -0.004882
17.853578 -0.010771
17.858579 0.003349
17.863580 0.007958
17.868581 -0.003492
17.873582 -0.009253
17.878583 0.002964
17.883584 0.007390
17.888585 -0.005669
17.893586 -0.013021
17.898587 -0.002760
17.903588 0.002964
17.908589 -0.012125
17.913590 -0.017155
17.918591 -0.006291
17.923592 -0.003017
17.928593 -0.012564
17.933594 -0.018600
17.938595 -0.006602
17.943596 0.001629
17.948597 -0.009199
17.953598 -0.014046
17.958599 -0.001352
17.963600 0.005525
17.968601 -0.003858
17.973602 -0.009272
17.978603 0.002159
17.983604 0.009841
17.988605 0.000806
17.993606 -0.005248
17.998607 0.005415
18.003608 0.014688
18.008609 0.001812
18.013610 -0.005029
18.018611 0.009822
18.023612 0.011889
18.028613 -0.000292
18.033614 -0.004645
18.038615 0.005305
18.043616 0.009237
18.048617 -0.002944
18.053618 -0.008651
18.058619 0.003969
18.063620 0.011413
18.068621 -0.003310
18.073622 -0.005249
18.078623 0.007573
18.083624 0.013334
18.088625 0.006164
18.093626 -0.003255
18.098627 0.009694
18.103628 0.018528
18.108629 0.004335
18.113630 -0.001664
18.118631 0.012456
18.123632 0.015089
18.128633 0.000311
18.133634 -0.001536
18.138635 0.007280
18.143636 0.010755
18.148637 -0.000036
18.153638 -0.008688
18.158639 0.004317
18.163640 0.008121
18.168641 -0.004079
18.173642 -0.007480
18.178643 0.003073
18.183644 0.009456
18.188645 -0.005249
18.193646 -0.009913
18.198647 0.002140
18.203648 0.004024
18.208649 -0.006036
18.213650 -0.014028
18.218651 -0.004024
18.223652 0.001701
18.228653 -0.011120
18.233654 -0.017120
18.238655 -0.006310
18.243656 -0.000165
18.248657 -0.012072
18.253658 -0.014797
18.258659 -0.003457
18.263660 0.000859
18.268661 -0.007774
18.273662 -0.013480
18.278663 -0.001646
18.283664 0.003621
18.288665 -0.007609
18.293666 -0.013901
18.298667 -0.002396
18.303668 0.005907
18.308669 -0.005780
18.313670 -0.013334
18.318671 0.000054
18.323672 0.007663
18.328673 -0.005451
18.333674 -0.010901
18.338675 -0.002067
18.343676 0.003237
18.348677 -0.007006
18.353678 -0.013846
18.358679 -0.000915
18.363680 0.005285
18.368681 -0.006805
18.373682 -0.010261
18.378683 0.003547
18.383684 0.008614
18.388685 -0.000330
18.393686 -0.006658
18.398687 0.005450
18.403688 0.013845
18.408689 0.001078
18.413690 -0.003019
18.418691 0.006675
18.423692 0.012893
18.428693 0.002084
18.433694 -0.005378
18.438695 0.008248
18.443696 0.011906
18.448697 0.001243
18.453698 -0.002909
18.458699 0.006419
18.463700 0.013021
18.468701 0.000438
18.473702 -0.003092
18.478703 0.009253
18.483704 0.012235
18.488705 0.003693
18.493706 -0.000733
18.498707 0.010113
18.503708 0.015874
18.508709 0.005449
18.513710 -0.000751
18.518711 0.008229
18.523712 0.015911
18.528713 0.004297
18.533714 -0.005635
18.538715 0.006894
18.543716 0.014228
18.548717 -0.002379
18.553718 -0.007446
18.558719 0.007461
18.563720 0.009729
18.568721 -0.000569
18.573722 -0.007519
18.578723 0.002230
18.583724 0.011320
18.588725 -0.004538
18.593726 -0.010281
18.598727 0.002669
18.603728 0.006272
18.608729 -0.004245
18.613730 -0.010866
18.618731 0.001461
18.623732 0.006290
18.628733 -0.003715
18.633734 -0.006751
18.638735 0.002449
18.643736 0.009180
18.648737 -0.001429
18.653738 -0.007556
18.658739 0.003327
18.663740 0.006857
18.668741 -0.004849
18.673742 -0.012567
18.678743 -0.000094
18.683744 0.004881
18.688745 -0.010793
18.693746 -0.013098
18.698747 -0.003550
18.703748 0.000748
18.708749 -0.008964
18.713750 -0.015604
18.718751 -0.001118
18.723752 0.002650
18.728753 -0.009348
18.733754 -0.012147
18.738755 -0.003551
18.743756 0.002942
18.748757 -0.007373
18.753758 -0.012824
18.758759 0.000235
18.763760 0.005503
18.768761 0.000418
18.773762 -0.005910
18.778763 0.005631
18.783764 0.017190
18.788765 0.001644
18.793766 -0.003752
18.798767 0.008941
18.803768 0.014428
18.808769 0.001241
18.813770 -0.004776
18.818771 0.009051
18.823772 0.011813
18.828773 0.000839
18.833774 -0.005069
18.838775 0.006271
18.843776 0.011227
18.848777 -0.001283
18.853778 -0.006386
18.858779 0.001954
18.863780 0.005941
18.868781 -0.007410
18.873782 -0.012952
18.878783 -0.004667
18.883784 -0.001649
18.888785 -0.010447
18.893786 -0.019299
18.898787 -0.006715
18.903788 0.002320
18.908789 -0.011855
18.913790 -0.015385
18.918791 0.000107
18.923792 0.004057
18.928793 -0.007667
18.933794 -0.011105
18.938795 0.002192
18.943796 0.008191
18.948797 -0.004868
18.953798 -0.008087
18.958799 0.003527
18.963800 0.006160
18.968801 -0.005307
18.973802 -0.010173
18.978803 0.003124
18.983804 0.006252
18.988805 -0.006277
18.993806 -0.009770
18.998807 0.000362
19.003808 0.004971
19.008809 -0.007118
19.013810 -0.013044
19.018811 -0.001046
19.023812 0.003819
19.028813 -0.008289
19.033814 -0.009844
19.038815 0.001130
19.043816 0.006197
19.048817 -0.001284
19.053818 -0.008051
19.058819 0.005355
19.063820 0.011208
19.068821 -0.000205
19.073822 -0.003406
19.078823 0.007422
19.083824 0.015378
19.088825 0.003416
19.093826 -0.001467
19.098827 0.011647
19.103828 0.015707
19.108829 0.006763
19.113830 0.000398
19.118831 0.010366
19.123832 0.018268
19.128833 0.005995
19.133834 -0.000059
19.138835 0.011811
19.143836 0.018048
19.148837 0.006580
19.153838 -0.000626
19.158839 0.010897
19.163840 0.015652
19.168841 0.003507
19.173842 -0.001723
19.178843 0.008025
19.183844 0.012177
19.188845 0.005099
19.193846 -0.002400
19.198847 0.004861
19.203848 0.014573
19.208849 0.000014
19.213850 -0.006223
19.218851 0.003269
19.223852 0.006232
19.228853 -0.003388
19.233854 -0.011326
19.238855 0.001861
19.243856 0.004220
19.248857 -0.006241
19.253858 -0.009625
19.258859 -0.001230
19.263860 0.006891
19.268861 -0.006443
19.273862 -0.011491
19.278863 0.000453
19.283865 0.002684
19.288866 -0.008784
19.293867 -0.015350
19.298868 -0.002346
19.303869 0.001733
19.308870 -0.010192
19.313871 -0.015094
19.318872 -0.007339
19.323873 0.002098
19.328874 -0.011765
19.333875 -0.016887
19.338876 -0.000974
19.343877 -0.001560
19.348878 -0.010394
19.353879 -0.014564
19.358880 -0.003663
19.363881 0.002720
19.368882 -0.009662
19.373883 -0.012826
19.378884 -0.003023
19.383885 0.004330
19.388886 -0.007650
19.393887 -0.014729
19.398888 0.001476
19.403889 0.005299
19.408890 -0.005511
19.413891 -0.008620
19.418892 0.000964
19.423893 0.007603
19.428894 -0.002749
19.433895 -0.009205
19.438896 0.001641
19.443897 0.007493
19.448898 -0.003737
19.453899 -0.008455
19.458900 0.001933
19.463901 0.007859
19.468902 -0.001999
19.473903 -0.008949
19.478904 0.003762
19.483905 0.012486
19.488906 -0.001085
19.493907 -0.003901
19.498908 0.012669
19.503909 0.014041
19.508910 0.005463
19.513911 0.002354
19.518912 0.012907
19.523913 0.018869
19.528914 0.006249
19.533915 0.001713
19.538916 0.011023
19.543917 0.017150
19.548918 0.005316
19.553919 -0.001707
19.558920 0.009523
19.563921 0.013108
19.568922 0.000689
19.573923 -0.005804
19.578924 0.005097
19.583925 0.007200
19.588926 -0.005950
19.593927 -0.009188
19.598928 0.000561
19.603929 0.004420
19.608930 -0.005767
19.613931 -0.013486
19.618932 -0.002347
19.623933 0.003835
19.628934 -0.010011
19.633935 -0.015736
19.638936 -0.003865
19.643937 0.003524
19.648938 -0.011145
19.653939 -0.014711
19.658940 -0.000646
19.663941 0.001713
19.668942 -0.004853
19.673943 -0.013376
19.678944 -0.000080
19.683945 0.009065
19.688946 -0.004378
19.693947 -0.007725
19.698948 0.002499
19.703949 0.008992
19.708950 -0.000958
19.713951 -0.005384
19.718952 0.004932
19.723953 0.011626
19.728954 0.000999
19.733955 -0.005603
19.738956 0.006358
19.743957 0.012010
19.748958 0.000231
19.753959 -0.007634
19.758960 0.004419
19.763961 0.008425
19.768962 -0.002714
19.773963 -0.008567
19.778964 0.001365
19.783965 0.008791
19.788966 -0.004543
19.793967 -0.006811
19.798968 0.005041
19.803969 0.006614
19.808970 -0.000940
19.813971 -0.007725
19.818972 0.002115
19.823973 0.011003
19.828974 -0.002623
19.833975 -0.009006
19.838976 0.003596
19.843977 0.008095
19.848978 -0.003610
19.853979 -0.008347
19.858980 0.002992
19.863981 0.006083
19.868982 -0.002842
19.873983 -0.007360
19.878984 -0.000062
19.883985 0.009577
19.888986 -0.000245
19.893987 -0.007305
19.898988 0.005370
19.903989 0.009576
19.908990 -0.001215
19.913991 -0.006189
19.918992 0.004931
19.923993 0.010619
19.928994 -0.000154
19.933995 -0.005988
19.938996 0.005040
19.943997 0.012210
19.948998 -0.000831
19.953999 -0.008951
19.959000 0.004290
19.964001 0.009357
19.969002 -0.003885
19.974003 -0.007287
19.979004 0.004327
19.984005 0.008826
19.989006 -0.001233
19.994007 -0.007159
19.999008 0.004565
20.004009 0.010125
20.009010 -0.003611
20.014011 -0.004873
20.019012 0.005571
20.024013 0.010545
20.029014 0.003394
20.034015 -0.007031
20.039016 0.008826
20.044017 0.015246
20.049018 -0.000447
20.054019 -0.000337
20.059020 0.007399
20.064021 0.012466
20.069022 0.002059
20.074023 -0.007708
20.079024 0.005022
20.084025 0.008515
20.089026 -0.004215
20.094027 -0.009409
20.099028 0.000467
20.104029 0.007216
20.109030 -0.006666
20.114031 -0.011988
20.119032 0.000870
20.124033 0.001199
20.129034 -0.005861
20.134035 -0.011915
20.139036 -0.002240
20.144037 0.005332
20.149038 -0.009995
20.154039 -0.012482
20.159040 -0.002240
20.164041 0.002406
20.169042 -0.006959
20.174043 -0.013104
20.179044 -0.004380
20.184045 0.001253
20.189046 -0.006410
20.194047 -0.015080
20.199048 -0.004453
20.204049 0.001692
20.209050 -0.009794
20.214051 -0.014970
20.219052 -0.004563
20.224053 0.002881
20.229054 -0.008111
20.234055 -0.012647
20.239056 0.000394
20.244057 0.008789
20.249058 0.001674
20.254059 -0.002570
20.259060 0.011770
20.264061 0.016671
20.269062 0.007216
20.274063 0.002734
20.279064 0.013032
20.284065 0.021116
20.289066 0.006740
20.294067 0.001820
20.299068 0.010727
20.304069 0.016415
20.309070 0.006283
20.314071 -0.005094
20.319072 0.009300
20.324073 0.013855
20.329074 -0.000320
20.334075 -0.003356
20.339076 0.007727
20.344077 0.011605
20.349078 0.001582
20.354079 -0.001912
20.359080 0.007563
20.364081 0.014677
20.369082 0.001088
20.374083 -0.005478
20.379084 0.007416
20.384085 0.009081
20.389086 -0.000174
20.394087 -0.006759
20.399088 0.003484
20.404089 0.007818
20.409090 -0.004893
20.414091 -0.005423
20.419092 0.000960
20.424093 0.005496
20.429094 -0.002406
20.434095 -0.009740
20.439096 0.000045
20.444097 0.006191
20.449098 -0.002900
20.454099 -0.011843
20.459100 0.001984
20.464101 0.009153
20.469102 -0.003778
20.474103 -0.008624
20.479104 0.002185
20.484105 0.007983
20.489106 -0.004802
20.494107 -0.011880
20.499108 -0.001821
20.504109 0.003941
20.509110 -0.009649
20.514111 -0.013984
20.519112 -0.005058
20.524113 -0.000376
20.529114 -0.007235
20.534115 -0.014642
20.539116 -0.002809
20.544117 0.002404
20.549118 -0.006942
20.554119 -0.013618
20.559120 -0.002132
20.564121 0.006062
20.569122 -0.007546
20.574123 -0.012722
20.579124 -0.001437
20.584125 0.004873
20.589126 -0.006302
20.594127 -0.012576
20.599128 -0.001291
20.604129 0.004763
20.609130 -0.007765
20.614131 -0.013966
20.619132 -0.001273
20.624133 0.004507
20.629134 -0.008022
20.634135 -0.014990
20.639136 -0.001968
20.644137 0.002440
20.649138 -0.009759
20.654139 -0.011606
20.659140 0.001233
20.664141 0.005220
20.669142 -0.005059
20.674143 -0.008918
20.679144 0.003355
20.684145 0.010067
20.689146 -0.001218
20.694147 -0.005370
20.699148 0.004580
20.704149 0.013743
20.709150 0.004690
20.714151 -0.004144
20.719152 0.010981
20.724153 0.016816
20.729154 0.006665
20.734155 0.001178
20.739156 0.009609
20.744157 0.017236
20.749158 0.006573
20.754159 0.000446
20.759160 0.010524
20.764161 0.017419
20.769162 0.005970
20.774163 -0.000395
20.779164 0.009975
20.784165 0.014566
20.789166 0.005018
20.794167 -0.003230
20.799168 0.007835
20.804169 0.013377
20.809170 0.000300
20.814171 -0.004639
20.819172 0.003153
20.824173 0.010268
20.829174 -0.000688
20.834175 -0.008772
20.839176 0.005000
20.844177 0.008402
20.849178 -0.002407
20.854179 -0.007766
20.859180 0.003372
20.864181 0.008054
20.869182 -0.004621
20.874183 -0.006303
20.879184 0.000994
20.884185 0.006445
20.889186 -0.001511
20.894187 -0.012120
20.899188 0.000244
20.904189 0.009188
20.909190 -0.006523
20.914191 -0.012321
20.919192 0.001378
20.924193 0.003262
20.929194 -0.008572
20.934195 -0.011791
20.939196 -0.002993
20.944197 0.002402
20.949198 -0.005828
20.954199 -0.015668
20.959200 -0.002774
20.964201 0.004725
20.969202 -0.008846
20.974203 -0.011059
20.979204 -0.001768
20.984205 0.005383
20.989206 -0.005280
20.994207 -0.011370
20.999208 0.002146
21.004209 0.005530
21.009210 -0.003762
21.014211 -0.008572
21.019212 0.001634
21.024213 0.007084
21.029214 -0.004182
21.034215 -0.008956
21.039216 0.001817
21.044217 0.006371
21.049218 -0.005426
21.054219 -0.009285
21.059220 0.001707
21.064221 0.004780
21.069222 -0.005481
21.074223 -0.011938
21.079224 0.000006
21.084225 0.007431
21.089226 -0.006926
21.094227 -0.011517
21.099228 -0.000141
21.104229 0.006608
21.109230 -0.004347
21.114231 -0.011682
21.119232 0.003536
21.124233 0.007011
21.129234 -0.003268
21.134235 -0.005792
21.139236 0.003462
21.144237 0.010797
21.149238 -0.000781
21.154239 -0.005975
21.159240 0.005035
21.164241 0.010431
21.169242 0.000280
21.174243 -0.006396
21.179244 0.005529
21.184245 0.008528
21.189246 -0.000854
21.194247 -0.004714
21.199248 0.003864
21.204249 0.011711
21.209250 -0.000415
21.214251 -0.004640
21.219252 0.007193
21.224253 0.011509
21.229254 0.002145
21.234255 -0.004695
21.239256 0.007193
21.244257 0.013741
21.249258 0.002145
21.254259 -0.005317
21.259260 0.006571
21.264261 0.013229
21.269262 0.001651
21.274263 -0.003818
21.279264 0.003864
21.284265 0.013795
21.289266 0.002072
21.294267 -0.006214
21.299268 0.008089
21.304269 0.010723
21.309270 0.001761
21.314271 -0.004421
21.319272 0.002748
21.324273 0.013430
21.329274 0.002199
21.334275 -0.008793
21.339276 0.005620
21.344277 0.010704
21.349278 -0.002995
21.354279 -0.008756
21.359280 0.001577
21.364281 0.007412
21.369282 -0.006799
21.374283 -0.009616
21.379284 -0.001331
21.384285 0.004211
21.389286 -0.005483
21.394287 -0.013695
21.399288 0.002492
21.404289 0.003059
21.409290 -0.006562
21.414291 -0.010842
21.419292 -0.002154
21.424293 0.006479
21.429294 -0.006909
21.434295 -0.009068
21.439296 0.000516
21.444297 0.006552
21.449298 -0.002282
21.454299 -0.011518
21.459300 0.001851
21.464301 0.006936
21.469302 -0.003928
21.474303 -0.008135
21.479304 0.001851
21.484305 0.009643
21.489306 -0.001276
21.494307 -0.007330
21.499308 0.003205
21.504309 0.009679
21.509310 -0.000691
21.514311 -0.007513
21.519312 0.006168
21.524313 0.006698
21.529314 -0.003307
21.534315 -0.004642
21.539316 0.000900
21.544317 0.008893
21.549319 -0.001039
21.554320 -0.009928
21.559321 0.001321
21.564322 0.008691
21.569323 -0.006032
21.574324 -0.013147
21.579325 0.000717
21.584326 0.003149
21.589327 -0.006197
21.594328 -0.012818
21.599329 -0.004039
21.604330 0.005875
21.609331 -0.009690
21.614332 -0.015013
21.619333 -0.000088
21.624334 0.001119
21.629335 -0.008501
21.634336 -0.014281
21.639337 -0.002667
21.644338 0.004228
21.649339 -0.008995
21.654340 -0.011629
21.659341 -0.001204
21.664342 0.006075
21.669343 -0.002850
21.674344 -0.009983
21.679345 0.002491
21.684346 0.009550
21.689347 -0.000180
21.694348 -0.007496
21.699349 0.004448
21.704350 0.010593
21.709351 -0.001168
21.714352 -0.006673
21.719353 0.002509
21.724354 0.010227
21.729355 -0.000692
21.734356 -0.007624
21.739357 0.004539
21.744358 0.011196
21.749359 -0.000546
21.754360 -0.008502
21.759361 0.004795
21.764362 0.011800
21.769363 -0.003417
21.774364 -0.007551
21.779365 0.006514
21.784366 0.008508
21.789367 -0.001662
21.794368 -0.005576
21.799369 0.002764
21.804370 0.010227
21.809371 -0.000052
21.814372 -0.008594
21.819373 0.004502
21.824374 0.010227
21.829375 -0.002101
21.834376 -0.006253
21.839377 0.001557
21.844378 0.008123
21.849379 -0.003217
21.854380 -0.011813
21.859381 0.001356
21.864382 0.007867
21.869383 -0.003217
21.874384 -0.010679
21.879385 0.003587
21.884386 0.010062
21.889387 -0.002083
21.894388 -0.004442
21.899389 0.004977
21.904390 0.011250
21.909391 0.002307
21.914392 -0.002961
21.919393 0.008287
21.924394 0.013189
21.929395 0.002544
21.934396 -0.003016
21.939397 0.007702
21.944398 0.012037
21.949399 0.000880
21.954400 -0.003235
21.959401 0.005946
21.964402 0.011525
21.969403 0.001611
21.974404 -0.004333
21.979405 0.006330
21.984406 0.012055
21.989407 0.000989
21.994408 -0.006656
21.999409 0.007171
22.004410 0.012165
22.009411 -0.000638
22.014412 -0.004461
22.019413 0.004007
22.024414 0.010994
22.029415 -0.001498
22.034416 -0.008759
22.039417 0.005123
22.044418 0.006915
22.049419 -0.005156
22.054420 -0.010533
22.059421 -0.001882
22.064422 0.002526
22.069423 -0.009436
22.074424 -0.013917
22.079425 -0.005101
22.084426 0.000294
22.089427 -0.009765
22.094428 -0.016953
22.099429 -0.004663
22.104430 -0.000145
22.109431 -0.011320
22.114432 -0.014539
22.119433 -0.006766
22.124434 0.000038
22.129435 -0.006638
22.134436 -0.016752
22.139437 -0.002194
22.144438 0.004354
22.149439 -0.009235
22.154440 -0.010753
22.159441 -0.003748
22.164442 0.007866
22.169443 -0.001426
22.174444 -0.012820
22.179445 0.004354
22.184446 0.009530
22.189447 -0.000987
22.194448 -0.007114
22.199449 0.002324
22.204450 0.011908
22.209451 -0.000365
22.214452 -0.006236
22.219453 0.003421
22.224454 0.011121
22.229455 0.001226
22.234456 -0.007626
22.239457 0.006055
22.244458 0.011340
22.249459 0.000842
22.254460 -0.003474
22.259461 0.006292
22.264462 0.012749
22.269463 0.002214
22.274464 -0.003987
22.279465 0.007390
22.284466 0.013681
22.289467 0.001720
22.294468 -0.004499
22.299469 0.004372
22.304470 0.009694
22.309471 -0.000475
22.314472 -0.009291
22.319473 0.000439
22.324474 0.006731
22.329475 -0.004426
22.334476 -0.011303
22.339477 -0.002505
22.344478 0.005378
22.349479 -0.005523
22.354480 -0.012839
22.359481 -0.000439
22.364482 0.005067
22.369483 -0.004847
22.374484 -0.010827
22.379485 0.000000
22.384486 0.005835
22.389487 -0.005084
22.394488 -0.010443
22.399489 0.001043
22.404490 0.007718
22.409491 -0.006786
22.414492 -0.010224
22.419493 0.000567
22.424494 0.002689
22.429495 -0.002963
22.434496 -0.012419
22.439497 -0.002268
22.444498 0.008066
22.449499 -0.008048
22.454500 -0.012565
22.459501 -0.000695
22.464502 0.003786
22.469503 -0.006402
22.474504 -0.013041
22.479505 -0.001043
22.484506 0.003603
22.489507 -0.006475
22.494508 -0.011834
22.499509 -0.001829
22.504510 0.003877
22.509511 -0.006237
22.514512 -0.012438
22.519513 -0.002378
22.524514 0.006712
22.529515 -0.004024
22.534516 -0.008487
22.539517 0.004956
22.544518 0.010955
22.549519 0.001170
22.554520 -0.003567
22.559521 0.007059
22.564522 0.015326
22.569523 0.005724
22.574524 -0.002964
22.579525 0.009821
22.584526 0.015326
22.589527 0.002816
22.594528 -0.002488
22.599529 0.007626
22.604530 0.013552
22.609531 0.003419
22.614532 -0.003513
22.619533 0.004791
22.624534 0.014027
22.629535 0.002761
22.634536 -0.005122
22.639537 0.009162
22.644538 0.014174
22.649539 0.003675
22.654540 -0.002415
22.659541 0.009254
22.664542 0.015472
22.669543 0.003236
22.674544 0.000420
22.679545 0.008467
22.684546 0.017063
22.689547 0.007004
22.694548 -0.003934
22.699549 0.009967
22.704550 0.013186
22.709551 0.000639
22.714552 -0.005635
22.719553 0.001389
22.724554 0.008375
22.729555 -0.001574
22.734556 -0.011085
22.739557 -0.001940
22.744558 0.007168
22.749559 -0.006824
22.754560 -0.016023
22.759561 -0.002196
22.764562 0.004553
22.769563 -0.008232
22.774564 -0.017304
22.779565 -0.003806
22.784566 0.001864
22.789567 -0.010683
22.794568 -0.014359
22.799569 -0.005781
22.804570 0.002102
22.809571 -0.008378
22.814572 -0.015091
22.819573 -0.003349
22.824574 0.001132
22.829575 -0.005269
22.834576 -0.011433
22.839577 -0.004355
22.844578 0.006162
22.849579 -0.004739
22.854580 -0.012000
22.859581 0.000474
22.864582 0.004662
22.869583 -0.002526
22.874584 -0.009202
22.879585 0.000839
22.884586 0.008960
22.889587 -0.002691
22.894588 -0.006458
22.899589 0.003162
22.904590 0.008393
22.909591 0.000053
22.914592 -0.006074
22.919593 0.004259
22.924594 0.011959
22.929595 -0.001721
22.934596 -0.006276
22.939597 0.005850
22.944598 0.010496
22.949599 0.002138
22.954600 -0.006056
22.959601 0.007423
22.964602 0.012819
22.969603 0.000821
22.974604 -0.003587
22.979605 0.004223
22.984606 0.010971
22.989607 -0.002453
22.994608 -0.008398
22.999609 0.004369
23.004610 0.007789
23.009611 -0.001265
23.014612 -0.007831
23.019613 0.003820
23.024614 0.009947
23.029615 -0.001265
23.034616 -0.004356
23.039617 0.003728
23.044618 0.011648
23.049619 -0.000204
23.054620 -0.005581
23.059621 0.006271
23.064622 0.009234
23.069623 0.000235
23.074624 -0.006002
23.079625 0.007569
23.084626 0.010294
23.089627 -0.001247
23.094628 -0.006185
23.099629 0.000125
23.104630 0.009819
23.109631 -0.002417
23.114632 -0.011233
23.119633 0.002301
23.124634 0.005082
23.129635 -0.005655
23.134636 -0.011489
23.139637 -0.004521
23.144638 0.003947
23.149639 -0.006935
23.154640 -0.015605
23.159641 -0.004813
23.164642 0.001606
23.169643 -0.007155
23.174644 -0.014068
23.179645 -0.003606
23.184646 0.005575
23.189647 -0.007374
23.194648 -0.013812
23.199649 -0.001576
23.204650 0.005776
23.209651 -0.004997
23.214652 -0.013081
23.219653 0.001368
23.224654 0.005630
23.229655 -0.006588
23.234656 -0.011544
23.239657 0.000198
23.244658 0.006014
23.249659 -0.005509
23.254660 -0.009642
23.259661 0.000435
23.264662 0.008647
23.269663 -0.002546
23.274664 -0.009332
23.279665 0.002539
23.284666 0.009269
23.289667 -0.001430
23.294668 -0.006039
23.299669 0.004386
23.304670 0.010641
23.309671 0.002868
23.314672 -0.005966
23.319673 0.006050
23.324674 0.013512
23.329675 0.003361
23.334676 -0.005454
23.339677 0.005300
23.344678 0.013713
23.349679 -0.000480
23.354680 -0.002802
23.359681 0.006324
23.364682 0.010695
23.369683 0.002575
23.374684 -0.006863
23.379685 0.004843
23.384686 0.012817
23.389687 -0.002601
23.394688 -0.007064
23.399689 0.004861
23.404690 0.007586
23.409691 0.000782
23.414692 -0.006772
23.419693 0.002867
23.424694 0.011043
23.429695 0.001203
23.434696 -0.006296
23.439697 0.002830
23.444698 0.013055
23.449699 0.001001
23.454700 -0.006315
23.459701 0.003617
23.464702 0.010860
23.469703 0.000599
23.474704 -0.007046
23.479705 0.004403
23.484706 0.010165
23.489707 -0.000151
23.494708 -0.007339
23.499709 0.004275
23.504710 0.010256
23.509711 0.000050
23.514712 -0.007394
23.519713 0.004659
23.524714 0.011152
23.529715 -0.002602
23.534716 -0.005035
23.539717 0.003196
23.544718 0.009030
23.549719 -0.001395
23.554720 -0.008309
23.559721 0.004293
23.564722 0.007384
23.569723 -0.002492
23.574724 -0.009827
23.579725 -0.000206
23.584726 0.007713
23.589727 -0.005602
23.594728 -0.011180
23.599729 -0.001029
23.604730 0.003964
23.609731 -0.003992
23.614732 -0.009187
23.619733 -0.000152
23.624734 0.006835
23.629735 -0.002346
23.634736 -0.011235
23.639737 0.002409
23.644738 0.008371
23.649739 -0.005035
23.654740 -0.009114
23.659741 -0.000188
23.664742 0.006213
23.669743 -0.004413
23.674744 -0.010303
23.679745 -0.000499
23.684746 0.005353
23.689747 -0.004231
23.694748 -0.012333
23.699749 -0.000280
23.704750 0.005664
23.709751 -0.004743
23.714752 -0.010211
23.719753 -0.001359
23.724754 0.006816
23.729755 -0.002237
23.734756 -0.010083
23.739757 0.000726
23.744758 0.008334
23.749759 -0.001231
23.754760 -0.008840
23.759761 0.001531
23.764762 0.010968
23.769763 -0.002347
23.774764 -0.007999
23.779765 0.003542
23.784766 0.006578
23.789767 -0.000408
23.794768 -0.008090
23.799769 0.002061
23.804770 0.011059
23.809771 -0.002237
23.814772 -0.006444
23.819774 0.004146
23.824775 0.010035
23.829776 0.001036
23.834777 -0.006719
23.839778 0.004329
23.844779 0.010986
23.849780 0.001256
23.854781 -0.004725
23.859782 0.004932
23.864783 0.011608
23.869784 0.001731
23.874785 -0.006079
23.879786 0.005042
23.884787 0.011937
23.889788 0.001310
23.894789 -0.006408
23.899790 0.002133
23.904791 0.012284
23.909792 -0.001781
23.914793 -0.009188
23.919794 0.002627
23.924795 0.006450
23.929796 -0.002585
23.934797 -0.012755
23.939798 -0.002494
23.944799 0.006834
23.949800 -0.004488
23.954801 -0.011968
23.959802 -0.001982
23.964803 0.005444
23.969804 -0.003628
23.974805 -0.010011
23.979806 0.000341
23.984807 0.009065
23.989808 -0.003537
23.994809 -0.010633
23.999810 0.003871
24.004811 0.009504
24.009812 -0.001525
24.014813 -0.007469
24.019814 0.001237
24.024815 0.009632
24.029816 0.002115
24.034817 -0.009481
24.039818 0.002206
24.044819 0.011845
24.049820 -0.001781
24.054821 -0.007872
24.059822 0.000468
24.064823 0.009412
24.069824 -0.002641
24.074825 -0.010378
24.079826 0.002535
24.084827 0.005516
24.089828 -0.003263
24.094829 -0.010853
24.099830 0.000816
24.104831 0.007546
24.109832 -0.002348
24.114833 -0.008421
24.119834 -0.002184
24.124835 0.009192
24.129836 -0.002678
24.134837 -0.011256
24.139838 0.000175
24.144839 0.005388
24.149840 -0.004104
24.154841 -0.012628
24.159842 0.000907
24.164843 0.006613
24.169844 -0.004507
24.174845 -0.007360
24.179846 0.000303
24.184847 0.009338
24.189848 0.000541
24.194849 -0.006720
24.199850 0.003961
24.204851 0.009942
24.209852 0.001327
24.214853 -0.006300
24.219854 0.003010
24.224855 0.011734
24.229856 0.001785
24.234857 -0.006940
24.239858 0.004601
24.244859 0.010490
24.249860 -0.000209
24.254861 -0.006007
24.259862 0.002699
24.264863 0.010838
24.269864 -0.000923
24.274865 -0.008001
24.279866 0.003101
24.284867 0.008862
24.289868 -0.000904
24.294869 -0.007818
24.299870 0.002479
24.304871 0.009338
24.309872 -0.001307
24.314873 -0.008166
24.319874 0.002772
24.324875 0.009795
24.329876 -0.000758
24.334877 -0.009647
24.339878 0.001985
24.344879 0.008131
24.349880 -0.002660
24.354881 -0.009044
24.359882 -0.001618
24.364883 0.008771
24.369884 -0.003977
24.374885 -0.011696
24.379886 0.001034
24.384887 0.006612
24.389888 -0.003813
24.394889 -0.012062
24.399890 0.002204
24.404891 0.006411
24.409892 -0.004069
24.414893 -0.006319
24.419894 -0.001289
24.424895 0.007454
24.429896 -0.001307
24.434897 -0.010964
24.439898 0.001802
24.444899 0.006722
24.449900 -0.003045
24.454901 -0.009117
24.459902 -0.001289
24.464903 0.008825
24.469904 -0.002990
24.474905 -0.010306
24.479906 0.003064
24.484907 0.007746
24.489908 -0.002149
24.494909 -0.008624
24.499910 0.000704
24.504911 0.007984
24.509912 -0.000101
24.514913 -0.008093
24.519914 -0.000046
24.524915 0.010471
24.529916 0.001070
24.534917 -0.005953
24.539918 0.004728
24.544919 0.010946
24.549920 0.002935
24.554921 -0.004344
24.559922 0.004344
24.564923 0.013214
24.569924 0.001618
24.574925 -0.005570
24.579926 0.004984
24.584927 0.011330
24.589928 0.001874
24.594929 -0.007307
24.599930 0.003923
24.604931 0.010269
24.609932 -0.000686
24.614933 -0.006996
24.619934 0.002295
24.624935 0.008806
24.629936 -0.002387
24.634937 -0.009740
24.639938 -0.000193
24.644939 0.008312
24.649940 -0.003448
24.654941 -0.009777
24.659942 0.001929
24.664943 0.006959
24.669944 -0.003229
24.674945 -0.010307
24.679946 0.000758
24.684947 0.006776
24.689948 -0.003229
24.694949 -0.010014
24.699950 -0.000943
24.704951 0.007379
24.709952 -0.002973
24.714953 -0.011167
24.719954 0.000904
24.724955 0.007343
24.729956 -0.004674
24.734957 -0.008204
24.739958 0.000026
24.744959 0.008367
24.749960 -0.000632
24.754961 -0.011423
24.759962 0.004617
24.764963 0.009153
24.769964 -0.002735
24.774965 -0.005131
24.779966 0.003538
24.784967 0.010415
24.789968 -0.000742
24.794969 -0.007820
24.799970 0.003648
24.804971 0.010141
24.809972 -0.000760
24.814973 -0.007217
24.819974 0.001233
24.824975 0.008750
24.829976 -0.000651
24.834977 -0.010344
24.839978 0.000556
24.844979 0.006501
24.849980 -0.004217
24.854981 -0.009686
24.859982 0.000337
24.864983 0.004781
24.869984 -0.006851
24.874985 -0.010710
24.879986 -0.001108
24.884987 0.005238
24.889988 -0.001767
24.894989 -0.012027
24.899990 -0.000907
24.904991 0.008750
24.909992 -0.004565
24.914993 -0.009412
24.919994 -0.001547
24.924995 0.006464
24.929996 -0.001785
24.934997 -0.012357
24.939998 -0.000048
24.944999 0.007049
24.950000 -0.004108
0.000000 0.000000
0.005001 0.000062
0.010002 0.000025
0.015003 0.000178
0.020004 -0.000084
0.025005 -0.000143
0.030006 0.000113
0.035007 0.000186
0.040008 -0.000099
0.045009 -0.000354
0.050010 -0.000091
0.055011 0.000011
0.060012 -0.000230
0.065013 -0.000237
0.070014 0.000076
0.075015 0.000062
0.080016 -0.000150
0.085017 -0.000172
0.090018 -0.000091
0.095019 0.000047
0.100020 0.000033
0.105021 -0.000040
0.110022 0.000105
0.115023 0.000237
0.120024 0.000127
0.125025 -0.000062
0.130026 -0.000004
0.135027 0.000135
0.140028 -0.000011
0.145029 -0.000106
0.150030 -0.000026
0.155031 -0.000004
0.160032 -0.000077
0.165033 0.000025
0.170034 0.000106
0.175035 -0.000011
0.180036 -0.000069
0.185037 -0.000026
0.190038 0.000171
0.195039 0.000040
0.200040 -0.000011
0.205041 0.000098
0.210042 0.000084
0.215043 0.000164
0.220044 -0.000055
0.225045 -0.000077
0.230046 -0.000011
0.235047 -0.000033
0.240048 -0.000004
0.245049 -0.000099
0.250050 -0.000047
0.255051 -0.000026
0.260052 0.000076
0.265053 0.000055
0.270054 0.000098
0.275055 0.000281
0.280056 -0.000040
0.285057 -0.000040
0.290058 0.000142
0.295059 0.000149
0.300060 0.000135
0.305061 -0.000069
0.310062 0.000113
0.315063 0.000142
0.320064 -0.000026
0.325065 -0.000033
0.330066 -0.000040
0.335067 0.000062
0.340068 -0.000084
0.345069 -0.000040
0.350070 0.000055
0.355071 -0.000135
0.360072 -0.000106
0.365073 0.000011
0.370074 -0.000011
0.375075 -0.000062
0.380076 -0.000098
0.385077 -0.000040
0.390078 0.000135
0.395079 0.000215
0.400080 0.000018
0.405081 -0.000098
0.410082 0.000069
0.415083 0.000077
0.420084 -0.000047
0.425085 -0.000149
0.430086 -0.000011
0.435087 0.000077
0.440088 -0.000120
0.445089 0.000084
0.450090 0.000201
0.455091 0.000113
0.460092 0.000164
0.465093 0.000011
0.470093 0.000128
0.475094 0.000091
0.480095 -0.000200
0.485096 -0.000069
0.490097 0.000091
0.495098 0.000099
0.500099 -0.000069
0.505100 -0.000076
0.510101 -0.000018
0.515102 -0.000047
0.520103 0.000062
0.525104 -0.000003
0.530105 0.000011
0.535106 0.000135
0.540107 0.000033
0.545108 0.000033
0.550109 0.000266
0.555110 0.000223
0.560111 0.000099
0.565112 0.000201
0.570113 0.000194
0.575114 0.000055
0.580115 -0.000040
0.585116 0.000011
0.590117 0.000040
0.595118 0.000128
0.600119 -0.000003
0.605120 -0.000237
0.610121 0.000033
0.615122 0.000201
0.620123 -0.000025
0.625124 -0.000054
0.630125 0.000186
0.635126 0.000208
0.640127 0.000041
0.645128 0.000019
0.650129 0.000062
0.655130 0.000062
0.660131 0.000011
0.665132 0.000011
0.670133 0.000165
0.675134 0.000150
0.680135 -0.000083
0.685136 -0.000010
0.690137 0.000267
0.695138 0.000237
0.700139 0.000011
0.705140 0.000048
0.710141 0.000041
0.715142 -0.000120
0.720143 -0.000061
0.725144 0.000077
0.730145 0.000237
0.735146 0.000216
0.740147 0.000011
0.745148 0.000011
0.750149 0.000172
0.755150 0.000121
0.760151 -0.000163
0.765152 -0.000105
0.770153 0.000165
0.775154 0.000070
0.780155 -0.000105
0.785156 -0.000142
0.790157 0.000070
0.795158 0.000179
0.800159 0.000048
0.805160 0.000048
0.810161 0.000004
0.815162 -0.000010
0.820163 -0.000069
0.825164 -0.000069
0.830165 0.000121
0.835166 0.000092
0.840167 -0.000149
0.845168 -0.000200
0.850169 0.000128
0.855170 0.000274
0.860171 0.000085
0.865172 0.000077
0.870173 0.000034
0.875174 0.000026
0.880175 0.000063
0.885176 -0.000039
0.890177 0.000165
0.895178 0.000150
0.900179 -0.000222
0.905180 -0.000112
0.910181 0.000063
0.915182 -0.000061
0.920183 -0.000192
0.925184 -0.000127
0.930185 0.000085
0.935186 -0.000010
0.940187 -0.000149
0.945188 -0.000039
0.950189 -0.000010
0.955190 -0.000010
0.960191 -0.000207
0.965192 -0.000149
0.970193 0.000099
0.975194 0.000034
0.980195 -0.000039
0.985196 -0.000061
0.990197 0.000056
0.995198 0.000136
1.000199 0.000056
1.005200 -0.000003
1.010201 0.000085
1.015202 0.000172
1.020203 0.000092
1.025204 0.000056
1.030205 0.000092
1.035206 0.000165
1.040207 0.000056
1.045208 -0.000127
1.050209 0.000085
1.055210 0.000238
1.060211 -0.000039
1.065212 -0.000097
1.070213 0.000092
1.075214 0.000041
1.080215 -0.000178
1.085216 -0.000148
1.090217 0.000019
1.095218 -0.000046
1.100219 -0.000076
1.105220 -0.000003
1.110221 -0.000003
1.115222 -0.000003
1.120223 -0.000105
1.125224 -0.000199
1.130225 -0.000097
1.135226 -0.000010
1.140227 0.000048
1.145228 -0.000097
1.150229 -0.000141
1.155230 0.000048
1.160231 -0.000075
1.165232 -0.000119
1.170233 0.000063
1.175234 0.000158
1.180235 -0.000068
1.185236 -0.000112
1.190237 0.000151
1.195238 0.000107
1.200239 0.000070
1.205240 -0.000024
1.210241 0.000019
1.215242 0.000143
1.220243 -0.000156
1.225244 -0.000156
1.230245 -0.000112
1.235246 -0.000119
1.240247 -0.000002
1.245248 -0.000119
1.250249 0.000092
1.255250 0.000165
1.260251 -0.000039
1.265252 -0.000104
1.270253 -0.000002
1.275254 0.000173
1.280255 0.000107
1.285256 0.000078
1.290257 0.000187
1.295258 0.000085
1.300259 0.000041
1.305260 0.000085
1.310261 -0.000024
1.315262 0.000151
1.320263 -0.000024
1.325264 -0.000214
1.330265 0.000129
1.335266 -0.000039
1.340267 -0.000163
1.345268 -0.000090
1.350269 -0.000039
1.355270 -0.000039
1.360271 0.000020
1.365272 0.000027
1.370273 -0.000031
1.375274 0.000165
1.380275 -0.000017
1.385276 0.000056
1.390277 0.000202
1.395278 0.000049
1.400278 0.000005
1.405279 -0.000082
1.410280 0.000071
1.415281 0.000093
1.420282 0.000005
1.425283 -0.000031
1.430284 0.000122
1.435285 0.000326
1.440286 0.000107
1.445287 -0.000002
1.450288 0.000158
1.455289 0.000085
1.460290 -0.000068
1.465291 0.000042
1.470292 0.000268
1.475293 0.000341
1.480294 0.000012
1.485295 -0.000126
1.490296 0.000071
1.495297 0.000078
1.500298 -0.000031
1.505299 0.000049
1.510300 0.000231
1.515301 0.000311
1.520302 0.000107
1.525303 -0.000046
1.530304 0.000253
1.535305 0.000166
1.540306 -0.000017
1.545307 0.000071
1.550308 0.000115
1.555309 0.000268
1.560310 0.000144
1.565311 0.000034
1.570312 0.000195
1.575313 0.000341
1.580314 0.000209
1.585315 0.000064
1.590316 0.000188
1.595317 0.000115
1.600318 0.000137
1.605319 -0.000038
1.610320 -0.000126
1.615321 0.000151
1.620322 -0.000155
1.625323 -0.000170
1.630324 0.000224
1.635325 0.000195
1.640326 0.000049
1.645327 -0.000017
1.650328 0.000195
1.655329 0.000202
1.660330 -0.000009
1.665331 0.000020
1.670332 -0.000038
1.675333 0.000005
1.680334 -0.000089
1.685335 -0.000119
1.690336 0.000049
1.695337 -0.000119
1.700338 -0.000286
1.705339 -0.000199
1.710340 0.000078
1.715341 0.000144
1.720342 0.000151
1.725343 -0.000089
1.730344 -0.000089
1.735345 0.000253
1.740346 0.000005
1.745347 0.000071
1.750348 0.000115
1.755349 0.000020
1.760350 -0.000038
1.765351 -0.000250
1.770352 0.000013
1.775353 0.000006
1.780354 -0.000330
1.785355 -0.000213
1.790356 -0.000002
1.795357 0.000049
1.800358 0.000093
1.805359 -0.000002
1.810360 0.000013
1.815361 0.000239
1.820362 0.000122
1.825363 -0.000118
1.830364 0.000013
1.835365 0.000130
1.840366 -0.000009
1.845367 -0.000111
1.850368 -0.000009
1.855369 0.000217
1.860370 0.000064
1.865371 -0.000031
1.870372 0.000130
1.875373 0.000049
1.880374 0.000013
1.885375 -0.000038
1.890376 0.000049
1.895377 -0.000053
1.900378 -0.000147
1.905379 0.000071
1.910380 0.000035
1.915381 0.000159
1.920382 0.000028
1.925383 0.000013
1.930384 0.000115
1.935385 0.000064
1.940386 -0.000002
1.945387 -0.000344
1.950388 -0.000045
1.955389 0.000093
1.960390 -0.000155
1.965391 -0.000016
1.970392 0.000101
1.975393 0.000079
1.980394 -0.000096
1.985395 -0.000147
1.990396 -0.000104
1.995397 0.000006
2.000398 0.000035
2.005399 -0.000125
2.010400 0.000042
2.015401 0.000057
2.020402 -0.000082
2.025403 -0.000023
2.030404 0.000035
2.035405 0.000166
2.040406 0.000035
2.045407 0.000028
2.050408 0.000195
2.055409 0.000079
2.060410 -0.000009
2.065411 -0.000096
2.070412 0.000064
2.075413 0.000064
2.080414 -0.000169
2.085415 -0.000060
2.090416 -0.000038
2.095417 -0.000060
2.100418 -0.000096
2.105419 -0.000060
2.110420 0.000115
2.115421 0.000166
2.120422 -0.000023
2.125423 -0.000278
2.130424 -0.000089
2.135425 0.000035
2.140426 -0.000154
2.145427 -0.000176
2.150428 0.000101
2.155429 0.000101
2.160430 -0.000038
2.165431 -0.000001
2.170432 0.000013
2.175433 -0.000023
2.180434 -0.000249
2.185435 -0.000184
2.190436 0.000028
2.195437 0.000086
2.200438 0.000174
2.205439 0.000188
2.210440 0.000254
2.215441 0.000261
2.220442 0.000188
2.225443 0.000137
2.230444 0.000013
2.235445 -0.000162
2.240446 -0.000278
2.245447 -0.000264
2.250448 -0.000147
2.255449 -0.000154
2.260450 -0.000242
2.265451 -0.000198
2.270452 -0.000089
2.275453 -0.000081
2.280454 -0.000030
2.285455 0.000188
2.290456 0.000312
2.295457 0.000065
2.300458 -0.000147
2.305459 -0.000213
2.310460 -0.000103
2.315461 0.000116
2.320462 -0.000220
2.325463 -0.000264
2.330463 -0.000067
2.335464 -0.000118
2.340465 -0.000089
2.345466 -0.000110
2.350467 0.000203
2.355468 0.000247
2.360469 0.000006
2.365470 0.000021
2.370471 0.000057
2.375472 0.000050
2.380473 -0.000037
2.385474 0.000028
2.390475 0.000116
2.395476 -0.000074
2.400477 -0.000366
2.405478 -0.000285
2.410479 -0.000139
2.415480 -0.000220
2.420481 -0.000220
2.425482 -0.000212
2.430483 0.000057
2.435484 0.000210
2.440485 0.000006
2.445486 0.000130
2.450487 0.000211
2.455488 0.000065
2.460489 -0.000103
2.465490 -0.000183
2.470491 -0.000001
2.475492 -0.000030
2.480493 -0.000227
2.485494 -0.000263
2.490495 -0.000139
2.495496 -0.000125
2.500497 -0.000227
2.505498 -0.000117
2.510499 -0.000059
2.515500 0.000145
2.520501 0.000232
2.525502 0.000196
2.530503 0.000422
2.535504 0.000130
2.540505 -0.000154
2.545506 -0.000161
2.550507 -0.000263
2.555508 -0.000168
2.560509 -0.000183
2.565510 -0.000307
2.570511 -0.000183
2.575512 -0.000037
2.580513 -0.000147
2.585514 -0.000037
2.590515 0.000335
2.595516 0.000291
2.600517 0.000065
2.605518 0.000021
2.610519 0.000028
2.615520 0.000021
2.620521 -0.000052
2.625522 -0.000241
2.630523 -0.000256
2.635524 -0.000227
2.640525 -0.000380
2.645526 -0.000154
2.650527 0.000211
2.655528 0.000233
2.660529 0.000145
2.665530 0.000203
2.670531 0.000342
2.675532 0.000211
2.680533 0.000036
2.685534 -0.000030
2.690535 -0.000103
2.695536 -0.000030
2.700537 -0.000161
2.705538 -0.000190
2.710539 -0.000001
2.715540 -0.000110
2.720541 -0.000081
2.725542 -0.000146
2.730543 -0.000285
2.735544 -0.000037
2.740545 -0.000022
2.745546 -0.000001
2.750547 0.000211
2.755548 0.000262
2.760549 0.000247
2.765550 0.000291
2.770551 0.000364
2.775552 0.000189
2.780553 -0.000000
2.785554 -0.000000
2.790555 -0.000103
2.795556 -0.000088
2.800557 -0.000110
2.805558 -0.000103
2.810559 0.000145
2.815560 0.000189
2.820561 0.000211
2.825562 0.000094
2.830563 0.000036
2.835564 0.000124
2.840565 0.000102
2.845566 0.000131
2.850567 0.000058
2.855568 0.000087
2.860569 -0.000117
2.865570 -0.000285
2.870571 -0.000124
2.875572 -0.000117
2.880573 0.000007
2.885574 -0.000073
2.890575 -0.000000
2.895576 0.000284
2.900577 -0.000030
2.905578 0.000087
2.910579 0.000393
2.915580 0.000218
2.920581 0.000167
2.925582 -0.000066
2.930583 -0.000008
2.935584 0.000065
2.940585 -0.000066
2.945586 -0.000029
2.950587 0.000043
2.955588 0.000138
2.960589 0.000036
2.965590 0.000043
2.970591 0.000124
2.975592 0.000189
2.980593 0.000116
2.985594 0.000036
2.990595 0.000211
2.995596 0.000153
3.000597 -0.000139
3.005598 -0.000124
3.010599 0.000124
3.015600 -0.000051
3.020601 -0.000095
3.025602 -0.000000
3.030603 0.000065
3.035604 0.000219
3.040605 -0.000037
3.045606 0.000014
3.050607 0.000211
3.055608 0.000102
3.060609 0.000058
3.065610 -0.000029
3.070611 0.000095
3.075612 0.000014
3.080613 -0.000080
3.085614 0.000044
3.090615 0.000022
3.095616 0.000219
3.100617 0.000044
3.105618 -0.000066
3.110619 0.000153
3.115620 0.000015
3.120621 -0.000066
3.125622 -0.000066
3.130623 0.000102
3.135624 0.000036
3.140625 -0.000124
3.145626 0.000036
3.150627 0.000102
3.155628 0.000153
3.160629 0.000080
3.165630 0.000036
3.170631 0.000073
3.175632 0.000109
3.180633 -0.000007
3.185634 -0.000175
3.190635 0.000109
3.195636 0.000146
3.200637 -0.000051
3.205638 -0.000022
3.210639 0.000146
3.215640 0.000219
3.220641 0.000080
3.225642 0.000073
3.230643 0.000160
3.235644 0.000109
3.240645 -0.000131
3.245646 -0.000066
3.250647 0.000109
3.255648 0.000153
3.260648 0.000000
3.265649 -0.000117
3.270650 0.000139
3.275651 -0.000007
3.280652 -0.000095
3.285653 0.000022
3.290654 0.000044
3.295655 0.000044
3.300656 -0.000146
3.305657 -0.000014
3.310658 0.000044
3.315659 0.000051
3.320660 -0.000080
3.325661 -0.000291
3.330662 0.000029
3.335663 0.000051
3.340664 -0.000029
3.345665 0.000153
3.350666 0.000255
3.355667 0.000234
3.360668 0.000066
3.365669 0.000015
3.370670 0.000168
3.375671 0.000212
3.380672 0.000117
3.385673 0.000088
3.390674 0.000212
3.395675 0.000226
3.400676 -0.000073
3.405677 -0.000058
3.410678 0.000183
3.415679 0.000051
3.420680 -0.000211
3.425681 -0.000131
3.430682 0.000190
3.435683 0.000008
3.440684 -0.000320
3.445685 -0.000218
3.450686 0.000022
3.455687 0.000051
3.460688 -0.000021
3.465689 0.000044
3.470690 0.000139
3.475691 0.000153
3.480692 0.000022
3.485693 -0.000065
3.490694 0.000030
3.495695 0.000190
3.500696 -0.000021
3.505697 -0.000072
3.510698 0.000219
3.515699 0.000051
3.520700 0.000022
3.525701 0.000139
3.530702 0.000146
3.535703 0.000175
3.540704 0.000022
3.545705 -0.000007
3.550706 0.000117
3.555707 0.000183
3.560708 -0.000094
3.565709 -0.000087
3.570710 0.000117
3.575711 -0.000014
3.580712 -0.000014
3.585713 -0.000036
3.590714 -0.000029
3.595715 0.000110
3.600716 0.000008
3.605717 -0.000167
3.610718 0.000052
3.615719 0.000183
3.620720 -0.000131
3.625721 -0.000167
3.630722 0.000044
3.635723 0.000190
3.640724 0.000008
3.645725 -0.000218
3.650726 -0.000021
3.655727 0.000132
3.660728 -0.000058
3.665729 -0.000174
3.670730 0.000074
3.675731 0.000190
3.680732 -0.000043
3.685733 -0.000065
3.690734 0.000095
3.695735 0.000190
3.700736 0.000095
3.705737 -0.000101
3.710738 0.000074
3.715739 0.000030
3.720740 -0.000196
3.725741 -0.000094
3.730742 0.000066
3.735743 0.000147
3.740744 0.000081
3.745745 0.000088
3.750746 0.000103
3.755747 0.000096
3.760748 0.000161
3.765749 0.000125
3.770750 0.000139
3.775751 0.000234
3.780752 0.000088
3.785753 -0.000174
3.790754 -0.000036
3.795755 0.000132
3.800756 -0.000101
3.805757 -0.000225
3.810758 -0.000043
3.815759 -0.000036
3.820760 -0.000094
3.825761 0.000066
3.830762 0.000241
3.835763 0.000096
3.840764 -0.000174
3.845765 -0.000152
3.850766 0.000030
3.855767 0.000037
3.860768 0.000030
3.865769 0.000023
3.870770 0.000110
3.875771 0.000125
3.880772 -0.000174
3.885773 -0.000006
3.890774 0.000118
3.895775 0.000001
3.900776 0.000067
3.905777 -0.000138
3.910778 -0.000057
3.915779 -0.000006
3.920780 -0.000116
3.925781 0.000059
3.930782 0.000052
3.935783 0.000205
3.940784 0.000088
3.945785 -0.000057
3.950786 0.000212
3.955787 0.000161
3.960788 0.000001
3.965789 0.000118
3.970790 0.000336
3.975791 0.000205
3.980792 -0.000057
3.985793 -0.000137
3.990794 -0.000006
3.995795 0.000132
4.000796 -0.000086
4.005797 -0.000137
4.010798 -0.000072
4.015799 -0.000086
4.020800 -0.000159
4.025801 -0.000079
4.030802 0.000176
4.035803 0.000045
4.040804 -0.000013
4.045805 0.000008
4.050806 -0.000021
4.055807 -0.000006
4.060808 -0.000188
4.065809 -0.000064
4.070810 0.000220
4.075811 0.000096
4.080812 -0.000167
4.085813 -0.000174
4.090814 -0.000021
4.095815 -0.000028
4.100816 -0.000166
4.105817 -0.000123
4.110818 0.000140
4.115819 0.000132
4.120820 -0.000094
4.125821 -0.000006
4.130822 0.000118
4.135823 0.000125
4.140824 -0.000072
4.145825 -0.000254
4.150826 -0.000006
4.155827 0.000103
4.160828 -0.000123
4.165829 -0.000261
4.170830 -0.000042
4.175831 0.000096
4.180832 -0.000028
4.185833 -0.000137
4.190833 -0.000013
4.195834 0.000089
4.200835 -0.000086
4.205836 -0.000093
4.210837 0.000023
4.215838 0.000067
4.220839 -0.000123
4.225840 -0.000166
4.230841 0.000133
4.235842 -0.000006
4.240843 -0.000108
4.245844 -0.000020
4.250845 0.000016
4.255846 0.000162
4.260847 -0.000144
4.265848 -0.000188
4.270849 0.000147
4.275850 0.000133
4.280851 0.000067
4.285852 0.000082
4.290853 0.000155
4.295854 0.000052
4.300855 -0.000115
4.305856 -0.000101
4.310857 -0.000115
4.315858 -0.000050
4.320859 -0.000050
4.325860 -0.000050
4.330861 0.000104
4.335862 0.000016
4.340863 -0.000086
4.345864 -0.000050
4.350865 -0.000042
4.355866 0.000060
4.360867 -0.000020
4.365868 -0.000050
4.370869 0.000140
4.375870 0.000096
4.380871 0.000009
4.385872 0.000053
4.390873 0.000133
4.395874 0.000031
4.400875 -0.000049
4.405876 0.000067
4.410877 0.000067
4.415878 0.000053
4.420879 0.000053
4.425880 -0.000071
4.430881 0.000060
4.435882 0.000133
4.440883 -0.000181
4.445884 -0.000115
4.450885 0.000016
4.455886 0.000031
4.460887 -0.000100
4.465888 -0.000195
4.470889 0.000147
4.475890 0.000045
4.480891 -0.000057
4.485892 -0.000006
4.490893 0.000024
4.495894 0.000155
4.500895 0.000031
4.505896 0.000024
4.510897 0.000111
4.515898 0.000206
4.520899 0.000089
4.525900 0.000031
4.530901 -0.000042
4.535902 -0.000035
4.540903 -0.000057
4.545904 -0.000173
4.550905 0.000228
4.555906 0.000140
4.560907 -0.000115
4.565908 -0.000071
4.570909 0.000046
4.575910 0.000118
4.580911 -0.000108
4.585912 -0.000108
4.590913 0.000126
4.595914 0.000140
4.600915 -0.000115
4.605916 -0.000071
4.610917 0.000031
4.615918 -0.000035
4.620919 0.000046
4.625920 0.000191
4.630921 0.000133
4.635922 0.000002
4.640923 0.000009
4.645924 0.000089
4.650925 0.000221
4.655926 0.000148
4.660927 0.000002
4.665928 -0.000035
4.670929 0.000053
4.675930 0.000170
4.680931 0.000053
4.685932 0.000060
4.690933 0.000170
4.695934 0.000133
4.700935 0.000009
4.705936 -0.000064
4.710937 0.000024
4.715938 0.000068
4.720939 -0.000013
4.725940 -0.000093
4.730941 0.000031
4.735942 0.000089
4.740943 -0.000078
4.745944 -0.000064
4.750945 0.000009
4.755946 0.000068
4.760947 0.000017
4.765948 0.000009
4.770949 0.000017
4.775950 -0.000020
4.780951 0.000053
4.785952 -0.000187
4.790953 -0.000034
4.795954 -0.000253
4.800955 -0.001507
4.805956 -0.003038
4.810957 -0.004591
4.815958 -0.004773
4.820959 -0.003286
4.825960 0.000126
4.830961 0.004253
4.835962 0.006170
4.840963 0.004763
4.845964 0.000192
4.850965 -0.005356
4.855966 -0.009118
4.860967 -0.007376
4.865968 -0.000370
4.870969 0.006207
4.875970 0.009145
4.880971 0.008365
4.885972 0.004938
4.890973 -0.000246
4.895974 -0.003432
4.900975 -0.002068
4.905976 -0.001048
4.910977 -0.003906
4.915978 -0.006486
4.920979 -0.004409
4.925980 0.000024
4.930981 0.004019
4.935982 0.006535
4.940983 0.004632
4.945984 -0.000246
4.950985 -0.004044
4.955986 -0.008265
4.960987 -0.012319
4.965988 -0.014287
4.970989 -0.017138
4.975990 -0.022642
4.980991 -0.030990
4.985992 -0.038157
4.990993 -0.039170
4.995994 -0.037756
5.000995 -0.037340
5.005996 -0.031923
5.010997 -0.018078
5.015998 0.000549
5.020999 0.023741
5.026000 0.053902
5.031001 0.091573
5.036002 0.131125
5.041003 0.151276
5.046004 0.131803
5.051005 0.087366
5.056006 0.042332
5.061007 0.003990
5.066008 -0.030144
5.071009 -0.066437
5.076010 -0.090088
5.081011 -0.090351
5.086012 -0.079560
5.091013 -0.073341
5.096014 -0.081711
5.101015 -0.087894
5.106016 -0.069878
5.111017 -0.026484
5.116018 0.020876
5.121019 0.042405
5.126019 0.031607
5.131020 0.016487
5.136021 0.023179
5.141022 0.040466
5.146023 0.053436
5.151024 0.058947
5.156025 0.043098
5.161026 -0.002790
5.166027 -0.035000
5.171028 -0.034453
5.176029 -0.042239
5.181030 -0.005239
5.186031 0.097019
5.191032 0.140654
5.196033 0.102232
5.201034 0.042186
5.206035 -0.014513
5.211036 -0.032426
5.216037 -0.032689
5.221038 -0.060729
5.226039 -0.080370
5.231040 -0.046096
5.236041 0.023070
5.241042 0.072406
5.246043 0.064007
5.251044 0.008525
5.256045 -0.033060
5.261046 -0.040920
5.266047 -0.070294
5.271048 -0.124835
5.276049 -0.151876
5.281050 -0.128327
5.286051 -0.058096
5.291052 0.036303
5.296053 0.100577
5.301054 0.103041
5.306055 0.080601
5.311056 0.052539
5.316057 0.015663
5.321058 0.008190
5.326059 0.021977
5.331060 0.009532
5.336061 -0.015475
5.341062 -0.032142
5.346063 -0.024297
5.351064 0.029676
5.356065 0.082832
5.361066 0.075723
5.366067 0.030740
5.371068 -0.003956
5.376069 -0.016868
5.381070 -0.022700
5.386071 -0.020068
5.391072 0.015999
5.396073 0.059626
5.401074 0.063402
5.406075 0.022691
5.411076 -0.032266
5.416077 -0.051411
5.421078 -0.045462
5.426079 -0.054167
5.431080 -0.077351
5.436081 -0.088112
5.441082 -0.056820
5.446083 -0.012019
5.451084 0.012003
5.456085 0.011354
5.461086 0.009962
5.466087 0.049601
5.471088 0.079836
5.476089 0.029115
5.481090 -0.048589
5.486091 -0.055282
5.491092 -0.000916
5.496093 0.041589
5.501094 0.052197
5.506095 0.025455
5.511096 -0.011538
5.516097 0.002540
5.521098 0.037389
5.526099 0.039788
5.531100 0.032191
5.536101 0.038381
5.541102 0.048078
5.546103 0.043710
5.551104 0.015598
5.556105 -0.018778
5.561106 -0.038156
5.566107 -0.053736
5.571108 -0.059292
5.576109 -0.053467
5.581110 -0.066962
5.586111 -0.093747
5.591112 -0.094746
5.596113 -0.063783
5.601114 -0.039636
5.606115 -0.028183
5.611116 -0.018464
5.616117 -0.009679
5.621118 0.014526
5.626119 0.025907
5.631120 0.003845
5.636121 -0.006733
5.641122 0.002868
5.646123 0.005369
5.651124 0.008971
5.656125 0.021146
5.661126 0.029450
5.666127 0.042026
5.671128 0.070285
5.676129 0.095387
5.681130 0.098237
5.686131 0.077590
5.691132 0.055237
5.696133 0.045614
5.701134 0.027679
5.706135 -0.005516
5.711136 -0.042851
5.716137 -0.066619
5.721138 -0.072407
5.726139 -0.076782
5.731140 -0.067967
5.736141 -0.031354
5.741142 0.007374
5.746143 0.011763
5.751144 -0.013280
5.756145 -0.011319
5.761146 0.031863
5.766147 0.056389
5.771148 0.041021
5.776149 0.018296
5.781150 -0.008702
5.786151 -0.047160
5.791152 -0.067771
5.796153 -0.063571
5.801154 -0.056594
5.806155 -0.046759
5.811156 -0.040839
5.816157 -0.039862
5.821158 -0.010605
5.826159 0.043842
5.831160 0.077233
5.836161 0.071248
5.841162 0.045606
5.846163 0.044666
5.851164 0.098194
5.856165 0.141967
5.861166 0.081520
5.866167 -0.054370
5.871168 -0.134823
5.876169 -0.104938
5.881170 -0.077212
5.886171 -0.121503
5.891172 -0.184195
5.896173 -0.191646
5.901174 -0.069024
5.906175 0.108846
5.911176 0.199884
5.916177 0.201386
5.921178 0.165749
5.926179 0.117864
5.931180 0.075469
5.936181 0.055281
5.941182 0.018602
5.946183 -0.079763
5.951184 -0.171720
5.956185 -0.177990
5.961186 -0.103130
5.966187 0.002293
5.971188 0.067690
5.976189 0.084152
5.981190 0.075112
5.986191 0.043193
5.991192 -0.003467
5.996193 -0.066225
6.001194 -0.136025
6.006195 -0.165815
6.011196 -0.103407
6.016197 0.013353
6.021198 0.097159
6.026199 0.130900
6.031200 0.162680
6.036201 0.197362
6.041202 0.164539
6.046203 0.081987
6.051204 0.026432
6.056204 -0.009328
6.061205 -0.060589
6.066206 -0.117390
6.071207 -0.148893
6.076208 -0.149564
6.081209 -0.114634
6.086210 -0.062375
6.091211 -0.042931
6.096212 -0.046664
6.101213 0.003372
6.106214 0.092347
6.111215 0.107351
6.116216 0.076184
6.121217 0.084532
6.126218 0.088447
6.131219 0.055252
6.136220 0.019069
6.141221 -0.011720
6.146222 -0.058074
6.151223 -0.116661
6.156224 -0.134356
6.161225 -0.086040
6.166226 -0.026330
6.171227 0.004816
6.176228 0.018785
6.181229 0.033883
6.186230 0.064920
6.191231 0.109349
6.196232 0.141384
6.201233 0.133576
6.206234 0.081790
6.211235 0.016102
6.216236 -0.020753
6.221237 -0.020658
6.226238 -0.026614
6.231239 -0.064008
6.236240 -0.099484
6.241241 -0.111762
6.246242 -0.103356
6.251243 -0.082220
6.256244 -0.058992
6.261245 -0.022750
6.266246 0.019667
6.271247 0.038440
6.276248 0.030370
6.281249 0.017399
6.286250 0.012383
6.291251 0.008235
6.296252 -0.008533
6.301253 -0.037827
6.306254 -0.059954
6.311255 -0.049922
6.316256 0.013936
6.321257 0.112236
6.326258 0.164780
6.331259 0.106068
6.336260 -0.024062
6.341261 -0.106235
6.346262 -0.087134
6.351263 -0.033103
6.356264 -0.023326
6.361265 -0.050564
6.366266 -0.051614
6.371267 -0.025156
6.376268 -0.004691
6.381269 0.018792
6.386270 0.046008
6.391271 0.071569
6.396272 0.093667
6.401273 0.095176
6.406274 0.077234
6.411275 0.056776
6.416276 0.042370
6.421277 0.024224
6.426278 -0.008256
6.431279 -0.041720
6.436280 -0.065138
6.441281 -0.086645
6.446282 -0.105754
6.451283 -0.102138
6.456284 -0.079792
6.461285 -0.061062
6.466286 -0.014898
6.471287 0.069579
6.476288 0.128524
6.481289 0.136718
6.486290 0.113301
6.491291 0.076410
6.496292 0.051432
6.501293 0.045330
6.506294 0.040358
6.511295 0.008483
6.516296 -0.054843
6.521297 -0.119212
6.526298 -0.150438
6.531299 -0.130702
6.536300 -0.082438
6.541301 -0.034459
6.546302 -0.006929
6.551303 -0.008300
6.556304 0.006755
6.561305 0.054575
6.566306 0.091305
6.571307 0.088316
6.576308 0.037121
6.581309 -0.037812
6.586310 -0.077277
6.591311 -0.052138
6.596312 -0.009058
6.601313 -0.003976
6.606314 -0.033890
6.611315 -0.071736
6.616316 -0.069337
6.621317 0.010328
6.626318 0.108132
6.631319 0.135297
6.636320 0.088819
6.641321 0.030924
6.646322 0.013813
6.651323 0.046205
6.656324 0.096759
6.661325 0.115022
6.666326 0.074916
6.671327 0.003293
6.676328 -0.051489
6.681329 -0.068571
6.686330 -0.071772
6.691331 -0.088562
6.696332 -0.100227
6.701333 -0.074943
6.706334 -0.028465
6.711335 0.000515
6.716336 0.012530
6.721337 0.021548
6.726338 0.014323
6.731339 -0.008052
6.736340 -0.029858
6.741341 -0.038862
6.746342 -0.012462
6.751343 0.043719
6.756344 0.093274
6.761345 0.103860
6.766346 0.073968
6.771347 0.031245
6.776348 -0.011704
6.781349 -0.056031
6.786350 -0.096101
6.791351 -0.105396
6.796352 -0.076897
6.801353 -0.041880
6.806354 -0.013629
6.811355 0.007536
6.816356 0.022358
6.821357 0.029298
6.826358 0.025332
6.831359 0.013974
6.836360 0.003708
6.841361 0.011043
6.846362 0.026973
6.851363 0.030611
6.856364 0.018727
6.861365 -0.004238
6.866366 -0.017216
6.871367 -0.006695
6.876368 0.010387
6.881369 0.018151
6.886370 0.023685
6.891371 0.032973
6.896372 0.038295
6.901373 0.040745
6.906374 0.039396
6.911375 0.020426
6.916376 -0.018251
6.921377 -0.056505
6.926378 -0.067558
6.931379 -0.049871
6.936380 -0.028480
6.941381 -0.021765
6.946382 -0.022501
6.951383 -0.007534
6.956384 0.029342
6.961385 0.065752
6.966386 0.070717
6.971387 0.041066
6.976388 0.008382
6.981389 -0.001869
6.986389 0.010489
6.991390 0.024582
6.996391 0.027476
7.001392 0.025267
7.006393 0.018151
7.011394 0.002214
7.016395 -0.025082
7.021396 -0.054165
7.026397 -0.063344
7.031398 -0.055120
7.036399 -0.051234
7.041400 -0.052072
7.046401 -0.046910
7.051402 -0.032606
7.056403 -0.015466
7.061404 -0.005536
7.066405 0.000187
7.071406 0.006348
7.076407 0.015972
7.081408 0.026383
7.086409 0.026273
7.091410 0.016139
7.096411 0.002834
7.101412 -0.003247
7.106413 0.005400
7.111414 0.018655
7.116415 0.023678
7.121416 0.022256
7.126417 0.027053
7.131418 0.034541
7.136419 0.033761
7.141420 0.035919
7.146421 0.042823
7.151422 0.034570
7.156423 0.006085
7.161424 -0.023923
7.166425 -0.037527
7.171426 -0.028239
7.176427 -0.003852
7.181428 0.012173
7.186429 0.010358
7.191430 -0.004479
7.196431 -0.019701
7.201432 -0.019053
7.206433 -0.011966
7.211434 -0.010340
7.216435 -0.016413
7.221436 -0.031009
7.226437 -0.047318
7.231438 -0.055426
7.236439 -0.043885
7.241440 -0.023901
7.246441 -0.009917
7.251442 -0.001088
7.256443 0.004890
7.261444 0.009738
7.266445 0.013617
7.271446 0.021688
7.276447 0.024400
7.281448 0.027710
7.286449 0.031705
7.291450 0.029110
7.296451 0.036655
7.301452 0.037990
7.306453 0.033017
7.311454 0.029591
7.316455 0.020259
7.321456 0.009352
7.326457 -0.003990
7.331458 -0.013431
7.336459 -0.026649
7.341460 -0.041180
7.346461 -0.042222
7.351462 -0.039197
7.356463 -0.047843
7.361464 -0.057255
7.366465 -0.048281
7.371466 -0.029974
7.376467 -0.008671
7.381468 0.009709
7.386469 0.021454
7.391470 0.029029
7.396471 0.036838
7.401472 0.053745
7.406473 0.060263
7.411474 0.051230
7.416475 0.034745
7.421476 0.012465
7.426477 0.004635
7.431478 0.011109
7.436479 0.022548
7.441480 0.023080
7.446481 0.005576
7.451482 -0.012068
7.456483 -0.025796
7.461484 -0.031169
7.466485 -0.034195
7.471486 -0.037272
7.476487 -0.033225
7.481488 -0.028516
7.486489 -0.018433
7.491490 -0.005936
7.496491 0.000611
7.501492 0.002586
7.506493 -0.004216
7.511494 -0.013322
7.516495 -0.012148
7.521496 0.004978
7.526497 0.026310
7.531498 0.031968
7.536499 0.026230
7.541500 0.018969
7.546501 0.020726
7.551502 0.030152
7.556503 0.030758
7.561504 0.020908
7.566505 0.005714
7.571506 -0.009108
7.576507 -0.026933
7.581508 -0.041376
7.586509 -0.037169
7.591510 -0.023427
7.596511 -0.014590
7.601512 -0.014320
7.606513 -0.016427
7.611514 -0.013118
7.616515 -0.001277
7.621516 0.017241
7.626517 0.035803
7.631518 0.050566
7.636519 0.057463
7.641520 0.055786
7.646521 0.051733
7.651522 0.046411
7.656523 0.035621
7.661524 0.015907
7.666525 -0.008634
7.671526 -0.029769
7.676527 -0.041529
7.681528 -0.043118
7.686529 -0.039896
7.691530 -0.029069
7.696531 -0.013927
7.701532 -0.001605
7.706533 0.009061
7.711534 0.013836
7.716535 0.009163
7.721536 -0.004864
7.726537 -0.019723
7.731538 -0.030549
7.736539 -0.040530
7.741540 -0.048404
7.746541 -0.054630
7.751542 -0.058203
7.756543 -0.056949
7.761544 -0.049804
7.766545 -0.040377
7.771546 -0.028785
7.776547 -0.010558
7.781548 0.011569
7.786549 0.035169
7.791550 0.054875
7.796551 0.068961
7.801552 0.076893
7.806553 0.073299
7.811554 0.061072
7.816555 0.042350
7.821556 0.019078
7.826557 -0.002466
7.831558 -0.018541
7.836559 -0.028566
7.841560 -0.036017
7.846561 -0.041791
7.851562 -0.040676
7.856563 -0.033772
7.861564 -0.026860
7.866565 -0.019380
7.871566 -0.011725
7.876567 -0.006155
7.881568 0.004431
7.886569 0.019640
7.891570 0.026785
7.896571 0.027623
7.901572 0.023431
7.906573 0.017875
7.911574 0.017365
7.916574 0.013027
7.921575 0.002456
7.926576 -0.016580
7.931577 -0.037329
7.936578 -0.047113
7.941579 -0.047580
7.946580 -0.036695
7.951581 -0.019795
7.956582 -0.006475
7.961583 0.002653
7.966584 0.008944
7.971585 0.019815
7.976586 0.038530
7.981587 0.056552
7.986588 0.064193
7.991589 0.059133
7.996590 0.044632
8.001591 0.027601
8.006592 0.014092
8.011593 -0.000388
8.016594 -0.017411
8.021595 -0.034603
8.026596 -0.045932
8.031597 -0.040996
8.036598 -0.028938
8.041599 -0.022762
8.046600 -0.017302
8.051601 -0.008589
8.056602 -0.001867
8.061603 0.006969
8.066604 0.019363
8.071605 0.028075
8.076606 0.037385
8.081607 0.043240
8.086608 0.037765
8.091609 0.025764
8.096610 0.008602
8.101611 -0.009756
8.106612 -0.023302
8.111613 -0.029069
8.116614 -0.027341
8.121615 -0.022653
8.126616 -0.009340
8.131617 0.016454
8.136618 0.044866
8.141619 0.064419
8.146620 0.064244
8.151621 0.038807
8.156622 -0.001328
8.161623 -0.038634
8.166624 -0.058880
8.171625 -0.054105
8.176626 -0.034551
8.181627 -0.020072
8.186628 -0.015887
8.191629 -0.019744
8.196630 -0.032707
8.201631 -0.050365
8.206632 -0.068001
8.211633 -0.073177
8.216634 -0.060134
8.221635 -0.037519
8.226636 -0.009340
8.231637 0.015995
8.236638 0.035636
8.241639 0.050961
8.246640 0.062480
8.251641 0.076464
8.256642 0.092248
8.261643 0.097949
8.266644 0.089266
8.271645 0.068699
8.276646 0.036613
8.281647 0.001428
8.286648 -0.024585
8.291649 -0.038109
8.296650 -0.045728
8.301651 -0.049854
8.306652 -0.051509
8.311653 -0.048527
8.316654 -0.032947
8.321655 -0.005600
8.326656 0.021084
8.331657 0.036205
8.336658 0.040382
8.341659 0.032246
8.346660 0.015171
8.351661 -0.000358
8.356662 -0.011957
8.361663 -0.017542
8.366664 -0.016135
8.371665 -0.014378
8.376666 -0.023805
8.381667 -0.046828
8.386668 -0.070501
8.391669 -0.084725
8.396670 -0.086453
8.401671 -0.074343
8.406672 -0.049621
8.411673 -0.019226
8.416674 0.006721
8.421675 0.023658
8.426676 0.033930
8.431677 0.041388
8.436678 0.048096
8.441679 0.055583
8.446680 0.058755
8.451681 0.053739
8.456682 0.042912
8.461683 0.026122
8.466684 0.003382
8.471685 -0.022915
8.476686 -0.041849
8.481687 -0.041667
8.486688 -0.028266
8.491689 -0.012081
8.496690 0.005110
8.501691 0.014114
8.506692 0.010841
8.511693 0.004658
8.516694 -0.001539
8.521695 -0.005432
8.526696 -0.012358
8.531697 -0.023214
8.536698 -0.028223
8.541699 -0.027144
8.546700 -0.017418
8.551701 -0.003974
8.556702 0.006204
8.561703 0.013363
8.566704 0.017774
8.571705 0.027055
8.576706 0.041629
8.581707 0.052201
8.586708 0.055868
8.591709 0.054643
8.596710 0.047688
8.601711 0.038064
8.606712 0.029694
8.611713 0.021179
8.616714 0.012022
8.621715 0.000700
8.626716 -0.012176
8.631717 -0.024059
8.636718 -0.032626
8.641719 -0.035783
8.646720 -0.035039
8.651721 -0.032633
8.656722 -0.032028
8.661723 -0.033727
8.666724 -0.035119
8.671725 -0.033989
8.676726 -0.027617
8.681727 -0.017892
8.686728 -0.008217
8.691729 0.002107
8.696730 0.013575
8.701731 0.023607
8.706732 0.031678
8.711733 0.037146
8.716734 0.039333
8.721735 0.037510
8.726736 0.028703
8.731737 0.015529
8.736738 0.002588
8.741739 -0.007123
8.746740 -0.012146
8.751741 -0.011213
8.756742 -0.004046
8.761743 0.004855
8.766744 0.013517
8.771745 0.021879
8.776746 0.028448
8.781747 0.029724
8.786748 0.025459
8.791749 0.020866
8.796750 0.015842
8.801751 0.010739
8.806752 0.003937
8.811753 -0.007867
8.816754 -0.021070
8.821755 -0.032968
8.826756 -0.041185
8.831757 -0.044335
8.836758 -0.039122
8.841759 -0.027734
8.846759 -0.019255
8.851760 -0.012795
8.856761 -0.007998
8.861762 -0.009595
8.866763 -0.014683
8.871764 -0.018577
8.876765 -0.020326
8.881766 -0.021019
8.886767 -0.021106
8.891768 -0.017607
8.896769 -0.010768
8.901770 -0.002100
8.906771 0.006365
8.911772 0.013415
8.916773 0.019072
8.921774 0.020552
8.926775 0.019933
8.931776 0.019153
8.936777 0.017038
8.941778 0.013101
8.946779 0.007633
8.951780 0.001764
8.956781 -0.005745
8.961782 -0.013509
8.966783 -0.016506
8.971784 -0.013240
8.976785 -0.006459
8.981786 0.000532
8.986787 0.007342
8.991788 0.012212
8.996789 0.012474
9.001790 0.009719
9.006791 0.006219
9.011792 0.003347
9.016793 0.000751
9.021794 -0.001349
9.026795 -0.005009
9.031796 -0.010017
9.036797 -0.012963
9.041798 -0.017475
9.046799 -0.025925
9.051800 -0.036453
9.056801 -0.046536
9.061802 -0.052646
9.066803 -0.052886
9.071804 -0.049890
9.076805 -0.044546
9.081806 -0.034113
9.086807 -0.018948
9.091808 -0.001137
9.096809 0.016535
9.101810 0.032291
9.106811 0.043613
9.111812 0.051370
9.116813 0.058333
9.121814 0.059937
9.126815 0.055001
9.131816 0.045647
9.136817 0.032706
9.141818 0.020290
9.146819 0.010965
9.151820 0.005315
9.156821 0.000598
9.161822 -0.004549
9.166823 -0.008654
9.171824 -0.010812
9.176825 -0.008916
9.181826 -0.005140
9.186827 -0.000583
9.191828 0.004688
9.196829 0.006103
9.201830 0.001160
9.206831 -0.009062
9.211832 -0.022710
9.216833 -0.037634
9.221834 -0.049598
9.226835 -0.055153
9.231836 -0.054592
9.236837 -0.048716
9.241838 -0.039843
9.246839 -0.029767
9.251840 -0.016768
9.256841 0.000445
9.261842 0.021625
9.266843 0.042906
9.271844 0.060455
9.276845 0.072069
9.281846 0.074219
9.286847 0.069539
9.291848 0.064268
9.296849 0.059339
9.301850 0.054301
9.306851 0.048461
9.311852 0.039815
9.316853 0.028128
9.321854 0.011790
9.326855 -0.006685
9.331856 -0.022885
9.336857 -0.034674
9.341858 -0.040740
9.346859 -0.044093
9.351860 -0.042176
9.356861 -0.035126
9.361862 -0.027995
9.366863 -0.023366
9.371864 -0.023913
9.376865 -0.026610
9.381866 -0.028819
9.386867 -0.028243
9.391868 -0.024511
9.396869 -0.019983
9.401870 -0.015237
9.406871 -0.012204
9.411872 -0.011249
9.416873 -0.011533
9.421874 -0.010491
9.426875 -0.006291
9.431876 0.000657
9.436877 0.008640
9.441878 0.015326
9.446879 0.019110
9.451880 0.017753
9.456881 0.013503
9.461882 0.009712
9.466883 0.005862
9.471884 0.002655
9.476885 0.001561
9.481886 0.000445
9.486887 -0.002828
9.491888 -0.007509
9.496889 -0.011395
9.501890 -0.012474
9.506891 -0.011781
9.511892 -0.009812
9.516893 -0.007180
9.521894 -0.003608
9.526895 0.000781
9.531896 0.002567
9.536897 0.002108
9.541898 0.000438
9.546899 -0.000313
9.551900 -0.000655
9.556901 -0.003214
9.561902 -0.006152
9.566903 -0.008930
9.571904 -0.009178
9.576905 -0.006969
9.581906 -0.003980
9.586907 0.000176
9.591908 0.003566
9.596909 0.006110
9.601910 0.009289
9.606911 0.012723
9.611912 0.014961
9.616913 0.018789
9.621914 0.024862
9.626915 0.031941
9.631916 0.040151
9.636917 0.046909
9.641918 0.051196
9.646919 0.051232
9.651920 0.046938
9.656921 0.037737
9.661922 0.023834
9.666923 0.007066
9.671924 -0.010359
9.676925 -0.024882
9.681926 -0.039514
9.686927 -0.049510
9.691928 -0.049911
9.696929 -0.042321
9.701930 -0.030000
9.706931 -0.022447
9.711932 -0.017438
9.716933 -0.013042
9.721934 -0.010235
9.726935 -0.005226
9.731936 -0.001902
9.736937 -0.000735
9.741938 -0.000086
9.746939 -0.001676
9.751940 -0.002901
9.756941 -0.003156
9.761942 -0.002514
9.766943 0.002181
9.771944 0.008794
9.776944 0.013343
9.781945 0.015589
9.786946 0.016296
9.791947 0.014378
9.796948 0.009669
9.801949 0.004616
9.806950 0.000460
9.811951 -0.002237
9.816952 -0.003265
9.821953 -0.004249
9.826954 -0.006014
9.831955 -0.007056
9.836956 -0.005897
9.841957 -0.001982
9.846958 0.003472
9.851959 0.009355
9.856960 0.014641
9.861961 0.018315
9.866962 0.021450
9.871963 0.021880
9.876964 0.018075
9.881965 0.013482
9.886966 0.007992
9.891967 0.002320
9.896968 -0.001544
9.901969 -0.002813
9.906970 -0.000640
9.911971 0.000570
9.916972 -0.001019
9.921973 -0.005379
9.926974 -0.011306
9.931975 -0.014544
9.936976 -0.016519
9.941977 -0.017044
9.946978 -0.011671
9.951979 -0.002623
9.956980 0.006891
9.961981 0.017368
9.966982 0.025315
9.971983 0.028501
9.976984 0.026226
9.981985 0.019256
9.986986 0.011608
9.991987 0.005353
9.996988 0.001190
10.001989 -0.002324
10.006990 -0.006881
10.011991 -0.013909
10.016992 -0.020952
10.021993 -0.027287
10.026994 -0.034469
10.031995 -0.038646
10.036996 -0.040637
10.041997 -0.040542
10.046998 -0.038202
10.051999 -0.036043
10.057000 -0.032624
10.062001 -0.028374
10.067002 -0.022782
10.072003 -0.016767
10.077004 -0.011007
10.082005 -0.002995
10.087006 0.005754
10.092007 0.014167
10.097008 0.021050
10.102009 0.025402
10.107010 0.029952
10.112011 0.034326
10.117012 0.035821
10.122013 0.034501
10.127014 0.032153
10.132015 0.030491
10.137016 0.029638
10.142017 0.028975
10.147018 0.028180
10.152019 0.025934
10.157020 0.021560
10.162021 0.015757
10.167022 0.009603
10.172023 0.002641
10.177024 -0.005962
10.182025 -0.014164
10.187026 -0.019552
10.192027 -0.022526
10.197028 -0.024094
10.202029 -0.023868
10.207030 -0.022366
10.212031 -0.019792
10.217032 -0.015469
10.222033 -0.008900
10.227034 -0.001194
10.232035 0.004558
10.237036 0.007970
10.242037 0.010150
10.247038 0.011754
10.252039 0.013045
10.257040 0.012833
10.262041 0.011725
10.267042 0.011565
10.272043 0.012345
10.277044 0.011528
10.282045 0.007569
10.287046 0.002131
10.292047 -0.003767
10.297048 -0.008791
10.302049 -0.009892
10.307050 -0.006604
10.312051 -0.001332
10.317052 0.004872
10.322053 0.010581
10.327054 0.015611
10.332055 0.019905
10.337056 0.022195
10.342057 0.022005
10.347058 0.017842
10.352059 0.011616
10.357060 0.003625
10.362061 -0.005189
10.367062 -0.011605
10.372063 -0.014638
10.377064 -0.014208
10.382065 -0.012217
10.387066 -0.008105
10.392067 -0.002251
10.397068 0.004172
10.402069 0.010216
10.407070 0.013767
10.412071 0.013934
10.417072 0.011477
10.422073 0.008124
10.427074 0.004362
10.432075 0.000585
10.437076 -0.005364
10.442077 -0.012902
10.447078 -0.019479
10.452079 -0.024356
10.457080 -0.026988
10.462081 -0.028942
10.467082 -0.030269
10.472083 -0.029860
10.477084 -0.026427
10.482085 -0.020587
10.487086 -0.012997
10.492087 -0.005014
10.497088 0.000082
10.502089 0.003079
10.507090 0.005616
10.512091 0.007249
10.517092 0.007730
10.522093 0.007905
10.527094 0.008073
10.532095 0.009094
10.537096 0.010326
10.542097 0.010727
10.547098 0.010646
10.552099 0.009021
10.557100 0.005456
10.562101 0.000709
10.567102 -0.002367
10.572103 -0.003220
10.577104 -0.001937
10.582105 0.001358
10.587106 0.002612
10.592107 0.002875
10.597108 0.003560
10.602109 0.002226
10.607110 0.000534
10.612111 0.000141
10.617112 -0.000340
10.622113 -0.002426
10.627114 -0.003548
10.632115 -0.001325
10.637116 0.001008
10.642117 0.003371
10.647118 0.005908
10.652119 0.006965
10.657120 0.007060
10.662121 0.004763
10.667122 -0.000224
10.672123 -0.007558
10.677124 -0.017109
10.682125 -0.026237
10.687126 -0.032375
10.692127 -0.034708
10.697128 -0.033177
10.702129 -0.027746
10.707130 -0.019230
10.712130 -0.009009
10.717131 0.001861
10.722132 0.012440
10.727133 0.020963
10.732134 0.026744
10.737135 0.029150
10.742136 0.027422
10.747137 0.021364
10.752138 0.011813
10.757139 0.001774
10.762140 -0.006661
10.767141 -0.010759
10.772142 -0.009680
10.777143 -0.005065
10.782144 0.001023
10.787145 0.008985
10.792146 0.019519
10.797147 0.028297
10.802148 0.035245
10.807149 0.040633
10.812150 0.042624
10.817151 0.040429
10.822152 0.034983
10.827153 0.028713
10.832154 0.018914
10.837155 0.005864
10.842156 -0.006581
10.847157 -0.016496
10.852158 -0.024049
10.857159 -0.028519
10.862160 -0.029969
10.867161 -0.030290
10.872162 -0.027862
10.877163 -0.023503
10.882164 -0.016912
10.887165 -0.009709
10.892166 -0.003854
10.897167 0.001803
10.902168 0.004734
10.907169 0.005901
10.912170 0.004960
10.917171 0.001811
10.922172 -0.001456
10.927173 -0.005407
10.932174 -0.007828
10.937175 -0.008294
10.942176 -0.007448
10.947177 -0.004751
10.952178 -0.001033
10.957179 0.003189
10.962180 0.007271
10.967181 0.011114
10.972182 0.014023
10.977183 0.015102
10.982184 0.014540
10.987185 0.012907
10.992186 0.010611
10.997187 0.007505
11.002188 0.004428
11.007189 0.001257
11.012190 -0.002243
11.017191 -0.006923
11.022192 -0.012275
11.027193 -0.016547
11.032194 -0.020068
11.037195 -0.021869
11.042196 -0.022576
11.047197 -0.021913
11.052198 -0.020003
11.057199 -0.018348
11.062200 -0.016547
11.067201 -0.014579
11.072202 -0.011954
11.077203 -0.009315
11.082204 -0.005750
11.087205 -0.001703
11.092206 0.001541
11.097207 0.004406
11.102208 0.006346
11.107209 0.008066
11.112210 0.008642
11.117211 0.008329
11.122212 0.007403
11.127213 0.004545
11.132214 0.001869
11.137215 -0.000507
11.142216 -0.003037
11.147217 -0.004474
11.152218 -0.004685
11.157219 -0.003139
11.162220 -0.001083
11.167221 0.001621
11.172222 0.004538
11.177223 0.006368
11.182224 0.009758
11.187225 0.012368
11.192226 0.012499
11.197227 0.011887
11.202228 0.010057
11.207229 0.008249
11.212230 0.005770
11.217231 0.003160
11.222232 0.001490
11.227233 -0.000420
11.232234 -0.001674
11.237235 -0.000055
11.242236 0.004567
11.247237 0.009124
11.252238 0.012988
11.257239 0.015036
11.262240 0.014439
11.267241 0.011763
11.272242 0.007578
11.277243 0.004115
11.282244 -0.001754
11.287245 -0.007419
11.292246 -0.010342
11.297247 -0.014323
11.302248 -0.016984
11.307249 -0.019157
11.312250 -0.020396
11.317251 -0.019696
11.322252 -0.018253
11.327253 -0.013725
11.332254 -0.008571
11.337255 -0.004641
11.342256 -0.000697
11.347257 0.003072
11.352258 0.006689
11.357259 0.008788
11.362260 0.010852
11.367261 0.014271
11.372262 0.017333
11.377263 0.019447
11.382264 0.019987
11.387265 0.019805
11.392266 0.018587
11.397267 0.016546
11.402268 0.014898
11.407269 0.011734
11.412270 0.007476
11.417271 0.003058
11.422272 -0.001528
11.427273 -0.004823
11.432274 -0.006602
11.437275 -0.007667
11.442276 -0.007368
11.447277 -0.005982
11.452278 -0.004736
11.457279 -0.003547
11.462280 -0.002490
11.467281 -0.000893
11.472282 0.000390
11.477283 0.000958
11.482284 0.001826
11.487285 0.001009
11.492286 -0.002206
11.497287 -0.006937
11.502288 -0.012150
11.507289 -0.015621
11.512290 -0.016947
11.517291 -0.016488
11.522292 -0.013929
11.527293 -0.010539
11.532294 -0.006638
11.537295 -0.002366
11.542296 0.000062
11.547297 0.001206
11.552298 0.002949
11.557299 0.005070
11.562300 0.007724
11.567301 0.010159
11.572302 0.010167
11.577303 0.007374
11.582304 0.002788
11.587305 -0.002432
11.592306 -0.007440
11.597307 -0.012347
11.602308 -0.016575
11.607309 -0.019091
11.612310 -0.019776
11.617311 -0.019251
11.622312 -0.017509
11.627313 -0.014286
11.632314 -0.010225
11.637315 -0.005647
11.642315 -0.000842
11.647316 0.003146
11.652317 0.005515
11.657318 0.006857
11.662319 0.007382
11.667320 0.007323
11.672321 0.006835
11.677322 0.005814
11.682323 0.004808
11.687324 0.002679
11.692325 -0.000514
11.697326 -0.003897
11.702327 -0.006901
11.707328 -0.008184
11.712329 -0.007717
11.717330 -0.005370
11.722331 -0.001586
11.727332 0.003022
11.732333 0.007936
11.737334 0.011800
11.742335 0.014111
11.747336 0.015015
11.752337 0.014199
11.757338 0.011056
11.762339 0.006048
11.767340 0.001010
11.772341 -0.003715
11.777342 -0.008556
11.782343 -0.012544
11.787344 -0.015525
11.792345 -0.016466
11.797346 -0.015708
11.802347 -0.013907
11.807348 -0.010444
11.812349 -0.006871
11.817350 -0.002964
11.822351 0.000580
11.827352 0.002978
11.832353 0.005027
11.837354 0.005909
11.842355 0.006310
11.847356 0.006194
11.852357 0.006150
11.857358 0.007229
11.862359 0.008578
11.867360 0.011465
11.872361 0.015562
11.877362 0.019032
11.882363 0.020819
11.887364 0.020316
11.892365 0.018894
11.897366 0.016349
11.902367 0.012456
11.907368 0.008920
11.912369 0.005618
11.917370 0.002636
11.922371 0.001076
11.927372 0.001163
11.932373 0.002191
11.937374 0.003263
11.942375 0.003292
11.947376 0.001061
11.952377 -0.002635
11.957378 -0.006842
11.962379 -0.010845
11.967380 -0.013659
11.972381 -0.015146
11.977382 -0.015044
11.982383 -0.014089
11.987384 -0.012215
11.992385 -0.009430
11.997386 -0.007185
12.002387 -0.005413
12.007388 -0.004225
12.012389 -0.003291
12.017390 -0.002825
12.022391 -0.003415
12.027392 -0.003634
12.032393 -0.003780
12.037394 -0.004575
12.042395 -0.006033
12.047396 -0.007104
12.052397 -0.006616
12.057398 -0.005449
12.062399 -0.003262
12.067400 -0.000725
12.072401 0.001469
12.077402 0.003671
12.082403 0.005909
12.087404 0.008250
12.092405 0.010007
12.097406 0.011203
12.102407 0.011582
12.107408 0.011574
12.112409 0.011159
12.117410 0.010007
12.122411 0.008665
12.127412 0.007178
12.132413 0.005538
12.137414 0.003540
12.142415 0.001710
12.147416 -0.000003
12.152417 -0.001476
12.157418 -0.003291
12.162419 -0.005960
12.167420 -0.008737
12.172421 -0.011748
12.177422 -0.014256
12.182423 -0.015955
12.187424 -0.016735
12.192425 -0.016050
12.197426 -0.013804
12.202427 -0.010436
12.207428 -0.006579
12.212429 -0.002628
12.217430 0.000762
12.222431 0.003650
12.227432 0.006004
12.232433 0.007186
12.237434 0.007506
12.242435 0.007528
12.247436 0.007776
12.252437 0.007638
12.257438 0.006427
12.262439 0.004802
12.267440 0.002877
12.272441 0.000777
12.277442 -0.001578
12.282443 -0.003335
12.287444 -0.003473
12.292445 -0.002001
12.297446 0.000114
12.302447 0.000916
12.307448 0.000792
12.312449 -0.000309
12.317450 -0.002525
12.322451 -0.004698
12.327452 -0.006863
12.332453 -0.008817
12.337454 -0.010837
12.342455 -0.013177
12.347456 -0.015488
12.352457 -0.016509
12.357458 -0.015379
12.362459 -0.013053
12.367460 -0.009422
12.372461 -0.004698
12.377462 -0.000025
12.382463 0.003723
12.387464 0.006238
12.392465 0.008199
12.397466 0.009074
12.402467 0.009220
12.407468 0.009504
12.412469 0.009803
12.417470 0.010087
12.422471 0.009964
12.427472 0.010620
12.432473 0.011954
12.437474 0.012428
12.442475 0.012391
12.447476 0.011910
12.452477 0.010598
12.457478 0.008374
12.462479 0.005677
12.467480 0.002505
12.472481 -0.001016
12.477482 -0.004355
12.482483 -0.007862
12.487484 -0.011128
12.492485 -0.013534
12.497486 -0.015415
12.502487 -0.016676
12.507488 -0.016997
12.512489 -0.016210
12.517490 -0.014409
12.522491 -0.012061
12.527492 -0.008948
12.532493 -0.005157
12.537494 -0.001599
12.542495 0.002010
12.547496 0.005582
12.552497 0.008826
12.557498 0.012012
12.562499 0.014819
12.567500 0.017889
12.572500 0.020309
12.577501 0.020980
12.582502 0.020747
12.587503 0.019478
12.592504 0.017510
12.597505 0.014068
12.602506 0.009621
12.607507 0.005917
12.612508 0.002287
12.617509 -0.000469
12.622510 -0.002066
12.627511 -0.003568
12.632512 -0.005354
12.637513 -0.008095
12.642514 -0.011267
12.647515 -0.013527
12.652516 -0.014657
12.657517 -0.015072
12.662518 -0.014628
12.667519 -0.012251
12.672520 -0.008890
12.677521 -0.005820
12.682522 -0.003181
12.687523 -0.002044
12.692524 -0.001774
12.697525 -0.001869
12.702526 -0.002314
12.707527 -0.002722
12.712528 -0.003378
12.717529 -0.004209
12.722530 -0.004938
12.727531 -0.004894
12.732532 -0.004151
12.737533 -0.003837
12.742534 -0.004107
12.747535 -0.004246
12.752536 -0.004063
12.757537 -0.003174
12.762538 -0.001614
12.767539 0.000683
12.772540 0.003555
12.777541 0.006457
12.782542 0.009395
12.787543 0.011918
12.792544 0.014149
12.797545 0.015097
12.802546 0.015046
12.807547 0.014688
12.812548 0.012654
12.817549 0.009563
12.822550 0.005670
12.827551 0.002010
12.832552 -0.000039
12.837553 -0.002087
12.842554 -0.004194
12.847555 -0.005077
12.852556 -0.004070
12.857557 -0.001344
12.862558 0.001055
12.867559 0.002681
12.872560 0.003978
12.877561 0.004919
12.882562 0.006144
12.887563 0.007128
12.892564 0.006953
12.897565 0.005079
12.902566 0.002061
12.907567 -0.001249
12.912568 -0.004617
12.917569 -0.007891
12.922570 -0.010668
12.927571 -0.012527
12.932572 -0.013147
12.937573 -0.012236
12.942574 -0.011128
12.947575 -0.009516
12.952576 -0.006870
12.957577 -0.003859
12.962578 -0.000753
12.967579 0.001536
12.972580 0.004350
12.977581 0.006640
12.982582 0.006858
12.987583 0.006990
12.992584 0.006567
12.997585 0.005255
13.002586 0.003548
13.007587 0.002484
13.012588 0.002586
13.017589 0.001974
13.022590 0.001463
13.027591 0.001390
13.032592 0.000982
13.037593 0.000640
13.042594 0.000406
13.047595 -0.000024
13.052596 -0.000972
13.057597 -0.001715
13.062598 -0.002962
13.067599 -0.004005
13.072600 -0.003589
13.077601 -0.002444
13.082602 -0.000855
13.087603 0.000698
13.092604 0.002666
13.097605 0.005094
13.102606 0.007391
13.107607 0.009425
13.112608 0.011692
13.117609 0.013770
13.122610 0.014689
13.127611 0.014332
13.132612 0.012589
13.137613 0.010132
13.142614 0.007194
13.147615 0.003818
13.152616 -0.000352
13.157617 -0.005412
13.162618 -0.010223
13.167619 -0.014452
13.172620 -0.017616
13.177621 -0.019679
13.182622 -0.021035
13.187623 -0.021458
13.192624 -0.020831
13.197625 -0.019687
13.202626 -0.018177
13.207627 -0.015968
13.212628 -0.013956
13.217629 -0.012330
13.222630 -0.010872
13.227631 -0.009523
13.232632 -0.007817
13.237633 -0.006133
13.242634 -0.004478
13.247635 -0.002911
13.252636 -0.001263
13.257637 0.000910
13.262638 0.002864
13.267639 0.004876
13.272640 0.008054
13.277641 0.011671
13.282642 0.015061
13.287643 0.017919
13.292644 0.020223
13.297645 0.021783
13.302646 0.021498
13.307647 0.019924
13.312648 0.017715
13.317649 0.014660
13.322650 0.010599
13.327651 0.005926
13.332652 0.000808
13.337653 -0.004318
13.342654 -0.008685
13.347655 -0.012308
13.352656 -0.014896
13.357657 -0.016821
13.362658 -0.017827
13.367659 -0.016952
13.372660 -0.014342
13.377661 -0.010442
13.382662 -0.004915
13.387663 0.001814
13.392664 0.008886
13.397665 0.014988
13.402666 0.018735
13.407667 0.021017
13.412668 0.021674
13.417669 0.020813
13.422670 0.018612
13.427671 0.014937
13.432672 0.010811
13.437673 0.006669
13.442674 0.003308
13.447675 0.000334
13.452676 -0.002130
13.457677 -0.003844
13.462678 -0.005506
13.467679 -0.006789
13.472680 -0.007518
13.477681 -0.007606
13.482682 -0.007613
13.487683 -0.007671
13.492684 -0.007489
13.497685 -0.007518
13.502685 -0.008203
13.507686 -0.008531
13.512687 -0.007751
13.517688 -0.006534
13.522689 -0.004536
13.527690 -0.001802
13.532691 0.001027
13.537692 0.003243
13.542693 0.005153
13.547694 0.006794
13.552695 0.007034
13.557696 0.006094
13.562697 0.004264
13.567698 0.001799
13.572699 -0.000541
13.577700 -0.002721
13.582701 -0.005163
13.587702 -0.007569
13.592703 -0.009311
13.597704 -0.010514
13.602705 -0.011812
13.607706 -0.012388
13.612707 -0.011761
13.617708 -0.010988
13.622709 -0.009822
13.627710 -0.007460
13.632711 -0.004303
13.637712 -0.001474
13.642713 0.001107
13.647714 0.003746
13.652715 0.006035
13.657716 0.007552
13.662717 0.008471
13.667718 0.009046
13.672719 0.009083
13.677720 0.008762
13.682721 0.007902
13.687722 0.007319
13.692723 0.007005
13.697724 0.006108
13.702725 0.004978
13.707726 0.003659
13.712727 0.002427
13.717728 0.001442
13.722729 0.000888
13.727730 0.000772
13.732731 0.000465
13.737732 -0.000198
13.742733 -0.001182
13.747734 -0.002378
13.752735 -0.003348
13.757736 -0.004550
13.762737 -0.006344
13.767738 -0.007992
13.772739 -0.009442
13.777740 -0.010405
13.782741 -0.010412
13.787742 -0.009071
13.792743 -0.006205
13.797744 -0.002560
13.802745 0.000859
13.807746 0.003768
13.812747 0.006801
13.817748 0.009309
13.822749 0.010891
13.827750 0.011788
13.832751 0.011773
13.837752 0.010643
13.842753 0.008777
13.847754 0.006437
13.852755 0.003119
13.857756 -0.000191
13.862757 -0.003705
13.867758 -0.006956
13.872759 -0.009304
13.877760 -0.010937
13.882761 -0.011156
13.887762 -0.011389
13.892763 -0.011090
13.897764 -0.009544
13.902765 -0.007197
13.907766 -0.004047
13.912767 -0.000635
13.917768 0.002850
13.922769 0.005700
13.927770 0.007990
13.932771 0.009776
13.937772 0.010388
13.942773 0.010454
13.947774 0.010899
13.952775 0.011227
13.957776 0.011285
13.962777 0.010716
13.967778 0.010111
13.972779 0.010447
13.977780 0.010563
13.982781 0.010622
13.987782 0.011023
13.992783 0.011511
13.997784 0.011847
14.002785 0.011453
14.007786 0.010381
14.012787 0.008318
14.017788 0.005088
14.022789 0.001042
14.027790 -0.003121
14.032791 -0.006701
14.037792 -0.009909
14.042793 -0.012526
14.047794 -0.013911
14.052795 -0.015027
14.057796 -0.016026
14.062797 -0.015931
14.067798 -0.014786
14.072799 -0.012665
14.077800 -0.010033
14.082801 -0.007488
14.087802 -0.004506
14.092803 -0.001007
14.097804 0.001465
14.102805 0.003025
14.107806 0.004396
14.112807 0.005008
14.117808 0.005117
14.122809 0.004891
14.127810 0.004891
14.132811 0.005096
14.137812 0.004454
14.142813 0.003185
14.147814 0.002048
14.152815 0.001049
14.157816 -0.000270
14.162817 -0.001590
14.167818 -0.002756
14.172819 -0.004215
14.177820 -0.005942
14.182821 -0.007430
14.187822 -0.008516
14.192823 -0.009158
14.197824 -0.009734
14.202825 -0.010638
14.207826 -0.010900
14.212827 -0.010616
14.217828 -0.009916
14.222829 -0.009267
14.227830 -0.008968
14.232831 -0.007831
14.237832 -0.006934
14.242833 -0.006883
14.247834 -0.007123
14.252835 -0.007510
14.257836 -0.007612
14.262837 -0.007357
14.267838 -0.006518
14.272839 -0.005221
14.277840 -0.003908
14.282841 -0.002392
14.287842 -0.000591
14.292843 0.001494
14.297844 0.003361
14.302845 0.004440
14.307846 0.005541
14.312847 0.006612
14.317848 0.007596
14.322849 0.008326
14.327850 0.008792
14.332851 0.009098
14.337852 0.008180
14.342853 0.006612
14.347854 0.005110
14.352855 0.003871
14.357856 0.002989
14.362857 0.002464
14.367858 0.002420
14.372859 0.002894
14.377860 0.003871
14.382861 0.005417
14.387862 0.007852
14.392863 0.010148
14.397864 0.011767
14.402865 0.013210
14.407866 0.014362
14.412867 0.015157
14.417868 0.015718
14.422869 0.015587
14.427870 0.015048
14.432870 0.014566
14.437871 0.013349
14.442872 0.011818
14.447873 0.010323
14.452874 0.008231
14.457875 0.005913
14.462876 0.003682
14.467877 0.001545
14.472878 -0.000212
14.477879 -0.001713
14.482880 -0.002967
14.487881 -0.003733
14.492882 -0.004418
14.497883 -0.005293
14.502884 -0.006139
14.507885 -0.006759
14.512886 -0.006839
14.517887 -0.006941
14.522888 -0.007196
14.527889 -0.007094
14.532890 -0.006890
14.537891 -0.006649
14.542892 -0.006350
14.547893 -0.005840
14.552894 -0.004972
14.557895 -0.004119
14.562896 -0.003383
14.567897 -0.002800
14.572898 -0.002843
14.577899 -0.003828
14.582900 -0.005599
14.587901 -0.007721
14.592902 -0.009893
14.597903 -0.012416
14.602904 -0.014800
14.607905 -0.016411
14.612906 -0.017461
14.617907 -0.017767
14.622908 -0.017454
14.627909 -0.016200
14.632910 -0.014100
14.637911 -0.011804
14.642912 -0.009208
14.647913 -0.006314
14.652914 -0.003237
14.657915 -0.000445
14.662916 0.002034
14.667917 0.004265
14.672918 0.005891
14.677919 0.006963
14.682920 0.007663
14.687921 0.008144
14.692922 0.008414
14.697923 0.008545
14.702924 0.008734
14.707925 0.008632
14.712926 0.008085
14.717927 0.007123
14.722928 0.005825
14.727929 0.004703
14.732930 0.003485
14.737931 0.001750
14.742932 -0.000131
14.747933 -0.001575
14.752934 -0.002624
14.757935 -0.003762
14.762936 -0.004855
14.767937 -0.005614
14.772938 -0.005905
14.777939 -0.005861
14.782940 -0.005242
14.787941 -0.003951
14.792942 -0.002099
14.797943 0.000255
14.802944 0.002457
14.807945 0.004710
14.812946 0.007028
14.817947 0.008785
14.822948 0.009784
14.827949 0.010419
14.832950 0.010900
14.837951 0.010893
14.842952 0.010878
14.847953 0.010841
14.852954 0.010564
14.857955 0.010003
14.862956 0.008968
14.867957 0.007692
14.872958 0.006212
14.877959 0.004550
14.882960 0.002297
14.887961 -0.000401
14.892962 -0.002930
14.897963 -0.005460
14.902964 -0.007910
14.907965 -0.009784
14.912966 -0.010943
14.917967 -0.011322
14.922968 -0.011089
14.927969 -0.010360
14.932970 -0.009055
14.937971 -0.007436
14.942972 -0.005672
14.947973 -0.003251
14.952974 -0.000277
14.957975 0.002807
14.962976 0.005804
14.967977 0.008370
14.972978 0.010710
14.977979 0.012234
14.982980 0.012278
14.987981 0.011111
14.992982 0.009041
14.997983 0.006154
15.002984 0.002406
15.007985 -0.001552
15.012986 -0.004811
15.017987 -0.007822
15.022988 -0.010673
15.027989 -0.012197
15.032990 -0.012539
15.037991 -0.012306
15.042992 -0.011767
15.047993 -0.010374
15.052994 -0.007990
15.057995 -0.005985
15.062996 -0.004323
15.067997 -0.002894
15.072998 -0.001611
15.077999 -0.000510
15.083000 -0.000553
15.088001 -0.000823
15.093002 -0.000663
15.098003 -0.000276
15.103004 0.000540
15.108005 0.001969
15.113006 0.003879
15.118007 0.005819
15.123008 0.007437
15.128009 0.008684
15.133010 0.009508
15.138011 0.009005
15.143012 0.007532
15.148013 0.005804
15.153014 0.003828
15.158015 0.001575
15.163016 -0.001231
15.168017 -0.003805
15.173018 -0.005722
15.178019 -0.007414
15.183020 -0.008661
15.188021 -0.008799
15.193022 -0.007764
15.198023 -0.005846
15.203024 -0.004148
15.208025 -0.002813
15.213026 -0.000852
15.218027 0.000489
15.223028 0.001000
15.228029 0.001648
15.233030 0.002071
15.238031 0.002217
15.243032 0.002173
15.248033 0.002800
15.253034 0.003814
15.258035 0.004317
15.263036 0.004937
15.268037 0.005637
15.273038 0.006373
15.278039 0.006803
15.283040 0.006759
15.288041 0.006869
15.293042 0.006767
15.298043 0.006242
15.303044 0.005330
15.308045 0.004412
15.313046 0.003515
15.318047 0.001824
15.323048 -0.000648
15.328049 -0.003382
15.333050 -0.005730
15.338051 -0.007574
15.343052 -0.009054
15.348053 -0.009761
15.353054 -0.009652
15.358055 -0.008886
15.363056 -0.008004
15.368056 -0.006582
15.373057 -0.004505
15.378058 -0.002726
15.383059 -0.001034
15.388060 0.000307
15.393061 0.001124
15.398062 0.001488
15.403063 0.000920
15.408064 -0.000094
15.413065 -0.001012
15.418066 -0.001989
15.423067 -0.003017
15.428068 -0.003703
15.433069 -0.003746
15.438070 -0.003812
15.443071 -0.003943
15.448072 -0.003426
15.453073 -0.002777
15.458074 -0.002405
15.463075 -0.001894
15.468076 -0.000750
15.473077 0.000810
15.478078 0.002378
15.483079 0.003639
15.488080 0.004499
15.493081 0.005272
15.498082 0.005688
15.503083 0.005834
15.508084 0.006162
15.513085 0.006417
15.518086 0.006439
15.523087 0.006410
15.528088 0.006410
15.533089 0.006585
15.538090 0.006322
15.543091 0.005673
15.548092 0.005068
15.553093 0.004310
15.558094 0.003712
15.563095 0.003187
15.568096 0.003005
15.573097 0.003654
15.578098 0.004142
15.583099 0.004288
15.588100 0.004769
15.593101 0.005017
15.598102 0.005141
15.603103 0.005141
15.608104 0.004543
15.613105 0.003865
15.618106 0.002743
15.623107 0.000964
15.628108 -0.000611
15.633109 -0.002091
15.638110 -0.003724
15.643111 -0.005372
15.648112 -0.006691
15.653113 -0.007457
15.658114 -0.007880
15.663115 -0.007843
15.668116 -0.007421
15.673117 -0.006706
15.678118 -0.005933
15.683119 -0.005226
15.688120 -0.004264
15.693121 -0.003163
15.698122 -0.002076
15.703123 -0.001377
15.708124 -0.000502
15.713125 0.000701
15.718126 0.001168
15.723127 0.001131
15.728128 0.000905
15.733129 0.000103
15.738130 -0.001172
15.743131 -0.002594
15.748132 -0.003768
15.753133 -0.004869
15.758134 -0.005853
15.763135 -0.006640
15.768136 -0.007399
15.773137 -0.007639
15.778138 -0.007756
15.783139 -0.007625
15.788140 -0.006903
15.793141 -0.005736
15.798142 -0.004460
15.803143 -0.003702
15.808144 -0.002951
15.813145 -0.002091
15.818146 -0.001704
15.823147 -0.002244
15.828148 -0.003009
15.833149 -0.003629
15.838150 -0.003862
15.843151 -0.003542
15.848152 -0.002886
15.853153 -0.001340
15.858154 0.000126
15.863155 0.001452
15.868156 0.003158
15.873157 0.004668
15.878158 0.005491
15.883159 0.005827
15.888160 0.006016
15.893161 0.005732
15.898162 0.005229
15.903163 0.004223
15.908164 0.003436
15.913165 0.003282
15.918166 0.003210
15.923167 0.003312
15.928168 0.003399
15.933169 0.003815
15.938170 0.004361
15.943171 0.004646
15.948172 0.005025
15.953173 0.005411
15.958174 0.005528
15.963175 0.005302
15.968176 0.005419
15.973177 0.006075
15.978178 0.006410
15.983179 0.006658
15.988180 0.007103
15.993181 0.007453
15.998182 0.007489
16.003183 0.006957
16.008184 0.006243
16.013185 0.005258
16.018186 0.004012
16.023187 0.002714
16.028188 0.001285
16.033189 0.000133
16.038190 -0.000880
16.043191 -0.001945
16.048192 -0.002368
16.053193 -0.002492
16.058194 -0.003097
16.063195 -0.003629
16.068196 -0.003702
16.073197 -0.003614
16.078198 -0.003286
16.083199 -0.002659
16.088200 -0.001843
16.093201 -0.001004
16.098202 -0.000253
16.103203 0.000272
16.108204 0.000534
16.113205 0.000643
16.118206 0.000643
16.123207 0.000607
16.128208 0.000585
16.133209 0.000636
16.138210 0.000388
16.143211 -0.000100
16.148212 -0.000618
16.153213 -0.001420
16.158214 -0.002550
16.163215 -0.003906
16.168216 -0.005160
16.173217 -0.006224
16.178218 -0.007201
16.183219 -0.008091
16.188220 -0.008441
16.193221 -0.008754
16.198222 -0.009257
16.203223 -0.009359
16.208224 -0.009272
16.213225 -0.008499
16.218226 -0.007602
16.223227 -0.006858
16.228228 -0.005218
16.233229 -0.003024
16.238230 -0.000793
16.243231 0.001074
16.248232 0.002510
16.253233 0.003618
16.258234 0.004231
16.263235 0.003968
16.268236 0.003261
16.273237 0.002824
16.278238 0.001927
16.283239 0.000819
16.288240 0.000141
16.293241 -0.000443
16.298241 -0.000975
16.303242 -0.001507
16.308243 -0.001682
16.313244 -0.001113
16.318245 -0.000552
16.323246 -0.000085
16.328247 0.001234
16.333248 0.003093
16.338249 0.005149
16.343250 0.007315
16.348251 0.009254
16.353252 0.010945
16.358253 0.012141
16.363254 0.012615
16.368255 0.012054
16.373256 0.010807
16.378257 0.008919
16.383258 0.006491
16.388259 0.003983
16.393260 0.001694
16.398261 0.000155
16.403262 -0.001230
16.408263 -0.002068
16.413264 -0.001966
16.418265 -0.001456
16.423266 -0.000340
16.428267 0.000622
16.433268 0.001905
16.438269 0.003407
16.443270 0.004085
16.448271 0.004632
16.453272 0.004792
16.458273 0.004515
16.463274 0.003772
16.468275 0.002904
16.473276 0.001876
16.478277 0.000141
16.483278 -0.001376
16.488279 -0.002651
16.493280 -0.003555
16.498281 -0.004394
16.503282 -0.005677
16.508283 -0.006399
16.513284 -0.006654
16.518285 -0.006654
16.523286 -0.006370
16.528287 -0.005998
16.533288 -0.004853
16.538289 -0.003606
16.543290 -0.002848
16.548291 -0.001988
16.553292 -0.001426
16.558293 -0.001368
16.563294 -0.001696
16.568295 -0.002112
16.573296 -0.002469
16.578297 -0.003147
16.583298 -0.004211
16.588299 -0.005050
16.593300 -0.005312
16.598301 -0.005757
16.603302 -0.006275
16.608303 -0.006472
16.613304 -0.006544
16.618305 -0.006267
16.623306 -0.006063
16.628307 -0.005546
16.633308 -0.004219
16.638309 -0.002863
16.643310 -0.001463
16.648311 0.000061
16.653312 0.001315
16.658313 0.002219
16.663314 0.002846
16.668315 0.003189
16.673316 0.003283
16.678317 0.003167
16.683318 0.002591
16.688319 0.001957
16.693320 0.001453
16.698321 0.000462
16.703322 -0.000726
16.708323 -0.002119
16.713324 -0.003541
16.718325 -0.004795
16.723326 -0.006231
16.728327 -0.007025
16.733328 -0.007273
16.738329 -0.007426
16.743330 -0.006836
16.748331 -0.005349
16.753332 -0.003387
16.758333 -0.001127
16.763334 0.001235
16.768335 0.003633
16.773336 0.006222
16.778337 0.008438
16.783338 0.010217
16.788339 0.012185
16.793340 0.014190
16.798341 0.015794
16.803342 0.016961
16.808343 0.017369
16.813344 0.016873
16.818345 0.015896
16.823346 0.014351
16.828347 0.012105
16.833348 0.009838
16.838349 0.007629
16.843350 0.005004
16.848351 0.002766
16.853352 0.001366
16.858353 0.000010
16.863354 -0.001142
16.868355 -0.001761
16.873356 -0.002286
16.878357 -0.002833
16.883358 -0.003227
16.888359 -0.003416
16.893360 -0.003475
16.898361 -0.003584
16.903362 -0.004204
16.908363 -0.004678
16.913364 -0.004670
16.918365 -0.004678
16.923366 -0.004619
16.928367 -0.004670
16.933368 -0.004568
16.938369 -0.004175
16.943370 -0.003898
16.948371 -0.003322
16.953372 -0.002359
16.958373 -0.001659
16.963374 -0.001091
16.968375 -0.000937
16.973376 -0.001018
16.978377 -0.001032
16.983378 -0.001623
16.988379 -0.002396
16.993380 -0.003234
16.998381 -0.004240
17.003382 -0.005173
17.008383 -0.005990
17.013384 -0.006624
17.018385 -0.007149
17.023386 -0.007608
17.028387 -0.007849
17.033388 -0.006996
17.038389 -0.005888
17.043390 -0.004998
17.048391 -0.003161
17.053392 -0.001280
17.058393 0.000236
17.063394 0.001600
17.068395 0.002249
17.073396 0.003021
17.078397 0.003823
17.083398 0.003714
17.088399 0.003597
17.093400 0.003561
17.098401 0.003204
17.103402 0.002774
17.108403 0.002504
17.113404 0.002577
17.118405 0.002628
17.123406 0.002701
17.128407 0.002825
17.133408 0.003167
17.138409 0.003444
17.143410 0.003291
17.148411 0.003284
17.153412 0.003131
17.158413 0.002701
17.163414 0.002599
17.168415 0.002511
17.173416 0.002562
17.178417 0.002730
17.183418 0.002504
17.188419 0.002431
17.193420 0.002577
17.198421 0.002533
17.203422 0.002220
17.208423 0.001972
17.213424 0.001498
17.218425 0.000346
17.223426 -0.000923
17.228426 -0.002162
17.233427 -0.003452
17.238428 -0.004801
17.243429 -0.005997
17.248430 -0.006915
17.253431 -0.007477
17.258432 -0.007871
17.263433 -0.008315
17.268434 -0.007994
17.273435 -0.007251
17.278436 -0.006544
17.283437 -0.005472
17.288438 -0.004298
17.293439 -0.002964
17.298440 -0.001805
17.303441 -0.001003
17.308442 -0.000135
17.313443 0.001039
17.318444 0.002023
17.323445 0.002737
17.328446 0.003671
17.333447 0.004341
17.338448 0.004750
17.343449 0.005027
17.348450 0.005355
17.353451 0.005668
17.358452 0.005435
17.363453 0.004983
17.368454 0.004611
17.373455 0.004269
17.378456 0.004159
17.383457 0.003773
17.388458 0.003408
17.393459 0.003591
17.398460 0.003569
17.403461 0.003700
17.408462 0.003547
17.413463 0.003015
17.418464 0.002256
17.423465 0.000820
17.428466 -0.000361
17.433467 -0.001309
17.438468 -0.002198
17.443469 -0.002898
17.448470 -0.003182
17.453471 -0.003117
17.458472 -0.003095
17.463473 -0.003029
17.468474 -0.002781
17.473475 -0.002395
17.478476 -0.002475
17.483477 -0.002898
17.488478 -0.003540
17.493479 -0.004254
17.498480 -0.005158
17.503481 -0.006361
17.508482 -0.006988
17.513483 -0.007323
17.518484 -0.007353
17.523485 -0.007163
17.528486 -0.006682
17.533487 -0.005610
17.538488 -0.004677
17.543489 -0.003459
17.548490 -0.002191
17.553491 -0.001126
17.558492 -0.000266
17.563493 0.000186
17.568494 0.000849
17.573495 0.001542
17.578496 0.001936
17.583497 0.001994
17.588498 0.001958
17.593499 0.001972
17.598500 0.001965
17.603501 0.001943
17.608502 0.002031
17.613503 0.002534
17.618504 0.003022
17.623505 0.003307
17.628506 0.003810
17.633507 0.004349
17.638508 0.004458
17.643509 0.004283
17.648510 0.004101
17.653511 0.004043
17.658512 0.003846
17.663513 0.003328
17.668514 0.002818
17.673515 0.002461
17.678516 0.001761
17.683517 0.000835
17.688518 0.000383
17.693519 0.000172
17.698520 0.000004
17.703521 -0.000339
17.708522 -0.000601
17.713523 -0.000171
17.718524 0.000091
17.723525 0.000142
17.728526 0.000317
17.733527 0.000478
17.738528 0.000609
17.743529 0.000376
17.748530 0.000077
17.753531 -0.000258
17.758532 -0.000703
17.763533 -0.001075
17.768534 -0.001294
17.773535 -0.001133
17.778536 -0.001053
17.783537 -0.001330
17.788538 -0.001556
17.793539 -0.001636
17.798540 -0.001476
17.803541 -0.001476
17.808542 -0.001520
17.813543 -0.000966
17.818544 -0.000652
17.823545 -0.000550
17.828546 -0.000331
17.833547 0.000172
17.838548 0.000777
17.843549 0.000762
17.848550 0.000843
17.853551 0.001265
17.858552 0.001564
17.863553 0.001615
17.868554 0.001914
17.873555 0.002549
17.878556 0.002935
17.883557 0.002796
17.888558 0.002396
17.893559 0.001900
17.898560 0.001171
17.903561 0.000135
17.908562 -0.000987
17.913563 -0.001972
17.918564 -0.002985
17.923565 -0.003838
17.928566 -0.004181
17.933567 -0.004173
17.938568 -0.003853
17.943569 -0.003255
17.948570 -0.002467
17.953571 -0.001556
17.958572 -0.000674
17.963573 0.000369
17.968574 0.001280
17.973575 0.001936
17.978576 0.002563
17.983577 0.002680
17.988578 0.002673
17.993579 0.002716
17.998580 0.002403
18.003581 0.001754
18.008582 0.001105
18.013583 0.000806
18.018584 0.000230
18.023585 -0.000484
18.028586 -0.000739
18.033587 -0.000994
18.038588 -0.001395
18.043589 -0.001665
18.048590 -0.001607
18.053591 -0.001301
18.058592 -0.001096
18.063593 -0.001045
18.068594 -0.000761
18.073595 -0.000309
18.078596 0.000260
18.083597 0.000770
18.088598 0.001273
18.093599 0.002111
18.098600 0.002498
18.103601 0.002563
18.108602 0.002629
18.113603 0.002359
18.118604 0.002060
18.123605 0.001776
18.128606 0.001623
18.133607 0.001455
18.138608 0.000792
18.143609 0.000056
18.148610 -0.000324
18.153611 -0.000863
18.158611 -0.001738
18.163612 -0.002380
18.168613 -0.002737
18.173614 -0.003050
18.178615 -0.003262
18.183616 -0.003371
18.188617 -0.003225
18.193618 -0.002861
18.198619 -0.002394
18.203620 -0.002081
18.208621 -0.001614
18.213622 -0.000571
18.218623 0.000231
18.223624 0.000901
18.228625 0.001776
18.233626 0.002739
18.238627 0.003672
18.243628 0.003949
18.248629 0.004292
18.253630 0.004583
18.258631 0.004233
18.263632 0.003759
18.268633 0.003110
18.273634 0.002761
18.278635 0.002374
18.283636 0.001747
18.288637 0.001208
18.293638 0.000675
18.298639 0.000231
18.303640 -0.000666
18.308641 -0.001315
18.313642 -0.001300
18.318643 -0.001541
18.323644 -0.002029
18.328645 -0.002182
18.333646 -0.002022
18.338647 -0.002277
18.343648 -0.003028
18.348649 -0.003721
18.353650 -0.004377
18.358651 -0.005099
18.363652 -0.005937
18.368653 -0.006776
18.373654 -0.007461
18.378655 -0.008285
18.383656 -0.008839
18.388657 -0.009189
18.393658 -0.009305
18.398659 -0.008948
18.403660 -0.008729
18.408661 -0.008000
18.413662 -0.006557
18.418663 -0.005237
18.423664 -0.003903
18.428665 -0.002379
18.433666 -0.000863
18.438667 0.000493
18.443668 0.001674
18.448669 0.002914
18.453670 0.003993
18.458671 0.004700
18.463672 0.005269
18.468673 0.005721
18.473674 0.006362
18.478675 0.006836
18.483676 0.006865
18.488677 0.007019
18.493678 0.007361
18.498679 0.007230
18.503680 0.006690
18.508681 0.006523
18.513682 0.006042
18.518683 0.005422
18.523684 0.004919
18.528685 0.004343
18.533686 0.004277
18.538687 0.003964
18.543688 0.003439
18.548689 0.003038
18.553690 0.002447
18.558691 0.002010
18.563692 0.001580
18.568693 0.001186
18.573694 0.000938
18.578695 0.000523
18.583696 0.000042
18.588697 -0.000119
18.593698 -0.000090
18.598699 -0.000119
18.603700 -0.000389
18.608701 -0.000797
18.613702 -0.000731
18.618703 -0.000636
18.623704 -0.000950
18.628705 -0.001154
18.633706 -0.001161
18.638707 -0.001103
18.643708 -0.001045
18.648709 -0.001052
18.653710 -0.000855
18.658711 -0.000695
18.663712 -0.001067
18.668713 -0.001555
18.673714 -0.001803
18.678715 -0.001883
18.683716 -0.002189
18.688717 -0.002568
18.693718 -0.002547
18.698719 -0.002408
18.703720 -0.002357
18.708721 -0.002226
18.713722 -0.001861
18.718723 -0.001416
18.723724 -0.001096
18.728725 -0.000717
18.733726 -0.000090
18.738727 0.000465
18.743728 0.000705
18.748729 0.000880
18.753730 0.001150
18.758731 0.001113
18.763732 0.000953
18.768733 0.001048
18.773734 0.001223
18.778735 0.001281
18.783736 0.001179
18.788737 0.001340
18.793738 0.001697
18.798739 0.002018
18.803740 0.002083
18.808741 0.002090
18.813742 0.002309
18.818743 0.002142
18.823744 0.001748
18.828745 0.001325
18.833746 0.000880
18.838747 0.000319
18.843748 -0.000563
18.848749 -0.001409
18.853750 -0.001905
18.858751 -0.002612
18.863752 -0.003480
18.868753 -0.004012
18.873754 -0.004507
18.878755 -0.004908
18.883756 -0.005207
18.888757 -0.004945
18.893758 -0.004537
18.898759 -0.004172
18.903760 -0.003523
18.908761 -0.002998
18.913762 -0.002007
18.918763 -0.000993
18.923764 -0.000403
18.928765 0.000180
18.933766 0.000866
18.938767 0.001493
18.943768 0.001631
18.948769 0.001719
18.953770 0.002069
18.958771 0.002273
18.963772 0.002324
18.968773 0.002572
18.973774 0.003162
18.978775 0.003687
18.983776 0.003877
18.988777 0.004314
18.993778 0.004868
18.998779 0.005218
19.003780 0.005386
19.008781 0.005488
19.013782 0.005867
19.018783 0.005758
19.023784 0.005146
19.028785 0.004446
19.033786 0.003753
19.038787 0.003090
19.043788 0.002156
19.048789 0.001216
19.053790 0.000450
19.058791 -0.000140
19.063792 -0.000796
19.068793 -0.001183
19.073794 -0.001183
19.078795 -0.001482
19.083796 -0.001904
19.088796 -0.002116
19.093797 -0.002116
19.098798 -0.002254
19.103799 -0.002327
19.108800 -0.001948
19.113801 -0.001438
19.118802 -0.001139
19.123803 -0.000957
19.128804 -0.000585
19.133805 -0.000169
19.138806 0.000042
19.143807 -0.000002
19.148808 0.000035
19.153809 0.000071
19.158810 -0.000235
19.163811 -0.000957
19.168812 -0.001722
19.173813 -0.002174
19.178814 -0.002940
19.183815 -0.003909
19.188816 -0.004646
19.193817 -0.004996
19.198818 -0.005265
19.203819 -0.005469
19.208820 -0.005119
19.213821 -0.004514
19.218822 -0.003851
19.223823 -0.003326
19.228824 -0.002706
19.233825 -0.001722
19.238826 -0.000993
19.243827 -0.000461
19.248828 0.000152
19.253829 0.000866
19.258830 0.001435
19.263831 0.001449
19.268832 0.001530
19.273833 0.001573
19.278834 0.001194
19.283835 0.000655
19.288836 -0.000125
19.293837 -0.000606
19.298838 -0.001095
19.303839 -0.001846
19.308840 -0.002283
19.313841 -0.002524
19.318842 -0.002655
19.323843 -0.002757
19.328844 -0.002495
19.333845 -0.001984
19.338846 -0.001591
19.343847 -0.001131
19.348848 -0.000504
19.353849 0.000546
19.358850 0.001355
19.363851 0.001632
19.368852 0.002120
19.373853 0.002733
19.378854 0.003221
19.383855 0.003506
19.388856 0.003710
19.393857 0.004147
19.398858 0.004359
19.403859 0.004504
19.408860 0.004825
19.413861 0.005008
19.418862 0.005029
19.423863 0.004709
19.428864 0.004592
19.433865 0.004738
19.438866 0.004752
19.443867 0.004577
19.448868 0.004461
19.453869 0.004548
19.458870 0.004286
19.463871 0.003754
19.468872 0.002981
19.473873 0.002150
19.478874 0.001370
19.483875 0.000123
19.488876 -0.001102
19.493877 -0.001846
19.498878 -0.002772
19.503879 -0.003851
19.508880 -0.004704
19.513881 -0.005265
19.518882 -0.005629
19.523883 -0.006169
19.528884 -0.006315
19.533885 -0.006089
19.538886 -0.006125
19.543887 -0.006052
19.548888 -0.005731
19.553889 -0.005316
19.558890 -0.004776
19.563891 -0.004193
19.568892 -0.003508
19.573893 -0.002392
19.578894 -0.001284
19.583895 -0.000446
19.588896 0.000735
19.593897 0.001997
19.598898 0.003076
19.603899 0.003994
19.608900 0.004585
19.613901 0.005037
19.618902 0.005263
19.623903 0.005212
19.628904 0.004913
19.633905 0.004534
19.638906 0.004140
19.643907 0.003346
19.648908 0.002726
19.653909 0.002194
19.658910 0.001443
19.663911 0.000976
19.668912 0.000575
19.673913 0.000466
19.678914 0.000320
19.683915 0.000116
19.688916 0.000284
19.693917 0.000619
19.698918 0.000954
19.703919 0.000830
19.708920 0.000787
19.713921 0.001100
19.718922 0.001093
19.723923 0.000867
19.728924 0.001035
19.733925 0.001428
19.738926 0.001406
19.743927 0.001217
19.748928 0.001013
19.753929 0.000670
19.758930 0.000050
19.763931 -0.000912
19.768932 -0.001904
19.773933 -0.003158
19.778934 -0.004587
19.783935 -0.005833
19.788936 -0.006920
19.793937 -0.007751
19.798938 -0.008305
19.803939 -0.008837
19.808940 -0.009092
19.813941 -0.008844
19.818942 -0.008677
19.823943 -0.008334
19.828944 -0.007583
19.833945 -0.006467
19.838946 -0.005447
19.843947 -0.004878
19.848948 -0.004047
19.853949 -0.003369
19.858950 -0.002720
19.863951 -0.002115
19.868952 -0.001546
19.873953 -0.000467
19.878954 0.000284
19.883955 0.000874
19.888956 0.001917
19.893957 0.002981
19.898958 0.003922
19.903959 0.004651
19.908960 0.005431
19.913961 0.006437
19.918962 0.007079
19.923963 0.007582
19.928964 0.008194
19.933965 0.008581
19.938966 0.008624
19.943967 0.008376
19.948968 0.008114
19.953969 0.008041
19.958970 0.007596
19.963971 0.006641
19.968972 0.005686
19.973973 0.004615
19.978974 0.003317
19.983975 0.001888
19.988976 0.000692
19.993977 -0.000088
19.998978 -0.000846
20.003979 -0.001539
20.008980 -0.001918
20.013981 -0.001896
20.018981 -0.001765
20.023982 -0.001728
20.028983 -0.001582
20.033984 -0.001459
20.038985 -0.001531
20.043986 -0.001517
20.048987 -0.001502
20.053988 -0.001517
20.058989 -0.001356
20.063990 -0.001407
20.068991 -0.001444
20.073992 -0.001444
20.078993 -0.001750
20.083994 -0.001940
20.088995 -0.002231
20.093996 -0.002428
20.098997 -0.002443
20.103998 -0.002486
20.108999 -0.002326
20.114000 -0.002093
20.119001 -0.001786
20.124002 -0.001983
20.129003 -0.002260
20.134004 -0.002238
20.139005 -0.002187
20.144006 -0.002435
20.149007 -0.002712
20.154008 -0.002246
20.159009 -0.002042
20.164010 -0.002012
20.169011 -0.001400
20.174012 -0.000540
20.179013 0.000335
20.184014 0.001152
20.189015 0.001903
20.194016 0.002632
20.199017 0.002902
20.204018 0.002705
20.209019 0.002588
20.214020 0.002253
20.219021 0.001735
20.224022 0.001086
20.229023 0.000364
20.234024 -0.000124
20.239025 -0.000518
20.244026 -0.000999
20.249027 -0.001371
20.254028 -0.001589
20.259029 -0.001815
20.264030 -0.001998
20.269031 -0.002078
20.274032 -0.001808
20.279033 -0.001633
20.284034 -0.001597
20.289035 -0.001188
20.294036 -0.000576
20.299037 -0.000160
20.304038 0.000058
20.309039 0.000539
20.314040 0.001174
20.319041 0.001728
20.324042 0.002209
20.329043 0.002566
20.334044 0.002975
20.339045 0.003222
20.344046 0.002982
20.349047 0.002822
20.354048 0.002661
20.359049 0.002253
20.364050 0.001320
20.369051 0.000233
20.374052 -0.000372
20.379053 -0.001181
20.384054 -0.002216
20.389055 -0.003113
20.394056 -0.003448
20.399057 -0.003543
20.404058 -0.003529
20.409059 -0.003033
20.414060 -0.002289
20.419061 -0.001319
20.424062 -0.000423
20.429063 0.000219
20.434064 0.000875
20.439065 0.001633
20.444066 0.002042
20.449067 0.002370
20.454068 0.002814
20.459069 0.002997
20.464070 0.002814
20.469071 0.002501
20.474072 0.002486
20.479073 0.002107
20.484074 0.001590
20.489075 0.001473
20.494076 0.001269
20.499077 0.001123
20.504078 0.001035
20.509079 0.001101
20.514080 0.001342
20.519081 0.001364
20.524082 0.001167
20.529083 0.000955
20.534084 0.000875
20.539085 0.000912
20.544086 0.000758
20.549087 0.000467
20.554088 0.000562
20.559089 0.000547
20.564090 0.000234
20.569091 0.000270
20.574092 0.000255
20.579093 -0.000109
20.584094 -0.000721
20.589095 -0.001531
20.594096 -0.002406
20.599097 -0.003193
20.604098 -0.003878
20.609099 -0.004768
20.614100 -0.005212
20.619101 -0.005242
20.624102 -0.005307
20.629103 -0.005037
20.634104 -0.004381
20.639105 -0.003813
20.644106 -0.003514
20.649107 -0.002945
20.654108 -0.002121
20.659109 -0.001443
20.664110 -0.001042
20.669111 -0.000357
20.674112 0.000292
20.679113 0.000613
20.684114 0.000897
20.689115 0.000766
20.694116 0.000649
20.699117 0.000299
20.704118 -0.000262
20.709119 -0.000648
20.714120 -0.001057
20.719121 -0.001370
20.724122 -0.001778
20.729123 -0.001829
20.734124 -0.001552
20.739125 -0.001414
20.744126 -0.001479
20.749127 -0.001552
20.754128 -0.001319
20.759129 -0.001268
20.764130 -0.001275
20.769131 -0.001217
20.774132 -0.001042
20.779133 -0.000794
20.784134 -0.000663
20.789135 -0.000116
20.794136 0.000598
20.799137 0.001160
20.804138 0.001568
20.809139 0.001976
20.814140 0.002450
20.819141 0.002705
20.824142 0.003034
20.829143 0.003136
20.834144 0.003216
20.839145 0.003435
20.844146 0.003070
20.849147 0.003136
20.854148 0.003384
20.859149 0.003274
20.864150 0.003121
20.869151 0.003085
20.874152 0.003223
20.879153 0.002713
20.884154 0.002305
20.889155 0.002130
20.894156 0.002079
20.899157 0.002137
20.904158 0.001947
20.909159 0.002100
20.914160 0.002261
20.919161 0.002472
20.924162 0.002458
20.929163 0.002560
20.934164 0.002924
20.939165 0.002684
20.944166 0.002254
20.949167 0.001612
20.954167 0.001379
20.959168 0.001124
20.964169 0.000117
20.969170 -0.000378
20.974171 -0.000918
20.979172 -0.002041
20.984173 -0.003047
20.989174 -0.003885
20.994175 -0.004527
20.999176 -0.005343
21.004177 -0.006415
21.009178 -0.007202
21.014179 -0.007618
21.019180 -0.007844
21.024181 -0.008055
21.029182 -0.008216
21.034183 -0.008121
21.039184 -0.007866
21.044185 -0.007640
21.049186 -0.007399
21.054187 -0.006758
21.059188 -0.006058
21.064189 -0.005460
21.069190 -0.004461
21.074191 -0.003251
21.079192 -0.001931
21.084193 -0.000823
21.089194 0.000373
21.094195 0.001568
21.099196 0.002392
21.104197 0.003384
21.109198 0.004339
21.114199 0.005236
21.119200 0.005928
21.124201 0.006235
21.129202 0.006497
21.134203 0.006854
21.139204 0.006956
21.144205 0.006548
21.149206 0.006074
21.154207 0.005549
21.159208 0.004835
21.164209 0.004200
21.169210 0.003522
21.174211 0.002888
21.179212 0.002626
21.184213 0.002108
21.189214 0.001707
21.194215 0.001868
21.199216 0.001634
21.204217 0.001328
21.209218 0.001386
21.214219 0.001554
21.219220 0.001773
21.224221 0.001875
21.229222 0.002064
21.234223 0.002225
21.239224 0.001992
21.244225 0.001649
21.249226 0.001153
21.254227 0.000402
21.259228 -0.000385
21.264229 -0.001486
21.269230 -0.002434
21.274231 -0.003068
21.279232 -0.003848
21.284233 -0.004264
21.289234 -0.004373
21.294235 -0.004242
21.299236 -0.003783
21.304237 -0.003440
21.309238 -0.003039
21.314239 -0.002222
21.319240 -0.001566
21.324241 -0.001056
21.329242 -0.000429
21.334243 -0.000050
21.339244 0.000307
21.344245 0.000650
21.349246 0.000723
21.354247 0.000847
21.359248 0.000964
21.364249 0.000694
21.369250 0.000308
21.374251 0.000096
21.379252 -0.000144
21.384253 -0.000575
21.389254 -0.000808
21.394255 -0.001056
21.399256 -0.001318
21.404257 -0.001566
21.409258 -0.001989
21.414259 -0.002011
21.419260 -0.002025
21.424261 -0.002230
21.429262 -0.002259
21.434263 -0.002011
21.439264 -0.001894
21.444265 -0.001923
21.449266 -0.001748
21.454267 -0.001566
21.459268 -0.001070
21.464269 -0.000764
21.469270 -0.000677
21.474271 -0.000071
21.479272 0.000534
21.484273 0.000687
21.489274 0.001022
21.494275 0.001467
21.499276 0.001707
21.504277 0.001985
21.509278 0.001853
21.514279 0.001817
21.519280 0.001861
21.524281 0.001576
21.529282 0.001234
21.534283 0.000891
21.539284 0.000650
21.544285 0.000235
21.549286 -0.000013
21.554287 -0.000093
21.559288 -0.000239
21.564289 -0.000239
21.569290 0.000038
21.574291 0.000585
21.579292 0.000986
21.584293 0.001409
21.589294 0.001810
21.594295 0.002335
21.599296 0.003100
21.604297 0.003472
21.609298 0.003968
21.614299 0.004646
21.619300 0.005156
21.624301 0.005404
21.629302 0.005637
21.634303 0.006002
21.639304 0.006016
21.644305 0.005929
21.649306 0.005601
21.654307 0.005338
21.659308 0.005003
21.664309 0.004099
21.669310 0.003312
21.674311 0.002524
21.679312 0.001635
21.684313 0.000476
21.689314 -0.000589
21.694315 -0.001209
21.699316 -0.002244
21.704317 -0.003374
21.709318 -0.004066
21.714319 -0.004606
21.719320 -0.005073
21.724321 -0.005576
21.729322 -0.005991
21.734323 -0.006275
21.739324 -0.006545
21.744325 -0.006844
21.749326 -0.006851
21.754327 -0.006706
21.759328 -0.006647
21.764329 -0.006472
21.769330 -0.006203
21.774331 -0.005736
21.779332 -0.005576
21.784333 -0.005473
21.789334 -0.004978
21.794335 -0.004504
21.799336 -0.003950
21.804337 -0.003527
21.809338 -0.003097
21.814339 -0.002287
21.819340 -0.001391
21.824341 -0.000756
21.829342 -0.000144
21.834343 0.000483
21.839344 0.000891
21.844345 0.001088
21.849346 0.001227
21.854347 0.001963
21.859348 0.002379
21.864349 0.002102
21.869350 0.002094
21.874351 0.002255
21.879352 0.002452
21.884352 0.002430
21.889353 0.002299
21.894354 0.002510
21.899355 0.002751
21.904356 0.002641
21.909357 0.002612
21.914358 0.002926
21.919359 0.003042
21.924360 0.002831
21.929361 0.002787
21.934362 0.002998
21.939363 0.003035
21.944364 0.002627
21.949365 0.002036
21.954366 0.001803
21.959367 0.001424
21.964368 0.000549
21.969369 0.000060
21.974370 0.000082
21.979371 0.000104
21.984372 -0.000107
21.989373 -0.000042
21.994374 0.000301
21.999375 0.000505
22.004376 0.000666
22.009377 0.000644
22.014378 0.000695
22.019379 0.000585
22.024380 0.000257
22.029381 0.000097
22.034382 0.000031
22.039383 -0.000253
22.044384 -0.000603
22.049385 -0.000413
22.054386 -0.000100
22.059387 0.000163
22.064388 0.000447
22.069389 0.000746
22.074390 0.001140
22.079391 0.001541
22.084392 0.001847
22.089393 0.001752
22.094394 0.001839
22.099395 0.001905
22.104396 0.001650
22.109397 0.001402
22.114398 0.001038
22.119399 0.000826
22.124400 0.000330
22.129401 -0.000421
22.134402 -0.000698
22.139403 -0.000873
22.144404 -0.001310
22.149405 -0.001463
22.154406 -0.001397
22.159407 -0.001419
22.164408 -0.001383
22.169409 -0.001376
22.174410 -0.001048
22.179411 -0.000902
22.184412 -0.001259
22.189413 -0.001361
22.194414 -0.001208
22.199415 -0.001084
22.204416 -0.001120
22.209417 -0.001004
22.214418 -0.000807
22.219419 -0.000719
22.224420 -0.000676
22.229421 -0.000909
22.234422 -0.001069
22.239423 -0.001106
22.244424 -0.001324
22.249425 -0.001266
22.254426 -0.000836
22.259427 -0.000639
22.264428 -0.000588
22.269429 -0.000486
22.274430 -0.000253
22.279431 -0.000136
22.284432 -0.000136
22.289433 0.000090
22.294434 0.000156
22.299435 0.000214
22.304436 0.000054
22.309437 -0.000187
22.314438 -0.000012
22.319439 -0.000056
22.324440 -0.000129
22.329441 0.000090
22.334442 0.000287
22.339443 0.000520
22.344444 0.000615
22.349445 0.000739
22.354446 0.001016
22.359447 0.000863
22.364448 0.000498
22.369449 0.000294
22.374450 0.000229
22.379451 0.000003
22.384452 -0.000435
22.389453 -0.000719
22.394454 -0.000974
22.399455 -0.000901
22.404456 -0.000872
22.409457 -0.000865
22.414458 -0.000282
22.419459 0.000083
22.424460 0.000207
22.429461 0.000710
22.434462 0.001045
22.439463 0.001111
22.444464 0.001031
22.449465 0.000856
22.454466 0.000768
22.459467 0.000367
22.464468 -0.000194
22.469469 -0.000712
22.474470 -0.000989
22.479471 -0.001120
22.484472 -0.001492
22.489473 -0.001572
22.494474 -0.001419
22.499475 -0.001317
22.504476 -0.001076
22.509477 -0.000989
22.514478 -0.000806
22.519479 -0.000362
22.524480 -0.000303
22.529481 -0.000070
22.534482 0.000579
22.539483 0.000900
22.544484 0.000987
22.549485 0.001177
22.554486 0.001352
22.559487 0.001548
22.564488 0.001629
22.569489 0.001614
22.574490 0.001928
22.579491 0.002124
22.584492 0.002081
22.589493 0.002022
22.594494 0.001847
22.599495 0.001891
22.604496 0.001629
22.609497 0.001512
22.614498 0.001680
22.619499 0.001527
22.624500 0.001432
22.629501 0.000965
22.634502 0.000965
22.639503 0.000980
22.644504 0.000331
22.649505 0.000200
22.654506 -0.000070
22.659507 -0.000260
22.664508 -0.000347
22.669509 -0.000609
22.674510 -0.000529
22.679511 -0.000522
22.684512 -0.000646
22.689513 -0.000558
22.694514 -0.000150
22.699515 0.000142
22.704516 0.000134
22.709517 0.000214
22.714518 0.000317
22.719519 0.000309
22.724520 0.000251
22.729521 0.000149
22.734522 0.000236
22.739523 0.000112
22.744524 -0.000529
22.749525 -0.000821
22.754526 -0.000806
22.759527 -0.001207
22.764528 -0.001674
22.769529 -0.001900
22.774530 -0.002075
22.779531 -0.002454
22.784532 -0.002913
22.789533 -0.002899
22.794534 -0.002643
22.799535 -0.002439
22.804536 -0.002177
22.809537 -0.001820
22.814537 -0.001251
22.819538 -0.000872
22.824539 -0.000617
22.829540 -0.000201
22.834541 -0.000135
22.839542 -0.000135
22.844543 -0.000179
22.849544 -0.000339
22.854545 -0.000281
22.859546 -0.000376
22.864547 -0.000602
22.869548 -0.000726
22.874549 -0.000558
22.879550 -0.000281
22.884551 -0.000522
22.889552 -0.000791
22.894553 -0.000799
22.899554 -0.000726
22.904555 -0.000806
22.909556 -0.000901
22.914557 -0.000471
22.919558 -0.000091
22.924559 -0.000040
22.929560 0.000105
22.934561 0.000441
22.939562 0.000492
22.944563 0.000477
22.949564 0.000929
22.954565 0.001308
22.959566 0.001717
22.964567 0.002052
22.969568 0.002154
22.974569 0.002526
22.979570 0.002927
22.984571 0.003000
22.989572 0.002993
22.994573 0.003058
22.999574 0.003277
23.004575 0.003146
23.009576 0.002730
23.014577 0.002839
23.019578 0.002781
23.024579 0.002329
23.029580 0.002103
23.034581 0.002103
23.039582 0.001935
23.044583 0.001432
23.049584 0.001228
23.054585 0.001031
23.059586 0.000623
23.064587 0.000339
23.069588 0.000295
23.074589 0.000339
23.079590 0.000361
23.084591 0.000317
23.089592 0.000033
23.094593 0.000149
23.099594 0.000230
23.104595 -0.000091
23.109596 -0.000040
23.114597 0.000135
23.119598 -0.000011
23.124599 -0.000376
23.129600 -0.000616
23.134601 -0.000900
23.139602 -0.001090
23.144603 -0.001309
23.149604 -0.001564
23.154605 -0.001564
23.159606 -0.001695
23.164607 -0.002052
23.169608 -0.002417
23.174609 -0.002417
23.179610 -0.002585
23.184611 -0.003095
23.189612 -0.003321
23.194613 -0.003452
23.199614 -0.003591
23.204615 -0.003868
23.209616 -0.003824
23.214617 -0.003386
23.219618 -0.003124
23.224619 -0.002927
23.229620 -0.002840
23.234621 -0.002388
23.239622 -0.001979
23.244623 -0.001819
23.249624 -0.001411
23.254625 -0.001221
23.259626 -0.000762
23.264627 -0.000324
23.269628 -0.000113
23.274629 0.000193
23.279630 0.000288
23.284631 0.000405
23.289632 0.000441
23.294633 0.000696
23.299634 0.000806
23.304635 0.000543
23.309636 0.000922
23.314637 0.001127
23.319638 0.000828
23.324639 0.000572
23.329640 0.000266
23.334641 0.000113
23.339642 -0.000288
23.344643 -0.000944
23.349644 -0.001192
23.354645 -0.001236
23.359646 -0.001389
23.364647 -0.001491
23.369648 -0.001658
23.374649 -0.001513
23.379650 -0.001053
23.384651 -0.000958
23.389652 -0.000681
23.394653 -0.000135
23.399654 0.000419
23.404655 0.000850
23.409656 0.001207
23.414657 0.001936
23.419658 0.002424
23.424659 0.002497
23.429660 0.002687
23.434661 0.002898
23.439662 0.002876
23.444663 0.002636
23.449664 0.002548
23.454665 0.002847
23.459666 0.003088
23.464667 0.003008
23.469668 0.003124
23.474669 0.003343
23.479670 0.003307
23.484671 0.003015
23.489672 0.002621
23.494673 0.002373
23.499674 0.001987
23.504675 0.001338
23.509676 0.000886
23.514677 0.000799
23.519678 0.000616
23.524679 0.000259
23.529680 0.000143
23.534681 0.000245
23.539682 0.000216
23.544683 0.000135
23.549684 0.000179
23.554685 0.000186
23.559686 0.000237
23.564687 0.000062
23.569688 -0.000251
23.574689 -0.000229
23.579690 -0.000368
23.584691 -0.000878
23.589692 -0.001177
23.594693 -0.001221
23.599694 -0.001541
23.604695 -0.001921
23.609696 -0.002154
23.614697 -0.002190
23.619698 -0.002285
23.624699 -0.002394
23.629700 -0.002154
23.634701 -0.002037
23.639702 -0.001855
23.644703 -0.001716
23.649704 -0.001643
23.654705 -0.001213
23.659706 -0.000980
23.664707 -0.001097
23.669708 -0.000878
23.674709 -0.000601
23.679710 -0.000462
23.684711 -0.000309
23.689712 -0.000564
23.694713 -0.000579
23.699714 -0.000776
23.704715 -0.001148
23.709716 -0.000995
23.714717 -0.000929
23.719718 -0.000681
23.724719 -0.000674
23.729720 -0.000681
23.734721 -0.000316
23.739722 -0.000076
23.744722 0.000114
23.749723 0.000274
23.754724 0.000566
23.759725 0.000799
23.764726 0.000894
23.769727 0.000916
23.774728 0.001054
23.779729 0.001098
23.784730 0.000894
23.789731 0.000785
23.794732 0.000806
23.799733 0.001083
23.804734 0.001011
23.809735 0.000908
23.814736 0.001229
23.819737 0.001550
23.824738 0.001718
23.829739 0.001966
23.834740 0.002542
23.839741 0.002789
23.844742 0.002906
23.849743 0.003176
23.854744 0.003526
23.859745 0.004014
23.864746 0.004029
23.869747 0.003912
23.874748 0.004080
23.879749 0.003876
23.884750 0.003293
23.889751 0.002593
23.894752 0.001834
23.899753 0.001069
23.904754 0.000136
23.909755 -0.000892
23.914756 -0.001526
23.919757 -0.002204
23.924758 -0.003327
23.929759 -0.004166
23.934760 -0.004749
23.939761 -0.005106
23.944762 -0.005339
23.949763 -0.005835
23.954764 -0.005966
23.959765 -0.005813
23.964766 -0.005791
23.969767 -0.005602
23.974768 -0.005208
23.979769 -0.004691
23.984770 -0.004224
23.989771 -0.003932
23.994772 -0.003247
23.999773 -0.002445
24.004774 -0.002066
24.009775 -0.001687
24.014776 -0.001096
24.019777 -0.000367
24.024778 0.000129
24.029779 0.000304
24.034780 0.000799
24.039781 0.001375
24.044782 0.001514
24.049783 0.001572
24.054784 0.001696
24.059785 0.001784
24.064786 0.001616
24.069787 0.001273
24.074788 0.001281
24.079789 0.001230
24.084790 0.000850
24.089791 0.000566
24.094792 0.000471
24.099793 0.000530
24.104794 0.000260
24.109795 0.000326
24.114796 0.000741
24.119797 0.000909
24.124798 0.001412
24.129799 0.001529
24.134800 0.001828
24.139801 0.002462
24.144802 0.002644
24.149803 0.003125
24.154804 0.003563
24.159805 0.003905
24.164806 0.004073
24.169807 0.003978
24.174808 0.004190
24.179809 0.004285
24.184810 0.003986
24.189811 0.003577
24.194812 0.003380
24.199813 0.003198
24.204814 0.002783
24.209815 0.002695
24.214816 0.002411
24.219817 0.001915
24.224818 0.001696
24.229819 0.001179
24.234820 0.000960
24.239821 0.000814
24.244822 0.000421
24.249823 -0.000039
24.254824 -0.000440
24.259825 -0.000462
24.264826 -0.000870
24.269827 -0.001264
24.274828 -0.001315
24.279829 -0.001577
24.284830 -0.002000
24.289831 -0.002415
24.294832 -0.002649
24.299833 -0.002999
24.304834 -0.003407
24.309835 -0.003735
24.314836 -0.003932
24.319837 -0.003961
24.324838 -0.004151
24.329839 -0.004275
24.334840 -0.004063
24.339841 -0.003866
24.344842 -0.003626
24.349843 -0.003239
24.354844 -0.002722
24.359845 -0.002080
24.364846 -0.001818
24.369847 -0.001628
24.374848 -0.001307
24.379849 -0.000935
24.384850 -0.000841
24.389851 -0.000964
24.394852 -0.000534
24.399853 -0.000272
24.404854 -0.000367
24.409855 -0.000607
24.414856 -0.000425
24.419857 -0.000068
24.424858 -0.000396
24.429859 -0.000272
24.434860 0.000056
24.439861 0.000333
24.444862 0.000326
24.449863 0.000100
24.454864 0.000661
24.459865 0.001019
24.464866 0.000975
24.469867 0.001048
24.474868 0.001143
24.479869 0.001113
24.484870 0.000866
24.489871 0.000632
24.494872 0.000727
24.499873 0.000778
24.504874 0.000618
24.509875 0.000596
24.514876 0.000559
24.519877 0.000742
24.524878 0.000691
24.529879 0.000465
24.534880 0.000647
24.539881 0.000858
24.544882 0.000880
24.549883 0.000829
24.554884 0.001099
24.559885 0.001383
24.564886 0.001391
24.569887 0.001332
24.574888 0.001507
24.579889 0.001923
24.584890 0.001894
24.589891 0.001981
24.594892 0.002543
24.599893 0.002849
24.604894 0.003031
24.609895 0.003286
24.614896 0.003658
24.619897 0.003986
24.624898 0.003935
24.629899 0.003884
24.634900 0.003921
24.639901 0.003884
24.644902 0.003592
24.649903 0.003089
24.654904 0.002791
24.659905 0.002397
24.664906 0.001784
24.669907 0.000997
24.674907 0.000326
24.679908 0.000020
24.684909 -0.000512
24.689910 -0.000884
24.694911 -0.001081
24.699912 -0.001285
24.704913 -0.001358
24.709914 -0.001504
24.714915 -0.001489
24.719916 -0.001504
24.724917 -0.001474
24.729918 -0.001540
24.734919 -0.001708
24.739920 -0.001744
24.744921 -0.001912
24.749922 -0.001890
24.754923 -0.001853
24.759924 -0.001846
24.764925 -0.001934
24.769926 -0.001956
24.774927 -0.001846
24.779928 -0.001985
24.784929 -0.002094
24.789930 -0.002145
24.794931 -0.002123
24.799932 -0.002240
24.804933 -0.002466
24.809934 -0.002685
24.814935 -0.002838
24.819936 -0.003034
24.824937 -0.003246
24.829938 -0.003239
24.834939 -0.003078
24.839940 -0.002889
24.844941 -0.003078
24.849942 -0.002779
24.854943 -0.002240
24.859944 -0.001948
24.864945 -0.001613
24.869946 -0.001416
24.874947 -0.000920
24.879948 -0.000614
24.884949 -0.000373
24.889950 -0.000111
24.894951 0.000297
24.899952 0.000800
24.904953 0.000596
24.909954 0.000793
24.914955 0.000990
24.919956 0.000976
24.924957 0.001121
24.929958 0.000866
24.934959 0.001099
24.939960 0.001078
24.944961 0.000822
24.949962 0.000830
24.954963 0.000465
24.959964 0.000451
24.964965 0.000319
24.969966 -0.000009
24.974967 0.000086
24.979968 0.000093
24.984969 -0.000176
24.989970 -0.000373
24.994971 -0.000089
24.999972 0.000021
25.004973 -0.000154
25.009974 0.000006
25.014975 0.000042
25.019976 0.000050
25.024977 0.000188
25.029978 0.000145
25.034979 0.000217
25.039980 0.000597
25.044981 0.000684
25.049982 0.000604
25.054983 0.001005
25.059984 0.001151
25.064985 0.000968
25.069986 0.001027
25.074987 0.001209
25.079988 0.001639
25.084989 0.001734
25.089990 0.001792
25.094991 0.002478
25.099992 0.002879
25.104993 0.002973
25.109994 0.003199
25.114995 0.003535
25.119996 0.003950
25.124997 0.003943
25.129998 0.003936
25.134999 0.004322
25.140000 0.004337
