0.000000 0.000000
0.005001 0.000058
0.010002 -0.000178
0.015002 0.000058
0.020003 0.000058
0.025004 0.000058
0.030005 0.000058
0.035005 0.000058
0.040006 0.000058
0.045007 0.000058
0.050008 0.000058
0.055008 0.000058
0.060009 0.000058
0.065010 0.000058
0.070011 0.000058
0.075012 0.000058
0.080012 0.000058
0.085013 0.000058
0.090014 0.000058
0.095015 0.000058
0.100015 0.000058
0.105016 0.000058
0.110017 0.000058
0.115018 0.000058
0.120018 0.000058
0.125019 0.000058
0.130020 0.000058
0.135021 0.000058
0.140022 0.000058
0.145022 0.000058
0.150023 -0.000178
0.155024 0.000058
0.160025 -0.000178
0.165025 0.000058
0.170026 0.000058
0.175027 0.000058
0.180028 0.000058
0.185028 0.000058
0.190029 0.000058
0.195030 0.000058
0.200031 0.000058
0.205032 0.000058
0.210032 0.000058
0.215033 0.000058
0.220034 0.000058
0.225035 0.000058
0.230035 0.000058
0.235036 0.000058
0.240037 0.000058
0.245038 0.000058
0.250039 0.000058
0.255039 0.000058
0.260040 0.000058
0.265041 0.000058
0.270042 0.000058
0.275042 0.000058
0.280043 0.000058
0.285044 0.000058
0.290045 0.000058
0.295045 0.000058
0.300046 0.000058
0.305047 0.000058
0.310048 0.000058
0.315049 0.000058
0.320049 0.000058
0.325050 0.000058
0.330051 0.000058
0.335052 0.000058
0.340052 0.000058
0.345053 0.000058
0.350054 0.000058
0.355055 -0.000178
0.360055 -0.000178
0.365056 0.000058
0.370057 0.000058
0.375058 0.000058
0.380059 -0.000178
0.385059 -0.000178
0.390060 0.000058
0.395061 0.000058
0.400062 0.000058
0.405062 0.000058
0.410063 0.000058
0.415064 0.000058
0.420065 0.000058
0.425065 0.000058
0.430066 0.000058
0.435067 0.000058
0.440068 0.000058
0.445069 0.000058
0.450069 0.000058
0.455070 0.000058
0.460071 0.000058
0.465072 0.000058
0.470072 0.000058
0.475073 0.000058
0.480074 0.000058
0.485075 0.000058
0.490075 0.000058
0.495076 0.000058
0.500077 0.000058
0.505078 0.000058
0.510079 0.000058
0.515079 0.000058
0.520080 0.000058
0.525081 0.000058
0.530082 0.000058
0.535082 0.000058
0.540083 0.000058
0.545084 0.000058
0.550085 0.000058
0.555085 0.000058
0.560086 -0.000178
0.565087 0.000058
0.570088 0.000058
0.575089 0.000058
0.580089 -0.000178
0.585090 0.000058
0.590091 0.000058
0.595092 0.000058
0.600092 0.000058
0.605093 0.000058
0.610094 0.000058
0.615095 0.000058
0.620096 0.000058
0.625096 0.000058
0.630097 0.000058
0.635098 0.000058
0.640099 0.000058
0.645099 0.000058
0.650100 0.000058
0.655101 0.000058
0.660102 0.000058
0.665102 0.000058
0.670103 0.000058
0.675104 0.000058
0.680105 0.000058
0.685106 0.000058
0.690106 0.000058
0.695107 0.000058
0.700108 0.000058
0.705109 0.000058
0.710109 0.000058
0.715110 0.000058
0.720111 0.000058
0.725112 0.000058
0.730112 0.000058
0.735113 0.000058
0.740114 0.000058
0.745115 0.000058
0.750116 0.000058
0.755116 0.000058
0.760117 0.000058
0.765118 0.000058
0.770119 0.000058
0.775119 -0.000178
0.780120 0.000058
0.785121 0.000058
0.790122 0.000058
0.795122 0.000058
0.800123 0.000058
0.805124 0.000058
0.810125 0.000058
0.815126 0.000058
0.820126 0.000058
0.825127 0.000058
0.830128 0.000058
0.835129 0.000058
0.840129 0.000058
0.845130 0.000058
0.850131 0.000058
0.855132 0.000058
0.860132 0.000058
0.865133 0.000058
0.870134 0.000058
0.875135 0.000058
0.880136 0.000058
0.885136 0.000058
0.890137 0.000058
0.895138 0.000058
0.900139 0.000058
0.905139 0.000058
0.910140 0.000058
0.915141 0.000058
0.920142 0.000058
0.925142 0.000058
0.930143 0.000058
0.935144 0.000058
0.940145 -0.000178
0.945146 -0.000178
0.950146 -0.000178
0.955147 0.000058
0.960148 -0.000178
0.965149 -0.000178
0.970149 0.000058
0.975150 0.000058
0.980151 0.000058
0.985152 0.000058
0.990152 0.000058
0.995153 0.000058
1.000154 0.000058
1.005155 -0.000178
1.010156 0.000058
1.015156 0.000058
1.020157 0.000058
1.025158 0.000058
1.030159 0.000058
1.035159 0.000058
1.040160 0.000058
1.045161 0.000058
1.050162 0.000058
1.055163 0.000058
1.060163 0.000058
1.065164 0.000058
1.070165 0.000058
1.075166 0.000058
1.080166 0.000058
1.085167 0.000058
1.090168 0.000058
1.095169 0.000058
1.100169 0.000058
1.105170 0.000058
1.110171 0.000058
1.115172 0.000058
1.120173 0.000058
1.125173 0.000058
1.130174 0.000058
1.135175 0.000058
1.140176 0.000058
1.145176 0.000058
1.150177 -0.000178
1.155178 -0.000178
1.160179 -0.000178
1.165179 0.000058
1.170180 -0.000178
1.175181 0.000058
1.180182 -0.000178
1.185183 -0.000178
1.190183 0.000058
1.195184 0.000058
1.200185 0.000058
1.205186 0.000058
1.210186 0.000058
1.215187 0.000058
1.220188 0.000058
1.225189 0.000058
1.230189 0.000058
1.235190 0.000058
1.240191 0.000058
1.245192 0.000058
1.250193 0.000058
1.255193 0.000058
1.260194 0.000058
1.265195 0.000058
1.270196 0.000058
1.275196 0.000058
1.280197 0.000058
1.285198 0.000058
1.290199 0.000058
1.295199 0.000058
1.300200 0.000058
1.305201 0.000058
1.310202 0.000058
1.315203 0.000058
1.320203 0.000058
1.325204 0.000058
1.330205 0.000058
1.335206 0.000058
1.340206 0.000058
1.345207 0.000058
1.350208 -0.000178
1.355209 -0.000178
1.360209 0.000058
1.365210 0.000058
1.370211 0.000058
1.375212 0.000058
1.380213 0.000058
1.385213 0.000058
1.390214 0.000058
1.395215 0.000058
1.400216 0.000058
1.405216 0.000058
1.410217 0.000058
1.415218 0.000058
1.420219 0.000058
1.425220 0.000058
1.430220 0.000058
1.435221 0.000058
1.440222 0.000058
1.445223 0.000058
1.450223 0.000058
1.455224 0.000058
1.460225 0.000058
1.465226 0.000058
1.470226 0.000058
1.475227 0.000058
1.480228 0.000058
1.485229 0.000058
1.490230 0.000058
1.495230 0.000058
1.500231 0.000058
1.505232 0.000058
1.510233 0.000058
1.515233 0.000058
1.520234 0.000058
1.525235 0.000058
1.530236 0.000058
1.535236 0.000058
1.540237 -0.000178
1.545238 -0.000178
1.550239 -0.000178
1.555240 0.000058
1.560240 0.000058
1.565241 -0.000178
1.570242 -0.000178
1.575243 0.000058
1.580243 -0.000178
1.585244 -0.000178
1.590245 0.000058
1.595246 0.000058
1.600246 0.000058
1.605247 0.000058
1.610248 0.000058
1.615249 0.000058
1.620250 0.000058
1.625250 0.000058
1.630251 0.000058
1.635252 0.000058
1.640253 0.000058
1.645253 0.000058
1.650254 0.000058
1.655255 0.000058
1.660256 0.000058
1.665256 0.000058
1.670257 0.000058
1.675258 0.000058
1.680259 0.000058
1.685260 0.000058
1.690260 0.000058
1.695261 0.000058
1.700262 0.000058
1.705263 0.000058
1.710263 0.000058
1.715264 0.000058
1.720265 0.000058
1.725266 0.000058
1.730266 0.000058
1.735267 0.000058
1.740268 0.000058
1.745269 -0.000178
1.750270 0.000058
1.755270 0.000058
1.760271 -0.000178
1.765272 -0.000178
1.770273 0.000058
1.775273 0.000058
1.780274 -0.000178
1.785275 -0.000178
1.790276 -0.000178
1.795276 -0.000178
1.800277 0.000058
1.805278 0.000058
1.810279 0.000058
1.815280 0.000058
1.820280 0.000058
1.825281 0.000058
1.830282 0.000058
1.835283 0.000058
1.840283 0.000058
1.845284 0.000058
1.850285 0.000058
1.855286 0.000058
1.860287 0.000058
1.865287 0.000058
1.870288 0.000058
1.875289 0.000058
1.880290 0.000058
1.885290 0.000058
1.890291 0.000058
1.895292 0.000058
1.900293 0.000058
1.905293 0.000058
1.910294 0.000058
1.915295 0.000058
1.920296 -0.000178
1.925297 -0.000178
1.930297 -0.000178
1.935298 -0.000178
1.940299 -0.000178
1.945300 -0.000178
1.950300 -0.000178
1.955301 -0.000178
1.960302 0.000058
1.965303 -0.000178
1.970303 -0.000178
1.975304 -0.000178
1.980305 0.000058
1.985306 -0.000178
1.990307 0.000058
1.995307 0.000058
2.000308 0.000058
2.005309 0.000058
2.010310 0.000058
2.015310 0.000058
2.020311 0.000058
2.025312 0.000058
2.030313 0.000058
2.035313 0.000058
2.040314 0.000058
2.045315 0.000058
2.050316 0.000058
2.055317 0.000058
2.060317 0.000058
2.065318 0.000058
2.070319 0.000058
2.075320 0.000058
2.080320 0.000058
2.085321 0.000058
2.090322 0.000058
2.095323 0.000058
2.100323 0.000058
2.105324 -0.000178
2.110325 0.000058
2.115326 0.000058
2.120327 0.000058
2.125327 -0.000178
2.130328 0.000058
2.135329 -0.000178
2.140330 -0.000178
2.145330 0.000058
2.150331 0.000058
2.155332 0.000058
2.160333 -0.000178
2.165333 0.000058
2.170334 -0.000178
2.175335 0.000058
2.180336 0.000058
2.185337 0.000058
2.190337 0.000058
2.195338 0.000058
2.200339 0.000058
2.205340 0.000058
2.210340 0.000058
2.215341 0.000058
2.220342 0.000058
2.225343 0.000058
2.230343 0.000058
2.235344 0.000058
2.240345 0.000058
2.245346 0.000059
2.250347 0.000059
2.255347 0.000059
2.260348 0.000059
2.265349 0.000059
2.270350 0.000059
2.275350 0.000059
2.280351 0.000059
2.285352 0.000059
2.290353 0.000059
2.295354 0.000059
2.300354 0.000059
2.305355 0.000059
2.310356 0.000059
2.315357 -0.000178
2.320357 -0.000178
2.325358 -0.000178
2.330359 -0.000178
2.335360 -0.000178
2.340360 -0.000178
2.345361 -0.000178
2.350362 -0.000178
2.355363 0.000059
2.360364 0.000059
2.365364 -0.000178
2.370365 -0.000178
2.375366 0.000059
2.380367 0.000059
2.385367 0.000059
2.390368 0.000059
2.395369 0.000059
2.400370 0.000059
2.405370 0.000059
2.410371 0.000059
2.415372 0.000059
2.420373 0.000059
2.425374 0.000059
2.430374 0.000059
2.435375 0.000059
2.440376 0.000059
2.445377 0.000059
2.450377 0.000059
2.455378 0.000059
2.460379 0.000059
2.465380 0.000059
2.470380 0.000059
2.475381 0.000059
2.480382 0.000059
2.485383 0.000059
2.490384 0.000059
2.495384 0.000059
2.500385 0.000059
2.505386 0.000059
2.510387 0.000059
2.515387 -0.000178
2.520388 -0.000178
2.525389 -0.000178
2.530390 -0.000178
2.535390 0.000059
2.540391 0.000059
2.545392 -0.000178
2.550393 -0.000178
2.555394 0.000059
2.560394 -0.000178
2.565395 0.000059
2.570396 -0.000178
2.575397 0.000059
2.580397 0.000059
2.585398 0.000059
2.590399 0.000059
2.595400 0.000059
2.600400 0.000059
2.605401 0.000059
2.610402 0.000059
2.615403 0.000059
2.620404 0.000059
2.625404 0.000059
2.630405 0.000059
2.635406 0.000059
2.640407 0.000059
2.645407 0.000059
2.650408 0.000059
2.655409 0.000059
2.660410 0.000059
2.665411 0.000059
2.670411 0.000059
2.675412 0.000059
2.680413 0.000059
2.685414 0.000059
2.690414 0.000059
2.695415 0.000059
2.700416 0.000059
2.705417 -0.000178
2.710417 0.000059
2.715418 -0.000178
2.720419 -0.000178
2.725420 -0.000178
2.730421 0.000059
2.735421 0.000059
2.740422 0.000059
2.745423 -0.000178
2.750424 -0.000178
2.755424 0.000059
2.760425 0.000059
2.765426 0.000059
2.770427 0.000059
2.775427 0.000059
2.780428 0.000059
2.785429 0.000059
2.790430 0.000059
2.795431 0.000059
2.800431 0.000059
2.805432 0.000059
2.810433 0.000059
2.815434 0.000059
2.820434 0.000059
2.825435 0.000059
2.830436 0.000059
2.835437 0.000059
2.840437 0.000059
2.845438 0.000059
2.850439 0.000059
2.855440 0.000059
2.860441 0.000059
2.865441 0.000059
2.870442 0.000059
2.875443 0.000059
2.880444 0.000059
2.885444 0.000059
2.890445 0.000059
2.895446 0.000059
2.900447 0.000059
2.905447 -0.000178
2.910448 -0.000178
2.915449 -0.000178
2.920450 -0.000178
2.925451 -0.000178
2.930451 0.000059
2.935452 -0.000178
2.940453 -0.000178
2.945454 0.000059
2.950454 0.000059
2.955455 -0.000178
2.960456 0.000059
2.965457 0.000059
2.970457 0.000059
2.975458 0.000059
2.980459 0.000059
2.985460 0.000059
2.990461 0.000059
2.995461 0.000059
3.000462 0.000059
3.005463 0.000059
3.010464 0.000059
3.015464 0.000059
3.020465 0.000059
3.025466 0.000059
3.030467 0.000059
3.035467 0.000059
3.040468 0.000059
3.045469 0.000059
3.050470 0.000059
3.055471 0.000059
3.060471 0.000059
3.065472 0.000059
3.070473 0.000059
3.075474 0.000059
3.080474 0.000059
3.085475 0.000059
3.090476 0.000059
3.095477 0.000059
3.100478 0.000059
3.105478 0.000059
3.110479 0.000059
3.115480 0.000059
3.120481 -0.000178
3.125481 0.000059
3.130482 0.000059
3.135483 0.000059
3.140484 0.000059
3.145484 0.000059
3.150485 0.000059
3.155486 0.000059
3.160487 0.000059
3.165488 0.000059
3.170488 0.000059
3.175489 0.000059
3.180490 0.000059
3.185491 0.000059
3.190491 0.000059
3.195492 0.000059
3.200493 0.000059
3.205494 0.000059
3.210494 0.000059
3.215495 0.000059
3.220496 0.000059
3.225497 0.000059
3.230498 0.000059
3.235498 0.000059
3.240499 0.000059
3.245500 0.000059
3.250501 0.000059
3.255501 0.000059
3.260502 0.000059
3.265503 0.000059
3.270504 0.000059
3.275504 0.000059
3.280505 0.000059
3.285506 0.000059
3.290507 0.000059
3.295508 0.000059
3.300508 0.000059
3.305509 0.000059
3.310510 -0.000178
3.315511 0.000059
3.320511 -0.000178
3.325512 0.000059
3.330513 0.000059
3.335514 0.000059
3.340514 0.000059
3.345515 0.000059
3.350516 0.000059
3.355517 0.000059
3.360518 0.000059
3.365518 0.000059
3.370519 0.000059
3.375520 0.000059
3.380521 0.000059
3.385521 0.000059
3.390522 0.000059
3.395523 0.000059
3.400524 0.000059
3.405524 0.000059
3.410525 0.000059
3.415526 0.000059
3.420527 0.000059
3.425528 0.000059
3.430528 0.000059
3.435529 0.000059
3.440530 0.000059
3.445531 0.000059
3.450531 0.000059
3.455532 0.000059
3.460533 0.000059
3.465534 0.000059
3.470535 0.000059
3.475535 0.000059
3.480536 0.000059
3.485537 0.000059
3.490538 0.000059
3.495538 0.000059
3.500539 0.000059
3.505540 0.000059
3.510541 -0.000178
3.515541 0.000059
3.520542 -0.000178
3.525543 0.000059
3.530544 0.000059
3.535545 0.000059
3.540545 -0.000178
3.545546 0.000059
3.550547 0.000059
3.555548 0.000059
3.560548 0.000059
3.565549 0.000059
3.570550 0.000059
3.575551 0.000059
3.580551 0.000059
3.585552 0.000059
3.590553 0.000059
3.595554 0.000059
3.600555 0.000059
3.605555 0.000059
3.610556 0.000059
3.615557 0.000059
3.620558 0.000059
3.625558 0.000059
3.630559 0.000059
3.635560 0.000059
3.640561 0.000059
3.645561 0.000059
3.650562 0.000059
3.655563 0.000059
3.660564 0.000059
3.665565 0.000059
3.670565 0.000059
3.675566 0.000059
3.680567 0.000059
3.685568 -0.000178
3.690568 0.000059
3.695569 0.000059
3.700570 0.000059
3.705571 -0.000178
3.710571 -0.000178
3.715572 -0.000178
3.720573 -0.000178
3.725574 0.000059
3.730575 0.000059
3.735575 0.000059
3.740576 0.000059
3.745577 0.000059
3.750578 0.000059
3.755578 0.000059
3.760579 0.000059
3.765580 0.000059
3.770581 0.000059
3.775581 0.000059
3.780582 0.000059
3.785583 0.000059
3.790584 0.000059
3.795585 0.000059
3.800585 0.000059
3.805586 0.000059
3.810587 0.000059
3.815588 0.000059
3.820588 0.000059
3.825589 0.000059
3.830590 0.000059
3.835591 0.000059
3.840591 0.000059
3.845592 0.000059
3.850593 0.000059
3.855594 0.000059
3.860595 0.000059
3.865595 0.000059
3.870596 0.000059
3.875597 0.000059
3.880598 0.000059
3.885598 0.000059
3.890599 0.000059
3.895600 -0.000177
3.900601 -0.000177
3.905602 -0.000177
3.910602 -0.000177
3.915603 -0.000177
3.920604 -0.000177
3.925605 -0.000177
3.930605 -0.000177
3.935606 -0.000177
3.940607 -0.000177
3.945608 0.000059
3.950608 -0.000177
3.955609 0.000059
3.960610 0.000059
3.965611 0.000059
3.970612 0.000059
3.975612 0.000059
3.980613 0.000059
3.985614 0.000059
3.990615 0.000059
3.995615 0.000059
4.000616 0.000059
4.005617 0.000059
4.010618 0.000059
4.015618 0.000059
4.020619 0.000059
4.025620 0.000059
4.030621 0.000059
4.035622 0.000059
4.040622 0.000059
4.045623 0.000059
4.050624 0.000059
4.055625 0.000059
4.060625 0.000059
4.065626 0.000059
4.070627 0.000059
4.075628 0.000059
4.080628 -0.000177
4.085629 0.000059
4.090630 0.000059
4.095631 -0.000177
4.100632 -0.000177
4.105632 -0.000177
4.110633 -0.000177
4.115634 0.000059
4.120635 0.000059
4.125635 0.000059
4.130636 0.000059
4.135637 -0.000177
4.140638 0.000059
4.145638 -0.000177
4.150639 0.000059
4.155640 0.000059
4.160641 0.000059
4.165642 0.000059
4.170642 0.000059
4.175643 0.000059
4.180644 0.000059
4.185645 0.000059
4.190645 0.000059
4.195646 0.000059
4.200647 0.000059
4.205648 0.000059
4.210648 0.000059
4.215649 0.000059
4.220650 0.000059
4.225651 0.000059
4.230652 0.000059
4.235652 0.000059
4.240653 0.000059
4.245654 -0.000177
4.250655 0.000059
4.255655 0.000059
4.260656 0.000059
4.265657 0.000059
4.270658 0.000059
4.275659 -0.000177
4.280659 0.000059
4.285660 -0.000177
4.290661 -0.000177
4.295662 -0.000177
4.300662 -0.000177
4.305663 -0.000177
4.310664 0.000059
4.315665 0.000059
4.320665 0.000059
4.325666 -0.000177
4.330667 0.000059
4.335668 0.000059
4.340669 -0.000177
4.345669 0.000059
4.350670 0.000059
4.355671 0.000059
4.360672 0.000059
4.365672 0.000059
4.370673 0.000059
4.375674 0.000059
4.380675 0.000059
4.385675 0.000059
4.390676 0.000059
4.395677 0.000059
4.400678 0.000059
4.405679 0.000059
4.410679 0.000059
4.415680 0.000059
4.420681 0.000059
4.425682 0.000059
4.430682 0.000059
4.435683 0.000059
4.440684 0.000059
4.445685 0.000059
4.450685 0.000059
4.455686 0.000059
4.460687 0.000059
4.465688 0.000059
4.470689 0.000059
4.475689 0.000059
4.480690 0.000059
4.485691 0.000059
4.490692 0.000059
4.495692 0.000059
4.500693 -0.000177
4.505694 -0.000177
4.510695 0.000059
4.515695 0.000059
4.520696 -0.000177
4.525697 -0.000177
4.530698 -0.000177
4.535699 -0.000177
4.540699 -0.000177
4.545700 0.000059
4.550701 0.000059
4.555702 0.000059
4.560702 0.000059
4.565703 0.000059
4.570704 0.000059
4.575705 0.000059
4.580705 0.000059
4.585706 0.000059
4.590707 0.000059
4.595708 0.000059
4.600709 0.000059
4.605709 0.000059
4.610710 0.000059
4.615711 0.000059
4.620712 0.000059
4.625712 0.000059
4.630713 0.000059
4.635714 0.000059
4.640715 0.000059
4.645715 0.000059
4.650716 0.000059
4.655717 0.000059
4.660718 0.000059
4.665719 -0.000177
4.670719 0.000059
4.675720 0.000059
4.680721 0.000059
4.685722 0.000059
4.690722 -0.000177
4.695723 -0.000177
4.700724 -0.000177
4.705725 -0.000177
4.710726 0.000059
4.715726 0.000059
4.720727 -0.000177
4.725728 0.000059
4.730729 0.000059
4.735729 0.000059
4.740730 0.000059
4.745731 0.000059
4.750732 0.000059
4.755732 0.000059
4.760733 0.000059
4.765734 0.000059
4.770735 0.000059
4.775736 0.000059
4.780736 0.000059
4.785737 0.000059
4.790738 0.000059
4.795739 0.000059
4.800739 0.000059
4.805740 0.000059
4.810741 0.000059
4.815742 0.000059
4.820742 0.000059
4.825743 0.000059
4.830744 0.000059
4.835745 0.000059
4.840746 0.000059
4.845746 0.000059
4.850747 0.000059
4.855748 0.000059
4.860749 0.000059
4.865749 0.000059
4.870750 0.000059
4.875751 0.000059
4.880752 0.000059
4.885752 0.000059
4.890753 0.000059
4.895754 -0.000177
4.900755 -0.000177
4.905756 0.000059
4.910756 0.000059
4.915757 0.000059
4.920758 0.000059
4.925759 0.001241
4.930759 0.002896
4.935760 0.002896
4.940761 0.001241
4.945762 -0.001123
4.950762 -0.005851
4.955763 -0.012469
4.960764 -0.012706
4.965765 -0.005141
4.970766 0.006442
4.975766 0.015424
4.980767 0.017079
4.985768 0.011642
4.990769 0.006205
4.995769 0.006914
5.000770 0.006442
5.005771 -0.001123
5.010772 -0.012469
5.015772 -0.017434
5.020773 -0.005614
5.025774 0.020861
5.030775 0.046155
5.035776 0.049465
5.040776 0.026771
5.045777 0.007151
5.050778 0.002896
5.055779 -0.001832
5.060779 -0.021216
5.065780 -0.057147
5.070781 -0.092606
5.075782 -0.101116
5.080783 -0.061402
5.085783 0.002659
5.090784 0.044264
5.095785 0.049937
5.100786 0.046155
5.105786 0.060102
5.110787 0.094379
5.115788 0.130546
5.120789 0.131019
5.125789 0.075231
5.130790 -0.022398
5.135791 -0.114826
5.140792 -0.160922
5.145793 -0.144375
5.150793 -0.099934
5.155794 -0.070858
5.160795 -0.065184
5.165796 -0.038472
5.170796 0.014715
5.175797 0.071213
5.180798 0.095324
5.185799 0.062466
5.190799 -0.017906
5.195800 -0.101352
5.200801 -0.124755
5.205802 -0.061639
5.210803 0.046155
5.215803 0.124400
5.220804 0.125582
5.225805 0.075468
5.230806 0.026062
5.235806 -0.005614
5.240807 -0.016015
5.245808 -0.012233
5.250809 -0.004905
5.255809 -0.018616
5.260810 -0.053838
5.265811 -0.087641
5.270812 -0.097333
5.275813 -0.070858
5.280813 -0.021216
5.285814 0.026298
5.290815 0.065776
5.295816 0.083978
5.300816 0.070976
5.305817 0.042373
5.310818 0.013770
5.315819 -0.015542
5.320819 -0.037054
5.325820 -0.041309
5.330821 -0.038472
5.335822 -0.034690
5.340823 -0.013179
5.345823 0.014243
5.350824 0.029135
5.355825 0.021807
5.360826 0.003841
5.365826 -0.003959
5.370827 0.020625
5.375828 0.071922
5.380829 0.125819
5.385829 0.146621
5.390830 0.111399
5.395831 0.043555
5.400832 -0.008451
5.405833 -0.029489
5.410833 -0.058329
5.415834 -0.129955
5.420835 -0.211273
5.425836 -0.230421
5.430836 -0.155485
5.435837 -0.023343
5.440838 0.082796
5.445839 0.096033
5.450839 0.017079
5.455840 -0.080786
5.460841 -0.098515
5.465842 -0.013651
5.470843 0.109744
5.475843 0.190589
5.480844 0.197917
5.485845 0.152767
5.490846 0.092251
5.495846 0.040246
5.500847 0.014243
5.505848 0.005260
5.510849 -0.007505
5.515850 -0.034217
5.520850 -0.068967
5.525851 -0.095442
5.530852 -0.103479
5.535853 -0.087878
5.540853 -0.049819
5.545854 0.004787
5.550855 0.049701
5.555856 0.062703
5.560856 0.048992
5.565857 0.025353
5.570858 -0.004432
5.575859 -0.029962
5.580860 -0.026653
5.585860 0.015661
5.590861 0.065776
5.595862 0.074995
5.600863 0.027953
5.605863 -0.048637
5.610864 -0.103243
5.615865 -0.089296
5.620866 -0.016252
5.625866 0.055138
5.630867 0.073813
5.635868 0.041664
5.640869 -0.010342
5.645870 -0.044382
5.650870 -0.044618
5.655871 -0.033272
5.660872 -0.046273
5.665873 -0.073694
5.670873 -0.076295
5.675874 -0.047219
5.680875 -0.014597
5.685876 0.009042
5.690876 0.040009
5.695877 0.103598
5.700878 0.186098
5.705879 0.260797
5.710880 0.266943
5.715880 0.180188
5.720881 0.028190
5.725882 -0.113881
5.730883 -0.184325
5.735883 -0.178888
5.740884 -0.128064
5.745885 -0.068494
5.750886 -0.041309
5.755886 -0.038709
5.760887 -0.034217
5.765888 -0.030435
5.770889 -0.028071
5.775890 -0.011524
5.780890 0.021571
5.785891 0.024171
5.790892 -0.028780
5.795893 -0.087168
5.800893 -0.107498
5.805894 -0.069203
5.810895 0.001241
5.815896 0.061048
5.820896 0.075231
5.825897 0.032681
5.830898 -0.022634
5.835899 -0.031380
5.840900 0.016134
5.845900 0.062939
5.850901 0.065067
5.855902 0.033154
5.860903 -0.008451
5.865903 -0.041309
5.870904 -0.053601
5.875905 -0.042018
5.880906 -0.007032
5.885907 0.037173
5.890907 0.070267
5.895908 0.071449
5.900909 0.039536
5.905910 -0.015070
5.910910 -0.076058
5.915911 -0.110571
5.920912 -0.109389
5.925913 -0.089060
5.930913 -0.067075
5.935914 -0.041545
5.940915 0.006678
5.945916 0.054193
5.950917 0.067667
5.955917 0.050410
5.960918 0.041191
5.965919 0.066721
5.970920 0.108090
5.975920 0.122982
5.980921 0.082087
5.985922 0.003605
5.990923 -0.060220
5.995923 -0.069439
6.000924 -0.039654
6.005925 -0.010105
6.010926 0.004078
6.015927 0.016134
6.020927 0.035281
6.025928 0.050410
6.030929 0.044501
6.035930 0.006678
6.040930 -0.057620
6.045931 -0.111989
6.050932 -0.125227
6.055933 -0.104898
6.060933 -0.067784
6.065934 -0.025943
6.070935 0.007151
6.075936 0.023935
6.080937 0.033627
6.085937 0.042137
6.090938 0.052774
6.095939 0.074995
6.100940 0.104071
6.105940 0.118491
6.110941 0.103598
6.115942 0.064830
6.120943 0.019680
6.125943 -0.014124
6.130944 -0.027598
6.135945 -0.030198
6.140946 -0.034926
6.145947 -0.040836
6.150947 -0.043673
6.155948 -0.040600
6.160949 -0.029726
6.165950 -0.015542
6.170950 -0.008214
6.175951 -0.002777
6.180952 0.012825
6.185953 0.036227
6.190953 0.061521
6.195954 0.084451
6.200955 0.092961
6.205956 0.079014
6.210957 0.048047
6.215957 0.006442
6.220958 -0.046509
6.225959 -0.105843
6.230960 -0.157849
6.235960 -0.185743
6.240961 -0.177469
6.245962 -0.141302
6.250963 -0.092842
6.255963 -0.042491
6.260964 0.004314
6.265965 0.044737
6.270966 0.078304
6.275967 0.101943
6.280967 0.113290
6.285968 0.107853
6.290969 0.085396
6.295970 0.054666
6.300970 0.026299
6.305971 0.005496
6.310972 -0.008451
6.315973 -0.014833
6.320974 -0.013178
6.325974 -0.014360
6.330975 -0.023816
6.335976 -0.029489
6.340977 -0.021452
6.345977 -0.001595
6.350978 0.015898
6.355979 0.017080
6.360980 -0.006796
6.365980 -0.048637
6.370981 -0.078186
6.375982 -0.069912
6.380983 -0.027834
6.385984 0.014243
6.390984 0.027717
6.395985 0.011406
6.400986 -0.013887
6.405987 -0.026416
6.410987 -0.015069
6.415988 0.012352
6.420989 0.031499
6.425990 0.025826
6.430990 0.005024
6.435991 -0.008687
6.440992 -0.004195
6.445993 0.014479
6.450994 0.033154
6.455994 0.044264
6.460995 0.051120
6.465996 0.055611
6.470997 0.053484
6.475997 0.041664
6.480998 0.016370
6.485999 -0.019088
6.491000 -0.050055
6.496000 -0.062820
6.501001 -0.058565
6.506002 -0.046036
6.511003 -0.031380
6.516004 -0.017670
6.521004 -0.006323
6.526005 0.000532
6.531006 0.003605
6.536007 0.011170
6.541007 0.030317
6.546008 0.053484
6.551009 0.062466
6.556010 0.049229
6.561010 0.021098
6.566011 -0.007978
6.571012 -0.026652
6.576013 -0.031144
6.581014 -0.029726
6.586014 -0.031617
6.591015 -0.035399
6.596016 -0.030435
6.601017 -0.007269
6.606017 0.027954
6.611018 0.060812
6.616019 0.076413
6.621020 0.068140
6.626020 0.038118
6.631021 -0.000177
6.636022 -0.027362
6.641023 -0.032799
6.646024 -0.020979
6.651024 -0.003723
6.656025 0.008097
6.661026 0.012115
6.666027 0.011406
6.671027 0.009752
6.676028 0.006206
6.681029 -0.001122
6.686030 -0.011051
6.691030 -0.018142
6.696031 -0.016724
6.701032 -0.008450
6.706033 -0.000413
6.711034 -0.001595
6.716034 -0.011051
6.721035 -0.022634
6.726036 -0.031380
6.731037 -0.036344
6.736037 -0.037526
6.741038 -0.034453
6.746039 -0.025470
6.751040 -0.009396
6.756041 0.011879
6.761041 0.033863
6.766042 0.053484
6.771043 0.063412
6.776044 0.056793
6.781044 0.036464
6.786045 0.011170
6.791046 -0.010342
6.796047 -0.021452
6.801047 -0.022634
6.806048 -0.019797
6.811049 -0.017433
6.816050 -0.017197
6.821051 -0.017197
6.826051 -0.015306
6.831052 -0.011287
6.836053 -0.008450
6.841054 -0.007978
6.846054 -0.012469
6.851055 -0.022634
6.856056 -0.033980
6.861057 -0.038945
6.866057 -0.029725
6.871058 -0.005614
6.876059 0.021335
6.881060 0.036464
6.886061 0.037646
6.891061 0.031736
6.896062 0.024644
6.901063 0.021807
6.906064 0.024171
6.911064 0.024644
6.916065 0.017316
6.921066 0.002187
6.926067 -0.016015
6.931067 -0.030198
6.936068 -0.032089
6.941069 -0.018379
6.946070 0.006442
6.951071 0.029608
6.956071 0.038828
6.961072 0.029845
6.966073 0.007624
6.971074 -0.017670
6.976074 -0.035162
6.981075 -0.038708
6.986076 -0.029016
6.991077 -0.014597
6.996077 -0.003486
7.001078 0.003369
7.006079 0.011643
7.011080 0.026772
7.016081 0.045919
7.021081 0.061285
7.026082 0.063176
7.031083 0.046865
7.036084 0.019444
7.041084 -0.005141
7.046085 -0.015069
7.051086 -0.009396
7.056087 0.003133
7.061087 0.010224
7.066088 0.003606
7.071089 -0.014833
7.076090 -0.035635
7.081091 -0.051473
7.086091 -0.060692
7.091092 -0.068730
7.096093 -0.078894
7.101094 -0.089768
7.106094 -0.097097
7.111095 -0.094733
7.116096 -0.080786
7.121097 -0.059038
7.126098 -0.032798
7.131098 -0.003723
7.136099 0.025353
7.141100 0.050411
7.146101 0.070977
7.151101 0.085396
7.156102 0.090124
7.161103 0.085869
7.166104 0.077123
7.171104 0.068376
7.176105 0.061994
7.181106 0.058212
7.186107 0.055848
7.191108 0.055139
7.196108 0.056557
7.201109 0.059157
7.206110 0.059394
7.211111 0.051120
7.216111 0.032209
7.221112 0.005969
7.226113 -0.020743
7.231114 -0.041781
7.236114 -0.054546
7.241115 -0.059511
7.246116 -0.058329
7.251117 -0.058801
7.256118 -0.064002
7.261118 -0.068257
7.266119 -0.065420
7.271120 -0.053837
7.276121 -0.036344
7.281121 -0.022634
7.286122 -0.018379
7.291123 -0.021215
7.296124 -0.022397
7.301124 -0.014124
7.306125 0.004315
7.311126 0.027245
7.316127 0.045919
7.321128 0.056320
7.326128 0.061285
7.331129 0.063649
7.336130 0.062230
7.341131 0.052538
7.346131 0.033863
7.351132 0.011643
7.356133 -0.008214
7.361134 -0.020743
7.366134 -0.022870
7.371135 -0.017906
7.376136 -0.012233
7.381137 -0.010105
7.386138 -0.012233
7.391138 -0.014596
7.396139 -0.013414
7.401140 -0.008450
7.406141 -0.003013
7.411141 -0.001831
7.416142 -0.009632
7.421143 -0.024525
7.426144 -0.037999
7.431144 -0.042963
7.436145 -0.041308
7.441146 -0.035635
7.446147 -0.030907
7.451148 -0.030671
7.456148 -0.031616
7.461149 -0.027834
7.466150 -0.019797
7.471151 -0.011760
7.476151 -0.008450
7.481152 -0.011760
7.486153 -0.018379
7.491154 -0.021215
7.496154 -0.017197
7.501155 -0.006323
7.506156 0.007388
7.511157 0.018498
7.516158 0.024172
7.521158 0.027717
7.526159 0.031736
7.531160 0.036937
7.536161 0.041428
7.541161 0.042374
7.546162 0.038119
7.551163 0.030790
7.556164 0.027481
7.561165 0.033627
7.566165 0.048047
7.571166 0.060103
7.576167 0.058921
7.581168 0.044028
7.586168 0.022990
7.591169 0.003606
7.596170 -0.012232
7.601171 -0.026179
7.606171 -0.041072
7.611172 -0.057147
7.616173 -0.070621
7.621174 -0.074403
7.626175 -0.064238
7.631175 -0.045327
7.636176 -0.026179
7.641177 -0.011523
7.646178 -0.001595
7.651178 0.007624
7.656179 0.018262
7.661180 0.027717
7.666181 0.032209
7.671181 0.028190
7.676182 0.018025
7.681183 0.009043
7.686184 0.007388
7.691185 0.014480
7.696185 0.024881
7.701186 0.030790
7.706187 0.028663
7.711188 0.018262
7.716188 0.004078
7.721189 -0.008687
7.726190 -0.018615
7.731191 -0.026652
7.736191 -0.033035
7.741192 -0.037999
7.746193 -0.041781
7.751194 -0.043436
7.756195 -0.041308
7.761195 -0.034453
7.766196 -0.024052
7.771197 -0.012705
7.776198 -0.002304
7.781198 0.005970
7.786199 0.011643
7.791200 0.014952
7.796201 0.018262
7.801201 0.021099
7.806202 0.022280
7.811203 0.021571
7.816204 0.020389
7.821205 0.019444
7.826205 0.020862
7.831206 0.025590
7.836207 0.030791
7.841208 0.034809
7.846208 0.037409
7.851209 0.040246
7.856210 0.043083
7.861211 0.043556
7.866211 0.040010
7.871212 0.031500
7.876213 0.018498
7.881214 0.003842
7.886215 -0.009632
7.891215 -0.020979
7.896216 -0.031144
7.901217 -0.041781
7.906218 -0.053128
7.911218 -0.062820
7.916219 -0.067784
7.921220 -0.067311
7.926221 -0.063293
7.931222 -0.056674
7.936222 -0.048164
7.941223 -0.037290
7.946224 -0.024052
7.951225 -0.008450
7.956225 0.007152
7.961226 0.020862
7.966227 0.031973
7.971228 0.041192
7.976228 0.048283
7.981229 0.052302
7.986230 0.051829
7.991231 0.045210
7.996232 0.033627
8.001232 0.021099
8.006233 0.013061
8.011234 0.013771
8.016235 0.022281
8.021235 0.032445
8.026236 0.038828
8.031237 0.039064
8.036238 0.035282
8.041238 0.029609
8.046239 0.022281
8.051240 0.011879
8.056241 -0.002540
8.061242 -0.020506
8.066242 -0.037290
8.071243 -0.048873
8.076244 -0.053601
8.081245 -0.052655
8.086245 -0.048636
8.091246 -0.043909
8.096247 -0.040835
8.101248 -0.041545
8.106248 -0.045800
8.111249 -0.051709
8.116250 -0.055728
8.121251 -0.055019
8.126252 -0.048873
8.131252 -0.038472
8.136253 -0.025707
8.141254 -0.011287
8.146255 0.004788
8.151255 0.021099
8.156256 0.034573
8.161257 0.043319
8.166258 0.048756
8.171258 0.053011
8.176259 0.057975
8.181260 0.064122
8.186261 0.069559
8.191262 0.071686
8.196262 0.068849
8.201263 0.062703
8.206264 0.055139
8.211265 0.046392
8.216265 0.033864
8.221266 0.016607
8.226267 -0.004195
8.231268 -0.026179
8.236268 -0.044618
8.241269 -0.056201
8.246270 -0.059747
8.251271 -0.056437
8.256272 -0.048400
8.261272 -0.039181
8.266273 -0.031616
8.271274 -0.026416
8.276275 -0.023579
8.281275 -0.022161
8.286276 -0.020979
8.291277 -0.019324
8.296278 -0.016487
8.301278 -0.014123
8.306279 -0.012941
8.311280 -0.013651
8.316281 -0.015305
8.321282 -0.016251
8.326282 -0.014360
8.331283 -0.010105
8.336284 -0.004431
8.341285 0.001951
8.346285 0.008806
8.351286 0.015898
8.356287 0.023463
8.361288 0.030318
8.366289 0.035046
8.371289 0.037410
8.376290 0.038119
8.381291 0.038119
8.386292 0.037410
8.391292 0.034809
8.396293 0.029136
8.401294 0.021099
8.406295 0.013061
8.411295 0.006443
8.416296 0.001478
8.421297 -0.002540
8.426298 -0.005613
8.431299 -0.007032
8.436299 -0.006086
8.441300 -0.002304
8.446301 0.001715
8.451302 0.003369
8.456302 0.002424
8.461303 -0.000176
8.466304 -0.002777
8.471305 -0.004904
8.476305 -0.007977
8.481306 -0.012941
8.486307 -0.020742
8.491308 -0.028307
8.496309 -0.033507
8.501309 -0.034926
8.506310 -0.033744
8.511311 -0.032325
8.516312 -0.031143
8.521312 -0.029489
8.526313 -0.025706
8.531314 -0.019324
8.536315 -0.011287
8.541315 -0.002777
8.546316 0.004079
8.551317 0.009988
8.556318 0.015898
8.561319 0.022044
8.566319 0.026536
8.571320 0.027954
8.576321 0.025827
8.581322 0.020626
8.586322 0.015189
8.591323 0.013298
8.596324 0.015189
8.601325 0.020862
8.606325 0.027718
8.611326 0.033627
8.616327 0.035519
8.621328 0.033627
8.626329 0.028900
8.631329 0.022990
8.636330 0.016844
8.641331 0.010698
8.646332 0.004551
8.651332 -0.001122
8.656333 -0.006559
8.661334 -0.011050
8.666335 -0.013887
8.671335 -0.014123
8.676336 -0.013178
8.681337 -0.012941
8.686338 -0.014123
8.691339 -0.017196
8.696339 -0.020979
8.701340 -0.022633
8.706341 -0.020742
8.711342 -0.015542
8.716342 -0.007504
8.721343 0.000296
8.726344 0.005497
8.731345 0.007152
8.736346 0.005733
8.741346 0.002424
8.746347 -0.000885
8.751348 -0.003013
8.756349 -0.003722
8.761349 -0.003013
8.766350 -0.003013
8.771351 -0.003722
8.776352 -0.005850
8.781352 -0.008686
8.786353 -0.011050
8.791354 -0.011996
8.796355 -0.012232
8.801356 -0.012469
8.806356 -0.012232
8.811357 -0.011759
8.816358 -0.010341
8.821359 -0.007741
8.826359 -0.003959
8.831360 0.000769
8.836361 0.005970
8.841362 0.010698
8.846362 0.014007
8.851363 0.015425
8.856364 0.015425
8.861365 0.014480
8.866366 0.013771
8.871366 0.013771
8.876367 0.013771
8.881368 0.013298
8.886369 0.011880
8.891369 0.009043
8.896370 0.004552
8.901371 -0.000885
8.906372 -0.006086
8.911372 -0.010814
8.916373 -0.015305
8.921374 -0.018615
8.926375 -0.021215
8.931376 -0.022161
8.936376 -0.020269
8.941377 -0.016487
8.946378 -0.011287
8.951379 -0.006559
8.956379 -0.002777
8.961380 -0.000176
8.966381 0.001715
8.971382 0.003370
8.976382 0.005497
8.981383 0.008807
8.986384 0.013771
8.991385 0.020862
8.996386 0.028900
9.001386 0.035755
9.006387 0.039064
9.011388 0.038119
9.016389 0.033627
9.021389 0.027245
9.026390 0.021099
9.031391 0.015898
9.036392 0.012352
9.041392 0.010225
9.046393 0.009279
9.051394 0.009989
9.056395 0.013298
9.061396 0.017789
9.066396 0.021808
9.071397 0.023463
9.076398 0.021808
9.081399 0.017317
9.086399 0.010934
9.091400 0.003842
9.096401 -0.003486
9.101402 -0.010814
9.106402 -0.018615
9.111403 -0.025706
9.116404 -0.030907
9.121405 -0.033980
9.126406 -0.035162
9.131406 -0.034689
9.136407 -0.033507
9.141408 -0.031380
9.146409 -0.029016
9.151409 -0.026415
9.156410 -0.023579
9.161411 -0.021215
9.166412 -0.018615
9.171413 -0.016251
9.176413 -0.013650
9.181414 -0.011523
9.186415 -0.010577
9.191416 -0.011996
9.196416 -0.014832
9.201417 -0.017669
9.206418 -0.019560
9.211419 -0.019797
9.216419 -0.017905
9.221420 -0.014360
9.226421 -0.010341
9.231422 -0.006086
9.236423 -0.001831
9.241423 0.002188
9.246424 0.005970
9.251425 0.009516
9.256426 0.012589
9.261426 0.015189
9.266427 0.017317
9.271428 0.018735
9.276429 0.019444
9.281429 0.018971
9.286430 0.017080
9.291431 0.013298
9.296432 0.007861
9.301433 0.001479
9.306433 -0.004195
9.311434 -0.008213
9.316435 -0.009632
9.321436 -0.009159
9.326436 -0.008213
9.331437 -0.007741
9.336438 -0.008686
9.341439 -0.010341
9.346439 -0.012232
9.351440 -0.014123
9.356441 -0.014832
9.361442 -0.013887
9.366443 -0.010814
9.371443 -0.005613
9.376444 0.001479
9.381445 0.009043
9.386446 0.015426
9.391446 0.019917
9.396447 0.021572
9.401448 0.021808
9.406449 0.022044
9.411449 0.022990
9.416450 0.024881
9.421451 0.026536
9.426452 0.027009
9.431453 0.025827
9.436453 0.023699
9.441454 0.021335
9.446455 0.020390
9.451456 0.021099
9.456456 0.022517
9.461457 0.023699
9.466458 0.023226
9.471459 0.021572
9.476459 0.018735
9.481460 0.015898
9.486461 0.013062
9.491462 0.009752
9.496463 0.005261
9.501463 -0.000885
9.506464 -0.007504
9.511465 -0.013414
9.516466 -0.016723
9.521466 -0.016960
9.526467 -0.015069
9.531468 -0.012232
9.536469 -0.010104
9.541470 -0.009159
9.546470 -0.008923
9.551471 -0.009159
9.556472 -0.009868
9.561473 -0.011523
9.566473 -0.014359
9.571474 -0.018615
9.576475 -0.023106
9.581476 -0.026652
9.586476 -0.028306
9.591477 -0.028306
9.596478 -0.027597
9.601479 -0.026652
9.606480 -0.025470
9.611480 -0.023815
9.616481 -0.021451
9.621482 -0.018378
9.626483 -0.014832
9.631483 -0.010814
9.636484 -0.007504
9.641485 -0.005377
9.646486 -0.004904
9.651486 -0.005140
9.656487 -0.005613
9.661488 -0.005613
9.666489 -0.004195
9.671490 -0.001358
9.676490 0.002424
9.681491 0.006206
9.686492 0.009752
9.691493 0.012353
9.696493 0.014007
9.701494 0.014244
9.706495 0.014007
9.711496 0.012589
9.716496 0.010934
9.721497 0.009989
9.726498 0.010225
9.731499 0.011171
9.736500 0.012353
9.741500 0.012589
9.746501 0.010698
9.751502 0.006916
9.756503 0.002424
9.761503 -0.001831
9.766504 -0.005140
9.771505 -0.007504
9.776506 -0.008922
9.781506 -0.010341
9.786507 -0.011523
9.791508 -0.011996
9.796509 -0.011050
9.801510 -0.008450
9.806510 -0.005377
9.811511 -0.001831
9.816512 0.000770
9.821513 0.001951
9.826513 0.001951
9.831514 0.001715
9.836515 0.001715
9.841516 0.002188
9.846516 0.003133
9.851517 0.004079
9.856518 0.004788
9.861519 0.005261
9.866520 0.005970
9.871520 0.007388
9.876521 0.009516
9.881522 0.012116
9.886523 0.014244
9.891523 0.014953
9.896524 0.014717
9.901525 0.013771
9.906526 0.012589
9.911526 0.011643
9.916527 0.009752
9.921528 0.006916
9.926529 0.002661
9.931530 -0.002067
9.936530 -0.006322
9.941531 -0.009159
9.946532 -0.010104
9.951533 -0.009395
9.956533 -0.007740
9.961534 -0.005613
9.966535 -0.003722
9.971536 -0.002067
9.976537 -0.001122
9.981537 -0.001358
9.986538 -0.002540
9.991539 -0.004904
9.996540 -0.008686
10.001540 -0.012468
10.006541 -0.015778
10.011542 -0.018142
10.016543 -0.018851
10.021543 -0.018142
10.026544 -0.015778
10.031545 -0.012468
10.036546 -0.007977
10.041547 -0.003013
10.046547 0.002661
10.051548 0.008334
10.056549 0.013535
10.061550 0.017790
10.066550 0.020390
10.071551 0.021099
10.076552 0.019917
10.081553 0.017080
10.086553 0.013062
10.091554 0.008807
10.096555 0.005025
10.101556 0.003370
10.106557 0.003133
10.111557 0.003370
10.116558 0.003606
10.121559 0.003370
10.126560 0.002661
10.131560 0.002424
10.136561 0.002897
10.141562 0.004079
10.146563 0.004315
10.151563 0.003370
10.156564 0.001242
10.161565 -0.001358
10.166566 -0.003013
10.171567 -0.003249
10.176567 -0.001831
10.181568 0.000770
10.186569 0.004079
10.191570 0.007389
10.196570 0.010698
10.201571 0.014007
10.206572 0.016135
10.211573 0.016608
10.216573 0.014717
10.221574 0.010225
10.226575 0.004079
10.231576 -0.002303
10.236577 -0.008450
10.241577 -0.012941
10.246578 -0.015778
10.251579 -0.016960
10.256580 -0.016723
10.261580 -0.015305
10.266581 -0.013887
10.271582 -0.013177
10.276583 -0.013414
10.281583 -0.014123
10.286584 -0.015305
10.291585 -0.016250
10.296586 -0.016250
10.301587 -0.015068
10.306587 -0.013177
10.311588 -0.011286
10.316589 -0.009868
10.321590 -0.009159
10.326590 -0.008922
10.331591 -0.009159
10.336592 -0.009632
10.341593 -0.009632
10.346593 -0.009868
10.351594 -0.009632
10.356595 -0.008922
10.361596 -0.007031
10.366597 -0.003958
10.371597 0.000060
10.376598 0.004315
10.381599 0.008098
10.386600 0.010462
10.391600 0.012116
10.396601 0.012589
10.401602 0.012826
10.406603 0.012826
10.411604 0.012353
10.416604 0.011407
10.421605 0.010698
10.426606 0.010225
10.431607 0.010462
10.436607 0.010698
10.441608 0.010225
10.446609 0.008098
10.451610 0.004079
10.456610 -0.001121
10.461611 -0.006322
10.466612 -0.010577
10.471613 -0.013177
10.476614 -0.013886
10.481614 -0.013414
10.486615 -0.012232
10.491616 -0.011050
10.496617 -0.009395
10.501617 -0.007740
10.506618 -0.006086
10.511619 -0.004195
10.516620 -0.002303
10.521620 -0.000176
10.526621 0.001715
10.531622 0.003843
10.536623 0.005497
10.541624 0.006443
10.546624 0.005970
10.551625 0.004552
10.556626 0.001715
10.561627 -0.001594
10.566627 -0.004431
10.571628 -0.006086
10.576629 -0.006086
10.581630 -0.004667
10.586630 -0.002067
10.591631 0.001479
10.596632 0.005497
10.601633 0.009753
10.606634 0.013535
10.611634 0.016371
10.616635 0.018263
10.621636 0.018735
10.626637 0.018499
10.631637 0.017553
10.636638 0.016844
10.641639 0.015899
10.646640 0.015189
10.651640 0.013298
10.656641 0.010698
10.661642 0.006916
10.666643 0.002897
10.671644 -0.001121
10.676644 -0.004194
10.681645 -0.006322
10.686646 -0.007031
10.691647 -0.006795
10.696647 -0.005613
10.701648 -0.003958
10.706649 -0.002303
10.711650 -0.001121
10.716650 -0.000885
10.721651 -0.001831
10.726652 -0.004194
10.731653 -0.006795
10.736654 -0.009395
10.741654 -0.010813
10.746655 -0.011050
10.751656 -0.010341
10.756657 -0.009631
10.761657 -0.009159
10.766658 -0.008922
10.771659 -0.008686
10.776660 -0.007740
10.781661 -0.006558
10.786661 -0.004904
10.791662 -0.003485
10.796663 -0.003012
10.801664 -0.003012
10.806664 -0.003722
10.811665 -0.003958
10.816666 -0.003249
10.821667 -0.001831
10.826667 0.000297
10.831668 0.003370
10.836669 0.006443
10.841670 0.009043
10.846671 0.010698
10.851671 0.010935
10.856672 0.009753
10.861673 0.008098
10.866674 0.006680
10.871674 0.005734
10.876675 0.005261
10.881676 0.004788
10.886677 0.004552
10.891677 0.003843
10.896678 0.003134
10.901679 0.002188
10.906680 0.001243
10.911681 0.000533
10.916681 -0.000412
10.921682 -0.000885
10.926683 -0.001121
10.931684 -0.001358
10.936684 -0.001831
10.941685 -0.003012
10.946686 -0.004667
10.951687 -0.006795
10.956687 -0.009159
10.961688 -0.011050
10.966689 -0.012468
10.971690 -0.013650
10.976691 -0.014359
10.981691 -0.014359
10.986692 -0.014123
10.991693 -0.013414
10.996694 -0.012704
11.001694 -0.012232
11.006695 -0.011995
11.011696 -0.011759
11.016697 -0.011286
11.021697 -0.009868
11.026698 -0.007267
11.031699 -0.003485
11.036700 0.000533
11.041701 0.005025
11.046701 0.009989
11.051702 0.014717
11.056703 0.019681
11.061704 0.023700
11.066704 0.026300
11.071705 0.027482
11.076706 0.026773
11.081707 0.024409
11.086707 0.021572
11.091708 0.018263
11.096709 0.015426
11.101710 0.013062
11.106711 0.011407
11.111711 0.009989
11.116712 0.008571
11.121713 0.007152
11.126714 0.006443
11.131714 0.005970
11.136715 0.005970
11.141716 0.005498
11.146717 0.004552
11.151717 0.002425
11.156718 0.000061
11.161719 -0.002067
11.166720 -0.003249
11.171721 -0.003249
11.176721 -0.002067
11.181722 -0.000176
11.186723 0.001243
11.191724 0.001952
11.196724 0.001715
11.201725 0.001243
11.206726 0.000770
11.211727 0.000770
11.216728 0.001006
11.221728 0.001243
11.226729 0.000770
11.231730 -0.000885
11.236731 -0.003249
11.241731 -0.005849
11.246732 -0.008213
11.251733 -0.010104
11.256734 -0.011286
11.261734 -0.012232
11.266735 -0.013177
11.271736 -0.013886
11.276737 -0.014123
11.281738 -0.013414
11.286738 -0.011759
11.291739 -0.009868
11.296740 -0.008449
11.301741 -0.007504
11.306741 -0.006558
11.311742 -0.005140
11.316743 -0.003012
11.321744 -0.000176
11.326744 0.002897
11.331745 0.005261
11.336746 0.005970
11.341747 0.005261
11.346748 0.003607
11.351748 0.001715
11.356749 0.000061
11.361750 -0.001121
11.366751 -0.001830
11.371751 -0.002776
11.376752 -0.004194
11.381753 -0.006322
11.386754 -0.008449
11.391754 -0.010340
11.396755 -0.011759
11.401756 -0.012468
11.406757 -0.012704
11.411758 -0.012941
11.416758 -0.013413
11.421759 -0.013413
11.426760 -0.012704
11.431761 -0.011286
11.436761 -0.008922
11.441762 -0.006322
11.446763 -0.003721
11.451764 -0.001358
11.456764 0.000061
11.461765 0.001243
11.466766 0.002425
11.471767 0.004079
11.476768 0.005970
11.481768 0.008098
11.486769 0.010935
11.491770 0.013535
11.496771 0.015426
11.501771 0.017317
11.506772 0.018499
11.511773 0.019917
11.516774 0.021099
11.521774 0.021809
11.526775 0.022281
11.531776 0.021809
11.536777 0.020627
11.541778 0.018736
11.546778 0.016608
11.551779 0.013771
11.556780 0.010462
11.561781 0.006443
11.566781 0.002425
11.571782 -0.001358
11.576783 -0.004667
11.581784 -0.007267
11.586785 -0.009395
11.591785 -0.010813
11.596786 -0.012231
11.601787 -0.013413
11.606788 -0.013650
11.611788 -0.013177
11.616789 -0.012468
11.621790 -0.011286
11.626791 -0.009868
11.631791 -0.008213
11.636792 -0.006558
11.641793 -0.004431
11.646794 -0.002540
11.651795 -0.000176
11.656795 0.001716
11.661796 0.003370
11.666797 0.004789
11.671798 0.005971
11.676798 0.006680
11.681799 0.006916
11.686800 0.006916
11.691801 0.006207
11.696801 0.005261
11.701802 0.003843
11.706803 0.002425
11.711804 0.001006
11.716805 0.000061
11.721805 -0.000885
11.726806 -0.001121
11.731807 -0.000648
11.736808 0.000297
11.741808 0.001716
11.746809 0.003370
11.751810 0.004552
11.756811 0.005498
11.761811 0.005971
11.766812 0.005971
11.771813 0.005971
11.776814 0.005734
11.781815 0.005734
11.786815 0.005025
11.791816 0.003843
11.796817 0.002661
11.801818 0.001243
11.806818 -0.000176
11.811819 -0.001358
11.816820 -0.002776
11.821821 -0.003958
11.826821 -0.004431
11.831822 -0.004194
11.836823 -0.003485
11.841824 -0.002067
11.846825 -0.000176
11.851825 0.001479
11.856826 0.002898
11.861827 0.003607
11.866828 0.003607
11.871828 0.002898
11.876829 0.001479
11.881830 -0.000176
11.886831 -0.001830
11.891831 -0.003249
11.896832 -0.004194
11.901833 -0.004194
11.906834 -0.003485
11.911835 -0.002303
11.916835 -0.000885
11.921836 0.000534
11.926837 0.001479
11.931838 0.001716
11.936838 0.001479
11.941839 0.000770
11.946840 0.000297
11.951841 0.000061
11.956841 0.000061
11.961842 0.000297
11.966843 0.000534
11.971844 0.000297
11.976845 -0.000648
11.981845 -0.002067
11.986846 -0.003958
11.991847 -0.006085
11.996848 -0.007976
12.001848 -0.009631
12.006849 -0.010340
12.011850 -0.011049
12.016851 -0.011286
12.021852 -0.011522
12.026852 -0.011759
12.031853 -0.011995
12.036854 -0.011995
12.041855 -0.011286
12.046855 -0.009631
12.051856 -0.007740
12.056857 -0.005849
12.061858 -0.004194
12.066858 -0.003012
12.071859 -0.002776
12.076860 -0.003249
12.081861 -0.004194
12.086862 -0.005140
12.091862 -0.005612
12.096863 -0.005612
12.101864 -0.005376
12.106865 -0.004667
12.111865 -0.003958
12.116866 -0.003249
12.121867 -0.003012
12.126868 -0.002776
12.131868 -0.002776
12.136869 -0.002303
12.141870 -0.001594
12.146871 -0.000648
12.151872 0.000770
12.156872 0.001952
12.161873 0.003134
12.166874 0.004080
12.171875 0.004552
12.176875 0.004789
12.181876 0.004789
12.186877 0.004789
12.191878 0.004789
12.196878 0.005025
12.201879 0.005498
12.206880 0.006443
12.211881 0.007625
12.216882 0.009044
12.221882 0.010698
12.226883 0.012117
12.231884 0.013062
12.236885 0.014008
12.241885 0.014244
12.246886 0.014717
12.251887 0.014953
12.256888 0.015190
12.261888 0.015899
12.266889 0.016135
12.271890 0.016135
12.276891 0.015899
12.281892 0.015190
12.286892 0.014244
12.291893 0.013062
12.296894 0.011880
12.301895 0.010226
12.306895 0.008335
12.311896 0.006207
12.316897 0.003843
12.321898 0.001716
12.326898 -0.000175
12.331899 -0.001594
12.336900 -0.002539
12.341901 -0.003249
12.346902 -0.003958
12.351902 -0.004903
12.356903 -0.006085
12.361904 -0.007504
12.366905 -0.009158
12.371905 -0.010813
12.376906 -0.012231
12.381907 -0.013177
12.386908 -0.013886
12.391909 -0.014359
12.396909 -0.014359
12.401910 -0.013886
12.406911 -0.013177
12.411912 -0.012468
12.416912 -0.011286
12.421913 -0.009867
12.426914 -0.008213
12.431915 -0.007031
12.436915 -0.006085
12.441916 -0.005849
12.446917 -0.005612
12.451918 -0.005849
12.456919 -0.005849
12.461919 -0.006085
12.466920 -0.005849
12.471921 -0.005849
12.476922 -0.005612
12.481922 -0.005140
12.486923 -0.004194
12.491924 -0.003248
12.496925 -0.002539
12.501925 -0.001830
12.506926 -0.001594
12.511927 -0.001594
12.516928 -0.001830
12.521929 -0.002067
12.526929 -0.002303
12.531930 -0.002539
12.536931 -0.002539
12.541932 -0.002539
12.546932 -0.002539
12.551933 -0.002303
12.556934 -0.001830
12.561935 -0.001830
12.566935 -0.001830
12.571936 -0.001594
12.576937 -0.001357
12.581938 -0.001121
12.586939 -0.000885
12.591939 -0.000648
12.596940 -0.000648
12.601941 -0.001121
12.606942 -0.001830
12.611942 -0.003012
12.616943 -0.004194
12.621944 -0.004903
12.626945 -0.004903
12.631945 -0.003958
12.636946 -0.001830
12.641947 0.000770
12.646948 0.003843
12.651949 0.006680
12.656949 0.009044
12.661950 0.010935
12.666951 0.012353
12.671952 0.013299
12.676952 0.013772
12.681953 0.013062
12.686954 0.012117
12.691955 0.010935
12.696955 0.009753
12.701956 0.009280
12.706957 0.009280
12.711958 0.009753
12.716959 0.010226
12.721959 0.010462
12.726960 0.010699
12.731961 0.010462
12.736962 0.009989
12.741962 0.008571
12.746963 0.007389
12.751964 0.006444
12.756965 0.005262
12.761965 0.004552
12.766966 0.004080
12.771967 0.003134
12.776968 0.002425
12.781969 0.001479
12.786969 0.001007
12.791970 0.001007
12.796971 0.001243
12.801972 0.001479
12.806972 0.001479
12.811973 0.001479
12.816974 0.001479
12.821975 0.001479
12.826976 0.001479
12.831976 0.001243
12.836977 0.001243
12.841978 0.001007
12.846979 0.000534
12.851979 -0.000175
12.856980 -0.001357
12.861981 -0.002539
12.866982 -0.004430
12.871982 -0.006794
12.876983 -0.009395
12.881984 -0.011522
12.886985 -0.013177
12.891986 -0.014359
12.896986 -0.015068
12.901987 -0.015304
12.906988 -0.015068
12.911989 -0.014595
12.916989 -0.013650
12.921990 -0.012231
12.926991 -0.010813
12.931992 -0.009631
12.936992 -0.008685
12.941993 -0.007503
12.946994 -0.006085
12.951995 -0.004430
12.956996 -0.003248
12.961996 -0.002066
12.966997 -0.001121
12.971998 -0.000884
12.976999 -0.001121
12.981999 -0.001357
12.987000 -0.001357
12.992001 -0.000648
12.997002 0.000061
13.002002 0.000770
13.007003 0.001007
13.012004 0.000770
13.017005 0.000534
13.022006 0.000298
13.027006 0.000061
13.032007 -0.000175
13.037008 -0.000884
13.042009 -0.001830
13.047009 -0.003012
13.052010 -0.004194
13.057011 -0.005376
13.062012 -0.005849
13.067012 -0.005612
13.072013 -0.005376
13.077014 -0.004903
13.082015 -0.004430
13.087016 -0.003721
13.092016 -0.002303
13.097017 -0.000648
13.102018 0.001243
13.107019 0.003371
13.112019 0.005498
13.117020 0.007626
13.122021 0.009517
13.127022 0.011171
13.132022 0.012590
13.137023 0.013535
13.142024 0.014008
13.147025 0.014008
13.152026 0.013772
13.157026 0.013063
13.162027 0.011881
13.167028 0.010699
13.172029 0.009280
13.177029 0.007389
13.182030 0.005498
13.187031 0.003134
13.192032 0.000534
13.197033 -0.002066
13.202033 -0.004194
13.207034 -0.005612
13.212035 -0.006558
13.217036 -0.006558
13.222036 -0.006321
13.227037 -0.006085
13.232038 -0.005376
13.237039 -0.004903
13.242039 -0.004667
13.247040 -0.004430
13.252041 -0.003957
13.257042 -0.003248
13.262043 -0.001830
13.267043 0.000061
13.272044 0.001952
13.277045 0.003843
13.282046 0.005262
13.287046 0.005971
13.292047 0.006207
13.297048 0.006207
13.302049 0.005498
13.307049 0.005025
13.312050 0.004080
13.317051 0.003607
13.322052 0.003134
13.327053 0.002661
13.332053 0.002189
13.337054 0.001243
13.342055 0.000061
13.347056 -0.001594
13.352056 -0.003248
13.357057 -0.004667
13.362058 -0.006085
13.367059 -0.006558
13.372059 -0.006794
13.377060 -0.006321
13.382061 -0.005612
13.387062 -0.004903
13.392063 -0.004430
13.397063 -0.004194
13.402064 -0.003721
13.407065 -0.003721
13.412066 -0.003485
13.417066 -0.003012
13.422067 -0.002303
13.427068 -0.001594
13.432069 -0.000412
13.437069 0.001007
13.442070 0.002189
13.447071 0.002898
13.452072 0.003134
13.457073 0.002662
13.462073 0.001952
13.467074 0.000534
13.472075 -0.000884
13.477076 -0.002539
13.482076 -0.003721
13.487077 -0.004667
13.492078 -0.005139
13.497079 -0.005612
13.502079 -0.005612
13.507080 -0.005612
13.512081 -0.005612
13.517082 -0.005612
13.522083 -0.005612
13.527083 -0.005376
13.532084 -0.004903
13.537085 -0.004430
13.542086 -0.003721
13.547086 -0.002775
13.552087 -0.001830
13.557088 -0.000648
13.562089 0.000061
13.567089 0.000770
13.572090 0.001480
13.577091 0.001952
13.582092 0.002189
13.587093 0.002662
13.592093 0.002898
13.597094 0.002898
13.602095 0.003134
13.607096 0.003134
13.612096 0.003371
13.617097 0.003371
13.622098 0.003607
13.627099 0.003607
13.632100 0.003844
13.637100 0.003607
13.642101 0.003371
13.647102 0.002898
13.652103 0.002425
13.657103 0.001716
13.662104 0.001243
13.667105 0.000770
13.672106 0.000061
13.677106 -0.000412
13.682107 -0.000884
13.687108 -0.000884
13.692109 -0.000411
13.697110 0.000061
13.702110 0.001007
13.707111 0.001952
13.712112 0.002189
13.717113 0.002189
13.722113 0.002189
13.727114 0.002189
13.732115 0.002662
13.737116 0.003371
13.742116 0.004553
13.747117 0.005735
13.752118 0.006680
13.757119 0.007389
13.762120 0.007862
13.767120 0.008099
13.772121 0.007862
13.777122 0.007626
13.782123 0.006917
13.787123 0.005971
13.792124 0.004789
13.797125 0.003607
13.802126 0.002425
13.807126 0.001480
13.812127 0.000298
13.817128 -0.000884
13.822129 -0.002066
13.827130 -0.003248
13.832130 -0.004194
13.837131 -0.004903
13.842132 -0.005139
13.847133 -0.005376
13.852133 -0.005376
13.857134 -0.005612
13.862135 -0.005848
13.867136 -0.006085
13.872136 -0.006321
13.877137 -0.006558
13.882138 -0.006558
13.887139 -0.006085
13.892140 -0.005848
13.897140 -0.005376
13.902141 -0.004903
13.907142 -0.004194
13.912143 -0.003485
13.917143 -0.002303
13.922144 -0.001121
13.927145 0.000298
13.932146 0.001952
13.937146 0.003371
13.942147 0.004316
13.947148 0.004789
13.952149 0.004789
13.957150 0.004316
13.962150 0.004080
13.967151 0.003844
13.972152 0.003607
13.977153 0.003371
13.982153 0.003134
13.987154 0.002662
13.992155 0.002189
13.997156 0.001480
14.002157 0.000771
14.007157 -0.000411
14.012158 -0.001357
14.017159 -0.002303
14.022160 -0.003484
14.027160 -0.004430
14.032161 -0.005376
14.037162 -0.005848
14.042163 -0.006085
14.047163 -0.005612
14.052164 -0.004903
14.057165 -0.004194
14.062166 -0.003484
14.067167 -0.002775
14.072167 -0.002066
14.077168 -0.001593
14.082169 -0.001121
14.087170 -0.000411
14.092170 0.000298
14.097171 0.000771
14.102172 0.001243
14.107173 0.001716
14.112173 0.002189
14.117174 0.002898
14.122175 0.003371
14.127176 0.003844
14.132177 0.004080
14.137177 0.003607
14.142178 0.003371
14.147179 0.002425
14.152180 0.001716
14.157180 0.001007
14.162181 0.000771
14.167182 0.000534
14.172183 0.000771
14.177183 0.001007
14.182184 0.001480
14.187185 0.002189
14.192186 0.002662
14.197187 0.003371
14.202187 0.003844
14.207188 0.004080
14.212189 0.004080
14.217190 0.004080
14.222190 0.004080
14.227191 0.004316
14.232192 0.005026
14.237193 0.005735
14.242193 0.006208
14.247194 0.006680
14.252195 0.006917
14.257196 0.006680
14.262197 0.006444
14.267197 0.006208
14.272198 0.005735
14.277199 0.005026
14.282200 0.004080
14.287200 0.002662
14.292201 0.001243
14.297202 -0.000175
14.302203 -0.001593
14.307203 -0.003012
14.312204 -0.004430
14.317205 -0.005848
14.322206 -0.007030
14.327207 -0.007976
14.332207 -0.008449
14.337208 -0.008685
14.342209 -0.008449
14.347210 -0.007976
14.352210 -0.007267
14.357211 -0.006085
14.362212 -0.004903
14.367213 -0.003721
14.372213 -0.002775
14.377214 -0.002302
14.382215 -0.002302
14.387216 -0.002302
14.392217 -0.002539
14.397217 -0.002539
14.402218 -0.002539
14.407219 -0.002302
14.412220 -0.001593
14.417220 -0.000884
14.422221 -0.000175
14.427222 0.000534
14.432223 0.001480
14.437224 0.002189
14.442224 0.002662
14.447225 0.003135
14.452226 0.002898
14.457227 0.002662
14.462227 0.001716
14.467228 0.000771
14.472229 -0.000411
14.477230 -0.001120
14.482230 -0.002066
14.487231 -0.002539
14.492232 -0.002775
14.497233 -0.003012
14.502234 -0.003012
14.507234 -0.003012
14.512235 -0.003248
14.517236 -0.003248
14.522237 -0.003721
14.527237 -0.003957
14.532238 -0.003957
14.537239 -0.003721
14.542240 -0.003484
14.547240 -0.002775
14.552241 -0.001830
14.557242 -0.001120
14.562243 -0.000648
14.567244 0.000061
14.572244 0.000771
14.577245 0.001243
14.582246 0.001716
14.587247 0.001953
14.592247 0.001953
14.597248 0.001953
14.602249 0.001953
14.607250 0.001953
14.612250 0.002425
14.617251 0.003135
14.622252 0.003844
14.627253 0.004789
14.632254 0.005498
14.637254 0.005735
14.642255 0.005498
14.647256 0.005262
14.652257 0.004553
14.657257 0.003607
14.662258 0.002662
14.667259 0.001716
14.672260 0.000771
14.677260 0.000298
14.682261 0.000062
14.687262 0.000298
14.692263 0.000771
14.697264 0.001243
14.702264 0.001953
14.707265 0.002425
14.712266 0.002662
14.717267 0.002662
14.722267 0.002425
14.727268 0.002189
14.732269 0.001953
14.737270 0.001953
14.742270 0.002189
14.747271 0.002662
14.752272 0.003135
14.757273 0.003607
14.762274 0.003844
14.767274 0.004080
14.772275 0.004080
14.777276 0.003844
14.782277 0.003371
14.787277 0.002898
14.792278 0.001953
14.797279 0.000534
14.802280 -0.000884
14.807280 -0.002302
14.812281 -0.003721
14.817282 -0.004666
14.822283 -0.005375
14.827284 -0.005848
14.832284 -0.005848
14.837285 -0.005612
14.842286 -0.004903
14.847287 -0.004193
14.852287 -0.003248
14.857288 -0.002539
14.862289 -0.001830
14.867290 -0.001357
14.872291 -0.000884
14.877291 -0.000648
14.882292 -0.000648
14.887293 -0.000411
14.892294 -0.000648
14.897294 -0.000648
14.902295 -0.000411
14.907296 -0.000175
14.912297 0.000062
14.917297 0.000534
14.922298 0.000771
14.927299 0.000771
14.932300 0.000534
14.937301 -0.000175
14.942301 -0.000648
14.947302 -0.001120
14.952303 -0.001357
14.957304 -0.001357
14.962304 -0.001357
14.967305 -0.001120
14.972306 -0.000884
14.977307 -0.000648
14.982307 -0.000411
14.987308 -0.000411
14.992309 -0.000411
14.997310 -0.000411
15.002311 -0.000648
15.007311 -0.000884
15.012312 -0.001120
15.017313 -0.001357
15.022314 -0.001593
15.027314 -0.001593
15.032315 -0.001357
15.037316 -0.001120
15.042317 -0.000648
15.047317 -0.000411
15.052318 -0.000411
15.057319 -0.000648
15.062320 -0.000884
15.067321 -0.001357
15.072321 -0.001593
15.077322 -0.001593
15.082323 -0.001593
15.087324 -0.001120
15.092324 -0.000648
15.097325 -0.000411
15.102326 -0.000175
15.107327 0.000062
15.112327 0.000298
15.117328 0.000298
15.122329 0.000298
15.127330 0.000298
15.132331 0.000298
15.137331 0.000062
15.142332 -0.000411
15.147333 -0.000411
15.152334 -0.000648
15.157334 -0.000648
15.162335 -0.000411
15.167336 0.000062
15.172337 0.000534
15.177337 0.000771
15.182338 0.000771
15.187339 0.000771
15.192340 0.000298
15.197341 -0.000411
15.202341 -0.001120
15.207342 -0.001829
15.212343 -0.002302
15.217344 -0.002302
15.222344 -0.001829
15.227345 -0.001357
15.232346 -0.000411
15.237347 0.000062
15.242348 0.000771
15.247348 0.001480
15.252349 0.001953
15.257350 0.002426
15.262351 0.002662
15.267351 0.002898
15.272352 0.002898
15.277353 0.002898
15.282354 0.002662
15.287354 0.002898
15.292355 0.003135
15.297356 0.003608
15.302357 0.004080
15.307358 0.004553
15.312358 0.004317
15.317359 0.003844
15.322360 0.003135
15.327361 0.002662
15.332361 0.001953
15.337362 0.001716
15.342363 0.001716
15.347364 0.001953
15.352364 0.002426
15.357365 0.002662
15.362366 0.002898
15.367367 0.002662
15.372368 0.002426
15.377368 0.002189
15.382369 0.001716
15.387370 0.001244
15.392371 0.000771
15.397371 0.000298
15.402372 -0.000411
15.407373 -0.000647
15.412374 -0.001120
15.417374 -0.001593
15.422375 -0.001829
15.427376 -0.002066
15.432377 -0.002302
15.437378 -0.002302
15.442378 -0.002302
15.447379 -0.002539
15.452380 -0.002539
15.457381 -0.002539
15.462381 -0.002302
15.467382 -0.001829
15.472383 -0.001120
15.477384 -0.000647
15.482384 -0.000411
15.487385 0.000062
15.492386 -0.000175
15.497387 -0.000411
15.502388 -0.000884
15.507388 -0.001357
15.512389 -0.001829
15.517390 -0.002066
15.522391 -0.002302
15.527391 -0.002066
15.532392 -0.002066
15.537393 -0.001829
15.542394 -0.001593
15.547394 -0.001357
15.552395 -0.001593
15.557396 -0.001593
15.562397 -0.002066
15.567398 -0.002302
15.572398 -0.002539
15.577399 -0.003011
15.582400 -0.003011
15.587401 -0.003248
15.592401 -0.003011
15.597402 -0.003248
15.602403 -0.003248
15.607404 -0.003248
15.612404 -0.003248
15.617405 -0.003484
15.622406 -0.003248
15.627407 -0.003011
15.632408 -0.002539
15.637408 -0.001829
15.642409 -0.000647
15.647410 0.000535
15.652411 0.001716
15.657411 0.002662
15.662412 0.003135
15.667413 0.003371
15.672414 0.002898
15.677415 0.002189
15.682415 0.001244
15.687416 0.000298
15.692417 -0.000647
15.697418 -0.001120
15.702418 -0.001357
15.707419 -0.001357
15.712420 -0.001120
15.717421 -0.000647
15.722421 -0.000175
15.727422 0.000535
15.732423 0.001007
15.737424 0.001480
15.742425 0.001717
15.747425 0.001953
15.752426 0.001953
15.757427 0.001717
15.762428 0.001480
15.767428 0.001244
15.772429 0.001007
15.777430 0.000771
15.782431 0.000771
15.787431 0.001007
15.792432 0.001007
15.797433 0.001244
15.802434 0.001480
15.807435 0.001717
15.812435 0.001717
15.817436 0.001953
15.822437 0.001953
15.827438 0.001717
15.832438 0.001480
15.837439 0.001007
15.842440 0.000535
15.847441 0.000062
15.852441 -0.000175
15.857442 -0.000411
15.862443 -0.000411
15.867444 0.000062
15.872445 0.000298
15.877445 0.000535
15.882446 0.000771
15.887447 0.001007
15.892448 0.001007
15.897448 0.001007
15.902449 0.001244
15.907450 0.001244
15.912451 0.001480
15.917451 0.001244
15.922452 0.001007
15.927453 0.000535
15.932454 0.000062
15.937455 -0.000175
15.942455 -0.000411
15.947456 -0.000884
15.952457 -0.001120
15.957458 -0.001357
15.962458 -0.001593
15.967459 -0.001593
15.972460 -0.001593
15.977461 -0.001593
15.982461 -0.001356
15.987462 -0.001356
15.992463 -0.001356
15.997464 -0.001356
16.002465 -0.001593
16.007465 -0.001593
16.012466 -0.001593
16.017467 -0.001829
16.022468 -0.002066
16.027468 -0.002066
16.032469 -0.002066
16.037470 -0.002302
16.042471 -0.002066
16.047472 -0.002066
16.052472 -0.001829
16.057473 -0.001829
16.062474 -0.001829
16.067475 -0.001829
16.072475 -0.002066
16.077476 -0.002302
16.082477 -0.002538
16.087478 -0.002775
16.092478 -0.002775
16.097479 -0.002775
16.102480 -0.002538
16.107481 -0.002302
16.112482 -0.002066
16.117482 -0.001829
16.122483 -0.001829
16.127484 -0.001593
16.132485 -0.001593
16.137485 -0.001593
16.142486 -0.001593
16.147487 -0.001593
16.152488 -0.001829
16.157488 -0.001829
16.162489 -0.001829
16.167490 -0.001829
16.172491 -0.001593
16.177492 -0.001593
16.182492 -0.001356
16.187493 -0.001356
16.192494 -0.001120
16.197495 -0.000647
16.202495 -0.000411
16.207496 0.000062
16.212497 0.000771
16.217498 0.001717
16.222498 0.002662
16.227499 0.003608
16.232500 0.004790
16.237501 0.005972
16.242502 0.006917
16.247502 0.007626
16.252503 0.008336
16.257504 0.008572
16.262505 0.008808
16.267505 0.008808
16.272506 0.008572
16.277507 0.008336
16.282508 0.007863
16.287508 0.007154
16.292509 0.006444
16.297510 0.005499
16.302511 0.004317
16.307512 0.003135
16.312512 0.001953
16.317513 0.001007
16.322514 0.000298
16.327515 0.000062
16.332515 0.000062
16.337516 0.000062
16.342517 0.000298
16.347518 0.000298
16.352518 0.000298
16.357519 0.000062
16.362520 -0.000174
16.367521 -0.000411
16.372522 -0.000884
16.377522 -0.001356
16.382523 -0.001593
16.387524 -0.002066
16.392525 -0.002302
16.397525 -0.002775
16.402526 -0.003248
16.407527 -0.003484
16.412528 -0.003720
16.417528 -0.004193
16.422529 -0.004429
16.427530 -0.004902
16.432531 -0.005139
16.437532 -0.005139
16.442532 -0.005139
16.447533 -0.004902
16.452534 -0.004429
16.457535 -0.003720
16.462535 -0.003247
16.467536 -0.002302
16.472537 -0.001593
16.477538 -0.000884
16.482539 -0.000174
16.487539 0.000298
16.492540 0.000535
16.497541 0.001008
16.502542 0.001008
16.507542 0.001008
16.512543 0.001244
16.517544 0.001008
16.522545 0.001008
16.527545 0.000771
16.532546 0.000535
16.537547 0.000298
16.542548 0.000062
16.547549 0.000062
16.552549 0.000062
16.557550 -0.000174
16.562551 -0.000174
16.567552 -0.000411
16.572552 -0.000411
16.577553 -0.000411
16.582554 -0.000411
16.587555 -0.000174
16.592555 0.000062
16.597556 0.000535
16.602557 0.000535
16.607558 0.001008
16.612559 0.001244
16.617559 0.001244
16.622560 0.001480
16.627561 0.001717
16.632562 0.001717
16.637562 0.001953
16.642563 0.001717
16.647564 0.001717
16.652565 0.001480
16.657565 0.001480
16.662566 0.001480
16.667567 0.001717
16.672568 0.001717
16.677569 0.001953
16.682569 0.002190
16.687570 0.002662
16.692571 0.002899
16.697572 0.003371
16.702572 0.003371
16.707573 0.003371
16.712574 0.003135
16.717575 0.002662
16.722575 0.001953
16.727576 0.001244
16.732577 0.000535
16.737578 -0.000174
16.742579 -0.000884
16.747579 -0.001829
16.752580 -0.002538
16.757581 -0.003247
16.762582 -0.003720
16.767582 -0.004429
16.772583 -0.005139
16.777584 -0.005611
16.782585 -0.006320
16.787585 -0.006793
16.792586 -0.007030
16.797587 -0.007030
16.802588 -0.006793
16.807589 -0.006320
16.812589 -0.005611
16.817590 -0.004666
16.822591 -0.003720
16.827592 -0.002775
16.832592 -0.001829
16.837593 -0.000884
16.842594 0.000062
16.847595 0.001008
16.852596 0.001480
16.857596 0.001953
16.862597 0.002190
16.867598 0.002662
16.872599 0.002899
16.877599 0.003135
16.882600 0.003608
16.887601 0.003844
16.892602 0.004081
16.897602 0.003844
16.902603 0.003608
16.907604 0.003372
16.912605 0.002899
16.917606 0.002426
16.922606 0.001717
16.927607 0.001244
16.932608 0.000771
16.937609 0.000298
16.942609 -0.000174
16.947610 -0.000411
16.952611 -0.000883
16.957612 -0.000883
16.962612 -0.000883
16.967613 -0.000883
16.972614 -0.000883
16.977615 -0.000647
16.982616 -0.000647
16.987616 -0.000174
16.992617 0.000062
16.997618 0.000298
17.002619 0.000771
17.007619 0.001008
17.012620 0.001244
17.017621 0.001480
17.022622 0.001717
17.027622 0.002190
17.032623 0.002426
17.037624 0.002426
17.042625 0.002426
17.047626 0.002426
17.052626 0.002190
17.057627 0.001480
17.062628 0.001008
17.067629 0.000535
17.072629 0.000298
17.077630 0.000062
17.082631 0.000062
17.087632 -0.000174
17.092632 -0.000174
17.097633 -0.000411
17.102634 -0.000647
17.107635 -0.000647
17.112636 -0.000647
17.117636 -0.000883
17.122637 -0.000647
17.127638 -0.000647
17.132639 -0.000411
17.137639 0.000062
17.142640 0.000299
17.147641 0.000771
17.152642 0.001008
17.157642 0.001244
17.162643 0.001008
17.167644 0.000771
17.172645 0.000299
17.177646 -0.000174
17.182646 -0.000411
17.187647 -0.000647
17.192648 -0.000883
17.197649 -0.001356
17.202649 -0.001356
17.207650 -0.001593
17.212651 -0.001829
17.217652 -0.002065
17.222652 -0.002065
17.227653 -0.002302
17.232654 -0.002302
17.237655 -0.002302
17.242656 -0.002065
17.247656 -0.002065
17.252657 -0.001829
17.257658 -0.001593
17.262659 -0.001120
17.267659 -0.000647
17.272660 0.000062
17.277661 0.000771
17.282662 0.001480
17.287663 0.002190
17.292663 0.003135
17.297664 0.003608
17.302665 0.003844
17.307666 0.004081
17.312666 0.003844
17.317667 0.003608
17.322668 0.002899
17.327669 0.002190
17.332669 0.001481
17.337670 0.000771
17.342671 0.000062
17.347672 -0.000647
17.352673 -0.001356
17.357673 -0.001829
17.362674 -0.002302
17.367675 -0.002538
17.372676 -0.002774
17.377676 -0.002774
17.382677 -0.002538
17.387678 -0.002538
17.392679 -0.002302
17.397679 -0.001829
17.402680 -0.001593
17.407681 -0.001120
17.412682 -0.000647
17.417683 0.000062
17.422683 0.000535
17.427684 0.001008
17.432685 0.001717
17.437686 0.002190
17.442686 0.002662
17.447687 0.003135
17.452688 0.003372
17.457689 0.003608
17.462689 0.003372
17.467690 0.003372
17.472691 0.003372
17.477692 0.003135
17.482693 0.003135
17.487693 0.002899
17.492694 0.002899
17.497695 0.002426
17.502696 0.001953
17.507696 0.001481
17.512697 0.001008
17.517698 0.000299
17.522699 -0.000174
17.527699 -0.000411
17.532700 -0.000883
17.537701 -0.001120
17.542702 -0.001120
17.547703 -0.001356
17.552703 -0.001593
17.557704 -0.001829
17.562705 -0.002065
17.567706 -0.002538
17.572706 -0.002774
17.577707 -0.003247
17.582708 -0.003484
17.587709 -0.003720
17.592709 -0.003956
17.597710 -0.004193
17.602711 -0.004429
17.607712 -0.004666
17.612713 -0.004666
17.617713 -0.004902
17.622714 -0.004666
17.627715 -0.004429
17.632716 -0.004429
17.637716 -0.003956
17.642717 -0.003720
17.647718 -0.003484
17.652719 -0.003011
17.657720 -0.002538
17.662720 -0.002065
17.667721 -0.001592
17.672722 -0.000883
17.677723 -0.000647
17.682723 -0.000411
17.687724 -0.000411
17.692725 -0.000174
17.697726 0.000062
17.702726 0.000299
17.707727 0.000535
17.712728 0.000771
17.717729 0.001244
17.722730 0.001717
17.727730 0.002190
17.732731 0.002899
17.737732 0.003372
17.742733 0.003845
17.747733 0.004317
17.752734 0.004317
17.757735 0.004317
17.762736 0.004081
17.767736 0.004081
17.772737 0.003845
17.777738 0.003845
17.782739 0.004081
17.787740 0.004081
17.792740 0.004081
17.797741 0.004081
17.802742 0.004081
17.807743 0.004081
17.812743 0.004317
17.817744 0.004081
17.822745 0.003845
17.827746 0.003608
17.832746 0.003135
17.837747 0.002663
17.842748 0.002190
17.847749 0.001717
17.852750 0.001008
17.857750 0.000535
17.862751 0.000062
17.867752 -0.000410
17.872753 -0.000647
17.877753 -0.000883
17.882754 -0.001120
17.887755 -0.001120
17.892756 -0.001120
17.897756 -0.001356
17.902757 -0.001356
17.907758 -0.001120
17.912759 -0.001120
17.917760 -0.000883
17.922760 -0.000647
17.927761 -0.000410
17.932762 -0.000410
17.937763 -0.000174
17.942763 0.000062
17.947764 0.000062
17.952765 0.000062
17.957766 0.000062
17.962766 0.000062
17.967767 0.000062
17.972768 0.000062
17.977769 0.000062
17.982770 -0.000174
17.987770 -0.000410
17.992771 -0.000410
17.997772 -0.000647
18.002773 -0.000883
18.007773 -0.001356
18.012774 -0.001592
18.017775 -0.001829
18.022776 -0.002302
18.027776 -0.002774
18.032777 -0.003247
18.037778 -0.003720
18.042779 -0.004429
18.047780 -0.004665
18.052780 -0.005138
18.057781 -0.005375
18.062782 -0.005611
18.067783 -0.005375
18.072783 -0.005375
18.077784 -0.005138
18.082785 -0.004665
18.087786 -0.004193
18.092787 -0.003483
18.097787 -0.002774
18.102788 -0.002065
18.107789 -0.001356
18.112790 -0.000410
18.117790 0.000299
18.122791 0.001008
18.127792 0.001953
18.132793 0.002426
18.137793 0.002899
18.142794 0.003135
18.147795 0.003372
18.152796 0.003135
18.157797 0.002899
18.162797 0.002663
18.167798 0.002426
18.172799 0.002190
18.177800 0.002190
18.182800 0.002426
18.187801 0.002663
18.192802 0.002899
18.197803 0.003135
18.202803 0.003372
18.207804 0.003608
18.212805 0.003372
18.217806 0.003135
18.222807 0.002899
18.227807 0.002426
18.232808 0.001954
18.237809 0.001717
18.242810 0.001244
18.247810 0.001008
18.252811 0.000772
18.257812 0.000535
18.262813 0.000299
18.267813 0.000062
18.272814 0.000062
18.277815 0.000062
18.282816 0.000062
18.287817 0.000535
18.292817 0.000772
18.297818 0.000772
18.302819 0.001008
18.307820 0.001008
18.312820 0.000772
18.317821 0.000772
18.322822 0.000299
18.327823 0.000062
18.332823 -0.000410
18.337824 -0.000647
18.342825 -0.000883
18.347826 -0.001120
18.352827 -0.001592
18.357827 -0.001592
18.362828 -0.001829
18.367829 -0.002065
18.372830 -0.002301
18.377830 -0.002538
18.382831 -0.002774
18.387832 -0.003011
18.392833 -0.003247
18.397833 -0.003720
18.402834 -0.003720
18.407835 -0.003483
18.412836 -0.003247
18.417837 -0.002774
18.422837 -0.002301
18.427838 -0.001592
18.432839 -0.000883
18.437840 -0.000410
18.442840 0.000299
18.447841 0.001008
18.452842 0.001244
18.457843 0.001717
18.462843 0.001954
18.467844 0.002190
18.472845 0.002190
18.477846 0.002190
18.482847 0.002190
18.487847 0.001954
18.492848 0.001954
18.497849 0.001954
18.502850 0.001954
18.507850 0.001954
18.512851 0.001717
18.517852 0.001481
18.522853 0.001244
18.527854 0.000772
18.532854 0.000299
18.537855 0.000062
18.542856 -0.000410
18.547857 -0.000410
18.552857 -0.000647
18.557858 -0.000883
18.562859 -0.000883
18.567860 -0.000883
18.572860 -0.000883
18.577861 -0.000883
18.582862 -0.000883
18.587863 -0.000647
18.592864 -0.000647
18.597864 -0.000647
18.602865 -0.000647
18.607866 -0.000647
18.612867 -0.000647
18.617867 -0.000647
18.622868 -0.000410
18.627869 -0.000410
18.632870 -0.000174
18.637870 0.000062
18.642871 0.000062
18.647872 0.000299
18.652873 0.000299
18.657874 0.000299
18.662874 0.000062
18.667875 -0.000174
18.672876 -0.000410
18.677877 -0.000883
18.682877 -0.001119
18.687878 -0.001119
18.692879 -0.001356
18.697880 -0.001356
18.702880 -0.001356
18.707881 -0.001356
18.712882 -0.001592
18.717883 -0.001829
18.722884 -0.002065
18.727884 -0.002301
18.732885 -0.002538
18.737886 -0.002774
18.742887 -0.002774
18.747887 -0.002774
18.752888 -0.002774
18.757889 -0.002774
18.762890 -0.002774
18.767890 -0.002538
18.772891 -0.002301
18.777892 -0.002301
18.782893 -0.002065
18.787894 -0.001829
18.792894 -0.001829
18.797895 -0.001592
18.802896 -0.001119
18.807897 -0.000883
18.812897 -0.000883
18.817898 -0.000647
18.822899 -0.000410
18.827900 -0.000174
18.832900 0.000063
18.837901 0.000535
18.842902 0.001008
18.847903 0.001481
18.852904 0.001954
18.857904 0.002190
18.862905 0.002426
18.867906 0.002426
18.872907 0.002426
18.877907 0.002426
18.882908 0.002426
18.887909 0.002663
18.892910 0.002663
18.897911 0.002663
18.902911 0.002663
18.907912 0.002663
18.912913 0.002899
18.917914 0.002663
18.922914 0.002663
18.927915 0.002426
18.932916 0.002190
18.937917 0.002190
18.942917 0.001954
18.947918 0.001954
18.952919 0.001954
18.957920 0.002190
18.962921 0.002190
18.967921 0.002190
18.972922 0.001954
18.977923 0.001717
18.982924 0.001717
18.987924 0.001245
18.992925 0.001008
18.997926 0.000772
19.002927 0.000772
19.007927 0.000535
19.012928 0.000299
19.017929 0.000299
19.022930 0.000063
19.027931 0.000063
19.032931 -0.000174
19.037932 -0.000410
19.042933 -0.000647
19.047934 -0.000647
19.052934 -0.000647
19.057935 -0.000647
19.062936 -0.000647
19.067937 -0.000647
19.072937 -0.000647
19.077938 -0.000883
19.082939 -0.001119
19.087940 -0.001356
19.092941 -0.001592
19.097941 -0.001829
19.102942 -0.001829
19.107943 -0.001829
19.112944 -0.001829
19.117944 -0.001592
19.122945 -0.001592
19.127946 -0.001592
19.132947 -0.001356
19.137947 -0.001119
19.142948 -0.000883
19.147949 -0.000410
19.152950 -0.000174
19.157951 0.000063
19.162951 0.000063
19.167952 0.000299
19.172953 0.000535
19.177954 0.000535
19.182954 0.000535
19.187955 0.000772
19.192956 0.000772
19.197957 0.000535
19.202957 0.000535
19.207958 0.000535
19.212959 0.000299
19.217960 0.000063
19.222961 -0.000174
19.227961 -0.000174
19.232962 -0.000410
19.237963 -0.000410
19.242964 -0.000647
19.247964 -0.000647
19.252965 -0.000647
19.257966 -0.000883
19.262967 -0.000883
19.267967 -0.000883
19.272968 -0.000883
19.277969 -0.000647
19.282970 -0.000647
19.287971 -0.000647
19.292971 -0.000410
19.297972 -0.000410
19.302973 -0.000174
19.307974 0.000063
19.312974 0.000299
19.317975 0.000535
19.322976 0.000772
19.327977 0.001008
19.332978 0.001245
19.337978 0.001245
19.342979 0.001481
19.347980 0.001481
19.352981 0.001481
19.357981 0.001481
19.362982 0.001481
19.367983 0.001481
19.372984 0.001717
19.377984 0.001717
19.382985 0.001717
19.387986 0.001481
19.392987 0.001481
19.397988 0.001008
19.402988 0.000772
19.407989 0.000299
19.412990 -0.000174
19.417991 -0.000646
19.422991 -0.001119
19.427992 -0.001356
19.432993 -0.001592
19.437994 -0.002065
19.442994 -0.002065
19.447995 -0.002301
19.452996 -0.002301
19.457997 -0.002301
19.462998 -0.002301
19.467998 -0.002538
19.472999 -0.002538
19.478000 -0.002538
19.483001 -0.002301
19.488001 -0.002065
19.493002 -0.001828
19.498003 -0.001592
19.503004 -0.001592
19.508004 -0.001356
19.513005 -0.001592
19.518006 -0.001592
19.523007 -0.001592
19.528008 -0.001828
19.533008 -0.002065
19.538009 -0.002065
19.543010 -0.002301
19.548011 -0.002301
19.553011 -0.002301
19.558012 -0.002065
19.563013 -0.001828
19.568014 -0.001356
19.573014 -0.001119
19.578015 -0.000646
19.583016 -0.000174
19.588017 0.000063
19.593018 0.000535
19.598018 0.001008
19.603019 0.001245
19.608020 0.001481
19.613021 0.001717
19.618021 0.002190
19.623022 0.002427
19.628023 0.002427
19.633024 0.002663
19.638024 0.002663
19.643025 0.002663
19.648026 0.002663
19.653027 0.002427
19.658028 0.002427
19.663028 0.002427
19.668029 0.002427
19.673030 0.002190
19.678031 0.002190
19.683031 0.001954
19.688032 0.001717
19.693033 0.001717
19.698034 0.001481
19.703035 0.001481
19.708035 0.001481
19.713036 0.001481
19.718037 0.001481
19.723038 0.001481
19.728038 0.001481
19.733039 0.001481
19.738040 0.001245
19.743041 0.001245
19.748041 0.001008
19.753042 0.000772
19.758043 0.000772
19.763044 0.000536
19.768045 0.000299
19.773045 0.000063
19.778046 -0.000174
19.783047 -0.000410
19.788048 -0.000410
19.793048 -0.000646
19.798049 -0.000646
19.803050 -0.000883
19.808051 -0.000883
19.813051 -0.001119
19.818052 -0.000883
19.823053 -0.001119
19.828054 -0.000883
19.833055 -0.000883
19.838055 -0.000646
19.843056 -0.000646
19.848057 -0.000410
19.853058 -0.000174
19.858058 0.000063
19.863059 0.000299
19.868060 0.000536
19.873061 0.000536
19.878061 0.000536
19.883062 0.000536
19.888063 0.000536
19.893064 0.000536
19.898065 0.000536
19.903065 0.000536
19.908066 0.000299
19.913067 0.000063
19.918068 0.000063
19.923068 -0.000174
19.928069 -0.000174
19.933070 -0.000174
19.938071 -0.000174
19.943071 -0.000174
19.948072 -0.000174
19.953073 -0.000174
19.958074 -0.000174
19.963075 -0.000174
19.968075 -0.000174
19.973076 -0.000410
19.978077 -0.000410
19.983078 -0.000410
19.988078 -0.000410
19.993079 -0.000174
19.998080 0.000063
20.003081 0.000536
20.008081 0.000772
20.013082 0.001008
20.018083 0.001245
20.023084 0.001245
20.028085 0.001481
20.033085 0.001481
20.038086 0.001245
20.043087 0.001245
20.048088 0.001245
20.053088 0.001008
20.058089 0.000772
20.063090 0.000536
20.068091 0.000299
20.073091 0.000299
20.078092 0.000063
20.083093 0.000063
20.088094 0.000063
20.093095 0.000063
20.098095 0.000063
20.103096 0.000063
20.108097 0.000063
20.113098 0.000063
20.118098 0.000063
20.123099 0.000063
20.128100 -0.000174
20.133101 -0.000410
20.138102 -0.000646
20.143102 -0.000646
20.148103 -0.000883
20.153104 -0.001119
20.158105 -0.001119
20.163105 -0.001119
20.168106 -0.000883
20.173107 -0.000883
20.178108 -0.000883
20.183108 -0.000883
20.188109 -0.000883
20.193110 -0.000883
20.198111 -0.000883
20.203112 -0.001119
20.208112 -0.001119
20.213113 -0.001355
20.218114 -0.001592
20.223115 -0.001828
20.228115 -0.001828
20.233116 -0.002065
20.238117 -0.002065
20.243118 -0.002065
20.248118 -0.002065
20.253119 -0.002065
20.258120 -0.002065
20.263121 -0.002065
20.268122 -0.001828
20.273122 -0.001592
20.278123 -0.001592
20.283124 -0.001355
20.288125 -0.001355
20.293125 -0.001355
20.298126 -0.001355
20.303127 -0.001355
20.308128 -0.001119
20.313128 -0.001119
20.318129 -0.000883
20.323130 -0.000646
20.328131 -0.000410
20.333132 0.000063
20.338132 0.000536
20.343133 0.000772
20.348134 0.001008
20.353135 0.001245
20.358135 0.001245
20.363136 0.001245
20.368137 0.001481
20.373138 0.001481
20.378138 0.001718
20.383139 0.001954
20.388140 0.002190
20.393141 0.002663
20.398142 0.002900
20.403142 0.003136
20.408143 0.003136
20.413144 0.003136
20.418145 0.003136
20.423145 0.002900
20.428146 0.002900
20.433147 0.002663
20.438148 0.002427
20.443148 0.002427
20.448149 0.002190
20.453150 0.001954
20.458151 0.001718
20.463152 0.001718
20.468152 0.001481
20.473153 0.001008
20.478154 0.001008
20.483155 0.000772
20.488155 0.000536
20.493156 0.000536
20.498157 0.000299
20.503158 0.000299
20.508159 0.000299
20.513159 0.000299
20.518160 0.000299
20.523161 0.000063
20.528162 -0.000173
20.533162 -0.000173
20.538163 -0.000410
20.543164 -0.000410
20.548165 -0.000410
20.553165 -0.000410
20.558166 -0.000410
20.563167 -0.000410
20.568168 -0.000410
20.573169 -0.000410
20.578169 -0.000410
20.583170 -0.000410
20.588171 -0.000410
20.593172 -0.000173
20.598172 -0.000173
20.603173 -0.000410
20.608174 -0.000410
20.613175 -0.000410
20.618175 -0.000646
20.623176 -0.000646
20.628177 -0.000883
20.633178 -0.001119
20.638179 -0.001119
20.643179 -0.001355
20.648180 -0.001119
20.653181 -0.001119
20.658182 -0.000883
20.663182 -0.000883
20.668183 -0.000410
20.673184 -0.000410
20.678185 -0.000410
20.683185 -0.000173
20.688186 -0.000173
20.693187 -0.000173
20.698188 -0.000173
20.703189 0.000063
20.708189 0.000063
20.713190 0.000299
20.718191 0.000299
20.723192 0.000299
20.728192 0.000536
20.733193 0.000536
20.738194 0.000536
20.743195 0.000536
20.748195 0.000299
20.753196 0.000063
20.758197 -0.000410
20.763198 -0.000646
20.768199 -0.000883
20.773199 -0.000883
20.778200 -0.000883
20.783201 -0.000883
20.788202 -0.000883
20.793202 -0.000883
20.798203 -0.001119
20.803204 -0.001119
20.808205 -0.001355
20.813205 -0.001592
20.818206 -0.001592
20.823207 -0.001828
20.828208 -0.002064
20.833209 -0.002301
20.838209 -0.002064
20.843210 -0.002064
20.848211 -0.001828
20.853212 -0.001355
20.858212 -0.000883
20.863213 -0.000410
20.868214 0.000063
20.873215 0.000536
20.878215 0.001009
20.883216 0.001481
20.888217 0.001718
20.893218 0.001954
20.898219 0.001954
20.903219 0.002191
20.908220 0.002427
20.913221 0.002663
20.918222 0.002663
20.923222 0.002663
20.928223 0.002663
20.933224 0.002427
20.938225 0.002191
20.943226 0.002191
20.948226 0.002191
20.953227 0.001954
20.958228 0.001718
20.963229 0.001481
20.968229 0.001245
20.973230 0.000772
20.978231 0.000299
20.983232 -0.000173
20.988232 -0.000646
20.993233 -0.000883
20.998234 -0.001119
21.003235 -0.001355
21.008236 -0.001592
21.013236 -0.001592
21.018237 -0.001592
21.023238 -0.001119
21.028239 -0.001119
21.033239 -0.000882
21.038240 -0.000646
21.043241 -0.000410
21.048242 -0.000410
21.053242 -0.000173
21.058243 0.000063
21.063244 0.000063
21.068245 0.000299
21.073246 0.000063
21.078246 0.000063
21.083247 0.000063
21.088248 -0.000173
21.093249 -0.000173
21.098249 -0.000410
21.103250 -0.000646
21.108251 -0.000882
21.113252 -0.000882
21.118252 -0.001119
21.123253 -0.001355
21.128254 -0.001355
21.133255 -0.001592
21.138256 -0.001592
21.143256 -0.001828
21.148257 -0.001828
21.153258 -0.001828
21.158259 -0.001828
21.163259 -0.001828
21.168260 -0.001592
21.173261 -0.001592
21.178262 -0.001592
21.183262 -0.001592
21.188263 -0.001592
21.193264 -0.001592
21.198265 -0.001592
21.203266 -0.001355
21.208266 -0.001355
21.213267 -0.001119
21.218268 -0.001119
21.223269 -0.001119
21.228269 -0.000882
21.233270 -0.000882
21.238271 -0.000882
21.243272 -0.000882
21.248272 -0.000882
21.253273 -0.000646
21.258274 -0.000410
21.263275 -0.000410
21.268276 -0.000173
21.273276 0.000300
21.278277 0.000536
21.283278 0.000536
21.288279 0.000772
21.293279 0.001009
21.298280 0.001245
21.303281 0.001245
21.308282 0.001481
21.313283 0.001718
21.318283 0.001718
21.323284 0.001954
21.328285 0.002191
21.333286 0.002427
21.338286 0.002427
21.343287 0.002427
21.348288 0.002427
21.353289 0.002427
21.358289 0.002427
21.363290 0.002427
21.368291 0.002427
21.373292 0.002191
21.378293 0.002191
21.383293 0.002191
21.388294 0.002191
21.393295 0.001954
21.398296 0.001954
21.403296 0.001718
21.408297 0.001718
21.413298 0.001481
21.418299 0.001481
21.423299 0.001245
21.428300 0.001009
21.433301 0.000772
21.438302 0.000300
21.443303 -0.000173
21.448303 -0.000410
21.453304 -0.000882
21.458305 -0.001355
21.463306 -0.001592
21.468306 -0.001592
21.473307 -0.001828
21.478308 -0.002064
21.483309 -0.002064
21.488309 -0.002064
21.493310 -0.001828
21.498311 -0.001828
21.503312 -0.001592
21.508313 -0.001355
21.513313 -0.001119
21.518314 -0.000882
21.523315 -0.000882
21.528316 -0.000646
21.533316 -0.000410
21.538317 -0.000173
21.543318 -0.000410
21.548319 -0.000410
21.553319 -0.000410
21.558320 -0.000410
21.563321 -0.000410
21.568322 -0.000410
21.573323 -0.000646
21.578323 -0.000646
21.583324 -0.000646
21.588325 -0.000410
21.593326 -0.000410
21.598326 -0.000410
21.603327 -0.000410
21.608328 -0.000173
21.613329 -0.000173
21.618329 0.000063
21.623330 0.000063
21.628331 0.000300
21.633332 0.000300
21.638333 0.000300
21.643333 0.000063
21.648334 0.000063
21.653335 0.000063
21.658336 -0.000173
21.663336 -0.000173
21.668337 -0.000173
21.673338 -0.000410
21.678339 -0.000410
21.683339 -0.000646
21.688340 -0.000882
21.693341 -0.000882
21.698342 -0.001119
21.703343 -0.001355
21.708343 -0.001355
21.713344 -0.001355
21.718345 -0.001119
21.723346 -0.001119
21.728346 -0.000882
21.733347 -0.000882
21.738348 -0.000646
21.743349 -0.000646
21.748350 -0.000882
21.753350 -0.000882
21.758351 -0.000882
21.763352 -0.000646
21.768353 -0.000410
21.773353 -0.000173
21.778354 0.000300
21.783355 0.000772
21.788356 0.001009
21.793356 0.001245
21.798357 0.001245
21.803358 0.001245
21.808359 0.001009
21.813360 0.000772
21.818360 0.000536
21.823361 0.000300
21.828362 0.000063
21.833363 -0.000410
21.838363 -0.000646
21.843364 -0.000882
21.848365 -0.000882
21.853366 -0.000882
21.858366 -0.000882
21.863367 -0.000882
21.868368 -0.000882
21.873369 -0.000646
21.878370 -0.000646
21.883370 -0.000410
21.888371 -0.000173
21.893372 0.000063
21.898373 0.000063
21.903373 0.000300
21.908374 0.000536
21.913375 0.000536
21.918376 0.000772
21.923376 0.000772
21.928377 0.000772
21.933378 0.000772
21.938379 0.000772
21.943380 0.000536
21.948380 0.000536
21.953381 0.000536
21.958382 0.000300
21.963383 0.000300
21.968383 0.000536
21.973384 0.000772
21.978385 0.000772
21.983386 0.001009
21.988386 0.001245
21.993387 0.001482
21.998388 0.001718
22.003389 0.001954
22.008390 0.001954
22.013390 0.002191
22.018391 0.002191
22.023392 0.002191
22.028393 0.002191
22.033393 0.002191
22.038394 0.001954
22.043395 0.001718
22.048396 0.001482
22.053396 0.001245
22.058397 0.000772
22.063398 0.000536
22.068399 0.000300
22.073400 0.000063
22.078400 -0.000173
22.083401 -0.000409
22.088402 -0.000409
22.093403 -0.000646
22.098403 -0.000646
22.103404 -0.000882
22.108405 -0.001119
22.113406 -0.001119
22.118407 -0.001355
22.123407 -0.001355
22.128408 -0.001119
22.133409 -0.001119
22.138410 -0.001119
22.143410 -0.000882
22.148411 -0.000882
22.153412 -0.000646
22.158413 -0.000646
22.163413 -0.000646
22.168414 -0.000646
22.173415 -0.000646
22.178416 -0.000646
22.183417 -0.000646
22.188417 -0.000409
22.193418 -0.000409
22.198419 -0.000646
22.203420 -0.000646
22.208420 -0.000646
22.213421 -0.000882
22.218422 -0.001119
22.223423 -0.001119
22.228423 -0.001355
22.233424 -0.001591
22.238425 -0.001591
22.243426 -0.001591
22.248427 -0.001591
22.253427 -0.001591
22.258428 -0.001355
22.263429 -0.001355
22.268430 -0.001119
22.273430 -0.001119
22.278431 -0.001119
22.283432 -0.001119
22.288433 -0.000882
22.293433 -0.001119
22.298434 -0.001119
22.303435 -0.001119
22.308436 -0.001119
22.313437 -0.001119
22.318437 -0.001119
22.323438 -0.001119
22.328439 -0.000882
22.333440 -0.000882
22.338440 -0.000882
22.343441 -0.000646
22.348442 -0.000173
22.353443 0.000063
22.358443 0.000536
22.363444 0.001009
22.368445 0.001482
22.373446 0.001718
22.378447 0.001955
22.383447 0.001955
22.388448 0.002191
22.393449 0.002191
22.398450 0.001955
22.403450 0.001955
22.408451 0.001718
22.413452 0.001718
22.418453 0.001482
22.423453 0.001482
22.428454 0.001482
22.433455 0.001718
22.438456 0.001718
22.443457 0.001955
22.448457 0.001955
22.453458 0.002191
22.458459 0.002427
22.463460 0.002427
22.468460 0.002664
22.473461 0.002664
22.478462 0.002427
22.483463 0.002191
22.488463 0.001955
22.493464 0.001718
22.498465 0.001482
22.503466 0.001245
22.508467 0.001009
22.513467 0.000773
22.518468 0.000536
22.523469 0.000063
22.528470 -0.000173
22.533470 -0.000646
22.538471 -0.000882
22.543472 -0.001119
22.548473 -0.001355
22.553474 -0.001355
22.558474 -0.001355
22.563475 -0.001355
22.568476 -0.001355
22.573477 -0.001355
22.578477 -0.001591
22.583478 -0.001828
22.588479 -0.002064
22.593480 -0.002300
22.598480 -0.002300
22.603481 -0.002300
22.608482 -0.002300
22.613483 -0.002300
22.618484 -0.002064
22.623484 -0.002064
22.628485 -0.001828
22.633486 -0.001591
22.638487 -0.001591
22.643487 -0.001355
22.648488 -0.001355
22.653489 -0.001355
22.658490 -0.001355
22.663490 -0.001355
22.668491 -0.001355
22.673492 -0.001118
22.678493 -0.001118
22.683494 -0.000882
22.688494 -0.000882
22.693495 -0.000646
22.698496 -0.000646
22.703497 -0.000409
22.708497 -0.000409
22.713498 -0.000173
22.718499 -0.000173
22.723500 0.000063
22.728500 0.000300
22.733501 0.000300
22.738502 0.000536
22.743503 0.000536
22.748504 0.000773
22.753504 0.000773
22.758505 0.001009
22.763506 0.001009
22.768507 0.001009
22.773507 0.001245
22.778508 0.001245
22.783509 0.001482
22.788510 0.001482
22.793510 0.001482
22.798511 0.001482
22.803512 0.001482
22.808513 0.001482
22.813514 0.001482
22.818514 0.001482
22.823515 0.001482
22.828516 0.001482
22.833517 0.001245
22.838517 0.001245
22.843518 0.001009
22.848519 0.000773
22.853520 0.000536
22.858520 0.000300
22.863521 0.000064
22.868522 -0.000173
22.873523 -0.000173
22.878524 -0.000409
22.883524 -0.000409
22.888525 -0.000646
22.893526 -0.000646
22.898527 -0.000646
22.903527 -0.000646
22.908528 -0.000646
22.913529 -0.000409
22.918530 -0.000409
22.923530 -0.000173
22.928531 -0.000173
22.933532 0.000064
22.938533 0.000064
22.943534 0.000300
22.948534 0.000536
22.953535 0.000773
22.958536 0.000773
22.963537 0.000773
22.968537 0.000773
22.973538 0.000536
22.978539 0.000536
22.983540 0.000300
22.988541 0.000300
22.993541 0.000064
22.998542 0.000064
23.003543 0.000064
23.008544 0.000064
23.013544 0.000064
23.018545 0.000064
23.023546 -0.000173
23.028547 -0.000173
23.033547 -0.000173
23.038548 -0.000173
23.043549 -0.000173
23.048550 -0.000173
23.053551 -0.000409
23.058551 -0.000409
23.063552 -0.000409
23.068553 -0.000173
23.073554 -0.000173
23.078554 0.000064
23.083555 0.000064
23.088556 0.000300
23.093557 0.000536
23.098557 0.000536
23.103558 0.000773
23.108559 0.000773
23.113560 0.000773
23.118561 0.000773
23.123561 0.000773
23.128562 0.000773
23.133563 0.000773
23.138564 0.001009
23.143564 0.001009
23.148565 0.001009
23.153566 0.001009
23.158567 0.000773
23.163567 0.000773
23.168568 0.000536
23.173569 0.000536
23.178570 0.000536
23.183571 0.000300
23.188571 0.000064
23.193572 -0.000173
23.198573 -0.000173
23.203574 -0.000409
23.208574 -0.000646
23.213575 -0.000646
23.218576 -0.000882
23.223577 -0.001118
23.228577 -0.001118
23.233578 -0.001118
23.238579 -0.001118
23.243580 -0.000882
23.248581 -0.000646
23.253581 -0.000409
23.258582 -0.000173
23.263583 -0.000173
23.268584 0.000064
23.273584 0.000064
23.278585 0.000064
23.283586 0.000064
23.288587 -0.000173
23.293587 -0.000409
23.298588 -0.000646
23.303589 -0.000882
23.308590 -0.001118
23.313591 -0.001355
23.318591 -0.001591
23.323592 -0.001591
23.328593 -0.001591
23.333594 -0.001355
23.338594 -0.001355
23.343595 -0.001355
23.348596 -0.001355
23.353597 -0.001355
23.358598 -0.001355
23.363598 -0.001118
23.368599 -0.000882
23.373600 -0.000882
23.378601 -0.000646
23.383601 -0.000646
23.388602 -0.000646
23.393603 -0.000646
23.398604 -0.000646
23.403604 -0.000646
23.408605 -0.000646
23.413606 -0.000646
23.418607 -0.000646
23.423608 -0.000646
23.428608 -0.000409
23.433609 -0.000409
23.438610 -0.000173
23.443611 0.000064
23.448611 0.000064
23.453612 0.000300
23.458613 0.000536
23.463614 0.000536
23.468614 0.000773
23.473615 0.000773
23.478616 0.000773
23.483617 0.000536
23.488618 0.000536
23.493618 0.000536
23.498619 0.000536
23.503620 0.000300
23.508621 0.000300
23.513621 0.000300
23.518622 0.000300
23.523623 0.000536
23.528624 0.000536
23.533624 0.000773
23.538625 0.001009
23.543626 0.001009
23.548627 0.001246
23.553628 0.001482
23.558628 0.001718
23.563629 0.001955
23.568630 0.001955
23.573631 0.001955
23.578631 0.002191
23.583632 0.002191
23.588633 0.002191
23.593634 0.002428
23.598634 0.002191
23.603635 0.002428
23.608636 0.002428
23.613637 0.002428
23.618638 0.002428
23.623638 0.002428
23.628639 0.002191
23.633640 0.002191
23.638641 0.001955
23.643641 0.001718
23.648642 0.001482
23.653643 0.001482
23.658644 0.001009
23.663644 0.000773
23.668645 0.000536
23.673646 0.000300
23.678647 -0.000173
23.683648 -0.000409
23.688648 -0.000882
23.693649 -0.001118
23.698650 -0.001355
23.703651 -0.001591
23.708651 -0.001827
23.713652 -0.002064
23.718653 -0.002537
23.723654 -0.002773
23.728654 -0.003009
23.733655 -0.003246
23.738656 -0.003482
23.743657 -0.003482
23.748658 -0.003482
23.753658 -0.003482
23.758659 -0.003482
23.763660 -0.003482
23.768661 -0.003246
23.773661 -0.003246
23.778662 -0.003009
23.783663 -0.003009
23.788664 -0.002773
23.793665 -0.002537
23.798665 -0.002300
23.803666 -0.002064
23.808667 -0.001827
23.813668 -0.001591
23.818668 -0.001355
23.823669 -0.000882
23.828670 -0.000645
23.833671 -0.000409
23.838671 -0.000173
23.843672 0.000064
23.848673 0.000300
23.853674 0.000537
23.858675 0.000537
23.863675 0.000537
23.868676 0.000773
23.873677 0.000773
23.878678 0.001009
23.883678 0.001009
23.888679 0.001009
23.893680 0.001009
23.898681 0.001009
23.903681 0.000773
23.908682 0.000773
23.913683 0.000537
23.918684 0.000537
23.923685 0.000300
23.928685 0.000300
23.933686 0.000300
23.938687 0.000300
23.943688 0.000300
23.948688 0.000300
23.953689 0.000300
23.958690 0.000537
23.963691 0.000537
23.968691 0.000537
23.973692 0.000773
23.978693 0.000773
23.983694 0.001009
23.988695 0.001009
23.993695 0.001009
23.998696 0.001246
24.003697 0.001246
24.008698 0.001482
24.013698 0.001482
24.018699 0.001719
24.023700 0.001955
24.028701 0.002191
24.033701 0.002191
24.038702 0.002191
24.043703 0.002191
24.048704 0.001955
24.053705 0.001955
24.058705 0.001719
24.063706 0.001482
24.068707 0.001482
24.073708 0.001246
24.078708 0.001009
24.083709 0.000773
24.088710 0.000773
24.093711 0.000537
24.098711 0.000300
24.103712 0.000300
24.108713 0.000300
24.113714 0.000300
24.118715 0.000300
24.123715 0.000300
24.128716 0.000300
24.133717 0.000300
24.138718 0.000064
24.143718 0.000064
24.148719 0.000064
24.153720 0.000064
24.158721 0.000064
24.163722 -0.000173
24.168722 -0.000173
24.173723 -0.000173
24.178724 -0.000409
24.183725 -0.000409
24.188725 -0.000173
24.193726 -0.000173
24.198727 -0.000173
24.203728 -0.000173
24.208728 0.000064
24.213729 0.000064
24.218730 -0.000173
24.223731 -0.000173
24.228732 -0.000173
24.233732 -0.000173
24.238733 -0.000173
24.243734 -0.000173
24.248735 -0.000409
24.253735 -0.000409
24.258736 -0.000409
24.263737 -0.000409
24.268738 -0.000409
24.273738 -0.000409
24.278739 -0.000409
24.283740 -0.000409
24.288741 -0.000173
24.293742 -0.000173
24.298742 -0.000409
24.303743 -0.000409
24.308744 -0.000645
24.313745 -0.000645
24.318745 -0.000645
24.323746 -0.000882
24.328747 -0.000882
24.333748 -0.001118
24.338748 -0.000882
24.343749 -0.001118
24.348750 -0.001118
24.353751 -0.001354
24.358752 -0.001591
24.363752 -0.001591
24.368753 -0.001591
24.373754 -0.001827
24.378755 -0.002064
24.383755 -0.002300
24.388756 -0.002300
24.393757 -0.002536
24.398758 -0.002536
24.403758 -0.002536
24.408759 -0.002536
24.413760 -0.002773
24.418761 -0.002773
24.423762 -0.002773
24.428762 -0.002536
24.433763 -0.002536
24.438764 -0.002300
24.443765 -0.002064
24.448765 -0.001591
24.453766 -0.001354
24.458767 -0.001118
24.463768 -0.000882
24.468768 -0.000645
24.473769 -0.000172
24.478770 0.000064
24.483771 0.000300
24.488772 0.000537
24.493772 0.001009
24.498773 0.001246
24.503774 0.001482
24.508775 0.001719
24.513775 0.002191
24.518776 0.002191
24.523777 0.002428
24.528778 0.002664
24.533778 0.002428
24.538779 0.002428
24.543780 0.002428
24.548781 0.002191
24.553782 0.002191
24.558782 0.002191
24.563783 0.002191
24.568784 0.001955
24.573785 0.001955
24.578785 0.001719
24.583786 0.001719
24.588787 0.001482
24.593788 0.001482
24.598789 0.001246
24.603789 0.001246
24.608790 0.001246
24.613791 0.001009
24.618792 0.001009
24.623792 0.001009
24.628793 0.001010
24.633794 0.001010
24.638795 0.001010
24.643795 0.001010
24.648796 0.001010
24.653797 0.000773
24.658798 0.000773
24.663799 0.000537
24.668799 0.000537
24.673800 0.000537
24.678801 0.000537
24.683802 0.000537
24.688802 0.000537
24.693803 0.000537
24.698804 0.000537
24.703805 0.000537
24.708805 0.000300
24.713806 0.000300
24.718807 0.000064
24.723808 -0.000172
24.728809 -0.000409
24.733809 -0.000409
24.738810 -0.000645
24.743811 -0.000882
24.748812 -0.000882
24.753812 -0.001118
24.758813 -0.001118
24.763814 -0.001118
24.768815 -0.001354
24.773815 -0.001354
24.778816 -0.001354
24.783817 -0.001354
24.788818 -0.001354
24.793819 -0.001354
24.798819 -0.001354
24.803820 -0.001354
24.808821 -0.001118
24.813822 -0.001118
24.818822 -0.001118
24.823823 -0.001118
24.828824 -0.000882
24.833825 -0.000882
24.838825 -0.000645
24.843826 -0.000645
24.848827 -0.000645
24.853828 -0.000409
24.858829 -0.000172
24.863829 0.000064
24.868830 0.000300
24.873831 0.000300
24.878832 0.000537
24.883832 0.000773
24.888833 0.000773
24.893834 0.000773
24.898835 0.000773
24.903835 0.000773
24.908836 0.000537
24.913837 0.000537
24.918838 0.000537
24.923839 0.000773
24.928839 0.000773
24.933840 0.000773
24.938841 0.000773
24.943842 0.000773
24.948842 0.000773
24.953843 0.000773
24.958844 0.000537
24.963845 0.000300
24.968846 0.000064
24.973846 0.000064
24.978847 -0.000172
24.983848 -0.000409
24.988849 -0.000645
24.993849 -0.000645
24.998850 -0.000882
25.003851 -0.000882
25.008852 -0.001118
25.013852 -0.000882
25.018853 -0.001118
25.023854 -0.001118
25.028855 -0.000882
25.033856 -0.000882
25.038856 -0.000882
25.043857 -0.000882
25.048858 -0.000645
25.053859 -0.000645
25.058859 -0.000409
25.063860 -0.000409
25.068861 -0.000172
25.073862 0.000064
25.078862 0.000064
25.083863 0.000300
25.088864 0.000537
25.093865 0.000537
25.098866 0.000773
25.103866 0.000773
25.108867 0.000773
25.113868 0.000773
25.118869 0.000773
25.123869 0.000773
25.128870 0.000537
25.133871 0.000537
25.138872 0.000300
25.143872 0.000300
25.148873 0.000064
25.153874 -0.000172
25.158875 -0.000409
25.163876 -0.000645
25.168876 -0.000645
25.173877 -0.000881
25.178878 -0.000881
25.183879 -0.000881
25.188879 -0.000881
25.193880 -0.000881
25.198881 -0.000881
25.203882 -0.001118
25.208882 -0.001118
25.213883 -0.001118
25.218884 -0.000881
25.223885 -0.000881
25.228886 -0.000645
25.233886 -0.000409
25.238887 -0.000172
25.243888 -0.000172
25.248889 0.000064
25.253889 0.000300
25.258890 0.000300
25.263891 0.000537
25.268892 0.000537
25.273892 0.000773
25.278893 0.000773
25.283894 0.000773
25.288895 0.000773
25.293896 0.000773
25.298896 0.000773
25.303897 0.000773
25.308898 0.000773
25.313899 0.000773
25.318899 0.000773
25.323900 0.000537
25.328901 0.000537
25.333902 0.000537
25.338902 0.000537
25.343903 0.000537
25.348904 0.000537
25.353905 0.000301
25.358906 0.000301
25.363906 0.000064
25.368907 0.000064
25.373908 0.000064
25.378909 0.000064
25.383909 0.000064
25.388910 0.000064
25.393911 0.000064
25.398912 0.000064
25.403913 0.000064
25.408913 0.000064
25.413914 0.000064
25.418915 -0.000172
25.423916 -0.000172
25.428916 -0.000172
25.433917 -0.000409
25.438918 -0.000409
25.443919 -0.000409
25.448919 -0.000409
25.453920 -0.000409
25.458921 -0.000645
25.463922 -0.000409
25.468923 -0.000409
25.473923 -0.000409
25.478924 -0.000409
25.483925 -0.000645
25.488926 -0.000409
25.493926 -0.000409
25.498927 -0.000172
25.503928 -0.000172
25.508929 -0.000172
25.513929 -0.000172
25.518930 0.000064
25.523931 -0.000172
25.528932 -0.000172
25.533933 -0.000172
25.538933 -0.000172
25.543934 -0.000172
25.548935 0.000064
25.553936 -0.000172
25.558936 -0.000172
25.563937 -0.000172
25.568938 -0.000172
25.573939 -0.000172
25.578939 -0.000409
25.583940 -0.000409
25.588941 -0.000172
25.593942 -0.000172
25.598943 -0.000172
25.603943 0.000064
25.608944 0.000301
25.613945 0.000537
25.618946 0.000537
25.623946 0.000537
25.628947 0.000773
25.633948 0.000537
25.638949 0.000773
25.643949 0.000537
25.648950 0.000537
25.653951 0.000537
25.658952 0.000537
25.663953 0.000537
25.668953 0.000537
25.673954 0.000537
25.678955 0.000537
25.683956 0.000773
25.688956 0.000773
25.693957 0.000773
25.698958 0.000773
25.703959 0.000773
25.708959 0.000773
25.713960 0.001010
25.718961 0.000773
25.723962 0.000773
25.728963 0.001010
25.733963 0.001010
25.738964 0.000773
25.743965 0.000773
25.748966 0.000773
25.753966 0.000537
25.758967 0.000537
25.763968 0.000537
25.768969 0.000301
25.773970 0.000301
25.778970 0.000064
25.783971 0.000064
25.788972 -0.000172
25.793973 -0.000172
25.798973 -0.000409
25.803974 -0.000409
25.808975 -0.000645
25.813976 -0.000645
25.818976 -0.000881
25.823977 -0.000881
25.828978 -0.000881
25.833979 -0.000645
25.838980 -0.000645
25.843980 -0.000409
25.848981 -0.000409
25.853982 -0.000172
25.858983 -0.000172
25.863983 0.000064
25.868984 0.000301
25.873985 0.000301
25.878986 0.000537
25.883986 0.000537
25.888987 0.000773
25.893988 0.000773
25.898989 0.000773
25.903990 0.000773
25.908990 0.001010
25.913991 0.000773
25.918992 0.000773
25.923993 0.000773
25.928993 0.000773
25.933994 0.000537
25.938995 0.000301
25.943996 0.000301
25.948996 0.000301
25.953997 0.000064
25.958998 0.000064
25.963999 0.000064
25.969000 -0.000172
25.974000 -0.000172
25.979001 -0.000172
25.984002 -0.000409
25.989003 -0.000409
25.994003 -0.000409
25.999004 -0.000645
26.004005 -0.000645
26.009006 -0.000881
26.014006 -0.000881
26.019007 -0.000881
26.024008 -0.001118
26.029009 -0.001118
26.034010 -0.001354
26.039010 -0.001354
26.044011 -0.001590
26.049012 -0.001590
26.054013 -0.001827
26.059013 -0.001827
26.064014 -0.001827
26.069015 -0.001827
26.074016 -0.001590
26.079016 -0.001354
26.084017 -0.001118
26.089018 -0.000881
26.094019 -0.000645
26.099020 -0.000408
26.104020 -0.000408
26.109021 -0.000172
26.114022 0.000064
26.119023 0.000064
26.124023 0.000301
26.129024 0.000537
26.134025 0.000537
26.139026 0.000773
26.144026 0.001010
26.149027 0.001246
26.154028 0.001483
26.159029 0.001483
26.164030 0.001483
26.169030 0.001483
26.174031 0.001246
26.179032 0.001246
26.184033 0.001010
26.189033 0.000773
26.194034 0.000537
26.199035 0.000301
26.204036 0.000064
26.209037 0.000064
26.214037 -0.000172
26.219038 -0.000645
26.224039 -0.000645
26.229040 -0.000881
26.234040 -0.000881
26.239041 -0.000881
26.244042 -0.000881
26.249043 -0.001118
26.254043 -0.000881
26.259044 -0.001118
26.264045 -0.000881
26.269046 -0.001118
26.274047 -0.000881
26.279047 -0.000881
26.284048 -0.000881
26.289049 -0.000645
26.294050 -0.000645
26.299050 -0.000408
26.304051 -0.000408
26.309052 -0.000172
26.314053 0.000064
26.319053 0.000301
26.324054 0.000537
26.329055 0.000774
26.334056 0.001010
26.339057 0.001010
26.344057 0.001246
26.349058 0.001246
26.354059 0.001246
26.359060 0.001246
26.364060 0.001246
26.369061 0.001246
26.374062 0.001246
26.379063 0.001010
26.384063 0.001010
26.389064 0.000774
26.394065 0.000774
26.399066 0.000537
26.404067 0.000537
26.409067 0.000301
26.414068 0.000301
26.419069 0.000064
26.424070 -0.000172
26.429070 -0.000172
26.434071 -0.000172
26.439072 -0.000172
26.444073 -0.000408
26.449073 -0.000172
26.454074 -0.000172
26.459075 -0.000172
26.464076 -0.000172
26.469077 -0.000172
26.474077 -0.000172
26.479078 -0.000172
26.484079 0.000064
26.489080 0.000064
26.494080 0.000301
26.499081 0.000301
26.504082 0.000537
26.509083 0.000537
26.514083 0.000537
26.519084 0.000537
26.524085 0.000537
26.529086 0.000537
26.534087 0.000537
26.539087 0.000774
26.544088 0.000774
26.549089 0.000774
26.554090 0.000774
26.559090 0.000774
26.564091 0.000774
26.569092 0.000537
26.574093 0.000537
26.579093 0.000537
26.584094 0.000301
26.589095 0.000301
26.594096 0.000301
26.599097 0.000301
26.604097 0.000301
26.609098 0.000301
26.614099 0.000064
26.619100 0.000064
26.624100 0.000064
26.629101 0.000064
26.634102 -0.000172
26.639103 -0.000172
26.644104 -0.000172
26.649104 -0.000408
26.654105 -0.000408
26.659106 -0.000408
26.664107 -0.000408
26.669107 -0.000408
26.674108 -0.000408
26.679109 -0.000408
26.684110 -0.000408
26.689110 -0.000408
26.694111 -0.000408
26.699112 -0.000172
26.704113 -0.000172
26.709114 0.000064
26.714114 0.000064
26.719115 0.000064
26.724116 0.000301
26.729117 0.000301
26.734117 0.000537
26.739118 0.000537
26.744119 0.000774
26.749120 0.000774
26.754120 0.001010
26.759121 0.001010
26.764122 0.001010
26.769123 0.001010
26.774124 0.001010
26.779124 0.001010
26.784125 0.000774
26.789126 0.000774
26.794127 0.000537
26.799127 0.000301
26.804128 0.000064
26.809129 0.000064
26.814130 -0.000172
26.819130 -0.000408
26.824131 -0.000408
26.829132 -0.000645
26.834133 -0.000645
26.839134 -0.000881
26.844134 -0.000881
26.849135 -0.001117
26.854136 -0.001354
26.859137 -0.001354
26.864137 -0.001590
26.869138 -0.001590
26.874139 -0.001590
26.879140 -0.001590
26.884140 -0.001590
26.889141 -0.001590
26.894142 -0.001354
26.899143 -0.001354
26.904144 -0.001354
26.909144 -0.001117
26.914145 -0.001117
26.919146 -0.000881
26.924147 -0.000881
26.929147 -0.000881
26.934148 -0.000881
26.939149 -0.000645
26.944150 -0.000645
26.949150 -0.000645
26.954151 -0.000408
26.959152 -0.000408
26.964153 -0.000172
26.969154 -0.000172
26.974154 0.000065
26.979155 0.000065
26.984156 0.000065
26.989157 0.000301
26.994157 0.000301
26.999158 0.000537
27.004159 0.000537
27.009160 0.000537
27.014161 0.000774
27.019161 0.000537
27.024162 0.000537
27.029163 0.000537
27.034164 0.000537
27.039164 0.000537
27.044165 0.000301
27.049166 0.000301
27.054167 0.000301
27.059167 0.000065
27.064168 0.000065
27.069169 -0.000172
27.074170 -0.000172
27.079171 -0.000172
27.084171 -0.000408
27.089172 -0.000172
27.094173 -0.000172
27.099174 -0.000172
27.104174 -0.000172
27.109175 0.000065
27.114176 0.000065
27.119177 0.000065
27.124177 0.000065
27.129178 0.000065
27.134179 0.000065
27.139180 0.000065
27.144181 -0.000172
27.149181 -0.000172
27.154182 0.000065
27.159183 0.000065
27.164184 0.000065
27.169184 0.000301
27.174185 0.000301
27.179186 0.000537
27.184187 0.000537
27.189187 0.000774
27.194188 0.001010
27.199189 0.001010
27.204190 0.001010
27.209191 0.001247
27.214191 0.001247
27.219192 0.001483
27.224193 0.001483
27.229194 0.001483
27.234194 0.001483
27.239195 0.001483
27.244196 0.001483
27.249197 0.001247
27.254197 0.001247
27.259198 0.001247
27.264199 0.001247
27.269200 0.001010
27.274201 0.001010
27.279201 0.000774
27.284202 0.000537
27.289203 0.000301
27.294204 0.000065
27.299204 -0.000172
27.304205 -0.000172
27.309206 -0.000408
27.314207 -0.000408
27.319207 -0.000645
27.324208 -0.000645
27.329209 -0.000645
27.334210 -0.000881
27.339211 -0.000881
27.344211 -0.000881
27.349212 -0.000881
27.354213 -0.000881
27.359214 -0.000881
27.364214 -0.000881
27.369215 -0.000881
27.374216 -0.000645
27.379217 -0.000645
27.384217 -0.000645
27.389218 -0.000645
27.394219 -0.000645
27.399220 -0.000645
27.404221 -0.000645
27.409221 -0.000645
27.414222 -0.000408
27.419223 -0.000408
27.424224 -0.000408
27.429224 -0.000408
27.434225 -0.000408
27.439226 -0.000408
27.444227 -0.000408
27.449228 -0.000408
27.454228 -0.000408
27.459229 -0.000172
27.464230 -0.000172
27.469231 0.000065
27.474231 0.000065
27.479232 0.000065
27.484233 0.000065
27.489234 0.000065
27.494234 0.000065
27.499235 0.000065
27.504236 0.000065
27.509237 0.000065
27.514238 0.000065
27.519238 0.000065
27.524239 0.000065
27.529240 0.000065
27.534241 0.000065
27.539241 0.000065
27.544242 0.000065
27.549243 0.000065
27.554244 0.000065
27.559244 0.000065
27.564245 -0.000172
27.569246 -0.000172
27.574247 -0.000172
27.579248 -0.000172
27.584248 -0.000172
27.589249 -0.000172
27.594250 -0.000172
27.599251 -0.000172
27.604251 -0.000172
27.609252 -0.000172
27.614253 -0.000172
27.619254 0.000065
27.624254 0.000065
27.629255 0.000301
27.634256 0.000301
27.639257 0.000537
27.644258 0.000537
27.649258 0.000774
27.654259 0.000774
27.659260 0.000774
27.664261 0.000774
27.669261 0.000774
27.674262 0.000774
27.679263 0.000774
27.684264 0.000774
27.689264 0.000774
27.694265 0.000774
27.699266 0.000774
27.704267 0.000774
27.709268 0.000537
27.714268 0.000537
27.719269 0.000301
27.724270 0.000301
27.729271 0.000065
27.734271 -0.000172
27.739272 -0.000172
27.744273 -0.000408
27.749274 -0.000408
27.754274 -0.000644
27.759275 -0.000644
27.764276 -0.000644
27.769277 -0.000644
27.774278 -0.000644
27.779278 -0.000644
27.784279 -0.000881
27.789280 -0.000881
27.794281 -0.000644
27.799281 -0.000881
27.804282 -0.000881
27.809283 -0.000881
27.814284 -0.000881
27.819285 -0.000881
27.824285 -0.000881
27.829286 -0.000881
27.834287 -0.000644
27.839288 -0.000644
27.844288 -0.000644
27.849289 -0.000408
27.854290 -0.000408
27.859291 -0.000408
27.864291 -0.000172
27.869292 -0.000172
27.874293 -0.000172
27.879294 -0.000172
27.884295 -0.000172
27.889295 -0.000172
27.894296 -0.000172
27.899297 -0.000172
27.904298 -0.000172
27.909298 -0.000172
27.914299 -0.000172
27.919300 -0.000172
27.924301 -0.000172
27.929301 -0.000172
27.934302 -0.000172
27.939303 -0.000172
27.944304 -0.000172
27.949305 -0.000172
27.954305 0.000065
27.959306 -0.000172
27.964307 -0.000172
27.969308 -0.000172
27.974308 -0.000172
27.979309 -0.000172
27.984310 -0.000408
27.989311 -0.000408
27.994311 -0.000408
27.999312 -0.000408
28.004313 -0.000408
28.009314 -0.000408
28.014315 -0.000172
28.019315 -0.000172
28.024316 -0.000172
28.029317 0.000065
28.034318 0.000301
28.039318 0.000301
28.044319 0.000538
28.049320 0.000538
28.054321 0.000774
28.059321 0.000774
28.064322 0.000774
28.069323 0.000774
28.074324 0.000774
28.079325 0.000774
28.084325 0.001010
28.089326 0.001010
28.094327 0.001010
28.099328 0.001247
28.104328 0.001247
28.109329 0.001247
28.114330 0.001247
28.119331 0.001247
28.124331 0.001010
28.129332 0.001010
28.134333 0.001010
28.139334 0.000774
28.144335 0.000774
28.149335 0.000774
28.154336 0.000774
28.159337 0.000774
28.164338 0.000774
28.169338 0.000774
28.174339 0.000538
28.179340 0.000538
28.184341 0.000301
28.189341 0.000301
28.194342 0.000301
28.199343 0.000065
28.204344 0.000065
28.209345 0.000065
28.214345 -0.000172
28.219346 -0.000172
28.224347 -0.000408
28.229348 -0.000644
28.234348 -0.000644
28.239349 -0.000644
28.244350 -0.000881
28.249351 -0.000881
28.254352 -0.000881
28.259352 -0.000881
28.264353 -0.001117
28.269354 -0.001117
28.274355 -0.000881
28.279355 -0.000881
28.284356 -0.000881
28.289357 -0.000881
28.294358 -0.000881
28.299358 -0.000881
28.304359 -0.000881
28.309360 -0.000881
28.314361 -0.000881
28.319362 -0.000644
28.324362 -0.000644
28.329363 -0.000408
28.334364 -0.000408
28.339365 -0.000172
28.344365 0.000065
28.349366 0.000065
28.354367 0.000301
28.359368 0.000538
28.364368 0.000538
28.369369 0.000538
28.374370 0.000538
28.379371 0.000538
28.384372 0.000538
28.389372 0.000538
28.394373 0.000538
28.399374 0.000538
28.404375 0.000538
28.409375 0.000538
28.414376 0.000538
28.419377 0.000301
28.424378 0.000301
28.429378 0.000301
28.434379 0.000065
28.439380 -0.000172
28.444381 -0.000172
28.449382 -0.000408
28.454382 -0.000644
28.459383 -0.000644
28.464384 -0.000644
28.469385 -0.000644
28.474385 -0.000644
28.479386 -0.000644
28.484387 -0.000644
28.489388 -0.000408
28.494388 -0.000408
28.499389 -0.000408
28.504390 -0.000408
28.509391 -0.000408
28.514392 -0.000172
28.519392 -0.000172
28.524393 -0.000172
28.529394 -0.000171
28.534395 -0.000171
28.539395 0.000065
28.544396 0.000065
28.549397 0.000065
28.554398 0.000065
28.559398 0.000065
28.564399 0.000065
28.569400 0.000065
28.574401 0.000301
28.579402 0.000301
28.584402 0.000301
28.589403 0.000301
28.594404 0.000301
28.599405 0.000301
28.604405 0.000301
28.609406 0.000301
28.614407 0.000301
28.619408 0.000065
28.624409 0.000301
28.629409 0.000301
28.634410 0.000065
28.639411 0.000065
28.644412 0.000065
28.649412 0.000065
28.654413 0.000065
28.659414 -0.000171
28.664415 -0.000171
28.669415 -0.000171
28.674416 -0.000171
28.679417 -0.000171
28.684418 -0.000171
28.689419 -0.000171
28.694419 -0.000171
28.699420 -0.000171
28.704421 -0.000171
28.709422 -0.000171
28.714422 0.000065
28.719423 0.000065
28.724424 0.000301
28.729425 0.000538
28.734425 0.000538
28.739426 0.000538
28.744427 0.000538
28.749428 0.000774
28.754429 0.000774
28.759429 0.000774
28.764430 0.000774
28.769431 0.000774
28.774432 0.000774
28.779432 0.001011
28.784433 0.000774
28.789434 0.000774
28.794435 0.000774
28.799435 0.000774
28.804436 0.000538
28.809437 0.000538
28.814438 0.000538
28.819439 0.000301
28.824439 0.000301
28.829440 0.000301
28.834441 0.000301
28.839442 0.000301
28.844442 0.000065
28.849443 0.000065
28.854444 0.000065
28.859445 -0.000171
28.864445 -0.000171
28.869446 -0.000408
28.874447 -0.000644
28.879448 -0.000644
28.884449 -0.000644
28.889449 -0.000881
28.894450 -0.000881
28.899451 -0.000881
28.904452 -0.000881
28.909452 -0.000881
28.914453 -0.000881
28.919454 -0.000881
28.924455 -0.000644
28.929455 -0.000644
28.934456 -0.000644
28.939457 -0.000644
28.944458 -0.000408
28.949459 -0.000408
28.954459 -0.000171
28.959460 -0.000171
28.964461 0.000065
28.969462 0.000301
28.974462 0.000301
28.979463 0.000538
28.984464 0.000538
28.989465 0.000774
28.994465 0.000774
28.999466 0.000774
29.004467 0.000774
29.009468 0.001011
29.014469 0.001011
29.019469 0.000774
29.024470 0.000774
29.029471 0.001011
29.034472 0.000774
29.039472 0.000774
29.044473 0.000774
29.049474 0.000538
29.054475 0.000538
29.059476 0.000301
29.064476 0.000065
29.069477 -0.000171
29.074478 -0.000171
29.079479 -0.000408
29.084479 -0.000408
29.089480 -0.000408
29.094481 -0.000644
29.099482 -0.000644
29.104482 -0.000644
29.109483 -0.000644
29.114484 -0.000644
29.119485 -0.000644
29.124486 -0.000408
29.129486 -0.000408
29.134487 -0.000171
29.139488 -0.000171
29.144489 -0.000171
29.149489 0.000065
29.154490 0.000301
29.159491 0.000301
29.164492 0.000301
29.169492 0.000301
29.174493 0.000301
29.179494 0.000301
29.184495 0.000301
29.189496 0.000065
29.194496 0.000065
29.199497 -0.000171
29.204498 -0.000171
29.209499 -0.000171
29.214499 -0.000408
29.219500 -0.000644
29.224501 -0.000644
29.229502 -0.000880
29.234502 -0.000880
29.239503 -0.001117
29.244504 -0.001117
29.249505 -0.001117
29.254506 -0.001117
29.259506 -0.001117
29.264507 -0.001117
29.269508 -0.000880
29.274509 -0.000644
29.279509 -0.000644
29.284510 -0.000644
29.289511 -0.000408
29.294512 -0.000408
29.299512 -0.000171
29.304513 -0.000171
29.309514 0.000065
29.314515 0.000065
29.319516 0.000065
29.324516 0.000065
29.329517 0.000301
29.334518 0.000301
29.339519 0.000301
29.344519 0.000301
29.349520 0.000301
29.354521 0.000301
29.359522 0.000538
29.364522 0.000538
29.369523 0.000538
29.374524 0.000538
29.379525 0.000538
29.384526 0.000538
29.389526 0.000538
29.394527 0.000538
29.399528 0.000538
29.404529 0.000538
29.409529 0.000538
29.414530 0.000538
29.419531 0.000301
29.424532 0.000301
29.429533 0.000301
29.434533 0.000065
29.439534 0.000065
29.444535 0.000065
29.449536 0.000065
29.454536 0.000302
29.459537 0.000302
29.464538 0.000302
29.469539 0.000302
29.474539 0.000302
29.479540 0.000302
29.484541 0.000302
29.489542 0.000302
29.494543 0.000302
29.499543 0.000302
29.504544 0.000302
29.509545 0.000302
29.514546 0.000302
29.519546 0.000302
29.524547 0.000302
29.529548 0.000302
29.534549 0.000302
29.539549 0.000302
29.544550 0.000302
29.549551 0.000302
29.554552 0.000302
29.559553 0.000302
29.564553 0.000302
29.569554 0.000302
29.574555 0.000302
29.579556 0.000302
29.584556 0.000302
29.589557 0.000302
29.594558 0.000538
29.599559 0.000302
29.604559 0.000302
29.609560 0.000302
29.614561 0.000302
29.619562 0.000065
29.624563 0.000065
29.629563 0.000065
29.634564 -0.000171
29.639565 -0.000171
29.644566 -0.000408
29.649566 -0.000408
29.654567 -0.000408
29.659568 -0.000408
29.664569 -0.000644
29.669569 -0.000408
29.674570 -0.000408
29.679571 -0.000644
29.684572 -0.000408
29.689573 -0.000408
29.694573 -0.000408
29.699574 -0.000408
29.704575 -0.000408
29.709576 -0.000408
29.714576 -0.000408
29.719577 -0.000408
29.724578 -0.000171
29.729579 -0.000171
29.734579 -0.000408
29.739580 -0.000408
29.744581 -0.000408
29.749582 -0.000408
29.754583 -0.000408
29.759583 -0.000408
29.764584 -0.000408
29.769585 -0.000408
29.774586 -0.000408
29.779586 -0.000408
29.784587 -0.000408
29.789588 -0.000408
29.794589 -0.000408
29.799589 -0.000644
29.804590 -0.000644
29.809591 -0.000644
29.814592 -0.000644
29.819593 -0.000644
29.824593 -0.000408
29.829594 -0.000408
29.834595 -0.000408
29.839596 -0.000171
29.844596 -0.000171
29.849597 -0.000171
29.854598 0.000065
29.859599 0.000065
29.864600 0.000302
29.869600 0.000302
29.874601 0.000302
29.879602 0.000302
29.884603 0.000538
29.889603 0.000538
29.894604 0.000538
29.899605 0.000538
29.904606 0.000538
29.909606 0.000538
29.914607 0.000774
29.919608 0.000538
29.924609 0.000538
29.929610 0.000538
29.934610 0.000538
29.939611 0.000538
29.944612 0.000538
29.949613 0.000538
29.954613 0.000538
29.959614 0.000302
29.964615 0.000302
29.969616 0.000302
29.974616 0.000302
29.979617 0.000302
29.984618 0.000302
29.989619 0.000302
29.994620 0.000065
29.999620 0.000065
30.004621 0.000065
30.009622 0.000065
30.014623 0.000065
30.019623 -0.000171
30.024624 -0.000171
30.029625 -0.000171
30.034626 -0.000171
30.039626 -0.000408
30.044627 -0.000408
30.049628 -0.000171
30.054629 -0.000408
30.059630 -0.000408
30.064630 -0.000408
30.069631 -0.000408
30.074632 -0.000408
30.079633 -0.000408
30.084633 -0.000408
30.089634 -0.000408
30.094635 -0.000408
30.099636 -0.000408
30.104636 -0.000408
30.109637 -0.000408
30.114638 -0.000171
30.119639 -0.000171
30.124640 -0.000408
30.129640 -0.000171
30.134641 -0.000171
30.139642 -0.000171
30.144643 -0.000171
30.149643 -0.000171
30.154644 0.000065
30.159645 0.000065
30.164646 0.000065
30.169646 0.000065
30.174647 0.000065
30.179648 0.000302
30.184649 0.000065
30.189650 0.000302
30.194650 0.000302
30.199651 0.000302
30.204652 0.000302
30.209653 0.000302
30.214653 0.000302
30.219654 0.000065
30.224655 0.000065
30.229656 0.000302
30.234657 0.000302
30.239657 0.000065
30.244658 0.000302
30.249659 0.000302
30.254660 0.000302
30.259660 0.000302
30.264661 0.000302
30.269662 0.000302
30.274663 0.000302
30.279663 0.000302
30.284664 0.000302
30.289665 0.000302
30.294666 0.000302
30.299667 0.000302
30.304667 0.000302
30.309668 0.000302
30.314669 0.000302
30.319670 0.000065
30.324670 0.000065
30.329671 0.000065
30.334672 -0.000171
30.339673 -0.000171
30.344673 -0.000171
30.349674 -0.000407
30.354675 -0.000407
30.359676 -0.000407
30.364677 -0.000407
30.369677 -0.000407
30.374678 -0.000407
30.379679 -0.000407
30.384680 -0.000171
30.389680 -0.000171
30.394681 0.000065
30.399682 0.000065
30.404683 0.000065
30.409683 0.000302
30.414684 0.000302
30.419685 0.000302
30.424686 0.000302
30.429687 0.000538
30.434687 0.000538
30.439688 0.000775
30.444689 0.000775
30.449690 0.001011
30.454690 0.001011
30.459691 0.001011
30.464692 0.001011
30.469693 0.001011
30.474693 0.000775
30.479694 0.000775
30.484695 0.000538
30.489696 0.000538
30.494697 0.000302
30.499697 0.000065
30.504698 0.000065
30.509699 -0.000171
30.514700 -0.000171
30.519700 -0.000407
30.524701 -0.000644
30.529702 -0.000644
30.534703 -0.000644
30.539703 -0.000880
30.544704 -0.001117
30.549705 -0.001117
30.554706 -0.001117
30.559707 -0.001117
30.564707 -0.001353
30.569708 -0.001353
30.574709 -0.001353
30.579710 -0.001589
30.584710 -0.001589
30.589711 -0.001589
30.594712 -0.001589
30.599713 -0.001589
30.604713 -0.001353
30.609714 -0.001353
30.614715 -0.001353
30.619716 -0.001117
30.624717 -0.001117
30.629717 -0.000880
30.634718 -0.000880
30.639719 -0.000880
30.644720 -0.000644
30.649720 -0.000644
30.654721 -0.000644
30.659722 -0.000407
30.664723 -0.000407
30.669724 -0.000171
30.674724 -0.000171
30.679725 -0.000171
30.684726 0.000065
30.689727 0.000065
30.694727 0.000065
30.699728 0.000302
30.704729 0.000302
30.709730 0.000538
30.714730 0.000538
30.719731 0.000538
30.724732 0.000538
30.729733 0.000538
30.734734 0.000538
30.739734 0.000538
30.744735 0.000538
30.749736 0.000538
30.754737 0.000538
30.759737 0.000538
30.764738 0.000538
30.769739 0.000538
30.774740 0.000538
30.779740 0.000538
30.784741 0.000538
30.789742 0.000538
30.794743 0.000538
30.799744 0.000538
30.804744 0.000538
30.809745 0.000538
30.814746 0.000538
30.819747 0.000538
30.824747 0.000538
30.829748 0.000538
30.834749 0.000775
30.839750 0.000775
30.844750 0.000775
30.849751 0.000775
30.854752 0.000775
30.859753 0.000775
30.864754 0.000775
30.869754 0.001011
30.874755 0.001011
30.879756 0.001011
30.884757 0.000775
30.889757 0.001011
30.894758 0.000775
30.899759 0.000775
30.904760 0.000775
30.909760 0.000775
30.914761 0.000775
30.919762 0.000775
30.924763 0.000538
30.929764 0.000538
30.934764 0.000538
30.939765 0.000302
30.944766 0.000302
30.949767 0.000302
30.954767 0.000065
30.959768 0.000065
30.964769 0.000065
30.969770 -0.000171
30.974770 -0.000407
30.979771 -0.000407
30.984772 -0.000407
30.989773 -0.000644
30.994774 -0.000644
30.999774 -0.000644
31.004775 -0.000644
31.009776 -0.000644
31.014777 -0.000644
31.019777 -0.000644
31.024778 -0.000407
31.029779 -0.000407
31.034780 -0.000407
31.039780 -0.000407
31.044781 -0.000407
31.049782 -0.000407
31.054783 -0.000407
31.059784 -0.000407
31.064784 -0.000407
31.069785 -0.000407
31.074786 -0.000407
31.079787 -0.000407
31.084787 -0.000407
31.089788 -0.000407
31.094789 -0.000407
31.099790 -0.000644
31.104791 -0.000644
31.109791 -0.000880
31.114792 -0.000880
31.119793 -0.000880
31.124794 -0.001116
31.129794 -0.001116
31.134795 -0.001116
31.139796 -0.001116
31.144797 -0.001353
31.149797 -0.001353
31.154798 -0.001353
31.159799 -0.001353
31.164800 -0.001589
31.169801 -0.001589
31.174801 -0.001353
31.179802 -0.001353
31.184803 -0.001353
31.189804 -0.001353
31.194804 -0.001116
31.199805 -0.001116
31.204806 -0.000880
31.209807 -0.000880
31.214807 -0.000644
31.219808 -0.000644
31.224809 -0.000407
31.229810 -0.000407
31.234811 -0.000171
31.239811 -0.000171
31.244812 0.000066
31.249813 0.000302
31.254814 0.000302
31.259814 0.000302
31.264815 0.000538
31.269816 0.000538
31.274817 0.000775
31.279817 0.000775
31.284818 0.000775
31.289819 0.000775
31.294820 0.001011
31.299821 0.001011
31.304821 0.001011
31.309822 0.001248
31.314823 0.001248
31.319824 0.001248
31.324824 0.001248
31.329825 0.001484
31.334826 0.001484
31.339827 0.001484
31.344827 0.001484
31.349828 0.001720
31.354829 0.001720
31.359830 0.001720
31.364831 0.001484
31.369831 0.001484
31.374832 0.001484
31.379833 0.001484
31.384834 0.001484
31.389834 0.001248
31.394835 0.001248
31.399836 0.001248
31.404837 0.001011
31.409837 0.001011
31.414838 0.000775
31.419839 0.000538
31.424840 0.000538
31.429841 0.000302
31.434841 0.000066
31.439842 0.000066
31.444843 -0.000171
31.449844 -0.000407
31.454844 -0.000407
31.459845 -0.000644
31.464846 -0.000880
31.469847 -0.000880
31.474848 -0.001116
31.479848 -0.001116
31.484849 -0.001116
31.489850 -0.001353
31.494851 -0.001353
31.499851 -0.001353
31.504852 -0.001353
31.509853 -0.001116
31.514854 -0.001116
31.519854 -0.001116
31.524855 -0.001116
31.529856 -0.000880
31.534857 -0.000880
31.539858 -0.000880
31.544858 -0.000644
31.549859 -0.000644
31.554860 -0.000644
31.559861 -0.000644
31.564861 -0.000407
31.569862 -0.000407
31.574863 -0.000407
31.579864 -0.000407
31.584864 -0.000644
31.589865 -0.000644
31.594866 -0.000644
31.599867 -0.000880
31.604868 -0.000644
31.609868 -0.000880
31.614869 -0.000644
31.619870 -0.000644
31.624871 -0.000644
31.629871 -0.000644
31.634872 -0.000644
31.639873 -0.000644
31.644874 -0.000644
31.649874 -0.000644
31.654875 -0.000407
31.659876 -0.000407
31.664877 -0.000407
31.669878 -0.000407
31.674878 -0.000171
31.679879 0.000066
31.684880 0.000066
31.689881 0.000302
31.694881 0.000302
31.699882 0.000538
31.704883 0.000538
31.709884 0.000775
31.714884 0.000775
31.719885 0.000775
31.724886 0.001011
31.729887 0.001011
31.734888 0.001011
31.739888 0.001011
31.744889 0.001011
31.749890 0.001011
31.754891 0.001011
31.759891 0.001011
31.764892 0.001011
31.769893 0.001011
31.774894 0.001011
31.779894 0.001011
31.784895 0.001011
31.789896 0.001011
31.794897 0.001011
31.799898 0.001011
31.804898 0.001011
31.809899 0.001011
31.814900 0.001011
31.819901 0.001011
31.824901 0.001011
31.829902 0.000775
31.834903 0.000775
31.839904 0.000775
31.844904 0.000775
31.849905 0.000775
31.854906 0.000538
31.859907 0.000538
31.864908 0.000538
31.869908 0.000538
31.874909 0.000538
31.879910 0.000538
31.884911 0.000302
31.889911 0.000302
31.894912 0.000302
31.899913 0.000066
31.904914 0.000066
31.909915 -0.000171
31.914915 -0.000171
31.919916 -0.000171
31.924917 -0.000407
31.929918 -0.000407
31.934918 -0.000643
31.939919 -0.000643
31.944920 -0.000880
31.949921 -0.000880
31.954921 -0.001116
31.959922 -0.001116
31.964923 -0.001116
31.969924 -0.001353
31.974925 -0.001353
31.979925 -0.001353
31.984926 -0.001353
31.989927 -0.001353
31.994928 -0.001116
31.999928 -0.001116
32.004929 -0.001116
32.009930 -0.001116
32.014931 -0.000880
32.019931 -0.000880
32.024932 -0.000880
32.029933 -0.000880
32.034934 -0.000880
32.039935 -0.000880
32.044935 -0.000880
32.049936 -0.000880
32.054937 -0.000880
32.059938 -0.000880
32.064938 -0.001116
32.069939 -0.000880
32.074940 -0.000880
32.079941 -0.000880
32.084941 -0.000643
32.089942 -0.000643
32.094943 -0.000407
32.099944 -0.000407
32.104945 -0.000407
32.109945 -0.000407
32.114946 -0.000171
32.119947 -0.000171
32.124948 -0.000171
32.129948 0.000066
32.134949 0.000066
32.139950 0.000066
32.144951 0.000302
32.149951 0.000302
32.154952 0.000539
32.159953 0.000539
32.164954 0.000539
32.169955 0.000775
32.174955 0.000775
32.179956 0.000775
32.184957 0.000775
32.189958 0.000775
32.194958 0.000775
32.199959 0.000775
32.204960 0.000775
32.209961 0.000775
32.214961 0.000775
32.219962 0.000775
32.224963 0.000775
32.229964 0.000775
32.234965 0.000775
32.239965 0.000775
32.244966 0.000775
32.249967 0.000775
32.254968 0.000775
32.259968 0.000775
32.264969 0.000539
32.269970 0.000539
32.274971 0.000539
32.279972 0.000539
32.284972 0.000539
32.289973 0.000539
32.294974 0.000775
32.299975 0.000539
32.304975 0.000539
32.309976 0.000775
32.314977 0.000775
32.319978 0.000539
32.324978 0.000775
32.329979 0.000539
32.334980 0.000539
32.339981 0.000539
32.344982 0.000539
32.349982 0.000539
32.354983 0.000539
32.359984 0.000539
32.364985 0.000302
32.369985 0.000302
32.374986 0.000302
32.379987 0.000302
32.384988 0.000302
32.389988 0.000066
32.394989 0.000066
32.399990 0.000066
32.404991 0.000066
32.409992 0.000066
32.414992 -0.000171
32.419993 -0.000171
32.424994 -0.000171
32.429995 -0.000171
32.434995 -0.000407
32.439996 -0.000407
32.444997 -0.000407
32.449998 -0.000407
32.454998 -0.000643
32.459999 -0.000643
32.465000 -0.000643
0.000000 0.000000
0.005001 0.007377
0.010002 -0.008609
0.015003 -0.004366
0.020004 0.005529
0.025005 0.005419
0.030006 -0.004823
0.035007 -0.007018
0.040008 0.007541
0.045009 0.004432
0.050010 -0.005609
0.055011 -0.005811
0.060012 0.005291
0.065013 0.007065
0.070014 -0.007073
0.075015 -0.005317
0.080016 0.005584
0.085017 0.006443
0.090018 -0.005701
0.095019 -0.007457
0.100020 0.007285
0.105021 0.004797
0.110022 -0.006689
0.115023 -0.005555
0.120024 0.005053
0.125025 0.007047
0.130026 -0.007036
0.135027 -0.007055
0.140028 0.008162
0.145029 0.005291
0.150030 -0.007475
0.155031 -0.004604
0.160032 0.005730
0.165033 0.006425
0.170034 -0.005647
0.175035 -0.006159
0.180036 0.006370
0.185037 0.005528
0.190038 -0.006012
0.195039 -0.007183
0.200040 0.008546
0.205041 0.006004
0.210042 -0.008482
0.215043 -0.004824
0.220044 0.005181
0.225045 0.006004
0.230046 -0.006324
0.235047 -0.005793
0.240048 0.006955
0.245049 0.004522
0.250050 -0.006031
0.255051 -0.005482
0.260052 0.004925
0.265053 0.006132
0.270054 -0.006744
0.275055 -0.005556
0.280056 0.006863
0.285057 0.004156
0.290058 -0.005885
0.295059 -0.006708
0.300060 0.007101
0.305061 0.007174
0.310062 -0.007494
0.315063 -0.005263
0.320064 0.006881
0.325065 0.005436
0.330066 -0.007147
0.335067 -0.005684
0.340068 0.006534
0.345069 0.006150
0.350070 -0.007129
0.355071 -0.006233
0.360072 0.007558
0.365073 0.005747
0.370074 -0.005739
0.375075 -0.006397
0.380076 0.006058
0.385077 0.006479
0.390078 -0.008117
0.395079 -0.005520
0.400080 0.007393
0.405081 0.005729
0.410082 -0.006324
0.415083 -0.006434
0.420084 0.006405
0.425085 0.004960
0.430086 -0.005611
0.435087 -0.006398
0.440088 0.006515
0.445089 0.006643
0.450090 -0.007989
0.455091 -0.003636
0.460092 0.003991
0.465093 0.006515
0.470094 -0.004605
0.475095 -0.009050
0.480096 0.008838
0.485097 0.005216
0.490098 -0.007440
0.495099 -0.005300
0.500100 0.007027
0.505101 0.006350
0.510102 -0.006983
0.515103 -0.005447
0.520104 0.004009
0.525105 0.007191
0.530106 -0.005648
0.535107 -0.006544
0.540108 0.008051
0.545109 0.004558
0.550110 -0.006910
0.555111 -0.005667
0.560112 0.006478
0.565113 0.006295
0.570114 -0.006874
0.575115 -0.006252
0.580116 0.007081
0.585117 0.005198
0.590118 -0.007276
0.595119 -0.006600
0.600120 0.007026
0.605121 0.006459
0.610122 -0.008941
0.615123 -0.004496
0.620124 0.006240
0.625125 0.005088
0.630126 -0.004716
0.635127 -0.007880
0.640128 0.006057
0.645129 0.006441
0.650130 -0.007130
0.655131 -0.006838
0.660132 0.007849
0.665133 0.006843
0.670134 -0.009179
0.675135 -0.005466
0.680136 0.007447
0.685137 0.004319
0.690138 -0.008063
0.695139 -0.004844
0.700140 0.007556
0.705141 0.004776
0.710142 -0.006216
0.715143 -0.005393
0.720144 0.006642
0.725145 0.005087
0.730146 -0.006490
0.735147 -0.004844
0.740148 0.006276
0.745149 0.005051
0.750150 -0.006564
0.755151 -0.004296
0.760152 0.005819
0.765153 0.005563
0.770154 -0.006198
0.775155 -0.006911
0.780156 0.007556
0.785157 0.005581
0.790158 -0.006509
0.795159 -0.005686
0.800160 0.006440
0.805161 0.006056
0.810162 -0.006655
0.815163 -0.005210
0.820164 0.005160
0.825165 0.006696
0.830166 -0.006527
0.835167 -0.007094
0.840168 0.007611
0.845169 0.005782
0.850170 -0.006546
0.855171 -0.005467
0.860172 0.007172
0.865173 0.005635
0.870174 -0.007369
0.875175 -0.005266
0.880176 0.007647
0.885177 0.005050
0.890178 -0.007168
0.895179 -0.005229
0.900180 0.007153
0.905181 0.006294
0.910182 -0.008979
0.915183 -0.005979
0.920184 0.009366
0.925185 0.004757
0.930186 -0.007296
0.935187 -0.004681
0.940188 0.007793
0.945189 0.004062
0.950190 -0.007223
0.955191 -0.003876
0.960192 0.005946
0.965193 0.006129
0.970194 -0.008375
0.975195 -0.004297
0.980196 0.008287
0.985197 0.003477
0.990198 -0.006455
0.995199 -0.004150
1.000200 0.006769
1.005201 0.004025
1.010202 -0.005156
1.015203 -0.005028
1.020204 0.006988
1.025205 0.005342
1.030206 -0.008010
1.035207 -0.005760
1.040208 0.008012
1.045209 0.005817
1.050210 -0.009180
1.055211 -0.003821
1.060212 0.007665
1.065213 0.004500
1.070214 -0.005907
1.075215 -0.005998
1.080216 0.006677
1.085217 0.007207
1.090218 -0.007845
1.095219 -0.006730
1.100220 0.007756
1.105221 0.005689
1.110222 -0.006949
1.115223 -0.006547
1.120224 0.007061
1.125225 0.004829
1.130226 -0.006785
1.135228 -0.003932
1.140229 0.005872
1.145230 0.005671
1.150231 -0.007096
1.155232 -0.005194
1.160233 0.007884
1.165234 0.005561
1.170235 -0.007882
1.175236 -0.005175
1.180237 0.008560
1.185238 0.003128
1.190239 -0.007279
1.195240 -0.005230
1.200241 0.007682
1.205242 0.006713
1.210243 -0.008029
1.215244 -0.004206
1.220245 0.007207
1.225246 0.005396
1.230247 -0.007206
1.235248 -0.004828
1.240249 0.008359
1.245250 0.003969
1.250251 -0.006127
1.255252 -0.005212
1.260253 0.005359
1.265254 0.007060
1.270255 -0.007243
1.275256 -0.006420
1.280257 0.008615
1.285258 0.004024
1.290259 -0.007352
1.295260 -0.003146
1.300261 0.006164
1.305262 0.004646
1.310263 -0.006804
1.315264 -0.005597
1.320265 0.007115
1.325266 0.007243
1.330267 -0.006950
1.335268 -0.006347
1.340269 0.007956
1.345270 0.004207
1.350271 -0.006146
1.355272 -0.004170
1.360273 0.006328
1.365274 0.005286
1.370275 -0.007097
1.375276 -0.005067
1.380277 0.008230
1.385278 0.005889
1.390279 -0.008011
1.395280 -0.005597
1.400281 0.006822
1.405282 0.006090
1.410283 -0.007609
1.415284 -0.004701
1.420285 0.007590
1.425286 0.004096
1.430287 -0.005524
1.435288 -0.005725
1.440289 0.007315
1.445290 0.005468
1.450291 -0.007664
1.455292 -0.003659
1.460293 0.006511
1.465294 0.005523
1.470295 -0.006256
1.475296 -0.006073
1.480297 0.008321
1.485298 0.005870
1.490299 -0.008725
1.495300 -0.005140
1.500301 0.007407
1.505302 0.004773
1.510303 -0.006622
1.515304 -0.005616
1.520305 0.008230
1.525306 0.005669
1.530307 -0.007792
1.535308 -0.003970
1.540309 0.006967
1.545310 0.005651
1.550311 -0.006787
1.555312 -0.005232
1.560313 0.006913
1.565314 0.005486
1.570315 -0.005909
1.575316 -0.005909
1.580317 0.007205
1.585318 0.005065
1.590319 -0.007006
1.595320 -0.004555
1.600321 0.007242
1.605322 0.005138
1.610323 -0.007592
1.615324 -0.003257
1.620325 0.007918
1.625326 0.003693
1.630327 -0.006915
1.635328 -0.005031
1.640329 0.007369
1.645330 0.006181
1.650331 -0.008396
1.655332 -0.005360
1.660333 0.007150
1.665334 0.004608
1.670335 -0.005342
1.675336 -0.006129
1.680337 0.006491
1.685338 0.005138
1.690339 -0.007244
1.695340 -0.003623
1.700341 0.006967
1.705342 0.004461
1.710343 -0.006806
1.715344 -0.004519
1.720345 0.005705
1.725346 0.006400
1.730347 -0.006952
1.735348 -0.004922
1.740349 0.009107
1.745350 0.001278
1.750351 -0.005343
1.755352 -0.003056
1.760353 0.005394
1.765354 0.007259
1.770355 -0.007812
1.775356 -0.005306
1.780357 0.006930
1.785358 0.005009
1.790359 -0.005343
1.795360 -0.006806
1.800361 0.008210
1.805362 0.006052
1.810363 -0.009330
1.815364 -0.003880
1.820365 0.006930
1.825366 0.004131
1.830367 -0.006678
1.835368 -0.004904
1.840369 0.007734
1.845370 0.004223
1.850371 -0.007135
1.855372 -0.005288
1.860373 0.006545
1.865374 0.006271
1.870375 -0.007684
1.875376 -0.005855
1.880377 0.007679
1.885378 0.006289
1.890379 -0.007977
1.895380 -0.006441
1.900381 0.009088
1.905382 0.005594
1.910383 -0.007392
1.915384 -0.005197
1.920385 0.007862
1.925386 0.005576
1.930387 -0.009312
1.935388 -0.004411
1.940389 0.009197
1.945390 0.003966
1.950391 -0.007575
1.955392 -0.004319
1.960393 0.007277
1.965394 0.005265
1.970395 -0.008050
1.975396 -0.003752
1.980397 0.006856
1.985398 0.005210
1.990399 -0.006075
1.995400 -0.006404
2.000401 0.009105
2.005402 0.005191
2.010403 -0.007520
2.015404 -0.005142
2.020405 0.007916
2.025406 0.005411
2.030407 -0.006752
2.035408 -0.004758
2.040409 0.004716
2.045410 0.006947
2.050411 -0.007465
2.055412 -0.004448
2.060413 0.009014
2.065414 0.003819
2.070415 -0.007319
2.075416 -0.004722
2.080417 0.007861
2.085418 0.004697
2.090419 -0.005710
2.095420 -0.005143
2.100421 0.007093
2.105422 0.005392
2.110423 -0.008435
2.115424 -0.003204
2.120425 0.007642
2.125426 0.002703
2.130427 -0.006094
2.135428 -0.004027
2.140429 0.005429
2.145430 0.006380
2.150431 -0.008069
2.155432 -0.005271
2.160433 0.008958
2.165434 0.003343
2.170435 -0.006990
2.175436 -0.005216
2.180437 0.007587
2.185438 0.005556
2.190439 -0.008344
2.195440 -0.003863
2.200441 0.006745
2.205442 0.004203
2.210443 -0.007173
2.215444 -0.004156
2.220445 0.009452
2.225446 0.002996
2.230447 -0.007741
2.235448 -0.004229
2.240449 0.007111
2.245450 0.005702
2.250451 -0.009332
2.255452 -0.004448
2.260453 0.008885
2.265454 0.003800
2.270455 -0.008582
2.275456 -0.003278
2.280457 0.008354
2.285458 0.001953
2.290459 -0.007229
2.295460 -0.002857
2.300461 0.007879
2.305462 0.003727
2.310463 -0.008180
2.315464 -0.003790
2.320465 0.007787
2.325466 0.005976
2.330467 -0.008070
2.335468 -0.005162
2.340469 0.007129
2.345470 0.003946
2.350471 -0.006406
2.355472 -0.005052
2.360473 0.008866
2.365474 0.004641
2.370475 -0.008034
2.375476 -0.005235
2.380477 0.007476
2.385478 0.005354
2.390479 -0.009369
2.395480 -0.002785
2.400481 0.006763
2.405482 0.003836
2.410483 -0.006809
2.415484 -0.006223
2.420485 0.009195
2.425486 0.004184
2.430487 -0.007650
2.435488 -0.004120
2.440489 0.007512
2.445490 0.005153
2.450491 -0.009314
2.455492 -0.003334
2.460493 0.008262
2.465494 0.002702
2.470495 -0.008126
2.475496 -0.003370
2.480497 0.008244
2.485498 0.003123
2.490499 -0.006589
2.495500 -0.004541
2.500501 0.007750
2.505502 0.005226
2.510503 -0.008985
2.515504 -0.003444
2.520505 0.006762
2.525506 0.003891
2.530507 -0.006809
2.535508 -0.004468
2.540509 0.008097
2.545510 0.003817
2.550511 -0.007394
2.555512 -0.004870
2.560513 0.008371
2.565514 0.004969
2.570515 -0.008492
2.575516 -0.004834
2.580517 0.008371
2.585518 0.005134
2.590519 -0.010120
2.595520 -0.003920
2.600521 0.009322
2.605522 0.003726
2.610523 -0.007852
2.615524 -0.004377
2.620525 0.007420
2.625526 0.004512
2.630527 -0.007120
2.635528 -0.004871
2.640529 0.008133
2.645530 0.004969
2.650531 -0.008529
2.655532 -0.003847
2.660533 0.007731
2.665534 0.003250
2.670535 -0.008419
2.675536 -0.002768
2.680537 0.009541
2.685538 0.002555
2.690539 -0.007852
2.695540 -0.003957
2.700541 0.008645
2.705542 0.004457
2.710543 -0.008383
2.715544 -0.003847
2.720545 0.006505
2.725546 0.006267
2.730547 -0.007926
2.735548 -0.006554
2.740549 0.008883
2.745550 0.004603
2.750551 -0.009480
2.755552 -0.003920
2.760553 0.009358
2.765554 0.003121
2.770555 -0.008090
2.775556 -0.004524
2.780557 0.008992
2.785558 0.004530
2.790559 -0.009609
2.795560 -0.003061
2.800561 0.008187
2.805562 0.003670
2.810563 -0.008255
2.815564 -0.004780
2.820565 0.008425
2.825566 0.006029
2.830567 -0.008603
2.835568 -0.005585
2.840569 0.008882
2.845570 0.003853
2.850571 -0.008438
2.855572 -0.004543
2.860573 0.009394
2.865574 0.004474
2.870575 -0.009243
2.875576 -0.003793
2.880577 0.008589
2.885578 0.003706
2.890579 -0.008438
2.895580 -0.002641
2.900581 0.005919
2.905582 0.004931
2.910583 -0.006225
2.915584 -0.005860
2.920585 0.008772
2.925586 0.002993
2.930587 -0.007341
2.935588 -0.002988
2.940589 0.006907
2.945590 0.004108
2.950591 -0.007616
2.955592 -0.003921
2.960593 0.008260
2.965594 0.004949
2.970595 -0.008256
2.975596 -0.003519
2.980597 0.006943
2.985598 0.004218
2.990599 -0.005311
2.995600 -0.005970
3.000601 0.008552
3.005602 0.004382
3.010603 -0.007963
3.015604 -0.002239
3.020605 0.006229
3.025606 0.004675
3.030607 -0.007671
3.035608 -0.004232
3.040609 0.008132
3.045610 0.003907
3.050611 -0.008604
3.055612 -0.002769
3.060613 0.009448
3.065614 0.001364
3.070615 -0.007177
3.075616 -0.004324
3.080617 0.007711
3.085618 0.005479
3.090619 -0.008549
3.095620 -0.004105
3.100621 0.007052
3.105622 0.004144
3.110623 -0.007342
3.115624 -0.004397
3.120625 0.007692
3.125626 0.004729
3.130627 -0.008330
3.135628 -0.004123
3.140629 0.008533
3.145630 0.003412
3.150631 -0.008001
3.155632 -0.004946
3.160633 0.008479
3.165634 0.004693
3.170635 -0.008440
3.175636 -0.003355
3.180637 0.008039
3.185638 0.004089
3.190639 -0.007086
3.195640 -0.004581
3.200641 0.006631
3.205642 0.005003
3.210643 -0.008147
3.215644 -0.003172
3.220645 0.007765
3.225646 0.002936
3.230647 -0.005971
3.235648 -0.005111
3.240649 0.008935
3.245650 0.004107
3.250651 -0.008659
3.255652 -0.003301
3.260653 0.007618
3.265654 0.004582
3.270655 -0.008477
3.275656 -0.002843
3.280657 0.007088
3.285658 0.004491
3.290659 -0.007928
3.295660 -0.004892
3.300661 0.008606
3.305662 0.002863
3.310663 -0.005807
3.315664 -0.004691
3.320665 0.007454
3.325666 0.005753
3.330667 -0.008514
3.335668 -0.004490
3.340669 0.007801
3.345670 0.005076
3.350671 -0.008386
3.355672 -0.003594
3.360673 0.007636
3.365674 0.002753
3.370675 -0.008056
3.375676 -0.004033
3.380677 0.009337
3.385678 0.002040
3.390679 -0.008239
3.395680 -0.002496
3.400681 0.006466
3.405683 0.003759
3.410684 -0.006228
3.415685 -0.003484
3.420686 0.005825
3.425687 0.003521
3.430688 -0.006557
3.435689 -0.004216
3.440690 0.007581
3.445691 0.004417
3.450692 -0.009959
3.455693 -0.003301
3.460694 0.010105
3.465695 0.001747
3.470696 -0.008350
3.475697 -0.002405
3.480698 0.007965
3.485699 0.003612
3.490700 -0.007874
3.495701 -0.004216
3.500702 0.008312
3.505703 0.004472
3.510704 -0.009392
3.515705 -0.003503
3.520706 0.008312
3.525707 0.002551
3.530708 -0.007563
3.535709 -0.004802
3.540710 0.008898
3.545711 0.004435
3.550712 -0.009411
3.555713 -0.003101
3.560714 0.008385
3.565715 0.004380
3.570716 -0.009136
3.575717 -0.002936
3.580718 0.008221
3.585719 0.002240
3.590720 -0.005844
3.595721 -0.004985
3.600722 0.008660
3.605723 0.004014
3.610724 -0.009173
3.615725 -0.000705
3.620726 0.005294
3.625727 0.003246
3.630728 -0.006558
3.635729 -0.003979
3.640730 0.009610
3.645731 0.002477
3.650732 -0.008771
3.655733 -0.004509
3.660734 0.009885
3.665735 0.004197
3.670736 -0.009887
3.675737 -0.003376
3.680738 0.008531
3.685739 0.005074
3.690740 -0.009740
3.695741 -0.002772
3.700742 0.008714
3.705743 0.002075
3.710744 -0.006430
3.715745 -0.004345
3.720746 0.008129
3.725747 0.004068
3.730748 -0.008643
3.735749 -0.004071
3.740750 0.008293
3.745751 0.004909
3.750752 -0.009375
3.755753 -0.003248
3.760754 0.008055
3.765755 0.002824
3.770756 -0.007052
3.775757 -0.003595
3.780758 0.008147
3.785759 0.003007
3.790760 -0.007619
3.795761 -0.004291
3.800762 0.008439
3.805763 0.004251
3.810764 -0.009942
3.815765 -0.001017
3.820766 0.007579
3.825767 0.002111
3.830768 -0.006705
3.835769 -0.004272
3.840770 0.007762
3.845771 0.002733
3.850772 -0.007199
3.855773 -0.003449
3.860774 0.007470
3.865775 0.003574
3.870776 -0.008845
3.875777 -0.003779
3.880778 0.009390
3.885779 0.002056
3.890780 -0.009796
3.895781 0.000172
3.900782 0.007232
3.905783 0.002202
3.910784 -0.007400
3.915785 -0.003029
3.920786 0.007085
3.925787 0.002842
3.930788 -0.007419
3.935789 -0.004602
3.940790 0.010158
3.945791 0.000702
3.950792 -0.007126
3.955793 -0.000871
3.960794 0.005238
3.965795 0.005293
3.970796 -0.009065
3.975797 -0.003706
3.980798 0.009335
3.985799 0.002494
3.990800 -0.009047
3.995801 -0.002188
4.000802 0.009792
4.005803 0.001561
4.010804 -0.007913
4.015805 -0.003340
4.020806 0.007999
4.025807 0.003921
4.030808 -0.008590
4.035809 -0.003414
4.040810 0.007450
4.045811 0.004250
4.050812 -0.008352
4.055813 -0.004529
4.060814 0.008383
4.065815 0.002896
4.070816 -0.006779
4.075817 -0.003670
4.080818 0.007505
4.085819 0.004048
4.090820 -0.009450
4.095821 -0.001585
4.100822 0.007798
4.105823 0.002311
4.110824 -0.006578
4.115825 -0.005170
4.120826 0.007761
4.125827 0.005950
4.130828 -0.009285
4.135829 -0.005883
4.140830 0.011565
4.145831 0.002768
4.150832 -0.010291
4.155833 -0.000707
4.160834 0.007121
4.165835 0.003408
4.170836 -0.008535
4.175837 -0.003012
4.180838 0.009645
4.185839 0.001853
4.190840 -0.006889
4.195841 -0.003561
4.200842 0.007724
4.205843 0.004871
4.210844 -0.010383
4.215845 -0.003195
4.220846 0.010522
4.225847 0.001816
4.230848 -0.009194
4.235849 -0.002207
4.240850 0.008730
4.245851 0.002713
4.250852 -0.009011
4.255853 -0.003780
4.260854 0.008455
4.265855 0.003279
4.270856 -0.008792
4.275857 -0.002171
4.280858 0.008382
4.285859 0.001432
4.290860 -0.007621
4.295861 -0.003561
4.300862 0.008656
4.305863 0.003755
4.310864 -0.009579
4.315865 -0.001842
4.320866 0.007010
4.325867 0.003261
4.330868 -0.008609
4.335869 -0.003543
4.340870 0.009699
4.345871 0.000847
4.350872 -0.007768
4.355873 -0.002812
4.360874 0.007742
4.365875 0.003901
4.370876 -0.008829
4.375877 -0.003360
4.380878 0.009534
4.385879 0.001779
4.390880 -0.009542
4.395881 -0.001897
4.400882 0.007138
4.405883 0.003791
4.410884 -0.009103
4.415885 -0.003562
4.420886 0.009936
4.425887 0.000572
4.430888 -0.008262
4.435889 -0.003141
4.440890 0.008345
4.445891 0.003151
4.450892 -0.010146
4.455893 -0.001989
4.460894 0.008601
4.465895 0.003974
4.470896 -0.010274
4.475897 -0.002355
4.480898 0.009223
4.485899 0.000809
4.490900 -0.006781
4.495901 -0.004476
4.500902 0.009936
4.505903 0.002144
4.510904 -0.008756
4.515905 -0.002062
4.520906 0.005601
4.525907 0.005089
4.530908 -0.009013
4.535909 -0.003452
4.540910 0.007448
4.545911 0.002400
4.550912 -0.006909
4.555913 -0.004202
4.560914 0.008198
4.565915 0.003991
4.570916 -0.008208
4.575917 -0.005940
4.580918 0.008747
4.585919 0.004339
4.590920 -0.009159
4.595921 -0.003928
4.600922 0.007375
4.605923 0.002071
4.610924 -0.011738
4.615925 -0.005885
4.620926 0.002601
4.625927 -0.004312
4.630928 -0.013421
4.635929 -0.005721
4.640930 0.009021
4.645931 0.007484
4.650932 -0.001331
4.655933 0.004101
4.660934 0.015806
4.665935 0.006332
4.670936 -0.006763
4.675937 -0.002136
4.680938 0.007283
4.685939 0.000772
4.690940 -0.014390
4.695941 -0.007129
4.700942 0.003131
4.705943 -0.000198
4.710944 -0.003435
4.715945 0.004905
4.720946 0.019153
4.725947 0.010923
4.730948 -0.002447
4.735949 0.000132
4.740950 0.010612
4.745951 0.006405
4.750952 -0.011830
4.755953 -0.007678
4.760954 0.003844
4.765955 -0.002923
4.770956 -0.012105
4.775957 -0.007514
4.780958 0.005710
4.785959 0.003606
4.790960 -0.008849
4.795961 -0.001789
4.800962 0.011069
4.805963 0.006167
4.810964 -0.005008
4.815965 -0.000015
4.820966 0.011544
4.825967 0.000881
4.830968 -0.015287
4.835969 -0.012928
4.840970 -0.011940
4.845971 -0.023810
4.850972 -0.033431
4.855973 -0.028218
4.860974 -0.030358
4.865975 -0.057007
4.870976 -0.064030
4.875977 -0.042795
4.880978 -0.012453
4.885979 0.010995
4.890980 0.012861
4.895981 0.023011
4.900982 0.037296
4.905983 0.042380
4.910984 0.049020
4.915985 0.063286
4.920986 0.069943
4.925987 0.035229
4.930988 -0.020866
4.935989 -0.063427
4.940990 -0.080253
4.945991 -0.083070
4.950992 -0.085411
4.955993 -0.066609
4.960994 -0.040016
4.965995 -0.032352
4.970996 -0.014611
4.975997 0.033985
4.980998 0.092055
4.985999 0.130702
4.991000 0.142645
4.996001 0.143724
5.001002 0.128745
5.006003 0.081795
5.011004 0.019463
5.016005 -0.018873
5.021006 -0.036139
5.026007 -0.057263
5.031008 -0.062257
5.036009 -0.029664
5.041010 0.010208
5.046011 0.005782
5.051012 -0.031749
5.056013 -0.055069
5.061014 -0.045851
5.066015 -0.024470
5.071016 0.003642
5.076017 0.049531
5.081018 0.073235
5.086019 0.049549
5.091020 0.001904
5.096021 -0.018965
5.101022 -0.027360
5.106023 -0.074347
5.111024 -0.118736
5.116025 -0.101050
5.121026 -0.033341
5.126027 0.012750
5.131028 0.020560
5.136029 0.004483
5.141030 -0.036926
5.146031 -0.073414
5.151032 -0.075042
5.156033 -0.019642
5.161034 0.076911
5.166035 0.168049
5.171036 0.191899
5.176037 0.130829
5.181038 0.037313
5.186039 -0.029281
5.191040 0.025333
5.196041 0.145424
5.201042 0.162160
5.206043 0.049439
5.211044 -0.133387
5.216045 -0.265842
5.221046 -0.263373
5.226047 -0.138124
5.231048 0.033069
5.236049 0.141730
5.241050 0.134688
5.246051 0.033453
5.251052 -0.037932
5.256053 0.016334
5.261054 0.133316
5.266055 0.178858
5.271056 0.093005
5.276057 -0.061892
5.281058 -0.164352
5.286059 -0.146135
5.291060 -0.046089
5.296061 0.043494
5.301062 0.057230
5.306063 0.004921
5.311064 -0.036561
5.316065 -0.008723
5.321066 0.047719
5.326067 0.079836
5.331068 0.052603
5.336069 -0.018783
5.341070 -0.104873
5.346071 -0.188111
5.351072 -0.184471
5.356073 -0.104508
5.361074 -0.055399
5.366075 -0.083712
5.371076 -0.104069
5.376077 -0.038042
5.381078 0.083073
5.386079 0.195044
5.391080 0.220522
5.396081 0.198794
5.401082 0.196507
5.406083 0.183119
5.411084 0.100851
5.416085 -0.021673
5.421086 -0.117219
5.426087 -0.199414
5.431088 -0.202963
5.436089 -0.109812
5.441090 -0.037768
5.446091 -0.044773
5.451092 -0.087224
5.456093 -0.086785
5.461094 -0.038390
5.466095 0.045359
5.471096 0.117915
5.476097 0.128231
5.481098 0.095364
5.486099 0.029282
5.491100 -0.033562
5.496101 -0.074239
5.501102 -0.079817
5.506103 -0.036159
5.511104 -0.012565
5.516105 -0.000640
5.521106 0.022990
5.526107 -0.010517
5.531108 -0.069191
5.536109 -0.090956
5.541110 -0.062131
5.546111 0.008358
5.551112 0.052675
5.556113 0.050645
5.561114 0.017412
5.566115 -0.037238
5.571116 -0.055784
5.576117 -0.026868
5.581118 0.012199
5.586119 0.062935
5.591120 0.098747
5.596121 0.085395
5.601122 0.040786
5.606123 0.019735
5.611124 0.064362
5.616125 0.140082
5.621126 0.165432
5.626127 0.103996
5.631128 0.015290
5.636129 -0.050883
5.641130 -0.094632
5.646131 -0.111294
5.651132 -0.094248
5.656133 -0.079031
5.661134 -0.113764
5.666135 -0.151971
5.671137 -0.154166
5.676138 -0.122067
5.681139 -0.048085
5.686140 0.019935
5.691141 0.059679
5.696142 0.092400
5.701143 0.123548
5.706144 0.137997
5.711145 0.125706
5.716146 0.107928
5.721147 0.073323
5.726148 0.009217
5.731149 -0.062461
5.736150 -0.092182
5.741151 -0.091304
5.746152 -0.101162
5.751153 -0.098273
5.756154 -0.097175
5.761155 -0.088579
5.766156 -0.078648
5.771157 -0.067290
5.776158 0.015198
5.781159 0.116725
5.786160 0.135948
5.791161 0.073140
5.796162 0.002797
5.801163 -0.019224
5.806164 -0.021437
5.811165 -0.037367
5.816166 -0.015109
5.821167 0.068531
5.826168 0.158737
5.831169 0.238005
5.836170 0.295801
5.841171 0.298691
5.846172 0.235353
5.851173 0.108257
5.856174 -0.086824
5.861175 -0.294158
5.866176 -0.406257
5.871177 -0.380431
5.876178 -0.261236
5.881179 -0.159435
5.886180 -0.124812
5.891181 -0.110783
5.896182 -0.083056
5.901183 -0.002306
5.906184 0.145531
5.911185 0.296715
5.916186 0.379203
5.921187 0.346628
5.926188 0.219440
5.931189 0.111951
5.936190 0.061672
5.941191 0.046601
5.946192 0.055874
5.951193 0.029244
5.956194 -0.028900
5.961195 -0.123587
5.966196 -0.244958
5.971197 -0.286916
5.976198 -0.225224
5.981199 -0.114387
5.986200 -0.046349
5.991201 -0.061365
5.996202 -0.091781
6.001203 -0.076856
6.006204 -0.024565
6.011205 0.057081
6.016206 0.165503
6.021207 0.223080
6.026208 0.190780
6.031209 0.109134
6.036210 0.049161
6.041211 0.031237
6.046212 0.003290
6.051213 -0.042599
6.056214 -0.053189
6.061215 -0.023285
6.066216 -0.001209
6.071217 0.033724
6.076218 0.041406
6.081219 -0.028827
6.086220 -0.138439
6.091221 -0.237149
6.096222 -0.246550
6.101223 -0.163423
6.106224 -0.057634
6.111225 0.020062
6.116226 0.056129
6.121227 0.053130
6.126228 0.035388
6.131229 0.070048
6.136230 0.197071
6.141231 0.321717
6.146232 0.327789
6.151233 0.232389
6.156234 0.091374
6.161235 -0.030309
6.166236 -0.100048
6.171237 -0.122344
6.176238 -0.112669
6.181239 -0.139975
6.186240 -0.219262
6.191241 -0.265700
6.196242 -0.207977
6.201243 -0.081411
6.206244 0.026572
6.211245 0.056312
6.216246 0.030852
6.221247 -0.022957
6.226248 -0.094928
6.231249 -0.100597
6.236250 -0.043094
6.241251 0.022585
6.246252 0.062841
6.251253 0.090294
6.256254 0.161167
6.261255 0.210587
6.266256 0.192882
6.271257 0.122978
6.276258 0.031126
6.281259 -0.044064
6.286260 -0.111590
6.291261 -0.134855
6.296262 -0.102482
6.301263 -0.071937
6.306264 -0.059519
6.311265 -0.069505
6.316266 -0.088270
6.321267 -0.085582
6.326268 -0.075815
6.331269 -0.064256
6.336270 -0.049514
6.341271 -0.028883
6.346272 0.000509
6.351273 0.041954
6.356274 0.114272
6.361275 0.181579
6.366276 0.212031
6.371277 0.207751
6.376278 0.159027
6.381279 0.088995
6.386280 0.034107
6.391281 0.027760
6.396282 0.065090
6.401283 0.054994
6.406284 -0.057983
6.411285 -0.190383
6.416286 -0.242857
6.421287 -0.215660
6.426288 -0.149835
6.431289 -0.082510
6.436290 -0.033017
6.441291 -0.003260
6.446292 0.017061
6.451293 0.047239
6.456294 0.092342
6.461295 0.138652
6.466296 0.158258
6.471297 0.146077
6.476298 0.124623
6.481299 0.083453
6.486300 0.008062
6.491301 -0.063086
6.496302 -0.093850
6.501303 -0.090612
6.506304 -0.076493
6.511305 -0.048472
6.516306 -0.023104
6.521307 -0.029195
6.526308 -0.050850
6.531309 -0.062775
6.536310 -0.035651
6.541311 0.001056
6.546312 -0.015697
6.551313 -0.069232
6.556314 -0.100983
6.561315 -0.075395
6.566316 -0.006314
6.571317 0.075076
6.576318 0.125135
6.581319 0.089890
6.586320 0.016749
6.591321 -0.000279
6.596322 0.060206
6.601323 0.133932
6.606324 0.127988
6.611325 0.049671
6.616326 -0.021075
6.621327 -0.055862
6.626328 -0.062373
6.631329 -0.036676
6.636330 0.000562
6.641331 0.031399
6.646332 0.032204
6.651333 0.009012
6.656334 0.006287
6.661335 -0.000554
6.666336 -0.023873
6.671337 -0.037792
6.676338 -0.035981
6.681339 -0.041797
6.686340 -0.070915
6.691341 -0.097691
6.696342 -0.099996
6.701343 -0.080663
6.706344 -0.052296
6.711345 -0.003480
6.716346 0.051591
6.721347 0.075550
6.726348 0.064046
6.731349 0.054041
6.736350 0.079355
6.741351 0.096547
6.746352 0.072185
6.751353 0.029679
6.756354 -0.000280
6.761355 -0.007248
6.766356 -0.010193
6.771357 -0.009132
6.776358 -0.007669
6.781359 -0.011985
6.786360 -0.008144
6.791361 0.013785
6.796362 0.046579
6.801363 0.043799
6.806364 -0.020966
6.811365 -0.086773
6.816366 -0.082969
6.821367 -0.032397
6.826368 0.001128
6.831369 0.006195
6.836370 -0.000591
6.841371 -0.023654
6.846372 -0.050596
6.851373 -0.046883
6.856374 0.015193
6.861375 0.097827
6.866376 0.117836
6.871377 0.093510
6.876378 0.056400
6.881379 0.004018
6.886380 -0.056467
6.891381 -0.120628
6.896382 -0.135753
6.901383 -0.110843
6.906384 -0.077647
6.911385 -0.021405
6.916386 0.028307
6.921387 0.043981
6.926388 0.010309
6.931389 -0.044450
6.936390 -0.046975
6.941391 0.016089
6.946392 0.090822
6.951393 0.131315
6.956394 0.141814
6.961395 0.107465
6.966396 0.041676
6.971397 0.028947
6.976398 0.071507
6.981399 0.097259
6.986400 0.051425
6.991401 -0.046280
6.996402 -0.114501
7.001403 -0.126060
7.006404 -0.101131
7.011405 -0.057473
7.016406 -0.029636
7.021407 -0.049974
7.026408 -0.091346
7.031409 -0.095498
7.036410 -0.026746
7.041411 0.067081
7.046412 0.102472
7.051413 0.088535
7.056414 0.075403
7.061415 0.077597
7.066416 0.080195
7.071417 0.072714
7.076418 0.049577
7.081419 0.000505
7.086420 -0.073532
7.091421 -0.130432
7.096422 -0.119970
7.101423 -0.066308
7.106424 -0.027771
7.111425 -0.007433
7.116426 0.005828
7.121427 -0.014950
7.126428 -0.042952
7.131429 -0.024625
7.136430 0.051772
7.141431 0.131260
7.146432 0.146952
7.151433 0.102398
7.156434 0.039828
7.161435 0.014680
7.166436 -0.001361
7.171437 -0.023583
7.176438 -0.027222
7.181439 -0.060455
7.186440 -0.132865
7.191441 -0.176102
7.196442 -0.137748
7.201443 -0.031740
7.206444 0.075256
7.211445 0.128644
7.216446 0.158658
7.221447 0.156609
7.226448 0.110226
7.231449 0.077524
7.236450 0.057478
7.241451 0.036079
7.246452 -0.007415
7.251453 -0.052774
7.256454 -0.063400
7.261455 -0.076569
7.266456 -0.103199
7.271457 -0.103108
7.276458 -0.056724
7.281459 0.002096
7.286460 0.043266
7.291461 0.062526
7.296462 0.068543
7.301463 0.047711
7.306464 0.009101
7.311465 -0.012536
7.316466 -0.017365
7.321467 -0.013250
7.326468 -0.035179
7.331469 -0.074411
7.336470 -0.095060
7.341471 -0.089025
7.346472 -0.070131
7.351473 -0.058554
7.356474 -0.028485
7.361475 -0.003337
7.366476 -0.008275
7.371477 -0.031247
7.376478 -0.054603
7.381479 -0.053853
7.386480 -0.057347
7.391481 -0.046428
7.396482 -0.013305
7.401483 0.006576
7.406484 0.005040
7.411485 -0.014402
7.416486 -0.012262
7.421487 0.003467
7.426488 0.006759
7.431489 0.009375
7.436490 0.026274
7.441491 0.043302
7.446492 0.034048
7.451493 0.021885
7.456494 0.030993
7.461495 0.055703
7.466496 0.072475
7.471497 0.091789
7.476498 0.117394
7.481499 0.108780
7.486500 0.062598
7.491501 0.005277
7.496502 -0.028449
7.501503 -0.055701
7.506504 -0.085861
7.511505 -0.099652
7.516506 -0.096488
7.521507 -0.073863
7.526508 -0.058664
7.531509 -0.032016
7.536510 0.019799
7.541511 0.066548
7.546512 0.092904
7.551513 0.110974
7.556514 0.147152
7.561515 0.184939
7.566516 0.189310
7.571517 0.162223
7.576518 0.139214
7.581519 0.097275
7.586520 0.014861
7.591521 -0.054494
7.596522 -0.077247
7.601523 -0.081765
7.606524 -0.105889
7.611525 -0.130690
7.616526 -0.134549
7.621527 -0.116863
7.626528 -0.089081
7.631529 -0.060622
7.636530 -0.021353
7.641531 0.005039
7.646532 0.011422
7.651533 0.014495
7.656534 0.026511
7.661535 0.044636
7.666536 0.039534
7.671537 0.021225
7.676538 0.005606
7.681539 -0.005825
7.686540 -0.024536
7.691541 -0.041034
7.696542 -0.026895
7.701543 -0.010800
7.706544 -0.007051
7.711545 -0.013745
7.716546 -0.016251
7.721547 -0.016489
7.726548 -0.038290
7.731549 -0.052940
7.736550 -0.050398
7.741551 -0.045625
7.746552 -0.045295
7.751553 -0.036461
7.756554 -0.011423
7.761555 0.008550
7.766556 0.010653
7.771557 0.015537
7.776558 0.045331
7.781559 0.076515
7.786560 0.078545
7.791561 0.051348
7.796562 0.029602
7.801563 0.012866
7.806564 -0.016416
7.811565 -0.039772
7.816566 -0.045881
7.821567 -0.036059
7.826568 -0.034139
7.831569 -0.034212
7.836570 -0.007948
7.841571 0.022121
7.846572 0.020987
7.851573 0.007873
7.856574 0.009171
7.861575 0.010397
7.866576 0.007964
7.871577 0.015061
7.876578 0.042441
7.881579 0.063547
7.886580 0.053378
7.891581 0.035070
7.896582 0.019103
7.901583 0.004873
7.906584 -0.010637
7.911585 -0.026860
7.916586 -0.020897
7.921587 -0.013527
7.926588 -0.034304
7.931589 -0.055173
7.936590 -0.055118
7.941592 -0.031652
7.946593 -0.000705
7.951594 0.033972
7.956595 0.075893
7.961596 0.098462
7.966597 0.088769
7.971598 0.062980
7.976599 0.060255
7.981600 0.065540
7.986601 0.043336
7.991602 0.012939
7.996603 -0.009357
8.001604 -0.032622
8.006605 -0.069915
8.011606 -0.094057
8.016607 -0.080194
8.021608 -0.054478
8.026609 -0.037597
8.031610 -0.027171
8.036611 -0.020367
8.041612 -0.026732
8.046613 -0.057697
8.051614 -0.085864
8.056615 -0.078017
8.061616 -0.053417
8.066617 -0.036847
8.071618 -0.022764
8.076619 0.004561
8.081620 0.034081
8.086621 0.038069
8.091622 0.036331
8.096623 0.047817
8.101624 0.055810
8.106625 0.055554
8.111626 0.059285
8.116627 0.079404
8.121628 0.097401
8.126629 0.094090
8.131630 0.082476
8.136631 0.082787
8.141632 0.082604
8.146633 0.048768
8.151634 -0.001072
8.156635 -0.041310
8.161636 -0.066111
8.166637 -0.087583
8.171638 -0.104538
8.176639 -0.090802
8.181640 -0.083724
8.186641 -0.096637
8.191642 -0.100825
8.196643 -0.083651
8.201644 -0.059746
8.206645 -0.056216
8.211646 -0.050126
8.216647 -0.024740
8.221648 0.012041
8.226649 0.036330
8.231650 0.049993
8.236651 0.071868
8.241652 0.088438
8.246653 0.077611
8.251654 0.053779
8.256655 0.050231
8.261656 0.043884
8.266657 0.031703
8.271658 0.023966
8.276659 0.034428
8.281660 0.054199
8.286661 0.037976
8.291662 0.021424
8.296663 0.015077
8.301664 -0.003450
8.306665 -0.032221
8.311666 -0.062344
8.316667 -0.068983
8.321668 -0.072605
8.326669 -0.090895
8.331670 -0.105417
8.336671 -0.091388
8.341672 -0.055705
8.346673 -0.030264
8.351674 -0.001530
8.356675 0.033221
8.361676 0.052754
8.366677 0.051529
8.371678 0.044853
8.376679 0.063838
8.381680 0.079567
8.386681 0.068227
8.391682 0.050651
8.396683 0.034793
8.401684 0.019027
8.406685 -0.012468
8.411686 -0.038677
8.416687 -0.040579
8.421688 -0.037196
8.426689 -0.045390
8.431690 -0.055157
8.436691 -0.040781
8.441692 -0.025106
8.446693 -0.029368
8.451694 -0.036977
8.456695 -0.028563
8.461696 -0.024722
8.466697 -0.048774
8.471698 -0.057973
8.476699 -0.035148
8.481700 0.000938
8.486701 0.030733
8.491702 0.050870
8.496703 0.080883
8.501704 0.101149
8.506705 0.094217
8.511706 0.075744
8.516707 0.062721
8.521708 0.043133
8.526709 0.004230
8.531710 -0.026314
8.536711 -0.023534
8.541712 -0.005774
8.546713 -0.002244
8.551714 -0.002318
8.556715 0.004084
8.561716 0.005291
8.566717 -0.016474
8.571718 -0.040928
8.576719 -0.029423
8.581720 -0.011518
8.586721 -0.001952
8.591722 0.012753
8.596723 0.034573
8.601724 0.056484
8.606725 0.051765
8.611726 0.045053
8.616727 0.044779
8.621728 0.030641
8.626729 0.001907
8.631730 -0.033283
8.636731 -0.034764
8.641732 -0.027906
8.646733 -0.043543
8.651734 -0.055468
8.656735 -0.051061
8.661736 -0.037910
8.666737 -0.039538
8.671738 -0.031454
8.676739 -0.001422
8.681740 0.019429
8.686741 0.017709
8.691742 0.002437
8.696743 0.003736
8.701744 0.011710
8.706745 0.005455
8.711746 0.001102
8.716747 0.012881
8.721748 0.019044
8.726749 0.002218
8.731750 -0.007933
8.736751 0.004101
8.741752 0.020453
8.746753 0.011820
8.751754 -0.009525
8.756755 -0.019840
8.761756 -0.036685
8.766757 -0.058450
8.771758 -0.072058
8.776759 -0.058011
8.781760 -0.030101
8.786761 -0.016877
8.791762 -0.003251
8.796763 0.018221
8.801764 0.034225
8.806765 0.030365
8.811766 0.022062
8.816767 0.029176
8.821768 0.042053
8.826769 0.041796
8.831770 0.037023
8.836771 0.046149
8.841772 0.051618
8.846773 0.039675
8.851774 0.033529
8.856775 0.039766
8.861776 0.042674
8.866777 0.030109
8.871778 0.004613
8.876779 -0.005611
8.881780 -0.017134
8.886781 -0.045209
8.891782 -0.068309
8.896783 -0.065840
8.901784 -0.045392
8.906785 -0.039521
8.911786 -0.020810
8.916787 0.009331
8.921788 0.022482
8.926789 0.017342
8.931790 0.003204
8.936791 0.015934
8.941792 0.027786
8.946793 0.019885
8.951794 0.013757
8.956795 0.011014
8.961796 0.007411
8.966797 -0.014757
8.971798 -0.029370
8.976799 -0.016329
8.981800 -0.000216
8.986801 -0.009270
8.991802 -0.031986
8.996803 -0.044459
9.001804 -0.062951
9.006805 -0.086252
9.011806 -0.105950
9.016807 -0.099969
9.021808 -0.082411
9.026809 -0.080161
9.031810 -0.064140
9.036811 -0.029352
9.041812 0.009587
9.046813 0.031023
9.051814 0.035851
9.056815 0.042582
9.061816 0.046350
9.066817 0.032925
9.071818 0.023469
9.076819 0.039180
9.081820 0.044813
9.086821 0.031187
9.091822 0.005344
9.096823 -0.009106
9.101824 -0.014318
9.106825 -0.034711
9.111826 -0.041204
9.116827 -0.032572
9.121828 -0.020153
9.126829 -0.022457
9.131830 -0.030304
9.136831 -0.011044
9.141832 0.012330
9.146833 0.017982
9.151834 0.025791
9.156835 0.052806
9.161836 0.068882
9.166837 0.061493
9.171838 0.052367
9.176839 0.055476
9.181840 0.059664
9.186841 0.042709
9.191842 0.027126
9.196843 0.032083
9.201844 0.032430
9.206845 0.016518
9.211846 0.003148
9.216847 0.013134
9.221848 0.028352
9.226849 0.025535
9.231850 0.020853
9.236851 0.030821
9.241852 0.038667
9.246853 0.019243
9.251854 0.006330
9.256855 0.013098
9.261856 0.012842
9.266857 0.001740
9.271858 -0.019275
9.276859 -0.023756
9.281860 -0.020044
9.286861 -0.030981
9.291862 -0.033450
9.296863 -0.019111
9.301864 -0.010387
9.306865 -0.026025
9.311866 -0.050753
9.316867 -0.054374
9.321868 -0.047625
9.326869 -0.051173
9.331870 -0.046839
9.336871 -0.022458
9.341872 -0.000821
9.346873 -0.002687
9.351874 -0.008521
9.356875 0.007117
9.361876 0.023742
9.366877 0.021895
9.371878 0.021200
9.376879 0.028772
9.381880 0.033875
9.386881 0.015219
9.391882 -0.008832
9.396883 -0.005833
9.401884 -0.007168
9.406885 -0.020483
9.411886 -0.025129
9.416887 -0.013734
9.421888 0.006366
9.426889 0.007921
9.431890 -0.000803
9.436891 0.009841
9.441892 0.017468
9.446893 0.009695
9.451894 0.006732
9.456895 0.015767
9.461896 0.029521
9.466897 0.018547
9.471898 0.003934
9.476899 0.012475
9.481900 0.015493
9.486901 0.003531
9.491902 0.000074
9.496903 0.014231
9.501904 0.024784
9.506905 0.016023
9.511906 0.001812
9.516907 0.002635
9.521908 0.000769
9.526909 -0.018655
9.531910 -0.040328
9.536911 -0.046547
9.541912 -0.048961
9.546913 -0.069007
9.551914 -0.077457
9.556915 -0.059807
9.561916 -0.036250
9.566917 -0.024252
9.571918 -0.015966
9.576919 0.005305
9.581920 0.015255
9.586921 0.004025
9.591922 -0.002487
9.596923 0.007445
9.601924 0.013261
9.606925 0.003421
9.611926 -0.002249
9.616927 0.006018
9.621928 0.017559
9.626929 0.016699
9.631930 0.011011
9.636931 0.016644
9.641932 0.017266
9.646933 0.001519
9.651934 -0.004773
9.656935 0.012675
9.661936 0.028716
9.666937 0.026923
9.671938 0.018345
9.676939 0.022716
9.681940 0.028423
9.686941 0.012895
9.691942 0.001244
9.696943 0.001372
9.701944 -0.002451
9.706945 -0.018710
9.711946 -0.031751
9.716947 -0.012144
9.721948 0.008816
9.726949 0.013516
9.731950 0.018290
9.736951 0.028569
9.741952 0.039854
9.746953 0.032026
9.751954 0.022003
9.756955 0.024618
9.761956 0.026081
9.766957 0.010114
9.771958 -0.006786
9.776959 0.004463
9.781960 0.012035
9.786961 0.004408
9.791962 -0.001427
9.796963 0.002725
9.801964 0.013388
9.806965 0.002890
9.811966 -0.009840
9.816967 0.001682
9.821968 0.008870
9.826969 0.002140
9.831970 -0.005121
9.836971 -0.005158
9.841972 -0.004847
9.846973 -0.026941
9.851974 -0.047426
9.856975 -0.049054
9.861976 -0.046676
9.866977 -0.057979
9.871978 -0.067088
9.876979 -0.042854
9.881980 -0.021948
9.886981 -0.014761
9.891982 0.001902
9.896983 0.029501
9.901984 0.051979
9.906985 0.048468
9.911986 0.039323
9.916987 0.044901
9.921988 0.045358
9.926989 0.025422
9.931990 0.005120
9.936991 0.002212
9.941992 -0.005726
9.946993 -0.029630
9.951994 -0.039342
9.956995 -0.027856
9.961996 -0.014322
9.966997 -0.014633
9.971998 -0.023979
9.976999 -0.012310
9.982000 0.006254
9.987001 0.004443
9.992002 0.005925
9.997003 0.026172
10.002004 0.042230
10.007005 0.034549
10.012006 0.024416
10.017007 0.027123
10.022008 0.033012
10.027009 0.019368
10.032010 0.001956
10.037011 0.013552
10.042012 0.017941
10.047013 0.004425
10.052014 -0.009219
10.057015 -0.007921
10.062016 -0.003732
10.067017 -0.019809
10.072018 -0.031442
10.077019 -0.028717
10.082020 -0.025040
10.087021 -0.040129
10.092022 -0.050573
10.097023 -0.034002
10.102024 -0.019425
10.107025 -0.017706
10.112026 -0.014579
10.117027 0.002522
10.122028 0.019550
10.127029 0.018599
10.132030 0.017959
10.137031 0.031804
10.142032 0.038755
10.147033 0.028768
10.152034 0.012673
10.157035 0.010643
10.162036 0.011996
10.167037 -0.010171
10.172038 -0.023962
10.177039 -0.017414
10.182040 -0.009147
10.187041 -0.011086
10.192042 -0.020596
10.197043 -0.007665
10.202044 0.000766
10.207046 -0.009970
10.212047 -0.013793
10.217048 -0.007428
10.222049 -0.000350
10.227050 -0.019462
10.232051 -0.038722
10.237052 -0.032247
10.242053 -0.025736
10.247054 -0.029687
10.252055 -0.031132
10.257056 -0.011232
10.262057 0.007222
10.267058 0.002650
10.272059 0.004497
10.277060 0.023866
10.282061 0.038772
10.287062 0.039742
10.292063 0.036285
10.297064 0.040784
10.302065 0.044899
10.307066 0.027707
10.312067 0.012929
10.317068 0.021945
10.322069 0.024634
10.327070 0.014044
10.332071 0.003875
10.337072 0.005320
10.342073 0.010715
10.347074 -0.001960
10.352075 -0.016189
10.357076 -0.010336
10.362077 -0.002545
10.367078 -0.014543
10.372079 -0.020432
10.377080 -0.008361
10.382081 -0.001064
10.387082 -0.006514
10.392083 -0.011800
10.397084 0.003619
10.402085 0.018251
10.407086 0.012123
10.412087 0.004606
10.417088 0.011154
10.422089 0.017007
10.427090 0.005758
10.432091 -0.001942
10.437092 0.008392
10.442093 0.018799
10.447094 0.009983
10.452095 -0.000314
10.457096 0.003582
10.462097 0.003984
10.467098 -0.011782
10.472099 -0.030328
10.477100 -0.023414
10.482101 -0.013391
10.487102 -0.026560
10.492103 -0.030236
10.497104 -0.018330
10.502105 -0.011800
10.507106 -0.019134
10.512107 -0.028042
10.517108 -0.014105
10.522109 0.000326
10.527110 -0.002911
10.532111 -0.003588
10.537112 0.003435
10.542113 0.011629
10.547114 -0.000150
10.552115 -0.015605
10.557116 -0.002784
10.562117 0.005886
10.567118 -0.002125
10.572119 -0.007319
10.577120 0.002374
10.582121 0.011354
10.587122 0.002356
10.592123 -0.003021
10.597124 0.005319
10.602125 0.010129
10.607126 -0.003973
10.612127 -0.009679
10.617128 0.002026
10.622129 0.015799
10.627130 0.018451
10.632131 0.012506
10.637132 0.023078
10.642133 0.026096
10.647134 0.010147
10.652135 -0.003259
10.657136 0.002429
10.662137 0.008665
10.667138 -0.006113
10.672139 -0.016373
10.677140 -0.013593
10.682141 -0.006735
10.687142 -0.017690
10.692143 -0.029817
10.697144 -0.018715
10.702145 -0.016758
10.707146 -0.026854
10.712147 -0.027695
10.717148 -0.010137
10.722149 0.005794
10.727150 0.005318
10.732151 0.004861
10.737152 0.015981
10.742153 0.027467
10.747154 0.017371
10.752155 0.009781
10.757156 0.018542
10.762157 0.022584
10.767158 0.009927
10.772159 -0.001614
10.777160 0.008555
10.782161 0.013731
10.787162 0.001367
10.792163 -0.010997
10.797164 -0.003260
10.802165 0.006525
10.807166 -0.001870
10.812167 -0.001340
10.817168 0.010439
10.822169 0.019566
10.827170 0.010055
10.832171 -0.002785
10.837172 0.006196
10.842173 0.012341
10.847174 0.004293
10.852175 -0.001578
10.857176 0.014664
10.862177 0.030869
10.867178 0.026022
10.872179 0.020590
10.877180 0.031984
10.882181 0.036941
10.887182 0.013164
10.892183 0.002190
10.897184 0.003342
10.902185 -0.000005
10.907186 -0.014106
10.912187 -0.031829
10.917188 -0.028885
10.922189 -0.029433
10.927190 -0.035103
10.932191 -0.041560
10.937192 -0.028940
10.942193 -0.007687
10.947194 -0.013028
10.952195 -0.011144
10.957196 0.000233
10.962197 0.010146
10.967198 0.006963
10.972199 -0.003608
10.977200 0.010914
10.982201 0.022546
10.987202 0.014096
10.992203 0.009652
10.997204 0.019162
11.002205 0.021302
11.007206 0.004860
11.012207 -0.005163
11.017208 0.000799
11.022209 0.001750
11.027210 -0.012095
11.032211 -0.023087
11.037212 -0.019777
11.042213 -0.015570
11.047214 -0.026124
11.052215 -0.034281
11.057216 -0.023142
11.062217 -0.010211
11.067218 -0.015058
11.072219 -0.017454
11.077220 -0.000006
11.082221 0.014206
11.087222 0.014626
11.092223 0.015138
11.097224 0.030209
11.102225 0.042226
11.107226 0.035769
11.112227 0.026460
11.117228 0.029752
11.122229 0.031471
11.127230 0.015815
11.132231 0.001219
11.137232 0.003396
11.142233 0.007475
11.147234 -0.009535
11.152235 -0.022393
11.157236 -0.014675
11.162237 -0.004268
11.167238 -0.009169
11.172239 -0.016412
11.177240 -0.000171
11.182241 0.007694
11.187242 -0.002969
11.192243 -0.010029
11.197244 -0.003335
11.202245 0.006468
11.207246 -0.001012
11.212247 -0.010413
11.217248 -0.003463
11.222249 0.002536
11.227250 -0.012407
11.232251 -0.024972
11.237252 -0.016833
11.242253 -0.009426
11.247254 -0.016705
11.252255 -0.025484
11.257256 -0.015718
11.262257 -0.001506
11.267258 -0.003646
11.272259 0.000140
11.277260 0.020259
11.282261 0.036683
11.287262 0.036537
11.292263 0.031214
11.297264 0.043981
11.302265 0.054186
11.307266 0.038823
11.312267 0.026879
11.317268 0.024794
11.322269 0.015686
11.327270 -0.002915
11.332271 -0.023729
11.337272 -0.021497
11.342273 -0.014054
11.347274 -0.029929
11.352275 -0.036276
11.357276 -0.022485
11.362277 -0.016834
11.367278 -0.021406
11.372279 -0.024717
11.377280 -0.013359
11.382281 -0.001507
11.387282 -0.005677
11.392283 -0.005073
11.397284 0.006650
11.402285 0.022526
11.407286 0.015722
11.412287 0.007126
11.417288 0.023605
11.422289 0.029238
11.427290 0.020697
11.432291 0.010747
11.437292 0.013619
11.442293 0.011259
11.447294 -0.011420
11.452295 -0.029033
11.457296 -0.028558
11.462297 -0.022669
11.467298 -0.036423
11.472299 -0.044287
11.477300 -0.031375
11.482301 -0.023327
11.487302 -0.029107
11.492303 -0.032289
11.497304 -0.014420
11.502305 -0.000318
11.507306 -0.008458
11.512307 -0.013725
11.517308 -0.006025
11.522309 -0.001892
11.527310 -0.007305
11.532311 -0.013176
11.537312 -0.002148
11.542313 0.008223
11.547314 -0.000959
11.552315 -0.004580
11.557316 0.002663
11.562317 0.015228
11.567318 0.012813
11.572319 0.005808
11.577320 0.022251
11.582321 0.031286
11.587322 0.028030
11.592323 0.024208
11.597324 0.033005
11.602325 0.042735
11.607326 0.024939
11.612327 0.014167
11.617328 0.018392
11.622329 0.017806
11.627330 0.007088
11.632331 -0.008129
11.637332 0.001437
11.642333 0.008314
11.647334 -0.004581
11.652335 -0.006501
11.657336 0.002059
11.662337 0.011770
11.667338 0.002388
11.672339 -0.004947
11.677340 0.004107
11.682341 0.004253
11.687342 -0.007672
11.692343 -0.020621
11.697344 -0.013799
11.702345 -0.008623
11.707346 -0.017292
11.712347 -0.018628
11.717348 -0.004398
11.722349 0.009594
11.727350 0.006795
11.732351 0.006832
11.737352 0.022031
11.742353 0.031871
11.747354 0.016434
11.752355 0.000010
11.757356 0.004363
11.762357 0.004088
11.767358 -0.011714
11.772359 -0.020237
11.777360 -0.013397
11.782361 -0.006538
11.787362 -0.013324
11.792363 -0.022670
11.797364 -0.011751
11.802365 0.001857
11.807366 -0.006118
11.812367 -0.011824
11.817368 -0.002368
11.822369 0.002735
11.827370 -0.009044
11.832371 -0.016945
11.837372 -0.006996
11.842373 -0.001673
11.847374 -0.006008
11.852375 -0.009959
11.857376 0.001984
11.862377 0.016159
11.867378 0.009611
11.872379 0.004563
11.877380 0.019982
11.882381 0.029127
11.887382 0.017549
11.892383 0.012007
11.897384 0.016964
11.902385 0.019177
11.907386 0.006026
11.912387 -0.005844
11.917388 0.000064
11.922389 0.001307
11.927390 -0.012794
11.932391 -0.024189
11.937392 -0.017915
11.942393 -0.011934
11.947394 -0.020311
11.952395 -0.027353
11.957396 -0.014477
11.962397 -0.002149
11.967398 -0.010599
11.972399 -0.016836
11.977400 -0.002040
11.982401 0.009867
11.987402 0.000429
11.992403 -0.003320
11.997404 0.007050
12.002405 0.012062
12.007406 -0.000412
12.012407 -0.006064
12.017408 0.002606
12.022409 0.003191
12.027410 -0.008496
12.032411 -0.018025
12.037412 -0.007070
12.042413 -0.000632
12.047414 -0.002881
12.052415 0.001270
12.057416 0.016524
12.062417 0.031558
12.067418 0.024389
12.072419 0.019268
12.077420 0.031302
12.082421 0.037411
12.087422 0.023566
12.092423 0.010708
12.097424 0.015427
12.102425 0.020200
12.107426 0.005422
12.112427 -0.007034
12.117428 0.000337
12.122429 0.005532
12.127430 -0.009850
12.132431 -0.025470
12.137432 -0.014404
12.142433 -0.009558
12.147434 -0.024830
12.152435 -0.032621
12.157436 -0.021739
12.162437 -0.017313
12.167438 -0.032420
12.172439 -0.033097
12.177440 -0.020422
12.182441 -0.011094
12.187442 -0.011186
12.192443 -0.012887
12.197444 0.004233
12.202445 0.018572
12.207446 0.012628
12.212447 0.013725
12.217448 0.030223
12.222449 0.035325
12.227450 0.022065
12.232451 0.018810
12.237452 0.029509
12.242453 0.028467
12.247454 0.015920
12.252455 0.002531
12.257456 0.003684
12.262457 0.003556
12.267458 -0.017661
12.272459 -0.027336
12.277460 -0.021886
12.282461 -0.020788
12.287462 -0.031982
12.292463 -0.042700
12.297464 -0.031433
12.302465 -0.021118
12.307466 -0.031342
12.312467 -0.038347
12.317468 -0.026568
12.322469 -0.016673
12.327470 -0.024209
12.332471 -0.027757
12.337472 -0.013088
12.342473 0.000409
12.347474 -0.002060
12.352475 -0.003907
12.357476 0.012554
12.362477 0.025613
12.367478 0.016084
12.372479 0.008823
12.377480 0.019650
12.382481 0.024168
12.387482 0.012426
12.392483 0.002970
12.397484 0.012243
12.402485 0.019687
12.407486 0.007048
12.412487 0.000903
12.417488 0.012627
12.422489 0.021442
12.427490 0.009627
12.432491 0.002366
12.437492 0.013340
12.442493 0.019705
12.447494 0.009316
12.452495 0.000372
12.457496 0.010926
12.462497 0.014895
12.467498 0.003756
12.472499 -0.003121
12.477501 0.005475
12.482502 0.014145
12.487503 0.005695
12.492504 0.000116
12.497505 0.012663
12.502506 0.021662
12.507507 0.013797
12.512508 0.009919
12.517509 0.024862
12.522510 0.034099
12.527511 0.022997
12.532512 0.016778
12.537513 0.023948
12.542514 0.027331
12.547515 0.009645
12.552516 -0.003762
12.557517 -0.000286
12.562518 -0.000780
12.567519 -0.013821
12.572520 -0.029203
12.577521 -0.022234
12.582522 -0.019052
12.587523 -0.031672
12.592524 -0.031782
12.597525 -0.018375
12.602526 -0.004438
12.607527 -0.007932
12.612528 -0.012285
12.617529 0.002969
12.622530 0.009937
12.627531 0.001195
12.632532 -0.005262
12.637533 0.001121
12.642534 0.007925
12.647535 -0.006908
12.652536 -0.016345
12.657537 -0.007969
12.662538 -0.004640
12.667539 -0.015120
12.672540 -0.026259
12.677541 -0.015047
12.682542 -0.007347
12.687543 -0.016839
12.692544 -0.020095
12.697545 -0.008828
12.702546 0.005858
12.707547 -0.000744
12.712548 -0.006487
12.717549 0.006828
12.722550 0.015149
12.727551 0.006590
12.732552 -0.002080
12.737553 0.008053
12.742554 0.014838
12.747555 0.004560
12.752556 -0.004293
12.757557 0.003444
12.762558 0.006937
12.767559 -0.007548
12.772560 -0.012359
12.777561 -0.002939
12.782562 0.003352
12.787563 -0.006195
12.792564 -0.012688
12.797565 -0.001476
12.802566 0.006553
12.807567 -0.003379
12.812568 -0.012377
12.817569 0.004065
12.822570 0.009808
12.827571 -0.001678
12.832572 -0.003525
12.837573 0.005090
12.842574 0.017234
12.847575 0.005419
12.852576 -0.004147
12.857577 0.006041
12.862578 0.005400
12.867579 -0.006177
12.872580 -0.019108
12.877581 -0.016145
12.882582 -0.008720
12.887583 -0.021888
12.892584 -0.030759
12.897585 -0.016694
12.902586 -0.006086
12.907587 -0.012268
12.912588 -0.012140
12.917589 0.004888
12.922590 0.017746
12.927591 0.011710
12.932592 0.007010
12.937593 0.021916
12.942594 0.030512
12.947595 0.018038
12.952596 0.011180
12.957597 0.019556
12.962598 0.027732
12.967599 0.021019
12.972600 0.011472
12.977601 0.022080
12.982602 0.031957
12.987603 0.020708
12.992604 0.011929
12.997605 0.019209
13.002606 0.018642
13.007607 0.000114
13.012608 -0.011189
13.017609 -0.006379
13.022610 -0.002026
13.027611 -0.009726
13.032612 -0.014097
13.037613 -0.001368
13.042614 0.006241
13.047615 -0.000654
13.052616 -0.003215
13.057617 0.004997
13.062618 0.011929
13.067619 0.002766
13.072620 -0.009836
13.077621 -0.004660
13.082622 -0.000636
13.087623 -0.015140
13.092624 -0.025383
13.097625 -0.015817
13.102626 -0.010147
13.107627 -0.019694
13.112628 -0.023919
13.117629 -0.012909
13.122630 -0.003691
13.127631 -0.011519
13.132632 -0.014519
13.137633 -0.002594
13.142634 0.005637
13.147635 -0.002776
13.152636 -0.011665
13.157637 0.000241
13.162638 0.003698
13.167639 -0.008574
13.172640 -0.017957
13.177641 -0.010019
13.182642 -0.002319
13.187643 -0.017281
13.192644 -0.019219
13.197645 -0.010422
13.202646 -0.001807
13.207647 -0.009544
13.212648 -0.020042
13.217649 -0.005191
13.222650 -0.004514
13.227651 -0.013915
13.232652 -0.021670
13.237653 -0.016677
13.242654 -0.005466
13.247655 -0.015159
13.252656 -0.017409
13.257657 -0.001167
13.262658 0.010008
13.267659 0.003972
13.272660 0.002490
13.277661 0.018183
13.282662 0.028517
13.287663 0.018586
13.292664 0.010812
13.297665 0.023451
13.302666 0.029706
13.307667 0.017470
13.312668 0.008489
13.317669 0.018384
13.322670 0.022627
13.327671 0.004923
13.332672 -0.003600
13.337673 0.005032
13.342674 0.011068
13.347675 0.003350
13.352676 -0.005448
13.357677 0.005837
13.362678 0.015915
13.367679 0.000990
13.372680 -0.004405
13.377681 0.011379
13.382682 0.015659
13.387683 0.011726
13.392684 0.007556
13.397685 0.017652
13.402686 0.031388
13.407687 0.017305
13.412688 0.010665
13.417689 0.019079
13.422690 0.020725
13.427691 0.004739
13.432692 -0.012069
13.437693 -0.003930
13.442694 -0.003107
13.447695 -0.018507
13.452696 -0.027634
13.457697 -0.017337
13.462698 -0.012179
13.467699 -0.022293
13.472700 -0.026299
13.477701 -0.017885
13.482702 -0.004790
13.487703 -0.014977
13.492704 -0.020574
13.497705 -0.006198
13.502706 0.002361
13.507707 -0.006363
13.512708 -0.014337
13.517709 0.003002
13.522710 0.010299
13.527711 0.002672
13.532712 -0.001132
13.537713 0.007665
13.542714 0.016957
13.547715 0.002306
13.552716 -0.004004
13.557717 0.007263
13.562718 0.010134
13.567719 -0.000199
13.572720 -0.007424
13.577721 0.004227
13.582722 0.012055
13.587723 0.002379
13.592724 -0.000584
13.597725 0.008214
13.602726 0.014725
13.607727 0.005013
13.612728 -0.007150
13.617729 0.001172
13.622730 0.008762
13.627731 -0.002266
13.632732 -0.011229
13.637733 -0.000035
13.642734 0.006385
13.647735 -0.006107
13.652736 -0.012253
13.657737 -0.001370
13.662738 0.005653
13.667739 -0.006181
13.672740 -0.013734
13.677741 -0.004297
13.682742 0.001245
13.687743 -0.009638
13.692744 -0.016990
13.697745 -0.002175
13.702746 0.006732
13.707747 -0.003584
13.712748 -0.005193
13.717749 0.006768
13.722750 0.019443
13.727751 0.013956
13.732752 0.004226
13.737753 0.020047
13.742754 0.025186
13.747755 0.008433
13.752756 -0.000456
13.757757 0.003641
13.762758 0.008725
13.767759 -0.005340
13.772760 -0.014576
13.777761 -0.003840
13.782762 -0.000438
13.787763 -0.010680
13.792764 -0.016808
13.797765 -0.004499
13.802766 0.004207
13.807767 -0.004791
13.812768 -0.008285
13.817769 0.003256
13.822770 0.009859
13.827771 -0.001499
13.832772 -0.008596
13.837773 0.000696
13.842774 0.008487
13.847775 -0.002871
13.852776 -0.014503
13.857777 -0.001371
13.862778 0.002195
13.867779 -0.010370
13.872780 -0.014302
13.877781 -0.002871
13.882782 0.010334
13.887783 -0.001847
13.892784 -0.005596
13.897785 0.014724
13.902786 0.019772
13.907787 0.008414
13.912788 0.003567
13.917789 0.011413
13.922790 0.014486
13.927791 -0.001939
13.932792 -0.013699
13.937793 -0.004700
13.942794 0.000476
13.947795 -0.013278
13.952796 -0.019625
13.957797 -0.009181
13.962798 -0.002871
13.967799 -0.010700
13.972800 -0.020357
13.977801 -0.007444
13.982802 -0.002231
13.987803 -0.013919
13.992804 -0.017193
13.997805 -0.007462
14.002806 0.005231
14.007807 -0.003695
14.012808 -0.008651
14.017809 0.006200
14.022810 0.013992
14.027811 0.004481
14.032812 0.000859
14.037813 0.012583
14.042814 0.017796
14.047815 0.009712
14.052816 -0.000878
14.057817 0.008011
14.062818 0.014924
14.067819 0.000567
14.072820 -0.004244
14.077821 0.006511
14.082822 0.016351
14.087823 0.007151
14.092824 -0.000147
14.097825 0.013278
14.102826 0.020320
14.107827 0.008651
14.112828 0.000310
14.117829 0.011211
14.122830 0.012400
14.127831 -0.000751
14.132832 -0.008286
14.137833 -0.000495
14.142834 0.005980
14.147835 -0.006110
14.152836 -0.010298
14.157837 -0.000751
14.162838 0.005706
14.167839 -0.004208
14.172840 -0.011853
14.177841 0.000292
14.182842 0.005888
14.187843 -0.006329
14.192844 -0.011725
14.197845 -0.002013
14.202846 0.000401
14.207847 -0.008817
14.212848 -0.015968
14.217849 -0.008213
14.222850 -0.002104
14.227851 -0.012237
14.232852 -0.018675
14.237853 -0.008506
14.242854 0.002541
14.247855 -0.007555
14.252856 -0.009878
14.257857 0.007077
14.262858 0.014942
14.267859 0.011576
14.272860 0.006985
14.277861 0.016332
14.282862 0.024471
14.287863 0.008321
14.292864 -0.004684
14.297865 0.004608
14.302866 0.004864
14.307867 -0.012256
14.312868 -0.020047
14.317869 -0.014396
14.322870 -0.007793
14.327871 -0.017523
14.332872 -0.025040
14.337873 -0.007994
14.342874 -0.000459
14.347875 -0.008891
14.352876 -0.013097
14.357877 -0.001812
14.362878 0.012015
14.367879 0.000090
14.372880 -0.006367
14.377881 0.008192
14.382882 0.012765
14.387883 0.002266
14.392884 -0.003550
14.397885 0.003638
14.402886 0.006637
14.407887 -0.004355
14.412888 -0.014378
14.417889 -0.006477
14.422890 0.001077
14.427891 -0.013445
14.432892 -0.020176
14.437893 -0.007245
14.442894 0.000748
14.447895 -0.006824
14.452896 -0.010537
14.457897 0.008722
14.462898 0.014447
14.467899 0.007131
14.472900 0.005796
14.477901 0.012636
14.482902 0.021287
14.487903 0.006966
14.492904 0.000748
14.497905 0.011100
14.502906 0.015800
14.507907 0.003747
14.512908 -0.003990
14.517909 0.010972
14.522910 0.016422
14.527911 0.006929
14.532912 0.001406
14.537913 0.016678
14.542914 0.024707
14.547915 0.014648
14.552916 0.015452
14.557917 0.025896
14.562918 0.036230
14.567919 0.027085
14.572920 0.019714
14.577921 0.032133
14.582922 0.035023
14.587923 0.022037
14.592924 0.011282
14.597925 0.019202
14.602926 0.020043
14.607927 0.001735
14.612928 -0.006825
14.617929 -0.004008
14.622930 -0.000039
14.627931 -0.011964
14.632932 -0.024255
14.637933 -0.010520
14.642934 -0.005837
14.647935 -0.015933
14.652936 -0.016939
14.657937 -0.007209
14.662938 0.001771
14.667939 -0.006825
14.672940 -0.011946
14.677941 0.000034
14.682942 0.006545
14.687943 -0.004155
14.692944 -0.013757
14.697945 -0.003368
14.702946 -0.002802
14.707947 -0.018622
14.712948 -0.024676
14.717949 -0.023506
14.722950 -0.018220
14.727951 -0.032395
14.732952 -0.044905
14.737953 -0.029450
14.742954 -0.024676
14.747956 -0.034882
14.752957 -0.037443
14.757958 -0.021000
14.762959 -0.011855
14.767960 -0.020854
14.772961 -0.020342
14.777962 -0.006789
14.782963 0.000088
14.787964 -0.008691
14.792965 -0.014654
14.797966 -0.004247
14.802967 0.004038
14.807968 -0.009441
14.812969 -0.016611
14.817970 -0.001174
14.822971 0.005575
14.827972 -0.004156
14.832973 -0.006039
14.837974 0.008080
14.842975 0.017372
14.847976 0.010312
14.852977 0.005300
14.857978 0.016512
14.862979 0.024505
14.867980 0.013092
14.872981 0.005776
14.877982 0.014829
14.882983 0.020645
14.887984 0.010586
14.892985 0.001331
14.897986 0.011007
14.902987 0.018213
14.907988 0.007440
14.912989 -0.000553
14.917990 0.010238
14.922991 0.018725
14.927992 0.007696
14.932993 0.003160
14.937994 0.014994
14.942995 0.019822
14.947996 0.012268
14.952997 0.008574
14.957998 0.021011
14.962999 0.031656
14.968000 0.022401
14.973001 0.018450
14.978002 0.028784
14.983003 0.032350
14.988004 0.021431
14.993005 0.013512
14.998006 0.022382
15.003007 0.027577
15.008008 0.011866
15.013009 0.001038
15.018010 0.013969
15.023011 0.015835
15.028012 0.003964
15.033013 -0.002657
15.038014 0.003562
15.043015 0.011170
15.048016 -0.006242
15.053017 -0.016228
15.058018 -0.007632
15.063019 -0.005144
15.068020 -0.017673
15.073021 -0.028500
15.078022 -0.019721
15.083023 -0.015387
15.088024 -0.026726
15.093025 -0.033640
15.098026 -0.021550
15.103027 -0.017051
15.108028 -0.027293
15.113029 -0.026818
15.118030 -0.020252
15.123031 -0.012790
15.128032 -0.019264
15.133033 -0.029287
15.138034 -0.015826
15.143035 -0.011893
15.148036 -0.024257
15.153037 -0.030238
15.158038 -0.022118
15.163039 -0.012607
15.168040 -0.025702
15.173041 -0.033732
15.178042 -0.016795
15.183043 -0.006388
15.188044 -0.015259
15.193045 -0.017216
15.198046 -0.000152
15.203047 0.013346
15.208048 0.001897
15.213049 0.001659
15.218050 0.017718
15.223051 0.022509
15.228052 0.020424
15.233053 0.009103
15.238054 0.021394
15.243055 0.030795
15.248056 0.013858
15.253057 0.009798
15.258058 0.017315
15.263059 0.023296
15.268060 0.009688
15.273061 0.002244
15.278062 0.012742
15.283063 0.016053
15.288064 0.007036
15.293065 -0.001725
15.298066 0.010346
15.303067 0.018412
15.308068 0.006944
15.313069 0.002317
15.318070 0.013565
15.323071 0.018193
15.328072 0.007676
15.333073 0.002097
15.338074 0.009962
15.343075 0.014004
15.348076 0.003268
15.353077 -0.005511
15.358078 0.001585
15.363079 0.010401
15.368080 -0.002658
15.373081 -0.012955
15.378082 -0.001323
15.383083 0.002591
15.388084 -0.007395
15.393085 -0.014053
15.398086 -0.005822
15.403087 0.002280
15.408088 -0.008987
15.413089 -0.016175
15.418090 -0.000957
15.423091 0.006011
15.428092 -0.001963
15.433093 -0.003994
15.438094 0.005865
15.443095 0.016601
15.448096 0.004456
15.453097 0.000634
15.458098 0.015138
15.463099 0.018686
15.468100 0.010419
15.473101 0.002920
15.478102 0.015138
15.483103 0.019893
15.488104 0.009998
15.493105 0.001274
15.498106 0.006322
15.503107 0.014241
15.508108 -0.004817
15.513109 -0.011420
15.518110 -0.002220
15.523111 -0.001781
15.528112 -0.011109
15.533113 -0.022430
15.538114 -0.012682
15.543115 -0.005091
15.548116 -0.018297
15.553117 -0.025393
15.558118 -0.013285
15.563119 -0.010396
15.568120 -0.021790
15.573121 -0.024680
15.578122 -0.017053
15.583123 -0.011877
15.588124 -0.019010
15.593125 -0.022394
15.598126 -0.011457
15.603127 -0.000483
15.608128 -0.008841
15.613129 -0.013578
15.618130 0.001310
15.623131 0.006394
15.628132 -0.004324
15.633133 -0.010176
15.638134 -0.000355
15.643135 0.004913
15.648136 -0.005805
15.653137 -0.015481
15.658138 -0.004763
15.663139 0.001639
15.668140 -0.011658
15.673141 -0.017675
15.678142 -0.009079
15.683143 -0.001251
15.688144 -0.013816
15.693145 -0.019011
15.698146 -0.004068
15.703147 0.004821
15.708148 -0.002038
15.713149 -0.004982
15.718150 0.011698
15.723151 0.019233
15.728152 0.013216
15.733153 0.009869
15.738154 0.021812
15.743155 0.030299
15.748156 0.016874
15.753157 0.011497
15.758158 0.021209
15.763159 0.028360
15.768160 0.017715
15.773161 0.006778
15.778162 0.019526
15.783163 0.024464
15.788164 0.009155
15.793165 0.003687
15.798166 0.011753
15.803167 0.019324
15.808168 0.009503
15.813169 -0.001361
15.818170 0.009137
15.823171 0.016343
15.828172 0.005369
15.833173 -0.003300
15.838174 0.007491
15.843175 0.013087
15.848176 -0.000118
15.853177 -0.006263
15.858178 0.005040
15.863179 0.007033
15.868180 -0.005459
15.873181 -0.009482
15.878182 -0.001508
15.883183 0.004985
15.888184 -0.005971
15.893185 -0.012135
15.898186 -0.002953
15.903187 0.004180
15.908188 -0.003831
15.913189 -0.015098
15.918190 -0.002551
15.923191 0.003796
15.928192 -0.011970
15.933193 -0.017530
15.938194 -0.009391
15.943195 -0.005861
15.948196 -0.018445
15.953197 -0.028614
15.958198 -0.014823
15.963199 -0.012080
15.968200 -0.022249
15.973201 -0.022505
15.978202 -0.013635
15.983203 -0.001856
15.988204 -0.012409
15.993205 -0.015592
15.998206 -0.001179
16.003207 0.005588
16.008208 0.000412
16.013209 -0.008184
16.018210 0.006411
16.023211 0.012062
16.028212 -0.003393
16.033213 -0.006685
16.038214 0.000887
16.043215 0.003667
16.048216 -0.007727
16.053217 -0.015116
16.058218 -0.005441
16.063219 0.000668
16.068220 -0.009099
16.073221 -0.013946
16.078222 -0.000082
16.083223 0.007929
16.088224 -0.001399
16.093225 -0.006520
16.098226 0.005112
16.103227 0.015281
16.108228 0.001875
16.113229 -0.002204
16.118230 0.010434
16.123231 0.014147
16.128232 0.008166
16.133233 -0.002844
16.138234 0.010782
16.143235 0.017256
16.148236 0.001527
16.153237 -0.001198
16.158238 0.004600
16.163239 0.013196
16.168240 0.004782
16.173241 -0.005003
16.178242 0.006246
16.183243 0.014677
16.188244 0.000448
16.193245 -0.005460
16.198246 0.008440
16.203247 0.010251
16.208248 0.002039
16.213249 -0.005058
16.218250 0.005989
16.223251 0.012665
16.228252 0.001709
16.233253 -0.002113
16.238254 0.007599
16.243255 0.017841
16.248256 0.006337
16.253257 0.003557
16.258258 0.017731
16.263259 0.022871
16.268260 0.014659
16.273261 0.009098
16.278262 0.018609
16.283263 0.021206
16.288264 0.009592
16.293265 0.002148
16.298266 0.008001
16.303267 0.010744
16.308268 -0.000925
16.313269 -0.013380
16.318270 -0.005461
16.323271 0.003373
16.328272 -0.012923
16.333273 -0.020477
16.338274 -0.005680
16.343275 -0.002022
16.348276 -0.010618
16.353277 -0.013344
16.358278 -0.003613
16.363279 0.004233
16.368280 -0.009192
16.373281 -0.010253
16.378282 0.002788
16.383283 0.003300
16.388284 -0.003522
16.393285 -0.011679
16.398286 -0.000852
16.403287 0.004690
16.408288 -0.010125
16.413289 -0.014222
16.418290 -0.006906
16.423291 -0.001309
16.428292 -0.012155
16.433293 -0.021245
16.438294 -0.008314
16.443295 -0.003248
16.448296 -0.015228
16.453297 -0.016892
16.458298 -0.005882
16.463299 -0.000669
16.468300 -0.009558
16.473301 -0.017185
16.478302 -0.005918
16.483303 0.003226
16.488304 -0.010436
16.493305 -0.019106
16.498306 -0.003834
16.503307 -0.001163
16.508308 -0.013198
16.513309 -0.012814
16.518310 -0.003248
16.523311 0.003208
16.528312 -0.005718
16.533313 -0.007327
16.538314 0.003153
16.543315 0.007012
16.548316 0.002348
16.553317 -0.005864
16.558318 0.005787
16.563319 0.015041
16.568320 0.000885
16.573321 -0.003998
16.578322 0.006006
16.583323 0.012060
16.588324 0.002513
16.593325 -0.006193
16.598326 0.005146
16.603327 0.011932
16.608328 0.001488
16.613329 -0.002572
16.618330 0.011639
16.623331 0.018516
16.628332 0.006792
16.633333 0.003226
16.638334 0.013779
16.643335 0.019412
16.648336 0.009060
16.653337 0.002787
16.658338 0.013249
16.663339 0.019778
16.668340 0.007908
16.673341 0.001634
16.678342 0.013889
16.683343 0.017492
16.688344 0.006189
16.693345 -0.001329
16.698346 0.007871
16.703347 0.014273
16.708348 0.001872
16.713349 -0.005096
16.718350 0.005713
16.723351 0.010541
16.728352 -0.000926
16.733353 -0.006377
16.738354 0.004195
16.743355 0.010962
16.748356 -0.002024
16.753357 -0.007950
16.758358 0.003554
16.763359 0.007688
16.768360 -0.005152
16.773361 -0.014571
16.778362 -0.001366
16.783363 0.000335
16.788364 -0.013510
16.793365 -0.017186
16.798366 -0.008590
16.803367 -0.000963
16.808368 -0.012047
16.813369 -0.017278
16.818370 -0.004000
16.823371 0.003920
16.828372 -0.007548
16.833373 -0.011279
16.838374 0.001579
16.843375 0.005987
16.848376 -0.003872
16.853377 -0.013602
16.858378 -0.001805
16.863379 0.002566
16.868380 -0.010968
16.873381 -0.015925
16.878382 -0.007091
16.883383 0.000061
16.888384 -0.012066
16.893385 -0.018065
16.898386 -0.005683
16.903387 0.000646
16.908388 -0.009889
16.913389 -0.013694
16.918390 -0.000964
16.923391 0.005492
16.928392 -0.004567
16.933393 -0.009066
16.938394 0.008309
16.943395 0.014656
16.948396 0.004852
16.953397 0.000316
16.958398 0.009571
16.963399 0.016942
16.968400 0.002932
16.973401 -0.003671
16.978402 0.003261
16.983403 0.006407
16.988404 -0.003415
16.993405 -0.013438
16.998406 -0.003177
17.003407 0.001651
17.008408 -0.010164
17.013410 -0.013145
17.018411 -0.002318
17.023412 0.003462
17.028413 -0.004750
17.033414 -0.009359
17.038415 0.005273
17.043416 0.012899
17.048417 -0.000452
17.053418 -0.002793
17.058419 0.009753
17.063420 0.014893
17.068421 0.005309
17.073422 -0.001714
17.078423 0.009150
17.083424 0.013448
17.088425 0.000773
17.093426 -0.005866
17.098427 0.001157
17.103428 0.009168
17.108429 -0.000398
17.113430 -0.010549
17.118431 0.005327
17.123432 0.012167
17.128433 -0.000398
17.133434 -0.003489
17.138435 0.008839
17.143436 0.018294
17.148437 0.003809
17.153438 -0.001038
17.158439 0.011289
17.163440 0.015825
17.168441 0.007064
17.173442 -0.002044
17.178443 0.011216
17.183444 0.016593
17.188445 0.003242
17.193446 -0.000453
17.198447 0.009844
17.203448 0.016301
17.208449 0.003132
17.213450 -0.003654
17.218451 0.008948
17.223452 0.012789
17.228453 0.001833
17.233454 -0.003562
17.238455 0.007210
17.243456 0.011856
17.248457 0.001943
17.253458 -0.003526
17.258459 0.004887
17.263460 0.013374
17.268461 -0.000910
17.273462 -0.007641
17.278463 0.004650
17.283464 0.006735
17.288465 -0.003160
17.293466 -0.010952
17.298467 -0.000655
17.303468 0.006442
17.308469 -0.007641
17.313470 -0.014171
17.318471 -0.002008
17.323472 0.002857
17.328473 -0.011190
17.333474 -0.016165
17.338475 -0.004276
17.343476 -0.001405
17.348477 -0.010806
17.353478 -0.018890
17.358479 -0.007934
17.363480 -0.001880
17.368481 -0.017957
17.373482 -0.020847
17.378483 -0.011976
17.383484 -0.008648
17.388485 -0.018707
17.393486 -0.025804
17.398487 -0.013110
17.403488 -0.008190
17.408489 -0.019750
17.413490 -0.021890
17.418491 -0.008867
17.423492 -0.004514
17.428493 -0.012233
17.433494 -0.017976
17.438495 -0.006142
17.443496 0.002765
17.448497 -0.009855
17.453498 -0.012580
17.458499 -0.001094
17.463500 0.008709
17.468501 -0.002795
17.473502 -0.004679
17.478503 0.012678
17.483504 0.013849
17.488505 0.011233
17.493506 0.004246
17.498507 0.016226
17.503508 0.027182
17.508509 0.012678
17.513510 0.010593
17.518511 0.017890
17.523512 0.024639
17.528513 0.012385
17.533514 0.002070
17.538515 0.014763
17.543516 0.017214
17.548517 0.005014
17.553518 -0.001845
17.558519 0.010172
17.563520 0.012422
17.568521 0.001484
17.573522 -0.002210
17.578523 0.005270
17.583524 0.014049
17.588525 -0.000985
17.593526 -0.005393
17.598527 0.005672
17.603528 0.008983
17.608529 -0.000363
17.613530 -0.010148
17.618531 0.005617
17.623532 0.006971
17.628533 -0.003820
17.633534 -0.003912
17.638535 0.002325
17.643536 0.013372
17.648537 0.000313
17.653538 -0.005466
17.658539 0.008562
17.663540 0.008909
17.668541 -0.000583
17.673542 -0.007058
17.678543 0.002599
17.683544 0.008141
17.688545 -0.004552
17.693546 -0.011594
17.698547 0.000075
17.703548 0.005379
17.708549 -0.009051
17.713550 -0.013441
17.718551 -0.002559
17.723552 0.001776
17.728553 -0.009893
17.733554 -0.014630
17.738555 -0.002376
17.743556 0.001904
17.748557 -0.006436
17.753558 -0.010716
17.758559 0.002288
17.763560 0.009403
17.768561 -0.000766
17.773562 -0.004351
17.778563 0.006165
17.783564 0.013994
17.788565 0.003276
17.793566 -0.003949
17.798567 0.007391
17.803568 0.013683
17.808569 0.000148
17.813570 -0.005485
17.818571 0.005342
17.823572 0.007994
17.828573 -0.001462
17.833574 -0.010570
17.838575 -0.000309
17.843576 0.009622
17.848577 -0.004882
17.853578 -0.010771
17.858579 0.003349
17.863580 0.007958
17.868581 -0.003492
17.873582 -0.009253
17.878583 0.002964
17.883584 0.007390
17.888585 -0.005669
17.893586 -0.013021
17.898587 -0.002760
17.903588 0.002964
17.908589 -0.012125
17.913590 -0.017155
17.918591 -0.006291
17.923592 -0.003017
17.928593 -0.012564
17.933594 -0.018600
17.938595 -0.006602
17.943596 0.001629
17.948597 -0.009199
17.953598 -0.014046
17.958599 -0.001352
17.963600 0.005525
17.968601 -0.003858
17.973602 -0.009272
17.978603 0.002159
17.983604 0.009841
17.988605 0.000806
17.993606 -0.005248
17.998607 0.005415
18.003608 0.014688
18.008609 0.001812
18.013610 -0.005029
18.018611 0.009822
18.023612 0.011889
18.028613 -0.000292
18.033614 -0.004645
18.038615 0.005305
18.043616 0.009237
18.048617 -0.002944
18.053618 -0.008651
18.058619 0.003969
18.063620 0.011413
18.068621 -0.003310
18.073622 -0.005249
18.078623 0.007573
18.083624 0.013334
18.088625 0.006164
18.093626 -0.003255
18.098627 0.009694
18.103628 0.018528
18.108629 0.004335
18.113630 -0.001664
18.118631 0.012456
18.123632 0.015089
18.128633 0.000311
18.133634 -0.001536
18.138635 0.007280
18.143636 0.010755
18.148637 -0.000036
18.153638 -0.008688
18.158639 0.004317
18.163640 0.008121
18.168641 -0.004079
18.173642 -0.007480
18.178643 0.003073
18.183644 0.009456
18.188645 -0.005249
18.193646 -0.009913
18.198647 0.002140
18.203648 0.004024
18.208649 -0.006036
18.213650 -0.014028
18.218651 -0.004024
18.223652 0.001701
18.228653 -0.011120
18.233654 -0.017120
18.238655 -0.006310
18.243656 -0.000165
18.248657 -0.012072
18.253658 -0.014797
18.258659 -0.003457
18.263660 0.000859
18.268661 -0.007774
18.273662 -0.013480
18.278663 -0.001646
18.283664 0.003621
18.288665 -0.007609
18.293666 -0.013901
18.298667 -0.002396
18.303668 0.005907
18.308669 -0.005780
18.313670 -0.013334
18.318671 0.000054
18.323672 0.007663
18.328673 -0.005451
18.333674 -0.010901
18.338675 -0.002067
18.343676 0.003237
18.348677 -0.007006
18.353678 -0.013846
18.358679 -0.000915
18.363680 0.005285
18.368681 -0.006805
18.373682 -0.010261
18.378683 0.003547
18.383684 0.008614
18.388685 -0.000330
18.393686 -0.006658
18.398687 0.005450
18.403688 0.013845
18.408689 0.001078
18.413690 -0.003019
18.418691 0.006675
18.423692 0.012893
18.428693 0.002084
18.433694 -0.005378
18.438695 0.008248
18.443696 0.011906
18.448697 0.001243
18.453698 -0.002909
18.458699 0.006419
18.463700 0.013021
18.468701 0.000438
18.473702 -0.003092
18.478703 0.009253
18.483704 0.012235
18.488705 0.003693
18.493706 -0.000733
18.498707 0.010113
18.503708 0.015874
18.508709 0.005449
18.513710 -0.000751
18.518711 0.008229
18.523712 0.015911
18.528713 0.004297
18.533714 -0.005635
18.538715 0.006894
18.543716 0.014228
18.548717 -0.002379
18.553718 -0.007446
18.558719 0.007461
18.563720 0.009729
18.568721 -0.000569
18.573722 -0.007519
18.578723 0.002230
18.583724 0.011320
18.588725 -0.004538
18.593726 -0.010281
18.598727 0.002669
18.603728 0.006272
18.608729 -0.004245
18.613730 -0.010866
18.618731 0.001461
18.623732 0.006290
18.628733 -0.003715
18.633734 -0.006751
18.638735 0.002449
18.643736 0.009180
18.648737 -0.001429
18.653738 -0.007556
18.658739 0.003327
18.663740 0.006857
18.668741 -0.004849
18.673742 -0.012567
18.678743 -0.000094
18.683744 0.004881
18.688745 -0.010793
18.693746 -0.013098
18.698747 -0.003550
18.703748 0.000748
18.708749 -0.008964
18.713750 -0.015604
18.718751 -0.001118
18.723752 0.002650
18.728753 -0.009348
18.733754 -0.012147
18.738755 -0.003551
18.743756 0.002942
18.748757 -0.007373
18.753758 -0.012824
18.758759 0.000235
18.763760 0.005503
18.768761 0.000418
18.773762 -0.005910
18.778763 0.005631
18.783764 0.017190
18.788765 0.001644
18.793766 -0.003752
18.798767 0.008941
18.803768 0.014428
18.808769 0.001241
18.813770 -0.004776
18.818771 0.009051
18.823772 0.011813
18.828773 0.000839
18.833774 -0.005069
18.838775 0.006271
18.843776 0.011227
18.848777 -0.001283
18.853778 -0.006386
18.858779 0.001954
18.863780 0.005941
18.868781 -0.007410
18.873782 -0.012952
18.878783 -0.004667
18.883784 -0.001649
18.888785 -0.010447
18.893786 -0.019299
18.898787 -0.006715
18.903788 0.002320
18.908789 -0.011855
18.913790 -0.015385
18.918791 0.000107
18.923792 0.004057
18.928793 -0.007667
18.933794 -0.011105
18.938795 0.002192
18.943796 0.008191
18.948797 -0.004868
18.953798 -0.008087
18.958799 0.003527
18.963800 0.006160
18.968801 -0.005307
18.973802 -0.010173
18.978803 0.003124
18.983804 0.006252
18.988805 -0.006277
18.993806 -0.009770
18.998807 0.000362
19.003808 0.004971
19.008809 -0.007118
19.013810 -0.013044
19.018811 -0.001046
19.023812 0.003819
19.028813 -0.008289
19.033814 -0.009844
19.038815 0.001130
19.043816 0.006197
19.048817 -0.001284
19.053818 -0.008051
19.058819 0.005355
19.063820 0.011208
19.068821 -0.000205
19.073822 -0.003406
19.078823 0.007422
19.083824 0.015378
19.088825 0.003416
19.093826 -0.001467
19.098827 0.011647
19.103828 0.015707
19.108829 0.006763
19.113830 0.000398
19.118831 0.010366
19.123832 0.018268
19.128833 0.005995
19.133834 -0.000059
19.138835 0.011811
19.143836 0.018048
19.148837 0.006580
19.153838 -0.000626
19.158839 0.010897
19.163840 0.015652
19.168841 0.003507
19.173842 -0.001723
19.178843 0.008025
19.183844 0.012177
19.188845 0.005099
19.193846 -0.002400
19.198847 0.004861
19.203848 0.014573
19.208849 0.000014
19.213850 -0.006223
19.218851 0.003269
19.223852 0.006232
19.228853 -0.003388
19.233854 -0.011326
19.238855 0.001861
19.243856 0.004220
19.248857 -0.006241
19.253858 -0.009625
19.258859 -0.001230
19.263860 0.006891
19.268861 -0.006443
19.273862 -0.011491
19.278863 0.000453
19.283865 0.002684
19.288866 -0.008784
19.293867 -0.015350
19.298868 -0.002346
19.303869 0.001733
19.308870 -0.010192
19.313871 -0.015094
19.318872 -0.007339
19.323873 0.002098
19.328874 -0.011765
19.333875 -0.016887
19.338876 -0.000974
19.343877 -0.001560
19.348878 -0.010394
19.353879 -0.014564
19.358880 -0.003663
19.363881 0.002720
19.368882 -0.009662
19.373883 -0.012826
19.378884 -0.003023
19.383885 0.004330
19.388886 -0.007650
19.393887 -0.014729
19.398888 0.001476
19.403889 0.005299
19.408890 -0.005511
19.413891 -0.008620
19.418892 0.000964
19.423893 0.007603
19.428894 -0.002749
19.433895 -0.009205
19.438896 0.001641
19.443897 0.007493
19.448898 -0.003737
19.453899 -0.008455
19.458900 0.001933
19.463901 0.007859
19.468902 -0.001999
19.473903 -0.008949
19.478904 0.003762
19.483905 0.012486
19.488906 -0.001085
19.493907 -0.003901
19.498908 0.012669
19.503909 0.014041
19.508910 0.005463
19.513911 0.002354
19.518912 0.012907
19.523913 0.018869
19.528914 0.006249
19.533915 0.001713
19.538916 0.011023
19.543917 0.017150
19.548918 0.005316
19.553919 -0.001707
19.558920 0.009523
19.563921 0.013108
19.568922 0.000689
19.573923 -0.005804
19.578924 0.005097
19.583925 0.007200
19.588926 -0.005950
19.593927 -0.009188
19.598928 0.000561
19.603929 0.004420
19.608930 -0.005767
19.613931 -0.013486
19.618932 -0.002347
19.623933 0.003835
19.628934 -0.010011
19.633935 -0.015736
19.638936 -0.003865
19.643937 0.003524
19.648938 -0.011145
19.653939 -0.014711
19.658940 -0.000646
19.663941 0.001713
19.668942 -0.004853
19.673943 -0.013376
19.678944 -0.000080
19.683945 0.009065
19.688946 -0.004378
19.693947 -0.007725
19.698948 0.002499
19.703949 0.008992
19.708950 -0.000958
19.713951 -0.005384
19.718952 0.004932
19.723953 0.011626
19.728954 0.000999
19.733955 -0.005603
19.738956 0.006358
19.743957 0.012010
19.748958 0.000231
19.753959 -0.007634
19.758960 0.004419
19.763961 0.008425
19.768962 -0.002714
19.773963 -0.008567
19.778964 0.001365
19.783965 0.008791
19.788966 -0.004543
19.793967 -0.006811
19.798968 0.005041
19.803969 0.006614
19.808970 -0.000940
19.813971 -0.007725
19.818972 0.002115
19.823973 0.011003
19.828974 -0.002623
19.833975 -0.009006
19.838976 0.003596
19.843977 0.008095
19.848978 -0.003610
19.853979 -0.008347
19.858980 0.002992
19.863981 0.006083
19.868982 -0.002842
19.873983 -0.007360
19.878984 -0.000062
19.883985 0.009577
19.888986 -0.000245
19.893987 -0.007305
19.898988 0.005370
19.903989 0.009576
19.908990 -0.001215
19.913991 -0.006189
19.918992 0.004931
19.923993 0.010619
19.928994 -0.000154
19.933995 -0.005988
19.938996 0.005040
19.943997 0.012210
19.948998 -0.000831
19.953999 -0.008951
19.959000 0.004290
19.964001 0.009357
19.969002 -0.003885
19.974003 -0.007287
19.979004 0.004327
19.984005 0.008826
19.989006 -0.001233
19.994007 -0.007159
19.999008 0.004565
20.004009 0.010125
20.009010 -0.003611
20.014011 -0.004873
20.019012 0.005571
20.024013 0.010545
20.029014 0.003394
20.034015 -0.007031
20.039016 0.008826
20.044017 0.015246
20.049018 -0.000447
20.054019 -0.000337
20.059020 0.007399
20.064021 0.012466
20.069022 0.002059
20.074023 -0.007708
20.079024 0.005022
20.084025 0.008515
20.089026 -0.004215
20.094027 -0.009409
20.099028 0.000467
20.104029 0.007216
20.109030 -0.006666
20.114031 -0.011988
20.119032 0.000870
20.124033 0.001199
20.129034 -0.005861
20.134035 -0.011915
20.139036 -0.002240
20.144037 0.005332
20.149038 -0.009995
20.154039 -0.012482
20.159040 -0.002240
20.164041 0.002406
20.169042 -0.006959
20.174043 -0.013104
20.179044 -0.004380
20.184045 0.001253
20.189046 -0.006410
20.194047 -0.015080
20.199048 -0.004453
20.204049 0.001692
20.209050 -0.009794
20.214051 -0.014970
20.219052 -0.004563
20.224053 0.002881
20.229054 -0.008111
20.234055 -0.012647
20.239056 0.000394
20.244057 0.008789
20.249058 0.001674
20.254059 -0.002570
20.259060 0.011770
20.264061 0.016671
20.269062 0.007216
20.274063 0.002734
20.279064 0.013032
20.284065 0.021116
20.289066 0.006740
20.294067 0.001820
20.299068 0.010727
20.304069 0.016415
20.309070 0.006283
20.314071 -0.005094
20.319072 0.009300
20.324073 0.013855
20.329074 -0.000320
20.334075 -0.003356
20.339076 0.007727
20.344077 0.011605
20.349078 0.001582
20.354079 -0.001912
20.359080 0.007563
20.364081 0.014677
20.369082 0.001088
20.374083 -0.005478
20.379084 0.007416
20.384085 0.009081
20.389086 -0.000174
20.394087 -0.006759
20.399088 0.003484
20.404089 0.007818
20.409090 -0.004893
20.414091 -0.005423
20.419092 0.000960
20.424093 0.005496
20.429094 -0.002406
20.434095 -0.009740
20.439096 0.000045
20.444097 0.006191
20.449098 -0.002900
20.454099 -0.011843
20.459100 0.001984
20.464101 0.009153
20.469102 -0.003778
20.474103 -0.008624
20.479104 0.002185
20.484105 0.007983
20.489106 -0.004802
20.494107 -0.011880
20.499108 -0.001821
20.504109 0.003941
20.509110 -0.009649
20.514111 -0.013984
20.519112 -0.005058
20.524113 -0.000376
20.529114 -0.007235
20.534115 -0.014642
20.539116 -0.002809
20.544117 0.002404
20.549118 -0.006942
20.554119 -0.013618
20.559120 -0.002132
20.564121 0.006062
20.569122 -0.007546
20.574123 -0.012722
20.579124 -0.001437
20.584125 0.004873
20.589126 -0.006302
20.594127 -0.012576
20.599128 -0.001291
20.604129 0.004763
20.609130 -0.007765
20.614131 -0.013966
20.619132 -0.001273
20.624133 0.004507
20.629134 -0.008022
20.634135 -0.014990
20.639136 -0.001968
20.644137 0.002440
20.649138 -0.009759
20.654139 -0.011606
20.659140 0.001233
20.664141 0.005220
20.669142 -0.005059
20.674143 -0.008918
20.679144 0.003355
20.684145 0.010067
20.689146 -0.001218
20.694147 -0.005370
20.699148 0.004580
20.704149 0.013743
20.709150 0.004690
20.714151 -0.004144
20.719152 0.010981
20.724153 0.016816
20.729154 0.006665
20.734155 0.001178
20.739156 0.009609
20.744157 0.017236
20.749158 0.006573
20.754159 0.000446
20.759160 0.010524
20.764161 0.017419
20.769162 0.005970
20.774163 -0.000395
20.779164 0.009975
20.784165 0.014566
20.789166 0.005018
20.794167 -0.003230
20.799168 0.007835
20.804169 0.013377
20.809170 0.000300
20.814171 -0.004639
20.819172 0.003153
20.824173 0.010268
20.829174 -0.000688
20.834175 -0.008772
20.839176 0.005000
20.844177 0.008402
20.849178 -0.002407
20.854179 -0.007766
20.859180 0.003372
20.864181 0.008054
20.869182 -0.004621
20.874183 -0.006303
20.879184 0.000994
20.884185 0.006445
20.889186 -0.001511
20.894187 -0.012120
20.899188 0.000244
20.904189 0.009188
20.909190 -0.006523
20.914191 -0.012321
20.919192 0.001378
20.924193 0.003262
20.929194 -0.008572
20.934195 -0.011791
20.939196 -0.002993
20.944197 0.002402
20.949198 -0.005828
20.954199 -0.015668
20.959200 -0.002774
20.964201 0.004725
20.969202 -0.008846
20.974203 -0.011059
20.979204 -0.001768
20.984205 0.005383
20.989206 -0.005280
20.994207 -0.011370
20.999208 0.002146
21.004209 0.005530
21.009210 -0.003762
21.014211 -0.008572
21.019212 0.001634
21.024213 0.007084
21.029214 -0.004182
21.034215 -0.008956
21.039216 0.001817
21.044217 0.006371
21.049218 -0.005426
21.054219 -0.009285
21.059220 0.001707
21.064221 0.004780
21.069222 -0.005481
21.074223 -0.011938
21.079224 0.000006
21.084225 0.007431
21.089226 -0.006926
21.094227 -0.011517
21.099228 -0.000141
21.104229 0.006608
21.109230 -0.004347
21.114231 -0.011682
21.119232 0.003536
21.124233 0.007011
21.129234 -0.003268
21.134235 -0.005792
21.139236 0.003462
21.144237 0.010797
21.149238 -0.000781
21.154239 -0.005975
21.159240 0.005035
21.164241 0.010431
21.169242 0.000280
21.174243 -0.006396
21.179244 0.005529
21.184245 0.008528
21.189246 -0.000854
21.194247 -0.004714
21.199248 0.003864
21.204249 0.011711
21.209250 -0.000415
21.214251 -0.004640
21.219252 0.007193
21.224253 0.011509
21.229254 0.002145
21.234255 -0.004695
21.239256 0.007193
21.244257 0.013741
21.249258 0.002145
21.254259 -0.005317
21.259260 0.006571
21.264261 0.013229
21.269262 0.001651
21.274263 -0.003818
21.279264 0.003864
21.284265 0.013795
21.289266 0.002072
21.294267 -0.006214
21.299268 0.008089
21.304269 0.010723
21.309270 0.001761
21.314271 -0.004421
21.319272 0.002748
21.324273 0.013430
21.329274 0.002199
21.334275 -0.008793
21.339276 0.005620
21.344277 0.010704
21.349278 -0.002995
21.354279 -0.008756
21.359280 0.001577
21.364281 0.007412
21.369282 -0.006799
21.374283 -0.009616
21.379284 -0.001331
21.384285 0.004211
21.389286 -0.005483
21.394287 -0.013695
21.399288 0.002492
21.404289 0.003059
21.409290 -0.006562
21.414291 -0.010842
21.419292 -0.002154
21.424293 0.006479
21.429294 -0.006909
21.434295 -0.009068
21.439296 0.000516
21.444297 0.006552
21.449298 -0.002282
21.454299 -0.011518
21.459300 0.001851
21.464301 0.006936
21.469302 -0.003928
21.474303 -0.008135
21.479304 0.001851
21.484305 0.009643
21.489306 -0.001276
21.494307 -0.007330
21.499308 0.003205
21.504309 0.009679
21.509310 -0.000691
21.514311 -0.007513
21.519312 0.006168
21.524313 0.006698
21.529314 -0.003307
21.534315 -0.004642
21.539316 0.000900
21.544317 0.008893
21.549319 -0.001039
21.554320 -0.009928
21.559321 0.001321
21.564322 0.008691
21.569323 -0.006032
21.574324 -0.013147
21.579325 0.000717
21.584326 0.003149
21.589327 -0.006197
21.594328 -0.012818
21.599329 -0.004039
21.604330 0.005875
21.609331 -0.009690
21.614332 -0.015013
21.619333 -0.000088
21.624334 0.001119
21.629335 -0.008501
21.634336 -0.014281
21.639337 -0.002667
21.644338 0.004228
21.649339 -0.008995
21.654340 -0.011629
21.659341 -0.001204
21.664342 0.006075
21.669343 -0.002850
21.674344 -0.009983
21.679345 0.002491
21.684346 0.009550
21.689347 -0.000180
21.694348 -0.007496
21.699349 0.004448
21.704350 0.010593
21.709351 -0.001168
21.714352 -0.006673
21.719353 0.002509
21.724354 0.010227
21.729355 -0.000692
21.734356 -0.007624
21.739357 0.004539
21.744358 0.011196
21.749359 -0.000546
21.754360 -0.008502
21.759361 0.004795
21.764362 0.011800
21.769363 -0.003417
21.774364 -0.007551
21.779365 0.006514
21.784366 0.008508
21.789367 -0.001662
21.794368 -0.005576
21.799369 0.002764
21.804370 0.010227
21.809371 -0.000052
21.814372 -0.008594
21.819373 0.004502
21.824374 0.010227
21.829375 -0.002101
21.834376 -0.006253
21.839377 0.001557
21.844378 0.008123
21.849379 -0.003217
21.854380 -0.011813
21.859381 0.001356
21.864382 0.007867
21.869383 -0.003217
21.874384 -0.010679
21.879385 0.003587
21.884386 0.010062
21.889387 -0.002083
21.894388 -0.004442
21.899389 0.004977
21.904390 0.011250
21.909391 0.002307
21.914392 -0.002961
21.919393 0.008287
21.924394 0.013189
21.929395 0.002544
21.934396 -0.003016
21.939397 0.007702
21.944398 0.012037
21.949399 0.000880
21.954400 -0.003235
21.959401 0.005946
21.964402 0.011525
21.969403 0.001611
21.974404 -0.004333
21.979405 0.006330
21.984406 0.012055
21.989407 0.000989
21.994408 -0.006656
21.999409 0.007171
22.004410 0.012165
22.009411 -0.000638
22.014412 -0.004461
22.019413 0.004007
22.024414 0.010994
22.029415 -0.001498
22.034416 -0.008759
22.039417 0.005123
22.044418 0.006915
22.049419 -0.005156
22.054420 -0.010533
22.059421 -0.001882
22.064422 0.002526
22.069423 -0.009436
22.074424 -0.013917
22.079425 -0.005101
22.084426 0.000294
22.089427 -0.009765
22.094428 -0.016953
22.099429 -0.004663
22.104430 -0.000145
22.109431 -0.011320
22.114432 -0.014539
22.119433 -0.006766
22.124434 0.000038
22.129435 -0.006638
22.134436 -0.016752
22.139437 -0.002194
22.144438 0.004354
22.149439 -0.009235
22.154440 -0.010753
22.159441 -0.003748
22.164442 0.007866
22.169443 -0.001426
22.174444 -0.012820
22.179445 0.004354
22.184446 0.009530
22.189447 -0.000987
22.194448 -0.007114
22.199449 0.002324
22.204450 0.011908
22.209451 -0.000365
22.214452 -0.006236
22.219453 0.003421
22.224454 0.011121
22.229455 0.001226
22.234456 -0.007626
22.239457 0.006055
22.244458 0.011340
22.249459 0.000842
22.254460 -0.003474
22.259461 0.006292
22.264462 0.012749
22.269463 0.002214
22.274464 -0.003987
22.279465 0.007390
22.284466 0.013681
22.289467 0.001720
22.294468 -0.004499
22.299469 0.004372
22.304470 0.009694
22.309471 -0.000475
22.314472 -0.009291
22.319473 0.000439
22.324474 0.006731
22.329475 -0.004426
22.334476 -0.011303
22.339477 -0.002505
22.344478 0.005378
22.349479 -0.005523
22.354480 -0.012839
22.359481 -0.000439
22.364482 0.005067
22.369483 -0.004847
22.374484 -0.010827
22.379485 0.000000
22.384486 0.005835
22.389487 -0.005084
22.394488 -0.010443
22.399489 0.001043
22.404490 0.007718
22.409491 -0.006786
22.414492 -0.010224
22.419493 0.000567
22.424494 0.002689
22.429495 -0.002963
22.434496 -0.012419
22.439497 -0.002268
22.444498 0.008066
22.449499 -0.008048
22.454500 -0.012565
22.459501 -0.000695
22.464502 0.003786
22.469503 -0.006402
22.474504 -0.013041
22.479505 -0.001043
22.484506 0.003603
22.489507 -0.006475
22.494508 -0.011834
22.499509 -0.001829
22.504510 0.003877
22.509511 -0.006237
22.514512 -0.012438
22.519513 -0.002378
22.524514 0.006712
22.529515 -0.004024
22.534516 -0.008487
22.539517 0.004956
22.544518 0.010955
22.549519 0.001170
22.554520 -0.003567
22.559521 0.007059
22.564522 0.015326
22.569523 0.005724
22.574524 -0.002964
22.579525 0.009821
22.584526 0.015326
22.589527 0.002816
22.594528 -0.002488
22.599529 0.007626
22.604530 0.013552
22.609531 0.003419
22.614532 -0.003513
22.619533 0.004791
22.624534 0.014027
22.629535 0.002761
22.634536 -0.005122
22.639537 0.009162
22.644538 0.014174
22.649539 0.003675
22.654540 -0.002415
22.659541 0.009254
22.664542 0.015472
22.669543 0.003236
22.674544 0.000420
22.679545 0.008467
22.684546 0.017063
22.689547 0.007004
22.694548 -0.003934
22.699549 0.009967
22.704550 0.013186
22.709551 0.000639
22.714552 -0.005635
22.719553 0.001389
22.724554 0.008375
22.729555 -0.001574
22.734556 -0.011085
22.739557 -0.001940
22.744558 0.007168
22.749559 -0.006824
22.754560 -0.016023
22.759561 -0.002196
22.764562 0.004553
22.769563 -0.008232
22.774564 -0.017304
22.779565 -0.003806
22.784566 0.001864
22.789567 -0.010683
22.794568 -0.014359
22.799569 -0.005781
22.804570 0.002102
22.809571 -0.008378
22.814572 -0.015091
22.819573 -0.003349
22.824574 0.001132
22.829575 -0.005269
22.834576 -0.011433
22.839577 -0.004355
22.844578 0.006162
22.849579 -0.004739
22.854580 -0.012000
22.859581 0.000474
22.864582 0.004662
22.869583 -0.002526
22.874584 -0.009202
22.879585 0.000839
22.884586 0.008960
22.889587 -0.002691
22.894588 -0.006458
22.899589 0.003162
22.904590 0.008393
22.909591 0.000053
22.914592 -0.006074
22.919593 0.004259
22.924594 0.011959
22.929595 -0.001721
22.934596 -0.006276
22.939597 0.005850
22.944598 0.010496
22.949599 0.002138
22.954600 -0.006056
22.959601 0.007423
22.964602 0.012819
22.969603 0.000821
22.974604 -0.003587
22.979605 0.004223
22.984606 0.010971
22.989607 -0.002453
22.994608 -0.008398
22.999609 0.004369
23.004610 0.007789
23.009611 -0.001265
23.014612 -0.007831
23.019613 0.003820
23.024614 0.009947
23.029615 -0.001265
23.034616 -0.004356
23.039617 0.003728
23.044618 0.011648
23.049619 -0.000204
23.054620 -0.005581
23.059621 0.006271
23.064622 0.009234
23.069623 0.000235
23.074624 -0.006002
23.079625 0.007569
23.084626 0.010294
23.089627 -0.001247
23.094628 -0.006185
23.099629 0.000125
23.104630 0.009819
23.109631 -0.002417
23.114632 -0.011233
23.119633 0.002301
23.124634 0.005082
23.129635 -0.005655
23.134636 -0.011489
23.139637 -0.004521
23.144638 0.003947
23.149639 -0.006935
23.154640 -0.015605
23.159641 -0.004813
23.164642 0.001606
23.169643 -0.007155
23.174644 -0.014068
23.179645 -0.003606
23.184646 0.005575
23.189647 -0.007374
23.194648 -0.013812
23.199649 -0.001576
23.204650 0.005776
23.209651 -0.004997
23.214652 -0.013081
23.219653 0.001368
23.224654 0.005630
23.229655 -0.006588
23.234656 -0.011544
23.239657 0.000198
23.244658 0.006014
23.249659 -0.005509
23.254660 -0.009642
23.259661 0.000435
23.264662 0.008647
23.269663 -0.002546
23.274664 -0.009332
23.279665 0.002539
23.284666 0.009269
23.289667 -0.001430
23.294668 -0.006039
23.299669 0.004386
23.304670 0.010641
23.309671 0.002868
23.314672 -0.005966
23.319673 0.006050
23.324674 0.013512
23.329675 0.003361
23.334676 -0.005454
23.339677 0.005300
23.344678 0.013713
23.349679 -0.000480
23.354680 -0.002802
23.359681 0.006324
23.364682 0.010695
23.369683 0.002575
23.374684 -0.006863
23.379685 0.004843
23.384686 0.012817
23.389687 -0.002601
23.394688 -0.007064
23.399689 0.004861
23.404690 0.007586
23.409691 0.000782
23.414692 -0.006772
23.419693 0.002867
23.424694 0.011043
23.429695 0.001203
23.434696 -0.006296
23.439697 0.002830
23.444698 0.013055
23.449699 0.001001
23.454700 -0.006315
23.459701 0.003617
23.464702 0.010860
23.469703 0.000599
23.474704 -0.007046
23.479705 0.004403
23.484706 0.010165
23.489707 -0.000151
23.494708 -0.007339
23.499709 0.004275
23.504710 0.010256
23.509711 0.000050
23.514712 -0.007394
23.519713 0.004659
23.524714 0.011152
23.529715 -0.002602
23.534716 -0.005035
23.539717 0.003196
23.544718 0.009030
23.549719 -0.001395
23.554720 -0.008309
23.559721 0.004293
23.564722 0.007384
23.569723 -0.002492
23.574724 -0.009827
23.579725 -0.000206
23.584726 0.007713
23.589727 -0.005602
23.594728 -0.011180
23.599729 -0.001029
23.604730 0.003964
23.609731 -0.003992
23.614732 -0.009187
23.619733 -0.000152
23.624734 0.006835
23.629735 -0.002346
23.634736 -0.011235
23.639737 0.002409
23.644738 0.008371
23.649739 -0.005035
23.654740 -0.009114
23.659741 -0.000188
23.664742 0.006213
23.669743 -0.004413
23.674744 -0.010303
23.679745 -0.000499
23.684746 0.005353
23.689747 -0.004231
23.694748 -0.012333
23.699749 -0.000280
23.704750 0.005664
23.709751 -0.004743
23.714752 -0.010211
23.719753 -0.001359
23.724754 0.006816
23.729755 -0.002237
23.734756 -0.010083
23.739757 0.000726
23.744758 0.008334
23.749759 -0.001231
23.754760 -0.008840
23.759761 0.001531
23.764762 0.010968
23.769763 -0.002347
23.774764 -0.007999
23.779765 0.003542
23.784766 0.006578
23.789767 -0.000408
23.794768 -0.008090
23.799769 0.002061
23.804770 0.011059
23.809771 -0.002237
23.814772 -0.006444
23.819774 0.004146
23.824775 0.010035
23.829776 0.001036
23.834777 -0.006719
23.839778 0.004329
23.844779 0.010986
23.849780 0.001256
23.854781 -0.004725
23.859782 0.004932
23.864783 0.011608
23.869784 0.001731
23.874785 -0.006079
23.879786 0.005042
23.884787 0.011937
23.889788 0.001310
23.894789 -0.006408
23.899790 0.002133
23.904791 0.012284
23.909792 -0.001781
23.914793 -0.009188
23.919794 0.002627
23.924795 0.006450
23.929796 -0.002585
23.934797 -0.012755
23.939798 -0.002494
23.944799 0.006834
23.949800 -0.004488
23.954801 -0.011968
23.959802 -0.001982
23.964803 0.005444
23.969804 -0.003628
23.974805 -0.010011
23.979806 0.000341
23.984807 0.009065
23.989808 -0.003537
23.994809 -0.010633
23.999810 0.003871
24.004811 0.009504
24.009812 -0.001525
24.014813 -0.007469
24.019814 0.001237
24.024815 0.009632
24.029816 0.002115
24.034817 -0.009481
24.039818 0.002206
24.044819 0.011845
24.049820 -0.001781
24.054821 -0.007872
24.059822 0.000468
24.064823 0.009412
24.069824 -0.002641
24.074825 -0.010378
24.079826 0.002535
24.084827 0.005516
24.089828 -0.003263
24.094829 -0.010853
24.099830 0.000816
24.104831 0.007546
24.109832 -0.002348
24.114833 -0.008421
24.119834 -0.002184
24.124835 0.009192
24.129836 -0.002678
24.134837 -0.011256
24.139838 0.000175
24.144839 0.005388
24.149840 -0.004104
24.154841 -0.012628
24.159842 0.000907
24.164843 0.006613
24.169844 -0.004507
24.174845 -0.007360
24.179846 0.000303
24.184847 0.009338
24.189848 0.000541
24.194849 -0.006720
24.199850 0.003961
24.204851 0.009942
24.209852 0.001327
24.214853 -0.006300
24.219854 0.003010
24.224855 0.011734
24.229856 0.001785
24.234857 -0.006940
24.239858 0.004601
24.244859 0.010490
24.249860 -0.000209
24.254861 -0.006007
24.259862 0.002699
24.264863 0.010838
24.269864 -0.000923
24.274865 -0.008001
24.279866 0.003101
24.284867 0.008862
24.289868 -0.000904
24.294869 -0.007818
24.299870 0.002479
24.304871 0.009338
24.309872 -0.001307
24.314873 -0.008166
24.319874 0.002772
24.324875 0.009795
24.329876 -0.000758
24.334877 -0.009647
24.339878 0.001985
24.344879 0.008131
24.349880 -0.002660
24.354881 -0.009044
24.359882 -0.001618
24.364883 0.008771
24.369884 -0.003977
24.374885 -0.011696
24.379886 0.001034
24.384887 0.006612
24.389888 -0.003813
24.394889 -0.012062
24.399890 0.002204
24.404891 0.006411
24.409892 -0.004069
24.414893 -0.006319
24.419894 -0.001289
24.424895 0.007454
24.429896 -0.001307
24.434897 -0.010964
24.439898 0.001802
24.444899 0.006722
24.449900 -0.003045
24.454901 -0.009117
24.459902 -0.001289
24.464903 0.008825
24.469904 -0.002990
24.474905 -0.010306
24.479906 0.003064
24.484907 0.007746
24.489908 -0.002149
24.494909 -0.008624
24.499910 0.000704
24.504911 0.007984
24.509912 -0.000101
24.514913 -0.008093
24.519914 -0.000046
24.524915 0.010471
24.529916 0.001070
24.534917 -0.005953
24.539918 0.004728
24.544919 0.010946
24.549920 0.002935
24.554921 -0.004344
24.559922 0.004344
24.564923 0.013214
24.569924 0.001618
24.574925 -0.005570
24.579926 0.004984
24.584927 0.011330
24.589928 0.001874
24.594929 -0.007307
24.599930 0.003923
24.604931 0.010269
24.609932 -0.000686
24.614933 -0.006996
24.619934 0.002295
24.624935 0.008806
24.629936 -0.002387
24.634937 -0.009740
24.639938 -0.000193
24.644939 0.008312
24.649940 -0.003448
24.654941 -0.009777
24.659942 0.001929
24.664943 0.006959
24.669944 -0.003229
24.674945 -0.010307
24.679946 0.000758
24.684947 0.006776
24.689948 -0.003229
24.694949 -0.010014
24.699950 -0.000943
24.704951 0.007379
24.709952 -0.002973
24.714953 -0.011167
24.719954 0.000904
24.724955 0.007343
24.729956 -0.004674
24.734957 -0.008204
24.739958 0.000026
24.744959 0.008367
24.749960 -0.000632
24.754961 -0.011423
24.759962 0.004617
24.764963 0.009153
24.769964 -0.002735
24.774965 -0.005131
24.779966 0.003538
24.784967 0.010415
24.789968 -0.000742
24.794969 -0.007820
24.799970 0.003648
24.804971 0.010141
24.809972 -0.000760
24.814973 -0.007217
24.819974 0.001233
24.824975 0.008750
24.829976 -0.000651
24.834977 -0.010344
24.839978 0.000556
24.844979 0.006501
24.849980 -0.004217
24.854981 -0.009686
24.859982 0.000337
24.864983 0.004781
24.869984 -0.006851
24.874985 -0.010710
24.879986 -0.001108
24.884987 0.005238
24.889988 -0.001767
24.894989 -0.012027
24.899990 -0.000907
24.904991 0.008750
24.909992 -0.004565
24.914993 -0.009412
24.919994 -0.001547
24.924995 0.006464
24.929996 -0.001785
24.934997 -0.012357
24.939998 -0.000048
24.944999 0.007049
24.950000 -0.004108
0.000000 0.000000
0.005001 -0.000090
0.010001 -0.000090
0.015002 -0.000090
0.020003 -0.000090
0.025003 -0.000090
0.030004 -0.000090
0.035005 0.000235
0.040005 0.000235
0.045006 -0.000090
0.050007 -0.000090
0.055007 0.000235
0.060008 0.000235
0.065009 -0.000090
0.070009 -0.000090
0.075010 0.000235
0.080011 0.000235
0.085011 -0.000090
0.090012 -0.000090
0.095013 0.000234
0.100013 0.000234
0.105014 -0.000090
0.110015 -0.000090
0.115015 0.000234
0.120016 0.000234
0.125017 -0.000090
0.130017 -0.000090
0.135018 0.000234
0.140019 0.000234
0.145019 -0.000090
0.150020 -0.000090
0.155021 0.000234
0.160021 0.000234
0.165022 -0.000090
0.170023 -0.000090
0.175023 0.000234
0.180024 -0.000090
0.185025 -0.000090
0.190025 -0.000090
0.195026 -0.000090
0.200027 -0.000090
0.205027 -0.000090
0.210028 -0.000090
0.215029 0.000234
0.220029 -0.000090
0.225030 -0.000090
0.230030 -0.000090
0.235031 0.000234
0.240032 -0.000090
0.245032 -0.000090
0.250033 -0.000090
0.255034 0.000234
0.260034 0.000234
0.265035 -0.000090
0.270036 -0.000090
0.275036 0.000234
0.280037 0.000234
0.285038 -0.000090
0.290038 -0.000090
0.295039 0.000234
0.300040 0.000234
0.305040 -0.000090
0.310041 -0.000090
0.315042 0.000234
0.320042 0.000234
0.325043 -0.000090
0.330044 -0.000090
0.335044 0.000234
0.340045 0.000234
0.345046 -0.000090
0.350046 -0.000090
0.355047 0.000234
0.360048 0.000234
0.365048 -0.000090
0.370049 -0.000090
0.375050 -0.000090
0.380050 -0.000090
0.385051 -0.000090
0.390052 -0.000090
0.395052 0.000234
0.400053 -0.000090
0.405054 -0.000090
0.410054 -0.000090
0.415055 0.000234
0.420056 -0.000090
0.425056 -0.000090
0.430057 -0.000090
0.435058 0.000234
0.440058 -0.000090
0.445059 -0.000090
0.450060 -0.000090
0.455060 0.000234
0.460061 0.000234
0.465062 -0.000090
0.470062 -0.000090
0.475063 0.000234
0.480064 0.000234
0.485064 -0.000090
0.490065 -0.000090
0.495066 0.000234
0.500066 0.000234
0.505067 -0.000090
0.510068 -0.000090
0.515068 0.000234
0.520069 0.000234
0.525070 -0.000090
0.530070 -0.000090
0.535071 0.000234
0.540072 0.000234
0.545072 -0.000090
0.550073 -0.000090
0.555074 0.000234
0.560074 -0.000090
0.565075 -0.000090
0.570076 -0.000090
0.575076 -0.000090
0.580077 0.000234
0.585078 -0.000090
0.590078 -0.000090
0.595079 0.000234
0.600080 -0.000090
0.605080 -0.000090
0.610081 -0.000090
0.615082 0.000234
0.620082 -0.000090
0.625083 -0.000090
0.630084 -0.000090
0.635084 0.000234
0.640085 0.000234
0.645086 -0.000090
0.650086 -0.000090
0.655087 0.000234
0.660088 0.000234
0.665088 -0.000090
0.670089 -0.000090
0.675090 0.000234
0.680090 0.000234
0.685091 -0.000090
0.690091 -0.000090
0.695092 0.000234
0.700093 0.000234
0.705093 -0.000090
0.710094 -0.000090
0.715095 0.000234
0.720095 0.000234
0.725096 -0.000090
0.730097 -0.000090
0.735097 -0.000090
0.740098 -0.000090
0.745099 -0.000415
0.750099 -0.000090
0.755100 -0.000090
0.760101 -0.000090
0.765101 -0.000090
0.770102 -0.000090
0.775103 0.000234
0.780103 -0.000090
0.785104 -0.000090
0.790105 -0.000090
0.795105 0.000234
0.800106 -0.000090
0.805107 -0.000090
0.810107 -0.000090
0.815108 0.000234
0.820109 -0.000090
0.825109 -0.000090
0.830110 -0.000090
0.835111 0.000234
0.840111 0.000234
0.845112 -0.000090
0.850113 -0.000090
0.855113 0.000234
0.860114 0.000234
0.865115 -0.000090
0.870115 -0.000090
0.875116 0.000234
0.880117 -0.000090
0.885117 -0.000090
0.890118 -0.000090
0.895119 0.000234
0.900119 -0.000090
0.905120 -0.000090
0.910121 -0.000090
0.915121 -0.000090
0.920122 -0.000090
0.925123 -0.000090
0.930123 -0.000090
0.935124 -0.000090
0.940125 -0.000090
0.945125 -0.000090
0.950126 -0.000090
0.955127 0.000234
0.960127 -0.000090
0.965128 -0.000090
0.970129 -0.000090
0.975129 0.000234
0.980130 -0.000090
0.985131 -0.000090
0.990131 -0.000090
0.995132 0.000234
1.000133 -0.000090
1.005133 -0.000090
1.010134 -0.000090
1.015135 0.000234
1.020135 0.000234
1.025136 -0.000090
1.030137 -0.000091
1.035137 0.000234
1.040138 0.000234
1.045139 -0.000091
1.050139 -0.000091
1.055140 0.000234
1.060141 0.000234
1.065141 -0.000091
1.070142 -0.000091
1.075143 0.000234
1.080143 0.000234
1.085144 -0.000091
1.090145 -0.000091
1.095145 0.000234
1.100146 -0.000091
1.105147 -0.000091
1.110147 -0.000091
1.115148 -0.000091
1.120149 -0.000091
1.125149 -0.000091
1.130150 -0.000091
1.135151 0.000234
1.140151 0.000234
1.145152 -0.000091
1.150152 -0.000091
1.155153 0.000234
1.160154 0.000234
1.165154 -0.000091
1.170155 -0.000091
1.175156 0.000234
1.180156 -0.000091
1.185157 -0.000091
1.190158 -0.000091
1.195158 0.000234
1.200159 0.000234
1.205160 -0.000091
1.210160 -0.000091
1.215161 0.000234
1.220162 0.000234
1.225162 -0.000091
1.230163 -0.000091
1.235164 0.000234
1.240164 0.000234
1.245165 -0.000091
1.250166 0.000234
1.255166 0.000234
1.260167 0.000234
1.265168 -0.000091
1.270168 -0.000091
1.275169 0.000234
1.280170 -0.000091
1.285170 -0.000091
1.290171 -0.000091
1.295172 -0.000091
1.300172 -0.000091
1.305173 -0.000415
1.310174 -0.000091
1.315174 -0.000091
1.320175 -0.000091
1.325176 -0.000091
1.330176 -0.000091
1.335177 0.000234
1.340178 -0.000091
1.345178 -0.000091
1.350179 -0.000091
1.355180 0.000234
1.360180 0.000234
1.365181 -0.000091
1.370182 -0.000091
1.375182 0.000234
1.380183 0.000234
1.385184 -0.000091
1.390184 -0.000091
1.395185 0.000234
1.400186 0.000234
1.405186 -0.000091
1.410187 -0.000091
1.415188 0.000234
1.420188 0.000234
1.425189 -0.000091
1.430190 -0.000091
1.435190 0.000234
1.440191 0.000234
1.445192 -0.000091
1.450192 -0.000091
1.455193 0.000234
1.460194 -0.000091
1.465194 -0.000091
1.470195 -0.000091
1.475196 0.000234
1.480196 -0.000091
1.485197 -0.000091
1.490198 -0.000091
1.495198 0.000234
1.500199 -0.000091
1.505200 -0.000091
1.510200 -0.000091
1.515201 0.000234
1.520202 0.000234
1.525202 -0.000091
1.530203 -0.000091
1.535204 0.000234
1.540204 0.000234
1.545205 -0.000091
1.550206 -0.000091
1.555206 0.000234
1.560207 0.000234
1.565208 -0.000091
1.570208 -0.000091
1.575209 0.000234
1.580210 0.000234
1.585210 -0.000091
1.590211 -0.000091
1.595212 0.000234
1.600212 0.000234
1.605213 -0.000091
1.610213 -0.000091
1.615214 0.000234
1.620215 0.000234
1.625215 -0.000091
1.630216 -0.000091
1.635217 0.000234
1.640217 -0.000091
1.645218 -0.000091
1.650219 -0.000091
1.655219 0.000234
1.660220 -0.000091
1.665221 -0.000091
1.670221 -0.000091
1.675222 0.000234
1.680223 -0.000091
1.685223 -0.000091
1.690224 -0.000091
1.695225 0.000234
1.700225 -0.000091
1.705226 -0.000091
1.710227 -0.000091
1.715227 0.000234
1.720228 0.000234
1.725229 -0.000091
1.730229 -0.000091
1.735230 0.000234
1.740231 0.000234
1.745231 -0.000091
1.750232 -0.000091
1.755233 0.000234
1.760233 0.000234
1.765234 -0.000091
1.770235 -0.000091
1.775235 0.000234
1.780236 0.000234
1.785237 -0.000091
1.790237 -0.000091
1.795238 0.000234
1.800239 0.000234
1.805239 -0.000091
1.810240 -0.000091
1.815241 0.000234
1.820241 0.000234
1.825242 -0.000091
1.830243 -0.000091
1.835243 0.000234
1.840244 -0.000091
1.845245 -0.000091
1.850245 -0.000091
1.855246 -0.000091
1.860247 -0.000091
1.865247 -0.000091
1.870248 -0.000091
1.875249 0.000234
1.880249 -0.000091
1.885250 -0.000091
1.890251 -0.000091
1.895251 0.000234
1.900252 0.000234
1.905253 -0.000091
1.910253 -0.000091
1.915254 0.000234
1.920255 0.000234
1.925255 -0.000091
1.930256 -0.000091
1.935257 0.000234
1.940257 0.000234
1.945258 -0.000091
1.950259 -0.000091
1.955259 0.000234
1.960260 0.000234
1.965261 -0.000091
1.970261 -0.000091
1.975262 0.000234
1.980263 -0.000091
1.985263 -0.000091
1.990264 -0.000091
1.995265 0.000234
2.000265 -0.000091
2.005266 -0.000091
2.010267 -0.000091
2.015267 0.000234
2.020268 -0.000091
2.025269 -0.000091
2.030269 -0.000091
2.035270 0.000234
2.040271 -0.000091
2.045271 -0.000091
2.050272 -0.000091
2.055273 0.000234
2.060273 -0.000091
2.065274 -0.000091
2.070274 -0.000091
2.075275 0.000234
2.080276 0.000234
2.085276 -0.000091
2.090277 -0.000091
2.095278 0.000234
2.100278 0.000234
2.105279 -0.000091
2.110280 -0.000091
2.115280 0.000234
2.120281 0.000234
2.125282 -0.000091
2.130282 -0.000091
2.135283 0.000234
2.140284 0.000234
2.145284 -0.000091
2.150285 -0.000091
2.155286 0.000234
2.160286 0.000234
2.165287 -0.000091
2.170288 0.000234
2.175288 0.000234
2.180289 0.000234
2.185290 -0.000091
2.190290 -0.000091
2.195291 0.000234
2.200292 0.000234
2.205292 -0.000091
2.210293 -0.000091
2.215294 0.000234
2.220294 -0.000091
2.225295 -0.000091
2.230296 -0.000091
2.235296 0.000234
2.240297 -0.000091
2.245298 -0.000091
2.250298 -0.000091
2.255299 0.000234
2.260300 0.000234
2.265300 -0.000091
2.270301 -0.000091
2.275302 0.000234
2.280302 0.000234
2.285303 -0.000091
2.290304 -0.000091
2.295304 0.000234
2.300305 0.000234
2.305306 -0.000091
2.310306 -0.000091
2.315307 0.000234
2.320308 0.000234
2.325308 -0.000091
2.330309 -0.000091
2.335310 0.000234
2.340310 0.000234
2.345311 -0.000091
2.350312 -0.000091
2.355312 0.000234
2.360313 0.000234
2.365314 -0.000091
2.370314 -0.000091
2.375315 0.000234
2.380316 -0.000091
2.385316 -0.000091
2.390317 -0.000091
2.395318 0.000234
2.400318 -0.000091
2.405319 -0.000091
2.410320 -0.000091
2.415320 0.000234
2.420321 -0.000091
2.425322 -0.000091
2.430322 -0.000091
2.435323 0.000234
2.440324 -0.000091
2.445324 -0.000091
2.450325 -0.000091
2.455326 0.000234
2.460326 0.000234
2.465327 -0.000091
2.470328 -0.000091
2.475328 0.000234
2.480329 0.000234
2.485330 -0.000091
2.490330 -0.000091
2.495331 0.000234
2.500332 0.000234
2.505332 -0.000091
2.510333 0.000234
2.515334 0.000234
2.520334 0.000234
2.525335 -0.000091
2.530335 -0.000091
2.535336 0.000234
2.540337 0.000234
2.545337 -0.000091
2.550338 -0.000091
2.555339 0.000234
2.560339 0.000234
2.565340 -0.000091
2.570341 -0.000091
2.575341 0.000234
2.580342 -0.000091
2.585343 -0.000091
2.590343 -0.000091
2.595344 -0.000091
2.600345 -0.000091
2.605345 -0.000091
2.610346 -0.000091
2.615347 0.000234
2.620347 -0.000091
2.625348 -0.000091
2.630349 -0.000091
2.635349 0.000234
2.640350 0.000234
2.645351 -0.000091
2.650351 0.000234
2.655352 0.000234
2.660353 0.000234
2.665353 -0.000091
2.670354 -0.000091
2.675355 0.000234
2.680355 0.000234
2.685356 -0.000091
2.690357 -0.000091
2.695357 0.000234
2.700358 0.000234
2.705359 -0.000091
2.710359 -0.000091
2.715360 0.000234
2.720361 -0.000091
2.725361 -0.000091
2.730362 -0.000091
2.735363 0.000234
2.740363 0.000234
2.745364 -0.000091
2.750365 -0.000091
2.755365 0.000234
2.760366 -0.000091
2.765367 -0.000091
2.770367 -0.000091
2.775368 0.000234
2.780369 -0.000091
2.785369 -0.000091
2.790370 -0.000091
2.795371 0.000234
2.800371 -0.000091
2.805372 -0.000091
2.810373 -0.000091
2.815373 0.000234
2.820374 -0.000091
2.825375 -0.000091
2.830375 -0.000091
2.835376 0.000234
2.840377 0.000234
2.845377 -0.000091
2.850378 0.000234
2.855379 0.000234
2.860379 0.000234
2.865380 -0.000091
2.870381 -0.000091
2.875381 0.000234
2.880382 0.000234
2.885383 -0.000091
2.890383 -0.000091
2.895384 0.000234
2.900385 -0.000091
2.905385 -0.000091
2.910386 -0.000091
2.915387 0.000234
2.920387 -0.000091
2.925388 -0.000416
2.930389 -0.000091
2.935389 -0.000091
2.940390 -0.000091
2.945391 -0.000091
2.950391 -0.000091
2.955392 -0.000091
2.960393 -0.000091
2.965393 -0.000091
2.970394 -0.000091
2.975395 0.000234
2.980395 -0.000091
2.985396 -0.000091
2.990396 -0.000091
2.995397 0.000234
3.000398 0.000234
3.005398 -0.000091
3.010399 -0.000091
3.015400 0.000234
3.020400 0.000234
3.025401 -0.000091
3.030402 -0.000091
3.035402 0.000234
3.040403 0.000234
3.045404 -0.000091
3.050404 -0.000091
3.055405 0.000234
3.060406 0.000234
3.065406 -0.000091
3.070407 -0.000091
3.075408 0.000234
3.080408 0.000234
3.085409 -0.000091
3.090410 0.000234
3.095410 0.000234
3.100411 0.000234
3.105412 -0.000091
3.110412 -0.000091
3.115413 0.000234
3.120414 -0.000091
3.125414 -0.000091
3.130415 -0.000091
3.135416 0.000234
3.140416 -0.000091
3.145417 -0.000091
3.150418 -0.000091
3.155418 0.000234
3.160419 -0.000091
3.165420 -0.000091
3.170420 -0.000091
3.175421 0.000234
3.180422 -0.000091
3.185422 -0.000091
3.190423 -0.000091
3.195424 0.000234
3.200424 0.000234
3.205425 -0.000091
3.210426 -0.000091
3.215426 0.000234
3.220427 0.000234
3.225428 -0.000091
3.230428 -0.000091
3.235429 0.000234
3.240430 -0.000091
3.245430 -0.000091
3.250431 -0.000091
3.255432 0.000234
3.260432 -0.000091
3.265433 -0.000091
3.270434 -0.000091
3.275434 0.000234
3.280435 0.000234
3.285436 -0.000091
3.290436 -0.000091
3.295437 0.000234
3.300438 -0.000091
3.305438 -0.000091
3.310439 -0.000091
3.315440 0.000234
3.320440 -0.000091
3.325441 -0.000091
3.330442 -0.000091
3.335442 0.000234
3.340443 -0.000091
3.345444 -0.000091
3.350444 -0.000091
3.355445 0.000234
3.360446 -0.000091
3.365446 -0.000091
3.370447 -0.000091
3.375448 0.000234
3.380448 0.000234
3.385449 -0.000091
3.390450 -0.000091
3.395450 0.000234
3.400451 0.000234
3.405452 -0.000091
3.410452 -0.000091
3.415453 0.000234
3.420454 -0.000091
3.425454 -0.000091
3.430455 -0.000091
3.435456 0.000234
3.440456 0.000234
3.445457 -0.000091
3.450457 -0.000091
3.455458 0.000234
3.460459 0.000234
3.465459 -0.000091
3.470460 0.000234
3.475461 0.000234
3.480461 0.000234
3.485462 -0.000091
3.490463 -0.000091
3.495463 0.000234
3.500464 -0.000091
3.505465 -0.000091
3.510465 -0.000091
3.515466 0.000234
3.520467 -0.000091
3.525467 -0.000091
3.530468 -0.000091
3.535469 0.000234
3.540469 -0.000091
3.545470 -0.000091
3.550471 -0.000091
3.555471 0.000234
3.560472 -0.000091
3.565473 -0.000091
3.570473 -0.000091
3.575474 0.000234
3.580475 0.000234
3.585475 -0.000091
3.590476 -0.000091
3.595477 0.000234
3.600477 -0.000091
3.605478 -0.000091
3.610479 -0.000091
3.615479 0.000234
3.620480 -0.000091
3.625481 -0.000091
3.630481 -0.000091
3.635482 0.000234
3.640483 0.000234
3.645483 -0.000091
3.650484 0.000234
3.655485 0.000234
3.660485 0.000234
3.665486 -0.000091
3.670487 -0.000091
3.675487 0.000234
3.680488 -0.000091
3.685489 -0.000091
3.690489 -0.000091
3.695490 0.000234
3.700491 -0.000091
3.705491 -0.000091
3.710492 -0.000091
3.715493 -0.000091
3.720493 -0.000091
3.725494 -0.000091
3.730495 -0.000091
3.735495 0.000234
3.740496 -0.000091
3.745497 -0.000091
3.750497 -0.000091
3.755498 0.000234
3.760499 0.000234
3.765499 -0.000091
3.770500 0.000234
3.775501 0.000234
3.780501 0.000234
3.785502 -0.000091
3.790503 -0.000091
3.795503 0.000234
3.800504 0.000234
3.805505 -0.000091
3.810505 -0.000091
3.815506 0.000234
3.820507 0.000234
3.825507 -0.000091
3.830508 -0.000091
3.835509 0.000234
3.840509 -0.000091
3.845510 -0.000091
3.850511 -0.000091
3.855511 0.000234
3.860512 -0.000091
3.865513 -0.000091
3.870513 -0.000091
3.875514 -0.000091
3.880515 -0.000091
3.885515 -0.000416
3.890516 -0.000091
3.895517 0.000234
3.900517 -0.000091
3.905518 -0.000091
3.910518 -0.000091
3.915519 -0.000091
3.920520 -0.000091
3.925520 -0.000091
3.930521 -0.000091
3.935522 0.000234
3.940522 0.000234
3.945523 -0.000091
3.950524 -0.000091
3.955524 0.000234
3.960525 0.000234
3.965526 -0.000091
3.970526 -0.000091
3.975527 0.000234
3.980528 -0.000091
3.985528 -0.000091
3.990529 -0.000091
3.995530 0.000234
4.000530 0.000234
4.005531 -0.000091
4.010532 -0.000091
4.015532 0.000234
4.020533 0.000234
4.025534 -0.000091
4.030534 -0.000091
4.035535 0.000234
4.040536 -0.000091
4.045536 -0.000091
4.050537 -0.000091
4.055538 0.000234
4.060538 -0.000091
4.065539 -0.000091
4.070540 -0.000091
4.075540 0.000234
4.080541 -0.000091
4.085542 -0.000091
4.090542 -0.000091
4.095543 0.000234
4.100544 -0.000091
4.105544 -0.000091
4.110545 -0.000091
4.115546 0.000234
4.120546 -0.000091
4.125547 -0.000091
4.130548 -0.000091
4.135548 0.000234
4.140549 0.000234
4.145550 -0.000091
4.150550 -0.000091
4.155551 0.000234
4.160552 0.000234
4.165552 -0.000091
4.170553 0.000234
4.175554 0.000234
4.180554 0.000234
4.185555 -0.000091
4.190556 -0.000091
4.195556 0.000234
4.200557 0.000234
4.205558 -0.000091
4.210558 0.000234
4.215559 0.000234
4.220560 0.000234
4.225560 -0.000091
4.230561 -0.000091
4.235562 0.000233
4.240562 -0.000091
4.245563 -0.000091
4.250564 -0.000091
4.255564 0.000233
4.260565 -0.000091
4.265566 -0.000091
4.270566 -0.000091
4.275567 0.000233
4.280568 -0.000091
4.285568 -0.000091
4.290569 -0.000091
4.295570 0.000233
4.300570 -0.000091
4.305571 -0.000091
4.310572 -0.000091
4.315572 0.000233
4.320573 -0.000091
4.325574 -0.000091
4.330574 -0.000091
4.335575 0.000233
4.340576 -0.000091
4.345576 -0.000091
4.350577 -0.000091
4.355578 0.000233
4.360578 0.000233
4.365579 -0.000091
4.370579 0.000233
4.375580 0.000233
4.380581 0.000233
4.385581 -0.000091
4.390582 0.000233
4.395583 0.000233
4.400583 0.000233
4.405584 -0.000091
4.410585 -0.000091
4.415585 0.000233
4.420586 -0.000091
4.425587 -0.000091
4.430587 -0.000091
4.435588 -0.000091
4.440589 -0.000091
4.445589 -0.000091
4.450590 -0.000091
4.455591 -0.000091
4.460591 -0.000091
4.465592 -0.000091
4.470593 -0.000091
4.475593 0.000233
4.480594 -0.000091
4.485595 -0.000091
4.490595 0.000233
4.495596 0.000233
4.500597 0.000233
4.505597 -0.000091
4.510598 0.000233
4.515599 0.000233
4.520599 0.000233
4.525600 -0.000091
4.530601 -0.000091
4.535601 0.000233
4.540602 -0.000091
4.545603 -0.000091
4.550603 -0.000091
4.555604 0.000233
4.560605 0.000233
4.565605 -0.000091
4.570606 0.000233
4.575607 0.000233
4.580607 0.000233
4.585608 -0.000091
4.590609 0.000233
4.595609 0.000233
4.600610 -0.000091
4.605611 -0.000091
4.610611 -0.000091
4.615612 0.000233
4.620613 -0.000091
4.625613 -0.000091
4.630614 -0.000091
4.635615 0.000233
4.640615 -0.000091
4.645616 -0.000091
4.650617 -0.000091
4.655617 0.000233
4.660618 -0.000091
4.665619 -0.000091
4.670619 -0.000091
4.675620 0.000233
4.680621 -0.000091
4.685621 -0.000091
4.690622 -0.000091
4.695623 0.000233
4.700623 -0.000091
4.705624 -0.000091
4.710625 0.000233
4.715625 0.000233
4.720626 0.000233
4.725627 -0.000091
4.730627 -0.000091
4.735628 0.000233
4.740629 0.000233
4.745629 -0.000091
4.750630 0.000233
4.755631 0.000233
4.760631 0.000233
4.765632 -0.000091
4.770633 0.000233
4.775633 0.000233
4.780634 0.000233
4.785635 -0.000091
4.790635 -0.000091
4.795636 0.000233
4.800637 -0.000091
4.805637 -0.000091
4.810638 -0.000091
4.815639 0.000233
4.820639 -0.000091
4.825640 -0.000091
4.830640 -0.000091
4.835641 0.000233
4.840642 -0.000091
4.845642 -0.000091
4.850643 -0.000091
4.855644 0.000233
4.860644 -0.000091
4.865645 -0.000091
4.870646 0.000233
4.875646 0.000233
4.880647 0.000233
4.885648 -0.000091
4.890648 0.000233
4.895649 0.000233
4.900650 -0.000091
4.905650 -0.000091
4.910651 -0.000091
4.915652 0.000233
4.920652 -0.000091
4.925653 -0.000091
4.930654 -0.000091
4.935654 0.000233
4.940655 -0.000091
4.945656 0.000558
4.950656 0.005105
4.955657 0.013549
4.960658 0.016797
4.965658 0.014848
4.970659 0.010951
4.975660 -0.001715
4.980660 -0.017629
4.985661 -0.026723
4.990662 -0.030295
4.995662 -0.027048
5.000663 -0.010484
5.005664 0.009976
5.010664 0.027514
5.015665 0.040830
5.020666 0.035634
5.025666 0.012899
5.030667 -0.009510
5.035668 -0.028996
5.040668 -0.043286
5.045669 -0.041338
5.050670 -0.024125
5.055670 -0.002040
5.060671 0.019395
5.065672 0.035633
5.070672 0.041479
5.075673 0.034984
5.080674 0.018096
5.085674 -0.001391
5.090675 -0.016330
5.095676 -0.024125
5.100676 -0.024449
5.105677 -0.013732
5.110678 0.003481
5.115678 0.014523
5.120679 0.018096
5.125680 0.014848
5.130680 0.007378
5.135681 0.005430
5.140682 0.009976
5.145682 0.019395
5.150683 0.036283
5.155684 0.059342
5.160684 0.078828
5.165685 0.081102
5.170686 0.073632
5.175686 0.071358
5.180687 0.066162
5.185688 0.054795
5.190688 0.052522
5.195689 0.048300
5.200690 0.015822
5.205690 -0.062123
5.210691 -0.182938
5.215692 -0.324539
5.220692 -0.446978
5.225693 -0.497318
5.230694 -0.428142
5.235694 -0.234902
5.240695 0.039206
5.245696 0.322083
5.250696 0.528313
5.255697 0.602361
5.260698 0.534809
5.265698 0.343842
5.270699 0.098315
5.275700 -0.129676
5.280700 -0.301156
5.285701 -0.365136
5.290701 -0.300181
5.295702 -0.163777
5.300703 -0.013082
5.305703 0.128194
5.310704 0.201267
5.315705 0.180482
5.320705 0.094092
5.325706 -0.031919
5.330707 -0.149812
5.335707 -0.221586
5.340708 -0.238799
5.345709 -0.181315
5.350709 -0.072841
5.355710 0.039531
5.360711 0.147680
5.365711 0.239591
5.370712 0.261350
5.375713 0.195421
5.380713 0.078179
5.385714 -0.043611
5.390715 -0.122856
5.395715 -0.131624
5.400716 -0.108241
5.405717 -0.078037
5.410717 -0.032894
5.415718 -0.015681
5.420719 -0.033868
5.425719 -0.033868
5.430720 -0.008211
5.435721 0.036283
5.440721 0.104160
5.445722 0.153851
5.450723 0.158397
5.455723 0.113579
5.460724 0.005105
5.465725 -0.124155
5.470725 -0.193981
5.475726 -0.155333
5.480727 -0.044910
5.485727 0.058043
5.490728 0.141834
5.495729 0.171713
5.500729 0.101237
5.505730 -0.015356
5.510731 -0.133573
5.515731 -0.243021
5.520732 -0.268678
5.525733 -0.190408
5.530733 -0.069593
5.535734 0.069085
5.540735 0.190225
5.545735 0.246735
5.550736 0.218480
5.555737 0.121698
5.560737 -0.000092
5.565738 -0.102070
5.570739 -0.157931
5.575739 -0.149812
5.580740 -0.094276
5.585741 -0.027372
5.590741 0.028164
5.595742 0.063239
5.600743 0.082076
5.605743 0.054470
5.610744 -0.009185
5.615745 -0.033543
5.620745 -0.037765
5.625746 -0.045235
5.630747 -0.029971
5.635747 -0.012758
5.640748 -0.002690
5.645749 0.022318
5.650749 0.070059
5.655750 0.113904
5.660751 0.134364
5.665751 0.141834
5.670752 0.128518
5.675753 0.087922
5.680753 0.055444
5.685754 0.014523
5.690755 -0.057252
5.695755 -0.117659
5.700756 -0.160854
5.705757 -0.185212
5.710757 -0.180665
5.715758 -0.150461
5.720759 -0.082584
5.725759 0.000558
5.730760 0.063239
5.735761 0.104160
5.740761 0.120724
5.745762 0.108058
5.750762 0.073956
5.755763 0.030437
5.760764 -0.007561
5.765764 -0.023475
5.770765 -0.015681
5.775766 -0.003989
5.780766 0.007703
5.785767 0.037582
5.790768 0.071683
5.795768 0.077529
5.800769 0.072982
5.805770 0.070709
5.810770 0.026540
5.815771 -0.034193
5.820772 -0.081934
5.825772 -0.141692
5.830773 -0.190084
5.835774 -0.187161
5.840774 -0.128702
5.845775 -0.040363
5.850776 0.052197
5.855776 0.142808
5.860777 0.220104
5.865778 0.251282
5.870778 0.220429
5.875779 0.140210
5.880780 0.039531
5.885780 -0.043286
5.890781 -0.095575
5.895782 -0.126103
5.900782 -0.135197
5.905783 -0.132274
5.910784 -0.134872
5.915784 -0.149812
5.920785 -0.158256
5.925786 -0.142342
5.930786 -0.091028
5.935787 -0.005938
5.940788 0.092144
5.945788 0.183080
5.950789 0.233744
5.955790 0.231796
5.960790 0.194447
5.965791 0.122672
5.970792 0.000558
5.975792 -0.154359
5.980793 -0.267055
5.985794 -0.296284
5.990794 -0.263482
5.995795 -0.182289
6.000796 -0.058551
6.005796 0.064213
6.010797 0.155150
6.015798 0.211660
6.020798 0.229198
6.025799 0.198669
6.030800 0.116177
6.035800 0.011925
6.040801 -0.058876
6.045802 -0.068943
6.050802 -0.039064
6.055803 -0.001066
6.060804 0.015822
6.065804 -0.016330
6.070805 -0.091678
6.075806 -0.176118
6.080806 -0.233603
6.085807 -0.236526
6.090808 -0.178067
6.095808 -0.076738
6.100809 0.046351
6.105810 0.167166
6.110810 0.245436
6.115811 0.268820
6.120812 0.251607
6.125812 0.205164
6.130813 0.144432
6.135814 0.061290
6.140814 -0.048483
6.145815 -0.139744
6.150816 -0.195605
6.155816 -0.228082
6.160817 -0.226133
6.165818 -0.184238
6.170818 -0.099147
6.175819 0.027514
6.180820 0.163918
6.185820 0.262649
6.190821 0.283435
6.195822 0.230497
6.200822 0.136637
6.205823 0.019070
6.210823 -0.105968
6.215824 -0.208920
6.220825 -0.269978
6.225825 -0.283293
6.230826 -0.244970
6.235827 -0.170922
6.240827 -0.092327
6.245828 -0.017629
6.250829 0.053496
6.255829 0.109357
6.260830 0.145406
6.265831 0.153526
6.270831 0.140210
6.275832 0.121373
6.280833 0.101237
6.285833 0.072332
6.290834 0.033360
6.295835 0.000558
6.300835 -0.027048
6.305836 -0.056927
6.310837 -0.059525
6.315837 -0.014057
6.320838 0.049923
6.325839 0.097340
6.330839 0.121373
6.335840 0.107408
6.340841 0.046026
6.345841 -0.039389
6.350842 -0.108891
6.355843 -0.134223
6.360843 -0.108566
6.365844 -0.051081
6.370845 0.015822
6.375845 0.071033
6.380846 0.091494
6.385847 0.068760
6.390847 0.019395
6.395848 -0.028672
6.400849 -0.063098
6.405849 -0.091678
6.410850 -0.109215
6.415851 -0.103694
6.420851 -0.078362
6.425852 -0.044910
6.430853 -0.012108
6.435853 0.017446
6.440854 0.045376
6.445855 0.076230
6.450855 0.110006
6.455856 0.133390
6.460857 0.138261
6.465857 0.130467
6.470858 0.123646
6.475859 0.114878
6.480859 0.081101
6.485860 0.017771
6.490861 -0.057252
6.495861 -0.127078
6.500862 -0.173520
6.505863 -0.188785
6.510863 -0.176118
6.515864 -0.133573
6.520865 -0.065696
6.525865 0.004455
6.530866 0.056419
6.535867 0.080127
6.540867 0.070709
6.545868 0.040505
6.550869 0.014848
6.555869 0.001857
6.560870 0.003805
6.565871 0.026540
6.570871 0.051222
6.575872 0.057393
6.580873 0.040505
6.585873 0.009976
6.590874 -0.018604
6.595875 -0.032569
6.600875 -0.030620
6.605876 -0.018604
6.610877 -0.005938
6.615877 0.000882
6.620878 -0.001391
6.625879 -0.013408
6.630879 -0.023475
6.635880 -0.012433
6.640881 0.013873
6.645881 0.033360
6.650882 0.038231
6.655883 0.030112
6.660883 0.014523
6.665884 -0.005613
6.670884 -0.029321
6.675885 -0.044910
6.680886 -0.037441
6.685886 -0.012758
6.690887 0.012574
6.695888 0.027839
6.700888 0.023617
6.705889 0.001532
6.710890 -0.016006
6.715890 -0.005938
6.720891 0.029138
6.725892 0.069734
6.730892 0.094742
6.735893 0.082725
6.740894 0.022317
6.745894 -0.070568
6.750895 -0.163777
6.755896 -0.225809
6.760896 -0.231005
6.765897 -0.178067
6.770898 -0.086481
6.775898 0.010626
6.780899 0.089545
6.785900 0.139885
6.790900 0.160021
6.795901 0.152226
6.800902 0.122672
6.805902 0.089221
6.810903 0.061290
6.815904 0.033684
6.820904 -0.000092
6.825905 -0.038415
6.830906 -0.073815
6.835906 -0.098173
6.840907 -0.099472
6.845908 -0.074790
6.850908 -0.034843
6.855909 0.012249
6.860910 0.056743
6.865910 0.086298
6.870911 0.092468
6.875912 0.073307
6.880912 0.033360
6.885913 -0.017954
6.890914 -0.065696
6.895914 -0.101746
6.900915 -0.123181
6.905916 -0.134223
6.910916 -0.132274
6.915917 -0.114087
6.920918 -0.081935
6.925918 -0.032244
6.930919 0.040829
6.935920 0.122023
6.940920 0.190874
6.945921 0.234719
6.950922 0.240889
6.955922 0.203540
6.960923 0.126894
6.965924 0.026215
6.970924 -0.070892
6.975925 -0.136172
6.980926 -0.158581
6.985926 -0.143317
6.990927 -0.097199
6.995928 -0.031920
7.000928 0.026864
7.005929 0.056094
7.010930 0.050573
7.015930 0.016471
7.020931 -0.037116
7.025932 -0.089080
7.030932 -0.113762
7.035933 -0.111814
7.040934 -0.082909
7.045934 -0.023476
7.050935 0.052846
7.055936 0.122022
7.060936 0.162944
7.065937 0.161320
7.070938 0.120399
7.075938 0.056743
7.080939 -0.008536
7.085940 -0.054979
7.090940 -0.073491
7.095941 -0.069593
7.100942 -0.057901
7.105942 -0.051081
7.110943 -0.053030
7.115944 -0.060824
7.120944 -0.066346
7.125945 -0.065371
7.130945 -0.057901
7.135946 -0.045560
7.140947 -0.029646
7.145947 -0.010160
7.150948 0.017121
7.155949 0.053171
7.160949 0.086947
7.165950 0.117151
7.170951 0.139235
7.175951 0.145081
7.180952 0.137612
7.185953 0.112929
7.190953 0.066811
7.195954 0.002181
7.200955 -0.064722
7.205955 -0.116361
7.210956 -0.146889
7.215957 -0.152085
7.220957 -0.127078
7.225958 -0.073491
7.230959 -0.011784
7.235959 0.044727
7.240960 0.081101
7.245961 0.084998
7.250961 0.062589
7.255962 0.026539
7.260963 -0.015356
7.265963 -0.052380
7.270964 -0.066995
7.275965 -0.056278
7.280965 -0.029971
7.285966 0.006728
7.290967 0.044402
7.295967 0.067461
7.300968 0.072007
7.305969 0.062589
7.310969 0.040180
7.315970 0.009326
7.320971 -0.024450
7.325971 -0.051081
7.330972 -0.066670
7.335973 -0.074140
7.340973 -0.079012
7.345974 -0.082259
7.350975 -0.079012
7.355975 -0.063098
7.360976 -0.032894
7.365977 0.007378
7.370977 0.047000
7.375978 0.076879
7.380979 0.096041
7.385979 0.106433
7.390980 0.106758
7.395981 0.096041
7.400981 0.074281
7.405982 0.041479
7.410983 0.005429
7.415983 -0.017955
7.420984 -0.023476
7.425985 -0.020228
7.430985 -0.008861
7.435986 -0.002041
7.440987 -0.007237
7.445987 -0.028997
7.450988 -0.059201
7.455989 -0.081610
7.460989 -0.089080
7.465990 -0.071542
7.470991 -0.035492
7.475991 0.005104
7.480992 0.042128
7.485993 0.072657
7.490993 0.094092
7.495994 0.096041
7.500995 0.081101
7.505995 0.055769
7.510996 0.021992
7.515997 -0.016980
7.520997 -0.053030
7.525998 -0.077063
7.530999 -0.087781
7.535999 -0.090054
7.541000 -0.086482
7.546001 -0.081285
7.551001 -0.077063
7.556002 -0.071867
7.561003 -0.059850
7.566003 -0.034518
7.571004 0.006728
7.576005 0.051872
7.581005 0.090195
7.586006 0.113254
7.591006 0.112929
7.596007 0.087921
7.601008 0.046026
7.606008 0.002506
7.611009 -0.033219
7.616010 -0.055628
7.621010 -0.061799
7.626011 -0.051406
7.631012 -0.028672
7.636012 -0.001391
7.641013 0.022317
7.646014 0.037257
7.651014 0.039855
7.656015 0.028163
7.661016 0.011275
7.666016 -0.000417
7.671017 -0.003665
7.676018 0.002181
7.681018 0.014523
7.686019 0.024915
7.691020 0.034009
7.696020 0.040504
7.701021 0.039205
7.706022 0.032385
7.711022 0.024266
7.716023 0.005104
7.721024 -0.007887
7.726024 -0.011134
7.731025 -0.000417
7.736026 0.016471
7.741026 0.035633
7.746027 0.054794
7.751028 0.063563
7.756028 0.060316
7.761029 0.045051
7.766030 0.019069
7.771030 -0.011784
7.776031 -0.042637
7.781032 -0.063098
7.786032 -0.067645
7.791033 -0.052056
7.796034 -0.028672
7.801034 -0.006263
7.806035 0.008352
7.811036 0.010625
7.816036 -0.004964
7.821037 -0.036467
7.826038 -0.074465
7.831038 -0.109865
7.836039 -0.133898
7.841040 -0.143317
7.846040 -0.136497
7.851041 -0.113113
7.856042 -0.078687
7.861042 -0.036467
7.866043 0.007053
7.871044 0.045701
7.876044 0.072657
7.881045 0.085973
7.886046 0.090519
7.891046 0.089220
7.896047 0.082725
7.901048 0.073306
7.906048 0.060316
7.911049 0.047649
7.916050 0.034334
7.921050 0.020044
7.926051 0.004455
7.931052 -0.014382
7.936052 -0.029971
7.941053 -0.041338
7.946054 -0.041013
7.951054 -0.030296
7.956055 -0.014382
7.961056 0.002506
7.966056 0.016146
7.971057 0.028488
7.976058 0.032710
7.981058 0.032060
7.986059 0.032385
7.991060 0.033684
7.996060 0.034009
8.001061 0.033035
8.006062 0.032710
8.011062 0.029787
8.016063 0.021668
8.021064 0.011924
8.026064 0.000557
8.031065 -0.012109
8.036066 -0.023476
8.041066 -0.031920
8.046067 -0.035492
8.051067 -0.032894
8.056068 -0.022177
8.061069 -0.006912
8.066069 0.010950
8.071070 0.028813
8.076071 0.044726
8.081071 0.054794
8.086072 0.053820
8.091073 0.042778
8.096073 0.020693
8.101074 -0.006588
8.106075 -0.033544
8.111075 -0.058226
8.116076 -0.075439
8.121077 -0.081285
8.126077 -0.076414
8.131078 -0.063748
8.136079 -0.041988
8.141079 -0.017305
8.146080 0.004455
8.151081 0.023291
8.156081 0.038231
8.161082 0.047649
8.166083 0.052846
8.171083 0.051547
8.176084 0.041154
8.181085 0.021668
8.186085 -0.000742
8.191086 -0.022826
8.196087 -0.043287
8.201087 -0.052705
8.206088 -0.050757
8.211089 -0.039390
8.216089 -0.028023
8.221090 -0.019579
8.226091 -0.016006
8.231091 -0.017305
8.236092 -0.021852
8.241093 -0.023801
8.246093 -0.016656
8.251094 -0.003665
8.256095 0.012899
8.261095 0.032710
8.266096 0.055119
8.271097 0.073306
8.276097 0.080451
8.281098 0.073306
8.286099 0.058692
8.291099 0.042453
8.296100 0.025565
8.301101 0.013223
8.306101 0.009001
8.311102 0.009326
8.316103 0.007378
8.321103 0.001532
8.326104 -0.009835
8.331105 -0.026724
8.336105 -0.043612
8.341106 -0.058876
8.346107 -0.068619
8.351107 -0.070243
8.356108 -0.066021
8.361109 -0.054654
8.366109 -0.035817
8.371110 -0.015681
8.376111 0.005104
8.381111 0.025240
8.386112 0.038556
8.391113 0.041803
8.396113 0.038231
8.401114 0.028812
8.406115 0.015497
8.411115 0.005754
8.416116 0.004130
8.421117 0.009651
8.426117 0.018420
8.431118 0.026539
8.436119 0.031735
8.441119 0.032710
8.446120 0.025565
8.451121 0.016796
8.456121 0.007377
8.461122 -0.000092
8.466123 -0.006263
8.471123 -0.009511
8.476124 -0.011135
8.481125 -0.014707
8.486125 -0.018604
8.491126 -0.026074
8.496127 -0.035817
8.501127 -0.047509
8.506128 -0.058227
8.511128 -0.063098
8.516129 -0.061799
8.521130 -0.055304
8.526130 -0.043937
8.531131 -0.028672
8.536132 -0.013733
8.541132 0.002831
8.546133 0.018420
8.551134 0.029787
8.556134 0.035633
8.561135 0.034658
8.566136 0.027189
8.571136 0.014522
8.576137 0.000232
8.581138 -0.012758
8.586138 -0.021852
8.591139 -0.025425
8.596140 -0.021852
8.601140 -0.010485
8.606141 0.005754
8.611142 0.023616
8.616142 0.036932
8.621143 0.043102
8.626144 0.040179
8.631144 0.030112
8.636145 0.017445
8.641146 0.006403
8.646146 0.000882
8.651147 0.005104
8.656148 0.018095
8.661148 0.034658
8.666149 0.050572
8.671150 0.062264
8.676150 0.064537
8.681151 0.054469
8.686152 0.034334
8.691152 0.008352
8.696153 -0.019254
8.701154 -0.040689
8.706154 -0.053030
8.711155 -0.056928
8.716156 -0.052056
8.721156 -0.039390
8.726157 -0.022177
8.731158 -0.001716
8.736158 0.021018
8.741159 0.043427
8.746160 0.060965
8.751160 0.070383
8.756161 0.069409
8.761162 0.056418
8.766162 0.034983
8.771163 0.010300
8.776164 -0.012434
8.781164 -0.029647
8.786165 -0.039065
8.791166 -0.043287
8.796166 -0.045236
8.801167 -0.048483
8.806168 -0.054654
8.811168 -0.063423
8.816169 -0.071867
8.821170 -0.075440
8.826170 -0.070568
8.831171 -0.058551
8.836172 -0.041014
8.841172 -0.021527
8.846173 -0.003665
8.851174 0.011599
8.856174 0.024590
8.861175 0.033034
8.866176 0.035308
8.871176 0.029137
8.876177 0.013223
8.881178 -0.009186
8.886178 -0.031271
8.891179 -0.047834
8.896180 -0.056278
8.901180 -0.054979
8.906181 -0.043937
8.911182 -0.024775
8.916182 -0.002041
8.921183 0.020368
8.926184 0.040829
8.931184 0.057068
8.936185 0.066811
8.941186 0.070383
8.946186 0.067460
8.951187 0.059666
8.956188 0.048299
8.961188 0.036607
8.966189 0.028163
8.971189 0.026214
8.976190 0.031086
8.981191 0.041478
8.986191 0.053170
8.991192 0.062264
8.996193 0.064213
9.001193 0.059341
9.006194 0.048623
9.011195 0.033684
9.016195 0.016471
9.021196 -0.001067
9.026197 -0.016981
9.031197 -0.032245
9.036198 -0.047184
9.041199 -0.061799
9.046199 -0.074465
9.051200 -0.082909
9.056201 -0.084858
9.061201 -0.078363
9.066202 -0.064397
9.071203 -0.044586
9.076203 -0.022177
9.081204 -0.001392
9.086205 0.012249
9.091205 0.020368
9.096206 0.021343
9.101207 0.018095
9.106207 0.014198
9.111208 0.013223
9.116209 0.016146
9.121209 0.019394
9.126210 0.022966
9.131211 0.024915
9.136211 0.023291
9.141212 0.018420
9.146213 0.012574
9.151213 0.008027
9.156214 0.002506
9.161215 -0.003665
9.166215 -0.009836
9.171216 -0.016331
9.176217 -0.024450
9.181217 -0.032245
9.186218 -0.038091
9.191219 -0.041988
9.196219 -0.043287
9.201220 -0.041014
9.206221 -0.035493
9.211221 -0.027373
9.216222 -0.018605
9.221223 -0.008861
9.226223 0.001531
9.231224 0.011275
9.236225 0.018420
9.241225 0.021343
9.246226 0.019069
9.251227 0.012574
9.256227 0.004779
9.261228 -0.002366
9.266229 -0.006913
9.271229 -0.006913
9.276230 -0.002691
9.281231 0.003805
9.286231 0.011275
9.291232 0.017445
9.296233 0.020693
9.301233 0.019719
9.306234 0.016146
9.311235 0.012249
9.316235 0.009326
9.321236 0.008027
9.326237 0.010300
9.331237 0.016796
9.336238 0.026214
9.341239 0.034983
9.346239 0.041478
9.351240 0.043102
9.356241 0.039205
9.361241 0.029787
9.366242 0.017770
9.371243 0.005429
9.376243 -0.005614
9.381244 -0.013408
9.386245 -0.016981
9.391245 -0.015682
9.396246 -0.011784
9.401247 -0.006588
9.406247 -0.002691
9.411248 -0.001392
9.416249 -0.004964
9.421249 -0.013408
9.426250 -0.024126
9.431250 -0.033219
9.436251 -0.038740
9.441252 -0.039065
9.446252 -0.034518
9.451253 -0.027049
9.456254 -0.019904
9.461254 -0.014707
9.466255 -0.012109
9.471256 -0.011460
9.476256 -0.012109
9.481257 -0.014058
9.486258 -0.016331
9.491258 -0.017955
9.496259 -0.019254
9.501260 -0.021528
9.506260 -0.023151
9.511261 -0.023151
9.516262 -0.022827
9.521262 -0.021852
9.526263 -0.020878
9.531264 -0.018929
9.536264 -0.016981
9.541265 -0.015357
9.546266 -0.012109
9.551266 -0.006588
9.556267 0.001207
9.561268 0.010625
9.566268 0.021342
9.571269 0.030436
9.576270 0.037256
9.581270 0.041478
9.586271 0.043102
9.591272 0.042777
9.596272 0.042453
9.601273 0.041803
9.606274 0.039854
9.611274 0.035308
9.616275 0.028163
9.621276 0.017770
9.626276 0.006078
9.631277 -0.003016
9.636278 -0.007887
9.641278 -0.007887
9.646279 -0.001716
9.651280 0.009001
9.656280 0.021992
9.661281 0.034658
9.666282 0.045051
9.671282 0.051221
9.676283 0.050247
9.681284 0.042453
9.686284 0.029462
9.691285 0.012898
9.696286 -0.004315
9.701286 -0.020228
9.706287 -0.032895
9.711288 -0.040364
9.716288 -0.043287
9.721289 -0.041663
9.726290 -0.036142
9.731290 -0.028673
9.736291 -0.020228
9.741292 -0.014707
9.746292 -0.013083
9.751293 -0.015682
9.756294 -0.024126
9.761294 -0.035168
9.766295 -0.046535
9.771296 -0.053355
9.776296 -0.054005
9.781297 -0.047834
9.786298 -0.035168
9.791298 -0.018929
9.796299 -0.001716
9.801300 0.012249
9.806300 0.022317
9.811301 0.028163
9.816302 0.030111
9.821302 0.027838
9.826303 0.023291
9.831304 0.018419
9.836304 0.014197
9.841305 0.010950
9.846306 0.008027
9.851306 0.004779
9.856307 0.000882
9.861308 -0.003016
9.866308 -0.005939
9.871309 -0.007562
9.876310 -0.007562
9.881310 -0.006263
9.886311 -0.004639
9.891311 -0.003990
9.896312 -0.005614
9.901313 -0.010161
9.906313 -0.016981
9.911314 -0.023151
9.916315 -0.026724
9.921315 -0.025425
9.926316 -0.016981
9.931317 -0.003340
9.936317 0.012573
9.941318 0.027513
9.946319 0.040179
9.951319 0.048623
9.956320 0.051871
9.961321 0.051221
9.966321 0.047324
9.971322 0.040829
9.976323 0.032060
9.981323 0.021342
9.986324 0.010300
9.991325 -0.000093
9.996325 -0.008212
10.001326 -0.013408
10.006327 -0.014383
10.011327 -0.011784
10.016328 -0.006913
10.021329 -0.002041
10.026329 0.001206
10.031330 0.002181
10.036331 0.000232
10.041331 -0.004639
10.046332 -0.008862
10.051333 -0.011784
10.056333 -0.013084
10.061334 -0.012759
10.066335 -0.011784
10.071335 -0.010161
10.076336 -0.010161
10.081337 -0.010810
10.086337 -0.010810
10.091338 -0.010485
10.096339 -0.010810
10.101339 -0.011784
10.106340 -0.012434
10.111341 -0.012759
10.116341 -0.012109
10.121342 -0.010485
10.126343 -0.007238
10.131343 -0.002691
10.136344 0.002505
10.141345 0.004454
10.146345 0.002830
10.151346 -0.002691
10.156347 -0.009511
10.161347 -0.016981
10.166348 -0.021852
10.171349 -0.021852
10.176349 -0.017955
10.181350 -0.012109
10.186351 -0.006588
10.191351 -0.001717
10.196352 -0.000093
10.201353 -0.001392
10.206353 -0.004315
10.211354 -0.006263
10.216355 -0.007238
10.221355 -0.005614
10.226356 -0.001392
10.231357 0.004454
10.236357 0.010625
10.241358 0.017445
10.246359 0.024265
10.251359 0.030111
10.256360 0.032709
10.261361 0.032385
10.266361 0.030111
10.271362 0.025889
10.276363 0.021017
10.281363 0.014847
10.286364 0.009001
10.291365 0.003805
10.296365 -0.001392
10.301366 -0.005289
10.306367 -0.005614
10.311367 -0.002041
10.316368 0.005104
10.321369 0.014522
10.326369 0.024915
10.331370 0.034008
10.336371 0.039205
10.341371 0.040179
10.346372 0.037256
10.351372 0.031735
10.356373 0.024590
10.361374 0.015821
10.366374 0.005104
10.371375 -0.006263
10.376376 -0.017306
10.381376 -0.027698
10.386377 -0.034519
10.391378 -0.036467
10.396378 -0.034843
10.401379 -0.029647
10.406380 -0.023476
10.411380 -0.016331
10.416381 -0.011460
10.421382 -0.009836
10.426382 -0.011785
10.431383 -0.016656
10.436384 -0.023152
10.441384 -0.031271
10.446385 -0.037766
10.451386 -0.040689
10.456386 -0.039715
10.461387 -0.037117
10.466388 -0.032895
10.471388 -0.027049
10.476389 -0.021853
10.481390 -0.017630
10.486390 -0.012434
10.491391 -0.006913
10.496392 -0.001392
10.501392 0.003804
10.506393 0.009001
10.511394 0.014197
10.516394 0.019069
10.521395 0.022966
10.526396 0.024590
10.531396 0.023616
10.536397 0.020043
10.541398 0.015172
10.546398 0.009326
10.551399 0.005428
10.556400 0.004129
10.561400 0.005104
10.566401 0.007702
10.571402 0.011274
10.576402 0.014522
10.581403 0.016795
10.586404 0.017770
10.591404 0.018744
10.596405 0.018419
10.601406 0.017120
10.606406 0.016795
10.611407 0.017445
10.616408 0.017445
10.621408 0.017770
10.626409 0.018419
10.631410 0.018744
10.636410 0.018419
10.641411 0.018744
10.646412 0.017770
10.651412 0.015821
10.656413 0.011924
10.661414 0.005428
10.666414 -0.002041
10.671415 -0.010486
10.676416 -0.018280
10.681416 -0.024776
10.686417 -0.028348
10.691418 -0.028023
10.696418 -0.025425
10.701419 -0.020553
10.706420 -0.013733
10.711420 -0.005614
10.716421 -0.000418
10.721422 0.001531
10.726422 -0.000742
10.731423 -0.005289
10.736424 -0.012434
10.741424 -0.021203
10.746425 -0.028998
10.751426 -0.034194
10.756426 -0.036792
10.761427 -0.035818
10.766428 -0.030621
10.771428 -0.022502
10.776429 -0.012759
10.781430 -0.002366
10.786430 0.007377
10.791431 0.015821
10.796432 0.022641
10.801432 0.027188
10.806433 0.030761
10.811433 0.032060
10.816434 0.031085
10.821435 0.027838
10.826435 0.022966
10.831436 0.016795
10.836437 0.009326
10.841437 0.001206
10.846438 -0.005939
10.851439 -0.011460
10.856439 -0.013733
10.861440 -0.014383
10.866441 -0.013084
10.871441 -0.008862
10.876442 -0.004315
10.881443 -0.001392
10.886443 0.000881
10.891444 0.003804
10.896445 0.005103
10.901445 0.005753
10.906446 0.008026
10.911447 0.010625
10.916447 0.012248
10.921448 0.012898
10.926449 0.013872
10.931449 0.013872
10.936450 0.012898
10.941451 0.010949
10.946451 0.008026
10.951452 0.004454
10.956453 0.000232
10.961453 -0.003341
10.966454 -0.005614
10.971455 -0.006913
10.976455 -0.006264
10.981456 -0.005289
10.986457 -0.004315
10.991457 -0.002366
10.996458 -0.000093
11.001459 0.002181
11.006459 0.005753
11.011460 0.010300
11.016461 0.014197
11.021461 0.015496
11.026462 0.015496
11.031463 0.014197
11.036463 0.010300
11.041464 0.004454
11.046465 -0.000093
11.051465 -0.004315
11.056466 -0.009511
11.061467 -0.015357
11.066467 -0.019904
11.071468 -0.022827
11.076469 -0.025100
11.081469 -0.025100
11.086470 -0.022827
11.091471 -0.020229
11.096471 -0.017631
11.101472 -0.016007
11.106473 -0.016007
11.111473 -0.017955
11.116474 -0.020229
11.121475 -0.023152
11.126475 -0.025425
11.131476 -0.025750
11.136477 -0.024126
11.141477 -0.020554
11.146478 -0.015357
11.151479 -0.007887
11.156479 -0.000093
11.161480 0.007052
11.166481 0.013872
11.171481 0.021017
11.176482 0.026538
11.181483 0.029461
11.186483 0.031410
11.191484 0.031735
11.196485 0.029137
11.201485 0.025564
11.206486 0.022316
11.211487 0.019718
11.216487 0.018419
11.221488 0.018094
11.226489 0.018094
11.231489 0.017445
11.236490 0.016146
11.241491 0.013547
11.246491 0.009975
11.251492 0.007377
11.256493 0.005103
11.261493 0.002830
11.266494 0.001531
11.271494 0.001206
11.276495 0.001206
11.281496 0.001856
11.286496 0.002830
11.291497 0.005428
11.296498 0.007052
11.301498 0.008026
11.306499 0.008026
11.311500 0.007702
11.316500 0.006727
11.321501 0.004129
11.326502 0.001531
11.331502 -0.001392
11.336503 -0.004965
11.341504 -0.009187
11.346504 -0.013409
11.351505 -0.016981
11.356506 -0.019579
11.361506 -0.020878
11.366507 -0.019579
11.371508 -0.015682
11.376508 -0.010810
11.381509 -0.006588
11.386510 -0.003016
11.391510 -0.000743
11.396511 -0.001067
11.401512 -0.003665
11.406512 -0.008537
11.411513 -0.013733
11.416514 -0.019579
11.421514 -0.025425
11.426515 -0.029323
11.431516 -0.031271
11.436516 -0.031271
11.441517 -0.028673
11.446518 -0.023152
11.451518 -0.015033
11.456519 -0.005614
11.461520 0.004129
11.466520 0.012898
11.471521 0.019718
11.476522 0.023291
11.481522 0.023291
11.486523 0.020692
11.491524 0.017445
11.496524 0.013223
11.501525 0.009001
11.506526 0.006402
11.511526 0.004779
11.516527 0.004129
11.521528 0.003804
11.526528 0.004779
11.531529 0.006402
11.536530 0.007377
11.541530 0.008026
11.546531 0.008676
11.551532 0.009650
11.556532 0.010949
11.561533 0.012898
11.566534 0.016146
11.571534 0.020043
11.576535 0.022966
11.581536 0.023615
11.586536 0.021342
11.591537 0.016470
11.596538 0.009650
11.601538 0.000232
11.606539 -0.008537
11.611540 -0.016007
11.616540 -0.021203
11.621541 -0.024776
11.626542 -0.025425
11.631542 -0.023477
11.636543 -0.019579
11.641544 -0.014708
11.646544 -0.010486
11.651545 -0.005614
11.656546 -0.001717
11.661546 0.001206
11.666547 0.003804
11.671548 0.006402
11.676548 0.009001
11.681549 0.010949
11.686550 0.012248
11.691550 0.012573
11.696551 0.011924
11.701552 0.010949
11.706552 0.009650
11.711553 0.008351
11.716554 0.006402
11.721554 0.003804
11.726555 0.000556
11.731555 -0.003016
11.736556 -0.007238
11.741557 -0.012110
11.746557 -0.016656
11.751558 -0.019904
11.756559 -0.021853
11.761559 -0.021528
11.766560 -0.019579
11.771561 -0.014708
11.776561 -0.008537
11.781562 -0.002366
11.786563 0.003804
11.791563 0.009650
11.796564 0.015171
11.801565 0.020043
11.806565 0.024590
11.811566 0.028487
11.816567 0.029136
11.821567 0.027188
11.826568 0.022966
11.831569 0.016470
11.836569 0.008026
11.841570 -0.002042
11.846571 -0.011460
11.851571 -0.019255
11.856572 -0.024776
11.861573 -0.028348
11.866573 -0.028024
11.871574 -0.024776
11.876575 -0.020229
11.881575 -0.014058
11.886576 -0.007238
11.891577 -0.000418
11.896577 0.005428
11.901578 0.009650
11.906579 0.011923
11.911579 0.012573
11.916580 0.011274
11.921581 0.009001
11.926581 0.007377
11.931582 0.006078
11.936583 0.004778
11.941583 0.003479
11.946584 0.002830
11.951585 0.002505
11.956585 0.001206
11.961586 -0.000743
11.966587 -0.002367
11.971587 -0.003666
11.976588 -0.005614
11.981589 -0.007563
11.986589 -0.009187
11.991590 -0.010161
11.996591 -0.011135
12.001591 -0.010486
12.006592 -0.008862
12.011593 -0.006589
12.016593 -0.003990
12.021594 -0.002367
12.026595 -0.001067
12.031595 -0.000093
12.036596 -0.000093
12.041597 -0.000743
12.046597 -0.001392
12.051598 -0.001392
12.056599 -0.001067
12.061599 -0.000418
12.066600 0.001206
12.071601 0.003804
12.076601 0.006078
12.081602 0.008026
12.086603 0.009325
12.091603 0.009975
12.096604 0.009000
12.101605 0.006727
12.106605 0.003804
12.111606 0.000881
12.116607 -0.002367
12.121607 -0.005614
12.126608 -0.008212
12.131609 -0.009512
12.136609 -0.009187
12.141610 -0.007238
12.146611 -0.003666
12.151611 0.001531
12.156612 0.006727
12.161613 0.010949
12.166613 0.014522
12.171614 0.016795
12.176615 0.017445
12.181615 0.016470
12.186616 0.014846
12.191616 0.012898
12.196617 0.009650
12.201618 0.006077
12.206618 0.002830
12.211619 0.000232
12.216620 -0.002042
12.221620 -0.004315
12.226621 -0.005614
12.231622 -0.007238
12.236622 -0.009187
12.241623 -0.011135
12.246624 -0.012759
12.251624 -0.013734
12.256625 -0.014708
12.261626 -0.014383
12.266626 -0.013084
12.271627 -0.010486
12.276628 -0.007238
12.281628 -0.003990
12.286629 -0.001068
12.291630 0.001206
12.296630 0.001855
12.301631 0.001206
12.306632 -0.000093
12.311632 -0.002042
12.316633 -0.003341
12.321634 -0.004965
12.326634 -0.005614
12.331635 -0.004965
12.336636 -0.004315
12.341636 -0.003666
12.346637 -0.002691
12.351638 -0.002042
12.356638 -0.001717
12.361639 -0.002367
12.366640 -0.002691
12.371640 -0.002691
12.376641 -0.003016
12.381642 -0.003341
12.386642 -0.003341
12.391643 -0.002367
12.396644 -0.000743
12.401644 0.001206
12.406645 0.004129
12.411646 0.007701
12.416646 0.010949
12.421647 0.013547
12.426648 0.015496
12.431648 0.015821
12.436649 0.014846
12.441650 0.012573
12.446650 0.010299
12.451651 0.008026
12.456652 0.005753
12.461652 0.003479
12.466653 0.001855
12.471654 0.000556
12.476654 -0.000418
12.481655 -0.001392
12.486656 -0.002691
12.491656 -0.003666
12.496657 -0.005290
12.501658 -0.007238
12.506658 -0.009187
12.511659 -0.010811
12.516660 -0.012110
12.521660 -0.012759
12.526661 -0.012110
12.531662 -0.009836
12.536662 -0.006589
12.541663 -0.003016
12.546664 0.001206
12.551664 0.005103
12.556665 0.008026
12.561666 0.009650
12.566666 0.010299
12.571667 0.010949
12.576668 0.011274
12.581668 0.011274
12.586669 0.012248
12.591670 0.013872
12.596670 0.015171
12.601671 0.015821
12.606672 0.016145
12.611672 0.015496
12.616673 0.013222
12.621674 0.009325
12.626674 0.005103
12.631675 0.000556
12.636676 -0.004640
12.641676 -0.009512
12.646677 -0.013409
12.651677 -0.016007
12.656678 -0.017631
12.661679 -0.018930
12.666679 -0.019255
12.671680 -0.018930
12.676681 -0.018281
12.681681 -0.017631
12.686682 -0.016007
12.691683 -0.013734
12.696683 -0.011460
12.701684 -0.008537
12.706685 -0.004965
12.711685 -0.001392
12.716686 0.001531
12.721687 0.004129
12.726687 0.005753
12.731688 0.006727
12.736689 0.006402
12.741689 0.004453
12.746690 0.001855
12.751691 -0.000743
12.756691 -0.003991
12.761692 -0.006589
12.766693 -0.008213
12.771693 -0.008213
12.776694 -0.006914
12.781695 -0.004315
12.786695 -0.000743
12.791696 0.003479
12.796697 0.007701
12.801697 0.011274
12.806698 0.013872
12.811699 0.015171
12.816699 0.014846
12.821700 0.013222
12.826701 0.011923
12.831701 0.010624
12.836702 0.009650
12.841703 0.008351
12.846703 0.007701
12.851704 0.006727
12.856705 0.004778
12.861705 0.001531
12.866706 -0.002367
12.871707 -0.005614
12.876707 -0.009187
12.881708 -0.012435
12.886709 -0.014708
12.891709 -0.015682
12.896710 -0.016332
12.901711 -0.016657
12.906711 -0.016332
12.911712 -0.015033
12.916713 -0.014059
12.921713 -0.013084
12.926714 -0.012110
12.931715 -0.010811
12.936715 -0.009512
12.941716 -0.007888
12.946717 -0.005615
12.951717 -0.002367
12.956718 0.000881
12.961719 0.004129
12.966719 0.007052
12.971720 0.009650
12.976721 0.010949
12.981721 0.010949
12.986722 0.009975
12.991723 0.009000
12.996723 0.007052
13.001724 0.005753
13.006725 0.004778
13.011725 0.005103
13.016726 0.005753
13.021727 0.006727
13.026727 0.009000
13.031728 0.010949
13.036729 0.012248
13.041729 0.012573
13.046730 0.012248
13.051731 0.011274
13.056731 0.009325
13.061732 0.007376
13.066733 0.006077
13.071733 0.005753
13.076734 0.006077
13.081735 0.006727
13.086735 0.007701
13.091736 0.008026
13.096737 0.007052
13.101737 0.004129
13.106738 0.000556
13.111738 -0.003991
13.116739 -0.009187
13.121740 -0.014383
13.126740 -0.018605
13.131741 -0.021204
13.136742 -0.022827
13.141742 -0.023152
13.146743 -0.021853
13.151744 -0.019580
13.156744 -0.016657
13.161745 -0.014383
13.166746 -0.011785
13.171746 -0.008862
13.176747 -0.006264
13.181748 -0.003991
13.186748 -0.001393
13.191749 0.000231
13.196750 0.000881
13.201750 0.000881
13.206751 0.000881
13.211752 0.000556
13.216752 0.000231
13.221753 -0.000743
13.226754 -0.001393
13.231754 -0.002042
13.236755 -0.002042
13.241756 -0.003016
13.246756 -0.003666
13.251757 -0.003666
13.256758 -0.003341
13.261758 -0.002692
13.266759 -0.001717
13.271760 0.000881
13.276760 0.002830
13.281761 0.005103
13.286762 0.008026
13.291762 0.010949
13.296763 0.013872
13.301764 0.016145
13.306764 0.017769
13.311765 0.018419
13.316766 0.018419
13.321766 0.016795
13.326767 0.014521
13.331768 0.011923
13.336768 0.009000
13.341769 0.006402
13.346770 0.005428
13.351770 0.005752
13.356771 0.006402
13.361772 0.007376
13.366772 0.008675
13.371773 0.009325
13.376774 0.009000
13.381774 0.007052
13.386775 0.004453
13.391776 0.001530
13.396776 -0.001717
13.401777 -0.004316
13.406778 -0.004965
13.411778 -0.004316
13.416779 -0.002692
13.421780 -0.000743
13.426780 0.002180
13.431781 0.004453
13.436782 0.005103
13.441782 0.005103
13.446783 0.004129
13.451784 0.002505
13.456784 -0.000093
13.461785 -0.003341
13.466786 -0.006589
13.471786 -0.009512
13.476787 -0.013084
13.481788 -0.016982
13.486788 -0.020229
13.491789 -0.023477
13.496790 -0.026725
13.501790 -0.029323
13.506791 -0.029973
13.511792 -0.028998
13.516792 -0.025426
13.521793 -0.020554
13.526794 -0.014059
13.531794 -0.006914
13.536795 -0.000094
13.541796 0.005428
13.546796 0.009325
13.551797 0.011923
13.556798 0.012897
13.561798 0.012248
13.566799 0.010949
13.571799 0.009650
13.576800 0.007051
13.581801 0.004129
13.586801 0.001855
13.591802 -0.000418
13.596803 -0.002367
13.601803 -0.003991
13.606804 -0.004640
13.611805 -0.004640
13.616805 -0.003666
13.621806 -0.002367
13.626807 -0.000418
13.631807 0.001530
13.636808 0.003154
13.641809 0.003479
13.646809 0.003154
13.651810 0.002829
13.656811 0.002505
13.661811 0.002180
13.666812 0.003154
13.671813 0.005103
13.676813 0.007051
13.681814 0.008675
13.686815 0.010299
13.691815 0.011598
13.696816 0.011923
13.701817 0.010949
13.706817 0.009974
13.711818 0.008351
13.716819 0.006402
13.721819 0.004128
13.726820 0.002180
13.731821 0.000881
13.736821 -0.000418
13.741822 -0.001068
13.746823 -0.001393
13.751823 -0.000743
13.756824 -0.000094
13.761825 0.000556
13.766825 0.001530
13.771826 0.002505
13.776827 0.002829
13.781827 0.002505
13.786828 0.002180
13.791829 0.001206
13.796829 -0.000418
13.801830 -0.002692
13.806831 -0.004640
13.811831 -0.005939
13.816832 -0.006589
13.821833 -0.006589
13.826833 -0.005939
13.831834 -0.004316
13.836835 -0.003017
13.841835 -0.002042
13.846836 -0.001068
13.851837 -0.000743
13.856837 -0.001717
13.861838 -0.003666
13.866839 -0.005615
13.871839 -0.007239
13.876840 -0.008538
13.881841 -0.009837
13.886841 -0.010162
13.891842 -0.009512
13.896843 -0.008862
13.901843 -0.007888
13.906844 -0.006914
13.911845 -0.005615
13.916845 -0.004640
13.921846 -0.003666
13.926847 -0.002042
13.931847 0.000231
13.936848 0.002829
13.941849 0.006077
13.946849 0.009650
13.951850 0.013547
13.956851 0.016145
13.961851 0.017444
13.966852 0.017769
13.971853 0.017119
13.976853 0.015495
13.981854 0.012573
13.986855 0.009974
13.991855 0.007376
13.996856 0.004778
14.001857 0.002180
14.006857 -0.000418
14.011858 -0.002367
14.016859 -0.003991
14.021859 -0.005290
14.026860 -0.005290
14.031860 -0.004316
14.036861 -0.003017
14.041862 -0.001717
14.046862 0.000231
14.051863 0.002505
14.056864 0.003804
14.061864 0.004453
14.066865 0.004778
14.071866 0.004453
14.076866 0.003154
14.081867 0.001205
14.086868 -0.001068
14.091868 -0.003017
14.096869 -0.004965
14.101870 -0.007239
14.106870 -0.008213
14.111871 -0.008863
14.116872 -0.009187
14.121872 -0.009837
14.126873 -0.009837
14.131874 -0.009512
14.136874 -0.009512
14.141875 -0.009187
14.146876 -0.008538
14.151876 -0.007563
14.156877 -0.006264
14.161878 -0.005290
14.166878 -0.003341
14.171879 -0.001068
14.176880 0.000231
14.181880 0.001205
14.186881 0.002180
14.191882 0.002829
14.196882 0.003154
14.201883 0.003479
14.206884 0.004453
14.211884 0.006077
14.216885 0.007701
14.221886 0.009000
14.226886 0.010299
14.231887 0.011273
14.236888 0.011273
14.241888 0.010624
14.246889 0.009325
14.251890 0.008026
14.256890 0.006402
14.261891 0.004453
14.266892 0.002829
14.271892 0.002180
14.276893 0.001530
14.281894 0.000881
14.286894 0.001205
14.291895 0.001205
14.296896 0.000231
14.301896 -0.002042
14.306897 -0.004965
14.311898 -0.008538
14.316898 -0.012435
14.321899 -0.016008
14.326900 -0.018281
14.331900 -0.018931
14.336901 -0.018281
14.341902 -0.016332
14.346902 -0.013409
14.351903 -0.009512
14.356904 -0.005615
14.361904 -0.001718
14.366905 0.002504
14.371906 0.006727
14.376906 0.010949
14.381907 0.014521
14.386908 0.017769
14.391908 0.020692
14.396909 0.021991
14.401910 0.022640
14.406910 0.022640
14.411911 0.021341
14.416912 0.019068
14.421912 0.015820
14.426913 0.012572
14.431914 0.009000
14.436914 0.005103
14.441915 0.001205
14.446916 -0.002692
14.451916 -0.005615
14.456917 -0.008863
14.461918 -0.011786
14.466918 -0.013734
14.471919 -0.015033
14.476920 -0.015683
14.481920 -0.015683
14.486921 -0.015033
14.491921 -0.013409
14.496922 -0.012110
14.501923 -0.010811
14.506923 -0.009187
14.511924 -0.007888
14.516925 -0.007239
14.521925 -0.006914
14.526926 -0.006914
14.531927 -0.006914
14.536927 -0.007564
14.541928 -0.008538
14.546929 -0.008863
14.551929 -0.008538
14.556930 -0.007564
14.561931 -0.005615
14.566931 -0.003017
14.571932 0.000556
14.576933 0.003804
14.581933 0.006402
14.586934 0.008026
14.591935 0.008675
14.596935 0.008026
14.601936 0.006402
14.606937 0.004778
14.611937 0.003154
14.616938 0.001530
14.621939 0.000231
14.626939 0.000231
14.631940 0.001530
14.636941 0.003154
14.641941 0.005752
14.646942 0.008675
14.651943 0.011923
14.656943 0.014521
14.661944 0.015495
14.666945 0.016145
14.671945 0.015820
14.676946 0.014196
14.681947 0.011598
14.686947 0.009000
14.691948 0.006726
14.696949 0.003803
14.701949 0.001205
14.706950 -0.000419
14.711951 -0.001068
14.716951 -0.001718
14.721952 -0.002042
14.726953 -0.000743
14.731953 0.000881
14.736954 0.002829
14.741955 0.004453
14.746955 0.006402
14.751956 0.007701
14.756957 0.008026
14.761957 0.007051
14.766958 0.005427
14.771959 0.003154
14.776959 -0.000094
14.781960 -0.003666
14.786961 -0.006914
14.791961 -0.009512
14.796962 -0.011461
14.801963 -0.013085
14.806963 -0.013734
14.811964 -0.013734
14.816965 -0.013734
14.821965 -0.014059
14.826966 -0.014059
14.831967 -0.013409
14.836967 -0.013085
14.841968 -0.013085
14.846969 -0.013085
14.851969 -0.012760
14.856970 -0.012435
14.861971 -0.011786
14.866971 -0.010487
14.871972 -0.008863
14.876973 -0.006914
14.881973 -0.005940
14.886974 -0.003991
14.891975 -0.002367
14.896975 -0.000419
14.901976 0.001205
14.906977 0.003803
14.911977 0.007051
14.916978 0.009325
14.921979 0.011273
14.926979 0.012572
14.931980 0.012897
14.936981 0.011923
14.941981 0.009649
14.946982 0.008025
14.951982 0.006402
14.956983 0.005752
14.961984 0.005427
14.966984 0.006402
14.971985 0.007376
14.976986 0.008350
14.981986 0.008350
14.986987 0.007701
14.991988 0.007051
14.996988 0.005427
15.001989 0.003803
15.006990 0.002829
15.011990 0.003154
15.016991 0.003479
15.021992 0.004453
15.026992 0.005752
15.031993 0.007051
15.036994 0.007376
15.041994 0.006726
15.046995 0.005752
15.051996 0.004453
15.056996 0.002180
15.061997 -0.000094
15.066998 -0.002043
15.071998 -0.003342
15.076999 -0.004641
15.082000 -0.005615
15.087000 -0.006265
15.092001 -0.005940
15.097002 -0.005615
15.102002 -0.005290
15.107003 -0.004641
15.112004 -0.003342
15.117004 -0.002367
15.122005 -0.002043
15.127006 -0.001393
15.132006 -0.000743
15.137007 -0.001068
15.142008 -0.001718
15.147008 -0.002692
15.152009 -0.003666
15.157010 -0.004965
15.162010 -0.006589
15.167011 -0.007564
15.172012 -0.007888
15.177012 -0.007888
15.182013 -0.007888
15.187014 -0.006914
15.192014 -0.005615
15.197015 -0.004641
15.202016 -0.003666
15.207016 -0.002692
15.212017 -0.001393
15.217018 -0.000743
15.222018 -0.000743
15.227019 -0.000743
15.232020 -0.000743
15.237020 -0.001393
15.242021 -0.002367
15.247022 -0.003017
15.252022 -0.003017
15.257023 -0.002692
15.262024 -0.002043
15.267024 -0.000419
15.272025 0.002504
15.277026 0.005102
15.282026 0.008025
15.287027 0.010299
15.292028 0.012572
15.297028 0.013547
15.302029 0.013222
15.307030 0.011923
15.312030 0.010299
15.317031 0.007701
15.322032 0.005102
15.327032 0.002829
15.332033 0.001530
15.337034 0.000556
15.342034 -0.000094
15.347035 -0.000094
15.352036 0.000231
15.357036 -0.000094
15.362037 -0.000743
15.367038 -0.001068
15.372038 -0.001393
15.377039 -0.001718
15.382040 -0.002367
15.387040 -0.002367
15.392041 -0.002692
15.397042 -0.003666
15.402042 -0.005290
15.407043 -0.007239
15.412043 -0.009188
15.417044 -0.011461
15.422045 -0.013085
15.427045 -0.014059
15.432046 -0.013734
15.437047 -0.012435
15.442047 -0.010811
15.447048 -0.008863
15.452049 -0.006914
15.457049 -0.005290
15.462050 -0.004316
15.467051 -0.003342
15.472051 -0.002043
15.477052 -0.001068
15.482053 0.000231
15.487053 0.002179
15.492054 0.004453
15.497055 0.006726
15.502055 0.008675
15.507056 0.010624
15.512057 0.011598
15.517057 0.011598
15.522058 0.010624
15.527059 0.009324
15.532059 0.008350
15.537060 0.006726
15.542061 0.005102
15.547061 0.003803
15.552062 0.003479
15.557063 0.002829
15.562063 0.002504
15.567064 0.002829
15.572065 0.003154
15.577065 0.003154
15.582066 0.002829
15.587067 0.002179
15.592067 0.001855
15.597068 0.000880
15.602069 0.000231
15.607069 0.000231
15.612070 0.000556
15.617071 0.001530
15.622071 0.002829
15.627072 0.004453
15.632073 0.006401
15.637073 0.007701
15.642074 0.008025
15.647075 0.008025
15.652075 0.007051
15.657076 0.005427
15.662077 0.003154
15.667077 0.000880
15.672078 -0.000744
15.677079 -0.002692
15.682079 -0.004316
15.687080 -0.005615
15.692081 -0.006265
15.697081 -0.007889
15.702082 -0.009512
15.707083 -0.011136
15.712083 -0.012435
15.717084 -0.014059
15.722085 -0.015034
15.727085 -0.015358
15.732086 -0.015034
15.737087 -0.013734
15.742087 -0.012760
15.747088 -0.010487
15.752089 -0.008213
15.757089 -0.006265
15.762090 -0.004641
15.767091 -0.002692
15.772091 -0.000744
15.777092 0.000880
15.782093 0.002179
15.787093 0.004128
15.792094 0.005752
15.797095 0.006726
15.802095 0.007376
15.807096 0.008025
15.812097 0.008025
15.817097 0.007376
15.822098 0.006077
15.827099 0.004778
15.832099 0.003154
15.837100 0.001530
15.842101 -0.000744
15.847101 -0.002692
15.852102 -0.003991
15.857103 -0.005615
15.862103 -0.007239
15.867104 -0.008213
15.872104 -0.008538
15.877105 -0.008863
15.882106 -0.008863
15.887106 -0.007889
15.892107 -0.005940
15.897108 -0.003991
15.902108 -0.001393
15.907109 0.002179
15.912110 0.005752
15.917110 0.009000
15.922111 0.011598
15.927112 0.013871
15.932112 0.015170
15.937113 0.015495
15.942114 0.014196
15.947114 0.012247
15.952115 0.009649
15.957116 0.006726
15.962116 0.003154
15.967117 0.000555
15.972118 -0.001393
15.977118 -0.002692
15.982119 -0.003667
15.987120 -0.003667
15.992120 -0.003017
15.997121 -0.002043
16.002122 -0.001393
16.007122 -0.000419
16.012123 0.000555
16.017124 0.001205
16.022124 0.001205
16.027125 0.001855
16.032126 0.002504
16.037126 0.003154
16.042127 0.003803
16.047128 0.004453
16.052128 0.005427
16.057129 0.005752
16.062130 0.005427
16.067130 0.005427
16.072131 0.005427
16.077132 0.004453
16.082132 0.002829
16.087133 0.001205
16.092134 -0.001068
16.097134 -0.003667
16.102135 -0.006590
16.107136 -0.009188
16.112136 -0.010487
16.117137 -0.011461
16.122138 -0.011136
16.127138 -0.009837
16.132139 -0.007239
16.137140 -0.004641
16.142140 -0.002368
16.147141 0.000231
16.152142 0.002829
16.157142 0.004128
16.162143 0.004777
16.167144 0.005102
16.172144 0.004777
16.177145 0.004128
16.182146 0.002829
16.187146 0.001854
16.192147 0.001205
16.197148 0.000231
16.202148 -0.000744
16.207149 -0.001393
16.212150 -0.001718
16.217150 -0.002368
16.222151 -0.003017
16.227152 -0.003017
16.232152 -0.002043
16.237153 -0.001393
16.242154 -0.000419
16.247154 0.000880
16.252155 0.002179
16.257156 0.003154
16.262156 0.003154
16.267157 0.003478
16.272158 0.003154
16.277158 0.002504
16.282159 0.000880
16.287160 -0.000419
16.292160 -0.001718
16.297161 -0.003017
16.302162 -0.004316
16.307162 -0.005291
16.312163 -0.005291
16.317164 -0.004966
16.322164 -0.004966
16.327165 -0.003991
16.332165 -0.003342
16.337166 -0.002368
16.342167 -0.001718
16.347167 -0.000744
16.352168 0.000231
16.357169 0.000880
16.362169 0.000880
16.367170 0.001205
16.372171 0.000880
16.377171 0.000231
16.382172 -0.001069
16.387173 -0.002368
16.392173 -0.003017
16.397174 -0.004316
16.402175 -0.005291
16.407175 -0.005615
16.412176 -0.005291
16.417177 -0.004641
16.422177 -0.003667
16.427178 -0.002043
16.432179 -0.000094
16.437179 0.001530
16.442180 0.002504
16.447181 0.003478
16.452181 0.004128
16.457182 0.003803
16.462183 0.003154
16.467183 0.002179
16.472184 0.000880
16.477185 -0.000744
16.482185 -0.002043
16.487186 -0.002692
16.492187 -0.002692
16.497187 -0.002692
16.502188 -0.002368
16.507189 -0.001718
16.512189 -0.001069
16.517190 -0.000744
16.522191 -0.000744
16.527191 -0.000744
16.532192 -0.000094
16.537193 0.000880
16.542193 0.001854
16.547194 0.003478
16.552195 0.005752
16.557195 0.008025
16.562196 0.009974
16.567197 0.011922
16.572197 0.013546
16.577198 0.014196
16.582199 0.014196
16.587199 0.013546
16.592200 0.012572
16.597201 0.010948
16.602201 0.008675
16.607202 0.006401
16.612203 0.003803
16.617203 0.001530
16.622204 -0.001069
16.627205 -0.003342
16.632205 -0.004641
16.637206 -0.006265
16.642207 -0.007239
16.647207 -0.007889
16.652208 -0.007239
16.657209 -0.006914
16.662209 -0.005940
16.667210 -0.004966
16.672211 -0.003992
16.677211 -0.003667
16.682212 -0.003992
16.687213 -0.004641
16.692213 -0.005291
16.697214 -0.006265
16.702215 -0.006914
16.707215 -0.006914
16.712216 -0.006914
16.717217 -0.006590
16.722217 -0.006265
16.727218 -0.005940
16.732219 -0.004966
16.737219 -0.004641
16.742220 -0.004641
16.747221 -0.004316
16.752221 -0.003992
16.757222 -0.003667
16.762223 -0.003667
16.767223 -0.003342
16.772224 -0.002692
16.777225 -0.001718
16.782225 -0.000744
16.787226 0.000880
16.792226 0.002829
16.797227 0.004453
16.802228 0.006076
16.807228 0.007700
16.812229 0.008999
16.817230 0.009324
16.822230 0.008999
16.827231 0.008675
16.832232 0.008025
16.837232 0.007051
16.842233 0.005752
16.847234 0.005427
16.852234 0.005102
16.857235 0.004777
16.862236 0.004453
16.867236 0.004453
16.872237 0.004128
16.877238 0.003478
16.882238 0.002179
16.887239 0.001205
16.892240 0.000230
16.897240 -0.000744
16.902241 -0.001718
16.907242 -0.002368
16.912242 -0.002368
16.917243 -0.003017
16.922244 -0.003342
16.927244 -0.003667
16.932245 -0.003992
16.937246 -0.004316
16.942246 -0.004641
16.947247 -0.004641
16.952248 -0.004316
16.957248 -0.003667
16.962249 -0.003017
16.967250 -0.002693
16.972250 -0.002368
16.977251 -0.002368
16.982252 -0.003342
16.987252 -0.004316
16.992253 -0.004966
16.997254 -0.005940
17.002254 -0.006265
17.007255 -0.006265
17.012256 -0.005291
17.017256 -0.004316
17.022257 -0.003017
17.027258 -0.001393
17.032258 0.000555
17.037259 0.002179
17.042260 0.003153
17.047260 0.004128
17.052261 0.005102
17.057262 0.005752
17.062262 0.005752
17.067263 0.006076
17.072264 0.006401
17.077264 0.006076
17.082265 0.005752
17.087266 0.005427
17.092266 0.005102
17.097267 0.004128
17.102268 0.003478
17.107268 0.003153
17.112269 0.003153
17.117270 0.002829
17.122270 0.002829
17.127271 0.003153
17.132272 0.003478
17.137272 0.003478
17.142273 0.002829
17.147274 0.002179
17.152274 0.001529
17.157275 0.000555
17.162276 -0.000419
17.167276 -0.001069
17.172277 -0.001393
17.177278 -0.001718
17.182278 -0.002043
17.187279 -0.002368
17.192280 -0.002368
17.197280 -0.002693
17.202281 -0.003342
17.207282 -0.003667
17.212282 -0.003342
17.217283 -0.003342
17.222284 -0.003017
17.227284 -0.002368
17.232285 -0.001718
17.237286 -0.001393
17.242286 -0.001393
17.247287 -0.001069
17.252287 -0.000419
17.257288 -0.000419
17.262289 -0.000419
17.267289 0.000230
17.272290 0.000555
17.277291 0.000880
17.282291 0.000880
17.287292 0.000880
17.292293 0.001205
17.297293 0.000880
17.302294 0.000555
17.307295 0.000880
17.312295 0.001205
17.317296 0.001529
17.322297 0.001529
17.327297 0.001854
17.332298 0.002179
17.337299 0.002179
17.342299 0.002179
17.347300 0.001854
17.352301 0.001529
17.357301 0.001205
17.362302 0.000880
17.367303 0.001205
17.372303 0.001854
17.377304 0.002504
17.382305 0.003153
17.387305 0.003803
17.392306 0.004128
17.397307 0.003478
17.402307 0.001854
17.407308 -0.000094
17.412309 -0.001718
17.417309 -0.003667
17.422310 -0.005616
17.427311 -0.006590
17.432311 -0.007239
17.437312 -0.007564
17.442313 -0.007564
17.447313 -0.006915
17.452314 -0.005940
17.457315 -0.005291
17.462315 -0.004641
17.467316 -0.003342
17.472317 -0.002043
17.477317 -0.001069
17.482318 -0.000419
17.487319 0.000555
17.492319 0.001205
17.497320 0.001529
17.502321 0.001529
17.507321 0.001529
17.512322 0.002179
17.517323 0.002179
17.522323 0.002504
17.527324 0.003153
17.532325 0.003803
17.537325 0.004128
17.542326 0.003803
17.547327 0.003478
17.552327 0.003153
17.557328 0.002179
17.562329 0.001205
17.567329 0.000555
17.572330 0.000230
17.577331 -0.000094
17.582331 -0.000419
17.587332 -0.000419
17.592333 -0.000419
17.597333 -0.000744
17.602334 -0.001718
17.607335 -0.002043
17.612335 -0.002368
17.617336 -0.003017
17.622337 -0.003992
17.627337 -0.004641
17.632338 -0.004641
17.637339 -0.004641
17.642339 -0.004641
17.647340 -0.003667
17.652341 -0.002043
17.657341 -0.000744
17.662342 0.000230
17.667343 0.001205
17.672343 0.002179
17.677344 0.002504
17.682345 0.002504
17.687345 0.002179
17.692346 0.001854
17.697347 0.000880
17.702347 -0.000095
17.707348 -0.000744
17.712348 -0.001069
17.717349 -0.001069
17.722350 -0.000744
17.727350 -0.000095
17.732351 0.000555
17.737352 0.001205
17.742352 0.001205
17.747353 0.001529
17.752354 0.002179
17.757354 0.002179
17.762355 0.002179
17.767356 0.002828
17.772356 0.003803
17.777357 0.004128
17.782358 0.004452
17.787358 0.005102
17.792359 0.005751
17.797360 0.006401
17.802360 0.006726
17.807361 0.007375
17.812362 0.008025
17.817362 0.008025
17.822363 0.007375
17.827364 0.006401
17.832364 0.005102
17.837365 0.003478
17.842366 0.001205
17.847366 -0.000419
17.852367 -0.001394
17.857368 -0.002043
17.862368 -0.002693
17.867369 -0.002693
17.872370 -0.002368
17.877370 -0.002368
17.882371 -0.002693
17.887372 -0.003018
17.892372 -0.003018
17.897373 -0.003667
17.902374 -0.004641
17.907374 -0.004966
17.912375 -0.005291
17.917376 -0.005616
17.922376 -0.005940
17.927377 -0.005616
17.932378 -0.004966
17.937378 -0.004317
17.942379 -0.003667
17.947380 -0.003018
17.952380 -0.002368
17.957381 -0.002043
17.962382 -0.001718
17.967382 -0.001394
17.972383 -0.000744
17.977384 -0.000744
17.982384 -0.000744
17.987385 -0.000744
17.992386 -0.000744
17.997386 -0.001069
18.002387 -0.001718
18.007388 -0.001718
18.012388 -0.001718
18.017389 -0.001718
18.022390 -0.001718
18.027390 -0.001069
18.032391 -0.000419
18.037392 0.000230
18.042392 0.000230
18.047393 0.000555
18.052394 0.000880
18.057394 0.000555
18.062395 0.000230
18.067396 0.000230
18.072396 0.000230
18.077397 0.000230
18.082398 0.000230
18.087398 0.000555
18.092399 0.001204
18.097400 0.001529
18.102400 0.001854
18.107401 0.002504
18.112402 0.003153
18.117402 0.003478
18.122403 0.003478
18.127404 0.003803
18.132404 0.004452
18.137405 0.004452
18.142406 0.004127
18.147406 0.003803
18.152407 0.003153
18.157408 0.001854
18.162408 0.000230
18.167409 -0.000744
18.172409 -0.001718
18.177410 -0.003018
18.182411 -0.004317
18.187411 -0.004966
18.192412 -0.004966
18.197413 -0.005291
18.202413 -0.005616
18.207414 -0.005291
18.212415 -0.004966
18.217415 -0.004317
18.222416 -0.003667
18.227417 -0.002693
18.232417 -0.001719
18.237418 -0.000744
18.242419 -0.000419
18.247419 0.000230
18.252420 0.000555
18.257421 0.000230
18.262421 -0.000095
18.267422 -0.000095
18.272423 0.000230
18.277423 0.000555
18.282424 0.000555
18.287425 0.001204
18.292425 0.001529
18.297426 0.001854
18.302427 0.001854
18.307427 0.002179
18.312428 0.002828
18.317429 0.002828
18.322429 0.002828
18.327430 0.003478
18.332431 0.004127
18.337431 0.004127
18.342432 0.004127
18.347433 0.004127
18.352433 0.004127
18.357434 0.003803
18.362435 0.003153
18.367435 0.002828
18.372436 0.002828
18.377437 0.002504
18.382437 0.001854
18.387438 0.001854
18.392439 0.001529
18.397439 0.000880
18.402440 -0.000095
18.407441 -0.000744
18.412441 -0.001394
18.417442 -0.002368
18.422443 -0.003342
18.427443 -0.003667
18.432444 -0.003667
18.437445 -0.003667
18.442445 -0.003667
18.447446 -0.003342
18.452447 -0.002368
18.457447 -0.001719
18.462448 -0.000744
18.467449 0.000230
18.472449 0.001529
18.477450 0.002179
18.482451 0.002503
18.487451 0.002503
18.492452 0.002503
18.497453 0.001854
18.502453 0.000880
18.507454 0.000230
18.512455 -0.000095
18.517455 -0.000744
18.522456 -0.001394
18.527457 -0.002043
18.532457 -0.002043
18.537458 -0.002368
18.542459 -0.003018
18.547459 -0.003342
18.552460 -0.003342
18.557461 -0.003992
18.562461 -0.004642
18.567462 -0.004966
18.572463 -0.005291
18.577463 -0.004966
18.582464 -0.004966
18.587465 -0.004642
18.592465 -0.003667
18.597466 -0.003018
18.602467 -0.002368
18.607467 -0.001069
18.612468 0.000230
18.617469 0.001204
18.622469 0.002179
18.627470 0.003153
18.632470 0.003803
18.637471 0.004127
18.642472 0.003478
18.647472 0.003153
18.652473 0.002828
18.657474 0.002503
18.662474 0.001854
18.667475 0.001854
18.672476 0.001854
18.677476 0.001854
18.682477 0.001529
18.687478 0.001529
18.692478 0.001529
18.697479 0.001204
18.702480 0.000555
18.707480 -0.000095
18.712481 -0.000095
18.717482 -0.000744
18.722482 -0.001394
18.727483 -0.001719
18.732484 -0.002043
18.737484 -0.002693
18.742485 -0.003342
18.747486 -0.003667
18.752486 -0.003992
18.757487 -0.003992
18.762488 -0.004317
18.767488 -0.003667
18.772489 -0.002693
18.777490 -0.001719
18.782490 -0.001069
18.787491 0.000230
18.792492 0.001529
18.797492 0.002179
18.802493 0.002828
18.807494 0.003478
18.812494 0.004452
18.817495 0.004452
18.822496 0.004452
18.827496 0.004452
18.832497 0.004452
18.837498 0.004127
18.842498 0.003478
18.847499 0.002503
18.852500 0.001854
18.857500 0.000880
18.862501 -0.000095
18.867502 -0.000744
18.872502 -0.001394
18.877503 -0.001719
18.882504 -0.002043
18.887504 -0.001719
18.892505 -0.001069
18.897506 -0.000420
18.902506 0.000555
18.907507 0.002179
18.912508 0.003802
18.917508 0.005426
18.922509 0.006076
18.927510 0.007050
18.932510 0.007050
18.937511 0.006725
18.942512 0.005426
18.947512 0.004452
18.952513 0.003153
18.957514 0.001854
18.962514 0.000230
18.967515 -0.001069
18.972516 -0.002043
18.977516 -0.003018
18.982517 -0.003992
18.987518 -0.004642
18.992518 -0.004966
18.997519 -0.005291
19.002520 -0.005941
19.007520 -0.006266
19.012521 -0.005616
19.017522 -0.005941
19.022522 -0.005616
19.027523 -0.005291
19.032524 -0.004966
19.037524 -0.004966
19.042525 -0.005291
19.047526 -0.005291
19.052526 -0.005616
19.057527 -0.005941
19.062528 -0.006266
19.067528 -0.005941
19.072529 -0.005291
19.077530 -0.004642
19.082530 -0.003992
19.087531 -0.002368
19.092531 -0.001069
19.097532 0.000230
19.102533 0.001204
19.107533 0.002179
19.112534 0.003153
19.117535 0.003153
19.122535 0.003153
19.127536 0.003153
19.132537 0.003478
19.137537 0.003478
19.142538 0.003478
19.147539 0.003478
19.152539 0.003478
19.157540 0.003478
19.162541 0.003153
19.167541 0.003153
19.172542 0.003153
19.177543 0.003153
19.182543 0.002503
19.187544 0.002179
19.192545 0.002179
19.197545 0.001529
19.202546 0.000555
19.207547 -0.000095
19.212547 -0.000420
19.217548 -0.001394
19.222549 -0.002368
19.227549 -0.002693
19.232550 -0.002368
19.237551 -0.002368
19.242551 -0.002044
19.247552 -0.001394
19.252553 -0.000420
19.257553 0.000555
19.262554 0.001204
19.267555 0.002179
19.272555 0.003153
19.277556 0.003802
19.282557 0.004127
19.287557 0.004452
19.292558 0.004777
19.297559 0.004777
19.302559 0.004452
19.307560 0.004452
19.312561 0.004452
19.317561 0.003802
19.322562 0.003153
19.327563 0.002828
19.332563 0.002828
19.337564 0.002178
19.342565 0.001529
19.347565 0.000879
19.352566 0.000230
19.357567 -0.000420
19.362567 -0.001719
19.367568 -0.002368
19.372569 -0.002693
19.377569 -0.002693
19.382570 -0.003018
19.387571 -0.002368
19.392571 -0.001719
19.397572 -0.001069
19.402573 -0.000744
19.407573 -0.000095
19.412574 0.000555
19.417575 0.000230
19.422575 0.000230
19.427576 0.000230
19.432577 0.000555
19.437577 0.000230
19.442578 0.000230
19.447579 0.000555
19.452579 0.001204
19.457580 0.001529
19.462581 0.001854
19.467581 0.001854
19.472582 0.002178
19.477583 0.001529
19.482583 0.000555
19.487584 -0.000095
19.492585 -0.000744
19.497585 -0.001719
19.502586 -0.002693
19.507587 -0.003018
19.512587 -0.003018
19.517588 -0.003343
19.522589 -0.003343
19.527589 -0.003018
19.532590 -0.002368
19.537591 -0.002044
19.542591 -0.002368
19.547592 -0.002368
19.552592 -0.002693
19.557593 -0.003343
19.562594 -0.004642
19.567594 -0.005291
19.572595 -0.005616
19.577596 -0.005941
19.582596 -0.005941
19.587597 -0.005291
19.592598 -0.004317
19.597598 -0.003343
19.602599 -0.002693
19.607600 -0.001719
19.612600 -0.000745
19.617601 -0.000420
19.622602 -0.000095
19.627602 0.000230
19.632603 0.000879
19.637604 0.000879
19.642604 0.000879
19.647605 0.000879
19.652606 0.001204
19.657606 0.000879
19.662607 0.000555
19.667608 0.000555
19.672608 0.000555
19.677609 0.000230
19.682610 -0.000420
19.687610 -0.000745
19.692611 -0.001069
19.697612 -0.001719
19.702612 -0.002368
19.707613 -0.002368
19.712614 -0.002368
19.717614 -0.002044
19.722615 -0.001719
19.727616 -0.000745
19.732616 0.000230
19.737617 0.001204
19.742618 0.001854
19.747618 0.002828
19.752619 0.003477
19.757620 0.004127
19.762620 0.004127
19.767621 0.004127
19.772622 0.004777
19.777622 0.004777
19.782623 0.004452
19.787624 0.004777
19.792624 0.004777
19.797625 0.004777
19.802626 0.004127
19.807626 0.004127
19.812627 0.004127
19.817628 0.003802
19.822628 0.003477
19.827629 0.003153
19.832630 0.003153
19.837630 0.002503
19.842631 0.002178
19.847632 0.002178
19.852632 0.002178
19.857633 0.002178
19.862634 0.001854
19.867634 0.002178
19.872635 0.002178
19.877636 0.002178
19.882636 0.001854
19.887637 0.001529
19.892638 0.001529
19.897638 0.001204
19.902639 0.000555
19.907640 0.000555
19.912640 0.000554
19.917641 0.000554
19.922642 -0.000095
19.927642 -0.000095
19.932643 -0.000420
19.937644 -0.001069
19.942644 -0.002044
19.947645 -0.002693
19.952646 -0.003018
19.957646 -0.003343
19.962647 -0.003992
19.967648 -0.003992
19.972648 -0.003668
19.977649 -0.003992
19.982650 -0.003992
19.987650 -0.003992
19.992651 -0.003668
19.997652 -0.003343
20.002652 -0.003343
20.007653 -0.003018
20.012653 -0.002368
20.017654 -0.001719
20.022655 -0.001394
20.027655 -0.000745
20.032656 -0.000420
20.037657 -0.000420
20.042657 -0.000420
20.047658 -0.000745
20.052659 -0.000745
20.057659 -0.000745
20.062660 -0.001069
20.067661 -0.000745
20.072661 -0.000095
20.077662 0.000554
20.082663 0.000879
20.087663 0.001854
20.092664 0.002503
20.097665 0.003153
20.102665 0.003153
20.107666 0.003477
20.112667 0.003802
20.117667 0.003802
20.122668 0.003477
20.127669 0.003153
20.132669 0.003153
20.137670 0.002828
20.142671 0.001854
20.147671 0.001529
20.152672 0.001204
20.157673 0.000554
20.162673 -0.000420
20.167674 -0.001394
20.172675 -0.002044
20.177675 -0.003343
20.182676 -0.004317
20.187677 -0.004967
20.192677 -0.004967
20.197678 -0.004967
20.202679 -0.004642
20.207679 -0.003668
20.212680 -0.002369
20.217681 -0.001394
20.222681 -0.000745
20.227682 0.000230
20.232683 0.000879
20.237683 0.000879
20.242684 0.000879
20.247685 0.001204
20.252685 0.001204
20.257686 0.000879
20.262687 0.000554
20.267687 0.000554
20.272688 0.000554
20.277689 -0.000095
20.282689 -0.000745
20.287690 -0.001069
20.292691 -0.001394
20.297691 -0.001719
20.302692 -0.002044
20.307693 -0.002044
20.312693 -0.001719
20.317694 -0.001394
20.322695 -0.001069
20.327695 -0.000745
20.332696 -0.000420
20.337697 -0.000420
20.342697 -0.000745
20.347698 -0.000745
20.352699 -0.000745
20.357699 -0.000745
20.362700 -0.000745
20.367701 -0.000420
20.372701 0.000230
20.377702 0.000879
20.382703 0.000879
20.387703 0.001204
20.392704 0.001529
20.397705 0.001204
20.402705 0.001204
20.407706 0.001529
20.412707 0.001853
20.417707 0.002503
20.422708 0.002828
20.427709 0.003802
20.432709 0.004776
20.437710 0.005101
20.442711 0.005101
20.447711 0.005101
20.452712 0.005101
20.457713 0.004776
20.462713 0.003802
20.467714 0.003477
20.472714 0.003153
20.477715 0.002828
20.482716 0.002178
20.487716 0.002178
20.492717 0.002178
20.497718 0.002178
20.502718 0.002178
20.507719 0.002178
20.512720 0.002503
20.517720 0.002503
20.522721 0.002178
20.527722 0.001853
20.532722 0.001529
20.537723 0.000879
20.542724 -0.000095
20.547724 -0.000745
20.552725 -0.001394
20.557726 -0.002044
20.562726 -0.002369
20.567727 -0.002693
20.572728 -0.002369
20.577728 -0.002369
20.582729 -0.002369
20.587730 -0.002044
20.592730 -0.001719
20.597731 -0.001394
20.602732 -0.001719
20.607732 -0.001394
20.612733 -0.001070
20.617734 -0.001070
20.622734 -0.001394
20.627735 -0.001394
20.632736 -0.001070
20.637736 -0.001394
20.642737 -0.002044
20.647738 -0.002044
20.652738 -0.002044
20.657739 -0.002369
20.662740 -0.002693
20.667740 -0.002693
20.672741 -0.002369
20.677742 -0.002693
20.682742 -0.003343
20.687743 -0.003668
20.692744 -0.003993
20.697744 -0.004642
20.702745 -0.005292
20.707746 -0.005292
20.712746 -0.004967
20.717747 -0.004642
20.722748 -0.004642
20.727748 -0.003993
20.732749 -0.003343
20.737750 -0.003018
20.742750 -0.003018
20.747751 -0.002369
20.752752 -0.002044
20.757752 -0.001719
20.762753 -0.001394
20.767754 -0.001070
20.772754 -0.000420
20.777755 -0.000095
20.782756 -0.000420
20.787756 -0.000095
20.792757 -0.000095
20.797758 -0.000420
20.802758 -0.000745
20.807759 -0.000420
20.812760 0.000230
20.817760 0.000879
20.822761 0.001529
20.827762 0.002503
20.832762 0.003802
20.837763 0.004127
20.842764 0.004127
20.847764 0.004452
20.852765 0.004776
20.857766 0.004776
20.862766 0.004452
20.867767 0.004776
20.872768 0.005101
20.877768 0.005426
20.882769 0.005426
20.887770 0.005751
20.892770 0.006075
20.897771 0.006075
20.902772 0.005751
20.907772 0.005751
20.912773 0.005751
20.917774 0.005101
20.922774 0.004776
20.927775 0.004452
20.932775 0.004127
20.937776 0.003477
20.942777 0.002828
20.947777 0.002178
20.952778 0.001853
20.957779 0.001204
20.962779 0.000554
20.967780 0.000554
20.972781 0.000554
20.977781 0.000554
20.982782 0.000229
20.987783 0.000229
20.992783 -0.000095
20.997784 -0.001070
21.002785 -0.002044
21.007785 -0.003018
21.012786 -0.003668
21.017787 -0.004317
21.022787 -0.004642
21.027788 -0.004642
21.032789 -0.003668
21.037789 -0.003018
21.042790 -0.002369
21.047791 -0.001719
21.052791 -0.000745
21.057792 -0.000745
21.062793 -0.000745
21.067793 -0.000745
21.072794 -0.001070
21.077795 -0.001394
21.082795 -0.001719
21.087796 -0.002044
21.092797 -0.002044
21.097797 -0.002369
21.102798 -0.002694
21.107799 -0.003343
21.112799 -0.003343
21.117800 -0.003993
21.122801 -0.004642
21.127801 -0.004642
21.132802 -0.004642
21.137803 -0.004642
21.142803 -0.004317
21.147804 -0.003668
21.152805 -0.002694
21.157805 -0.002044
21.162806 -0.001719
21.167807 -0.001394
21.172807 -0.001070
21.177808 -0.001394
21.182809 -0.002044
21.187809 -0.002369
21.192810 -0.002044
21.197811 -0.002044
21.202811 -0.002044
21.207812 -0.001719
21.212813 -0.001070
21.217813 -0.000745
21.222814 -0.000745
21.227815 -0.000420
21.232815 -0.000095
21.237816 -0.000420
21.242817 -0.000420
21.247817 -0.000095
21.252818 0.000554
21.257819 0.000879
21.262819 0.001204
21.267820 0.001853
21.272821 0.002828
21.277821 0.002828
21.282822 0.002828
21.287823 0.002503
21.292823 0.002178
21.297824 0.001528
21.302825 0.000879
21.307825 0.000554
21.312826 0.000229
21.317827 -0.000095
21.322827 -0.000095
21.327828 0.000229
21.332829 0.000879
21.337829 0.000879
21.342830 0.000879
21.347831 0.000879
21.352831 0.001204
21.357832 0.000879
21.362833 0.000229
21.367833 -0.000095
21.372834 0.000229
21.377835 -0.000095
21.382835 -0.000095
21.387836 0.000554
21.392836 0.001204
21.397837 0.001853
21.402838 0.002503
21.407838 0.003152
21.412839 0.004127
21.417840 0.004451
21.422840 0.004127
21.427841 0.004451
21.432842 0.004451
21.437842 0.004127
21.442843 0.003802
21.447844 0.003477
21.452844 0.003477
21.457845 0.002828
21.462846 0.002178
21.467846 0.001853
21.472847 0.001528
21.477848 0.000879
21.482848 0.000229
21.487849 -0.000095
21.492850 0.000229
21.497850 0.000229
21.502851 0.000554
21.507852 0.001204
21.512852 0.001853
21.517853 0.001853
21.522854 0.001853
21.527854 0.002178
21.532855 0.002178
21.537856 0.001853
21.542856 0.001204
21.547857 0.000879
21.552858 0.000554
21.557858 -0.000095
21.562859 -0.000745
21.567860 -0.001070
21.572860 -0.000745
21.577861 -0.000745
21.582862 -0.001070
21.587862 -0.000745
21.592863 -0.000745
21.597864 -0.001395
21.602864 -0.002369
21.607865 -0.002694
21.612866 -0.003343
21.617866 -0.003993
21.622867 -0.004642
21.627868 -0.004967
21.632868 -0.005292
21.637869 -0.005617
21.642870 -0.005941
21.647870 -0.005617
21.652871 -0.005292
21.657872 -0.005292
21.662872 -0.004967
21.667873 -0.004642
21.672874 -0.003993
21.677874 -0.003343
21.682875 -0.003018
21.687876 -0.002694
21.692876 -0.002044
21.697877 -0.001719
21.702878 -0.002044
21.707878 -0.001719
21.712879 -0.001719
21.717880 -0.001719
21.722880 -0.002044
21.727881 -0.001719
21.732882 -0.001395
21.737882 -0.001070
21.742883 -0.001070
21.747884 -0.001070
21.752884 -0.000745
21.757885 -0.000745
21.762886 -0.001395
21.767886 -0.001395
21.772887 -0.001070
21.777888 -0.001070
21.782888 -0.001395
21.787889 -0.000745
21.792890 -0.000420
21.797890 -0.000095
21.802891 -0.000096
21.807892 -0.000096
21.812892 0.000229
21.817893 0.000229
21.822894 -0.000096
21.827894 0.000554
21.832895 0.000879
21.837896 0.001528
21.842896 0.001853
21.847897 0.002503
21.852897 0.003152
21.857898 0.003802
21.862899 0.004127
21.867899 0.004776
21.872900 0.005426
21.877901 0.005426
21.882901 0.005426
21.887902 0.005750
21.892903 0.005750
21.897903 0.005426
21.902904 0.004776
21.907905 0.004451
21.912905 0.004451
21.917906 0.003802
21.922907 0.003477
21.927907 0.003477
21.932908 0.003477
21.937909 0.003477
21.942909 0.003152
21.947910 0.002827
21.952911 0.002827
21.957911 0.002178
21.962912 0.001528
21.967913 0.001528
21.972913 0.001204
21.977914 0.000879
21.982915 0.000879
21.987915 0.000879
21.992916 0.001204
21.997917 0.000879
22.002917 0.000554
22.007918 0.000229
22.012919 0.000229
22.017919 -0.000420
22.022920 -0.001395
22.027921 -0.002044
22.032921 -0.002044
22.037922 -0.002694
22.042923 -0.003343
22.047923 -0.003343
22.052924 -0.003343
22.057925 -0.003343
22.062925 -0.003343
22.067926 -0.003343
22.072927 -0.002694
22.077927 -0.002369
22.082928 -0.002369
22.087929 -0.001719
22.092929 -0.000745
22.097930 -0.000420
22.102931 -0.000420
22.107931 -0.000096
22.112932 -0.000096
22.117933 -0.000745
22.122933 -0.001395
22.127934 -0.001719
22.132935 -0.002044
22.137935 -0.002369
22.142936 -0.003019
22.147937 -0.003019
22.152937 -0.002694
22.157938 -0.003019
22.162939 -0.003019
22.167939 -0.003019
22.172940 -0.002694
22.177941 -0.002369
22.182941 -0.002369
22.187942 -0.001719
22.192943 -0.001070
22.197943 -0.000745
22.202944 -0.000745
22.207945 -0.000420
22.212945 -0.000096
22.217946 -0.000096
22.222947 -0.000420
22.227947 -0.000420
22.232948 -0.000420
22.237949 -0.000420
22.242949 -0.000745
22.247950 -0.000420
22.252951 -0.000096
22.257951 0.000229
22.262952 -0.000096
22.267953 0.000229
22.272953 0.000554
22.277954 0.000554
22.282955 0.000229
22.287955 0.000229
22.292956 0.000229
22.297957 -0.000096
22.302957 -0.000420
22.307958 -0.000096
22.312958 0.000229
22.317959 0.000229
22.322960 0.000229
22.327960 0.000554
22.332961 0.000879
22.337962 0.001203
22.342962 0.001203
22.347963 0.001203
22.352964 0.001528
22.357964 0.001528
22.362965 0.001203
22.367966 0.001203
22.372966 0.001528
22.377967 0.001203
22.382968 0.001203
22.387968 0.001203
22.392969 0.001528
22.397970 0.001528
22.402970 0.001203
22.407971 0.001853
22.412972 0.002503
22.417972 0.002827
22.422973 0.002503
22.427974 0.003152
22.432974 0.003152
22.437975 0.002827
22.442976 0.002178
22.447976 0.001528
22.452977 0.001203
22.457978 0.000554
22.462978 -0.000096
22.467979 -0.000420
22.472980 -0.000420
22.477980 -0.000745
22.482981 -0.001070
22.487982 -0.001395
22.492982 -0.001070
22.497983 -0.001070
22.502984 -0.001395
22.507984 -0.001070
22.512985 -0.000745
22.517986 -0.000745
22.522986 -0.000745
22.527987 -0.000745
22.532988 -0.000745
22.537988 -0.000745
22.542989 -0.001070
22.547990 -0.001070
22.552990 -0.000745
22.557991 -0.000745
22.562992 -0.000420
22.567992 -0.000096
22.572993 0.000229
22.577994 0.000229
22.582994 0.000229
22.587995 0.000229
22.592996 0.000229
22.597996 0.000229
22.602997 -0.000096
22.607998 -0.000096
22.612998 -0.000096
22.617999 -0.000420
22.623000 -0.000745
22.628000 -0.000745
22.633001 -0.000420
22.638002 -0.000096
22.643002 0.000229
22.648003 0.000554
22.653004 0.001528
22.658004 0.001528
22.663005 0.001853
22.668006 0.001853
22.673006 0.002178
22.678007 0.001853
22.683008 0.001203
22.688008 0.001203
22.693009 0.001203
22.698010 0.001203
22.703010 0.000879
22.708011 0.000879
22.713012 0.001203
22.718012 0.000879
22.723013 0.000554
22.728014 0.000554
22.733014 0.000229
22.738015 -0.000096
22.743016 -0.000745
22.748016 -0.001070
22.753017 -0.001395
22.758018 -0.002044
22.763018 -0.002694
22.768019 -0.003019
22.773019 -0.003343
22.778020 -0.003668
22.783021 -0.003993
22.788021 -0.003993
22.793022 -0.003668
22.798023 -0.003668
22.803023 -0.003668
22.808024 -0.003343
22.813025 -0.002694
22.818025 -0.002369
22.823026 -0.002369
22.828027 -0.002044
22.833027 -0.001395
22.838028 -0.001395
22.843029 -0.001070
22.848029 -0.001070
22.853030 -0.000421
22.858031 -0.000421
22.863031 -0.000421
22.868032 -0.000096
22.873033 0.000229
22.878033 0.000554
22.883034 0.000879
22.888035 0.001203
22.893035 0.001528
22.898036 0.001528
22.903037 0.000879
22.908037 0.000879
22.913038 0.000879
22.918039 0.000554
22.923039 0.000229
22.928040 0.000229
22.933041 0.000879
22.938041 0.001203
22.943042 0.001528
22.948043 0.002178
22.953043 0.002827
22.958044 0.003152
22.963045 0.003152
22.968045 0.003152
22.973046 0.003152
22.978047 0.002502
22.983047 0.001853
22.988048 0.001853
22.993049 0.001528
22.998049 0.001203
23.003050 0.001203
23.008051 0.001203
23.013051 0.001528
23.018052 0.001853
23.023053 0.001853
23.028053 0.001853
23.033054 0.001853
23.038055 0.001528
23.043055 0.001203
23.048056 0.001203
23.053057 0.001203
23.058057 0.001203
23.063058 0.000879
23.068059 0.000879
23.073059 0.001203
23.078060 0.000879
23.083061 0.000554
23.088061 0.000554
23.093062 0.000554
23.098063 0.000229
23.103063 -0.000421
23.108064 -0.000096
23.113065 -0.000096
23.118065 -0.000096
23.123066 -0.000421
23.128067 -0.000421
23.133067 -0.000421
23.138068 -0.000745
23.143069 -0.001070
23.148069 -0.001070
23.153070 -0.001070
23.158071 -0.001395
23.163071 -0.001395
23.168072 -0.001070
23.173073 -0.000745
23.178073 -0.000745
23.183074 -0.001070
23.188075 -0.001070
23.193075 -0.001070
23.198076 -0.001395
23.203077 -0.001720
23.208077 -0.001720
23.213078 -0.001720
23.218079 -0.001395
23.223079 -0.001395
23.228080 -0.000745
23.233080 -0.000096
23.238081 0.000229
23.243082 0.000554
23.248082 0.000554
23.253083 0.001203
23.258084 0.001203
23.263084 0.000878
23.268085 0.001203
23.273086 0.001203
23.278086 0.001203
23.283087 0.000878
23.288088 0.001203
23.293088 0.001528
23.298089 0.001203
23.303090 0.000554
23.308090 0.000229
23.313091 0.000229
23.318092 -0.000421
23.323092 -0.001070
23.328093 -0.001395
23.333094 -0.001720
23.338094 -0.002369
23.343095 -0.003019
23.348096 -0.003019
23.353096 -0.003019
23.358097 -0.002694
23.363098 -0.002694
23.368098 -0.002045
23.373099 -0.001720
23.378100 -0.001720
23.383100 -0.001720
23.388101 -0.001720
23.393102 -0.001720
23.398102 -0.001720
23.403103 -0.002045
23.408104 -0.002369
23.413104 -0.002045
23.418105 -0.002369
23.423106 -0.002369
23.428106 -0.001720
23.433107 -0.001070
23.438108 -0.000745
23.443108 -0.000096
23.448109 0.000554
23.453110 0.001203
23.458110 0.001528
23.463111 0.001528
23.468112 0.001853
23.473112 0.002178
23.478113 0.002178
23.483114 0.002178
23.488114 0.002502
23.493115 0.002502
23.498116 0.002502
23.503116 0.002177
23.508117 0.002502
23.513118 0.002502
23.518118 0.002177
23.523119 0.001853
23.528120 0.001528
23.533120 0.001528
23.538121 0.001203
23.543122 0.000878
23.548122 0.000878
23.553123 0.001203
23.558124 0.001203
23.563124 0.001528
23.568125 0.002177
23.573126 0.002827
23.578126 0.003152
23.583127 0.003152
23.588128 0.003477
23.593128 0.003801
23.598129 0.003477
23.603130 0.002827
23.608130 0.002827
23.613131 0.002827
23.618132 0.002502
23.623132 0.002177
23.628133 0.002177
23.633134 0.002177
23.638134 0.001853
23.643135 0.001203
23.648136 0.000554
23.653136 0.000229
23.658137 -0.000745
23.663138 -0.001395
23.668138 -0.002045
23.673139 -0.002369
23.678140 -0.002694
23.683140 -0.003019
23.688141 -0.003344
23.693141 -0.003019
23.698142 -0.003344
23.703143 -0.003344
23.708143 -0.003344
23.713144 -0.003344
23.718145 -0.003344
23.723145 -0.003668
23.728146 -0.003668
23.733147 -0.003344
23.738147 -0.003668
23.743148 -0.003668
23.748149 -0.003344
23.753149 -0.003019
23.758150 -0.003019
23.763151 -0.003019
23.768151 -0.002694
23.773152 -0.002045
23.778153 -0.002045
23.783153 -0.001720
23.788154 -0.001395
23.793155 -0.001070
23.798155 -0.000746
23.803156 -0.000746
23.808157 -0.000421
23.813157 -0.000096
23.818158 0.000229
23.823159 0.000229
23.828159 0.000554
23.833160 0.000878
23.838161 0.001203
23.843161 0.000878
23.848162 0.001203
23.853163 0.001528
23.858163 0.001203
23.863164 0.000878
23.868165 0.000554
23.873165 0.000554
23.878166 -0.000096
23.883167 -0.000421
23.888167 -0.000421
23.893168 -0.000096
23.898169 0.000229
23.903169 0.000229
23.908170 0.000554
23.913171 0.001203
23.918171 0.001203
23.923172 0.001203
23.928173 0.001203
23.933173 0.001203
23.938174 0.001203
23.943175 0.000878
23.948175 0.000554
23.953176 0.000878
23.958177 0.000878
23.963177 0.000554
23.968178 0.000878
23.973179 0.001203
23.978179 0.001203
23.983180 0.001203
23.988181 0.001853
23.993181 0.002177
23.998182 0.002177
24.003183 0.001853
24.008183 0.001853
24.013184 0.001853
24.018185 0.001528
24.023185 0.000878
24.028186 0.000554
24.033187 0.000554
24.038187 0.000229
24.043188 -0.000096
24.048189 -0.000096
24.053189 0.000229
24.058190 0.000229
24.063191 0.000229
24.068191 0.000229
24.073192 0.000553
24.078193 0.000878
24.083193 0.000553
24.088194 0.000878
24.093195 0.001203
24.098195 0.000878
24.103196 0.000553
24.108197 0.000553
24.113197 0.000229
24.118198 -0.000421
24.123199 -0.001070
24.128199 -0.001395
24.133200 -0.001395
24.138201 -0.001720
24.143201 -0.001720
24.148202 -0.001720
24.153202 -0.001395
24.158203 -0.001070
24.163204 -0.001395
24.168204 -0.001070
24.173205 -0.000746
24.178206 -0.001070
24.183206 -0.001720
24.188207 -0.001720
24.193208 -0.001720
24.198208 -0.001720
24.203209 -0.002045
24.208210 -0.001720
24.213210 -0.001395
24.218211 -0.001395
24.223212 -0.001395
24.228212 -0.001070
24.233213 -0.000746
24.238214 -0.000421
24.243214 -0.000421
24.248215 -0.000096
24.253216 0.000553
24.258216 0.000553
24.263217 0.000878
24.268218 0.001203
24.273218 0.001203
24.278219 0.001203
24.283220 0.000553
24.288220 0.000229
24.293221 0.000229
24.298222 -0.000096
24.303222 -0.000421
24.308223 -0.000421
24.313224 -0.000096
24.318224 -0.000096
24.323225 -0.000096
24.328226 0.000229
24.333226 0.000553
24.338227 0.000553
24.343228 0.000553
24.348228 0.000878
24.353229 0.001203
24.358230 0.001528
24.363230 0.001203
24.368231 0.001528
24.373232 0.001853
24.378232 0.001853
24.383233 0.001853
24.388234 0.001853
24.393234 0.002177
24.398235 0.002502
24.403236 0.002177
24.408236 0.002502
24.413237 0.002502
24.418238 0.002502
24.423238 0.001853
24.428239 0.001528
24.433240 0.000878
24.438240 0.000229
24.443241 -0.000421
24.448242 -0.000746
24.453242 -0.001070
24.458243 -0.001395
24.463244 -0.001395
24.468244 -0.001395
24.473245 -0.001070
24.478246 -0.001395
24.483246 -0.001720
24.488247 -0.002045
24.493248 -0.002045
24.498248 -0.002370
24.503249 -0.003019
24.508250 -0.003019
24.513250 -0.002694
24.518251 -0.002694
24.523252 -0.002694
24.528252 -0.002370
24.533253 -0.001720
24.538254 -0.001720
24.543254 -0.001720
24.548255 -0.001395
24.553256 -0.001070
24.558256 -0.001070
24.563257 -0.001070
24.568258 -0.000746
24.573258 -0.000421
24.578259 -0.000421
24.583260 -0.000746
24.588260 -0.000746
24.593261 -0.000421
24.598262 -0.000746
24.603262 -0.000746
24.608263 -0.000421
24.613263 -0.000421
24.618264 -0.000096
24.623265 -0.000096
24.628265 0.000229
24.633266 0.000878
24.638267 0.000878
24.643267 0.000878
24.648268 0.000878
24.653269 0.001203
24.658269 0.001528
24.663270 0.001203
24.668271 0.001528
24.673271 0.002177
24.678272 0.002177
24.683273 0.002177
24.688273 0.002502
24.693274 0.002827
24.698275 0.002827
24.703275 0.002502
24.708276 0.002502
24.713277 0.002502
24.718277 0.002177
24.723278 0.001528
24.728279 0.001528
24.733279 0.001528
24.738280 0.001528
24.743281 0.001203
24.748281 0.001528
24.753282 0.001528
24.758283 0.001203
24.763283 0.000878
24.768284 0.000878
24.773285 0.000878
24.778285 0.000553
24.783286 -0.000096
24.788287 -0.000096
24.793287 0.000229
24.798288 0.000553
24.803289 0.000229
24.808289 0.000553
24.813290 0.000878
24.818291 0.000553
24.823291 -0.000096
24.828292 -0.000096
24.833293 -0.000096
24.838293 -0.000746
24.843294 -0.001071
24.848295 -0.001395
24.853295 -0.001071
24.858296 -0.001395
24.863297 -0.001720
24.868297 -0.001720
24.873298 -0.001395
24.878299 -0.001395
24.883299 -0.001395
24.888300 -0.001395
24.893301 -0.001071
24.898301 -0.001071
24.903302 -0.001395
24.908303 -0.001395
24.913303 -0.001071
24.918304 -0.001395
24.923305 -0.001395
24.928305 -0.001395
24.933306 -0.001071
24.938307 -0.001071
24.943307 -0.001395
24.948308 -0.001071
24.953309 -0.000746
24.958309 -0.000746
24.963310 -0.001071
24.968311 -0.001395
24.973311 -0.001395
24.978312 -0.001720
24.983313 -0.002045
24.988313 -0.002045
24.993314 -0.001720
24.998315 -0.001720
25.003315 -0.001395
25.008316 -0.000746
25.013317 -0.000096
25.018317 0.000553
25.023318 0.000878
25.028319 0.001528
25.033319 0.001852
25.038320 0.001852
25.043321 0.001528
25.048321 0.001528
25.053322 0.001203
25.058323 0.001203
25.063323 0.000878
25.068324 0.000878
25.073324 0.001203
25.078325 0.001203
25.083326 0.001203
25.088326 0.001528
25.093327 0.001528
25.098328 0.001203
25.103328 0.000878
25.108329 0.000553
25.113330 0.000553
25.118330 0.000228
25.123331 -0.000096
25.128332 -0.000096
25.133332 -0.000096
25.138333 -0.000421
25.143334 -0.000746
25.148334 -0.001071
25.153335 -0.000746
25.158336 -0.001071
25.163336 -0.001395
25.168337 -0.001071
25.173338 -0.000746
25.178338 -0.000746
25.183339 -0.000421
25.188340 -0.000096
25.193340 0.000228
25.198341 0.000553
25.203342 0.000553
25.208342 0.000878
25.213343 0.001528
25.218344 0.001203
25.223344 0.001203
25.228345 0.001203
25.233346 0.001528
25.238346 0.001203
25.243347 0.000878
25.248348 0.000878
25.253348 0.001203
25.258349 0.001203
25.263350 0.000878
25.268350 0.000878
25.273351 0.000878
25.278352 0.000878
25.283352 0.000228
25.288353 0.000228
25.293354 0.000228
25.298354 -0.000096
25.303355 -0.000421
25.308356 -0.000096
25.313356 0.000228
25.318357 -0.000096
25.323358 -0.000421
25.328358 -0.000421
25.333359 -0.000421
25.338360 -0.001071
25.343360 -0.001395
25.348361 -0.001395
25.353362 -0.001395
25.358362 -0.001395
25.363363 -0.001395
25.368364 -0.001071
25.373364 -0.000746
25.378365 -0.000421
25.383366 -0.000421
25.388366 -0.000746
25.393367 -0.000746
25.398368 -0.001071
25.403368 -0.001071
25.408369 -0.000746
25.413370 -0.000421
25.418370 -0.000746
25.423371 -0.001071
25.428372 -0.001071
25.433372 -0.000746
25.438373 -0.000421
25.443374 0.000228
25.448374 0.000878
25.453375 0.000878
25.458376 0.000553
25.463376 -0.000096
25.468377 -0.000096
25.473378 0.000878
25.478378 0.001203
25.483379 0.001203
25.488380 0.001203
25.493380 0.001203
25.498381 0.000878
25.503382 0.000553
25.508382 0.000878
25.513383 0.001527
25.518384 0.001527
25.523384 0.001527
25.528385 0.001852
25.533385 0.001852
25.538386 0.001527
25.543387 0.000878
25.548387 0.000553
25.553388 0.000228
25.558389 -0.000096
25.563389 -0.000421
25.568390 -0.000421
25.573391 -0.000421
25.578391 -0.000746
25.583392 -0.001071
25.588393 -0.000746
25.593393 -0.000096
25.598394 -0.000096
25.603395 -0.000421
25.608395 -0.000421
25.613396 -0.000421
25.618397 -0.000421
25.623397 -0.000746
25.628398 -0.000746
25.633399 -0.000746
25.638399 -0.000746
25.643400 -0.000746
25.648401 -0.000421
25.653401 0.000228
25.658402 0.000228
25.663403 -0.000746
25.668403 -0.001071
25.673404 -0.000746
25.678405 -0.000421
25.683405 -0.000421
25.688406 0.000228
25.693407 0.000553
25.698407 0.000553
25.703408 0.000553
25.708409 0.001203
25.713409 0.001852
25.718410 0.001852
25.723411 0.001852
25.728411 0.001852
25.733412 0.001852
25.738413 0.001203
25.743413 0.000878
25.748414 0.000878
25.753415 0.001203
25.758415 0.000878
25.763416 0.000553
25.768417 0.000553
25.773417 0.000878
25.778418 0.000878
25.783419 0.000878
25.788419 0.001203
25.793420 0.001527
25.798421 0.001203
25.803421 0.000878
25.808422 0.000878
25.813423 0.000878
25.818423 0.000553
25.823424 0.000228
25.828425 -0.000096
25.833425 -0.000096
25.838426 -0.000746
25.843427 -0.001396
25.848427 -0.001396
25.853428 -0.001396
25.858429 -0.001720
25.863429 -0.002045
25.868430 -0.002370
25.873431 -0.002370
25.878431 -0.002695
25.883432 -0.002695
25.888433 -0.002370
25.893433 -0.002045
25.898434 -0.001396
25.903435 -0.001396
25.908435 -0.000746
25.913436 -0.000096
25.918437 -0.000096
25.923437 0.000228
25.928438 0.000228
25.933439 0.000553
25.938439 0.000553
25.943440 -0.000096
25.948441 -0.000096
25.953441 -0.000421
25.958442 -0.000746
25.963443 -0.001071
25.968443 -0.000746
25.973444 -0.000421
25.978445 -0.000421
25.983445 -0.000421
25.988446 -0.000097
25.993446 -0.000097
25.998447 -0.000097
26.003448 -0.000421
26.008448 -0.000421
26.013449 -0.000097
26.018450 -0.000421
26.023450 -0.000746
26.028451 -0.001071
26.033452 -0.001071
26.038452 -0.001071
26.043453 -0.001396
26.048454 -0.001071
26.053454 -0.000746
26.058455 -0.000746
26.063456 -0.000746
26.068456 -0.000421
26.073457 -0.000421
26.078458 -0.000421
26.083458 -0.000421
26.088459 -0.000421
26.093460 -0.000097
26.098460 -0.000097
26.103461 -0.000421
26.108462 -0.000097
26.113462 0.000228
26.118463 0.000228
26.123464 0.000228
26.128464 0.000553
26.133465 0.001203
26.138466 0.001203
26.143466 0.001527
26.148467 0.001527
26.153468 0.002177
26.158468 0.002177
26.163469 0.001852
26.168470 0.001852
26.173470 0.002177
26.178471 0.002177
26.183472 0.002177
26.188472 0.002177
26.193473 0.002502
26.198474 0.002502
26.203474 0.002177
26.208475 0.002502
26.213476 0.002502
26.218476 0.002177
26.223477 0.001852
26.228478 0.001852
26.233478 0.001852
26.238479 0.001527
26.243480 0.000878
26.248480 0.000878
26.253481 0.000878
26.258482 0.000228
26.263482 -0.000097
26.268483 -0.000421
26.273484 -0.000421
26.278484 -0.000746
26.283485 -0.000746
26.288486 -0.000746
26.293486 -0.000421
26.298487 -0.000421
26.303488 -0.000421
26.308488 -0.000097
26.313489 0.000228
26.318490 0.000228
26.323490 -0.000097
26.328491 -0.000097
26.333492 0.000228
26.338492 -0.000097
26.343493 -0.000421
26.348494 -0.000421
26.353494 -0.000421
26.358495 -0.000421
26.363496 -0.000746
26.368496 -0.000746
26.373497 -0.000746
26.378498 -0.001071
26.383498 -0.001396
26.388499 -0.001396
26.393500 -0.001396
26.398500 -0.001720
26.403501 -0.002045
26.408502 -0.002045
26.413502 -0.002045
26.418503 -0.002045
26.423504 -0.002045
26.428504 -0.001396
26.433505 -0.001071
26.438506 -0.001071
26.443506 -0.000746
26.448507 -0.000746
26.453507 -0.000421
26.458508 -0.000421
26.463509 -0.000421
26.468509 -0.000421
26.473510 -0.000097
26.478511 -0.000097
26.483511 -0.000421
26.488512 -0.000097
26.493513 0.000228
26.498513 0.000228
26.503514 0.000228
26.508515 0.000553
26.513515 0.000553
26.518516 0.000553
26.523517 0.000228
26.528517 0.000228
26.533518 0.000553
26.538519 0.000228
26.543519 -0.000097
26.548520 -0.000097
26.553521 -0.000097
26.558521 -0.000097
26.563522 -0.000421
26.568523 -0.000421
26.573523 -0.000421
26.578524 -0.000746
26.583525 -0.001071
26.588525 -0.001071
26.593526 -0.000746
26.598527 -0.001071
26.603527 -0.001071
26.608528 -0.000746
26.613529 -0.000421
26.618529 -0.000421
26.623530 -0.000421
26.628531 -0.000097
26.633531 0.000228
26.638532 0.000228
26.643533 0.000228
26.648533 0.000228
26.653534 0.000553
26.658535 0.000878
26.663535 0.000553
26.668536 0.000878
26.673537 0.001202
26.678537 0.000878
26.683538 0.000878
26.688539 0.000878
26.693539 0.001202
26.698540 0.000878
26.703541 0.000878
26.708541 0.001202
26.713542 0.001527
26.718543 0.001527
26.723543 0.001202
26.728544 0.001527
26.733545 0.001527
26.738545 0.001527
26.743546 0.001202
26.748547 0.001527
26.753547 0.001852
26.758548 0.001527
26.763549 0.001202
26.768549 0.001202
26.773550 0.001527
26.778551 0.001202
26.783551 0.000553
26.788552 0.000553
26.793553 0.000553
26.798553 0.000228
26.803554 -0.000097
26.808555 -0.000097
26.813555 -0.000097
26.818556 -0.000421
26.823557 -0.000421
26.828557 -0.000421
26.833558 -0.000421
26.838559 -0.000421
26.843559 -0.000746
26.848560 -0.000746
26.853561 -0.000421
26.858561 -0.000421
26.863562 -0.000421
26.868563 -0.000097
26.873563 0.000228
26.878564 0.000553
26.883565 0.000228
26.888565 0.000228
26.893566 0.000228
26.898567 -0.000097
26.903567 -0.000422
26.908568 -0.000422
26.913568 -0.000422
26.918569 -0.000422
26.923570 -0.000746
26.928570 -0.000422
26.933571 -0.000097
26.938572 -0.000097
26.943572 -0.000097
26.948573 -0.000097
26.953574 -0.000097
26.958574 -0.000422
26.963575 -0.000746
26.968576 -0.000746
26.973576 -0.000746
26.978577 -0.000746
26.983578 -0.000746
26.988578 -0.000422
26.993579 0.000228
26.998580 0.000228
27.003580 -0.000097
27.008581 -0.000422
27.013582 -0.000422
27.018582 -0.000746
27.023583 -0.001396
27.028584 -0.001396
27.033584 -0.001396
27.038585 -0.001721
27.043586 -0.001721
27.048586 -0.001396
27.053587 -0.001071
27.058588 -0.001071
27.063588 -0.001071
27.068589 -0.001071
27.073590 -0.000746
27.078590 -0.001071
27.083591 -0.001396
27.088592 -0.001071
27.093592 -0.001071
27.098593 -0.001071
27.103594 -0.001071
27.108594 -0.000746
27.113595 -0.000422
27.118596 -0.000422
27.123596 -0.000422
27.128597 -0.000422
27.133598 -0.000097
27.138598 -0.000097
27.143599 -0.000422
27.148600 0.000228
27.153600 0.000553
27.158601 0.000553
27.163602 0.000553
27.168602 0.000878
27.173603 0.001202
27.178604 0.001202
27.183604 0.000878
27.188605 0.000878
27.193606 0.000878
27.198606 0.000878
27.203607 0.000553
27.208608 0.000553
27.213608 0.000878
27.218609 0.000878
27.223610 0.000878
27.228610 0.000878
27.233611 0.001202
27.238612 0.000878
27.243612 0.000553
27.248613 0.000878
27.253614 0.000878
27.258614 0.000878
27.263615 0.000553
27.268616 0.000878
27.273616 0.000878
27.278617 0.000877
27.283618 0.000877
27.288618 0.000877
27.293619 0.001202
27.298620 0.001202
27.303620 0.000877
27.308621 0.001202
27.313622 0.001202
27.318622 0.001202
27.323623 0.000553
27.328624 0.000553
27.333624 0.000553
27.338625 0.000553
27.343626 0.000228
27.348626 0.000228
27.353627 0.000228
27.358628 0.000228
27.363628 -0.000097
27.368629 -0.000097
27.373629 -0.000097
27.378630 -0.000422
27.383631 -0.000746
27.388631 -0.001071
27.393632 -0.000746
27.398633 -0.000746
27.403633 -0.001071
27.408634 -0.000746
27.413635 -0.000746
27.418635 -0.000746
27.423636 -0.000746
27.428637 -0.000746
27.433637 -0.000422
27.438638 -0.000422
27.443639 -0.000422
27.448639 -0.000097
27.453640 0.000228
27.458641 0.000228
27.463641 0.000228
27.468642 0.000553
27.473643 0.000877
27.478643 0.000553
27.483644 0.000553
27.488645 0.000553
27.493645 0.000553
27.498646 -0.000097
27.503647 -0.000422
27.508647 -0.000422
27.513648 -0.000422
27.518649 -0.000746
27.523649 -0.001071
27.528650 -0.000746
27.533651 -0.000422
27.538651 -0.000422
27.543652 -0.000746
27.548653 -0.000422
27.553653 -0.000097
27.558654 -0.000097
27.563655 -0.000097
27.568655 -0.000097
27.573656 0.000228
27.578657 -0.000097
27.583657 -0.000097
27.588658 -0.000097
27.593659 0.000228
27.598659 -0.000097
27.603660 -0.000422
27.608661 -0.000097
27.613661 -0.000097
27.618662 -0.000422
27.623663 -0.000746
27.628663 -0.000746
27.633664 -0.000746
27.638665 -0.001071
27.643665 -0.001396
27.648666 -0.001396
27.653667 -0.001071
27.658667 -0.001396
27.663668 -0.001721
27.668669 -0.001396
27.673669 -0.001396
27.678670 -0.001396
27.683671 -0.001721
27.688671 -0.001396
27.693672 -0.001396
27.698673 -0.001396
27.703673 -0.001396
27.708674 -0.001071
27.713675 -0.000746
27.718675 -0.000746
27.723676 -0.000746
27.728677 -0.000422
27.733677 0.000228
27.738678 0.000228
27.743679 0.000553
27.748679 0.000877
27.753680 0.001527
27.758681 0.001527
27.763681 0.001527
27.768682 0.001852
27.773683 0.002176
27.778683 0.002501
27.783684 0.002501
27.788685 0.002501
27.793685 0.002501
27.798686 0.002176
27.803687 0.001852
27.808687 0.001852
27.813688 0.001852
27.818689 0.001527
27.823689 0.001202
27.828690 0.001202
27.833690 0.001527
27.838691 0.001202
27.843692 0.001202
27.848692 0.001202
27.853693 0.001202
27.858694 0.001202
27.863694 0.000877
27.868695 0.001202
27.873696 0.001202
27.878696 0.001202
27.883697 0.000877
27.888698 0.000877
27.893698 0.000877
27.898699 0.000228
27.903700 -0.000097
27.908700 -0.000097
27.913701 -0.000422
27.918702 -0.000747
27.923702 -0.001071
27.928703 -0.001071
27.933704 -0.001071
27.938704 -0.001071
27.943705 -0.001396
27.948706 -0.001396
27.953706 -0.001396
27.958707 -0.001721
27.963708 -0.002046
27.968708 -0.002046
27.973709 -0.001721
27.978710 -0.002046
27.983710 -0.002046
27.988711 -0.001721
27.993712 -0.001071
27.998712 -0.001071
28.003713 -0.001071
28.008714 -0.001071
28.013714 -0.000747
28.018715 -0.000747
28.023716 -0.001396
28.028716 -0.001396
28.033717 -0.001396
28.038718 -0.001721
28.043718 -0.001721
28.048719 -0.001721
28.053720 -0.001721
28.058720 -0.001721
28.063721 -0.002046
28.068722 -0.001721
28.073722 -0.001396
28.078723 -0.001396
28.083724 -0.001396
28.088724 -0.001071
28.093725 -0.000747
28.098726 -0.000422
28.103726 -0.000422
28.108727 -0.000097
28.113728 0.000228
28.118728 0.000553
28.123729 0.000553
28.128730 0.001202
28.133730 0.001852
28.138731 0.001852
28.143732 0.002176
28.148732 0.002501
28.153733 0.002501
28.158734 0.002501
28.163734 0.002176
28.168735 0.002176
28.173736 0.002176
28.178736 0.001852
28.183737 0.001202
28.188738 0.001202
28.193738 0.001202
28.198739 0.001202
28.203740 0.000877
28.208740 0.000877
28.213741 0.000877
28.218742 0.000877
28.223742 0.000552
28.228743 0.000552
28.233744 0.000877
28.238744 0.000552
28.243745 0.000552
28.248746 0.000552
28.253746 0.000877
28.258747 0.000877
28.263748 0.000552
28.268748 0.000552
28.273749 0.000552
28.278750 0.000228
28.283750 -0.000097
28.288751 0.000228
28.293751 0.000228
28.298752 0.000228
28.303753 -0.000097
28.308753 0.000228
28.313754 0.000228
28.318755 0.000228
28.323755 -0.000097
28.328756 -0.000097
28.333757 -0.000097
28.338757 -0.000097
28.343758 -0.000422
28.348759 -0.000422
28.353759 -0.000097
28.358760 -0.000097
28.363761 -0.000097
28.368761 0.000228
28.373762 0.000552
28.378763 0.000552
28.383763 0.000552
28.388764 0.000552
28.393765 0.000877
28.398765 0.000552
28.403766 0.000228
28.408767 0.000228
28.413767 0.000228
28.418768 -0.000097
28.423769 -0.000422
28.428769 -0.000422
28.433770 -0.000422
28.438771 -0.000422
28.443771 -0.000747
28.448772 -0.000747
28.453773 -0.000422
28.458773 -0.000422
28.463774 -0.000747
28.468775 -0.000747
28.473775 -0.000422
28.478776 -0.000747
28.483777 -0.000747
28.488777 -0.000747
28.493778 -0.000422
28.498779 -0.000747
28.503779 -0.000747
28.508780 -0.000422
28.513781 -0.000422
28.518781 -0.000422
28.523782 -0.000422
28.528783 -0.000422
28.533783 -0.000097
28.538784 -0.000422
28.543785 -0.000747
28.548785 -0.000422
28.553786 -0.000097
28.558787 -0.000097
28.563787 -0.000422
28.568788 -0.000097
28.573789 0.000552
28.578789 0.000552
28.583790 0.000552
28.588791 0.000552
28.593791 0.000552
28.598792 0.000552
28.603793 0.000228
28.608793 0.000228
28.613794 0.000228
28.618795 0.000228
28.623795 -0.000097
28.628796 -0.000097
28.633797 0.000228
28.638797 0.000228
28.643798 -0.000097
28.648799 -0.000097
28.653799 0.000228
28.658800 0.000228
28.663801 -0.000097
28.668801 0.000228
28.673802 0.000228
28.678803 0.000228
28.683803 -0.000097
28.688804 -0.000097
28.693805 -0.000097
28.698805 -0.000422
28.703806 -0.000747
28.708807 -0.000747
28.713807 -0.000747
28.718808 -0.000747
28.723809 -0.001071
28.728809 -0.001071
28.733810 -0.000747
28.738811 -0.000747
28.743811 -0.000747
28.748812 -0.000747
28.753812 -0.000422
28.758813 -0.000422
28.763814 -0.000422
28.768814 -0.000422
28.773815 -0.000097
28.778816 -0.000097
28.783816 -0.000422
28.788817 -0.000097
28.793818 -0.000097
28.798818 -0.000097
28.803819 -0.000422
28.808820 -0.000422
28.813820 -0.000097
28.818821 -0.000422
28.823822 -0.000747
28.828822 -0.000747
28.833823 -0.000422
28.838824 -0.000422
28.843824 -0.000747
28.848825 -0.000422
28.853826 -0.000422
28.858826 -0.000422
28.863827 -0.000422
28.868828 -0.000097
28.873828 0.000228
28.878829 0.000228
28.883830 0.000228
28.888830 0.000552
28.893831 0.001202
28.898832 0.001527
28.903832 0.001851
28.908833 0.002176
28.913834 0.002501
28.918834 0.002826
28.923835 0.002501
28.928836 0.002826
28.933836 0.002826
28.938837 0.002826
28.943838 0.002501
28.948838 0.002501
28.953839 0.002501
28.958840 0.002176
28.963840 0.001527
28.968841 0.001527
28.973842 0.001527
28.978842 0.001202
28.983843 0.000552
28.988844 0.000552
28.993844 0.000552
28.998845 0.000228
29.003846 -0.000097
29.008846 -0.000097
29.013847 -0.000097
29.018848 -0.000097
29.023848 -0.000747
29.028849 -0.000747
29.033850 -0.000747
29.038850 -0.000747
29.043851 -0.001072
29.048852 -0.001072
29.053852 -0.001072
29.058853 -0.000747
29.063854 -0.001072
29.068854 -0.000747
29.073855 -0.000422
29.078856 -0.000422
29.083856 -0.000747
29.088857 -0.000747
29.093858 -0.000747
29.098858 -0.001072
29.103859 -0.001396
29.108860 -0.001396
29.113860 -0.001396
29.118861 -0.001396
29.123862 -0.001396
29.128862 -0.001072
29.133863 -0.000747
29.138864 -0.000747
29.143864 -0.000747
29.148865 -0.000422
29.153866 -0.000422
29.158866 -0.000422
29.163867 -0.000422
29.168868 -0.000422
29.173868 -0.000097
29.178869 -0.000097
29.183870 -0.000097
29.188870 0.000227
29.193871 0.000552
29.198872 0.000552
29.203872 0.000227
29.208873 0.000552
29.213873 0.000877
29.218874 0.000877
29.223875 0.000552
29.228875 0.000877
29.233876 0.000877
29.238877 0.000552
29.243877 0.000552
29.248878 0.000552
29.253879 0.000552
29.258879 0.000227
29.263880 -0.000097
29.268881 -0.000097
29.273881 -0.000097
29.278882 -0.000097
29.283883 -0.000422
29.288883 -0.000097
29.293884 0.000227
29.298885 0.000552
29.303885 0.000552
29.308886 0.000552
29.313887 0.000877
29.318887 0.000877
29.323888 0.000227
29.328889 0.000227
29.333889 0.000227
29.338890 -0.000097
29.343891 -0.000422
29.348891 -0.000422
29.353892 -0.000422
29.358893 -0.000747
29.363893 -0.001072
29.368894 -0.001072
29.373895 -0.001072
29.378895 -0.001072
29.383896 -0.001396
29.388897 -0.001072
29.393897 -0.000747
29.398898 -0.000747
29.403899 -0.000747
29.408899 -0.000422
29.413900 -0.000097
29.418901 -0.000097
29.423901 -0.000097
29.428902 -0.000097
29.433903 0.000227
29.438903 0.000227
29.443904 -0.000097
29.448905 0.000227
29.453905 0.000227
29.458906 0.000227
29.463907 -0.000097
29.468907 -0.000097
29.473908 -0.000097
29.478909 -0.000422
29.483909 -0.000747
29.488910 -0.000747
29.493911 -0.000422
29.498911 -0.000747
29.503912 -0.000747
29.508913 -0.000747
29.513913 -0.000422
29.518914 -0.000422
29.523915 -0.000747
29.528915 -0.000422
29.533916 -0.000097
29.538917 -0.000422
29.543917 -0.000422
29.548918 -0.000422
29.553919 -0.000097
29.558919 -0.000097
29.563920 -0.000097
29.568921 -0.000097
29.573921 0.000227
29.578922 -0.000097
29.583923 -0.000097
29.588923 -0.000097
29.593924 0.000227
29.598925 0.000227
29.603925 -0.000097
29.608926 0.000227
29.613927 0.000552
29.618927 0.000227
29.623928 0.000227
29.628929 0.000227
29.633929 0.000227
29.638930 0.000227
29.643931 -0.000097
29.648931 -0.000097
29.653932 -0.000097
29.658933 -0.000097
29.663933 -0.000422
29.668934 -0.000422
29.673934 -0.000097
29.678935 -0.000422
29.683936 -0.000747
29.688936 -0.000422
29.693937 -0.000422
29.698938 -0.000422
29.703938 -0.000422
29.708939 -0.000097
29.713940 0.000227
29.718940 0.000227
29.723941 0.000227
29.728942 0.000227
29.733942 0.000552
29.738943 0.000552
29.743944 0.000227
29.748944 0.000552
29.753945 0.000877
29.758946 0.000877
29.763946 0.000877
29.768947 0.000877
29.773948 0.001202
29.778948 0.001202
29.783949 0.000877
29.788950 0.000877
29.793950 0.000877
29.798951 0.000552
29.803952 0.000227
29.808952 0.000227
29.813953 0.000552
29.818954 0.000227
29.823954 0.000227
29.828955 0.000227
29.833956 0.000552
29.838956 0.000552
29.843957 0.000552
29.848958 0.000552
29.853958 0.000552
29.858959 0.000552
29.863960 0.000227
29.868960 0.000227
29.873961 0.000552
29.878962 0.000552
29.883962 0.000227
29.888963 0.000227
29.893964 0.000227
29.898964 -0.000097
29.903965 -0.000422
29.908966 -0.000422
29.913966 -0.000422
29.918967 -0.000747
29.923968 -0.000747
29.928968 -0.000747
29.933969 -0.000747
29.938970 -0.000747
29.943970 -0.001072
29.948971 -0.000747
29.953972 -0.000747
29.958972 -0.000747
29.963973 -0.001072
29.968974 -0.001072
29.973974 -0.000747
29.978975 -0.000747
29.983976 -0.001072
29.988976 -0.000747
29.993977 -0.000422
29.998978 -0.000747
30.003978 -0.000747
30.008979 -0.000747
30.013980 -0.000422
30.018980 -0.000422
30.023981 -0.000747
30.028982 -0.000422
30.033982 -0.000097
30.038983 -0.000097
30.043984 -0.000097
30.048984 0.000227
30.053985 0.000552
30.058986 0.000552
30.063986 0.000227
30.068987 0.000227
30.073988 0.000552
30.078988 0.000227
30.083989 -0.000097
30.088990 -0.000097
30.093990 0.000227
30.098991 -0.000097
30.103992 -0.000422
30.108992 -0.000097
30.113993 -0.000098
30.118994 -0.000422
30.123994 -0.000747
30.128995 -0.000422
30.133995 -0.000422
30.138996 -0.000747
30.143997 -0.001072
30.148997 -0.000747
30.153998 -0.000747
30.158999 -0.000747
30.163999 -0.001072
30.169000 -0.001072
30.174001 -0.000747
30.179001 -0.000747
30.184002 -0.000747
30.189003 -0.000747
30.194003 -0.000098
30.199004 -0.000098
30.204005 -0.000098
30.209005 0.000227
30.214006 0.000877
30.219007 0.000877
30.224007 0.000877
30.229008 0.000877
30.234009 0.001202
30.239009 0.000877
30.244010 0.000877
30.249011 0.000877
30.254011 0.000877
30.259012 0.000877
30.264013 0.000552
30.269013 0.000552
30.274014 0.000877
30.279015 0.000877
30.284015 0.000552
30.289016 0.000877
30.294017 0.001526
30.299017 0.001526
30.304018 0.001526
30.309019 0.001526
30.314019 0.001851
30.319020 0.001526
30.324021 0.001526
30.329021 0.001202
30.334022 0.001202
30.339023 0.000877
30.344023 0.000552
30.349024 0.000552
30.354025 0.000552
30.359025 0.000552
30.364026 0.000227
30.369027 0.000227
30.374027 0.000227
30.379028 -0.000098
30.384029 -0.000422
30.389029 -0.000422
30.394030 -0.000422
30.399031 -0.000422
30.404031 -0.000747
30.409032 -0.000422
30.414033 -0.000422
30.419033 -0.000422
30.424034 -0.000422
30.429035 -0.000098
30.434035 -0.000098
30.439036 -0.000098
30.444037 -0.000422
30.449037 -0.000422
30.454038 -0.000098
30.459039 -0.000422
30.464039 -0.000422
30.469040 -0.000422
30.474041 -0.000098
30.479041 -0.000422
30.484042 -0.000747
30.489043 -0.000747
30.494043 -0.000422
30.499044 -0.000747
30.504045 -0.001072
30.509045 -0.001072
30.514046 -0.001072
30.519047 -0.001397
30.524047 -0.001721
30.529048 -0.001721
30.534049 -0.001397
30.539049 -0.001397
30.544050 -0.001721
30.549051 -0.001397
30.554051 -0.001072
30.559052 -0.001072
30.564053 -0.001397
30.569053 -0.001072
30.574054 -0.001072
30.579055 -0.001072
30.584055 -0.001072
30.589056 -0.000747
30.594056 -0.000422
30.599057 -0.000422
30.604058 -0.000422
30.609058 -0.000098
30.614059 0.000227
30.619060 0.000227
30.624060 0.000552
30.629061 0.000552
30.634062 0.000877
30.639062 0.000877
30.644063 0.000552
30.649064 0.000877
30.654064 0.000877
30.659065 0.000877
30.664066 0.000877
30.669066 0.000877
30.674067 0.001201
30.679068 0.001201
30.684068 0.000877
30.689069 0.001201
30.694070 0.001526
30.699070 0.001201
30.704071 0.001201
30.709072 0.001201
30.714072 0.001201
30.719073 0.001201
30.724074 0.000877
30.729074 0.000877
30.734075 0.000877
30.739076 0.000552
30.744076 0.000227
30.749077 0.000552
30.754078 0.000552
30.759078 0.000552
30.764079 0.000552
30.769080 0.000552
30.774080 0.000877
30.779081 0.000552
30.784082 0.000227
30.789082 0.000227
30.794083 0.000227
30.799084 -0.000098
30.804084 -0.000422
30.809085 -0.000422
30.814086 -0.000098
30.819086 -0.000422
30.824087 -0.000747
30.829088 -0.000422
30.834088 -0.000422
30.839089 -0.000422
30.844090 -0.000422
30.849090 -0.000422
30.854091 -0.000098
30.859092 -0.000098
30.864092 -0.000422
30.869093 -0.000422
30.874094 -0.000098
30.879094 -0.000422
30.884095 -0.000747
30.889096 -0.000422
30.894096 -0.000098
30.899097 -0.000098
30.904098 -0.000422
30.909098 -0.000098
30.914099 0.000227
30.919100 -0.000098
30.924100 -0.000098
30.929101 -0.000098
30.934102 -0.000098
30.939102 -0.000422
30.944103 -0.000747
30.949104 -0.000747
30.954104 -0.000747
30.959105 -0.000747
30.964106 -0.001072
30.969106 -0.001072
30.974107 -0.000747
30.979108 -0.001072
30.984108 -0.001072
30.989109 -0.001072
30.994110 -0.000747
30.999110 -0.000747
31.004111 -0.001072
31.009112 -0.000747
31.014112 -0.000422
31.019113 -0.000422
31.024114 -0.000747
31.029114 -0.000422
31.034115 -0.000098
31.039116 -0.000098
31.044116 -0.000422
31.049117 -0.000098
31.054117 0.000227
31.059118 0.000227
31.064119 -0.000098
31.069119 -0.000098
31.074120 0.000227
31.079121 -0.000098
31.084121 -0.000423
31.089122 -0.000423
31.094123 -0.000098
31.099123 -0.000098
31.104124 -0.000098
31.109125 0.000227
31.114125 0.000552
31.119126 0.000552
31.124127 0.000552
31.129127 0.000877
31.134128 0.001201
31.139129 0.001201
31.144129 0.000877
31.149130 0.001201
31.154131 0.001526
31.159131 0.001201
31.164132 0.001201
31.169133 0.001201
31.174133 0.001526
31.179134 0.001201
31.184135 0.000877
31.189135 0.000552
31.194136 0.000877
31.199137 0.000552
31.204137 0.000552
31.209138 0.000552
31.214139 0.000877
31.219139 0.000877
31.224140 0.000877
31.229141 0.000877
31.234141 0.000877
31.239142 0.000552
31.244143 0.000227
31.249143 -0.000098
31.254144 -0.000098
31.259145 -0.000423
31.264145 -0.000747
31.269146 -0.000747
31.274147 -0.000423
31.279147 -0.000423
31.284148 -0.000747
31.289149 -0.000423
31.294149 -0.000098
31.299150 -0.000098
31.304151 -0.000423
31.309151 -0.000423
31.314152 -0.000098
31.319153 -0.000423
31.324153 -0.000423
31.329154 -0.000423
31.334155 -0.000423
31.339155 -0.000423
31.344156 -0.000747
31.349157 -0.000423
31.354157 -0.000423
31.359158 -0.000423
31.364159 -0.000423
31.369159 -0.000423
31.374160 -0.000098
31.379161 -0.000423
31.384161 -0.000423
31.389162 -0.000423
31.394163 -0.000098
31.399163 -0.000423
31.404164 -0.000423
31.409165 -0.000098
31.414165 -0.000098
31.419166 -0.000098
31.424167 -0.000098
31.429167 0.000227
31.434168 0.000552
31.439169 0.000227
31.444169 -0.000098
31.449170 0.000227
31.454171 0.000227
31.459171 -0.000098
31.464172 -0.000423
31.469173 -0.000098
31.474173 -0.000098
31.479174 -0.000098
31.484175 -0.000423
31.489175 -0.000423
31.494176 -0.000098
31.499177 -0.000098
31.504177 -0.000423
31.509178 -0.000098
31.514178 0.000227
31.519179 -0.000098
31.524180 -0.000098
31.529180 -0.000098
31.534181 0.000227
31.539182 0.000227
31.544182 -0.000098
31.549183 0.000227
31.554184 0.000227
31.559184 0.000227
31.564185 -0.000098
31.569186 0.000227
31.574186 0.000227
31.579187 0.000227
31.584188 -0.000098
31.589188 0.000227
31.594189 0.000552
31.599190 0.000552
31.604190 0.000227
31.609191 0.000552
31.614192 0.000876
31.619192 0.000876
31.624193 0.000552
31.629194 0.000552
31.634194 0.000552
31.639195 0.000227
31.644196 -0.000098
31.649196 -0.000098
31.654197 0.000227
31.659198 -0.000098
31.664198 -0.000098
31.669199 -0.000098
31.674200 0.000227
31.679200 -0.000098
31.684201 -0.000098
31.689202 -0.000098
31.694202 -0.000098
31.699203 -0.000098
31.704204 -0.000423
31.709204 -0.000098
31.714205 -0.000098
31.719206 -0.000098
31.724206 -0.000423
31.729207 -0.000098
31.734208 -0.000098
31.739208 -0.000423
31.744209 -0.000423
31.749210 -0.000423
31.754210 -0.000423
31.759211 -0.000423
31.764212 -0.000423
31.769212 -0.000423
31.774213 -0.000098
31.779214 -0.000098
31.784214 -0.000423
31.789215 -0.000098
31.794216 0.000227
31.799216 0.000227
31.804217 -0.000098
31.809218 0.000227
31.814218 0.000552
31.819219 0.000227
31.824220 0.000227
31.829220 0.000227
31.834221 0.000227
31.839222 0.000227
31.844222 -0.000098
31.849223 0.000227
31.854224 0.000227
31.859224 0.000227
31.864225 0.000227
31.869226 0.000552
31.874226 0.000876
31.879227 0.000876
31.884228 0.000876
31.889228 0.000876
31.894229 0.001201
31.899230 0.000876
31.904230 0.000552
31.909231 0.000552
31.914232 0.000552
31.919232 0.000227
31.924233 -0.000098
31.929234 -0.000098
31.934234 -0.000098
31.939235 -0.000098
31.944236 -0.000423
31.949236 -0.000423
31.954237 -0.000098
31.959238 -0.000423
31.964238 -0.000747
31.969239 -0.000747
31.974239 -0.000747
31.979240 -0.001397
31.984241 -0.001722
31.989241 -0.001722
31.994242 -0.001722
31.999243 -0.001722
32.004243 -0.002047
32.009244 -0.001722
32.014245 -0.001397
32.019245 -0.001397
32.024246 -0.001397
32.029247 -0.001072
32.034247 -0.000748
32.039248 -0.000748
32.044249 -0.000423
32.049249 -0.000098
32.054250 0.000227
32.059251 0.000227
32.064251 0.000227
32.069252 0.000227
32.074253 0.000552
32.079253 0.000552
32.084254 0.000227
32.089255 0.000552
32.094255 0.000876
32.099256 0.000876
32.104257 0.000876
32.109257 0.001201
32.114258 0.001526
32.119259 0.001526
32.124259 0.001201
32.129260 0.001526
32.134261 0.001526
32.139261 0.001526
32.144262 0.001201
32.149263 0.001526
32.154263 0.001526
32.159264 0.001201
32.164265 0.000876
32.169265 0.000876
32.174266 0.000876
32.179267 0.000876
32.184267 0.000227
32.189268 0.000227
32.194269 0.000552
32.199269 0.000227
32.204270 -0.000098
32.209271 -0.000098
32.214271 -0.000098
32.219272 -0.000423
32.224273 -0.000748
32.229273 -0.000748
32.234274 -0.000423
32.239275 -0.000748
32.244275 -0.001072
32.249276 -0.000748
32.254277 -0.000423
32.259277 -0.000423
32.264278 -0.000423
32.269279 -0.000423
32.274279 -0.000098
32.279280 -0.000098
32.284281 -0.000423
32.289281 -0.000423
32.294282 -0.000098
32.299283 -0.000423
32.304283 -0.000748
32.309284 -0.000423
32.314285 -0.000423
32.319285 -0.000748
32.324286 -0.000748
32.329287 -0.000423
32.334287 -0.000423
32.339288 -0.000423
32.344289 -0.000748
32.349289 -0.000423
32.354290 -0.000423
32.359291 -0.000423
32.364291 -0.000748
32.369292 -0.000748
32.374293 -0.000423
32.379293 -0.000748
32.384294 -0.000748
32.389295 -0.000423
32.394295 -0.000098
32.399296 -0.000423
32.404297 -0.000423
32.409297 -0.000423
32.414298 -0.000098
32.419299 -0.000423
32.424299 -0.000423
32.429300 -0.000423
32.434300 -0.000423
32.439301 -0.000423
32.444302 -0.000748
32.449302 -0.000423
32.454303 -0.000423
32.459304 -0.000748
32.464304 -0.000748
32.469305 -0.000748
32.474306 -0.000423
32.479306 -0.000748
32.484307 -0.000748
32.489308 -0.000748
32.494308 -0.000423
32.499309 -0.000423
32.504310 -0.000423
32.509310 -0.000098
32.514311 0.000227
32.519312 0.000227
32.524312 -0.000098
32.529313 -0.000098
32.534314 0.000227
32.539314 0.000227
32.544315 -0.000098
32.549316 0.000227
32.554316 0.000551
32.559317 0.000551
32.564318 0.000551
32.569318 0.000876
32.574319 0.000876
32.579320 0.000876
32.584320 0.000876
32.589321 0.000876
32.594322 0.001201
32.599322 0.001201
32.604323 0.001201
32.609324 0.001201
32.614324 0.001526
32.619325 0.001526
32.624326 0.001201
32.629326 0.001526
32.634327 0.001526
32.639328 0.001201
32.644328 0.001201
32.649329 0.001201
32.654330 0.001201
32.659330 0.001201
32.664331 0.000876
32.669332 0.000876
32.674332 0.000876
32.679333 0.000551
32.684334 0.000227
32.689334 0.000227
32.694335 0.000227
32.699336 -0.000098
32.704336 -0.000098
32.709337 -0.000098
32.714338 0.000227
32.719338 -0.000098
32.724339 -0.000423
32.729340 -0.000423
32.734340 -0.000423
32.739341 -0.000423
32.744342 -0.000748
32.749342 -0.000748
32.754343 -0.000423
32.759344 -0.000423
32.764344 -0.000748
32.769345 -0.000423
32.774346 0.000227
32.779346 0.000227
32.784347 -0.000098
32.789348 0.000227
32.794348 0.000551
32.799349 0.000551
32.804350 0.000227
32.809350 0.000227
32.814351 0.000227
32.819352 -0.000098
32.824352 -0.000098
32.829353 -0.000098
32.834354 -0.000098
32.839354 -0.000423
32.844355 -0.000423
32.849356 -0.000423
32.854356 -0.000098
32.859357 -0.000423
32.864358 -0.000423
32.869358 -0.000423
32.874359 -0.000098
32.879360 -0.000423
32.884360 -0.000423
32.889361 -0.000423
32.894361 -0.000098
32.899362 -0.000423
32.904363 -0.000423
32.909363 -0.000423
32.914364 -0.000098
32.919365 -0.000423
32.924365 -0.000748
32.929366 -0.000748
32.934367 -0.000748
32.939367 -0.001072
32.944368 -0.001397
32.949369 -0.001397
32.954369 -0.001073
32.959370 -0.001397
32.964371 -0.001397
32.969371 -0.001073
32.974372 -0.000748
32.979373 -0.001073
32.984373 -0.001073
32.989374 -0.000748
32.994375 -0.000423
32.999375 -0.000423
33.004376 -0.000423
33.009377 -0.000423
33.014377 -0.000098
33.019378 -0.000423
33.024379 -0.000423
33.029379 -0.000423
33.034380 -0.000098
33.039381 -0.000098
33.044381 -0.000423
33.049382 -0.000098
33.054383 -0.000098
33.059383 -0.000098
33.064384 -0.000423
33.069385 -0.000098
33.074385 -0.000098
33.079386 -0.000098
33.084387 -0.000098
33.089387 0.000227
33.094388 0.000551
33.099389 0.000551
33.104389 0.000876
33.109390 0.001201
33.114391 0.001526
33.119391 0.001526
33.124392 0.001201
33.129393 0.001526
33.134393 0.001850
33.139394 0.001526
33.144395 0.001526
33.149395 0.001526
33.154396 0.001526
33.159397 0.001526
33.164397 0.001201
33.169398 0.001526
33.174399 0.001526
33.179399 0.001526
33.184400 0.001201
33.189401 0.001201
33.194401 0.001526
33.199402 0.001201
33.204403 0.001201
33.209403 0.001201
33.214404 0.001526
33.219405 0.001526
33.224405 0.001526
33.229406 0.001526
33.234407 0.001526
33.239407 0.001526
33.244408 0.001201
33.249409 0.001201
33.254409 0.001201
33.259410 0.000551
33.264411 0.000227
33.269411 -0.000098
33.274412 -0.000098
33.279413 -0.000423
33.284413 -0.000748
33.289414 -0.001073
33.294415 -0.000748
33.299415 -0.001073
33.304416 -0.001397
33.309417 -0.001397
33.314417 -0.001073
33.319418 -0.001397
33.324419 -0.001397
33.329419 -0.001397
33.334420 -0.001397
33.339421 -0.001397
33.344421 -0.001722
33.349422 -0.001397
33.354422 -0.001397
33.359423 -0.001397
33.364424 -0.001722
33.369424 -0.001397
33.374425 -0.001397
33.379426 -0.001722
33.384426 -0.001722
33.389427 -0.001722
33.394428 -0.001397
33.399428 -0.001722
33.404429 -0.001722
33.409430 -0.001722
33.414430 -0.001397
33.419431 -0.001722
33.424432 -0.001722
33.429432 -0.001397
33.434433 -0.001073
33.439434 -0.001073
33.444434 -0.001073
33.449435 -0.000748
33.454436 -0.000423
33.459436 -0.000423
33.464437 -0.000423
33.469438 -0.000098
33.474438 0.000226
33.479439 -0.000098
33.484440 -0.000098
33.489440 0.000226
33.494441 0.000551
33.499442 0.000551
33.504442 0.000226
33.509443 0.000551
33.514444 0.000876
33.519444 0.000551
33.524445 0.000551
33.529446 0.000876
33.534446 0.001201
33.539447 0.000876
33.544448 0.000876
33.549448 0.000876
33.554449 0.001201
33.559450 0.001201
33.564450 0.001201
33.569451 0.001526
33.574452 0.001850
33.579452 0.001526
33.584453 0.001201
33.589454 0.001526
33.594454 0.001526
33.599455 0.001526
33.604456 0.001201
33.609456 0.001201
33.614457 0.001526
33.619458 0.001201
33.624458 0.000876
33.629459 0.000876
33.634460 0.000876
33.639460 0.000551
33.644461 0.000551
33.649462 0.000551
33.654462 0.000551
33.659463 0.000226
33.664464 0.000226
33.669464 0.000226
33.674465 0.000226
33.679466 0.000226
33.684466 -0.000098
33.689467 -0.000098
33.694468 -0.000098
33.699468 -0.000098
33.704469 -0.000423
33.709470 -0.000423
33.714470 -0.000423
33.719471 -0.000748
33.724472 -0.000748
33.729472 -0.000748
33.734473 -0.000423
33.739474 -0.000748
33.744474 -0.001073
33.749475 -0.000748
33.754476 -0.000748
33.759476 -0.001073
33.764477 -0.001397
33.769478 -0.001073
33.774478 -0.001073
33.779479 -0.001073
33.784480 -0.001397
33.789480 -0.001073
33.794481 -0.001073
33.799482 -0.001073
33.804482 -0.001073
33.809483 -0.000748
33.814483 -0.000748
33.819484 -0.000748
33.824485 -0.000748
33.829485 -0.000748
33.834486 -0.000423
33.839487 -0.000423
33.844487 -0.000423
33.849488 -0.000098
33.854489 0.000226
33.859489 -0.000098
33.864490 -0.000098
33.869491 -0.000098
33.874491 0.000226
33.879492 -0.000098
33.884493 -0.000098
33.889493 -0.000098
33.894494 0.000226
33.899495 0.000226
33.904495 -0.000098
33.909496 0.000226
33.914497 0.000551
33.919497 0.000226
33.924498 0.000226
33.929499 0.000551
33.934499 0.000551
33.939500 0.000551
33.944501 0.000226
33.949501 0.000551
33.954502 0.000876
33.959503 0.000551
33.964503 0.000551
33.969504 0.000551
33.974505 0.000876
33.979505 0.000551
33.984506 0.000551
33.989507 0.000551
33.994507 0.000551
33.999508 0.000551
34.004509 0.000226
34.009509 0.000226
34.014510 0.000226
34.019511 0.000226
34.024511 -0.000098
34.029512 0.000226
34.034513 0.000226
34.039513 0.000226
34.044514 0.000226
34.049515 0.000226
34.054515 0.000551
34.059516 0.000226
34.064517 0.000226
34.069517 0.000226
34.074518 0.000551
34.079519 0.000226
34.084519 -0.000098
34.089520 -0.000098
34.094521 0.000226
34.099521 -0.000098
34.104522 -0.000423
34.109523 -0.000423
34.114523 -0.000098
34.119524 -0.000423
34.124525 -0.000748
34.129525 -0.000423
34.134526 -0.000098
34.139527 -0.000423
34.144527 -0.000748
34.149528 -0.000423
34.154529 -0.000423
34.159529 -0.000423
34.164530 -0.000748
34.169531 -0.000423
34.174531 -0.000423
34.179532 -0.000423
34.184533 -0.000423
34.189533 -0.000423
34.194534 -0.000098
34.199535 -0.000423
34.204535 -0.000423
34.209536 -0.000423
34.214537 -0.000098
34.219537 -0.000423
34.224538 -0.000423
34.229539 -0.000098
34.234539 0.000226
34.239540 -0.000098
34.244541 -0.000098
34.249541 0.000226
34.254542 0.000226
34.259543 0.000226
34.264543 0.000226
34.269544 0.000551
34.274544 0.000876
34.279545 0.000876
34.284546 0.000551
34.289546 0.000876
34.294547 0.000876
34.299548 0.000551
34.304548 -0.000099
34.309549 -0.000099
34.314550 -0.000099
34.319550 -0.000423
34.324551 -0.000748
34.329552 -0.000423
34.334552 -0.000423
34.339553 -0.000748
34.344554 -0.000748
34.349554 -0.000423
34.354555 -0.000099
34.359556 -0.000099
34.364556 -0.000099
34.369557 -0.000099
34.374558 0.000226
34.379558 0.000226
34.384559 -0.000099
34.389560 0.000226
34.394560 0.000226
34.399561 -0.000099
34.404562 -0.000099
34.409562 -0.000099
34.414563 0.000226
34.419564 0.000226
34.424564 -0.000099
34.429565 0.000226
34.434566 0.000551
34.439566 0.000226
34.444567 0.000226
34.449568 0.000551
34.454568 0.000551
34.459569 0.000551
34.464570 0.000226
34.469570 0.000551
34.474571 0.000876
34.479572 0.000551
34.484572 0.000551
34.489573 0.000551
34.494574 0.000551
34.499574 0.000226
34.504575 0.000226
34.509576 0.000226
34.514576 0.000551
34.519577 0.000226
34.524578 -0.000099
34.529578 0.000226
34.534579 0.000226
34.539580 -0.000099
34.544580 -0.000423
34.549581 -0.000099
34.554582 -0.000099
34.559582 -0.000423
34.564583 -0.000423
34.569584 -0.000423
34.574584 -0.000099
34.579585 -0.000423
34.584586 -0.000423
34.589586 -0.000099
34.594587 -0.000099
34.599588 -0.000423
34.604588 -0.000423
34.609589 -0.000423
34.614590 -0.000099
34.619590 -0.000423
34.624591 -0.000423
34.629592 -0.000423
34.634592 -0.000423
34.639593 -0.000423
34.644594 -0.000748
34.649594 -0.000423
34.654595 -0.000423
34.659596 -0.000423
34.664596 -0.000423
34.669597 -0.000099
34.674598 -0.000099
34.679598 -0.000423
34.684599 -0.000748
34.689600 -0.000423
34.694600 -0.000748
34.699601 -0.000748
34.704602 -0.001073
34.709602 -0.000748
34.714603 -0.000423
34.719604 -0.000423
34.724604 -0.000423
34.729605 -0.000099
34.734605 0.000226
34.739606 0.000226
34.744607 0.000226
34.749607 0.000226
34.754608 0.000551
34.759609 0.000226
34.764609 0.000226
34.769610 0.000551
34.774611 0.000551
34.779611 0.000551
34.784612 0.000226
34.789613 0.000551
34.794613 0.000551
34.799614 0.000551
34.804615 0.000551
34.809615 0.000551
34.814616 0.000876
34.819617 0.000876
34.824617 0.000551
34.829618 0.000876
34.834619 0.001200
34.839619 0.000876
34.844620 0.000551
34.849621 0.000876
34.854621 0.000876
34.859622 0.000551
34.864623 0.000226
34.869623 0.000551
34.874624 0.000551
34.879625 0.000551
34.884625 0.000226
34.889626 0.000551
34.894627 0.000551
34.899627 0.000551
34.904628 0.000226
34.909629 0.000226
34.914629 0.000551
34.919630 0.000226
34.924631 -0.000099
34.929631 0.000226
34.934632 0.000226
34.939633 0.000226
34.944633 0.000226
34.949634 0.000226
34.954635 0.000551
34.959635 0.000226
34.964636 -0.000099
34.969637 -0.000099
34.974637 -0.000099
34.979638 -0.000099
34.984639 -0.000423
34.989639 -0.000099
34.994640 -0.000099
34.999641 -0.000423
35.004641 -0.000748
35.009642 -0.000423
35.014643 -0.000423
35.019643 -0.000748
35.024644 -0.000748
35.029645 -0.000423
35.034645 -0.000423
35.039646 -0.000748
35.044647 -0.001073
35.049647 -0.000748
35.054648 -0.000748
35.059649 -0.000748
35.064649 -0.001073
35.069650 -0.001073
35.074651 -0.001073
35.079651 -0.001073
35.084652 -0.001398
35.089653 -0.001073
35.094653 -0.000748
35.099654 -0.001073
35.104655 -0.001073
35.109655 -0.001073
35.114656 -0.000748
35.119657 -0.000748
35.124657 -0.000748
35.129658 -0.000423
35.134659 -0.000423
35.139659 -0.000423
35.144660 -0.000748
35.149661 -0.000423
35.154661 -0.000099
35.159662 -0.000423
35.164663 -0.000423
35.169663 -0.000099
35.174664 0.000226
35.179665 0.000226
35.184665 0.000226
35.189666 0.000226
35.194666 0.000551
35.199667 0.000551
35.204668 0.000226
35.209668 0.000551
35.214669 0.000551
35.219670 0.000226
35.224670 0.000226
35.229671 0.000226
35.234672 0.000551
35.239672 0.000226
35.244673 0.000226
35.249674 0.000551
35.254674 0.000551
35.259675 0.000226
35.264676 0.000226
35.269676 0.000226
35.274677 0.000226
35.279678 -0.000099
35.284678 -0.000099
35.289679 -0.000099
35.294680 -0.000099
35.299680 -0.000099
35.304681 -0.000099
35.309682 0.000226
35.314682 0.000226
35.319683 0.000226
35.324684 0.000226
35.329684 0.000551
35.334685 0.000876
35.339686 0.000551
35.344686 0.000551
35.349687 0.000551
35.354688 0.000876
35.359688 0.000551
35.364689 0.000551
35.369690 0.000551
35.374690 0.000551
35.379691 0.000551
35.384692 0.000226
35.389692 0.000551
35.394693 0.000551
35.399694 0.000551
35.404694 0.000226
35.409695 0.000551
35.414696 0.000551
35.419696 0.000551
35.424697 0.000226
35.429698 0.000226
35.434698 0.000551
35.439699 0.000226
35.444700 -0.000099
35.449700 0.000226
35.454701 0.000226
35.459702 -0.000099
35.464702 -0.000099
35.469703 -0.000099
35.474704 -0.000099
35.479704 -0.000424
35.484705 -0.000748
35.489706 -0.000424
35.494706 -0.000424
35.499707 -0.000424
35.504708 -0.000424
35.509708 -0.000424
35.514709 -0.000099
35.519710 -0.000099
35.524710 -0.000099
35.529711 0.000226
35.534712 0.000226
35.539712 0.000226
35.544713 -0.000099
35.549714 0.000226
35.554714 0.000226
35.559715 0.000226
35.564716 -0.000099
35.569716 0.000226
35.574717 0.000226
35.579718 0.000226
35.584718 -0.000099
35.589719 0.000226
35.594720 0.000551
35.599720 0.000226
35.604721 0.000226
35.609722 0.000226
35.614722 0.000226
35.619723 0.000226
35.624724 -0.000099
35.629724 -0.000099
35.634725 0.000226
35.639726 -0.000099
35.644726 -0.000099
35.649727 -0.000099
35.654727 -0.000099
35.659728 -0.000099
35.664729 -0.000099
35.669729 -0.000099
35.674730 0.000226
35.679731 -0.000099
35.684731 -0.000099
35.689732 0.000226
35.694733 0.000226
35.699733 0.000226
35.704734 -0.000099
35.709735 0.000226
35.714735 0.000226
35.719736 -0.000099
35.724737 -0.000099
35.729737 -0.000099
35.734738 -0.000099
35.739739 -0.000424
35.744739 -0.000424
35.749740 -0.000424
35.754741 -0.000424
35.759741 -0.000424
35.764742 -0.000748
35.769743 -0.000424
35.774743 -0.000099
35.779744 -0.000424
35.784745 -0.000424
35.789745 -0.000099
35.794746 -0.000099
35.799747 -0.000424
35.804747 -0.000424
35.809748 -0.000424
35.814749 -0.000424
35.819749 -0.000424
35.824750 -0.000424
35.829751 -0.000099
35.834751 -0.000099
35.839752 -0.000424
35.844753 -0.000424
35.849753 -0.000099
35.854754 0.000226
35.859755 -0.000099
35.864755 -0.000099
35.869756 0.000226
35.874757 0.000226
35.879757 0.000226
35.884758 -0.000099
35.889759 0.000226
35.894759 0.000226
35.899760 0.000226
35.904761 -0.000099
35.909761 0.000226
35.914762 0.000226
35.919763 0.000226
35.924763 0.000226
35.929764 0.000226
35.934765 0.000226
35.939765 0.000226
35.944766 -0.000099
35.949767 -0.000099
35.954767 0.000226
35.959768 -0.000099
35.964769 -0.000099
35.969769 -0.000099
35.974770 -0.000099
35.979771 -0.000099
35.984771 -0.000424
35.989772 -0.000424
35.994773 -0.000099
35.999773 -0.000424
36.004774 -0.000748
36.009775 -0.000424
36.014775 -0.000424
36.019776 -0.000748
36.024777 -0.000748
36.029777 -0.000748
36.034778 -0.000424
36.039779 -0.000748
36.044779 -0.000748
36.049780 -0.000424
36.054781 -0.000424
36.059781 -0.000748
36.064782 -0.000748
36.069783 -0.000424
36.074783 -0.000424
36.079784 -0.000424
36.084785 -0.000424
36.089785 -0.000099
36.094786 0.000226
36.099787 0.000226
36.104787 0.000226
36.109788 0.000226
36.114788 0.000551
36.119789 0.000551
36.124790 0.000551
36.129790 0.000551
36.134791 0.000875
36.139792 0.000551
36.144792 0.000551
36.149793 0.000551
36.154794 0.000551
36.159794 0.000226
36.164795 0.000226
36.169796 0.000226
36.174796 0.000226
36.179797 0.000226
36.184798 -0.000099
36.189798 0.000226
36.194799 0.000226
36.199800 0.000226
36.204800 0.000226
36.209801 0.000551
36.214802 0.000875
36.219802 0.000551
36.224803 0.000551
36.229804 0.000551
36.234804 0.000551
36.239805 0.000226
36.244806 -0.000099
36.249806 0.000226
36.254807 0.000226
36.259808 -0.000099
36.264808 -0.000099
36.269809 0.000226
36.274810 0.000226
36.279810 0.000226
36.284811 0.000226
36.289812 0.000551
36.294812 0.000875
36.299813 0.000551
36.304814 0.000551
36.309814 0.000875
36.314815 0.000875
36.319816 0.000551
36.324816 0.000551
36.329817 0.000551
36.334818 0.000551
36.339818 0.000551
36.344819 0.000226
36.349820 0.000226
36.354820 0.000226
36.359821 -0.000099
36.364822 -0.000424
36.369822 -0.000099
36.374823 -0.000099
36.379824 -0.000424
36.384824 -0.000749
36.389825 -0.000424
36.394826 -0.000099
36.399826 -0.000424
36.404827 -0.000424
36.409828 -0.000099
36.414828 -0.000099
36.419829 -0.000424
36.424830 -0.000749
36.429830 -0.000424
36.434831 -0.000749
36.439832 -0.001073
36.444832 -0.001073
36.449833 -0.001073
36.454834 -0.000749
36.459834 -0.001073
36.464835 -0.001073
36.469836 -0.000749
36.474836 -0.000749
36.479837 -0.000749
36.484838 -0.000749
36.489838 -0.000424
36.494839 -0.000424
36.499840 -0.000424
36.504840 -0.000749
36.509841 -0.000424
36.514842 -0.000099
36.519842 -0.000424
36.524843 -0.000424
36.529844 -0.000099
36.534844 -0.000099
36.539845 -0.000099
36.544846 -0.000099
36.549846 -0.000099
36.554847 0.000226
36.559848 -0.000099
36.564848 -0.000099
36.569849 0.000226
36.574849 0.000550
36.579850 0.000226
36.584851 0.000226
36.589851 0.000550
36.594852 0.000550
36.599853 0.000550
36.604853 0.000550
36.609854 0.000550
36.614855 0.000875
36.619855 0.000550
36.624856 0.000550
36.629857 0.000550
36.634857 0.000875
36.639858 0.000550
36.644859 0.000550
36.649859 0.000875
36.654860 0.000875
36.659861 0.000550
36.664861 0.000226
36.669862 0.000226
36.674863 0.000550
36.679863 0.000226
36.684864 -0.000099
36.689865 0.000226
36.694865 0.000226
36.699866 -0.000099
36.704867 -0.000099
36.709867 -0.000099
36.714868 -0.000099
36.719869 -0.000424
36.724869 -0.000749
36.729870 -0.000749
36.734871 -0.000749
36.739871 -0.000749
36.744872 -0.000749
36.749873 -0.000749
36.754873 -0.000424
36.759874 -0.000749
36.764875 -0.000749
36.769875 -0.000424
36.774876 -0.000099
36.779877 -0.000424
36.784877 -0.000424
36.789878 -0.000099
36.794879 0.000226
36.799879 -0.000099
36.804880 -0.000099
36.809881 0.000226
36.814881 0.000226
36.819882 0.000226
36.824883 0.000226
36.829883 0.000550
36.834884 0.000875
36.839885 0.000550
36.844885 0.000550
36.849886 0.000550
36.854887 0.000875
36.859887 0.000550
36.864888 0.000226
36.869889 0.000550
36.874889 0.000550
36.879890 0.000550
36.884891 0.000550
36.889891 0.000550
36.894892 0.000875
36.899893 0.000550
36.904893 0.000550
36.909894 0.000550
36.914895 0.000550
36.919895 0.000226
36.924896 -0.000099
36.929897 0.000226
36.934897 0.000226
36.939898 -0.000099
36.944899 -0.000099
36.949899 -0.000099
36.954900 0.000226
36.959901 -0.000099
36.964901 -0.000424
36.969902 -0.000099
36.974903 -0.000099
36.979903 -0.000424
36.984904 -0.000749
36.989905 -0.000424
36.994905 -0.000424
36.999906 -0.000749
37.004907 -0.000749
37.009907 -0.000424
37.014908 -0.000424
37.019909 -0.000424
37.024909 -0.000749
37.029910 -0.000424
37.034910 -0.000099
37.039911 -0.000424
37.044912 -0.000424
37.049912 -0.000424
37.054913 -0.000099
37.059914 -0.000424
37.064914 -0.000749
37.069915 -0.000424
37.074916 -0.000424
37.079916 -0.000424
37.084917 -0.000424
37.089918 -0.000099
37.094918 0.000226
37.099919 0.000226
37.104920 -0.000099
37.109920 0.000226
37.114921 0.000226
37.119922 0.000226
37.124922 -0.000099
37.129923 0.000226
37.134924 0.000550
37.139924 0.000226
37.144925 0.000226
37.149926 0.000550
37.154926 0.000550
37.159927 0.000550
37.164928 0.000226
37.169928 0.000550
37.174929 0.000550
37.179930 0.000226
37.184930 0.000226
37.189931 0.000226
37.194932 0.000550
37.199932 0.000226
37.204933 0.000226
37.209934 0.000226
37.214934 0.000226
37.219935 0.000226
37.224936 0.000226
37.229936 0.000226
37.234937 0.000550
37.239938 0.000226
37.244938 -0.000099
37.249939 0.000226
37.254940 0.000226
37.259940 -0.000099
37.264941 -0.000424
37.269942 -0.000099
37.274942 -0.000099
37.279943 -0.000424
37.284944 -0.000424
37.289944 -0.000424
37.294945 -0.000099
37.299946 -0.000424
37.304946 -0.000424
37.309947 -0.000099
37.314948 -0.000099
37.319948 -0.000424
37.324949 -0.000424
37.329950 -0.000099
37.334950 -0.000099
37.339951 -0.000099
37.344952 -0.000099
37.349952 0.000226
37.354953 0.000226
37.359954 -0.000099
37.364954 -0.000099
37.369955 0.000226
37.374956 0.000226
37.379956 -0.000099
37.384957 -0.000099
37.389958 0.000226
37.394958 0.000226
37.399959 0.000226
37.404960 0.000226
37.409960 0.000550
37.414961 0.000550
37.419962 0.000550
37.424962 0.000226
37.429963 0.000550
37.434964 0.000550
37.439964 0.000226
37.444965 0.000226
37.449966 0.000226
37.454966 0.000226
37.459967 0.000226
37.464968 -0.000099
37.469968 0.000226
37.474969 0.000225
37.479970 -0.000099
37.484970 0.000225
37.489971 0.000225
37.494971 0.000550
37.499972 0.000225
37.504973 0.000225
37.509973 0.000550
37.514974 0.000550
37.519975 0.000225
37.524975 0.000225
37.529976 0.000225
37.534977 0.000225
37.539977 -0.000099
37.544978 -0.000099
37.549979 0.000225
37.554979 0.000225
37.559980 0.000225
37.564981 0.000225
37.569981 0.000225
37.574982 0.000550
37.579983 0.000225
37.584983 -0.000099
37.589984 0.000225
37.594985 0.000225
37.599985 -0.000099
37.604986 -0.000099
37.609987 0.000225
37.614987 0.000225
37.619988 -0.000099
37.624989 -0.000099
37.629989 -0.000099
37.634990 -0.000099
37.639991 -0.000424
37.644991 -0.000424
37.649992 -0.000424
37.654993 -0.000424
37.659993 -0.000424
37.664994 -0.000749
37.669995 -0.000424
37.674995 -0.000099
37.679996 -0.000424
37.684997 -0.000424
37.689997 -0.000099
37.694998 -0.000099
37.699999 -0.000099
37.704999 -0.000424
37.710000 -0.000099
0.000000 0.000000
0.005001 0.002758
0.010003 0.001211
0.015004 -0.000320
0.020006 -0.000982
0.025007 -0.000771
0.030009 -0.000157
0.035010 0.000533
0.040012 0.001120
0.045013 0.001330
0.050015 0.001007
0.055016 0.000413
0.060018 -0.000028
0.065019 -0.000175
0.070021 -0.000164
0.075022 -0.000112
0.080024 -0.000028
0.085025 0.000106
0.090027 0.000346
0.095028 0.000723
0.100030 0.001030
0.105031 0.000918
0.110033 0.000388
0.115034 -0.000066
0.120036 -0.000030
0.125037 0.000341
0.130039 0.000620
0.135040 0.000653
0.140042 0.000564
0.145043 0.000494
0.150045 0.000576
0.155046 0.000931
0.160048 0.001398
0.165049 0.001504
0.170051 0.000988
0.175052 0.000220
0.180054 -0.000182
0.185055 -0.000021
0.190057 0.000417
0.195058 0.000748
0.200060 0.000728
0.205061 0.000327
0.210063 -0.000137
0.215064 -0.000178
0.220066 0.000287
0.225067 0.000763
0.230069 0.000808
0.235070 0.000560
0.240072 0.000391
0.245073 0.000316
0.250075 0.000103
0.255076 -0.000263
0.260078 -0.000567
0.265079 -0.000670
0.270081 -0.000571
0.275082 -0.000327
0.280084 -0.000133
0.285085 -0.000252
0.290087 -0.000629
0.295088 -0.000792
0.300090 -0.000392
0.305091 0.000355
0.310093 0.000935
0.315094 0.001007
0.320096 0.000547
0.325097 -0.000161
0.330099 -0.000543
0.335100 -0.000130
0.340102 0.000862
0.345103 0.001660
0.350105 0.001794
0.355106 0.001511
0.360108 0.001232
0.365109 0.000991
0.370111 0.000671
0.375112 0.000408
0.380114 0.000413
0.385115 0.000615
0.390117 0.000817
0.395118 0.000972
0.400120 0.001060
0.405121 0.000913
0.410123 0.000486
0.415124 0.000077
0.420126 0.000007
0.425127 0.000278
0.430129 0.000712
0.435130 0.001189
0.440132 0.001548
0.445133 0.001580
0.450135 0.001354
0.455136 0.001263
0.460138 0.001490
0.465139 0.001697
0.470141 0.001492
0.475142 0.000985
0.480144 0.000574
0.485145 0.000410
0.490147 0.000389
0.495148 0.000473
0.500150 0.000678
0.505151 0.000877
0.510153 0.000924
0.515154 0.000878
0.520156 0.000862
0.525157 0.000854
0.530159 0.000792
0.535160 0.000727
0.540162 0.000671
0.545163 0.000515
0.550165 0.000288
0.555166 0.000253
0.560168 0.000552
0.565169 0.000978
0.570171 0.001279
0.575172 0.001444
0.580174 0.001521
0.585175 0.001440
0.590177 0.001238
0.595178 0.001160
0.600180 0.001289
0.605181 0.001335
0.610183 0.001058
0.615184 0.000612
0.620186 0.000260
0.625187 0.000025
0.630189 -0.000108
0.635190 0.000025
0.640192 0.000479
0.645193 0.000930
0.650195 0.001011
0.655196 0.000745
0.660198 0.000401
0.665199 0.000124
0.670201 -0.000041
0.675202 -0.000006
0.680204 0.000210
0.685205 0.000357
0.690207 0.000263
0.695208 0.000079
0.700210 0.000016
0.705211 0.000090
0.710213 0.000286
0.715214 0.000682
0.720216 0.001202
0.725217 0.001536
0.730219 0.001538
0.735220 0.001429
0.740222 0.001400
0.745223 0.001308
0.750225 0.001020
0.755226 0.000771
0.760228 0.000859
0.765229 0.001209
0.770231 0.001540
0.775232 0.001762
0.780234 0.001915
0.785235 0.001927
0.790237 0.001751
0.795238 0.001555
0.800240 0.001507
0.805241 0.001495
0.810243 0.001350
0.815244 0.001156
0.820246 0.001081
0.825247 0.001102
0.830249 0.001129
0.835250 0.001204
0.840252 0.001309
0.845253 0.001215
0.850255 0.000829
0.855256 0.000465
0.860258 0.000466
0.865259 0.000719
0.870261 0.000876
0.875262 0.000851
0.880264 0.000794
0.885265 0.000759
0.890267 0.000743
0.895268 0.000841
0.900270 0.001035
0.905271 0.001056
0.910273 0.000767
0.915274 0.000426
0.920276 0.000323
0.925277 0.000402
0.930279 0.000500
0.935280 0.000635
0.940282 0.000821
0.945283 0.000887
0.950285 0.000762
0.955286 0.000647
0.960288 0.000685
0.965289 0.000740
0.970291 0.000742
0.975292 0.000898
0.980294 0.001311
0.985295 0.001688
0.990296 0.001734
0.995298 0.001533
1.000299 0.001297
1.005301 0.001037
1.010302 0.000777
1.015304 0.000756
1.020305 0.001089
1.025307 0.001479
1.030308 0.001576
1.035310 0.001405
1.040311 0.001153
1.045313 0.000828
1.050314 0.000432
1.055316 0.000244
1.060317 0.000550
1.065319 0.001219
1.070320 0.001809
1.075322 0.001978
1.080323 0.001617
1.085325 0.000844
1.090326 0.000086
1.095328 -0.000113
1.100329 0.000332
1.105331 0.000907
1.110332 0.001136
1.115334 0.001083
1.120335 0.001031
1.125337 0.001038
1.130338 0.001080
1.135340 0.001266
1.140341 0.001571
1.145343 0.001652
1.150344 0.001271
1.155346 0.000713
1.160347 0.000456
1.165349 0.000625
1.170350 0.000972
1.175352 0.001207
1.180353 0.001145
1.185355 0.000749
1.190356 0.000251
1.195358 0.000045
1.200359 0.000256
1.205361 0.000593
1.210362 0.000747
1.215364 0.000728
1.220365 0.000639
1.225367 0.000476
1.230368 0.000317
1.235370 0.000403
1.240371 0.000740
1.245373 0.000927
1.250374 0.000656
1.255376 0.000129
1.260377 -0.000257
1.265379 -0.000403
1.270380 -0.000438
1.275382 -0.000438
1.280383 -0.000432
1.285385 -0.000471
1.290386 -0.000462
1.295388 -0.000188
1.300389 0.000303
1.305391 0.000619
1.310392 0.000519
1.315394 0.000225
1.320395 0.000050
1.325397 0.000012
1.330398 0.000028
1.335400 0.000172
1.340401 0.000485
1.345403 0.000775
1.350404 0.000880
1.355406 0.000896
1.360407 0.000923
1.365409 0.000893
1.370410 0.000883
1.375412 0.001244
1.380413 0.002096
1.385415 0.002983
1.390416 0.003337
1.395418 0.003072
1.400419 0.002480
1.405421 0.001816
1.410422 0.001238
1.415424 0.000854
1.420425 0.000549
1.425427 -0.000008
1.430428 -0.000924
1.435430 -0.001873
1.440431 -0.002528
1.445433 -0.002962
1.450434 -0.003393
1.455436 -0.003804
1.460437 -0.004014
1.465439 -0.003877
1.470440 -0.003249
1.475442 -0.002070
1.480443 -0.000726
1.485445 -0.000028
1.490446 -0.000567
1.495448 -0.002265
1.500449 -0.004725
1.505451 -0.007703
1.510452 -0.011102
1.515454 -0.014847
1.520455 -0.018969
1.525457 -0.023434
1.530458 -0.027585
1.535460 -0.030020
1.540461 -0.029341
1.545463 -0.024985
1.550464 -0.017272
1.555466 -0.007002
1.560467 0.004702
1.565469 0.016478
1.570470 0.027110
1.575472 0.035834
1.580473 0.042136
1.585475 0.045521
1.590476 0.045719
1.595478 0.042897
1.600479 0.037407
1.605481 0.029577
1.610482 0.020075
1.615484 0.010333
1.620485 0.002286
1.625487 -0.002278
1.630488 -0.002130
1.635490 0.003172
1.640491 0.012909
1.645493 0.025053
1.650494 0.036750
1.655496 0.045108
1.660497 0.047698
1.665499 0.042878
1.670500 0.030226
1.675502 0.010907
1.680503 -0.012332
1.685505 -0.035419
1.690506 -0.053625
1.695508 -0.063044
1.700509 -0.062381
1.705511 -0.053399
1.710512 -0.039324
1.715514 -0.022635
1.720515 -0.004235
1.725517 0.015636
1.730518 0.035861
1.735520 0.053376
1.740521 0.063328
1.745523 0.060948
1.750524 0.044349
1.755526 0.016140
1.760527 -0.017568
1.765529 -0.049799
1.770530 -0.075000
1.775532 -0.090109
1.780533 -0.094539
1.785535 -0.089280
1.790536 -0.075678
1.795538 -0.054942
1.800539 -0.028739
1.805541 0.000156
1.810542 0.028046
1.815544 0.050940
1.820545 0.065060
1.825547 0.067625
1.830548 0.058186
1.835550 0.039558
1.840551 0.017322
1.845553 -0.001814
1.850554 -0.012027
1.855556 -0.010435
1.860557 0.001410
1.865559 0.018026
1.870560 0.032956
1.875562 0.042378
1.880563 0.046688
1.885565 0.049144
1.890566 0.052787
1.895568 0.057603
1.900569 0.059685
1.905571 0.053294
1.910572 0.034805
1.915574 0.005793
1.920575 -0.027053
1.925577 -0.054938
1.930578 -0.070932
1.935580 -0.073042
1.940581 -0.065068
1.945583 -0.054528
1.950584 -0.048511
1.955586 -0.049954
1.960587 -0.056439
1.965588 -0.061620
1.970590 -0.058262
1.975591 -0.041806
1.980593 -0.012925
1.985594 0.022688
1.990596 0.057504
1.995597 0.085829
2.000599 0.105226
2.005600 0.115267
2.010602 0.115272
2.015603 0.102845
2.020605 0.074533
2.025606 0.028887
2.030608 -0.030113
2.035609 -0.092583
2.040611 -0.146207
2.045612 -0.180759
2.050614 -0.190331
2.055615 -0.172988
2.060617 -0.129918
2.065618 -0.065576
2.070620 0.011334
2.075621 0.087414
2.080623 0.146648
2.085624 0.175713
2.090626 0.169973
2.095627 0.135521
2.100629 0.085177
2.105630 0.031472
2.110632 -0.018246
2.115633 -0.061822
2.120635 -0.098530
2.125636 -0.124854
2.130638 -0.133279
2.135639 -0.115574
2.140641 -0.068722
2.145642 0.000756
2.150644 0.077274
2.155645 0.141251
2.160647 0.176258
2.165648 0.175158
2.170650 0.142543
2.175651 0.091874
2.180653 0.038747
2.185654 -0.005559
2.190656 -0.036682
2.195657 -0.055779
2.200659 -0.066316
2.205660 -0.071109
2.210662 -0.070844
2.215663 -0.064796
2.220665 -0.053200
2.225666 -0.039156
2.230668 -0.028070
2.235669 -0.024888
2.240671 -0.030990
2.245672 -0.042482
2.250674 -0.051025
2.255675 -0.047647
2.260677 -0.027904
2.265678 0.005124
2.270680 0.042349
2.275681 0.073407
2.280683 0.091242
2.285684 0.094214
2.290686 0.085324
2.295687 0.069247
2.300689 0.048860
2.305690 0.023765
2.310692 -0.007934
2.315693 -0.046020
2.320695 -0.085545
2.325696 -0.117136
2.330698 -0.130484
2.335699 -0.119627
2.340701 -0.086970
2.345702 -0.042894
2.350704 -0.000645
2.355705 0.030183
2.360707 0.047459
2.365708 0.055809
2.370710 0.062321
2.375711 0.071194
2.380713 0.080602
2.385714 0.084146
2.390716 0.075989
2.395717 0.055427
2.400719 0.027352
2.405720 -0.000880
2.410722 -0.023025
2.415723 -0.035800
2.420725 -0.038828
2.425726 -0.033394
2.430728 -0.021140
2.435729 -0.003900
2.440731 0.015398
2.445732 0.032345
2.450734 0.042280
2.455735 0.042236
2.460737 0.032101
2.465738 0.014672
2.470740 -0.005168
2.475741 -0.022268
2.480743 -0.033574
2.485744 -0.039317
2.490746 -0.041854
2.495747 -0.043146
2.500749 -0.042996
2.505750 -0.039076
2.510752 -0.028509
2.515753 -0.010311
2.520755 0.012540
2.525756 0.033104
2.530758 0.043261
2.535759 0.037716
2.540761 0.016769
2.545762 -0.013357
2.550764 -0.042466
2.555765 -0.059945
2.560767 -0.058739
2.565768 -0.037899
2.570770 -0.002600
2.575771 0.037728
2.580773 0.071970
2.585774 0.090329
2.590776 0.087592
2.595777 0.065329
2.600779 0.031420
2.605780 -0.003234
2.610782 -0.029310
2.615783 -0.042942
2.620785 -0.046767
2.625786 -0.046993
2.630788 -0.048079
2.635789 -0.049114
2.640791 -0.044699
2.645792 -0.029322
2.650794 -0.001980
2.655795 0.031573
2.660797 0.060167
2.665798 0.071989
2.670800 0.060510
2.675801 0.027937
2.680803 -0.015725
2.685804 -0.056770
2.690806 -0.082634
2.695807 -0.086043
2.700809 -0.067450
2.705810 -0.034547
2.710812 0.001244
2.715813 0.029318
2.720815 0.043196
2.725816 0.041944
2.730818 0.029882
2.735819 0.014481
2.740821 0.002941
2.745822 -0.000787
2.750824 0.003143
2.755825 0.011699
2.760827 0.021108
2.765828 0.028827
2.770830 0.034383
2.775831 0.038444
2.780833 0.040879
2.785834 0.039815
2.790836 0.032693
2.795837 0.018163
2.800839 -0.002723
2.805840 -0.026322
2.810842 -0.046937
2.815843 -0.058337
2.820845 -0.055987
2.825846 -0.038754
2.830848 -0.009279
2.835849 0.026482
2.840851 0.060155
2.845852 0.082724
2.850854 0.087166
2.855855 0.070682
2.860857 0.035442
2.865858 -0.011977
2.870860 -0.061849
2.875861 -0.103178
2.880863 -0.126198
2.885864 -0.124771
2.890866 -0.097991
2.895867 -0.050908
2.900869 0.005825
2.905870 0.058111
2.910872 0.092458
2.915873 0.100343
2.920875 0.080872
2.925876 0.040773
2.930878 -0.008162
2.935879 -0.053329
2.940881 -0.085423
2.945882 -0.100318
2.950883 -0.098182
2.955885 -0.081539
2.960886 -0.054082
2.965888 -0.020394
2.970889 0.014257
2.975891 0.044322
2.980892 0.064549
2.985894 0.070965
2.990895 0.062190
2.995897 0.040206
3.000898 0.010148
3.005900 -0.020194
3.010901 -0.041036
3.015903 -0.042668
3.020904 -0.019534
3.025906 0.025622
3.030907 0.080585
3.035909 0.126868
3.040910 0.146381
3.045912 0.129025
3.050913 0.077530
3.055915 0.006298
3.060916 -0.065456
3.065918 -0.121761
3.070919 -0.154226
3.075921 -0.161384
3.080922 -0.145249
3.085924 -0.108170
3.090925 -0.052266
3.095927 0.018051
3.100928 0.092591
3.105930 0.154763
3.110931 0.185848
3.115933 0.172377
3.120934 0.112702
3.125936 0.019548
3.130937 -0.082893
3.135939 -0.166959
3.140940 -0.211556
3.145942 -0.209080
3.150943 -0.165627
3.155945 -0.095701
3.160946 -0.015877
3.165948 0.059283
3.170949 0.118642
3.175951 0.154381
3.180952 0.161787
3.185954 0.139965
3.190955 0.092872
3.195957 0.028899
3.200958 -0.041524
3.205960 -0.108393
3.210961 -0.162769
3.215963 -0.196120
3.220964 -0.200435
3.225966 -0.170284
3.230967 -0.106167
3.235969 -0.017227
3.240970 0.078998
3.245972 0.160994
3.250973 0.210262
3.255975 0.217168
3.260976 0.183059
3.265978 0.118793
3.270979 0.041089
3.275981 -0.032290
3.280982 -0.087140
3.285984 -0.115274
3.290985 -0.114269
3.295987 -0.086296
3.300988 -0.037684
3.305990 0.021317
3.310991 0.078125
3.315993 0.120867
3.320994 0.141532
3.325996 0.137820
3.330997 0.112806
3.335999 0.072394
3.341000 0.022193
3.346002 -0.033560
3.351003 -0.090287
3.356005 -0.140838
3.361006 -0.175388
3.366008 -0.183879
3.371009 -0.159668
3.376011 -0.103003
3.381012 -0.022920
3.386014 0.063821
3.391015 0.136945
3.396017 0.178371
3.401018 0.177395
3.406020 0.134286
3.411021 0.061287
3.416023 -0.020439
3.421024 -0.088105
3.426026 -0.125980
3.431027 -0.130935
3.436029 -0.111852
3.441030 -0.083165
3.446032 -0.055967
3.451033 -0.031905
3.456035 -0.004054
3.461036 0.035478
3.466038 0.086582
3.471039 0.137479
3.476041 0.169330
3.481042 0.166584
3.486044 0.126754
3.491045 0.063268
3.496047 -0.000977
3.501048 -0.045544
3.506050 -0.062148
3.511051 -0.056564
3.516053 -0.043040
3.521054 -0.035560
3.526056 -0.040668
3.531057 -0.055058
3.536059 -0.068819
3.541060 -0.071905
3.546062 -0.059440
3.551063 -0.033128
3.556065 0.000384
3.561066 0.031943
3.566068 0.052240
3.571069 0.054268
3.576071 0.035662
3.581072 0.000025
3.586074 -0.043429
3.591075 -0.082482
3.596077 -0.106661
3.601078 -0.111980
3.606080 -0.102002
3.611081 -0.083868
3.616083 -0.062502
3.621084 -0.037949
3.626086 -0.007801
3.631087 0.027697
3.636089 0.062255
3.641090 0.085007
3.646092 0.086424
3.651093 0.064664
3.656095 0.027466
3.661096 -0.012048
3.666098 -0.042518
3.671099 -0.059221
3.676101 -0.063631
3.681102 -0.058698
3.686104 -0.043795
3.691105 -0.013655
3.696107 0.036982
3.701108 0.105916
3.706110 0.179275
3.711111 0.234697
3.716113 0.250532
3.721114 0.215753
3.726116 0.135414
3.731117 0.029054
3.736119 -0.077305
3.741120 -0.161463
3.746122 -0.212022
3.751123 -0.228882
3.756125 -0.218754
3.761126 -0.189675
3.766128 -0.147442
3.771129 -0.094805
3.776131 -0.032908
3.781132 0.036312
3.786134 0.108404
3.791135 0.176061
3.796137 0.229822
3.801138 0.259575
3.806140 0.257296
3.811141 0.220479
3.816143 0.154136
3.821144 0.069540
3.826146 -0.019764
3.831147 -0.102360
3.836149 -0.171531
3.841150 -0.224756
3.846152 -0.260453
3.851153 -0.274472
3.856155 -0.259752
3.861156 -0.210274
3.866158 -0.126860
3.871159 -0.020896
3.876161 0.086669
3.881162 0.171389
3.886164 0.214436
3.891165 0.210233
3.896167 0.167841
3.901168 0.105093
3.906170 0.039621
3.911171 -0.017598
3.916173 -0.063266
3.921174 -0.098038
3.926176 -0.121061
3.931177 -0.126766
3.936178 -0.106810
3.941180 -0.056276
3.946181 0.020223
3.951183 0.106767
3.956184 0.179879
3.961186 0.216357
3.966187 0.202425
3.971189 0.140308
3.976190 0.048255
3.981192 -0.046763
3.986193 -0.119697
3.991195 -0.155575
3.996196 -0.151869
4.001198 -0.115535
4.006199 -0.057465
4.011201 0.012151
4.016202 0.084916
4.021204 0.152021
4.026205 0.202018
4.031207 0.221946
4.036208 0.202067
4.041210 0.141377
4.046211 0.050199
4.051213 -0.052485
4.056214 -0.146207
4.061216 -0.216631
4.066217 -0.258796
4.071219 -0.274556
4.076220 -0.267331
4.081222 -0.238633
4.086223 -0.188369
4.091225 -0.118027
4.096226 -0.034295
4.101228 0.049640
4.106229 0.117024
4.111231 0.153824
4.116232 0.154591
4.121234 0.124292
4.126235 0.075463
4.131237 0.022594
4.136238 -0.023618
4.141240 -0.059495
4.146241 -0.087375
4.151243 -0.111269
4.156244 -0.132488
4.161246 -0.147857
4.166247 -0.150390
4.171249 -0.131099
4.176250 -0.081530
4.181252 0.002697
4.186253 0.117848
4.191255 0.249008
4.196256 0.369957
4.201258 0.447951
4.206259 0.453615
4.211261 0.372522
4.216262 0.212523
4.221264 0.002753
4.226265 -0.214910
4.231267 -0.397738
4.236268 -0.512847
4.241270 -0.543325
4.246271 -0.488369
4.251273 -0.358998
4.256274 -0.173216
4.261276 0.046412
4.266277 0.273131
4.271279 0.476503
4.276280 0.624791
4.281282 0.689882
4.286283 0.654438
4.291285 0.518793
4.296286 0.303418
4.301288 0.044777
4.306289 -0.213171
4.311291 -0.427851
4.316292 -0.565437
4.321294 -0.606573
4.326295 -0.549623
4.331297 -0.410092
4.336298 -0.216222
4.341300 -0.002395
4.346301 0.197676
4.351303 0.356299
4.356304 0.454630
4.361306 0.483192
4.366307 0.441428
4.371309 0.337022
4.376310 0.184703
4.381312 0.004799
4.386313 -0.177530
4.391315 -0.333092
4.396316 -0.432220
4.401318 -0.452310
4.406319 -0.386389
4.411321 -0.247879
4.416322 -0.068759
4.421324 0.108463
4.426325 0.242554
4.431327 0.305393
4.436328 0.289449
4.441330 0.207924
4.446331 0.087830
4.451333 -0.040770
4.456334 -0.154596
4.461336 -0.241499
4.466337 -0.297538
4.471339 -0.320029
4.476340 -0.303107
4.481342 -0.239932
4.486343 -0.129753
4.491345 0.015649
4.496346 0.170762
4.501348 0.301862
4.506349 0.377518
4.511351 0.379504
4.516352 0.308663
4.521354 0.183055
4.526355 0.030451
4.531357 -0.120201
4.536358 -0.244909
4.541360 -0.327624
4.546361 -0.360924
4.551363 -0.345500
4.556364 -0.288753
4.561366 -0.201988
4.566367 -0.096419
4.571369 0.019524
4.576370 0.138766
4.581372 0.251031
4.586373 0.340455
4.591375 0.389448
4.596376 0.387011
4.601378 0.335376
4.606379 0.250176
4.611381 0.153642
4.616382 0.064347
4.621384 -0.010729
4.626385 -0.076521
4.631387 -0.141957
4.636388 -0.209396
4.641390 -0.269315
4.646391 -0.304016
4.651393 -0.297590
4.656394 -0.245498
4.661396 -0.157860
4.666397 -0.055096
4.671399 0.040093
4.676400 0.108749
4.681402 0.137736
4.686403 0.120628
4.691405 0.060107
4.696406 -0.029475
4.701408 -0.123298
4.706409 -0.193081
4.711411 -0.217892
4.716412 -0.193506
4.721414 -0.134388
4.726415 -0.065651
4.731417 -0.008960
4.736418 0.028561
4.741420 0.055000
4.746421 0.083964
4.751423 0.121493
4.756424 0.158616
4.761426 0.175328
4.766427 0.154594
4.771429 0.097178
4.776430 0.025870
4.781432 -0.025469
4.786433 -0.031645
4.791435 0.007874
4.796436 0.066745
4.801438 0.105225
4.806439 0.092126
4.811441 0.022317
4.816442 -0.081205
4.821444 -0.181517
4.826445 -0.247900
4.831447 -0.268565
4.836448 -0.249781
4.841450 -0.205149
4.846451 -0.144140
4.851453 -0.067667
4.856454 0.027521
4.861456 0.140466
4.866457 0.260879
4.871459 0.370611
4.876460 0.449284
4.881462 0.479819
4.886463 0.452222
4.891465 0.366375
4.896466 0.234138
4.901468 0.079407
4.906469 -0.065825
4.911471 -0.170373
4.916472 -0.215659
4.921473 -0.204376
4.926475 -0.159406
4.931476 -0.112071
4.936478 -0.086660
4.941479 -0.090495
4.946481 -0.114012
4.951482 -0.138943
4.956484 -0.149453
4.961485 -0.140625
4.966487 -0.120015
4.971488 -0.101581
4.976490 -0.095901
4.981491 -0.102743
4.986493 -0.110312
4.991494 -0.101658
4.996496 -0.064774
5.001497 -0.000337
5.006499 0.078004
5.011500 0.150797
5.016502 0.202086
5.021503 0.224837
5.026505 0.220576
5.031506 0.195434
5.036508 0.156021
5.041509 0.107647
5.046511 0.055493
5.051512 0.006755
5.056514 -0.029446
5.061515 -0.045414
5.066517 -0.038781
5.071518 -0.013531
5.076520 0.022384
5.081521 0.060564
5.086523 0.094334
5.091524 0.118517
5.096526 0.127610
5.101527 0.115161
5.106529 0.076949
5.111530 0.016646
5.116532 -0.051543
5.121533 -0.107674
5.126535 -0.136609
5.131536 -0.137371
5.136538 -0.124507
5.141539 -0.119658
5.146541 -0.137897
5.151542 -0.177526
5.156544 -0.220585
5.161545 -0.243994
5.166547 -0.233381
5.171548 -0.190107
5.176550 -0.127696
5.181551 -0.061361
5.186553 0.001668
5.191554 0.064439
5.196556 0.133905
5.201557 0.211161
5.206559 0.286384
5.211560 0.342421
5.216562 0.363640
5.221563 0.343189
5.226565 0.284597
5.231566 0.198498
5.236568 0.098018
5.241569 -0.003902
5.246571 -0.094505
5.251572 -0.160879
5.256574 -0.192237
5.261575 -0.184754
5.266577 -0.145276
5.271578 -0.090429
5.276580 -0.041074
5.281581 -0.014803
5.286583 -0.019447
5.291584 -0.050118
5.296586 -0.091536
5.301587 -0.125255
5.306589 -0.138366
5.311590 -0.129053
5.316592 -0.106299
5.321593 -0.084083
5.326595 -0.072966
5.331596 -0.073584
5.336598 -0.076176
5.341599 -0.066842
5.346601 -0.036663
5.351602 0.011797
5.356604 0.064138
5.361605 0.100099
5.366607 0.103342
5.371608 0.070365
5.376610 0.013385
5.381611 -0.045074
5.386613 -0.083187
5.391614 -0.090407
5.396616 -0.071833
5.401617 -0.043846
5.406619 -0.023368
5.411620 -0.017474
5.416622 -0.020230
5.421623 -0.018342
5.426625 -0.000677
5.431626 0.035017
5.436628 0.081453
5.441629 0.126224
5.446631 0.158192
5.451632 0.172360
5.456634 0.170666
5.461635 0.158700
5.466637 0.141087
5.471638 0.118574
5.476640 0.088073
5.481641 0.045239
5.486643 -0.011480
5.491644 -0.077195
5.496646 -0.139681
5.501647 -0.182289
5.506649 -0.189475
5.511650 -0.152926
5.516652 -0.076571
5.521653 0.021506
5.526655 0.112696
5.531656 0.167325
5.536658 0.166137
5.541659 0.108127
5.546661 0.011233
5.551662 -0.094244
5.556664 -0.177103
5.561665 -0.217054
5.566667 -0.211098
5.571668 -0.171097
5.576670 -0.114547
5.581671 -0.054559
5.586673 0.005259
5.591674 0.068816
5.596676 0.140299
5.601677 0.216630
5.606679 0.284976
5.611680 0.327298
5.616682 0.328946
5.621683 0.285791
5.626685 0.205951
5.631686 0.105798
5.636688 0.003118
5.641689 -0.088265
5.646691 -0.159580
5.651692 -0.204896
5.656694 -0.219459
5.661695 -0.201169
5.666697 -0.153975
5.671698 -0.089714
5.676700 -0.025965
5.681701 0.019864
5.686703 0.037638
5.691704 0.028741
5.696706 0.004366
5.701707 -0.021402
5.706709 -0.039119
5.711710 -0.047383
5.716712 -0.050862
5.721713 -0.055169
5.726715 -0.062134
5.731716 -0.068377
5.736718 -0.067955
5.741719 -0.056820
5.746721 -0.035399
5.751722 -0.007700
5.756724 0.021173
5.761725 0.046625
5.766727 0.064836
5.771728 0.072734
5.776730 0.068395
5.781731 0.051981
5.786733 0.026918
5.791734 0.000178
5.796736 -0.019800
5.801737 -0.027185
5.806739 -0.022126
5.811740 -0.010792
5.816742 -0.001803
5.821743 -0.001139
5.826745 -0.008444
5.831746 -0.017215
5.836748 -0.019383
5.841749 -0.011510
5.846751 0.002194
5.851752 0.012646
5.856754 0.012328
5.861755 0.000655
5.866757 -0.015083
5.871758 -0.023513
5.876760 -0.015542
5.881761 0.010395
5.886763 0.047618
5.891764 0.085319
5.896765 0.114151
5.901767 0.129425
5.906768 0.130739
5.911770 0.119539
5.916771 0.096899
5.921773 0.063278
5.926774 0.020531
5.931776 -0.025719
5.936777 -0.066162
5.941779 -0.091180
5.946780 -0.095121
5.951782 -0.078471
5.956783 -0.047115
5.961785 -0.009908
5.966786 0.024076
5.971788 0.047525
5.976789 0.055359
5.981791 0.044209
5.986792 0.012607
5.991794 -0.037317
5.996795 -0.098178
6.001797 -0.157945
6.006798 -0.203272
6.011800 -0.223933
6.016801 -0.216064
6.021803 -0.182430
6.026804 -0.129592
6.031806 -0.064263
6.036807 0.007956
6.041809 0.080829
6.046810 0.145414
6.051812 0.190563
6.056813 0.206196
6.061815 0.187444
6.066816 0.137602
6.071818 0.068246
6.076819 -0.004205
6.081821 -0.064037
6.086822 -0.100668
6.091824 -0.109742
6.096825 -0.091667
6.101827 -0.049885
6.106828 0.009739
6.111830 0.078482
6.116831 0.144343
6.121833 0.193204
6.126834 0.212664
6.131836 0.197220
6.136837 0.151239
6.141839 0.087145
6.146840 0.019922
6.151842 -0.038487
6.156843 -0.082116
6.161845 -0.110551
6.166846 -0.126039
6.171848 -0.130161
6.176849 -0.122391
6.181851 -0.101376
6.186852 -0.067440
6.191854 -0.024334
6.196855 0.020534
6.201857 0.057391
6.206858 0.076955
6.211860 0.074057
6.216861 0.050028
6.221863 0.012300
6.226864 -0.028397
6.231866 -0.061683
6.236867 -0.080722
6.241869 -0.083951
6.246870 -0.074572
6.251872 -0.058101
6.256873 -0.039486
6.261875 -0.021219
6.266876 -0.002770
6.271878 0.018546
6.276879 0.045122
6.281881 0.076114
6.286882 0.106281
6.291884 0.127698
6.296885 0.132998
6.301887 0.118161
6.306888 0.084041
6.311890 0.036320
6.316891 -0.016542
6.321893 -0.066699
6.326894 -0.109460
6.331896 -0.143314
6.336897 -0.168099
6.341899 -0.183078
6.346900 -0.185982
6.351902 -0.173318
6.356903 -0.142132
6.361905 -0.092624
6.366906 -0.029873
6.371908 0.036583
6.376909 0.094955
6.381911 0.134156
6.386912 0.146888
6.391914 0.131989
6.396915 0.094653
6.401917 0.044141
6.406918 -0.009432
6.411920 -0.057452
6.416921 -0.093970
6.421923 -0.116137
6.426924 -0.123889
6.431926 -0.118894
6.436927 -0.103580
6.441929 -0.080839
6.446930 -0.054018
6.451932 -0.026627
6.456933 -0.001988
6.461935 0.017025
6.466936 0.028650
6.471938 0.033365
6.476939 0.034274
6.481941 0.035874
6.486942 0.041937
6.491944 0.053871
6.496945 0.070142
6.501947 0.086908
6.506948 0.099938
6.511950 0.106881
6.516951 0.108122
6.521953 0.105536
6.526954 0.100561
6.531956 0.093306
6.536957 0.082933
6.541959 0.068636
6.546960 0.050830
6.551962 0.032026
6.556963 0.016473
6.561965 0.008421
6.566966 0.010307
6.571968 0.021884
6.576969 0.040132
6.581971 0.059591
6.586972 0.073552
6.591974 0.076119
6.596975 0.064056
6.601977 0.037523
6.606978 -0.000045
6.611980 -0.042562
6.616981 -0.082762
6.621983 -0.114392
6.626984 -0.133866
6.631986 -0.140437
6.636987 -0.135421
6.641989 -0.121316
6.646990 -0.100875
6.651992 -0.076228
6.656993 -0.048799
6.661995 -0.020180
6.666996 0.007094
6.671998 0.029607
6.676999 0.043480
6.682001 0.044752
6.687002 0.030347
6.692004 -0.000247
6.697005 -0.043820
6.702007 -0.093941
6.707008 -0.142693
6.712010 -0.182605
6.717011 -0.208320
6.722013 -0.217542
6.727014 -0.210550
6.732016 -0.188553
6.737017 -0.152468
6.742019 -0.103094
6.747020 -0.042080
6.752022 0.027187
6.757023 0.098908
6.762025 0.164774
6.767026 0.215432
6.772028 0.243439
6.777029 0.245885
6.782031 0.225103
6.787032 0.187705
6.792034 0.142925
6.797035 0.100574
6.802037 0.068812
6.807038 0.052503
6.812040 0.052664
6.817041 0.066740
6.822043 0.089518
6.827044 0.114900
6.832046 0.137865
6.837047 0.155031
6.842049 0.163396
6.847050 0.159006
6.852052 0.137401
6.857053 0.095736
6.862055 0.035233
6.867056 -0.037327
6.872058 -0.110158
6.877059 -0.169690
6.882060 -0.205438
6.887062 -0.213828
6.892063 -0.198953
6.897065 -0.170358
6.902066 -0.139179
6.907068 -0.113978
6.912069 -0.097880
6.917071 -0.088588
6.922072 -0.081081
6.927074 -0.070822
6.932075 -0.055610
6.937077 -0.036036
6.942078 -0.015013
6.947080 0.003557
6.952081 0.016557
6.957083 0.022603
6.962084 0.021753
6.967086 0.015014
6.972087 0.004430
6.977089 -0.006875
6.982090 -0.015381
6.987092 -0.018021
6.992093 -0.012513
6.997095 0.002470
7.002096 0.026820
7.007098 0.058543
7.012099 0.093809
7.017101 0.127219
7.022102 0.152174
7.027104 0.161963
7.032105 0.151807
7.037107 0.120713
7.042108 0.071962
7.047110 0.012294
7.052111 -0.049606
7.057113 -0.105116
7.062114 -0.147656
7.067116 -0.173531
7.072117 -0.181389
7.077119 -0.171395
7.082120 -0.144963
7.087122 -0.104679
7.092123 -0.054147
7.097125 0.001869
7.102126 0.057146
7.107128 0.104622
7.112129 0.138171
7.117131 0.154207
7.122132 0.151880
7.127134 0.132277
7.132135 0.097689
7.137137 0.051387
7.142138 -0.001968
7.147140 -0.055337
7.152141 -0.098844
7.157143 -0.121628
7.162144 -0.116026
7.167146 -0.081411
7.172147 -0.024920
7.177149 0.041197
7.182150 0.103836
7.187152 0.152854
7.192153 0.182861
7.197155 0.192298
7.202156 0.180954
7.207158 0.148444
7.212159 0.095152
7.217161 0.024689
7.222162 -0.054260
7.227164 -0.128236
7.232165 -0.181972
7.237167 -0.203399
7.242168 -0.188411
7.247170 -0.142387
7.252171 -0.077576
7.257173 -0.008515
7.262174 0.051652
7.267176 0.093039
7.272177 0.109627
7.277179 0.099359
7.282180 0.064222
7.287182 0.010586
7.292183 -0.051015
7.297185 -0.108025
7.302186 -0.149614
7.307188 -0.169686
7.312189 -0.167493
7.317191 -0.146578
7.322192 -0.113276
7.327194 -0.074979
7.332195 -0.038235
7.337197 -0.007682
7.342198 0.013776
7.347200 0.024556
7.352201 0.024659
7.357203 0.015990
7.362204 0.001948
7.367206 -0.013286
7.372207 -0.025212
7.377209 -0.029655
7.382210 -0.024055
7.387212 -0.008636
7.392213 0.013544
7.397215 0.037640
7.402216 0.058649
7.407218 0.073311
7.412219 0.081562
7.417221 0.086295
7.422222 0.091231
7.427224 0.098428
7.432225 0.107034
7.437227 0.113496
7.442228 0.112853
7.447230 0.100924
7.452231 0.076451
7.457233 0.041724
7.462234 0.001384
7.467236 -0.039274
7.472237 -0.075420
7.477239 -0.103568
7.482240 -0.122460
7.487242 -0.133089
7.492243 -0.137357
7.497245 -0.136428
7.502246 -0.130046
7.507248 -0.116867
7.512249 -0.095375
7.517251 -0.065397
7.522252 -0.029761
7.527254 0.005496
7.532255 0.033155
7.537257 0.047699
7.542258 0.047222
7.547260 0.033884
7.552261 0.013069
7.557263 -0.008778
7.562264 -0.026833
7.567266 -0.039169
7.572267 -0.045828
7.577269 -0.047121
7.582270 -0.042787
7.587272 -0.031991
7.592273 -0.013714
7.597275 0.012313
7.602276 0.044348
7.607278 0.078395
7.612279 0.109607
7.617281 0.134094
7.622282 0.149698
7.627284 0.155811
7.632285 0.152934
7.637287 0.141930
7.642288 0.123053
7.647290 0.095849
7.652291 0.060540
7.657293 0.019602
7.662294 -0.022028
7.667296 -0.058145
7.672297 -0.083045
7.677299 -0.093388
7.682300 -0.089534
7.687302 -0.075255
7.692303 -0.055618
7.697305 -0.034661
7.702306 -0.014486
7.707308 0.004259
7.712309 0.021465
7.717311 0.036643
7.722312 0.048237
7.727314 0.053759
7.732315 0.050907
7.737317 0.038788
7.742318 0.018515
7.747320 -0.006686
7.752321 -0.031741
7.757323 -0.050832
7.762324 -0.059299
7.767326 -0.055262
7.772327 -0.040090
7.777329 -0.017883
7.782330 0.005605
7.787332 0.024586
7.792333 0.034920
7.797335 0.034947
7.802336 0.025231
7.807338 0.008111
7.812339 -0.012561
7.817341 -0.032134
7.822342 -0.046609
7.827344 -0.053815
7.832345 -0.053387
7.837347 -0.046094
7.842348 -0.033452
7.847350 -0.017488
7.852351 -0.000302
7.857353 0.016147
7.862354 0.029655
7.867355 0.037421
7.872357 0.036543
7.877358 0.025175
7.882360 0.003705
7.887361 -0.024469
7.892363 -0.053110
7.897364 -0.074850
7.902366 -0.083873
7.907367 -0.077861
7.912369 -0.058194
7.917370 -0.028971
7.922372 0.004339
7.927373 0.036457
7.932375 0.063741
7.937376 0.084440
7.942378 0.097570
7.947379 0.101860
7.952381 0.096041
7.957382 0.079994
7.962384 0.055471
7.967385 0.026023
7.972387 -0.003673
7.977388 -0.029054
7.982390 -0.047130
7.987391 -0.057220
7.992393 -0.060552
7.997394 -0.059333
8.002396 -0.055926
8.007397 -0.051993
8.012399 -0.047742
8.017400 -0.042116
8.022402 -0.034041
8.027403 -0.023543
8.032405 -0.011827
8.037406 -0.000885
8.042408 0.006695
8.047409 0.008228
8.052411 0.002150
8.057412 -0.010960
8.062414 -0.028565
8.067415 -0.047225
8.072417 -0.063605
8.077418 -0.075223
8.082420 -0.080916
8.087421 -0.080518
8.092423 -0.073875
8.097424 -0.060322
8.102426 -0.039344
8.107427 -0.011613
8.112429 0.020594
8.117430 0.053525
8.122432 0.082306
8.127433 0.101860
8.132435 0.108490
8.137436 0.101200
8.142438 0.081882
8.147439 0.054605
8.152441 0.024589
8.157442 -0.003025
8.162444 -0.024400
8.167445 -0.037437
8.172447 -0.041298
8.177448 -0.035931
8.182450 -0.022204
8.187451 -0.001963
8.192453 0.022486
8.197454 0.048759
8.202456 0.074212
8.207457 0.095944
8.212459 0.111600
8.217460 0.120097
8.222462 0.121363
8.227463 0.115638
8.232465 0.103272
8.237466 0.084882
8.242468 0.061361
8.247469 0.033934
8.252471 0.004416
8.257472 -0.024972
8.262474 -0.052443
8.267475 -0.077082
8.272477 -0.098189
8.277478 -0.114397
8.282480 -0.123651
8.287481 -0.123898
8.292483 -0.113878
8.297484 -0.093963
8.302486 -0.066881
8.307487 -0.037468
8.312489 -0.011115
8.317490 0.008058
8.322492 0.018089
8.327493 0.019100
8.332495 0.012704
8.337496 0.001090
8.342498 -0.013890
8.347499 -0.030831
8.352501 -0.048000
8.357502 -0.062737
8.362504 -0.071823
8.367505 -0.072472
8.372507 -0.063367
8.377508 -0.045614
8.382510 -0.023080
8.387511 -0.001129
8.392513 0.015996
8.397514 0.027197
8.402516 0.034406
8.407517 0.040816
8.412519 0.048879
8.417520 0.058882
8.422522 0.068555
8.427523 0.074208
8.432525 0.072900
8.437526 0.063976
8.442528 0.048878
8.447529 0.029986
8.452531 0.009681
8.457532 -0.010194
8.462534 -0.028709
8.467535 -0.045706
8.472537 -0.060960
8.477538 -0.073516
8.482540 -0.081959
8.487541 -0.085100
8.492543 -0.082309
8.497544 -0.073648
8.502546 -0.060145
8.507547 -0.043808
8.512549 -0.027002
8.517550 -0.011770
8.522552 0.000418
8.527553 0.008744
8.532555 0.013257
8.537556 0.014838
8.542558 0.014657
8.547559 0.013698
8.552561 0.012796
8.557562 0.012823
8.562564 0.014696
8.567565 0.019443
8.572567 0.028264
8.577568 0.041869
8.582570 0.059196
8.587571 0.076989
8.592573 0.091116
8.597574 0.098485
8.602576 0.098012
8.607577 0.090535
8.612579 0.078226
8.617580 0.063620
8.622582 0.048529
8.627583 0.033755
8.632585 0.019859
8.637586 0.007849
8.642588 -0.001019
8.647589 -0.005708
8.652591 -0.005532
8.657592 -0.000323
8.662594 0.009130
8.667595 0.021008
8.672597 0.033041
8.677598 0.043048
8.682600 0.049001
8.687601 0.049110
8.692603 0.042338
8.697604 0.028834
8.702606 0.009846
8.707607 -0.012568
8.712609 -0.035775
8.717610 -0.057136
8.722612 -0.074827
8.727613 -0.088047
8.732615 -0.096296
8.737616 -0.098730
8.742618 -0.094457
8.747619 -0.083210
8.752621 -0.065644
8.757622 -0.043422
8.762624 -0.019298
8.767625 0.003361
8.772627 0.021751
8.777628 0.034482
8.782630 0.041307
8.787631 0.042395
8.792633 0.038000
8.797634 0.028337
8.802636 0.013432
8.807637 -0.006479
8.812639 -0.029852
8.817640 -0.053271
8.822642 -0.072360
8.827643 -0.083345
8.832645 -0.084019
8.837646 -0.074040
8.842647 -0.054942
8.847649 -0.029543
8.852650 -0.000718
8.857652 0.029480
8.862653 0.059564
8.867655 0.087902
8.872656 0.112505
8.877658 0.131135
8.882659 0.141276
8.887661 0.140382
8.892662 0.126804
8.897664 0.100730
8.902665 0.064373
8.907667 0.021602
8.912668 -0.022550
8.917670 -0.062615
8.922671 -0.093729
8.927673 -0.112452
8.932674 -0.117077
8.937676 -0.107811
8.942677 -0.086985
8.947679 -0.058786
8.952680 -0.028231
8.957682 0.000039
8.962683 0.022527
8.967685 0.037281
8.972686 0.044020
8.977688 0.043597
8.982689 0.036995
8.987691 0.024939
8.992692 0.008472
8.997694 -0.010533
9.002695 -0.029670
9.007697 -0.046468
9.012698 -0.058438
9.017700 -0.063249
9.022701 -0.059538
9.027703 -0.047744
9.032704 -0.030159
9.037706 -0.010352
9.042707 0.007718
9.047709 0.020954
9.052710 0.028253
9.057712 0.030412
9.062713 0.028708
9.067715 0.023695
9.072716 0.015389
9.077718 0.004155
9.082719 -0.008817
9.087721 -0.021585
9.092722 -0.031739
9.097724 -0.037105
9.102725 -0.036732
9.107727 -0.031241
9.112728 -0.022109
9.117730 -0.010836
9.122731 0.001193
9.127733 0.012653
9.132734 0.022530
9.137736 0.030198
9.142737 0.035062
9.147739 0.036444
9.152740 0.034086
9.157742 0.028460
9.162743 0.020413
9.167745 0.010929
9.172746 0.001395
9.177748 -0.006453
9.182749 -0.011367
9.187751 -0.013212
9.192752 -0.012664
9.197754 -0.010681
9.202755 -0.008416
9.207757 -0.006974
9.212758 -0.006631
9.217760 -0.006412
9.222761 -0.004755
9.227763 -0.000525
9.232764 0.006651
9.237766 0.016529
9.242767 0.028361
9.247769 0.041092
9.252770 0.053866
9.257772 0.066275
9.262773 0.077991
9.267775 0.088338
9.272776 0.096406
9.277778 0.101314
9.282779 0.102109
9.287781 0.097696
9.292782 0.087262
9.297784 0.070734
9.302785 0.048835
9.307787 0.023079
9.312788 -0.004097
9.317790 -0.029633
9.322791 -0.050747
9.327793 -0.065630
9.332794 -0.073405
9.337796 -0.073973
9.342797 -0.068258
9.347799 -0.058314
9.352800 -0.046927
9.357802 -0.037082
9.362803 -0.031593
9.367805 -0.032478
9.372806 -0.040099
9.377808 -0.052905
9.382809 -0.068180
9.387811 -0.082998
9.392812 -0.094727
9.397814 -0.101368
9.402815 -0.101972
9.407817 -0.096676
9.412818 -0.086116
9.417820 -0.070887
9.422821 -0.051625
9.427823 -0.029406
9.432824 -0.005988
9.437826 0.016175
9.442827 0.034231
9.447829 0.045843
9.452830 0.050292
9.457832 0.048672
9.462833 0.042946
9.467835 0.034978
9.472836 0.026255
9.477838 0.017780
9.482839 0.009793
9.487841 0.001928
9.492842 -0.005905
9.497844 -0.012886
9.502845 -0.017664
9.507847 -0.019150
9.512848 -0.016937
9.517850 -0.011342
9.522851 -0.003351
9.527853 0.005725
9.532854 0.014759
9.537856 0.022878
9.542857 0.028982
9.547859 0.031585
9.552860 0.029515
9.557862 0.022758
9.562863 0.012665
9.567865 0.001683
9.572866 -0.007095
9.577868 -0.010757
9.582869 -0.007609
9.587871 0.002433
9.592872 0.018361
9.597874 0.038578
9.602875 0.060816
9.607877 0.082129
9.612878 0.099575
9.617880 0.111018
9.622881 0.115385
9.627883 0.112673
9.632884 0.103973
9.637886 0.091097
9.642887 0.075764
9.647889 0.059242
9.652890 0.042848
9.657892 0.028329
9.662893 0.017325
9.667895 0.010554
9.672896 0.007554
9.677898 0.006862
9.682899 0.006232
9.687901 0.003251
9.692902 -0.003541
9.697904 -0.013927
9.702905 -0.026464
9.707907 -0.039516
9.712908 -0.051821
9.717910 -0.062538
9.722911 -0.071242
9.727913 -0.077767
9.732914 -0.081837
9.737916 -0.083042
9.742917 -0.081449
9.747919 -0.078126
9.752920 -0.074800
9.757922 -0.073031
9.762923 -0.073622
9.767925 -0.076332
9.772926 -0.079762
9.777928 -0.081737
9.782929 -0.080292
9.787931 -0.074535
9.792932 -0.064742
9.797934 -0.051990
9.802935 -0.037918
9.807937 -0.024387
9.812938 -0.012800
9.817940 -0.003583
9.822941 0.003555
9.827942 0.009028
9.832944 0.013174
9.837945 0.016324
9.842947 0.018665
9.847948 0.020174
9.852950 0.020861
9.857951 0.020906
9.862953 0.020364
9.867954 0.019085
9.872956 0.017211
9.877957 0.015472
9.882959 0.014713
9.887960 0.015303
9.892962 0.017205
9.897963 0.020359
9.902965 0.024729
9.907966 0.030197
9.912968 0.036612
9.917969 0.043715
9.922971 0.050833
9.927972 0.057010
9.932974 0.061772
9.937975 0.065563
9.942977 0.069087
9.947978 0.072338
9.952980 0.074493
9.957981 0.074619
9.962983 0.072351
9.967984 0.068168
9.972986 0.063249
9.977987 0.058699
9.982989 0.054509
9.987990 0.049344
9.992992 0.041465
9.997993 0.029678
10.002995 0.013477
10.007996 -0.007008
10.012998 -0.030657
10.017999 -0.055162
10.023001 -0.077606
10.028002 -0.095245
10.033004 -0.105866
10.038005 -0.108067
10.043007 -0.101765
10.048008 -0.088324
10.053010 -0.070047
10.058011 -0.049639
10.063013 -0.030054
10.068014 -0.014137
10.073016 -0.003805
10.078017 0.000450
10.083019 -0.000817
10.088020 -0.006576
10.093022 -0.015452
10.098023 -0.025771
10.103025 -0.035921
10.108026 -0.044507
10.113028 -0.050096
10.118029 -0.051290
10.123031 -0.047474
10.128032 -0.039236
10.133034 -0.027796
10.138035 -0.014280
10.143037 0.000300
10.148038 0.014802
10.153040 0.028160
10.158041 0.039750
10.163043 0.049397
10.168044 0.057350
10.173046 0.064444
10.178047 0.071873
10.183049 0.080336
10.188050 0.089496
10.193052 0.098333
10.198053 0.105674
10.203055 0.110125
10.208056 0.109957
10.213058 0.103640
10.218059 0.090639
10.223061 0.071733
10.228062 0.048869
10.233064 0.024735
10.238065 0.001907
10.243067 -0.018083
10.248068 -0.034822
10.253070 -0.048140
10.258071 -0.057510
10.263073 -0.062510
10.268074 -0.063605
10.273076 -0.062165
10.278077 -0.059880
10.283079 -0.058259
10.288080 -0.058320
10.293082 -0.060303
10.298083 -0.063675
10.303085 -0.067520
10.308086 -0.070787
10.313088 -0.072242
10.318089 -0.070705
10.323091 -0.065616
10.328092 -0.057166
10.333094 -0.045835
10.338095 -0.032200
10.343097 -0.017363
10.348098 -0.003054
10.353100 0.009188
10.358101 0.018918
10.363103 0.026775
10.368104 0.033773
10.373106 0.040636
10.378107 0.047257
10.383109 0.052443
10.388110 0.054507
10.393112 0.052632
10.398113 0.047687
10.403115 0.041665
10.408116 0.036542
10.413118 0.033649
10.418119 0.033445
10.423121 0.035289
10.428122 0.037652
10.433124 0.038999
10.438125 0.038461
10.443127 0.035608
10.448128 0.029992
10.453130 0.021230
10.458131 0.009273
10.463133 -0.005664
10.468134 -0.023128
10.473136 -0.042050
10.478137 -0.060436
10.483139 -0.075705
10.488140 -0.085364
10.493142 -0.087592
10.498143 -0.081845
10.503145 -0.069353
10.508146 -0.052809
10.513148 -0.035185
10.518149 -0.018798
10.523151 -0.005372
10.528152 0.003580
10.533154 0.006833
10.538155 0.003793
10.543157 -0.005311
10.548158 -0.019204
10.553160 -0.035343
10.558161 -0.050312
10.563163 -0.060864
10.568164 -0.064678
10.573166 -0.060382
10.578167 -0.047573
10.583169 -0.027321
10.588170 -0.002330
10.593172 0.023819
10.598173 0.047737
10.603175 0.066775
10.608176 0.079218
10.613178 0.084507
10.618179 0.083214
10.623181 0.076555
10.628182 0.065985
10.633184 0.053225
10.638185 0.040237
10.643187 0.028803
10.648188 0.020137
10.653190 0.014901
10.658191 0.013307
10.663193 0.015073
10.668194 0.019483
10.673196 0.025689
10.678197 0.032833
10.683199 0.039862
10.688200 0.045563
10.693202 0.048978
10.698203 0.049601
10.703205 0.047116
10.708206 0.041368
10.713208 0.032922
10.718209 0.023348
10.723211 0.014434
10.728212 0.007083
10.733214 0.001037
10.738215 -0.004545
10.743217 -0.010360
10.748218 -0.016426
10.753220 -0.021899
10.758221 -0.025491
10.763223 -0.026295
10.768224 -0.024189
10.773226 -0.019527
10.778227 -0.012828
10.783229 -0.004962
10.788230 0.002729
10.793232 0.008883
10.798233 0.012588
10.803235 0.013244
10.808236 0.010336
10.813237 0.003695
10.818239 -0.006070
10.823240 -0.017555
10.828242 -0.028778
10.833243 -0.037494
10.838245 -0.041925
10.843246 -0.041726
10.848248 -0.038148
10.853249 -0.033039
10.858251 -0.027795
10.863252 -0.023198
10.868254 -0.019749
10.873255 -0.017841
10.878257 -0.017890
10.883258 -0.020514
10.888260 -0.026269
10.893261 -0.034900
10.898263 -0.045033
10.903264 -0.054751
10.908266 -0.062260
10.913267 -0.066053
10.918269 -0.065111
10.923270 -0.059489
10.928272 -0.050557
10.933273 -0.040352
10.938275 -0.030669
10.943276 -0.022618
10.948278 -0.016578
10.953279 -0.012292
10.958281 -0.009277
10.963282 -0.007304
10.968284 -0.006208
10.973285 -0.005133
10.978287 -0.002369
10.983288 0.003728
10.988290 0.013788
10.993291 0.027349
10.998293 0.043164
11.003294 0.059313
11.008296 0.073579
11.013297 0.084379
11.018299 0.091321
11.023300 0.094672
11.028302 0.094523
11.033303 0.090696
11.038305 0.083147
11.043306 0.072183
11.048308 0.058588
11.053309 0.043798
11.058311 0.029646
11.063312 0.017550
11.068314 0.007972
11.073315 0.000651
11.078317 -0.005006
11.083318 -0.009898
11.088320 -0.015022
11.093321 -0.020791
11.098323 -0.026676
11.103324 -0.031748
11.108326 -0.035458
11.113327 -0.037865
11.118329 -0.039503
11.123330 -0.041232
11.128332 -0.043837
11.133333 -0.047398
11.138335 -0.051208
11.143336 -0.054460
11.148338 -0.056788
11.153339 -0.058097
11.158341 -0.058325
11.163342 -0.057717
11.168344 -0.056956
11.173345 -0.056632
11.178347 -0.056725
11.183348 -0.056664
11.188350 -0.055511
11.193351 -0.051951
11.198353 -0.044665
11.203354 -0.033220
11.208356 -0.018532
11.213357 -0.002333
11.218359 0.013584
11.223360 0.027619
11.228362 0.038482
11.233363 0.045524
11.238365 0.048805
11.243366 0.048601
11.248368 0.045089
11.253369 0.038614
11.258371 0.029903
11.263372 0.019755
11.268374 0.008847
11.273375 -0.001940
11.278377 -0.011341
11.283378 -0.018153
11.288380 -0.021667
11.293381 -0.021550
11.298383 -0.017628
11.303384 -0.010055
11.308386 0.000548
11.313387 0.013275
11.318389 0.027001
11.323390 0.040070
11.328392 0.050331
11.333393 0.055852
11.338395 0.055619
11.343396 0.049631
11.348398 0.038876
11.353399 0.025451
11.358401 0.012218
11.363402 0.001714
11.368404 -0.004756
11.373405 -0.007019
11.378407 -0.005424
11.383408 -0.000555
11.388410 0.006754
11.393411 0.015526
11.398413 0.024713
11.403414 0.033083
11.408416 0.039331
11.413417 0.042582
11.418419 0.042667
11.423420 0.039832
11.428422 0.034509
11.433423 0.027503
11.438425 0.019946
11.443426 0.012632
11.448428 0.005567
11.453429 -0.001609
11.458431 -0.008974
11.463432 -0.016228
11.468434 -0.022968
11.473435 -0.028791
11.478437 -0.033328
11.483438 -0.036413
11.488440 -0.038028
11.493441 -0.037959
11.498443 -0.035808
11.503444 -0.031648
11.508446 -0.026447
11.513447 -0.021578
11.518449 -0.018054
11.523450 -0.016441
11.528452 -0.017133
11.533453 -0.020262
11.538455 -0.025485
11.543456 -0.032176
11.548458 -0.039711
11.553459 -0.047346
11.558461 -0.054021
11.563462 -0.058568
11.568464 -0.059992
11.573465 -0.057487
11.578467 -0.050662
11.583468 -0.040156
11.588470 -0.027769
11.593471 -0.015597
11.598473 -0.005057
11.603474 0.003188
11.608476 0.008781
11.613477 0.011535
11.618479 0.011546
11.623480 0.009183
11.628482 0.005098
11.633483 0.000354
11.638485 -0.003764
11.643486 -0.006329
11.648488 -0.006970
11.653489 -0.005375
11.658491 -0.000979
11.663492 0.006506
11.668494 0.016441
11.673495 0.027438
11.678497 0.038036
11.683498 0.047022
11.688500 0.053431
11.693501 0.056629
11.698503 0.056337
11.703504 0.052468
11.708506 0.045190
11.713507 0.035403
11.718509 0.024837
11.723510 0.015379
11.728512 0.008394
11.733513 0.004706
11.738515 0.004755
11.743516 0.008408
11.748518 0.014797
11.753519 0.022574
11.758521 0.030236
11.763522 0.036241
11.768524 0.039263
11.773525 0.038686
11.778527 0.034750
11.783528 0.028131
11.788529 0.019650
11.793531 0.010446
11.798532 0.001921
11.803534 -0.004867
11.808535 -0.009581
11.813537 -0.012223
11.818538 -0.012721
11.823540 -0.011156
11.828541 -0.008148
11.833543 -0.004728
11.838544 -0.001953
11.843546 -0.000763
11.848547 -0.001897
11.853549 -0.005622
11.858550 -0.011638
11.863552 -0.019345
11.868553 -0.028013
11.873555 -0.036607
11.878556 -0.043787
11.883558 -0.048321
11.888559 -0.049398
11.893561 -0.046621
11.898562 -0.040134
11.903564 -0.030987
11.908565 -0.020976
11.913567 -0.011797
11.918568 -0.004441
11.923570 0.000586
11.928571 0.002946
11.933573 0.002680
11.938574 0.000368
11.943576 -0.003258
11.948577 -0.007631
11.953579 -0.012085
11.958580 -0.015626
11.963582 -0.017385
11.968583 -0.017186
11.973585 -0.015503
11.978586 -0.013115
11.983588 -0.010976
11.988589 -0.010020
11.993591 -0.010613
11.998592 -0.012236
12.003594 -0.013924
12.008595 -0.014917
12.013597 -0.014846
12.018598 -0.013641
12.023600 -0.011572
12.028601 -0.009135
12.033603 -0.006545
12.038604 -0.003437
12.043606 0.000701
12.048607 0.005897
12.053609 0.011645
12.058610 0.017248
12.063612 0.022055
12.068613 0.025678
12.073615 0.028315
12.078616 0.030704
12.083618 0.033560
12.088619 0.037148
12.093621 0.041418
12.098622 0.046209
12.103624 0.051157
12.108625 0.055667
12.113627 0.059138
12.118628 0.061010
12.123630 0.060548
12.128631 0.056998
12.133633 0.050193
12.138634 0.040750
12.143636 0.029547
12.148637 0.017366
12.153639 0.005144
12.158640 -0.005952
12.163642 -0.015096
12.168643 -0.022208
12.173645 -0.027559
12.178646 -0.031274
12.183648 -0.033504
12.188649 -0.034778
12.193651 -0.035802
12.198652 -0.037069
12.203654 -0.038895
12.208655 -0.041549
12.213657 -0.044984
12.218658 -0.048631
12.223660 -0.051746
12.228661 -0.053875
12.233663 -0.054960
12.238664 -0.055320
12.243666 -0.055678
12.248667 -0.056851
12.253669 -0.059046
12.258670 -0.061529
12.263672 -0.063048
12.268673 -0.062481
12.273675 -0.059155
12.278676 -0.052993
12.283678 -0.044579
12.288679 -0.034774
12.293681 -0.024074
12.298682 -0.012497
12.303684 -0.000216
12.308685 0.012051
12.313687 0.023456
12.318688 0.033542
12.323690 0.042252
12.328691 0.049760
12.333693 0.056496
12.338694 0.062959
12.343696 0.069249
12.348697 0.075002
12.353699 0.079933
12.358700 0.084167
12.363702 0.087866
12.368703 0.090807
12.373705 0.092523
12.378706 0.092642
12.383708 0.090912
12.388709 0.087211
12.393711 0.081747
12.398712 0.074987
12.403714 0.067085
12.408715 0.057605
12.413717 0.046095
12.418718 0.032784
12.423720 0.018551
12.428721 0.004500
12.433723 -0.008306
12.438724 -0.019162
12.443726 -0.028225
12.448727 -0.036433
12.453729 -0.044597
12.458730 -0.052660
12.463732 -0.059994
12.468733 -0.066057
12.473735 -0.070546
12.478736 -0.073313
12.483738 -0.074569
12.488739 -0.074929
12.493741 -0.074961
12.498742 -0.074782
12.503744 -0.074231
12.508745 -0.073173
12.513747 -0.071520
12.518748 -0.069220
12.523750 -0.066360
12.528751 -0.063011
12.533753 -0.058836
12.538754 -0.053190
12.543756 -0.045846
12.548757 -0.037337
12.553759 -0.028353
12.558760 -0.019065
12.563762 -0.009282
12.568763 0.001055
12.573765 0.011789
12.578766 0.022612
12.583768 0.032809
12.588769 0.041186
12.593771 0.046698
12.598772 0.049111
12.603774 0.048911
12.608775 0.046810
12.613777 0.043476
12.618778 0.039389
12.623780 0.034595
12.628781 0.028815
12.633783 0.022090
12.638784 0.015155
12.643786 0.009016
12.648787 0.004369
12.653789 0.001528
12.658790 0.000535
12.663792 0.001081
12.668793 0.002639
12.673795 0.005000
12.678796 0.008513
12.683798 0.013576
12.688799 0.020016
12.693801 0.027109
12.698802 0.033951
12.703804 0.039626
12.708805 0.043286
12.713807 0.044448
12.718808 0.043214
12.723810 0.040078
12.728811 0.035625
12.733813 0.030454
12.738814 0.025113
12.743816 0.019915
12.748817 0.015042
12.753819 0.010964
12.758820 0.008423
12.763822 0.007758
12.768823 0.008456
12.773824 0.009566
12.778826 0.010348
12.783827 0.010395
12.788829 0.009502
12.793830 0.007693
12.798832 0.005118
12.803833 0.001617
12.808835 -0.003366
12.813836 -0.010093
12.818838 -0.017872
12.823839 -0.025310
12.828841 -0.031100
12.833842 -0.034506
12.838844 -0.035458
12.843845 -0.034552
12.848847 -0.032693
12.853848 -0.030416
12.858850 -0.027646
12.863851 -0.024238
12.868853 -0.020516
12.873854 -0.017156
12.878856 -0.014900
12.883857 -0.014539
12.888859 -0.016741
12.893860 -0.021432
12.898862 -0.027536
12.903863 -0.033610
12.908865 -0.038613
12.913866 -0.041962
12.918868 -0.043276
12.923869 -0.042443
12.928871 -0.039677
12.933872 -0.035182
12.938874 -0.028955
12.943875 -0.021155
12.948877 -0.012438
12.953878 -0.003683
12.958880 0.004418
12.963881 0.011371
12.968883 0.016828
12.973884 0.020871
12.978886 0.024098
12.983887 0.027097
12.988889 0.030010
12.993890 0.032872
12.998892 0.036086
13.003893 0.040237
13.008895 0.045584
13.013896 0.051920
13.018898 0.058652
13.023899 0.064804
13.028901 0.069208
13.033902 0.071001
13.038904 0.069815
13.043905 0.065425
13.048907 0.057619
13.053908 0.046686
13.058910 0.033737
13.063911 0.020210
13.068913 0.007159
13.073914 -0.004815
13.078916 -0.015249
13.083917 -0.023751
13.088919 -0.030049
13.093920 -0.033863
13.098922 -0.034864
13.103923 -0.032979
13.108925 -0.028694
13.113926 -0.022985
13.118928 -0.017156
13.123929 -0.012766
13.128931 -0.011230
13.133932 -0.013027
13.138934 -0.017380
13.143935 -0.022921
13.148937 -0.028529
13.153938 -0.033459
13.158940 -0.037093
13.163941 -0.038965
13.168943 -0.038864
13.173944 -0.036634
13.178946 -0.032156
13.183947 -0.025781
13.188949 -0.018515
13.193950 -0.011465
13.198952 -0.005234
13.203953 0.000031
13.208955 0.004375
13.213956 0.008059
13.218958 0.011508
13.223959 0.014889
13.228961 0.017913
13.233962 0.020238
13.238964 0.021812
13.243965 0.022630
13.248967 0.022438
13.253968 0.020905
13.258970 0.017804
13.263971 0.012913
13.268973 0.006160
13.273974 -0.001805
13.278976 -0.009472
13.283977 -0.015244
13.288979 -0.018259
13.293980 -0.018438
13.298982 -0.016144
13.303983 -0.012091
13.308985 -0.007167
13.313986 -0.001862
13.318988 0.004018
13.323989 0.010746
13.328991 0.017879
13.333992 0.024255
13.338994 0.028619
13.343995 0.030115
13.348997 0.028515
13.353998 0.024357
13.359000 0.018767
13.364001 0.012859
13.369003 0.007274
13.374004 0.002252
13.379006 -0.002215
13.384007 -0.006443
13.389009 -0.010824
13.394010 -0.015162
13.399012 -0.018487
13.404013 -0.019898
13.409015 -0.019411
13.414016 -0.017776
13.419018 -0.015762
13.424019 -0.013884
13.429021 -0.012502
13.434022 -0.011753
13.439024 -0.011478
13.444025 -0.011512
13.449027 -0.011968
13.454028 -0.013037
13.459030 -0.014666
13.464031 -0.016579
13.469033 -0.018400
13.474034 -0.019623
13.479036 -0.019746
13.484037 -0.018602
13.489039 -0.016345
13.494040 -0.012998
13.499042 -0.008372
13.504043 -0.002610
13.509045 0.003493
13.514046 0.008950
13.519048 0.013157
13.524049 0.015946
13.529051 0.017468
13.534052 0.018285
13.539054 0.019219
13.544055 0.020753
13.549057 0.022711
13.554058 0.024663
13.559060 0.026302
13.564061 0.027263
13.569063 0.027037
13.574064 0.025418
13.579066 0.022775
13.584067 0.019612
13.589069 0.016091
13.594070 0.012204
13.599072 0.008061
13.604073 0.003712
13.609075 -0.001044
13.614076 -0.006334
13.619078 -0.011827
13.624079 -0.016904
13.629081 -0.021056
13.634082 -0.023991
13.639084 -0.025703
13.644085 -0.026717
13.649087 -0.027966
13.654088 -0.029991
13.659090 -0.032359
13.664091 -0.034079
13.669093 -0.034397
13.674094 -0.033011
13.679096 -0.029890
13.684097 -0.025239
13.689099 -0.019449
13.694100 -0.012731
13.699102 -0.004948
13.704103 0.003916
13.709105 0.013278
13.714106 0.022112
13.719108 0.029345
13.724109 0.033978
13.729111 0.035360
13.734112 0.033867
13.739114 0.031039
13.744115 0.028565
13.749117 0.027116
13.754118 0.026258
13.759119 0.025154
13.764121 0.023163
13.769122 0.020125
13.774124 0.016499
13.779125 0.013092
13.784127 0.010429
13.789128 0.008453
13.794130 0.006867
13.799131 0.005481
13.804133 0.004158
13.809134 0.002822
13.814136 0.001742
13.819137 0.001470
13.824139 0.002221
13.829140 0.003484
13.834142 0.004406
13.839143 0.004310
13.844145 0.002771
13.849146 -0.000411
13.854148 -0.004978
13.859149 -0.010179
13.864151 -0.015207
13.869152 -0.019523
13.874154 -0.022681
13.879155 -0.024174
13.884157 -0.023728
13.889158 -0.021553
13.894160 -0.018124
13.899161 -0.013940
13.904163 -0.009701
13.909164 -0.006432
13.914166 -0.005087
13.919167 -0.006120
13.924169 -0.009522
13.929170 -0.014958
13.934172 -0.021625
13.939173 -0.028335
13.944175 -0.034095
13.949176 -0.038428
13.954178 -0.040962
13.959179 -0.041124
13.964181 -0.038610
13.969182 -0.033822
13.974184 -0.027487
13.979185 -0.020091
13.984187 -0.011944
13.989188 -0.003475
13.994190 0.004904
13.999191 0.013000
14.004193 0.020612
14.009194 0.027376
14.014196 0.033156
14.019197 0.038270
14.024199 0.043021
14.029200 0.047233
14.034202 0.050486
14.039203 0.052498
14.044205 0.053016
14.049206 0.051678
14.054208 0.048328
14.059209 0.043256
14.064211 0.036863
14.069212 0.029304
14.074214 0.020726
14.079215 0.011638
14.084217 0.002715
14.089218 -0.005633
14.094220 -0.013299
14.099221 -0.020333
14.104223 -0.026943
14.109224 -0.033382
14.114226 -0.039564
14.119227 -0.045071
14.124229 -0.049787
14.129230 -0.054229
14.134232 -0.058901
14.139233 -0.063543
14.144235 -0.067245
14.149236 -0.069040
14.154238 -0.068181
14.159239 -0.064296
14.164241 -0.057743
14.169242 -0.049617
14.174244 -0.040993
14.179245 -0.032198
14.184247 -0.023010
14.189248 -0.013290
14.194250 -0.003152
14.199251 0.007120
14.204253 0.016908
14.209254 0.025219
14.214256 0.031278
14.219257 0.035158
14.224259 0.037654
14.229260 0.039726
14.234262 0.042181
14.239263 0.045471
14.244265 0.049413
14.249266 0.053309
14.254268 0.056633
14.259269 0.059438
14.264271 0.061952
14.269272 0.064072
14.274274 0.065443
14.279275 0.065704
14.284277 0.064396
14.289278 0.060981
14.294280 0.055403
14.299281 0.048431
14.304283 0.041113
14.309284 0.033987
14.314286 0.027038
14.319287 0.020126
14.324289 0.013144
14.329290 0.005935
14.334292 -0.001605
14.339293 -0.009435
14.344295 -0.017469
14.349296 -0.025590
14.354298 -0.033404
14.359299 -0.040240
14.364301 -0.045652
14.369302 -0.049746
14.374304 -0.052793
14.379305 -0.054696
14.384307 -0.055031
14.389308 -0.053391
14.394310 -0.049515
14.399311 -0.043344
14.404313 -0.035234
14.409314 -0.025959
14.414316 -0.016354
14.419317 -0.007184
14.424319 0.000582
14.429320 0.005857
14.434322 0.008198
14.439323 0.008241
14.444325 0.007092
14.449326 0.005506
14.454328 0.003814
14.459329 0.002224
14.464331 0.000807
14.469332 -0.000500
14.474334 -0.001499
14.479335 -0.001586
14.484337 -0.000344
14.489338 0.001916
14.494340 0.004439
14.499341 0.006531
14.504343 0.007565
14.509344 0.006906
14.514346 0.004305
14.519347 0.000235
14.524349 -0.004420
14.529350 -0.008843
14.534352 -0.012344
14.539353 -0.014365
14.544355 -0.014786
14.549356 -0.014029
14.554358 -0.012555
14.559359 -0.010443
14.564361 -0.007624
14.569362 -0.004258
14.574364 -0.000691
14.579365 0.002630
14.584367 0.004977
14.589368 0.005467
14.594370 0.003715
14.599371 0.000248
14.604373 -0.003879
14.609374 -0.007684
14.614376 -0.010469
14.619377 -0.011852
14.624379 -0.011888
14.629380 -0.010940
14.634382 -0.009225
14.639383 -0.006683
14.644385 -0.003447
14.649386 -0.000117
14.654388 0.002620
14.659389 0.004388
14.664391 0.005001
14.669392 0.004372
14.674394 0.002786
14.679395 0.000911
14.684397 -0.000723
14.689398 -0.002001
14.694400 -0.002764
14.699401 -0.002454
14.704403 -0.000534
14.709404 0.002958
14.714406 0.007533
14.719407 0.012562
14.724409 0.017160
14.729410 0.020164
14.734412 0.020783
14.739413 0.019246
14.744414 0.016581
14.749416 0.013918
14.754417 0.012126
14.759419 0.011709
14.764420 0.012646
14.769422 0.014495
14.774423 0.016960
14.779425 0.020225
14.784426 0.024521
14.789428 0.029525
14.794429 0.034445
14.799431 0.038484
14.804432 0.040980
14.809434 0.041348
14.814435 0.039232
14.819437 0.034710
14.824438 0.028206
14.829440 0.020407
14.834441 0.012320
14.839443 0.005053
14.844444 -0.000783
14.849446 -0.005296
14.854447 -0.008781
14.859449 -0.011253
14.864450 -0.012622
14.869452 -0.012981
14.874453 -0.012481
14.879455 -0.011243
14.884456 -0.009643
14.889458 -0.008395
14.894459 -0.008061
14.899461 -0.008692
14.904462 -0.010158
14.909464 -0.012579
14.914465 -0.016158
14.919467 -0.020749
14.924468 -0.025819
14.929470 -0.030689
14.934471 -0.034599
14.939473 -0.036822
14.944474 -0.037081
14.949476 -0.035761
14.954477 -0.033443
14.959479 -0.030358
14.964480 -0.026467
14.969482 -0.021867
14.974483 -0.016835
14.979485 -0.011710
14.984486 -0.007028
14.989488 -0.003571
14.994489 -0.001917
14.999491 -0.002030
15.004492 -0.003432
15.009494 -0.005547
15.014495 -0.007714
15.019497 -0.009294
15.024498 -0.010117
15.029500 -0.010532
15.034501 -0.010748
15.039503 -0.010474
15.044504 -0.009441
15.049506 -0.007882
15.054507 -0.006207
15.059509 -0.004476
15.064510 -0.002499
15.069512 -0.000140
15.074513 0.002646
15.079515 0.005751
15.084516 0.008587
15.089518 0.010137
15.094519 0.009679
15.099521 0.007296
15.104522 0.003538
15.109524 -0.001112
15.114525 -0.006209
15.119527 -0.011136
15.124528 -0.015321
15.129530 -0.018425
15.134531 -0.020006
15.139533 -0.019274
15.144534 -0.015606
15.149536 -0.009196
15.154537 -0.000907
15.159539 0.008259
15.164540 0.017293
15.169542 0.025141
15.174543 0.031005
15.179545 0.034597
15.184546 0.035893
15.189548 0.034867
15.194549 0.031704
15.199551 0.027033
15.204552 0.021680
15.209554 0.016419
15.214555 0.012169
15.219557 0.010056
15.224558 0.010838
15.229560 0.014393
15.234561 0.019950
15.239563 0.026523
15.244564 0.032904
15.249566 0.037692
15.254567 0.039811
15.259569 0.038923
15.264570 0.035191
15.269572 0.028929
15.274573 0.020721
15.279575 0.011501
15.284576 0.002165
15.289578 -0.006713
15.294579 -0.014650
15.299581 -0.021157
15.304582 -0.026154
15.309584 -0.030070
15.314585 -0.033126
15.319587 -0.034801
15.324588 -0.034372
15.329590 -0.031759
15.334591 -0.027595
15.339593 -0.022755
15.344594 -0.018138
15.349596 -0.014579
15.354597 -0.012454
15.359599 -0.011432
15.364600 -0.010864
15.369602 -0.010282
15.374603 -0.009378
15.379605 -0.007816
15.384606 -0.005432
15.389608 -0.002402
15.394609 0.001104
15.399611 0.005241
15.404612 0.010167
15.409614 0.015581
15.414615 0.020864
15.419617 0.025469
15.424618 0.028926
15.429620 0.030757
15.434621 0.030722
15.439623 0.028972
15.444624 0.025704
15.449626 0.020886
15.454627 0.014626
15.459629 0.007650
15.464630 0.001122
15.469632 -0.003843
15.474633 -0.006407
15.479635 -0.006194
15.484636 -0.003687
15.489638 -0.000254
15.494639 0.002603
15.499641 0.004025
15.504642 0.003798
15.509644 0.001962
15.514645 -0.001246
15.519647 -0.005356
15.524648 -0.009962
15.529650 -0.014989
15.534651 -0.020402
15.539653 -0.025838
15.544654 -0.030775
15.549656 -0.034903
15.554657 -0.038036
15.559659 -0.039870
15.564660 -0.040170
15.569662 -0.039172
15.574663 -0.037492
15.579665 -0.035624
15.584666 -0.033672
15.589668 -0.031452
15.594669 -0.028642
15.599671 -0.024976
15.604672 -0.020518
15.609674 -0.015626
15.614675 -0.010527
15.619677 -0.005141
15.624678 0.000542
15.629680 0.006219
15.634681 0.011613
15.639683 0.016732
15.644684 0.021464
15.649686 0.025261
15.654687 0.027624
15.659689 0.028729
15.664690 0.029284
15.669692 0.029951
15.674693 0.031119
15.679695 0.032988
15.684696 0.035500
15.689698 0.038303
15.694699 0.041029
15.699701 0.043456
15.704702 0.045249
15.709704 0.045802
15.714705 0.044670
15.719706 0.041967
15.724708 0.038104
15.729709 0.033398
15.734711 0.028174
15.739712 0.022915
15.744714 0.017981
15.749715 0.013410
15.754717 0.009224
15.759718 0.005638
15.764720 0.002704
15.769721 0.000023
15.774723 -0.002884
15.779724 -0.006168
15.784726 -0.009892
15.789727 -0.014372
15.794729 -0.019870
15.799730 -0.026094
15.804732 -0.032290
15.809733 -0.037657
15.814735 -0.041470
15.819736 -0.043168
15.824738 -0.042738
15.829739 -0.040863
15.834741 -0.038365
15.839742 -0.035635
15.844744 -0.032819
15.849745 -0.030268
15.854747 -0.028420
15.859748 -0.027410
15.864750 -0.027063
15.869751 -0.027069
15.874753 -0.026919
15.879754 -0.025959
15.884756 -0.023865
15.889757 -0.020890
15.894759 -0.017376
15.899760 -0.013294
15.904762 -0.008534
15.909763 -0.003372
15.914765 0.001659
15.919766 0.006166
15.924768 0.009918
15.929769 0.012717
15.934771 0.014546
15.939772 0.015700
15.944774 0.016512
15.949775 0.017122
15.954777 0.017671
15.959778 0.018406
15.964780 0.019335
15.969781 0.020014
15.974783 0.019998
15.979784 0.019311
15.984786 0.018225
15.989787 0.016854
15.994789 0.015247
15.999790 0.013636
16.004792 0.012264
16.009793 0.011151
16.014795 0.010237
16.019796 0.009498
16.024798 0.008687
16.029799 0.007291
16.034801 0.005043
16.039802 0.002190
16.044804 -0.001025
16.049805 -0.004800
16.054807 -0.009308
16.059808 -0.014026
16.064810 -0.017867
16.069811 -0.019791
16.074813 -0.019117
16.079814 -0.015604
16.084816 -0.009653
16.089817 -0.002212
16.094819 0.005807
16.099820 0.013860
16.104822 0.021460
16.109823 0.027923
16.114825 0.032683
16.119826 0.035534
16.124828 0.036324
16.129829 0.034734
16.134831 0.030738
16.139832 0.025114
16.144834 0.019190
16.149835 0.014112
16.154837 0.010493
16.159838 0.008559
16.164840 0.008374
16.169841 0.009968
16.174843 0.013334
16.179844 0.018144
16.184846 0.023352
16.189847 0.027338
16.194849 0.028726
16.199850 0.027063
16.204852 0.022691
16.209853 0.016224
16.214855 0.008319
16.219856 -0.000384
16.224858 -0.009423
16.229859 -0.018486
16.234861 -0.026970
16.239862 -0.033770
16.244864 -0.037822
16.249865 -0.038776
16.254867 -0.036982
16.259868 -0.033097
16.264870 -0.028001
16.269871 -0.022872
16.274873 -0.018862
16.279874 -0.016706
16.284876 -0.016768
16.289877 -0.019193
16.294879 -0.023615
16.299880 -0.028911
16.304882 -0.033646
16.309883 -0.036715
16.314885 -0.037432
16.319886 -0.035357
16.324888 -0.030452
16.329889 -0.023227
16.334891 -0.014465
16.339892 -0.004945
16.344894 0.004451
16.349895 0.012692
16.354897 0.018987
16.359898 0.023052
16.364900 0.024903
16.369901 0.024743
16.374903 0.023227
16.379904 0.021397
16.384906 0.019960
16.389907 0.018823
16.394909 0.017589
16.399910 0.016277
16.404912 0.015253
16.409913 0.014737
16.414915 0.014707
16.419916 0.015059
16.424918 0.015436
16.429919 0.015058
16.434921 0.013143
16.439922 0.009513
16.444924 0.004589
16.449925 -0.001055
16.454927 -0.006877
16.459928 -0.012306
16.464930 -0.016868
16.469931 -0.020400
16.474933 -0.022996
16.479934 -0.024889
16.484936 -0.026457
16.489937 -0.028025
16.494939 -0.029427
16.499940 -0.030057
16.504942 -0.029609
16.509943 -0.028474
16.514945 -0.027131
16.519946 -0.025530
16.524948 -0.023454
16.529949 -0.021212
16.534951 -0.019489
16.539952 -0.018671
16.544954 -0.018572
16.549955 -0.018587
16.554957 -0.017802
16.559958 -0.015251
16.564960 -0.010536
16.569961 -0.004162
16.574963 0.002974
16.579964 0.010266
16.584966 0.017375
16.589967 0.023844
16.594969 0.029154
16.599970 0.033054
16.604972 0.035568
16.609973 0.036841
16.614975 0.037217
16.619976 0.037228
16.624978 0.037145
16.629979 0.036727
16.634981 0.035633
16.639982 0.033899
16.644984 0.031816
16.649985 0.029582
16.654987 0.027216
16.659988 0.024518
16.664990 0.020929
16.669991 0.015890
16.674993 0.009763
16.679994 0.004126
16.684996 0.000622
16.689997 -0.000508
16.694999 -0.000395
16.700000 -0.000160
