0.000000 0.000000
0.005001 0.007377
0.010002 -0.008609
0.015003 -0.004366
0.020004 0.005529
0.025005 0.005419
0.030006 -0.004823
0.035007 -0.007018
0.040008 0.007541
0.045009 0.004432
0.050010 -0.005609
0.055011 -0.005811
0.060012 0.005291
0.065013 0.007065
0.070014 -0.007073
0.075015 -0.005317
0.080016 0.005584
0.085017 0.006443
0.090018 -0.005701
0.095019 -0.007457
0.100020 0.007285
0.105021 0.004797
0.110022 -0.006689
0.115023 -0.005555
0.120024 0.005053
0.125025 0.007047
0.130026 -0.007036
0.135027 -0.007055
0.140028 0.008162
0.145029 0.005291
0.150030 -0.007475
0.155031 -0.004604
0.160032 0.005730
0.165033 0.006425
0.170034 -0.005647
0.175035 -0.006159
0.180036 0.006370
0.185037 0.005528
0.190038 -0.006012
0.195039 -0.007183
0.200040 0.008546
0.205041 0.006004
0.210042 -0.008482
0.215043 -0.004824
0.220044 0.005181
0.225045 0.006004
0.230046 -0.006324
0.235047 -0.005793
0.240048 0.006955
0.245049 0.004522
0.250050 -0.006031
0.255051 -0.005482
0.260052 0.004925
0.265053 0.006132
0.270054 -0.006744
0.275055 -0.005556
0.280056 0.006863
0.285057 0.004156
0.290058 -0.005885
0.295059 -0.006708
0.300060 0.007101
0.305061 0.007174
0.310062 -0.007494
0.315063 -0.005263
0.320064 0.006881
0.325065 0.005436
0.330066 -0.007147
0.335067 -0.005684
0.340068 0.006534
0.345069 0.006150
0.350070 -0.007129
0.355071 -0.006233
0.360072 0.007558
0.365073 0.005747
0.370074 -0.005739
0.375075 -0.006397
0.380076 0.006058
0.385077 0.006479
0.390078 -0.008117
0.395079 -0.005520
0.400080 0.007393
0.405081 0.005729
0.410082 -0.006324
0.415083 -0.006434
0.420084 0.006405
0.425085 0.004960
0.430086 -0.005611
0.435087 -0.006398
0.440088 0.006515
0.445089 0.006643
0.450090 -0.007989
0.455091 -0.003636
0.460092 0.003991
0.465093 0.006515
0.470094 -0.004605
0.475095 -0.009050
0.480096 0.008838
0.485097 0.005216
0.490098 -0.007440
0.495099 -0.005300
0.500100 0.007027
0.505101 0.006350
0.510102 -0.006983
0.515103 -0.005447
0.520104 0.004009
0.525105 0.007191
0.530106 -0.005648
0.535107 -0.006544
0.540108 0.008051
0.545109 0.004558
0.550110 -0.006910
0.555111 -0.005667
0.560112 0.006478
0.565113 0.006295
0.570114 -0.006874
0.575115 -0.006252
0.580116 0.007081
0.585117 0.005198
0.590118 -0.007276
0.595119 -0.006600
0.600120 0.007026
0.605121 0.006459
0.610122 -0.008941
0.615123 -0.004496
0.620124 0.006240
0.625125 0.005088
0.630126 -0.004716
0.635127 -0.007880
0.640128 0.006057
0.645129 0.006441
0.650130 -0.007130
0.655131 -0.006838
0.660132 0.007849
0.665133 0.006843
0.670134 -0.009179
0.675135 -0.005466
0.680136 0.007447
0.685137 0.004319
0.690138 -0.008063
0.695139 -0.004844
0.700140 0.007556
0.705141 0.004776
0.710142 -0.006216
0.715143 -0.005393
0.720144 0.006642
0.725145 0.005087
0.730146 -0.006490
0.735147 -0.004844
0.740148 0.006276
0.745149 0.005051
0.750150 -0.006564
0.755151 -0.004296
0.760152 0.005819
0.765153 0.005563
0.770154 -0.006198
0.775155 -0.006911
0.780156 0.007556
0.785157 0.005581
0.790158 -0.006509
0.795159 -0.005686
0.800160 0.006440
0.805161 0.006056
0.810162 -0.006655
0.815163 -0.005210
0.820164 0.005160
0.825165 0.006696
0.830166 -0.006527
0.835167 -0.007094
0.840168 0.007611
0.845169 0.005782
0.850170 -0.006546
0.855171 -0.005467
0.860172 0.007172
0.865173 0.005635
0.870174 -0.007369
0.875175 -0.005266
0.880176 0.007647
0.885177 0.005050
0.890178 -0.007168
0.895179 -0.005229
0.900180 0.007153
0.905181 0.006294
0.910182 -0.008979
0.915183 -0.005979
0.920184 0.009366
0.925185 0.004757
0.930186 -0.007296
0.935187 -0.004681
0.940188 0.007793
0.945189 0.004062
0.950190 -0.007223
0.955191 -0.003876
0.960192 0.005946
0.965193 0.006129
0.970194 -0.008375
0.975195 -0.004297
0.980196 0.008287
0.985197 0.003477
0.990198 -0.006455
0.995199 -0.004150
1.000200 0.006769
1.005201 0.004025
1.010202 -0.005156
1.015203 -0.005028
1.020204 0.006988
1.025205 0.005342
1.030206 -0.008010
1.035207 -0.005760
1.040208 0.008012
1.045209 0.005817
1.050210 -0.009180
1.055211 -0.003821
1.060212 0.007665
1.065213 0.004500
1.070214 -0.005907
1.075215 -0.005998
1.080216 0.006677
1.085217 0.007207
1.090218 -0.007845
1.095219 -0.006730
1.100220 0.007756
1.105221 0.005689
1.110222 -0.006949
1.115223 -0.006547
1.120224 0.007061
1.125225 0.004829
1.130226 -0.006785
1.135228 -0.003932
1.140229 0.005872
1.145230 0.005671
1.150231 -0.007096
1.155232 -0.005194
1.160233 0.007884
1.165234 0.005561
1.170235 -0.007882
1.175236 -0.005175
1.180237 0.008560
1.185238 0.003128
1.190239 -0.007279
1.195240 -0.005230
1.200241 0.007682
1.205242 0.006713
1.210243 -0.008029
1.215244 -0.004206
1.220245 0.007207
1.225246 0.005396
1.230247 -0.007206
1.235248 -0.004828
1.240249 0.008359
1.245250 0.003969
1.250251 -0.006127
1.255252 -0.005212
1.260253 0.005359
1.265254 0.007060
1.270255 -0.007243
1.275256 -0.006420
1.280257 0.008615
1.285258 0.004024
1.290259 -0.007352
1.295260 -0.003146
1.300261 0.006164
1.305262 0.004646
1.310263 -0.006804
1.315264 -0.005597
1.320265 0.007115
1.325266 0.007243
1.330267 -0.006950
1.335268 -0.006347
1.340269 0.007956
1.345270 0.004207
1.350271 -0.006146
1.355272 -0.004170
1.360273 0.006328
1.365274 0.005286
1.370275 -0.007097
1.375276 -0.005067
1.380277 0.008230
1.385278 0.005889
1.390279 -0.008011
1.395280 -0.005597
1.400281 0.006822
1.405282 0.006090
1.410283 -0.007609
1.415284 -0.004701
1.420285 0.007590
1.425286 0.004096
1.430287 -0.005524
1.435288 -0.005725
1.440289 0.007315
1.445290 0.005468
1.450291 -0.007664
1.455292 -0.003659
1.460293 0.006511
1.465294 0.005523
1.470295 -0.006256
1.475296 -0.006073
1.480297 0.008321
1.485298 0.005870
1.490299 -0.008725
1.495300 -0.005140
1.500301 0.007407
1.505302 0.004773
1.510303 -0.006622
1.515304 -0.005616
1.520305 0.008230
1.525306 0.005669
1.530307 -0.007792
1.535308 -0.003970
1.540309 0.006967
1.545310 0.005651
1.550311 -0.006787
1.555312 -0.005232
1.560313 0.006913
1.565314 0.005486
1.570315 -0.005909
1.575316 -0.005909
1.580317 0.007205
1.585318 0.005065
1.590319 -0.007006
1.595320 -0.004555
1.600321 0.007242
1.605322 0.005138
1.610323 -0.007592
1.615324 -0.003257
1.620325 0.007918
1.625326 0.003693
1.630327 -0.006915
1.635328 -0.005031
1.640329 0.007369
1.645330 0.006181
1.650331 -0.008396
1.655332 -0.005360
1.660333 0.007150
1.665334 0.004608
1.670335 -0.005342
1.675336 -0.006129
1.680337 0.006491
1.685338 0.005138
1.690339 -0.007244
1.695340 -0.003623
1.700341 0.006967
1.705342 0.004461
1.710343 -0.006806
1.715344 -0.004519
1.720345 0.005705
1.725346 0.006400
1.730347 -0.006952
1.735348 -0.004922
1.740349 0.009107
1.745350 0.001278
1.750351 -0.005343
1.755352 -0.003056
1.760353 0.005394
1.765354 0.007259
1.770355 -0.007812
1.775356 -0.005306
1.780357 0.006930
1.785358 0.005009
1.790359 -0.005343
1.795360 -0.006806
1.800361 0.008210
1.805362 0.006052
1.810363 -0.009330
1.815364 -0.003880
1.820365 0.006930
1.825366 0.004131
1.830367 -0.006678
1.835368 -0.004904
1.840369 0.007734
1.845370 0.004223
1.850371 -0.007135
1.855372 -0.005288
1.860373 0.006545
1.865374 0.006271
1.870375 -0.007684
1.875376 -0.005855
1.880377 0.007679
1.885378 0.006289
1.890379 -0.007977
1.895380 -0.006441
1.900381 0.009088
1.905382 0.005594
1.910383 -0.007392
1.915384 -0.005197
1.920385 0.007862
1.925386 0.005576
1.930387 -0.009312
1.935388 -0.004411
1.940389 0.009197
1.945390 0.003966
1.950391 -0.007575
1.955392 -0.004319
1.960393 0.007277
1.965394 0.005265
1.970395 -0.008050
1.975396 -0.003752
1.980397 0.006856
1.985398 0.005210
1.990399 -0.006075
1.995400 -0.006404
2.000401 0.009105
2.005402 0.005191
2.010403 -0.007520
2.015404 -0.005142
2.020405 0.007916
2.025406 0.005411
2.030407 -0.006752
2.035408 -0.004758
2.040409 0.004716
2.045410 0.006947
2.050411 -0.007465
2.055412 -0.004448
2.060413 0.009014
2.065414 0.003819
2.070415 -0.007319
2.075416 -0.004722
2.080417 0.007861
2.085418 0.004697
2.090419 -0.005710
2.095420 -0.005143
2.100421 0.007093
2.105422 0.005392
2.110423 -0.008435
2.115424 -0.003204
2.120425 0.007642
2.125426 0.002703
2.130427 -0.006094
2.135428 -0.004027
2.140429 0.005429
2.145430 0.006380
2.150431 -0.008069
2.155432 -0.005271
2.160433 0.008958
2.165434 0.003343
2.170435 -0.006990
2.175436 -0.005216
2.180437 0.007587
2.185438 0.005556
2.190439 -0.008344
2.195440 -0.003863
2.200441 0.006745
2.205442 0.004203
2.210443 -0.007173
2.215444 -0.004156
2.220445 0.009452
2.225446 0.002996
2.230447 -0.007741
2.235448 -0.004229
2.240449 0.007111
2.245450 0.005702
2.250451 -0.009332
2.255452 -0.004448
2.260453 0.008885
2.265454 0.003800
2.270455 -0.008582
2.275456 -0.003278
2.280457 0.008354
2.285458 0.001953
2.290459 -0.007229
2.295460 -0.002857
2.300461 0.007879
2.305462 0.003727
2.310463 -0.008180
2.315464 -0.003790
2.320465 0.007787
2.325466 0.005976
2.330467 -0.008070
2.335468 -0.005162
2.340469 0.007129
2.345470 0.003946
2.350471 -0.006406
2.355472 -0.005052
2.360473 0.008866
2.365474 0.004641
2.370475 -0.008034
2.375476 -0.005235
2.380477 0.007476
2.385478 0.005354
2.390479 -0.009369
2.395480 -0.002785
2.400481 0.006763
2.405482 0.003836
2.410483 -0.006809
2.415484 -0.006223
2.420485 0.009195
2.425486 0.004184
2.430487 -0.007650
2.435488 -0.004120
2.440489 0.007512
2.445490 0.005153
2.450491 -0.009314
2.455492 -0.003334
2.460493 0.008262
2.465494 0.002702
2.470495 -0.008126
2.475496 -0.003370
2.480497 0.008244
2.485498 0.003123
2.490499 -0.006589
2.495500 -0.004541
2.500501 0.007750
2.505502 0.005226
2.510503 -0.008985
2.515504 -0.003444
2.520505 0.006762
2.525506 0.003891
2.530507 -0.006809
2.535508 -0.004468
2.540509 0.008097
2.545510 0.003817
2.550511 -0.007394
2.555512 -0.004870
2.560513 0.008371
2.565514 0.004969
2.570515 -0.008492
2.575516 -0.004834
2.580517 0.008371
2.585518 0.005134
2.590519 -0.010120
2.595520 -0.003920
2.600521 0.009322
2.605522 0.003726
2.610523 -0.007852
2.615524 -0.004377
2.620525 0.007420
2.625526 0.004512
2.630527 -0.007120
2.635528 -0.004871
2.640529 0.008133
2.645530 0.004969
2.650531 -0.008529
2.655532 -0.003847
2.660533 0.007731
2.665534 0.003250
2.670535 -0.008419
2.675536 -0.002768
2.680537 0.009541
2.685538 0.002555
2.690539 -0.007852
2.695540 -0.003957
2.700541 0.008645
2.705542 0.004457
2.710543 -0.008383
2.715544 -0.003847
2.720545 0.006505
2.725546 0.006267
2.730547 -0.007926
2.735548 -0.006554
2.740549 0.008883
2.745550 0.004603
2.750551 -0.009480
2.755552 -0.003920
2.760553 0.009358
2.765554 0.003121
2.770555 -0.008090
2.775556 -0.004524
2.780557 0.008992
2.785558 0.004530
2.790559 -0.009609
2.795560 -0.003061
2.800561 0.008187
2.805562 0.003670
2.810563 -0.008255
2.815564 -0.004780
2.820565 0.008425
2.825566 0.006029
2.830567 -0.008603
2.835568 -0.005585
2.840569 0.008882
2.845570 0.003853
2.850571 -0.008438
2.855572 -0.004543
2.860573 0.009394
2.865574 0.004474
2.870575 -0.009243
2.875576 -0.003793
2.880577 0.008589
2.885578 0.003706
2.890579 -0.008438
2.895580 -0.002641
2.900581 0.005919
2.905582 0.004931
2.910583 -0.006225
2.915584 -0.005860
2.920585 0.008772
2.925586 0.002993
2.930587 -0.007341
2.935588 -0.002988
2.940589 0.006907
2.945590 0.004108
2.950591 -0.007616
2.955592 -0.003921
2.960593 0.008260
2.965594 0.004949
2.970595 -0.008256
2.975596 -0.003519
2.980597 0.006943
2.985598 0.004218
2.990599 -0.005311
2.995600 -0.005970
3.000601 0.008552
3.005602 0.004382
3.010603 -0.007963
3.015604 -0.002239
3.020605 0.006229
3.025606 0.004675
3.030607 -0.007671
3.035608 -0.004232
3.040609 0.008132
3.045610 0.003907
3.050611 -0.008604
3.055612 -0.002769
3.060613 0.009448
3.065614 0.001364
3.070615 -0.007177
3.075616 -0.004324
3.080617 0.007711
3.085618 0.005479
3.090619 -0.008549
3.095620 -0.004105
3.100621 0.007052
3.105622 0.004144
3.110623 -0.007342
3.115624 -0.004397
3.120625 0.007692
3.125626 0.004729
3.130627 -0.008330
3.135628 -0.004123
3.140629 0.008533
3.145630 0.003412
3.150631 -0.008001
3.155632 -0.004946
3.160633 0.008479
3.165634 0.004693
3.170635 -0.008440
3.175636 -0.003355
3.180637 0.008039
3.185638 0.004089
3.190639 -0.007086
3.195640 -0.004581
3.200641 0.006631
3.205642 0.005003
3.210643 -0.008147
3.215644 -0.003172
3.220645 0.007765
3.225646 0.002936
3.230647 -0.005971
3.235648 -0.005111
3.240649 0.008935
3.245650 0.004107
3.250651 -0.008659
3.255652 -0.003301
3.260653 0.007618
3.265654 0.004582
3.270655 -0.008477
3.275656 -0.002843
3.280657 0.007088
3.285658 0.004491
3.290659 -0.007928
3.295660 -0.004892
3.300661 0.008606
3.305662 0.002863
3.310663 -0.005807
3.315664 -0.004691
3.320665 0.007454
3.325666 0.005753
3.330667 -0.008514
3.335668 -0.004490
3.340669 0.007801
3.345670 0.005076
3.350671 -0.008386
3.355672 -0.003594
3.360673 0.007636
3.365674 0.002753
3.370675 -0.008056
3.375676 -0.004033
3.380677 0.009337
3.385678 0.002040
3.390679 -0.008239
3.395680 -0.002496
3.400681 0.006466
3.405683 0.003759
3.410684 -0.006228
3.415685 -0.003484
3.420686 0.005825
3.425687 0.003521
3.430688 -0.006557
3.435689 -0.004216
3.440690 0.007581
3.445691 0.004417
3.450692 -0.009959
3.455693 -0.003301
3.460694 0.010105
3.465695 0.001747
3.470696 -0.008350
3.475697 -0.002405
3.480698 0.007965
3.485699 0.003612
3.490700 -0.007874
3.495701 -0.004216
3.500702 0.008312
3.505703 0.004472
3.510704 -0.009392
3.515705 -0.003503
3.520706 0.008312
3.525707 0.002551
3.530708 -0.007563
3.535709 -0.004802
3.540710 0.008898
3.545711 0.004435
3.550712 -0.009411
3.555713 -0.003101
3.560714 0.008385
3.565715 0.004380
3.570716 -0.009136
3.575717 -0.002936
3.580718 0.008221
3.585719 0.002240
3.590720 -0.005844
3.595721 -0.004985
3.600722 0.008660
3.605723 0.004014
3.610724 -0.009173
3.615725 -0.000705
3.620726 0.005294
3.625727 0.003246
3.630728 -0.006558
3.635729 -0.003979
3.640730 0.009610
3.645731 0.002477
3.650732 -0.008771
3.655733 -0.004509
3.660734 0.009885
3.665735 0.004197
3.670736 -0.009887
3.675737 -0.003376
3.680738 0.008531
3.685739 0.005074
3.690740 -0.009740
3.695741 -0.002772
3.700742 0.008714
3.705743 0.002075
3.710744 -0.006430
3.715745 -0.004345
3.720746 0.008129
3.725747 0.004068
3.730748 -0.008643
3.735749 -0.004071
3.740750 0.008293
3.745751 0.004909
3.750752 -0.009375
3.755753 -0.003248
3.760754 0.008055
3.765755 0.002824
3.770756 -0.007052
3.775757 -0.003595
3.780758 0.008147
3.785759 0.003007
3.790760 -0.007619
3.795761 -0.004291
3.800762 0.008439
3.805763 0.004251
3.810764 -0.009942
3.815765 -0.001017
3.820766 0.007579
3.825767 0.002111
3.830768 -0.006705
3.835769 -0.004272
3.840770 0.007762
3.845771 0.002733
3.850772 -0.007199
3.855773 -0.003449
3.860774 0.007470
3.865775 0.003574
3.870776 -0.008845
3.875777 -0.003779
3.880778 0.009390
3.885779 0.002056
3.890780 -0.009796
3.895781 0.000172
3.900782 0.007232
3.905783 0.002202
3.910784 -0.007400
3.915785 -0.003029
3.920786 0.007085
3.925787 0.002842
3.930788 -0.007419
3.935789 -0.004602
3.940790 0.010158
3.945791 0.000702
3.950792 -0.007126
3.955793 -0.000871
3.960794 0.005238
3.965795 0.005293
3.970796 -0.009065
3.975797 -0.003706
3.980798 0.009335
3.985799 0.002494
3.990800 -0.009047
3.995801 -0.002188
4.000802 0.009792
4.005803 0.001561
4.010804 -0.007913
4.015805 -0.003340
4.020806 0.007999
4.025807 0.003921
4.030808 -0.008590
4.035809 -0.003414
4.040810 0.007450
4.045811 0.004250
4.050812 -0.008352
4.055813 -0.004529
4.060814 0.008383
4.065815 0.002896
4.070816 -0.006779
4.075817 -0.003670
4.080818 0.007505
4.085819 0.004048
4.090820 -0.009450
4.095821 -0.001585
4.100822 0.007798
4.105823 0.002311
4.110824 -0.006578
4.115825 -0.005170
4.120826 0.007761
4.125827 0.005950
4.130828 -0.009285
4.135829 -0.005883
4.140830 0.011565
4.145831 0.002768
4.150832 -0.010291
4.155833 -0.000707
4.160834 0.007121
4.165835 0.003408
4.170836 -0.008535
4.175837 -0.003012
4.180838 0.009645
4.185839 0.001853
4.190840 -0.006889
4.195841 -0.003561
4.200842 0.007724
4.205843 0.004871
4.210844 -0.010383
4.215845 -0.003195
4.220846 0.010522
4.225847 0.001816
4.230848 -0.009194
4.235849 -0.002207
4.240850 0.008730
4.245851 0.002713
4.250852 -0.009011
4.255853 -0.003780
4.260854 0.008455
4.265855 0.003279
4.270856 -0.008792
4.275857 -0.002171
4.280858 0.008382
4.285859 0.001432
4.290860 -0.007621
4.295861 -0.003561
4.300862 0.008656
4.305863 0.003755
4.310864 -0.009579
4.315865 -0.001842
4.320866 0.007010
4.325867 0.003261
4.330868 -0.008609
4.335869 -0.003543
4.340870 0.009699
4.345871 0.000847
4.350872 -0.007768
4.355873 -0.002812
4.360874 0.007742
4.365875 0.003901
4.370876 -0.008829
4.375877 -0.003360
4.380878 0.009534
4.385879 0.001779
4.390880 -0.009542
4.395881 -0.001897
4.400882 0.007138
4.405883 0.003791
4.410884 -0.009103
4.415885 -0.003562
4.420886 0.009936
4.425887 0.000572
4.430888 -0.008262
4.435889 -0.003141
4.440890 0.008345
4.445891 0.003151
4.450892 -0.010146
4.455893 -0.001989
4.460894 0.008601
4.465895 0.003974
4.470896 -0.010274
4.475897 -0.002355
4.480898 0.009223
4.485899 0.000809
4.490900 -0.006781
4.495901 -0.004476
4.500902 0.009936
4.505903 0.002144
4.510904 -0.008756
4.515905 -0.002062
4.520906 0.005601
4.525907 0.005089
4.530908 -0.009013
4.535909 -0.003452
4.540910 0.007448
4.545911 0.002400
4.550912 -0.006909
4.555913 -0.004202
4.560914 0.008198
4.565915 0.003991
4.570916 -0.008208
4.575917 -0.005940
4.580918 0.008747
4.585919 0.004339
4.590920 -0.009159
4.595921 -0.003928
4.600922 0.007375
4.605923 0.002071
4.610924 -0.011738
4.615925 -0.005885
4.620926 0.002601
4.625927 -0.004312
4.630928 -0.013421
4.635929 -0.005721
4.640930 0.009021
4.645931 0.007484
4.650932 -0.001331
4.655933 0.004101
4.660934 0.015806
4.665935 0.006332
4.670936 -0.006763
4.675937 -0.002136
4.680938 0.007283
4.685939 0.000772
4.690940 -0.014390
4.695941 -0.007129
4.700942 0.003131
4.705943 -0.000198
4.710944 -0.003435
4.715945 0.004905
4.720946 0.019153
4.725947 0.010923
4.730948 -0.002447
4.735949 0.000132
4.740950 0.010612
4.745951 0.006405
4.750952 -0.011830
4.755953 -0.007678
4.760954 0.003844
4.765955 -0.002923
4.770956 -0.012105
4.775957 -0.007514
4.780958 0.005710
4.785959 0.003606
4.790960 -0.008849
4.795961 -0.001789
4.800962 0.011069
4.805963 0.006167
4.810964 -0.005008
4.815965 -0.000015
4.820966 0.011544
4.825967 0.000881
4.830968 -0.015287
4.835969 -0.012928
4.840970 -0.011940
4.845971 -0.023810
4.850972 -0.033431
4.855973 -0.028218
4.860974 -0.030358
4.865975 -0.057007
4.870976 -0.064030
4.875977 -0.042795
4.880978 -0.012453
4.885979 0.010995
4.890980 0.012861
4.895981 0.023011
4.900982 0.037296
4.905983 0.042380
4.910984 0.049020
4.915985 0.063286
4.920986 0.069943
4.925987 0.035229
4.930988 -0.020866
4.935989 -0.063427
4.940990 -0.080253
4.945991 -0.083070
4.950992 -0.085411
4.955993 -0.066609
4.960994 -0.040016
4.965995 -0.032352
4.970996 -0.014611
4.975997 0.033985
4.980998 0.092055
4.985999 0.130702
4.991000 0.142645
4.996001 0.143724
5.001002 0.128745
5.006003 0.081795
5.011004 0.019463
5.016005 -0.018873
5.021006 -0.036139
5.026007 -0.057263
5.031008 -0.062257
5.036009 -0.029664
5.041010 0.010208
5.046011 0.005782
5.051012 -0.031749
5.056013 -0.055069
5.061014 -0.045851
5.066015 -0.024470
5.071016 0.003642
5.076017 0.049531
5.081018 0.073235
5.086019 0.049549
5.091020 0.001904
5.096021 -0.018965
5.101022 -0.027360
5.106023 -0.074347
5.111024 -0.118736
5.116025 -0.101050
5.121026 -0.033341
5.126027 0.012750
5.131028 0.020560
5.136029 0.004483
5.141030 -0.036926
5.146031 -0.073414
5.151032 -0.075042
5.156033 -0.019642
5.161034 0.076911
5.166035 0.168049
5.171036 0.191899
5.176037 0.130829
5.181038 0.037313
5.186039 -0.029281
5.191040 0.025333
5.196041 0.145424
5.201042 0.162160
5.206043 0.049439
5.211044 -0.133387
5.216045 -0.265842
5.221046 -0.263373
5.226047 -0.138124
5.231048 0.033069
5.236049 0.141730
5.241050 0.134688
5.246051 0.033453
5.251052 -0.037932
5.256053 0.016334
5.261054 0.133316
5.266055 0.178858
5.271056 0.093005
5.276057 -0.061892
5.281058 -0.164352
5.286059 -0.146135
5.291060 -0.046089
5.296061 0.043494
5.301062 0.057230
5.306063 0.004921
5.311064 -0.036561
5.316065 -0.008723
5.321066 0.047719
5.326067 0.079836
5.331068 0.052603
5.336069 -0.018783
5.341070 -0.104873
5.346071 -0.188111
5.351072 -0.184471
5.356073 -0.104508
5.361074 -0.055399
5.366075 -0.083712
5.371076 -0.104069
5.376077 -0.038042
5.381078 0.083073
5.386079 0.195044
5.391080 0.220522
5.396081 0.198794
5.401082 0.196507
5.406083 0.183119
5.411084 0.100851
5.416085 -0.021673
5.421086 -0.117219
5.426087 -0.199414
5.431088 -0.202963
5.436089 -0.109812
5.441090 -0.037768
5.446091 -0.044773
5.451092 -0.087224
5.456093 -0.086785
5.461094 -0.038390
5.466095 0.045359
5.471096 0.117915
5.476097 0.128231
5.481098 0.095364
5.486099 0.029282
5.491100 -0.033562
5.496101 -0.074239
5.501102 -0.079817
5.506103 -0.036159
5.511104 -0.012565
5.516105 -0.000640
5.521106 0.022990
5.526107 -0.010517
5.531108 -0.069191
5.536109 -0.090956
5.541110 -0.062131
5.546111 0.008358
5.551112 0.052675
5.556113 0.050645
5.561114 0.017412
5.566115 -0.037238
5.571116 -0.055784
5.576117 -0.026868
5.581118 0.012199
5.586119 0.062935
5.591120 0.098747
5.596121 0.085395
5.601122 0.040786
5.606123 0.019735
5.611124 0.064362
5.616125 0.140082
5.621126 0.165432
5.626127 0.103996
5.631128 0.015290
5.636129 -0.050883
5.641130 -0.094632
5.646131 -0.111294
5.651132 -0.094248
5.656133 -0.079031
5.661134 -0.113764
5.666135 -0.151971
5.671137 -0.154166
5.676138 -0.122067
5.681139 -0.048085
5.686140 0.019935
5.691141 0.059679
5.696142 0.092400
5.701143 0.123548
5.706144 0.137997
5.711145 0.125706
5.716146 0.107928
5.721147 0.073323
5.726148 0.009217
5.731149 -0.062461
5.736150 -0.092182
5.741151 -0.091304
5.746152 -0.101162
5.751153 -0.098273
5.756154 -0.097175
5.761155 -0.088579
5.766156 -0.078648
5.771157 -0.067290
5.776158 0.015198
5.781159 0.116725
5.786160 0.135948
5.791161 0.073140
5.796162 0.002797
5.801163 -0.019224
5.806164 -0.021437
5.811165 -0.037367
5.816166 -0.015109
5.821167 0.068531
5.826168 0.158737
5.831169 0.238005
5.836170 0.295801
5.841171 0.298691
5.846172 0.235353
5.851173 0.108257
5.856174 -0.086824
5.861175 -0.294158
5.866176 -0.406257
5.871177 -0.380431
5.876178 -0.261236
5.881179 -0.159435
5.886180 -0.124812
5.891181 -0.110783
5.896182 -0.083056
5.901183 -0.002306
5.906184 0.145531
5.911185 0.296715
5.916186 0.379203
5.921187 0.346628
5.926188 0.219440
5.931189 0.111951
5.936190 0.061672
5.941191 0.046601
5.946192 0.055874
5.951193 0.029244
5.956194 -0.028900
5.961195 -0.123587
5.966196 -0.244958
5.971197 -0.286916
5.976198 -0.225224
5.981199 -0.114387
5.986200 -0.046349
5.991201 -0.061365
5.996202 -0.091781
6.001203 -0.076856
6.006204 -0.024565
6.011205 0.057081
6.016206 0.165503
6.021207 0.223080
6.026208 0.190780
6.031209 0.109134
6.036210 0.049161
6.041211 0.031237
6.046212 0.003290
6.051213 -0.042599
6.056214 -0.053189
6.061215 -0.023285
6.066216 -0.001209
6.071217 0.033724
6.076218 0.041406
6.081219 -0.028827
6.086220 -0.138439
6.091221 -0.237149
6.096222 -0.246550
6.101223 -0.163423
6.106224 -0.057634
6.111225 0.020062
6.116226 0.056129
6.121227 0.053130
6.126228 0.035388
6.131229 0.070048
6.136230 0.197071
6.141231 0.321717
6.146232 0.327789
6.151233 0.232389
6.156234 0.091374
6.161235 -0.030309
6.166236 -0.100048
6.171237 -0.122344
6.176238 -0.112669
6.181239 -0.139975
6.186240 -0.219262
6.191241 -0.265700
6.196242 -0.207977
6.201243 -0.081411
6.206244 0.026572
6.211245 0.056312
6.216246 0.030852
6.221247 -0.022957
6.226248 -0.094928
6.231249 -0.100597
6.236250 -0.043094
6.241251 0.022585
6.246252 0.062841
6.251253 0.090294
6.256254 0.161167
6.261255 0.210587
6.266256 0.192882
6.271257 0.122978
6.276258 0.031126
6.281259 -0.044064
6.286260 -0.111590
6.291261 -0.134855
6.296262 -0.102482
6.301263 -0.071937
6.306264 -0.059519
6.311265 -0.069505
6.316266 -0.088270
6.321267 -0.085582
6.326268 -0.075815
6.331269 -0.064256
6.336270 -0.049514
6.341271 -0.028883
6.346272 0.000509
6.351273 0.041954
6.356274 0.114272
6.361275 0.181579
6.366276 0.212031
6.371277 0.207751
6.376278 0.159027
6.381279 0.088995
6.386280 0.034107
6.391281 0.027760
6.396282 0.065090
6.401283 0.054994
6.406284 -0.057983
6.411285 -0.190383
6.416286 -0.242857
6.421287 -0.215660
6.426288 -0.149835
6.431289 -0.082510
6.436290 -0.033017
6.441291 -0.003260
6.446292 0.017061
6.451293 0.047239
6.456294 0.092342
6.461295 0.138652
6.466296 0.158258
6.471297 0.146077
6.476298 0.124623
6.481299 0.083453
6.486300 0.008062
6.491301 -0.063086
6.496302 -0.093850
6.501303 -0.090612
6.506304 -0.076493
6.511305 -0.048472
6.516306 -0.023104
6.521307 -0.029195
6.526308 -0.050850
6.531309 -0.062775
6.536310 -0.035651
6.541311 0.001056
6.546312 -0.015697
6.551313 -0.069232
6.556314 -0.100983
6.561315 -0.075395
6.566316 -0.006314
6.571317 0.075076
6.576318 0.125135
6.581319 0.089890
6.586320 0.016749
6.591321 -0.000279
6.596322 0.060206
6.601323 0.133932
6.606324 0.127988
6.611325 0.049671
6.616326 -0.021075
6.621327 -0.055862
6.626328 -0.062373
6.631329 -0.036676
6.636330 0.000562
6.641331 0.031399
6.646332 0.032204
6.651333 0.009012
6.656334 0.006287
6.661335 -0.000554
6.666336 -0.023873
6.671337 -0.037792
6.676338 -0.035981
6.681339 -0.041797
6.686340 -0.070915
6.691341 -0.097691
6.696342 -0.099996
6.701343 -0.080663
6.706344 -0.052296
6.711345 -0.003480
6.716346 0.051591
6.721347 0.075550
6.726348 0.064046
6.731349 0.054041
6.736350 0.079355
6.741351 0.096547
6.746352 0.072185
6.751353 0.029679
6.756354 -0.000280
6.761355 -0.007248
6.766356 -0.010193
6.771357 -0.009132
6.776358 -0.007669
6.781359 -0.011985
6.786360 -0.008144
6.791361 0.013785
6.796362 0.046579
6.801363 0.043799
6.806364 -0.020966
6.811365 -0.086773
6.816366 -0.082969
6.821367 -0.032397
6.826368 0.001128
6.831369 0.006195
6.836370 -0.000591
6.841371 -0.023654
6.846372 -0.050596
6.851373 -0.046883
6.856374 0.015193
6.861375 0.097827
6.866376 0.117836
6.871377 0.093510
6.876378 0.056400
6.881379 0.004018
6.886380 -0.056467
6.891381 -0.120628
6.896382 -0.135753
6.901383 -0.110843
6.906384 -0.077647
6.911385 -0.021405
6.916386 0.028307
6.921387 0.043981
6.926388 0.010309
6.931389 -0.044450
6.936390 -0.046975
6.941391 0.016089
6.946392 0.090822
6.951393 0.131315
6.956394 0.141814
6.961395 0.107465
6.966396 0.041676
6.971397 0.028947
6.976398 0.071507
6.981399 0.097259
6.986400 0.051425
6.991401 -0.046280
6.996402 -0.114501
7.001403 -0.126060
7.006404 -0.101131
7.011405 -0.057473
7.016406 -0.029636
7.021407 -0.049974
7.026408 -0.091346
7.031409 -0.095498
7.036410 -0.026746
7.041411 0.067081
7.046412 0.102472
7.051413 0.088535
7.056414 0.075403
7.061415 0.077597
7.066416 0.080195
7.071417 0.072714
7.076418 0.049577
7.081419 0.000505
7.086420 -0.073532
7.091421 -0.130432
7.096422 -0.119970
7.101423 -0.066308
7.106424 -0.027771
7.111425 -0.007433
7.116426 0.005828
7.121427 -0.014950
7.126428 -0.042952
7.131429 -0.024625
7.136430 0.051772
7.141431 0.131260
7.146432 0.146952
7.151433 0.102398
7.156434 0.039828
7.161435 0.014680
7.166436 -0.001361
7.171437 -0.023583
7.176438 -0.027222
7.181439 -0.060455
7.186440 -0.132865
7.191441 -0.176102
7.196442 -0.137748
7.201443 -0.031740
7.206444 0.075256
7.211445 0.128644
7.216446 0.158658
7.221447 0.156609
7.226448 0.110226
7.231449 0.077524
7.236450 0.057478
7.241451 0.036079
7.246452 -0.007415
7.251453 -0.052774
7.256454 -0.063400
7.261455 -0.076569
7.266456 -0.103199
7.271457 -0.103108
7.276458 -0.056724
7.281459 0.002096
7.286460 0.043266
7.291461 0.062526
7.296462 0.068543
7.301463 0.047711
7.306464 0.009101
7.311465 -0.012536
7.316466 -0.017365
7.321467 -0.013250
7.326468 -0.035179
7.331469 -0.074411
7.336470 -0.095060
7.341471 -0.089025
7.346472 -0.070131
7.351473 -0.058554
7.356474 -0.028485
7.361475 -0.003337
7.366476 -0.008275
7.371477 -0.031247
7.376478 -0.054603
7.381479 -0.053853
7.386480 -0.057347
7.391481 -0.046428
7.396482 -0.013305
7.401483 0.006576
7.406484 0.005040
7.411485 -0.014402
7.416486 -0.012262
7.421487 0.003467
7.426488 0.006759
7.431489 0.009375
7.436490 0.026274
7.441491 0.043302
7.446492 0.034048
7.451493 0.021885
7.456494 0.030993
7.461495 0.055703
7.466496 0.072475
7.471497 0.091789
7.476498 0.117394
7.481499 0.108780
7.486500 0.062598
7.491501 0.005277
7.496502 -0.028449
7.501503 -0.055701
7.506504 -0.085861
7.511505 -0.099652
7.516506 -0.096488
7.521507 -0.073863
7.526508 -0.058664
7.531509 -0.032016
7.536510 0.019799
7.541511 0.066548
7.546512 0.092904
7.551513 0.110974
7.556514 0.147152
7.561515 0.184939
7.566516 0.189310
7.571517 0.162223
7.576518 0.139214
7.581519 0.097275
7.586520 0.014861
7.591521 -0.054494
7.596522 -0.077247
7.601523 -0.081765
7.606524 -0.105889
7.611525 -0.130690
7.616526 -0.134549
7.621527 -0.116863
7.626528 -0.089081
7.631529 -0.060622
7.636530 -0.021353
7.641531 0.005039
7.646532 0.011422
7.651533 0.014495
7.656534 0.026511
7.661535 0.044636
7.666536 0.039534
7.671537 0.021225
7.676538 0.005606
7.681539 -0.005825
7.686540 -0.024536
7.691541 -0.041034
7.696542 -0.026895
7.701543 -0.010800
7.706544 -0.007051
7.711545 -0.013745
7.716546 -0.016251
7.721547 -0.016489
7.726548 -0.038290
7.731549 -0.052940
7.736550 -0.050398
7.741551 -0.045625
7.746552 -0.045295
7.751553 -0.036461
7.756554 -0.011423
7.761555 0.008550
7.766556 0.010653
7.771557 0.015537
7.776558 0.045331
7.781559 0.076515
7.786560 0.078545
7.791561 0.051348
7.796562 0.029602
7.801563 0.012866
7.806564 -0.016416
7.811565 -0.039772
7.816566 -0.045881
7.821567 -0.036059
7.826568 -0.034139
7.831569 -0.034212
7.836570 -0.007948
7.841571 0.022121
7.846572 0.020987
7.851573 0.007873
7.856574 0.009171
7.861575 0.010397
7.866576 0.007964
7.871577 0.015061
7.876578 0.042441
7.881579 0.063547
7.886580 0.053378
7.891581 0.035070
7.896582 0.019103
7.901583 0.004873
7.906584 -0.010637
7.911585 -0.026860
7.916586 -0.020897
7.921587 -0.013527
7.926588 -0.034304
7.931589 -0.055173
7.936590 -0.055118
7.941592 -0.031652
7.946593 -0.000705
7.951594 0.033972
7.956595 0.075893
7.961596 0.098462
7.966597 0.088769
7.971598 0.062980
7.976599 0.060255
7.981600 0.065540
7.986601 0.043336
7.991602 0.012939
7.996603 -0.009357
8.001604 -0.032622
8.006605 -0.069915
8.011606 -0.094057
8.016607 -0.080194
8.021608 -0.054478
8.026609 -0.037597
8.031610 -0.027171
8.036611 -0.020367
8.041612 -0.026732
8.046613 -0.057697
8.051614 -0.085864
8.056615 -0.078017
8.061616 -0.053417
8.066617 -0.036847
8.071618 -0.022764
8.076619 0.004561
8.081620 0.034081
8.086621 0.038069
8.091622 0.036331
8.096623 0.047817
8.101624 0.055810
8.106625 0.055554
8.111626 0.059285
8.116627 0.079404
8.121628 0.097401
8.126629 0.094090
8.131630 0.082476
8.136631 0.082787
8.141632 0.082604
8.146633 0.048768
8.151634 -0.001072
8.156635 -0.041310
8.161636 -0.066111
8.166637 -0.087583
8.171638 -0.104538
8.176639 -0.090802
8.181640 -0.083724
8.186641 -0.096637
8.191642 -0.100825
8.196643 -0.083651
8.201644 -0.059746
8.206645 -0.056216
8.211646 -0.050126
8.216647 -0.024740
8.221648 0.012041
8.226649 0.036330
8.231650 0.049993
8.236651 0.071868
8.241652 0.088438
8.246653 0.077611
8.251654 0.053779
8.256655 0.050231
8.261656 0.043884
8.266657 0.031703
8.271658 0.023966
8.276659 0.034428
8.281660 0.054199
8.286661 0.037976
8.291662 0.021424
8.296663 0.015077
8.301664 -0.003450
8.306665 -0.032221
8.311666 -0.062344
8.316667 -0.068983
8.321668 -0.072605
8.326669 -0.090895
8.331670 -0.105417
8.336671 -0.091388
8.341672 -0.055705
8.346673 -0.030264
8.351674 -0.001530
8.356675 0.033221
8.361676 0.052754
8.366677 0.051529
8.371678 0.044853
8.376679 0.063838
8.381680 0.079567
8.386681 0.068227
8.391682 0.050651
8.396683 0.034793
8.401684 0.019027
8.406685 -0.012468
8.411686 -0.038677
8.416687 -0.040579
8.421688 -0.037196
8.426689 -0.045390
8.431690 -0.055157
8.436691 -0.040781
8.441692 -0.025106
8.446693 -0.029368
8.451694 -0.036977
8.456695 -0.028563
8.461696 -0.024722
8.466697 -0.048774
8.471698 -0.057973
8.476699 -0.035148
8.481700 0.000938
8.486701 0.030733
8.491702 0.050870
8.496703 0.080883
8.501704 0.101149
8.506705 0.094217
8.511706 0.075744
8.516707 0.062721
8.521708 0.043133
8.526709 0.004230
8.531710 -0.026314
8.536711 -0.023534
8.541712 -0.005774
8.546713 -0.002244
8.551714 -0.002318
8.556715 0.004084
8.561716 0.005291
8.566717 -0.016474
8.571718 -0.040928
8.576719 -0.029423
8.581720 -0.011518
8.586721 -0.001952
8.591722 0.012753
8.596723 0.034573
8.601724 0.056484
8.606725 0.051765
8.611726 0.045053
8.616727 0.044779
8.621728 0.030641
8.626729 0.001907
8.631730 -0.033283
8.636731 -0.034764
8.641732 -0.027906
8.646733 -0.043543
8.651734 -0.055468
8.656735 -0.051061
8.661736 -0.037910
8.666737 -0.039538
8.671738 -0.031454
8.676739 -0.001422
8.681740 0.019429
8.686741 0.017709
8.691742 0.002437
8.696743 0.003736
8.701744 0.011710
8.706745 0.005455
8.711746 0.001102
8.716747 0.012881
8.721748 0.019044
8.726749 0.002218
8.731750 -0.007933
8.736751 0.004101
8.741752 0.020453
8.746753 0.011820
8.751754 -0.009525
8.756755 -0.019840
8.761756 -0.036685
8.766757 -0.058450
8.771758 -0.072058
8.776759 -0.058011
8.781760 -0.030101
8.786761 -0.016877
8.791762 -0.003251
8.796763 0.018221
8.801764 0.034225
8.806765 0.030365
8.811766 0.022062
8.816767 0.029176
8.821768 0.042053
8.826769 0.041796
8.831770 0.037023
8.836771 0.046149
8.841772 0.051618
8.846773 0.039675
8.851774 0.033529
8.856775 0.039766
8.861776 0.042674
8.866777 0.030109
8.871778 0.004613
8.876779 -0.005611
8.881780 -0.017134
8.886781 -0.045209
8.891782 -0.068309
8.896783 -0.065840
8.901784 -0.045392
8.906785 -0.039521
8.911786 -0.020810
8.916787 0.009331
8.921788 0.022482
8.926789 0.017342
8.931790 0.003204
8.936791 0.015934
8.941792 0.027786
8.946793 0.019885
8.951794 0.013757
8.956795 0.011014
8.961796 0.007411
8.966797 -0.014757
8.971798 -0.029370
8.976799 -0.016329
8.981800 -0.000216
8.986801 -0.009270
8.991802 -0.031986
8.996803 -0.044459
9.001804 -0.062951
9.006805 -0.086252
9.011806 -0.105950
9.016807 -0.099969
9.021808 -0.082411
9.026809 -0.080161
9.031810 -0.064140
9.036811 -0.029352
9.041812 0.009587
9.046813 0.031023
9.051814 0.035851
9.056815 0.042582
9.061816 0.046350
9.066817 0.032925
9.071818 0.023469
9.076819 0.039180
9.081820 0.044813
9.086821 0.031187
9.091822 0.005344
9.096823 -0.009106
9.101824 -0.014318
9.106825 -0.034711
9.111826 -0.041204
9.116827 -0.032572
9.121828 -0.020153
9.126829 -0.022457
9.131830 -0.030304
9.136831 -0.011044
9.141832 0.012330
9.146833 0.017982
9.151834 0.025791
9.156835 0.052806
9.161836 0.068882
9.166837 0.061493
9.171838 0.052367
9.176839 0.055476
9.181840 0.059664
9.186841 0.042709
9.191842 0.027126
9.196843 0.032083
9.201844 0.032430
9.206845 0.016518
9.211846 0.003148
9.216847 0.013134
9.221848 0.028352
9.226849 0.025535
9.231850 0.020853
9.236851 0.030821
9.241852 0.038667
9.246853 0.019243
9.251854 0.006330
9.256855 0.013098
9.261856 0.012842
9.266857 0.001740
9.271858 -0.019275
9.276859 -0.023756
9.281860 -0.020044
9.286861 -0.030981
9.291862 -0.033450
9.296863 -0.019111
9.301864 -0.010387
9.306865 -0.026025
9.311866 -0.050753
9.316867 -0.054374
9.321868 -0.047625
9.326869 -0.051173
9.331870 -0.046839
9.336871 -0.022458
9.341872 -0.000821
9.346873 -0.002687
9.351874 -0.008521
9.356875 0.007117
9.361876 0.023742
9.366877 0.021895
9.371878 0.021200
9.376879 0.028772
9.381880 0.033875
9.386881 0.015219
9.391882 -0.008832
9.396883 -0.005833
9.401884 -0.007168
9.406885 -0.020483
9.411886 -0.025129
9.416887 -0.013734
9.421888 0.006366
9.426889 0.007921
9.431890 -0.000803
9.436891 0.009841
9.441892 0.017468
9.446893 0.009695
9.451894 0.006732
9.456895 0.015767
9.461896 0.029521
9.466897 0.018547
9.471898 0.003934
9.476899 0.012475
9.481900 0.015493
9.486901 0.003531
9.491902 0.000074
9.496903 0.014231
9.501904 0.024784
9.506905 0.016023
9.511906 0.001812
9.516907 0.002635
9.521908 0.000769
9.526909 -0.018655
9.531910 -0.040328
9.536911 -0.046547
9.541912 -0.048961
9.546913 -0.069007
9.551914 -0.077457
9.556915 -0.059807
9.561916 -0.036250
9.566917 -0.024252
9.571918 -0.015966
9.576919 0.005305
9.581920 0.015255
9.586921 0.004025
9.591922 -0.002487
9.596923 0.007445
9.601924 0.013261
9.606925 0.003421
9.611926 -0.002249
9.616927 0.006018
9.621928 0.017559
9.626929 0.016699
9.631930 0.011011
9.636931 0.016644
9.641932 0.017266
9.646933 0.001519
9.651934 -0.004773
9.656935 0.012675
9.661936 0.028716
9.666937 0.026923
9.671938 0.018345
9.676939 0.022716
9.681940 0.028423
9.686941 0.012895
9.691942 0.001244
9.696943 0.001372
9.701944 -0.002451
9.706945 -0.018710
9.711946 -0.031751
9.716947 -0.012144
9.721948 0.008816
9.726949 0.013516
9.731950 0.018290
9.736951 0.028569
9.741952 0.039854
9.746953 0.032026
9.751954 0.022003
9.756955 0.024618
9.761956 0.026081
9.766957 0.010114
9.771958 -0.006786
9.776959 0.004463
9.781960 0.012035
9.786961 0.004408
9.791962 -0.001427
9.796963 0.002725
9.801964 0.013388
9.806965 0.002890
9.811966 -0.009840
9.816967 0.001682
9.821968 0.008870
9.826969 0.002140
9.831970 -0.005121
9.836971 -0.005158
9.841972 -0.004847
9.846973 -0.026941
9.851974 -0.047426
9.856975 -0.049054
9.861976 -0.046676
9.866977 -0.057979
9.871978 -0.067088
9.876979 -0.042854
9.881980 -0.021948
9.886981 -0.014761
9.891982 0.001902
9.896983 0.029501
9.901984 0.051979
9.906985 0.048468
9.911986 0.039323
9.916987 0.044901
9.921988 0.045358
9.926989 0.025422
9.931990 0.005120
9.936991 0.002212
9.941992 -0.005726
9.946993 -0.029630
9.951994 -0.039342
9.956995 -0.027856
9.961996 -0.014322
9.966997 -0.014633
9.971998 -0.023979
9.976999 -0.012310
9.982000 0.006254
9.987001 0.004443
9.992002 0.005925
9.997003 0.026172
10.002004 0.042230
10.007005 0.034549
10.012006 0.024416
10.017007 0.027123
10.022008 0.033012
10.027009 0.019368
10.032010 0.001956
10.037011 0.013552
10.042012 0.017941
10.047013 0.004425
10.052014 -0.009219
10.057015 -0.007921
10.062016 -0.003732
10.067017 -0.019809
10.072018 -0.031442
10.077019 -0.028717
10.082020 -0.025040
10.087021 -0.040129
10.092022 -0.050573
10.097023 -0.034002
10.102024 -0.019425
10.107025 -0.017706
10.112026 -0.014579
10.117027 0.002522
10.122028 0.019550
10.127029 0.018599
10.132030 0.017959
10.137031 0.031804
10.142032 0.038755
10.147033 0.028768
10.152034 0.012673
10.157035 0.010643
10.162036 0.011996
10.167037 -0.010171
10.172038 -0.023962
10.177039 -0.017414
10.182040 -0.009147
10.187041 -0.011086
10.192042 -0.020596
10.197043 -0.007665
10.202044 0.000766
10.207046 -0.009970
10.212047 -0.013793
10.217048 -0.007428
10.222049 -0.000350
10.227050 -0.019462
10.232051 -0.038722
10.237052 -0.032247
10.242053 -0.025736
10.247054 -0.029687
10.252055 -0.031132
10.257056 -0.011232
10.262057 0.007222
10.267058 0.002650
10.272059 0.004497
10.277060 0.023866
10.282061 0.038772
10.287062 0.039742
10.292063 0.036285
10.297064 0.040784
10.302065 0.044899
10.307066 0.027707
10.312067 0.012929
10.317068 0.021945
10.322069 0.024634
10.327070 0.014044
10.332071 0.003875
10.337072 0.005320
10.342073 0.010715
10.347074 -0.001960
10.352075 -0.016189
10.357076 -0.010336
10.362077 -0.002545
10.367078 -0.014543
10.372079 -0.020432
10.377080 -0.008361
10.382081 -0.001064
10.387082 -0.006514
10.392083 -0.011800
10.397084 0.003619
10.402085 0.018251
10.407086 0.012123
10.412087 0.004606
10.417088 0.011154
10.422089 0.017007
10.427090 0.005758
10.432091 -0.001942
10.437092 0.008392
10.442093 0.018799
10.447094 0.009983
10.452095 -0.000314
10.457096 0.003582
10.462097 0.003984
10.467098 -0.011782
10.472099 -0.030328
10.477100 -0.023414
10.482101 -0.013391
10.487102 -0.026560
10.492103 -0.030236
10.497104 -0.018330
10.502105 -0.011800
10.507106 -0.019134
10.512107 -0.028042
10.517108 -0.014105
10.522109 0.000326
10.527110 -0.002911
10.532111 -0.003588
10.537112 0.003435
10.542113 0.011629
10.547114 -0.000150
10.552115 -0.015605
10.557116 -0.002784
10.562117 0.005886
10.567118 -0.002125
10.572119 -0.007319
10.577120 0.002374
10.582121 0.011354
10.587122 0.002356
10.592123 -0.003021
10.597124 0.005319
10.602125 0.010129
10.607126 -0.003973
10.612127 -0.009679
10.617128 0.002026
10.622129 0.015799
10.627130 0.018451
10.632131 0.012506
10.637132 0.023078
10.642133 0.026096
10.647134 0.010147
10.652135 -0.003259
10.657136 0.002429
10.662137 0.008665
10.667138 -0.006113
10.672139 -0.016373
10.677140 -0.013593
10.682141 -0.006735
10.687142 -0.017690
10.692143 -0.029817
10.697144 -0.018715
10.702145 -0.016758
10.707146 -0.026854
10.712147 -0.027695
10.717148 -0.010137
10.722149 0.005794
10.727150 0.005318
10.732151 0.004861
10.737152 0.015981
10.742153 0.027467
10.747154 0.017371
10.752155 0.009781
10.757156 0.018542
10.762157 0.022584
10.767158 0.009927
10.772159 -0.001614
10.777160 0.008555
10.782161 0.013731
10.787162 0.001367
10.792163 -0.010997
10.797164 -0.003260
10.802165 0.006525
10.807166 -0.001870
10.812167 -0.001340
10.817168 0.010439
10.822169 0.019566
10.827170 0.010055
10.832171 -0.002785
10.837172 0.006196
10.842173 0.012341
10.847174 0.004293
10.852175 -0.001578
10.857176 0.014664
10.862177 0.030869
10.867178 0.026022
10.872179 0.020590
10.877180 0.031984
10.882181 0.036941
10.887182 0.013164
10.892183 0.002190
10.897184 0.003342
10.902185 -0.000005
10.907186 -0.014106
10.912187 -0.031829
10.917188 -0.028885
10.922189 -0.029433
10.927190 -0.035103
10.932191 -0.041560
10.937192 -0.028940
10.942193 -0.007687
10.947194 -0.013028
10.952195 -0.011144
10.957196 0.000233
10.962197 0.010146
10.967198 0.006963
10.972199 -0.003608
10.977200 0.010914
10.982201 0.022546
10.987202 0.014096
10.992203 0.009652
10.997204 0.019162
11.002205 0.021302
11.007206 0.004860
11.012207 -0.005163
11.017208 0.000799
11.022209 0.001750
11.027210 -0.012095
11.032211 -0.023087
11.037212 -0.019777
11.042213 -0.015570
11.047214 -0.026124
11.052215 -0.034281
11.057216 -0.023142
11.062217 -0.010211
11.067218 -0.015058
11.072219 -0.017454
11.077220 -0.000006
11.082221 0.014206
11.087222 0.014626
11.092223 0.015138
11.097224 0.030209
11.102225 0.042226
11.107226 0.035769
11.112227 0.026460
11.117228 0.029752
11.122229 0.031471
11.127230 0.015815
11.132231 0.001219
11.137232 0.003396
11.142233 0.007475
11.147234 -0.009535
11.152235 -0.022393
11.157236 -0.014675
11.162237 -0.004268
11.167238 -0.009169
11.172239 -0.016412
11.177240 -0.000171
11.182241 0.007694
11.187242 -0.002969
11.192243 -0.010029
11.197244 -0.003335
11.202245 0.006468
11.207246 -0.001012
11.212247 -0.010413
11.217248 -0.003463
11.222249 0.002536
11.227250 -0.012407
11.232251 -0.024972
11.237252 -0.016833
11.242253 -0.009426
11.247254 -0.016705
11.252255 -0.025484
11.257256 -0.015718
11.262257 -0.001506
11.267258 -0.003646
11.272259 0.000140
11.277260 0.020259
11.282261 0.036683
11.287262 0.036537
11.292263 0.031214
11.297264 0.043981
11.302265 0.054186
11.307266 0.038823
11.312267 0.026879
11.317268 0.024794
11.322269 0.015686
11.327270 -0.002915
11.332271 -0.023729
11.337272 -0.021497
11.342273 -0.014054
11.347274 -0.029929
11.352275 -0.036276
11.357276 -0.022485
11.362277 -0.016834
11.367278 -0.021406
11.372279 -0.024717
11.377280 -0.013359
11.382281 -0.001507
11.387282 -0.005677
11.392283 -0.005073
11.397284 0.006650
11.402285 0.022526
11.407286 0.015722
11.412287 0.007126
11.417288 0.023605
11.422289 0.029238
11.427290 0.020697
11.432291 0.010747
11.437292 0.013619
11.442293 0.011259
11.447294 -0.011420
11.452295 -0.029033
11.457296 -0.028558
11.462297 -0.022669
11.467298 -0.036423
11.472299 -0.044287
11.477300 -0.031375
11.482301 -0.023327
11.487302 -0.029107
11.492303 -0.032289
11.497304 -0.014420
11.502305 -0.000318
11.507306 -0.008458
11.512307 -0.013725
11.517308 -0.006025
11.522309 -0.001892
11.527310 -0.007305
11.532311 -0.013176
11.537312 -0.002148
11.542313 0.008223
11.547314 -0.000959
11.552315 -0.004580
11.557316 0.002663
11.562317 0.015228
11.567318 0.012813
11.572319 0.005808
11.577320 0.022251
11.582321 0.031286
11.587322 0.028030
11.592323 0.024208
11.597324 0.033005
11.602325 0.042735
11.607326 0.024939
11.612327 0.014167
11.617328 0.018392
11.622329 0.017806
11.627330 0.007088
11.632331 -0.008129
11.637332 0.001437
11.642333 0.008314
11.647334 -0.004581
11.652335 -0.006501
11.657336 0.002059
11.662337 0.011770
11.667338 0.002388
11.672339 -0.004947
11.677340 0.004107
11.682341 0.004253
11.687342 -0.007672
11.692343 -0.020621
11.697344 -0.013799
11.702345 -0.008623
11.707346 -0.017292
11.712347 -0.018628
11.717348 -0.004398
11.722349 0.009594
11.727350 0.006795
11.732351 0.006832
11.737352 0.022031
11.742353 0.031871
11.747354 0.016434
11.752355 0.000010
11.757356 0.004363
11.762357 0.004088
11.767358 -0.011714
11.772359 -0.020237
11.777360 -0.013397
11.782361 -0.006538
11.787362 -0.013324
11.792363 -0.022670
11.797364 -0.011751
11.802365 0.001857
11.807366 -0.006118
11.812367 -0.011824
11.817368 -0.002368
11.822369 0.002735
11.827370 -0.009044
11.832371 -0.016945
11.837372 -0.006996
11.842373 -0.001673
11.847374 -0.006008
11.852375 -0.009959
11.857376 0.001984
11.862377 0.016159
11.867378 0.009611
11.872379 0.004563
11.877380 0.019982
11.882381 0.029127
11.887382 0.017549
11.892383 0.012007
11.897384 0.016964
11.902385 0.019177
11.907386 0.006026
11.912387 -0.005844
11.917388 0.000064
11.922389 0.001307
11.927390 -0.012794
11.932391 -0.024189
11.937392 -0.017915
11.942393 -0.011934
11.947394 -0.020311
11.952395 -0.027353
11.957396 -0.014477
11.962397 -0.002149
11.967398 -0.010599
11.972399 -0.016836
11.977400 -0.002040
11.982401 0.009867
11.987402 0.000429
11.992403 -0.003320
11.997404 0.007050
12.002405 0.012062
12.007406 -0.000412
12.012407 -0.006064
12.017408 0.002606
12.022409 0.003191
12.027410 -0.008496
12.032411 -0.018025
12.037412 -0.007070
12.042413 -0.000632
12.047414 -0.002881
12.052415 0.001270
12.057416 0.016524
12.062417 0.031558
12.067418 0.024389
12.072419 0.019268
12.077420 0.031302
12.082421 0.037411
12.087422 0.023566
12.092423 0.010708
12.097424 0.015427
12.102425 0.020200
12.107426 0.005422
12.112427 -0.007034
12.117428 0.000337
12.122429 0.005532
12.127430 -0.009850
12.132431 -0.025470
12.137432 -0.014404
12.142433 -0.009558
12.147434 -0.024830
12.152435 -0.032621
12.157436 -0.021739
12.162437 -0.017313
12.167438 -0.032420
12.172439 -0.033097
12.177440 -0.020422
12.182441 -0.011094
12.187442 -0.011186
12.192443 -0.012887
12.197444 0.004233
12.202445 0.018572
12.207446 0.012628
12.212447 0.013725
12.217448 0.030223
12.222449 0.035325
12.227450 0.022065
12.232451 0.018810
12.237452 0.029509
12.242453 0.028467
12.247454 0.015920
12.252455 0.002531
12.257456 0.003684
12.262457 0.003556
12.267458 -0.017661
12.272459 -0.027336
12.277460 -0.021886
12.282461 -0.020788
12.287462 -0.031982
12.292463 -0.042700
12.297464 -0.031433
12.302465 -0.021118
12.307466 -0.031342
12.312467 -0.038347
12.317468 -0.026568
12.322469 -0.016673
12.327470 -0.024209
12.332471 -0.027757
12.337472 -0.013088
12.342473 0.000409
12.347474 -0.002060
12.352475 -0.003907
12.357476 0.012554
12.362477 0.025613
12.367478 0.016084
12.372479 0.008823
12.377480 0.019650
12.382481 0.024168
12.387482 0.012426
12.392483 0.002970
12.397484 0.012243
12.402485 0.019687
12.407486 0.007048
12.412487 0.000903
12.417488 0.012627
12.422489 0.021442
12.427490 0.009627
12.432491 0.002366
12.437492 0.013340
12.442493 0.019705
12.447494 0.009316
12.452495 0.000372
12.457496 0.010926
12.462497 0.014895
12.467498 0.003756
12.472499 -0.003121
12.477501 0.005475
12.482502 0.014145
12.487503 0.005695
12.492504 0.000116
12.497505 0.012663
12.502506 0.021662
12.507507 0.013797
12.512508 0.009919
12.517509 0.024862
12.522510 0.034099
12.527511 0.022997
12.532512 0.016778
12.537513 0.023948
12.542514 0.027331
12.547515 0.009645
12.552516 -0.003762
12.557517 -0.000286
12.562518 -0.000780
12.567519 -0.013821
12.572520 -0.029203
12.577521 -0.022234
12.582522 -0.019052
12.587523 -0.031672
12.592524 -0.031782
12.597525 -0.018375
12.602526 -0.004438
12.607527 -0.007932
12.612528 -0.012285
12.617529 0.002969
12.622530 0.009937
12.627531 0.001195
12.632532 -0.005262
12.637533 0.001121
12.642534 0.007925
12.647535 -0.006908
12.652536 -0.016345
12.657537 -0.007969
12.662538 -0.004640
12.667539 -0.015120
12.672540 -0.026259
12.677541 -0.015047
12.682542 -0.007347
12.687543 -0.016839
12.692544 -0.020095
12.697545 -0.008828
12.702546 0.005858
12.707547 -0.000744
12.712548 -0.006487
12.717549 0.006828
12.722550 0.015149
12.727551 0.006590
12.732552 -0.002080
12.737553 0.008053
12.742554 0.014838
12.747555 0.004560
12.752556 -0.004293
12.757557 0.003444
12.762558 0.006937
12.767559 -0.007548
12.772560 -0.012359
12.777561 -0.002939
12.782562 0.003352
12.787563 -0.006195
12.792564 -0.012688
12.797565 -0.001476
12.802566 0.006553
12.807567 -0.003379
12.812568 -0.012377
12.817569 0.004065
12.822570 0.009808
12.827571 -0.001678
12.832572 -0.003525
12.837573 0.005090
12.842574 0.017234
12.847575 0.005419
12.852576 -0.004147
12.857577 0.006041
12.862578 0.005400
12.867579 -0.006177
12.872580 -0.019108
12.877581 -0.016145
12.882582 -0.008720
12.887583 -0.021888
12.892584 -0.030759
12.897585 -0.016694
12.902586 -0.006086
12.907587 -0.012268
12.912588 -0.012140
12.917589 0.004888
12.922590 0.017746
12.927591 0.011710
12.932592 0.007010
12.937593 0.021916
12.942594 0.030512
12.947595 0.018038
12.952596 0.011180
12.957597 0.019556
12.962598 0.027732
12.967599 0.021019
12.972600 0.011472
12.977601 0.022080
12.982602 0.031957
12.987603 0.020708
12.992604 0.011929
12.997605 0.019209
13.002606 0.018642
13.007607 0.000114
13.012608 -0.011189
13.017609 -0.006379
13.022610 -0.002026
13.027611 -0.009726
13.032612 -0.014097
13.037613 -0.001368
13.042614 0.006241
13.047615 -0.000654
13.052616 -0.003215
13.057617 0.004997
13.062618 0.011929
13.067619 0.002766
13.072620 -0.009836
13.077621 -0.004660
13.082622 -0.000636
13.087623 -0.015140
13.092624 -0.025383
13.097625 -0.015817
13.102626 -0.010147
13.107627 -0.019694
13.112628 -0.023919
13.117629 -0.012909
13.122630 -0.003691
13.127631 -0.011519
13.132632 -0.014519
13.137633 -0.002594
13.142634 0.005637
13.147635 -0.002776
13.152636 -0.011665
13.157637 0.000241
13.162638 0.003698
13.167639 -0.008574
13.172640 -0.017957
13.177641 -0.010019
13.182642 -0.002319
13.187643 -0.017281
13.192644 -0.019219
13.197645 -0.010422
13.202646 -0.001807
13.207647 -0.009544
13.212648 -0.020042
13.217649 -0.005191
13.222650 -0.004514
13.227651 -0.013915
13.232652 -0.021670
13.237653 -0.016677
13.242654 -0.005466
13.247655 -0.015159
13.252656 -0.017409
13.257657 -0.001167
13.262658 0.010008
13.267659 0.003972
13.272660 0.002490
13.277661 0.018183
13.282662 0.028517
13.287663 0.018586
13.292664 0.010812
13.297665 0.023451
13.302666 0.029706
13.307667 0.017470
13.312668 0.008489
13.317669 0.018384
13.322670 0.022627
13.327671 0.004923
13.332672 -0.003600
13.337673 0.005032
13.342674 0.011068
13.347675 0.003350
13.352676 -0.005448
13.357677 0.005837
13.362678 0.015915
13.367679 0.000990
13.372680 -0.004405
13.377681 0.011379
13.382682 0.015659
13.387683 0.011726
13.392684 0.007556
13.397685 0.017652
13.402686 0.031388
13.407687 0.017305
13.412688 0.010665
13.417689 0.019079
13.422690 0.020725
13.427691 0.004739
13.432692 -0.012069
13.437693 -0.003930
13.442694 -0.003107
13.447695 -0.018507
13.452696 -0.027634
13.457697 -0.017337
13.462698 -0.012179
13.467699 -0.022293
13.472700 -0.026299
13.477701 -0.017885
13.482702 -0.004790
13.487703 -0.014977
13.492704 -0.020574
13.497705 -0.006198
13.502706 0.002361
13.507707 -0.006363
13.512708 -0.014337
13.517709 0.003002
13.522710 0.010299
13.527711 0.002672
13.532712 -0.001132
13.537713 0.007665
13.542714 0.016957
13.547715 0.002306
13.552716 -0.004004
13.557717 0.007263
13.562718 0.010134
13.567719 -0.000199
13.572720 -0.007424
13.577721 0.004227
13.582722 0.012055
13.587723 0.002379
13.592724 -0.000584
13.597725 0.008214
13.602726 0.014725
13.607727 0.005013
13.612728 -0.007150
13.617729 0.001172
13.622730 0.008762
13.627731 -0.002266
13.632732 -0.011229
13.637733 -0.000035
13.642734 0.006385
13.647735 -0.006107
13.652736 -0.012253
13.657737 -0.001370
13.662738 0.005653
13.667739 -0.006181
13.672740 -0.013734
13.677741 -0.004297
13.682742 0.001245
13.687743 -0.009638
13.692744 -0.016990
13.697745 -0.002175
13.702746 0.006732
13.707747 -0.003584
13.712748 -0.005193
13.717749 0.006768
13.722750 0.019443
13.727751 0.013956
13.732752 0.004226
13.737753 0.020047
13.742754 0.025186
13.747755 0.008433
13.752756 -0.000456
13.757757 0.003641
13.762758 0.008725
13.767759 -0.005340
13.772760 -0.014576
13.777761 -0.003840
13.782762 -0.000438
13.787763 -0.010680
13.792764 -0.016808
13.797765 -0.004499
13.802766 0.004207
13.807767 -0.004791
13.812768 -0.008285
13.817769 0.003256
13.822770 0.009859
13.827771 -0.001499
13.832772 -0.008596
13.837773 0.000696
13.842774 0.008487
13.847775 -0.002871
13.852776 -0.014503
13.857777 -0.001371
13.862778 0.002195
13.867779 -0.010370
13.872780 -0.014302
13.877781 -0.002871
13.882782 0.010334
13.887783 -0.001847
13.892784 -0.005596
13.897785 0.014724
13.902786 0.019772
13.907787 0.008414
13.912788 0.003567
13.917789 0.011413
13.922790 0.014486
13.927791 -0.001939
13.932792 -0.013699
13.937793 -0.004700
13.942794 0.000476
13.947795 -0.013278
13.952796 -0.019625
13.957797 -0.009181
13.962798 -0.002871
13.967799 -0.010700
13.972800 -0.020357
13.977801 -0.007444
13.982802 -0.002231
13.987803 -0.013919
13.992804 -0.017193
13.997805 -0.007462
14.002806 0.005231
14.007807 -0.003695
14.012808 -0.008651
14.017809 0.006200
14.022810 0.013992
14.027811 0.004481
14.032812 0.000859
14.037813 0.012583
14.042814 0.017796
14.047815 0.009712
14.052816 -0.000878
14.057817 0.008011
14.062818 0.014924
14.067819 0.000567
14.072820 -0.004244
14.077821 0.006511
14.082822 0.016351
14.087823 0.007151
14.092824 -0.000147
14.097825 0.013278
14.102826 0.020320
14.107827 0.008651
14.112828 0.000310
14.117829 0.011211
14.122830 0.012400
14.127831 -0.000751
14.132832 -0.008286
14.137833 -0.000495
14.142834 0.005980
14.147835 -0.006110
14.152836 -0.010298
14.157837 -0.000751
14.162838 0.005706
14.167839 -0.004208
14.172840 -0.011853
14.177841 0.000292
14.182842 0.005888
14.187843 -0.006329
14.192844 -0.011725
14.197845 -0.002013
14.202846 0.000401
14.207847 -0.008817
14.212848 -0.015968
14.217849 -0.008213
14.222850 -0.002104
14.227851 -0.012237
14.232852 -0.018675
14.237853 -0.008506
14.242854 0.002541
14.247855 -0.007555
14.252856 -0.009878
14.257857 0.007077
14.262858 0.014942
14.267859 0.011576
14.272860 0.006985
14.277861 0.016332
14.282862 0.024471
14.287863 0.008321
14.292864 -0.004684
14.297865 0.004608
14.302866 0.004864
14.307867 -0.012256
14.312868 -0.020047
14.317869 -0.014396
14.322870 -0.007793
14.327871 -0.017523
14.332872 -0.025040
14.337873 -0.007994
14.342874 -0.000459
14.347875 -0.008891
14.352876 -0.013097
14.357877 -0.001812
14.362878 0.012015
14.367879 0.000090
14.372880 -0.006367
14.377881 0.008192
14.382882 0.012765
14.387883 0.002266
14.392884 -0.003550
14.397885 0.003638
14.402886 0.006637
14.407887 -0.004355
14.412888 -0.014378
14.417889 -0.006477
14.422890 0.001077
14.427891 -0.013445
14.432892 -0.020176
14.437893 -0.007245
14.442894 0.000748
14.447895 -0.006824
14.452896 -0.010537
14.457897 0.008722
14.462898 0.014447
14.467899 0.007131
14.472900 0.005796
14.477901 0.012636
14.482902 0.021287
14.487903 0.006966
14.492904 0.000748
14.497905 0.011100
14.502906 0.015800
14.507907 0.003747
14.512908 -0.003990
14.517909 0.010972
14.522910 0.016422
14.527911 0.006929
14.532912 0.001406
14.537913 0.016678
14.542914 0.024707
14.547915 0.014648
14.552916 0.015452
14.557917 0.025896
14.562918 0.036230
14.567919 0.027085
14.572920 0.019714
14.577921 0.032133
14.582922 0.035023
14.587923 0.022037
14.592924 0.011282
14.597925 0.019202
14.602926 0.020043
14.607927 0.001735
14.612928 -0.006825
14.617929 -0.004008
14.622930 -0.000039
14.627931 -0.011964
14.632932 -0.024255
14.637933 -0.010520
14.642934 -0.005837
14.647935 -0.015933
14.652936 -0.016939
14.657937 -0.007209
14.662938 0.001771
14.667939 -0.006825
14.672940 -0.011946
14.677941 0.000034
14.682942 0.006545
14.687943 -0.004155
14.692944 -0.013757
14.697945 -0.003368
14.702946 -0.002802
14.707947 -0.018622
14.712948 -0.024676
14.717949 -0.023506
14.722950 -0.018220
14.727951 -0.032395
14.732952 -0.044905
14.737953 -0.029450
14.742954 -0.024676
14.747956 -0.034882
14.752957 -0.037443
14.757958 -0.021000
14.762959 -0.011855
14.767960 -0.020854
14.772961 -0.020342
14.777962 -0.006789
14.782963 0.000088
14.787964 -0.008691
14.792965 -0.014654
14.797966 -0.004247
14.802967 0.004038
14.807968 -0.009441
14.812969 -0.016611
14.817970 -0.001174
14.822971 0.005575
14.827972 -0.004156
14.832973 -0.006039
14.837974 0.008080
14.842975 0.017372
14.847976 0.010312
14.852977 0.005300
14.857978 0.016512
14.862979 0.024505
14.867980 0.013092
14.872981 0.005776
14.877982 0.014829
14.882983 0.020645
14.887984 0.010586
14.892985 0.001331
14.897986 0.011007
14.902987 0.018213
14.907988 0.007440
14.912989 -0.000553
14.917990 0.010238
14.922991 0.018725
14.927992 0.007696
14.932993 0.003160
14.937994 0.014994
14.942995 0.019822
14.947996 0.012268
14.952997 0.008574
14.957998 0.021011
14.962999 0.031656
14.968000 0.022401
14.973001 0.018450
14.978002 0.028784
14.983003 0.032350
14.988004 0.021431
14.993005 0.013512
14.998006 0.022382
15.003007 0.027577
15.008008 0.011866
15.013009 0.001038
15.018010 0.013969
15.023011 0.015835
15.028012 0.003964
15.033013 -0.002657
15.038014 0.003562
15.043015 0.011170
15.048016 -0.006242
15.053017 -0.016228
15.058018 -0.007632
15.063019 -0.005144
15.068020 -0.017673
15.073021 -0.028500
15.078022 -0.019721
15.083023 -0.015387
15.088024 -0.026726
15.093025 -0.033640
15.098026 -0.021550
15.103027 -0.017051
15.108028 -0.027293
15.113029 -0.026818
15.118030 -0.020252
15.123031 -0.012790
15.128032 -0.019264
15.133033 -0.029287
15.138034 -0.015826
15.143035 -0.011893
15.148036 -0.024257
15.153037 -0.030238
15.158038 -0.022118
15.163039 -0.012607
15.168040 -0.025702
15.173041 -0.033732
15.178042 -0.016795
15.183043 -0.006388
15.188044 -0.015259
15.193045 -0.017216
15.198046 -0.000152
15.203047 0.013346
15.208048 0.001897
15.213049 0.001659
15.218050 0.017718
15.223051 0.022509
15.228052 0.020424
15.233053 0.009103
15.238054 0.021394
15.243055 0.030795
15.248056 0.013858
15.253057 0.009798
15.258058 0.017315
15.263059 0.023296
15.268060 0.009688
15.273061 0.002244
15.278062 0.012742
15.283063 0.016053
15.288064 0.007036
15.293065 -0.001725
15.298066 0.010346
15.303067 0.018412
15.308068 0.006944
15.313069 0.002317
15.318070 0.013565
15.323071 0.018193
15.328072 0.007676
15.333073 0.002097
15.338074 0.009962
15.343075 0.014004
15.348076 0.003268
15.353077 -0.005511
15.358078 0.001585
15.363079 0.010401
15.368080 -0.002658
15.373081 -0.012955
15.378082 -0.001323
15.383083 0.002591
15.388084 -0.007395
15.393085 -0.014053
15.398086 -0.005822
15.403087 0.002280
15.408088 -0.008987
15.413089 -0.016175
15.418090 -0.000957
15.423091 0.006011
15.428092 -0.001963
15.433093 -0.003994
15.438094 0.005865
15.443095 0.016601
15.448096 0.004456
15.453097 0.000634
15.458098 0.015138
15.463099 0.018686
15.468100 0.010419
15.473101 0.002920
15.478102 0.015138
15.483103 0.019893
15.488104 0.009998
15.493105 0.001274
15.498106 0.006322
15.503107 0.014241
15.508108 -0.004817
15.513109 -0.011420
15.518110 -0.002220
15.523111 -0.001781
15.528112 -0.011109
15.533113 -0.022430
15.538114 -0.012682
15.543115 -0.005091
15.548116 -0.018297
15.553117 -0.025393
15.558118 -0.013285
15.563119 -0.010396
15.568120 -0.021790
15.573121 -0.024680
15.578122 -0.017053
15.583123 -0.011877
15.588124 -0.019010
15.593125 -0.022394
15.598126 -0.011457
15.603127 -0.000483
15.608128 -0.008841
15.613129 -0.013578
15.618130 0.001310
15.623131 0.006394
15.628132 -0.004324
15.633133 -0.010176
15.638134 -0.000355
15.643135 0.004913
15.648136 -0.005805
15.653137 -0.015481
15.658138 -0.004763
15.663139 0.001639
15.668140 -0.011658
15.673141 -0.017675
15.678142 -0.009079
15.683143 -0.001251
15.688144 -0.013816
15.693145 -0.019011
15.698146 -0.004068
15.703147 0.004821
15.708148 -0.002038
15.713149 -0.004982
15.718150 0.011698
15.723151 0.019233
15.728152 0.013216
15.733153 0.009869
15.738154 0.021812
15.743155 0.030299
15.748156 0.016874
15.753157 0.011497
15.758158 0.021209
15.763159 0.028360
15.768160 0.017715
15.773161 0.006778
15.778162 0.019526
15.783163 0.024464
15.788164 0.009155
15.793165 0.003687
15.798166 0.011753
15.803167 0.019324
15.808168 0.009503
15.813169 -0.001361
15.818170 0.009137
15.823171 0.016343
15.828172 0.005369
15.833173 -0.003300
15.838174 0.007491
15.843175 0.013087
15.848176 -0.000118
15.853177 -0.006263
15.858178 0.005040
15.863179 0.007033
15.868180 -0.005459
15.873181 -0.009482
15.878182 -0.001508
15.883183 0.004985
15.888184 -0.005971
15.893185 -0.012135
15.898186 -0.002953
15.903187 0.004180
15.908188 -0.003831
15.913189 -0.015098
15.918190 -0.002551
15.923191 0.003796
15.928192 -0.011970
15.933193 -0.017530
15.938194 -0.009391
15.943195 -0.005861
15.948196 -0.018445
15.953197 -0.028614
15.958198 -0.014823
15.963199 -0.012080
15.968200 -0.022249
15.973201 -0.022505
15.978202 -0.013635
15.983203 -0.001856
15.988204 -0.012409
15.993205 -0.015592
15.998206 -0.001179
16.003207 0.005588
16.008208 0.000412
16.013209 -0.008184
16.018210 0.006411
16.023211 0.012062
16.028212 -0.003393
16.033213 -0.006685
16.038214 0.000887
16.043215 0.003667
16.048216 -0.007727
16.053217 -0.015116
16.058218 -0.005441
16.063219 0.000668
16.068220 -0.009099
16.073221 -0.013946
16.078222 -0.000082
16.083223 0.007929
16.088224 -0.001399
16.093225 -0.006520
16.098226 0.005112
16.103227 0.015281
16.108228 0.001875
16.113229 -0.002204
16.118230 0.010434
16.123231 0.014147
16.128232 0.008166
16.133233 -0.002844
16.138234 0.010782
16.143235 0.017256
16.148236 0.001527
16.153237 -0.001198
16.158238 0.004600
16.163239 0.013196
16.168240 0.004782
16.173241 -0.005003
16.178242 0.006246
16.183243 0.014677
16.188244 0.000448
16.193245 -0.005460
16.198246 0.008440
16.203247 0.010251
16.208248 0.002039
16.213249 -0.005058
16.218250 0.005989
16.223251 0.012665
16.228252 0.001709
16.233253 -0.002113
16.238254 0.007599
16.243255 0.017841
16.248256 0.006337
16.253257 0.003557
16.258258 0.017731
16.263259 0.022871
16.268260 0.014659
16.273261 0.009098
16.278262 0.018609
16.283263 0.021206
16.288264 0.009592
16.293265 0.002148
16.298266 0.008001
16.303267 0.010744
16.308268 -0.000925
16.313269 -0.013380
16.318270 -0.005461
16.323271 0.003373
16.328272 -0.012923
16.333273 -0.020477
16.338274 -0.005680
16.343275 -0.002022
16.348276 -0.010618
16.353277 -0.013344
16.358278 -0.003613
16.363279 0.004233
16.368280 -0.009192
16.373281 -0.010253
16.378282 0.002788
16.383283 0.003300
16.388284 -0.003522
16.393285 -0.011679
16.398286 -0.000852
16.403287 0.004690
16.408288 -0.010125
16.413289 -0.014222
16.418290 -0.006906
16.423291 -0.001309
16.428292 -0.012155
16.433293 -0.021245
16.438294 -0.008314
16.443295 -0.003248
16.448296 -0.015228
16.453297 -0.016892
16.458298 -0.005882
16.463299 -0.000669
16.468300 -0.009558
16.473301 -0.017185
16.478302 -0.005918
16.483303 0.003226
16.488304 -0.010436
16.493305 -0.019106
16.498306 -0.003834
16.503307 -0.001163
16.508308 -0.013198
16.513309 -0.012814
16.518310 -0.003248
16.523311 0.003208
16.528312 -0.005718
16.533313 -0.007327
16.538314 0.003153
16.543315 0.007012
16.548316 0.002348
16.553317 -0.005864
16.558318 0.005787
16.563319 0.015041
16.568320 0.000885
16.573321 -0.003998
16.578322 0.006006
16.583323 0.012060
16.588324 0.002513
16.593325 -0.006193
16.598326 0.005146
16.603327 0.011932
16.608328 0.001488
16.613329 -0.002572
16.618330 0.011639
16.623331 0.018516
16.628332 0.006792
16.633333 0.003226
16.638334 0.013779
16.643335 0.019412
16.648336 0.009060
16.653337 0.002787
16.658338 0.013249
16.663339 0.019778
16.668340 0.007908
16.673341 0.001634
16.678342 0.013889
16.683343 0.017492
16.688344 0.006189
16.693345 -0.001329
16.698346 0.007871
16.703347 0.014273
16.708348 0.001872
16.713349 -0.005096
16.718350 0.005713
16.723351 0.010541
16.728352 -0.000926
16.733353 -0.006377
16.738354 0.004195
16.743355 0.010962
16.748356 -0.002024
16.753357 -0.007950
16.758358 0.003554
16.763359 0.007688
16.768360 -0.005152
16.773361 -0.014571
16.778362 -0.001366
16.783363 0.000335
16.788364 -0.013510
16.793365 -0.017186
16.798366 -0.008590
16.803367 -0.000963
16.808368 -0.012047
16.813369 -0.017278
16.818370 -0.004000
16.823371 0.003920
16.828372 -0.007548
16.833373 -0.011279
16.838374 0.001579
16.843375 0.005987
16.848376 -0.003872
16.853377 -0.013602
16.858378 -0.001805
16.863379 0.002566
16.868380 -0.010968
16.873381 -0.015925
16.878382 -0.007091
16.883383 0.000061
16.888384 -0.012066
16.893385 -0.018065
16.898386 -0.005683
16.903387 0.000646
16.908388 -0.009889
16.913389 -0.013694
16.918390 -0.000964
16.923391 0.005492
16.928392 -0.004567
16.933393 -0.009066
16.938394 0.008309
16.943395 0.014656
16.948396 0.004852
16.953397 0.000316
16.958398 0.009571
16.963399 0.016942
16.968400 0.002932
16.973401 -0.003671
16.978402 0.003261
16.983403 0.006407
16.988404 -0.003415
16.993405 -0.013438
16.998406 -0.003177
17.003407 0.001651
17.008408 -0.010164
17.013410 -0.013145
17.018411 -0.002318
17.023412 0.003462
17.028413 -0.004750
17.033414 -0.009359
17.038415 0.005273
17.043416 0.012899
17.048417 -0.000452
17.053418 -0.002793
17.058419 0.009753
17.063420 0.014893
17.068421 0.005309
17.073422 -0.001714
17.078423 0.009150
17.083424 0.013448
17.088425 0.000773
17.093426 -0.005866
17.098427 0.001157
17.103428 0.009168
17.108429 -0.000398
17.113430 -0.010549
17.118431 0.005327
17.123432 0.012167
17.128433 -0.000398
17.133434 -0.003489
17.138435 0.008839
17.143436 0.018294
17.148437 0.003809
17.153438 -0.001038
17.158439 0.011289
17.163440 0.015825
17.168441 0.007064
17.173442 -0.002044
17.178443 0.011216
17.183444 0.016593
17.188445 0.003242
17.193446 -0.000453
17.198447 0.009844
17.203448 0.016301
17.208449 0.003132
17.213450 -0.003654
17.218451 0.008948
17.223452 0.012789
17.228453 0.001833
17.233454 -0.003562
17.238455 0.007210
17.243456 0.011856
17.248457 0.001943
17.253458 -0.003526
17.258459 0.004887
17.263460 0.013374
17.268461 -0.000910
17.273462 -0.007641
17.278463 0.004650
17.283464 0.006735
17.288465 -0.003160
17.293466 -0.010952
17.298467 -0.000655
17.303468 0.006442
17.308469 -0.007641
17.313470 -0.014171
17.318471 -0.002008
17.323472 0.002857
17.328473 -0.011190
17.333474 -0.016165
17.338475 -0.004276
17.343476 -0.001405
17.348477 -0.010806
17.353478 -0.018890
17.358479 -0.007934
17.363480 -0.001880
17.368481 -0.017957
17.373482 -0.020847
17.378483 -0.011976
17.383484 -0.008648
17.388485 -0.018707
17.393486 -0.025804
17.398487 -0.013110
17.403488 -0.008190
17.408489 -0.019750
17.413490 -0.021890
17.418491 -0.008867
17.423492 -0.004514
17.428493 -0.012233
17.433494 -0.017976
17.438495 -0.006142
17.443496 0.002765
17.448497 -0.009855
17.453498 -0.012580
17.458499 -0.001094
17.463500 0.008709
17.468501 -0.002795
17.473502 -0.004679
17.478503 0.012678
17.483504 0.013849
17.488505 0.011233
17.493506 0.004246
17.498507 0.016226
17.503508 0.027182
17.508509 0.012678
17.513510 0.010593
17.518511 0.017890
17.523512 0.024639
17.528513 0.012385
17.533514 0.002070
17.538515 0.014763
17.543516 0.017214
17.548517 0.005014
17.553518 -0.001845
17.558519 0.010172
17.563520 0.012422
17.568521 0.001484
17.573522 -0.002210
17.578523 0.005270
17.583524 0.014049
17.588525 -0.000985
17.593526 -0.005393
17.598527 0.005672
17.603528 0.008983
17.608529 -0.000363
17.613530 -0.010148
17.618531 0.005617
17.623532 0.006971
17.628533 -0.003820
17.633534 -0.003912
17.638535 0.002325
17.643536 0.013372
17.648537 0.000313
17.653538 -0.005466
17.658539 0.008562
17.663540 0.008909
17.668541 -0.000583
17.673542 -0.007058
17.678543 0.002599
17.683544 0.008141
17.688545 -0.004552
17.693546 -0.011594
17.698547 0.000075
17.703548 0.005379
17.708549 -0.009051
17.713550 -0.013441
17.718551 -0.002559
17.723552 0.001776
17.728553 -0.009893
17.733554 -0.014630
17.738555 -0.002376
17.743556 0.001904
17.748557 -0.006436
17.753558 -0.010716
17.758559 0.002288
17.763560 0.009403
17.768561 -0.000766
17.773562 -0.004351
17.778563 0.006165
17.783564 0.013994
17.788565 0.003276
17.793566 -0.003949
17.798567 0.007391
17.803568 0.013683
17.808569 0.000148
17.813570 -0.005485
17.818571 0.005342
17.823572 0.007994
17.828573 -0.001462
17.833574 -0.010570
17.838575 -0.000309
17.843576 0.009622
17.848577 -0.004882
17.853578 -0.010771
17.858579 0.003349
17.863580 0.007958
17.868581 -0.003492
17.873582 -0.009253
17.878583 0.002964
17.883584 0.007390
17.888585 -0.005669
17.893586 -0.013021
17.898587 -0.002760
17.903588 0.002964
17.908589 -0.012125
17.913590 -0.017155
17.918591 -0.006291
17.923592 -0.003017
17.928593 -0.012564
17.933594 -0.018600
17.938595 -0.006602
17.943596 0.001629
17.948597 -0.009199
17.953598 -0.014046
17.958599 -0.001352
17.963600 0.005525
17.968601 -0.003858
17.973602 -0.009272
17.978603 0.002159
17.983604 0.009841
17.988605 0.000806
17.993606 -0.005248
17.998607 0.005415
18.003608 0.014688
18.008609 0.001812
18.013610 -0.005029
18.018611 0.009822
18.023612 0.011889
18.028613 -0.000292
18.033614 -0.004645
18.038615 0.005305
18.043616 0.009237
18.048617 -0.002944
18.053618 -0.008651
18.058619 0.003969
18.063620 0.011413
18.068621 -0.003310
18.073622 -0.005249
18.078623 0.007573
18.083624 0.013334
18.088625 0.006164
18.093626 -0.003255
18.098627 0.009694
18.103628 0.018528
18.108629 0.004335
18.113630 -0.001664
18.118631 0.012456
18.123632 0.015089
18.128633 0.000311
18.133634 -0.001536
18.138635 0.007280
18.143636 0.010755
18.148637 -0.000036
18.153638 -0.008688
18.158639 0.004317
18.163640 0.008121
18.168641 -0.004079
18.173642 -0.007480
18.178643 0.003073
18.183644 0.009456
18.188645 -0.005249
18.193646 -0.009913
18.198647 0.002140
18.203648 0.004024
18.208649 -0.006036
18.213650 -0.014028
18.218651 -0.004024
18.223652 0.001701
18.228653 -0.011120
18.233654 -0.017120
18.238655 -0.006310
18.243656 -0.000165
18.248657 -0.012072
18.253658 -0.014797
18.258659 -0.003457
18.263660 0.000859
18.268661 -0.007774
18.273662 -0.013480
18.278663 -0.001646
18.283664 0.003621
18.288665 -0.007609
18.293666 -0.013901
18.298667 -0.002396
18.303668 0.005907
18.308669 -0.005780
18.313670 -0.013334
18.318671 0.000054
18.323672 0.007663
18.328673 -0.005451
18.333674 -0.010901
18.338675 -0.002067
18.343676 0.003237
18.348677 -0.007006
18.353678 -0.013846
18.358679 -0.000915
18.363680 0.005285
18.368681 -0.006805
18.373682 -0.010261
18.378683 0.003547
18.383684 0.008614
18.388685 -0.000330
18.393686 -0.006658
18.398687 0.005450
18.403688 0.013845
18.408689 0.001078
18.413690 -0.003019
18.418691 0.006675
18.423692 0.012893
18.428693 0.002084
18.433694 -0.005378
18.438695 0.008248
18.443696 0.011906
18.448697 0.001243
18.453698 -0.002909
18.458699 0.006419
18.463700 0.013021
18.468701 0.000438
18.473702 -0.003092
18.478703 0.009253
18.483704 0.012235
18.488705 0.003693
18.493706 -0.000733
18.498707 0.010113
18.503708 0.015874
18.508709 0.005449
18.513710 -0.000751
18.518711 0.008229
18.523712 0.015911
18.528713 0.004297
18.533714 -0.005635
18.538715 0.006894
18.543716 0.014228
18.548717 -0.002379
18.553718 -0.007446
18.558719 0.007461
18.563720 0.009729
18.568721 -0.000569
18.573722 -0.007519
18.578723 0.002230
18.583724 0.011320
18.588725 -0.004538
18.593726 -0.010281
18.598727 0.002669
18.603728 0.006272
18.608729 -0.004245
18.613730 -0.010866
18.618731 0.001461
18.623732 0.006290
18.628733 -0.003715
18.633734 -0.006751
18.638735 0.002449
18.643736 0.009180
18.648737 -0.001429
18.653738 -0.007556
18.658739 0.003327
18.663740 0.006857
18.668741 -0.004849
18.673742 -0.012567
18.678743 -0.000094
18.683744 0.004881
18.688745 -0.010793
18.693746 -0.013098
18.698747 -0.003550
18.703748 0.000748
18.708749 -0.008964
18.713750 -0.015604
18.718751 -0.001118
18.723752 0.002650
18.728753 -0.009348
18.733754 -0.012147
18.738755 -0.003551
18.743756 0.002942
18.748757 -0.007373
18.753758 -0.012824
18.758759 0.000235
18.763760 0.005503
18.768761 0.000418
18.773762 -0.005910
18.778763 0.005631
18.783764 0.017190
18.788765 0.001644
18.793766 -0.003752
18.798767 0.008941
18.803768 0.014428
18.808769 0.001241
18.813770 -0.004776
18.818771 0.009051
18.823772 0.011813
18.828773 0.000839
18.833774 -0.005069
18.838775 0.006271
18.843776 0.011227
18.848777 -0.001283
18.853778 -0.006386
18.858779 0.001954
18.863780 0.005941
18.868781 -0.007410
18.873782 -0.012952
18.878783 -0.004667
18.883784 -0.001649
18.888785 -0.010447
18.893786 -0.019299
18.898787 -0.006715
18.903788 0.002320
18.908789 -0.011855
18.913790 -0.015385
18.918791 0.000107
18.923792 0.004057
18.928793 -0.007667
18.933794 -0.011105
18.938795 0.002192
18.943796 0.008191
18.948797 -0.004868
18.953798 -0.008087
18.958799 0.003527
18.963800 0.006160
18.968801 -0.005307
18.973802 -0.010173
18.978803 0.003124
18.983804 0.006252
18.988805 -0.006277
18.993806 -0.009770
18.998807 0.000362
19.003808 0.004971
19.008809 -0.007118
19.013810 -0.013044
19.018811 -0.001046
19.023812 0.003819
19.028813 -0.008289
19.033814 -0.009844
19.038815 0.001130
19.043816 0.006197
19.048817 -0.001284
19.053818 -0.008051
19.058819 0.005355
19.063820 0.011208
19.068821 -0.000205
19.073822 -0.003406
19.078823 0.007422
19.083824 0.015378
19.088825 0.003416
19.093826 -0.001467
19.098827 0.011647
19.103828 0.015707
19.108829 0.006763
19.113830 0.000398
19.118831 0.010366
19.123832 0.018268
19.128833 0.005995
19.133834 -0.000059
19.138835 0.011811
19.143836 0.018048
19.148837 0.006580
19.153838 -0.000626
19.158839 0.010897
19.163840 0.015652
19.168841 0.003507
19.173842 -0.001723
19.178843 0.008025
19.183844 0.012177
19.188845 0.005099
19.193846 -0.002400
19.198847 0.004861
19.203848 0.014573
19.208849 0.000014
19.213850 -0.006223
19.218851 0.003269
19.223852 0.006232
19.228853 -0.003388
19.233854 -0.011326
19.238855 0.001861
19.243856 0.004220
19.248857 -0.006241
19.253858 -0.009625
19.258859 -0.001230
19.263860 0.006891
19.268861 -0.006443
19.273862 -0.011491
19.278863 0.000453
19.283865 0.002684
19.288866 -0.008784
19.293867 -0.015350
19.298868 -0.002346
19.303869 0.001733
19.308870 -0.010192
19.313871 -0.015094
19.318872 -0.007339
19.323873 0.002098
19.328874 -0.011765
19.333875 -0.016887
19.338876 -0.000974
19.343877 -0.001560
19.348878 -0.010394
19.353879 -0.014564
19.358880 -0.003663
19.363881 0.002720
19.368882 -0.009662
19.373883 -0.012826
19.378884 -0.003023
19.383885 0.004330
19.388886 -0.007650
19.393887 -0.014729
19.398888 0.001476
19.403889 0.005299
19.408890 -0.005511
19.413891 -0.008620
19.418892 0.000964
19.423893 0.007603
19.428894 -0.002749
19.433895 -0.009205
19.438896 0.001641
19.443897 0.007493
19.448898 -0.003737
19.453899 -0.008455
19.458900 0.001933
19.463901 0.007859
19.468902 -0.001999
19.473903 -0.008949
19.478904 0.003762
19.483905 0.012486
19.488906 -0.001085
19.493907 -0.003901
19.498908 0.012669
19.503909 0.014041
19.508910 0.005463
19.513911 0.002354
19.518912 0.012907
19.523913 0.018869
19.528914 0.006249
19.533915 0.001713
19.538916 0.011023
19.543917 0.017150
19.548918 0.005316
19.553919 -0.001707
19.558920 0.009523
19.563921 0.013108
19.568922 0.000689
19.573923 -0.005804
19.578924 0.005097
19.583925 0.007200
19.588926 -0.005950
19.593927 -0.009188
19.598928 0.000561
19.603929 0.004420
19.608930 -0.005767
19.613931 -0.013486
19.618932 -0.002347
19.623933 0.003835
19.628934 -0.010011
19.633935 -0.015736
19.638936 -0.003865
19.643937 0.003524
19.648938 -0.011145
19.653939 -0.014711
19.658940 -0.000646
19.663941 0.001713
19.668942 -0.004853
19.673943 -0.013376
19.678944 -0.000080
19.683945 0.009065
19.688946 -0.004378
19.693947 -0.007725
19.698948 0.002499
19.703949 0.008992
19.708950 -0.000958
19.713951 -0.005384
19.718952 0.004932
19.723953 0.011626
19.728954 0.000999
19.733955 -0.005603
19.738956 0.006358
19.743957 0.012010
19.748958 0.000231
19.753959 -0.007634
19.758960 0.004419
19.763961 0.008425
19.768962 -0.002714
19.773963 -0.008567
19.778964 0.001365
19.783965 0.008791
19.788966 -0.004543
19.793967 -0.006811
19.798968 0.005041
19.803969 0.006614
19.808970 -0.000940
19.813971 -0.007725
19.818972 0.002115
19.823973 0.011003
19.828974 -0.002623
19.833975 -0.009006
19.838976 0.003596
19.843977 0.008095
19.848978 -0.003610
19.853979 -0.008347
19.858980 0.002992
19.863981 0.006083
19.868982 -0.002842
19.873983 -0.007360
19.878984 -0.000062
19.883985 0.009577
19.888986 -0.000245
19.893987 -0.007305
19.898988 0.005370
19.903989 0.009576
19.908990 -0.001215
19.913991 -0.006189
19.918992 0.004931
19.923993 0.010619
19.928994 -0.000154
19.933995 -0.005988
19.938996 0.005040
19.943997 0.012210
19.948998 -0.000831
19.953999 -0.008951
19.959000 0.004290
19.964001 0.009357
19.969002 -0.003885
19.974003 -0.007287
19.979004 0.004327
19.984005 0.008826
19.989006 -0.001233
19.994007 -0.007159
19.999008 0.004565
20.004009 0.010125
20.009010 -0.003611
20.014011 -0.004873
20.019012 0.005571
20.024013 0.010545
20.029014 0.003394
20.034015 -0.007031
20.039016 0.008826
20.044017 0.015246
20.049018 -0.000447
20.054019 -0.000337
20.059020 0.007399
20.064021 0.012466
20.069022 0.002059
20.074023 -0.007708
20.079024 0.005022
20.084025 0.008515
20.089026 -0.004215
20.094027 -0.009409
20.099028 0.000467
20.104029 0.007216
20.109030 -0.006666
20.114031 -0.011988
20.119032 0.000870
20.124033 0.001199
20.129034 -0.005861
20.134035 -0.011915
20.139036 -0.002240
20.144037 0.005332
20.149038 -0.009995
20.154039 -0.012482
20.159040 -0.002240
20.164041 0.002406
20.169042 -0.006959
20.174043 -0.013104
20.179044 -0.004380
20.184045 0.001253
20.189046 -0.006410
20.194047 -0.015080
20.199048 -0.004453
20.204049 0.001692
20.209050 -0.009794
20.214051 -0.014970
20.219052 -0.004563
20.224053 0.002881
20.229054 -0.008111
20.234055 -0.012647
20.239056 0.000394
20.244057 0.008789
20.249058 0.001674
20.254059 -0.002570
20.259060 0.011770
20.264061 0.016671
20.269062 0.007216
20.274063 0.002734
20.279064 0.013032
20.284065 0.021116
20.289066 0.006740
20.294067 0.001820
20.299068 0.010727
20.304069 0.016415
20.309070 0.006283
20.314071 -0.005094
20.319072 0.009300
20.324073 0.013855
20.329074 -0.000320
20.334075 -0.003356
20.339076 0.007727
20.344077 0.011605
20.349078 0.001582
20.354079 -0.001912
20.359080 0.007563
20.364081 0.014677
20.369082 0.001088
20.374083 -0.005478
20.379084 0.007416
20.384085 0.009081
20.389086 -0.000174
20.394087 -0.006759
20.399088 0.003484
20.404089 0.007818
20.409090 -0.004893
20.414091 -0.005423
20.419092 0.000960
20.424093 0.005496
20.429094 -0.002406
20.434095 -0.009740
20.439096 0.000045
20.444097 0.006191
20.449098 -0.002900
20.454099 -0.011843
20.459100 0.001984
20.464101 0.009153
20.469102 -0.003778
20.474103 -0.008624
20.479104 0.002185
20.484105 0.007983
20.489106 -0.004802
20.494107 -0.011880
20.499108 -0.001821
20.504109 0.003941
20.509110 -0.009649
20.514111 -0.013984
20.519112 -0.005058
20.524113 -0.000376
20.529114 -0.007235
20.534115 -0.014642
20.539116 -0.002809
20.544117 0.002404
20.549118 -0.006942
20.554119 -0.013618
20.559120 -0.002132
20.564121 0.006062
20.569122 -0.007546
20.574123 -0.012722
20.579124 -0.001437
20.584125 0.004873
20.589126 -0.006302
20.594127 -0.012576
20.599128 -0.001291
20.604129 0.004763
20.609130 -0.007765
20.614131 -0.013966
20.619132 -0.001273
20.624133 0.004507
20.629134 -0.008022
20.634135 -0.014990
20.639136 -0.001968
20.644137 0.002440
20.649138 -0.009759
20.654139 -0.011606
20.659140 0.001233
20.664141 0.005220
20.669142 -0.005059
20.674143 -0.008918
20.679144 0.003355
20.684145 0.010067
20.689146 -0.001218
20.694147 -0.005370
20.699148 0.004580
20.704149 0.013743
20.709150 0.004690
20.714151 -0.004144
20.719152 0.010981
20.724153 0.016816
20.729154 0.006665
20.734155 0.001178
20.739156 0.009609
20.744157 0.017236
20.749158 0.006573
20.754159 0.000446
20.759160 0.010524
20.764161 0.017419
20.769162 0.005970
20.774163 -0.000395
20.779164 0.009975
20.784165 0.014566
20.789166 0.005018
20.794167 -0.003230
20.799168 0.007835
20.804169 0.013377
20.809170 0.000300
20.814171 -0.004639
20.819172 0.003153
20.824173 0.010268
20.829174 -0.000688
20.834175 -0.008772
20.839176 0.005000
20.844177 0.008402
20.849178 -0.002407
20.854179 -0.007766
20.859180 0.003372
20.864181 0.008054
20.869182 -0.004621
20.874183 -0.006303
20.879184 0.000994
20.884185 0.006445
20.889186 -0.001511
20.894187 -0.012120
20.899188 0.000244
20.904189 0.009188
20.909190 -0.006523
20.914191 -0.012321
20.919192 0.001378
20.924193 0.003262
20.929194 -0.008572
20.934195 -0.011791
20.939196 -0.002993
20.944197 0.002402
20.949198 -0.005828
20.954199 -0.015668
20.959200 -0.002774
20.964201 0.004725
20.969202 -0.008846
20.974203 -0.011059
20.979204 -0.001768
20.984205 0.005383
20.989206 -0.005280
20.994207 -0.011370
20.999208 0.002146
21.004209 0.005530
21.009210 -0.003762
21.014211 -0.008572
21.019212 0.001634
21.024213 0.007084
21.029214 -0.004182
21.034215 -0.008956
21.039216 0.001817
21.044217 0.006371
21.049218 -0.005426
21.054219 -0.009285
21.059220 0.001707
21.064221 0.004780
21.069222 -0.005481
21.074223 -0.011938
21.079224 0.000006
21.084225 0.007431
21.089226 -0.006926
21.094227 -0.011517
21.099228 -0.000141
21.104229 0.006608
21.109230 -0.004347
21.114231 -0.011682
21.119232 0.003536
21.124233 0.007011
21.129234 -0.003268
21.134235 -0.005792
21.139236 0.003462
21.144237 0.010797
21.149238 -0.000781
21.154239 -0.005975
21.159240 0.005035
21.164241 0.010431
21.169242 0.000280
21.174243 -0.006396
21.179244 0.005529
21.184245 0.008528
21.189246 -0.000854
21.194247 -0.004714
21.199248 0.003864
21.204249 0.011711
21.209250 -0.000415
21.214251 -0.004640
21.219252 0.007193
21.224253 0.011509
21.229254 0.002145
21.234255 -0.004695
21.239256 0.007193
21.244257 0.013741
21.249258 0.002145
21.254259 -0.005317
21.259260 0.006571
21.264261 0.013229
21.269262 0.001651
21.274263 -0.003818
21.279264 0.003864
21.284265 0.013795
21.289266 0.002072
21.294267 -0.006214
21.299268 0.008089
21.304269 0.010723
21.309270 0.001761
21.314271 -0.004421
21.319272 0.002748
21.324273 0.013430
21.329274 0.002199
21.334275 -0.008793
21.339276 0.005620
21.344277 0.010704
21.349278 -0.002995
21.354279 -0.008756
21.359280 0.001577
21.364281 0.007412
21.369282 -0.006799
21.374283 -0.009616
21.379284 -0.001331
21.384285 0.004211
21.389286 -0.005483
21.394287 -0.013695
21.399288 0.002492
21.404289 0.003059
21.409290 -0.006562
21.414291 -0.010842
21.419292 -0.002154
21.424293 0.006479
21.429294 -0.006909
21.434295 -0.009068
21.439296 0.000516
21.444297 0.006552
21.449298 -0.002282
21.454299 -0.011518
21.459300 0.001851
21.464301 0.006936
21.469302 -0.003928
21.474303 -0.008135
21.479304 0.001851
21.484305 0.009643
21.489306 -0.001276
21.494307 -0.007330
21.499308 0.003205
21.504309 0.009679
21.509310 -0.000691
21.514311 -0.007513
21.519312 0.006168
21.524313 0.006698
21.529314 -0.003307
21.534315 -0.004642
21.539316 0.000900
21.544317 0.008893
21.549319 -0.001039
21.554320 -0.009928
21.559321 0.001321
21.564322 0.008691
21.569323 -0.006032
21.574324 -0.013147
21.579325 0.000717
21.584326 0.003149
21.589327 -0.006197
21.594328 -0.012818
21.599329 -0.004039
21.604330 0.005875
21.609331 -0.009690
21.614332 -0.015013
21.619333 -0.000088
21.624334 0.001119
21.629335 -0.008501
21.634336 -0.014281
21.639337 -0.002667
21.644338 0.004228
21.649339 -0.008995
21.654340 -0.011629
21.659341 -0.001204
21.664342 0.006075
21.669343 -0.002850
21.674344 -0.009983
21.679345 0.002491
21.684346 0.009550
21.689347 -0.000180
21.694348 -0.007496
21.699349 0.004448
21.704350 0.010593
21.709351 -0.001168
21.714352 -0.006673
21.719353 0.002509
21.724354 0.010227
21.729355 -0.000692
21.734356 -0.007624
21.739357 0.004539
21.744358 0.011196
21.749359 -0.000546
21.754360 -0.008502
21.759361 0.004795
21.764362 0.011800
21.769363 -0.003417
21.774364 -0.007551
21.779365 0.006514
21.784366 0.008508
21.789367 -0.001662
21.794368 -0.005576
21.799369 0.002764
21.804370 0.010227
21.809371 -0.000052
21.814372 -0.008594
21.819373 0.004502
21.824374 0.010227
21.829375 -0.002101
21.834376 -0.006253
21.839377 0.001557
21.844378 0.008123
21.849379 -0.003217
21.854380 -0.011813
21.859381 0.001356
21.864382 0.007867
21.869383 -0.003217
21.874384 -0.010679
21.879385 0.003587
21.884386 0.010062
21.889387 -0.002083
21.894388 -0.004442
21.899389 0.004977
21.904390 0.011250
21.909391 0.002307
21.914392 -0.002961
21.919393 0.008287
21.924394 0.013189
21.929395 0.002544
21.934396 -0.003016
21.939397 0.007702
21.944398 0.012037
21.949399 0.000880
21.954400 -0.003235
21.959401 0.005946
21.964402 0.011525
21.969403 0.001611
21.974404 -0.004333
21.979405 0.006330
21.984406 0.012055
21.989407 0.000989
21.994408 -0.006656
21.999409 0.007171
22.004410 0.012165
22.009411 -0.000638
22.014412 -0.004461
22.019413 0.004007
22.024414 0.010994
22.029415 -0.001498
22.034416 -0.008759
22.039417 0.005123
22.044418 0.006915
22.049419 -0.005156
22.054420 -0.010533
22.059421 -0.001882
22.064422 0.002526
22.069423 -0.009436
22.074424 -0.013917
22.079425 -0.005101
22.084426 0.000294
22.089427 -0.009765
22.094428 -0.016953
22.099429 -0.004663
22.104430 -0.000145
22.109431 -0.011320
22.114432 -0.014539
22.119433 -0.006766
22.124434 0.000038
22.129435 -0.006638
22.134436 -0.016752
22.139437 -0.002194
22.144438 0.004354
22.149439 -0.009235
22.154440 -0.010753
22.159441 -0.003748
22.164442 0.007866
22.169443 -0.001426
22.174444 -0.012820
22.179445 0.004354
22.184446 0.009530
22.189447 -0.000987
22.194448 -0.007114
22.199449 0.002324
22.204450 0.011908
22.209451 -0.000365
22.214452 -0.006236
22.219453 0.003421
22.224454 0.011121
22.229455 0.001226
22.234456 -0.007626
22.239457 0.006055
22.244458 0.011340
22.249459 0.000842
22.254460 -0.003474
22.259461 0.006292
22.264462 0.012749
22.269463 0.002214
22.274464 -0.003987
22.279465 0.007390
22.284466 0.013681
22.289467 0.001720
22.294468 -0.004499
22.299469 0.004372
22.304470 0.009694
22.309471 -0.000475
22.314472 -0.009291
22.319473 0.000439
22.324474 0.006731
22.329475 -0.004426
22.334476 -0.011303
22.339477 -0.002505
22.344478 0.005378
22.349479 -0.005523
22.354480 -0.012839
22.359481 -0.000439
22.364482 0.005067
22.369483 -0.004847
22.374484 -0.010827
22.379485 0.000000
22.384486 0.005835
22.389487 -0.005084
22.394488 -0.010443
22.399489 0.001043
22.404490 0.007718
22.409491 -0.006786
22.414492 -0.010224
22.419493 0.000567
22.424494 0.002689
22.429495 -0.002963
22.434496 -0.012419
22.439497 -0.002268
22.444498 0.008066
22.449499 -0.008048
22.454500 -0.012565
22.459501 -0.000695
22.464502 0.003786
22.469503 -0.006402
22.474504 -0.013041
22.479505 -0.001043
22.484506 0.003603
22.489507 -0.006475
22.494508 -0.011834
22.499509 -0.001829
22.504510 0.003877
22.509511 -0.006237
22.514512 -0.012438
22.519513 -0.002378
22.524514 0.006712
22.529515 -0.004024
22.534516 -0.008487
22.539517 0.004956
22.544518 0.010955
22.549519 0.001170
22.554520 -0.003567
22.559521 0.007059
22.564522 0.015326
22.569523 0.005724
22.574524 -0.002964
22.579525 0.009821
22.584526 0.015326
22.589527 0.002816
22.594528 -0.002488
22.599529 0.007626
22.604530 0.013552
22.609531 0.003419
22.614532 -0.003513
22.619533 0.004791
22.624534 0.014027
22.629535 0.002761
22.634536 -0.005122
22.639537 0.009162
22.644538 0.014174
22.649539 0.003675
22.654540 -0.002415
22.659541 0.009254
22.664542 0.015472
22.669543 0.003236
22.674544 0.000420
22.679545 0.008467
22.684546 0.017063
22.689547 0.007004
22.694548 -0.003934
22.699549 0.009967
22.704550 0.013186
22.709551 0.000639
22.714552 -0.005635
22.719553 0.001389
22.724554 0.008375
22.729555 -0.001574
22.734556 -0.011085
22.739557 -0.001940
22.744558 0.007168
22.749559 -0.006824
22.754560 -0.016023
22.759561 -0.002196
22.764562 0.004553
22.769563 -0.008232
22.774564 -0.017304
22.779565 -0.003806
22.784566 0.001864
22.789567 -0.010683
22.794568 -0.014359
22.799569 -0.005781
22.804570 0.002102
22.809571 -0.008378
22.814572 -0.015091
22.819573 -0.003349
22.824574 0.001132
22.829575 -0.005269
22.834576 -0.011433
22.839577 -0.004355
22.844578 0.006162
22.849579 -0.004739
22.854580 -0.012000
22.859581 0.000474
22.864582 0.004662
22.869583 -0.002526
22.874584 -0.009202
22.879585 0.000839
22.884586 0.008960
22.889587 -0.002691
22.894588 -0.006458
22.899589 0.003162
22.904590 0.008393
22.909591 0.000053
22.914592 -0.006074
22.919593 0.004259
22.924594 0.011959
22.929595 -0.001721
22.934596 -0.006276
22.939597 0.005850
22.944598 0.010496
22.949599 0.002138
22.954600 -0.006056
22.959601 0.007423
22.964602 0.012819
22.969603 0.000821
22.974604 -0.003587
22.979605 0.004223
22.984606 0.010971
22.989607 -0.002453
22.994608 -0.008398
22.999609 0.004369
23.004610 0.007789
23.009611 -0.001265
23.014612 -0.007831
23.019613 0.003820
23.024614 0.009947
23.029615 -0.001265
23.034616 -0.004356
23.039617 0.003728
23.044618 0.011648
23.049619 -0.000204
23.054620 -0.005581
23.059621 0.006271
23.064622 0.009234
23.069623 0.000235
23.074624 -0.006002
23.079625 0.007569
23.084626 0.010294
23.089627 -0.001247
23.094628 -0.006185
23.099629 0.000125
23.104630 0.009819
23.109631 -0.002417
23.114632 -0.011233
23.119633 0.002301
23.124634 0.005082
23.129635 -0.005655
23.134636 -0.011489
23.139637 -0.004521
23.144638 0.003947
23.149639 -0.006935
23.154640 -0.015605
23.159641 -0.004813
23.164642 0.001606
23.169643 -0.007155
23.174644 -0.014068
23.179645 -0.003606
23.184646 0.005575
23.189647 -0.007374
23.194648 -0.013812
23.199649 -0.001576
23.204650 0.005776
23.209651 -0.004997
23.214652 -0.013081
23.219653 0.001368
23.224654 0.005630
23.229655 -0.006588
23.234656 -0.011544
23.239657 0.000198
23.244658 0.006014
23.249659 -0.005509
23.254660 -0.009642
23.259661 0.000435
23.264662 0.008647
23.269663 -0.002546
23.274664 -0.009332
23.279665 0.002539
23.284666 0.009269
23.289667 -0.001430
23.294668 -0.006039
23.299669 0.004386
23.304670 0.010641
23.309671 0.002868
23.314672 -0.005966
23.319673 0.006050
23.324674 0.013512
23.329675 0.003361
23.334676 -0.005454
23.339677 0.005300
23.344678 0.013713
23.349679 -0.000480
23.354680 -0.002802
23.359681 0.006324
23.364682 0.010695
23.369683 0.002575
23.374684 -0.006863
23.379685 0.004843
23.384686 0.012817
23.389687 -0.002601
23.394688 -0.007064
23.399689 0.004861
23.404690 0.007586
23.409691 0.000782
23.414692 -0.006772
23.419693 0.002867
23.424694 0.011043
23.429695 0.001203
23.434696 -0.006296
23.439697 0.002830
23.444698 0.013055
23.449699 0.001001
23.454700 -0.006315
23.459701 0.003617
23.464702 0.010860
23.469703 0.000599
23.474704 -0.007046
23.479705 0.004403
23.484706 0.010165
23.489707 -0.000151
23.494708 -0.007339
23.499709 0.004275
23.504710 0.010256
23.509711 0.000050
23.514712 -0.007394
23.519713 0.004659
23.524714 0.011152
23.529715 -0.002602
23.534716 -0.005035
23.539717 0.003196
23.544718 0.009030
23.549719 -0.001395
23.554720 -0.008309
23.559721 0.004293
23.564722 0.007384
23.569723 -0.002492
23.574724 -0.009827
23.579725 -0.000206
23.584726 0.007713
23.589727 -0.005602
23.594728 -0.011180
23.599729 -0.001029
23.604730 0.003964
23.609731 -0.003992
23.614732 -0.009187
23.619733 -0.000152
23.624734 0.006835
23.629735 -0.002346
23.634736 -0.011235
23.639737 0.002409
23.644738 0.008371
23.649739 -0.005035
23.654740 -0.009114
23.659741 -0.000188
23.664742 0.006213
23.669743 -0.004413
23.674744 -0.010303
23.679745 -0.000499
23.684746 0.005353
23.689747 -0.004231
23.694748 -0.012333
23.699749 -0.000280
23.704750 0.005664
23.709751 -0.004743
23.714752 -0.010211
23.719753 -0.001359
23.724754 0.006816
23.729755 -0.002237
23.734756 -0.010083
23.739757 0.000726
23.744758 0.008334
23.749759 -0.001231
23.754760 -0.008840
23.759761 0.001531
23.764762 0.010968
23.769763 -0.002347
23.774764 -0.007999
23.779765 0.003542
23.784766 0.006578
23.789767 -0.000408
23.794768 -0.008090
23.799769 0.002061
23.804770 0.011059
23.809771 -0.002237
23.814772 -0.006444
23.819774 0.004146
23.824775 0.010035
23.829776 0.001036
23.834777 -0.006719
23.839778 0.004329
23.844779 0.010986
23.849780 0.001256
23.854781 -0.004725
23.859782 0.004932
23.864783 0.011608
23.869784 0.001731
23.874785 -0.006079
23.879786 0.005042
23.884787 0.011937
23.889788 0.001310
23.894789 -0.006408
23.899790 0.002133
23.904791 0.012284
23.909792 -0.001781
23.914793 -0.009188
23.919794 0.002627
23.924795 0.006450
23.929796 -0.002585
23.934797 -0.012755
23.939798 -0.002494
23.944799 0.006834
23.949800 -0.004488
23.954801 -0.011968
23.959802 -0.001982
23.964803 0.005444
23.969804 -0.003628
23.974805 -0.010011
23.979806 0.000341
23.984807 0.009065
23.989808 -0.003537
23.994809 -0.010633
23.999810 0.003871
24.004811 0.009504
24.009812 -0.001525
24.014813 -0.007469
24.019814 0.001237
24.024815 0.009632
24.029816 0.002115
24.034817 -0.009481
24.039818 0.002206
24.044819 0.011845
24.049820 -0.001781
24.054821 -0.007872
24.059822 0.000468
24.064823 0.009412
24.069824 -0.002641
24.074825 -0.010378
24.079826 0.002535
24.084827 0.005516
24.089828 -0.003263
24.094829 -0.010853
24.099830 0.000816
24.104831 0.007546
24.109832 -0.002348
24.114833 -0.008421
24.119834 -0.002184
24.124835 0.009192
24.129836 -0.002678
24.134837 -0.011256
24.139838 0.000175
24.144839 0.005388
24.149840 -0.004104
24.154841 -0.012628
24.159842 0.000907
24.164843 0.006613
24.169844 -0.004507
24.174845 -0.007360
24.179846 0.000303
24.184847 0.009338
24.189848 0.000541
24.194849 -0.006720
24.199850 0.003961
24.204851 0.009942
24.209852 0.001327
24.214853 -0.006300
24.219854 0.003010
24.224855 0.011734
24.229856 0.001785
24.234857 -0.006940
24.239858 0.004601
24.244859 0.010490
24.249860 -0.000209
24.254861 -0.006007
24.259862 0.002699
24.264863 0.010838
24.269864 -0.000923
24.274865 -0.008001
24.279866 0.003101
24.284867 0.008862
24.289868 -0.000904
24.294869 -0.007818
24.299870 0.002479
24.304871 0.009338
24.309872 -0.001307
24.314873 -0.008166
24.319874 0.002772
24.324875 0.009795
24.329876 -0.000758
24.334877 -0.009647
24.339878 0.001985
24.344879 0.008131
24.349880 -0.002660
24.354881 -0.009044
24.359882 -0.001618
24.364883 0.008771
24.369884 -0.003977
24.374885 -0.011696
24.379886 0.001034
24.384887 0.006612
24.389888 -0.003813
24.394889 -0.012062
24.399890 0.002204
24.404891 0.006411
24.409892 -0.004069
24.414893 -0.006319
24.419894 -0.001289
24.424895 0.007454
24.429896 -0.001307
24.434897 -0.010964
24.439898 0.001802
24.444899 0.006722
24.449900 -0.003045
24.454901 -0.009117
24.459902 -0.001289
24.464903 0.008825
24.469904 -0.002990
24.474905 -0.010306
24.479906 0.003064
24.484907 0.007746
24.489908 -0.002149
24.494909 -0.008624
24.499910 0.000704
24.504911 0.007984
24.509912 -0.000101
24.514913 -0.008093
24.519914 -0.000046
24.524915 0.010471
24.529916 0.001070
24.534917 -0.005953
24.539918 0.004728
24.544919 0.010946
24.549920 0.002935
24.554921 -0.004344
24.559922 0.004344
24.564923 0.013214
24.569924 0.001618
24.574925 -0.005570
24.579926 0.004984
24.584927 0.011330
24.589928 0.001874
24.594929 -0.007307
24.599930 0.003923
24.604931 0.010269
24.609932 -0.000686
24.614933 -0.006996
24.619934 0.002295
24.624935 0.008806
24.629936 -0.002387
24.634937 -0.009740
24.639938 -0.000193
24.644939 0.008312
24.649940 -0.003448
24.654941 -0.009777
24.659942 0.001929
24.664943 0.006959
24.669944 -0.003229
24.674945 -0.010307
24.679946 0.000758
24.684947 0.006776
24.689948 -0.003229
24.694949 -0.010014
24.699950 -0.000943
24.704951 0.007379
24.709952 -0.002973
24.714953 -0.011167
24.719954 0.000904
24.724955 0.007343
24.729956 -0.004674
24.734957 -0.008204
24.739958 0.000026
24.744959 0.008367
24.749960 -0.000632
24.754961 -0.011423
24.759962 0.004617
24.764963 0.009153
24.769964 -0.002735
24.774965 -0.005131
24.779966 0.003538
24.784967 0.010415
24.789968 -0.000742
24.794969 -0.007820
24.799970 0.003648
24.804971 0.010141
24.809972 -0.000760
24.814973 -0.007217
24.819974 0.001233
24.824975 0.008750
24.829976 -0.000651
24.834977 -0.010344
24.839978 0.000556
24.844979 0.006501
24.849980 -0.004217
24.854981 -0.009686
24.859982 0.000337
24.864983 0.004781
24.869984 -0.006851
24.874985 -0.010710
24.879986 -0.001108
24.884987 0.005238
24.889988 -0.001767
24.894989 -0.012027
24.899990 -0.000907
24.904991 0.008750
24.909992 -0.004565
24.914993 -0.009412
24.919994 -0.001547
24.924995 0.006464
24.929996 -0.001785
24.934997 -0.012357
24.939998 -0.000048
24.944999 0.007049
24.950000 -0.004108
0.000000 0.000000
0.005001 0.000364
0.010002 0.000206
0.015003 0.000324
0.020004 0.000561
0.025005 0.000640
0.030006 0.000443
0.035007 0.000718
0.040008 0.000561
0.045009 0.000127
0.050010 0.000442
0.055011 0.000718
0.060012 0.000245
0.065013 0.000166
0.070014 0.000837
0.075015 0.000048
0.080016 0.000127
0.085017 0.000363
0.090018 -0.000740
0.095019 0.000009
0.100020 0.000521
0.105021 0.000166
0.110022 -0.000188
0.115023 -0.000307
0.120024 0.000482
0.125025 -0.000307
0.130026 -0.000977
0.135027 -0.000819
0.140028 -0.000898
0.145029 -0.000189
0.150031 -0.000307
0.155032 -0.000189
0.160033 0.000284
0.165034 0.000403
0.170035 0.000481
0.175036 -0.000070
0.180037 -0.000110
0.185038 0.000284
0.190039 0.000363
0.195040 -0.000071
0.200041 0.000048
0.205042 0.000166
0.210043 0.000126
0.215044 0.000166
0.220045 -0.000307
0.225046 -0.000071
0.230047 0.000363
0.235048 -0.000228
0.240049 -0.000701
0.245050 0.000047
0.250051 0.000047
0.255052 -0.000307
0.260053 0.000087
0.265054 0.000047
0.270055 0.000442
0.275056 0.000402
0.280057 0.000166
0.285058 0.000441
0.290059 0.000126
0.295060 -0.000820
0.300061 -0.000820
0.305062 0.000165
0.310063 -0.000071
0.315064 -0.000347
0.320065 -0.000071
0.325066 -0.000032
0.330067 0.000008
0.335068 -0.000111
0.340069 -0.000268
0.345070 0.000284
0.350071 0.000796
0.355072 -0.000032
0.360073 -0.000387
0.365074 -0.000347
0.370075 -0.000150
0.375076 0.000047
0.380077 -0.000465
0.385078 -0.000308
0.390079 -0.000111
0.395080 -0.000150
0.400081 -0.000071
0.405082 0.000283
0.410083 0.000402
0.415084 -0.000032
0.420085 -0.000032
0.425086 0.000283
0.430087 0.000480
0.435088 -0.000072
0.440089 -0.000190
0.445090 0.000244
0.450092 -0.000111
0.455093 -0.000308
0.460094 0.000283
0.465095 0.000480
0.470096 0.000007
0.475097 0.000322
0.480098 0.000677
0.485099 0.000717
0.490100 0.000519
0.495101 -0.000072
0.500102 -0.000505
0.505103 -0.000308
0.510104 -0.000032
0.515105 -0.000032
0.520106 0.000519
0.525107 0.000046
0.530108 -0.000190
0.535109 0.000165
0.540110 -0.000072
0.545111 -0.000387
0.550112 -0.000506
0.555113 -0.000387
0.560114 -0.000900
0.565115 -0.000900
0.570116 -0.000860
0.575117 -0.000703
0.580118 -0.000230
0.585119 -0.000427
0.590120 0.000125
0.595121 0.000677
0.600122 0.000204
0.605123 -0.000269
0.610124 0.000282
0.615125 0.000164
0.620126 0.000204
0.625127 0.000992
0.630128 0.000164
0.635129 0.000282
0.640130 0.000637
0.645131 0.000243
0.650132 -0.000348
0.655133 -0.000309
0.660134 0.000479
0.665135 -0.000151
0.670136 0.000400
0.675137 0.000597
0.680138 -0.000191
0.685139 0.000203
0.690140 0.000440
0.695141 0.000440
0.700142 -0.000152
0.705143 -0.000349
0.710144 -0.000585
0.715145 -0.000427
0.720146 0.000282
0.725147 0.000045
0.730148 -0.000388
0.735149 -0.000270
0.740150 0.000006
0.745151 -0.000073
0.750153 -0.000231
0.755154 -0.000191
0.760155 -0.000231
0.765156 -0.000822
0.770157 -0.000625
0.775158 -0.000428
0.780159 -0.000152
0.785160 0.000321
0.790161 -0.000467
0.795162 -0.000152
0.800163 0.000045
0.805164 -0.000191
0.810165 -0.000349
0.815166 -0.000152
0.820167 0.000518
0.825168 0.000557
0.830169 0.000518
0.835170 0.000597
0.840171 0.000794
0.845172 0.000006
0.850173 -0.000113
0.855174 0.000084
0.860175 0.000084
0.865176 0.000597
0.870177 -0.000152
0.875178 -0.000546
0.880179 -0.000349
0.885180 -0.000428
0.890181 -0.000704
0.895182 -0.000665
0.900183 -0.000310
0.905184 -0.000113
0.910185 -0.000231
0.915186 -0.000901
0.920187 -0.000074
0.925188 0.000045
0.930189 -0.000468
0.935190 0.000439
0.940191 -0.000192
0.945192 -0.000034
0.950193 0.001148
0.955194 0.000202
0.960195 -0.000271
0.965196 0.000123
0.970197 0.000202
0.975198 0.000044
0.980199 -0.000153
0.985200 0.000281
0.990201 0.000281
0.995202 -0.000547
1.000203 -0.000350
1.005204 0.000478
1.010205 0.000360
1.015206 -0.000153
1.020207 -0.000586
1.025208 -0.000389
1.030209 0.000123
1.035210 -0.000153
1.040211 -0.000153
1.045212 0.000438
1.050214 0.000359
1.055215 0.000517
1.060216 0.000202
1.065217 0.000123
1.070218 0.000793
1.075219 -0.000350
1.080220 -0.000626
1.085221 -0.000114
1.090222 -0.000587
1.095223 -0.000193
1.100224 -0.000429
1.105225 -0.000508
1.110226 -0.000114
1.115227 -0.000114
1.120228 -0.000232
1.125229 -0.000193
1.130230 -0.000074
1.135231 -0.000390
1.140232 -0.000350
1.145233 0.000280
1.150234 -0.000075
1.155235 -0.000705
1.160236 0.000044
1.165237 -0.000272
1.170238 0.000280
1.175239 0.000753
1.180240 -0.000193
1.185241 0.000398
1.190242 -0.000272
1.195243 -0.000075
1.200244 0.000201
1.205245 -0.000430
1.210246 0.000162
1.215247 -0.000035
1.220248 -0.000351
1.225249 -0.000469
1.230250 0.000122
1.235251 0.000280
1.240252 -0.000154
1.245253 -0.000311
1.250254 -0.000548
1.255255 0.000083
1.260256 0.000674
1.265257 0.000201
1.270258 0.000477
1.275259 0.001462
1.280260 0.000831
1.285261 0.000556
1.290262 0.000358
1.295263 0.000319
1.300264 0.000240
1.305265 -0.000312
1.310266 0.000280
1.315267 0.000122
1.320268 -0.000075
1.325269 -0.000233
1.330270 -0.000036
1.335271 0.000792
1.340272 0.000831
1.345273 0.000319
1.350275 -0.000115
1.355276 0.000437
1.360277 0.000082
1.365278 -0.000430
1.370279 -0.000548
1.375280 -0.000746
1.380281 -0.001061
1.385282 -0.001416
1.390283 -0.000864
1.395284 -0.000943
1.400285 -0.000785
1.405286 0.000043
1.410287 0.000476
1.415288 0.000318
1.420289 0.000594
1.425290 0.000949
1.430291 0.000200
1.435292 0.000279
1.440293 0.000634
1.445294 0.000594
1.450295 0.000161
1.455296 0.000161
1.460297 0.000594
1.465298 0.000515
1.470299 0.000712
1.475300 0.000161
1.480301 0.000003
1.485302 0.000909
1.490303 0.000673
1.495304 0.000279
1.500305 0.000752
1.505306 0.000358
1.510307 -0.000588
1.515308 -0.000549
1.520309 -0.000313
1.525310 -0.000391
1.530311 -0.001259
1.535312 -0.001574
1.540313 -0.000746
1.545314 -0.000470
1.550315 -0.000194
1.555316 -0.000234
1.560317 -0.000116
1.565318 -0.000155
1.570319 -0.000470
1.575320 0.000002
1.580321 -0.000116
1.585322 -0.000037
1.590323 -0.000076
1.595324 -0.000392
1.600325 0.000042
1.605326 0.000239
1.610327 0.000357
1.615328 0.000554
1.620329 0.000830
1.625330 0.000909
1.630331 0.000712
1.635332 0.000278
1.640333 0.000278
1.645334 0.000751
1.650336 0.000042
1.655337 0.000160
1.660338 0.000751
1.665339 0.000633
1.670340 0.001066
1.675341 0.000712
1.680342 0.000436
1.685343 0.000593
1.690344 0.000554
1.695345 0.000633
1.700346 -0.000156
1.705347 -0.000747
1.710348 -0.000708
1.715349 -0.001181
1.720350 -0.001259
1.725351 -0.000905
1.730352 -0.000747
1.735353 -0.000786
1.740354 -0.000747
1.745355 0.000120
1.750356 0.000435
1.755357 -0.000117
1.760358 -0.000511
1.765359 -0.000195
1.770360 0.000238
1.775361 -0.000195
1.780362 0.000475
1.785363 0.000987
1.790364 0.000159
1.795365 0.000514
1.800366 0.000790
1.805367 0.000790
1.810368 0.000947
1.815369 0.000474
1.820370 0.000199
1.825371 0.000553
1.830372 0.000908
1.835373 0.000711
1.840374 0.000001
1.845375 0.000041
1.850376 0.000120
1.855377 -0.000393
1.860378 -0.000472
1.865379 -0.000038
1.870380 0.000001
1.875381 -0.000511
1.880382 -0.000905
1.885383 -0.000787
1.890384 -0.000117
1.895385 0.000041
1.900386 -0.000117
1.905387 -0.000235
1.910388 -0.000669
1.915389 -0.000038
1.920390 -0.000196
1.925391 -0.000235
1.930392 0.000277
1.935393 -0.000551
1.940394 0.000040
1.945395 0.000474
1.950397 0.000040
1.955398 0.000237
1.960399 0.000159
1.965400 0.000001
1.970401 0.000513
1.975402 0.000750
1.980403 0.000434
1.985404 0.000395
1.990405 -0.000078
1.995406 0.000434
2.000407 0.000553
2.005408 0.000395
2.010409 0.000355
2.015410 -0.000236
2.020411 0.000513
2.025412 0.000198
2.030413 -0.000433
2.035414 -0.000197
2.040415 -0.000709
2.045416 -0.000315
2.050417 -0.000039
2.055418 -0.000118
2.060419 0.000158
2.065420 -0.000157
2.070421 -0.000118
2.075422 0.000237
2.080423 -0.000276
2.085424 -0.000473
2.090425 -0.000276
2.095426 0.000040
2.100427 0.000631
2.105428 0.000552
2.110429 0.000316
2.115430 -0.000039
2.120431 -0.000079
2.125432 0.000276
2.130433 0.000473
2.135434 -0.000118
2.140435 -0.000394
2.145436 0.000473
2.150437 0.000039
2.155438 0.000039
2.160439 0.000631
2.165440 0.000434
2.170441 0.000552
2.175442 -0.000079
2.180443 -0.000237
2.185444 -0.000079
2.190445 -0.000355
2.195446 -0.000552
2.200447 -0.000513
2.205448 -0.000040
2.210449 -0.000394
2.215450 -0.000394
2.220451 -0.000118
2.225452 0.000118
2.230453 0.000512
2.235454 -0.000237
2.240455 0.000079
2.245456 0.000236
2.250458 -0.000395
2.255459 -0.000237
2.260460 -0.000079
2.265461 0.000551
2.270462 0.000157
2.275463 -0.000040
2.280464 0.000394
2.285465 -0.000198
2.290466 -0.000079
2.295467 0.000039
2.300468 -0.000079
2.305469 0.000394
2.310470 -0.000079
2.315471 -0.000079
2.320472 0.000394
2.325473 0.000078
2.330474 -0.000198
2.335475 -0.000434
2.340476 -0.000080
2.345477 -0.000040
2.350478 0.000039
2.355479 0.000157
2.360480 -0.000080
2.365481 0.000117
2.370482 -0.000080
2.375483 0.000157
2.380484 -0.000080
2.385485 -0.000237
2.390486 0.000669
2.395487 0.000314
2.400488 -0.000080
2.405489 -0.000435
2.410490 -0.000277
2.415491 0.000196
2.420492 -0.000513
2.425493 -0.000435
2.430494 0.000551
2.435495 0.000157
2.440496 -0.000356
2.445497 -0.000041
2.450498 0.000275
2.455499 0.000078
2.460500 -0.000277
2.465501 -0.000001
2.470502 0.000393
2.475503 0.000353
2.480504 0.000314
2.485505 0.000275
2.490506 0.000314
2.495507 0.000866
2.500508 0.000117
2.505509 -0.000514
2.510510 0.000314
2.515511 -0.000080
2.520512 -0.000750
2.525513 -0.000908
2.530514 -0.000553
2.535515 -0.000120
2.540516 -0.000750
2.545517 -0.000317
2.550519 -0.000080
2.555520 -0.000632
2.560521 0.000314
2.565522 0.000511
2.570523 -0.000238
2.575524 0.000077
2.580525 0.000353
2.585526 0.000156
2.590527 -0.000278
2.595528 -0.000238
2.600529 -0.000081
2.605530 -0.000278
2.610531 0.000235
2.615532 0.000708
2.620533 0.000432
2.625534 0.000274
2.630535 -0.000002
2.635536 0.000235
2.640537 0.000668
2.645538 0.000589
2.650539 0.000550
2.655540 0.000077
2.660541 0.000313
2.665542 -0.000002
2.670543 -0.000278
2.675544 0.000471
2.680545 -0.000239
2.685546 -0.000396
2.690547 -0.000475
2.695548 -0.000554
2.700549 0.000077
2.705550 -0.000672
2.710551 -0.000791
2.715552 -0.000121
2.720553 -0.000042
2.725554 -0.000278
2.730555 -0.000515
2.735556 -0.000121
2.740557 -0.000278
2.745558 -0.000475
2.750559 -0.000042
2.755560 0.000431
2.760561 0.000273
2.765562 -0.000397
2.770563 0.000037
2.775564 0.000746
2.780565 0.000470
2.785566 0.000273
2.790567 0.000194
2.795568 0.000273
2.800569 0.000589
2.805570 0.000667
2.810571 0.000628
2.815572 0.000510
2.820573 0.000510
2.825574 0.000273
2.830575 -0.000200
2.835576 0.000313
2.840577 0.000825
2.845578 0.000431
2.850580 0.000312
2.855581 0.000155
2.860582 -0.000318
2.865583 -0.000515
2.870584 -0.000555
2.875585 -0.000476
2.880586 0.000076
2.885587 0.000352
2.890588 -0.000082
2.895589 -0.000042
2.900590 0.000588
2.905591 0.000352
2.910592 0.000312
2.915593 0.000391
2.920594 -0.000003
2.925595 0.000430
2.930596 0.000509
2.935597 0.000430
2.940598 0.001022
2.945599 0.000864
2.950600 0.000273
2.955601 0.000273
2.960602 0.000824
2.965603 0.000667
2.970604 0.000115
2.975605 0.000115
2.980606 -0.000003
2.985607 0.000312
2.990608 0.000391
2.995609 -0.000319
3.000610 -0.000279
3.005611 0.000075
3.010612 -0.000122
3.015613 -0.000752
3.020614 -0.000240
3.025615 0.000430
3.030616 -0.000082
3.035617 -0.000082
3.040618 -0.000004
3.045619 -0.000083
3.050620 -0.000201
3.055621 -0.000122
3.060622 0.000430
3.065623 0.000390
3.070624 0.000075
3.075625 -0.000043
3.080626 0.000311
3.085627 0.000311
3.090628 -0.000043
3.095629 0.000154
3.100630 0.000627
3.105631 0.000706
3.110632 0.000390
3.115633 0.000469
3.120634 0.000193
3.125635 -0.000043
3.130636 0.000351
3.135637 0.000154
3.140638 -0.000122
3.145639 -0.000083
3.150641 0.000193
3.155642 0.000272
3.160643 -0.000083
3.165644 0.000035
3.170645 -0.000044
3.175646 -0.000359
3.180647 -0.000477
3.185648 -0.000280
3.190649 0.000193
3.195650 -0.000123
3.200651 -0.000280
3.205652 -0.000162
3.210653 -0.000083
3.215654 0.000153
3.220655 -0.000083
3.225656 -0.000517
3.230657 0.000114
3.235658 0.001060
3.240659 0.000350
3.245660 0.000114
3.250661 0.000744
3.255662 0.000390
3.260663 -0.000005
3.265664 0.000271
3.270665 0.000271
3.275666 -0.000083
3.280667 0.000350
3.285668 0.000823
3.290669 0.000626
3.295670 0.000350
3.300671 0.000350
3.305672 0.000271
3.310673 0.000626
3.315674 0.000586
3.320675 0.000192
3.325676 0.000192
3.330677 -0.000399
3.335678 0.000232
3.340679 0.000507
3.345680 -0.000005
3.350681 0.000153
3.355682 -0.000241
3.360683 -0.000320
3.365684 -0.000360
3.370685 -0.000163
3.375686 -0.000281
3.380687 -0.000399
3.385688 -0.000084
3.390689 -0.000163
3.395690 -0.000242
3.400691 -0.000005
3.405692 -0.000084
3.410693 -0.000399
3.415694 0.000271
3.420695 -0.000321
3.425696 -0.000202
3.430697 0.000744
3.435698 0.000034
3.440699 0.000428
3.445700 0.000665
3.450702 0.000231
3.455703 0.000625
3.460704 0.000468
3.465705 -0.000045
3.470706 0.000349
3.475707 0.001098
3.480708 0.000704
3.485709 0.000192
3.490710 0.000586
3.495711 0.000783
3.500712 0.000704
3.505713 0.000625
3.510714 0.000191
3.515715 0.000310
3.520716 0.000704
3.525717 0.000231
3.530718 -0.000124
3.535719 -0.000203
3.540720 -0.000282
3.545721 0.000270
3.550722 0.000467
3.555723 -0.000006
3.560724 -0.000045
3.565725 -0.000164
3.570726 -0.000361
3.575727 -0.000242
3.580728 0.000743
3.585729 0.000546
3.590730 -0.000558
3.595731 -0.000440
3.600732 -0.000518
3.605733 0.000191
3.610734 -0.000045
3.615735 -0.000479
3.620736 0.000349
3.625737 -0.000006
3.630738 0.000349
3.635739 -0.000124
3.640740 -0.000479
3.645741 0.000230
3.650742 -0.000479
3.655743 -0.000322
3.660744 -0.000085
3.665745 -0.000046
3.670746 -0.000006
3.675747 -0.000282
3.680748 -0.000085
3.685749 -0.000282
3.690750 0.000072
3.695751 -0.000282
3.700752 -0.000401
3.705753 0.000269
3.710754 -0.000006
3.715755 -0.000164
3.720756 -0.000046
3.725757 0.000545
3.730758 0.000151
3.735759 -0.000401
3.740760 -0.000164
3.745761 0.000388
3.750763 0.000506
3.755764 0.000190
3.760765 -0.000046
3.765766 -0.000046
3.770767 0.001215
3.775768 0.000703
3.780769 0.000033
3.785770 0.000506
3.790771 0.000151
3.795772 0.000348
3.800773 0.000151
3.805774 0.000033
3.810775 0.000348
3.815776 0.000308
3.820777 0.000111
3.825778 0.000072
3.830779 0.000348
3.835780 0.000348
3.840781 0.000072
3.845782 -0.000362
3.850783 -0.000046
3.855784 0.000229
3.860785 0.000229
3.865786 -0.000007
3.870787 -0.000125
3.875788 0.000190
3.880789 -0.000204
3.885790 -0.000323
3.890791 -0.000086
3.895792 0.000347
3.900793 0.000347
3.905794 -0.000047
3.910795 0.000623
3.915796 0.000505
3.920797 -0.000165
3.925798 -0.000244
3.930799 0.000584
3.935800 0.000505
3.940801 0.000111
3.945802 0.000466
3.950803 0.000268
3.955804 0.000426
3.960805 0.000150
3.965806 -0.000244
3.970807 -0.000047
3.975808 0.000189
3.980809 -0.000205
3.985810 -0.000559
3.990811 0.000032
3.995812 0.000032
4.000813 -0.000008
4.005814 0.000150
4.010815 -0.000087
4.015816 -0.000284
4.020817 -0.000402
4.025818 -0.000244
4.030819 -0.000126
4.035820 0.000071
4.040821 -0.000087
4.045822 -0.000441
4.050824 -0.000166
4.055825 0.000110
4.060826 0.000189
4.065827 -0.000047
4.070828 -0.000166
4.075829 -0.000323
4.080830 -0.000402
4.085831 0.000228
4.090832 0.000110
4.095833 0.000071
4.100834 0.000544
4.105835 -0.000008
4.110836 -0.000166
4.115837 -0.000363
4.120838 0.000110
4.125839 0.000425
4.130840 -0.000245
4.135841 0.000386
4.140842 0.000425
4.145843 0.000268
4.150844 0.000465
4.155845 0.000504
4.160846 0.000465
4.165847 -0.000363
4.170848 0.000031
4.175849 0.000267
4.180850 0.000346
4.185851 0.000386
4.190852 -0.000403
4.195853 0.000307
4.200854 0.000740
4.205855 0.000189
4.210856 -0.000009
4.215857 -0.000087
4.220858 0.000267
4.225859 -0.000087
4.230860 -0.000521
4.235861 -0.000088
4.240862 0.000385
4.245863 0.000267
4.250864 -0.000285
4.255865 -0.000088
4.260866 0.000070
4.265867 -0.000285
4.270868 -0.000166
4.275869 0.000306
4.280870 0.000346
4.285871 0.000267
4.290872 0.000267
4.295873 -0.000127
4.300874 0.000228
4.305875 0.000622
4.310876 0.000227
4.315877 0.000661
4.320878 0.000346
4.325879 -0.000206
4.330880 0.000503
4.335881 0.000779
4.340882 0.001134
4.345883 0.000976
4.350885 0.000503
4.355886 0.000424
4.360887 0.000227
4.365888 0.000661
4.370889 0.000464
4.375890 0.000503
4.380891 0.000543
4.385892 0.000030
4.390893 0.000030
4.395894 0.000109
4.400895 0.000188
4.405896 0.000227
4.410897 0.000464
4.415898 0.000188
4.420899 0.000266
4.425900 -0.000088
4.430901 -0.000364
4.435902 0.000385
4.440903 0.000069
4.445904 0.000385
4.450905 0.000345
4.455906 -0.000246
4.460907 0.000069
4.465908 0.000069
4.470909 0.000384
4.475910 0.000109
4.480911 -0.000246
4.485912 0.000581
4.490913 0.000108
4.495914 -0.000089
4.500915 0.000463
4.505916 0.000266
4.510917 0.000503
4.515918 -0.000089
4.520919 -0.000089
4.525920 0.000266
4.530921 0.000069
4.535922 0.000542
4.540923 0.000108
4.545924 -0.000089
4.550925 0.000069
4.555926 0.000108
4.560927 0.000226
4.565928 0.000266
4.570929 -0.000168
4.575930 -0.000325
4.580931 0.000581
4.585932 -0.000168
4.590933 -0.000444
4.595934 0.000423
4.600935 0.000069
4.605936 0.000147
4.610937 0.000305
4.615938 -0.000050
4.620939 0.000226
4.625940 -0.000089
4.630941 -0.000404
4.635942 0.000187
4.640943 -0.000680
4.645944 -0.000759
4.650946 -0.000010
4.655947 -0.000483
4.660948 -0.000168
4.665949 -0.000720
4.670950 -0.001035
4.675951 -0.000996
4.680952 -0.001824
4.685953 -0.001430
4.690954 -0.001784
4.695955 -0.001784
4.700956 -0.001745
4.705957 -0.002376
4.710958 -0.001114
4.715959 -0.000444
4.720960 0.000817
4.725961 0.002157
4.730962 0.002078
4.735963 0.003418
4.740964 0.003379
4.745965 0.001526
4.750966 0.000304
4.755967 -0.000957
4.760968 -0.003204
4.765969 -0.003716
4.770970 -0.001903
4.775971 -0.000445
4.780972 0.001014
4.785973 0.003576
4.790974 0.006493
4.795975 0.008582
4.800976 0.010158
4.805977 0.009685
4.810978 0.005783
4.815979 0.001565
4.820980 -0.002770
4.825981 -0.007658
4.830982 -0.010811
4.835983 -0.012624
4.840984 -0.012939
4.845985 -0.011639
4.850986 -0.008998
4.855987 -0.003519
4.860988 0.001565
4.865989 0.004403
4.870990 0.005822
4.875991 0.005822
4.880992 0.005743
4.885993 0.005231
4.890994 0.001999
4.895995 -0.004032
4.900996 -0.011205
4.905997 -0.021099
4.910998 -0.031702
4.915999 -0.042304
4.921000 -0.052395
4.926001 -0.059411
4.931002 -0.063865
4.936003 -0.063865
4.941004 -0.059056
4.946005 -0.047626
4.951007 -0.028864
4.956008 -0.005451
4.961009 0.021706
4.966010 0.053357
4.971011 0.089816
4.976012 0.129192
4.981013 0.163405
4.986014 0.178225
4.991015 0.163523
4.996016 0.116303
5.001017 0.045316
5.006018 -0.037693
5.011019 -0.120741
5.016020 -0.182584
5.021021 -0.210491
5.026022 -0.197129
5.031023 -0.140410
5.036024 -0.052592
5.041025 0.054657
5.046026 0.160645
5.051027 0.238530
5.056028 0.276448
5.061029 0.278537
5.066030 0.247320
5.071031 0.180668
5.076032 0.082563
5.081033 -0.040807
5.086034 -0.174544
5.091035 -0.298230
5.096036 -0.387506
5.101037 -0.415964
5.106038 -0.367601
5.111039 -0.237057
5.116040 -0.049834
5.121041 0.146652
5.126042 0.304354
5.131043 0.383855
5.136044 0.378100
5.141045 0.299151
5.146046 0.172075
5.151047 0.026159
5.156048 -0.115421
5.161049 -0.214906
5.166050 -0.258736
5.171051 -0.265909
5.176052 -0.244270
5.181053 -0.200519
5.186054 -0.135996
5.191055 -0.054879
5.196056 0.028603
5.201057 0.112715
5.206058 0.180865
5.211059 0.205775
5.216060 0.175149
5.221061 0.094781
5.226062 0.002628
5.231063 -0.057086
5.236064 -0.064063
5.241065 -0.020075
5.246066 0.063288
5.251068 0.165493
5.256069 0.246215
5.261070 0.270692
5.266071 0.228163
5.271072 0.122293
5.276073 -0.017750
5.281074 -0.153773
5.286075 -0.267053
5.291076 -0.338079
5.296077 -0.346593
5.301078 -0.291845
5.306079 -0.199219
5.311080 -0.094965
5.316081 0.015832
5.321082 0.130570
5.326083 0.232065
5.331084 0.292765
5.336085 0.298086
5.341086 0.243850
5.346087 0.143814
5.351088 0.014097
5.356089 -0.148925
5.361090 -0.309425
5.366091 -0.401933
5.371092 -0.396572
5.376093 -0.294013
5.381094 -0.117077
5.386095 0.074285
5.391096 0.218348
5.396097 0.287246
5.401098 0.285748
5.406099 0.249250
5.411100 0.202148
5.416101 0.151105
5.421102 0.105265
5.426103 0.064943
5.431104 0.013663
5.436105 -0.067138
5.441106 -0.166781
5.446107 -0.248883
5.451108 -0.281992
5.456109 -0.257160
5.461110 -0.184163
5.466111 -0.082392
5.471112 0.023990
5.476113 0.115000
5.481114 0.178578
5.486115 0.205695
5.491116 0.198167
5.496117 0.153470
5.501118 0.074166
5.506119 -0.009119
5.511120 -0.088778
5.516121 -0.152749
5.521122 -0.158267
5.526123 -0.108328
5.531124 -0.034503
5.536125 0.032740
5.541126 0.060016
5.546127 0.057848
5.551129 0.052448
5.556130 0.042870
5.561131 0.038258
5.566132 0.056507
5.571133 0.089459
5.576134 0.107077
5.581135 0.082009
5.586136 0.022847
5.591137 -0.032532
5.596138 -0.074313
5.601139 -0.102100
5.606140 -0.096701
5.611141 -0.056142
5.616142 -0.002103
5.621143 0.046772
5.626144 0.077437
5.631145 0.072786
5.636146 0.033292
5.641147 -0.026738
5.646148 -0.086059
5.651149 -0.118340
5.656150 -0.118222
5.661151 -0.095242
5.666152 -0.063513
5.671153 -0.036710
5.676154 -0.018855
5.681155 0.001680
5.686156 0.042396
5.691157 0.093360
5.696158 0.132973
5.701159 0.149922
5.706160 0.131120
5.711161 0.074835
5.716162 0.003020
5.721163 -0.069741
5.726164 -0.136668
5.731165 -0.164653
5.736166 -0.138008
5.741167 -0.081368
5.746168 -0.011406
5.751169 0.067307
5.756170 0.130608
5.761171 0.152247
5.766172 0.136441
5.771173 0.087960
5.776174 0.018510
5.781175 -0.049048
5.786176 -0.103441
5.791177 -0.130756
5.796178 -0.128864
5.801179 -0.112192
5.806180 -0.088621
5.811181 -0.055670
5.816182 -0.013417
5.821183 0.040898
5.826184 0.105618
5.831185 0.152325
5.836186 0.158356
5.841187 0.117048
5.846188 0.038809
5.851190 -0.047866
5.856191 -0.121652
5.861192 -0.151804
5.866193 -0.122952
5.871194 -0.058547
5.876195 0.014095
5.881196 0.072194
5.886197 0.108732
5.891198 0.126074
5.896199 0.118783
5.901200 0.089497
5.906201 0.054023
5.911202 0.029861
5.916203 0.005818
5.921204 -0.043097
5.926205 -0.109906
5.931206 -0.157835
5.936207 -0.140335
5.941208 -0.058745
5.946209 0.030019
5.951210 0.088314
5.956211 0.104829
5.961212 0.076489
5.966213 0.015947
5.971214 -0.060440
5.976215 -0.134304
5.981216 -0.181997
5.986217 -0.193704
5.991218 -0.173444
5.996219 -0.123268
6.001220 -0.045344
6.006221 0.042631
6.011222 0.112239
6.016223 0.149171
6.021224 0.155044
6.026225 0.144954
6.031226 0.130331
6.036227 0.103371
6.041228 0.060486
6.046229 0.007354
6.051230 -0.041363
6.056231 -0.068087
6.061232 -0.073093
6.066233 -0.064973
6.071234 -0.043019
6.076235 -0.008215
6.081236 0.024579
6.086237 0.045745
6.091238 0.048346
6.096239 0.025840
6.101240 -0.009043
6.106241 -0.032810
6.111242 -0.031707
6.116243 -0.009752
6.121244 0.017169
6.126245 0.034432
6.131246 0.032738
6.136247 0.007709
6.141248 -0.026031
6.146249 -0.054174
6.151251 -0.068481
6.156252 -0.046448
6.161253 0.018863
6.166254 0.096433
6.171255 0.137583
6.176256 0.130251
6.181257 0.103055
6.186258 0.068093
6.191259 0.020046
6.196260 -0.040457
6.201261 -0.099620
6.206262 -0.117830
6.211263 -0.078651
6.216264 -0.021735
6.221265 0.011098
6.226266 0.010270
6.231267 -0.005220
6.236268 -0.013458
6.241269 -0.000411
6.246270 0.038610
6.251271 0.078341
6.256272 0.084687
6.261273 0.044877
6.266274 -0.042665
6.271275 -0.158034
6.276276 -0.255745
6.281277 -0.311045
6.286278 -0.316445
6.291279 -0.267569
6.296280 -0.186334
6.301281 -0.096349
6.306282 -0.004826
6.311283 0.084016
6.316284 0.163793
6.321285 0.225912
6.326286 0.265249
6.331287 0.275772
6.336288 0.249364
6.341289 0.183737
6.346290 0.083386
6.351291 -0.034585
6.356292 -0.137459
6.361293 -0.192720
6.366294 -0.190867
6.371295 -0.144199
6.376296 -0.064304
6.381297 0.031751
6.386298 0.113696
6.391299 0.160403
6.396300 0.153505
6.401301 0.079917
6.406302 -0.021342
6.411303 -0.080898
6.416304 -0.085392
6.421305 -0.068128
6.426306 -0.045740
6.431307 -0.035137
6.436308 -0.052677
6.441309 -0.081017
6.446310 -0.090122
6.451312 -0.062413
6.456313 0.010545
6.461314 0.110109
6.466315 0.185077
6.471316 0.215506
6.476317 0.221260
6.481318 0.208253
6.486319 0.177588
6.491320 0.137029
6.496321 0.089652
6.501322 0.044797
6.506323 0.007510
6.511324 -0.032142
6.516325 -0.077903
6.521326 -0.119684
6.526327 -0.141402
6.531328 -0.129735
6.536329 -0.075775
6.541330 0.017127
6.546331 0.114247
6.551332 0.161979
6.556333 0.139473
6.561334 0.073018
6.566335 -0.007586
6.571336 -0.076524
6.576337 -0.107229
6.581338 -0.098281
6.586339 -0.069863
6.591340 -0.040814
6.596341 -0.026782
6.601342 -0.040459
6.606343 -0.075263
6.611344 -0.105692
6.616345 -0.100410
6.621346 -0.043612
6.626347 0.038569
6.631348 0.099190
6.636349 0.113340
6.641350 0.080546
6.646351 0.008534
6.651352 -0.075618
6.656353 -0.132928
6.661354 -0.140693
6.666355 -0.098360
6.671356 -0.032300
6.676357 0.012082
6.681358 0.010781
6.686359 -0.020239
6.691360 -0.053072
6.696361 -0.063675
6.701362 -0.042154
6.706363 -0.002226
6.711364 0.037268
6.716365 0.055596
6.721366 0.042865
6.726367 0.014446
6.731368 -0.022249
6.736369 -0.060088
6.741370 -0.073766
6.746371 -0.051023
6.751373 0.002425
6.756374 0.071756
6.761375 0.130761
6.766376 0.156894
6.771377 0.145345
6.776378 0.103998
6.781379 0.050235
6.786380 0.000059
6.791381 -0.034074
6.796382 -0.040854
6.801383 -0.030133
6.806384 -0.024221
6.811385 -0.033720
6.816386 -0.049210
6.821387 -0.052284
6.826388 -0.035809
6.831389 0.004474
6.836390 0.069036
6.841391 0.141403
6.846392 0.190239
6.851393 0.186218
6.856394 0.121262
6.861395 0.008731
6.866396 -0.117911
6.871397 -0.219051
6.876398 -0.274548
6.881399 -0.281564
6.886400 -0.251293
6.891401 -0.217357
6.896402 -0.205374
6.901403 -0.208764
6.906404 -0.203640
6.911405 -0.168206
6.916406 -0.103958
6.921407 -0.029384
6.926408 0.039632
6.931409 0.088113
6.936410 0.110383
6.941411 0.116729
6.946412 0.124651
6.951413 0.156223
6.956414 0.212074
6.961415 0.265482
6.966416 0.286254
6.971417 0.255589
6.976418 0.185154
6.981419 0.108727
6.986420 0.063439
6.991421 0.057881
6.996422 0.058985
7.001423 0.036281
7.006424 -0.014604
7.011425 -0.071086
7.016426 -0.093987
7.021427 -0.066435
7.026428 -0.018191
7.031429 0.000098
7.036430 -0.035100
7.041431 -0.105063
7.046432 -0.168561
7.051434 -0.191540
7.056435 -0.164856
7.061436 -0.107625
7.066437 -0.050118
7.071438 -0.006209
7.076439 0.019175
7.081440 0.025363
7.086441 0.020278
7.091442 0.010661
7.096443 0.000373
7.101444 -0.014880
7.106445 -0.039081
7.111446 -0.054020
7.116447 -0.030647
7.121448 0.033167
7.126449 0.124296
7.131450 0.222243
7.136451 0.289643
7.141452 0.306237
7.146453 0.276873
7.151454 0.208881
7.156455 0.106795
7.161456 -0.011688
7.166457 -0.121775
7.171458 -0.208647
7.176459 -0.266785
7.181460 -0.293311
7.186461 -0.276442
7.191462 -0.215111
7.196463 -0.117400
7.201464 0.000610
7.206465 0.091620
7.211466 0.128316
7.216467 0.132218
7.221468 0.129064
7.226469 0.130010
7.231470 0.135726
7.236471 0.137539
7.241472 0.120511
7.246473 0.088466
7.251474 0.053623
7.256475 0.012946
7.261476 -0.030095
7.266477 -0.069590
7.271478 -0.093633
7.276479 -0.081808
7.281480 -0.036599
7.286481 0.018070
7.291482 0.060954
7.296483 0.092802
7.301484 0.118264
7.306485 0.130680
7.311486 0.126029
7.316487 0.103641
7.321488 0.075183
7.326489 0.045779
7.331490 -0.001125
7.336491 -0.074753
7.341492 -0.168996
7.346493 -0.264697
7.351495 -0.327131
7.356496 -0.329693
7.361497 -0.273329
7.366498 -0.169390
7.371499 -0.044246
7.376500 0.060441
7.381501 0.124216
7.386502 0.143963
7.391503 0.124610
7.396504 0.083263
7.401505 0.032338
7.406506 -0.012477
7.411507 -0.035614
7.416508 -0.040147
7.421509 -0.026903
7.426510 0.007782
7.431511 0.051021
7.436512 0.085155
7.441513 0.101985
7.446514 0.102064
7.451515 0.089333
7.456516 0.070965
7.461517 0.052637
7.466518 0.036201
7.471519 0.023115
7.476520 0.002776
7.481521 -0.033052
7.486522 -0.079523
7.491523 -0.126980
7.496524 -0.160404
7.501525 -0.173017
7.506526 -0.168445
7.511527 -0.152324
7.516528 -0.130291
7.521529 -0.106799
7.526530 -0.084175
7.531531 -0.063363
7.536532 -0.043104
7.541533 -0.025800
7.546534 -0.013739
7.551535 -0.000101
7.556536 0.021814
7.561537 0.056184
7.566538 0.107542
7.571539 0.175061
7.576540 0.239229
7.581541 0.275728
7.586542 0.269421
7.591543 0.213215
7.596544 0.115543
7.601545 -0.005344
7.606546 -0.118939
7.611547 -0.200372
7.616548 -0.242152
7.621549 -0.245148
7.626550 -0.216020
7.631551 -0.154689
7.636552 -0.059304
7.641553 0.060204
7.646554 0.170961
7.651556 0.239347
7.656557 0.251763
7.661558 0.210180
7.666559 0.134187
7.671560 0.039865
7.676561 -0.057215
7.681562 -0.140027
7.686563 -0.201318
7.691564 -0.227884
7.696565 -0.210896
7.701566 -0.150196
7.706567 -0.051145
7.711568 0.066471
7.716569 0.161619
7.721570 0.204464
7.726571 0.200680
7.731572 0.161028
7.736573 0.107620
7.741574 0.058114
7.746575 0.009909
7.751576 -0.028639
7.756577 -0.061630
7.761578 -0.097892
7.766579 -0.123315
7.771580 -0.136086
7.776581 -0.138608
7.781582 -0.127138
7.786583 -0.097419
7.791584 -0.047046
7.796585 0.023310
7.801586 0.104506
7.806587 0.165088
7.811588 0.195004
7.816589 0.194846
7.821590 0.161540
7.826591 0.111719
7.831592 0.062056
7.836593 0.022364
7.841594 -0.002862
7.846595 -0.015120
7.851596 -0.021190
7.856597 -0.027260
7.861598 -0.035537
7.866599 -0.043105
7.871600 -0.052407
7.876601 -0.063483
7.881602 -0.064665
7.886603 -0.059541
7.891604 -0.060803
7.896605 -0.074165
7.901606 -0.093754
7.906607 -0.110979
7.911608 -0.121621
7.916609 -0.109875
7.921610 -0.071169
7.926611 -0.014450
7.931612 0.043885
7.936613 0.084956
7.941614 0.110891
7.946615 0.116961
7.951617 0.100012
7.956618 0.074510
7.961619 0.050664
7.966620 0.030168
7.971621 -0.000458
7.976622 -0.042987
7.981623 -0.081102
7.986624 -0.105027
7.991625 -0.106013
7.996626 -0.087645
8.001627 -0.064587
8.006628 -0.041490
8.011629 -0.028364
8.016630 -0.033252
8.021631 -0.048821
8.026632 -0.063523
8.031633 -0.067543
8.036634 -0.058832
8.041635 -0.035853
8.046636 0.007267
8.051637 0.065168
8.056638 0.119641
8.061639 0.160041
8.066640 0.187002
8.071641 0.205369
8.076642 0.218376
8.081643 0.215381
8.086644 0.184321
8.091645 0.128982
8.096646 0.061227
8.101647 -0.003493
8.106648 -0.054497
8.111649 -0.090050
8.116650 -0.117798
8.121651 -0.140305
8.126652 -0.146966
8.131653 -0.132658
8.136654 -0.090168
8.141655 -0.032503
8.146656 0.020353
8.151657 0.065641
8.156658 0.085506
8.161659 0.082826
8.166660 0.066508
8.171661 0.047983
8.176662 0.041676
8.181663 0.049126
8.186664 0.071593
8.191665 0.086807
8.196666 0.106042
8.201667 0.099578
8.206668 0.059334
8.211669 0.027132
8.216670 -0.033726
8.221671 -0.071762
8.226672 -0.074521
8.231673 -0.086464
8.236674 -0.059937
8.241675 -0.034751
8.246676 -0.035145
8.251678 -0.029154
8.256679 -0.045432
8.261680 -0.070343
8.266681 -0.076255
8.271682 -0.088001
8.276683 -0.099668
8.281684 -0.100023
8.286685 -0.113582
8.291686 -0.124421
8.296687 -0.132067
8.301688 -0.136127
8.306689 -0.112005
8.311690 -0.077122
8.316691 -0.020246
8.321692 0.030679
8.326693 0.064931
8.331694 0.107854
8.336695 0.116368
8.341696 0.112545
8.346697 0.096818
8.351698 0.048258
8.356699 0.005847
8.361700 -0.032268
8.366701 -0.060213
8.371702 -0.067584
8.376703 -0.060923
8.381704 -0.044368
8.386705 -0.021665
8.391706 0.010104
8.396707 0.035724
8.401708 0.050583
8.406709 0.055155
8.411710 0.036945
8.416711 0.013927
8.421712 0.002851
8.426713 0.002772
8.431714 0.021297
8.436715 0.050307
8.441716 0.079711
8.446717 0.101744
8.451718 0.106514
8.456719 0.093861
8.461720 0.067768
8.466721 0.043331
8.471722 0.028983
8.476723 0.025869
8.481724 0.026579
8.486725 0.018459
8.491726 0.006477
8.496727 -0.005702
8.501728 -0.012718
8.506729 -0.009210
8.511730 0.000683
8.516731 0.015779
8.521732 0.028825
8.526733 0.031230
8.531734 0.023347
8.536735 0.010182
8.541736 -0.003614
8.546737 -0.018513
8.551739 -0.038339
8.556740 -0.064313
8.561741 -0.089697
8.566742 -0.104872
8.571743 -0.107119
8.576744 -0.095531
8.581745 -0.070581
8.586746 -0.039245
8.591747 -0.008777
8.596748 0.016488
8.601749 0.033634
8.606750 0.036156
8.611751 0.020903
8.616752 -0.004087
8.621753 -0.029076
8.626754 -0.043660
8.631755 -0.042635
8.636756 -0.029628
8.641757 -0.006649
8.646758 0.019720
8.651759 0.040531
8.656760 0.046759
8.661761 0.034146
8.666762 0.016015
8.671763 0.003323
8.676764 -0.003890
8.681765 -0.004205
8.686766 -0.002432
8.691767 -0.006176
8.696768 -0.016188
8.701769 -0.034674
8.706770 -0.057811
8.711771 -0.077203
8.716772 -0.090998
8.721773 -0.097029
8.726774 -0.091511
8.731775 -0.069793
8.736776 -0.031087
8.741777 0.019601
8.746778 0.070684
8.751779 0.107419
8.756780 0.122515
8.761781 0.113528
8.766782 0.084558
8.771783 0.045852
8.776784 0.007895
8.781785 -0.022810
8.786786 -0.041532
8.791787 -0.046144
8.796788 -0.039128
8.801789 -0.023322
8.806790 -0.004876
8.811791 0.016527
8.816792 0.041910
8.821793 0.070092
8.826794 0.097486
8.831795 0.118573
8.836796 0.132920
8.841797 0.137059
8.846798 0.134930
8.851800 0.121805
8.856801 0.101585
8.861802 0.075689
8.866803 0.038008
8.871804 0.006554
8.876805 -0.030575
8.881806 -0.063881
8.886807 -0.078899
8.891808 -0.098054
8.896809 -0.108460
8.901810 -0.117289
8.906811 -0.137076
8.911812 -0.152487
8.916813 -0.160173
8.921814 -0.153749
8.926815 -0.127419
8.931816 -0.086112
8.936817 -0.042439
8.941818 -0.005231
8.946819 0.022872
8.951820 0.036746
8.956821 0.042304
8.961822 0.048886
8.966823 0.053576
8.971824 0.059095
8.976825 0.062366
8.981826 0.054956
8.986827 0.042777
8.991828 0.029257
8.996829 0.017590
9.001830 0.012781
9.006831 0.014358
9.011832 0.017078
9.016833 0.019640
9.021834 0.025631
9.026835 0.032252
9.031836 0.040609
9.036837 0.048255
9.041838 0.049280
9.046839 0.044353
9.051840 0.032213
9.056841 0.015580
9.061842 0.002770
9.066843 -0.001133
9.071844 0.001193
9.076845 0.007263
9.081846 0.015501
9.086847 0.019324
9.091848 0.018339
9.096849 0.015501
9.101850 0.010850
9.106851 0.003439
9.111852 -0.008582
9.116853 -0.025728
9.121854 -0.047840
9.126855 -0.071608
9.131856 -0.091710
9.136857 -0.106017
9.141858 -0.112403
9.146859 -0.107752
9.151861 -0.096873
9.156862 -0.083354
9.161863 -0.068179
9.166864 -0.056788
9.171865 -0.046697
9.176866 -0.035897
9.181867 -0.017530
9.186868 0.007420
9.191869 0.028980
9.196870 0.048491
9.201871 0.059172
9.206872 0.062010
9.211873 0.070800
9.216874 0.082191
9.221875 0.086251
9.226876 0.094016
9.231877 0.097405
9.236878 0.086369
9.241879 0.082585
9.246880 0.073835
9.251881 0.058463
9.256882 0.054127
9.261883 0.044667
9.266884 0.033237
9.271885 0.026457
9.276886 0.008090
9.281887 -0.019541
9.286888 -0.051506
9.291889 -0.091671
9.296890 -0.124267
9.301891 -0.134279
9.306892 -0.126632
9.311893 -0.103850
9.316894 -0.069519
9.321895 -0.033376
9.326896 0.001034
9.331897 0.031345
9.336898 0.051919
9.341899 0.062877
9.346900 0.069499
9.351901 0.072888
9.356902 0.070760
9.361903 0.059881
9.366904 0.043563
9.371905 0.024486
9.376906 0.003162
9.381907 -0.012880
9.386908 -0.022339
9.391909 -0.027542
9.396910 -0.029395
9.401911 -0.031247
9.406912 -0.033258
9.411913 -0.033888
9.416914 -0.033809
9.421915 -0.028725
9.426916 -0.018319
9.431917 -0.009490
9.436918 -0.004957
9.441919 -0.003854
9.446920 -0.003341
9.451922 -0.004445
9.456923 -0.007717
9.461924 -0.014141
9.466925 -0.024547
9.471926 -0.034086
9.476927 -0.040037
9.481928 -0.038894
9.486929 -0.026991
9.491930 -0.008899
9.496931 0.009192
9.501932 0.024722
9.506933 0.032842
9.511934 0.032132
9.516935 0.023500
9.521936 0.009586
9.526937 -0.003105
9.531938 -0.011934
9.536939 -0.015364
9.541940 -0.013432
9.546941 -0.009333
9.551942 -0.006416
9.556943 -0.004997
9.561944 -0.005667
9.566945 -0.005667
9.571946 -0.000031
9.576947 0.007261
9.581948 0.013094
9.586949 0.014355
9.591950 0.009429
9.596951 -0.000031
9.601952 -0.016743
9.606953 -0.038934
9.611954 -0.062111
9.616955 -0.084420
9.621956 -0.101132
9.626957 -0.107793
9.631958 -0.105152
9.636959 -0.094274
9.641960 -0.075197
9.646961 -0.051547
9.651962 -0.025218
9.656963 0.002018
9.661964 0.024406
9.666965 0.038359
9.671966 0.044271
9.676967 0.042971
9.681968 0.035403
9.686969 0.026377
9.691970 0.020504
9.696971 0.020228
9.701972 0.022199
9.706973 0.021923
9.711974 0.020701
9.716975 0.015064
9.721976 0.005684
9.726977 -0.002515
9.731978 -0.008270
9.736979 -0.005747
9.741980 0.008364
9.746981 0.030633
9.751983 0.057357
9.756984 0.081873
9.761985 0.094132
9.766986 0.096851
9.771987 0.090348
9.776988 0.072532
9.781989 0.055229
9.786990 0.033629
9.791991 0.010650
9.796992 -0.000505
9.801993 -0.012369
9.806994 -0.015956
9.811995 -0.003855
9.816996 0.007969
9.821997 0.032210
9.826998 0.062914
9.831999 0.080415
9.837000 0.084948
9.842001 0.069339
9.847002 0.032328
9.852003 -0.016074
9.857004 -0.061126
9.862005 -0.097586
9.867006 -0.118160
9.872007 -0.118358
9.877008 -0.103498
9.882009 -0.071729
9.887010 -0.034245
9.892011 0.003278
9.897012 0.039777
9.902013 0.068196
9.907014 0.086721
9.912015 0.094328
9.917016 0.090781
9.922017 0.076473
9.927018 0.057435
9.932019 0.036703
9.937020 0.019202
9.942021 0.006077
9.947022 -0.005945
9.952023 -0.015484
9.957024 -0.029082
9.962025 -0.044888
9.967026 -0.056673
9.972027 -0.064871
9.977028 -0.064714
9.982029 -0.054308
9.987030 -0.039606
9.992031 -0.022539
9.997032 -0.002437
10.002033 0.011871
10.007034 0.020227
10.012035 0.026573
10.017036 0.027440
10.022037 0.026375
10.027038 0.026139
10.032039 0.024878
10.037040 0.019832
10.042041 0.012422
10.047042 0.002962
10.052044 -0.008468
10.057045 -0.016469
10.062046 -0.021790
10.067047 -0.024668
10.072048 -0.024510
10.077049 -0.024392
10.082050 -0.026717
10.087051 -0.031093
10.092052 -0.038306
10.097053 -0.049145
10.102054 -0.060181
10.107055 -0.070548
10.112056 -0.080126
10.117057 -0.085801
10.122058 -0.087063
10.127059 -0.085920
10.132060 -0.083673
10.137061 -0.080559
10.142062 -0.074923
10.147063 -0.063768
10.152064 -0.046504
10.157065 -0.024274
10.162066 0.002923
10.167067 0.032681
10.172068 0.061967
10.177069 0.089361
10.182070 0.109896
10.187071 0.122273
10.192072 0.127239
10.197073 0.123297
10.202074 0.111236
10.207075 0.094248
10.212076 0.073594
10.217077 0.051009
10.222078 0.032523
10.227079 0.019950
10.232080 0.015102
10.237081 0.018255
10.242082 0.026020
10.247083 0.033627
10.252084 0.035164
10.257085 0.032996
10.262086 0.027320
10.267087 0.019792
10.272088 0.014904
10.277089 0.012264
10.282090 0.012145
10.287091 0.010805
10.292092 0.005563
10.297093 -0.002438
10.302094 -0.012844
10.307095 -0.024432
10.312096 -0.035232
10.317097 -0.041539
10.322098 -0.043312
10.327099 -0.041066
10.332100 -0.034010
10.337101 -0.026640
10.342102 -0.020333
10.347103 -0.017456
10.352105 -0.019309
10.357106 -0.019427
10.362107 -0.016944
10.367108 -0.014460
10.372109 -0.013199
10.377110 -0.015209
10.382111 -0.025260
10.387112 -0.041460
10.392113 -0.059039
10.397114 -0.075436
10.402115 -0.085960
10.407116 -0.089823
10.412117 -0.085724
10.417118 -0.076737
10.422119 -0.065701
10.427120 -0.052024
10.432121 -0.039608
10.437122 -0.031764
10.442123 -0.027271
10.447124 -0.026088
10.452125 -0.024512
10.457126 -0.018481
10.462127 -0.010204
10.467128 0.001108
10.472129 0.013997
10.477130 0.026176
10.482131 0.035951
10.487132 0.041943
10.492133 0.045175
10.497134 0.043795
10.502135 0.040129
10.507136 0.036424
10.512137 0.032601
10.517138 0.030591
10.522139 0.031655
10.527140 0.033310
10.532141 0.035518
10.537142 0.041115
10.542143 0.049707
10.547144 0.058654
10.552145 0.065394
10.557146 0.069178
10.562147 0.065119
10.567148 0.051796
10.572149 0.032088
10.577150 0.006350
10.582151 -0.020334
10.587152 -0.042249
10.592153 -0.055848
10.597154 -0.060578
10.602155 -0.056597
10.607156 -0.043944
10.612157 -0.025774
10.617158 -0.006303
10.622159 0.009858
10.627160 0.020303
10.632161 0.023732
10.637162 0.020973
10.642163 0.015179
10.647164 0.009385
10.652166 0.005167
10.657167 0.003551
10.662168 0.004576
10.667169 0.005364
10.672170 0.005758
10.677171 0.005955
10.682172 0.005916
10.687173 0.006862
10.692174 0.006428
10.697175 0.002881
10.702176 -0.002204
10.707177 -0.008510
10.712178 -0.015881
10.717179 -0.021084
10.722180 -0.022897
10.727181 -0.022266
10.732182 -0.020650
10.737183 -0.019586
10.742184 -0.019468
10.747185 -0.021084
10.752186 -0.023133
10.757187 -0.026326
10.762188 -0.029440
10.767189 -0.030583
10.772190 -0.030898
10.777191 -0.030701
10.782192 -0.031569
10.787193 -0.031805
10.792194 -0.031056
10.797195 -0.028061
10.802196 -0.022858
10.807197 -0.015014
10.812198 -0.002795
10.817199 0.010566
10.822200 0.025426
10.827201 0.040010
10.832202 0.052623
10.837203 0.063383
10.842204 0.068744
10.847205 0.069690
10.852206 0.071187
10.857207 0.072922
10.862208 0.076705
10.867209 0.083288
10.872210 0.087545
10.877211 0.088293
10.882212 0.083051
10.887213 0.071897
10.892214 0.057076
10.897215 0.040207
10.902216 0.023928
10.907217 0.008792
10.912218 -0.004333
10.917219 -0.016394
10.922220 -0.027706
10.927221 -0.040201
10.932222 -0.054943
10.937223 -0.071221
10.942224 -0.087933
10.947225 -0.099443
10.952227 -0.102044
10.957228 -0.098457
10.962229 -0.089313
10.967230 -0.077094
10.972231 -0.068068
10.977232 -0.058530
10.982233 -0.049858
10.987234 -0.042093
10.992235 -0.030190
10.997236 -0.018444
11.002237 -0.002717
11.007238 0.015887
11.012239 0.029840
11.017240 0.042492
11.022241 0.050572
11.027242 0.051242
11.032243 0.050257
11.037244 0.048720
11.042245 0.047143
11.047246 0.045251
11.052247 0.040758
11.057248 0.034333
11.062249 0.024518
11.067250 0.014113
11.072251 0.007530
11.077252 0.005954
11.082253 0.010565
11.087254 0.017148
11.092255 0.025425
11.097256 0.034254
11.102257 0.037644
11.107258 0.036264
11.112259 0.030352
11.117260 0.020143
11.122261 0.008594
11.127262 -0.002245
11.132263 -0.010128
11.137264 -0.014937
11.142265 -0.018208
11.147266 -0.022071
11.152267 -0.027077
11.157268 -0.033186
11.162269 -0.039650
11.167270 -0.041700
11.172271 -0.038665
11.177272 -0.031846
11.182273 -0.023214
11.187274 -0.015292
11.192275 -0.011626
11.197276 -0.012848
11.202277 -0.016908
11.207278 -0.023135
11.212279 -0.028141
11.217280 -0.031097
11.222281 -0.031610
11.227282 -0.030191
11.232283 -0.027865
11.237284 -0.025343
11.242285 -0.024279
11.247286 -0.023569
11.252288 -0.023924
11.257289 -0.024160
11.262290 -0.023372
11.267291 -0.023372
11.272292 -0.022544
11.277293 -0.019588
11.282294 -0.015529
11.287295 -0.009064
11.292296 -0.000432
11.297297 0.009973
11.302298 0.023020
11.307299 0.038628
11.312300 0.054434
11.317301 0.067677
11.322302 0.077295
11.327303 0.080527
11.332304 0.075994
11.337305 0.064090
11.342306 0.046669
11.347307 0.026567
11.352308 0.007569
11.357309 -0.007409
11.362310 -0.017105
11.367311 -0.018524
11.372312 -0.013400
11.377313 -0.003783
11.382314 0.008672
11.387315 0.020576
11.392316 0.031888
11.397317 0.040559
11.402318 0.044501
11.407319 0.044895
11.412320 0.041584
11.417321 0.033977
11.422322 0.023926
11.427323 0.013402
11.432324 0.002365
11.437325 -0.006464
11.442326 -0.011154
11.447327 -0.012415
11.452328 -0.008710
11.457329 -0.002010
11.462330 0.003272
11.467331 0.009697
11.472332 0.015175
11.477333 0.015018
11.482334 0.015294
11.487335 0.011746
11.492336 0.005755
11.497337 0.007056
11.502338 0.007765
11.507339 0.010958
11.512340 0.017540
11.517341 0.018171
11.522342 0.015766
11.527343 0.010682
11.532344 0.001498
11.537345 -0.011352
11.542346 -0.027197
11.547347 -0.045761
11.552349 -0.066888
11.557350 -0.086005
11.562351 -0.100352
11.567352 -0.109339
11.572353 -0.109930
11.577354 -0.103820
11.582355 -0.094715
11.587356 -0.083009
11.592357 -0.070238
11.597358 -0.057547
11.602359 -0.046037
11.607360 -0.032715
11.612361 -0.017028
11.617362 -0.001104
11.622363 0.016239
11.627364 0.030034
11.632365 0.039888
11.637366 0.045288
11.642367 0.044184
11.647368 0.041859
11.652369 0.038903
11.657370 0.038233
11.662371 0.040006
11.667372 0.040479
11.672373 0.042095
11.677374 0.043081
11.682375 0.042765
11.687376 0.041740
11.692377 0.039021
11.697378 0.037562
11.702379 0.037168
11.707380 0.038469
11.712381 0.041583
11.717382 0.044145
11.722383 0.046076
11.727384 0.045918
11.732385 0.043041
11.737386 0.037759
11.742387 0.030743
11.747388 0.021954
11.752389 0.012021
11.757390 0.003862
11.762391 -0.003075
11.767392 -0.008120
11.772393 -0.009737
11.777394 -0.010643
11.782395 -0.011471
11.787396 -0.012653
11.792397 -0.013678
11.797398 -0.013875
11.802399 -0.013757
11.807400 -0.011353
11.812401 -0.008515
11.817402 -0.006426
11.822403 -0.004061
11.827404 -0.003470
11.832405 -0.004849
11.837406 -0.007490
11.842407 -0.010328
11.847408 -0.012693
11.852410 -0.014624
11.857411 -0.015216
11.862412 -0.014270
11.867413 -0.012693
11.872414 -0.013127
11.877415 -0.015413
11.882416 -0.019039
11.887417 -0.026331
11.892418 -0.035988
11.897419 -0.045172
11.902420 -0.051754
11.907421 -0.053488
11.912422 -0.050532
11.917423 -0.043043
11.922424 -0.033111
11.927425 -0.024045
11.932426 -0.016674
11.937427 -0.012023
11.942428 -0.007136
11.947429 -0.002603
11.952430 -0.000632
11.957431 0.002797
11.962432 0.007054
11.967433 0.013202
11.972434 0.022071
11.977435 0.033186
11.982436 0.045208
11.987437 0.053840
11.992438 0.057387
11.997439 0.053564
12.002440 0.043868
12.007441 0.030230
12.012442 0.013202
12.017443 -0.004022
12.022444 -0.018843
12.027445 -0.030470
12.032446 -0.039417
12.037447 -0.045330
12.042448 -0.048680
12.047449 -0.050690
12.052450 -0.051873
12.057451 -0.049429
12.062452 -0.043556
12.067453 -0.035003
12.072454 -0.024597
12.077455 -0.014271
12.082456 -0.002131
12.087457 0.008945
12.092458 0.018957
12.097459 0.027707
12.102460 0.034841
12.107461 0.042369
12.112462 0.046784
12.117463 0.049149
12.122464 0.050962
12.127465 0.051395
12.132466 0.051356
12.137467 0.050646
12.142468 0.048479
12.147469 0.045680
12.152471 0.042960
12.157472 0.039807
12.162473 0.037639
12.167474 0.035668
12.172475 0.031924
12.177476 0.025381
12.182477 0.016788
12.187478 0.007250
12.192479 -0.001737
12.197480 -0.008832
12.202481 -0.015572
12.207482 -0.020459
12.212483 -0.023967
12.217484 -0.028224
12.222485 -0.031377
12.227486 -0.033506
12.232487 -0.034886
12.237488 -0.036107
12.242489 -0.039221
12.247490 -0.042808
12.252491 -0.045449
12.257492 -0.048208
12.262493 -0.048799
12.267494 -0.047065
12.272495 -0.043360
12.277496 -0.036659
12.282497 -0.028343
12.287498 -0.017149
12.292499 -0.004299
12.297500 0.005988
12.302501 0.015054
12.307502 0.022542
12.312503 0.026996
12.317504 0.029834
12.322505 0.029401
12.327506 0.026287
12.332507 0.023331
12.337508 0.020059
12.342509 0.017340
12.347510 0.015802
12.352511 0.015881
12.357512 0.018522
12.362513 0.021872
12.367514 0.025695
12.372515 0.030622
12.377516 0.035234
12.382517 0.037954
12.387518 0.038308
12.392519 0.037481
12.397520 0.036101
12.402521 0.033618
12.407522 0.030819
12.412523 0.028691
12.417524 0.027154
12.422525 0.025419
12.427526 0.023961
12.432527 0.019743
12.437528 0.011742
12.442529 0.003307
12.447531 -0.007414
12.452532 -0.018805
12.457533 -0.028816
12.462534 -0.039419
12.467535 -0.048209
12.472536 -0.054910
12.477537 -0.060310
12.482538 -0.063857
12.487539 -0.066301
12.492540 -0.067838
12.497541 -0.069336
12.502542 -0.070203
12.507543 -0.070361
12.512544 -0.071070
12.517545 -0.070242
12.522546 -0.067877
12.527547 -0.064764
12.532548 -0.059640
12.537549 -0.053136
12.542550 -0.044701
12.547551 -0.035517
12.552552 -0.026610
12.557553 -0.016125
12.562554 -0.004971
12.567555 0.005947
12.572556 0.016668
12.577557 0.026168
12.582558 0.034602
12.587559 0.042328
12.592560 0.048674
12.597561 0.053443
12.602562 0.056990
12.607563 0.060065
12.612564 0.062193
12.617565 0.064558
12.622566 0.068500
12.627567 0.071929
12.632568 0.074609
12.637569 0.075437
12.642570 0.074412
12.647571 0.070983
12.652572 0.064518
12.657573 0.056714
12.662574 0.046387
12.667575 0.033932
12.672576 0.019348
12.677577 0.005435
12.682578 -0.007967
12.687579 -0.020304
12.692580 -0.030394
12.697581 -0.039893
12.702582 -0.044860
12.707583 -0.049353
12.712584 -0.052309
12.717585 -0.051284
12.722586 -0.048919
12.727587 -0.043598
12.732588 -0.036898
12.737589 -0.028542
12.742590 -0.019516
12.747592 -0.011081
12.752593 -0.003434
12.757594 0.003542
12.762595 0.009297
12.767596 0.014066
12.772597 0.018441
12.777598 0.021476
12.782599 0.024354
12.787600 0.026679
12.792601 0.028453
12.797602 0.028689
12.802603 0.028098
12.807604 0.027704
12.812605 0.027034
12.817606 0.025694
12.822607 0.021870
12.827608 0.016510
12.832609 0.007720
12.837610 -0.002489
12.842611 -0.012461
12.847612 -0.021369
12.852613 -0.026532
12.857614 -0.028779
12.862615 -0.026256
12.867616 -0.019831
12.872617 -0.010648
12.877618 0.000270
12.882619 0.010834
12.887620 0.018047
12.892621 0.020648
12.897622 0.019860
12.902623 0.014657
12.907624 0.006458
12.912625 -0.003553
12.917626 -0.015496
12.922627 -0.028109
12.927628 -0.038357
12.932629 -0.047265
12.937630 -0.053374
12.942631 -0.054557
12.947632 -0.054360
12.952633 -0.050852
12.957634 -0.045176
12.962635 -0.040959
12.967636 -0.038791
12.972637 -0.037056
12.977638 -0.035283
12.982639 -0.033627
12.987640 -0.030514
12.992641 -0.024286
12.997642 -0.014156
13.002643 -0.003238
13.007644 0.009572
13.012645 0.024077
13.017646 0.036690
13.022647 0.046859
13.027648 0.052653
13.032649 0.053481
13.037650 0.048869
13.042651 0.039133
13.047653 0.027742
13.052654 0.016509
13.057655 0.005709
13.062656 -0.002765
13.067657 -0.008954
13.072658 -0.013132
13.077659 -0.015418
13.082660 -0.016521
13.087661 -0.018492
13.092662 -0.024089
13.097663 -0.030396
13.102664 -0.036229
13.107665 -0.042378
13.112666 -0.046201
13.117667 -0.046674
13.122668 -0.043088
13.127669 -0.035953
13.132670 -0.025784
13.137671 -0.011240
13.142672 0.004290
13.147673 0.017612
13.152674 0.030343
13.157675 0.041419
13.162676 0.049696
13.167677 0.055648
13.172678 0.058604
13.177679 0.060299
13.182680 0.061363
13.187681 0.059747
13.192682 0.057224
13.197683 0.056081
13.202684 0.057027
13.207685 0.059629
13.212686 0.061166
13.217687 0.061560
13.222688 0.061442
13.227689 0.057737
13.232690 0.050327
13.237691 0.041024
13.242692 0.029042
13.247693 0.016271
13.252694 0.002949
13.257695 -0.009703
13.262696 -0.019281
13.267697 -0.028820
13.272698 -0.037570
13.277699 -0.043207
13.282700 -0.046990
13.287701 -0.049237
13.292702 -0.049316
13.297703 -0.046991
13.302704 -0.042261
13.307705 -0.036940
13.312706 -0.032092
13.317707 -0.026495
13.322708 -0.022868
13.327709 -0.021174
13.332710 -0.019163
13.337711 -0.019124
13.342712 -0.020031
13.347714 -0.021174
13.352715 -0.022435
13.357716 -0.023144
13.362717 -0.024918
13.367718 -0.027125
13.372719 -0.029687
13.377720 -0.032920
13.382721 -0.035994
13.387722 -0.038122
13.392723 -0.039660
13.397724 -0.041039
13.402725 -0.040763
13.407726 -0.040409
13.412727 -0.039936
13.417728 -0.038004
13.422729 -0.033747
13.427730 -0.026653
13.432731 -0.017666
13.437732 -0.006866
13.442733 0.005707
13.447734 0.018438
13.452735 0.029711
13.457736 0.040511
13.462737 0.050720
13.467738 0.057184
13.472739 0.058563
13.477740 0.057144
13.482741 0.053124
13.487742 0.046739
13.492743 0.039013
13.497744 0.032510
13.502745 0.028765
13.507746 0.026440
13.512747 0.027504
13.517748 0.031130
13.522749 0.035190
13.527750 0.037200
13.532751 0.035071
13.537752 0.031012
13.542753 0.025257
13.547754 0.017571
13.552755 0.009215
13.557756 0.001884
13.562757 -0.005014
13.567758 -0.010217
13.572759 -0.012464
13.577760 -0.014395
13.582761 -0.014632
13.587762 -0.012937
13.592763 -0.010217
13.597764 -0.006591
13.602765 -0.002531
13.607766 0.000346
13.612767 -0.000206
13.617768 -0.002452
13.622769 -0.006946
13.627770 -0.013489
13.632771 -0.019914
13.637772 -0.026102
13.642773 -0.030319
13.647775 -0.031896
13.652776 -0.028388
13.657777 -0.023461
13.662778 -0.020663
13.667779 -0.016682
13.672780 -0.013883
13.677781 -0.013055
13.682782 -0.012701
13.687783 -0.013528
13.692784 -0.013923
13.697785 -0.014277
13.702786 -0.013726
13.707787 -0.011164
13.712788 -0.007498
13.717789 -0.004384
13.722790 -0.002335
13.727791 -0.000285
13.732792 0.001765
13.737793 0.005115
13.742794 0.008071
13.747795 0.011461
13.752796 0.015915
13.757797 0.018555
13.762798 0.020723
13.767799 0.022260
13.772800 0.023601
13.777801 0.025098
13.782802 0.024625
13.787803 0.022891
13.792804 0.020211
13.797805 0.016939
13.802806 0.012879
13.807807 0.005982
13.812808 -0.000758
13.817809 -0.005331
13.822810 -0.007459
13.827811 -0.006277
13.832812 -0.002453
13.837813 0.003656
13.842814 0.010041
13.847815 0.016663
13.852816 0.022221
13.857817 0.026202
13.862818 0.027975
13.867819 0.025374
13.872820 0.020841
13.877821 0.013510
13.882822 0.004720
13.887823 -0.003636
13.892824 -0.012426
13.897825 -0.019993
13.902826 -0.026812
13.907827 -0.032173
13.912828 -0.036390
13.917829 -0.040687
13.922830 -0.043800
13.927831 -0.045692
13.932832 -0.046954
13.937833 -0.046363
13.942834 -0.044195
13.947836 -0.041515
13.952837 -0.037336
13.957838 -0.032922
13.962839 -0.028468
13.967840 -0.024487
13.972841 -0.021097
13.977842 -0.017511
13.982843 -0.014988
13.987844 -0.013214
13.992845 -0.011756
13.997846 -0.011086
14.002847 -0.011323
14.007848 -0.011520
14.012849 -0.010652
14.017850 -0.007381
14.022851 -0.002139
14.027852 0.003616
14.032853 0.010514
14.037854 0.016820
14.042855 0.022220
14.047856 0.027975
14.052857 0.033138
14.057858 0.038538
14.062859 0.044726
14.067860 0.050284
14.072861 0.055250
14.077862 0.059586
14.082863 0.062699
14.087864 0.062778
14.092865 0.060256
14.097866 0.056590
14.102867 0.049574
14.107868 0.041967
14.112869 0.032901
14.117870 0.021471
14.122871 0.011617
14.127872 0.001921
14.132873 -0.007027
14.137874 -0.014870
14.142875 -0.021216
14.147876 -0.026774
14.152877 -0.031425
14.157878 -0.034775
14.162879 -0.038756
14.167880 -0.041713
14.172881 -0.044669
14.177882 -0.047152
14.182883 -0.048098
14.187884 -0.048610
14.192885 -0.049280
14.197886 -0.051330
14.202887 -0.053183
14.207888 -0.053971
14.212889 -0.053774
14.217890 -0.052197
14.222891 -0.047743
14.227892 -0.041003
14.232893 -0.033909
14.237894 -0.026301
14.242895 -0.019640
14.247897 -0.014083
14.252898 -0.008919
14.257899 -0.004111
14.262900 0.001211
14.267901 0.006847
14.272902 0.011577
14.277903 0.015834
14.282904 0.019775
14.287905 0.022495
14.292906 0.024505
14.297907 0.027382
14.302908 0.031284
14.307909 0.036014
14.312910 0.041493
14.317911 0.047287
14.322912 0.053002
14.327913 0.058323
14.332914 0.062738
14.337915 0.064906
14.342916 0.065694
14.347917 0.066088
14.352918 0.064906
14.357919 0.064038
14.362920 0.061831
14.367921 0.057889
14.372922 0.052726
14.377923 0.044173
14.382924 0.034950
14.387925 0.024820
14.392926 0.015400
14.397927 0.007832
14.402928 0.001880
14.407929 -0.001273
14.412930 -0.003559
14.417931 -0.004781
14.422932 -0.006476
14.427933 -0.010615
14.432934 -0.016685
14.437935 -0.022991
14.442936 -0.028076
14.447937 -0.032609
14.452938 -0.036393
14.457939 -0.038009
14.462940 -0.039231
14.467941 -0.039704
14.472942 -0.037693
14.477943 -0.036472
14.482944 -0.035999
14.487945 -0.035289
14.492946 -0.033831
14.497947 -0.030480
14.502948 -0.026736
14.507949 -0.022913
14.512950 -0.019089
14.517951 -0.015463
14.522952 -0.013138
14.527953 -0.012744
14.532954 -0.012152
14.537955 -0.011955
14.542956 -0.012862
14.547958 -0.013690
14.552959 -0.014557
14.557960 -0.014675
14.562961 -0.013926
14.567962 -0.012744
14.572963 -0.011877
14.577964 -0.010024
14.582965 -0.006359
14.587966 -0.004191
14.592967 -0.003363
14.597968 -0.002220
14.602969 -0.000801
14.607970 -0.000013
14.612971 0.000500
14.617972 0.002037
14.622973 0.004086
14.627974 0.006609
14.632975 0.008658
14.637976 0.012048
14.642977 0.016344
14.647978 0.018473
14.652979 0.018512
14.657980 0.017330
14.662981 0.014413
14.667982 0.009013
14.672983 0.003850
14.677984 -0.001511
14.682985 -0.006635
14.687986 -0.009670
14.692987 -0.011759
14.697988 -0.012074
14.702989 -0.009158
14.707990 -0.004428
14.712991 -0.000329
14.717992 0.004086
14.722993 0.007436
14.727994 0.008934
14.732995 0.009683
14.737996 0.007673
14.742997 0.005426
14.747998 0.003573
14.752999 0.001484
14.758000 0.001011
14.763001 0.002864
14.768002 0.007791
14.773003 0.014373
14.778004 0.021980
14.783005 0.029745
14.788006 0.036288
14.793007 0.040624
14.798008 0.041412
14.803009 0.040505
14.808010 0.037589
14.813011 0.033568
14.818012 0.030060
14.823013 0.026198
14.828014 0.024148
14.833015 0.023596
14.838016 0.022571
14.843017 0.022256
14.848019 0.022571
14.853020 0.020916
14.858021 0.018275
14.863022 0.014728
14.868023 0.009209
14.873024 0.003060
14.878025 -0.003995
14.883026 -0.011326
14.888027 -0.017475
14.893028 -0.022284
14.898029 -0.026738
14.903030 -0.028433
14.908031 -0.027290
14.913032 -0.026620
14.918033 -0.026935
14.923034 -0.027802
14.928035 -0.028078
14.933036 -0.030049
14.938037 -0.032768
14.943038 -0.034739
14.948039 -0.037577
14.953040 -0.039311
14.958041 -0.039982
14.963042 -0.040376
14.968043 -0.039666
14.973044 -0.039193
14.978045 -0.038799
14.983046 -0.037104
14.988047 -0.035055
14.993048 -0.030798
14.998049 -0.025437
15.003050 -0.020432
15.008051 -0.013652
15.013052 -0.006755
15.018053 -0.000960
15.023054 0.004834
15.028055 0.009958
15.033056 0.013032
15.038057 0.015909
15.043058 0.017643
15.048059 0.018077
15.053060 0.018865
15.058061 0.018944
15.063062 0.018905
15.068063 0.018038
15.073064 0.017880
15.078065 0.018786
15.083066 0.019102
15.088067 0.019496
15.093068 0.019772
15.098069 0.020718
15.103070 0.021191
15.108071 0.021427
15.113072 0.021703
15.118073 0.021703
15.123074 0.021033
15.128075 0.019220
15.133076 0.017210
15.138077 0.013386
15.143078 0.008223
15.148080 0.002153
15.153081 -0.003287
15.158082 -0.007465
15.163083 -0.010500
15.168084 -0.011643
15.173085 -0.012155
15.178086 -0.008687
15.183087 -0.004627
15.188088 -0.002025
15.193089 0.001995
15.198090 0.004478
15.203091 0.006370
15.208092 0.006725
15.213093 0.005227
15.218094 0.003769
15.223095 0.000852
15.228096 -0.002420
15.233097 -0.004706
15.238098 -0.006874
15.243099 -0.008608
15.248100 -0.009199
15.253101 -0.008726
15.258102 -0.007110
15.263103 -0.005140
15.268104 -0.002420
15.273105 0.000733
15.278106 0.004084
15.283107 0.007710
15.288108 0.009562
15.293109 0.011730
15.298110 0.011257
15.303111 0.009759
15.308112 0.009444
15.313113 0.006015
15.318114 0.003729
15.323115 0.001403
15.328116 -0.001277
15.333117 -0.002223
15.338118 -0.003090
15.343119 -0.001947
15.348120 -0.000095
15.353121 0.001521
15.358122 0.005266
15.363123 0.009404
15.368124 0.011966
15.373125 0.015829
15.378126 0.019692
15.383127 0.022096
15.388128 0.022648
15.393129 0.021426
15.398130 0.021071
15.403131 0.021347
15.408132 0.021978
15.413133 0.023002
15.418134 0.024658
15.423135 0.026826
15.428136 0.027535
15.433137 0.025880
15.438138 0.022175
15.443139 0.015947
15.448141 0.007118
15.453142 -0.003248
15.458143 -0.014718
15.463144 -0.026031
15.468145 -0.035372
15.473146 -0.043768
15.478147 -0.051848
15.483148 -0.056775
15.488149 -0.058824
15.493150 -0.059692
15.498151 -0.059731
15.503152 -0.058430
15.508153 -0.053897
15.513154 -0.047985
15.518155 -0.041797
15.523156 -0.033717
15.528157 -0.025282
15.533158 -0.018424
15.538159 -0.012157
15.543160 -0.006639
15.548161 -0.003485
15.553162 -0.002224
15.558163 -0.002224
15.563164 -0.004313
15.568165 -0.007112
15.573166 -0.009358
15.578167 -0.012748
15.583168 -0.014719
15.588169 -0.015901
15.593170 -0.017202
15.598171 -0.016138
15.603172 -0.014285
15.608173 -0.012157
15.613174 -0.010975
15.618175 -0.009319
15.623176 -0.007900
15.628177 -0.007348
15.633178 -0.005851
15.638179 -0.005811
15.643180 -0.005259
15.648181 -0.002737
15.653182 0.000535
15.658183 0.006092
15.663184 0.013266
15.668185 0.021661
15.673186 0.030806
15.678187 0.038137
15.683188 0.044246
15.688189 0.048818
15.693190 0.050474
15.698191 0.049843
15.703192 0.045941
15.708193 0.040659
15.713194 0.035732
15.718195 0.031475
15.723196 0.027849
15.728197 0.025051
15.733198 0.023592
15.738199 0.021937
15.743200 0.019257
15.748202 0.016419
15.753203 0.014251
15.758204 0.010979
15.763205 0.008457
15.768206 0.006683
15.773207 0.004712
15.778208 0.004633
15.783209 0.005225
15.788210 0.005934
15.793211 0.007313
15.798212 0.009205
15.803213 0.010664
15.808214 0.011294
15.813215 0.012240
15.818216 0.012634
15.823217 0.010861
15.828218 0.009048
15.833219 0.007707
15.838220 0.005382
15.843221 0.003017
15.848222 0.000179
15.853223 -0.001082
15.858224 -0.000609
15.863225 -0.000018
15.868226 0.001086
15.873227 0.001834
15.878228 0.000731
15.883229 -0.001674
15.888230 -0.004787
15.893231 -0.009399
15.898232 -0.013814
15.903233 -0.017795
15.908234 -0.022130
15.913235 -0.027412
15.918236 -0.031629
15.923237 -0.034783
15.928238 -0.038330
15.933239 -0.040143
15.938240 -0.041365
15.943241 -0.040498
15.948242 -0.037187
15.953243 -0.033443
15.958244 -0.027846
15.963245 -0.021618
15.968246 -0.016218
15.973247 -0.012237
15.978248 -0.008532
15.983249 -0.005379
15.988250 -0.004827
15.993251 -0.005103
15.998252 -0.005143
16.003253 -0.005813
16.008254 -0.006443
16.013255 -0.006365
16.018256 -0.005773
16.023257 -0.004118
16.028258 -0.001595
16.033259 0.002031
16.038260 0.006642
16.043261 0.011688
16.048263 0.015590
16.053264 0.017757
16.058265 0.018861
16.063266 0.017600
16.068267 0.015668
16.073268 0.013461
16.078269 0.011333
16.083270 0.011963
16.088271 0.013185
16.093272 0.015432
16.098273 0.018585
16.103274 0.021423
16.108275 0.023945
16.113276 0.024418
16.118277 0.024143
16.123278 0.023512
16.128279 0.021147
16.133280 0.018506
16.138281 0.016772
16.143282 0.014249
16.148283 0.011766
16.153284 0.009283
16.158285 0.005775
16.163286 0.003765
16.168287 0.001478
16.173288 -0.000808
16.178289 -0.002108
16.183290 -0.002936
16.188291 -0.003527
16.193292 -0.006089
16.198293 -0.009519
16.203294 -0.012475
16.208295 -0.014840
16.213296 -0.016850
16.218297 -0.017796
16.223298 -0.016141
16.228299 -0.012711
16.233300 -0.009046
16.238301 -0.005893
16.243302 -0.003015
16.248303 -0.002306
16.253304 -0.001912
16.258305 -0.001202
16.263306 -0.002227
16.268307 -0.001951
16.273308 -0.001912
16.278309 -0.003331
16.283310 -0.004592
16.288311 -0.005538
16.293312 -0.006839
16.298313 -0.007942
16.303314 -0.009046
16.308315 -0.009874
16.313316 -0.009125
16.318317 -0.010386
16.323318 -0.011608
16.328319 -0.011845
16.333320 -0.012121
16.338321 -0.010662
16.343322 -0.009795
16.348324 -0.008021
16.353325 -0.005341
16.358326 -0.002937
16.363327 -0.000138
16.368328 0.002699
16.373329 0.005183
16.378330 0.007390
16.383331 0.010346
16.388332 0.012593
16.393333 0.014012
16.398334 0.014839
16.403335 0.016179
16.408336 0.018032
16.413337 0.018465
16.418338 0.019530
16.423339 0.019333
16.428340 0.018268
16.433341 0.017795
16.438342 0.016100
16.443343 0.014484
16.448344 0.012671
16.453345 0.009676
16.458346 0.006838
16.463347 0.004236
16.468348 0.000807
16.473349 -0.002386
16.478350 -0.005026
16.483351 -0.007037
16.488352 -0.008929
16.493353 -0.009835
16.498354 -0.010151
16.503355 -0.011294
16.508356 -0.011254
16.513357 -0.012043
16.518358 -0.013067
16.523359 -0.013935
16.528360 -0.016339
16.533361 -0.016378
16.538362 -0.014841
16.543363 -0.012752
16.548364 -0.009559
16.553365 -0.005776
16.558366 -0.001401
16.563367 0.001713
16.568368 0.004945
16.573369 0.008335
16.578370 0.010069
16.583371 0.011291
16.588372 0.011567
16.593373 0.011055
16.598374 0.010660
16.603375 0.008453
16.608376 0.005655
16.613377 0.003250
16.618378 0.000136
16.623379 -0.002977
16.628380 -0.005815
16.633381 -0.006919
16.638382 -0.007116
16.643383 -0.007629
16.648385 -0.007274
16.653386 -0.007313
16.658387 -0.008141
16.663388 -0.008417
16.668389 -0.008456
16.673390 -0.008732
16.678391 -0.008969
16.683392 -0.009166
16.688393 -0.009284
16.693394 -0.010112
16.698395 -0.010348
16.703396 -0.010073
16.708397 -0.010506
16.713398 -0.009008
16.718399 -0.007038
16.723400 -0.005225
16.728401 -0.002190
16.733402 -0.000692
16.738403 -0.000337
16.743404 -0.000416
16.748405 -0.001795
16.753406 -0.002623
16.758407 -0.003333
16.763408 -0.004042
16.768409 -0.003017
16.773410 -0.002071
16.778411 -0.001244
16.783412 0.001082
16.788413 0.003880
16.793414 0.006797
16.798415 0.009714
16.803416 0.012394
16.808417 0.015113
16.813418 0.016848
16.818419 0.017321
16.823420 0.017794
16.828421 0.017478
16.833422 0.015389
16.838423 0.012394
16.843424 0.008649
16.848425 0.005654
16.853426 0.003604
16.858427 0.001830
16.863428 0.000490
16.868429 0.000293
16.873430 0.001515
16.878431 0.002146
16.883432 0.003289
16.888433 0.004589
16.893434 0.004865
16.898435 0.004471
16.903436 0.004037
16.908437 0.004313
16.913438 0.002540
16.918439 0.000135
16.923440 -0.001678
16.928441 -0.005186
16.933442 -0.008221
16.938443 -0.012044
16.943444 -0.016814
16.948446 -0.019730
16.953447 -0.022292
16.958448 -0.024184
16.963449 -0.024500
16.968450 -0.023396
16.973451 -0.021228
16.978452 -0.018351
16.983453 -0.014685
16.988454 -0.010980
16.993455 -0.007354
16.998456 -0.003925
17.003457 -0.000259
17.008458 0.002933
17.013459 0.005101
17.018460 0.006993
17.023461 0.008609
17.028462 0.009043
17.033463 0.009752
17.038464 0.009989
17.043465 0.008885
17.048466 0.009082
17.053467 0.009791
17.058468 0.009003
17.063469 0.007584
17.068470 0.007111
17.073471 0.005298
17.078472 0.002302
17.083473 -0.000693
17.088474 -0.004004
17.093475 -0.006211
17.098476 -0.009404
17.103477 -0.012360
17.108478 -0.013503
17.113479 -0.013898
17.118480 -0.012991
17.123481 -0.011730
17.128482 -0.009483
17.133483 -0.007000
17.138484 -0.004280
17.143485 -0.000260
17.148486 0.004391
17.153487 0.009830
17.158488 0.015822
17.163489 0.020236
17.168490 0.022956
17.173491 0.025321
17.178492 0.024453
17.183493 0.022010
17.188494 0.018265
17.193495 0.013654
17.198496 0.011722
17.203497 0.009515
17.208498 0.008372
17.213499 0.007938
17.218500 0.007110
17.223501 0.006007
17.228502 0.003484
17.233503 0.001237
17.238504 -0.002428
17.243505 -0.007040
17.248507 -0.012203
17.253508 -0.017327
17.258509 -0.020323
17.263510 -0.022097
17.268511 -0.023752
17.273512 -0.024146
17.278513 -0.021781
17.283514 -0.019062
17.288515 -0.015278
17.293516 -0.010390
17.298517 -0.005621
17.303518 -0.001167
17.308519 0.001750
17.313520 0.004351
17.318521 0.005652
17.323522 0.005652
17.328523 0.004745
17.333524 0.004036
17.338525 0.004666
17.343526 0.005454
17.348527 0.006873
17.353528 0.008411
17.358529 0.010263
17.363530 0.011524
17.368531 0.011918
17.373532 0.011682
17.378533 0.011327
17.383534 0.011918
17.388535 0.011761
17.393536 0.012037
17.398537 0.012864
17.403538 0.014283
17.408539 0.016530
17.413540 0.018895
17.418541 0.021654
17.423542 0.024886
17.428543 0.028039
17.433544 0.029970
17.438545 0.030877
17.443546 0.030877
17.448547 0.030325
17.453548 0.028670
17.458549 0.026778
17.463550 0.025792
17.468551 0.023033
17.473552 0.018895
17.478553 0.014204
17.483554 0.008725
17.488555 0.002971
17.493556 -0.003927
17.498557 -0.010391
17.503558 -0.015476
17.508559 -0.020521
17.513560 -0.025172
17.518561 -0.028759
17.523562 -0.031242
17.528563 -0.033686
17.533564 -0.035578
17.538565 -0.036760
17.543566 -0.036327
17.548568 -0.035184
17.553569 -0.034435
17.558570 -0.031912
17.563571 -0.029271
17.568572 -0.025803
17.573573 -0.021113
17.578574 -0.016816
17.583575 -0.011613
17.588576 -0.007041
17.593577 -0.003139
17.598578 0.001118
17.603579 0.004468
17.608580 0.007266
17.613581 0.009986
17.618582 0.011484
17.623583 0.012745
17.628584 0.014085
17.633585 0.013967
17.638586 0.013849
17.643587 0.014322
17.648588 0.013100
17.653589 0.010971
17.658590 0.008882
17.663591 0.005571
17.668592 0.002970
17.673593 0.000368
17.678594 -0.004007
17.683595 -0.008185
17.688596 -0.012481
17.693597 -0.016501
17.698598 -0.018906
17.703599 -0.020285
17.708600 -0.020995
17.713601 -0.020207
17.718602 -0.018393
17.723603 -0.016620
17.728604 -0.014846
17.733605 -0.014058
17.738606 -0.013900
17.743607 -0.014610
17.748608 -0.015792
17.753609 -0.015516
17.758610 -0.014964
17.763611 -0.013861
17.768612 -0.011023
17.773613 -0.007752
17.778614 -0.004007
17.783615 0.000723
17.788616 0.004901
17.793617 0.009236
17.798618 0.013533
17.803619 0.016647
17.808620 0.020430
17.813621 0.024411
17.818622 0.027840
17.823623 0.030836
17.828624 0.033713
17.833625 0.036039
17.838626 0.037773
17.843627 0.038128
17.848629 0.036709
17.853630 0.035250
17.858631 0.033358
17.863632 0.032610
17.868633 0.032255
17.873634 0.029811
17.878635 0.028156
17.883636 0.025830
17.888637 0.022440
17.893638 0.019957
17.898639 0.017395
17.903640 0.014281
17.908641 0.010537
17.913642 0.007226
17.918643 0.002654
17.923644 -0.001958
17.928645 -0.006806
17.933646 -0.013349
17.938647 -0.017606
17.943648 -0.022139
17.948649 -0.026317
17.953650 -0.028682
17.958651 -0.031323
17.963652 -0.032978
17.968653 -0.035067
17.973654 -0.037629
17.978655 -0.039797
17.983656 -0.041689
17.988657 -0.043857
17.993658 -0.046616
17.998659 -0.047720
18.003660 -0.048587
18.008661 -0.048981
18.013662 -0.047956
18.018663 -0.046459
18.023664 -0.042517
18.028665 -0.037787
18.033666 -0.031796
18.038667 -0.023952
18.043668 -0.016345
18.048669 -0.007989
18.053670 -0.000264
18.058671 0.007146
18.063672 0.013965
18.068673 0.018774
18.073674 0.021966
18.078675 0.024055
18.083676 0.025908
18.088677 0.026184
18.093678 0.026342
18.098679 0.027130
18.103680 0.027248
18.108681 0.026814
18.113682 0.026460
18.118683 0.025632
18.123684 0.024607
18.128685 0.023937
18.133686 0.021611
18.138687 0.019365
18.143688 0.016763
18.148690 0.013098
18.153691 0.010496
18.158692 0.007382
18.163693 0.003953
18.168694 0.001470
18.173695 0.000406
18.178696 -0.000698
18.183697 -0.002117
18.188698 -0.002590
18.193699 -0.003260
18.198700 -0.003812
18.203701 -0.003142
18.208702 -0.001565
18.213703 -0.001368
18.218704 -0.001605
18.223705 -0.001132
18.228706 -0.001171
18.233707 -0.001683
18.238708 -0.002787
18.243709 -0.002945
18.248710 -0.002511
18.253711 -0.003300
18.258712 -0.004088
18.263713 -0.004719
18.268714 -0.005192
18.273715 -0.005901
18.278716 -0.006177
18.283717 -0.005034
18.288718 -0.003930
18.293719 -0.002236
18.298720 0.000445
18.303721 0.004426
18.308722 0.008761
18.313723 0.012821
18.318724 0.016960
18.323725 0.020428
18.328726 0.022990
18.333727 0.023818
18.338728 0.024370
18.343729 0.024843
18.348730 0.023463
18.353731 0.021808
18.358732 0.020822
18.363733 0.018891
18.368734 0.017630
18.373735 0.017669
18.378736 0.016762
18.383737 0.015698
18.388738 0.014516
18.393739 0.013175
18.398740 0.011875
18.403741 0.009904
18.408742 0.008130
18.413743 0.005962
18.418744 0.003755
18.423745 0.001430
18.428746 -0.001842
18.433747 -0.003379
18.438748 -0.005744
18.443749 -0.009370
18.448751 -0.011814
18.453752 -0.014258
18.458753 -0.015598
18.463754 -0.017096
18.468755 -0.017490
18.473756 -0.017293
18.478757 -0.017017
18.483758 -0.014849
18.488759 -0.013312
18.493760 -0.011026
18.498761 -0.008385
18.503762 -0.005823
18.508763 -0.003498
18.513764 -0.001842
18.518765 0.000286
18.523766 0.000838
18.528767 0.001547
18.533768 0.002375
18.538769 0.001981
18.543770 0.001350
18.548771 -0.000502
18.553772 -0.002276
18.558773 -0.005548
18.563774 -0.010238
18.568775 -0.014258
18.573776 -0.017569
18.578777 -0.020328
18.583778 -0.023521
18.588779 -0.024940
18.593780 -0.025728
18.598781 -0.026911
18.603782 -0.027581
18.608783 -0.028803
18.613784 -0.029670
18.618785 -0.031010
18.623786 -0.032469
18.628787 -0.033651
18.633788 -0.035267
18.638789 -0.035425
18.643790 -0.035622
18.648791 -0.035977
18.653792 -0.035110
18.658793 -0.033099
18.663794 -0.029946
18.668795 -0.026556
18.673796 -0.023088
18.678797 -0.018989
18.683798 -0.014141
18.688799 -0.010712
18.693800 -0.006809
18.698801 -0.000897
18.703802 0.003872
18.708803 0.008405
18.713804 0.013962
18.718805 0.020466
18.723806 0.025945
18.728807 0.030517
18.733808 0.035680
18.738809 0.040055
18.743810 0.044194
18.748812 0.048135
18.753813 0.051131
18.758814 0.054166
18.763815 0.055703
18.768816 0.055861
18.773817 0.055309
18.778818 0.054718
18.783819 0.053851
18.788820 0.051052
18.793821 0.048569
18.798822 0.045573
18.803823 0.043011
18.808824 0.040607
18.813825 0.036429
18.818826 0.033118
18.823827 0.028073
18.828828 0.023816
18.833829 0.019165
18.838830 0.012701
18.843831 0.008050
18.848832 0.002847
18.853833 -0.001450
18.858834 -0.006140
18.863835 -0.010082
18.868836 -0.013353
18.873837 -0.018004
18.878838 -0.022498
18.883839 -0.027779
18.888840 -0.032154
18.893841 -0.036766
18.898842 -0.041220
18.903843 -0.044137
18.908844 -0.045713
18.913845 -0.046147
18.918846 -0.046462
18.923847 -0.045438
18.928848 -0.043427
18.933849 -0.040156
18.938850 -0.036845
18.943851 -0.031760
18.948852 -0.024272
18.953853 -0.017571
18.958854 -0.010319
18.963855 -0.002869
18.968856 0.003635
18.973857 0.009468
18.978858 0.014316
18.983859 0.018100
18.988860 0.021411
18.993861 0.023539
18.998862 0.024367
19.003863 0.025313
19.008864 0.025983
19.013865 0.024958
19.018866 0.022160
19.023867 0.020346
19.028868 0.017548
19.033869 0.012582
19.038870 0.009389
19.043871 0.006393
19.048873 0.003595
19.053874 0.001190
19.058875 -0.001687
19.063876 -0.003579
19.068877 -0.006062
19.073878 -0.008782
19.078879 -0.011659
19.083880 -0.014970
19.088881 -0.017099
19.093882 -0.018044
19.098883 -0.017926
19.103884 -0.017887
19.108885 -0.017099
19.113886 -0.015010
19.118887 -0.012842
19.123888 -0.011108
19.128889 -0.010004
19.133890 -0.009531
19.138891 -0.009216
19.143892 -0.009097
19.148893 -0.009452
19.153894 -0.008230
19.158895 -0.006930
19.163896 -0.006535
19.168897 -0.006141
19.173898 -0.006181
19.178899 -0.006181
19.183900 -0.007166
19.188901 -0.008191
19.193902 -0.008822
19.198903 -0.010280
19.203904 -0.012251
19.208905 -0.012606
19.213906 -0.013473
19.218907 -0.014971
19.223908 -0.014064
19.228909 -0.013197
19.233910 -0.011029
19.238911 -0.007245
19.243912 -0.003816
19.248913 -0.000269
19.253914 0.003003
19.258915 0.006235
19.263916 0.008876
19.268917 0.011083
19.273918 0.013487
19.278919 0.015616
19.283920 0.017113
19.288921 0.018769
19.293922 0.019991
19.298923 0.020345
19.303924 0.021843
19.308925 0.023617
19.313926 0.025154
19.318927 0.027479
19.323928 0.029647
19.328929 0.030554
19.333930 0.030396
19.338931 0.029923
19.343932 0.026770
19.348934 0.020503
19.353935 0.014472
19.358936 0.007890
19.363937 0.001741
19.368938 -0.003580
19.373939 -0.009138
19.378940 -0.012567
19.383941 -0.014971
19.388942 -0.017100
19.393943 -0.018440
19.398944 -0.019938
19.403945 -0.021120
19.408946 -0.022539
19.413947 -0.023879
19.418948 -0.023801
19.423949 -0.023603
19.428950 -0.024274
19.433951 -0.023682
19.438952 -0.021002
19.443953 -0.018322
19.448954 -0.015405
19.453955 -0.011424
19.458956 -0.007207
19.463957 -0.002792
19.468958 0.000992
19.473959 0.003475
19.478960 0.005879
19.483961 0.007653
19.488962 0.008599
19.493963 0.010057
19.498964 0.011200
19.503965 0.012974
19.508966 0.015693
19.513967 0.018413
19.518968 0.021212
19.523969 0.023103
19.528970 0.024049
19.533971 0.023892
19.538972 0.023300
19.543973 0.021881
19.548974 0.019477
19.553975 0.016954
19.558976 0.013683
19.563977 0.011357
19.568978 0.009347
19.573979 0.006667
19.578980 0.004617
19.583981 0.003001
19.588982 0.001779
19.593983 0.000163
19.598984 -0.001571
19.603985 -0.002399
19.608986 -0.002990
19.613987 -0.004370
19.618988 -0.005552
19.623989 -0.005710
19.628990 -0.006143
19.633991 -0.006774
19.638992 -0.006813
19.643993 -0.007799
19.648995 -0.009218
19.653996 -0.010361
19.658997 -0.011662
19.663998 -0.012647
19.668999 -0.013908
19.674000 -0.014618
19.679001 -0.014421
19.684002 -0.013790
19.689003 -0.012450
19.694004 -0.010795
19.699005 -0.008075
19.704006 -0.005079
19.709007 -0.001611
19.714008 0.002607
19.719009 0.005996
19.724010 0.008243
19.729011 0.008637
19.734012 0.008125
19.739013 0.006863
19.744014 0.004301
19.749015 0.001187
19.754016 -0.002202
19.759017 -0.004410
19.764018 -0.005829
19.769019 -0.006144
19.774020 -0.005671
19.779021 -0.005277
19.784022 -0.005198
19.789023 -0.006459
19.794024 -0.006814
19.799025 -0.007721
19.804026 -0.009297
19.809027 -0.010283
19.814028 -0.010795
19.819029 -0.009810
19.824030 -0.009179
19.829031 -0.007484
19.834032 -0.005001
19.839033 -0.002794
19.844034 0.000162
19.849035 0.002803
19.854036 0.005838
19.859037 0.008518
19.864038 0.009819
19.869039 0.009661
19.874040 0.007809
19.879041 0.005562
19.884042 0.002291
19.889043 -0.001572
19.894044 -0.004252
19.899045 -0.006184
19.904046 -0.008233
19.909047 -0.008943
19.914048 -0.007839
19.919049 -0.006302
19.924050 -0.005199
19.929051 -0.002794
19.934052 0.000044
19.939053 0.002014
19.944054 0.004695
19.949056 0.006429
19.954057 0.008084
19.959058 0.009070
19.964059 0.009227
19.969060 0.009700
19.974061 0.009385
19.979062 0.009700
19.984063 0.008360
19.989064 0.006744
19.994065 0.006941
19.999066 0.006626
20.004067 0.006074
20.009068 0.004891
20.014069 0.004182
20.019070 0.002369
20.024071 0.000162
20.029072 -0.000942
20.034073 -0.002795
20.039074 -0.003938
20.044075 -0.004568
20.049076 -0.004332
20.054077 -0.004017
20.059078 -0.003583
20.064079 -0.001652
20.069080 -0.000390
20.074081 -0.000666
20.079082 -0.001534
20.084083 -0.002598
20.089084 -0.004253
20.094085 -0.006579
20.099086 -0.008865
20.104087 -0.010166
20.109088 -0.010954
20.114089 -0.011466
20.119090 -0.010442
20.124091 -0.008865
20.129092 -0.007485
20.134093 -0.006855
20.139094 -0.005475
20.144095 -0.003110
20.149096 -0.002440
20.154097 -0.001731
20.159098 0.000161
20.164099 0.001383
20.169100 0.002526
20.174101 0.003511
20.179102 0.004457
20.184103 0.005837
20.189104 0.006310
20.194105 0.007768
20.199106 0.009345
20.204107 0.010448
20.209108 0.011867
20.214109 0.011473
20.219110 0.012182
20.224111 0.012261
20.229112 0.010921
20.234113 0.011906
20.239114 0.012813
20.244115 0.013995
20.249117 0.014705
20.254118 0.014863
20.259119 0.015217
20.264120 0.014114
20.269121 0.013325
20.274122 0.011315
20.279123 0.008595
20.284124 0.005915
20.289125 0.002762
20.294126 0.001737
20.299127 0.000239
20.304128 -0.000628
20.309129 0.000160
20.314130 0.000200
20.319131 0.000988
20.324132 0.001697
20.329133 0.002052
20.334134 0.002131
20.339135 0.000594
20.344136 -0.000155
20.349137 -0.000668
20.354138 -0.002284
20.359139 -0.003427
20.364140 -0.004254
20.369141 -0.004452
20.374142 -0.005122
20.379143 -0.005595
20.384144 -0.004727
20.389145 -0.004294
20.394146 -0.004806
20.399147 -0.005476
20.404148 -0.005871
20.409149 -0.005831
20.414150 -0.005674
20.419151 -0.005713
20.424152 -0.004373
20.429153 -0.003624
20.434154 -0.003506
20.439155 -0.002836
20.444156 -0.002205
20.449157 -0.001180
20.454158 -0.001496
20.459159 -0.001890
20.464160 -0.002284
20.469161 -0.002836
20.474162 -0.004413
20.479163 -0.006856
20.484164 -0.007369
20.489165 -0.008315
20.494166 -0.008867
20.499167 -0.008906
20.504168 -0.008670
20.509169 -0.007645
20.514170 -0.006541
20.519171 -0.004886
20.524172 -0.003624
20.529173 -0.001733
20.534174 0.000869
20.539175 0.003746
20.544176 0.006151
20.549178 0.008476
20.554179 0.010447
20.559180 0.010999
20.564181 0.011393
20.569182 0.010565
20.574183 0.010053
20.579184 0.009698
20.584185 0.008161
20.589186 0.006939
20.594187 0.005362
20.599188 0.004495
20.604189 0.003588
20.609190 0.002682
20.614191 0.003076
20.619192 0.002839
20.624193 0.002603
20.629194 0.003273
20.634195 0.003509
20.639196 0.003233
20.644197 0.002879
20.649198 0.001499
20.654199 0.000317
20.659200 0.000119
20.664201 -0.000038
20.669202 0.000632
20.674203 0.001026
20.679204 0.000789
20.684205 0.001144
20.689206 0.000711
20.694207 -0.000314
20.699208 -0.000038
20.704209 -0.000669
20.709210 -0.001812
20.714211 -0.001852
20.719212 -0.003152
20.724213 -0.003901
20.729214 -0.003980
20.734215 -0.004414
20.739216 -0.004926
20.744217 -0.004138
20.749218 -0.002364
20.754219 -0.002364
20.759220 -0.001300
20.764221 -0.000709
20.769222 -0.001576
20.774223 -0.002009
20.779224 -0.002719
20.784225 -0.002482
20.789226 -0.002601
20.794227 -0.002640
20.799228 -0.002561
20.804229 -0.002837
20.809230 -0.002995
20.814231 -0.004020
20.819232 -0.004493
20.824233 -0.004808
20.829234 -0.005636
20.834235 -0.005754
20.839236 -0.005833
20.844237 -0.005124
20.849239 -0.004414
20.854240 -0.005478
20.859241 -0.006148
20.864242 -0.006858
20.869243 -0.007331
20.874244 -0.007449
20.879245 -0.007449
20.884246 -0.006109
20.889247 -0.004611
20.894248 -0.003035
20.899249 -0.001025
20.904250 0.001104
20.909251 0.003390
20.914252 0.006110
20.919253 0.008317
20.924254 0.010169
20.929255 0.011588
20.934256 0.012258
20.939257 0.013322
20.944258 0.013677
20.949259 0.012810
20.954260 0.012061
20.959261 0.010760
20.964262 0.009617
20.969263 0.009105
20.974264 0.008829
20.979265 0.008277
20.984266 0.006188
20.989267 0.004060
20.994268 0.001537
20.999269 -0.002129
21.004270 -0.006386
21.009271 -0.011155
21.014272 -0.014466
21.019273 -0.017067
21.024274 -0.019432
21.029275 -0.019787
21.034276 -0.019984
21.039277 -0.020339
21.044278 -0.020418
21.049279 -0.019472
21.054280 -0.017777
21.059281 -0.016673
21.064282 -0.015648
21.069283 -0.014111
21.074284 -0.011589
21.079285 -0.010130
21.084286 -0.008633
21.089287 -0.006583
21.094288 -0.005440
21.099289 -0.003587
21.104290 -0.001853
21.109291 0.001142
21.114292 0.003862
21.119293 0.004926
21.124294 0.007646
21.129295 0.009538
21.134296 0.011587
21.139297 0.014228
21.144298 0.015489
21.149300 0.018091
21.154301 0.019667
21.159302 0.020062
21.164303 0.020456
21.169304 0.019864
21.174305 0.020613
21.179306 0.019825
21.184307 0.018051
21.189308 0.017421
21.194309 0.016593
21.199310 0.016632
21.204311 0.015883
21.209312 0.015450
21.214313 0.014977
21.219314 0.014070
21.224315 0.013715
21.229316 0.012533
21.234317 0.012021
21.239318 0.011311
21.244319 0.008907
21.249320 0.006187
21.254321 0.004334
21.259322 0.002521
21.264323 0.000393
21.269324 -0.001775
21.274325 -0.003549
21.279326 -0.004140
21.284327 -0.005598
21.289328 -0.006308
21.294329 -0.005362
21.299330 -0.004810
21.304331 -0.004574
21.309332 -0.004771
21.314333 -0.005165
21.319334 -0.005677
21.324335 -0.006623
21.329336 -0.007175
21.334337 -0.006899
21.339338 -0.007096
21.344339 -0.007845
21.349340 -0.007767
21.354341 -0.007964
21.359342 -0.008555
21.364343 -0.008752
21.369344 -0.010092
21.374345 -0.010999
21.379346 -0.011275
21.384347 -0.012457
21.389348 -0.013443
21.394349 -0.013679
21.399350 -0.013009
21.404351 -0.012260
21.409352 -0.011432
21.414353 -0.010999
21.419354 -0.010959
21.424355 -0.010605
21.429356 -0.009935
21.434357 -0.008516
21.439358 -0.008122
21.444359 -0.007846
21.449361 -0.005993
21.454362 -0.004298
21.459363 -0.001776
21.464364 0.000589
21.469365 0.002481
21.474366 0.004885
21.479367 0.006501
21.484368 0.007684
21.489369 0.008551
21.494370 0.009970
21.499371 0.011113
21.504372 0.011270
21.509373 0.010719
21.514374 0.009339
21.519375 0.008866
21.524376 0.007762
21.529377 0.006186
21.534378 0.005673
21.539379 0.004727
21.544380 0.003663
21.549381 0.002954
21.554382 0.001692
21.559383 0.000234
21.564384 -0.001540
21.569385 -0.003747
21.574386 -0.005639
21.579387 -0.007570
21.584388 -0.009147
21.589389 -0.009975
21.594390 -0.011709
21.599391 -0.011906
21.604392 -0.010211
21.609393 -0.009187
21.614394 -0.007492
21.619395 -0.005087
21.624396 -0.002998
21.629397 -0.001343
21.634398 0.001258
21.639399 0.003623
21.644400 0.004530
21.649401 0.005436
21.654402 0.005358
21.659403 0.004806
21.664404 0.004490
21.669405 0.003860
21.674406 0.002717
21.679407 0.000549
21.684408 -0.000437
21.689409 -0.001028
21.694410 -0.002210
21.699411 -0.002486
21.704412 -0.002723
21.709413 -0.002565
21.714414 -0.002920
21.719415 -0.003472
21.724416 -0.002959
21.729417 -0.003511
21.734418 -0.003275
21.739419 -0.002999
21.744420 -0.003551
21.749422 -0.002487
21.754423 -0.002014
21.759424 -0.002053
21.764425 -0.001974
21.769426 -0.002250
21.774427 -0.002487
21.779428 -0.003117
21.784429 -0.002171
21.789430 -0.001817
21.794431 -0.002408
21.799432 -0.001974
21.804433 -0.001817
21.809434 -0.000595
21.814435 0.000193
21.819436 0.000469
21.824437 0.001179
21.829438 0.001021
21.834439 0.001809
21.839440 0.002401
21.844441 0.002243
21.849442 0.002992
21.854443 0.002479
21.859444 0.002716
21.864445 0.003819
21.869446 0.004844
21.874447 0.006894
21.879448 0.007485
21.884449 0.008234
21.889450 0.008076
21.894451 0.007248
21.899452 0.006854
21.904453 0.005790
21.909454 0.005751
21.914455 0.005356
21.919456 0.005987
21.924457 0.005514
21.929458 0.004529
21.934459 0.004844
21.939460 0.004410
21.944461 0.004607
21.949462 0.004450
21.954463 0.004213
21.959464 0.003543
21.964465 0.002834
21.969466 0.002637
21.974467 0.002045
21.979468 0.002597
21.984469 0.003740
21.989470 0.005159
21.994471 0.006341
21.999472 0.007958
22.004473 0.010047
22.009474 0.010835
22.014475 0.010914
22.019476 0.010204
22.024477 0.008982
22.029478 0.007484
22.034479 0.005671
22.039480 0.003898
22.044481 0.002281
22.049483 0.000468
22.054484 -0.000990
22.059485 -0.002330
22.064486 -0.003907
22.069487 -0.005523
22.074488 -0.006981
22.079489 -0.007888
22.084490 -0.009386
22.089491 -0.010647
22.094492 -0.011514
22.099493 -0.012184
22.104494 -0.012815
22.109495 -0.013209
22.114496 -0.012618
22.119497 -0.012973
22.124498 -0.013406
22.129499 -0.013209
22.134500 -0.012854
22.139501 -0.012224
22.144502 -0.012184
22.149503 -0.011633
22.154504 -0.011160
22.159505 -0.010963
22.164506 -0.009583
22.169507 -0.008282
22.174508 -0.008440
22.179509 -0.008401
22.184510 -0.007415
22.189511 -0.007336
22.194512 -0.007928
22.199513 -0.008992
22.204514 -0.010411
22.209515 -0.011633
22.214516 -0.013091
22.219517 -0.013525
22.224518 -0.013407
22.229519 -0.013210
22.234520 -0.012027
22.239521 -0.011199
22.244522 -0.009229
22.249523 -0.006194
22.254524 -0.004341
22.259525 -0.003395
22.264526 -0.002016
22.269527 -0.000597
22.274528 -0.000479
22.279529 -0.000360
22.284530 -0.000479
22.289531 -0.000282
22.294532 0.000467
22.299533 0.001650
22.304534 0.003699
22.309535 0.006498
22.314536 0.009099
22.319537 0.011622
22.324538 0.014184
22.329539 0.015366
22.334540 0.016746
22.339541 0.016194
22.344542 0.014617
22.349544 0.014144
22.354545 0.013317
22.359546 0.012568
22.364547 0.011346
22.369548 0.011425
22.374549 0.011385
22.379550 0.010400
22.384551 0.010321
22.389552 0.010242
22.394553 0.009611
22.399554 0.008586
22.404555 0.007089
22.409556 0.005354
22.414557 0.003068
22.419558 -0.000124
22.424559 -0.003002
22.429560 -0.005682
22.434561 -0.007456
22.439562 -0.008835
22.444563 -0.010727
22.449564 -0.010767
22.454565 -0.009308
22.459566 -0.008126
22.464567 -0.006707
22.469568 -0.004539
22.474569 -0.003199
22.479570 -0.002766
22.484571 -0.002135
22.489572 -0.002529
22.494573 -0.002726
22.499574 -0.002214
22.504575 -0.001662
22.509576 0.000309
22.514577 0.003777
22.519578 0.006891
22.524579 0.010596
22.529580 0.015247
22.534581 0.018124
22.539582 0.019898
22.544583 0.021002
22.549584 0.020765
22.554585 0.018321
22.559586 0.015602
22.564587 0.014065
22.569588 0.012173
22.574589 0.010281
22.579590 0.008113
22.584591 0.006773
22.589592 0.005669
22.594593 0.004565
22.599594 0.004762
22.604595 0.004999
22.609596 0.004723
22.614597 0.004920
22.619598 0.005196
22.624599 0.003895
22.629600 0.003107
22.634601 0.002358
22.639602 0.000899
22.644603 -0.000165
22.649605 -0.002096
22.654606 -0.003279
22.659607 -0.003200
22.664608 -0.003988
22.669609 -0.005171
22.674610 -0.005052
22.679611 -0.006393
22.684612 -0.007417
22.689613 -0.007812
22.694614 -0.008718
22.699615 -0.008009
22.704616 -0.008679
22.709617 -0.009309
22.714618 -0.009034
22.719619 -0.009112
22.724620 -0.009231
22.729621 -0.010374
22.734622 -0.010768
22.739623 -0.011004
22.744624 -0.012384
22.749625 -0.013015
22.754626 -0.013133
22.759627 -0.013330
22.764628 -0.013172
22.769629 -0.013172
22.774630 -0.013133
22.779631 -0.012345
22.784632 -0.011911
22.789633 -0.011438
22.794634 -0.010374
22.799635 -0.009625
22.804636 -0.008561
22.809637 -0.007733
22.814638 -0.006866
22.819639 -0.005565
22.824640 -0.005368
22.829641 -0.004895
22.834642 -0.004028
22.839643 -0.003595
22.844644 -0.002649
22.849645 -0.001703
22.854646 -0.000875
22.859647 0.000701
22.864648 0.002633
22.869649 0.004209
22.874650 0.005392
22.879651 0.006101
22.884652 0.007560
22.889653 0.008624
22.894654 0.007993
22.899655 0.007835
22.904656 0.007678
22.909657 0.006653
22.914658 0.005628
22.919659 0.004406
22.924660 0.003500
22.929661 0.002790
22.934662 0.001805
22.939663 0.001726
22.944664 0.000938
22.949666 0.000228
22.954667 -0.000166
22.959668 -0.001506
22.964669 -0.001743
22.969670 -0.003280
22.974671 -0.004581
22.979672 -0.004975
22.984673 -0.005527
22.989674 -0.004857
22.994675 -0.006315
22.999676 -0.006315
23.004677 -0.004620
23.009678 -0.003635
23.014679 -0.002137
23.019680 -0.001546
23.024681 -0.000363
23.029682 0.000385
23.034683 0.001253
23.039684 0.002711
23.044685 0.003578
23.049686 0.004958
23.054687 0.006061
23.059688 0.007362
23.064689 0.008268
23.069690 0.009096
23.074691 0.010476
23.079692 0.011185
23.084693 0.011737
23.089694 0.012722
23.094695 0.013116
23.099696 0.012801
23.104697 0.013116
23.109698 0.012683
23.114699 0.012367
23.119700 0.012525
23.124701 0.010909
23.129702 0.010318
23.134703 0.010042
23.139704 0.008702
23.144705 0.007440
23.149706 0.006100
23.154707 0.005745
23.159708 0.004445
23.164709 0.002513
23.169710 0.001213
23.174711 0.000464
23.179712 0.000306
23.184713 -0.000128
23.189714 0.000464
23.194715 0.000424
23.199716 0.000306
23.204717 0.000700
23.209718 -0.000285
23.214719 -0.000246
23.219720 -0.001507
23.224721 -0.004030
23.229722 -0.004661
23.234723 -0.005370
23.239724 -0.006001
23.244725 -0.006158
23.249727 -0.005331
23.254728 -0.005252
23.259729 -0.005488
23.264730 -0.005173
23.269731 -0.005528
23.274732 -0.004543
23.279733 -0.004543
23.284734 -0.004503
23.289735 -0.004188
23.294736 -0.004779
23.299737 -0.004582
23.304738 -0.005567
23.309739 -0.005883
23.314740 -0.005883
23.319741 -0.006119
23.324742 -0.005883
23.329743 -0.006356
23.334744 -0.006474
23.339745 -0.006514
23.344746 -0.006159
23.349747 -0.006435
23.354748 -0.007578
23.359749 -0.007972
23.364750 -0.007775
23.369751 -0.007933
23.374752 -0.007341
23.379753 -0.005647
23.384754 -0.004346
23.389755 -0.003321
23.394756 -0.002178
23.399757 -0.000917
23.404758 0.000344
23.409759 0.001212
23.414760 0.002433
23.419761 0.003458
23.424762 0.003025
23.429763 0.003103
23.434764 0.003103
23.439765 0.003340
23.444766 0.004207
23.449767 0.004049
23.454768 0.004365
23.459769 0.004719
23.464770 0.004207
23.469771 0.003576
23.474772 0.003103
23.479773 0.002709
23.484774 0.001921
23.489775 0.001093
23.494776 0.000975
23.499777 0.000581
23.504778 0.000659
23.509779 0.001132
23.514780 0.001053
23.519781 0.001014
23.524782 0.000502
23.529783 0.000659
23.534784 0.000896
23.539785 0.000344
23.544786 0.000226
23.549788 0.000423
23.554789 0.000383
23.559790 0.000186
23.564791 0.000659
23.569792 0.001802
23.574793 0.002709
23.579794 0.002551
23.584795 0.002748
23.589796 0.003852
23.594797 0.003773
23.599798 0.002906
23.604799 0.002511
23.609800 0.001329
23.614801 -0.000287
23.619802 -0.001312
23.624803 -0.003086
23.629804 -0.004583
23.634805 -0.005648
23.639806 -0.006357
23.644807 -0.006042
23.649808 -0.006278
23.654809 -0.006397
23.659810 -0.006476
23.664811 -0.005766
23.669812 -0.005057
23.674813 -0.005175
23.679814 -0.004781
23.684815 -0.004190
23.689816 -0.003401
23.694817 -0.003717
23.699818 -0.003598
23.704819 -0.002534
23.709820 -0.002613
23.714821 -0.002850
23.719822 -0.002889
23.724823 -0.002652
23.729824 -0.002771
23.734825 -0.001904
23.739826 -0.000288
23.744827 -0.000485
23.749828 -0.000091
23.754829 0.001250
23.759830 0.002235
23.764831 0.003693
23.769832 0.004560
23.774833 0.005822
23.779834 0.006807
23.784835 0.007004
23.789836 0.007556
23.794837 0.007911
23.799838 0.007989
23.804839 0.007122
23.809840 0.006570
23.814841 0.006255
23.819842 0.005624
23.824843 0.005112
23.829844 0.004600
23.834845 0.005151
23.839846 0.004363
23.844847 0.003417
23.849849 0.004008
23.854850 0.003180
23.859851 0.002313
23.864852 0.001170
23.869853 0.000185
23.874854 -0.000406
23.879855 -0.001550
23.884856 -0.001471
23.889857 -0.001747
23.894858 -0.001077
23.899859 -0.000919
23.904860 -0.001628
23.909861 -0.000761
23.914862 -0.000722
23.919863 -0.000525
23.924864 -0.000052
23.929865 0.000145
23.934866 0.000460
23.939867 0.000855
23.944868 0.001288
23.949869 0.001603
23.954870 0.001525
23.959871 0.001761
23.964872 0.002076
23.969873 0.001840
23.974874 0.002668
23.979875 0.002668
23.984876 0.002116
23.989877 0.002392
23.994878 0.001446
23.999879 0.000697
24.004880 0.000697
24.009881 0.000618
24.014882 0.001445
24.019883 0.002273
24.024884 0.003298
24.029885 0.005072
24.034886 0.005505
24.039887 0.005545
24.044888 0.005860
24.049889 0.005347
24.054890 0.005150
24.059891 0.005426
24.064892 0.005466
24.069893 0.004756
24.074894 0.003928
24.079895 0.003692
24.084896 0.003179
24.089897 0.002549
24.094898 0.001603
24.099899 0.001248
24.104900 0.000775
24.109901 -0.000565
24.114902 -0.001156
24.119903 -0.001708
24.124904 -0.001629
24.129905 -0.002851
24.134906 -0.005177
24.139907 -0.005965
24.144908 -0.006911
24.149910 -0.007660
24.154911 -0.008133
24.159912 -0.008685
24.164913 -0.008724
24.169914 -0.008448
24.174915 -0.008646
24.179916 -0.008724
24.184917 -0.008843
24.189918 -0.009079
24.194919 -0.008685
24.199920 -0.008764
24.204921 -0.007897
24.209922 -0.006990
24.214923 -0.006911
24.219924 -0.006517
24.224925 -0.006163
24.229926 -0.005808
24.234927 -0.006320
24.239928 -0.005729
24.244929 -0.005611
24.249930 -0.006399
24.254931 -0.005887
24.259932 -0.005650
24.264933 -0.003837
24.269934 -0.002458
24.274935 -0.001591
24.279936 0.000617
24.284937 0.001681
24.289938 0.003021
24.294939 0.004282
24.299940 0.004558
24.304941 0.004479
24.309942 0.004519
24.314943 0.004637
24.319944 0.004164
24.324945 0.004203
24.329946 0.004085
24.334947 0.003533
24.339948 0.002824
24.344949 0.002351
24.349950 0.002429
24.354951 0.001286
24.359952 -0.000448
24.364953 -0.001552
24.369954 -0.002892
24.374955 -0.004981
24.379956 -0.006163
24.384957 -0.006833
24.389958 -0.007385
24.394959 -0.007346
24.399960 -0.007661
24.404961 -0.006676
24.409962 -0.004784
24.414963 -0.004074
24.419964 -0.002340
24.424965 -0.000448
24.429966 0.000340
24.434967 0.001798
24.439968 0.002823
24.444969 0.002587
24.449971 0.002823
24.454972 0.002705
24.459973 0.002271
24.464974 0.002547
24.469975 0.002626
24.474976 0.002863
24.479977 0.003572
24.484978 0.005227
24.489979 0.006843
24.494980 0.007908
24.499981 0.008932
24.504982 0.010154
24.509983 0.011021
24.514984 0.011337
24.519985 0.012204
24.524986 0.012046
24.529987 0.011494
24.534988 0.010864
24.539989 0.009996
24.544990 0.009129
24.549991 0.007395
24.554992 0.006804
24.559993 0.006134
24.564994 0.004596
24.569995 0.003177
24.574996 0.001680
24.579997 -0.000409
24.584998 -0.001828
24.589999 -0.002814
24.595000 -0.004863
0.000000 0.000000
0.005002 0.003515
0.010003 0.002799
0.015005 0.001078
0.020006 -0.000403
0.025008 -0.000825
0.030009 -0.000415
0.035011 0.000137
0.040012 0.000501
0.045014 0.000706
0.050015 0.000749
0.055017 0.000625
0.060018 0.000531
0.065020 0.000663
0.070021 0.000937
0.075023 0.001159
0.080024 0.001278
0.085026 0.001246
0.090027 0.000936
0.095029 0.000466
0.100030 0.000278
0.105032 0.000574
0.110033 0.001008
0.115035 0.001202
0.120036 0.001207
0.125038 0.001155
0.130039 0.000882
0.135041 0.000306
0.140042 -0.000198
0.145044 -0.000205
0.150045 0.000220
0.155047 0.000740
0.160048 0.001209
0.165050 0.001603
0.170051 0.001771
0.175053 0.001567
0.180054 0.001074
0.185056 0.000451
0.190057 -0.000203
0.195059 -0.000637
0.200060 -0.000452
0.205062 0.000413
0.210063 0.001460
0.215065 0.002131
0.220066 0.002277
0.225068 0.001972
0.230069 0.001238
0.235071 0.000234
0.240072 -0.000603
0.245074 -0.000927
0.250075 -0.000798
0.255077 -0.000417
0.260078 0.000174
0.265080 0.000873
0.270081 0.001360
0.275083 0.001482
0.280084 0.001487
0.285086 0.001597
0.290087 0.001631
0.295089 0.001365
0.300090 0.000971
0.305092 0.000749
0.310093 0.000709
0.315095 0.000731
0.320096 0.000858
0.325098 0.001091
0.330099 0.001173
0.335101 0.000962
0.340102 0.000741
0.345104 0.000807
0.350105 0.001028
0.355107 0.001119
0.360108 0.001064
0.365110 0.000994
0.370112 0.000916
0.375113 0.000796
0.380115 0.000649
0.385116 0.000356
0.390118 -0.000303
0.395119 -0.001201
0.400121 -0.001774
0.405122 -0.001624
0.410124 -0.000949
0.415125 -0.000148
0.420127 0.000642
0.425128 0.001346
0.430130 0.001705
0.435131 0.001611
0.440133 0.001364
0.445134 0.001243
0.450136 0.001048
0.455137 0.000394
0.460139 -0.000754
0.465140 -0.002066
0.470142 -0.003097
0.475143 -0.003431
0.480145 -0.002888
0.485146 -0.001830
0.490148 -0.000921
0.495149 -0.000422
0.500151 -0.000043
0.505152 0.000401
0.510154 0.000655
0.515155 0.000537
0.520157 0.000342
0.525158 0.000448
0.530160 0.000911
0.535161 0.001683
0.540163 0.002742
0.545164 0.003644
0.550166 0.003362
0.555167 0.001092
0.560169 -0.002899
0.565170 -0.007497
0.570172 -0.011606
0.575173 -0.014579
0.580175 -0.016147
0.585176 -0.016284
0.590178 -0.015007
0.595179 -0.012099
0.600181 -0.007253
0.605182 -0.000653
0.610184 0.006875
0.615185 0.014485
0.620187 0.021713
0.625188 0.027986
0.630190 0.032042
0.635191 0.032176
0.640193 0.026927
0.645194 0.015615
0.650196 -0.001042
0.655197 -0.020215
0.660199 -0.037283
0.665200 -0.047673
0.670202 -0.048785
0.675203 -0.040511
0.680205 -0.024732
0.685206 -0.004874
0.690208 0.014649
0.695209 0.029591
0.700211 0.037036
0.705212 0.035925
0.710214 0.027336
0.715215 0.014604
0.720217 0.002301
0.725219 -0.006033
0.730220 -0.009576
0.735222 -0.009821
0.740223 -0.009009
0.745225 -0.009039
0.750226 -0.011070
0.755228 -0.015199
0.760229 -0.020373
0.765231 -0.024769
0.770232 -0.026190
0.775234 -0.022260
0.780235 -0.011123
0.785237 0.007182
0.790238 0.029897
0.795240 0.052259
0.800241 0.069098
0.805243 0.076225
0.810244 0.071417
0.815246 0.054873
0.820247 0.028674
0.825249 -0.004255
0.830250 -0.040019
0.835252 -0.072375
0.840253 -0.092670
0.845255 -0.093106
0.850256 -0.071592
0.855258 -0.034279
0.860259 0.006385
0.865261 0.037230
0.870262 0.050833
0.875264 0.049382
0.880265 0.043036
0.885267 0.043165
0.890268 0.054679
0.895270 0.072237
0.900271 0.082396
0.905273 0.070790
0.910274 0.031140
0.915276 -0.028965
0.920277 -0.089984
0.925279 -0.129694
0.930280 -0.134067
0.935282 -0.103258
0.940283 -0.050328
0.945285 0.005478
0.950286 0.047280
0.955288 0.066875
0.960289 0.065700
0.965291 0.050790
0.970292 0.029813
0.975294 0.008988
0.980295 -0.006309
0.985297 -0.011071
0.990298 -0.002118
0.995300 0.019124
1.000301 0.044618
1.005303 0.060967
1.010304 0.054961
1.015306 0.021080
1.020307 -0.033902
1.025309 -0.092407
1.030310 -0.132704
1.035312 -0.137469
1.040313 -0.101302
1.045315 -0.034356
1.050316 0.040722
1.055318 0.098602
1.060319 0.122977
1.065321 0.113166
1.070322 0.081916
1.075324 0.046432
1.080325 0.018608
1.085327 0.000594
1.090329 -0.012108
1.095330 -0.023677
1.100332 -0.033681
1.105333 -0.038558
1.110335 -0.036087
1.115336 -0.028144
1.120338 -0.020001
1.125339 -0.017269
1.130341 -0.022186
1.135342 -0.031093
1.140344 -0.035406
1.145345 -0.026642
1.150347 -0.002486
1.155348 0.030487
1.160350 0.059349
1.165351 0.071116
1.170353 0.059521
1.175354 0.028674
1.180356 -0.008780
1.185357 -0.038105
1.190359 -0.049394
1.195360 -0.041079
1.200362 -0.019174
1.205363 0.006320
1.210365 0.026089
1.215366 0.035208
1.220368 0.033905
1.225369 0.025346
1.230371 0.012827
1.235372 -0.001492
1.240374 -0.016460
1.245375 -0.031262
1.250377 -0.044384
1.255378 -0.052857
1.260380 -0.053295
1.265381 -0.044502
1.270383 -0.028801
1.275384 -0.010104
1.280386 0.009225
1.285387 0.029089
1.290389 0.049223
1.295390 0.066344
1.300392 0.073835
1.305393 0.064653
1.310395 0.035817
1.315396 -0.008379
1.320398 -0.056555
1.325399 -0.093671
1.330401 -0.105906
1.335402 -0.085699
1.340404 -0.036213
1.345405 0.027068
1.350407 0.080881
1.355408 0.104605
1.360410 0.090743
1.365411 0.048568
1.370413 -0.001156
1.375414 -0.036739
1.380416 -0.045528
1.385417 -0.028429
1.390419 0.002755
1.395420 0.032788
1.400422 0.050127
1.405423 0.049920
1.410425 0.033059
1.415426 0.003826
1.420428 -0.031683
1.425429 -0.065724
1.430431 -0.088560
1.435432 -0.089852
1.440434 -0.063344
1.445436 -0.012674
1.450437 0.046862
1.455439 0.093568
1.460440 0.108997
1.465442 0.086443
1.470443 0.034397
1.475445 -0.026210
1.480446 -0.070471
1.485448 -0.080812
1.490449 -0.055485
1.495451 -0.009118
1.500452 0.035064
1.505454 0.056767
1.510455 0.047718
1.515457 0.014102
1.520458 -0.028115
1.525460 -0.061397
1.530461 -0.073434
1.535463 -0.060177
1.540464 -0.026209
1.545466 0.016354
1.550467 0.051165
1.555469 0.063566
1.560470 0.046801
1.565472 0.005260
1.570473 -0.046461
1.575475 -0.087977
1.580476 -0.099995
1.585478 -0.071966
1.590479 -0.007401
1.595481 0.075930
1.600482 0.151099
1.605484 0.190585
1.610485 0.176030
1.615487 0.106271
1.620488 -0.000098
1.625490 -0.109960
1.630491 -0.187224
1.635493 -0.206198
1.640494 -0.161571
1.645496 -0.070694
1.650497 0.033520
1.655499 0.115948
1.660500 0.152206
1.665502 0.135803
1.670503 0.078304
1.675505 0.003832
1.680506 -0.060397
1.685508 -0.094520
1.690509 -0.092844
1.695511 -0.063669
1.700512 -0.023241
1.705514 0.011925
1.710515 0.030705
1.715517 0.029758
1.720518 0.013039
1.725520 -0.010517
1.730521 -0.030028
1.735523 -0.036095
1.740524 -0.024490
1.745526 0.001346
1.750527 0.031260
1.755529 0.053019
1.760530 0.057837
1.765532 0.043801
1.770533 0.016401
1.775535 -0.013418
1.780536 -0.033392
1.785538 -0.035155
1.790539 -0.018063
1.795541 0.010471
1.800542 0.038133
1.805544 0.052734
1.810546 0.047257
1.815547 0.022930
1.820549 -0.011330
1.825550 -0.043008
1.830552 -0.061283
1.835553 -0.060947
1.840555 -0.043828
1.845556 -0.017725
1.850558 0.006943
1.855559 0.021699
1.860561 0.023404
1.865562 0.014618
1.870564 0.001284
1.875565 -0.010480
1.880567 -0.016841
1.885568 -0.016890
1.890570 -0.011355
1.895571 -0.001085
1.900573 0.012567
1.905574 0.026054
1.910576 0.033768
1.915577 0.031347
1.920579 0.019348
1.925580 0.003598
1.930582 -0.008084
1.935583 -0.010043
1.940585 -0.001263
1.945586 0.014648
1.950588 0.031450
1.955589 0.042969
1.960591 0.045019
1.965592 0.036128
1.970594 0.017747
1.975595 -0.005781
1.980597 -0.028224
1.985598 -0.043595
1.990600 -0.048244
1.995601 -0.041848
2.000603 -0.027427
2.005604 -0.010491
2.010606 0.003167
2.015607 0.010376
2.020609 0.011861
2.025610 0.010590
2.030612 0.009059
2.035613 0.008257
2.040615 0.008539
2.045616 0.010430
2.050618 0.014101
2.055619 0.018245
2.060621 0.019752
2.065622 0.014957
2.070624 0.002093
2.075625 -0.016802
2.080627 -0.036281
2.085628 -0.049980
2.090630 -0.053186
2.095631 -0.044249
2.100633 -0.025255
2.105634 -0.001960
2.110636 0.018072
2.115637 0.028954
2.120639 0.029039
2.125640 0.020745
2.130642 0.008775
2.135643 -0.001374
2.140645 -0.004853
2.145646 0.000148
2.150648 0.010230
2.155649 0.017423
2.160651 0.013441
2.165653 -0.004676
2.170654 -0.031230
2.175656 -0.053591
2.180657 -0.058667
2.185659 -0.040083
2.190660 -0.001143
2.195662 0.047653
2.200663 0.093230
2.205665 0.123250
2.210666 0.128036
2.215668 0.102748
2.220669 0.049920
2.225671 -0.019394
2.230672 -0.087450
2.235674 -0.135078
2.240675 -0.149164
2.245677 -0.128743
2.250678 -0.085258
2.255680 -0.036054
2.260681 0.004354
2.265683 0.029339
2.270684 0.039636
2.275686 0.039675
2.280687 0.034100
2.285689 0.026292
2.290690 0.018853
2.295692 0.014400
2.300693 0.014860
2.305695 0.019579
2.310696 0.024663
2.315698 0.025043
2.320699 0.017706
2.325701 0.003457
2.330702 -0.013572
2.335704 -0.027733
2.340705 -0.034014
2.345707 -0.029823
2.350708 -0.015727
2.355710 0.004823
2.360711 0.026012
2.365713 0.040536
2.370714 0.041903
2.375716 0.027985
2.380717 0.003249
2.385719 -0.022602
2.390720 -0.039015
2.395722 -0.039490
2.400723 -0.024745
2.405725 -0.002709
2.410726 0.015180
2.415728 0.019857
2.420729 0.009256
2.425731 -0.010788
2.430732 -0.029104
2.435734 -0.033651
2.440735 -0.016829
2.445737 0.019874
2.450738 0.064623
2.455740 0.099155
2.460741 0.106360
2.465743 0.077858
2.470744 0.018282
2.475746 -0.055495
2.480747 -0.120192
2.485749 -0.154620
2.490750 -0.147074
2.495752 -0.098950
2.500753 -0.024243
2.505755 0.054567
2.510756 0.113658
2.515758 0.135933
2.520759 0.116518
2.525761 0.063593
2.530763 -0.004550
2.535764 -0.064708
2.540766 -0.095787
2.545767 -0.086599
2.550769 -0.041105
2.555770 0.022425
2.560772 0.078566
2.565773 0.104977
2.570775 0.091257
2.575776 0.042758
2.580778 -0.022165
2.585779 -0.079805
2.590781 -0.109868
2.595782 -0.102334
2.600784 -0.061126
2.605785 -0.003382
2.610787 0.047023
2.615788 0.070275
2.620790 0.060316
2.625791 0.027613
2.630793 -0.006627
2.635794 -0.021591
2.640796 -0.007692
2.645797 0.028503
2.650799 0.068186
2.655800 0.090787
2.660802 0.084488
2.665803 0.050880
2.670805 0.002519
2.675806 -0.043843
2.680808 -0.074421
2.685809 -0.082703
2.690811 -0.069395
2.695812 -0.039527
2.700814 -0.000073
2.705815 0.040291
2.710817 0.071061
2.715818 0.081758
2.720820 0.065722
2.725821 0.023877
2.730823 -0.033464
2.735824 -0.088251
2.740826 -0.120496
2.745827 -0.116552
2.750829 -0.075692
2.755830 -0.011243
2.760832 0.054191
2.765833 0.097153
2.770835 0.102420
2.775836 0.069417
2.780838 0.012792
2.785839 -0.043710
2.790841 -0.077387
2.795842 -0.076186
2.800844 -0.043758
2.805845 0.002355
2.810847 0.039094
2.815848 0.048937
2.820850 0.027785
2.825851 -0.014090
2.830853 -0.057443
2.835854 -0.082496
2.840856 -0.077135
2.845857 -0.042048
2.850859 0.009576
2.855860 0.057985
2.860862 0.085413
2.865863 0.083076
2.870865 0.054047
2.875866 0.011369
2.880868 -0.027837
2.885869 -0.049701
2.890871 -0.048678
2.895873 -0.028275
2.900874 0.001715
2.905876 0.029496
2.910877 0.045769
2.915879 0.047104
2.920880 0.036382
2.925882 0.019964
2.930883 0.003842
2.935885 -0.008414
2.940886 -0.015330
2.945888 -0.016206
2.950889 -0.010421
2.955891 0.001920
2.960892 0.018366
2.965894 0.033227
2.970895 0.039101
2.975897 0.030398
2.980898 0.006400
2.985900 -0.027849
2.990901 -0.062523
2.995903 -0.085488
3.000904 -0.086767
3.005906 -0.064040
3.010907 -0.025567
3.015909 0.012610
3.020910 0.034255
3.025912 0.030995
3.030913 0.006515
3.035915 -0.025262
3.040916 -0.047200
3.045918 -0.047383
3.050919 -0.024106
3.055921 0.014721
3.060922 0.056002
3.065924 0.086715
3.070925 0.098220
3.075927 0.088591
3.080928 0.062102
3.085930 0.026468
3.090931 -0.009942
3.095933 -0.039493
3.100934 -0.056100
3.105936 -0.056688
3.110937 -0.042642
3.115939 -0.019789
3.120940 0.003384
3.125942 0.018480
3.130943 0.020103
3.135945 0.007914
3.140946 -0.013403
3.145948 -0.036338
3.150949 -0.053188
3.155951 -0.057714
3.160952 -0.046207
3.165954 -0.018782
3.170955 0.019516
3.175957 0.058908
3.180958 0.086925
3.185960 0.092357
3.190961 0.070370
3.195963 0.026352
3.200964 -0.024816
3.205966 -0.064689
3.210967 -0.079088
3.215969 -0.063543
3.220970 -0.024424
3.225972 0.023909
3.230973 0.064876
3.235975 0.086287
3.240976 0.084574
3.245978 0.064451
3.250980 0.034925
3.255981 0.004683
3.260983 -0.020792
3.265984 -0.039634
3.270986 -0.052172
3.275987 -0.059311
3.280989 -0.062309
3.285990 -0.063339
3.290992 -0.064569
3.295993 -0.065315
3.300995 -0.060204
3.305996 -0.041382
3.310998 -0.004030
3.315999 0.048561
3.321001 0.103803
3.326002 0.143642
3.331004 0.151977
3.336005 0.122092
3.341007 0.060190
3.346008 -0.016486
3.351010 -0.085358
3.356011 -0.125597
3.361013 -0.124950
3.366014 -0.084609
3.371016 -0.019815
3.376017 0.045021
3.381019 0.085140
3.386020 0.084900
3.391022 0.044375
3.396023 -0.020047
3.401025 -0.082465
3.406026 -0.119002
3.411028 -0.117915
3.416029 -0.083080
3.421031 -0.030258
3.426032 0.020937
3.431034 0.055683
3.436035 0.069623
3.441037 0.068772
3.446038 0.063853
3.451040 0.063061
3.456041 0.067866
3.461043 0.073423
3.466044 0.072086
3.471046 0.057759
3.476047 0.029060
3.481049 -0.010039
3.486050 -0.051815
3.491052 -0.087026
3.496053 -0.107044
3.501055 -0.106469
3.506056 -0.085794
3.511058 -0.051968
3.516059 -0.015747
3.521061 0.012501
3.526062 0.026217
3.531064 0.024589
3.536065 0.012994
3.541067 0.001101
3.546068 -0.001735
3.551070 0.008367
3.556071 0.027485
3.561073 0.045954
3.566074 0.053609
3.571076 0.045288
3.576077 0.023527
3.581079 -0.003229
3.586080 -0.025533
3.591082 -0.037400
3.596083 -0.037751
3.601085 -0.029239
3.606086 -0.016247
3.611088 -0.003027
3.616090 0.007567
3.621091 0.014233
3.626093 0.016494
3.631094 0.014460
3.636096 0.009559
3.641097 0.004773
3.646099 0.003179
3.651100 0.005857
3.656102 0.011102
3.661103 0.015369
3.666105 0.015152
3.671106 0.009029
3.676108 -0.001015
3.681109 -0.010258
3.686111 -0.013941
3.691112 -0.010029
3.696114 -0.000008
3.701115 0.012199
3.706117 0.021961
3.711118 0.025524
3.716120 0.020941
3.721121 0.007974
3.726123 -0.012426
3.731124 -0.037679
3.736126 -0.062445
3.741127 -0.079089
3.746129 -0.080988
3.751130 -0.066528
3.756132 -0.040478
3.761133 -0.011652
3.766135 0.011636
3.771136 0.025709
3.776138 0.032742
3.781139 0.037972
3.786141 0.044872
3.791142 0.052283
3.796144 0.055642
3.801145 0.050577
3.806147 0.035707
3.811148 0.013293
3.816150 -0.011754
3.821151 -0.033729
3.826153 -0.048034
3.831154 -0.052147
3.836156 -0.045526
3.841157 -0.029365
3.846159 -0.006603
3.851160 0.018649
3.856162 0.042445
3.861163 0.061668
3.866165 0.073170
3.871166 0.073080
3.876168 0.058279
3.881169 0.029368
3.886171 -0.007541
3.891172 -0.042009
3.896174 -0.063290
3.901175 -0.065601
3.906177 -0.051705
3.911178 -0.031783
3.916180 -0.017426
3.921181 -0.014618
3.926183 -0.020412
3.931184 -0.025150
3.936186 -0.018732
3.941187 0.002459
3.946189 0.031941
3.951190 0.055733
3.956192 0.060320
3.961193 0.041072
3.966195 0.005697
3.971197 -0.029236
3.976198 -0.046711
3.981200 -0.038294
3.986201 -0.008914
3.991203 0.025689
3.996204 0.047485
4.001206 0.045290
4.006207 0.019445
4.011209 -0.019238
4.016210 -0.054556
4.021212 -0.071675
4.026213 -0.063147
4.031215 -0.031652
4.036216 0.011632
4.041218 0.051710
4.046219 0.075235
4.051221 0.075059
4.056222 0.052578
4.061224 0.016758
4.066225 -0.019712
4.071227 -0.045108
4.076228 -0.052405
4.081230 -0.041608
4.086231 -0.020072
4.091233 0.000369
4.096234 0.009112
4.101236 0.002212
4.106237 -0.015750
4.111239 -0.034010
4.116240 -0.040632
4.121242 -0.028274
4.126243 0.001574
4.131245 0.038430
4.136246 0.067370
4.141248 0.075821
4.146249 0.059089
4.151251 0.022479
4.156252 -0.020589
4.161254 -0.054062
4.166255 -0.066085
4.171257 -0.053672
4.176258 -0.023009
4.181260 0.013725
4.186261 0.042903
4.191263 0.054042
4.196264 0.043413
4.201266 0.015199
4.206267 -0.020437
4.211269 -0.051110
4.216270 -0.066147
4.221272 -0.060045
4.226273 -0.034856
4.231275 -0.000127
4.236276 0.030384
4.241278 0.044006
4.246279 0.034292
4.251281 0.004201
4.256282 -0.034131
4.261284 -0.063912
4.266285 -0.071206
4.271287 -0.051533
4.276288 -0.011871
4.281290 0.032642
4.286291 0.065378
4.291293 0.075340
4.296294 0.061553
4.301296 0.032385
4.306297 0.000497
4.311299 -0.023005
4.316300 -0.032204
4.321302 -0.027533
4.326303 -0.015020
4.331305 -0.003446
4.336307 0.000182
4.341308 -0.005630
4.346310 -0.016361
4.351311 -0.024237
4.356313 -0.022264
4.361314 -0.007649
4.366316 0.016632
4.371317 0.042908
4.376319 0.062051
4.381320 0.066948
4.386322 0.054625
4.391323 0.027091
4.396325 -0.008778
4.401326 -0.042866
4.406328 -0.065068
4.411329 -0.068785
4.416331 -0.053056
4.421332 -0.023024
4.426334 0.011230
4.431335 0.037830
4.436337 0.047717
4.441338 0.038459
4.446340 0.015116
4.451341 -0.011979
4.456343 -0.031309
4.461344 -0.034734
4.466346 -0.020800
4.471347 0.004957
4.476349 0.032777
4.481350 0.052502
4.486352 0.056671
4.491353 0.042685
4.496355 0.013829
4.501356 -0.021983
4.506358 -0.055676
4.511359 -0.080389
4.516361 -0.092526
4.521362 -0.090768
4.526364 -0.074799
4.531365 -0.045022
4.536367 -0.003552
4.541368 0.044008
4.546370 0.087807
4.551371 0.116041
4.556373 0.120031
4.561374 0.098715
4.566376 0.059411
4.571377 0.014812
4.576379 -0.021819
4.581380 -0.041397
4.586382 -0.042058
4.591383 -0.028835
4.596385 -0.010177
4.601386 0.006030
4.606388 0.014512
4.611389 0.012922
4.616391 0.001851
4.621392 -0.015241
4.626394 -0.032881
4.631395 -0.045310
4.636397 -0.048526
4.641398 -0.042085
4.646400 -0.029639
4.651401 -0.017114
4.656403 -0.009141
4.661404 -0.006345
4.666406 -0.005385
4.671407 -0.001203
4.676409 0.010208
4.681410 0.029479
4.686412 0.052707
4.691414 0.072551
4.696415 0.081596
4.701417 0.075957
4.706418 0.056811
4.711420 0.029498
4.716421 0.001321
4.721423 -0.021033
4.726424 -0.033759
4.731426 -0.037053
4.736427 -0.034725
4.741429 -0.032819
4.746430 -0.037502
4.751432 -0.052102
4.756433 -0.074306
4.761435 -0.095798
4.766436 -0.105393
4.771438 -0.093937
4.776439 -0.058265
4.781441 -0.003013
4.786442 0.059964
4.791444 0.114821
4.796445 0.147056
4.801447 0.148690
4.806448 0.120974
4.811450 0.073780
4.816451 0.022011
4.821453 -0.020137
4.826454 -0.044866
4.831456 -0.053128
4.836457 -0.052145
4.841459 -0.050148
4.846460 -0.051821
4.851462 -0.056363
4.856463 -0.058342
4.861465 -0.050936
4.866466 -0.030360
4.871468 0.001053
4.876469 0.035127
4.881471 0.061192
4.886472 0.070484
4.891474 0.059596
4.896475 0.031614
4.901477 -0.005489
4.906478 -0.041946
4.911480 -0.068589
4.916481 -0.077908
4.921483 -0.065262
4.926484 -0.031163
4.931486 0.016903
4.936487 0.065364
4.941489 0.098571
4.946490 0.104682
4.951492 0.081354
4.956493 0.038399
4.961495 -0.005336
4.966496 -0.030516
4.971498 -0.026899
4.976499 0.001413
4.981501 0.037784
4.986502 0.061248
4.991504 0.057616
4.996505 0.027539
5.001507 -0.014225
5.006508 -0.048576
5.011510 -0.064036
5.016511 -0.062491
5.021513 -0.055639
5.026514 -0.055586
5.031516 -0.065889
5.036517 -0.078174
5.041519 -0.076212
5.046520 -0.045265
5.051522 0.018400
5.056524 0.102796
5.061525 0.182609
5.066527 0.228212
5.071528 0.218298
5.076530 0.150381
5.081531 0.042857
5.086533 -0.073148
5.091534 -0.167041
5.096536 -0.219273
5.101537 -0.224544
5.106539 -0.188483
5.111540 -0.121899
5.116542 -0.036963
5.121543 0.052802
5.126545 0.130708
5.131546 0.177531
5.136548 0.177042
5.141549 0.124451
5.146551 0.032794
5.151552 -0.067410
5.156554 -0.137423
5.161555 -0.146491
5.166557 -0.087843
5.171558 0.015183
5.176560 0.118092
5.181561 0.175414
5.186563 0.161784
5.191564 0.083796
5.196566 -0.022849
5.201567 -0.110075
5.206569 -0.140557
5.211570 -0.105777
5.216572 -0.029771
5.221573 0.043119
5.226575 0.070350
5.231576 0.032468
5.236578 -0.056861
5.241579 -0.157189
5.246581 -0.220312
5.251582 -0.211636
5.256584 -0.124045
5.261585 0.019905
5.266587 0.176411
5.271588 0.295862
5.276590 0.339957
5.281591 0.294330
5.286593 0.172435
5.291594 0.010443
5.296596 -0.144283
5.301597 -0.247799
5.306599 -0.273157
5.311600 -0.218362
5.316602 -0.105968
5.321603 0.024846
5.326605 0.130712
5.331606 0.177858
5.336608 0.153560
5.341609 0.070938
5.346611 -0.035493
5.351612 -0.122251
5.356614 -0.153075
5.361615 -0.113487
5.366617 -0.017996
5.371618 0.094358
5.376620 0.175543
5.381621 0.188515
5.386623 0.122596
5.391624 -0.002072
5.396626 -0.142326
5.401627 -0.248701
5.406629 -0.284139
5.411631 -0.236897
5.416632 -0.122959
5.421634 0.021387
5.426635 0.152779
5.431637 0.235102
5.436638 0.250526
5.441640 0.203564
5.446641 0.117043
5.451643 0.022438
5.456644 -0.051303
5.461646 -0.086923
5.466647 -0.083415
5.471649 -0.054251
5.476650 -0.020008
5.481652 0.000953
5.486653 -0.000534
5.491655 -0.022036
5.496656 -0.051792
5.501658 -0.074515
5.506659 -0.078301
5.511661 -0.059494
5.516662 -0.023709
5.521664 0.016590
5.526665 0.046724
5.531667 0.055678
5.536668 0.041347
5.541670 0.012271
5.546671 -0.015667
5.551673 -0.026020
5.556674 -0.009005
5.561676 0.033186
5.566677 0.084983
5.571679 0.121916
5.576680 0.120693
5.581682 0.070713
5.586683 -0.018965
5.591685 -0.121076
5.596686 -0.199985
5.601688 -0.226190
5.606689 -0.189011
5.611691 -0.100938
5.616692 0.008610
5.621694 0.106092
5.626695 0.166341
5.631697 0.179706
5.636698 0.152177
5.641700 0.099560
5.646701 0.039268
5.651703 -0.015750
5.656704 -0.058708
5.661706 -0.087733
5.666707 -0.103958
5.671709 -0.109753
5.676710 -0.107061
5.681712 -0.096441
5.686713 -0.077246
5.691715 -0.048481
5.696716 -0.009936
5.701718 0.036047
5.706719 0.082675
5.711721 0.118550
5.716722 0.130709
5.721724 0.110003
5.726725 0.056520
5.731727 -0.017405
5.736728 -0.089012
5.741730 -0.132924
5.746731 -0.132286
5.751733 -0.086965
5.756734 -0.013826
5.761736 0.060833
5.766737 0.112513
5.771739 0.128404
5.776741 0.111580
5.781742 0.077364
5.786744 0.043918
5.791745 0.022859
5.796747 0.015101
5.801748 0.013032
5.806750 0.006696
5.811751 -0.009349
5.816753 -0.031925
5.821754 -0.050485
5.826756 -0.053285
5.831757 -0.034541
5.836759 0.001679
5.841760 0.042342
5.846762 0.070296
5.851763 0.071288
5.856765 0.040497
5.861766 -0.014545
5.866768 -0.076282
5.871769 -0.123528
5.876771 -0.139293
5.881772 -0.117424
5.886774 -0.065394
5.891775 -0.001263
5.896777 0.054143
5.901778 0.085491
5.906780 0.087493
5.911781 0.064836
5.916783 0.028779
5.921784 -0.008067
5.926786 -0.036705
5.931787 -0.053775
5.936789 -0.059812
5.941790 -0.056208
5.946792 -0.043885
5.951793 -0.024134
5.956795 -0.000099
5.961796 0.022500
5.966798 0.036307
5.971799 0.035521
5.976801 0.020254
5.981802 -0.001104
5.986804 -0.014238
5.991805 -0.005565
5.996807 0.029925
6.001808 0.083584
6.006810 0.134111
6.011811 0.155918
6.016813 0.131619
6.021814 0.061753
6.026816 -0.034074
6.031817 -0.125014
6.036819 -0.181447
6.041820 -0.186510
6.046822 -0.142042
6.051823 -0.066458
6.056825 0.014154
6.061826 0.076806
6.066828 0.109016
6.071829 0.110526
6.076831 0.089905
6.081832 0.058256
6.086834 0.023547
6.091835 -0.010801
6.096837 -0.042571
6.101838 -0.066610
6.106840 -0.074611
6.111841 -0.059666
6.116843 -0.022221
6.121844 0.026931
6.126846 0.069369
6.131847 0.087144
6.136849 0.072267
6.141851 0.031778
6.146852 -0.014936
6.151854 -0.045192
6.156855 -0.043883
6.161857 -0.011338
6.166858 0.035769
6.171860 0.071897
6.176861 0.075291
6.181863 0.038858
6.186864 -0.026601
6.191866 -0.097655
6.196867 -0.148646
6.201869 -0.162542
6.206870 -0.137731
6.211872 -0.087677
6.216873 -0.033749
6.221875 0.004722
6.226876 0.018182
6.231878 0.009559
6.236879 -0.008405
6.241881 -0.019930
6.246882 -0.014086
6.251884 0.010324
6.256885 0.045200
6.261887 0.077665
6.266888 0.095578
6.271890 0.091870
6.276891 0.066619
6.281893 0.026428
6.286894 -0.018138
6.291896 -0.055262
6.296897 -0.073933
6.301899 -0.066330
6.306900 -0.030994
6.311902 0.024802
6.316903 0.085545
6.321905 0.131283
6.326906 0.143957
6.331908 0.114713
6.336909 0.049150
6.341911 -0.033175
6.346912 -0.105784
6.351914 -0.145147
6.356915 -0.138434
6.361917 -0.086838
6.366918 -0.004809
6.371920 0.084027
6.376921 0.153375
6.381923 0.181549
6.386924 0.157800
6.391926 0.086518
6.396927 -0.012300
6.401929 -0.108251
6.406930 -0.171149
6.411932 -0.182879
6.416933 -0.144644
6.421935 -0.076023
6.426936 -0.006064
6.431938 0.039708
6.436939 0.050069
6.441941 0.030894
6.446942 -0.000874
6.451944 -0.027295
6.456945 -0.037492
6.461947 -0.030563
6.466948 -0.013385
6.471950 0.004827
6.476951 0.017973
6.481953 0.025157
6.486954 0.028659
6.491956 0.030424
6.496958 0.030229
6.501959 0.026473
6.506961 0.018603
6.511962 0.009481
6.516964 0.005592
6.521965 0.013531
6.526967 0.034270
6.531968 0.059896
6.536970 0.076570
6.541971 0.072472
6.546973 0.045487
6.551974 0.005718
6.556976 -0.028799
6.561977 -0.041194
6.566979 -0.024830
6.571980 0.012768
6.576982 0.052991
6.581983 0.073987
6.586985 0.059577
6.591986 0.006662
6.596988 -0.071123
6.601989 -0.146243
6.606991 -0.187485
6.611992 -0.173873
6.616994 -0.105292
6.621995 -0.003888
6.626997 0.095230
6.631998 0.159656
6.637000 0.173195
6.642001 0.139773
6.647003 0.077201
6.652004 0.007011
6.657006 -0.053142
6.662007 -0.092653
6.667009 -0.108205
6.672010 -0.102535
6.677012 -0.082606
6.682013 -0.057800
6.687015 -0.037898
6.692016 -0.029978
6.697018 -0.034733
6.702019 -0.044862
6.707021 -0.047828
6.712022 -0.032395
6.717024 0.004293
6.722025 0.052904
6.727027 0.094042
6.732028 0.106540
6.737030 0.078459
6.742031 0.014811
6.747033 -0.062587
6.752034 -0.123089
6.757036 -0.139254
6.762037 -0.098260
6.767039 -0.008459
6.772040 0.101973
6.777042 0.194318
6.782043 0.232956
6.787045 0.198438
6.792046 0.095862
6.797048 -0.044634
6.802049 -0.177020
6.807051 -0.256018
6.812052 -0.254558
6.817054 -0.174280
6.822055 -0.044570
6.827057 0.089435
6.832058 0.185044
6.837060 0.218514
6.842061 0.192243
6.847063 0.129840
6.852064 0.062860
6.857066 0.016446
6.862068 -0.000054
6.867069 0.005564
6.872071 0.014866
6.877072 0.009730
6.882074 -0.017855
6.887075 -0.061680
6.892077 -0.104054
6.897078 -0.123775
6.902080 -0.106357
6.907081 -0.052156
6.912083 0.022200
6.917084 0.090480
6.922086 0.128006
6.927087 0.121512
6.932089 0.073909
6.937090 0.002860
6.942092 -0.066245
6.947093 -0.110293
6.952095 -0.116952
6.957096 -0.088018
6.962098 -0.037267
6.967099 0.015126
6.972101 0.049529
6.977102 0.053394
6.982104 0.025522
6.987105 -0.023402
6.992107 -0.074212
6.997108 -0.105897
7.002110 -0.103756
7.007111 -0.065758
7.012113 -0.003492
7.017114 0.062773
7.022116 0.111671
7.027117 0.127522
7.032119 0.105291
7.037120 0.053220
7.042122 -0.008725
7.047123 -0.055786
7.052125 -0.068576
7.057126 -0.041843
7.062128 0.012171
7.067129 0.067825
7.072131 0.096841
7.077132 0.081453
7.082134 0.023449
7.087135 -0.055621
7.092137 -0.123140
7.097138 -0.149212
7.102140 -0.119909
7.107141 -0.044078
7.112143 0.050009
7.117144 0.126783
7.122146 0.158060
7.127147 0.133566
7.132149 0.064005
7.137150 -0.023480
7.142152 -0.096128
7.147153 -0.129180
7.152155 -0.116307
7.157156 -0.071539
7.162158 -0.021888
7.167159 0.005483
7.172161 -0.004195
7.177162 -0.046365
7.182164 -0.099063
7.187165 -0.132826
7.192167 -0.123874
7.197168 -0.064878
7.202170 0.030598
7.207171 0.131968
7.212173 0.203295
7.217175 0.218366
7.222176 0.171905
7.227178 0.081346
7.232179 -0.020935
7.237181 -0.100683
7.242182 -0.134596
7.247184 -0.118080
7.252185 -0.065068
7.257187 -0.000742
7.262188 0.048733
7.267190 0.065124
7.272191 0.043440
7.277193 -0.007146
7.282194 -0.067088
7.287196 -0.113927
7.292197 -0.130367
7.297199 -0.109685
7.302200 -0.057199
7.307202 0.011861
7.312203 0.077395
7.317205 0.121116
7.322206 0.132561
7.327208 0.112235
7.332209 0.071184
7.337211 0.027052
7.342212 -0.002873
7.347214 -0.009251
7.352215 0.005177
7.357217 0.027398
7.362218 0.040497
7.367220 0.031202
7.372221 -0.004109
7.377223 -0.056783
7.382224 -0.108180
7.387226 -0.136770
7.392227 -0.127113
7.397229 -0.076629
7.402230 0.002676
7.407232 0.088336
7.412233 0.156088
7.417235 0.189348
7.422236 0.184715
7.427238 0.151003
7.432239 0.103424
7.437241 0.056626
7.442242 0.019503
7.447244 -0.006557
7.452245 -0.025415
7.457247 -0.041541
7.462248 -0.056548
7.467250 -0.069139
7.472251 -0.077204
7.477253 -0.079549
7.482254 -0.076443
7.487256 -0.069504
7.492257 -0.060972
7.497259 -0.052331
7.502260 -0.043374
7.507262 -0.032825
7.512263 -0.019963
7.517265 -0.005717
7.522266 0.007574
7.527268 0.017531
7.532269 0.023529
7.537271 0.027568
7.542272 0.032975
7.547274 0.041596
7.552275 0.052021
7.557277 0.060462
7.562278 0.063071
7.567280 0.057596
7.572281 0.043744
7.577283 0.022902
7.582285 -0.002304
7.587286 -0.028283
7.592288 -0.050451
7.597289 -0.063551
7.602291 -0.063470
7.607292 -0.050028
7.612294 -0.028281
7.617295 -0.006826
7.622297 0.005545
7.627298 0.002684
7.632300 -0.017096
7.637301 -0.049934
7.642303 -0.086483
7.647304 -0.113786
7.652306 -0.118833
7.657307 -0.093147
7.662309 -0.037298
7.667310 0.036935
7.672312 0.109330
7.677313 0.158724
7.682315 0.171323
7.687316 0.145489
7.692318 0.091467
7.697319 0.027113
7.702321 -0.028614
7.707322 -0.062051
7.712324 -0.068527
7.717325 -0.052171
7.722327 -0.023122
7.727328 0.006002
7.732330 0.023739
7.737331 0.023343
7.742333 0.005202
7.747334 -0.023138
7.752336 -0.049447
7.757337 -0.061153
7.762339 -0.050639
7.767340 -0.019531
7.772342 0.020794
7.777343 0.053631
7.782345 0.064220
7.787346 0.046447
7.792348 0.006430
7.797349 -0.038577
7.802351 -0.066564
7.807352 -0.060475
7.812354 -0.016573
7.817355 0.052846
7.822357 0.123342
7.827358 0.166949
7.832360 0.162626
7.837361 0.104980
7.842363 0.007432
7.847364 -0.101968
7.852366 -0.190262
7.857367 -0.230983
7.862369 -0.213432
7.867370 -0.146493
7.872372 -0.054854
7.877373 0.031168
7.882375 0.087323
7.887376 0.103527
7.892378 0.085950
7.897379 0.053047
7.902381 0.026878
7.907382 0.022911
7.912384 0.043056
7.917385 0.075298
7.922387 0.099652
7.927388 0.097458
7.932390 0.060365
7.937392 -0.004702
7.942393 -0.077328
7.947395 -0.131729
7.952396 -0.147199
7.957398 -0.116243
7.962399 -0.047779
7.967401 0.035483
7.972402 0.105301
7.977404 0.139087
7.982405 0.128697
7.987407 0.082328
7.992408 0.019475
7.997410 -0.037443
8.002411 -0.071106
8.007413 -0.074604
8.012414 -0.052660
8.017416 -0.018622
8.022417 0.011197
8.027419 0.023554
8.032420 0.012944
8.037422 -0.016451
8.042423 -0.052593
8.047425 -0.080666
8.052426 -0.088937
8.057428 -0.072822
8.062429 -0.036190
8.067431 0.010112
8.072432 0.052343
8.077434 0.079249
8.082435 0.085952
8.087437 0.074406
8.092438 0.051140
8.097440 0.024213
8.102441 0.000381
8.107443 -0.016945
8.112444 -0.027916
8.117446 -0.034449
8.122447 -0.038074
8.127449 -0.039210
8.132450 -0.037862
8.137452 -0.034659
8.142453 -0.031532
8.147455 -0.031566
8.152456 -0.037607
8.157458 -0.050120
8.162459 -0.065980
8.167461 -0.079036
8.172462 -0.081673
8.177464 -0.066655
8.182465 -0.029677
8.187467 0.027503
8.192468 0.095336
8.197470 0.158087
8.202471 0.198463
8.207473 0.203273
8.212474 0.168301
8.217476 0.100786
8.222477 0.017912
8.227479 -0.058751
8.232480 -0.110430
8.237482 -0.126836
8.242483 -0.108792
8.247485 -0.067377
8.252486 -0.019583
8.257488 0.018173
8.262489 0.035674
8.267491 0.031299
8.272492 0.011223
8.277494 -0.013676
8.282495 -0.032587
8.287497 -0.039629
8.292498 -0.035930
8.297500 -0.027547
8.302502 -0.021150
8.307503 -0.020469
8.312505 -0.024826
8.317506 -0.029646
8.322508 -0.028774
8.327509 -0.017860
8.332511 0.003063
8.337512 0.029286
8.342514 0.053165
8.347515 0.066868
8.352517 0.065527
8.357518 0.049769
8.362520 0.025915
8.367521 0.003178
8.372523 -0.010588
8.377524 -0.012350
8.382526 -0.005350
8.387527 0.001958
8.392529 -0.000272
8.397530 -0.017984
8.402532 -0.049449
8.407533 -0.085357
8.412535 -0.112289
8.417536 -0.117597
8.422538 -0.094132
8.427539 -0.043533
8.432541 0.023498
8.437542 0.090371
8.442544 0.139718
8.447545 0.158433
8.452547 0.141582
8.457548 0.094359
8.462550 0.030887
8.467551 -0.030235
8.472553 -0.071734
8.477554 -0.082613
8.482556 -0.061300
8.487557 -0.016471
8.492559 0.035491
8.497560 0.076270
8.502562 0.092155
8.507563 0.078322
8.512565 0.039624
8.517566 -0.011684
8.522568 -0.060304
8.527569 -0.092801
8.532571 -0.101123
8.537572 -0.084039
8.542574 -0.047246
8.547575 -0.002286
8.552577 0.036770
8.557578 0.058593
8.562580 0.058928
8.567581 0.041261
8.572583 0.014074
8.577584 -0.013191
8.582586 -0.033709
8.587587 -0.045232
8.592589 -0.049529
8.597590 -0.049824
8.602592 -0.048290
8.607593 -0.045125
8.612595 -0.038962
8.617596 -0.027995
8.622598 -0.011700
8.627599 0.007640
8.632601 0.025141
8.637602 0.035587
8.642604 0.035950
8.647605 0.026503
8.652607 0.010611
8.657608 -0.006143
8.662610 -0.017582
8.667612 -0.019140
8.672613 -0.009478
8.677615 0.009305
8.682616 0.032392
8.687618 0.053366
8.692619 0.066057
8.697621 0.066857
8.702622 0.055863
8.707624 0.035960
8.712625 0.011141
8.717627 -0.014307
8.722628 -0.036033
8.727630 -0.050363
8.732631 -0.055403
8.737633 -0.051670
8.742634 -0.042036
8.747636 -0.031027
8.752637 -0.023243
8.757639 -0.021229
8.762640 -0.024264
8.767642 -0.029084
8.772643 -0.031742
8.777645 -0.029229
8.782646 -0.020455
8.787648 -0.006622
8.792649 0.009384
8.797651 0.024453
8.802652 0.036403
8.807654 0.044153
8.812655 0.047613
8.817657 0.047887
8.822658 0.047048
8.827660 0.046962
8.832661 0.048170
8.837663 0.049940
8.842664 0.051004
8.847666 0.050006
8.852667 0.045744
8.857669 0.037607
8.862670 0.025848
8.867672 0.011307
8.872673 -0.004876
8.877675 -0.021235
8.882676 -0.036183
8.887678 -0.048581
8.892679 -0.057792
8.897681 -0.062936
8.902682 -0.062550
8.907684 -0.055449
8.912685 -0.041860
8.917687 -0.023749
8.922688 -0.004514
8.927690 0.011571
8.932691 0.020605
8.937693 0.020983
8.942694 0.014501
8.947696 0.005506
8.952697 -0.001056
8.957699 -0.001314
8.962700 0.006249
8.967702 0.019778
8.972703 0.034216
8.977705 0.043303
8.982706 0.042273
8.987708 0.029698
8.992709 0.008048
8.997711 -0.016998
9.002712 -0.038679
9.007714 -0.051994
9.012715 -0.055275
9.017717 -0.049486
9.022719 -0.036550
9.027720 -0.018431
9.032722 0.002949
9.037723 0.025703
9.042725 0.047888
9.047726 0.067209
9.052728 0.081053
9.057729 0.087035
9.062731 0.083315
9.067732 0.068480
9.072734 0.041982
9.077735 0.005477
9.082737 -0.036278
9.087738 -0.076218
9.092740 -0.106946
9.097741 -0.122734
9.102743 -0.121186
9.107744 -0.104286
9.112746 -0.077857
9.117747 -0.049130
9.122749 -0.023879
9.127750 -0.004758
9.132752 0.008920
9.137753 0.020298
9.142755 0.032894
9.147756 0.047940
9.152758 0.063038
9.157759 0.073231
9.162761 0.073377
9.167762 0.060209
9.172764 0.033790
9.177765 -0.001506
9.182767 -0.037356
9.187768 -0.063908
9.192770 -0.073249
9.197771 -0.062147
9.202773 -0.033179
9.207774 0.005874
9.212776 0.044519
9.217777 0.073209
9.222779 0.086262
9.227780 0.082621
9.232782 0.064942
9.237783 0.038129
9.242785 0.007680
9.247786 -0.021818
9.252788 -0.047190
9.257789 -0.066041
9.262791 -0.076161
9.267792 -0.075704
9.272794 -0.063486
9.277795 -0.039029
9.282797 -0.003181
9.287798 0.040384
9.292800 0.084227
9.297801 0.118262
9.302803 0.132500
9.307804 0.120181
9.312806 0.080520
9.317807 0.020243
9.322809 -0.047444
9.327810 -0.106707
9.332812 -0.143787
9.337813 -0.150467
9.342815 -0.125848
9.347816 -0.076724
9.352818 -0.016037
9.357819 0.040778
9.362821 0.080212
9.367822 0.094196
9.372824 0.082011
9.377825 0.050271
9.382827 0.010383
9.387829 -0.025885
9.392830 -0.050354
9.397832 -0.059911
9.402833 -0.055677
9.407835 -0.041236
9.412836 -0.020847
9.417838 0.001705
9.422839 0.023052
9.427841 0.039502
9.432842 0.047254
9.437844 0.044046
9.442845 0.030603
9.447847 0.010439
9.452848 -0.011331
9.457850 -0.029132
9.462851 -0.038237
9.467853 -0.036396
9.472854 -0.024679
9.477856 -0.006673
9.482857 0.013075
9.487859 0.030092
9.492860 0.040619
9.497862 0.042441
9.502863 0.035479
9.507865 0.021518
9.512866 0.003547
9.517868 -0.014678
9.522869 -0.029241
9.527871 -0.037220
9.532872 -0.037656
9.537874 -0.031487
9.542875 -0.020785
9.547877 -0.008009
9.552878 0.004736
9.557880 0.016405
9.562881 0.026958
9.567883 0.036384
9.572884 0.043873
9.577886 0.047930
9.582887 0.046905
9.587889 0.039368
9.592890 0.024719
9.597892 0.004243
9.602893 -0.018328
9.607895 -0.037637
9.612896 -0.048440
9.617898 -0.047351
9.622899 -0.034312
9.627901 -0.013353
9.632902 0.008433
9.637904 0.023759
9.642905 0.028019
9.647907 0.020378
9.652908 0.003268
9.657910 -0.018711
9.662911 -0.040305
9.667913 -0.057385
9.672914 -0.067953
9.677916 -0.071715
9.682917 -0.069143
9.687919 -0.061047
9.692920 -0.048410
9.697922 -0.032082
9.702923 -0.012776
9.707925 0.008398
9.712926 0.029637
9.717928 0.048826
9.722929 0.064013
9.727931 0.073564
9.732932 0.076527
9.737934 0.073309
9.742936 0.065650
9.747937 0.055438
9.752939 0.043485
9.757940 0.029426
9.762942 0.012416
9.767943 -0.008112
9.772945 -0.031658
9.777946 -0.055978
9.782948 -0.077391
9.787949 -0.092228
9.792951 -0.098172
9.797952 -0.094491
9.802954 -0.081770
9.807955 -0.062012
9.812957 -0.038678
9.817958 -0.015916
9.822960 0.002652
9.827961 0.014852
9.832963 0.020536
9.837964 0.021683
9.842966 0.021385
9.847967 0.021960
9.852969 0.023706
9.857970 0.025112
9.862972 0.023741
9.867973 0.017098
9.872975 0.003953
9.877976 -0.013912
9.882978 -0.031199
9.887979 -0.041036
9.892981 -0.038193
9.897982 -0.021385
9.902984 0.006214
9.907985 0.037857
9.912987 0.065207
9.917988 0.081027
9.922990 0.081502
9.927991 0.067267
9.932993 0.043178
9.937994 0.016872
9.942996 -0.004051
9.947997 -0.015292
9.952999 -0.017338
9.958000 -0.014135
9.963002 -0.010411
9.968003 -0.009642
9.973005 -0.013127
9.978006 -0.019879
9.983008 -0.027503
9.988009 -0.033832
9.993011 -0.038042
9.998012 -0.040310
10.003014 -0.040754
10.008015 -0.038893
10.013017 -0.033791
10.018018 -0.024385
10.023020 -0.010082
10.028021 0.008350
10.033023 0.028398
10.038024 0.046409
10.043026 0.058524
10.048027 0.061287
10.053029 0.052526
10.058030 0.032787
10.063032 0.006105
10.068033 -0.021109
10.073035 -0.042370
10.078036 -0.053191
10.083038 -0.052464
10.088039 -0.042992
10.093041 -0.030461
10.098042 -0.020760
10.103044 -0.017303
10.108046 -0.019938
10.113047 -0.025442
10.118049 -0.028885
10.123050 -0.025791
10.128052 -0.014552
10.133053 0.002587
10.138055 0.020878
10.143056 0.035383
10.148058 0.042556
10.153059 0.041055
10.158061 0.032284
10.163062 0.020066
10.168064 0.008967
10.173065 0.002252
10.178067 0.000826
10.183068 0.003352
10.188070 0.007022
10.193071 0.008847
10.198073 0.007085
10.203074 0.001725
10.208076 -0.006207
10.213077 -0.015299
10.218079 -0.023534
10.223080 -0.028131
10.228082 -0.026486
10.233083 -0.017564
10.238085 -0.002547
10.243086 0.015372
10.248088 0.031747
10.253089 0.042458
10.258091 0.045892
10.263092 0.044174
10.268094 0.042214
10.273095 0.045184
10.278097 0.055822
10.283098 0.072500
10.288100 0.088849
10.293101 0.095908
10.298103 0.086308
10.303104 0.058018
10.308106 0.015381
10.313107 -0.032478
10.318109 -0.074584
10.323110 -0.101555
10.328112 -0.108744
10.333113 -0.097520
10.338115 -0.073940
10.343116 -0.045984
10.348118 -0.020992
10.353119 -0.003705
10.358121 0.004999
10.363122 0.007807
10.368124 0.008814
10.373125 0.011015
10.378127 0.015230
10.383128 0.020530
10.388130 0.025193
10.393131 0.027759
10.398133 0.028030
10.403134 0.027332
10.408136 0.027665
10.413137 0.030487
10.418139 0.035921
10.423140 0.042276
10.428142 0.046000
10.433143 0.042824
10.438145 0.029996
10.443146 0.007851
10.448148 -0.020459
10.453149 -0.050127
10.458151 -0.075484
10.463153 -0.090862
10.468154 -0.092269
10.473156 -0.078999
10.478157 -0.053956
10.483159 -0.022830
10.488160 0.007130
10.493162 0.028935
10.498163 0.038267
10.503165 0.035214
10.508166 0.024060
10.513168 0.011446
10.518169 0.003926
10.523171 0.005423
10.528172 0.015291
10.533174 0.028290
10.538175 0.036921
10.543177 0.034734
10.548178 0.019048
10.553180 -0.007450
10.558181 -0.036680
10.563183 -0.057660
10.568184 -0.061180
10.573186 -0.044171
10.578187 -0.011123
10.583189 0.027777
10.588190 0.060364
10.593192 0.076721
10.598193 0.072650
10.603195 0.050852
10.608196 0.019169
10.613198 -0.012826
10.618199 -0.037094
10.623201 -0.049450
10.628202 -0.050455
10.633204 -0.044263
10.638205 -0.035845
10.643207 -0.028635
10.648208 -0.024006
10.653210 -0.021787
10.658211 -0.020661
10.663213 -0.018706
10.668214 -0.014468
10.673216 -0.007700
10.678217 0.000978
10.683219 0.010666
10.688220 0.020034
10.693222 0.027029
10.698223 0.029440
10.703225 0.025916
10.708226 0.016563
10.713228 0.003131
10.718229 -0.011071
10.723231 -0.022132
10.728232 -0.027408
10.733234 -0.026786
10.738235 -0.022142
10.743237 -0.015886
10.748238 -0.010065
10.753240 -0.006035
10.758241 -0.004086
10.763243 -0.003309
10.768244 -0.002167
10.773246 0.000763
10.778247 0.006511
10.783249 0.015522
10.788250 0.027119
10.793252 0.039198
10.798253 0.048708
10.803255 0.052515
10.808256 0.048126
10.813258 0.034634
10.818259 0.014009
10.823261 -0.008445
10.828263 -0.025727
10.833264 -0.032336
10.838266 -0.027083
10.843267 -0.014001
10.848269 -0.000870
10.853270 0.004263
10.858272 -0.002892
10.863273 -0.020583
10.868275 -0.041796
10.873276 -0.057299
10.878278 -0.059303
10.883279 -0.044604
10.888281 -0.016210
10.893282 0.017683
10.898284 0.047251
10.903285 0.064956
10.908287 0.067712
10.913288 0.057045
10.918290 0.037991
10.923291 0.017007
10.928293 -0.000622
10.933294 -0.012594
10.938296 -0.019693
10.943297 -0.024638
10.948299 -0.030473
10.953300 -0.038716
10.958302 -0.047812
10.963303 -0.053269
10.968305 -0.049839
10.973306 -0.034236
10.978308 -0.006768
10.983309 0.028112
10.988311 0.062129
10.993312 0.085134
10.998314 0.088884
11.003315 0.070760
11.008317 0.035149
11.013318 -0.007910
11.018320 -0.045874
11.023321 -0.067786
11.028323 -0.068216
11.033324 -0.049181
11.038326 -0.018943
11.043327 0.011356
11.048329 0.031523
11.053330 0.035658
11.058332 0.024206
11.063333 0.003409
11.068335 -0.017898
11.073336 -0.032028
11.078338 -0.034612
11.083339 -0.025205
11.088341 -0.007150
11.093342 0.013504
11.098344 0.030352
11.103345 0.039199
11.108347 0.039397
11.113348 0.033587
11.118350 0.026165
11.123351 0.020706
11.128353 0.017509
11.133354 0.013379
11.138356 0.004233
11.143357 -0.011751
11.148359 -0.032919
11.153360 -0.054900
11.158362 -0.071971
11.163363 -0.078556
11.168365 -0.070992
11.173366 -0.048979
11.178368 -0.015929
11.183369 0.021663
11.188371 0.055469
11.193373 0.077389
11.198374 0.082233
11.203376 0.069655
11.208377 0.044226
11.213379 0.013918
11.218380 -0.012232
11.223382 -0.027106
11.228383 -0.028382
11.233385 -0.019441
11.238386 -0.007271
11.243388 0.001009
11.248389 0.000690
11.253391 -0.009421
11.258392 -0.026691
11.263394 -0.045327
11.268395 -0.058397
11.273397 -0.060337
11.278398 -0.048735
11.283400 -0.025189
11.288401 0.004751
11.293403 0.033200
11.298404 0.053093
11.303406 0.061090
11.308407 0.058360
11.313409 0.049244
11.318410 0.038987
11.323412 0.031403
11.328413 0.027313
11.333415 0.024899
11.338416 0.021812
11.343418 0.017077
11.348419 0.011235
11.353421 0.005432
11.358422 0.000738
11.363424 -0.002245
11.368425 -0.003913
11.373427 -0.005766
11.378428 -0.009620
11.383430 -0.016736
11.388431 -0.027612
11.393433 -0.041892
11.398434 -0.057818
11.403436 -0.071999
11.408437 -0.080313
11.413439 -0.079420
11.418440 -0.067926
11.423442 -0.047165
11.428443 -0.021528
11.433445 0.002555
11.438446 0.019197
11.443448 0.025593
11.448449 0.022690
11.453451 0.014128
11.458452 0.004592
11.463454 -0.001843
11.468455 -0.003015
11.473457 0.001194
11.478458 0.009916
11.483460 0.022138
11.488461 0.036296
11.493463 0.049643
11.498464 0.058677
11.503466 0.060365
11.508467 0.053101
11.513469 0.037260
11.518470 0.015490
11.523472 -0.007791
11.528473 -0.027960
11.533475 -0.041663
11.538476 -0.047151
11.543478 -0.044021
11.548480 -0.033259
11.553481 -0.017306
11.558483 0.000606
11.563484 0.017437
11.568486 0.030801
11.573487 0.039060
11.578489 0.041618
11.583490 0.039180
11.588492 0.033433
11.593493 0.026459
11.598495 0.020313
11.603496 0.016384
11.608498 0.014506
11.613499 0.012858
11.618501 0.009180
11.623502 0.002171
11.628504 -0.008091
11.633505 -0.020325
11.638507 -0.032225
11.643508 -0.041073
11.648510 -0.044972
11.653511 -0.043644
11.658513 -0.037958
11.663514 -0.028997
11.668516 -0.017706
11.673517 -0.004942
11.678519 0.008583
11.683520 0.022049
11.688522 0.033812
11.693523 0.041196
11.698525 0.041532
11.703526 0.033537
11.708528 0.017952
11.713529 -0.002356
11.718531 -0.022424
11.723532 -0.036103
11.728534 -0.038457
11.733535 -0.028433
11.738537 -0.009805
11.743538 0.010182
11.748540 0.023662
11.753541 0.025321
11.758543 0.014587
11.763544 -0.004424
11.768546 -0.025120
11.773547 -0.041031
11.778549 -0.047380
11.783550 -0.041904
11.788552 -0.025452
11.793553 -0.001732
11.798555 0.024215
11.803556 0.047723
11.808558 0.065235
11.813559 0.074504
11.818561 0.075085
11.823562 0.068542
11.828564 0.057541
11.833565 0.044541
11.838567 0.031354
11.843568 0.019396
11.848570 0.009687
11.853571 0.002638
11.858573 -0.001843
11.863574 -0.004191
11.868576 -0.005294
11.873577 -0.006377
11.878579 -0.008335
11.883580 -0.011226
11.888582 -0.014537
11.893583 -0.017708
11.898585 -0.020319
11.903586 -0.022274
11.908588 -0.024158
11.913590 -0.027033
11.918591 -0.031314
11.923593 -0.035986
11.928594 -0.039252
11.933596 -0.039786
11.938597 -0.037207
11.943599 -0.031881
11.948600 -0.024890
11.953602 -0.017970
11.958603 -0.012871
11.963605 -0.010623
11.968606 -0.011406
11.973608 -0.014646
11.978609 -0.018881
11.983611 -0.021977
11.988612 -0.022096
11.993614 -0.018561
11.998615 -0.011815
12.003617 -0.003033
12.008618 0.005980
12.013620 0.013126
12.018621 0.017030
12.023623 0.017809
12.028624 0.016741
12.033626 0.015504
12.038627 0.015858
12.043629 0.019374
12.048630 0.026680
12.053632 0.036882
12.058633 0.047943
12.063635 0.057525
12.068636 0.063490
12.073638 0.064276
12.078639 0.059451
12.083641 0.049928
12.088642 0.037397
12.093644 0.023611
12.098645 0.010127
12.103647 -0.001947
12.108648 -0.012561
12.113650 -0.022717
12.118651 -0.033174
12.123653 -0.043016
12.128654 -0.049639
12.133656 -0.050013
12.138657 -0.042032
12.143659 -0.025537
12.148660 -0.003009
12.153662 0.020665
12.158663 0.039755
12.163665 0.049614
12.168666 0.047857
12.173668 0.034800
12.178669 0.013511
12.183671 -0.010902
12.188672 -0.032947
12.193674 -0.048438
12.198675 -0.055356
12.203677 -0.054131
12.208678 -0.047616
12.213680 -0.040106
12.218681 -0.035226
12.223683 -0.034151
12.228684 -0.035548
12.233686 -0.036860
12.238687 -0.035648
12.243689 -0.030557
12.248690 -0.021924
12.253692 -0.011632
12.258693 -0.002039
12.263695 0.005206
12.268697 0.009740
12.273698 0.012650
12.278700 0.016341
12.283701 0.023486
12.288703 0.035205
12.293704 0.050053
12.298706 0.064773
12.303707 0.075791
12.308709 0.080093
12.313710 0.075735
12.318712 0.062546
12.323713 0.042479
12.328715 0.018904
12.333716 -0.004619
12.338718 -0.025139
12.343719 -0.040663
12.348721 -0.050340
12.353722 -0.054270
12.358724 -0.052916
12.363725 -0.046887
12.368727 -0.037299
12.373728 -0.025774
12.378730 -0.013635
12.383731 -0.001408
12.388733 0.010594
12.393734 0.021481
12.398736 0.029884
12.403737 0.034578
12.408739 0.034801
12.413740 0.030452
12.418742 0.022460
12.423743 0.012753
12.428745 0.003333
12.433746 -0.004743
12.438748 -0.011521
12.443749 -0.017630
12.448751 -0.023751
12.453752 -0.030091
12.458754 -0.035907
12.463755 -0.039705
12.468757 -0.040233
12.473758 -0.037192
12.478760 -0.030888
12.483761 -0.021632
12.488763 -0.009708
12.493764 0.004423
12.498766 0.020206
12.503767 0.036936
12.508769 0.053203
12.513770 0.066699
12.518772 0.074972
12.523773 0.076287
12.528775 0.069800
12.533776 0.055715
12.538778 0.036002
12.543779 0.014592
12.548781 -0.003976
12.553782 -0.016427
12.558784 -0.021478
12.563785 -0.019527
12.568787 -0.012398
12.573788 -0.003158
12.578790 0.004700
12.583791 0.008462
12.588793 0.007026
12.593794 0.001186
12.598796 -0.006550
12.603797 -0.012977
12.608799 -0.015823
12.613800 -0.014590
12.618802 -0.009906
12.623803 -0.002686
12.628805 0.005722
12.633807 0.013149
12.638808 0.017229
12.643810 0.016556
12.648811 0.011059
12.653813 0.001535
12.658814 -0.010813
12.663816 -0.024636
12.668817 -0.038690
12.673819 -0.051777
12.678820 -0.062229
12.683822 -0.067754
12.688823 -0.066223
12.693825 -0.056587
12.698826 -0.039124
12.703828 -0.015477
12.708829 0.011009
12.713831 0.035526
12.718832 0.053326
12.723834 0.061565
12.728835 0.060094
12.733837 0.051188
12.738838 0.038851
12.743840 0.027621
12.748841 0.020829
12.753843 0.019306
12.758844 0.021439
12.763846 0.024226
12.768847 0.024508
12.773849 0.020171
12.778850 0.011149
12.783852 -0.000592
12.788853 -0.012237
12.793855 -0.021340
12.798856 -0.026156
12.803858 -0.025652
12.808859 -0.020013
12.813861 -0.011118
12.818862 -0.002099
12.823864 0.003785
12.828865 0.004206
12.833867 -0.001406
12.838868 -0.011343
12.843870 -0.022126
12.848871 -0.030241
12.853873 -0.033892
12.858874 -0.033452
12.863876 -0.030824
12.868877 -0.028500
12.873879 -0.028463
12.878880 -0.031081
12.883882 -0.034977
12.888883 -0.038220
12.893885 -0.039546
12.898886 -0.038413
12.903888 -0.034613
12.908889 -0.028433
12.913891 -0.020809
12.918892 -0.012598
12.923894 -0.003708
12.928895 0.006644
12.933897 0.018837
12.938898 0.032138
12.943900 0.044735
12.948901 0.054064
12.953903 0.057554
12.958904 0.053812
12.963906 0.043424
12.968907 0.028613
12.973909 0.012352
12.978910 -0.002295
12.983912 -0.012898
12.988914 -0.018580
12.993915 -0.020226
12.998917 -0.019437
13.003918 -0.017418
13.008920 -0.014896
13.013921 -0.012427
13.018923 -0.010175
13.023924 -0.007663
13.028926 -0.004252
13.033927 0.000270
13.038929 0.005833
13.043930 0.012441
13.048932 0.019889
13.053933 0.027342
13.058935 0.033591
13.063936 0.037518
13.068938 0.038149
13.073939 0.034745
13.078941 0.027368
13.083942 0.017092
13.088944 0.005239
13.093945 -0.007410
13.098947 -0.020445
13.103948 -0.033200
13.108950 -0.044591
13.113951 -0.053180
13.118953 -0.057108
13.123954 -0.054578
13.128956 -0.045209
13.133957 -0.030979
13.138959 -0.015446
13.143960 -0.001899
13.148962 0.007949
13.153963 0.014131
13.158965 0.017787
13.163966 0.020024
13.168968 0.020881
13.173969 0.019375
13.178971 0.014655
13.183972 0.006984
13.188974 -0.002402
13.193975 -0.011878
13.198977 -0.019596
13.203978 -0.023663
13.208980 -0.022880
13.213981 -0.017382
13.218983 -0.008354
13.223984 0.002623
13.228986 0.013776
13.233987 0.023242
13.238989 0.029652
13.243990 0.032612
13.248992 0.032381
13.253993 0.029389
13.258995 0.024467
13.263996 0.019278
13.268998 0.015904
13.273999 0.015775
13.279001 0.018845
13.284002 0.023370
13.289004 0.026324
13.294005 0.024683
13.299007 0.017199
13.304008 0.005251
13.309010 -0.008013
13.314011 -0.019258
13.319013 -0.026034
13.324014 -0.027382
13.329016 -0.024299
13.334017 -0.019389
13.339019 -0.015297
13.344020 -0.013193
13.349022 -0.012697
13.354024 -0.012887
13.359025 -0.013109
13.364027 -0.013290
13.369028 -0.014066
13.374030 -0.016424
13.379031 -0.020701
13.384033 -0.025903
13.389034 -0.030242
13.394036 -0.032176
13.399037 -0.030752
13.404039 -0.025460
13.409040 -0.016410
13.414042 -0.004539
13.419043 0.008724
13.424045 0.021902
13.429046 0.033380
13.434048 0.041295
13.439049 0.044152
13.444051 0.041596
13.449052 0.034476
13.454054 0.024368
13.459055 0.013274
13.464057 0.003346
13.469058 -0.003766
13.474060 -0.007530
13.479061 -0.008508
13.484063 -0.007927
13.489064 -0.007251
13.494066 -0.007571
13.499067 -0.008835
13.504069 -0.009857
13.509070 -0.009426
13.514072 -0.007278
13.519073 -0.003831
13.524075 0.000527
13.529076 0.005485
13.534078 0.010475
13.539079 0.014779
13.544081 0.017764
13.549082 0.018721
13.554084 0.016799
13.559085 0.011580
13.564087 0.003676
13.569088 -0.005477
13.574090 -0.014191
13.579091 -0.020768
13.584093 -0.023698
13.589094 -0.022235
13.594096 -0.016822
13.599097 -0.008825
13.604099 -0.000041
13.609100 0.007532
13.614102 0.012081
13.619103 0.012801
13.624105 0.010330
13.629106 0.006109
13.634108 0.001520
13.639109 -0.002298
13.644111 -0.004379
13.649112 -0.004320
13.654114 -0.002554
13.659115 0.000276
13.664117 0.004184
13.669118 0.009731
13.674120 0.017032
13.679121 0.024941
13.684123 0.031005
13.689124 0.032183
13.694126 0.026421
13.699127 0.014376
13.704129 -0.000349
13.709131 -0.013088
13.714132 -0.020484
13.719134 -0.021450
13.724135 -0.016896
13.729137 -0.009260
13.734138 -0.001869
13.739140 0.002265
13.744141 0.001599
13.749143 -0.003716
13.754144 -0.012243
13.759146 -0.021620
13.764147 -0.029078
13.769149 -0.032369
13.774150 -0.030506
13.779152 -0.023760
13.784153 -0.013463
13.789155 -0.001989
13.794156 0.007782
13.799158 0.013836
13.804159 0.016018
13.809161 0.015542
13.814162 0.013830
13.819164 0.011990
13.824165 0.010774
13.829167 0.010246
13.834168 0.009515
13.839170 0.007378
13.844171 0.003349
13.849173 -0.001956
13.854174 -0.007041
13.859176 -0.009872
13.864177 -0.008658
13.869179 -0.003187
13.874180 0.004458
13.879182 0.010793
13.884183 0.012664
13.889185 0.008515
13.894186 -0.000958
13.899188 -0.012549
13.904189 -0.021406
13.909191 -0.023313
13.914192 -0.016939
13.919194 -0.004388
13.924195 0.009882
13.929197 0.020776
13.934198 0.024461
13.939200 0.020016
13.944201 0.009679
13.949203 -0.002747
13.954204 -0.013884
13.959206 -0.021544
13.964207 -0.024541
13.969209 -0.022675
13.974210 -0.016947
13.979212 -0.009406
13.984213 -0.002601
13.989215 0.001130
13.994216 0.000619
13.999218 -0.003240
14.004219 -0.007787
14.009221 -0.010347
14.014222 -0.009838
14.019224 -0.006786
14.024225 -0.002378
14.029227 0.002072
14.034228 0.005329
14.039230 0.006794
14.044231 0.006956
14.049233 0.006936
14.054234 0.007561
14.059236 0.008889
14.064237 0.010302
14.069239 0.010789
14.074241 0.009469
14.079242 0.006299
14.084244 0.002188
14.089245 -0.001787
14.094247 -0.005112
14.099248 -0.007691
14.104250 -0.009444
14.109251 -0.010500
14.114253 -0.011512
14.119254 -0.013307
14.124256 -0.016279
14.129257 -0.020273
14.134259 -0.024639
14.139260 -0.027983
14.144262 -0.028295
14.149263 -0.024010
14.154265 -0.015052
14.159266 -0.002755
14.164268 0.010799
14.169269 0.023085
14.174271 0.031409
14.179272 0.033777
14.184274 0.029757
14.189275 0.020466
14.194277 0.008115
14.199278 -0.004214
14.204280 -0.013013
14.209281 -0.015601
14.214283 -0.011390
14.219284 -0.002054
14.224286 0.009254
14.229287 0.018953
14.234289 0.024251
14.239290 0.024363
14.244292 0.020759
14.249293 0.015936
14.254295 0.011909
14.259296 0.009651
14.264298 0.009230
14.269299 0.009947
14.274301 0.010686
14.279302 0.010729
14.284304 0.010188
14.289305 0.009438
14.294307 0.008465
14.299308 0.007071
14.304310 0.005309
14.309311 0.003190
14.314313 0.000238
14.319314 -0.004092
14.324316 -0.009593
14.329317 -0.015237
14.334319 -0.019840
14.339320 -0.022517
14.344322 -0.022734
14.349323 -0.020323
14.354325 -0.015444
14.359326 -0.008453
14.364328 -0.000104
14.369329 0.007958
14.374331 0.013383
14.379332 0.014392
14.384334 0.010920
14.389335 0.004459
14.394337 -0.002802
14.399338 -0.008464
14.404340 -0.010305
14.409341 -0.007253
14.414343 -0.000234
14.419344 0.008279
14.424346 0.015605
14.429347 0.019742
14.434349 0.019577
14.439351 0.015031
14.444352 0.007057
14.449354 -0.002959
14.454355 -0.013742
14.459357 -0.023886
14.464358 -0.031395
14.469360 -0.034052
14.474361 -0.030456
14.479363 -0.020828
14.484364 -0.007219
14.489366 0.006943
14.494367 0.018104
14.499369 0.024156
14.504370 0.025041
14.509372 0.021941
14.514373 0.016254
14.519375 0.009476
14.524376 0.003294
14.529378 -0.001057
14.534379 -0.003516
14.539381 -0.004838
14.544382 -0.005603
14.549384 -0.005779
14.554385 -0.004918
14.559387 -0.002375
14.564388 0.002354
14.569390 0.008960
14.574391 0.016059
14.579393 0.021879
14.584394 0.025056
14.589396 0.024655
14.594397 0.020050
14.599399 0.011475
14.604400 0.000545
14.609402 -0.010199
14.614403 -0.018296
14.619405 -0.021969
14.624406 -0.020510
14.629408 -0.014910
14.634409 -0.008019
14.639411 -0.003414
14.644412 -0.003590
14.649414 -0.008829
14.654415 -0.017192
14.659417 -0.025286
14.664418 -0.029697
14.669420 -0.028701
14.674421 -0.023060
14.679423 -0.015198
14.684424 -0.007758
14.689426 -0.002790
14.694427 -0.001425
14.699429 -0.003362
14.704430 -0.006693
14.709432 -0.008921
14.714433 -0.008570
14.719435 -0.005830
14.724436 -0.001902
14.729438 0.001989
14.734439 0.005179
14.739441 0.007764
14.744442 0.010350
14.749444 0.013442
14.754445 0.017155
14.759447 0.021568
14.764448 0.026911
14.769450 0.033005
14.774451 0.038731
14.779453 0.042368
14.784454 0.042263
14.789456 0.037132
14.794458 0.026515
14.799459 0.011752
14.804461 -0.003748
14.809462 -0.016003
14.814464 -0.022546
14.819465 -0.023191
14.824467 -0.019352
14.829468 -0.013125
14.834470 -0.006665
14.839471 -0.001646
14.844473 0.001056
14.849474 0.001236
14.854476 -0.000768
14.859477 -0.004013
14.864479 -0.007292
14.869480 -0.010034
14.874482 -0.012624
14.879483 -0.015547
14.884485 -0.018512
14.889486 -0.020753
14.894488 -0.021831
14.899489 -0.021680
14.904491 -0.020131
14.909492 -0.016951
14.914494 -0.012270
14.919495 -0.006587
14.924497 -0.000534
14.929498 0.005044
14.934500 0.009092
14.939501 0.010958
14.944503 0.010887
14.949504 0.009627
14.954506 0.007770
14.959507 0.005696
14.964509 0.003717
14.969510 0.001796
14.974512 -0.000616
14.979513 -0.003998
14.984515 -0.008086
14.989516 -0.011976
14.994518 -0.014679
14.999519 -0.015398
15.004521 -0.013722
15.009522 -0.010007
15.014524 -0.005292
15.019525 -0.000342
15.024527 0.005068
15.029528 0.011478
15.034530 0.018514
15.039531 0.024681
15.044533 0.028215
15.049534 0.027878
15.054536 0.023317
15.059537 0.015265
15.064539 0.005376
15.069540 -0.004532
15.074542 -0.013164
15.079543 -0.019712
15.084545 -0.023629
15.089546 -0.024850
15.094548 -0.023881
15.099549 -0.021202
15.104551 -0.016767
15.109552 -0.010502
15.114554 -0.003078
15.119555 0.004232
15.124557 0.010351
15.129558 0.014702
15.134560 0.016921
15.139561 0.016830
15.144563 0.014757
15.149564 0.011633
15.154566 0.008832
15.159568 0.007902
15.164569 0.009890
15.169571 0.014386
15.174572 0.019445
15.179574 0.022956
15.184575 0.024088
15.189577 0.023235
15.194578 0.020964
15.199580 0.017550
15.204581 0.013327
15.209583 0.008911
15.214584 0.005025
15.219586 0.002385
15.224587 0.001584
15.229589 0.002699
15.234590 0.005081
15.239592 0.007710
15.244593 0.009572
15.249595 0.009653
15.254596 0.007188
15.259598 0.002411
15.264599 -0.003320
15.269601 -0.008583
15.274602 -0.012874
15.279604 -0.016283
15.284605 -0.018639
15.289607 -0.019508
15.294608 -0.018830
15.299610 -0.017079
15.304611 -0.014883
15.309613 -0.012792
15.314614 -0.011207
15.319616 -0.010143
15.324617 -0.009214
15.329619 -0.008194
15.334620 -0.007402
15.339622 -0.007228
15.344623 -0.007555
15.349625 -0.008007
15.354626 -0.008564
15.359628 -0.009454
15.364629 -0.010563
15.369631 -0.011287
15.374632 -0.010934
15.379634 -0.009114
15.384635 -0.006037
15.389637 -0.002800
15.394638 -0.001057
15.399640 -0.001902
15.404641 -0.005077
15.409643 -0.009420
15.414644 -0.013775
15.419646 -0.017161
15.424647 -0.018603
15.429649 -0.017625
15.434650 -0.014926
15.439652 -0.012024
15.444653 -0.010090
15.449655 -0.009277
15.454656 -0.008907
15.459658 -0.007919
15.464659 -0.005396
15.469661 -0.001209
15.474662 0.003844
15.479664 0.008815
15.484665 0.013359
15.489667 0.017503
15.494668 0.021007
15.499670 0.023441
15.504671 0.024654
15.509673 0.024710
15.514675 0.023619
15.519676 0.021561
15.524678 0.019108
15.529679 0.016671
15.534681 0.013867
15.539682 0.009877
15.544684 0.004442
15.549685 -0.001688
15.554687 -0.007061
15.559688 -0.010096
15.564690 -0.009776
15.569691 -0.006297
15.574693 -0.000975
15.579694 0.004760
15.584696 0.010173
15.589697 0.014909
15.594699 0.018340
15.599700 0.019740
15.604702 0.018968
15.609703 0.016604
15.614705 0.013552
15.619706 0.010795
15.624708 0.009179
15.629709 0.008879
15.634711 0.009064
15.639712 0.008399
15.644714 0.005912
15.649715 0.001318
15.654717 -0.005060
15.659718 -0.012227
15.664720 -0.018679
15.669721 -0.023283
15.674723 -0.026049
15.679724 -0.027735
15.684726 -0.028866
15.689727 -0.029443
15.694729 -0.029365
15.699730 -0.028686
15.704732 -0.027579
15.709733 -0.026375
15.714735 -0.025495
15.719736 -0.024972
15.724738 -0.024238
15.729739 -0.022697
15.734741 -0.020328
15.739742 -0.017383
15.744744 -0.013739
15.749745 -0.008968
15.754747 -0.002914
15.759748 0.004124
15.764750 0.011550
15.769751 0.018516
15.774753 0.024074
15.779754 0.027717
15.784756 0.029592
15.789757 0.029822
15.794759 0.027883
15.799760 0.023073
15.804762 0.015488
15.809763 0.006233
15.814765 -0.003038
15.819766 -0.010487
15.824768 -0.014375
15.829769 -0.013749
15.834771 -0.009083
15.839772 -0.002077
15.844774 0.005128
15.849775 0.010535
15.854777 0.012719
15.859778 0.011403
15.864780 0.007635
15.869781 0.003102
15.874783 -0.000738
15.879785 -0.002883
15.884786 -0.002777
15.889788 -0.000615
15.894789 0.002613
15.899791 0.005884
15.904792 0.008894
15.909794 0.011774
15.914795 0.014277
15.919797 0.015699
15.924798 0.015543
15.929800 0.013973
15.934801 0.011701
15.939803 0.009677
15.944804 0.008622
15.949806 0.008372
15.954807 0.007710
15.959809 0.005252
15.964810 0.000580
15.969812 -0.005572
15.974813 -0.011956
15.979815 -0.017322
15.984816 -0.020764
15.989818 -0.022225
15.994819 -0.022583
15.999821 -0.022742
16.004822 -0.022640
16.009824 -0.021481
16.014825 -0.018774
16.019827 -0.014790
16.024828 -0.010247
16.029830 -0.005998
16.034831 -0.002814
16.039833 -0.000968
16.044834 -0.000046
16.049836 0.000589
16.054837 0.001337
16.059839 0.002553
16.064840 0.004763
16.069842 0.008156
16.074843 0.012117
16.079845 0.015794
16.084846 0.018952
16.089848 0.021844
16.094849 0.024456
16.099851 0.026318
16.104852 0.026803
16.109854 0.025175
16.114855 0.020667
16.119857 0.013165
16.124858 0.003777
16.129860 -0.005590
16.134861 -0.013097
16.139863 -0.017291
16.144864 -0.017148
16.149866 -0.012553
16.154867 -0.004672
16.159869 0.004586
16.164870 0.013473
16.169872 0.020653
16.174873 0.025040
16.179875 0.026045
16.184876 0.023932
16.189878 0.019505
16.194879 0.013481
16.199881 0.006378
16.204882 -0.001241
16.209884 -0.008839
16.214885 -0.015979
16.219887 -0.021944
16.224888 -0.025580
16.229890 -0.026066
16.234892 -0.023814
16.239893 -0.020283
16.244895 -0.017044
16.249896 -0.015210
16.254898 -0.015278
16.259899 -0.016852
16.264901 -0.018580
16.269902 -0.018845
16.274904 -0.016587
16.279905 -0.011369
16.284907 -0.003152
16.289908 0.007370
16.294910 0.018361
16.299911 0.027249
16.304913 0.031683
16.309914 0.030225
16.314916 0.022795
16.319917 0.011095
16.324919 -0.001618
16.329920 -0.011868
16.334922 -0.017426
16.339923 -0.017701
16.344925 -0.013364
16.349926 -0.006123
16.354928 0.001500
16.359929 0.007087
16.364931 0.009430
16.369932 0.008779
16.374934 0.006318
16.379935 0.003711
16.384937 0.002707
16.389938 0.004367
16.394940 0.008361
16.399941 0.013155
16.404943 0.016793
16.409944 0.017475
16.414946 0.014005
16.419947 0.006463
16.424949 -0.003487
16.429950 -0.013327
16.434952 -0.020821
16.439953 -0.024535
16.444955 -0.023838
16.449956 -0.019058
16.454958 -0.011593
16.459959 -0.003373
16.464961 0.004002
16.469962 0.009596
16.474964 0.012952
16.479965 0.014007
16.484967 0.013103
16.489968 0.010709
16.494970 0.007165
16.499971 0.002897
16.504973 -0.001340
16.509974 -0.004827
16.514976 -0.007320
16.519977 -0.008695
16.524979 -0.008346
16.529980 -0.005421
16.534982 0.000338
16.539983 0.008216
16.544985 0.016718
16.549986 0.023768
16.554988 0.027187
16.559989 0.025831
16.564991 0.020511
16.569992 0.013517
16.574994 0.007187
16.579995 0.002881
16.584997 0.000776
16.589998 0.000150
16.595000 0.000083
0.000000 0.000000
0.005001 -0.000178
0.010002 -0.000236
0.015003 0.000089
0.020004 0.000079
0.025005 0.000022
0.030006 -0.000016
0.035007 -0.000083
0.040008 0.000070
0.045009 -0.000073
0.050010 -0.000255
0.055011 -0.000045
0.060012 -0.000045
0.065013 -0.000007
0.070014 -0.000007
0.075015 -0.000121
0.080016 -0.000035
0.085017 -0.000121
0.090018 -0.000169
0.095019 0.000013
0.100020 0.000032
0.105021 -0.000255
0.110022 -0.000197
0.115023 -0.000054
0.120024 -0.000064
0.125025 -0.000035
0.130026 -0.000083
0.135027 0.000079
0.140028 0.000003
0.145029 -0.000035
0.150030 -0.000035
0.155031 -0.000054
0.160032 0.000213
0.165033 0.000022
0.170034 -0.000102
0.175035 0.000070
0.180036 -0.000006
0.185037 -0.000121
0.190038 -0.000035
0.195039 0.000079
0.200040 0.000070
0.205041 -0.000130
0.210042 -0.000254
0.215043 0.000080
0.220044 0.000194
0.225045 -0.000054
0.230046 -0.000025
0.235047 -0.000102
0.240049 -0.000044
0.245050 0.000032
0.250051 -0.000111
0.255052 0.000127
0.260053 0.000175
0.265054 0.000022
0.270055 -0.000149
0.275056 -0.000111
0.280057 0.000013
0.285058 -0.000197
0.290059 -0.000121
0.295060 -0.000035
0.300061 0.000089
0.305062 -0.000035
0.310063 -0.000149
0.315064 0.000118
0.320065 0.000108
0.325066 0.000080
0.330067 -0.000121
0.335068 -0.000111
0.340069 0.000099
0.345070 -0.000054
0.350071 -0.000197
0.355072 0.000013
0.360073 0.000108
0.365074 -0.000063
0.370075 -0.000130
0.375076 -0.000130
0.380077 -0.000016
0.385078 -0.000025
0.390079 -0.000101
0.395080 0.000013
0.400081 0.000099
0.405082 0.000032
0.410083 0.000013
0.415084 -0.000054
0.420085 -0.000006
0.425086 0.000089
0.430087 -0.000159
0.435088 0.000070
0.440089 0.000175
0.445090 -0.000311
0.450091 -0.000159
0.455092 0.000166
0.460093 -0.000015
0.465094 -0.000244
0.470095 -0.000197
0.475096 -0.000015
0.480097 0.000089
0.485098 -0.000225
0.490099 -0.000130
0.495100 0.000214
0.500101 -0.000082
0.505102 -0.000158
0.510103 -0.000158
0.515104 -0.000082
0.520105 0.000090
0.525106 0.000023
0.530107 0.000051
0.535108 -0.000054
0.540109 -0.000054
0.545110 0.000023
0.550111 -0.000216
0.555112 -0.000187
0.560113 0.000013
0.565114 -0.000168
0.570115 -0.000197
0.575116 0.000023
0.580117 0.000032
0.585118 -0.000025
0.590119 -0.000053
0.595120 -0.000139
0.600121 -0.000053
0.605122 0.000090
0.610123 0.000023
0.615124 0.000052
0.620125 0.000004
0.625126 0.000023
0.630127 -0.000063
0.635128 -0.000139
0.640129 0.000128
0.645130 0.000004
0.650131 -0.000015
0.655132 0.000128
0.660133 0.000004
0.665134 -0.000082
0.670135 -0.000025
0.675136 0.000004
0.680137 0.000157
0.685138 0.000033
0.690139 -0.000273
0.695140 -0.000053
0.700141 0.000118
0.705142 0.000004
0.710143 0.000061
0.715145 0.000071
0.720146 -0.000063
0.725147 -0.000053
0.730148 -0.000091
0.735149 -0.000015
0.740150 0.000138
0.745151 0.000033
0.750152 0.000023
0.755153 -0.000044
0.760154 -0.000034
0.765155 -0.000053
0.770156 -0.000110
0.775157 0.000071
0.780158 0.000033
0.785159 0.000014
0.790160 -0.000015
0.795161 0.000023
0.800162 0.000147
0.805163 0.000023
0.810164 -0.000063
0.815165 0.000023
0.820166 0.000071
0.825167 -0.000158
0.830168 -0.000072
0.835169 0.000119
0.840170 0.000147
0.845171 0.000081
0.850172 -0.000129
0.855173 -0.000082
0.860174 0.000023
0.865175 0.000052
0.870176 -0.000063
0.875177 -0.000034
0.880178 -0.000062
0.885179 -0.000158
0.890180 0.000004
0.895181 -0.000024
0.900182 -0.000005
0.905183 -0.000062
0.910184 -0.000101
0.915185 0.000176
0.920186 0.000004
0.925187 -0.000206
0.930188 0.000071
0.935189 0.000186
0.940190 0.000004
0.945191 -0.000158
0.950192 -0.000205
0.955193 -0.000005
0.960194 0.000109
0.965195 0.000004
0.970196 -0.000034
0.975197 0.000043
0.980198 0.000081
0.985199 -0.000129
0.990200 -0.000244
0.995201 0.000024
1.000202 0.000205
1.005203 0.000024
1.010204 -0.000072
1.015205 0.000024
1.020206 0.000052
1.025207 0.000024
1.030208 -0.000091
1.035209 -0.000119
1.040210 -0.000091
1.045211 -0.000167
1.050212 -0.000043
1.055213 0.000090
1.060214 0.000014
1.065215 -0.000043
1.070216 -0.000148
1.075217 -0.000072
1.080218 0.000090
1.085219 -0.000024
1.090220 0.000090
1.095221 0.000062
1.100222 -0.000091
1.105223 0.000043
1.110224 -0.000081
1.115225 -0.000033
1.120226 0.000014
1.125227 -0.000100
1.130228 -0.000043
1.135229 -0.000167
1.140230 -0.000110
1.145231 0.000081
1.150232 -0.000062
1.155233 0.000014
1.160234 0.000138
1.165235 -0.000072
1.170236 -0.000052
1.175237 0.000024
1.180238 -0.000014
1.185239 0.000052
1.190241 0.000024
1.195242 -0.000033
1.200243 0.000033
1.205244 -0.000081
1.210245 -0.000129
1.215246 -0.000024
1.220247 0.000043
1.225248 0.000053
1.230249 -0.000110
1.235250 0.000043
1.240251 0.000158
1.245252 -0.000071
1.250253 -0.000110
1.255254 0.000034
1.260255 0.000005
1.265256 -0.000157
1.270257 -0.000157
1.275258 -0.000062
1.280259 0.000148
1.285260 0.000043
1.290261 -0.000157
1.295262 0.000005
1.300263 0.000005
1.305264 -0.000090
1.310265 -0.000138
1.315266 -0.000052
1.320267 0.000034
1.325268 -0.000014
1.330269 -0.000024
1.335270 0.000205
1.340271 0.000196
1.345272 -0.000129
1.350273 -0.000081
1.355274 0.000053
1.360275 0.000120
1.365276 0.000015
1.370277 -0.000014
1.375278 0.000205
1.380279 0.000091
1.385280 -0.000157
1.390281 -0.000043
1.395282 0.000129
1.400283 0.000120
1.405284 -0.000081
1.410285 -0.000138
1.415286 0.000110
1.420287 0.000158
1.425288 -0.000100
1.430289 -0.000233
1.435290 -0.000014
1.440291 0.000015
1.445292 -0.000042
1.450293 -0.000052
1.455294 -0.000176
1.460295 0.000034
1.465296 0.000129
1.470297 -0.000042
1.475298 0.000024
1.480299 0.000015
1.485300 -0.000090
1.490301 0.000072
1.495302 0.000148
1.500303 -0.000023
1.505304 -0.000205
1.510305 -0.000185
1.515306 0.000091
1.520307 0.000129
1.525308 0.000005
1.530309 0.000043
1.535310 0.000072
1.540311 0.000129
1.545312 0.000110
1.550313 0.000005
1.555314 0.000091
1.560315 0.000063
1.565316 -0.000166
1.570317 -0.000004
1.575318 0.000034
1.580319 -0.000061
1.585320 0.000072
1.590321 0.000005
1.595322 0.000044
1.600323 0.000063
1.605324 0.000063
1.610325 0.000168
1.615326 0.000025
1.620327 0.000015
1.625328 -0.000061
1.630329 -0.000128
1.635330 0.000025
1.640331 -0.000033
1.645332 -0.000166
1.650333 -0.000204
1.655334 -0.000061
1.660335 0.000006
1.665336 -0.000195
1.670338 -0.000090
1.675339 0.000091
1.680340 0.000034
1.685341 -0.000061
1.690342 -0.000061
1.695343 0.000101
1.700344 0.000111
1.705345 0.000034
1.710346 0.000006
1.715347 0.000063
1.720348 0.000244
1.725349 -0.000061
1.730350 -0.000281
1.735351 0.000006
1.740352 0.000006
1.745353 0.000006
1.750354 -0.000032
1.755355 -0.000004
1.760356 0.000111
1.765357 -0.000090
1.770358 -0.000052
1.775359 0.000092
1.780360 -0.000023
1.785361 -0.000118
1.790362 -0.000137
1.795363 -0.000023
1.800364 0.000206
1.805365 0.000034
1.810366 -0.000080
1.815367 0.000120
1.820368 0.000130
1.825369 0.000092
1.830370 0.000025
1.835371 -0.000013
1.840372 0.000101
1.845373 0.000054
1.850374 -0.000051
1.855375 0.000054
1.860376 -0.000032
1.865377 -0.000166
1.870378 -0.000032
1.875379 0.000082
1.880380 0.000015
1.885381 -0.000051
1.890382 -0.000013
1.895383 -0.000013
1.900384 0.000035
1.905385 -0.000061
1.910386 -0.000004
1.915387 0.000149
1.920388 0.000111
1.925389 -0.000109
1.930390 -0.000290
1.935391 0.000101
1.940392 0.000283
1.945393 -0.000042
1.950394 -0.000213
1.955395 0.000054
1.960396 0.000283
1.965397 0.000197
1.970398 -0.000099
1.975399 -0.000061
1.980400 0.000235
1.985401 0.000063
1.990402 -0.000127
1.995403 -0.000204
2.000404 -0.000089
2.005405 -0.000032
2.010406 0.000006
2.015407 0.000073
2.020408 0.000016
2.025409 -0.000042
2.030410 -0.000051
2.035411 0.000044
2.040412 -0.000099
2.045413 -0.000099
2.050414 0.000006
2.055415 0.000044
2.060416 0.000063
2.065417 -0.000118
2.070418 -0.000137
2.075419 -0.000146
2.080420 -0.000022
2.085421 -0.000089
2.090422 -0.000280
2.095423 -0.000003
2.100424 0.000092
2.105425 -0.000080
2.110426 -0.000156
2.115427 -0.000022
2.120428 0.000102
2.125429 0.000006
2.130430 -0.000060
2.135431 -0.000099
2.140432 -0.000060
2.145434 0.000025
2.150435 0.000025
2.155436 -0.000080
2.160437 -0.000118
2.165438 -0.000099
2.170439 -0.000079
2.175440 -0.000032
2.180441 -0.000022
2.185442 -0.000013
2.190443 -0.000118
2.195444 -0.000127
2.200445 0.000006
2.205446 -0.000003
2.210447 -0.000041
2.215448 0.000045
2.220449 -0.000032
2.225450 -0.000013
2.230451 0.000006
2.235452 -0.000041
2.240453 0.000083
2.245454 -0.000060
2.250455 -0.000079
2.255456 0.000111
2.260457 0.000150
2.265458 0.000007
2.270459 -0.000137
2.275460 0.000073
2.280461 0.000131
2.285462 -0.000022
2.290463 0.000054
2.295464 0.000150
2.300465 -0.000012
2.305466 -0.000194
2.310467 -0.000137
2.315468 0.000083
2.320469 0.000035
2.325470 -0.000022
2.330471 -0.000003
2.335472 0.000026
2.340473 0.000093
2.345474 0.000016
2.350475 0.000083
2.355476 0.000121
2.360477 0.000188
2.365478 0.000035
2.370479 -0.000003
2.375480 0.000102
2.380481 -0.000079
2.385482 -0.000012
2.390483 0.000007
2.395484 0.000255
2.400485 0.000283
2.405486 -0.000127
2.410487 0.000007
2.415488 0.000207
2.420489 0.000083
2.425490 -0.000174
2.430491 -0.000117
2.435492 0.000016
2.440493 0.000207
2.445494 0.000112
2.450495 -0.000270
2.455496 -0.000089
2.460497 0.000074
2.465498 0.000093
2.470499 -0.000069
2.475500 -0.000108
2.480501 0.000102
2.485502 0.000045
2.490503 -0.000012
2.495504 0.000045
2.500505 0.000055
2.505506 -0.000041
2.510507 -0.000041
2.515508 -0.000069
2.520509 -0.000136
2.525510 -0.000079
2.530511 -0.000069
2.535512 -0.000031
2.540513 -0.000003
2.545514 -0.000136
2.550515 -0.000012
2.555516 0.000160
2.560517 -0.000098
2.565518 -0.000146
2.570519 0.000055
2.575520 0.000122
2.580521 0.000045
2.585522 -0.000136
2.590523 -0.000174
2.595524 0.000064
2.600525 -0.000117
2.605526 -0.000298
2.610527 -0.000079
2.615528 0.000045
2.620530 0.000160
2.625531 -0.000088
2.630532 -0.000136
2.635533 0.000131
2.640534 0.000026
2.645535 -0.000050
2.650536 -0.000117
2.655537 -0.000069
2.660538 0.000007
2.665539 0.000036
2.670540 0.000074
2.675541 0.000045
2.680542 0.000017
2.685543 -0.000174
2.690544 -0.000155
2.695545 -0.000002
2.700546 -0.000088
2.705547 -0.000126
2.710548 -0.000079
2.715549 0.000017
2.720550 0.000055
2.725551 0.000026
2.730552 -0.000012
2.735553 -0.000050
2.740554 0.000007
2.745555 -0.000212
2.750556 -0.000250
2.755557 0.000065
2.760558 0.000084
2.765559 0.000026
2.770560 -0.000088
2.775561 -0.000002
2.780562 0.000026
2.785563 -0.000193
2.790564 -0.000050
2.795565 -0.000040
2.800566 -0.000050
2.805567 -0.000126
2.810568 -0.000212
2.815569 -0.000069
2.820570 -0.000088
2.825571 0.000046
2.830572 -0.000098
2.835573 -0.000078
2.840574 0.000027
2.845575 -0.000221
2.850576 -0.000155
2.855577 -0.000012
2.860578 -0.000002
2.865579 -0.000012
2.870580 0.000017
2.875581 -0.000050
2.880582 0.000055
2.885583 -0.000021
2.890584 -0.000221
2.895585 0.000046
2.900586 -0.000059
2.905587 -0.000145
2.910588 -0.000021
2.915589 -0.000069
2.920590 -0.000040
2.925591 -0.000221
2.930592 -0.000212
2.935593 -0.000031
2.940594 -0.000088
2.945595 -0.000097
2.950596 -0.000002
2.955597 -0.000011
2.960598 -0.000174
2.965599 -0.000212
2.970600 -0.000097
2.975601 0.000103
2.980602 0.000008
2.985603 -0.000279
2.990604 -0.000097
2.995605 0.000189
3.000606 0.000208
3.005607 -0.000107
3.010608 -0.000212
3.015609 -0.000002
3.020610 -0.000088
3.025611 -0.000126
3.030612 -0.000107
3.035613 -0.000069
3.040614 0.000084
3.045615 -0.000011
3.050616 -0.000193
3.055617 -0.000040
3.060618 0.000075
3.065619 -0.000126
3.070620 -0.000107
3.075621 -0.000059
3.080622 -0.000021
3.085623 -0.000011
3.090624 -0.000154
3.095626 -0.000030
3.100627 0.000084
3.105628 -0.000049
3.110629 -0.000288
3.115630 -0.000183
3.120631 -0.000011
3.125632 -0.000040
3.130633 -0.000259
3.135634 -0.000164
3.140635 0.000075
3.145636 -0.000135
3.150637 -0.000154
3.155638 -0.000068
3.160639 0.000037
3.165640 -0.000183
3.170641 -0.000402
3.175642 -0.000049
3.180643 0.000056
3.185644 -0.000049
3.190645 -0.000126
3.195646 -0.000087
3.200647 -0.000059
3.205648 -0.000164
3.210649 -0.000211
3.215650 -0.000106
3.220651 -0.000049
3.225652 -0.000173
3.230653 -0.000154
3.235654 -0.000049
3.240655 -0.000068
3.245656 -0.000049
3.250657 -0.000011
3.255658 -0.000068
3.260659 0.000065
3.265660 0.000094
3.270661 -0.000116
3.275662 0.000008
3.280663 -0.000011
3.285664 -0.000097
3.290665 -0.000020
3.295666 0.000008
3.300667 0.000037
3.305668 -0.000106
3.310669 -0.000125
3.315670 -0.000068
3.320671 0.000046
3.325672 -0.000059
3.330673 -0.000135
3.335674 0.000018
3.340675 -0.000135
3.345676 -0.000068
3.350677 -0.000059
3.355678 -0.000039
3.360679 0.000123
3.365680 -0.000039
3.370681 -0.000097
3.375682 -0.000125
3.380683 -0.000001
3.385684 0.000046
3.390685 -0.000202
3.395686 -0.000011
3.400687 0.000142
3.405688 0.000037
3.410689 -0.000011
3.415690 -0.000011
3.420691 0.000008
3.425692 -0.000087
3.430693 -0.000116
3.435694 -0.000039
3.440695 -0.000020
3.445696 -0.000182
3.450697 -0.000058
3.455698 0.000008
3.460699 -0.000135
3.465700 -0.000039
3.470701 -0.000039
3.475702 0.000113
3.480703 0.000008
3.485704 -0.000249
3.490705 -0.000096
3.495706 0.000104
3.500707 0.000085
3.505708 -0.000173
3.510709 -0.000182
3.515710 0.000009
3.520711 0.000104
3.525712 -0.000030
3.530713 -0.000068
3.535714 0.000056
3.540715 0.000104
3.545716 0.000056
3.550717 -0.000087
3.555718 -0.000010
3.560719 0.000066
3.565720 -0.000106
3.570722 -0.000249
3.575723 -0.000106
3.580724 -0.000106
3.585725 -0.000230
3.590726 -0.000144
3.595727 -0.000068
3.600728 0.000066
3.605729 -0.000020
3.610730 -0.000144
3.615731 0.000028
3.620732 0.000037
3.625733 0.000066
3.630734 0.000066
3.635735 -0.000020
3.640736 -0.000010
3.645737 -0.000001
3.650738 -0.000001
3.655739 -0.000068
3.660740 -0.000039
3.665741 -0.000153
3.670742 -0.000277
3.675743 -0.000172
3.680744 0.000009
3.685745 0.000047
3.690746 -0.000058
3.695747 0.000123
3.700748 0.000095
3.705749 -0.000144
3.710750 -0.000191
3.715751 -0.000029
3.720752 0.000085
3.725753 -0.000001
3.730754 -0.000182
3.735755 -0.000096
3.740756 0.000104
3.745757 -0.000220
3.750758 -0.000239
3.755759 -0.000096
3.760760 -0.000191
3.765761 -0.000001
3.770762 -0.000039
3.775763 0.000009
3.780764 0.000209
3.785765 0.000066
3.790766 -0.000010
3.795767 0.000076
3.800768 0.000057
3.805769 -0.000067
3.810770 -0.000086
3.815771 0.000057
3.820772 0.000047
3.825773 -0.000067
3.830774 0.000009
3.835775 0.000009
3.840776 -0.000077
3.845777 -0.000067
3.850778 -0.000000
3.855779 -0.000048
3.860780 0.000028
3.865781 0.000038
3.870782 -0.000163
3.875783 -0.000039
3.880784 -0.000019
3.885785 -0.000134
3.890786 -0.000058
3.895787 0.000038
3.900788 0.000019
3.905789 -0.000096
3.910790 -0.000010
3.915791 0.000057
3.920792 0.000028
3.925793 0.000076
3.930794 0.000009
3.935795 -0.000038
3.940796 0.000171
3.945797 0.000086
3.950798 -0.000124
3.955799 0.000038
3.960800 0.000095
3.965801 -0.000010
3.970802 -0.000038
3.975803 -0.000038
3.980804 0.000028
3.985805 -0.000172
3.990806 -0.000191
3.995807 0.000086
4.000808 -0.000029
4.005809 -0.000143
4.010810 -0.000067
4.015811 0.000048
4.020812 -0.000019
4.025813 -0.000220
4.030814 -0.000162
4.035815 -0.000029
4.040816 0.000114
4.045818 -0.000134
4.050819 -0.000305
4.055820 -0.000076
4.060821 0.000057
4.065822 0.000124
4.070823 0.000009
4.075824 0.000057
4.080825 0.000095
4.085826 -0.000067
4.090827 0.000009
4.095828 0.000029
4.100829 -0.000105
4.105830 -0.000219
4.110831 -0.000105
4.115832 0.000153
4.120833 -0.000086
4.125834 -0.000191
4.130835 0.000124
4.135836 0.000019
4.140837 -0.000181
4.145838 -0.000153
4.150839 -0.000181
4.155840 -0.000105
4.160841 0.000115
4.165842 0.000038
4.170843 -0.000019
4.175844 0.000048
4.180845 -0.000105
4.185846 -0.000105
4.190847 -0.000086
4.195848 0.000029
4.200849 0.000134
4.205850 0.000000
4.210851 0.000019
4.215852 0.000048
4.220853 -0.000114
4.225854 -0.000172
4.230855 0.000000
4.235856 -0.000019
4.240857 -0.000105
4.245858 0.000038
4.250859 0.000038
4.255860 0.000181
4.260861 0.000124
4.265862 -0.000191
4.270863 -0.000114
4.275864 0.000010
4.280865 0.000000
4.285866 -0.000124
4.290867 -0.000105
4.295868 0.000038
4.300869 -0.000019
4.305870 -0.000105
4.310871 0.000038
4.315872 0.000010
4.320873 -0.000124
4.325874 0.000019
4.330875 -0.000038
4.335876 0.000010
4.340877 0.000000
4.345878 -0.000171
4.350879 0.000000
4.355880 0.000115
4.360881 0.000058
4.365882 -0.000009
4.370883 -0.000085
4.375884 -0.000076
4.380885 0.000019
4.385886 -0.000181
4.390887 -0.000200
4.395888 0.000086
4.400889 0.000000
4.405890 -0.000124
4.410891 -0.000124
4.415892 -0.000019
4.420893 0.000096
4.425894 0.000010
4.430895 -0.000057
4.435896 -0.000009
4.440897 0.000010
4.445898 -0.000114
4.450899 -0.000171
4.455900 -0.000009
4.460901 0.000010
4.465902 -0.000123
4.470903 0.000048
4.475904 0.000220
4.480905 -0.000038
4.485906 -0.000133
4.490907 -0.000019
4.495908 0.000067
4.500909 0.000086
4.505910 -0.000228
4.510911 -0.000257
4.515912 0.000001
4.520914 0.000010
4.525915 -0.000123
4.530916 -0.000104
4.535917 0.000010
4.540918 0.000010
4.545919 -0.000095
4.550920 -0.000085
4.555921 0.000096
4.560922 0.000039
4.565923 -0.000018
4.570924 -0.000161
4.575925 -0.000009
4.580926 0.000249
4.585927 -0.000076
4.590928 -0.000028
4.595929 0.000144
4.600930 0.000087
4.605931 -0.000076
4.610932 -0.000180
4.615933 0.000087
4.620934 0.000125
4.625935 -0.000095
4.630936 -0.000133
4.635937 0.000115
4.640938 0.000049
4.645939 -0.000075
4.650940 0.000010
4.655941 -0.000114
4.660942 -0.000095
4.665943 -0.000075
4.670944 -0.000056
4.675945 0.000115
4.680946 0.000134
4.685947 0.000020
4.690948 0.000001
4.695949 -0.000056
4.700950 -0.000133
4.705951 -0.000133
4.710952 -0.000152
4.715953 -0.000056
4.720954 0.000068
4.725955 0.000010
4.730956 -0.000047
4.735957 0.000087
4.740958 0.000115
4.745959 -0.000037
4.750960 -0.000066
4.755961 0.000030
4.760962 0.000125
4.765963 -0.000028
4.770964 -0.000123
4.775965 0.000011
4.780966 0.000020
4.785967 -0.000037
4.790968 -0.000104
4.795969 -0.000123
4.800970 -0.000008
4.805971 0.000001
4.810972 -0.000066
4.815973 -0.000008
4.820974 -0.000285
4.825975 -0.000514
4.830976 -0.000857
4.835977 -0.001792
4.840978 -0.003385
4.845979 -0.004559
4.850980 -0.002374
4.855981 0.001938
4.860982 0.003884
4.865983 0.003130
4.870984 0.002071
4.875985 -0.003013
4.880986 -0.013250
4.885987 -0.024239
4.890988 -0.016684
4.895989 0.006879
4.900990 0.011525
4.905991 0.006975
4.910992 -0.003738
4.915993 -0.020948
4.920994 -0.021072
4.925995 -0.011408
4.930996 0.001766
4.935997 0.004018
4.940998 -0.003776
4.945999 -0.007821
4.951000 -0.007898
4.956001 -0.003872
4.961002 -0.011599
4.966003 -0.016312
4.971004 -0.005379
4.976005 0.005658
4.981006 -0.010216
4.986007 -0.052496
4.991008 -0.083090
4.996009 -0.107798
5.001011 -0.090922
5.006012 -0.009615
5.011013 0.048340
5.016014 0.051392
5.021015 0.022611
5.026016 -0.002183
5.031017 0.040651
5.036018 0.087081
5.041019 0.069976
5.046020 0.040116
5.051021 0.003751
5.056022 -0.019584
5.061023 -0.013192
5.066024 -0.022245
5.071025 -0.024096
5.076026 0.033486
5.081027 0.103747
5.086028 0.123647
5.091029 0.085039
5.096030 0.033343
5.101031 0.000345
5.106032 -0.058582
5.111033 -0.107378
5.116034 -0.072520
5.121035 0.009742
5.126036 0.049322
5.131037 0.028154
5.136038 0.003255
5.141039 0.001318
5.146040 0.011850
5.151041 0.005277
5.156042 -0.036355
5.161043 -0.072129
5.166044 -0.039932
5.171045 0.014416
5.176046 0.021132
5.181047 0.017231
5.186048 0.032189
5.191049 0.055972
5.196050 0.075977
5.201051 0.049904
5.206052 -0.002555
5.211053 -0.017666
5.216054 -0.001916
5.221055 0.038495
5.226056 0.039697
5.231057 -0.037766
5.236058 -0.107464
5.241059 -0.114819
5.246060 -0.059708
5.251061 -0.017437
5.256062 0.019034
5.261063 0.116960
5.266064 0.154594
5.271065 0.067935
5.276066 -0.049882
5.281067 -0.116288
5.286068 -0.089109
5.291069 -0.014232
5.296070 0.019072
5.301071 0.003913
5.306072 0.016868
5.311073 0.039392
5.316074 0.016811
5.321075 -0.014613
5.326076 -0.018687
5.331077 0.008655
5.336078 0.021371
5.341079 -0.004386
5.346080 -0.019679
5.351081 0.011335
5.356082 0.028087
5.361083 -0.006600
5.366084 -0.002889
5.371085 0.065207
5.376086 0.081710
5.381087 -0.014603
5.386088 -0.089195
5.391089 -0.051933
5.396090 0.025578
5.401091 0.073115
5.406092 0.063413
5.411093 0.023508
5.416094 -0.037604
5.421095 -0.101730
5.426096 -0.106529
5.431097 -0.059021
5.436098 -0.009328
5.441099 0.033410
5.446100 0.066065
5.451101 0.035137
5.456102 -0.076707
5.461103 -0.202652
5.466104 -0.231290
5.471105 -0.126725
5.476107 0.013930
5.481108 0.130058
5.486109 0.177538
5.491110 0.096507
5.496111 -0.033902
5.501112 -0.080666
5.506113 -0.019812
5.511114 0.061334
5.516115 0.062469
5.521116 0.001414
5.526117 -0.022559
5.531118 0.046223
5.536119 0.131260
5.541120 0.114251
5.546121 0.031999
5.551122 -0.024114
5.556123 -0.030697
5.561124 0.014331
5.566125 0.063719
5.571126 0.049562
5.576127 -0.027110
5.581128 -0.075810
5.586129 -0.067425
5.591130 -0.093678
5.596131 -0.136865
5.601132 -0.098811
5.606133 -0.008650
5.611134 0.028326
5.616135 0.020265
5.621136 0.064129
5.626137 0.139713
5.631138 0.119651
5.636139 -0.014689
5.641140 -0.096922
5.646141 -0.059783
5.651142 -0.017303
5.656143 0.006976
5.661144 0.033020
5.666145 0.029547
5.671146 0.003446
5.676147 -0.018314
5.681148 0.014741
5.686149 0.082617
5.691150 0.092643
5.696151 0.030911
5.701152 -0.074274
5.706153 -0.122088
5.711154 -0.061653
5.716155 0.013043
5.721156 0.039631
5.726157 0.030606
5.731158 0.010296
5.736159 -0.022435
5.741160 -0.034054
5.746161 -0.002993
5.751162 0.030511
5.756163 0.024444
5.761164 -0.018009
5.766165 -0.032433
5.771166 0.007205
5.776167 0.033010
5.781168 0.037914
5.786169 0.034394
5.791170 -0.025240
5.796171 -0.067425
5.801172 -0.042869
5.806173 -0.026070
5.811174 -0.043661
5.816175 -0.055633
5.821176 -0.047362
5.826177 -0.032433
5.831178 -0.003985
5.836179 0.027830
5.841180 0.051775
5.846181 0.022727
5.851182 -0.036735
5.856183 -0.019802
5.861184 0.051556
5.866185 0.081186
5.871186 0.016583
5.876187 -0.109733
5.881188 -0.172935
5.886189 -0.094136
5.891190 0.026256
5.896191 0.103023
5.901192 0.160434
5.906193 0.149148
5.911194 0.062164
5.916195 0.014637
5.921196 0.065866
5.926197 0.097643
5.931198 0.050068
5.936199 0.023270
5.941200 -0.025840
5.946201 -0.143771
5.951203 -0.202651
5.956204 -0.130683
5.961205 -0.012103
5.966206 0.058034
5.971207 0.068232
5.976208 0.049257
5.981209 0.039793
5.986210 0.065589
5.991211 0.099532
5.996212 0.067392
6.001213 -0.017169
6.006214 -0.067691
6.011215 -0.060632
6.016216 -0.017875
6.021217 0.014027
6.026218 0.026772
6.031219 0.042446
6.036220 0.032076
6.041221 0.010201
6.046222 0.020227
6.051223 0.022011
6.056224 -0.031793
6.061225 -0.074875
6.066226 -0.053954
6.071227 -0.020374
6.076228 0.004191
6.081229 0.035195
6.086230 0.065799
6.091231 0.048151
6.096232 -0.009508
6.101233 -0.036859
6.106234 -0.037040
6.111235 -0.019487
6.116236 0.002493
6.121237 -0.006150
6.126238 -0.023264
6.131239 -0.039348
6.136240 -0.036172
6.141241 0.006948
6.146242 0.028260
6.151243 0.024902
6.156244 0.034251
6.161245 0.022412
6.166246 -0.019210
6.171247 -0.062616
6.176248 -0.084758
6.181249 -0.070200
6.186250 -0.025888
6.191251 0.010583
6.196252 0.013063
6.201253 -0.001752
6.206254 -0.002887
6.211255 0.044487
6.216256 0.093007
6.221257 0.076637
6.226258 0.025284
6.231259 -0.031421
6.236260 -0.068569
6.241261 -0.055804
6.246262 -0.001208
6.251263 0.057853
6.256264 0.084488
6.261265 0.084087
6.266266 0.090756
6.271267 0.101068
6.276268 0.076847
6.281269 -0.001399
6.286270 -0.092036
6.291271 -0.107567
6.296272 -0.057913
6.301273 -0.037440
6.306274 -0.063512
6.311275 -0.082783
6.316276 -0.065688
6.321277 -0.041084
6.326278 -0.046131
6.331279 -0.061375
6.336280 -0.032365
6.341281 0.025465
6.346282 0.044965
6.351283 0.014390
6.356284 -0.021795
6.361285 -0.030886
6.366286 -0.026431
6.371287 -0.020402
6.376288 0.000538
6.381289 0.045785
6.386290 0.081474
6.391291 0.066839
6.396292 0.016040
6.401293 -0.032250
6.406294 -0.050223
6.411295 -0.021680
6.416296 0.037629
6.421297 0.064512
6.426299 0.044020
6.431300 0.024006
6.436301 0.007950
6.441302 -0.022892
6.446303 -0.037144
6.451304 -0.009374
6.456305 0.017090
6.461306 0.009706
6.466307 -0.007237
6.471308 0.004001
6.476309 0.037295
6.481310 0.048390
6.486311 0.039489
6.491312 0.031752
6.496313 0.024989
6.501314 0.028356
6.506315 0.039565
6.511316 0.039747
6.516317 0.032678
6.521318 0.030121
6.526319 0.012644
6.531320 -0.022186
6.536321 -0.055241
6.541322 -0.080789
6.546323 -0.077297
6.551324 -0.043116
6.556325 -0.013209
6.561326 -0.010137
6.566327 -0.021232
6.571328 -0.021365
6.576329 -0.009822
6.581330 0.007569
6.586331 0.014075
6.591332 0.001349
6.596333 0.004974
6.601334 0.031304
6.606335 0.040758
6.611336 0.001187
6.616337 -0.060612
6.621338 -0.084032
6.626339 -0.064285
6.631340 -0.015279
6.636341 0.034843
6.641342 0.034137
6.646343 -0.014258
6.651344 -0.046417
6.656345 -0.025028
6.661346 0.013436
6.666347 0.030274
6.671348 0.034901
6.676349 0.031314
6.681350 0.000262
6.686351 -0.033757
6.691352 -0.028320
6.696353 0.000624
6.701354 0.015544
6.706355 0.006224
6.711356 -0.015546
6.716357 -0.026993
6.721358 -0.022777
6.726359 -0.000005
6.731360 0.047054
6.736361 0.088047
6.741362 0.098894
6.746363 0.085548
6.751364 0.069015
6.756365 0.055612
6.761366 0.031266
6.766367 0.004517
6.771368 -0.018961
6.776369 -0.040216
6.781370 -0.053953
6.786371 -0.056080
6.791372 -0.038231
6.796373 -0.001331
6.801374 0.029215
6.806375 0.025399
6.811376 -0.001532
6.816377 -0.023549
6.821378 -0.025181
6.826379 -0.013037
6.831380 -0.008095
6.836381 -0.013199
6.841382 -0.011167
6.846383 0.009372
6.851384 0.034500
6.856385 0.034643
6.861386 -0.002743
6.866387 -0.051491
6.871388 -0.084470
6.876389 -0.081618
6.881390 -0.034940
6.886391 0.020515
6.891392 0.049258
6.896393 0.048991
6.901395 0.037610
6.906396 0.013045
6.911397 -0.039824
6.916398 -0.085062
6.921399 -0.069913
6.926400 -0.006731
6.931401 0.044670
6.936402 0.053322
6.941403 0.041693
6.946404 0.037362
6.951405 0.038355
6.956406 0.038011
6.961407 0.033518
6.966408 0.018617
6.971409 -0.002771
6.976410 -0.019857
6.981411 -0.023912
6.986412 -0.019819
6.991413 -0.019819
6.996414 -0.024694
7.001415 -0.033079
7.006416 -0.045529
7.011417 -0.056080
7.016418 -0.053752
7.021419 -0.035674
7.026420 -0.008581
7.031421 0.013980
7.036422 0.025257
7.041423 0.027641
7.046424 0.022404
7.051425 0.016614
7.056426 -0.002561
7.061427 -0.039166
7.066428 -0.060478
7.071429 -0.060363
7.076430 -0.045510
7.081431 -0.011042
7.086432 0.027527
7.091433 0.048973
7.096434 0.059371
7.101435 0.069731
7.106436 0.074320
7.111437 0.075426
7.116438 0.079261
7.121439 0.086378
7.126440 0.081274
7.131441 0.051596
7.136442 0.015364
7.141443 -0.004860
7.146444 -0.001235
7.151445 0.005528
7.156446 -0.013656
7.161447 -0.048572
7.166448 -0.065543
7.171449 -0.072478
7.176450 -0.087485
7.181451 -0.084995
7.186452 -0.049697
7.191453 -0.007684
7.196454 0.014238
7.201455 0.021651
7.206456 0.030380
7.211457 0.038698
7.216458 0.034940
7.221459 0.014649
7.226460 -0.003725
7.231461 -0.008695
7.236462 -0.014200
7.241463 -0.018330
7.246464 -0.010374
7.251465 -0.008819
7.256466 -0.036685
7.261467 -0.072669
7.266468 -0.077076
7.271469 -0.051357
7.276470 -0.027956
7.281471 -0.024255
7.286472 -0.031285
7.291473 -0.038736
7.296474 -0.035693
7.301475 -0.011643
7.306476 0.021584
7.311477 0.047637
7.316478 0.069751
7.321479 0.101289
7.326480 0.139153
7.331481 0.158280
7.336482 0.136462
7.341483 0.075541
7.346484 0.005672
7.351485 -0.034844
7.356486 -0.029644
7.361487 -0.005204
7.366488 0.001932
7.371489 -0.009267
7.376491 -0.021526
7.381492 -0.025809
7.386493 -0.027002
7.391494 -0.024846
7.396495 -0.011566
7.401496 0.012903
7.406497 0.048114
7.411498 0.085043
7.416499 0.104809
7.421500 0.094879
7.426501 0.055985
7.431502 0.003869
7.436503 -0.040577
7.441504 -0.068700
7.446505 -0.082371
7.451506 -0.084803
7.456507 -0.080625
7.461508 -0.081293
7.466509 -0.097730
7.471510 -0.116371
7.476511 -0.110370
7.481512 -0.077649
7.486513 -0.040873
7.491514 -0.021116
7.496515 -0.022079
7.501516 -0.023959
7.506517 -0.006367
7.511518 0.023893
7.516519 0.049841
7.521520 0.071182
7.526521 0.086293
7.531522 0.082801
7.536523 0.059696
7.541524 0.030056
7.546525 0.011615
7.551526 0.007771
7.556527 0.008563
7.561528 0.010642
7.566529 0.015374
7.571530 0.017845
7.576531 0.011625
7.581532 0.003049
7.586533 0.006044
7.591534 0.021012
7.596535 0.033977
7.601536 0.032880
7.606537 0.019658
7.611538 0.008553
7.616539 0.002810
7.621540 -0.004077
7.626541 -0.011671
7.631542 -0.021239
7.636543 -0.035625
7.641544 -0.050841
7.646545 -0.060410
7.651546 -0.063300
7.656547 -0.065619
7.661548 -0.067107
7.666549 -0.058092
7.671550 -0.042828
7.676551 -0.033613
7.681552 -0.022451
7.686553 0.004833
7.691554 0.041160
7.696555 0.063026
7.701556 0.059305
7.706557 0.041695
7.711558 0.026450
7.716559 0.016996
7.721560 0.005091
7.726561 -0.009753
7.731562 -0.023119
7.736563 -0.035377
7.741564 -0.045299
7.746565 -0.049677
7.751566 -0.042952
7.756567 -0.025103
7.761568 -0.005718
7.766569 0.006903
7.771570 0.012360
7.776571 0.014840
7.781572 0.015336
7.786573 0.015813
7.791574 0.018475
7.796575 0.018666
7.801576 0.016481
7.806577 0.018752
7.811578 0.026317
7.816579 0.031401
7.821580 0.027586
7.826581 0.022606
7.831582 0.021366
7.836583 0.017750
7.841584 0.013362
7.846585 0.013314
7.851586 0.016682
7.856588 0.021766
7.861589 0.031211
7.866590 0.042496
7.871591 0.047772
7.876592 0.044929
7.881593 0.036868
7.886594 0.028959
7.891595 0.024352
7.896596 0.024418
7.901597 0.025754
7.906598 0.020536
7.911599 0.009699
7.916600 -0.000242
7.921601 -0.007311
7.926602 -0.015553
7.931603 -0.028594
7.936604 -0.042265
7.941605 -0.050135
7.946606 -0.051366
7.951607 -0.049744
7.956608 -0.050679
7.961609 -0.054161
7.966610 -0.053350
7.971611 -0.044983
7.976612 -0.032715
7.981613 -0.021907
7.986614 -0.016707
7.991615 -0.017805
7.996616 -0.018854
8.001617 -0.013807
8.006618 -0.003409
8.011619 0.007896
8.016620 0.013992
8.021621 0.012627
8.026622 0.005396
8.031623 -0.001453
8.036624 0.001571
8.041625 0.014278
8.046626 0.026603
8.051627 0.031192
8.056628 0.030791
8.061629 0.031097
8.066630 0.030190
8.071631 0.023894
8.076632 0.010386
8.081633 -0.008503
8.086634 -0.023786
8.091635 -0.027459
8.096636 -0.020895
8.101637 -0.010526
8.106638 -0.001434
8.111639 0.005063
8.116640 0.011282
8.121641 0.016358
8.126642 0.016348
8.131643 0.010386
8.136644 0.002210
8.141645 -0.003075
8.146646 -0.005908
8.151647 -0.008446
8.156648 -0.010201
8.161649 -0.010087
8.166650 -0.007950
8.171651 -0.003008
8.176652 0.004242
8.181653 0.009060
8.186654 0.009432
8.191655 0.007457
8.196656 0.004519
8.201657 -0.001339
8.206658 -0.011384
8.211659 -0.021410
8.216660 -0.028327
8.221661 -0.031026
8.226662 -0.028279
8.231663 -0.020981
8.236664 -0.010945
8.241665 -0.002550
8.246666 -0.000928
8.251667 -0.003733
8.256668 -0.003275
8.261669 0.001609
8.266670 0.005120
8.271671 0.005301
8.276672 0.005444
8.281673 0.007600
8.286674 0.011578
8.291675 0.015910
8.296676 0.019353
8.301677 0.021118
8.306678 0.019649
8.311679 0.014345
8.316680 0.006675
8.321681 0.001609
8.326682 0.002325
8.331684 0.005893
8.336685 0.008554
8.341686 0.009222
8.346687 0.008450
8.351688 0.006026
8.356689 0.003050
8.361690 0.001619
8.366691 0.002449
8.371692 0.006389
8.376693 0.012265
8.381694 0.017589
8.386695 0.020870
8.391696 0.021214
8.396697 0.020451
8.401698 0.020260
8.406699 0.020298
8.411700 0.021042
8.416701 0.020975
8.421702 0.016549
8.426703 0.008497
8.431704 0.001829
8.436705 -0.001453
8.441706 -0.003580
8.446707 -0.006995
8.451708 -0.013148
8.456709 -0.021629
8.461710 -0.031255
8.466711 -0.040308
8.471712 -0.045517
8.476713 -0.046728
8.481714 -0.044964
8.486715 -0.039049
8.491716 -0.029690
8.496717 -0.019759
8.501718 -0.013368
8.506719 -0.012557
8.511720 -0.014722
8.516721 -0.015037
8.521722 -0.010267
8.526723 -0.003208
8.531724 0.002239
8.536725 0.006599
8.541726 0.013735
8.546727 0.025383
8.551728 0.034990
8.556729 0.034818
8.561730 0.026709
8.566731 0.019421
8.571732 0.018409
8.576733 0.020909
8.581734 0.019430
8.586735 0.010253
8.591736 -0.001815
8.596737 -0.010696
8.601738 -0.015724
8.606739 -0.018548
8.611740 -0.020017
8.616741 -0.021152
8.621742 -0.022344
8.626743 -0.022001
8.631744 -0.018061
8.636745 -0.009504
8.641746 0.003127
8.646747 0.017484
8.651748 0.029590
8.656749 0.035123
8.661750 0.032366
8.666751 0.022321
8.671752 0.007477
8.676753 -0.007167
8.681754 -0.017470
8.686755 -0.021782
8.691756 -0.021963
8.696757 -0.022173
8.701758 -0.024233
8.706759 -0.028068
8.711760 -0.032352
8.716761 -0.034603
8.721762 -0.033220
8.726763 -0.028230
8.731764 -0.020770
8.736765 -0.012757
8.741766 -0.005421
8.746767 -0.000164
8.751768 0.000914
8.756769 -0.001576
8.761770 -0.004848
8.766771 -0.005020
8.771772 -0.000326
8.776773 0.008527
8.781774 0.019726
8.786775 0.028407
8.791776 0.030783
8.796777 0.027959
8.801778 0.024525
8.806780 0.024410
8.811781 0.026643
8.816782 0.028570
8.821783 0.030888
8.826784 0.033340
8.831785 0.034704
8.836786 0.036268
8.841787 0.038100
8.846788 0.038873
8.851789 0.036974
8.856790 0.031937
8.861791 0.025250
8.866792 0.016550
8.871793 0.006180
8.876794 -0.002339
8.881795 -0.005716
8.886796 -0.003188
8.891797 0.002126
8.896798 0.006218
8.901799 0.005989
8.906800 0.001257
8.911801 -0.005974
8.916802 -0.014779
8.921803 -0.023489
8.926804 -0.030930
8.931805 -0.035061
8.936806 -0.035299
8.941807 -0.035289
8.946808 -0.037302
8.951809 -0.040861
8.956810 -0.044085
8.961811 -0.046508
8.966812 -0.049418
8.971813 -0.052289
8.976814 -0.054255
8.981815 -0.053320
8.986816 -0.047138
8.991817 -0.037961
8.996818 -0.029480
9.001819 -0.023870
9.006820 -0.020970
9.011821 -0.019263
9.016822 -0.018394
9.021823 -0.017307
9.026824 -0.014473
9.031825 -0.009761
9.036826 -0.006050
9.041827 -0.005697
9.046828 -0.007538
9.051829 -0.009494
9.056830 -0.008893
9.061831 -0.004085
9.066832 0.004549
9.071833 0.015071
9.076834 0.025107
9.081835 0.033636
9.086836 0.039579
9.091837 0.042050
9.096838 0.043548
9.101839 0.046887
9.106840 0.051370
9.111841 0.055768
9.116842 0.058964
9.121843 0.059441
9.126844 0.056608
9.131845 0.050588
9.136846 0.043090
9.141847 0.035887
9.146848 0.028608
9.151849 0.020395
9.156850 0.010664
9.161851 0.000065
9.166852 -0.008540
9.171853 -0.012355
9.176854 -0.011621
9.181855 -0.008282
9.186856 -0.003130
9.191857 0.003776
9.196858 0.010760
9.201859 0.014785
9.206860 0.014575
9.211861 0.010206
9.216862 0.002450
9.221863 -0.006126
9.226864 -0.012212
9.231865 -0.014111
9.236866 -0.013643
9.241867 -0.013824
9.246868 -0.015303
9.251869 -0.017039
9.256870 -0.017946
9.261871 -0.018404
9.266872 -0.019634
9.271873 -0.022735
9.276874 -0.028706
9.281876 -0.034755
9.286877 -0.036739
9.291878 -0.033524
9.296879 -0.026398
9.301880 -0.018833
9.306881 -0.013080
9.311882 -0.009198
9.316883 -0.007051
9.321884 -0.006450
9.326885 -0.007843
9.331886 -0.009989
9.336887 -0.010190
9.341888 -0.009121
9.346889 -0.008711
9.351890 -0.008701
9.356891 -0.007089
9.361892 -0.002758
9.366893 0.002575
9.371894 0.007383
9.376895 0.009777
9.381896 0.007545
9.386897 0.000552
9.391898 -0.009150
9.396899 -0.018298
9.401900 -0.025291
9.406901 -0.028888
9.411902 -0.027781
9.416903 -0.021733
9.421904 -0.010657
9.426905 0.004635
9.431906 0.021196
9.436907 0.036346
9.441908 0.049177
9.446909 0.058449
9.451910 0.063639
9.456911 0.065022
9.461912 0.064278
9.466913 0.063563
9.471914 0.061874
9.476915 0.056303
9.481916 0.045781
9.486917 0.031700
9.491918 0.017648
9.496919 0.006219
9.501920 -0.003912
9.506921 -0.013147
9.511922 -0.020120
9.516923 -0.024108
9.521924 -0.023879
9.526925 -0.019443
9.531926 -0.012641
9.536927 -0.005639
9.541928 0.000009
9.546929 0.004292
9.551930 0.007106
9.556931 0.007440
9.561932 0.005647
9.566933 0.002794
9.571934 0.000591
9.576935 0.000848
9.581936 0.002193
9.586937 0.002785
9.591938 0.001907
9.596939 -0.000134
9.601940 -0.002023
9.606941 -0.003864
9.611942 -0.006192
9.616943 -0.009035
9.621944 -0.012689
9.626945 -0.016953
9.631946 -0.020139
9.636947 -0.021875
9.641948 -0.023020
9.646949 -0.023993
9.651950 -0.025768
9.656951 -0.028257
9.661952 -0.030318
9.666953 -0.030060
9.671954 -0.026826
9.676955 -0.022934
9.681956 -0.021360
9.686957 -0.022858
9.691958 -0.025434
9.696959 -0.026035
9.701960 -0.022677
9.706961 -0.015598
9.711962 -0.007012
9.716963 -0.000830
9.721964 0.002289
9.726965 0.004846
9.731966 0.007326
9.736967 0.009320
9.741968 0.009062
9.746969 0.006496
9.751970 0.004063
9.756972 0.003081
9.761973 0.003968
9.766974 0.006057
9.771975 0.008700
9.776976 0.011180
9.781977 0.012382
9.786978 0.011915
9.791979 0.010093
9.796980 0.007431
9.801981 0.004178
9.806982 0.001593
9.811983 0.000477
9.816984 0.000620
9.821985 0.001946
9.826986 0.004035
9.831987 0.007431
9.836988 0.011800
9.841989 0.016418
9.846990 0.021827
9.851991 0.026921
9.856992 0.030766
9.861993 0.032807
9.866994 0.032674
9.871995 0.030842
9.876996 0.027388
9.881997 0.021636
9.886998 0.012745
9.891999 0.001450
9.897000 -0.010112
9.902001 -0.018927
9.907002 -0.022695
9.912003 -0.021503
9.917004 -0.016819
9.922005 -0.009817
9.927006 -0.002175
9.932007 0.004856
9.937008 0.011543
9.942009 0.017152
9.947010 0.021617
9.952011 0.025271
9.957012 0.027751
9.962013 0.028333
9.967014 0.025862
9.972015 0.019957
9.977016 0.010408
9.982017 -0.001937
9.987018 -0.014672
9.992019 -0.025252
9.997020 -0.031777
10.002021 -0.035011
10.007022 -0.037549
10.012023 -0.040525
10.017024 -0.043435
10.022025 -0.044541
10.027026 -0.042166
10.032027 -0.035774
10.037028 -0.026454
10.042029 -0.016189
10.047030 -0.005829
10.052031 0.003911
10.057032 0.011972
10.062033 0.017372
10.067034 0.020921
10.072035 0.023105
10.077036 0.023430
10.082037 0.022132
10.087038 0.018765
10.092039 0.013966
10.097040 0.008548
10.102041 0.002824
10.107042 -0.002910
10.112043 -0.008271
10.117044 -0.012373
10.122045 -0.015435
10.127046 -0.018354
10.132047 -0.020940
10.137048 -0.022390
10.142049 -0.022094
10.147050 -0.019413
10.152051 -0.014424
10.157052 -0.007985
10.162053 -0.000811
10.167054 0.006773
10.172055 0.014043
10.177056 0.020549
10.182057 0.024804
10.187058 0.025510
10.192059 0.023974
10.197060 0.021198
10.202061 0.018822
10.207062 0.017658
10.212063 0.017926
10.217064 0.019652
10.222065 0.021064
10.227066 0.022190
10.232068 0.022800
10.237069 0.022180
10.242070 0.020463
10.247071 0.018183
10.252072 0.016104
10.257073 0.013079
10.262074 0.007241
10.267075 -0.001774
10.272076 -0.011819
10.277077 -0.019537
10.282078 -0.022886
10.287079 -0.022628
10.292080 -0.020672
10.297081 -0.018879
10.302082 -0.019365
10.307083 -0.021502
10.312084 -0.022723
10.317085 -0.021273
10.322086 -0.016656
10.327087 -0.009749
10.332088 -0.002194
10.337089 0.004570
10.342090 0.010065
10.347091 0.014110
10.352092 0.017058
10.357093 0.019424
10.362094 0.020492
10.367095 0.019404
10.372096 0.016304
10.377097 0.010962
10.382098 0.003072
10.387099 -0.006410
10.392100 -0.015425
10.397101 -0.022742
10.402102 -0.028571
10.407103 -0.032444
10.412104 -0.033093
10.417105 -0.030393
10.422106 -0.024889
10.427107 -0.017219
10.432108 -0.009119
10.437109 -0.001793
10.442110 0.004112
10.447111 0.007966
10.452112 0.010161
10.457113 0.010847
10.462114 0.010523
10.467115 0.010199
10.472116 0.010180
10.477117 0.009817
10.482118 0.008587
10.487119 0.006793
10.492120 0.004380
10.497121 0.001289
10.502122 -0.002146
10.507123 -0.004912
10.512124 -0.005141
10.517125 -0.002308
10.522126 0.001336
10.527127 0.003130
10.532128 0.002491
10.537129 0.000802
10.542130 0.000487
10.547131 0.002243
10.552132 0.004857
10.557133 0.006860
10.562134 0.007156
10.567135 0.005658
10.572136 0.003311
10.577137 0.001260
10.582138 -0.000934
10.587139 -0.003510
10.592140 -0.006477
10.597141 -0.009720
10.602142 -0.012382
10.607143 -0.013336
10.612144 -0.011380
10.617145 -0.007602
10.622146 -0.002975
10.627147 0.001852
10.632148 0.005296
10.637149 0.007299
10.642150 0.007537
10.647151 0.005753
10.652152 0.003912
10.657153 0.003760
10.662154 0.005582
10.667155 0.008606
10.672156 0.011420
10.677157 0.012536
10.682158 0.012212
10.687159 0.012155
10.692160 0.012727
10.697161 0.013471
10.702162 0.014292
10.707164 0.015360
10.712165 0.017068
10.717166 0.019653
10.722167 0.022687
10.727168 0.024051
10.732169 0.021952
10.737170 0.016972
10.742171 0.010733
10.747172 0.005324
10.752173 0.001041
10.757174 -0.003071
10.762175 -0.007488
10.767176 -0.012887
10.772177 -0.018353
10.777178 -0.022513
10.782179 -0.025537
10.787180 -0.026882
10.792181 -0.026033
10.797182 -0.023781
10.802183 -0.020347
10.807184 -0.016970
10.812185 -0.014680
10.817186 -0.013459
10.822187 -0.013364
10.827188 -0.013087
10.832189 -0.011943
10.837190 -0.010321
10.842191 -0.007812
10.847192 -0.004330
10.852193 0.000039
10.857194 0.005334
10.862195 0.009646
10.867196 0.011831
10.872197 0.012603
10.877198 0.012002
10.882199 0.010867
10.887200 0.009627
10.892201 0.008053
10.897202 0.006441
10.902203 0.005267
10.907204 0.005554
10.912205 0.007490
10.917206 0.009455
10.922207 0.010018
10.927208 0.008788
10.932209 0.006107
10.937210 0.003092
10.942211 0.000917
10.947212 -0.000247
10.952213 -0.001267
10.957214 -0.003061
10.962215 -0.005875
10.967216 -0.008165
10.972217 -0.009357
10.977218 -0.009796
10.982219 -0.008995
10.987220 -0.007802
10.992221 -0.006371
10.997222 -0.004463
11.002223 -0.002803
11.007224 -0.001305
11.012225 0.000564
11.017226 0.002444
11.022227 0.002911
11.027228 0.002186
11.032229 0.001423
11.037230 0.000755
11.042231 0.000355
11.047232 0.000021
11.052233 -0.001067
11.057234 -0.003633
11.062235 -0.007907
11.067236 -0.012829
11.072237 -0.017342
11.077238 -0.020509
11.082239 -0.021577
11.087240 -0.021053
11.092241 -0.019259
11.097242 -0.016979
11.102243 -0.014527
11.107244 -0.011436
11.112245 -0.008117
11.117246 -0.005131
11.122247 -0.003289
11.127248 -0.002536
11.132249 -0.002068
11.137250 -0.001009
11.142251 0.000984
11.147252 0.003532
11.152253 0.006212
11.157254 0.008807
11.162255 0.011469
11.167256 0.013730
11.172257 0.015590
11.177258 0.017364
11.182259 0.018872
11.187261 0.019969
11.192262 0.020617
11.197263 0.020846
11.202264 0.020074
11.207265 0.018414
11.212266 0.016735
11.217267 0.014970
11.222268 0.013234
11.227269 0.011583
11.232270 0.010190
11.237271 0.009275
11.242272 0.008454
11.247273 0.007357
11.252274 0.005583
11.257275 0.003217
11.262276 0.000326
11.267277 -0.002936
11.272278 -0.005875
11.277279 -0.007859
11.282280 -0.008880
11.287281 -0.009051
11.292282 -0.008383
11.297283 -0.007038
11.302284 -0.005006
11.307285 -0.003137
11.312286 -0.002392
11.317287 -0.003079
11.322288 -0.005035
11.327289 -0.007029
11.332290 -0.007687
11.337291 -0.006580
11.342292 -0.004281
11.347293 -0.001000
11.352294 0.002883
11.357295 0.006193
11.362296 0.007920
11.367297 0.007901
11.372298 0.007596
11.377299 0.007481
11.382300 0.006642
11.387301 0.004820
11.392302 0.002301
11.397303 -0.000599
11.402304 -0.004100
11.407305 -0.008231
11.412306 -0.012295
11.417307 -0.015920
11.422308 -0.018801
11.427309 -0.020031
11.432310 -0.019201
11.437311 -0.016826
11.442312 -0.013353
11.447313 -0.009471
11.452314 -0.006170
11.457315 -0.003623
11.462316 -0.002392
11.467317 -0.002192
11.472318 -0.002220
11.477319 -0.002764
11.482320 -0.003451
11.487321 -0.004052
11.492322 -0.004062
11.497323 -0.003346
11.502324 -0.002612
11.507325 -0.002030
11.512326 -0.001743
11.517327 -0.001514
11.522328 -0.001200
11.527329 -0.000532
11.532330 0.000317
11.537331 0.000909
11.542332 0.000890
11.547333 -0.000265
11.552334 -0.001705
11.557335 -0.003270
11.562336 -0.004701
11.567337 -0.004949
11.572338 -0.003957
11.577339 -0.001152
11.582340 0.003132
11.587341 0.007978
11.592342 0.012652
11.597343 0.015753
11.602344 0.017317
11.607345 0.018061
11.612346 0.018224
11.617347 0.017766
11.622348 0.016878
11.627349 0.015829
11.632350 0.015009
11.637351 0.014742
11.642352 0.014074
11.647353 0.012977
11.652354 0.011164
11.657355 0.008808
11.662357 0.006995
11.667358 0.005250
11.672359 0.003799
11.677360 0.002082
11.682361 -0.000789
11.687362 -0.004386
11.692363 -0.007820
11.697364 -0.010491
11.702365 -0.012599
11.707366 -0.013849
11.712367 -0.013897
11.717368 -0.012666
11.722369 -0.011283
11.727370 -0.010119
11.732371 -0.008707
11.737372 -0.008230
11.742373 -0.008450
11.747374 -0.009155
11.752375 -0.009947
11.757376 -0.009795
11.762377 -0.008631
11.767378 -0.006417
11.772379 -0.003842
11.777380 -0.001180
11.782381 0.000804
11.787382 0.001195
11.792383 0.000184
11.797384 -0.002220
11.802385 -0.005950
11.807386 -0.009842
11.812387 -0.012590
11.817388 -0.014832
11.822389 -0.016654
11.827390 -0.017617
11.832391 -0.017379
11.837392 -0.015700
11.842393 -0.013238
11.847394 -0.009909
11.852395 -0.005835
11.857396 -0.001142
11.862397 0.004525
11.867398 0.010840
11.872399 0.017012
11.877400 0.022517
11.882401 0.026629
11.887402 0.029023
11.892403 0.029710
11.897404 0.028231
11.902405 0.024854
11.907406 0.020428
11.912407 0.015686
11.917408 0.011050
11.922409 0.006538
11.927410 0.002293
11.932411 -0.001495
11.937412 -0.005148
11.942413 -0.008382
11.947414 -0.010453
11.952415 -0.010853
11.957416 -0.009852
11.962417 -0.008459
11.967418 -0.007247
11.972419 -0.007066
11.977420 -0.008277
11.982421 -0.010681
11.987422 -0.013963
11.992423 -0.017064
11.997424 -0.019305
12.002425 -0.020383
12.007426 -0.019945
12.012427 -0.017693
12.017428 -0.013601
12.022429 -0.008001
12.027430 -0.002000
12.032431 0.003409
12.037432 0.007893
12.042433 0.010964
12.047434 0.012767
12.052435 0.013607
12.057436 0.013989
12.062437 0.014332
12.067438 0.014361
12.072439 0.013702
12.077440 0.012319
12.082441 0.010335
12.087442 0.008036
12.092443 0.005975
12.097444 0.004105
12.102445 0.002417
12.107446 0.001129
12.112447 0.000414
12.117448 0.000204
12.122449 0.000213
12.127450 0.000461
12.132451 0.000566
12.137453 0.000471
12.142454 -0.000149
12.147455 -0.001485
12.152456 -0.002868
12.157457 -0.004146
12.162458 -0.004833
12.167459 -0.004824
12.172460 -0.004385
12.177461 -0.003650
12.182462 -0.002677
12.187463 -0.001408
12.192464 0.000748
12.197465 0.003886
12.202466 0.006939
12.207467 0.009505
12.212468 0.010755
12.217469 0.010564
12.222470 0.009305
12.227471 0.006491
12.232472 0.002522
12.237473 -0.001847
12.242474 -0.006178
12.247475 -0.009403
12.252476 -0.010633
12.257477 -0.009985
12.262478 -0.007962
12.267479 -0.005196
12.272480 -0.001609
12.277481 0.002722
12.282482 0.006939
12.287483 0.010841
12.292484 0.014189
12.297485 0.016546
12.302486 0.017910
12.307487 0.017814
12.312488 0.016870
12.317489 0.015334
12.322490 0.012711
12.327491 0.009458
12.332492 0.005842
12.337493 0.002122
12.342494 -0.001589
12.347495 -0.005148
12.352496 -0.008410
12.357497 -0.011406
12.362498 -0.014363
12.367499 -0.016624
12.372500 -0.017750
12.377501 -0.018351
12.382502 -0.018589
12.387503 -0.018866
12.392504 -0.019104
12.397505 -0.019553
12.402506 -0.020058
12.407507 -0.020125
12.412508 -0.019314
12.417509 -0.016815
12.422510 -0.013123
12.427511 -0.009154
12.432512 -0.005672
12.437513 -0.002772
12.442514 -0.000750
12.447515 0.000586
12.452516 0.001721
12.457517 0.002980
12.462518 0.005012
12.467519 0.007168
12.472520 0.009229
12.477521 0.010889
12.482522 0.012110
12.487523 0.013694
12.492524 0.015115
12.497525 0.016136
12.502526 0.017204
12.507527 0.017758
12.512528 0.017281
12.517529 0.016613
12.522530 0.015392
12.527531 0.012864
12.532532 0.009592
12.537533 0.005671
12.542534 0.001187
12.547535 -0.002972
12.552536 -0.005958
12.557537 -0.007799
12.562538 -0.008992
12.567539 -0.010099
12.572540 -0.010957
12.577541 -0.011816
12.582542 -0.012732
12.587543 -0.012684
12.592544 -0.011482
12.597545 -0.008925
12.602546 -0.005596
12.607547 -0.002448
12.612549 0.000147
12.617550 0.002017
12.622551 0.002599
12.627552 0.001635
12.632553 0.000023
12.637554 -0.002238
12.642555 -0.004976
12.647556 -0.007361
12.652557 -0.008734
12.657558 -0.009059
12.662559 -0.008954
12.667560 -0.008105
12.672561 -0.006779
12.677562 -0.005395
12.682563 -0.003516
12.687564 -0.001474
12.692565 0.000271
12.697566 0.002141
12.702567 0.004011
12.707568 0.005480
12.712569 0.006978
12.717570 0.008399
12.722571 0.009544
12.727572 0.010107
12.732573 0.009754
12.737574 0.009191
12.742575 0.008380
12.747576 0.008046
12.752577 0.009144
12.757578 0.009725
12.762579 0.009516
12.767580 0.009611
12.772581 0.009497
12.777582 0.009239
12.782583 0.008342
12.787584 0.006921
12.792585 0.005623
12.797586 0.003944
12.802587 0.002323
12.807588 0.001082
12.812589 -0.000005
12.817590 -0.000864
12.822591 -0.001894
12.827592 -0.003420
12.832593 -0.005128
12.837594 -0.006740
12.842595 -0.007856
12.847596 -0.008486
12.852597 -0.009058
12.857598 -0.009030
12.862599 -0.008228
12.867600 -0.006635
12.872601 -0.004565
12.877602 -0.003239
12.882603 -0.002123
12.887604 -0.000854
12.892605 0.000110
12.897606 0.001340
12.902607 0.002733
12.907608 0.003763
12.912609 0.004717
12.917610 0.004851
12.922611 0.004364
12.927612 0.004288
12.932613 0.004154
12.937614 0.004240
12.942615 0.004307
12.947616 0.004231
12.952617 0.004059
12.957618 0.003124
12.962619 0.002199
12.967620 0.001274
12.972621 -0.000739
12.977622 -0.002781
12.982623 -0.004107
12.987624 -0.005767
12.992625 -0.006950
12.997626 -0.007942
13.002627 -0.009077
13.007628 -0.008944
13.012629 -0.007751
13.017630 -0.005814
13.022631 -0.003926
13.027632 -0.002972
13.032633 -0.002027
13.037634 -0.001016
13.042635 -0.000329
13.047636 0.000520
13.052637 0.001436
13.057638 0.002314
13.062639 0.002867
13.067640 0.003344
13.072641 0.004279
13.077642 0.005538
13.082643 0.006750
13.087645 0.007446
13.092646 0.007532
13.097647 0.006959
13.102648 0.006206
13.107649 0.004889
13.112650 0.002695
13.117651 0.000377
13.122652 -0.001760
13.127653 -0.003210
13.132654 -0.004002
13.137655 -0.004164
13.142656 -0.004212
13.147657 -0.004708
13.152658 -0.005623
13.157659 -0.006577
13.162660 -0.007407
13.167661 -0.008953
13.172662 -0.009897
13.177663 -0.009850
13.182664 -0.009983
13.187665 -0.009745
13.192666 -0.008991
13.197667 -0.007436
13.202668 -0.005223
13.207669 -0.002876
13.212670 -0.000424
13.217671 0.002142
13.222672 0.004994
13.227673 0.007599
13.232674 0.009764
13.237675 0.011758
13.242676 0.013819
13.247677 0.016032
13.252678 0.017883
13.257679 0.019304
13.262680 0.019905
13.267681 0.019714
13.272682 0.018675
13.277683 0.016185
13.282684 0.012779
13.287685 0.008706
13.292686 0.004842
13.297687 0.002018
13.302688 -0.000510
13.307689 -0.003315
13.312690 -0.005957
13.317691 -0.008380
13.322692 -0.011032
13.327693 -0.013541
13.332694 -0.015525
13.337695 -0.016689
13.342696 -0.017033
13.347697 -0.016613
13.352698 -0.015583
13.357699 -0.014400
13.362700 -0.012787
13.367701 -0.010975
13.372702 -0.009573
13.377703 -0.007894
13.382704 -0.005757
13.387705 -0.003658
13.392706 -0.001855
13.397707 -0.000443
13.402708 0.000874
13.407709 0.001904
13.412710 0.002705
13.417711 0.003736
13.422712 0.004546
13.427713 0.004670
13.432714 0.004747
13.437715 0.004785
13.442716 0.004117
13.447717 0.003249
13.452718 0.002791
13.457719 0.002925
13.462720 0.003335
13.467721 0.003926
13.472722 0.005128
13.477723 0.007313
13.482724 0.009946
13.487725 0.012159
13.492726 0.014163
13.497727 0.016080
13.502728 0.017463
13.507729 0.018274
13.512730 0.018208
13.517731 0.016385
13.522732 0.013094
13.527733 0.008935
13.532734 0.004337
13.537735 -0.000357
13.542736 -0.004440
13.547737 -0.007330
13.552738 -0.009505
13.557739 -0.011060
13.562741 -0.012243
13.567742 -0.013236
13.572743 -0.013789
13.577744 -0.013751
13.582745 -0.012987
13.587746 -0.011852
13.592747 -0.010917
13.597748 -0.009381
13.602749 -0.007225
13.607750 -0.005728
13.612751 -0.004278
13.617752 -0.003028
13.622753 -0.002446
13.627754 -0.001959
13.632755 -0.001874
13.637756 -0.002055
13.642757 -0.002017
13.647758 -0.002560
13.652759 -0.003104
13.657760 -0.002856
13.662761 -0.002484
13.667762 -0.001530
13.672763 0.000130
13.677764 0.001933
13.682765 0.003602
13.687766 0.004747
13.692767 0.005997
13.697768 0.007456
13.702769 0.008172
13.707770 0.008468
13.712771 0.008649
13.717772 0.008468
13.722773 0.008172
13.727774 0.007647
13.732775 0.006980
13.737776 0.005892
13.742777 0.004223
13.747778 0.002753
13.752779 0.001542
13.757780 0.000178
13.762781 -0.001396
13.767782 -0.002980
13.772783 -0.003800
13.777784 -0.003819
13.782785 -0.003619
13.787786 -0.002760
13.792787 -0.001034
13.797788 0.001075
13.802789 0.003326
13.807790 0.005434
13.812791 0.007209
13.817792 0.008754
13.822793 0.009708
13.827794 0.009470
13.832795 0.007962
13.837796 0.005749
13.842797 0.003059
13.847798 -0.000204
13.852799 -0.003428
13.857800 -0.006481
13.862801 -0.009343
13.867802 -0.011308
13.872803 -0.012281
13.877804 -0.012577
13.882805 -0.012758
13.887806 -0.012768
13.892807 -0.012062
13.897808 -0.010612
13.902809 -0.008971
13.907810 -0.007358
13.912811 -0.005317
13.917812 -0.003390
13.922813 -0.001749
13.927814 -0.000051
13.932815 0.001113
13.937816 0.001819
13.942817 0.002115
13.947818 0.001685
13.952819 0.001018
13.957820 -0.000032
13.962821 -0.001701
13.967822 -0.003228
13.972823 -0.004306
13.977824 -0.004926
13.982825 -0.005555
13.987826 -0.006185
13.992827 -0.005946
13.997828 -0.005183
14.002829 -0.004592
14.007830 -0.004019
14.012831 -0.002827
14.017832 -0.001043
14.022833 0.000865
14.027834 0.002639
14.032835 0.004423
14.037836 0.006141
14.042838 0.007333
14.047839 0.007925
14.052840 0.007810
14.057841 0.007629
14.062842 0.007200
14.067843 0.006570
14.072844 0.006150
14.077845 0.005521
14.082846 0.004605
14.087847 0.003260
14.092848 0.002048
14.097849 0.000655
14.102850 -0.000738
14.107851 -0.001768
14.112852 -0.002598
14.117853 -0.002397
14.122854 -0.002140
14.127855 -0.001825
14.132856 -0.000785
14.137857 0.000760
14.142858 0.002373
14.147859 0.003575
14.152860 0.004662
14.157861 0.005358
14.162862 0.005912
14.167863 0.006561
14.172864 0.007457
14.177865 0.008230
14.182866 0.008669
14.187867 0.009327
14.192868 0.009651
14.197869 0.009327
14.202870 0.008297
14.207871 0.006761
14.212872 0.004967
14.217873 0.003031
14.222874 0.000837
14.227875 -0.001729
14.232876 -0.004210
14.237877 -0.006232
14.242878 -0.007720
14.247879 -0.009199
14.252880 -0.010000
14.257881 -0.010201
14.262882 -0.010687
14.267883 -0.011117
14.272884 -0.011365
14.277885 -0.011040
14.282886 -0.010010
14.287887 -0.008627
14.292888 -0.006499
14.297889 -0.004019
14.302890 -0.001643
14.307891 0.000761
14.312892 0.003050
14.317893 0.005225
14.322894 0.006856
14.327895 0.007982
14.332896 0.009289
14.337897 0.010377
14.342898 0.010796
14.347899 0.010911
14.352900 0.010625
14.357901 0.009614
14.362902 0.007820
14.367903 0.005206
14.372904 0.002297
14.377905 -0.000422
14.382906 -0.002559
14.387907 -0.004658
14.392908 -0.006871
14.397909 -0.008197
14.402910 -0.009256
14.407911 -0.010143
14.412912 -0.010048
14.417913 -0.009475
14.422914 -0.008846
14.427915 -0.008541
14.432916 -0.007987
14.437917 -0.006518
14.442918 -0.005049
14.447919 -0.003704
14.452920 -0.002826
14.457921 -0.002349
14.462922 -0.002120
14.467923 -0.002502
14.472924 -0.002778
14.477925 -0.002979
14.482926 -0.003313
14.487927 -0.003437
14.492928 -0.003294
14.497929 -0.003084
14.502930 -0.002883
14.507931 -0.002702
14.512932 -0.002330
14.517934 -0.002015
14.522935 -0.002034
14.527936 -0.002025
14.532937 -0.001615
14.537938 -0.000670
14.542939 0.000341
14.547940 0.001581
14.552941 0.003318
14.557942 0.005149
14.562943 0.006733
14.567944 0.007925
14.572945 0.008641
14.577946 0.009299
14.582947 0.010062
14.587948 0.010444
14.592949 0.010883
14.597950 0.011360
14.602951 0.011236
14.607952 0.010482
14.612953 0.009328
14.617954 0.008078
14.622955 0.006666
14.627956 0.005121
14.632957 0.004291
14.637958 0.004195
14.642959 0.003986
14.647960 0.003909
14.652961 0.004129
14.657962 0.004148
14.662963 0.003928
14.667964 0.003413
14.672965 0.002707
14.677966 0.001734
14.682967 0.000389
14.687968 -0.001128
14.692969 -0.003045
14.697970 -0.005316
14.702971 -0.007624
14.707972 -0.010171
14.712973 -0.012375
14.717974 -0.013777
14.722975 -0.014884
14.727976 -0.015227
14.732977 -0.015142
14.737978 -0.014817
14.742979 -0.013959
14.747980 -0.012604
14.752981 -0.010372
14.757982 -0.007815
14.762983 -0.005344
14.767984 -0.003217
14.772985 -0.001585
14.777986 -0.000250
14.782987 0.000599
14.787988 0.000971
14.792989 0.001200
14.797990 0.001629
14.802991 0.001973
14.807992 0.001916
14.812993 0.002011
14.817994 0.002183
14.822995 0.002412
14.827996 0.002860
14.832997 0.003070
14.837998 0.003442
14.842999 0.003766
14.848000 0.003852
14.853001 0.004282
14.858002 0.004625
14.863003 0.004892
14.868004 0.004787
14.873005 0.003938
14.878006 0.003185
14.883007 0.002526
14.888008 0.001706
14.893009 0.000924
14.898010 0.000237
14.903011 -0.000498
14.908012 -0.001595
14.913013 -0.002520
14.918014 -0.003035
14.923015 -0.003159
14.928016 -0.002930
14.933017 -0.002673
14.938018 -0.001690
14.943019 -0.000297
14.948020 0.000981
14.953021 0.002383
14.958022 0.003690
14.963023 0.004730
14.968024 0.005179
14.973025 0.005722
14.978026 0.006600
14.983027 0.007153
14.988028 0.007439
14.993030 0.007497
14.998031 0.007087
15.003032 0.006333
15.008033 0.005140
15.013034 0.003833
15.018035 0.002994
15.023036 0.001973
15.028037 0.001229
15.033038 0.000924
15.038039 0.000552
15.043040 0.000294
15.048041 -0.000555
15.053042 -0.001442
15.058043 -0.002224
15.063044 -0.003216
15.068045 -0.003817
15.073046 -0.004113
15.078047 -0.003751
15.083048 -0.003111
15.088049 -0.002596
15.093050 -0.001967
15.098051 -0.001375
15.103052 -0.001633
15.108053 -0.002606
15.113054 -0.003512
15.118055 -0.004704
15.123056 -0.005926
15.128057 -0.007309
15.133058 -0.008721
15.138059 -0.009846
15.143060 -0.010819
15.148061 -0.011287
15.153062 -0.011201
15.158063 -0.010590
15.163064 -0.009694
15.168065 -0.008158
15.173066 -0.006011
15.178067 -0.003321
15.183068 -0.000469
15.188069 0.002050
15.193070 0.004616
15.198071 0.007096
15.203072 0.009348
15.208073 0.010741
15.213074 0.011380
15.218075 0.011599
15.223076 0.011218
15.228077 0.010674
15.233078 0.009844
15.238079 0.009157
15.243080 0.008327
15.248081 0.006972
15.253082 0.005637
15.258083 0.003977
15.263084 0.002203
15.268085 0.000381
15.273086 -0.001089
15.278087 -0.001814
15.283088 -0.002787
15.288089 -0.003626
15.293090 -0.004055
15.298091 -0.004609
15.303092 -0.005257
15.308093 -0.005858
15.313094 -0.006335
15.318095 -0.006679
15.323096 -0.006994
15.328097 -0.007432
15.333098 -0.007356
15.338099 -0.007003
15.343100 -0.006507
15.348101 -0.005467
15.353102 -0.003903
15.358103 -0.001632
15.363104 0.000638
15.368105 0.002775
15.373106 0.004836
15.378107 0.006610
15.383108 0.008184
15.388109 0.008957
15.393110 0.009215
15.398111 0.009300
15.403112 0.008499
15.408113 0.007068
15.413114 0.005818
15.418115 0.004760
15.423116 0.003853
15.428117 0.002937
15.433118 0.002251
15.438119 0.001974
15.443120 0.001602
15.448121 0.001163
15.453122 0.000886
15.458123 0.000791
15.463124 0.000486
15.468126 -0.000297
15.473127 -0.001403
15.478128 -0.002710
15.483129 -0.003988
15.488130 -0.005391
15.493131 -0.006335
15.498132 -0.006516
15.503133 -0.006936
15.508134 -0.007480
15.513135 -0.007823
15.518136 -0.007957
15.523137 -0.007747
15.528138 -0.007547
15.533139 -0.007051
15.538140 -0.006192
15.543141 -0.005705
15.548142 -0.005171
15.553143 -0.004227
15.558144 -0.003177
15.563145 -0.002128
15.568146 -0.001689
15.573147 -0.001451
15.578148 -0.000974
15.583149 -0.000869
15.588150 -0.001536
15.593151 -0.002252
15.598152 -0.002471
15.603153 -0.002700
15.608154 -0.002672
15.613155 -0.002452
15.618156 -0.002099
15.623157 -0.001355
15.628158 -0.000926
15.633159 -0.000277
15.638160 0.000696
15.643161 0.001783
15.648162 0.002861
15.653163 0.003901
15.658164 0.005590
15.663165 0.007116
15.668166 0.008309
15.673167 0.009787
15.678168 0.010970
15.683169 0.011734
15.688170 0.012087
15.693171 0.011772
15.698172 0.011276
15.703173 0.010532
15.708174 0.009463
15.713175 0.008624
15.718176 0.007565
15.723177 0.006382
15.728178 0.005313
15.733179 0.004254
15.738180 0.003329
15.743181 0.002270
15.748182 0.000811
15.753183 -0.000601
15.758184 -0.001555
15.763185 -0.002576
15.768186 -0.003463
15.773187 -0.004112
15.778188 -0.004360
15.783189 -0.004293
15.788190 -0.004341
15.793191 -0.004150
15.798192 -0.004226
15.803193 -0.004322
15.808194 -0.004207
15.813195 -0.003959
15.818196 -0.003377
15.823197 -0.002872
15.828198 -0.002442
15.833199 -0.002709
15.838200 -0.003101
15.843201 -0.003406
15.848202 -0.004188
15.853203 -0.004522
15.858204 -0.004379
15.863205 -0.004112
15.868206 -0.003950
15.873207 -0.003749
15.878208 -0.003301
15.883209 -0.003196
15.888210 -0.003377
15.893211 -0.003520
15.898212 -0.003043
15.903213 -0.002299
15.908214 -0.001822
15.913215 -0.001259
15.918216 -0.000544
15.923217 0.000191
15.928218 0.000534
15.933219 0.000906
15.938220 0.001555
15.943222 0.002061
15.948223 0.002719
15.953224 0.003501
15.958225 0.004331
15.963226 0.004951
15.968227 0.004808
15.973228 0.004217
15.978229 0.003625
15.983230 0.002833
15.988231 0.001774
15.993232 0.000763
15.998233 -0.000048
16.003234 -0.000649
16.008235 -0.001307
16.013236 -0.002032
16.018237 -0.002528
16.023238 -0.002833
16.028239 -0.002976
16.033240 -0.003043
16.038241 -0.003119
16.043242 -0.003196
16.048243 -0.003491
16.053244 -0.003787
16.058245 -0.003930
16.063246 -0.004188
16.068247 -0.004312
16.073248 -0.004131
16.078249 -0.003577
16.083250 -0.002642
16.088251 -0.002089
16.093252 -0.001469
16.098253 0.000124
16.103254 0.001403
16.108255 0.002109
16.113256 0.002929
16.118257 0.003635
16.123258 0.004017
16.128259 0.004026
16.133260 0.003969
16.138261 0.003950
16.143262 0.004207
16.148263 0.004789
16.153264 0.005734
16.158265 0.007232
16.163266 0.009025
16.168267 0.010590
16.173268 0.011734
16.178269 0.012955
16.183270 0.013671
16.188271 0.013518
16.193272 0.012994
16.198273 0.011982
16.203274 0.010761
16.208275 0.009082
16.213276 0.007251
16.218277 0.005142
16.223278 0.002452
16.228279 -0.000057
16.233280 -0.002661
16.238281 -0.005094
16.243282 -0.007088
16.248283 -0.008557
16.253284 -0.009501
16.258285 -0.009921
16.263286 -0.009377
16.268287 -0.008595
16.273288 -0.007793
16.278289 -0.006639
16.283290 -0.005513
16.288291 -0.004359
16.293292 -0.003100
16.298293 -0.002012
16.303294 -0.001192
16.308295 -0.000801
16.313296 -0.000858
16.318297 -0.000972
16.323298 -0.000972
16.328299 -0.001354
16.333300 -0.001888
16.338301 -0.001802
16.343302 -0.001468
16.348303 -0.001049
16.353304 -0.000562
16.358305 -0.000209
16.363306 0.000039
16.368307 -0.000057
16.373308 -0.000200
16.378309 -0.000142
16.383310 -0.000276
16.388311 -0.000724
16.393312 -0.000925
16.398313 -0.000791
16.403314 -0.000934
16.408315 -0.001373
16.413316 -0.002212
16.418318 -0.003300
16.423319 -0.004607
16.428320 -0.006105
16.433321 -0.007249
16.438322 -0.008003
16.443323 -0.008213
16.448324 -0.007927
16.453325 -0.007125
16.458326 -0.005771
16.463327 -0.004588
16.468328 -0.003462
16.473329 -0.002260
16.478330 -0.001087
16.483331 0.000001
16.488332 0.000831
16.493333 0.001985
16.498334 0.003054
16.503335 0.004084
16.508336 0.005229
16.513337 0.005992
16.518338 0.006622
16.523339 0.006831
16.528340 0.006698
16.533341 0.006593
16.538342 0.006326
16.543343 0.006116
16.548344 0.005601
16.553345 0.004828
16.558346 0.003960
16.563347 0.002768
16.568348 0.001546
16.573349 0.000592
16.578350 -0.000009
16.583351 -0.000524
16.588352 -0.000734
16.593353 -0.000762
16.598354 -0.000686
16.603355 -0.000581
16.608356 -0.000438
16.613357 0.000316
16.618358 0.000678
16.623359 0.000640
16.628360 0.001184
16.633361 0.001976
16.638362 0.002625
16.643363 0.002930
16.648364 0.003054
16.653365 0.003016
16.658366 0.002939
16.663367 0.002777
16.668368 0.002358
16.673369 0.001766
16.678370 0.001251
16.683371 0.000869
16.688372 0.000259
16.693373 -0.000266
16.698374 -0.000495
16.703375 -0.000752
16.708376 -0.001172
16.713377 -0.001344
16.718378 -0.001411
16.723379 -0.001725
16.728380 -0.001945
16.733381 -0.002174
16.738382 -0.002355
16.743383 -0.002288
16.748384 -0.002202
16.753385 -0.002145
16.758386 -0.001926
16.763387 -0.001382
16.768388 -0.001029
16.773389 -0.000437
16.778390 0.000745
16.783391 0.001843
16.788392 0.002892
16.793393 0.003626
16.798394 0.004142
16.803395 0.004313
16.808396 0.003770
16.813397 0.003245
16.818398 0.002797
16.823399 0.002005
16.828400 0.000688
16.833401 -0.000514
16.838402 -0.001439
16.843403 -0.002698
16.848404 -0.004311
16.853405 -0.005951
16.858406 -0.007497
16.863407 -0.009338
16.868408 -0.010960
16.873409 -0.011885
16.878410 -0.012143
16.883411 -0.011895
16.888412 -0.011675
16.893414 -0.010521
16.898415 -0.008556
16.903416 -0.006581
16.908417 -0.004215
16.913418 -0.001658
16.918419 0.000793
16.923420 0.002949
16.928421 0.004457
16.933422 0.005678
16.938423 0.006832
16.943424 0.007223
16.948425 0.006803
16.953426 0.006164
16.958427 0.005726
16.963428 0.005287
16.968429 0.004781
16.973430 0.004323
16.978431 0.004190
16.983432 0.004466
16.988433 0.004609
16.993434 0.004848
16.998435 0.005058
17.003436 0.005077
17.008437 0.004972
17.013438 0.004629
17.018439 0.003923
17.023440 0.002930
17.028441 0.001833
17.033442 0.000670
17.038443 0.000021
17.043444 -0.000618
17.048445 -0.001172
17.053446 -0.001286
17.058447 -0.001362
17.063448 -0.001534
17.068449 -0.001868
17.073450 -0.001963
17.078451 -0.001982
17.083452 -0.002278
17.088453 -0.003022
17.093454 -0.003518
17.098455 -0.003814
17.103456 -0.004348
17.108457 -0.004215
17.113458 -0.004224
17.118459 -0.004005
17.123460 -0.003404
17.128461 -0.002917
17.133462 -0.001839
17.138463 -0.000771
17.143464 0.000536
17.148465 0.001738
17.153466 0.002702
17.158467 0.003894
17.163468 0.004676
17.168469 0.005277
17.173470 0.005821
17.178471 0.006604
17.183472 0.007233
17.188473 0.007424
17.193474 0.007395
17.198475 0.007090
17.203476 0.006670
17.208477 0.005869
17.213478 0.005020
17.218479 0.004037
17.223480 0.002750
17.228481 0.001490
17.233482 -0.000017
17.238483 -0.001543
17.243484 -0.003136
17.248485 -0.005035
17.253486 -0.006685
17.258487 -0.007620
17.263488 -0.008441
17.268489 -0.008851
17.273490 -0.008517
17.278491 -0.007878
17.283492 -0.006857
17.288493 -0.005913
17.293494 -0.004567
17.298495 -0.003327
17.303496 -0.002574
17.308497 -0.001572
17.313498 -0.000933
17.318499 -0.000313
17.323500 0.000079
17.328501 -0.000084
17.333502 -0.000370
17.338503 -0.000828
17.343504 -0.001114
17.348505 -0.001581
17.353506 -0.002154
17.358507 -0.002430
17.363508 -0.002631
17.368509 -0.002917
17.373511 -0.003346
17.378512 -0.003527
17.383513 -0.003737
17.388514 -0.003871
17.393515 -0.003613
17.398516 -0.003193
17.403517 -0.002306
17.408518 -0.001343
17.413519 -0.000389
17.418520 0.000880
17.423521 0.001968
17.428522 0.002950
17.433523 0.003904
17.438524 0.004782
17.443525 0.005612
17.448526 0.006022
17.453527 0.006375
17.458528 0.006814
17.463529 0.007176
17.468530 0.007434
17.473531 0.007596
17.478532 0.007816
17.483533 0.007940
17.488534 0.007844
17.493535 0.007243
17.498536 0.006814
17.503537 0.006699
17.508538 0.006098
17.513539 0.005593
17.518540 0.005068
17.523541 0.004200
17.528542 0.003322
17.533543 0.002120
17.538544 0.001052
17.543545 0.000146
17.548546 -0.000808
17.553547 -0.001476
17.558548 -0.002163
17.563549 -0.002878
17.568550 -0.003508
17.573551 -0.004214
17.578552 -0.004662
17.583553 -0.004853
17.588554 -0.005044
17.593555 -0.004901
17.598556 -0.004252
17.603557 -0.003632
17.608558 -0.003050
17.613559 -0.002153
17.618560 -0.001257
17.623561 -0.000407
17.628562 0.000184
17.633563 0.000661
17.638564 0.001281
17.643565 0.001682
17.648566 0.001787
17.653567 0.001720
17.658568 0.001501
17.663569 0.000890
17.668570 -0.000245
17.673571 -0.001466
17.678572 -0.002344
17.683573 -0.003307
17.688574 -0.004271
17.693575 -0.004853
17.698576 -0.005568
17.703577 -0.005998
17.708578 -0.006265
17.713579 -0.006408
17.718580 -0.006341
17.723581 -0.006379
17.728582 -0.006236
17.733583 -0.006179
17.738584 -0.005797
17.743585 -0.005158
17.748586 -0.004624
17.753587 -0.003908
17.758588 -0.002811
17.763589 -0.001533
17.768590 -0.000531
17.773591 0.000499
17.778592 0.001443
17.783593 0.002159
17.788594 0.002665
17.793595 0.003123
17.798596 0.003638
17.803597 0.003628
17.808598 0.003256
17.813599 0.003027
17.818600 0.002703
17.823601 0.002235
17.828602 0.001539
17.833603 0.000499
17.838604 -0.000455
17.843605 -0.001552
17.848607 -0.002744
17.853608 -0.003336
17.858609 -0.003727
17.863610 -0.003841
17.868611 -0.003441
17.873612 -0.002697
17.878613 -0.001361
17.883614 0.000051
17.888615 0.001281
17.893616 0.002493
17.898617 0.003876
17.903618 0.005336
17.908619 0.006443
17.913620 0.007244
17.918621 0.007654
17.923622 0.007750
17.928623 0.007072
17.933624 0.005994
17.938625 0.005002
17.943626 0.003638
17.948627 0.002465
17.953628 0.001377
17.958629 0.000499
17.963630 -0.000130
17.968631 -0.000836
17.973632 -0.001046
17.978633 -0.000960
17.983634 -0.000827
17.988635 -0.000579
17.993636 0.000051
17.998637 0.000871
18.003638 0.001616
18.008639 0.002274
18.013640 0.002388
18.018641 0.002169
18.023642 0.001396
18.028643 0.000118
18.033644 -0.001170
18.038645 -0.002391
18.043646 -0.003307
18.048647 -0.004280
18.053648 -0.004852
18.058649 -0.004766
18.063650 -0.004805
18.068651 -0.004738
18.073652 -0.004423
18.078653 -0.003898
18.083654 -0.003030
18.088655 -0.002105
18.093656 -0.000865
18.098657 0.000452
18.103658 0.001186
18.108659 0.001864
18.113660 0.002703
18.118661 0.003171
18.123662 0.003514
18.128663 0.003781
18.133664 0.003715
18.138665 0.003304
18.143666 0.002493
18.148667 0.001396
18.153668 0.000032
18.158669 -0.001427
18.163670 -0.002696
18.168671 -0.003765
18.173672 -0.004700
18.178673 -0.005110
18.183674 -0.005072
18.188675 -0.004976
18.193676 -0.004518
18.198677 -0.003631
18.203678 -0.002753
18.208679 -0.001895
18.213680 -0.000635
18.218681 0.000633
18.223682 0.001883
18.228683 0.003324
18.233684 0.004487
18.238685 0.005451
18.243686 0.005966
18.248687 0.006233
18.253688 0.006386
18.258689 0.006567
18.263690 0.006787
18.268691 0.006166
18.273692 0.005461
18.278693 0.004821
18.283694 0.003648
18.288695 0.002360
18.293696 0.000862
18.298697 -0.000569
18.303698 -0.001656
18.308699 -0.002791
18.313700 -0.003822
18.318701 -0.004737
18.323703 -0.005539
18.328704 -0.006292
18.333705 -0.006760
18.338706 -0.006569
18.343707 -0.006140
18.348708 -0.005396
18.353709 -0.004337
18.358710 -0.003154
18.363711 -0.002209
18.368712 -0.001465
18.373713 -0.000692
18.378714 -0.000225
18.383715 -0.000091
18.388716 -0.000616
18.393717 -0.001322
18.398718 -0.001732
18.403719 -0.002572
18.408720 -0.003631
18.413721 -0.004337
18.418722 -0.004880
18.423723 -0.005157
18.428724 -0.005262
18.433725 -0.005357
18.438726 -0.004823
18.443727 -0.004089
18.448728 -0.003230
18.453729 -0.001732
18.458730 -0.000101
18.463731 0.001683
18.468732 0.003553
18.473733 0.005098
18.478734 0.006873
18.483735 0.008838
18.488736 0.010183
18.493737 0.011032
18.498738 0.011853
18.503739 0.012377
18.508740 0.012091
18.513741 0.011328
18.518742 0.010488
18.523743 0.009334
18.528744 0.007646
18.533745 0.005747
18.538746 0.003830
18.543747 0.001836
18.548748 -0.000005
18.553749 -0.001494
18.558750 -0.002753
18.563751 -0.003793
18.568752 -0.004384
18.573753 -0.004613
18.578754 -0.004403
18.583755 -0.004155
18.588756 -0.004002
18.593757 -0.003726
18.598758 -0.003201
18.603759 -0.002667
18.608760 -0.002476
18.613761 -0.002085
18.618762 -0.001770
18.623763 -0.001741
18.628764 -0.001837
18.633765 -0.002400
18.638766 -0.002963
18.643767 -0.003544
18.648768 -0.004365
18.653769 -0.004851
18.658770 -0.004975
18.663771 -0.005176
18.668772 -0.005128
18.673773 -0.004909
18.678774 -0.004565
18.683775 -0.004031
18.688776 -0.003707
18.693777 -0.003163
18.698778 -0.002380
18.703779 -0.001551
18.708780 -0.000778
18.713781 -0.000120
18.718782 0.000701
18.723783 0.001369
18.728784 0.001903
18.733785 0.002218
18.738786 0.002370
18.743787 0.002418
18.748788 0.001941
18.753789 0.001436
18.758790 0.000930
18.763791 -0.000081
18.768792 -0.001264
18.773793 -0.002237
18.778794 -0.003153
18.783795 -0.003859
18.788796 -0.004479
18.793797 -0.004803
18.798799 -0.004384
18.803800 -0.003592
18.808801 -0.002581
18.813802 -0.001331
18.818803 0.000215
18.823804 0.002103
18.828805 0.003897
18.833806 0.005690
18.838807 0.007684
18.843808 0.009144
18.848809 0.010041
18.853810 0.010546
18.858811 0.010642
18.863812 0.010508
18.868813 0.009735
18.873814 0.008571
18.878815 0.007389
18.883816 0.005757
18.888817 0.003897
18.893818 0.002018
18.898819 0.000138
18.903820 -0.001407
18.908821 -0.002790
18.913822 -0.003735
18.918823 -0.003840
18.923824 -0.003773
18.928825 -0.003926
18.933826 -0.003678
18.938827 -0.002924
18.943828 -0.001855
18.948829 -0.000854
18.953830 -0.000100
18.958831 0.001007
18.963832 0.002342
18.968833 0.003191
18.973834 0.003563
18.978835 0.003821
18.983836 0.003821
18.988837 0.003477
18.993838 0.002876
18.998839 0.001961
19.003840 0.000968
19.008841 -0.000224
19.013842 -0.001397
19.018843 -0.002466
19.023844 -0.003677
19.028845 -0.004870
19.033846 -0.005910
19.038847 -0.006329
19.043848 -0.006453
19.048849 -0.006511
19.053850 -0.006348
19.058851 -0.005805
19.063852 -0.004898
19.068853 -0.004154
19.073854 -0.003200
19.078855 -0.002084
19.083856 -0.001311
19.088857 -0.000615
19.093858 0.000129
19.098859 0.000597
19.103860 0.000902
19.108861 0.000950
19.113862 0.000597
19.118863 0.000215
19.123864 -0.000310
19.128865 -0.000710
19.133866 -0.001140
19.138867 -0.001645
19.143868 -0.001903
19.148869 -0.002199
19.153870 -0.002637
19.158871 -0.002761
19.163872 -0.002809
19.168873 -0.002990
19.173874 -0.002933
19.178875 -0.002981
19.183876 -0.002780
19.188877 -0.002437
19.193878 -0.002160
19.198879 -0.001397
19.203880 -0.000567
19.208881 0.000215
19.213882 0.001036
19.218883 0.001999
19.223884 0.003134
19.228885 0.004050
19.233886 0.004871
19.238887 0.005586
19.243888 0.005901
19.248889 0.005968
19.253890 0.005872
19.258891 0.005634
19.263892 0.005090
19.268893 0.004088
19.273895 0.003182
19.278896 0.002467
19.283897 0.001780
19.288898 0.001246
19.293899 0.000673
19.298900 0.000282
19.303901 0.000129
19.308902 -0.000014
19.313903 0.000129
19.318904 0.000645
19.323905 0.001112
19.328906 0.001475
19.333907 0.001818
19.338908 0.001923
19.343909 0.001780
19.348910 0.001503
19.353911 0.001370
19.358912 0.001465
19.363913 0.001351
19.368914 0.001408
19.373915 0.001427
19.378916 0.001122
19.383917 0.000864
19.388918 0.000139
19.393919 -0.000462
19.398920 -0.000834
19.403921 -0.001235
19.408922 -0.001378
19.413923 -0.001464
19.418924 -0.001368
19.423925 -0.001492
19.428926 -0.001692
19.433927 -0.001759
19.438928 -0.001969
19.443929 -0.001940
19.448930 -0.001712
19.453931 -0.001330
19.458932 -0.000986
19.463933 -0.000672
19.468934 -0.000481
19.473935 -0.000271
19.478936 0.000197
19.483937 0.000301
19.488938 0.000349
19.493939 0.000235
19.498940 0.000130
19.503941 0.000092
19.508942 -0.000509
19.513943 -0.000691
19.518944 -0.000834
19.523945 -0.000996
19.528946 -0.000662
19.533947 -0.000433
19.538948 0.000034
19.543949 0.000263
19.548950 0.000321
19.553951 0.000531
19.558952 0.000349
19.563953 0.000139
19.568954 -0.000214
19.573955 -0.000881
19.578956 -0.001387
19.583957 -0.001845
19.588958 -0.002293
19.593959 -0.002408
19.598960 -0.002379
19.603961 -0.002427
19.608962 -0.002112
19.613963 -0.001444
19.618964 -0.000814
19.623965 -0.000061
19.628966 0.000750
19.633967 0.001408
19.638968 0.002076
19.643969 0.002486
19.648970 0.002486
19.653971 0.002524
19.658972 0.002725
19.663973 0.002715
19.668974 0.002629
19.673975 0.002601
19.678976 0.002515
19.683977 0.002248
19.688978 0.001666
19.693979 0.001113
19.698980 0.000846
19.703981 0.000550
19.708982 -0.000175
19.713983 -0.001062
19.718984 -0.001673
19.723985 -0.002169
19.728986 -0.002407
19.733987 -0.002159
19.738988 -0.001644
19.743989 -0.001091
19.748991 -0.000499
19.753992 0.000216
19.758993 0.000941
19.763994 0.001657
19.768995 0.002200
19.773996 0.002582
19.778997 0.003154
19.783998 0.003393
19.788999 0.003068
19.794000 0.002696
19.799001 0.002296
19.804002 0.001781
19.809003 0.001027
19.814004 0.000388
19.819005 0.000292
19.824006 0.000140
19.829007 -0.000223
19.834008 -0.000433
19.839009 -0.000289
19.844010 -0.000213
19.849011 -0.000261
19.854012 -0.000022
19.859013 0.000159
19.864014 0.000359
19.869015 0.000388
19.874016 0.000264
19.879017 0.000378
19.884018 0.000321
19.889019 -0.000108
19.894020 -0.000604
19.899021 -0.001024
19.904022 -0.001587
19.909023 -0.002092
19.914024 -0.002579
19.919025 -0.002980
19.924026 -0.003094
19.929027 -0.003409
19.934028 -0.003447
19.939029 -0.003199
19.944030 -0.003237
19.949031 -0.003361
19.954032 -0.003247
19.959033 -0.002617
19.964034 -0.002083
19.969035 -0.001797
19.974036 -0.001348
19.979037 -0.000642
19.984038 -0.000003
19.989039 0.000073
19.994040 0.000360
19.999041 0.000808
20.004042 0.001018
20.009043 0.000970
20.014044 0.000321
20.019045 -0.000156
20.024046 -0.000270
20.029047 -0.000728
20.034048 -0.001205
20.039049 -0.001329
20.044050 -0.001606
20.049051 -0.002178
20.054052 -0.002703
20.059053 -0.003084
20.064054 -0.003494
20.069055 -0.003981
20.074056 -0.004248
20.079057 -0.004057
20.084058 -0.003599
20.089059 -0.003084
20.094060 -0.002521
20.099061 -0.001825
20.104062 -0.000671
20.109063 0.000350
20.114064 0.001161
20.119065 0.002172
20.124066 0.002888
20.129067 0.003355
20.134068 0.003689
20.139069 0.004071
20.144070 0.004300
20.149071 0.003889
20.154072 0.003575
20.159073 0.003365
20.164074 0.003031
20.169075 0.002697
20.174076 0.002115
20.179077 0.001724
20.184078 0.001457
20.189079 0.001123
20.194080 0.000932
20.199081 0.000741
20.204082 0.000579
20.209083 0.000093
20.214084 -0.000356
20.219085 -0.000356
20.224086 -0.000546
20.229088 -0.001033
20.234089 -0.001395
20.239090 -0.001701
20.244091 -0.002063
20.249092 -0.002111
20.254093 -0.001920
20.259094 -0.001500
20.264095 -0.000833
20.269096 -0.000403
20.274097 0.000179
20.279098 0.000885
20.284099 0.001362
20.289100 0.001791
20.294101 0.002163
20.299102 0.002697
20.304103 0.002964
20.309104 0.002573
20.314105 0.002249
20.319106 0.001972
20.324107 0.001371
20.329108 0.000847
20.334109 0.000742
20.339110 0.000732
20.344111 0.000780
20.349112 0.000923
20.354113 0.001285
20.359114 0.001848
20.364115 0.002335
20.369116 0.002860
20.374117 0.003279
20.379118 0.003699
20.384119 0.003833
20.389120 0.003928
20.394121 0.004147
20.399122 0.004147
20.404123 0.004071
20.409124 0.003546
20.414125 0.003232
20.419126 0.003031
20.424127 0.002593
20.429128 0.002144
20.434129 0.001467
20.439130 0.000914
20.444131 0.000065
20.449132 -0.000756
20.454133 -0.001462
20.459134 -0.002254
20.464135 -0.002950
20.469136 -0.003942
20.474137 -0.004906
20.479138 -0.005802
20.484139 -0.006413
20.489140 -0.006795
20.494141 -0.007310
20.499142 -0.007386
20.504143 -0.007243
20.509144 -0.007176
20.514145 -0.006756
20.519146 -0.005879
20.524147 -0.005011
20.529148 -0.004028
20.534149 -0.002845
20.539150 -0.001691
20.544151 -0.000641
20.549152 0.000408
20.554153 0.001505
20.559154 0.002354
20.564155 0.002955
20.569156 0.003318
20.574157 0.003451
20.579158 0.003442
20.584159 0.003375
20.589160 0.003032
20.594161 0.002478
20.599162 0.001935
20.604163 0.001276
20.609164 0.000685
20.614165 0.000093
20.619166 -0.000240
20.624167 -0.000412
20.629168 -0.000937
20.634169 -0.001280
20.639170 -0.001366
20.644171 -0.001280
20.649172 -0.001166
20.654173 -0.001166
20.659174 -0.000861
20.664175 -0.000956
20.669176 -0.001328
20.674177 -0.001357
20.679178 -0.001347
20.684179 -0.001271
20.689180 -0.001347
20.694181 -0.001347
20.699182 -0.001290
20.704184 -0.001213
20.709185 -0.001204
20.714186 -0.001271
20.719187 -0.001004
20.724188 -0.001003
20.729189 -0.000879
20.734190 -0.000717
20.739191 -0.000717
20.744192 -0.000383
20.749193 -0.000317
20.754194 -0.000221
20.759195 0.000275
20.764196 0.000847
20.769197 0.001267
20.774198 0.001649
20.779199 0.002202
20.784200 0.002650
20.789201 0.002832
20.794202 0.002994
20.799203 0.003414
20.804204 0.003461
20.809205 0.003385
20.814206 0.003614
20.819207 0.003719
20.824208 0.003957
20.829209 0.003976
20.834210 0.003757
20.839211 0.004148
20.844212 0.004549
20.849213 0.004387
20.854214 0.004473
20.859215 0.004473
20.864216 0.004024
20.869217 0.003681
20.874218 0.003061
20.879219 0.002288
20.884220 0.001496
20.889221 0.000571
20.894222 -0.000259
20.899223 -0.001108
20.904224 -0.001881
20.909225 -0.002644
20.914226 -0.003331
20.919227 -0.003951
20.924228 -0.004409
20.929229 -0.004857
20.934230 -0.005334
20.939231 -0.005315
20.944232 -0.005201
20.949233 -0.005430
20.954234 -0.005573
20.959235 -0.005544
20.964236 -0.005401
20.969237 -0.005353
20.974238 -0.005620
20.979239 -0.005611
20.984240 -0.005420
20.989241 -0.005267
20.994242 -0.005000
20.999243 -0.004571
21.004244 -0.003941
21.009245 -0.003321
21.014246 -0.002367
21.019247 -0.001261
21.024248 -0.000507
21.029249 -0.000039
21.034250 0.000371
21.039251 0.000686
21.044252 0.000857
21.049253 0.001086
21.054254 0.001058
21.059255 0.001268
21.064256 0.001764
21.069257 0.001964
21.074258 0.002336
21.079259 0.002861
21.084260 0.003404
21.089261 0.003881
21.094262 0.004263
21.099263 0.004597
21.104264 0.004807
21.109265 0.004616
21.114266 0.004177
21.119267 0.004110
21.124268 0.003862
21.129269 0.003023
21.134270 0.002222
21.139271 0.001964
21.144272 0.001487
21.149273 0.000829
21.154274 0.000380
21.159275 0.000113
21.164276 0.000008
21.169277 -0.000488
21.174278 -0.000802
21.179280 -0.000564
21.184281 -0.000392
21.189282 -0.000421
21.194283 -0.000201
21.199284 0.000104
21.204285 0.000571
21.209286 0.000867
21.214287 0.000743
21.219288 0.001010
21.224289 0.000905
21.229290 0.000724
21.234291 0.000724
21.239292 0.000390
21.244293 0.000476
21.249294 0.000180
21.254295 -0.000144
21.259296 0.000152
21.264297 -0.000077
21.269298 -0.000411
21.274299 -0.000383
21.279300 -0.000516
21.284301 -0.000554
21.289302 -0.000831
21.294303 -0.001184
21.299304 -0.001079
21.304305 -0.001136
21.309306 -0.001012
21.314307 -0.000945
21.319308 -0.000993
21.324309 -0.000650
21.329310 -0.000783
21.334311 -0.001003
21.339312 -0.000888
21.344313 -0.000669
21.349314 -0.000354
21.354315 -0.000010
21.359316 0.000562
21.364317 0.001049
21.369318 0.001306
21.374319 0.001507
21.379320 0.001812
21.384321 0.001898
21.389322 0.001535
21.394323 0.001363
21.399324 0.000944
21.404325 0.000219
21.409326 -0.000649
21.414327 -0.001718
21.419328 -0.002309
21.424329 -0.002815
21.429330 -0.003464
21.434331 -0.003731
21.439332 -0.003922
21.444333 -0.003950
21.449334 -0.003788
21.454335 -0.003721
21.459336 -0.003254
21.464337 -0.002719
21.469338 -0.002271
21.474339 -0.001575
21.479340 -0.001174
21.484341 -0.000716
21.489342 -0.000134
21.494343 0.000257
21.499344 0.000772
21.504345 0.001030
21.509346 0.000829
21.514347 0.000782
21.519348 0.000963
21.524349 0.000982
21.529350 0.000782
21.534351 0.000763
21.539352 0.001135
21.544353 0.001345
21.549354 0.001078
21.554355 0.000896
21.559356 0.000915
21.564357 0.000982
21.569358 0.001087
21.574359 0.001182
21.579360 0.001564
21.584361 0.001869
21.589362 0.001679
21.594363 0.001459
21.599364 0.001087
21.604365 0.000648
21.609366 0.000143
21.614367 -0.000468
21.619368 -0.001021
21.624369 -0.001469
21.629370 -0.001994
21.634371 -0.002700
21.639372 -0.003148
21.644373 -0.003473
21.649374 -0.003864
21.654376 -0.004055
21.659377 -0.003692
21.664378 -0.003129
21.669379 -0.002509
21.674380 -0.001431
21.679381 -0.000325
21.684382 0.000849
21.689383 0.001755
21.694384 0.002385
21.699385 0.003358
21.704386 0.004092
21.709387 0.004779
21.714388 0.005313
21.719389 0.005790
21.724390 0.006172
21.729391 0.005886
21.734392 0.005485
21.739393 0.004941
21.744394 0.004360
21.749395 0.003491
21.754396 0.002557
21.759397 0.001965
21.764398 0.001221
21.769399 0.000486
21.774400 -0.000363
21.779401 -0.001059
21.784402 -0.001479
21.789403 -0.002061
21.794404 -0.002480
21.799405 -0.002700
21.804406 -0.002690
21.809407 -0.002604
21.814408 -0.002414
21.819409 -0.001851
21.824410 -0.001364
21.829411 -0.000820
21.834412 -0.000401
21.839413 -0.000057
21.844414 0.000677
21.849415 0.001126
21.854416 0.001603
21.859417 0.002280
21.864418 0.002786
21.869419 0.002976
21.874420 0.002986
21.879421 0.003053
21.884422 0.002919
21.889423 0.002509
21.894424 0.001841
21.899425 0.001393
21.904426 0.000964
21.909427 0.000134
21.914428 -0.000773
21.919429 -0.001669
21.924430 -0.002232
21.929431 -0.002413
21.934432 -0.002728
21.939433 -0.002890
21.944434 -0.002480
21.949435 -0.002032
21.954436 -0.001831
21.959437 -0.001660
21.964438 -0.001431
21.969439 -0.001278
21.974440 -0.001259
21.979441 -0.001116
21.984442 -0.001326
21.989443 -0.001765
21.994444 -0.001879
21.999445 -0.002261
22.004446 -0.002785
22.009447 -0.003196
22.014448 -0.003444
22.019449 -0.003444
22.024450 -0.003358
22.029451 -0.002900
22.034452 -0.002346
22.039453 -0.001707
22.044454 -0.000849
22.049455 0.000019
22.054456 0.000783
22.059457 0.001670
22.064458 0.002528
22.069459 0.003129
22.074460 0.003616
22.079461 0.003978
22.084462 0.004150
22.089463 0.003807
22.094464 0.003454
22.099465 0.003330
22.104466 0.003025
22.109467 0.002595
22.114468 0.002090
22.119469 0.001803
22.124470 0.001374
22.129472 0.000802
22.134473 0.000554
22.139474 0.000306
22.144475 0.000191
22.149476 -0.000028
22.154477 -0.000219
22.159478 -0.000066
22.164479 -0.000076
22.169480 -0.000076
22.174481 0.000029
22.179482 0.000249
22.184483 0.000325
22.189484 0.000134
22.194485 0.000096
22.199486 0.000106
22.204487 0.000115
22.209488 -0.000143
22.214489 -0.000515
22.219490 -0.000553
22.224491 -0.000629
22.229492 -0.000925
22.234493 -0.001220
22.239494 -0.001163
22.244495 -0.001039
22.249496 -0.001135
22.254497 -0.001068
22.259498 -0.000801
22.264499 -0.000524
22.269500 -0.000562
22.274501 -0.000581
22.279502 -0.000238
22.284503 -0.000142
22.289504 -0.000371
22.294505 -0.000171
22.299506 0.000106
22.304507 0.000115
22.309508 0.000201
22.314509 0.000182
22.319510 0.000573
22.324511 0.000812
22.329512 0.000659
22.334513 0.001022
22.339514 0.001355
22.344515 0.001470
22.349516 0.001432
22.354517 0.001365
22.359518 0.001584
22.364519 0.001594
22.369520 0.001184
22.374521 0.000945
22.379522 0.000497
22.384523 -0.000304
22.389524 -0.000924
22.394525 -0.001230
22.399526 -0.001421
22.404527 -0.001936
22.409528 -0.002623
22.414529 -0.003004
22.419530 -0.003138
22.424531 -0.003567
22.429532 -0.004006
22.434533 -0.004158
22.439534 -0.004321
22.444535 -0.004263
22.449536 -0.004158
22.454537 -0.004034
22.459538 -0.003500
22.464539 -0.003004
22.469540 -0.002613
22.474541 -0.001955
22.479542 -0.001554
22.484543 -0.001211
22.489544 -0.000838
22.494545 -0.000485
22.499546 -0.000113
22.504547 -0.000056
22.509548 0.000011
22.514549 -0.000113
22.519550 -0.000142
22.524551 -0.000066
22.529552 -0.000199
22.534553 0.000030
22.539554 0.000449
22.544555 0.000879
22.549556 0.001308
22.554557 0.001938
22.559558 0.002863
22.564559 0.003903
22.569560 0.004733
22.574561 0.005563
22.579562 0.006698
22.584563 0.007356
22.589564 0.007519
22.594565 0.007862
22.599566 0.008015
22.604568 0.007757
22.609569 0.007232
22.614570 0.006250
22.619571 0.005067
22.624572 0.004189
22.629573 0.003226
22.634574 0.002119
22.639575 0.001308
22.644576 0.000421
22.649577 -0.000542
22.654578 -0.001315
22.659579 -0.001830
22.664580 -0.002040
22.669581 -0.002269
22.674582 -0.002393
22.679583 -0.002527
22.684584 -0.002555
22.689585 -0.002632
22.694586 -0.002880
22.699587 -0.002918
22.704588 -0.003042
22.709589 -0.003376
22.714590 -0.003795
22.719591 -0.003853
22.724592 -0.004034
22.729593 -0.004187
22.734594 -0.004167
22.739595 -0.004301
22.744596 -0.004129
22.749597 -0.004234
22.754598 -0.004091
22.759599 -0.003767
22.764600 -0.003528
22.769601 -0.002965
22.774602 -0.002517
22.779603 -0.001773
22.784604 -0.000943
22.789605 -0.000437
22.794606 -0.000094
22.799607 0.000746
22.804608 0.001681
22.809609 0.002005
22.814610 0.002558
22.819611 0.003255
22.824612 0.003732
22.829613 0.003980
22.834614 0.003951
22.839615 0.004008
22.844616 0.003808
22.849617 0.003264
22.854618 0.002902
22.859619 0.002444
22.864620 0.001824
22.869621 0.001137
22.874622 0.000440
22.879623 0.000078
22.884624 -0.000409
22.889625 -0.000847
22.894626 -0.000943
22.899627 -0.001057
22.904628 -0.000819
22.909629 -0.000571
22.914630 -0.000304
22.919631 0.000202
22.924632 0.000565
22.929633 0.000879
22.934634 0.000965
22.939635 0.000899
22.944636 0.000927
22.949637 0.000822
22.954638 0.000412
22.959639 0.000278
22.964640 0.000278
22.969641 -0.000380
22.974642 -0.000819
22.979643 -0.001162
22.984644 -0.001801
22.989645 -0.002250
22.994646 -0.002765
22.999647 -0.002955
23.004648 -0.003099
23.009649 -0.003394
23.014650 -0.003261
23.019651 -0.003118
23.024652 -0.002879
23.029653 -0.002374
23.034654 -0.001906
23.039655 -0.001171
23.044656 -0.000475
23.049657 0.000202
23.054658 0.000975
23.059659 0.001595
23.064660 0.002272
23.069661 0.002912
23.074662 0.003389
23.079664 0.003684
23.084665 0.003923
23.089666 0.003980
23.094667 0.003675
23.099668 0.003179
23.104669 0.002883
23.109670 0.002397
23.114671 0.001567
23.119672 0.000880
23.124673 0.000288
23.129674 -0.000294
23.134675 -0.000923
23.139676 -0.001133
23.144677 -0.001209
23.149678 -0.001162
23.154679 -0.001038
23.159680 -0.001047
23.164681 -0.000647
23.169682 -0.000427
23.174683 -0.000179
23.179684 0.000260
23.184685 0.000441
23.189686 0.000660
23.194687 0.000746
23.199688 0.000746
23.204689 0.000899
23.209690 0.000966
23.214691 0.000880
23.219692 0.000660
23.224693 0.000355
23.229694 0.000183
23.234695 -0.000131
23.239696 -0.000418
23.244697 -0.000656
23.249698 -0.001143
23.254699 -0.001438
23.259700 -0.001562
23.264701 -0.001619
23.269702 -0.001667
23.274703 -0.001743
23.279704 -0.001619
23.284705 -0.001419
23.289706 -0.001352
23.294707 -0.001266
23.299708 -0.001114
23.304709 -0.001076
23.309710 -0.001047
23.314711 -0.001142
23.319712 -0.001200
23.324713 -0.001285
23.329714 -0.001409
23.334715 -0.001352
23.339716 -0.001533
23.344717 -0.001667
23.349718 -0.001514
23.354719 -0.001429
23.359720 -0.001028
23.364721 -0.000389
23.369722 0.000041
23.374723 0.000804
23.379724 0.001624
23.384725 0.002349
23.389726 0.002826
23.394727 0.002941
23.399728 0.003303
23.404729 0.003523
23.409730 0.003609
23.414731 0.003570
23.419732 0.003570
23.424733 0.003590
23.429734 0.003246
23.434735 0.002960
23.439736 0.002616
23.444737 0.002006
23.449738 0.001538
23.454739 0.001214
23.459740 0.000623
23.464741 0.000203
23.469742 -0.000226
23.474743 -0.000799
23.479744 -0.000961
23.484745 -0.001018
23.489746 -0.001161
23.494747 -0.001142
23.499748 -0.000703
23.504749 -0.000322
23.509750 -0.000083
23.514751 0.000193
23.519752 0.000604
23.524753 0.000957
23.529754 0.000966
23.534755 0.001186
23.539756 0.001329
23.544757 0.001281
23.549758 0.000957
23.554759 0.000556
23.559761 0.000298
23.564762 -0.000236
23.569763 -0.000741
23.574764 -0.001295
23.579765 -0.001667
23.584766 -0.001934
23.589767 -0.002458
23.594768 -0.002706
23.599769 -0.002869
23.604770 -0.003040
23.609771 -0.003126
23.614772 -0.003145
23.619773 -0.002821
23.624774 -0.002477
23.629775 -0.002411
23.634776 -0.002201
23.639777 -0.001705
23.644778 -0.001314
23.649779 -0.001228
23.654780 -0.000970
23.659781 -0.000512
23.664782 -0.000197
23.669783 -0.000159
23.674784 -0.000092
23.679785 0.000261
23.684786 0.000203
23.689787 -0.000321
23.694788 -0.000588
23.699789 -0.000875
23.704790 -0.001237
23.709791 -0.001504
23.714792 -0.001876
23.719793 -0.002019
23.724794 -0.002067
23.729795 -0.002239
23.734796 -0.002143
23.739797 -0.001895
23.744798 -0.001714
23.749799 -0.001409
23.754800 -0.001027
23.759801 -0.000331
23.764802 0.000366
23.769803 0.000671
23.774804 0.001444
23.779805 0.002130
23.784806 0.002512
23.789807 0.003037
23.794808 0.003161
23.799809 0.003189
23.804810 0.003113
23.809811 0.002856
23.814812 0.002627
23.819813 0.002321
23.824814 0.001902
23.829815 0.001348
23.834816 0.000938
23.839817 0.000785
23.844818 0.000633
23.849819 0.000461
23.854820 0.000366
23.859821 0.000623
23.864822 0.001014
23.869823 0.001091
23.874824 0.001329
23.879825 0.001387
23.884826 0.001520
23.889827 0.001759
23.894828 0.001616
23.899829 0.001577
23.904830 0.001291
23.909831 0.001053
23.914832 0.000566
23.919833 0.000251
23.924834 0.000185
23.929835 -0.000493
23.934836 -0.001075
23.939837 -0.001523
23.944838 -0.001399
23.949839 -0.001494
23.954840 -0.001952
23.959841 -0.001599
23.964842 -0.001323
23.969843 -0.001246
23.974844 -0.000989
23.979845 -0.000655
23.984846 -0.000187
23.989847 0.000137
23.994848 0.000480
23.999849 0.001349
24.004850 0.002026
24.009851 0.002226
24.014852 0.002713
24.019853 0.002942
24.024854 0.002885
24.029855 0.002913
24.034857 0.002570
24.039858 0.002388
24.044859 0.002083
24.049860 0.001644
24.054861 0.001234
24.059862 0.000585
24.064863 0.000004
24.069864 -0.000693
24.074865 -0.001246
24.079866 -0.001637
24.084867 -0.002076
24.089868 -0.002591
24.094869 -0.002982
24.099870 -0.003135
24.104871 -0.003164
24.109872 -0.002982
24.114873 -0.003049
24.119874 -0.002963
24.124875 -0.002687
24.129876 -0.002715
24.134877 -0.002667
24.139878 -0.002553
24.144879 -0.002429
24.149880 -0.002410
24.154881 -0.002543
24.159882 -0.002391
24.164883 -0.002229
24.169884 -0.002438
24.174885 -0.002715
24.179886 -0.002963
24.184887 -0.002868
24.189888 -0.002734
24.194889 -0.002830
24.199890 -0.002353
24.204891 -0.002057
24.209892 -0.001923
24.214893 -0.001465
24.219894 -0.001017
24.224895 -0.000235
24.229896 0.000290
24.234897 0.000719
24.239898 0.001559
24.244899 0.002188
24.249900 0.002551
24.254901 0.002904
24.259902 0.003247
24.264903 0.003715
24.269904 0.003858
24.274905 0.003629
24.279906 0.003600
24.284907 0.003314
24.289908 0.002952
24.294909 0.002494
24.299910 0.001921
24.304911 0.001597
24.309912 0.001435
24.314913 0.001168
24.319914 0.000576
24.324915 0.000405
24.329916 0.000252
24.334917 0.000052
24.339918 0.000185
24.344919 0.000243
24.349920 0.000204
24.354921 0.000185
24.359922 0.000290
24.364923 0.000395
24.369924 0.000500
24.374925 0.000605
24.379926 0.000825
24.384927 0.001235
24.389928 0.001426
24.394929 0.001416
24.399930 0.001674
24.404931 0.001807
24.409932 0.001702
24.414933 0.001712
24.419934 0.001836
24.424935 0.001912
24.429936 0.001798
24.434937 0.001511
24.439938 0.001015
24.444939 0.000643
24.449940 0.000100
24.454941 -0.000406
24.459942 -0.000702
24.464943 -0.001083
24.469944 -0.001284
24.474945 -0.001703
24.479946 -0.001913
24.484947 -0.001732
24.489948 -0.001684
24.494949 -0.001799
24.499950 -0.001608
24.504951 -0.001207
24.509953 -0.001217
24.514954 -0.000892
24.519955 -0.000282
24.524956 0.000033
24.529957 0.000205
24.534958 0.000205
24.539959 0.000281
24.544960 0.000577
24.549961 0.000605
24.554962 0.000577
24.559963 0.000739
24.564964 0.000796
24.569965 0.000768
24.574966 0.000863
24.579967 0.001111
24.584968 0.001073
24.589969 0.000892
24.594970 0.000949
24.599971 0.000787
24.604972 0.000472
24.609973 0.000338
24.614974 -0.000015
24.619975 -0.000406
24.624976 -0.000616
24.629977 -0.001207
24.634978 -0.001865
24.639979 -0.002190
24.644980 -0.002724
24.649981 -0.003134
24.654982 -0.003334
24.659983 -0.003487
24.664984 -0.003258
24.669985 -0.003172
24.674986 -0.003163
24.679987 -0.002781
24.684988 -0.002419
24.689989 -0.002142
24.694990 -0.001665
24.699991 -0.001341
24.704992 -0.000968
24.709993 -0.000615
24.714994 -0.000568
24.719995 -0.000282
24.724996 -0.000053
24.729997 0.000215
24.734998 0.000253
24.739999 0.000482
24.745000 0.000882
